t_s,scenario,prop,payload,x,y,z,vx,vy,vz,speed_ms,roll_deg,pitch_deg,yaw_deg,m0,m1,m2,m3,rpm_mean,thrust_total_n,thrust_per_motor_g,shaft_w,prop_elec_w,avionics_w,power_total_w,current_a,v_terminal,soc,energy_wh,endurance_remaining_min,px4_batt_v,nav_state,arming
0.052,hall_frame_check,9x4.5,pi5,0.016,0.008,0.019,0.017,0.010,-0.007,0.021,0.01,-0.07,94.82,0.0018,0.0002,0.0014,0.0006,1447,0.872,22.2,2.1,2.6,22.6,25.2,1.00,25.17,1.00000,0.000,287.95,nan,4,1
0.100,hall_frame_check,9x4.5,pi5,0.016,0.010,0.019,0.016,0.010,-0.008,0.021,0.01,-0.07,94.82,0.0013,0.0007,0.0016,0.0005,1447,0.872,22.2,2.1,2.6,22.6,25.2,1.00,25.17,1.00000,0.001,287.95,nan,4,1
0.152,hall_frame_check,9x4.5,pi5,0.016,0.011,0.018,0.016,0.011,-0.008,0.021,0.01,-0.07,94.82,0.0014,0.0006,0.0015,0.0005,1447,0.872,22.2,2.1,2.6,22.6,25.2,1.00,25.17,0.99999,0.001,287.95,nan,4,1
0.200,hall_frame_check,9x4.5,pi5,0.016,0.013,0.018,0.016,0.011,-0.008,0.020,0.02,-0.07,94.82,0.0017,0.0003,0.0012,0.0008,1447,0.872,22.2,2.1,2.6,22.6,25.2,1.00,25.17,0.99999,0.001,287.95,nan,4,1
0.252,hall_frame_check,9x4.5,pi5,0.016,0.013,0.018,0.015,0.011,-0.008,0.020,0.02,-0.07,94.82,0.0015,0.0005,0.0015,0.0004,1447,0.872,22.2,2.1,2.6,22.6,25.2,1.00,25.17,0.99999,0.002,287.95,nan,4,1
0.300,hall_frame_check,9x4.5,pi5,0.016,0.015,0.018,0.015,0.011,-0.008,0.020,0.02,-0.06,94.82,0.0014,0.0006,0.0012,0.0008,1447,0.872,22.2,2.1,2.6,22.6,25.2,1.00,25.17,0.99999,0.002,287.95,nan,4,1
0.352,hall_frame_check,9x4.5,pi5,0.016,0.015,0.018,0.014,0.010,-0.008,0.019,0.03,-0.06,94.81,0.0017,0.0003,0.0012,0.0008,1447,0.872,22.2,2.1,2.6,22.6,25.2,1.00,25.17,0.99998,0.002,287.95,nan,4,1
0.400,hall_frame_check,9x4.5,pi5,0.017,0.016,0.018,0.014,0.010,-0.007,0.019,0.03,-0.06,94.81,0.0014,0.0006,0.0014,0.0006,1447,0.872,22.2,2.1,2.6,22.6,25.2,1.00,25.17,0.99998,0.003,287.94,nan,4,1
0.452,hall_frame_check,9x4.5,pi5,0.017,0.017,0.018,0.014,0.009,-0.007,0.018,0.03,-0.05,94.81,0.0017,0.0004,0.0011,0.0008,1447,0.872,22.2,2.1,2.6,22.6,25.2,1.00,25.17,0.99998,0.003,287.95,nan,4,1
0.500,hall_frame_check,9x4.5,pi5,0.018,0.017,0.018,0.015,0.008,-0.007,0.019,0.03,-0.05,94.80,0.0016,0.0005,0.0009,0.0010,1447,0.872,22.2,2.1,2.6,22.6,25.2,1.00,25.17,0.99998,0.003,287.94,nan,4,1
0.552,hall_frame_check,9x4.5,pi5,0.018,0.017,0.018,0.015,0.008,-0.007,0.018,0.03,-0.04,94.79,0.0014,0.0006,0.0010,0.0010,1447,0.872,22.2,2.1,2.6,22.6,25.2,1.00,25.17,0.99997,0.004,287.94,nan,4,1
0.600,hall_frame_check,9x4.5,pi5,0.018,0.017,0.019,0.015,0.007,-0.007,0.018,0.03,-0.04,94.79,0.0013,0.0007,0.0011,0.0010,1447,0.872,22.2,2.1,2.6,22.6,25.2,1.00,25.17,0.99997,0.004,287.94,nan,4,1
0.652,hall_frame_check,9x4.5,pi5,0.018,0.017,0.019,0.015,0.007,-0.007,0.018,0.03,-0.04,94.79,0.0016,0.0005,0.0012,0.0007,1447,0.872,22.2,2.1,2.6,22.6,25.2,1.00,25.17,0.99997,0.005,287.94,25.20,4,1
0.700,hall_frame_check,9x4.5,pi5,0.019,0.018,0.019,0.015,0.006,-0.006,0.017,0.03,-0.03,94.78,0.0014,0.0007,0.0012,0.0008,1447,0.872,22.2,2.1,2.6,22.6,25.2,1.00,25.17,0.99997,0.005,287.94,25.20,4,1
0.752,hall_frame_check,9x4.5,pi5,0.019,0.018,0.019,0.014,0.005,-0.006,0.017,0.03,-0.03,94.78,0.0016,0.0005,0.0010,0.0008,1447,0.872,22.2,2.1,2.6,22.6,25.2,1.00,25.17,0.99997,0.005,287.94,25.20,4,1
0.800,hall_frame_check,9x4.5,pi5,0.019,0.017,0.020,0.014,0.004,-0.006,0.016,0.03,-0.03,94.78,0.0015,0.0006,0.0011,0.0008,1447,0.872,22.2,2.1,2.6,22.6,25.2,1.00,25.17,0.99996,0.006,287.94,25.20,4,1
0.852,hall_frame_check,9x4.5,pi5,0.019,0.017,0.020,0.014,0.004,-0.006,0.016,0.03,-0.03,94.78,0.0015,0.0006,0.0009,0.0010,1447,0.872,22.2,2.1,2.6,22.6,25.2,1.00,25.17,0.99996,0.006,287.93,25.20,4,1
0.900,hall_frame_check,9x4.5,pi5,0.019,0.017,0.020,0.014,0.003,-0.006,0.015,0.04,-0.03,94.78,0.0014,0.0007,0.0008,0.0011,1447,0.872,22.2,2.1,2.6,22.6,25.2,1.00,25.17,0.99996,0.006,287.94,25.20,4,1
0.952,hall_frame_check,9x4.5,pi5,0.018,0.017,0.021,0.014,0.002,-0.005,0.015,0.04,-0.03,94.78,0.0016,0.0004,0.0008,0.0012,1447,0.872,22.2,2.1,2.6,22.6,25.2,1.00,25.17,0.99996,0.007,287.93,25.20,4,1
1.000,hall_frame_check,9x4.5,pi5,0.018,0.017,0.022,0.014,0.001,-0.005,0.015,0.04,-0.02,94.77,0.0016,0.0005,0.0011,0.0009,1447,0.872,22.2,2.1,2.6,22.6,25.2,1.00,25.17,0.99995,0.007,287.94,25.20,4,1
1.052,hall_frame_check,9x4.5,pi5,0.018,0.016,0.022,0.014,0.001,-0.005,0.015,0.04,-0.03,94.77,0.0013,0.0007,0.0009,0.0011,1447,0.872,22.2,2.1,2.6,22.6,25.2,1.00,25.17,0.99995,0.007,287.93,25.20,4,1
1.100,hall_frame_check,9x4.5,pi5,0.018,0.016,0.023,0.013,0.000,-0.005,0.014,0.04,-0.03,94.77,0.0011,0.0009,0.0009,0.0012,1447,0.872,22.2,2.1,2.6,22.6,25.2,1.00,25.17,0.99995,0.008,287.93,25.20,4,1
1.152,hall_frame_check,9x4.5,pi5,0.017,0.016,0.023,0.013,-0.000,-0.005,0.014,0.04,-0.02,94.77,0.0012,0.0007,0.0008,0.0012,1447,0.872,22.2,2.1,2.6,22.6,25.2,1.00,25.17,0.99995,0.008,287.93,25.20,4,1
1.200,hall_frame_check,9x4.5,pi5,0.017,0.016,0.024,0.012,-0.001,-0.004,0.013,0.04,-0.02,94.77,0.0016,0.0004,0.0012,0.0008,1447,0.872,22.2,2.1,2.6,22.6,25.2,1.00,25.17,0.99994,0.008,287.93,25.20,4,1
1.252,hall_frame_check,9x4.5,pi5,0.016,0.015,0.024,0.012,-0.002,-0.004,0.013,0.05,-0.02,94.77,0.0012,0.0008,0.0008,0.0012,1447,0.872,22.2,2.1,2.6,22.6,25.2,1.00,25.17,0.99994,0.009,287.93,25.20,4,1
1.300,hall_frame_check,9x4.5,pi5,0.015,0.015,0.025,0.011,-0.003,-0.004,0.012,0.05,-0.02,94.77,0.0014,0.0006,0.0007,0.0013,1447,0.872,22.2,2.1,2.6,22.6,25.2,1.00,25.17,0.99994,0.009,287.93,25.20,4,1
1.352,hall_frame_check,9x4.5,pi5,0.014,0.014,0.025,0.010,-0.003,-0.004,0.011,0.05,-0.02,94.77,0.0016,0.0004,0.0006,0.0015,1447,0.872,22.2,2.1,2.6,22.6,25.2,1.00,25.17,0.99994,0.009,287.93,25.20,4,1
1.400,hall_frame_check,9x4.5,pi5,0.013,0.014,0.027,0.009,-0.004,-0.003,0.010,0.06,-0.02,94.77,0.0019,0.0001,0.0007,0.0014,1447,0.872,22.2,2.1,2.6,22.6,25.2,1.00,25.17,0.99994,0.010,287.92,25.20,4,1
1.452,hall_frame_check,9x4.5,pi5,0.012,0.013,0.027,0.009,-0.004,-0.003,0.010,0.06,-0.02,94.77,0.0017,0.0003,0.0005,0.0015,1447,0.872,22.2,2.1,2.6,22.6,25.2,1.00,25.17,0.99993,0.010,287.93,25.20,4,1
1.500,hall_frame_check,9x4.5,pi5,0.011,0.013,0.028,0.007,-0.004,-0.002,0.009,0.06,-0.02,94.77,0.0014,0.0005,0.0006,0.0014,1447,0.872,22.2,2.1,2.6,22.6,25.2,1.00,25.17,0.99993,0.010,287.92,25.20,4,1
1.548,hall_frame_check,9x4.5,pi5,0.009,0.012,0.029,0.006,-0.005,-0.002,0.008,0.07,-0.02,94.77,0.0014,0.0007,0.0007,0.0012,1447,0.872,22.2,2.1,2.6,22.6,25.2,1.00,25.17,0.99993,0.011,287.92,25.20,4,1
1.600,hall_frame_check,9x4.5,pi5,0.007,0.012,0.029,0.004,-0.005,-0.002,0.007,0.07,-0.02,94.77,0.0018,0.0003,0.0003,0.0017,1447,0.872,22.2,2.1,2.6,22.6,25.2,1.00,25.17,0.99993,0.011,287.92,25.20,4,1
1.652,hall_frame_check,9x4.5,pi5,0.006,0.012,0.029,0.003,-0.005,-0.002,0.006,0.08,-0.02,94.77,0.0020,0.0001,0.0009,0.0011,1447,0.872,22.2,2.1,2.6,22.6,25.2,1.00,25.17,0.99992,0.012,287.92,25.20,4,1
1.700,hall_frame_check,9x4.5,pi5,0.005,0.013,0.030,0.001,-0.004,-0.002,0.004,0.08,-0.03,94.78,0.0019,0.0000,0.0007,0.0014,1447,0.872,22.2,2.1,2.6,22.6,25.2,1.00,25.17,0.99992,0.012,287.92,25.20,4,1
1.752,hall_frame_check,9x4.5,pi5,0.004,0.013,0.030,0.000,-0.003,-0.002,0.004,0.08,-0.03,94.78,0.0020,0.0000,0.0007,0.0012,1447,0.872,22.2,2.1,2.6,22.6,25.2,1.00,25.17,0.99992,0.012,287.91,25.20,4,1
1.800,hall_frame_check,9x4.5,pi5,0.002,0.014,0.030,-0.001,-0.002,-0.002,0.003,0.08,-0.04,94.78,0.0019,0.0002,0.0005,0.0015,1447,0.872,22.2,2.1,2.6,22.6,25.2,1.00,25.17,0.99992,0.013,287.92,25.20,4,1
1.836,hall_frame_check,9x4.5,pi5,0.002,0.014,0.030,-0.002,-0.002,-0.002,0.003,0.08,-0.04,94.78,0.0020,0.0000,0.0009,0.0011,1447,0.872,22.2,2.1,2.6,22.6,25.2,1.00,25.17,0.99991,0.013,287.91,25.20,4,1
1.884,hall_frame_check,9x4.5,pi5,0.000,0.016,0.030,-0.003,-0.001,-0.002,0.003,0.09,-0.04,94.78,0.0020,0.0000,0.0009,0.0010,1447,0.872,22.2,2.1,2.6,22.6,25.2,1.00,25.17,0.99991,0.013,287.92,25.20,4,1
1.932,hall_frame_check,9x4.5,pi5,-0.000,0.016,0.030,-0.003,0.000,-0.001,0.004,0.09,-0.05,94.78,0.0020,0.0000,0.0008,0.0011,1447,0.872,22.2,2.1,2.6,22.6,25.2,1.00,25.17,0.99991,0.014,287.91,25.20,4,1
1.984,hall_frame_check,9x4.5,pi5,-0.001,0.017,0.031,-0.004,0.001,-0.001,0.004,0.08,-0.05,94.78,0.0021,0.0001,0.0006,0.0013,1447,0.872,22.2,2.1,2.6,22.6,25.2,1.00,25.17,0.99991,0.014,287.91,25.20,4,1
2.032,hall_frame_check,9x4.5,pi5,-0.001,0.018,0.031,-0.004,0.002,-0.001,0.005,0.08,-0.05,94.78,0.0020,0.0000,0.0011,0.0009,1089,0.658,16.8,1.6,1.9,22.6,24.5,0.98,25.17,0.99991,0.014,295.24,25.20,4,1
2.084,hall_frame_check,9x4.5,pi5,-0.002,0.019,0.032,-0.005,0.003,-0.001,0.005,0.08,-0.06,94.79,0.0020,0.0000,0.0011,0.0009,1089,0.658,16.8,1.6,1.9,22.6,24.5,0.98,25.17,0.99990,0.015,295.24,25.20,4,1
2.132,hall_frame_check,9x4.5,pi5,-0.002,0.020,0.032,-0.005,0.003,-0.001,0.006,0.08,-0.06,94.79,0.0020,0.0000,0.0008,0.0012,1089,0.658,16.8,1.6,1.9,22.6,24.5,0.98,25.17,0.99990,0.015,295.24,25.20,4,1
2.184,hall_frame_check,9x4.5,pi5,-0.003,0.021,0.033,-0.005,0.004,-0.000,0.007,0.08,-0.06,94.79,0.0020,0.0000,0.0009,0.0011,1447,0.872,22.2,2.1,2.6,22.6,25.2,1.00,25.17,0.99990,0.015,287.91,25.20,4,1
2.232,hall_frame_check,9x4.5,pi5,-0.003,0.021,0.033,-0.005,0.004,-0.000,0.007,0.08,-0.06,94.79,0.0020,0.0000,0.0011,0.0009,1447,0.872,22.2,2.1,2.6,22.6,25.2,1.00,25.17,0.99990,0.016,287.91,25.20,4,1
2.284,hall_frame_check,9x4.5,pi5,-0.003,0.022,0.034,-0.006,0.005,0.000,0.008,0.08,-0.06,94.79,0.0020,0.0000,0.0009,0.0010,1447,0.872,22.2,2.1,2.6,22.6,25.2,1.00,25.17,0.99989,0.016,287.91,25.20,4,1
2.332,hall_frame_check,9x4.5,pi5,-0.004,0.023,0.035,-0.006,0.006,0.001,0.008,0.08,-0.06,94.79,0.0021,0.0001,0.0009,0.0010,1447,0.872,22.2,2.1,2.6,22.6,25.2,1.00,25.17,0.99989,0.016,287.91,25.20,4,1
2.384,hall_frame_check,9x4.5,pi5,-0.004,0.024,0.036,-0.005,0.006,0.001,0.008,0.08,-0.06,94.79,0.0020,0.0000,0.0011,0.0009,1447,0.872,22.2,2.1,2.6,22.6,25.2,1.00,25.17,0.99989,0.017,287.91,25.20,4,1
2.432,hall_frame_check,9x4.5,pi5,-0.003,0.024,0.036,-0.005,0.007,0.001,0.008,0.08,-0.06,94.79,0.0020,0.0000,0.0009,0.0011,1089,0.658,16.8,1.6,1.9,22.6,24.5,0.98,25.17,0.99989,0.017,295.23,25.20,4,1
2.484,hall_frame_check,9x4.5,pi5,-0.003,0.025,0.037,-0.004,0.008,0.002,0.009,0.08,-0.06,94.79,0.0020,0.0000,0.0006,0.0014,1447,0.872,22.2,2.1,2.6,22.6,25.2,1.00,25.17,0.99989,0.017,287.90,25.20,4,1
2.532,hall_frame_check,9x4.5,pi5,-0.002,0.026,0.038,-0.003,0.008,0.002,0.009,0.07,-0.06,94.79,0.0020,0.0001,0.0012,0.0008,1447,0.872,22.2,2.1,2.6,22.6,25.2,1.00,25.17,0.99988,0.018,287.90,25.20,4,1
2.584,hall_frame_check,9x4.5,pi5,-0.001,0.027,0.039,-0.002,0.009,0.002,0.009,0.07,-0.06,94.79,0.0020,0.0000,0.0008,0.0012,1447,0.872,22.2,2.1,2.6,22.6,25.2,1.00,25.17,0.99988,0.018,287.90,25.20,4,1
2.632,hall_frame_check,9x4.5,pi5,0.000,0.028,0.039,-0.001,0.010,0.002,0.010,0.06,-0.06,94.79,0.0020,0.0000,0.0011,0.0009,1089,0.658,16.8,1.6,1.9,22.6,24.5,0.98,25.17,0.99988,0.018,295.23,25.20,4,1
2.684,hall_frame_check,9x4.5,pi5,0.002,0.029,0.040,0.001,0.011,0.003,0.011,0.06,-0.06,94.79,0.0016,0.0005,0.0011,0.0008,1447,0.872,22.2,2.1,2.6,22.6,25.2,1.00,25.17,0.99988,0.019,287.90,25.20,4,1
2.732,hall_frame_check,9x4.5,pi5,0.003,0.030,0.040,0.002,0.011,0.003,0.012,0.05,-0.06,94.79,0.0018,0.0003,0.0010,0.0009,1447,0.872,22.2,2.1,2.6,22.6,25.2,1.00,25.17,0.99987,0.019,287.90,25.20,4,1
2.784,hall_frame_check,9x4.5,pi5,0.005,0.031,0.041,0.004,0.012,0.003,0.013,0.05,-0.07,94.79,0.0017,0.0002,0.0012,0.0009,1447,0.872,22.2,2.1,2.6,22.6,25.2,1.00,25.17,0.99987,0.019,287.90,25.20,4,1
2.832,hall_frame_check,9x4.5,pi5,0.007,0.032,0.042,0.005,0.012,0.004,0.013,0.04,-0.06,94.79,0.0020,0.0000,0.0011,0.0009,1089,0.658,16.8,1.6,1.9,22.6,24.5,0.98,25.17,0.99987,0.020,295.22,25.20,4,1
2.884,hall_frame_check,9x4.5,pi5,0.009,0.032,0.043,0.006,0.012,0.004,0.014,0.04,-0.06,94.79,0.0020,0.0001,0.0013,0.0006,1447,0.872,22.2,2.1,2.6,22.6,25.2,1.00,25.17,0.99987,0.020,287.89,25.20,4,1
2.932,hall_frame_check,9x4.5,pi5,0.010,0.033,0.043,0.008,0.012,0.004,0.015,0.04,-0.06,94.79,0.0020,0.0001,0.0012,0.0007,1447,0.872,22.2,2.1,2.6,22.6,25.2,1.00,25.17,0.99986,0.020,287.89,25.20,4,1
2.984,hall_frame_check,9x4.5,pi5,0.013,0.033,0.044,0.009,0.012,0.004,0.016,0.03,-0.06,94.79,0.0016,0.0005,0.0012,0.0007,1447,0.872,22.2,2.1,2.6,22.6,25.2,1.00,25.17,0.99986,0.021,287.89,25.20,4,1
3.032,hall_frame_check,9x4.5,pi5,0.014,0.033,0.045,0.011,0.012,0.004,0.017,0.03,-0.06,94.79,0.0014,0.0007,0.0012,0.0007,1447,0.872,22.2,2.1,2.6,22.6,25.2,1.00,25.17,0.99986,0.021,287.89,25.20,4,1
3.084,hall_frame_check,9x4.5,pi5,0.017,0.033,0.045,0.013,0.012,0.004,0.018,0.03,-0.06,94.80,0.0018,0.0002,0.0012,0.0008,1447,0.872,22.2,2.1,2.6,22.6,25.2,1.00,25.17,0.99986,0.022,287.89,25.20,4,1
3.132,hall_frame_check,9x4.5,pi5,0.019,0.033,0.046,0.014,0.012,0.004,0.019,0.02,-0.05,94.80,0.0016,0.0004,0.0015,0.0005,1447,0.872,22.2,2.1,2.6,22.6,25.2,1.00,25.17,0.99986,0.022,287.89,25.20,4,1
3.184,hall_frame_check,9x4.5,pi5,0.022,0.033,0.046,0.016,0.011,0.004,0.020,0.02,-0.05,94.80,0.0013,0.0007,0.0012,0.0008,1447,0.872,22.2,2.1,2.6,22.6,25.2,1.00,25.17,0.99985,0.022,287.89,25.20,4,1
3.232,hall_frame_check,9x4.5,pi5,0.024,0.032,0.046,0.018,0.011,0.004,0.021,0.02,-0.05,94.80,0.0017,0.0004,0.0014,0.0006,1447,0.872,22.2,2.1,2.6,22.6,25.2,1.00,25.17,0.99985,0.023,287.89,25.20,4,1
3.284,hall_frame_check,9x4.5,pi5,0.027,0.032,0.047,0.019,0.010,0.005,0.022,0.01,-0.05,94.80,0.0018,0.0002,0.0012,0.0008,1447,0.872,22.2,2.1,2.6,22.6,25.2,1.00,25.17,0.99985,0.023,287.89,25.20,4,1
3.332,hall_frame_check,9x4.5,pi5,0.029,0.031,0.047,0.020,0.010,0.005,0.023,0.01,-0.05,94.80,0.0015,0.0006,0.0013,0.0006,1447,0.872,22.2,2.1,2.6,22.6,25.2,1.00,25.17,0.99985,0.023,287.89,25.20,4,1
3.384,hall_frame_check,9x4.5,pi5,0.031,0.031,0.048,0.022,0.010,0.005,0.024,0.01,-0.05,94.80,0.0013,0.0007,0.0014,0.0006,1447,0.872,22.2,2.1,2.6,22.6,25.2,1.00,25.17,0.99984,0.024,287.89,25.20,4,1
3.432,hall_frame_check,9x4.5,pi5,0.033,0.031,0.048,0.022,0.010,0.005,0.025,0.01,-0.05,94.80,0.0016,0.0005,0.0012,0.0008,1447,0.872,22.2,2.1,2.6,22.6,25.2,1.00,25.17,0.99984,0.024,287.88,25.20,4,1
3.484,hall_frame_check,9x4.5,pi5,0.034,0.030,0.049,0.023,0.009,0.005,0.025,0.01,-0.04,94.80,0.0013,0.0007,0.0015,0.0005,1447,0.872,22.2,2.1,2.6,22.6,25.2,1.00,25.17,0.99984,0.024,287.88,25.20,4,1
3.532,hall_frame_check,9x4.5,pi5,0.035,0.029,0.050,0.022,0.009,0.005,0.025,0.01,-0.04,94.80,0.0015,0.0005,0.0010,0.0010,1447,0.872,22.2,2.1,2.6,22.6,25.2,1.00,25.17,0.99984,0.025,287.88,25.20,4,1
3.584,hall_frame_check,9x4.5,pi5,0.036,0.029,0.051,0.022,0.008,0.005,0.024,0.02,-0.05,94.79,0.0016,0.0005,0.0012,0.0008,1447,0.872,22.2,2.1,2.6,22.6,25.2,1.00,25.17,0.99983,0.025,287.88,25.20,4,1
3.632,hall_frame_check,9x4.5,pi5,0.036,0.028,0.052,0.021,0.008,0.006,0.023,0.02,-0.05,94.79,0.0016,0.0004,0.0010,0.0010,1447,0.872,22.2,2.1,2.6,22.6,25.2,1.00,25.17,0.99983,0.025,287.88,25.20,4,1
3.684,hall_frame_check,9x4.5,pi5,0.036,0.027,0.053,0.020,0.008,0.006,0.022,0.03,-0.05,94.79,0.0017,0.0004,0.0015,0.0004,1447,0.872,22.2,2.1,2.6,22.6,25.2,1.00,25.17,0.99983,0.026,287.88,25.20,4,1
3.732,hall_frame_check,9x4.5,pi5,0.035,0.026,0.054,0.019,0.007,0.006,0.021,0.03,-0.05,94.79,0.0016,0.0005,0.0011,0.0008,1447,0.872,22.2,2.1,2.6,22.6,25.2,1.00,25.17,0.99983,0.026,287.87,25.20,4,1
3.784,hall_frame_check,9x4.5,pi5,0.034,0.025,0.055,0.017,0.007,0.007,0.020,0.04,-0.05,94.79,0.0015,0.0006,0.0011,0.0009,1447,0.872,22.2,2.1,2.6,22.6,25.2,1.00,25.17,0.99983,0.026,287.87,25.20,4,1
3.832,hall_frame_check,9x4.5,pi5,0.033,0.025,0.056,0.016,0.006,0.007,0.018,0.05,-0.05,94.78,0.0016,0.0005,0.0010,0.0010,1447,0.872,22.2,2.1,2.6,22.6,25.2,1.00,25.17,0.99982,0.027,287.87,25.20,4,1
3.884,hall_frame_check,9x4.5,pi5,0.031,0.024,0.056,0.013,0.006,0.007,0.016,0.05,-0.05,94.78,0.0017,0.0004,0.0009,0.0010,1447,0.872,22.2,2.1,2.6,22.6,25.2,1.00,25.17,0.99982,0.027,287.87,25.20,4,1
3.932,hall_frame_check,9x4.5,pi5,0.030,0.023,0.057,0.012,0.006,0.007,0.015,0.06,-0.05,94.78,0.0020,0.0000,0.0010,0.0009,1447,0.872,22.2,2.1,2.6,22.6,25.2,1.00,25.17,0.99982,0.027,287.87,25.20,4,1
3.984,hall_frame_check,9x4.5,pi5,0.028,0.023,0.057,0.010,0.006,0.007,0.013,0.06,-0.05,94.78,0.0019,0.0002,0.0007,0.0013,1447,0.872,22.2,2.1,2.6,22.6,25.2,1.00,25.17,0.99982,0.028,287.87,25.20,4,1
4.032,hall_frame_check,9x4.5,pi5,0.027,0.022,0.057,0.008,0.005,0.007,0.012,0.07,-0.05,94.78,0.0019,0.0001,0.0010,0.0010,1447,0.872,22.2,2.1,2.6,22.6,25.2,1.00,25.17,0.99981,0.028,287.87,25.20,4,1
4.084,hall_frame_check,9x4.5,pi5,0.024,0.022,0.057,0.006,0.005,0.007,0.011,0.07,-0.05,94.78,0.0018,0.0001,0.0007,0.0013,1447,0.872,22.2,2.1,2.6,22.6,25.2,1.00,25.17,0.99981,0.029,287.87,25.20,4,1
4.132,hall_frame_check,9x4.5,pi5,0.022,0.021,0.057,0.004,0.005,0.007,0.010,0.07,-0.06,94.77,0.0019,0.0000,0.0006,0.0014,1447,0.872,22.2,2.1,2.6,22.6,25.2,1.00,25.17,0.99981,0.029,287.87,25.20,4,1
4.184,hall_frame_check,9x4.5,pi5,0.020,0.022,0.058,0.002,0.006,0.007,0.009,0.08,-0.06,94.77,0.0017,0.0002,0.0012,0.0010,1447,0.872,22.2,2.1,2.6,22.6,25.2,1.00,25.17,0.99981,0.029,287.87,25.20,4,1
4.232,hall_frame_check,9x4.5,pi5,0.018,0.022,0.058,0.001,0.006,0.007,0.009,0.08,-0.06,94.77,0.0019,0.0001,0.0006,0.0014,1447,0.872,22.2,2.1,2.6,22.6,25.2,1.00,25.17,0.99980,0.030,287.87,25.20,4,1
4.284,hall_frame_check,9x4.5,pi5,0.016,0.023,0.058,-0.001,0.007,0.007,0.010,0.08,-0.06,94.77,0.0019,0.0001,0.0006,0.0013,1447,0.872,22.2,2.1,2.6,22.6,25.2,1.00,25.17,0.99980,0.030,287.86,25.20,4,1
4.332,hall_frame_check,9x4.5,pi5,0.014,0.023,0.058,-0.002,0.008,0.007,0.011,0.08,-0.07,94.77,0.0021,0.0001,0.0010,0.0008,1447,0.872,22.2,2.1,2.6,22.6,25.2,1.00,25.17,0.99980,0.030,287.86,25.20,4,1
4.384,hall_frame_check,9x4.5,pi5,0.012,0.024,0.058,-0.004,0.009,0.007,0.012,0.08,-0.07,94.77,0.0020,0.0000,0.0010,0.0010,1447,0.872,22.2,2.1,2.6,22.6,25.2,1.00,25.17,0.99980,0.031,287.86,25.20,14,2
4.432,hall_frame_check,9x4.5,pi5,0.010,0.024,0.058,-0.005,0.009,0.007,0.012,0.08,-0.07,94.77,0.0020,0.0000,0.0018,0.0002,1447,0.872,22.2,2.1,2.6,22.6,25.2,1.00,25.17,0.99980,0.031,287.86,25.20,14,2
4.484,hall_frame_check,9x4.5,pi5,0.008,0.025,0.058,-0.006,0.009,0.006,0.013,0.09,-0.07,94.77,0.0020,0.0000,0.0011,0.0009,1447,0.872,22.2,2.1,2.6,22.6,25.2,1.00,25.17,0.99979,0.031,287.86,25.20,14,2
4.532,hall_frame_check,9x4.5,pi5,0.006,0.024,0.058,-0.007,0.009,0.006,0.013,0.09,-0.07,94.77,0.0020,0.0000,0.0010,0.0010,1447,0.872,22.2,2.1,2.6,22.6,25.2,1.00,25.17,0.99979,0.032,287.86,25.20,14,2
4.584,hall_frame_check,9x4.5,pi5,0.005,0.024,0.058,-0.008,0.008,0.006,0.013,0.09,-0.07,94.77,0.0019,0.0001,0.0008,0.0011,1447,0.872,22.2,2.1,2.6,22.6,25.2,1.00,25.17,0.99979,0.032,287.86,25.20,14,2
4.636,hall_frame_check,9x4.5,pi5,0.003,0.024,0.058,-0.009,0.008,0.006,0.013,0.09,-0.07,94.77,0.0020,0.0000,0.0013,0.0007,1089,0.658,16.8,1.6,1.9,22.6,24.5,0.98,25.17,0.99979,0.032,295.18,25.20,14,2
4.684,hall_frame_check,9x4.5,pi5,0.002,0.023,0.058,-0.009,0.007,0.006,0.013,0.09,-0.06,94.78,0.0019,0.0000,0.0008,0.0013,1447,0.872,22.2,2.1,2.6,22.6,25.2,1.00,25.17,0.99978,0.033,287.86,25.20,14,2
4.732,hall_frame_check,9x4.5,pi5,0.001,0.022,0.058,-0.009,0.006,0.006,0.013,0.09,-0.06,94.78,0.0018,0.0002,0.0011,0.0010,1447,0.872,22.2,2.1,2.6,22.6,25.2,1.00,25.17,0.99978,0.033,287.86,25.20,14,2
4.784,hall_frame_check,9x4.5,pi5,-0.000,0.022,0.059,-0.010,0.005,0.006,0.013,0.09,-0.06,94.78,0.0020,0.0000,0.0004,0.0016,1089,0.658,16.8,1.6,2.0,22.6,24.6,0.98,25.17,0.99978,0.033,295.18,25.20,14,2
4.832,hall_frame_check,9x4.5,pi5,-0.001,0.021,0.059,-0.010,0.005,0.006,0.012,0.09,-0.06,94.78,0.0020,0.0000,0.0005,0.0015,1089,0.658,16.8,1.6,1.9,22.6,24.5,0.98,25.17,0.99978,0.034,295.18,25.20,14,2
4.884,hall_frame_check,9x4.5,pi5,-0.001,0.021,0.059,-0.010,0.004,0.006,0.012,0.09,-0.05,94.79,0.0017,0.0002,0.0007,0.0013,1447,0.872,22.2,2.1,2.6,22.6,25.2,1.00,25.17,0.99977,0.034,287.85,25.20,14,2
4.932,hall_frame_check,9x4.5,pi5,-0.002,0.021,0.059,-0.010,0.004,0.006,0.012,0.09,-0.05,94.79,0.0019,0.0000,0.0007,0.0013,1447,0.872,22.2,2.1,2.6,22.6,25.2,1.00,25.17,0.99977,0.034,287.85,25.20,14,2
4.984,hall_frame_check,9x4.5,pi5,-0.002,0.021,0.059,-0.009,0.004,0.006,0.012,0.09,-0.05,94.79,0.0020,0.0000,0.0006,0.0014,1089,0.658,16.8,1.6,1.9,22.6,24.5,0.98,25.17,0.99977,0.035,295.18,25.20,14,2
5.032,hall_frame_check,9x4.5,pi5,-0.002,0.021,0.059,-0.009,0.004,0.006,0.012,0.09,-0.05,94.79,0.0020,0.0000,0.0006,0.0014,1447,0.872,22.2,2.1,2.6,22.6,25.2,1.00,25.17,0.99977,0.035,287.85,25.20,14,2
5.084,hall_frame_check,9x4.5,pi5,-0.002,0.021,0.059,-0.009,0.004,0.007,0.012,0.08,-0.05,94.79,0.0020,0.0000,0.0009,0.0010,1447,0.872,22.2,2.1,2.6,22.6,25.2,1.00,25.17,0.99977,0.035,287.85,25.20,14,2
5.132,hall_frame_check,9x4.5,pi5,-0.002,0.021,0.059,-0.009,0.004,0.007,0.012,0.08,-0.05,94.79,0.0019,0.0001,0.0007,0.0013,1447,0.872,22.2,2.1,2.6,22.6,25.2,1.00,25.17,0.99976,0.036,287.84,25.20,14,2
5.184,hall_frame_check,9x4.5,pi5,-0.003,0.021,0.059,-0.009,0.005,0.007,0.012,0.08,-0.06,94.79,0.0020,0.0000,0.0006,0.0014,1447,0.872,22.2,2.1,2.6,22.6,25.2,1.00,25.17,0.99976,0.036,287.84,25.20,14,2
5.232,hall_frame_check,9x4.5,pi5,-0.003,0.022,0.059,-0.009,0.005,0.007,0.012,0.08,-0.06,94.79,0.0020,0.0000,0.0010,0.0010,1089,0.658,16.8,1.6,1.9,22.6,24.5,0.98,25.17,0.99976,0.036,295.17,25.20,14,2
5.284,hall_frame_check,9x4.5,pi5,-0.003,0.023,0.059,-0.009,0.006,0.007,0.013,0.08,-0.06,94.78,0.0020,0.0000,0.0011,0.0008,1447,0.872,22.2,2.1,2.6,22.6,25.2,1.00,25.17,0.99976,0.037,287.84,25.20,14,2
5.332,hall_frame_check,9x4.5,pi5,-0.004,0.023,0.059,-0.009,0.007,0.007,0.013,0.08,-0.06,94.78,0.0019,0.0002,0.0007,0.0013,1447,0.872,22.2,2.1,2.6,22.6,25.2,1.00,25.17,0.99975,0.037,287.84,25.20,14,2
5.384,hall_frame_check,9x4.5,pi5,-0.005,0.025,0.059,-0.009,0.008,0.007,0.014,0.08,-0.06,94.78,0.0021,0.0001,0.0006,0.0012,1447,0.872,22.2,2.1,2.6,22.6,25.2,1.00,25.17,0.99975,0.038,287.83,25.20,14,2
5.432,hall_frame_check,9x4.5,pi5,-0.005,0.025,0.059,-0.010,0.008,0.007,0.014,0.08,-0.07,94.77,0.0020,0.0000,0.0012,0.0008,1447,0.872,22.2,2.1,2.6,22.6,25.2,1.00,25.17,0.99975,0.038,287.84,25.20,14,2
5.484,hall_frame_check,9x4.5,pi5,-0.006,0.027,0.059,-0.010,0.009,0.007,0.015,0.08,-0.07,94.77,0.0054,0.0000,0.0046,0.0008,1114,0.689,17.6,1.7,2.1,22.6,24.7,0.98,25.17,0.99975,0.038,293.50,25.20,14,2
5.536,hall_frame_check,9x4.5,pi5,-0.006,0.027,0.059,-0.010,0.010,0.007,0.015,0.08,-0.07,94.77,0.0048,0.0000,0.0048,0.0000,751,0.470,12.0,1.2,1.4,22.6,24.0,0.96,25.17,0.99974,0.039,301.44,25.20,14,2
5.584,hall_frame_check,9x4.5,pi5,-0.006,0.028,0.060,-0.009,0.010,0.007,0.016,0.08,-0.07,94.77,0.0048,0.0000,0.0048,0.0000,751,0.469,12.0,1.2,1.4,22.6,24.0,0.96,25.17,0.99974,0.039,301.45,25.20,14,2
5.632,hall_frame_check,9x4.5,pi5,-0.006,0.029,0.060,-0.009,0.010,0.008,0.016,0.07,-0.07,94.77,0.0054,0.0000,0.0054,0.0000,755,0.475,12.1,1.2,1.5,22.6,24.1,0.96,25.17,0.99974,0.039,301.13,25.20,14,2
5.684,hall_frame_check,9x4.5,pi5,-0.006,0.030,0.061,-0.009,0.011,0.008,0.016,0.07,-0.07,94.77,0.0064,0.0000,0.0064,0.0000,762,0.484,12.3,1.2,1.5,22.6,24.1,0.96,25.17,0.99974,0.040,300.60,25.19,14,2
5.732,hall_frame_check,9x4.5,pi5,-0.005,0.030,0.061,-0.008,0.011,0.008,0.016,0.07,-0.07,94.77,0.0079,0.0000,0.0070,0.0009,1131,0.711,18.1,1.8,2.2,22.6,24.8,0.99,25.17,0.99974,0.040,292.25,25.19,14,2
5.784,hall_frame_check,9x4.5,pi5,-0.005,0.031,0.062,-0.007,0.011,0.009,0.016,0.07,-0.07,94.78,0.0091,0.0000,0.0083,0.0030,1149,0.733,18.7,1.8,2.3,22.6,24.9,0.99,25.17,0.99973,0.040,291.08,25.19,14,2
5.832,hall_frame_check,9x4.5,pi5,-0.005,0.032,0.062,-0.007,0.012,0.009,0.016,0.07,-0.07,94.78,0.0094,0.0000,0.0107,0.0055,1167,0.756,19.3,1.9,2.4,22.6,25.0,0.99,25.17,0.99973,0.041,289.79,25.19,14,2
5.884,hall_frame_check,9x4.5,pi5,-0.004,0.032,0.063,-0.006,0.011,0.009,0.016,0.07,-0.07,94.78,0.0085,0.0000,0.0144,0.0090,1190,0.786,20.0,2.0,2.5,22.6,25.1,1.00,25.17,0.99973,0.041,288.12,25.19,14,2
5.932,hall_frame_check,9x4.5,pi5,-0.003,0.032,0.064,-0.005,0.011,0.009,0.015,0.07,-0.07,94.78,0.0083,0.0000,0.0179,0.0130,1216,0.822,21.0,2.2,2.7,22.6,25.3,1.01,25.17,0.99973,0.041,286.08,25.19,14,2
5.984,hall_frame_check,9x4.5,pi5,-0.002,0.032,0.064,-0.004,0.010,0.010,0.015,0.07,-0.06,94.79,0.0078,0.0000,0.0232,0.0179,1251,0.872,22.2,2.4,3.0,22.6,25.6,1.02,25.17,0.99972,0.042,283.17,25.19,14,2
6.032,hall_frame_check,9x4.5,pi5,-0.002,0.032,0.065,-0.004,0.010,0.010,0.014,0.07,-0.06,94.79,0.0078,0.0000,0.0276,0.0227,1285,0.921,23.5,2.6,3.3,22.6,25.9,1.03,25.17,0.99972,0.042,280.25,25.19,14,2
6.084,hall_frame_check,9x4.5,pi5,-0.001,0.031,0.065,-0.003,0.009,0.010,0.013,0.06,-0.06,94.80,0.0069,0.0000,0.0330,0.0286,1322,0.979,25.0,2.9,3.6,22.6,26.2,1.04,25.17,0.99972,0.042,276.72,25.19,14,2
6.132,hall_frame_check,9x4.5,pi5,-0.000,0.030,0.065,-0.003,0.008,0.010,0.013,0.06,-0.05,94.80,0.0066,0.0000,0.0387,0.0343,1363,1.044,26.6,3.2,4.0,22.6,26.6,1.06,25.17,0.99972,0.043,272.72,25.19,14,2
6.184,hall_frame_check,9x4.5,pi5,0.000,0.030,0.065,-0.002,0.007,0.010,0.012,0.06,-0.05,94.81,0.0059,0.0000,0.0464,0.0416,1415,1.132,28.9,3.6,4.5,22.6,27.1,1.08,25.17,0.99971,0.043,267.19,25.19,14,2
6.232,hall_frame_check,9x4.5,pi5,0.000,0.029,0.065,-0.002,0.006,0.009,0.011,0.06,-0.05,94.81,0.0059,0.0000,0.0525,0.0486,1462,1.216,31.0,4.0,5.1,22.6,27.7,1.10,25.16,0.99971,0.044,261.93,25.19,14,2
6.284,hall_frame_check,9x4.5,pi5,0.000,0.028,0.064,-0.002,0.005,0.009,0.010,0.07,-0.05,94.81,0.0056,0.0000,0.0597,0.0558,1514,1.311,33.4,4.6,5.7,22.6,28.3,1.12,25.16,0.99971,0.044,255.91,25.19,14,2
6.332,hall_frame_check,9x4.5,pi5,0.000,0.028,0.064,-0.002,0.004,0.009,0.010,0.07,-0.05,94.81,0.0062,0.0000,0.0669,0.0632,1568,1.416,36.1,5.2,6.4,22.6,29.0,1.15,25.16,0.99971,0.044,249.40,25.19,14,2
6.384,hall_frame_check,9x4.5,pi5,0.000,0.027,0.063,-0.002,0.003,0.008,0.009,0.07,-0.04,94.81,0.0053,0.0000,0.0765,0.0734,1637,1.558,39.7,6.0,7.5,22.6,30.1,1.20,25.16,0.99970,0.045,240.48,25.19,14,2
6.432,hall_frame_check,9x4.5,pi5,0.000,0.026,0.063,-0.002,0.002,0.008,0.008,0.07,-0.04,94.81,0.0050,0.0000,0.0854,0.0821,1699,1.693,43.2,6.9,8.6,22.6,31.2,1.24,25.16,0.99970,0.045,232.17,25.19,14,2
6.484,hall_frame_check,9x4.5,pi5,-0.000,0.025,0.062,-0.002,0.001,0.007,0.008,0.07,-0.04,94.82,0.0046,0.0000,0.0947,0.0916,1766,1.845,47.0,7.9,9.9,22.6,32.5,1.29,25.16,0.99970,0.046,223.09,25.19,14,2
6.532,hall_frame_check,9x4.5,pi5,-0.000,0.024,0.062,-0.002,0.000,0.007,0.007,0.07,-0.04,94.82,0.0074,0.0036,0.1004,0.0988,2194,2.197,56.0,9.3,11.6,22.6,34.2,1.36,25.16,0.99969,0.046,211.92,25.19,14,2
6.584,hall_frame_check,9x4.5,pi5,-0.000,0.023,0.061,-0.002,-0.000,0.007,0.007,0.07,-0.04,94.82,0.0133,0.0095,0.1064,0.1048,2280,2.358,60.1,10.2,12.8,22.6,35.4,1.41,25.16,0.99969,0.047,204.68,25.19,14,2
6.632,hall_frame_check,9x4.5,pi5,-0.000,0.022,0.061,-0.001,-0.001,0.006,0.007,0.07,-0.04,94.82,0.0183,0.0152,0.1119,0.1100,2358,2.509,64.0,11.2,13.9,22.6,36.5,1.45,25.15,0.99969,0.047,198.16,25.19,14,2
6.684,hall_frame_check,9x4.5,pi5,-0.000,0.021,0.061,-0.001,-0.002,0.006,0.007,0.06,-0.04,94.83,0.0243,0.0205,0.1173,0.1159,2440,2.672,68.1,12.2,15.2,22.6,37.8,1.50,25.15,0.99968,0.048,191.34,25.19,14,2
6.732,hall_frame_check,9x4.5,pi5,0.000,0.021,0.061,-0.001,-0.002,0.006,0.007,0.06,-0.04,94.83,0.0297,0.0268,0.1234,0.1216,2525,2.849,72.6,13.4,16.7,22.6,39.3,1.56,25.15,0.99968,0.048,184.29,25.19,14,2
6.784,hall_frame_check,9x4.5,pi5,0.000,0.020,0.061,-0.000,-0.003,0.006,0.006,0.06,-0.03,94.83,0.0365,0.0344,0.1307,0.1288,2630,3.073,78.3,14.9,18.6,22.6,41.2,1.64,25.15,0.99968,0.049,175.79,25.19,14,2
6.832,hall_frame_check,9x4.5,pi5,0.001,0.019,0.061,0.000,-0.003,0.006,0.007,0.06,-0.03,94.83,0.0431,0.0407,0.1369,0.1357,2724,3.283,83.7,16.3,20.4,22.6,43.0,1.71,25.15,0.99967,0.049,168.29,25.19,14,2
6.884,hall_frame_check,9x4.5,pi5,0.001,0.018,0.061,0.001,-0.004,0.006,0.007,0.06,-0.03,94.83,0.0495,0.0476,0.1438,0.1423,2821,3.509,89.4,18.0,22.5,22.6,45.1,1.79,25.14,0.99967,0.050,160.67,25.19,14,2
6.932,hall_frame_check,9x4.5,pi5,0.001,0.017,0.062,0.001,-0.004,0.006,0.007,0.06,-0.03,94.84,0.0560,0.0551,0.1511,0.1491,2923,3.752,95.7,19.8,24.7,22.6,47.3,1.88,25.14,0.99966,0.051,152.95,25.19,14,2
6.984,hall_frame_check,9x4.5,pi5,0.002,0.016,0.063,0.001,-0.004,0.006,0.008,0.06,-0.03,94.84,0.0652,0.0629,0.1590,0.1581,3046,4.058,103.4,22.1,27.7,22.6,50.3,2.00,25.14,0.99966,0.051,143.98,25.19,14,2
7.032,hall_frame_check,9x4.5,pi5,0.002,0.016,0.064,0.001,-0.004,0.007,0.008,0.06,-0.03,94.84,0.0723,0.0709,0.1666,0.1656,3155,4.340,110.6,24.4,30.5,22.6,53.1,2.11,25.13,0.99966,0.052,136.34,25.19,14,2
7.084,hall_frame_check,9x4.5,pi5,0.002,0.016,0.065,0.001,-0.004,0.007,0.008,0.06,-0.03,94.83,0.0803,0.0786,0.1745,0.1734,3269,4.644,118.4,26.9,33.6,22.6,56.2,2.24,25.13,0.99965,0.053,128.75,25.19,14,2
7.132,hall_frame_check,9x4.5,pi5,0.001,0.016,0.065,0.001,-0.004,0.007,0.008,0.06,-0.04,94.83,0.0885,0.0866,0.1827,0.1814,3386,4.969,126.7,29.6,37.0,22.6,59.6,2.37,25.13,0.99964,0.054,121.29,25.19,14,2
7.184,hall_frame_check,9x4.5,pi5,0.001,0.016,0.066,0.000,-0.003,0.007,0.008,0.06,-0.04,94.83,0.0983,0.0963,0.1922,0.1912,3527,5.374,137.0,33.2,41.5,22.6,64.1,2.55,25.12,0.99964,0.055,112.83,25.19,14,2
7.232,hall_frame_check,9x4.5,pi5,0.000,0.016,0.066,-0.000,-0.003,0.008,0.008,0.06,-0.04,94.82,0.1069,0.1051,0.2008,0.1997,3652,5.746,146.5,36.6,45.7,22.6,68.3,2.72,25.12,0.99963,0.055,105.82,25.19,14,2
7.284,hall_frame_check,9x4.5,pi5,-0.001,0.016,0.067,-0.001,-0.002,0.008,0.008,0.06,-0.04,94.82,0.1162,0.1130,0.2096,0.2089,3779,6.143,156.6,40.3,50.4,22.6,73.0,2.91,25.11,0.99963,0.057,99.01,25.19,14,2
7.332,hall_frame_check,9x4.5,pi5,-0.001,0.017,0.067,-0.001,-0.002,0.008,0.008,0.06,-0.04,94.81,0.1248,0.1214,0.2194,0.2184,3911,6.568,167.4,44.5,55.6,22.6,78.2,3.12,25.10,0.99962,0.058,92.37,25.19,14,2
7.384,hall_frame_check,9x4.5,pi5,-0.002,0.017,0.067,-0.002,-0.002,0.007,0.008,0.06,-0.04,94.81,0.1350,0.1311,0.2309,0.2304,4068,7.099,181.0,49.9,62.4,22.6,85.0,3.39,25.10,0.99961,0.059,84.98,25.19,14,2
7.432,hall_frame_check,9x4.5,pi5,-0.002,0.017,0.067,-0.002,-0.001,0.007,0.008,0.06,-0.05,94.81,0.1441,0.1395,0.2414,0.2407,4207,7.584,193.3,55.1,68.8,22.6,91.4,3.64,25.09,0.99960,0.060,78.98,25.19,14,2
7.484,hall_frame_check,9x4.5,pi5,-0.003,0.018,0.066,-0.003,-0.000,0.007,0.007,0.06,-0.05,94.80,0.1529,0.1481,0.2527,0.2513,4349,8.101,206.5,60.7,75.9,22.6,98.5,3.93,25.08,0.99959,0.061,73.27,25.19,14,2
7.532,hall_frame_check,9x4.5,pi5,-0.003,0.018,0.066,-0.003,-0.000,0.007,0.008,0.06,-0.05,94.80,0.1623,0.1568,0.2636,0.2627,4496,8.650,220.5,66.9,83.7,22.6,106.3,4.24,25.07,0.99958,0.063,67.90,25.19,14,2
7.584,hall_frame_check,9x4.5,pi5,-0.004,0.019,0.066,-0.004,0.001,0.007,0.008,0.07,-0.05,94.80,0.1738,0.1672,0.2772,0.2758,4672,9.333,237.9,75.0,93.7,22.6,116.3,4.64,25.06,0.99957,0.065,62.02,25.19,14,2
7.632,hall_frame_check,9x4.5,pi5,-0.004,0.020,0.067,-0.004,0.002,0.007,0.008,0.07,-0.05,94.80,0.1837,0.1764,0.2889,0.2875,4826,9.953,253.7,82.5,103.1,22.6,125.7,5.02,25.05,0.99956,0.066,57.35,25.19,14,2
7.684,hall_frame_check,9x4.5,pi5,-0.005,0.021,0.067,-0.005,0.003,0.007,0.009,0.07,-0.06,94.79,0.1941,0.1855,0.3014,0.2993,4985,10.612,270.5,90.7,113.4,22.6,136.0,5.43,25.03,0.99955,0.068,52.98,25.19,14,2
7.732,hall_frame_check,9x4.5,pi5,-0.005,0.022,0.067,-0.005,0.004,0.007,0.010,0.07,-0.06,94.79,0.2045,0.1953,0.3138,0.3114,5147,11.306,288.2,99.7,124.6,22.6,147.2,5.88,25.02,0.99953,0.070,48.92,25.19,14,2
7.784,hall_frame_check,9x4.5,pi5,-0.006,0.023,0.067,-0.006,0.004,0.007,0.010,0.07,-0.06,94.79,0.2171,0.2070,0.3283,0.3260,5340,12.163,310.1,111.1,138.9,22.6,161.5,6.46,25.00,0.99952,0.072,44.56,25.19,14,2
7.832,hall_frame_check,9x4.5,pi5,-0.006,0.023,0.067,-0.006,0.005,0.007,0.011,0.07,-0.06,94.79,0.2280,0.2172,0.3414,0.3385,5510,12.940,329.9,121.9,152.3,22.6,174.9,7.00,24.99,0.99950,0.075,41.11,25.19,14,2
7.884,hall_frame_check,9x4.5,pi5,-0.007,0.025,0.068,-0.007,0.006,0.007,0.012,0.07,-0.06,94.79,0.2393,0.2276,0.3549,0.3513,5683,13.761,350.8,133.5,166.9,22.6,189.5,7.59,24.97,0.99949,0.078,37.92,25.19,14,2
7.932,hall_frame_check,9x4.5,pi5,-0.007,0.025,0.068,-0.007,0.007,0.007,0.012,0.07,-0.06,94.79,0.2508,0.2384,0.3683,0.3647,5861,14.626,372.9,146.2,182.8,22.6,205.4,8.23,24.95,0.99947,0.080,34.96,25.19,14,2
7.984,hall_frame_check,9x4.5,pi5,-0.008,0.026,0.069,-0.007,0.007,0.008,0.013,0.07,-0.06,94.78,0.2648,0.2512,0.3839,0.3807,6073,15.693,400.1,162.3,202.9,22.6,225.5,9.05,24.92,0.99945,0.084,31.81,25.19,14,2
8.032,hall_frame_check,9x4.5,pi5,-0.008,0.027,0.069,-0.007,0.007,0.008,0.013,0.07,-0.06,94.78,0.2768,0.2625,0.3981,0.3944,6258,16.658,424.7,177.4,221.8,22.6,244.4,9.81,24.90,0.99942,0.087,29.33,25.19,14,2
8.084,hall_frame_check,9x4.5,pi5,-0.009,0.027,0.071,-0.007,0.007,0.008,0.013,0.07,-0.06,94.78,0.2889,0.2741,0.4126,0.4083,6447,17.672,450.5,193.7,242.2,22.6,264.8,10.64,24.88,0.99940,0.091,27.04,25.19,14,2
8.132,hall_frame_check,9x4.5,pi5,-0.009,0.027,0.071,-0.007,0.008,0.009,0.014,0.07,-0.06,94.78,0.3016,0.2858,0.4271,0.4228,6641,18.739,477.7,211.4,264.3,22.6,286.9,11.54,24.85,0.99937,0.094,24.93,25.19,14,2
8.184,hall_frame_check,9x4.5,pi5,-0.009,0.028,0.072,-0.007,0.007,0.009,0.014,0.07,-0.06,94.79,0.3160,0.3008,0.4443,0.4398,6871,20.048,511.1,233.7,292.2,22.6,314.8,12.69,24.81,0.99934,0.099,22.68,25.19,14,2
8.232,hall_frame_check,9x4.5,pi5,-0.009,0.028,0.073,-0.007,0.007,0.010,0.014,0.07,-0.06,94.79,0.3296,0.3127,0.4595,0.4546,7072,21.230,541.2,254.6,318.2,22.6,340.8,13.75,24.78,0.99931,0.104,20.92,25.19,14,2
8.284,hall_frame_check,9x4.5,pi5,-0.009,0.028,0.074,-0.006,0.007,0.010,0.014,0.06,-0.06,94.79,0.3424,0.3256,0.4748,0.4701,7277,22.468,572.8,277.0,346.2,22.6,368.8,14.90,24.75,0.99928,0.109,19.31,25.19,14,2
8.332,hall_frame_check,9x4.5,pi5,-0.009,0.028,0.075,-0.006,0.007,0.010,0.014,0.06,-0.06,94.79,0.3561,0.3383,0.4909,0.4848,7485,23.758,605.7,301.0,376.3,22.6,398.9,16.14,24.71,0.99924,0.114,17.82,25.19,14,2
8.384,hall_frame_check,9x4.5,pi5,-0.008,0.028,0.076,-0.006,0.007,0.010,0.014,0.06,-0.06,94.80,0.3721,0.3539,0.5088,0.5034,7731,25.334,645.8,331.2,414.0,22.6,436.6,17.70,24.66,0.99920,0.121,16.25,25.19,14,2
8.432,hall_frame_check,9x4.5,pi5,-0.008,0.028,0.076,-0.006,0.007,0.010,0.014,0.06,-0.05,94.80,0.3858,0.3676,0.5251,0.5192,7947,26.756,682.1,359.3,449.1,22.6,471.7,19.16,24.62,0.99915,0.127,15.02,25.19,14,2
8.484,hall_frame_check,9x4.5,pi5,-0.008,0.028,0.077,-0.005,0.007,0.010,0.014,0.06,-0.05,94.80,0.3915,0.3722,0.5329,0.5265,8039,27.385,698.1,372.1,465.1,22.6,487.7,19.83,24.60,0.99911,0.134,14.51,25.19,14,2
8.532,hall_frame_check,9x4.5,pi5,-0.008,0.028,0.078,-0.004,0.007,0.010,0.013,0.06,-0.05,94.78,0.3938,0.3787,0.5354,0.5328,8102,27.810,709.0,380.6,475.8,22.6,498.4,20.27,24.58,0.99906,0.140,14.19,25.19,14,2
8.584,hall_frame_check,9x4.5,pi5,-0.008,0.028,0.078,0.002,0.007,0.006,0.010,0.06,0.02,94.64,0.3971,0.3917,0.5329,0.5374,8170,28.219,719.4,388.0,485.0,22.6,507.6,20.66,24.57,0.99901,0.148,13.92,25.19,14,2
8.632,hall_frame_check,9x4.5,pi5,-0.008,0.028,0.078,0.003,0.008,0.003,0.009,0.06,0.14,94.43,0.4048,0.4070,0.5333,0.5293,8225,28.506,726.7,392.1,490.1,22.6,512.7,20.87,24.57,0.99897,0.155,13.78,25.19,14,2
8.684,hall_frame_check,9x4.5,pi5,-0.008,0.027,0.078,0.003,0.004,-0.006,0.008,-0.01,0.29,93.84,0.4220,0.4234,0.5186,0.5226,8269,28.674,731.0,392.8,491.0,22.6,513.6,20.91,24.56,0.99892,0.162,13.75,25.18,14,2
8.732,hall_frame_check,9x4.5,pi5,-0.008,0.026,0.077,0.003,0.001,-0.016,0.016,-0.05,0.38,93.29,0.4398,0.4410,0.5080,0.5070,8303,28.795,734.1,393.0,491.3,22.6,513.9,20.92,24.56,0.99887,0.169,13.75,25.18,14,2
8.784,hall_frame_check,9x4.5,pi5,-0.008,0.024,0.075,0.003,-0.005,-0.031,0.032,-0.11,0.45,92.31,0.4585,0.4608,0.4922,0.4929,8333,28.933,737.6,394.3,492.9,22.6,515.5,20.99,24.56,0.99882,0.176,13.70,25.18,14,2
8.832,hall_frame_check,9x4.5,pi5,-0.008,0.023,0.072,0.004,-0.009,-0.044,0.045,-0.15,0.47,91.59,0.4749,0.4765,0.4792,0.4794,8354,29.052,740.6,396.3,495.4,22.6,518.0,21.09,24.56,0.99877,0.183,13.63,25.18,14,2
8.884,hall_frame_check,9x4.5,pi5,-0.007,0.020,0.067,0.005,-0.015,-0.066,0.068,-0.18,0.46,90.49,0.4899,0.4906,0.4670,0.4672,8371,29.181,743.9,399.2,499.0,22.6,521.6,21.24,24.55,0.99872,0.191,13.54,25.18,14,2
8.932,hall_frame_check,9x4.5,pi5,-0.006,0.018,0.063,0.006,-0.019,-0.081,0.083,-0.19,0.44,89.80,0.5004,0.5009,0.4582,0.4585,8383,29.294,746.8,402.1,502.6,22.6,525.2,21.39,24.55,0.99867,0.198,13.44,25.18,14,2
8.984,hall_frame_check,9x4.5,pi5,-0.006,0.015,0.056,0.008,-0.024,-0.102,0.105,-0.20,0.39,88.85,0.5086,0.5087,0.4518,0.4523,8395,29.409,749.7,405.1,506.3,22.6,528.9,21.55,24.54,0.99862,0.205,13.34,25.18,14,2
9.032,hall_frame_check,9x4.5,pi5,-0.005,0.013,0.050,0.009,-0.026,-0.117,0.120,-0.19,0.34,88.32,0.5129,0.5129,0.4488,0.4490,8403,29.485,751.7,407.0,508.8,22.6,531.4,21.65,24.54,0.99857,0.213,13.28,25.18,14,2
9.084,hall_frame_check,9x4.5,pi5,-0.004,0.010,0.040,0.010,-0.030,-0.141,0.145,-0.18,0.27,87.67,0.5145,0.5146,0.4482,0.4482,8410,29.540,753.0,408.3,510.4,22.6,533.0,21.72,24.54,0.99852,0.220,13.23,25.18,14,2
9.136,hall_frame_check,9x4.5,pi5,-0.003,0.008,0.033,0.011,-0.031,-0.156,0.160,-0.16,0.22,87.34,0.5139,0.5139,0.4497,0.4503,8418,29.590,754.3,409.2,511.5,22.6,534.1,21.77,24.53,0.99847,0.228,13.20,25.18,14,2
9.184,hall_frame_check,9x4.5,pi5,-0.002,0.005,0.021,0.012,-0.032,-0.177,0.181,-0.13,0.15,87.02,0.5116,0.5112,0.4537,0.4527,8423,29.611,754.9,409.3,511.6,22.6,534.2,21.78,24.53,0.99842,0.235,13.20,25.18,14,2
9.236,hall_frame_check,9x4.5,pi5,-0.002,0.003,0.012,0.012,-0.033,-0.192,0.195,-0.11,0.11,86.91,0.5076,0.5070,0.4584,0.4573,8427,29.618,755.1,409.0,511.3,22.6,533.9,21.76,24.53,0.99837,0.243,13.21,25.18,14,2
9.284,hall_frame_check,9x4.5,pi5,-0.000,0.001,-0.004,0.012,-0.032,-0.216,0.219,-0.08,0.05,86.87,0.5032,0.5028,0.4629,0.4625,8431,29.629,755.3,408.9,511.1,22.6,533.7,21.75,24.53,0.99832,0.250,13.21,25.18,14,2
9.336,hall_frame_check,9x4.5,pi5,0.001,0.000,-0.015,0.013,-0.031,-0.230,0.233,-0.07,0.01,86.91,0.4985,0.4977,0.4686,0.4679,8436,29.647,755.8,408.9,511.2,22.6,533.8,21.76,24.53,0.99827,0.258,13.21,25.18,14,2
9.384,hall_frame_check,9x4.5,pi5,0.002,-0.001,-0.031,0.013,-0.030,-0.250,0.252,-0.04,-0.03,87.05,0.4941,0.4935,0.4726,0.4736,8440,29.667,756.3,409.1,511.4,22.6,534.0,21.77,24.53,0.99822,0.265,13.20,25.18,14,2
9.436,hall_frame_check,9x4.5,pi5,0.004,-0.002,-0.043,0.013,-0.028,-0.263,0.265,-0.02,-0.06,87.19,0.4899,0.4893,0.4777,0.4783,8445,29.692,756.9,409.5,511.9,22.6,534.5,21.79,24.53,0.99817,0.272,13.19,25.18,14,2
9.484,hall_frame_check,9x4.5,pi5,0.006,-0.003,-0.063,0.013,-0.026,-0.284,0.286,0.00,-0.08,87.41,0.4865,0.4861,0.4821,0.4818,8450,29.723,757.7,410.1,512.6,22.6,535.2,21.82,24.53,0.99812,0.280,13.17,25.18,14,2
9.536,hall_frame_check,9x4.5,pi5,0.008,-0.004,-0.077,0.013,-0.024,-0.297,0.298,0.02,-0.10,87.57,0.4839,0.4831,0.4855,0.4853,8455,29.757,758.6,410.8,513.5,22.6,536.1,21.86,24.53,0.99806,0.287,13.14,25.18,14,2
9.584,hall_frame_check,9x4.5,pi5,0.010,-0.005,-0.097,0.012,-0.022,-0.315,0.316,0.05,-0.11,87.80,0.4817,0.4816,0.4880,0.4877,8459,29.788,759.4,411.5,514.3,22.6,536.9,21.89,24.53,0.99802,0.294,13.12,25.18,14,2
9.636,hall_frame_check,9x4.5,pi5,0.011,-0.005,-0.112,0.012,-0.021,-0.327,0.328,0.06,-0.12,87.95,0.4808,0.4799,0.4890,0.4903,8463,29.817,760.1,412.1,515.1,22.6,537.7,21.92,24.53,0.99796,0.302,13.10,25.18,14,2
10.802,hall_frame_check,9x4.5,pi5,0.013,-0.006,-0.136,0.011,-0.019,-0.346,0.347,0.09,-0.13,88.14,0.4799,0.4798,0.4905,0.4910,8467,29.848,760.9,412.7,515.9,22.6,538.5,21.96,24.52,0.99678,0.477,13.06,25.18,14,2
10.850,hall_frame_check,9x4.5,pi5,0.015,-0.006,-0.153,0.010,-0.017,-0.358,0.359,0.10,-0.13,88.24,0.4798,0.4800,0.4917,0.4908,8471,29.875,761.6,413.3,516.6,22.6,539.2,22.00,24.51,0.99673,0.484,13.04,25.18,14,2
10.902,hall_frame_check,9x4.5,pi5,0.016,-0.007,-0.176,0.009,-0.015,-0.374,0.375,0.12,-0.14,88.37,0.4805,0.4804,0.4913,0.4913,8475,29.905,762.4,413.9,517.4,22.6,540.0,22.03,24.51,0.99668,0.492,13.02,25.18,14,2
10.950,hall_frame_check,9x4.5,pi5,0.017,-0.007,-0.193,0.008,-0.014,-0.386,0.386,0.14,-0.14,88.44,0.4812,0.4813,0.4910,0.4909,8478,29.927,762.9,414.4,518.0,22.6,540.6,22.05,24.51,0.99663,0.499,13.00,25.18,14,2
11.002,hall_frame_check,9x4.5,pi5,0.019,-0.007,-0.222,0.006,-0.012,-0.404,0.404,0.15,-0.14,88.51,0.4820,0.4825,0.4905,0.4903,8481,29.948,763.5,414.8,518.5,22.6,541.1,22.08,24.51,0.99657,0.507,12.99,25.18,14,2
11.050,hall_frame_check,9x4.5,pi5,0.020,-0.007,-0.240,0.005,-0.010,-0.415,0.415,0.16,-0.14,88.55,0.4829,0.4835,0.4897,0.4898,8484,29.965,763.9,415.1,518.9,22.6,541.5,22.09,24.51,0.99652,0.514,12.98,25.18,14,2
11.102,hall_frame_check,9x4.5,pi5,0.021,-0.007,-0.267,0.003,-0.009,-0.430,0.430,0.17,-0.13,88.59,0.4845,0.4841,0.4887,0.4893,8486,29.982,764.3,415.5,519.3,22.6,541.9,22.11,24.51,0.99647,0.522,12.97,25.18,14,2
11.154,hall_frame_check,9x4.5,pi5,0.021,-0.007,-0.286,0.002,-0.008,-0.441,0.441,0.18,-0.13,88.60,0.4855,0.4851,0.4882,0.4884,8489,29.997,764.7,415.8,519.7,22.6,542.3,22.13,24.51,0.99642,0.530,12.96,25.18,14,2
11.202,hall_frame_check,9x4.5,pi5,0.022,-0.007,-0.318,-0.000,-0.007,-0.458,0.458,0.18,-0.13,88.62,0.4861,0.4862,0.4878,0.4876,8490,30.010,765.0,416.1,520.1,22.6,542.7,22.14,24.51,0.99637,0.537,12.95,25.18,14,2
11.254,hall_frame_check,9x4.5,pi5,0.022,-0.007,-0.338,-0.001,-0.006,-0.468,0.468,0.18,-0.12,88.63,0.4871,0.4869,0.4871,0.4873,8493,30.027,765.5,416.4,520.5,22.6,543.1,22.16,24.50,0.99632,0.545,12.93,25.18,14,2
11.302,hall_frame_check,9x4.5,pi5,0.022,-0.007,-0.367,-0.003,-0.005,-0.481,0.481,0.18,-0.12,88.64,0.4878,0.4873,0.4869,0.4870,8495,30.042,765.9,416.7,520.9,22.6,543.5,22.18,24.50,0.99627,0.552,12.92,25.18,14,2
11.350,hall_frame_check,9x4.5,pi5,0.022,-0.007,-0.388,-0.004,-0.005,-0.491,0.491,0.18,-0.12,88.65,0.4881,0.4879,0.4867,0.4870,8498,30.061,766.3,417.1,521.4,22.6,544.0,22.20,24.50,0.99622,0.559,12.91,25.18,14,2
11.402,hall_frame_check,9x4.5,pi5,0.022,-0.007,-0.422,-0.006,-0.004,-0.506,0.506,0.18,-0.12,88.67,0.4881,0.4886,0.4867,0.4869,8500,30.075,766.7,417.4,521.8,22.6,544.4,22.22,24.50,0.99616,0.567,12.90,25.18,14,2
11.454,hall_frame_check,9x4.5,pi5,0.022,-0.007,-0.444,-0.007,-0.003,-0.515,0.515,0.17,-0.12,88.69,0.4885,0.4888,0.4868,0.4869,8502,30.095,767.2,417.8,522.3,22.6,544.9,22.24,24.50,0.99611,0.575,12.89,25.18,14,2
11.502,hall_frame_check,9x4.5,pi5,0.021,-0.006,-0.475,-0.009,-0.002,-0.527,0.527,0.17,-0.11,88.71,0.4890,0.4886,0.4872,0.4870,8505,30.116,767.7,418.2,522.8,22.6,545.4,22.26,24.50,0.99606,0.582,12.87,25.18,14,2
11.550,hall_frame_check,9x4.5,pi5,0.020,-0.006,-0.498,-0.010,-0.001,-0.536,0.536,0.16,-0.11,88.74,0.4885,0.4892,0.4871,0.4877,8508,30.133,768.2,418.6,523.3,22.6,545.9,22.28,24.50,0.99601,0.589,12.86,25.18,14,2
11.602,hall_frame_check,9x4.5,pi5,0.019,-0.006,-0.534,-0.012,-0.001,-0.550,0.550,0.14,-0.11,88.77,0.4886,0.4892,0.4883,0.4871,8510,30.148,768.6,418.9,523.7,22.6,546.3,22.30,24.50,0.99596,0.597,12.85,25.18,14,2
11.650,hall_frame_check,9x4.5,pi5,0.019,-0.005,-0.557,-0.013,-0.000,-0.558,0.558,0.13,-0.10,88.80,0.4889,0.4888,0.4880,0.4879,8512,30.163,768.9,419.2,524.0,22.6,546.6,22.32,24.50,0.99591,0.605,12.84,25.18,14,2
11.702,hall_frame_check,9x4.5,pi5,0.018,-0.005,-0.590,-0.014,0.000,-0.569,0.569,0.12,-0.10,88.83,0.4882,0.4897,0.4882,0.4884,8515,30.183,769.4,419.6,524.6,22.6,547.2,22.34,24.50,0.99585,0.613,12.83,25.18,14,2
11.754,hall_frame_check,9x4.5,pi5,0.018,-0.005,-0.613,-0.014,0.001,-0.577,0.577,0.11,-0.10,88.86,0.4889,0.4889,0.4889,0.4883,8517,30.198,769.8,420.0,524.9,22.6,547.5,22.35,24.49,0.99580,0.620,12.82,25.18,14,2
11.802,hall_frame_check,9x4.5,pi5,0.017,-0.004,-0.652,-0.014,0.001,-0.589,0.590,0.09,-0.09,88.89,0.4891,0.4887,0.4891,0.4887,8519,30.213,770.2,420.3,525.3,22.6,547.9,22.37,24.49,0.99575,0.628,12.81,25.17,14,2
11.850,hall_frame_check,9x4.5,pi5,0.017,-0.003,-0.676,-0.014,0.002,-0.597,0.597,0.08,-0.09,88.92,0.4888,0.4891,0.4892,0.4891,8521,30.229,770.6,420.6,525.8,22.6,548.4,22.39,24.49,0.99570,0.635,12.79,25.17,14,2
11.902,hall_frame_check,9x4.5,pi5,0.017,-0.002,-0.711,-0.014,0.003,-0.607,0.607,0.07,-0.08,88.95,0.4891,0.4891,0.4896,0.4891,8524,30.246,771.1,421.0,526.2,22.6,548.8,22.41,24.49,0.99565,0.643,12.78,25.17,14,2
11.950,hall_frame_check,9x4.5,pi5,0.017,-0.002,-0.736,-0.013,0.003,-0.614,0.614,0.07,-0.07,88.97,0.4892,0.4893,0.4896,0.4894,8526,30.263,771.5,421.3,526.6,22.6,549.2,22.43,24.49,0.99560,0.650,12.77,25.17,14,2
12.002,hall_frame_check,9x4.5,pi5,0.017,-0.001,-0.776,-0.013,0.004,-0.625,0.625,0.07,-0.06,88.99,0.4891,0.4898,0.4901,0.4892,8528,30.278,771.9,421.6,527.1,22.6,549.7,22.44,24.49,0.99554,0.658,12.76,25.17,14,2
12.050,hall_frame_check,9x4.5,pi5,0.017,-0.000,-0.802,-0.013,0.004,-0.632,0.632,0.07,-0.05,89.01,0.4894,0.4897,0.4898,0.4897,8530,30.291,772.2,421.9,527.4,22.6,550.0,22.46,24.49,0.99549,0.666,12.75,25.17,14,2
12.102,hall_frame_check,9x4.5,pi5,0.017,0.000,-0.838,-0.012,0.003,-0.642,0.642,0.07,-0.04,89.04,0.4893,0.4901,0.4899,0.4898,8532,30.302,772.5,422.1,527.7,22.6,550.3,22.47,24.49,0.99544,0.674,12.74,25.17,14,2
12.154,hall_frame_check,9x4.5,pi5,0.017,0.001,-0.865,-0.012,0.003,-0.648,0.649,0.07,-0.04,89.06,0.4896,0.4900,0.4894,0.4904,8533,30.309,772.7,422.3,527.9,22.6,550.5,22.48,24.49,0.99538,0.681,12.74,25.17,14,2
12.202,hall_frame_check,9x4.5,pi5,0.016,0.001,-0.907,-0.012,0.002,-0.659,0.659,0.07,-0.03,89.09,0.4902,0.4897,0.4902,0.4897,8534,30.319,772.9,422.5,528.1,22.6,550.7,22.49,24.49,0.99533,0.689,12.73,25.17,14,2
12.254,hall_frame_check,9x4.5,pi5,0.016,0.001,-0.934,-0.012,0.002,-0.666,0.666,0.08,-0.03,89.10,0.4901,0.4899,0.4903,0.4897,8535,30.327,773.1,422.6,528.3,22.6,550.9,22.50,24.49,0.99528,0.697,12.72,25.17,14,2
12.302,hall_frame_check,9x4.5,pi5,0.016,0.001,-0.973,-0.012,0.001,-0.674,0.675,0.08,-0.03,89.13,0.4903,0.4898,0.4899,0.4903,8536,30.334,773.3,422.8,528.5,22.6,551.1,22.51,24.49,0.99523,0.704,12.72,25.17,14,2
12.354,hall_frame_check,9x4.5,pi5,0.016,0.001,-1.001,-0.012,0.001,-0.680,0.681,0.08,-0.03,89.15,0.4875,0.4881,0.4879,0.4878,8504,30.104,767.4,418.0,522.5,22.6,545.1,22.26,24.49,0.99518,0.712,12.86,25.17,14,2
12.402,hall_frame_check,9x4.5,pi5,0.016,0.002,-1.046,-0.011,0.001,-0.687,0.687,0.08,-0.03,89.18,0.4814,0.4823,0.4820,0.4819,8418,29.500,752.0,405.5,506.9,22.6,529.5,21.60,24.51,0.99513,0.719,13.25,25.17,14,2
12.454,hall_frame_check,9x4.5,pi5,0.016,0.002,-1.075,-0.011,0.000,-0.684,0.684,0.08,-0.03,89.19,0.4772,0.4764,0.4767,0.4772,8345,28.988,739.0,395.0,493.7,22.6,516.3,21.05,24.53,0.99508,0.727,13.60,25.17,14,2
12.502,hall_frame_check,9x4.5,pi5,0.017,0.002,-1.114,-0.010,-0.000,-0.670,0.671,0.08,-0.03,89.22,0.4738,0.4741,0.4740,0.4741,8303,28.698,731.6,389.1,486.3,22.6,508.9,20.74,24.54,0.99503,0.733,13.80,25.17,14,2
12.550,hall_frame_check,9x4.5,pi5,0.017,0.002,-1.142,-0.010,-0.000,-0.656,0.656,0.09,-0.03,89.23,0.4723,0.4717,0.4721,0.4721,8275,28.504,726.7,385.1,481.4,22.6,504.0,20.54,24.54,0.99499,0.740,13.94,25.17,14,2
12.602,hall_frame_check,9x4.5,pi5,0.018,0.002,-1.185,-0.009,-0.000,-0.630,0.630,0.09,-0.04,89.25,0.4707,0.4707,0.4708,0.4707,8256,28.373,723.3,382.5,478.1,22.6,500.7,20.40,24.55,0.99494,0.747,14.03,25.17,14,2
12.650,hall_frame_check,9x4.5,pi5,0.018,0.002,-1.210,-0.009,0.000,-0.611,0.611,0.10,-0.04,89.26,0.4701,0.4698,0.4701,0.4697,8244,28.293,721.3,380.9,476.1,22.6,498.7,20.31,24.55,0.99489,0.754,14.09,25.17,14,2
12.702,hall_frame_check,9x4.5,pi5,0.019,0.003,-1.245,-0.008,0.000,-0.585,0.585,0.11,-0.04,89.28,0.4691,0.4699,0.4696,0.4691,8237,28.245,720.1,379.9,474.9,22.6,497.5,20.26,24.55,0.99484,0.761,14.12,25.17,14,2
12.754,hall_frame_check,9x4.5,pi5,0.019,0.003,-1.268,-0.008,0.001,-0.566,0.566,0.11,-0.04,89.29,0.4688,0.4699,0.4688,0.4696,8234,28.228,719.6,379.5,474.4,22.6,497.0,20.25,24.55,0.99479,0.768,14.13,25.17,14,2
12.802,hall_frame_check,9x4.5,pi5,0.019,0.004,-1.303,-0.008,0.001,-0.536,0.536,0.12,-0.03,89.31,0.4695,0.4690,0.4694,0.4690,8234,28.222,719.5,379.4,474.3,22.6,496.9,20.24,24.55,0.99475,0.775,14.14,25.17,14,2
12.850,hall_frame_check,9x4.5,pi5,0.020,0.004,-1.324,-0.008,0.001,-0.518,0.518,0.13,-0.03,89.32,0.4692,0.4694,0.4696,0.4689,8234,28.227,719.6,379.5,474.4,22.6,497.0,20.25,24.55,0.99470,0.782,14.13,25.17,14,2
12.902,hall_frame_check,9x4.5,pi5,0.020,0.004,-1.352,-0.007,0.000,-0.494,0.494,0.14,-0.03,89.34,0.4694,0.4695,0.4692,0.4696,8236,28.242,720.0,379.8,474.8,22.6,497.4,20.26,24.55,0.99466,0.789,14.12,25.17,14,2
12.954,hall_frame_check,9x4.5,pi5,0.020,0.004,-1.371,-0.008,0.000,-0.478,0.478,0.15,-0.02,89.36,0.4697,0.4694,0.4699,0.4692,8238,28.255,720.3,380.1,475.1,22.6,497.7,20.28,24.55,0.99461,0.796,14.11,25.17,14,2
13.002,hall_frame_check,9x4.5,pi5,0.020,0.004,-1.400,-0.008,0.000,-0.453,0.453,0.15,-0.02,89.38,0.4698,0.4694,0.4694,0.4699,8239,28.262,720.5,380.2,475.3,22.6,497.9,20.28,24.55,0.99456,0.803,14.10,25.17,14,2
13.054,hall_frame_check,9x4.5,pi5,0.020,0.004,-1.417,-0.008,0.000,-0.439,0.439,0.16,-0.02,89.40,0.4695,0.4696,0.4696,0.4699,8240,28.266,720.6,380.3,475.4,22.6,498.0,20.29,24.55,0.99451,0.810,14.10,25.17,14,2
13.102,hall_frame_check,9x4.5,pi5,0.020,0.005,-1.440,-0.009,0.000,-0.420,0.420,0.16,-0.02,89.42,0.4697,0.4693,0.4695,0.4700,8240,28.266,720.6,380.3,475.4,22.6,498.0,20.29,24.55,0.99447,0.816,14.10,25.17,14,2
13.150,hall_frame_check,9x4.5,pi5,0.020,0.005,-1.456,-0.009,-0.000,-0.406,0.407,0.17,-0.02,89.44,0.4696,0.4694,0.4696,0.4699,8240,28.263,720.5,380.2,475.3,22.6,497.9,20.29,24.54,0.99442,0.823,14.10,25.17,14,2
13.202,hall_frame_check,9x4.5,pi5,0.020,0.005,-1.481,-0.010,-0.000,-0.387,0.387,0.17,-0.02,89.46,0.4696,0.4692,0.4698,0.4695,8238,28.255,720.3,380.1,475.1,22.6,497.7,20.28,24.54,0.99437,0.830,14.10,25.17,14,2
13.254,hall_frame_check,9x4.5,pi5,0.020,0.005,-1.496,-0.010,-0.000,-0.375,0.375,0.17,-0.02,89.47,0.4694,0.4693,0.4696,0.4694,8237,28.244,720.0,379.9,474.8,22.6,497.4,20.27,24.54,0.99433,0.837,14.11,25.17,14,2
13.302,hall_frame_check,9x4.5,pi5,0.020,0.005,-1.515,-0.010,0.000,-0.358,0.359,0.17,-0.02,89.49,0.4690,0.4695,0.4695,0.4697,8237,28.245,720.0,379.9,474.9,22.6,497.5,20.27,24.54,0.99428,0.844,14.11,25.17,14,2
13.354,hall_frame_check,9x4.5,pi5,0.020,0.005,-1.529,-0.011,0.000,-0.347,0.347,0.16,-0.02,89.51,0.4694,0.4692,0.4692,0.4702,8238,28.251,720.2,380.0,475.0,22.6,497.6,20.27,24.54,0.99423,0.851,14.10,25.17,14,2
13.402,hall_frame_check,9x4.5,pi5,0.020,0.005,-1.550,-0.011,0.000,-0.330,0.331,0.16,-0.02,89.53,0.4689,0.4696,0.4700,0.4696,8238,28.253,720.2,380.0,475.1,22.6,497.7,20.28,24.54,0.99419,0.858,14.10,25.17,14,2
13.450,hall_frame_check,9x4.5,pi5,0.020,0.006,-1.562,-0.011,0.000,-0.321,0.321,0.16,-0.01,89.54,0.4694,0.4691,0.4704,0.4691,8238,28.252,720.2,380.0,475.0,22.6,497.6,20.28,24.54,0.99414,0.864,14.10,25.17,14,2
13.502,hall_frame_check,9x4.5,pi5,0.020,0.006,-1.578,-0.010,0.001,-0.307,0.307,0.16,-0.01,89.56,0.4692,0.4694,0.4701,0.4694,8238,28.253,720.3,380.1,475.1,22.6,497.7,20.28,24.54,0.99409,0.872,14.10,25.17,14,2
13.554,hall_frame_check,9x4.5,pi5,0.021,0.006,-1.590,-0.010,0.001,-0.298,0.298,0.16,-0.01,89.57,0.4693,0.4694,0.4697,0.4697,8238,28.255,720.3,380.1,475.1,22.6,497.7,20.28,24.54,0.99404,0.879,14.10,25.17,14,2
13.602,hall_frame_check,9x4.5,pi5,0.021,0.006,-1.607,-0.010,0.000,-0.285,0.285,0.16,-0.00,89.59,0.4695,0.4693,0.4694,0.4701,8239,28.256,720.3,380.1,475.1,22.6,497.7,20.28,24.54,0.99400,0.885,14.09,25.17,14,2
13.654,hall_frame_check,9x4.5,pi5,0.021,0.006,-1.617,-0.010,0.000,-0.276,0.276,0.16,0.00,89.59,0.4694,0.4695,0.4697,0.4699,8240,28.265,720.5,380.3,475.4,22.6,498.0,20.29,24.54,0.99395,0.893,14.09,25.17,14,2
13.702,hall_frame_check,9x4.5,pi5,0.021,0.006,-1.631,-0.010,-0.000,-0.265,0.265,0.16,0.00,89.60,0.4695,0.4695,0.4698,0.4699,8240,28.269,720.7,380.4,475.5,22.6,498.1,20.30,24.54,0.99390,0.899,14.08,25.17,14,2
13.754,hall_frame_check,9x4.5,pi5,0.021,0.006,-1.640,-0.010,-0.000,-0.258,0.258,0.17,0.00,89.61,0.4694,0.4698,0.4699,0.4697,8241,28.272,720.7,380.4,475.5,22.6,498.1,20.30,24.54,0.99386,0.907,14.08,25.17,14,2
13.802,hall_frame_check,9x4.5,pi5,0.021,0.006,-1.654,-0.010,-0.001,-0.247,0.247,0.17,0.00,89.61,0.4700,0.4696,0.4697,0.4697,8241,28.274,720.8,380.5,475.6,22.6,498.2,20.30,24.54,0.99381,0.913,14.08,25.16,14,2
13.850,hall_frame_check,9x4.5,pi5,0.022,0.006,-1.663,-0.010,-0.001,-0.240,0.240,0.17,0.00,89.62,0.4699,0.4697,0.4695,0.4698,8241,28.276,720.8,380.5,475.6,22.6,498.2,20.30,24.54,0.99377,0.920,14.07,25.16,14,2
13.902,hall_frame_check,9x4.5,pi5,0.022,0.006,-1.674,-0.010,-0.001,-0.231,0.231,0.18,0.00,89.62,0.4700,0.4699,0.4696,0.4696,8242,28.279,720.9,380.6,475.7,22.6,498.3,20.31,24.54,0.99372,0.927,14.07,25.16,14,2
13.950,hall_frame_check,9x4.5,pi5,0.022,0.007,-1.682,-0.010,-0.000,-0.225,0.225,0.18,0.00,89.62,0.4705,0.4695,0.4699,0.4692,8242,28.278,720.9,380.6,475.7,22.6,498.3,20.31,24.54,0.99367,0.934,14.07,25.16,14,2
14.002,hall_frame_check,9x4.5,pi5,0.021,0.007,-1.694,-0.010,-0.000,-0.216,0.216,0.18,0.00,89.62,0.4699,0.4701,0.4691,0.4699,8241,28.276,720.8,380.5,475.6,22.6,498.2,20.30,24.54,0.99362,0.941,14.07,25.16,14,2
14.054,hall_frame_check,9x4.5,pi5,0.021,0.007,-1.702,-0.010,0.000,-0.210,0.211,0.19,0.00,89.63,0.4698,0.4701,0.4696,0.4693,8240,28.269,720.7,380.4,475.5,22.6,498.1,20.30,24.54,0.99357,0.948,14.07,25.16,14,2
14.102,hall_frame_check,9x4.5,pi5,0.020,0.007,-1.712,-0.010,0.000,-0.203,0.203,0.19,0.01,89.63,0.4698,0.4700,0.4690,0.4698,8240,28.267,720.6,380.3,475.4,22.6,498.0,20.30,24.54,0.99353,0.955,14.07,25.16,14,2
14.154,hall_frame_check,9x4.5,pi5,0.019,0.007,-1.719,-0.011,0.000,-0.198,0.198,0.19,0.01,89.64,0.4696,0.4701,0.4692,0.4696,8239,28.262,720.5,380.2,475.3,22.6,497.9,20.29,24.54,0.99348,0.962,14.08,25.16,14,2
14.202,hall_frame_check,9x4.5,pi5,0.018,0.007,-1.729,-0.012,-0.000,-0.190,0.191,0.19,0.01,89.65,0.4695,0.4699,0.4694,0.4694,8239,28.257,720.3,380.1,475.2,22.6,497.8,20.29,24.54,0.99343,0.969,14.08,25.16,14,2
14.254,hall_frame_check,9x4.5,pi5,0.016,0.007,-1.736,-0.013,-0.000,-0.186,0.186,0.18,0.02,89.66,0.4696,0.4696,0.4693,0.4696,8238,28.252,720.2,380.0,475.0,22.6,497.6,20.28,24.54,0.99339,0.976,14.08,25.16,14,2
14.302,hall_frame_check,9x4.5,pi5,0.015,0.007,-1.745,-0.013,-0.001,-0.179,0.180,0.17,0.02,89.67,0.4691,0.4699,0.4694,0.4696,8237,28.248,720.1,379.9,474.9,22.6,497.5,20.28,24.54,0.99334,0.982,14.08,25.16,14,2
14.354,hall_frame_check,9x4.5,pi5,0.014,0.007,-1.751,-0.014,-0.001,-0.175,0.175,0.16,0.02,89.68,0.4691,0.4698,0.4692,0.4697,8237,28.246,720.1,379.9,474.9,22.6,497.5,20.28,24.54,0.99329,0.990,14.08,25.16,14,2
14.402,hall_frame_check,9x4.5,pi5,0.012,0.006,-1.760,-0.014,-0.001,-0.168,0.169,0.14,0.02,89.69,0.4690,0.4698,0.4695,0.4695,8237,28.248,720.1,380.0,474.9,22.6,497.5,20.28,24.54,0.99325,0.996,14.08,25.16,14,2
14.454,hall_frame_check,9x4.5,pi5,0.011,0.006,-1.765,-0.013,-0.001,-0.164,0.164,0.13,0.01,89.70,0.4692,0.4697,0.4692,0.4700,8238,28.250,720.2,380.0,475.0,22.6,497.6,20.28,24.53,0.99320,1.003,14.08,25.16,14,2
14.502,hall_frame_check,9x4.5,pi5,0.010,0.005,-1.773,-0.013,-0.002,-0.159,0.159,0.11,0.01,89.71,0.4693,0.4695,0.4696,0.4696,8237,28.249,720.1,380.0,475.0,22.6,497.6,20.28,24.53,0.99315,1.010,14.08,25.16,14,2
14.554,hall_frame_check,9x4.5,pi5,0.009,0.005,-1.778,-0.012,-0.002,-0.155,0.155,0.10,0.01,89.71,0.4695,0.4692,0.4697,0.4695,8237,28.246,720.1,379.9,474.9,22.6,497.5,20.28,24.53,0.99310,1.017,14.08,25.16,14,2
14.602,hall_frame_check,9x4.5,pi5,0.008,0.004,-1.785,-0.011,-0.003,-0.149,0.150,0.09,0.00,89.72,0.4691,0.4695,0.4694,0.4696,8237,28.244,720.0,379.9,474.8,22.6,497.4,20.28,24.53,0.99306,1.024,14.08,25.16,14,2
14.650,hall_frame_check,9x4.5,pi5,0.008,0.003,-1.790,-0.010,-0.003,-0.146,0.146,0.09,-0.00,89.73,0.4690,0.4697,0.4697,0.4693,8237,28.243,720.0,379.9,474.8,22.6,497.4,20.28,24.53,0.99301,1.030,14.08,25.16,14,2
14.702,hall_frame_check,9x4.5,pi5,0.008,0.002,-1.797,-0.009,-0.004,-0.141,0.142,0.08,-0.01,89.74,0.4692,0.4693,0.4694,0.4696,8236,28.237,719.8,379.7,474.7,22.6,497.3,20.27,24.53,0.99297,1.038,14.08,25.16,14,2
14.754,hall_frame_check,9x4.5,pi5,0.007,0.002,-1.801,-0.008,-0.004,-0.138,0.138,0.08,-0.02,89.74,0.4696,0.4690,0.4695,0.4693,8236,28.235,719.8,379.7,474.6,22.6,497.2,20.27,24.53,0.99292,1.045,14.08,25.16,14,2
14.802,hall_frame_check,9x4.5,pi5,0.007,0.000,-1.808,-0.007,-0.004,-0.133,0.133,0.09,-0.03,89.75,0.4689,0.4698,0.4695,0.4692,8236,28.238,719.9,379.8,474.7,22.6,497.3,20.27,24.53,0.99287,1.051,14.08,25.16,14,2
14.850,hall_frame_check,9x4.5,pi5,0.007,-0.001,-1.812,-0.006,-0.005,-0.130,0.130,0.09,-0.04,89.75,0.4692,0.4695,0.4693,0.4694,8236,28.238,719.9,379.7,474.7,22.6,497.3,20.27,24.53,0.99283,1.058,14.08,25.16,14,2
14.902,hall_frame_check,9x4.5,pi5,0.006,-0.002,-1.818,-0.005,-0.005,-0.132,0.132,0.09,-0.12,89.76,0.4488,0.5094,0.4493,0.5089,8377,29.293,746.8,402.8,503.6,22.6,526.2,21.48,24.50,0.99277,1.066,13.29,25.16,14,2
14.954,hall_frame_check,9x4.5,pi5,0.006,-0.003,-1.822,-0.005,-0.003,-0.147,0.147,0.09,-0.99,89.76,0.4755,0.4742,0.4753,0.4742,8315,28.780,733.7,390.7,488.4,22.6,511.0,20.85,24.51,0.99272,1.073,13.69,25.16,14,2
15.002,hall_frame_check,9x4.5,pi5,0.005,-0.003,-1.830,-0.004,0.017,-0.160,0.161,0.10,-3.32,89.76,0.4776,0.4655,0.4768,0.4659,8266,28.448,725.2,384.0,480.1,22.6,502.7,20.50,24.52,0.99268,1.080,13.92,25.16,14,2
15.050,hall_frame_check,9x4.5,pi5,0.005,-0.002,-1.835,-0.003,0.044,-0.160,0.166,0.10,-4.88,89.77,0.4761,0.4630,0.4755,0.4630,8236,28.242,720.0,379.9,474.9,22.6,497.5,20.28,24.53,0.99263,1.086,14.07,25.16,14,2
15.102,hall_frame_check,9x4.5,pi5,0.005,0.002,-1.842,-0.002,0.095,-0.154,0.181,0.11,-6.78,89.77,0.4741,0.4625,0.4745,0.4617,8219,28.127,717.0,377.6,472.0,22.6,494.6,20.16,24.53,0.99259,1.094,14.15,25.16,14,2
15.154,hall_frame_check,9x4.5,pi5,0.005,0.007,-1.847,-0.001,0.140,-0.146,0.202,0.11,-7.70,89.78,0.4724,0.4636,0.4726,0.4631,8215,28.096,716.3,376.9,471.2,22.6,493.8,20.13,24.53,0.99254,1.101,14.18,25.16,14,2
15.202,hall_frame_check,9x4.5,pi5,0.005,0.020,-1.855,0.000,0.218,-0.132,0.255,0.12,-8.61,89.80,0.4712,0.4648,0.4720,0.4642,8217,28.108,716.5,377.1,471.4,22.6,494.0,20.14,24.53,0.99249,1.107,14.17,25.16,14,2
15.250,hall_frame_check,9x4.5,pi5,0.006,0.031,-1.859,0.001,0.268,-0.123,0.295,0.12,-8.96,89.82,0.4705,0.4660,0.4713,0.4658,8222,28.143,717.5,377.8,472.3,22.6,494.9,20.17,24.53,0.99245,1.114,14.14,25.16,14,2
15.302,hall_frame_check,9x4.5,pi5,0.006,0.050,-1.865,0.002,0.339,-0.112,0.357,0.13,-9.18,89.85,0.4702,0.4671,0.4713,0.4671,8230,28.195,718.8,378.9,473.6,22.6,496.2,20.23,24.53,0.99240,1.121,14.10,25.16,14,2
15.354,hall_frame_check,9x4.5,pi5,0.006,0.067,-1.869,0.003,0.388,-0.104,0.402,0.13,-9.18,89.87,0.4697,0.4681,0.4712,0.4686,8236,28.241,719.9,379.8,474.8,22.6,497.4,20.28,24.53,0.99235,1.128,14.07,25.16,14,2
15.402,hall_frame_check,9x4.5,pi5,0.007,0.099,-1.874,0.004,0.463,-0.094,0.472,0.14,-9.03,89.88,0.4694,0.4692,0.4705,0.4702,8242,28.282,721.0,380.6,475.8,22.6,498.4,20.32,24.53,0.99230,1.135,14.04,25.16,14,2
15.450,hall_frame_check,9x4.5,pi5,0.008,0.121,-1.877,0.005,0.506,-0.088,0.514,0.14,-8.86,89.87,0.4691,0.4702,0.4707,0.4706,8247,28.314,721.8,381.3,476.6,22.6,499.2,20.36,24.52,0.99226,1.141,14.01,25.16,14,2
15.502,hall_frame_check,9x4.5,pi5,0.010,0.155,-1.880,0.007,0.562,-0.082,0.568,0.15,-8.53,89.82,0.4702,0.4701,0.4707,0.4705,8251,28.341,722.5,381.8,477.3,22.6,499.9,20.38,24.52,0.99221,1.149,13.99,25.16,14,2
15.554,hall_frame_check,9x4.5,pi5,0.011,0.181,-1.882,0.008,0.598,-0.079,0.604,0.16,-8.29,89.77,0.4696,0.4721,0.4699,0.4709,8254,28.365,723.1,382.3,477.9,22.6,500.5,20.41,24.52,0.99216,1.156,13.97,25.16,14,2
15.602,hall_frame_check,9x4.5,pi5,0.013,0.227,-1.886,0.010,0.650,-0.074,0.654,0.18,-7.91,89.68,0.4706,0.4726,0.4695,0.4704,8256,28.379,723.5,382.6,478.2,22.6,500.8,20.42,24.52,0.99212,1.163,13.96,25.16,14,2
15.654,hall_frame_check,9x4.5,pi5,0.015,0.256,-1.888,0.012,0.678,-0.072,0.682,0.20,-7.66,89.61,0.4714,0.4731,0.4688,0.4701,8257,28.384,723.6,382.7,478.4,22.6,501.0,20.43,24.52,0.99207,1.170,13.96,25.16,14,2
15.702,hall_frame_check,9x4.5,pi5,0.017,0.300,-1.890,0.013,0.714,-0.070,0.717,0.23,-7.31,89.50,0.4717,0.4739,0.4683,0.4694,8257,28.385,723.6,382.7,478.4,22.6,501.0,20.43,24.52,0.99202,1.177,13.96,25.16,14,2
15.754,hall_frame_check,9x4.5,pi5,0.019,0.331,-1.892,0.015,0.735,-0.068,0.739,0.25,-7.09,89.42,0.4722,0.4745,0.4669,0.4694,8256,28.374,723.3,382.5,478.1,22.6,500.7,20.42,24.52,0.99197,1.184,13.96,25.16,14,2
15.802,hall_frame_check,9x4.5,pi5,0.022,0.384,-1.895,0.017,0.765,-0.067,0.768,0.28,-6.79,89.32,0.4725,0.4747,0.4667,0.4684,8253,28.359,723.0,382.2,477.8,22.6,500.4,20.41,24.52,0.99193,1.190,13.97,25.15,14,2
15.850,hall_frame_check,9x4.5,pi5,0.024,0.417,-1.898,0.018,0.781,-0.066,0.784,0.30,-6.61,89.26,0.4728,0.4748,0.4667,0.4674,8251,28.344,722.6,381.9,477.4,22.6,500.0,20.39,24.52,0.99188,1.197,13.98,25.15,14,2
15.902,hall_frame_check,9x4.5,pi5,0.027,0.464,-1.901,0.019,0.800,-0.064,0.803,0.34,-6.37,89.20,0.4728,0.4748,0.4656,0.4680,8249,28.330,722.2,381.6,477.0,22.6,499.6,20.38,24.52,0.99183,1.204,13.99,25.15,14,2
15.954,hall_frame_check,9x4.5,pi5,0.029,0.499,-1.903,0.019,0.812,-0.063,0.815,0.37,-6.24,89.18,0.4722,0.4748,0.4657,0.4681,8248,28.322,722.0,381.5,476.8,22.6,499.4,20.37,24.52,0.99178,1.212,13.99,25.15,14,2
16.002,hall_frame_check,9x4.5,pi5,0.032,0.554,-1.906,0.020,0.828,-0.062,0.831,0.40,-6.06,89.15,0.4723,0.4740,0.4667,0.4675,8247,28.313,721.8,381.3,476.6,22.6,499.2,20.36,24.52,0.99174,1.218,14.00,25.15,14,2
16.054,hall_frame_check,9x4.5,pi5,0.034,0.589,-1.907,0.020,0.836,-0.061,0.839,0.42,-5.96,89.15,0.4715,0.4738,0.4670,0.4678,8245,28.302,721.5,381.0,476.3,22.6,498.9,20.35,24.52,0.99169,1.225,14.01,25.15,14,2
16.102,hall_frame_check,9x4.5,pi5,0.037,0.638,-1.910,0.021,0.846,-0.059,0.848,0.45,-5.84,89.13,0.4711,0.4734,0.4668,0.4687,8245,28.301,721.5,381.0,476.3,22.6,498.9,20.35,24.52,0.99164,1.232,14.01,25.15,14,2
16.150,hall_frame_check,9x4.5,pi5,0.040,0.673,-1.911,0.021,0.852,-0.058,0.854,0.46,-5.77,89.13,0.4709,0.4727,0.4679,0.4687,8245,28.304,721.5,381.1,476.3,22.6,498.9,20.35,24.52,0.99160,1.239,14.00,25.15,14,2
16.202,hall_frame_check,9x4.5,pi5,0.044,0.728,-1.914,0.021,0.859,-0.057,0.861,0.49,-5.70,89.11,0.4704,0.4727,0.4682,0.4691,8246,28.310,721.7,381.2,476.5,22.6,499.1,20.36,24.52,0.99155,1.246,14.00,25.15,14,2
16.254,hall_frame_check,9x4.5,pi5,0.046,0.763,-1.915,0.021,0.863,-0.056,0.865,0.51,-5.66,89.11,0.4705,0.4722,0.4684,0.4697,8248,28.321,722.0,381.4,476.8,22.6,499.4,20.37,24.52,0.99150,1.253,13.99,25.15,14,2
16.302,hall_frame_check,9x4.5,pi5,0.049,0.811,-1.916,0.021,0.867,-0.055,0.869,0.54,-5.61,89.13,0.4702,0.4721,0.4688,0.4701,8249,28.329,722.2,381.6,477.0,22.6,499.6,20.38,24.52,0.99146,1.260,13.98,25.15,14,2
16.354,hall_frame_check,9x4.5,pi5,0.051,0.845,-1.917,0.020,0.869,-0.054,0.871,0.56,-5.59,89.16,0.4700,0.4717,0.4693,0.4704,8250,28.336,722.4,381.7,477.2,22.6,499.8,20.38,24.52,0.99141,1.267,13.98,25.15,14,2
16.402,hall_frame_check,9x4.5,pi5,0.054,0.900,-1.919,0.018,0.873,-0.054,0.875,0.58,-5.57,89.23,0.4692,0.4717,0.4694,0.4711,8250,28.335,722.3,381.7,477.1,22.6,499.7,20.38,24.52,0.99136,1.274,13.98,25.15,14,2
16.454,hall_frame_check,9x4.5,pi5,0.055,0.934,-1.920,0.017,0.875,-0.054,0.876,0.59,-5.57,89.29,0.4688,0.4708,0.4698,0.4716,8249,28.325,722.1,381.5,476.9,22.6,499.5,20.37,24.52,0.99131,1.281,13.98,25.15,14,2
16.502,hall_frame_check,9x4.5,pi5,0.057,0.981,-1.921,0.015,0.877,-0.053,0.878,0.61,-5.57,89.39,0.4682,0.4702,0.4701,0.4722,8248,28.320,722.0,381.4,476.8,22.6,499.4,20.37,24.52,0.99127,1.288,13.98,25.15,14,2
16.554,hall_frame_check,9x4.5,pi5,0.058,1.015,-1.922,0.013,0.878,-0.053,0.880,0.61,-5.57,89.45,0.4675,0.4699,0.4712,0.4721,8247,28.317,721.9,381.4,476.7,22.6,499.3,20.37,24.52,0.99122,1.295,13.99,25.15,14,2
16.602,hall_frame_check,9x4.5,pi5,0.060,1.069,-1.924,0.011,0.880,-0.052,0.881,0.62,-5.59,89.55,0.4673,0.4691,0.4716,0.4725,8247,28.314,721.8,381.3,476.6,22.6,499.2,20.36,24.52,0.99117,1.301,13.99,25.15,14,2
16.654,hall_frame_check,9x4.5,pi5,0.061,1.103,-1.925,0.010,0.881,-0.052,0.882,0.62,-5.60,89.60,0.4674,0.4686,0.4723,0.4724,8247,28.317,721.9,381.3,476.7,22.6,499.3,20.37,24.51,0.99112,1.309,13.98,25.15,14,2
16.702,hall_frame_check,9x4.5,pi5,0.063,1.150,-1.927,0.008,0.882,-0.051,0.884,0.63,-5.62,89.66,0.4667,0.4690,0.4720,0.4729,8247,28.317,721.9,381.3,476.7,22.6,499.3,20.37,24.51,0.99108,1.315,13.98,25.15,14,2
16.750,hall_frame_check,9x4.5,pi5,0.063,1.184,-1.928,0.007,0.883,-0.051,0.885,0.63,-5.64,89.70,0.4667,0.4690,0.4719,0.4730,8247,28.317,721.9,381.4,476.7,22.6,499.3,20.37,24.51,0.99103,1.322,13.98,25.15,14,2
16.802,hall_frame_check,9x4.5,pi5,0.065,1.238,-1.929,0.005,0.885,-0.050,0.886,0.63,-5.66,89.74,0.4676,0.4684,0.4720,0.4726,8247,28.317,721.9,381.4,476.7,22.6,499.3,20.37,24.51,0.99098,1.329,13.98,25.15,14,2
16.850,hall_frame_check,9x4.5,pi5,0.065,1.272,-1.930,0.003,0.886,-0.049,0.887,0.64,-5.68,89.76,0.4675,0.4690,0.4714,0.4727,8247,28.317,721.9,381.4,476.7,22.6,499.3,20.37,24.51,0.99094,1.336,13.98,25.15,14,2
16.902,hall_frame_check,9x4.5,pi5,0.066,1.319,-1.932,0.002,0.888,-0.048,0.889,0.64,-5.71,89.79,0.4678,0.4692,0.4712,0.4724,8247,28.315,721.8,381.3,476.6,22.6,499.2,20.37,24.51,0.99089,1.343,13.98,25.15,14,2
16.954,hall_frame_check,9x4.5,pi5,0.066,1.353,-1.933,0.001,0.889,-0.048,0.890,0.65,-5.72,89.80,0.4681,0.4693,0.4715,0.4714,8246,28.310,721.7,381.2,476.5,22.6,499.1,20.36,24.51,0.99084,1.350,13.98,25.15,14,2
17.002,hall_frame_check,9x4.5,pi5,0.067,1.408,-1.935,-0.001,0.891,-0.047,0.893,0.66,-5.74,89.82,0.4677,0.4701,0.4705,0.4719,8245,28.303,721.5,381.1,476.3,22.6,498.9,20.35,24.51,0.99080,1.357,13.99,25.15,14,2
17.050,hall_frame_check,9x4.5,pi5,0.067,1.442,-1.936,-0.003,0.893,-0.046,0.894,0.66,-5.76,89.84,0.4681,0.4700,0.4703,0.4715,8245,28.298,721.4,381.0,476.2,22.6,498.8,20.35,24.51,0.99075,1.364,13.99,25.15,14,2
17.102,hall_frame_check,9x4.5,pi5,0.066,1.489,-1.938,-0.005,0.894,-0.045,0.895,0.67,-5.78,89.86,0.4681,0.4702,0.4700,0.4715,8244,28.294,721.3,380.9,476.1,22.6,498.7,20.35,24.51,0.99070,1.371,13.99,25.15,14,2
17.154,hall_frame_check,9x4.5,pi5,0.066,1.524,-1.939,-0.006,0.896,-0.044,0.897,0.68,-5.80,89.88,0.4684,0.4702,0.4701,0.4712,8245,28.299,721.4,381.0,476.2,22.6,498.8,20.35,24.51,0.99065,1.378,13.99,25.15,14,2
17.202,hall_frame_check,9x4.5,pi5,0.065,1.579,-1.941,-0.009,0.898,-0.043,0.899,0.68,-5.82,89.90,0.4687,0.4701,0.4702,0.4710,8245,28.302,721.5,381.0,476.3,22.6,498.9,20.35,24.51,0.99061,1.385,13.98,25.15,14,2
17.254,hall_frame_check,9x4.5,pi5,0.065,1.613,-1.942,-0.010,0.900,-0.042,0.901,0.68,-5.83,89.92,0.4688,0.4701,0.4701,0.4712,8246,28.307,721.6,381.1,476.4,22.6,499.0,20.36,24.51,0.99056,1.392,13.98,25.15,14,2
17.302,hall_frame_check,9x4.5,pi5,0.064,1.662,-1.943,-0.012,0.902,-0.041,0.903,0.68,-5.85,89.95,0.4688,0.4702,0.4699,0.4715,8246,28.310,721.7,381.2,476.5,22.6,499.1,20.36,24.51,0.99051,1.398,13.98,25.15,14,2
17.354,hall_frame_check,9x4.5,pi5,0.063,1.697,-1.944,-0.013,0.904,-0.040,0.905,0.68,-5.87,89.96,0.4687,0.4704,0.4698,0.4715,8247,28.311,721.7,381.2,476.5,22.6,499.1,20.37,24.51,0.99046,1.406,13.97,25.15,14,2
17.402,hall_frame_check,9x4.5,pi5,0.062,1.753,-1.946,-0.015,0.906,-0.039,0.907,0.68,-5.88,89.97,0.4687,0.4701,0.4708,0.4702,8245,28.298,721.4,381.0,476.2,22.6,498.8,20.35,24.51,0.99042,1.412,13.98,25.15,14,2
17.454,hall_frame_check,9x4.5,pi5,0.061,1.789,-1.947,-0.016,0.909,-0.038,0.909,0.68,-5.89,89.98,0.4694,0.4688,0.4708,0.4696,8240,28.265,720.5,380.3,475.4,22.6,498.0,20.32,24.51,0.99037,1.419,14.01,25.15,14,2
17.502,hall_frame_check,9x4.5,pi5,0.060,1.839,-1.948,-0.017,0.911,-0.037,0.912,0.68,-5.86,89.98,0.4695,0.4686,0.4705,0.4695,8238,28.251,720.2,380.0,475.0,22.6,497.6,20.30,24.51,0.99032,1.426,14.01,25.15,14,2
17.550,hall_frame_check,9x4.5,pi5,0.060,1.874,-1.949,-0.018,0.913,-0.035,0.913,0.68,-5.78,89.98,0.4693,0.4687,0.4703,0.4694,8237,28.244,720.0,379.9,474.8,22.6,497.4,20.30,24.51,0.99028,1.433,14.02,25.15,14,2
17.602,hall_frame_check,9x4.5,pi5,0.059,1.932,-1.950,-0.019,0.913,-0.033,0.914,0.68,-5.58,89.98,0.4682,0.4699,0.4699,0.4696,8237,28.243,720.0,379.9,474.8,22.6,497.4,20.29,24.51,0.99023,1.440,14.02,25.15,14,2
17.654,hall_frame_check,9x4.5,pi5,0.058,1.968,-1.951,-0.019,0.912,-0.032,0.913,0.67,-5.40,89.97,0.4687,0.4697,0.4701,0.4693,8237,28.246,720.1,379.9,474.9,22.6,497.5,20.30,24.51,0.99018,1.447,14.01,25.15,14,2
17.702,hall_frame_check,9x4.5,pi5,0.058,2.018,-1.951,-0.019,0.909,-0.030,0.909,0.67,-5.08,89.96,0.4687,0.4700,0.4696,0.4696,8237,28.248,720.1,379.9,474.9,22.6,497.5,20.30,24.51,0.99014,1.454,14.01,25.15,14,2
17.754,hall_frame_check,9x4.5,pi5,0.058,2.054,-1.952,-0.019,0.904,-0.030,0.905,0.67,-4.84,89.95,0.4686,0.4703,0.4694,0.4694,8237,28.244,720.0,379.9,474.8,22.6,497.4,20.30,24.51,0.99009,1.461,14.01,25.15,14,2
17.802,hall_frame_check,9x4.5,pi5,0.057,2.110,-1.953,-0.019,0.895,-0.028,0.895,0.67,-4.47,89.94,0.4686,0.4705,0.4689,0.4698,8237,28.246,720.1,379.9,474.9,22.6,497.5,20.30,24.51,0.99004,1.468,14.01,25.14,14,2
17.854,hall_frame_check,9x4.5,pi5,0.056,2.145,-1.954,-0.019,0.886,-0.028,0.887,0.67,-4.22,89.94,0.4686,0.4705,0.4683,0.4700,8236,28.236,719.8,379.7,474.6,22.6,497.2,20.29,24.51,0.98999,1.475,14.02,25.14,14,2
17.902,hall_frame_check,9x4.5,pi5,0.055,2.193,-1.955,-0.019,0.873,-0.027,0.873,0.67,-3.84,89.94,0.4684,0.4706,0.4686,0.4694,8234,28.227,719.6,379.5,474.4,22.6,497.0,20.28,24.51,0.98995,1.481,14.02,25.14,14,2
17.954,hall_frame_check,9x4.5,pi5,0.054,2.227,-1.956,-0.019,0.861,-0.027,0.862,0.67,-3.60,89.94,0.4686,0.4703,0.4684,0.4694,8233,28.217,719.3,379.3,474.2,22.6,496.8,20.27,24.51,0.98990,1.489,14.03,25.14,14,2
18.002,hall_frame_check,9x4.5,pi5,0.052,2.280,-1.957,-0.020,0.841,-0.027,0.841,0.67,-3.24,89.94,0.4681,0.4706,0.4683,0.4692,8231,28.207,719.1,379.1,473.9,22.6,496.5,20.26,24.51,0.98985,1.495,14.04,25.14,14,2
18.054,hall_frame_check,9x4.5,pi5,0.051,2.313,-1.958,-0.020,0.826,-0.026,0.827,0.66,-3.02,89.94,0.4683,0.4701,0.4684,0.4691,8230,28.195,718.8,378.9,473.6,22.6,496.2,20.25,24.51,0.98981,1.502,14.04,25.14,14,2
18.102,hall_frame_check,9x4.5,pi5,0.048,2.357,-1.959,-0.021,0.805,-0.026,0.805,0.66,-2.70,89.94,0.4679,0.4701,0.4679,0.4694,8228,28.182,718.4,378.6,473.3,22.6,495.9,20.23,24.51,0.98976,1.509,14.05,25.14,14,2
18.150,hall_frame_check,9x4.5,pi5,0.046,2.388,-1.960,-0.022,0.788,-0.026,0.789,0.65,-2.50,89.95,0.4674,0.4701,0.4677,0.4695,8226,28.168,718.1,378.3,472.9,22.6,495.5,20.22,24.51,0.98972,1.516,14.06,25.14,14,2
18.202,hall_frame_check,9x4.5,pi5,0.042,2.435,-1.962,-0.023,0.760,-0.025,0.761,0.63,-2.22,89.95,0.4678,0.4693,0.4680,0.4688,8223,28.151,717.6,378.0,472.5,22.6,495.1,20.20,24.51,0.98967,1.523,14.07,25.14,14,2
18.254,hall_frame_check,9x4.5,pi5,0.040,2.464,-1.964,-0.023,0.742,-0.024,0.743,0.61,-2.04,89.94,0.4673,0.4695,0.4677,0.4688,8221,28.134,717.2,377.7,472.1,22.6,494.7,20.18,24.51,0.98962,1.530,14.08,25.14,14,2
18.302,hall_frame_check,9x4.5,pi5,0.036,2.503,-1.966,-0.024,0.716,-0.024,0.716,0.59,-1.81,89.93,0.4674,0.4691,0.4678,0.4684,8218,28.118,716.8,377.3,471.7,22.6,494.3,20.17,24.51,0.98957,1.536,14.09,25.14,14,2
18.350,hall_frame_check,9x4.5,pi5,0.033,2.531,-1.967,-0.025,0.697,-0.023,0.698,0.57,-1.66,89.92,0.4675,0.4688,0.4675,0.4682,8216,28.101,716.4,377.0,471.2,22.6,493.8,20.15,24.51,0.98953,1.543,14.11,25.14,14,2
18.402,hall_frame_check,9x4.5,pi5,0.028,2.572,-1.970,-0.026,0.666,-0.022,0.667,0.53,-1.46,89.89,0.4671,0.4692,0.4673,0.4678,8214,28.084,716.0,376.7,470.8,22.6,493.4,20.13,24.51,0.98948,1.550,14.12,25.14,14,2
18.450,hall_frame_check,9x4.5,pi5,0.025,2.598,-1.971,-0.027,0.647,-0.021,0.648,0.51,-1.34,89.87,0.4673,0.4690,0.4662,0.4682,8211,28.070,715.6,376.4,470.5,22.6,493.1,20.12,24.51,0.98944,1.557,14.13,25.14,14,2
18.502,hall_frame_check,9x4.5,pi5,0.020,2.632,-1.974,-0.028,0.620,-0.019,0.621,0.47,-1.17,89.82,0.4674,0.4691,0.4664,0.4673,8210,28.059,715.3,376.1,470.2,22.6,492.8,20.11,24.51,0.98939,1.564,14.13,25.14,14,2
18.550,hall_frame_check,9x4.5,pi5,0.017,2.655,-1.975,-0.029,0.601,-0.018,0.602,0.44,-1.07,89.78,0.4680,0.4689,0.4661,0.4668,8208,28.047,715.0,375.9,469.9,22.6,492.5,20.09,24.51,0.98934,1.570,14.14,25.14,14,2
18.602,hall_frame_check,9x4.5,pi5,0.012,2.690,-1.978,-0.029,0.570,-0.016,0.571,0.39,-0.93,89.72,0.4676,0.4696,0.4656,0.4665,8206,28.036,714.7,375.7,469.6,22.6,492.2,20.08,24.51,0.98929,1.578,14.15,25.14,14,2
18.654,hall_frame_check,9x4.5,pi5,0.008,2.711,-1.980,-0.029,0.551,-0.015,0.552,0.36,-0.84,89.68,0.4676,0.4699,0.4649,0.4663,8204,28.022,714.4,375.4,469.3,22.6,491.9,20.07,24.51,0.98925,1.585,14.16,25.14,14,2
18.702,hall_frame_check,9x4.5,pi5,0.004,2.739,-1.982,-0.029,0.524,-0.014,0.525,0.31,-0.73,89.63,0.4682,0.4695,0.4650,0.4657,8203,28.013,714.1,375.2,469.0,22.6,491.6,20.06,24.51,0.98920,1.591,14.16,25.14,14,2
18.754,hall_frame_check,9x4.5,pi5,0.000,2.757,-1.984,-0.029,0.506,-0.012,0.507,0.27,-0.66,89.61,0.4677,0.4697,0.4648,0.4657,8201,28.002,713.9,375.0,468.8,22.6,491.4,20.05,24.51,0.98915,1.598,14.17,25.14,14,2
18.802,hall_frame_check,9x4.5,pi5,-0.004,2.786,-1.987,-0.028,0.476,-0.010,0.477,0.23,-0.57,89.59,0.4676,0.4696,0.4648,0.4657,8201,27.996,713.7,374.9,468.6,22.6,491.2,20.04,24.51,0.98911,1.605,14.17,25.14,14,2
18.854,hall_frame_check,9x4.5,pi5,-0.007,2.802,-1.988,-0.027,0.458,-0.009,0.459,0.19,-0.52,89.59,0.4678,0.4690,0.4652,0.4655,8200,27.990,713.5,374.8,468.5,22.6,491.1,20.04,24.51,0.98906,1.612,14.18,25.14,14,2
18.902,hall_frame_check,9x4.5,pi5,-0.011,2.824,-1.991,-0.025,0.433,-0.013,0.434,0.08,-0.45,89.60,0.5073,0.4481,0.4487,0.5009,8336,28.994,739.1,396.5,495.6,22.6,518.2,21.18,24.47,0.98901,1.619,13.41,25.14,14,2
18.950,hall_frame_check,9x4.5,pi5,-0.013,2.839,-1.993,-0.022,0.416,-0.028,0.418,-0.83,-0.35,89.61,0.4733,0.4737,0.4698,0.4713,8274,28.503,726.6,385.1,481.4,22.6,504.0,20.58,24.49,0.98897,1.626,13.80,25.14,14,2
19.002,hall_frame_check,9x4.5,pi5,-0.016,2.862,-1.998,0.001,0.388,-0.043,0.390,-3.15,-0.14,89.63,0.4615,0.4783,0.4733,0.4620,8227,28.184,718.5,378.7,473.4,22.6,496.0,20.25,24.50,0.98892,1.633,14.03,25.14,14,2
19.054,hall_frame_check,9x4.5,pi5,-0.017,2.875,-2.001,0.028,0.370,-0.044,0.374,-4.71,-0.01,89.65,0.4605,0.4737,0.4706,0.4610,8194,27.951,712.6,374.0,467.5,22.6,490.1,20.00,24.51,0.98887,1.640,14.20,25.14,14,2
19.102,hall_frame_check,9x4.5,pi5,-0.016,2.893,-2.005,0.081,0.345,-0.039,0.357,-6.57,0.12,89.70,0.4587,0.4722,0.4707,0.4603,8180,27.856,710.1,372.1,465.2,22.6,487.8,19.90,24.51,0.98883,1.646,14.27,25.14,14,2
19.150,hall_frame_check,9x4.5,pi5,-0.012,2.905,-2.008,0.125,0.328,-0.033,0.353,-7.48,0.18,89.76,0.4588,0.4701,0.4700,0.4619,8176,27.828,709.4,371.5,464.4,22.6,487.0,19.87,24.51,0.98878,1.653,14.29,25.14,14,2
19.202,hall_frame_check,9x4.5,pi5,-0.002,2.922,-2.012,0.204,0.301,-0.021,0.365,-8.38,0.21,89.88,0.4600,0.4675,0.4701,0.4640,8178,27.844,709.8,371.9,464.8,22.6,487.4,19.89,24.51,0.98873,1.660,14.28,25.14,14,2
19.250,hall_frame_check,9x4.5,pi5,0.008,2.932,-2.014,0.256,0.285,-0.013,0.384,-8.72,0.21,89.98,0.4599,0.4667,0.4703,0.4663,8184,27.886,710.9,372.7,465.9,22.6,488.5,19.93,24.51,0.98869,1.666,14.25,25.14,14,2
19.302,hall_frame_check,9x4.5,pi5,0.025,2.945,-2.017,0.328,0.265,-0.003,0.421,-8.95,0.19,90.16,0.4609,0.4651,0.4713,0.4684,8193,27.948,712.5,373.9,467.4,22.6,490.0,20.00,24.51,0.98864,1.673,14.20,25.14,14,2
19.350,hall_frame_check,9x4.5,pi5,0.040,2.954,-2.018,0.378,0.251,0.004,0.454,-8.95,0.16,90.30,0.4611,0.4643,0.4718,0.4706,8201,28.002,713.8,375.0,468.8,22.6,491.4,20.05,24.50,0.98860,1.680,14.16,25.14,14,2
19.402,hall_frame_check,9x4.5,pi5,0.070,2.967,-2.019,0.454,0.231,0.012,0.510,-8.79,0.10,90.50,0.4614,0.4634,0.4727,0.4725,8209,28.056,715.2,376.1,470.2,22.6,492.8,20.11,24.50,0.98855,1.687,14.11,25.14,14,2
19.450,hall_frame_check,9x4.5,pi5,0.090,2.974,-2.019,0.499,0.219,0.016,0.545,-8.61,0.06,90.63,0.4619,0.4628,0.4742,0.4731,8216,28.105,716.5,377.1,471.4,22.6,494.0,20.16,24.50,0.98850,1.694,14.08,25.14,14,2
19.502,hall_frame_check,9x4.5,pi5,0.122,2.983,-2.019,0.556,0.205,0.021,0.593,-8.28,-0.01,90.77,0.4624,0.4626,0.4746,0.4742,8223,28.151,717.6,378.0,472.6,22.6,495.2,20.21,24.50,0.98846,1.701,14.04,25.14,14,2
19.554,hall_frame_check,9x4.5,pi5,0.147,2.990,-2.019,0.593,0.195,0.023,0.625,-8.04,-0.05,90.84,0.4635,0.4623,0.4738,0.4753,8227,28.178,718.3,378.6,473.3,22.6,495.9,20.24,24.50,0.98841,1.708,14.02,25.14,14,2
19.602,hall_frame_check,9x4.5,pi5,0.189,2.999,-2.018,0.645,0.182,0.025,0.671,-7.66,-0.12,90.89,0.4640,0.4631,0.4732,0.4754,8230,28.199,718.9,379.0,473.8,22.6,496.4,20.26,24.49,0.98836,1.715,14.01,25.14,14,2
19.654,hall_frame_check,9x4.5,pi5,0.217,3.005,-2.017,0.674,0.174,0.026,0.697,-7.40,-0.16,90.88,0.4649,0.4645,0.4727,0.4746,8233,28.218,719.4,379.4,474.2,22.6,496.8,20.28,24.49,0.98831,1.722,13.99,25.14,14,2
19.702,hall_frame_check,9x4.5,pi5,0.258,3.012,-2.016,0.709,0.164,0.026,0.728,-7.05,-0.22,90.82,0.4666,0.4652,0.4714,0.4738,8234,28.228,719.6,379.6,474.5,22.6,497.1,20.29,24.49,0.98827,1.728,13.98,25.14,14,2
19.750,hall_frame_check,9x4.5,pi5,0.288,3.017,-2.015,0.731,0.157,0.026,0.748,-6.82,-0.25,90.74,0.4684,0.4662,0.4708,0.4720,8236,28.239,719.9,379.8,474.7,22.6,497.3,20.31,24.49,0.98822,1.735,13.97,25.14,14,2
19.802,hall_frame_check,9x4.5,pi5,0.337,3.025,-2.014,0.761,0.147,0.024,0.775,-6.52,-0.30,90.60,0.4697,0.4681,0.4687,0.4712,8237,28.244,720.0,379.9,474.8,22.6,497.4,20.31,24.49,0.98817,1.742,13.97,25.14,14,2
19.854,hall_frame_check,9x4.5,pi5,0.369,3.030,-2.012,0.776,0.141,0.023,0.789,-6.34,-0.34,90.49,0.4711,0.4699,0.4673,0.4696,8238,28.249,720.2,380.0,475.0,22.6,497.6,20.32,24.49,0.98813,1.749,13.97,25.14,14,2
19.902,hall_frame_check,9x4.5,pi5,0.414,3.036,-2.011,0.795,0.134,0.022,0.806,-6.11,-0.38,90.31,0.4720,0.4716,0.4664,0.4679,8238,28.250,720.2,380.0,475.0,22.6,497.6,20.32,24.49,0.98808,1.756,13.96,25.14,14,2
19.950,hall_frame_check,9x4.5,pi5,0.446,3.040,-2.010,0.806,0.129,0.021,0.817,-5.97,-0.41,90.19,0.4735,0.4724,0.4647,0.4673,8237,28.250,720.2,380.0,475.0,22.6,497.6,20.32,24.49,0.98803,1.763,13.96,25.14,14,2
20.002,hall_frame_check,9x4.5,pi5,0.499,3.047,-2.008,0.821,0.121,0.019,0.831,-5.80,-0.45,90.03,0.4738,0.4738,0.4640,0.4661,8237,28.246,720.1,379.9,474.9,22.6,497.5,20.32,24.49,0.98799,1.770,13.96,25.14,14,2
20.054,hall_frame_check,9x4.5,pi5,0.532,3.051,-2.007,0.829,0.117,0.018,0.838,-5.71,-0.47,89.94,0.4751,0.4736,0.4635,0.4656,8237,28.247,720.1,380.0,475.0,22.6,497.6,20.32,24.49,0.98794,1.777,13.96,25.14,14,2
20.102,hall_frame_check,9x4.5,pi5,0.578,3.056,-2.006,0.838,0.112,0.016,0.846,-5.60,-0.50,89.83,0.4752,0.4737,0.4632,0.4656,8237,28.248,720.1,380.0,475.0,22.6,497.6,20.32,24.49,0.98789,1.784,13.96,25.14,14,2
20.150,hall_frame_check,9x4.5,pi5,0.612,3.059,-2.005,0.844,0.108,0.015,0.851,-5.53,-0.51,89.77,0.4751,0.4737,0.4633,0.4658,8238,28.253,720.2,380.1,475.1,22.6,497.7,20.32,24.49,0.98785,1.790,13.96,25.14,14,2
20.202,hall_frame_check,9x4.5,pi5,0.665,3.064,-2.004,0.851,0.102,0.014,0.858,-5.46,-0.53,89.71,0.4749,0.4731,0.4638,0.4662,8238,28.252,720.2,380.1,475.1,22.6,497.7,20.32,24.49,0.98780,1.798,13.95,25.14,14,2
20.254,hall_frame_check,9x4.5,pi5,0.698,3.068,-2.003,0.855,0.099,0.013,0.861,-5.42,-0.53,89.69,0.4739,0.4728,0.4642,0.4669,8237,28.250,720.2,380.0,475.0,22.6,497.6,20.32,24.49,0.98775,1.805,13.96,25.14,14,2
20.302,hall_frame_check,9x4.5,pi5,0.745,3.072,-2.002,0.860,0.095,0.011,0.865,-5.38,-0.54,89.68,0.4733,0.4722,0.4650,0.4674,8238,28.250,720.2,380.0,475.0,22.6,497.6,20.32,24.49,0.98770,1.811,13.95,25.14,14,2
20.354,hall_frame_check,9x4.5,pi5,0.779,3.075,-2.001,0.863,0.093,0.010,0.868,-5.37,-0.54,89.68,0.4724,0.4716,0.4658,0.4681,8237,28.245,720.1,379.9,474.9,22.6,497.5,20.32,24.49,0.98765,1.819,13.96,25.14,14,2
20.402,hall_frame_check,9x4.5,pi5,0.832,3.080,-2.000,0.867,0.089,0.008,0.872,-5.35,-0.53,89.71,0.4718,0.4705,0.4667,0.4685,8236,28.237,719.9,379.7,474.7,22.6,497.3,20.31,24.49,0.98761,1.825,13.96,25.14,14,2
20.454,hall_frame_check,9x4.5,pi5,0.866,3.083,-2.000,0.870,0.086,0.008,0.874,-5.34,-0.53,89.74,0.4705,0.4700,0.4673,0.4695,8236,28.236,719.8,379.7,474.6,22.6,497.2,20.31,24.49,0.98756,1.832,13.96,25.14,14,2
20.502,hall_frame_check,9x4.5,pi5,0.912,3.087,-1.999,0.872,0.083,0.007,0.876,-5.34,-0.52,89.78,0.4700,0.4692,0.4677,0.4704,8235,28.235,719.8,379.7,474.6,22.6,497.2,20.31,24.49,0.98752,1.839,13.96,25.14,14,2
20.554,hall_frame_check,9x4.5,pi5,0.945,3.089,-1.999,0.874,0.081,0.006,0.878,-5.34,-0.50,89.80,0.4695,0.4686,0.4687,0.4705,8235,28.232,719.7,379.6,474.5,22.6,497.1,20.30,24.49,0.98747,1.846,13.96,25.14,14,2
20.602,hall_frame_check,9x4.5,pi5,0.998,3.093,-1.998,0.876,0.077,0.005,0.879,-5.35,-0.49,89.83,0.4693,0.4682,0.4690,0.4709,8235,28.235,719.8,379.7,474.6,22.6,497.2,20.31,24.49,0.98742,1.853,13.96,25.14,14,2
20.654,hall_frame_check,9x4.5,pi5,1.031,3.095,-1.998,0.877,0.074,0.004,0.880,-5.36,-0.48,89.84,0.4686,0.4683,0.4693,0.4710,8235,28.232,719.7,379.6,474.5,22.6,497.1,20.30,24.49,0.98737,1.860,13.96,25.14,14,2
20.702,hall_frame_check,9x4.5,pi5,1.076,3.098,-1.998,0.879,0.071,0.003,0.881,-5.37,-0.46,89.85,0.4690,0.4677,0.4695,0.4708,8234,28.227,719.6,379.5,474.4,22.6,497.0,20.30,24.48,0.98733,1.867,13.96,25.14,14,2
20.750,hall_frame_check,9x4.5,pi5,1.109,3.100,-1.997,0.880,0.068,0.003,0.882,-5.39,-0.45,89.86,0.4692,0.4676,0.4689,0.4710,8233,28.218,719.4,379.4,474.2,22.6,496.8,20.29,24.48,0.98728,1.873,13.97,25.14,14,2
20.802,hall_frame_check,9x4.5,pi5,1.161,3.103,-1.997,0.881,0.064,0.002,0.884,-5.41,-0.43,89.85,0.4686,0.4683,0.4696,0.4699,8232,28.213,719.2,379.2,474.1,22.6,496.7,20.28,24.48,0.98723,1.880,13.97,25.13,14,2
20.850,hall_frame_check,9x4.5,pi5,1.194,3.104,-1.997,0.882,0.062,0.002,0.884,-5.43,-0.42,89.85,0.4690,0.4682,0.4685,0.4705,8231,28.208,719.1,379.1,473.9,22.6,496.5,20.28,24.48,0.98719,1.887,13.97,25.13,14,2
20.902,hall_frame_check,9x4.5,pi5,1.240,3.107,-1.997,0.884,0.059,0.002,0.886,-5.45,-0.40,89.85,0.4692,0.4684,0.4684,0.4703,8231,28.206,719.1,379.1,473.9,22.6,496.5,20.28,24.48,0.98714,1.894,13.97,25.13,14,2
20.950,hall_frame_check,9x4.5,pi5,1.272,3.108,-1.998,0.884,0.057,0.001,0.886,-5.47,-0.39,89.85,0.4694,0.4683,0.4684,0.4700,8231,28.204,719.0,379.1,473.8,22.6,496.4,20.28,24.48,0.98709,1.901,13.97,25.13,14,2
21.002,hall_frame_check,9x4.5,pi5,1.324,3.111,-1.998,0.886,0.053,0.001,0.887,-5.50,-0.38,89.85,0.4697,0.4683,0.4683,0.4697,8230,28.199,718.9,379.0,473.7,22.6,496.3,20.27,24.48,0.98705,1.908,13.98,25.13,14,2
21.054,hall_frame_check,9x4.5,pi5,1.357,3.112,-1.998,0.886,0.051,0.001,0.888,-5.51,-0.37,89.85,0.4695,0.4685,0.4677,0.4700,8230,28.195,718.8,378.9,473.6,22.6,496.2,20.27,24.48,0.98700,1.915,13.98,25.13,14,2
21.102,hall_frame_check,9x4.5,pi5,1.402,3.114,-1.999,0.887,0.048,0.001,0.889,-5.54,-0.35,89.85,0.4695,0.4685,0.4678,0.4697,8229,28.189,718.6,378.8,473.4,22.6,496.0,20.26,24.48,0.98695,1.922,13.98,25.13,14,2
21.150,hall_frame_check,9x4.5,pi5,1.434,3.116,-1.999,0.888,0.047,0.001,0.889,-5.56,-0.33,89.86,0.4694,0.4685,0.4679,0.4695,8228,28.185,718.5,378.7,473.4,22.6,496.0,20.26,24.48,0.98691,1.928,13.98,25.13,14,2
21.202,hall_frame_check,9x4.5,pi5,1.486,3.117,-1.999,0.890,0.043,0.001,0.891,-5.59,-0.30,89.87,0.4693,0.4686,0.4678,0.4697,8229,28.189,718.6,378.8,473.4,22.6,496.0,20.26,24.48,0.98686,1.936,13.98,25.13,14,2
21.250,hall_frame_check,9x4.5,pi5,1.519,3.118,-1.999,0.890,0.041,0.002,0.891,-5.61,-0.29,89.87,0.4694,0.4686,0.4678,0.4700,8230,28.197,718.8,378.9,473.7,22.6,496.3,20.27,24.48,0.98681,1.942,13.97,25.13,14,2
21.302,hall_frame_check,9x4.5,pi5,1.565,3.119,-1.999,0.892,0.038,0.002,0.893,-5.64,-0.26,89.88,0.4695,0.4685,0.4682,0.4699,8231,28.205,719.0,379.1,473.8,22.6,496.4,20.28,24.48,0.98676,1.949,13.97,25.13,14,2
21.354,hall_frame_check,9x4.5,pi5,1.597,3.120,-2.000,0.893,0.036,0.002,0.893,-5.65,-0.24,89.88,0.4695,0.4685,0.4683,0.4700,8232,28.208,719.1,379.1,473.9,22.6,496.5,20.28,24.48,0.98672,1.956,13.96,25.13,14,2
21.402,hall_frame_check,9x4.5,pi5,1.650,3.121,-2.000,0.895,0.032,0.002,0.895,-5.68,-0.21,89.89,0.4692,0.4687,0.4679,0.4705,8232,28.210,719.2,379.2,474.0,22.6,496.6,20.29,24.48,0.98667,1.963,13.96,25.13,14,2
21.450,hall_frame_check,9x4.5,pi5,1.683,3.122,-2.000,0.896,0.030,0.002,0.896,-5.70,-0.19,89.90,0.4690,0.4689,0.4683,0.4702,8232,28.208,719.1,379.1,473.9,22.6,496.5,20.28,24.48,0.98663,1.970,13.96,25.13,14,2
21.502,hall_frame_check,9x4.5,pi5,1.730,3.123,-2.000,0.897,0.027,0.002,0.898,-5.72,-0.16,89.91,0.4688,0.4687,0.4683,0.4700,8230,28.198,718.9,378.9,473.7,22.6,496.3,20.27,24.48,0.98658,1.977,13.97,25.13,14,2
21.550,hall_frame_check,9x4.5,pi5,1.763,3.124,-2.001,0.899,0.025,0.002,0.899,-5.73,-0.15,89.92,0.4679,0.4688,0.4688,0.4689,8225,28.161,717.9,378.2,472.7,22.6,495.3,20.23,24.48,0.98653,1.984,13.99,25.13,14,2
21.602,hall_frame_check,9x4.5,pi5,1.817,3.125,-2.002,0.900,0.021,0.002,0.901,-5.74,-0.11,89.93,0.4675,0.4684,0.4684,0.4684,8219,28.122,716.9,377.4,471.8,22.6,494.4,20.19,24.48,0.98648,1.991,14.02,25.13,14,2
21.650,hall_frame_check,9x4.5,pi5,1.850,3.125,-2.002,0.901,0.019,0.003,0.902,-5.70,-0.09,89.94,0.4671,0.4681,0.4677,0.4688,8215,28.095,716.2,376.9,471.1,22.6,493.7,20.17,24.48,0.98644,1.997,14.04,25.13,14,2
21.702,hall_frame_check,9x4.5,pi5,1.898,3.126,-2.003,0.902,0.016,0.004,0.902,-5.56,-0.07,89.96,0.4666,0.4681,0.4679,0.4682,8212,28.073,715.7,376.4,470.5,22.6,493.1,20.14,24.48,0.98639,2.004,14.06,25.13,14,2
21.754,hall_frame_check,9x4.5,pi5,1.932,3.127,-2.004,0.902,0.014,0.005,0.902,-5.42,-0.06,89.97,0.4673,0.4671,0.4674,0.4686,8210,28.063,715.4,376.2,470.3,22.6,492.9,20.13,24.48,0.98634,2.011,14.06,25.13,14,2
21.802,hall_frame_check,9x4.5,pi5,1.986,3.127,-2.005,0.898,0.011,0.007,0.899,-5.16,-0.05,89.98,0.4675,0.4668,0.4673,0.4687,8210,28.061,715.4,376.2,470.2,22.6,492.8,20.13,24.48,0.98630,2.018,14.06,25.13,14,2
21.854,hall_frame_check,9x4.5,pi5,2.020,3.127,-2.005,0.895,0.009,0.008,0.895,-4.95,-0.04,89.99,0.4673,0.4670,0.4679,0.4681,8210,28.059,715.3,376.1,470.2,22.6,492.8,20.13,24.48,0.98625,2.025,14.06,25.13,14,2
21.902,hall_frame_check,9x4.5,pi5,2.068,3.127,-2.006,0.888,0.006,0.009,0.888,-4.62,-0.04,90.00,0.4672,0.4672,0.4672,0.4688,8210,28.061,715.4,376.2,470.2,22.6,492.8,20.13,24.48,0.98620,2.032,14.06,25.13,14,2
21.950,hall_frame_check,9x4.5,pi5,2.102,3.127,-2.006,0.882,0.004,0.010,0.882,-4.39,-0.04,90.01,0.4678,0.4667,0.4675,0.4687,8211,28.069,715.6,376.3,470.4,22.6,493.0,20.14,24.48,0.98616,2.038,14.05,25.13,14,2
22.002,hall_frame_check,9x4.5,pi5,2.156,3.126,-2.005,0.869,0.000,0.011,0.869,-4.04,-0.04,90.02,0.4676,0.4673,0.4670,0.4692,8213,28.079,715.8,376.6,470.7,22.6,493.3,20.15,24.48,0.98611,2.045,14.04,25.13,14,2
22.054,hall_frame_check,9x4.5,pi5,2.189,3.126,-2.005,0.859,-0.002,0.011,0.859,-3.80,-0.04,90.02,0.4680,0.4671,0.4672,0.4693,8215,28.093,716.2,376.8,471.0,22.6,493.6,20.17,24.48,0.98606,2.053,14.03,25.13,14,2
22.102,hall_frame_check,9x4.5,pi5,2.235,3.125,-2.004,0.843,-0.004,0.012,0.843,-3.46,-0.05,90.02,0.4689,0.4666,0.4671,0.4696,8217,28.107,716.5,377.1,471.4,22.6,494.0,20.18,24.48,0.98602,2.059,14.02,25.13,14,2
22.150,hall_frame_check,9x4.5,pi5,2.267,3.124,-2.004,0.830,-0.006,0.012,0.830,-3.23,-0.06,90.02,0.4679,0.4678,0.4676,0.4691,8218,28.114,716.7,377.2,471.6,22.6,494.2,20.19,24.48,0.98597,2.066,14.02,25.13,14,2
22.202,hall_frame_check,9x4.5,pi5,2.317,3.122,-2.003,0.808,-0.010,0.011,0.808,-2.91,-0.07,90.03,0.4686,0.4673,0.4674,0.4694,8219,28.121,716.9,377.4,471.7,22.6,494.3,20.20,24.48,0.98592,2.073,14.01,25.13,14,2
22.250,hall_frame_check,9x4.5,pi5,2.347,3.120,-2.002,0.793,-0.012,0.011,0.793,-2.71,-0.08,90.03,0.4685,0.4677,0.4672,0.4698,8220,28.132,717.2,377.6,472.0,22.6,494.6,20.21,24.48,0.98588,2.079,14.00,25.13,14,2
22.302,hall_frame_check,9x4.5,pi5,2.389,3.118,-2.001,0.770,-0.015,0.010,0.770,-2.43,-0.11,90.03,0.4689,0.4677,0.4676,0.4695,8222,28.142,717.4,377.8,472.3,22.6,494.9,20.22,24.47,0.98583,2.087,13.99,25.13,14,2
22.354,hall_frame_check,9x4.5,pi5,2.417,3.117,-2.000,0.753,-0.016,0.009,0.753,-2.25,-0.12,90.03,0.4689,0.4678,0.4675,0.4697,8223,28.149,717.6,378.0,472.4,22.6,495.0,20.23,24.47,0.98578,2.094,13.99,25.13,14,2
22.402,hall_frame_check,9x4.5,pi5,2.461,3.114,-1.999,0.725,-0.019,0.008,0.725,-2.01,-0.15,90.02,0.4694,0.4674,0.4671,0.4701,8223,28.153,717.7,378.0,472.5,22.6,495.1,20.23,24.47,0.98574,2.100,13.98,25.13,14,2
22.450,hall_frame_check,9x4.5,pi5,2.488,3.112,-1.998,0.706,-0.020,0.007,0.706,-1.85,-0.17,90.02,0.4687,0.4684,0.4679,0.4690,8223,28.152,717.7,378.0,472.5,22.6,495.1,20.23,24.47,0.98569,2.107,13.98,25.13,14,2
22.502,hall_frame_check,9x4.5,pi5,2.523,3.110,-1.997,0.679,-0.021,0.006,0.680,-1.65,-0.20,90.01,0.4692,0.4680,0.4674,0.4693,8223,28.148,717.6,377.9,472.4,22.6,495.0,20.23,24.47,0.98564,2.114,13.98,25.13,14,2
22.550,hall_frame_check,9x4.5,pi5,2.547,3.109,-1.997,0.660,-0.021,0.005,0.660,-1.53,-0.22,90.00,0.4691,0.4682,0.4673,0.4693,8223,28.149,717.6,378.0,472.5,22.6,495.1,20.23,24.47,0.98560,2.121,13.98,25.13,14,2
22.602,hall_frame_check,9x4.5,pi5,2.584,3.107,-1.996,0.629,-0.021,0.004,0.629,-1.37,-0.24,89.99,0.4692,0.4681,0.4675,0.4690,8222,28.145,717.5,377.9,472.3,22.6,494.9,20.22,24.47,0.98555,2.128,13.98,25.13,14,2
22.650,hall_frame_check,9x4.5,pi5,2.606,3.106,-1.995,0.609,-0.022,0.003,0.610,-1.27,-0.25,89.99,0.4694,0.4678,0.4673,0.4690,8222,28.139,717.4,377.8,472.2,22.6,494.8,20.22,24.47,0.98550,2.134,13.99,25.13,14,2
22.702,hall_frame_check,9x4.5,pi5,2.636,3.105,-1.995,0.582,-0.021,0.003,0.583,-1.15,-0.27,89.97,0.4693,0.4680,0.4675,0.4686,8221,28.135,717.2,377.7,472.1,22.6,494.7,20.21,24.47,0.98546,2.142,13.99,25.13,14,2
22.750,hall_frame_check,9x4.5,pi5,2.656,3.105,-1.995,0.564,-0.021,0.002,0.564,-1.08,-0.28,89.97,0.4687,0.4685,0.4670,0.4687,8219,28.124,717.0,377.4,471.8,22.6,494.4,20.20,24.47,0.98541,2.148,14.00,25.13,14,2
22.802,hall_frame_check,9x4.5,pi5,2.688,3.104,-1.995,0.534,-0.020,0.001,0.535,-0.98,-0.28,89.96,0.4692,0.4678,0.4667,0.4686,8217,28.111,716.6,377.2,471.5,22.6,494.1,20.19,24.47,0.98536,2.155,14.00,25.12,14,2
22.850,hall_frame_check,9x4.5,pi5,2.707,3.103,-1.995,0.516,-0.020,0.001,0.517,-0.92,-0.29,89.95,0.4684,0.4683,0.4668,0.4684,8216,28.099,716.3,377.0,471.2,22.6,493.8,20.18,24.47,0.98532,2.162,14.01,25.12,14,2
22.902,hall_frame_check,9x4.5,pi5,2.733,3.103,-1.996,0.492,-0.019,0.000,0.492,-0.84,-0.28,89.94,0.4685,0.4680,0.4672,0.4679,8215,28.092,716.1,376.8,471.0,22.6,493.6,20.17,24.47,0.98527,2.169,14.02,25.12,14,2
22.950,hall_frame_check,9x4.5,pi5,2.750,3.102,-1.996,0.475,-0.018,0.000,0.475,-0.80,-0.28,89.94,0.4688,0.4675,0.4666,0.4683,8213,28.083,715.9,376.6,470.8,22.6,493.4,20.16,24.47,0.98522,2.176,14.02,25.12,14,2
23.002,hall_frame_check,9x4.5,pi5,2.777,3.102,-1.997,0.449,-0.018,-0.000,0.449,-0.73,-0.28,89.94,0.4684,0.4675,0.4669,0.4679,8212,28.071,715.6,376.4,470.5,22.6,493.1,20.15,24.47,0.98518,2.183,14.03,25.12,14,2
23.050,hall_frame_check,9x4.5,pi5,2.793,3.101,-1.997,0.433,-0.017,0.000,0.433,-0.69,-0.27,89.95,0.4685,0.4671,0.4668,0.4682,8211,28.066,715.5,376.3,470.4,22.6,493.0,20.14,24.47,0.98513,2.189,14.03,25.12,14,2
23.102,hall_frame_check,9x4.5,pi5,2.814,3.101,-1.997,0.411,-0.017,0.001,0.412,-0.63,-0.26,89.96,0.4678,0.4677,0.4668,0.4683,8211,28.068,715.5,376.3,470.4,22.6,493.0,20.15,24.47,0.98508,2.196,14.03,25.12,14,2
23.154,hall_frame_check,9x4.5,pi5,2.829,3.100,-1.998,0.397,-0.017,0.001,0.397,-0.60,-0.25,89.97,0.4680,0.4674,0.4672,0.4683,8211,28.071,715.6,376.4,470.5,22.6,493.1,20.15,24.47,0.98503,2.204,14.03,25.12,14,2
23.202,hall_frame_check,9x4.5,pi5,2.852,3.100,-1.998,0.374,-0.017,-0.004,0.374,-0.51,-0.22,89.98,0.4746,0.4793,0.5196,0.4384,8361,29.175,743.7,400.3,500.4,22.6,523.0,21.40,24.43,0.98499,2.211,13.20,25.12,14,2
23.250,hall_frame_check,9x4.5,pi5,2.865,3.099,-1.999,0.359,-0.018,-0.021,0.360,0.15,0.28,89.98,0.4711,0.4710,0.4741,0.4791,8301,28.684,731.2,388.8,486.0,22.6,508.6,20.80,24.45,0.98494,2.217,13.58,25.12,14,2
23.302,hall_frame_check,9x4.5,pi5,2.883,3.098,-2.001,0.328,-0.029,-0.037,0.331,2.00,1.79,89.99,0.4678,0.4644,0.4642,0.4827,8242,28.283,721.0,380.8,476.0,22.6,498.6,20.38,24.46,0.98489,2.225,13.86,25.12,14,2
23.350,hall_frame_check,9x4.5,pi5,2.895,3.097,-2.003,0.296,-0.045,-0.040,0.302,3.25,2.83,90.01,0.4652,0.4629,0.4621,0.4799,8209,28.059,715.3,376.2,470.3,22.6,492.9,20.14,24.47,0.98485,2.231,14.03,25.12,14,2
23.402,hall_frame_check,9x4.5,pi5,2.910,3.093,-2.006,0.232,-0.082,-0.037,0.249,4.76,4.10,90.04,0.4644,0.4633,0.4598,0.4777,8192,27.940,712.3,373.8,467.3,22.6,489.9,20.02,24.47,0.98480,2.238,14.11,25.12,14,2
23.450,hall_frame_check,9x4.5,pi5,2.917,3.090,-2.008,0.186,-0.110,-0.032,0.218,5.48,4.72,90.04,0.4660,0.4637,0.4603,0.4735,8186,27.896,711.2,372.9,466.1,22.6,488.7,19.97,24.47,0.98475,2.245,14.15,25.12,14,2
23.502,hall_frame_check,9x4.5,pi5,2.924,3.083,-2.010,0.118,-0.153,-0.023,0.195,6.17,5.35,90.02,0.4670,0.4661,0.4603,0.4706,8188,27.908,711.5,373.1,466.4,22.6,489.0,19.98,24.47,0.98471,2.252,14.14,25.12,14,2
23.554,hall_frame_check,9x4.5,pi5,2.926,3.076,-2.011,0.069,-0.186,-0.016,0.199,6.42,5.59,90.00,0.4688,0.4679,0.4608,0.4682,8193,27.947,712.4,373.9,467.4,22.6,490.0,20.02,24.47,0.98466,2.259,14.11,25.12,14,2
23.602,hall_frame_check,9x4.5,pi5,2.924,3.062,-2.012,-0.008,-0.238,-0.005,0.238,6.55,5.76,89.97,0.4697,0.4700,0.4615,0.4668,8201,28.003,713.9,375.0,468.8,22.6,491.4,20.08,24.47,0.98461,2.265,14.06,25.12,14,2
23.650,hall_frame_check,9x4.5,pi5,2.921,3.051,-2.012,-0.054,-0.269,0.000,0.275,6.51,5.77,89.95,0.4715,0.4705,0.4624,0.4660,8210,28.062,715.4,376.2,470.3,22.6,492.9,20.15,24.47,0.98457,2.272,14.02,25.12,14,2
23.702,hall_frame_check,9x4.5,pi5,2.913,3.034,-2.012,-0.115,-0.312,0.007,0.332,6.34,5.69,89.93,0.4726,0.4707,0.4635,0.4659,8219,28.120,716.9,377.4,471.7,22.6,494.3,20.21,24.46,0.98452,2.279,13.98,25.12,14,2
23.754,hall_frame_check,9x4.5,pi5,2.905,3.020,-2.012,-0.155,-0.340,0.010,0.374,6.17,5.58,89.92,0.4724,0.4713,0.4650,0.4655,8224,28.158,717.8,378.2,472.7,22.6,495.3,20.25,24.46,0.98447,2.286,13.95,25.12,14,2
23.802,hall_frame_check,9x4.5,pi5,2.890,2.995,-2.012,-0.214,-0.381,0.014,0.437,5.87,5.37,89.90,0.4719,0.4715,0.4664,0.4656,8228,28.187,718.6,378.7,473.4,22.6,496.0,20.28,24.46,0.98442,2.293,13.93,25.12,14,2
23.854,hall_frame_check,9x4.5,pi5,2.878,2.979,-2.011,-0.247,-0.404,0.015,0.474,5.65,5.21,89.89,0.4715,0.4714,0.4675,0.4660,8232,28.210,719.2,379.2,474.0,22.6,496.6,20.30,24.46,0.98438,2.300,13.91,25.12,14,2
23.902,hall_frame_check,9x4.5,pi5,2.860,2.955,-2.011,-0.289,-0.432,0.017,0.520,5.32,4.97,89.87,0.4713,0.4709,0.4678,0.4668,8233,28.221,719.4,379.4,474.3,22.6,496.9,20.31,24.46,0.98433,2.307,13.90,25.12,14,2
23.950,hall_frame_check,9x4.5,pi5,2.846,2.936,-2.010,-0.315,-0.450,0.017,0.550,5.10,4.81,89.85,0.4711,0.4703,0.4688,0.4667,8234,28.224,719.5,379.5,474.3,22.6,496.9,20.32,24.46,0.98429,2.313,13.90,25.12,14,2
24.002,hall_frame_check,9x4.5,pi5,2.821,2.906,-2.010,-0.353,-0.475,0.017,0.592,4.80,4.58,89.81,0.4704,0.4703,0.4696,0.4664,8233,28.219,719.4,379.4,474.2,22.6,496.8,20.31,24.46,0.98424,2.320,13.90,25.12,14,2
24.050,hall_frame_check,9x4.5,pi5,2.804,2.887,-2.009,-0.373,-0.488,0.017,0.614,4.61,4.45,89.78,0.4701,0.4701,0.4696,0.4666,8232,28.213,719.2,379.2,474.1,22.6,496.7,20.31,24.46,0.98419,2.327,13.90,25.12,14,2
24.102,hall_frame_check,9x4.5,pi5,2.779,2.859,-2.009,-0.398,-0.503,0.016,0.642,4.34,4.26,89.73,0.4699,0.4699,0.4689,0.4673,8230,28.199,718.9,379.0,473.7,22.6,496.3,20.29,24.46,0.98414,2.334,13.91,25.12,14,2
24.150,hall_frame_check,9x4.5,pi5,2.761,2.839,-2.009,-0.414,-0.512,0.015,0.659,4.18,4.15,89.70,0.4698,0.4698,0.4694,0.4665,8229,28.187,718.6,378.7,473.4,22.6,496.0,20.28,24.46,0.98410,2.341,13.92,25.12,14,2
24.202,hall_frame_check,9x4.5,pi5,2.731,2.807,-2.009,-0.435,-0.524,0.015,0.682,3.97,4.02,89.64,0.4703,0.4692,0.4691,0.4662,8227,28.174,718.2,378.5,473.1,22.6,495.7,20.27,24.46,0.98405,2.348,13.93,25.12,14,2
24.250,hall_frame_check,9x4.5,pi5,2.712,2.787,-2.009,-0.447,-0.530,0.014,0.694,3.85,3.94,89.60,0.4700,0.4697,0.4686,0.4663,8226,28.168,718.1,378.3,472.9,22.6,495.5,20.26,24.46,0.98400,2.355,13.93,25.12,14,2
24.302,hall_frame_check,9x4.5,pi5,2.685,2.759,-2.009,-0.461,-0.538,0.014,0.708,3.69,3.85,89.54,0.4702,0.4698,0.4683,0.4662,8225,28.163,718.0,378.2,472.8,22.6,495.4,20.25,24.46,0.98396,2.362,13.93,25.12,14,2
24.350,hall_frame_check,9x4.5,pi5,2.665,2.739,-2.009,-0.469,-0.542,0.014,0.717,3.60,3.81,89.51,0.4705,0.4698,0.4685,0.4657,8225,28.165,718.0,378.3,472.8,22.6,495.4,20.26,24.46,0.98391,2.368,13.93,25.12,14,2
24.402,hall_frame_check,9x4.5,pi5,2.633,2.706,-2.009,-0.480,-0.549,0.014,0.729,3.48,3.76,89.48,0.4707,0.4699,0.4685,0.4656,8226,28.168,718.1,378.3,472.9,22.6,495.5,20.26,24.46,0.98386,2.376,13.93,25.12,14,2
24.454,hall_frame_check,9x4.5,pi5,2.613,2.685,-2.009,-0.486,-0.552,0.013,0.735,3.42,3.73,89.46,0.4700,0.4703,0.4683,0.4659,8225,28.165,718.0,378.3,472.9,22.6,495.5,20.26,24.46,0.98381,2.383,13.93,25.12,14,2
24.502,hall_frame_check,9x4.5,pi5,2.586,2.656,-2.008,-0.493,-0.556,0.013,0.743,3.34,3.70,89.46,0.4702,0.4698,0.4682,0.4663,8225,28.165,718.0,378.3,472.8,22.6,495.4,20.26,24.46,0.98377,2.389,13.93,25.12,14,2
24.550,hall_frame_check,9x4.5,pi5,2.566,2.636,-2.008,-0.497,-0.558,0.012,0.747,3.30,3.69,89.46,0.4698,0.4698,0.4686,0.4664,8225,28.166,718.0,378.3,472.9,22.6,495.5,20.26,24.46,0.98372,2.396,13.93,25.12,14,2
24.602,hall_frame_check,9x4.5,pi5,2.534,2.603,-2.007,-0.502,-0.562,0.012,0.753,3.26,3.68,89.46,0.4701,0.4691,0.4690,0.4665,8226,28.167,718.1,378.3,472.9,22.6,495.5,20.26,24.46,0.98367,2.403,13.92,25.12,14,2
24.654,hall_frame_check,9x4.5,pi5,2.515,2.582,-2.007,-0.505,-0.563,0.011,0.757,3.24,3.68,89.46,0.4698,0.4690,0.4689,0.4669,8225,28.166,718.0,378.3,472.9,22.6,495.5,20.26,24.46,0.98363,2.410,13.92,25.12,14,2
24.702,hall_frame_check,9x4.5,pi5,2.487,2.553,-2.007,-0.509,-0.566,0.010,0.761,3.23,3.68,89.46,0.4692,0.4692,0.4691,0.4671,8225,28.164,718.0,378.3,472.8,22.6,495.4,20.26,24.45,0.98358,2.417,13.92,25.12,14,2
24.750,hall_frame_check,9x4.5,pi5,2.467,2.533,-2.006,-0.511,-0.567,0.010,0.763,3.22,3.68,89.47,0.4691,0.4688,0.4688,0.4676,8225,28.161,717.9,378.2,472.7,22.6,495.3,20.26,24.45,0.98354,2.423,13.93,25.12,14,2
24.802,hall_frame_check,9x4.5,pi5,2.435,2.500,-2.006,-0.514,-0.570,0.009,0.767,3.22,3.69,89.48,0.4693,0.4684,0.4690,0.4677,8224,28.160,717.9,378.2,472.7,22.6,495.3,20.25,24.45,0.98349,2.431,13.93,25.11,14,2
24.850,hall_frame_check,9x4.5,pi5,2.416,2.479,-2.006,-0.515,-0.571,0.009,0.769,3.22,3.70,89.49,0.4687,0.4686,0.4694,0.4676,8224,28.157,717.8,378.1,472.6,22.6,495.2,20.25,24.45,0.98344,2.437,13.93,25.11,14,2
24.902,hall_frame_check,9x4.5,pi5,2.388,2.450,-2.006,-0.517,-0.573,0.008,0.772,3.23,3.72,89.51,0.4688,0.4682,0.4696,0.4676,8224,28.155,717.8,378.1,472.6,22.6,495.2,20.25,24.45,0.98339,2.444,13.93,25.11,14,2
24.950,hall_frame_check,9x4.5,pi5,2.369,2.429,-2.006,-0.517,-0.575,0.008,0.773,3.24,3.73,89.52,0.4681,0.4687,0.4697,0.4676,8224,28.154,717.7,378.1,472.6,22.6,495.2,20.25,24.45,0.98335,2.451,13.93,25.11,14,2
25.002,hall_frame_check,9x4.5,pi5,2.339,2.396,-2.006,-0.518,-0.577,0.008,0.776,3.27,3.74,89.54,0.4685,0.4679,0.4694,0.4680,8223,28.148,717.6,377.9,472.4,22.6,495.0,20.24,24.45,0.98330,2.458,13.93,25.11,14,2
25.050,hall_frame_check,9x4.5,pi5,2.320,2.375,-2.006,-0.519,-0.578,0.008,0.777,3.28,3.75,89.55,0.4684,0.4678,0.4694,0.4681,8222,28.144,717.5,377.9,472.3,22.6,494.9,20.24,24.45,0.98325,2.465,13.93,25.11,14,2
25.102,hall_frame_check,9x4.5,pi5,2.294,2.346,-2.006,-0.519,-0.580,0.007,0.779,3.31,3.77,89.56,0.4684,0.4678,0.4696,0.4678,8222,28.141,717.4,377.8,472.2,22.6,494.8,20.24,24.45,0.98321,2.472,13.93,25.11,14,2
25.150,hall_frame_check,9x4.5,pi5,2.276,2.325,-2.007,-0.519,-0.582,0.007,0.780,3.34,3.78,89.57,0.4678,0.4683,0.4690,0.4683,8221,28.138,717.3,377.7,472.2,22.6,494.8,20.23,24.45,0.98316,2.478,13.93,25.11,14,2
25.202,hall_frame_check,9x4.5,pi5,2.247,2.291,-2.007,-0.519,-0.584,0.007,0.782,3.38,3.79,89.58,0.4680,0.4681,0.4691,0.4680,8221,28.133,717.2,377.6,472.0,22.6,494.6,20.23,24.45,0.98311,2.486,13.94,25.11,14,2
25.250,hall_frame_check,9x4.5,pi5,2.228,2.270,-2.007,-0.520,-0.586,0.007,0.783,3.40,3.80,89.59,0.4686,0.4676,0.4691,0.4680,8221,28.135,717.2,377.7,472.1,22.6,494.7,20.23,24.45,0.98307,2.492,13.93,25.11,14,2
25.302,hall_frame_check,9x4.5,pi5,2.202,2.240,-2.007,-0.521,-0.588,0.007,0.785,3.45,3.81,89.60,0.4683,0.4678,0.4689,0.4680,8220,28.126,717.0,377.5,471.9,22.6,494.5,20.22,24.45,0.98302,2.499,13.94,25.11,14,2
25.354,hall_frame_check,9x4.5,pi5,2.184,2.219,-2.008,-0.521,-0.589,0.007,0.787,3.48,3.82,89.60,0.4685,0.4676,0.4692,0.4673,8218,28.115,716.7,377.3,471.6,22.6,494.2,20.21,24.45,0.98297,2.506,13.95,25.11,14,2
25.402,hall_frame_check,9x4.5,pi5,2.153,2.184,-2.009,-0.523,-0.591,0.007,0.790,3.52,3.83,89.60,0.4681,0.4680,0.4690,0.4672,8217,28.111,716.6,377.2,471.5,22.6,494.1,20.21,24.45,0.98292,2.513,13.95,25.11,14,2
25.454,hall_frame_check,9x4.5,pi5,2.134,2.163,-2.009,-0.525,-0.592,0.008,0.791,3.55,3.84,89.59,0.4686,0.4678,0.4692,0.4670,8218,28.116,716.8,377.3,471.6,22.6,494.2,20.21,24.45,0.98288,2.520,13.94,25.11,14,2
25.502,hall_frame_check,9x4.5,pi5,2.106,2.133,-2.009,-0.527,-0.594,0.008,0.794,3.58,3.85,89.59,0.4691,0.4675,0.4689,0.4673,8219,28.122,716.9,377.4,471.8,22.6,494.4,20.22,24.45,0.98283,2.527,13.94,25.11,14,2
25.550,hall_frame_check,9x4.5,pi5,2.087,2.112,-2.009,-0.528,-0.595,0.009,0.796,3.61,3.86,89.58,0.4686,0.4683,0.4691,0.4672,8220,28.130,717.1,377.6,472.0,22.6,494.6,20.23,24.45,0.98279,2.533,13.93,25.11,14,2
25.602,hall_frame_check,9x4.5,pi5,2.054,2.077,-2.009,-0.531,-0.596,0.009,0.799,3.64,3.87,89.58,0.4693,0.4679,0.4691,0.4672,8222,28.140,717.4,377.8,472.2,22.6,494.8,20.24,24.45,0.98274,2.541,13.92,25.11,14,2
25.650,hall_frame_check,9x4.5,pi5,2.034,2.056,-2.009,-0.533,-0.597,0.009,0.801,3.66,3.88,89.57,0.4692,0.4683,0.4690,0.4671,8222,28.142,717.4,377.8,472.3,22.6,494.9,20.24,24.45,0.98269,2.547,13.92,25.11,14,2
25.702,hall_frame_check,9x4.5,pi5,2.005,2.026,-2.009,-0.536,-0.598,0.009,0.803,3.68,3.90,89.56,0.4691,0.4685,0.4683,0.4679,8222,28.145,717.5,377.9,472.3,22.6,494.9,20.25,24.45,0.98264,2.554,13.92,25.11,14,2
25.750,hall_frame_check,9x4.5,pi5,1.984,2.004,-2.009,-0.538,-0.599,0.009,0.805,3.70,3.91,89.56,0.4687,0.4689,0.4694,0.4666,8222,28.141,717.4,377.8,472.2,22.6,494.8,20.24,24.45,0.98260,2.561,13.92,25.11,14,2
25.802,hall_frame_check,9x4.5,pi5,1.951,1.970,-2.010,-0.541,-0.601,0.010,0.809,3.72,3.93,89.56,0.4690,0.4687,0.4688,0.4670,8222,28.140,717.4,377.8,472.2,22.6,494.8,20.24,24.45,0.98255,2.568,13.92,25.11,14,2
25.850,hall_frame_check,9x4.5,pi5,1.929,1.948,-2.010,-0.543,-0.602,0.010,0.811,3.73,3.94,89.55,0.4693,0.4683,0.4684,0.4674,8221,28.136,717.3,377.7,472.1,22.6,494.7,20.24,24.45,0.98250,2.575,13.92,25.11,14,2
25.902,hall_frame_check,9x4.5,pi5,1.900,1.917,-2.010,-0.546,-0.604,0.010,0.814,3.75,3.96,89.56,0.4688,0.4686,0.4687,0.4672,8221,28.135,717.2,377.7,472.1,22.6,494.7,20.24,24.45,0.98246,2.582,13.92,25.11,14,2
25.950,hall_frame_check,9x4.5,pi5,1.878,1.894,-2.010,-0.547,-0.606,0.010,0.817,3.76,3.97,89.56,0.4690,0.4684,0.4690,0.4670,8221,28.134,717.2,377.7,472.1,22.6,494.7,20.24,24.45,0.98241,2.588,13.92,25.11,14,2
26.002,hall_frame_check,9x4.5,pi5,1.843,1.858,-2.011,-0.551,-0.609,0.010,0.821,3.78,3.98,89.57,0.4691,0.4681,0.4688,0.4674,8221,28.136,717.3,377.7,472.1,22.6,494.7,20.24,24.45,0.98236,2.596,13.92,25.11,14,2
26.050,hall_frame_check,9x4.5,pi5,1.821,1.835,-2.010,-0.552,-0.611,0.010,0.823,3.79,3.99,89.58,0.4688,0.4684,0.4694,0.4670,8222,28.141,717.4,377.8,472.3,22.6,494.9,20.24,24.44,0.98232,2.602,13.91,25.11,14,2
26.102,hall_frame_check,9x4.5,pi5,1.791,1.803,-2.010,-0.555,-0.613,0.010,0.827,3.81,4.00,89.59,0.4691,0.4681,0.4693,0.4676,8224,28.153,717.7,378.0,472.6,22.6,495.2,20.26,24.44,0.98227,2.609,13.90,25.11,14,2
26.150,hall_frame_check,9x4.5,pi5,1.768,1.780,-2.010,-0.556,-0.614,0.010,0.829,3.82,4.00,89.60,0.4690,0.4683,0.4696,0.4678,8226,28.169,718.1,378.4,472.9,22.6,495.5,20.27,24.44,0.98222,2.616,13.89,25.11,14,2
26.202,hall_frame_check,9x4.5,pi5,1.733,1.743,-2.009,-0.559,-0.617,0.010,0.833,3.83,4.01,89.61,0.4687,0.4688,0.4699,0.4679,8228,28.183,718.5,378.6,473.3,22.6,495.9,20.29,24.44,0.98217,2.623,13.88,25.11,14,2
26.254,hall_frame_check,9x4.5,pi5,1.711,1.720,-2.008,-0.561,-0.618,0.010,0.835,3.85,4.01,89.62,0.4688,0.4688,0.4703,0.4679,8230,28.196,718.8,378.9,473.6,22.6,496.2,20.30,24.44,0.98213,2.630,13.87,25.11,14,2
26.302,hall_frame_check,9x4.5,pi5,1.680,1.688,-2.007,-0.563,-0.620,0.010,0.838,3.86,4.02,89.62,0.4688,0.4691,0.4700,0.4685,8232,28.211,719.2,379.2,474.0,22.6,496.6,20.32,24.44,0.98208,2.637,13.86,25.11,14,2
26.350,hall_frame_check,9x4.5,pi5,1.657,1.664,-2.006,-0.564,-0.622,0.009,0.839,3.87,4.02,89.63,0.4695,0.4687,0.4704,0.4683,8234,28.226,719.6,379.5,474.4,22.6,497.0,20.33,24.44,0.98204,2.643,13.84,25.11,14,2
26.402,hall_frame_check,9x4.5,pi5,1.622,1.627,-2.004,-0.566,-0.624,0.008,0.843,3.89,4.03,89.63,0.4699,0.4687,0.4701,0.4687,8236,28.236,719.8,379.7,474.6,22.6,497.2,20.35,24.44,0.98199,2.651,13.84,25.11,14,2
26.450,hall_frame_check,9x4.5,pi5,1.600,1.603,-2.004,-0.568,-0.625,0.008,0.844,3.91,4.03,89.63,0.4693,0.4694,0.4700,0.4689,8236,28.241,720.0,379.8,474.8,22.6,497.4,20.35,24.44,0.98194,2.657,13.83,25.11,14,2
26.502,hall_frame_check,9x4.5,pi5,1.569,1.571,-2.003,-0.569,-0.627,0.006,0.847,3.93,4.04,89.64,0.4691,0.4695,0.4701,0.4687,8236,28.238,719.9,379.7,474.7,22.6,497.3,20.35,24.44,0.98189,2.664,13.83,25.11,14,2
26.550,hall_frame_check,9x4.5,pi5,1.547,1.547,-2.002,-0.570,-0.628,0.005,0.848,3.94,4.05,89.63,0.4695,0.4690,0.4702,0.4682,8234,28.224,719.5,379.5,474.3,22.6,496.9,20.33,24.44,0.98185,2.671,13.84,25.11,14,2
26.602,hall_frame_check,9x4.5,pi5,1.511,1.509,-2.002,-0.572,-0.630,0.004,0.851,3.96,4.05,89.63,0.4691,0.4694,0.4701,0.4678,8232,28.211,719.2,379.2,474.0,22.6,496.6,20.32,24.44,0.98180,2.678,13.85,25.11,14,2
26.650,hall_frame_check,9x4.5,pi5,1.489,1.485,-2.003,-0.573,-0.632,0.003,0.853,3.98,4.06,89.63,0.4691,0.4690,0.4699,0.4676,8229,28.192,718.7,378.8,473.5,22.6,496.1,20.30,24.44,0.98175,2.685,13.86,25.11,14,2
26.702,hall_frame_check,9x4.5,pi5,1.457,1.451,-2.003,-0.574,-0.633,0.003,0.855,4.01,4.06,89.64,0.4692,0.4687,0.4697,0.4674,8227,28.175,718.3,378.5,473.1,22.6,495.7,20.28,24.44,0.98170,2.692,13.87,25.11,14,2
26.754,hall_frame_check,9x4.5,pi5,1.434,1.427,-2.003,-0.576,-0.635,0.003,0.857,4.03,4.07,89.64,0.4692,0.4685,0.4696,0.4674,8226,28.167,718.1,378.3,472.9,22.6,495.5,20.28,24.44,0.98166,2.699,13.88,25.11,14,2
26.802,hall_frame_check,9x4.5,pi5,1.397,1.388,-2.003,-0.578,-0.637,0.003,0.860,4.06,4.07,89.64,0.4686,0.4690,0.4692,0.4677,8225,28.166,718.0,378.3,472.9,22.6,495.5,20.27,24.44,0.98161,2.706,13.88,25.10,14,2
26.850,hall_frame_check,9x4.5,pi5,1.374,1.363,-2.004,-0.580,-0.638,0.002,0.862,4.07,4.08,89.64,0.4691,0.4684,0.4689,0.4679,8224,28.158,717.8,378.1,472.7,22.6,495.3,20.27,24.44,0.98157,2.712,13.88,25.10,14,2
26.902,hall_frame_check,9x4.5,pi5,1.341,1.329,-2.004,-0.582,-0.640,0.003,0.865,4.10,4.08,89.64,0.4691,0.4684,0.4694,0.4674,8224,28.158,717.8,378.1,472.7,22.6,495.3,20.27,24.44,0.98152,2.720,13.88,25.10,14,2
26.950,hall_frame_check,9x4.5,pi5,1.317,1.304,-2.004,-0.584,-0.642,0.003,0.867,4.11,4.08,89.65,0.4692,0.4683,0.4696,0.4674,8225,28.163,718.0,378.2,472.8,22.6,495.4,20.27,24.44,0.98147,2.726,13.88,25.10,14,2
27.002,hall_frame_check,9x4.5,pi5,1.279,1.264,-2.004,-0.586,-0.644,0.003,0.871,4.14,4.08,89.65,0.4690,0.4685,0.4696,0.4674,8225,28.163,718.0,378.2,472.8,22.6,495.4,20.27,24.44,0.98142,2.733,13.88,25.10,14,2
27.050,hall_frame_check,9x4.5,pi5,1.255,1.239,-2.004,-0.588,-0.645,0.003,0.873,4.15,4.09,89.65,0.4689,0.4687,0.4699,0.4670,8225,28.163,718.0,378.2,472.8,22.6,495.4,20.27,24.44,0.98138,2.740,13.87,25.10,14,2
27.102,hall_frame_check,9x4.5,pi5,1.221,1.205,-2.004,-0.590,-0.647,0.003,0.876,4.17,4.09,89.66,0.4691,0.4684,0.4696,0.4674,8225,28.163,718.0,378.2,472.8,22.6,495.4,20.27,24.44,0.98133,2.747,13.87,25.10,14,2
27.150,hall_frame_check,9x4.5,pi5,1.197,1.180,-2.004,-0.592,-0.648,0.003,0.877,4.18,4.09,89.66,0.4691,0.4684,0.4692,0.4678,8225,28.162,717.9,378.2,472.8,22.6,495.4,20.27,24.43,0.98128,2.754,13.87,25.10,14,2
27.202,hall_frame_check,9x4.5,pi5,1.159,1.141,-2.004,-0.594,-0.649,0.003,0.880,4.20,4.09,89.66,0.4687,0.4688,0.4697,0.4674,8225,28.164,718.0,378.3,472.8,22.6,495.4,20.28,24.43,0.98123,2.761,13.87,25.10,14,2
27.250,hall_frame_check,9x4.5,pi5,1.135,1.116,-2.005,-0.596,-0.650,0.003,0.882,4.21,4.09,89.66,0.4691,0.4682,0.4698,0.4674,8225,28.163,718.0,378.2,472.8,22.6,495.4,20.28,24.43,0.98119,2.767,13.87,25.10,14,2
27.302,hall_frame_check,9x4.5,pi5,1.101,1.082,-2.005,-0.597,-0.651,0.003,0.884,4.23,4.10,89.67,0.4686,0.4689,0.4698,0.4674,8226,28.170,718.1,378.4,473.0,22.6,495.6,20.28,24.43,0.98114,2.775,13.87,25.10,14,2
27.350,hall_frame_check,9x4.5,pi5,1.077,1.057,-2.004,-0.598,-0.652,0.004,0.885,4.24,4.10,89.67,0.4686,0.4690,0.4698,0.4675,8227,28.175,718.3,378.5,473.1,22.6,495.7,20.29,24.43,0.98110,2.781,13.86,25.10,14,2
27.402,hall_frame_check,9x4.5,pi5,1.039,1.018,-2.004,-0.600,-0.653,0.004,0.887,4.26,4.11,89.67,0.4691,0.4686,0.4700,0.4673,8227,28.176,718.3,378.5,473.1,22.6,495.7,20.29,24.43,0.98105,2.788,13.86,25.10,14,2
27.454,hall_frame_check,9x4.5,pi5,1.015,0.994,-2.004,-0.601,-0.654,0.004,0.888,4.28,4.11,89.67,0.4691,0.4688,0.4698,0.4675,8228,28.181,718.4,378.6,473.2,22.6,495.8,20.30,24.43,0.98100,2.796,13.85,25.10,14,2
27.502,hall_frame_check,9x4.5,pi5,0.982,0.959,-2.004,-0.603,-0.655,0.004,0.890,4.30,4.12,89.67,0.4690,0.4688,0.4697,0.4676,8227,28.179,718.4,378.6,473.2,22.6,495.8,20.29,24.43,0.98095,2.802,13.85,25.10,14,2
27.554,hall_frame_check,9x4.5,pi5,0.958,0.935,-2.004,-0.604,-0.655,0.004,0.891,4.31,4.13,89.67,0.4689,0.4689,0.4696,0.4678,8227,28.180,718.4,378.6,473.2,22.6,495.8,20.29,24.43,0.98090,2.809,13.85,25.10,14,2
27.602,hall_frame_check,9x4.5,pi5,0.919,0.896,-2.004,-0.606,-0.656,0.003,0.893,4.34,4.14,89.67,0.4692,0.4686,0.4694,0.4679,8227,28.180,718.4,378.6,473.2,22.6,495.8,20.29,24.43,0.98086,2.816,13.85,25.10,14,2
27.654,hall_frame_check,9x4.5,pi5,0.895,0.871,-2.004,-0.607,-0.657,0.003,0.894,4.36,4.14,89.67,0.4691,0.4684,0.4689,0.4680,8225,28.162,717.9,378.2,472.8,22.6,495.4,20.28,24.43,0.98081,2.823,13.86,25.10,14,2
27.702,hall_frame_check,9x4.5,pi5,0.861,0.837,-2.004,-0.608,-0.658,0.004,0.896,4.37,4.14,89.68,0.4690,0.4683,0.4674,0.4691,8222,28.145,717.5,377.9,472.3,22.6,494.9,20.26,24.43,0.98077,2.830,13.87,25.10,14,2
27.750,hall_frame_check,9x4.5,pi5,0.837,0.812,-2.003,-0.610,-0.659,0.004,0.898,4.36,4.12,89.68,0.4689,0.4684,0.4680,0.4681,8221,28.137,717.3,377.7,472.1,22.6,494.7,20.25,24.43,0.98072,2.836,13.88,25.10,14,2
27.802,hall_frame_check,9x4.5,pi5,0.798,0.773,-2.002,-0.611,-0.659,0.005,0.899,4.29,4.03,89.67,0.4688,0.4687,0.4677,0.4681,8221,28.134,717.2,377.7,472.1,22.6,494.7,20.25,24.43,0.98067,2.843,13.88,25.10,14,2
27.850,hall_frame_check,9x4.5,pi5,0.773,0.748,-2.002,-0.611,-0.659,0.006,0.899,4.20,3.93,89.67,0.4688,0.4689,0.4685,0.4671,8221,28.136,717.3,377.7,472.1,22.6,494.7,20.25,24.43,0.98063,2.850,13.88,25.10,14,2
27.902,hall_frame_check,9x4.5,pi5,0.738,0.714,-2.001,-0.610,-0.657,0.006,0.897,4.01,3.74,89.67,0.4693,0.4687,0.4681,0.4674,8221,28.138,717.3,377.7,472.2,22.6,494.8,20.25,24.43,0.98058,2.857,13.88,25.10,14,2
27.954,hall_frame_check,9x4.5,pi5,0.713,0.689,-2.001,-0.609,-0.655,0.006,0.894,3.87,3.59,89.66,0.4690,0.4689,0.4683,0.4670,8220,28.131,717.1,377.6,472.0,22.6,494.6,20.25,24.43,0.98053,2.864,13.88,25.10,14,2
28.002,hall_frame_check,9x4.5,pi5,0.673,0.650,-2.000,-0.604,-0.649,0.006,0.887,3.64,3.34,89.66,0.4687,0.4690,0.4690,0.4663,8220,28.128,717.1,377.5,471.9,22.6,494.5,20.24,24.43,0.98048,2.871,13.88,25.10,14,2
28.050,hall_frame_check,9x4.5,pi5,0.648,0.626,-2.000,-0.600,-0.644,0.006,0.880,3.47,3.17,89.66,0.4693,0.4682,0.4684,0.4671,8220,28.128,717.1,377.5,471.9,22.6,494.5,20.24,24.43,0.98044,2.877,13.88,25.10,14,2
28.102,hall_frame_check,9x4.5,pi5,0.614,0.593,-2.000,-0.592,-0.636,0.006,0.869,3.21,2.92,89.66,0.4689,0.4684,0.4686,0.4668,8218,28.118,716.8,377.3,471.7,22.6,494.3,20.23,24.43,0.98039,2.885,13.89,25.10,14,2
28.150,hall_frame_check,9x4.5,pi5,0.590,0.569,-2.000,-0.586,-0.629,0.006,0.859,3.04,2.74,89.66,0.4688,0.4681,0.4691,0.4663,8217,28.109,716.6,377.1,471.4,22.6,494.0,20.22,24.43,0.98035,2.891,13.89,25.10,14,2
28.202,hall_frame_check,9x4.5,pi5,0.553,0.533,-1.999,-0.572,-0.615,0.006,0.840,2.79,2.49,89.66,0.4686,0.4680,0.4691,0.4665,8217,28.107,716.5,377.1,471.4,22.6,494.0,20.22,24.43,0.98030,2.898,13.89,25.10,14,2
28.250,hall_frame_check,9x4.5,pi5,0.530,0.510,-1.999,-0.563,-0.606,0.005,0.827,2.63,2.33,89.67,0.4683,0.4681,0.4694,0.4666,8218,28.112,716.7,377.2,471.5,22.6,494.1,20.23,24.43,0.98025,2.905,13.89,25.10,14,2
28.302,hall_frame_check,9x4.5,pi5,0.499,0.480,-1.998,-0.549,-0.591,0.005,0.807,2.41,2.10,89.69,0.4682,0.4678,0.4692,0.4672,8218,28.113,716.7,377.2,471.5,22.6,494.1,20.23,24.43,0.98020,2.912,13.88,25.10,14,2
28.350,hall_frame_check,9x4.5,pi5,0.477,0.458,-1.998,-0.537,-0.580,0.005,0.791,2.27,1.96,89.70,0.4684,0.4674,0.4694,0.4672,8218,28.113,716.7,377.2,471.5,22.6,494.1,20.23,24.43,0.98016,2.919,13.88,25.10,14,2
28.402,hall_frame_check,9x4.5,pi5,0.443,0.425,-1.997,-0.519,-0.562,0.004,0.765,2.07,1.76,89.72,0.4677,0.4677,0.4697,0.4672,8217,28.109,716.6,377.2,471.4,22.6,494.0,20.23,24.43,0.98011,2.926,13.89,25.10,14,2
28.450,hall_frame_check,9x4.5,pi5,0.423,0.405,-1.997,-0.507,-0.549,0.003,0.747,1.95,1.64,89.74,0.4677,0.4675,0.4697,0.4673,8217,28.107,716.5,377.1,471.4,22.6,494.0,20.22,24.43,0.98006,2.932,13.89,25.10,14,2
28.502,hall_frame_check,9x4.5,pi5,0.395,0.378,-1.996,-0.489,-0.532,0.003,0.723,1.78,1.47,89.76,0.4679,0.4670,0.4693,0.4679,8216,28.104,716.5,377.1,471.3,22.6,493.9,20.22,24.43,0.98002,2.940,13.89,25.10,14,2
28.550,hall_frame_check,9x4.5,pi5,0.376,0.358,-1.996,-0.476,-0.519,0.002,0.705,1.68,1.36,89.78,0.4673,0.4674,0.4694,0.4678,8216,28.102,716.4,377.0,471.3,22.6,493.9,20.22,24.43,0.97997,2.946,13.89,25.10,14,2
28.602,hall_frame_check,9x4.5,pi5,0.346,0.329,-1.996,-0.455,-0.499,0.002,0.675,1.54,1.22,89.80,0.4671,0.4676,0.4700,0.4673,8216,28.100,716.4,377.0,471.2,22.6,493.8,20.22,24.43,0.97992,2.953,13.89,25.10,14,2
28.654,hall_frame_check,9x4.5,pi5,0.328,0.310,-1.995,-0.442,-0.486,0.001,0.657,1.45,1.13,89.82,0.4676,0.4671,0.4696,0.4677,8216,28.104,716.4,377.0,471.3,22.6,493.9,20.22,24.42,0.97987,2.960,13.88,25.10,14,2
28.702,hall_frame_check,9x4.5,pi5,0.304,0.286,-1.995,-0.423,-0.468,0.001,0.631,1.33,1.00,89.84,0.4677,0.4671,0.4697,0.4677,8217,28.107,716.5,377.1,471.4,22.6,494.0,20.22,24.42,0.97983,2.967,13.88,25.10,14,2
28.754,hall_frame_check,9x4.5,pi5,0.287,0.269,-1.994,-0.410,-0.455,0.000,0.613,1.26,0.92,89.85,0.4676,0.4673,0.4698,0.4677,8217,28.111,716.6,377.2,471.5,22.6,494.1,20.23,24.42,0.97978,2.974,13.88,25.10,14,2
28.802,hall_frame_check,9x4.5,pi5,0.262,0.243,-1.993,-0.388,-0.435,-0.000,0.583,1.16,0.81,89.87,0.4677,0.4673,0.4695,0.4679,8218,28.116,716.8,377.3,471.6,22.6,494.2,20.24,24.42,0.97973,2.981,13.87,25.10,14,2
28.850,hall_frame_check,9x4.5,pi5,0.248,0.227,-1.993,-0.375,-0.422,-0.000,0.565,1.10,0.74,89.88,0.4676,0.4676,0.4698,0.4678,8219,28.124,717.0,377.5,471.8,22.6,494.4,20.24,24.42,0.97969,2.987,13.86,25.10,14,2
28.902,hall_frame_check,9x4.5,pi5,0.228,0.205,-1.992,-0.356,-0.405,-0.001,0.539,1.03,0.64,89.89,0.4677,0.4679,0.4696,0.4681,8221,28.132,717.2,377.6,472.0,22.6,494.6,20.25,24.42,0.97964,2.994,13.86,25.10,14,2
28.954,hall_frame_check,9x4.5,pi5,0.214,0.191,-1.991,-0.343,-0.392,-0.002,0.521,0.98,0.58,89.89,0.4678,0.4679,0.4693,0.4684,8221,28.137,717.3,377.7,472.1,22.6,494.7,20.26,24.42,0.97959,3.002,13.85,25.10,14,2
29.002,hall_frame_check,9x4.5,pi5,0.194,0.169,-1.990,-0.323,-0.372,-0.003,0.493,0.92,0.50,89.91,0.4677,0.4681,0.4698,0.4679,8221,28.138,717.3,377.7,472.2,22.6,494.8,20.26,24.42,0.97955,3.008,13.85,25.10,14,2
29.050,hall_frame_check,9x4.5,pi5,0.181,0.155,-1.990,-0.310,-0.360,-0.003,0.475,0.89,0.45,89.92,0.4681,0.4679,0.4701,0.4675,8222,28.142,717.4,377.8,472.3,22.6,494.9,20.26,24.42,0.97950,3.015,13.85,25.10,14,2
29.102,hall_frame_check,9x4.5,pi5,0.165,0.137,-1.989,-0.294,-0.343,-0.004,0.451,0.84,0.38,89.93,0.4679,0.4680,0.4691,0.4684,8222,28.140,717.4,377.8,472.2,22.6,494.8,20.26,24.42,0.97945,3.022,13.85,25.10,14,2
29.150,hall_frame_check,9x4.5,pi5,0.153,0.125,-1.989,-0.282,-0.331,-0.005,0.435,0.82,0.34,89.94,0.4684,0.4675,0.4695,0.4681,8221,28.138,717.3,377.7,472.2,22.6,494.8,20.26,24.42,0.97941,3.029,13.85,25.10,14,2
29.202,hall_frame_check,9x4.5,pi5,0.136,0.106,-1.988,-0.264,-0.313,0.011,0.410,0.79,0.28,89.95,0.4107,0.4109,0.4126,0.4109,7394,22.760,580.2,274.8,343.5,22.6,366.1,14.89,24.58,0.97937,3.034,18.84,25.10,14,2
29.254,hall_frame_check,9x4.5,pi5,0.125,0.094,-1.986,-0.253,-0.302,0.071,0.401,0.77,0.24,89.95,0.4257,0.4264,0.4282,0.4264,7617,24.156,615.8,300.5,375.6,22.6,398.2,16.23,24.54,0.97933,3.040,17.29,25.10,14,2
29.302,hall_frame_check,9x4.5,pi5,0.111,0.078,-1.979,-0.238,-0.288,0.148,0.401,0.74,0.19,89.96,0.4380,0.4372,0.4397,0.4382,7785,25.231,643.2,320.7,400.9,22.6,423.5,17.28,24.51,0.97930,3.045,16.23,25.10,14,2
29.354,hall_frame_check,9x4.5,pi5,0.101,0.067,-1.971,-0.228,-0.278,0.185,0.404,0.72,0.16,89.96,0.4469,0.4465,0.4487,0.4472,7916,26.087,665.0,337.2,421.5,22.6,444.1,18.14,24.48,0.97925,3.052,15.46,25.10,14,2
29.402,hall_frame_check,9x4.5,pi5,0.085,0.050,-1.956,-0.213,-0.262,0.223,0.404,0.70,0.11,89.97,0.4507,0.4509,0.4527,0.4511,7975,26.476,674.9,344.8,431.0,22.6,453.6,18.54,24.47,0.97921,3.058,15.13,25.10,14,2
29.450,hall_frame_check,9x4.5,pi5,0.076,0.040,-1.945,-0.204,-0.252,0.238,0.402,0.68,0.07,89.97,0.4568,0.4560,0.4580,0.4568,8055,27.011,688.6,355.3,444.1,22.6,466.7,19.09,24.45,0.97917,3.064,14.70,25.10,14,2
29.502,hall_frame_check,9x4.5,pi5,0.064,0.026,-1.929,-0.192,-0.239,0.250,0.395,0.66,0.02,89.97,0.4566,0.4566,0.4576,0.4569,8056,27.017,688.7,355.4,444.2,22.6,466.8,19.09,24.45,0.97912,3.071,14.69,25.10,14,2
29.554,hall_frame_check,9x4.5,pi5,0.055,0.017,-1.917,-0.184,-0.230,0.257,0.391,0.64,-0.01,89.97,0.4606,0.4608,0.4614,0.4609,8113,27.403,698.6,363.0,453.8,22.6,476.4,19.49,24.44,0.97908,3.077,14.39,25.10,14,2
29.602,hall_frame_check,9x4.5,pi5,0.042,0.002,-1.898,-0.171,-0.216,0.260,0.379,0.61,-0.05,89.98,0.4591,0.4581,0.4589,0.4585,8080,27.182,693.0,358.6,448.3,22.6,470.9,19.26,24.45,0.97903,3.084,14.56,25.10,14,2
29.650,hall_frame_check,9x4.5,pi5,0.034,-0.007,-1.887,-0.164,-0.208,0.263,0.373,0.59,-0.09,89.98,0.4625,0.4612,0.4623,0.4614,8127,27.495,700.9,364.9,456.1,22.6,478.7,19.59,24.44,0.97899,3.090,14.32,25.10,14,2
29.702,hall_frame_check,9x4.5,pi5,0.022,-0.018,-1.870,-0.155,-0.196,0.264,0.363,0.55,-0.13,89.99,0.4590,0.4592,0.4595,0.4587,8087,27.228,694.1,359.6,449.5,22.6,472.1,19.31,24.44,0.97894,3.097,14.52,25.10,14,2
29.750,hall_frame_check,9x4.5,pi5,0.014,-0.026,-1.859,-0.148,-0.188,0.266,0.358,0.53,-0.16,90.00,0.4623,0.4618,0.4623,0.4621,8131,27.524,701.7,365.4,456.8,22.6,479.4,19.62,24.43,0.97890,3.103,14.29,25.10,14,2
29.802,hall_frame_check,9x4.5,pi5,0.002,-0.037,-1.840,-0.138,-0.175,0.266,0.347,0.49,-0.19,90.02,0.4596,0.4587,0.4602,0.4586,8090,27.244,694.5,359.9,449.8,22.6,472.4,19.33,24.44,0.97885,3.110,14.51,25.09,14,2
29.850,hall_frame_check,9x4.5,pi5,-0.006,-0.044,-1.829,-0.132,-0.167,0.267,0.341,0.47,-0.22,90.04,0.4622,0.4617,0.4626,0.4619,8131,27.520,701.6,365.4,456.7,22.6,479.3,19.62,24.43,0.97881,3.117,14.29,25.09,14,2
29.902,hall_frame_check,9x4.5,pi5,-0.016,-0.053,-1.813,-0.124,-0.156,0.267,0.333,0.43,-0.25,90.06,0.4588,0.4594,0.4599,0.4593,8091,27.251,694.7,360.0,450.0,22.6,472.6,19.34,24.44,0.97876,3.123,14.50,25.09,14,2
29.950,hall_frame_check,9x4.5,pi5,-0.023,-0.058,-1.802,-0.119,-0.148,0.268,0.329,0.40,-0.26,90.08,0.4615,0.4622,0.4633,0.4613,8130,27.520,701.6,365.3,456.7,22.6,479.3,19.62,24.43,0.97872,3.130,14.29,25.09,14,2
30.002,hall_frame_check,9x4.5,pi5,-0.035,-0.067,-1.784,-0.111,-0.136,0.267,0.320,0.36,-0.28,90.11,0.4594,0.4585,0.4597,0.4592,8088,27.234,694.3,359.7,449.6,22.6,472.2,19.32,24.44,0.97867,3.137,14.51,25.09,14,2
30.050,hall_frame_check,9x4.5,pi5,-0.042,-0.072,-1.773,-0.105,-0.129,0.269,0.316,0.33,-0.29,90.12,0.4616,0.4615,0.4625,0.4615,8126,27.491,700.8,364.8,456.0,22.6,478.6,19.59,24.43,0.97863,3.143,14.31,25.09,14,2
30.102,hall_frame_check,9x4.5,pi5,-0.051,-0.078,-1.758,-0.099,-0.119,0.268,0.309,0.28,-0.31,90.15,0.4591,0.4588,0.4594,0.4592,8088,27.230,694.2,359.6,449.5,22.6,472.1,19.32,24.44,0.97858,3.150,14.51,25.09,14,2
30.150,hall_frame_check,9x4.5,pi5,-0.057,-0.082,-1.748,-0.094,-0.113,0.270,0.307,0.25,-0.31,90.17,0.4616,0.4619,0.4626,0.4613,8127,27.493,700.9,364.8,456.0,22.6,478.6,19.59,24.43,0.97854,3.156,14.31,25.09,14,2
30.202,hall_frame_check,9x4.5,pi5,-0.067,-0.088,-1.731,-0.086,-0.103,0.269,0.301,0.20,-0.32,90.19,0.4592,0.4589,0.4591,0.4595,8088,27.233,694.2,359.7,449.6,22.6,472.2,19.32,24.44,0.97849,3.163,14.51,25.09,14,2
30.250,hall_frame_check,9x4.5,pi5,-0.073,-0.092,-1.721,-0.081,-0.097,0.270,0.298,0.17,-0.32,90.20,0.4620,0.4615,0.4618,0.4616,8125,27.483,700.6,364.6,455.8,22.6,478.4,19.58,24.43,0.97845,3.169,14.31,25.09,14,2
30.302,hall_frame_check,9x4.5,pi5,-0.081,-0.097,-1.706,-0.074,-0.089,0.269,0.293,0.13,-0.32,90.21,0.4589,0.4594,0.4593,0.4588,8087,27.227,694.1,359.5,449.4,22.6,472.0,19.31,24.44,0.97840,3.176,14.51,25.09,14,2
30.354,hall_frame_check,9x4.5,pi5,-0.087,-0.100,-1.696,-0.069,-0.084,0.271,0.292,0.10,-0.32,90.22,0.4619,0.4617,0.4623,0.4608,8125,27.480,700.5,364.6,455.7,22.6,478.3,19.58,24.43,0.97835,3.183,14.31,25.09,14,2
30.402,hall_frame_check,9x4.5,pi5,-0.094,-0.104,-1.679,-0.061,-0.076,0.270,0.287,0.06,-0.32,90.23,0.4590,0.4595,0.4595,0.4584,8087,27.227,694.1,359.5,449.4,22.6,472.0,19.31,24.44,0.97831,3.189,14.51,25.09,14,2
30.450,hall_frame_check,9x4.5,pi5,-0.099,-0.107,-1.669,-0.057,-0.072,0.271,0.286,0.03,-0.32,90.23,0.4617,0.4618,0.4617,0.4612,8124,27.473,700.4,364.4,455.5,22.6,478.1,19.57,24.43,0.97827,3.196,14.32,25.09,14,2
30.502,hall_frame_check,9x4.5,pi5,-0.105,-0.111,-1.654,-0.050,-0.065,0.271,0.283,-0.00,-0.33,90.24,0.4595,0.4589,0.4591,0.4589,8087,27.229,694.1,359.6,449.5,22.6,472.1,19.32,24.44,0.97822,3.203,14.50,25.09,14,2
30.550,hall_frame_check,9x4.5,pi5,-0.108,-0.113,-1.644,-0.045,-0.061,0.272,0.282,-0.02,-0.33,90.24,0.4621,0.4616,0.4617,0.4615,8125,27.484,700.6,364.6,455.8,22.6,478.4,19.58,24.43,0.97818,3.209,14.31,25.09,14,2
30.602,hall_frame_check,9x4.5,pi5,-0.114,-0.116,-1.627,-0.037,-0.055,0.271,0.279,-0.05,-0.33,90.25,0.4590,0.4596,0.4591,0.4591,8088,27.235,694.3,359.7,449.6,22.6,472.2,19.32,24.44,0.97813,3.216,14.50,25.09,14,2
30.650,hall_frame_check,9x4.5,pi5,-0.116,-0.117,-1.617,-0.032,-0.051,0.272,0.279,-0.06,-0.33,90.25,0.4613,0.4623,0.4616,0.4616,8124,27.479,700.5,364.5,455.7,22.6,478.3,19.58,24.43,0.97809,3.222,14.31,25.09,14,2
30.702,hall_frame_check,9x4.5,pi5,-0.120,-0.119,-1.603,-0.025,-0.045,0.271,0.276,-0.07,-0.33,90.25,0.4592,0.4591,0.4589,0.4590,8086,27.220,693.9,359.4,449.3,22.6,471.9,19.31,24.44,0.97804,3.229,14.51,25.09,14,2
30.754,hall_frame_check,9x4.5,pi5,-0.122,-0.120,-1.592,-0.020,-0.042,0.273,0.276,-0.08,-0.33,90.26,0.4620,0.4613,0.4618,0.4612,8123,27.470,700.3,364.4,455.5,22.6,478.1,19.57,24.43,0.97799,3.236,14.31,25.09,14,2
30.802,hall_frame_check,9x4.5,pi5,-0.125,-0.121,-1.576,-0.013,-0.036,0.272,0.275,-0.08,-0.33,90.27,0.4591,0.4591,0.4592,0.4588,8086,27.222,694.0,359.4,449.3,22.6,471.9,19.31,24.44,0.97795,3.242,14.50,25.09,14,2
30.854,hall_frame_check,9x4.5,pi5,-0.127,-0.122,-1.566,-0.009,-0.032,0.273,0.275,-0.08,-0.32,90.28,0.4621,0.4617,0.4618,0.4620,8127,27.499,701.0,364.9,456.2,22.6,478.8,19.60,24.43,0.97790,3.249,14.29,25.09,14,2
30.902,hall_frame_check,9x4.5,pi5,-0.130,-0.122,-1.551,-0.004,-0.027,0.272,0.273,-0.07,-0.32,90.29,0.4584,0.4595,0.4594,0.4586,8086,27.217,693.8,359.3,449.2,22.6,471.8,19.31,24.44,0.97786,3.255,14.50,25.09,14,2
30.950,hall_frame_check,9x4.5,pi5,-0.132,-0.122,-1.541,-0.000,-0.024,0.273,0.274,-0.07,-0.31,90.30,0.4612,0.4618,0.4619,0.4612,8122,27.463,700.1,364.2,455.3,22.6,477.9,19.56,24.43,0.97782,3.262,14.31,25.09,14,2
31.002,hall_frame_check,9x4.5,pi5,-0.134,-0.122,-1.525,0.005,-0.019,0.272,0.273,-0.06,-0.29,90.32,0.4586,0.4590,0.4588,0.4593,8085,27.211,693.7,359.2,449.0,22.6,471.6,19.30,24.43,0.97777,3.269,14.51,25.09,14,2
31.054,hall_frame_check,9x4.5,pi5,-0.136,-0.122,-1.514,0.008,-0.016,0.273,0.274,-0.06,-0.28,90.33,0.4615,0.4617,0.4619,0.4618,8126,27.486,700.7,364.7,455.8,22.6,478.4,19.59,24.43,0.97772,3.276,14.29,25.09,14,2
31.102,hall_frame_check,9x4.5,pi5,-0.138,-0.122,-1.500,0.012,-0.013,0.272,0.273,-0.05,-0.26,90.34,0.4587,0.4589,0.4590,0.4591,8085,27.209,693.6,359.2,449.0,22.6,471.6,19.30,24.43,0.97768,3.282,14.51,25.09,14,2
31.150,hall_frame_check,9x4.5,pi5,-0.139,-0.121,-1.490,0.015,-0.010,0.274,0.274,-0.05,-0.25,90.35,0.4612,0.4616,0.4618,0.4614,8122,27.464,700.1,364.2,455.3,22.6,477.9,19.57,24.43,0.97764,3.288,14.31,25.09,14,2
31.202,hall_frame_check,9x4.5,pi5,-0.140,-0.120,-1.473,0.019,-0.007,0.273,0.274,-0.05,-0.23,90.36,0.4588,0.4590,0.4590,0.4591,8085,27.213,693.7,359.3,449.1,22.6,471.7,19.31,24.43,0.97759,3.295,14.50,25.09,14,2
31.250,hall_frame_check,9x4.5,pi5,-0.140,-0.118,-1.462,0.021,-0.005,0.274,0.275,-0.05,-0.22,90.37,0.4615,0.4614,0.4617,0.4613,8122,27.460,700.0,364.2,455.2,22.6,477.8,19.56,24.42,0.97755,3.301,14.31,25.09,14,2
31.302,hall_frame_check,9x4.5,pi5,-0.141,-0.117,-1.448,0.025,-0.002,0.273,0.274,-0.04,-0.19,90.38,0.4587,0.4592,0.4590,0.4588,8085,27.211,693.7,359.2,449.0,22.6,471.6,19.30,24.43,0.97750,3.308,14.50,25.09,14,2
31.350,hall_frame_check,9x4.5,pi5,-0.141,-0.115,-1.437,0.027,-0.000,0.274,0.276,-0.04,-0.18,90.38,0.4616,0.4615,0.4615,0.4614,8122,27.464,700.1,364.2,455.3,22.6,477.9,19.57,24.42,0.97746,3.315,14.30,25.09,14,2
31.402,hall_frame_check,9x4.5,pi5,-0.141,-0.113,-1.421,0.031,0.003,0.273,0.275,-0.03,-0.16,90.39,0.4595,0.4585,0.4587,0.4589,8084,27.208,693.6,359.2,448.9,22.6,471.5,19.30,24.43,0.97741,3.321,14.50,25.09,14,2
31.450,hall_frame_check,9x4.5,pi5,-0.141,-0.111,-1.410,0.033,0.004,0.274,0.276,-0.03,-0.14,90.39,0.4618,0.4613,0.4614,0.4613,8121,27.453,699.9,364.0,455.0,22.6,477.6,19.56,24.42,0.97737,3.328,14.31,25.09,14,2
31.502,hall_frame_check,9x4.5,pi5,-0.142,-0.109,-1.396,0.035,0.006,0.273,0.275,-0.02,-0.11,90.40,0.4588,0.4590,0.4588,0.4588,8083,27.202,693.4,359.0,448.8,22.6,471.4,19.29,24.43,0.97732,3.335,14.50,25.09,14,2
31.550,hall_frame_check,9x4.5,pi5,-0.142,-0.108,-1.385,0.036,0.007,0.275,0.277,-0.01,-0.10,90.41,0.4617,0.4611,0.4614,0.4613,8120,27.449,699.8,363.9,454.9,22.6,477.5,19.55,24.42,0.97728,3.341,14.31,25.09,14,2
31.602,hall_frame_check,9x4.5,pi5,-0.142,-0.105,-1.369,0.037,0.008,0.274,0.276,-0.00,-0.07,90.41,0.4589,0.4587,0.4586,0.4590,8083,27.196,693.3,358.9,448.6,22.6,471.2,19.29,24.43,0.97723,3.348,14.51,25.09,14,2
31.650,hall_frame_check,9x4.5,pi5,-0.143,-0.104,-1.359,0.038,0.009,0.274,0.277,-0.00,-0.06,90.42,0.4611,0.4613,0.4612,0.4613,8118,27.435,699.4,363.7,454.6,22.6,477.2,19.54,24.42,0.97719,3.354,14.32,25.09,14,2
31.702,hall_frame_check,9x4.5,pi5,-0.143,-0.102,-1.345,0.039,0.009,0.274,0.277,-0.00,-0.04,90.43,0.4582,0.4592,0.4590,0.4586,8082,27.191,693.2,358.8,448.5,22.6,471.1,19.29,24.43,0.97714,3.361,14.51,25.09,14,2
31.750,hall_frame_check,9x4.5,pi5,-0.143,-0.101,-1.334,0.040,0.009,0.275,0.278,-0.00,-0.02,90.43,0.4617,0.4608,0.4614,0.4611,8118,27.436,699.4,363.7,454.6,22.6,477.2,19.54,24.42,0.97710,3.367,14.32,25.09,14,2
31.802,hall_frame_check,9x4.5,pi5,-0.144,-0.099,-1.318,0.041,0.010,0.274,0.277,-0.01,-0.01,90.44,0.4586,0.4588,0.4587,0.4588,8082,27.190,693.1,358.8,448.5,22.6,471.1,19.28,24.43,0.97705,3.374,14.51,25.08,14,2
31.854,hall_frame_check,9x4.5,pi5,-0.144,-0.098,-1.308,0.041,0.010,0.275,0.278,-0.01,0.00,90.44,0.4614,0.4617,0.4616,0.4615,8123,27.468,700.2,364.3,455.4,22.6,478.0,19.57,24.42,0.97701,3.381,14.29,25.08,14,2
31.902,hall_frame_check,9x4.5,pi5,-0.144,-0.097,-1.293,0.041,0.009,0.274,0.277,-0.02,0.02,90.45,0.4585,0.4590,0.4590,0.4585,8082,27.192,693.2,358.8,448.6,22.6,471.2,19.29,24.43,0.97696,3.387,14.50,25.08,14,2
31.950,hall_frame_check,9x4.5,pi5,-0.144,-0.096,-1.282,0.042,0.009,0.275,0.279,-0.03,0.02,90.45,0.4611,0.4619,0.4615,0.4612,8121,27.452,699.8,364.0,455.0,22.6,477.6,19.56,24.42,0.97692,3.394,14.30,25.08,14,2
32.002,hall_frame_check,9x4.5,pi5,-0.144,-0.095,-1.265,0.043,0.008,0.275,0.278,-0.04,0.02,90.45,0.4588,0.4590,0.4585,0.4592,8084,27.206,693.6,359.1,448.9,22.6,471.5,19.30,24.43,0.97687,3.400,14.49,25.08,14,2
32.054,hall_frame_check,9x4.5,pi5,-0.144,-0.095,-1.254,0.044,0.008,0.276,0.279,-0.04,0.02,90.45,0.4625,0.4617,0.4620,0.4618,8129,27.510,701.3,365.1,456.4,22.6,479.0,19.62,24.42,0.97683,3.407,14.25,25.08,14,2
32.102,hall_frame_check,9x4.5,pi5,-0.144,-0.095,-1.238,0.045,0.007,0.275,0.278,-0.05,0.02,90.44,0.4588,0.4593,0.4593,0.4585,8085,27.216,693.8,359.3,449.1,22.6,471.7,19.31,24.43,0.97678,3.414,14.48,25.08,14,2
32.150,hall_frame_check,9x4.5,pi5,-0.143,-0.095,-1.227,0.046,0.006,0.276,0.280,-0.06,0.02,90.44,0.4617,0.4619,0.4616,0.4616,8125,27.482,700.6,364.6,455.7,22.6,478.3,19.59,24.42,0.97674,3.420,14.27,25.08,14,2
32.202,hall_frame_check,9x4.5,pi5,-0.142,-0.096,-1.209,0.047,0.005,0.275,0.279,-0.06,0.01,90.44,0.4589,0.4591,0.4591,0.4585,8084,27.208,693.6,359.2,448.9,22.6,471.5,19.31,24.43,0.97669,3.427,14.48,25.08,14,2
32.254,hall_frame_check,9x4.5,pi5,-0.142,-0.096,-1.198,0.048,0.004,0.276,0.280,-0.06,-0.00,90.44,0.4617,0.4625,0.4621,0.4618,8129,27.511,701.3,365.2,456.5,22.6,479.1,19.62,24.42,0.97664,3.434,14.25,25.08,14,2
32.302,hall_frame_check,9x4.5,pi5,-0.141,-0.096,-1.183,0.048,0.003,0.275,0.279,-0.06,-0.02,90.44,0.4592,0.4588,0.4589,0.4590,8085,27.213,693.7,359.3,449.1,22.6,471.7,19.31,24.42,0.97660,3.440,14.48,25.08,14,2
32.350,hall_frame_check,9x4.5,pi5,-0.140,-0.097,-1.171,0.049,0.003,0.276,0.281,-0.06,-0.03,90.43,0.4613,0.4622,0.4620,0.4615,8126,27.487,700.7,364.7,455.9,22.6,478.5,19.60,24.42,0.97656,3.446,14.27,25.08,14,2
32.402,hall_frame_check,9x4.5,pi5,-0.139,-0.098,-1.153,0.050,0.002,0.275,0.280,-0.06,-0.05,90.43,0.4591,0.4588,0.4593,0.4586,8085,27.212,693.7,359.2,449.0,22.6,471.6,19.31,24.42,0.97651,3.453,14.48,25.08,14,2
32.454,hall_frame_check,9x4.5,pi5,-0.138,-0.098,-1.142,0.051,0.002,0.276,0.281,-0.05,-0.07,90.43,0.4618,0.4622,0.4622,0.4621,8130,27.517,701.5,365.3,456.6,22.6,479.2,19.63,24.41,0.97646,3.460,14.24,25.08,14,2
32.502,hall_frame_check,9x4.5,pi5,-0.137,-0.099,-1.127,0.051,0.001,0.275,0.280,-0.05,-0.09,90.43,0.4589,0.4590,0.4590,0.4589,8085,27.213,693.7,359.3,449.1,22.6,471.7,19.31,24.42,0.97642,3.466,14.47,25.08,14,2
32.550,hall_frame_check,9x4.5,pi5,-0.136,-0.100,-1.116,0.051,0.001,0.277,0.281,-0.05,-0.11,90.43,0.4617,0.4616,0.4618,0.4616,8125,27.481,700.6,364.6,455.7,22.6,478.3,19.59,24.41,0.97638,3.473,14.27,25.08,14,2
32.602,hall_frame_check,9x4.5,pi5,-0.136,-0.102,-1.098,0.052,0.001,0.276,0.280,-0.04,-0.13,90.43,0.4586,0.4593,0.4585,0.4595,8085,27.213,693.7,359.3,449.1,22.6,471.7,19.31,24.42,0.97633,3.480,14.47,25.08,14,2
32.650,hall_frame_check,9x4.5,pi5,-0.135,-0.103,-1.087,0.052,0.000,0.277,0.281,-0.04,-0.15,90.43,0.4617,0.4616,0.4615,0.4618,8124,27.477,700.5,364.5,455.6,22.6,478.2,19.59,24.41,0.97629,3.486,14.27,25.08,14,2
32.702,hall_frame_check,9x4.5,pi5,-0.135,-0.104,-1.071,0.051,0.000,0.276,0.280,-0.04,-0.17,90.43,0.4589,0.4591,0.4586,0.4593,8085,27.215,693.8,359.3,449.1,22.6,471.7,19.32,24.42,0.97624,3.493,14.47,25.08,14,2
32.750,hall_frame_check,9x4.5,pi5,-0.135,-0.106,-1.060,0.051,0.000,0.277,0.282,-0.04,-0.19,90.43,0.4617,0.4619,0.4622,0.4613,8126,27.489,700.8,364.7,455.9,22.6,478.5,19.60,24.41,0.97620,3.499,14.26,25.08,14,2
32.802,hall_frame_check,9x4.5,pi5,-0.135,-0.108,-1.042,0.050,0.000,0.276,0.281,-0.04,-0.22,90.43,0.4591,0.4590,0.4588,0.4593,8086,27.221,693.9,359.4,449.3,22.6,471.9,19.32,24.42,0.97615,3.506,14.46,25.08,14,2
32.850,hall_frame_check,9x4.5,pi5,-0.135,-0.109,-1.031,0.050,0.000,0.277,0.281,-0.04,-0.23,90.43,0.4616,0.4619,0.4616,0.4620,8126,27.490,700.8,364.8,456.0,22.6,478.6,19.60,24.41,0.97611,3.512,14.25,25.08,14,2
32.902,hall_frame_check,9x4.5,pi5,-0.135,-0.110,-1.015,0.049,0.001,0.276,0.280,-0.06,-0.26,90.43,0.4598,0.4583,0.4593,0.4590,8087,27.227,694.1,359.5,449.4,22.6,472.0,19.33,24.42,0.97606,3.519,14.45,25.08,14,2
32.950,hall_frame_check,9x4.5,pi5,-0.136,-0.111,-1.003,0.048,0.002,0.277,0.282,-0.06,-0.28,90.43,0.4618,0.4620,0.4617,0.4621,8128,27.501,701.1,365.0,456.2,22.6,478.8,19.62,24.41,0.97602,3.526,14.24,25.08,14,2
33.002,hall_frame_check,9x4.5,pi5,-0.136,-0.112,-0.985,0.048,0.003,0.276,0.280,-0.08,-0.31,90.43,0.4589,0.4593,0.4591,0.4592,8087,27.228,694.1,359.6,449.4,22.6,472.0,19.33,24.42,0.97597,3.532,14.45,25.08,14,2
33.050,hall_frame_check,9x4.5,pi5,-0.136,-0.113,-0.974,0.047,0.003,0.277,0.281,-0.09,-0.32,90.43,0.4621,0.4616,0.4615,0.4622,8127,27.498,701.0,364.9,456.2,22.6,478.8,19.61,24.41,0.97593,3.539,14.24,25.08,14,2
33.102,hall_frame_check,9x4.5,pi5,-0.136,-0.114,-0.957,0.047,0.005,0.276,0.280,-0.11,-0.34,90.43,0.4594,0.4587,0.4590,0.4594,8087,27.226,694.1,359.5,449.4,22.6,472.0,19.33,24.42,0.97588,3.546,14.45,25.08,14,2
33.150,hall_frame_check,9x4.5,pi5,-0.135,-0.114,-0.946,0.047,0.006,0.278,0.282,-0.13,-0.36,90.43,0.4619,0.4619,0.4620,0.4620,8128,27.505,701.2,365.1,456.3,22.6,478.9,19.62,24.41,0.97584,3.552,14.23,25.08,14,2
33.202,hall_frame_check,9x4.5,pi5,-0.134,-0.114,-0.928,0.048,0.008,0.276,0.281,-0.14,-0.37,90.43,0.4589,0.4593,0.4592,0.4590,8087,27.225,694.0,359.5,449.4,22.6,472.0,19.33,24.42,0.97579,3.559,14.45,25.08,14,2
33.250,hall_frame_check,9x4.5,pi5,-0.133,-0.114,-0.916,0.049,0.009,0.277,0.282,-0.15,-0.37,90.43,0.4617,0.4620,0.4618,0.4619,8127,27.496,700.9,364.9,456.1,22.6,478.7,19.61,24.41,0.97575,3.565,14.24,25.08,14,2
33.302,hall_frame_check,9x4.5,pi5,-0.132,-0.114,-0.900,0.049,0.011,0.276,0.281,-0.15,-0.38,90.43,0.4591,0.4589,0.4597,0.4585,8087,27.225,694.0,359.5,449.4,22.6,472.0,19.33,24.42,0.97570,3.572,14.45,25.08,14,2
33.350,hall_frame_check,9x4.5,pi5,-0.130,-0.113,-0.889,0.050,0.012,0.278,0.283,-0.16,-0.38,90.44,0.4617,0.4619,0.4617,0.4621,8127,27.495,700.9,364.9,456.1,22.6,478.7,19.61,24.41,0.97566,3.578,14.24,25.08,14,2
33.402,hall_frame_check,9x4.5,pi5,-0.128,-0.113,-0.871,0.051,0.015,0.277,0.282,-0.15,-0.38,90.44,0.4587,0.4593,0.4584,0.4597,8086,27.218,693.9,359.4,449.2,22.6,471.8,19.32,24.42,0.97561,3.585,14.45,25.08,14,2
33.454,hall_frame_check,9x4.5,pi5,-0.127,-0.112,-0.860,0.052,0.016,0.277,0.283,-0.15,-0.38,90.44,0.4619,0.4620,0.4622,0.4619,8129,27.511,701.3,365.2,456.5,22.6,479.1,19.63,24.41,0.97556,3.592,14.22,25.08,14,2
33.502,hall_frame_check,9x4.5,pi5,-0.125,-0.111,-0.845,0.053,0.018,0.276,0.282,-0.14,-0.37,90.45,0.4588,0.4587,0.4590,0.4587,8083,27.199,693.4,359.0,448.7,22.6,471.3,19.30,24.42,0.97552,3.598,14.46,25.08,14,2
33.550,hall_frame_check,9x4.5,pi5,-0.123,-0.110,-0.835,0.053,0.019,0.278,0.283,-0.13,-0.37,90.45,0.4612,0.4616,0.4614,0.4615,8121,27.453,699.8,364.0,455.0,22.6,477.6,19.57,24.41,0.97548,3.605,14.27,25.08,14,2
33.602,hall_frame_check,9x4.5,pi5,-0.121,-0.108,-0.818,0.053,0.021,0.277,0.283,-0.12,-0.36,90.45,0.4590,0.4586,0.4587,0.4589,8083,27.197,693.3,358.9,448.7,22.6,471.3,19.30,24.41,0.97543,3.612,14.46,25.08,14,2
33.650,hall_frame_check,9x4.5,pi5,-0.120,-0.107,-0.808,0.053,0.022,0.278,0.284,-0.10,-0.35,90.45,0.4618,0.4611,0.4615,0.4611,8120,27.449,699.8,364.0,454.9,22.6,477.5,19.57,24.41,0.97539,3.618,14.27,25.08,14,2
33.702,hall_frame_check,9x4.5,pi5,-0.118,-0.105,-0.793,0.053,0.023,0.277,0.283,-0.09,-0.34,90.45,0.4588,0.4590,0.4587,0.4590,8084,27.204,693.5,359.1,448.8,22.6,471.4,19.31,24.41,0.97534,3.625,14.45,25.08,14,2
33.750,hall_frame_check,9x4.5,pi5,-0.116,-0.104,-0.783,0.053,0.024,0.279,0.285,-0.08,-0.32,90.45,0.4617,0.4612,0.4615,0.4615,8121,27.458,700.0,364.1,455.2,22.6,477.8,19.58,24.41,0.97530,3.631,14.26,25.08,14,2
33.802,hall_frame_check,9x4.5,pi5,-0.114,-0.102,-0.766,0.053,0.026,0.278,0.284,-0.07,-0.31,90.45,0.4588,0.4590,0.4587,0.4591,8084,27.208,693.6,359.2,449.0,22.6,471.6,19.32,24.41,0.97525,3.638,14.45,25.07,14,2
33.850,hall_frame_check,9x4.5,pi5,-0.112,-0.100,-0.755,0.053,0.026,0.279,0.285,-0.06,-0.30,90.46,0.4614,0.4618,0.4614,0.4616,8123,27.467,700.2,364.3,455.4,22.6,478.0,19.59,24.40,0.97521,3.644,14.25,25.07,14,2
33.898,hall_frame_check,9x4.5,pi5,-0.110,-0.098,-0.740,0.053,0.027,0.278,0.284,-0.05,-0.28,90.46,0.4585,0.4589,0.4583,0.4588,8080,27.179,692.9,358.6,448.2,22.6,470.8,19.29,24.41,0.97516,3.651,14.47,25.07,14,2
33.950,hall_frame_check,9x4.5,pi5,-0.108,-0.097,-0.729,0.053,0.027,0.279,0.286,-0.05,-0.27,90.46,0.4617,0.4620,0.4613,0.4622,8126,27.491,700.8,364.8,456.0,22.6,478.6,19.61,24.40,0.97512,3.657,14.23,25.07,14,2
34.002,hall_frame_check,9x4.5,pi5,-0.105,-0.095,-0.711,0.053,0.027,0.278,0.284,-0.03,-0.25,90.46,0.4593,0.4589,0.4592,0.4590,8087,27.226,694.1,359.5,449.4,22.6,472.0,19.34,24.41,0.97507,3.664,14.43,25.07,14,2
34.050,hall_frame_check,9x4.5,pi5,-0.103,-0.093,-0.699,0.053,0.027,0.279,0.285,-0.03,-0.24,90.46,0.4618,0.4618,0.4619,0.4618,8126,27.492,700.8,364.8,456.0,22.6,478.6,19.61,24.40,0.97503,3.671,14.23,25.07,14,2
34.102,hall_frame_check,9x4.5,pi5,-0.100,-0.091,-0.684,0.052,0.027,0.278,0.284,-0.01,-0.23,90.47,0.4597,0.4585,0.4592,0.4591,8088,27.230,694.2,359.6,449.5,22.6,472.1,19.34,24.41,0.97498,3.678,14.43,25.07,14,2
34.150,hall_frame_check,9x4.5,pi5,-0.099,-0.090,-0.672,0.052,0.027,0.279,0.285,-0.00,-0.22,90.47,0.4625,0.4614,0.4615,0.4625,8129,27.509,701.3,365.1,456.4,22.6,479.0,19.63,24.40,0.97494,3.684,14.21,25.07,14,2
34.202,hall_frame_check,9x4.5,pi5,-0.095,-0.087,-0.653,0.051,0.027,0.278,0.284,0.01,-0.21,90.47,0.4591,0.4592,0.4590,0.4595,8089,27.238,694.4,359.8,449.7,22.6,472.3,19.35,24.41,0.97489,3.691,14.42,25.07,14,2
34.250,hall_frame_check,9x4.5,pi5,-0.093,-0.086,-0.642,0.051,0.027,0.279,0.285,0.02,-0.20,90.47,0.4621,0.4620,0.4621,0.4621,8130,27.516,701.5,365.3,456.6,22.6,479.2,19.64,24.40,0.97485,3.697,14.20,25.07,14,2
34.302,hall_frame_check,9x4.5,pi5,-0.090,-0.084,-0.625,0.050,0.027,0.277,0.283,0.04,-0.19,90.47,0.4607,0.4608,0.4605,0.4611,8111,27.390,698.3,362.8,453.5,22.6,476.1,19.51,24.40,0.97480,3.704,14.30,25.07,14,2
34.350,hall_frame_check,9x4.5,pi5,-0.088,-0.082,-0.613,0.049,0.026,0.277,0.282,0.05,-0.18,90.47,0.4632,0.4633,0.4632,0.4634,8148,27.635,704.5,367.6,459.6,22.6,482.2,19.76,24.40,0.97476,3.710,14.11,25.07,14,2
34.402,hall_frame_check,9x4.5,pi5,-0.085,-0.080,-0.594,0.048,0.026,0.271,0.277,0.07,-0.17,90.47,0.4649,0.4654,0.4644,0.4658,8175,27.819,709.2,371.3,464.2,22.6,486.8,19.96,24.39,0.97471,3.717,13.97,25.07,14,2
34.450,hall_frame_check,9x4.5,pi5,-0.084,-0.079,-0.583,0.047,0.025,0.265,0.271,0.08,-0.16,90.47,0.4665,0.4664,0.4665,0.4664,8194,27.949,712.5,373.9,467.4,22.6,490.0,20.09,24.38,0.97466,3.724,13.88,25.07,14,2
34.502,hall_frame_check,9x4.5,pi5,-0.081,-0.077,-0.568,0.046,0.025,0.254,0.260,0.09,-0.15,90.47,0.4675,0.4673,0.4675,0.4674,8208,28.044,714.9,375.8,469.8,22.6,492.4,20.20,24.38,0.97461,3.731,13.81,25.07,14,2
34.550,hall_frame_check,9x4.5,pi5,-0.080,-0.076,-0.557,0.044,0.024,0.246,0.251,0.10,-0.15,90.47,0.4680,0.4679,0.4678,0.4682,8215,28.097,716.3,376.9,471.1,22.6,493.7,20.25,24.38,0.97457,3.738,13.77,25.07,14,2
34.602,hall_frame_check,9x4.5,pi5,-0.078,-0.074,-0.541,0.042,0.024,0.231,0.236,0.11,-0.14,90.47,0.4684,0.4684,0.4681,0.4685,8221,28.136,717.3,377.7,472.1,22.6,494.7,20.29,24.38,0.97452,3.745,13.74,25.07,14,2
34.650,hall_frame_check,9x4.5,pi5,-0.077,-0.073,-0.532,0.041,0.023,0.222,0.227,0.11,-0.14,90.47,0.4687,0.4685,0.4685,0.4686,8224,28.157,717.8,378.1,472.6,22.6,495.2,20.32,24.38,0.97448,3.751,13.72,25.07,14,2
34.702,hall_frame_check,9x4.5,pi5,-0.076,-0.071,-0.519,0.039,0.022,0.209,0.214,0.11,-0.13,90.47,0.4683,0.4690,0.4686,0.4687,8226,28.167,718.1,378.3,472.9,22.6,495.5,20.33,24.38,0.97443,3.759,13.72,25.07,14,2
34.754,hall_frame_check,9x4.5,pi5,-0.075,-0.070,-0.511,0.038,0.022,0.200,0.205,0.11,-0.13,90.47,0.4685,0.4689,0.4683,0.4691,8226,28.169,718.1,378.4,472.9,22.6,495.5,20.33,24.38,0.97438,3.766,13.71,25.07,14,2
34.802,hall_frame_check,9x4.5,pi5,-0.073,-0.068,-0.499,0.036,0.021,0.186,0.191,0.10,-0.12,90.47,0.4684,0.4686,0.4685,0.4687,8224,28.158,717.8,378.1,472.7,22.6,495.3,20.32,24.38,0.97433,3.772,13.72,25.07,14,2
34.850,hall_frame_check,9x4.5,pi5,-0.072,-0.067,-0.492,0.035,0.020,0.178,0.183,0.10,-0.12,90.47,0.4682,0.4684,0.4683,0.4687,8222,28.142,717.4,377.8,472.3,22.6,494.9,20.30,24.38,0.97429,3.779,13.73,25.07,14,2
34.902,hall_frame_check,9x4.5,pi5,-0.070,-0.066,-0.483,0.035,0.019,0.167,0.172,0.10,-0.12,90.48,0.4684,0.4680,0.4687,0.4680,8220,28.128,717.1,377.5,471.9,22.6,494.5,20.29,24.38,0.97424,3.786,13.74,25.07,14,2
34.950,hall_frame_check,9x4.5,pi5,-0.069,-0.065,-0.477,0.035,0.019,0.160,0.165,0.09,-0.12,90.48,0.4679,0.4683,0.4681,0.4683,8218,28.118,716.8,377.3,471.7,22.6,494.3,20.28,24.38,0.97419,3.793,13.75,25.07,14,2
35.002,hall_frame_check,9x4.5,pi5,-0.066,-0.064,-0.468,0.035,0.018,0.149,0.154,0.10,-0.12,90.48,0.4682,0.4679,0.4677,0.4686,8218,28.112,716.7,377.2,471.5,22.6,494.1,20.27,24.38,0.97414,3.800,13.75,25.07,14,2
35.050,hall_frame_check,9x4.5,pi5,-0.065,-0.063,-0.462,0.035,0.017,0.143,0.148,0.10,-0.12,90.48,0.4676,0.4684,0.4678,0.4683,8217,28.106,716.5,377.1,471.4,22.6,494.0,20.26,24.37,0.97410,3.806,13.75,25.07,14,2
35.102,hall_frame_check,9x4.5,pi5,-0.062,-0.062,-0.455,0.035,0.016,0.135,0.140,0.11,-0.12,90.49,0.4676,0.4684,0.4681,0.4679,8216,28.102,716.4,377.0,471.3,22.6,493.9,20.26,24.37,0.97405,3.814,13.75,25.07,14,2
35.150,hall_frame_check,9x4.5,pi5,-0.060,-0.062,-0.450,0.034,0.015,0.129,0.135,0.12,-0.12,90.49,0.4681,0.4678,0.4678,0.4682,8216,28.100,716.4,377.0,471.2,22.6,493.8,20.26,24.37,0.97401,3.820,13.75,25.07,14,2
35.202,hall_frame_check,9x4.5,pi5,-0.057,-0.062,-0.443,0.034,0.014,0.121,0.127,0.13,-0.12,90.50,0.4674,0.4684,0.4675,0.4685,8215,28.098,716.3,376.9,471.2,22.6,493.8,20.26,24.37,0.97396,3.827,13.75,25.07,14,2
35.238,hall_frame_check,9x4.5,pi5,-0.055,-0.062,-0.439,0.034,0.013,0.116,0.122,0.15,-0.13,90.50,0.4683,0.4675,0.4678,0.4680,8215,28.095,716.2,376.9,471.1,22.6,493.7,20.25,24.37,0.97392,3.832,13.76,25.07,14,2
35.246,hall_frame_check,9x4.5,pi5,-0.055,-0.062,-0.439,0.034,0.013,0.116,0.122,0.15,-0.13,90.50,0.4683,0.4676,0.4679,0.4679,8215,28.095,716.2,376.9,471.1,22.6,493.7,20.26,24.37,0.97392,3.833,13.76,25.07,14,2
35.298,hall_frame_check,9x4.5,pi5,-0.053,-0.062,-0.433,0.034,0.012,0.109,0.115,0.16,-0.14,90.50,0.4690,0.4676,0.4692,0.4674,8220,28.130,717.1,377.6,472.0,22.6,494.6,20.29,24.37,0.97387,3.840,13.73,25.07,14,2
35.346,hall_frame_check,9x4.5,pi5,-0.051,-0.061,-0.429,0.034,0.012,0.105,0.111,0.18,-0.13,90.50,0.4624,0.4620,0.4625,0.4619,8132,27.528,701.8,365.5,456.9,22.6,479.5,19.66,24.39,0.97382,3.847,14.17,25.07,14,2
35.398,hall_frame_check,9x4.5,pi5,-0.049,-0.061,-0.423,0.032,0.011,0.111,0.116,0.24,-0.05,90.50,0.4525,0.4526,0.4525,0.4527,7993,26.594,678.0,347.1,433.8,22.6,456.4,18.69,24.42,0.97378,3.853,14.90,25.07,18,2
35.446,hall_frame_check,9x4.5,pi5,-0.047,-0.060,-0.419,0.031,0.010,0.124,0.128,0.28,0.02,90.50,0.4443,0.4446,0.4440,0.4449,7875,25.817,658.2,332.0,415.0,22.6,437.6,17.90,24.44,0.97374,3.859,15.56,25.07,18,2
35.498,hall_frame_check,9x4.5,pi5,-0.046,-0.060,-0.412,0.029,0.008,0.154,0.157,0.34,0.11,90.50,0.4405,0.4410,0.4405,0.4409,7821,25.464,649.1,325.2,406.5,22.6,429.1,17.55,24.45,0.97370,3.865,15.87,25.07,18,2
35.546,hall_frame_check,9x4.5,pi5,-0.045,-0.059,-0.405,0.027,0.006,0.182,0.184,0.36,0.15,90.50,0.4376,0.4380,0.4373,0.4383,7778,25.185,642.0,319.9,399.8,22.6,422.4,17.27,24.46,0.97366,3.871,16.13,25.07,18,2
35.598,hall_frame_check,9x4.5,pi5,-0.044,-0.058,-0.391,0.024,0.003,0.237,0.238,0.39,0.20,90.50,0.4295,0.4296,0.4290,0.4300,7659,24.418,622.5,305.4,381.7,22.6,404.3,16.51,24.48,0.97362,3.877,16.87,25.07,18,2
35.646,hall_frame_check,9x4.5,pi5,-0.044,-0.057,-0.380,0.022,0.002,0.277,0.278,0.41,0.22,90.49,0.4216,0.4215,0.4208,0.4219,7541,23.677,603.6,291.6,364.4,22.6,387.0,15.79,24.50,0.97358,3.882,17.63,25.07,18,2
35.698,hall_frame_check,9x4.5,pi5,-0.043,-0.056,-0.362,0.019,-0.000,0.340,0.340,0.42,0.24,90.49,0.4197,0.4191,0.4188,0.4194,7510,23.477,598.5,287.9,359.8,22.6,382.4,15.60,24.51,0.97355,3.888,17.85,25.07,18,2
35.746,hall_frame_check,9x4.5,pi5,-0.043,-0.055,-0.346,0.017,-0.002,0.389,0.389,0.42,0.24,90.48,0.4174,0.4180,0.4170,0.4177,7484,23.317,594.4,284.9,356.2,22.6,378.8,15.45,24.51,0.97351,3.893,18.02,25.07,18,2
35.798,hall_frame_check,9x4.5,pi5,-0.043,-0.054,-0.316,0.014,-0.003,0.475,0.476,0.43,0.25,90.47,0.4143,0.4143,0.4136,0.4143,7435,23.014,586.7,279.4,349.3,22.6,371.9,15.16,24.52,0.97347,3.898,18.36,25.06,18,2
35.846,hall_frame_check,9x4.5,pi5,-0.043,-0.052,-0.294,0.012,-0.004,0.528,0.528,0.43,0.26,90.47,0.4222,0.4214,0.4214,0.4215,7544,23.693,604.0,291.9,364.8,22.6,387.4,15.81,24.50,0.97344,3.903,17.61,25.06,18,2
35.898,hall_frame_check,9x4.5,pi5,-0.043,-0.051,-0.260,0.009,-0.006,0.585,0.585,0.43,0.26,90.46,0.4306,0.4306,0.4303,0.4300,7671,24.497,624.5,306.8,383.5,22.6,406.1,16.59,24.48,0.97340,3.909,16.78,25.06,18,2
35.946,hall_frame_check,9x4.5,pi5,-0.044,-0.050,-0.234,0.007,-0.007,0.614,0.614,0.43,0.27,90.46,0.4377,0.4380,0.4374,0.4374,7776,25.172,641.7,319.6,399.5,22.6,422.1,17.26,24.46,0.97336,3.915,16.13,25.06,18,2
