t_s,scenario,prop,payload,x,y,z,vx,vy,vz,speed_ms,roll_deg,pitch_deg,yaw_deg,m0,m1,m2,m3,rpm_mean,thrust_total_n,thrust_per_motor_g,shaft_w,prop_elec_w,avionics_w,power_total_w,current_a,v_terminal,soc,energy_wh,endurance_remaining_min,px4_batt_v,nav_state,arming
0.052,hall_mission,9x4.5,pi5,-0.009,0.008,0.028,0.008,0.010,0.003,0.013,-0.01,-0.07,94.83,0.0014,0.0007,0.0014,0.0006,1447,0.872,22.2,2.1,2.6,22.6,25.2,1.00,25.17,1.00000,0.000,287.95,nan,4,1
0.100,hall_mission,9x4.5,pi5,-0.009,0.008,0.027,0.009,0.009,0.003,0.013,-0.01,-0.06,94.83,0.0014,0.0006,0.0013,0.0006,1447,0.872,22.2,2.1,2.6,22.6,25.2,1.00,25.17,1.00000,0.001,287.95,nan,4,1
0.152,hall_mission,9x4.5,pi5,-0.009,0.008,0.026,0.009,0.009,0.002,0.013,-0.01,-0.06,94.82,0.0014,0.0007,0.0015,0.0005,1447,0.872,22.2,2.1,2.6,22.6,25.2,1.00,25.17,0.99999,0.001,287.95,nan,4,1
0.200,hall_mission,9x4.5,pi5,-0.009,0.008,0.025,0.009,0.009,0.002,0.013,-0.01,-0.06,94.82,0.0013,0.0007,0.0016,0.0004,1447,0.872,22.2,2.1,2.6,22.6,25.2,1.00,25.17,0.99999,0.001,287.95,nan,4,1
0.252,hall_mission,9x4.5,pi5,-0.010,0.008,0.025,0.009,0.009,0.002,0.013,-0.01,-0.06,94.82,0.0014,0.0006,0.0014,0.0006,1447,0.872,22.2,2.1,2.6,22.6,25.2,1.00,25.17,0.99999,0.002,287.95,nan,4,1
0.300,hall_mission,9x4.5,pi5,-0.010,0.007,0.024,0.009,0.008,0.001,0.012,-0.00,-0.05,94.82,0.0014,0.0007,0.0016,0.0004,1447,0.872,22.2,2.1,2.6,22.6,25.2,1.00,25.17,0.99999,0.002,287.95,nan,4,1
0.352,hall_mission,9x4.5,pi5,-0.010,0.007,0.024,0.009,0.007,0.001,0.011,-0.00,-0.05,94.82,0.0012,0.0008,0.0014,0.0006,1447,0.872,22.2,2.1,2.6,22.6,25.2,1.00,25.17,0.99998,0.002,287.95,nan,4,1
0.400,hall_mission,9x4.5,pi5,-0.010,0.006,0.023,0.009,0.005,0.001,0.010,0.00,-0.05,94.82,0.0016,0.0004,0.0013,0.0006,1447,0.872,22.2,2.1,2.6,22.6,25.2,1.00,25.17,0.99998,0.003,287.94,nan,4,1
0.452,hall_mission,9x4.5,pi5,-0.010,0.005,0.023,0.009,0.004,0.001,0.010,0.01,-0.04,94.81,0.0011,0.0010,0.0013,0.0006,1447,0.872,22.2,2.1,2.6,22.6,25.2,1.00,25.17,0.99998,0.003,287.95,nan,4,1
0.500,hall_mission,9x4.5,pi5,-0.010,0.003,0.023,0.008,0.003,0.001,0.009,0.01,-0.04,94.81,0.0015,0.0005,0.0011,0.0009,1447,0.872,22.2,2.1,2.6,22.6,25.2,1.00,25.17,0.99998,0.003,287.94,nan,4,1
0.552,hall_mission,9x4.5,pi5,-0.010,0.002,0.023,0.008,0.002,0.001,0.009,0.01,-0.04,94.81,0.0014,0.0005,0.0011,0.0010,1447,0.872,22.2,2.1,2.6,22.6,25.2,1.00,25.17,0.99997,0.004,287.94,nan,4,1
0.600,hall_mission,9x4.5,pi5,-0.010,0.001,0.023,0.008,0.001,0.001,0.008,0.01,-0.04,94.81,0.0014,0.0006,0.0015,0.0005,1447,0.872,22.2,2.1,2.6,22.6,25.2,1.00,25.17,0.99997,0.004,287.94,25.20,4,1
0.652,hall_mission,9x4.5,pi5,-0.011,0.000,0.023,0.008,0.001,0.001,0.008,0.01,-0.04,94.81,0.0013,0.0007,0.0014,0.0006,1447,0.872,22.2,2.1,2.6,22.6,25.2,1.00,25.17,0.99997,0.005,287.94,25.20,4,1
0.700,hall_mission,9x4.5,pi5,-0.011,-0.000,0.023,0.007,0.001,0.002,0.007,0.01,-0.04,94.81,0.0013,0.0007,0.0011,0.0009,1447,0.872,22.2,2.1,2.6,22.6,25.2,1.00,25.17,0.99997,0.005,287.94,25.20,4,1
0.752,hall_mission,9x4.5,pi5,-0.012,-0.001,0.023,0.007,0.001,0.002,0.007,0.02,-0.04,94.81,0.0016,0.0005,0.0009,0.0010,1447,0.872,22.2,2.1,2.6,22.6,25.2,1.00,25.17,0.99997,0.005,287.94,25.20,4,1
0.800,hall_mission,9x4.5,pi5,-0.013,-0.001,0.023,0.005,0.000,0.002,0.006,0.02,-0.04,94.82,0.0011,0.0009,0.0015,0.0005,1447,0.872,22.2,2.1,2.6,22.6,25.2,1.00,25.17,0.99996,0.006,287.94,25.20,4,1
0.852,hall_mission,9x4.5,pi5,-0.013,-0.001,0.023,0.005,0.000,0.002,0.005,0.02,-0.05,94.82,0.0012,0.0008,0.0014,0.0007,1447,0.872,22.2,2.1,2.6,22.6,25.2,1.00,25.17,0.99996,0.006,287.93,25.20,4,1
0.900,hall_mission,9x4.5,pi5,-0.014,-0.001,0.023,0.004,0.001,0.002,0.004,0.03,-0.05,94.82,0.0015,0.0004,0.0011,0.0009,1447,0.872,22.2,2.1,2.6,22.6,25.2,1.00,25.17,0.99996,0.006,287.94,25.20,4,1
0.952,hall_mission,9x4.5,pi5,-0.014,-0.001,0.023,0.003,0.002,0.002,0.004,0.03,-0.05,94.83,0.0015,0.0003,0.0013,0.0008,1447,0.872,22.2,2.1,2.6,22.6,25.2,1.00,25.17,0.99996,0.007,287.93,25.20,4,1
1.000,hall_mission,9x4.5,pi5,-0.015,-0.001,0.024,0.002,0.003,0.002,0.004,0.03,-0.06,94.83,0.0016,0.0003,0.0015,0.0006,1447,0.872,22.2,2.1,2.6,22.6,25.2,1.00,25.17,0.99995,0.007,287.94,25.20,4,1
1.052,hall_mission,9x4.5,pi5,-0.015,-0.000,0.024,0.002,0.004,0.002,0.004,0.03,-0.06,94.83,0.0015,0.0006,0.0012,0.0007,1447,0.872,22.2,2.1,2.6,22.6,25.2,1.00,25.17,0.99995,0.007,287.93,25.20,4,1
1.100,hall_mission,9x4.5,pi5,-0.016,0.000,0.025,0.001,0.004,0.002,0.005,0.03,-0.07,94.84,0.0018,0.0001,0.0017,0.0003,1447,0.872,22.2,2.1,2.6,22.6,25.2,1.00,25.17,0.99995,0.008,287.92,25.20,4,1
1.152,hall_mission,9x4.5,pi5,-0.016,0.001,0.025,0.000,0.005,0.002,0.005,0.03,-0.07,94.84,0.0016,0.0003,0.0014,0.0007,1447,0.872,22.2,2.1,2.6,22.6,25.2,1.00,25.17,0.99995,0.008,287.93,25.20,4,1
1.200,hall_mission,9x4.5,pi5,-0.017,0.001,0.026,-0.000,0.005,0.003,0.006,0.03,-0.07,94.85,0.0016,0.0002,0.0013,0.0008,1447,0.872,22.2,2.1,2.6,22.6,25.2,1.00,25.17,0.99994,0.008,287.93,25.20,4,1
1.252,hall_mission,9x4.5,pi5,-0.017,0.001,0.027,-0.000,0.005,0.003,0.006,0.03,-0.07,94.85,0.0017,0.0003,0.0014,0.0007,1447,0.872,22.2,2.1,2.6,22.6,25.2,1.00,25.17,0.99994,0.009,287.93,25.20,4,1
1.300,hall_mission,9x4.5,pi5,-0.017,0.000,0.028,-0.001,0.005,0.003,0.006,0.04,-0.07,94.85,0.0015,0.0004,0.0010,0.0010,1447,0.872,22.2,2.1,2.6,22.6,25.2,1.00,25.17,0.99994,0.009,287.93,25.20,4,1
1.352,hall_mission,9x4.5,pi5,-0.017,-0.000,0.029,-0.001,0.005,0.003,0.006,0.04,-0.07,94.85,0.0019,0.0001,0.0014,0.0006,1447,0.872,22.2,2.1,2.6,22.6,25.2,1.00,25.17,0.99994,0.009,287.93,25.20,4,1
1.400,hall_mission,9x4.5,pi5,-0.018,-0.001,0.030,-0.001,0.004,0.004,0.005,0.04,-0.06,94.84,0.0017,0.0003,0.0013,0.0007,1447,0.872,22.2,2.1,2.6,22.6,25.2,1.00,25.17,0.99994,0.010,287.92,25.20,4,1
1.452,hall_mission,9x4.5,pi5,-0.018,-0.002,0.031,-0.001,0.003,0.004,0.005,0.04,-0.06,94.84,0.0018,0.0002,0.0015,0.0005,1447,0.872,22.2,2.1,2.6,22.6,25.2,1.00,25.17,0.99993,0.010,287.93,25.20,4,1
1.500,hall_mission,9x4.5,pi5,-0.019,-0.003,0.031,-0.001,0.003,0.004,0.005,0.04,-0.06,94.84,0.0019,0.0000,0.0011,0.0010,1089,0.658,16.8,1.6,1.9,22.6,24.5,0.98,25.17,0.99993,0.010,295.25,25.20,4,1
1.552,hall_mission,9x4.5,pi5,-0.019,-0.004,0.032,-0.001,0.002,0.004,0.005,0.04,-0.06,94.84,0.0016,0.0003,0.0008,0.0013,1447,0.872,22.2,2.1,2.6,22.6,25.2,1.00,25.17,0.99993,0.011,287.92,25.20,4,1
1.600,hall_mission,9x4.5,pi5,-0.019,-0.005,0.032,-0.001,0.001,0.004,0.005,0.04,-0.05,94.84,0.0019,0.0000,0.0009,0.0011,1447,0.872,22.2,2.1,2.6,22.6,25.2,1.00,25.17,0.99993,0.011,287.92,25.20,4,1
1.652,hall_mission,9x4.5,pi5,-0.019,-0.006,0.032,-0.001,0.001,0.004,0.005,0.04,-0.05,94.84,0.0017,0.0002,0.0012,0.0008,1447,0.872,22.2,2.1,2.6,22.6,25.2,1.00,25.17,0.99992,0.012,287.92,25.20,4,1
1.700,hall_mission,9x4.5,pi5,-0.019,-0.007,0.032,-0.001,0.001,0.004,0.004,0.04,-0.05,94.84,0.0015,0.0005,0.0009,0.0011,1447,0.872,22.2,2.1,2.6,22.6,25.2,1.00,25.17,0.99992,0.012,287.92,25.20,4,1
1.752,hall_mission,9x4.5,pi5,-0.019,-0.008,0.031,-0.001,0.000,0.004,0.004,0.04,-0.05,94.84,0.0018,0.0002,0.0012,0.0008,1447,0.872,22.2,2.1,2.6,22.6,25.2,1.00,25.17,0.99992,0.012,287.92,25.20,4,1
1.800,hall_mission,9x4.5,pi5,-0.019,-0.009,0.030,-0.001,-0.001,0.004,0.004,0.04,-0.05,94.84,0.0016,0.0005,0.0011,0.0009,1447,0.872,22.2,2.1,2.6,22.6,25.2,1.00,25.17,0.99992,0.013,287.92,25.20,4,1
1.852,hall_mission,9x4.5,pi5,-0.019,-0.010,0.030,-0.000,-0.001,0.004,0.004,0.04,-0.05,94.84,0.0016,0.0004,0.0011,0.0009,1447,0.872,22.2,2.1,2.6,22.6,25.2,1.00,25.17,0.99991,0.013,287.92,25.20,4,1
1.900,hall_mission,9x4.5,pi5,-0.019,-0.011,0.029,-0.000,-0.002,0.003,0.004,0.04,-0.04,94.84,0.0019,0.0001,0.0010,0.0010,1447,0.872,22.2,2.1,2.6,22.6,25.2,1.00,25.17,0.99991,0.013,287.92,25.20,4,1
1.952,hall_mission,9x4.5,pi5,-0.019,-0.011,0.028,0.000,-0.002,0.003,0.004,0.03,-0.04,94.83,0.0018,0.0002,0.0010,0.0009,1447,0.872,22.2,2.1,2.6,22.6,25.2,1.00,25.17,0.99991,0.014,287.92,25.20,14,1
2.000,hall_mission,9x4.5,pi5,-0.019,-0.012,0.026,0.001,-0.002,0.002,0.003,0.03,-0.04,94.83,0.0016,0.0004,0.0013,0.0007,1447,0.872,22.2,2.1,2.6,22.6,25.2,1.00,25.17,0.99991,0.014,287.91,25.20,14,1
2.052,hall_mission,9x4.5,pi5,-0.018,-0.013,0.025,0.002,-0.002,0.001,0.003,0.03,-0.04,94.83,0.0016,0.0004,0.0011,0.0009,1447,0.872,22.2,2.1,2.6,22.6,25.2,1.00,25.17,0.99991,0.014,287.91,25.20,14,1
2.100,hall_mission,9x4.5,pi5,-0.018,-0.013,0.023,0.002,-0.002,0.000,0.003,0.03,-0.04,94.83,0.0015,0.0005,0.0013,0.0007,1447,0.872,22.2,2.1,2.6,22.6,25.2,1.00,25.17,0.99990,0.015,287.91,25.20,14,1
2.152,hall_mission,9x4.5,pi5,-0.018,-0.014,0.021,0.002,-0.002,-0.000,0.003,0.03,-0.05,94.83,0.0018,0.0002,0.0010,0.0010,1447,0.872,22.2,2.1,2.6,22.6,25.2,1.00,25.17,0.99990,0.015,287.91,25.20,14,1
2.200,hall_mission,9x4.5,pi5,-0.018,-0.014,0.020,0.002,-0.002,-0.001,0.003,0.03,-0.05,94.84,0.0016,0.0004,0.0012,0.0009,1447,0.872,22.2,2.1,2.6,22.6,25.2,1.00,25.17,0.99990,0.015,287.91,25.20,14,1
2.252,hall_mission,9x4.5,pi5,-0.017,-0.014,0.017,0.003,-0.002,-0.002,0.004,0.03,-0.05,94.84,0.0012,0.0008,0.0011,0.0009,1447,0.872,22.2,2.1,2.6,22.6,25.2,1.00,25.17,0.99990,0.016,287.91,25.20,14,1
2.300,hall_mission,9x4.5,pi5,-0.017,-0.014,0.016,0.003,-0.001,-0.002,0.004,0.02,-0.05,94.84,0.0015,0.0005,0.0013,0.0007,1447,0.872,22.2,2.1,2.6,22.6,25.2,1.00,25.17,0.99989,0.016,287.90,25.20,14,1
2.352,hall_mission,9x4.5,pi5,-0.017,-0.014,0.014,0.003,-0.001,-0.003,0.004,0.02,-0.05,94.84,0.0019,0.0000,0.0009,0.0011,1089,0.658,16.8,1.6,1.9,22.6,24.5,0.98,25.17,0.99989,0.016,295.23,25.20,14,1
2.400,hall_mission,9x4.5,pi5,-0.016,-0.014,0.012,0.004,-0.001,-0.003,0.005,0.02,-0.05,94.84,0.0018,0.0001,0.0014,0.0007,1447,0.872,22.2,2.1,2.6,22.6,25.2,1.00,25.17,0.99989,0.017,287.91,25.20,14,1
2.452,hall_mission,9x4.5,pi5,-0.016,-0.014,0.011,0.004,-0.001,-0.003,0.006,0.02,-0.05,94.84,0.0016,0.0003,0.0012,0.0009,1447,0.872,22.2,2.1,2.6,22.6,25.2,1.00,25.17,0.99989,0.017,287.90,25.20,14,1
2.500,hall_mission,9x4.5,pi5,-0.015,-0.013,0.010,0.005,-0.001,-0.004,0.006,0.02,-0.05,94.84,0.0019,0.0001,0.0014,0.0006,1447,0.872,22.2,2.1,2.6,22.6,25.2,1.00,25.17,0.99988,0.017,287.90,25.20,14,1
2.552,hall_mission,9x4.5,pi5,-0.015,-0.013,0.009,0.005,-0.001,-0.004,0.007,0.02,-0.05,94.84,0.0014,0.0005,0.0014,0.0007,1447,0.872,22.2,2.1,2.6,22.6,25.2,1.00,25.17,0.99988,0.018,287.90,25.20,14,1
2.600,hall_mission,9x4.5,pi5,-0.014,-0.013,0.007,0.006,-0.000,-0.004,0.008,0.02,-0.05,94.84,0.0012,0.0006,0.0013,0.0008,1447,0.872,22.2,2.1,2.6,22.6,25.2,1.00,25.17,0.99988,0.018,287.90,25.20,14,1
2.652,hall_mission,9x4.5,pi5,-0.013,-0.013,0.007,0.007,-0.000,-0.004,0.008,0.02,-0.05,94.84,0.0013,0.0006,0.0015,0.0006,1447,0.872,22.2,2.1,2.6,22.6,25.2,1.00,25.17,0.99988,0.019,287.90,25.20,14,1
2.700,hall_mission,9x4.5,pi5,-0.012,-0.013,0.006,0.008,-0.000,-0.004,0.009,0.02,-0.05,94.84,0.0015,0.0004,0.0012,0.0009,1447,0.872,22.2,2.1,2.6,22.6,25.2,1.00,25.17,0.99988,0.019,287.90,25.20,14,1
2.752,hall_mission,9x4.5,pi5,-0.012,-0.013,0.005,0.008,-0.000,-0.005,0.009,0.01,-0.05,94.84,0.0015,0.0004,0.0011,0.0010,1447,0.872,22.2,2.1,2.6,22.6,25.2,1.00,25.17,0.99987,0.019,287.90,25.20,14,1
2.800,hall_mission,9x4.5,pi5,-0.010,-0.013,0.004,0.010,-0.000,-0.005,0.011,0.01,-0.05,94.84,0.0016,0.0004,0.0015,0.0005,1447,0.872,22.2,2.1,2.6,22.6,25.2,1.00,25.17,0.99987,0.020,287.89,25.20,14,1
2.852,hall_mission,9x4.5,pi5,-0.009,-0.013,0.004,0.010,-0.000,-0.004,0.011,0.01,-0.05,94.84,0.0015,0.0006,0.0015,0.0005,1447,0.872,22.2,2.1,2.6,22.6,25.2,1.00,25.17,0.99987,0.020,287.90,25.20,14,1
2.900,hall_mission,9x4.5,pi5,-0.008,-0.013,0.003,0.011,-0.000,-0.005,0.012,0.01,-0.05,94.84,0.0014,0.0006,0.0017,0.0002,1447,0.872,22.2,2.1,2.6,22.6,25.2,1.00,25.17,0.99987,0.020,287.89,25.20,14,1
2.952,hall_mission,9x4.5,pi5,-0.007,-0.013,0.003,0.012,-0.001,-0.004,0.013,0.01,-0.05,94.84,0.0013,0.0008,0.0014,0.0006,1447,0.872,22.2,2.1,2.6,22.6,25.2,1.00,25.17,0.99986,0.021,287.89,25.20,14,1
3.000,hall_mission,9x4.5,pi5,-0.005,-0.014,0.002,0.013,-0.001,-0.004,0.014,0.01,-0.05,94.84,0.0011,0.0009,0.0012,0.0009,1447,0.872,22.2,2.1,2.6,22.6,25.2,1.00,25.17,0.99986,0.021,287.89,25.20,14,1
3.052,hall_mission,9x4.5,pi5,-0.004,-0.014,0.002,0.014,-0.001,-0.004,0.015,0.00,-0.05,94.84,0.0012,0.0009,0.0013,0.0006,1447,0.872,22.2,2.1,2.6,22.6,25.2,1.00,25.17,0.99986,0.021,287.89,25.20,14,1
3.100,hall_mission,9x4.5,pi5,-0.003,-0.014,0.003,0.015,-0.001,-0.004,0.015,0.00,-0.04,94.84,0.0015,0.0005,0.0014,0.0005,1447,0.872,22.2,2.1,2.6,22.6,25.2,1.00,25.17,0.99986,0.022,287.89,25.20,14,1
3.152,hall_mission,9x4.5,pi5,-0.002,-0.014,0.003,0.015,-0.001,-0.003,0.016,0.00,-0.04,94.84,0.0013,0.0007,0.0014,0.0006,1447,0.872,22.2,2.1,2.6,22.6,25.2,1.00,25.17,0.99985,0.022,287.89,25.20,14,1
3.200,hall_mission,9x4.5,pi5,-0.001,-0.014,0.003,0.016,-0.001,-0.003,0.016,0.00,-0.04,94.84,0.0010,0.0009,0.0014,0.0007,1447,0.872,22.2,2.1,2.6,22.6,25.2,1.00,25.17,0.99985,0.022,287.89,25.20,14,1
3.252,hall_mission,9x4.5,pi5,-0.000,-0.014,0.003,0.016,-0.002,-0.003,0.016,0.00,-0.04,94.84,0.0015,0.0004,0.0013,0.0008,1447,0.872,22.2,2.1,2.6,22.6,25.2,1.00,25.17,0.99985,0.023,287.88,25.20,14,1
3.300,hall_mission,9x4.5,pi5,0.001,-0.014,0.003,0.016,-0.002,-0.003,0.017,0.00,-0.04,94.84,0.0012,0.0009,0.0015,0.0005,1447,0.872,22.2,2.1,2.6,22.6,25.2,1.00,25.17,0.99985,0.023,287.89,25.20,14,1
3.352,hall_mission,9x4.5,pi5,0.002,-0.014,0.003,0.017,-0.003,-0.003,0.017,0.00,-0.04,94.84,0.0015,0.0005,0.0013,0.0007,1447,0.872,22.2,2.1,2.6,22.6,25.2,1.00,25.17,0.99984,0.023,287.88,25.20,14,1
3.400,hall_mission,9x4.5,pi5,0.003,-0.015,0.003,0.017,-0.003,-0.002,0.018,0.01,-0.04,94.84,0.0013,0.0008,0.0011,0.0008,1447,0.872,22.2,2.1,2.6,22.6,25.2,1.00,25.17,0.99984,0.024,287.89,25.20,14,1
3.452,hall_mission,9x4.5,pi5,0.004,-0.015,0.003,0.017,-0.003,-0.002,0.018,0.01,-0.04,94.83,0.0012,0.0009,0.0012,0.0007,1447,0.872,22.2,2.1,2.6,22.6,25.2,1.00,25.17,0.99984,0.024,287.88,25.20,14,1
3.500,hall_mission,9x4.5,pi5,0.005,-0.015,0.002,0.018,-0.003,-0.002,0.018,0.01,-0.03,94.83,0.0013,0.0008,0.0011,0.0008,1447,0.872,22.2,2.1,2.6,22.6,25.2,1.00,25.17,0.99984,0.024,287.88,25.20,14,1
3.552,hall_mission,9x4.5,pi5,0.005,-0.015,0.002,0.018,-0.003,-0.003,0.018,0.01,-0.03,94.83,0.0010,0.0010,0.0013,0.0007,1447,0.872,22.2,2.1,2.6,22.6,25.2,1.00,25.17,0.99984,0.025,287.88,25.20,14,1
3.600,hall_mission,9x4.5,pi5,0.006,-0.014,0.001,0.018,-0.003,-0.003,0.018,0.01,-0.04,94.83,0.0014,0.0007,0.0013,0.0007,1447,0.872,22.2,2.1,2.6,22.6,25.2,1.00,25.17,0.99983,0.025,287.88,25.20,14,1
3.652,hall_mission,9x4.5,pi5,0.006,-0.014,0.001,0.018,-0.003,-0.003,0.018,0.01,-0.04,94.83,0.0012,0.0008,0.0011,0.0009,1447,0.872,22.2,2.1,2.6,22.6,25.2,1.00,25.17,0.99983,0.026,287.88,25.20,14,1
3.700,hall_mission,9x4.5,pi5,0.007,-0.013,-0.000,0.017,-0.002,-0.003,0.018,0.01,-0.04,94.83,0.0011,0.0009,0.0011,0.0009,1447,0.872,22.2,2.1,2.6,22.6,25.2,1.00,25.17,0.99983,0.026,287.88,25.20,14,1
3.752,hall_mission,9x4.5,pi5,0.007,-0.013,-0.000,0.017,-0.002,-0.004,0.018,0.01,-0.04,94.83,0.0014,0.0006,0.0013,0.0007,1447,0.872,22.2,2.1,2.6,22.6,25.2,1.00,25.17,0.99983,0.026,287.88,25.20,14,1
3.800,hall_mission,9x4.5,pi5,0.007,-0.012,-0.001,0.017,-0.001,-0.004,0.017,0.01,-0.04,94.83,0.0014,0.0007,0.0011,0.0009,1447,0.872,22.2,2.1,2.6,22.6,25.2,1.00,25.17,0.99982,0.027,287.87,25.20,14,1
3.852,hall_mission,9x4.5,pi5,0.007,-0.012,-0.001,0.016,-0.001,-0.004,0.016,0.01,-0.04,94.83,0.0015,0.0006,0.0015,0.0005,1447,0.872,22.2,2.1,2.6,22.6,25.2,1.00,25.17,0.99982,0.027,287.88,25.20,14,1
3.900,hall_mission,9x4.5,pi5,0.006,-0.012,-0.001,0.015,-0.001,-0.004,0.015,0.02,-0.05,94.83,0.0016,0.0004,0.0009,0.0010,1447,0.872,22.2,2.1,2.6,22.6,25.2,1.00,25.17,0.99982,0.027,287.87,25.20,14,1
3.952,hall_mission,9x4.5,pi5,0.006,-0.011,-0.001,0.014,-0.000,-0.004,0.015,0.02,-0.05,94.83,0.0016,0.0004,0.0015,0.0005,1447,0.872,22.2,2.1,2.6,22.6,25.2,1.00,25.17,0.99982,0.028,287.87,25.20,14,1
4.000,hall_mission,9x4.5,pi5,0.005,-0.011,-0.000,0.013,-0.000,-0.003,0.013,0.02,-0.05,94.83,0.0017,0.0003,0.0012,0.0008,1447,0.872,22.2,2.1,2.6,22.6,25.2,1.00,25.17,0.99981,0.028,287.87,25.20,14,1
4.052,hall_mission,9x4.5,pi5,0.004,-0.011,0.000,0.012,0.000,-0.003,0.013,0.02,-0.05,94.83,0.0015,0.0005,0.0010,0.0010,1447,0.872,22.2,2.1,2.6,22.6,25.2,1.00,25.17,0.99981,0.028,287.87,25.20,14,1
4.100,hall_mission,9x4.5,pi5,0.003,-0.011,0.001,0.011,0.000,-0.003,0.012,0.03,-0.05,94.83,0.0019,0.0001,0.0014,0.0006,1447,0.872,22.2,2.1,2.6,22.6,25.2,1.00,25.17,0.99981,0.029,287.87,25.20,14,1
4.152,hall_mission,9x4.5,pi5,0.003,-0.011,0.002,0.011,0.000,-0.002,0.011,0.03,-0.05,94.83,0.0018,0.0001,0.0014,0.0006,1447,0.872,22.2,2.1,2.6,22.6,25.2,1.00,25.17,0.99981,0.029,287.87,25.20,14,1
4.200,hall_mission,9x4.5,pi5,0.003,-0.010,0.003,0.010,0.000,-0.002,0.010,0.03,-0.05,94.83,0.0016,0.0004,0.0015,0.0005,1447,0.872,22.2,2.1,2.6,22.6,25.2,1.00,25.17,0.99981,0.029,287.87,25.20,14,1
4.252,hall_mission,9x4.5,pi5,0.002,-0.010,0.004,0.010,0.001,-0.002,0.010,0.03,-0.05,94.83,0.0016,0.0005,0.0012,0.0007,1447,0.872,22.2,2.1,2.6,22.6,25.2,1.00,25.17,0.99980,0.030,287.86,25.20,14,1
4.300,hall_mission,9x4.5,pi5,0.002,-0.010,0.005,0.009,0.002,-0.001,0.009,0.03,-0.06,94.83,0.0013,0.0006,0.0013,0.0007,1447,0.872,22.2,2.1,2.6,22.6,25.2,1.00,25.17,0.99980,0.030,287.87,25.20,14,1
4.352,hall_mission,9x4.5,pi5,0.002,-0.009,0.006,0.009,0.002,-0.001,0.009,0.03,-0.06,94.83,0.0015,0.0005,0.0013,0.0007,1447,0.872,22.2,2.1,2.6,22.6,25.2,1.00,25.17,0.99980,0.030,287.86,25.20,14,1
4.400,hall_mission,9x4.5,pi5,0.002,-0.008,0.007,0.009,0.003,-0.000,0.009,0.03,-0.06,94.83,0.0018,0.0001,0.0010,0.0011,1447,0.872,22.2,2.1,2.6,22.6,25.2,1.00,25.17,0.99980,0.031,287.86,25.20,14,1
4.452,hall_mission,9x4.5,pi5,0.002,-0.007,0.007,0.008,0.004,-0.000,0.009,0.03,-0.06,94.84,0.0015,0.0004,0.0014,0.0008,1447,0.872,22.2,2.1,2.6,22.6,25.2,1.00,25.17,0.99979,0.031,287.86,25.20,14,1
4.500,hall_mission,9x4.5,pi5,0.001,-0.006,0.008,0.008,0.004,0.000,0.009,0.03,-0.06,94.84,0.0015,0.0003,0.0018,0.0004,1447,0.872,22.2,2.1,2.6,22.6,25.2,1.00,25.17,0.99979,0.031,287.86,25.20,14,1
4.552,hall_mission,9x4.5,pi5,0.001,-0.006,0.009,0.008,0.005,0.000,0.009,0.03,-0.06,94.84,0.0016,0.0004,0.0012,0.0008,1447,0.872,22.2,2.1,2.6,22.6,25.2,1.00,25.17,0.99979,0.032,287.86,25.20,14,1
4.600,hall_mission,9x4.5,pi5,0.001,-0.004,0.010,0.007,0.006,0.001,0.010,0.03,-0.07,94.84,0.0018,0.0001,0.0015,0.0006,1447,0.872,22.2,2.1,2.6,22.6,25.2,1.00,25.17,0.99979,0.032,287.86,25.20,14,1
4.652,hall_mission,9x4.5,pi5,0.000,-0.003,0.011,0.007,0.007,0.001,0.010,0.03,-0.07,94.84,0.0017,0.0002,0.0010,0.0010,1447,0.872,22.2,2.1,2.6,22.6,25.2,1.00,25.17,0.99978,0.033,287.86,25.20,14,1
4.700,hall_mission,9x4.5,pi5,-0.000,-0.002,0.012,0.007,0.008,0.002,0.011,0.03,-0.07,94.84,0.0017,0.0003,0.0017,0.0003,1447,0.872,22.2,2.1,2.6,22.6,25.2,1.00,25.17,0.99978,0.033,287.86,25.20,14,1
4.752,hall_mission,9x4.5,pi5,-0.000,-0.001,0.013,0.007,0.008,0.002,0.011,0.03,-0.07,94.84,0.0015,0.0006,0.0012,0.0007,1447,0.872,22.2,2.1,2.6,22.6,25.2,1.00,25.17,0.99978,0.033,287.86,25.20,14,1
4.800,hall_mission,9x4.5,pi5,-0.001,0.000,0.014,0.007,0.009,0.002,0.012,0.03,-0.07,94.84,0.0017,0.0003,0.0010,0.0010,1447,0.872,22.2,2.1,2.6,22.6,25.2,1.00,25.17,0.99978,0.034,287.85,25.20,14,1
4.852,hall_mission,9x4.5,pi5,-0.001,0.001,0.014,0.007,0.010,0.002,0.012,0.03,-0.07,94.84,0.0018,0.0002,0.0013,0.0007,1447,0.872,22.2,2.1,2.6,22.6,25.2,1.00,25.17,0.99978,0.034,287.86,25.20,14,1
4.900,hall_mission,9x4.5,pi5,-0.002,0.003,0.015,0.007,0.011,0.002,0.013,0.03,-0.08,94.84,0.0015,0.0005,0.0013,0.0006,1447,0.872,22.2,2.1,2.6,22.6,25.2,1.00,25.17,0.99977,0.034,287.85,25.20,14,1
4.952,hall_mission,9x4.5,pi5,-0.002,0.005,0.015,0.007,0.012,0.002,0.014,0.02,-0.08,94.84,0.0020,0.0000,0.0013,0.0007,1447,0.872,22.2,2.1,2.6,22.6,25.2,1.00,25.17,0.99977,0.035,287.85,25.20,14,1
5.000,hall_mission,9x4.5,pi5,-0.003,0.007,0.015,0.007,0.014,0.002,0.016,0.02,-0.08,94.84,0.0016,0.0004,0.0014,0.0006,1447,0.872,22.2,2.1,2.6,22.6,25.2,1.00,25.17,0.99977,0.035,287.85,25.20,14,1
5.052,hall_mission,9x4.5,pi5,-0.003,0.009,0.016,0.007,0.015,0.002,0.017,0.02,-0.08,94.84,0.0017,0.0004,0.0012,0.0008,1447,0.872,22.2,2.1,2.6,22.6,25.2,1.00,25.17,0.99977,0.035,287.85,25.20,14,1
5.100,hall_mission,9x4.5,pi5,-0.004,0.011,0.016,0.006,0.016,0.002,0.018,0.02,-0.09,94.84,0.0020,0.0000,0.0014,0.0005,1447,0.872,22.2,2.1,2.6,22.6,25.2,1.00,25.17,0.99976,0.036,287.84,25.20,14,1
5.152,hall_mission,9x4.5,pi5,-0.004,0.012,0.016,0.006,0.017,0.002,0.018,0.02,-0.09,94.84,0.0020,0.0000,0.0018,0.0001,1447,0.872,22.2,2.1,2.6,22.6,25.2,1.00,25.17,0.99976,0.036,287.84,25.20,14,1
5.200,hall_mission,9x4.5,pi5,-0.005,0.015,0.016,0.006,0.019,0.002,0.020,0.02,-0.09,94.84,0.0020,0.0000,0.0018,0.0002,1447,0.872,22.2,2.1,2.6,22.6,25.2,1.00,25.17,0.99976,0.036,287.84,25.20,14,1
5.252,hall_mission,9x4.5,pi5,-0.006,0.016,0.017,0.006,0.019,0.002,0.020,0.02,-0.09,94.84,0.0014,0.0007,0.0016,0.0004,1447,0.872,22.2,2.1,2.6,22.6,25.2,1.00,25.17,0.99976,0.037,287.84,25.20,14,1
5.300,hall_mission,9x4.5,pi5,-0.006,0.018,0.017,0.006,0.020,0.002,0.021,0.02,-0.10,94.84,0.0020,0.0001,0.0013,0.0007,1447,0.872,22.2,2.1,2.6,22.6,25.2,1.00,25.17,0.99975,0.037,287.84,25.20,14,1
5.352,hall_mission,9x4.5,pi5,-0.006,0.019,0.017,0.006,0.021,0.002,0.022,0.02,-0.09,94.84,0.0017,0.0003,0.0016,0.0004,1447,0.872,22.2,2.1,2.6,22.6,25.2,1.00,25.17,0.99975,0.037,287.84,25.20,14,1
5.400,hall_mission,9x4.5,pi5,-0.007,0.021,0.017,0.006,0.022,0.002,0.023,0.02,-0.09,94.84,0.0018,0.0003,0.0015,0.0005,1447,0.872,22.2,2.1,2.6,22.6,25.2,1.00,25.17,0.99975,0.038,287.84,25.20,14,1
5.452,hall_mission,9x4.5,pi5,-0.007,0.022,0.017,0.006,0.022,0.002,0.023,0.02,-0.09,94.84,0.0016,0.0004,0.0016,0.0003,1447,0.872,22.2,2.1,2.6,22.6,25.2,1.00,25.17,0.99975,0.038,287.84,25.20,14,1
5.500,hall_mission,9x4.5,pi5,-0.008,0.024,0.017,0.006,0.023,0.002,0.024,0.02,-0.09,94.84,0.0017,0.0004,0.0016,0.0004,1447,0.872,22.2,2.1,2.6,22.6,25.2,1.00,25.17,0.99975,0.038,287.84,25.20,14,1
5.552,hall_mission,9x4.5,pi5,-0.008,0.025,0.017,0.006,0.023,0.002,0.024,0.02,-0.09,94.84,0.0017,0.0004,0.0015,0.0004,1447,0.872,22.2,2.1,2.6,22.6,25.2,1.00,25.17,0.99974,0.039,287.84,25.20,14,1
5.600,hall_mission,9x4.5,pi5,-0.009,0.027,0.017,0.006,0.024,0.002,0.025,0.02,-0.09,94.84,0.0018,0.0002,0.0014,0.0006,1447,0.872,22.2,2.1,2.6,22.6,25.2,1.00,25.17,0.99974,0.039,287.84,25.20,14,1
5.652,hall_mission,9x4.5,pi5,-0.009,0.028,0.017,0.006,0.024,0.001,0.025,0.01,-0.09,94.84,0.0020,0.0000,0.0017,0.0003,1447,0.872,22.2,2.1,2.6,22.6,25.2,1.00,25.17,0.99974,0.040,287.83,25.20,14,1
5.700,hall_mission,9x4.5,pi5,-0.009,0.029,0.017,0.007,0.024,0.001,0.025,0.01,-0.09,94.84,0.0015,0.0005,0.0014,0.0005,1447,0.872,22.2,2.1,2.6,22.6,25.2,1.00,25.17,0.99974,0.040,287.84,25.20,14,1
5.752,hall_mission,9x4.5,pi5,-0.009,0.030,0.017,0.007,0.024,0.001,0.025,0.01,-0.09,94.84,0.0018,0.0002,0.0016,0.0004,1447,0.872,22.2,2.1,2.6,22.6,25.2,1.00,25.17,0.99973,0.040,287.83,25.20,14,1
5.800,hall_mission,9x4.5,pi5,-0.009,0.031,0.017,0.008,0.024,0.001,0.026,0.01,-0.09,94.84,0.0019,0.0000,0.0012,0.0008,1447,0.872,22.2,2.1,2.6,22.6,25.2,1.00,25.17,0.99973,0.041,287.83,25.20,14,1
5.852,hall_mission,9x4.5,pi5,-0.009,0.031,0.016,0.008,0.024,0.001,0.026,0.01,-0.09,94.84,0.0015,0.0004,0.0014,0.0007,1447,0.872,22.2,2.1,2.6,22.6,25.2,1.00,25.17,0.99973,0.041,287.83,25.20,14,1
5.900,hall_mission,9x4.5,pi5,-0.008,0.032,0.016,0.009,0.024,0.001,0.026,0.01,-0.09,94.84,0.0017,0.0002,0.0019,0.0001,1447,0.872,22.2,2.1,2.6,22.6,25.2,1.00,25.17,0.99973,0.041,287.83,25.20,14,1
5.952,hall_mission,9x4.5,pi5,-0.008,0.032,0.016,0.010,0.024,0.002,0.026,0.01,-0.08,94.84,0.0013,0.0007,0.0020,0.0001,1447,0.872,22.2,2.1,2.6,22.6,25.2,1.00,25.17,0.99972,0.042,287.83,25.20,14,1
6.000,hall_mission,9x4.5,pi5,-0.007,0.033,0.016,0.010,0.024,0.002,0.026,0.01,-0.08,94.84,0.0016,0.0004,0.0019,0.0001,1447,0.872,22.2,2.1,2.6,22.6,25.2,1.00,25.17,0.99972,0.042,287.83,25.20,14,1
6.052,hall_mission,9x4.5,pi5,-0.007,0.034,0.016,0.011,0.024,0.002,0.026,0.01,-0.08,94.84,0.0015,0.0005,0.0016,0.0004,1447,0.872,22.2,2.1,2.6,22.6,25.2,1.00,25.17,0.99972,0.042,287.83,25.20,14,1
6.100,hall_mission,9x4.5,pi5,-0.006,0.034,0.016,0.011,0.024,0.001,0.026,0.01,-0.08,94.84,0.0015,0.0004,0.0014,0.0006,1447,0.872,22.2,2.1,2.6,22.6,25.2,1.00,25.17,0.99972,0.043,287.82,25.20,14,1
6.152,hall_mission,9x4.5,pi5,-0.006,0.034,0.015,0.012,0.023,0.001,0.026,0.01,-0.08,94.85,0.0019,0.0001,0.0017,0.0003,1447,0.872,22.2,2.1,2.6,22.6,25.2,1.00,25.17,0.99972,0.043,287.82,25.20,14,1
6.200,hall_mission,9x4.5,pi5,-0.005,0.035,0.014,0.012,0.023,0.001,0.026,0.00,-0.07,94.85,0.0018,0.0001,0.0014,0.0006,1447,0.872,22.2,2.1,2.6,22.6,25.2,1.00,25.17,0.99971,0.043,287.82,25.20,14,1
6.252,hall_mission,9x4.5,pi5,-0.005,0.035,0.013,0.013,0.023,0.001,0.026,0.01,-0.07,94.85,0.0015,0.0004,0.0017,0.0004,1447,0.872,22.2,2.1,2.6,22.6,25.2,1.00,25.17,0.99971,0.044,287.82,25.20,14,1
6.300,hall_mission,9x4.5,pi5,-0.004,0.035,0.013,0.013,0.022,0.001,0.026,0.00,-0.07,94.85,0.0015,0.0004,0.0015,0.0006,1447,0.872,22.2,2.1,2.6,22.6,25.2,1.00,25.17,0.99971,0.044,287.82,25.20,14,1
6.352,hall_mission,9x4.5,pi5,-0.004,0.035,0.013,0.013,0.022,0.001,0.026,0.00,-0.07,94.85,0.0020,0.0000,0.0015,0.0005,1089,0.658,16.8,1.6,1.9,22.6,24.5,0.98,25.17,0.99971,0.044,295.15,25.20,14,1
6.400,hall_mission,9x4.5,pi5,-0.003,0.036,0.012,0.013,0.022,0.001,0.025,0.01,-0.07,94.85,0.0014,0.0006,0.0015,0.0005,1447,0.872,22.2,2.1,2.6,22.6,25.2,1.00,25.17,0.99970,0.045,287.82,25.20,14,1
6.452,hall_mission,9x4.5,pi5,-0.003,0.036,0.012,0.013,0.021,0.001,0.025,0.01,-0.07,94.85,0.0017,0.0002,0.0017,0.0004,1447,0.872,22.2,2.1,2.6,22.6,25.2,1.00,25.17,0.99970,0.045,287.82,25.20,14,1
6.500,hall_mission,9x4.5,pi5,-0.003,0.036,0.011,0.013,0.021,0.001,0.025,0.01,-0.07,94.85,0.0012,0.0007,0.0015,0.0005,1447,0.872,22.2,2.1,2.6,22.6,25.2,1.00,25.17,0.99970,0.045,287.82,25.20,14,1
6.552,hall_mission,9x4.5,pi5,-0.003,0.036,0.011,0.013,0.020,0.001,0.024,0.01,-0.07,94.85,0.0016,0.0004,0.0014,0.0007,1447,0.872,22.2,2.1,2.6,22.6,25.2,1.00,25.17,0.99970,0.046,287.82,25.20,14,1
6.600,hall_mission,9x4.5,pi5,-0.003,0.036,0.010,0.013,0.020,0.001,0.024,0.01,-0.07,94.85,0.0015,0.0005,0.0017,0.0004,1447,0.872,22.2,2.1,2.6,22.6,25.2,1.00,25.17,0.99969,0.046,287.81,25.20,14,1
6.652,hall_mission,9x4.5,pi5,-0.003,0.036,0.009,0.013,0.019,0.000,0.023,0.01,-0.07,94.85,0.0016,0.0004,0.0013,0.0007,1447,0.872,22.2,2.1,2.6,22.6,25.2,1.00,25.17,0.99969,0.046,287.82,25.20,14,1
6.700,hall_mission,9x4.5,pi5,-0.003,0.036,0.009,0.013,0.018,0.000,0.022,0.01,-0.07,94.85,0.0016,0.0004,0.0013,0.0007,1447,0.872,22.2,2.1,2.6,22.6,25.2,1.00,25.17,0.99969,0.047,287.81,25.20,14,1
6.752,hall_mission,9x4.5,pi5,-0.003,0.035,0.008,0.012,0.018,0.000,0.022,0.01,-0.07,94.85,0.0017,0.0004,0.0012,0.0007,1447,0.872,22.2,2.1,2.6,22.6,25.2,1.00,25.17,0.99969,0.047,287.81,25.20,14,1
6.800,hall_mission,9x4.5,pi5,-0.002,0.035,0.007,0.012,0.017,-0.000,0.021,0.01,-0.06,94.85,0.0016,0.0004,0.0015,0.0005,1447,0.872,22.2,2.1,2.6,22.6,25.2,1.00,25.17,0.99969,0.048,287.81,25.20,14,1
6.852,hall_mission,9x4.5,pi5,-0.002,0.035,0.006,0.012,0.017,-0.001,0.020,0.01,-0.06,94.85,0.0014,0.0005,0.0011,0.0010,1447,0.872,22.2,2.1,2.6,22.6,25.2,1.00,25.17,0.99968,0.048,287.81,25.20,14,1
6.900,hall_mission,9x4.5,pi5,-0.002,0.034,0.005,0.011,0.016,-0.001,0.020,0.02,-0.06,94.85,0.0015,0.0005,0.0012,0.0008,1447,0.872,22.2,2.1,2.6,22.6,25.2,1.00,25.17,0.99968,0.048,287.81,25.20,14,1
6.952,hall_mission,9x4.5,pi5,-0.002,0.034,0.005,0.011,0.016,-0.001,0.020,0.02,-0.06,94.85,0.0015,0.0005,0.0011,0.0009,1447,0.872,22.2,2.1,2.6,22.6,25.2,1.00,25.17,0.99968,0.049,287.81,25.20,14,1
7.000,hall_mission,9x4.5,pi5,-0.002,0.034,0.004,0.011,0.015,-0.001,0.019,0.02,-0.06,94.85,0.0015,0.0004,0.0011,0.0011,1447,0.872,22.2,2.1,2.6,22.6,25.2,1.00,25.17,0.99968,0.049,287.81,25.20,14,1
7.052,hall_mission,9x4.5,pi5,-0.003,0.034,0.004,0.011,0.015,-0.001,0.019,0.02,-0.06,94.85,0.0017,0.0003,0.0014,0.0007,1447,0.872,22.2,2.1,2.6,22.6,25.2,1.00,25.17,0.99967,0.049,287.80,25.20,14,1
7.100,hall_mission,9x4.5,pi5,-0.003,0.034,0.004,0.011,0.014,-0.001,0.018,0.02,-0.06,94.85,0.0018,0.0001,0.0013,0.0007,1447,0.872,22.2,2.1,2.6,22.6,25.2,1.00,25.17,0.99967,0.050,287.81,25.20,14,1
7.152,hall_mission,9x4.5,pi5,-0.003,0.033,0.003,0.010,0.014,-0.002,0.017,0.02,-0.06,94.85,0.0016,0.0003,0.0011,0.0009,1447,0.872,22.2,2.1,2.6,22.6,25.2,1.00,25.17,0.99967,0.050,287.80,25.20,14,1
7.200,hall_mission,9x4.5,pi5,-0.003,0.033,0.003,0.010,0.013,-0.002,0.017,0.02,-0.06,94.85,0.0015,0.0004,0.0015,0.0006,1447,0.872,22.2,2.1,2.6,22.6,25.2,1.00,25.17,0.99967,0.050,287.81,25.20,14,1
7.252,hall_mission,9x4.5,pi5,-0.003,0.033,0.002,0.010,0.013,-0.002,0.016,0.02,-0.06,94.85,0.0016,0.0003,0.0012,0.0009,1447,0.872,22.2,2.1,2.6,22.6,25.2,1.00,25.17,0.99966,0.051,287.80,25.20,14,1
7.300,hall_mission,9x4.5,pi5,-0.003,0.032,0.002,0.010,0.012,-0.003,0.016,0.03,-0.05,94.85,0.0015,0.0003,0.0013,0.0008,1447,0.872,22.2,2.1,2.6,22.6,25.2,1.00,25.17,0.99966,0.051,287.80,25.20,14,1
7.352,hall_mission,9x4.5,pi5,-0.003,0.032,0.001,0.009,0.012,-0.003,0.016,0.03,-0.05,94.85,0.0018,0.0002,0.0013,0.0008,1447,0.872,22.2,2.1,2.6,22.6,25.2,1.00,25.17,0.99966,0.051,287.80,25.20,14,1
7.400,hall_mission,9x4.5,pi5,-0.003,0.032,0.001,0.009,0.012,-0.003,0.016,0.03,-0.06,94.85,0.0015,0.0005,0.0013,0.0008,1447,0.872,22.2,2.1,2.6,22.6,25.2,1.00,25.17,0.99966,0.052,287.80,25.20,14,1
7.452,hall_mission,9x4.5,pi5,-0.002,0.032,0.000,0.009,0.012,-0.003,0.016,0.02,-0.06,94.85,0.0017,0.0004,0.0010,0.0010,1447,0.872,22.2,2.1,2.6,22.6,25.2,1.00,25.17,0.99966,0.052,287.80,25.20,14,1
7.500,hall_mission,9x4.5,pi5,-0.002,0.032,-0.000,0.009,0.012,-0.003,0.015,0.02,-0.06,94.85,0.0016,0.0004,0.0014,0.0006,1447,0.872,22.2,2.1,2.6,22.6,25.2,1.00,25.17,0.99965,0.052,287.80,25.20,14,1
7.552,hall_mission,9x4.5,pi5,-0.002,0.031,-0.000,0.009,0.012,-0.003,0.015,0.02,-0.06,94.85,0.0017,0.0003,0.0010,0.0010,1447,0.872,22.2,2.1,2.6,22.6,25.2,1.00,25.17,0.99965,0.053,287.80,25.20,14,1
7.600,hall_mission,9x4.5,pi5,-0.002,0.031,-0.000,0.009,0.011,-0.003,0.015,0.03,-0.05,94.85,0.0016,0.0004,0.0014,0.0006,1447,0.872,22.2,2.1,2.6,22.6,25.2,1.00,25.17,0.99965,0.053,287.79,25.20,14,1
7.652,hall_mission,9x4.5,pi5,-0.002,0.030,-0.000,0.010,0.011,-0.004,0.015,0.03,-0.05,94.85,0.0013,0.0007,0.0012,0.0008,1447,0.872,22.2,2.1,2.6,22.6,25.2,1.00,25.17,0.99965,0.053,287.80,25.20,14,1
7.700,hall_mission,9x4.5,pi5,-0.001,0.029,-0.000,0.010,0.010,-0.003,0.015,0.03,-0.05,94.85,0.0014,0.0006,0.0011,0.0009,1447,0.872,22.2,2.1,2.6,22.6,25.2,1.00,25.17,0.99964,0.054,287.79,25.20,14,1
7.752,hall_mission,9x4.5,pi5,-0.001,0.029,-0.000,0.010,0.010,-0.003,0.014,0.03,-0.05,94.85,0.0015,0.0005,0.0012,0.0008,1447,0.872,22.2,2.1,2.6,22.6,25.2,1.00,25.17,0.99964,0.054,287.79,25.20,14,1
7.800,hall_mission,9x4.5,pi5,-0.000,0.028,0.000,0.010,0.010,-0.003,0.015,0.03,-0.05,94.85,0.0016,0.0004,0.0015,0.0006,1447,0.872,22.2,2.1,2.6,22.6,25.2,1.00,25.17,0.99964,0.055,287.79,25.20,14,1
7.852,hall_mission,9x4.5,pi5,0.000,0.028,0.000,0.010,0.010,-0.003,0.015,0.02,-0.05,94.85,0.0018,0.0001,0.0013,0.0008,1447,0.872,22.2,2.1,2.6,22.6,25.2,1.00,25.17,0.99964,0.055,287.79,25.20,14,1
7.900,hall_mission,9x4.5,pi5,0.001,0.027,0.000,0.011,0.009,-0.003,0.015,0.02,-0.05,94.85,0.0017,0.0004,0.0010,0.0009,1447,0.872,22.2,2.1,2.6,22.6,25.2,1.00,25.17,0.99963,0.055,287.79,25.20,14,1
7.952,hall_mission,9x4.5,pi5,0.002,0.026,0.000,0.012,0.009,-0.003,0.015,0.02,-0.05,94.85,0.0016,0.0004,0.0011,0.0008,1447,0.872,22.2,2.1,2.6,22.6,25.2,1.00,25.17,0.99963,0.056,287.79,25.20,14,1
8.000,hall_mission,9x4.5,pi5,0.003,0.025,0.001,0.013,0.008,-0.003,0.015,0.02,-0.05,94.85,0.0016,0.0004,0.0013,0.0007,1447,0.872,22.2,2.1,2.6,22.6,25.2,1.00,25.17,0.99963,0.056,287.79,25.20,14,1
8.052,hall_mission,9x4.5,pi5,0.004,0.024,0.001,0.013,0.008,-0.003,0.015,0.02,-0.05,94.86,0.0014,0.0006,0.0012,0.0008,1447,0.872,22.2,2.1,2.6,22.6,25.2,1.00,25.17,0.99963,0.056,287.78,25.20,14,1
8.100,hall_mission,9x4.5,pi5,0.005,0.024,0.001,0.014,0.007,-0.002,0.016,0.02,-0.05,94.86,0.0014,0.0005,0.0013,0.0008,1447,0.872,22.2,2.1,2.6,22.6,25.2,1.00,25.17,0.99963,0.057,287.78,25.20,14,1
8.152,hall_mission,9x4.5,pi5,0.005,0.023,0.001,0.014,0.007,-0.002,0.016,0.02,-0.05,94.86,0.0015,0.0005,0.0007,0.0013,1447,0.872,22.2,2.1,2.6,22.6,25.2,1.00,25.17,0.99962,0.057,287.78,25.20,14,1
8.200,hall_mission,9x4.5,pi5,0.006,0.022,0.002,0.014,0.006,-0.002,0.016,0.02,-0.05,94.86,0.0020,0.0000,0.0014,0.0006,1447,0.872,22.2,2.1,2.6,22.6,25.2,1.00,25.17,0.99962,0.057,287.77,25.20,14,1
8.252,hall_mission,9x4.5,pi5,0.007,0.022,0.003,0.015,0.005,-0.001,0.016,0.02,-0.05,94.86,0.0017,0.0003,0.0007,0.0013,1447,0.872,22.2,2.1,2.6,22.6,25.2,1.00,25.17,0.99962,0.058,287.78,25.20,14,1
8.300,hall_mission,9x4.5,pi5,0.007,0.021,0.004,0.015,0.005,-0.001,0.016,0.02,-0.04,94.85,0.0012,0.0008,0.0009,0.0011,1447,0.872,22.2,2.1,2.6,22.6,25.2,1.00,25.17,0.99962,0.058,287.78,25.20,14,1
8.352,hall_mission,9x4.5,pi5,0.008,0.020,0.004,0.015,0.004,-0.001,0.016,0.02,-0.04,94.85,0.0017,0.0003,0.0009,0.0010,1447,0.872,22.2,2.1,2.6,22.6,25.2,1.00,25.17,0.99961,0.058,287.78,25.20,14,1
8.400,hall_mission,9x4.5,pi5,0.008,0.020,0.005,0.015,0.004,-0.000,0.015,0.02,-0.04,94.85,0.0017,0.0004,0.0009,0.0011,1447,0.872,22.2,2.1,2.6,22.6,25.2,1.00,25.17,0.99961,0.059,287.78,25.20,14,1
8.452,hall_mission,9x4.5,pi5,0.008,0.019,0.006,0.015,0.003,-0.000,0.015,0.02,-0.04,94.85,0.0016,0.0004,0.0011,0.0009,1447,0.872,22.2,2.1,2.6,22.6,25.2,1.00,25.17,0.99961,0.059,287.78,25.20,14,1
8.500,hall_mission,9x4.5,pi5,0.009,0.019,0.006,0.015,0.003,0.000,0.015,0.02,-0.04,94.85,0.0014,0.0006,0.0011,0.0009,1447,0.872,22.2,2.1,2.6,22.6,25.2,1.00,25.17,0.99961,0.059,287.78,25.20,14,1
8.552,hall_mission,9x4.5,pi5,0.009,0.018,0.007,0.015,0.003,0.000,0.015,0.02,-0.04,94.85,0.0012,0.0007,0.0011,0.0009,1447,0.872,22.2,2.1,2.6,22.6,25.2,1.00,25.17,0.99960,0.060,287.78,25.20,14,1
8.600,hall_mission,9x4.5,pi5,0.010,0.018,0.007,0.015,0.002,0.000,0.015,0.02,-0.04,94.85,0.0015,0.0004,0.0009,0.0012,1447,0.872,22.2,2.1,2.6,22.6,25.2,1.00,25.17,0.99960,0.060,287.77,25.20,14,1
8.652,hall_mission,9x4.5,pi5,0.010,0.018,0.008,0.015,0.002,0.000,0.015,0.02,-0.04,94.85,0.0011,0.0008,0.0015,0.0007,1447,0.872,22.2,2.1,2.6,22.6,25.2,1.00,25.17,0.99960,0.060,287.77,25.20,14,1
8.700,hall_mission,9x4.5,pi5,0.011,0.017,0.008,0.015,0.001,0.001,0.015,0.02,-0.04,94.85,0.0016,0.0003,0.0012,0.0009,1447,0.872,22.2,2.1,2.6,22.6,25.2,1.00,25.17,0.99960,0.061,287.77,25.20,14,1
8.752,hall_mission,9x4.5,pi5,0.012,0.017,0.009,0.015,0.001,0.000,0.015,0.02,-0.04,94.86,0.0017,0.0002,0.0012,0.0008,1447,0.872,22.2,2.1,2.6,22.6,25.2,1.00,25.17,0.99959,0.061,287.77,25.20,14,1
8.800,hall_mission,9x4.5,pi5,0.013,0.016,0.009,0.016,0.001,0.000,0.016,0.02,-0.04,94.86,0.0014,0.0005,0.0012,0.0009,1447,0.872,22.2,2.1,2.6,22.6,25.2,1.00,25.17,0.99959,0.062,287.77,25.20,14,1
8.852,hall_mission,9x4.5,pi5,0.014,0.016,0.009,0.016,0.000,0.000,0.016,0.02,-0.04,94.86,0.0015,0.0005,0.0009,0.0012,1447,0.872,22.2,2.1,2.6,22.6,25.2,1.00,25.17,0.99959,0.062,287.77,25.20,14,1
8.900,hall_mission,9x4.5,pi5,0.015,0.015,0.009,0.016,-0.001,0.000,0.016,0.02,-0.04,94.85,0.0014,0.0006,0.0011,0.0009,1447,0.872,22.2,2.1,2.6,22.6,25.2,1.00,25.17,0.99959,0.062,287.77,25.20,14,1
8.952,hall_mission,9x4.5,pi5,0.016,0.014,0.009,0.016,-0.001,0.000,0.016,0.02,-0.04,94.85,0.0014,0.0005,0.0014,0.0007,1447,0.872,22.2,2.1,2.6,22.6,25.2,1.00,25.17,0.99959,0.063,287.77,25.20,14,1
9.000,hall_mission,9x4.5,pi5,0.017,0.013,0.009,0.016,-0.003,0.000,0.017,0.02,-0.03,94.85,0.0012,0.0007,0.0014,0.0007,1447,0.872,22.2,2.1,2.6,22.6,25.2,1.00,25.17,0.99958,0.063,287.76,25.20,14,1
9.052,hall_mission,9x4.5,pi5,0.018,0.012,0.009,0.017,-0.004,0.000,0.017,0.02,-0.03,94.85,0.0011,0.0009,0.0014,0.0007,1447,0.872,22.2,2.1,2.6,22.6,25.2,1.00,25.17,0.99958,0.063,287.76,25.20,14,1
9.100,hall_mission,9x4.5,pi5,0.020,0.010,0.010,0.017,-0.005,0.000,0.018,0.02,-0.03,94.85,0.0013,0.0006,0.0011,0.0010,1447,0.872,22.2,2.1,2.6,22.6,25.2,1.00,25.17,0.99958,0.064,287.76,25.20,14,1
9.152,hall_mission,9x4.5,pi5,0.021,0.009,0.010,0.017,-0.006,0.000,0.018,0.02,-0.03,94.85,0.0012,0.0008,0.0013,0.0007,1447,0.872,22.2,2.1,2.6,22.6,25.2,1.00,25.17,0.99958,0.064,287.76,25.20,14,1
9.200,hall_mission,9x4.5,pi5,0.022,0.007,0.010,0.017,-0.008,0.000,0.019,0.02,-0.02,94.85,0.0013,0.0008,0.0010,0.0009,1447,0.872,22.2,2.1,2.6,22.6,25.2,1.00,25.17,0.99957,0.064,287.76,25.20,14,1
9.252,hall_mission,9x4.5,pi5,0.023,0.005,0.011,0.018,-0.009,0.000,0.020,0.02,-0.02,94.85,0.0012,0.0009,0.0012,0.0008,1447,0.872,22.2,2.1,2.6,22.6,25.2,1.00,25.17,0.99957,0.065,287.76,25.20,14,1
9.300,hall_mission,9x4.5,pi5,0.024,0.004,0.011,0.018,-0.010,0.000,0.020,0.02,-0.02,94.85,0.0012,0.0008,0.0010,0.0010,1447,0.872,22.2,2.1,2.6,22.6,25.2,1.00,25.17,0.99957,0.065,287.76,25.20,14,1
9.352,hall_mission,9x4.5,pi5,0.025,0.003,0.011,0.018,-0.010,0.000,0.021,0.02,-0.02,94.85,0.0016,0.0004,0.0009,0.0011,1447,0.872,22.2,2.1,2.6,22.6,25.2,1.00,25.17,0.99957,0.065,287.76,25.20,14,1
9.400,hall_mission,9x4.5,pi5,0.026,0.001,0.012,0.018,-0.011,0.000,0.021,0.02,-0.02,94.85,0.0013,0.0007,0.0011,0.0009,1447,0.872,22.2,2.1,2.6,22.6,25.2,1.00,25.17,0.99956,0.066,287.76,25.20,14,1
9.452,hall_mission,9x4.5,pi5,0.027,0.000,0.012,0.018,-0.012,0.000,0.022,0.02,-0.02,94.85,0.0013,0.0008,0.0010,0.0010,1447,0.872,22.2,2.1,2.6,22.6,25.2,1.00,25.17,0.99956,0.066,287.76,25.20,14,1
9.500,hall_mission,9x4.5,pi5,0.029,-0.001,0.012,0.019,-0.012,-0.000,0.022,0.02,-0.02,94.84,0.0012,0.0009,0.0011,0.0008,1447,0.872,22.2,2.1,2.6,22.6,25.2,1.00,25.17,0.99956,0.066,287.76,25.20,14,1
9.552,hall_mission,9x4.5,pi5,0.030,-0.001,0.013,0.019,-0.013,-0.000,0.023,0.02,-0.02,94.85,0.0012,0.0007,0.0011,0.0009,1447,0.872,22.2,2.1,2.6,22.6,25.2,1.00,25.17,0.99956,0.067,287.75,25.20,14,1
9.600,hall_mission,9x4.5,pi5,0.031,-0.002,0.014,0.019,-0.013,0.000,0.023,0.02,-0.02,94.84,0.0012,0.0008,0.0009,0.0011,1447,0.872,22.2,2.1,2.6,22.6,25.2,1.00,25.17,0.99956,0.067,287.75,25.20,14,1
9.647,hall_mission,9x4.5,pi5,0.043,-0.001,0.022,0.018,-0.006,0.002,0.019,0.02,-0.04,94.83,0.0016,0.0004,0.0012,0.0008,1447,0.872,22.2,2.1,2.6,22.6,25.2,1.00,25.17,0.99955,0.067,287.75,25.20,14,1
9.699,hall_mission,9x4.5,pi5,0.043,-0.000,0.022,0.018,-0.005,0.002,0.019,0.02,-0.04,94.83,0.0014,0.0006,0.0013,0.0007,1447,0.872,22.2,2.1,2.6,22.6,25.2,1.00,25.17,0.99955,0.068,287.75,25.20,14,1
9.747,hall_mission,9x4.5,pi5,0.042,0.001,0.021,0.017,-0.003,0.002,0.018,0.02,-0.05,94.83,0.0015,0.0004,0.0016,0.0004,1447,0.872,22.2,2.1,2.6,22.6,25.2,1.00,25.17,0.99955,0.068,287.75,25.20,14,1
9.799,hall_mission,9x4.5,pi5,0.042,0.002,0.021,0.017,-0.002,0.001,0.017,0.02,-0.05,94.83,0.0013,0.0006,0.0014,0.0007,1447,0.872,22.2,2.1,2.6,22.6,25.2,1.00,25.17,0.99955,0.068,287.75,25.20,14,1
9.847,hall_mission,9x4.5,pi5,0.041,0.004,0.020,0.017,-0.001,0.001,0.017,0.02,-0.05,94.83,0.0016,0.0004,0.0012,0.0008,1447,0.872,22.2,2.1,2.6,22.6,25.2,1.00,25.17,0.99954,0.069,287.75,25.20,14,1
9.899,hall_mission,9x4.5,pi5,0.041,0.005,0.020,0.017,-0.000,0.001,0.017,0.02,-0.05,94.83,0.0017,0.0004,0.0015,0.0004,1447,0.872,22.2,2.1,2.6,22.6,25.2,1.00,25.17,0.99954,0.069,287.75,25.20,14,1
9.947,hall_mission,9x4.5,pi5,0.041,0.007,0.019,0.016,0.002,0.000,0.017,0.02,-0.06,94.83,0.0016,0.0005,0.0010,0.0009,1447,0.872,22.2,2.1,2.6,22.6,25.2,1.00,25.17,0.99954,0.070,287.74,25.20,14,1
9.999,hall_mission,9x4.5,pi5,0.041,0.009,0.018,0.016,0.002,0.000,0.017,0.02,-0.06,94.83,0.0015,0.0005,0.0012,0.0008,1447,0.872,22.2,2.1,2.6,22.6,25.2,1.00,25.17,0.99954,0.070,287.75,25.20,14,1
10.047,hall_mission,9x4.5,pi5,0.041,0.010,0.018,0.017,0.004,0.000,0.017,0.02,-0.06,94.83,0.0016,0.0004,0.0012,0.0008,1447,0.872,22.2,2.1,2.6,22.6,25.2,1.00,25.17,0.99953,0.070,287.74,25.20,14,1
10.099,hall_mission,9x4.5,pi5,0.041,0.011,0.018,0.016,0.004,-0.000,0.017,0.02,-0.06,94.83,0.0014,0.0006,0.0011,0.0009,1447,0.872,22.2,2.1,2.6,22.6,25.2,1.00,25.17,0.99953,0.071,287.74,25.20,14,1
10.147,hall_mission,9x4.5,pi5,0.040,0.012,0.017,0.016,0.005,0.000,0.017,0.02,-0.06,94.83,0.0015,0.0005,0.0011,0.0009,1447,0.872,22.2,2.1,2.6,22.6,25.2,1.00,25.17,0.99953,0.071,287.74,25.20,14,1
10.199,hall_mission,9x4.5,pi5,0.040,0.013,0.017,0.016,0.005,-0.000,0.017,0.02,-0.06,94.83,0.0014,0.0005,0.0012,0.0008,1447,0.872,22.2,2.1,2.6,22.6,25.2,1.00,25.17,0.99953,0.071,287.74,25.20,14,1
10.247,hall_mission,9x4.5,pi5,0.039,0.013,0.017,0.015,0.005,-0.000,0.016,0.02,-0.06,94.83,0.0016,0.0005,0.0011,0.0008,1447,0.872,22.2,2.1,2.6,22.6,25.2,1.00,25.17,0.99953,0.072,287.74,25.20,14,1
10.299,hall_mission,9x4.5,pi5,0.039,0.014,0.017,0.015,0.005,-0.000,0.016,0.02,-0.06,94.82,0.0017,0.0004,0.0009,0.0010,1447,0.872,22.2,2.1,2.6,22.6,25.2,1.00,25.17,0.99952,0.072,287.74,25.20,14,1
10.347,hall_mission,9x4.5,pi5,0.037,0.014,0.016,0.014,0.005,-0.000,0.014,0.03,-0.06,94.82,0.0016,0.0004,0.0012,0.0008,1447,0.872,22.2,2.1,2.6,22.6,25.2,1.00,25.17,0.99952,0.072,287.74,25.20,14,1
10.399,hall_mission,9x4.5,pi5,0.037,0.014,0.016,0.013,0.005,-0.001,0.014,0.03,-0.06,94.82,0.0016,0.0005,0.0013,0.0006,1447,0.872,22.2,2.1,2.6,22.6,25.2,1.00,25.17,0.99952,0.073,287.73,25.20,14,1
10.447,hall_mission,9x4.5,pi5,0.035,0.014,0.015,0.011,0.005,-0.001,0.012,0.03,-0.06,94.82,0.0014,0.0007,0.0012,0.0007,1447,0.872,22.2,2.1,2.6,22.6,25.2,1.00,25.17,0.99952,0.073,287.74,25.20,14,1
10.499,hall_mission,9x4.5,pi5,0.034,0.014,0.014,0.011,0.004,-0.001,0.011,0.04,-0.06,94.81,0.0015,0.0006,0.0008,0.0010,1447,0.872,22.2,2.1,2.6,22.6,25.2,1.00,25.17,0.99951,0.073,287.73,25.20,14,1
10.547,hall_mission,9x4.5,pi5,0.033,0.014,0.013,0.009,0.004,-0.001,0.010,0.04,-0.05,94.81,0.0017,0.0004,0.0011,0.0007,1447,0.872,22.2,2.1,2.6,22.6,25.2,1.00,25.17,0.99951,0.074,287.73,25.20,14,1
10.599,hall_mission,9x4.5,pi5,0.032,0.014,0.013,0.008,0.004,-0.002,0.009,0.04,-0.05,94.81,0.0016,0.0004,0.0012,0.0007,1447,0.872,22.2,2.1,2.6,22.6,25.2,1.00,25.17,0.99951,0.074,287.73,25.20,14,1
10.647,hall_mission,9x4.5,pi5,0.031,0.014,0.012,0.008,0.003,-0.002,0.009,0.04,-0.05,94.81,0.0013,0.0006,0.0010,0.0010,1447,0.872,22.2,2.1,2.6,22.6,25.2,1.00,25.17,0.99951,0.074,287.73,25.20,14,1
10.699,hall_mission,9x4.5,pi5,0.031,0.014,0.011,0.007,0.003,-0.002,0.008,0.04,-0.05,94.81,0.0015,0.0005,0.0009,0.0011,1447,0.872,22.2,2.1,2.6,22.6,25.2,1.00,25.17,0.99950,0.075,287.73,25.20,14,1
10.747,hall_mission,9x4.5,pi5,0.030,0.013,0.010,0.006,0.003,-0.002,0.007,0.04,-0.05,94.81,0.0016,0.0004,0.0011,0.0009,1447,0.872,22.2,2.1,2.6,22.6,25.2,1.00,25.17,0.99950,0.075,287.73,25.20,14,1
10.799,hall_mission,9x4.5,pi5,0.029,0.013,0.009,0.005,0.003,-0.002,0.006,0.05,-0.05,94.81,0.0017,0.0003,0.0011,0.0009,1447,0.872,22.2,2.1,2.6,22.6,25.2,1.00,25.17,0.99950,0.075,287.73,25.20,14,1
10.847,hall_mission,9x4.5,pi5,0.028,0.013,0.007,0.004,0.002,-0.003,0.006,0.05,-0.05,94.81,0.0018,0.0002,0.0013,0.0007,1447,0.872,22.2,2.1,2.6,22.6,25.2,1.00,25.17,0.99950,0.076,287.73,25.20,14,1
10.899,hall_mission,9x4.5,pi5,0.027,0.013,0.006,0.004,0.002,-0.003,0.005,0.05,-0.05,94.81,0.0014,0.0007,0.0006,0.0014,1447,0.872,22.2,2.1,2.6,22.6,25.2,1.00,25.17,0.99950,0.076,287.73,25.20,14,1
10.947,hall_mission,9x4.5,pi5,0.025,0.012,0.005,0.002,0.001,-0.004,0.004,0.05,-0.05,94.81,0.0020,0.0000,0.0012,0.0008,1089,0.658,16.8,1.6,1.9,22.6,24.5,0.98,25.17,0.99949,0.077,295.05,25.20,14,1
10.999,hall_mission,9x4.5,pi5,0.024,0.012,0.004,0.001,0.001,-0.004,0.004,0.05,-0.05,94.81,0.0018,0.0002,0.0010,0.0010,1447,0.872,22.2,2.1,2.6,22.6,25.2,1.00,25.17,0.99949,0.077,287.72,25.20,14,1
11.047,hall_mission,9x4.5,pi5,0.023,0.011,0.003,0.001,0.000,-0.004,0.004,0.05,-0.05,94.80,0.0019,0.0001,0.0009,0.0011,1447,0.872,22.2,2.1,2.6,22.6,25.2,1.00,25.17,0.99949,0.077,287.72,25.20,14,1
11.099,hall_mission,9x4.5,pi5,0.022,0.010,0.002,0.000,-0.000,-0.004,0.004,0.05,-0.05,94.80,0.0016,0.0005,0.0011,0.0008,1447,0.872,22.2,2.1,2.6,22.6,25.2,1.00,25.17,0.99949,0.078,287.72,25.20,14,1
11.147,hall_mission,9x4.5,pi5,0.020,0.009,0.001,-0.000,-0.001,-0.005,0.005,0.05,-0.05,94.80,0.0017,0.0004,0.0009,0.0011,1447,0.872,22.2,2.1,2.6,22.6,25.2,1.00,25.17,0.99948,0.078,287.72,25.20,14,1
11.199,hall_mission,9x4.5,pi5,0.020,0.009,0.000,-0.001,-0.001,-0.005,0.005,0.06,-0.05,94.80,0.0017,0.0002,0.0008,0.0013,1447,0.872,22.2,2.1,2.6,22.6,25.2,1.00,25.17,0.99948,0.078,287.72,25.20,14,1
11.247,hall_mission,9x4.5,pi5,0.019,0.007,-0.000,-0.001,-0.002,-0.005,0.006,0.06,-0.04,94.81,0.0016,0.0004,0.0010,0.0010,1447,0.872,22.2,2.1,2.6,22.6,25.2,1.00,25.17,0.99948,0.079,287.72,25.20,14,1
11.299,hall_mission,9x4.5,pi5,0.019,0.006,-0.001,-0.001,-0.003,-0.005,0.006,0.05,-0.04,94.81,0.0015,0.0005,0.0008,0.0012,1447,0.872,22.2,2.1,2.6,22.6,25.2,1.00,25.17,0.99948,0.079,287.72,25.20,14,1
11.347,hall_mission,9x4.5,pi5,0.018,0.005,-0.002,-0.001,-0.004,-0.005,0.007,0.05,-0.04,94.81,0.0020,0.0000,0.0010,0.0010,1089,0.658,16.8,1.6,1.9,22.6,24.5,0.98,25.17,0.99947,0.079,295.04,25.20,14,1
11.399,hall_mission,9x4.5,pi5,0.018,0.004,-0.002,-0.000,-0.005,-0.005,0.007,0.05,-0.04,94.81,0.0016,0.0003,0.0007,0.0014,1447,0.872,22.2,2.1,2.6,22.6,25.2,1.00,25.17,0.99947,0.080,287.71,25.20,14,1
11.447,hall_mission,9x4.5,pi5,0.018,0.003,-0.003,0.000,-0.005,-0.005,0.007,0.05,-0.04,94.81,0.0016,0.0004,0.0010,0.0011,1447,0.872,22.2,2.1,2.6,22.6,25.2,1.00,25.17,0.99947,0.080,287.71,25.20,14,1
11.499,hall_mission,9x4.5,pi5,0.018,0.002,-0.003,0.000,-0.006,-0.005,0.008,0.05,-0.03,94.81,0.0015,0.0005,0.0011,0.0010,1447,0.872,22.2,2.1,2.6,22.6,25.2,1.00,25.17,0.99947,0.080,287.71,25.20,14,1
11.547,hall_mission,9x4.5,pi5,0.018,0.002,-0.005,0.001,-0.006,-0.006,0.008,0.05,-0.04,94.82,0.0017,0.0003,0.0010,0.0010,1447,0.872,22.2,2.1,2.6,22.6,25.2,1.00,25.17,0.99947,0.081,287.71,25.20,14,1
11.599,hall_mission,9x4.5,pi5,0.018,0.001,-0.005,0.001,-0.006,-0.006,0.009,0.05,-0.04,94.81,0.0014,0.0007,0.0009,0.0011,1447,0.872,22.2,2.1,2.6,22.6,25.2,1.00,25.17,0.99946,0.081,287.71,25.20,14,1
11.647,hall_mission,9x4.5,pi5,0.018,0.001,-0.006,0.001,-0.006,-0.006,0.009,0.05,-0.04,94.81,0.0014,0.0006,0.0010,0.0010,1447,0.872,22.2,2.1,2.6,22.6,25.2,1.00,25.17,0.99946,0.081,287.71,25.20,14,1
11.699,hall_mission,9x4.5,pi5,0.017,0.001,-0.007,0.001,-0.006,-0.006,0.009,0.05,-0.04,94.81,0.0017,0.0002,0.0007,0.0013,1447,0.872,22.2,2.1,2.6,22.6,25.2,1.00,25.17,0.99946,0.082,287.71,25.20,14,1
11.747,hall_mission,9x4.5,pi5,0.017,0.001,-0.007,0.001,-0.007,-0.006,0.009,0.05,-0.04,94.81,0.0017,0.0003,0.0009,0.0012,1447,0.872,22.2,2.1,2.6,22.6,25.2,1.00,25.17,0.99946,0.082,287.71,25.20,14,1
11.799,hall_mission,9x4.5,pi5,0.017,0.000,-0.008,0.001,-0.007,-0.006,0.009,0.05,-0.04,94.81,0.0018,0.0002,0.0008,0.0011,1447,0.872,22.2,2.1,2.6,22.6,25.2,1.00,25.17,0.99945,0.082,287.70,25.20,14,1
11.847,hall_mission,9x4.5,pi5,0.017,-0.000,-0.008,0.001,-0.007,-0.006,0.010,0.05,-0.04,94.81,0.0018,0.0001,0.0012,0.0008,1447,0.872,22.2,2.1,2.6,22.6,25.2,1.00,25.17,0.99945,0.083,287.71,25.20,14,1
11.899,hall_mission,9x4.5,pi5,0.017,-0.001,-0.008,0.001,-0.007,-0.006,0.010,0.05,-0.04,94.81,0.0019,0.0000,0.0010,0.0010,1447,0.872,22.2,2.1,2.6,22.6,25.2,1.00,25.17,0.99945,0.083,287.70,25.20,14,1
11.947,hall_mission,9x4.5,pi5,0.016,-0.002,-0.009,0.001,-0.008,-0.006,0.010,0.05,-0.04,94.82,0.0018,0.0001,0.0011,0.0009,1447,0.872,22.2,2.1,2.6,22.6,25.2,1.00,25.17,0.99945,0.084,287.71,25.20,14,1
11.999,hall_mission,9x4.5,pi5,0.016,-0.002,-0.009,0.001,-0.008,-0.006,0.011,0.05,-0.04,94.81,0.0019,0.0002,0.0011,0.0009,1447,0.872,22.2,2.1,2.6,22.6,25.2,1.00,25.17,0.99944,0.084,287.70,25.20,14,1
12.047,hall_mission,9x4.5,pi5,0.016,-0.003,-0.009,0.000,-0.009,-0.006,0.011,0.05,-0.04,94.81,0.0013,0.0007,0.0008,0.0011,1447,0.872,22.2,2.1,2.6,22.6,25.2,1.00,25.17,0.99944,0.084,287.70,25.20,14,1
12.099,hall_mission,9x4.5,pi5,0.015,-0.003,-0.009,0.000,-0.009,-0.006,0.011,0.05,-0.04,94.81,0.0014,0.0006,0.0007,0.0013,1447,0.872,22.2,2.1,2.6,22.6,25.2,1.00,25.17,0.99944,0.085,287.70,25.20,14,1
12.147,hall_mission,9x4.5,pi5,0.014,-0.003,-0.009,-0.000,-0.009,-0.006,0.011,0.05,-0.03,94.81,0.0017,0.0003,0.0010,0.0011,1447,0.872,22.2,2.1,2.6,22.6,25.2,1.00,25.17,0.99944,0.085,287.70,25.20,14,1
12.199,hall_mission,9x4.5,pi5,0.014,-0.003,-0.009,-0.001,-0.009,-0.005,0.011,0.05,-0.03,94.81,0.0017,0.0003,0.0011,0.0008,1447,0.872,22.2,2.1,2.6,22.6,25.2,1.00,25.17,0.99944,0.085,287.70,25.20,14,1
12.247,hall_mission,9x4.5,pi5,0.013,-0.004,-0.008,-0.001,-0.009,-0.005,0.011,0.05,-0.04,94.81,0.0013,0.0007,0.0010,0.0010,1447,0.872,22.2,2.1,2.6,22.6,25.2,1.00,25.17,0.99943,0.086,287.69,25.20,14,1
12.299,hall_mission,9x4.5,pi5,0.012,-0.004,-0.007,-0.002,-0.009,-0.005,0.011,0.05,-0.04,94.81,0.0012,0.0008,0.0011,0.0009,1447,0.872,22.2,2.1,2.6,22.6,25.2,1.00,25.17,0.99943,0.086,287.70,25.20,14,1
12.347,hall_mission,9x4.5,pi5,0.011,-0.004,-0.006,-0.002,-0.009,-0.004,0.010,0.06,-0.04,94.81,0.0014,0.0006,0.0008,0.0011,1447,0.872,22.2,2.1,2.6,22.6,25.2,1.00,25.17,0.99943,0.086,287.69,25.20,14,1
12.399,hall_mission,9x4.5,pi5,0.011,-0.004,-0.005,-0.002,-0.009,-0.004,0.010,0.05,-0.04,94.81,0.0016,0.0004,0.0005,0.0015,1447,0.872,22.2,2.1,2.6,22.6,25.2,1.00,25.17,0.99943,0.087,287.69,25.20,14,1
12.447,hall_mission,9x4.5,pi5,0.010,-0.003,-0.004,-0.003,-0.009,-0.003,0.009,0.06,-0.04,94.81,0.0016,0.0003,0.0009,0.0012,1447,0.872,22.2,2.1,2.6,22.6,25.2,1.00,25.17,0.99942,0.087,287.69,25.20,14,1
12.499,hall_mission,9x4.5,pi5,0.010,-0.003,-0.003,-0.003,-0.008,-0.002,0.009,0.06,-0.04,94.81,0.0017,0.0003,0.0010,0.0010,1447,0.872,22.2,2.1,2.6,22.6,25.2,1.00,25.17,0.99942,0.087,287.69,25.20,14,1
12.547,hall_mission,9x4.5,pi5,0.010,-0.003,-0.001,-0.003,-0.008,-0.002,0.009,0.06,-0.04,94.81,0.0018,0.0002,0.0010,0.0010,1447,0.872,22.2,2.1,2.6,22.6,25.2,1.00,25.17,0.99942,0.088,287.69,25.20,14,1
12.599,hall_mission,9x4.5,pi5,0.009,-0.003,0.000,-0.003,-0.008,-0.001,0.009,0.06,-0.04,94.81,0.0017,0.0003,0.0009,0.0011,1447,0.872,22.2,2.1,2.6,22.6,25.2,1.00,25.17,0.99942,0.088,287.69,25.20,14,1
12.647,hall_mission,9x4.5,pi5,0.009,-0.003,0.002,-0.004,-0.008,-0.001,0.009,0.06,-0.04,94.80,0.0019,0.0001,0.0009,0.0011,1447,0.872,22.2,2.1,2.6,22.6,25.2,1.00,25.17,0.99941,0.088,287.69,25.20,14,1
12.699,hall_mission,9x4.5,pi5,0.008,-0.003,0.003,-0.004,-0.008,-0.001,0.009,0.06,-0.04,94.80,0.0018,0.0003,0.0009,0.0011,1447,0.872,22.2,2.1,2.6,22.6,25.2,1.00,25.17,0.99941,0.089,287.68,25.20,14,1
12.747,hall_mission,9x4.5,pi5,0.008,-0.003,0.004,-0.004,-0.008,-0.000,0.009,0.06,-0.04,94.80,0.0017,0.0004,0.0006,0.0013,1447,0.872,22.2,2.1,2.6,22.6,25.2,1.00,25.17,0.99941,0.089,287.69,25.20,14,1
12.799,hall_mission,9x4.5,pi5,0.007,-0.003,0.005,-0.004,-0.008,-0.000,0.009,0.06,-0.04,94.80,0.0016,0.0004,0.0006,0.0014,1447,0.872,22.2,2.1,2.6,22.6,25.2,1.00,25.17,0.99941,0.089,287.68,25.20,14,1
12.847,hall_mission,9x4.5,pi5,0.007,-0.004,0.005,-0.005,-0.008,-0.000,0.010,0.06,-0.04,94.80,0.0021,0.0001,0.0009,0.0010,1447,0.872,22.2,2.1,2.6,22.6,25.2,1.00,25.17,0.99941,0.090,287.69,25.20,14,1
12.899,hall_mission,9x4.5,pi5,0.006,-0.004,0.006,-0.005,-0.009,0.000,0.010,0.06,-0.04,94.80,0.0017,0.0004,0.0009,0.0010,1447,0.872,22.2,2.1,2.6,22.6,25.2,1.00,25.16,0.99940,0.090,287.68,25.20,14,1
12.947,hall_mission,9x4.5,pi5,0.006,-0.005,0.006,-0.006,-0.009,0.000,0.011,0.06,-0.04,94.80,0.0015,0.0006,0.0006,0.0013,1447,0.872,22.2,2.1,2.6,22.6,25.2,1.00,25.16,0.99940,0.090,287.68,25.20,14,1
12.999,hall_mission,9x4.5,pi5,0.005,-0.005,0.007,-0.006,-0.009,0.000,0.011,0.06,-0.04,94.80,0.0017,0.0003,0.0011,0.0010,1447,0.872,22.2,2.1,2.6,22.6,25.2,1.00,25.16,0.99940,0.091,287.68,25.20,14,1
13.047,hall_mission,9x4.5,pi5,0.005,-0.006,0.007,-0.006,-0.009,0.000,0.011,0.06,-0.04,94.80,0.0018,0.0002,0.0007,0.0013,1447,0.872,22.2,2.1,2.6,22.6,25.2,1.00,25.16,0.99940,0.091,287.68,25.20,14,1
13.099,hall_mission,9x4.5,pi5,0.005,-0.006,0.008,-0.006,-0.009,0.001,0.011,0.06,-0.04,94.80,0.0016,0.0003,0.0007,0.0013,1447,0.872,22.2,2.1,2.6,22.6,25.2,1.00,25.16,0.99939,0.092,287.68,25.20,14,1
13.147,hall_mission,9x4.5,pi5,0.005,-0.006,0.008,-0.006,-0.009,0.001,0.011,0.06,-0.04,94.80,0.0014,0.0005,0.0006,0.0015,1447,0.872,22.2,2.1,2.6,22.6,25.2,1.00,25.16,0.99939,0.092,287.68,25.20,14,1
13.199,hall_mission,9x4.5,pi5,0.005,-0.006,0.009,-0.006,-0.009,0.001,0.011,0.06,-0.04,94.80,0.0017,0.0002,0.0011,0.0010,1447,0.872,22.2,2.1,2.6,22.6,25.2,1.00,25.16,0.99939,0.092,287.68,25.20,14,1
13.247,hall_mission,9x4.5,pi5,0.005,-0.005,0.009,-0.006,-0.008,0.001,0.010,0.06,-0.04,94.80,0.0018,0.0002,0.0009,0.0011,1447,0.872,22.2,2.1,2.6,22.6,25.2,1.00,25.16,0.99939,0.093,287.67,25.20,14,1
13.299,hall_mission,9x4.5,pi5,0.005,-0.005,0.010,-0.006,-0.008,0.001,0.010,0.06,-0.04,94.80,0.0016,0.0005,0.0009,0.0010,1447,0.872,22.2,2.1,2.6,22.6,25.2,1.00,25.16,0.99938,0.093,287.68,25.20,14,1
13.347,hall_mission,9x4.5,pi5,0.006,-0.005,0.010,-0.006,-0.007,0.001,0.009,0.06,-0.04,94.80,0.0018,0.0003,0.0009,0.0011,1447,0.872,22.2,2.1,2.6,22.6,25.2,1.00,25.16,0.99938,0.093,287.67,25.20,14,1
13.399,hall_mission,9x4.5,pi5,0.006,-0.004,0.010,-0.005,-0.006,0.001,0.008,0.06,-0.05,94.80,0.0019,0.0001,0.0010,0.0010,1447,0.872,22.2,2.1,2.6,22.6,25.2,1.00,25.16,0.99938,0.094,287.67,25.20,14,1
13.447,hall_mission,9x4.5,pi5,0.006,-0.004,0.010,-0.005,-0.006,0.001,0.008,0.06,-0.05,94.80,0.0020,0.0000,0.0012,0.0007,1447,0.872,22.2,2.1,2.6,22.6,25.2,1.00,25.16,0.99938,0.094,287.67,25.20,14,1
13.499,hall_mission,9x4.5,pi5,0.006,-0.003,0.011,-0.005,-0.005,0.001,0.007,0.06,-0.05,94.80,0.0018,0.0002,0.0008,0.0012,1447,0.872,22.2,2.1,2.6,22.6,25.2,1.00,25.16,0.99938,0.094,287.67,25.20,14,1
13.547,hall_mission,9x4.5,pi5,0.006,-0.002,0.011,-0.005,-0.004,0.001,0.006,0.05,-0.05,94.79,0.0019,0.0001,0.0009,0.0011,1447,0.872,22.2,2.1,2.6,22.6,25.2,1.00,25.16,0.99937,0.095,287.67,25.20,14,1
13.599,hall_mission,9x4.5,pi5,0.006,-0.001,0.011,-0.005,-0.004,0.001,0.006,0.05,-0.05,94.79,0.0019,0.0001,0.0006,0.0014,1447,0.872,22.2,2.1,2.6,22.6,25.2,1.00,25.16,0.99937,0.095,287.67,25.20,14,1
13.647,hall_mission,9x4.5,pi5,0.006,-0.001,0.012,-0.005,-0.003,0.001,0.006,0.05,-0.05,94.79,0.0015,0.0005,0.0008,0.0011,1447,0.872,22.2,2.1,2.6,22.6,25.2,1.00,25.16,0.99937,0.095,287.67,25.20,14,1
13.699,hall_mission,9x4.5,pi5,0.006,-0.000,0.012,-0.005,-0.003,0.001,0.006,0.05,-0.05,94.79,0.0015,0.0006,0.0010,0.0009,1447,0.872,22.2,2.1,2.6,22.6,25.2,1.00,25.16,0.99937,0.096,287.66,25.20,14,1
13.747,hall_mission,9x4.5,pi5,0.006,0.000,0.012,-0.005,-0.003,0.001,0.006,0.05,-0.05,94.79,0.0016,0.0004,0.0009,0.0010,1447,0.872,22.2,2.1,2.6,22.6,25.2,1.00,25.16,0.99936,0.096,287.66,25.20,14,1
13.799,hall_mission,9x4.5,pi5,0.006,0.000,0.013,-0.005,-0.002,0.001,0.006,0.05,-0.05,94.79,0.0015,0.0004,0.0009,0.0011,1447,0.872,22.2,2.1,2.6,22.6,25.2,1.00,25.16,0.99936,0.096,287.66,25.20,14,1
13.847,hall_mission,9x4.5,pi5,0.005,0.000,0.013,-0.006,-0.002,0.001,0.006,0.06,-0.05,94.79,0.0019,0.0001,0.0010,0.0010,1447,0.872,22.2,2.1,2.6,22.6,25.2,1.00,25.16,0.99936,0.097,287.66,25.20,14,1
13.899,hall_mission,9x4.5,pi5,0.004,0.000,0.013,-0.006,-0.002,0.001,0.007,0.06,-0.05,94.79,0.0017,0.0004,0.0007,0.0012,1447,0.872,22.2,2.1,2.6,22.6,25.2,1.00,25.16,0.99936,0.097,287.66,25.20,14,1
13.947,hall_mission,9x4.5,pi5,0.003,0.001,0.014,-0.007,-0.002,0.001,0.007,0.06,-0.05,94.79,0.0020,0.0000,0.0011,0.0009,1089,0.658,16.8,1.6,1.9,22.6,24.5,0.98,25.17,0.99935,0.097,294.98,25.20,14,1
13.999,hall_mission,9x4.5,pi5,0.002,0.001,0.014,-0.007,-0.002,0.001,0.008,0.06,-0.05,94.79,0.0017,0.0003,0.0007,0.0013,1447,0.872,22.2,2.1,2.6,22.6,25.2,1.00,25.16,0.99935,0.098,287.66,25.20,14,1
14.047,hall_mission,9x4.5,pi5,0.001,0.000,0.015,-0.008,-0.002,0.001,0.009,0.06,-0.05,94.79,0.0018,0.0001,0.0009,0.0011,1447,0.872,22.2,2.1,2.6,22.6,25.2,1.00,25.16,0.99935,0.098,287.66,25.20,14,1
14.099,hall_mission,9x4.5,pi5,-0.001,0.000,0.015,-0.009,-0.003,0.001,0.009,0.06,-0.05,94.79,0.0020,0.0000,0.0008,0.0012,1089,0.658,16.8,1.6,1.9,22.6,24.5,0.98,25.17,0.99935,0.099,294.98,25.20,14,1
14.147,hall_mission,9x4.5,pi5,-0.003,-0.000,0.016,-0.010,-0.003,0.001,0.011,0.07,-0.05,94.79,0.0020,0.0000,0.0011,0.0009,1447,0.872,22.2,2.1,2.6,22.6,25.2,1.00,25.16,0.99935,0.099,287.66,25.20,14,1
14.199,hall_mission,9x4.5,pi5,-0.004,-0.001,0.016,-0.011,-0.004,0.001,0.011,0.07,-0.05,94.79,0.0020,0.0000,0.0010,0.0010,1089,0.658,16.8,1.6,1.9,22.6,24.5,0.98,25.17,0.99934,0.099,294.97,25.20,14,1
14.247,hall_mission,9x4.5,pi5,-0.006,-0.001,0.016,-0.011,-0.004,0.001,0.012,0.07,-0.05,94.79,0.0016,0.0003,0.0009,0.0013,1447,0.872,22.2,2.1,2.6,22.6,25.2,1.00,25.16,0.99934,0.100,287.65,25.20,14,1
14.299,hall_mission,9x4.5,pi5,-0.007,-0.002,0.017,-0.012,-0.005,0.001,0.013,0.07,-0.05,94.79,0.0020,0.0000,0.0009,0.0011,1089,0.658,16.8,1.6,1.9,22.6,24.5,0.98,25.17,0.99934,0.100,294.98,25.20,14,1
14.347,hall_mission,9x4.5,pi5,-0.009,-0.003,0.018,-0.012,-0.005,0.001,0.013,0.07,-0.05,94.79,0.0018,0.0001,0.0009,0.0011,1447,0.872,22.2,2.1,2.6,22.6,25.2,1.00,25.16,0.99934,0.100,287.65,25.20,14,1
14.399,hall_mission,9x4.5,pi5,-0.010,-0.003,0.018,-0.013,-0.006,0.001,0.014,0.07,-0.05,94.79,0.0020,0.0000,0.0009,0.0011,1089,0.658,16.8,1.6,1.9,22.6,24.5,0.98,25.17,0.99933,0.101,294.97,25.20,14,1
14.447,hall_mission,9x4.5,pi5,-0.011,-0.004,0.019,-0.013,-0.007,0.001,0.015,0.07,-0.04,94.80,0.0020,0.0000,0.0009,0.0011,1089,0.658,16.8,1.6,1.9,22.6,24.5,0.98,25.17,0.99933,0.101,294.97,25.20,14,1
14.499,hall_mission,9x4.5,pi5,-0.012,-0.005,0.020,-0.013,-0.007,0.002,0.015,0.07,-0.04,94.80,0.0017,0.0003,0.0008,0.0012,1447,0.872,22.2,2.1,2.6,22.6,25.2,1.00,25.16,0.99933,0.101,287.65,25.20,14,1
14.547,hall_mission,9x4.5,pi5,-0.014,-0.006,0.021,-0.013,-0.008,0.002,0.015,0.07,-0.04,94.80,0.0017,0.0002,0.0008,0.0012,1447,0.872,22.2,2.1,2.6,22.6,25.2,1.00,25.16,0.99933,0.102,287.65,25.20,14,1
14.599,hall_mission,9x4.5,pi5,-0.015,-0.007,0.022,-0.013,-0.009,0.002,0.016,0.07,-0.04,94.80,0.0018,0.0001,0.0008,0.0012,1447,0.872,22.2,2.1,2.6,22.6,25.2,1.00,25.16,0.99932,0.102,287.65,25.20,14,1
14.647,hall_mission,9x4.5,pi5,-0.016,-0.008,0.023,-0.013,-0.010,0.002,0.016,0.07,-0.04,94.80,0.0017,0.0003,0.0008,0.0013,1447,0.872,22.2,2.1,2.6,22.6,25.2,1.00,25.16,0.99932,0.102,287.65,25.20,14,1
14.699,hall_mission,9x4.5,pi5,-0.017,-0.008,0.023,-0.013,-0.010,0.003,0.016,0.07,-0.04,94.80,0.0018,0.0001,0.0008,0.0012,1447,0.872,22.2,2.1,2.6,22.6,25.2,1.00,25.16,0.99932,0.103,287.64,25.20,14,1
14.747,hall_mission,9x4.5,pi5,-0.017,-0.009,0.024,-0.012,-0.011,0.003,0.016,0.06,-0.04,94.80,0.0016,0.0004,0.0004,0.0016,1447,0.872,22.2,2.1,2.6,22.6,25.2,1.00,25.16,0.99932,0.103,287.65,25.20,14,1
14.799,hall_mission,9x4.5,pi5,-0.017,-0.010,0.025,-0.012,-0.011,0.003,0.016,0.06,-0.03,94.80,0.0020,0.0000,0.0011,0.0009,1089,0.658,16.8,1.6,1.9,22.6,24.5,0.98,25.17,0.99932,0.103,294.96,25.20,14,1
14.847,hall_mission,9x4.5,pi5,-0.017,-0.010,0.025,-0.011,-0.011,0.003,0.016,0.06,-0.03,94.80,0.0018,0.0002,0.0006,0.0014,1447,0.872,22.2,2.1,2.6,22.6,25.2,1.00,25.16,0.99931,0.104,287.64,25.20,14,1
14.899,hall_mission,9x4.5,pi5,-0.017,-0.010,0.025,-0.010,-0.011,0.003,0.016,0.06,-0.03,94.80,0.0017,0.0003,0.0007,0.0013,1447,0.872,22.2,2.1,2.6,22.6,25.2,1.00,25.16,0.99931,0.104,287.64,25.20,14,1
14.947,hall_mission,9x4.5,pi5,-0.017,-0.011,0.025,-0.009,-0.011,0.003,0.015,0.05,-0.04,94.80,0.0019,0.0001,0.0010,0.0010,1447,0.872,22.2,2.1,2.6,22.6,25.2,1.00,25.16,0.99931,0.104,287.64,25.20,14,1
14.999,hall_mission,9x4.5,pi5,-0.016,-0.011,0.024,-0.008,-0.011,0.003,0.014,0.05,-0.04,94.80,0.0016,0.0004,0.0007,0.0014,1447,0.872,22.2,2.1,2.6,22.6,25.2,1.00,25.16,0.99931,0.105,287.64,25.20,14,1
15.047,hall_mission,9x4.5,pi5,-0.015,-0.011,0.024,-0.007,-0.011,0.003,0.013,0.05,-0.04,94.80,0.0014,0.0005,0.0007,0.0013,1447,0.872,22.2,2.1,2.6,22.6,25.2,1.00,25.16,0.99930,0.105,287.64,25.20,14,1
15.099,hall_mission,9x4.5,pi5,-0.015,-0.011,0.024,-0.007,-0.011,0.003,0.013,0.05,-0.04,94.80,0.0018,0.0002,0.0008,0.0012,1447,0.872,22.2,2.1,2.6,22.6,25.2,1.00,25.16,0.99930,0.105,287.63,25.20,14,1
15.147,hall_mission,9x4.5,pi5,-0.014,-0.010,0.023,-0.006,-0.010,0.003,0.012,0.05,-0.04,94.80,0.0018,0.0002,0.0009,0.0010,1447,0.872,22.2,2.1,2.6,22.6,25.2,1.00,25.16,0.99930,0.106,287.64,25.20,14,1
15.199,hall_mission,9x4.5,pi5,-0.013,-0.010,0.023,-0.005,-0.010,0.002,0.011,0.04,-0.04,94.80,0.0016,0.0004,0.0009,0.0012,1447,0.872,22.2,2.1,2.6,22.6,25.2,1.00,25.16,0.99930,0.106,287.63,25.20,14,1
15.247,hall_mission,9x4.5,pi5,-0.013,-0.010,0.023,-0.004,-0.009,0.002,0.010,0.04,-0.04,94.80,0.0016,0.0005,0.0012,0.0008,1447,0.872,22.2,2.1,2.6,22.6,25.2,1.00,25.16,0.99929,0.107,287.64,25.20,14,1
15.299,hall_mission,9x4.5,pi5,-0.012,-0.009,0.023,-0.003,-0.009,0.003,0.010,0.04,-0.04,94.80,0.0015,0.0005,0.0011,0.0009,1447,0.872,22.2,2.1,2.6,22.6,25.2,1.00,25.16,0.99929,0.107,287.63,25.20,14,1
15.347,hall_mission,9x4.5,pi5,-0.011,-0.009,0.023,-0.002,-0.008,0.003,0.009,0.04,-0.04,94.80,0.0017,0.0003,0.0009,0.0011,1447,0.872,22.2,2.1,2.6,22.6,25.2,1.00,25.16,0.99929,0.107,287.63,25.20,14,1
15.399,hall_mission,9x4.5,pi5,-0.011,-0.009,0.023,-0.002,-0.008,0.003,0.009,0.04,-0.04,94.80,0.0015,0.0004,0.0013,0.0008,1447,0.872,22.2,2.1,2.6,22.6,25.2,1.00,25.16,0.99929,0.108,287.63,25.20,14,1
15.447,hall_mission,9x4.5,pi5,-0.010,-0.008,0.023,-0.001,-0.008,0.003,0.008,0.04,-0.04,94.80,0.0013,0.0007,0.0011,0.0009,1447,0.872,22.2,2.1,2.6,22.6,25.2,1.00,25.16,0.99929,0.108,287.63,25.20,14,1
15.499,hall_mission,9x4.5,pi5,-0.009,-0.008,0.023,0.000,-0.008,0.003,0.008,0.04,-0.04,94.80,0.0016,0.0005,0.0011,0.0008,1447,0.872,22.2,2.1,2.6,22.6,25.2,1.00,25.16,0.99928,0.108,287.63,25.20,14,1
15.547,hall_mission,9x4.5,pi5,-0.008,-0.008,0.023,0.001,-0.008,0.003,0.008,0.03,-0.04,94.80,0.0014,0.0006,0.0013,0.0007,1447,0.872,22.2,2.1,2.6,22.6,25.2,1.00,25.16,0.99928,0.109,287.63,25.20,14,1
15.599,hall_mission,9x4.5,pi5,-0.008,-0.008,0.023,0.002,-0.008,0.003,0.008,0.03,-0.04,94.80,0.0014,0.0006,0.0012,0.0008,1447,0.872,22.2,2.1,2.6,22.6,25.2,1.00,25.16,0.99928,0.109,287.63,25.20,14,1
15.647,hall_mission,9x4.5,pi5,-0.007,-0.008,0.023,0.003,-0.008,0.004,0.009,0.03,-0.04,94.80,0.0017,0.0004,0.0012,0.0007,1447,0.872,22.2,2.1,2.6,22.6,25.2,1.00,25.16,0.99928,0.109,287.62,25.20,14,1
15.699,hall_mission,9x4.5,pi5,-0.006,-0.009,0.023,0.003,-0.008,0.004,0.009,0.03,-0.04,94.80,0.0014,0.0006,0.0011,0.0009,1447,0.872,22.2,2.1,2.6,22.6,25.2,1.00,25.16,0.99927,0.110,287.63,25.20,14,1
15.747,hall_mission,9x4.5,pi5,-0.004,-0.009,0.023,0.005,-0.008,0.004,0.010,0.03,-0.04,94.80,0.0014,0.0007,0.0012,0.0007,1447,0.872,22.2,2.1,2.6,22.6,25.2,1.00,25.16,0.99927,0.110,287.62,25.20,14,1
15.799,hall_mission,9x4.5,pi5,-0.003,-0.009,0.023,0.006,-0.007,0.004,0.010,0.03,-0.04,94.80,0.0017,0.0003,0.0010,0.0010,1447,0.872,22.2,2.1,2.6,22.6,25.2,1.00,25.16,0.99927,0.110,287.62,25.20,14,1
15.847,hall_mission,9x4.5,pi5,-0.002,-0.009,0.022,0.007,-0.007,0.003,0.010,0.03,-0.04,94.80,0.0018,0.0002,0.0013,0.0007,1447,0.872,22.2,2.1,2.6,22.6,25.2,1.00,25.16,0.99927,0.111,287.62,25.20,14,1
15.899,hall_mission,9x4.5,pi5,-0.001,-0.009,0.021,0.007,-0.007,0.003,0.011,0.03,-0.04,94.80,0.0015,0.0005,0.0010,0.0010,1447,0.872,22.2,2.1,2.6,22.6,25.2,1.00,25.16,0.99926,0.111,287.62,25.20,14,1
15.947,hall_mission,9x4.5,pi5,0.001,-0.008,0.020,0.008,-0.007,0.003,0.011,0.02,-0.04,94.80,0.0017,0.0002,0.0014,0.0007,1447,0.872,22.2,2.1,2.6,22.6,25.2,1.00,25.16,0.99926,0.111,287.62,25.20,14,1
15.999,hall_mission,9x4.5,pi5,0.001,-0.008,0.020,0.009,-0.006,0.002,0.011,0.02,-0.04,94.80,0.0011,0.0008,0.0009,0.0012,1447,0.872,22.2,2.1,2.6,22.6,25.2,1.00,25.16,0.99926,0.112,287.62,25.20,14,1
16.047,hall_mission,9x4.5,pi5,0.003,-0.007,0.020,0.009,-0.005,0.002,0.011,0.02,-0.05,94.81,0.0012,0.0007,0.0013,0.0008,1447,0.872,22.2,2.1,2.6,22.6,25.2,1.00,25.16,0.99926,0.112,287.62,25.20,14,1
16.099,hall_mission,9x4.5,pi5,0.003,-0.006,0.020,0.009,-0.005,0.002,0.011,0.02,-0.05,94.81,0.0018,0.0001,0.0012,0.0009,1447,0.872,22.2,2.1,2.6,22.6,25.2,1.00,25.16,0.99926,0.112,287.61,25.20,14,1
16.147,hall_mission,9x4.5,pi5,0.004,-0.005,0.020,0.010,-0.003,0.002,0.010,0.02,-0.05,94.81,0.0015,0.0005,0.0013,0.0008,1447,0.872,22.2,2.1,2.6,22.6,25.2,1.00,25.16,0.99925,0.113,287.62,25.20,14,1
16.199,hall_mission,9x4.5,pi5,0.004,-0.004,0.019,0.010,-0.003,0.002,0.010,0.03,-0.05,94.81,0.0014,0.0006,0.0014,0.0006,1447,0.872,22.2,2.1,2.6,22.6,25.2,1.00,25.16,0.99925,0.113,287.61,25.20,14,1
16.247,hall_mission,9x4.5,pi5,0.005,-0.003,0.019,0.010,-0.002,0.002,0.010,0.03,-0.06,94.81,0.0014,0.0006,0.0012,0.0009,1447,0.872,22.2,2.1,2.6,22.6,25.2,1.00,25.16,0.99925,0.114,287.61,25.20,14,1
16.299,hall_mission,9x4.5,pi5,0.005,-0.002,0.019,0.010,-0.001,0.002,0.010,0.03,-0.06,94.81,0.0017,0.0003,0.0011,0.0009,1447,0.872,22.2,2.1,2.6,22.6,25.2,1.00,25.16,0.99925,0.114,287.61,25.20,14,1
16.347,hall_mission,9x4.5,pi5,0.006,-0.001,0.019,0.009,-0.000,0.001,0.010,0.03,-0.06,94.81,0.0017,0.0004,0.0013,0.0007,1447,0.872,22.2,2.1,2.6,22.6,25.2,1.00,25.16,0.99924,0.114,287.61,25.20,14,1
16.399,hall_mission,9x4.5,pi5,0.006,-0.001,0.018,0.009,0.000,0.001,0.009,0.03,-0.06,94.81,0.0017,0.0003,0.0011,0.0009,1447,0.872,22.2,2.1,2.6,22.6,25.2,1.00,25.16,0.99924,0.115,287.61,25.20,14,1
16.447,hall_mission,9x4.5,pi5,0.006,0.000,0.018,0.009,0.001,0.001,0.009,0.03,-0.06,94.81,0.0016,0.0004,0.0012,0.0008,1447,0.872,22.2,2.1,2.6,22.6,25.2,1.00,25.16,0.99924,0.115,287.61,25.20,14,1
16.499,hall_mission,9x4.5,pi5,0.006,0.001,0.017,0.009,0.002,0.001,0.009,0.03,-0.06,94.81,0.0014,0.0006,0.0012,0.0008,1447,0.872,22.2,2.1,2.6,22.6,25.2,1.00,25.16,0.99924,0.115,287.61,25.20,14,1
16.547,hall_mission,9x4.5,pi5,0.006,0.002,0.016,0.008,0.003,0.001,0.008,0.03,-0.06,94.81,0.0016,0.0005,0.0010,0.0009,1447,0.872,22.2,2.1,2.6,22.6,25.2,1.00,25.16,0.99923,0.116,287.61,25.20,14,1
16.599,hall_mission,9x4.5,pi5,0.005,0.003,0.016,0.007,0.003,0.001,0.008,0.03,-0.06,94.81,0.0014,0.0006,0.0012,0.0008,1447,0.872,22.2,2.1,2.6,22.6,25.2,1.00,25.16,0.99923,0.116,287.61,25.20,14,1
16.647,hall_mission,9x4.5,pi5,0.005,0.004,0.015,0.006,0.004,0.000,0.007,0.04,-0.06,94.81,0.0018,0.0001,0.0011,0.0009,1447,0.872,22.2,2.1,2.6,22.6,25.2,1.00,25.16,0.99923,0.116,287.60,25.20,14,1
16.699,hall_mission,9x4.5,pi5,0.004,0.004,0.014,0.005,0.004,0.000,0.007,0.04,-0.07,94.81,0.0015,0.0004,0.0012,0.0009,1447,0.872,22.2,2.1,2.6,22.6,25.2,1.00,25.16,0.99923,0.117,287.61,25.20,14,1
16.747,hall_mission,9x4.5,pi5,0.003,0.005,0.013,0.004,0.004,-0.000,0.006,0.04,-0.07,94.81,0.0015,0.0005,0.0013,0.0007,1447,0.872,22.2,2.1,2.6,22.6,25.2,1.00,25.16,0.99923,0.117,287.60,25.20,14,1
16.799,hall_mission,9x4.5,pi5,0.002,0.005,0.013,0.003,0.004,-0.000,0.005,0.04,-0.07,94.81,0.0018,0.0003,0.0012,0.0007,1447,0.872,22.2,2.1,2.6,22.6,25.2,1.00,25.16,0.99922,0.117,287.60,25.20,14,1
16.847,hall_mission,9x4.5,pi5,0.000,0.006,0.012,0.002,0.004,-0.001,0.005,0.04,-0.07,94.81,0.0019,0.0001,0.0014,0.0005,1447,0.872,22.2,2.1,2.6,22.6,25.2,1.00,25.16,0.99922,0.118,287.60,25.20,14,1
16.899,hall_mission,9x4.5,pi5,-0.000,0.006,0.011,0.002,0.005,-0.001,0.005,0.04,-0.07,94.81,0.0016,0.0004,0.0013,0.0007,1447,0.872,22.2,2.1,2.6,22.6,25.2,1.00,25.16,0.99922,0.118,287.60,25.20,14,1
16.947,hall_mission,9x4.5,pi5,-0.001,0.007,0.011,0.001,0.005,-0.001,0.005,0.04,-0.07,94.81,0.0017,0.0004,0.0010,0.0009,1447,0.872,22.2,2.1,2.6,22.6,25.2,1.00,25.16,0.99922,0.118,287.60,25.20,14,1
16.999,hall_mission,9x4.5,pi5,-0.002,0.007,0.011,0.000,0.005,-0.001,0.005,0.05,-0.07,94.81,0.0017,0.0003,0.0011,0.0009,1447,0.872,22.2,2.1,2.6,22.6,25.2,1.00,25.16,0.99921,0.119,287.60,25.20,14,1
17.047,hall_mission,9x4.5,pi5,-0.003,0.008,0.010,-0.000,0.005,-0.001,0.005,0.05,-0.07,94.82,0.0020,0.0000,0.0012,0.0008,1089,0.658,16.8,1.6,1.9,22.6,24.5,0.98,25.16,0.99921,0.119,294.91,25.20,14,1
17.099,hall_mission,9x4.5,pi5,-0.003,0.008,0.010,-0.001,0.006,-0.001,0.006,0.05,-0.07,94.82,0.0019,0.0000,0.0011,0.0009,1447,0.872,22.2,2.1,2.6,22.6,25.2,1.00,25.16,0.99921,0.119,287.59,25.20,14,1
17.147,hall_mission,9x4.5,pi5,-0.004,0.008,0.010,-0.002,0.006,-0.001,0.006,0.05,-0.07,94.82,0.0020,0.0000,0.0011,0.0009,1447,0.872,22.2,2.1,2.6,22.6,25.2,1.00,25.16,0.99921,0.120,287.59,25.20,14,1
17.199,hall_mission,9x4.5,pi5,-0.005,0.009,0.010,-0.002,0.006,-0.001,0.006,0.05,-0.07,94.82,0.0020,0.0000,0.0014,0.0006,1089,0.658,16.8,1.6,1.9,22.6,24.5,0.98,25.16,0.99920,0.120,294.91,25.20,14,1
17.247,hall_mission,9x4.5,pi5,-0.005,0.009,0.010,-0.003,0.006,-0.001,0.006,0.05,-0.07,94.82,0.0020,0.0000,0.0012,0.0008,1447,0.872,22.2,2.1,2.6,22.6,25.2,1.00,25.16,0.99920,0.120,287.59,25.20,14,1
17.299,hall_mission,9x4.5,pi5,-0.006,0.009,0.010,-0.003,0.006,-0.000,0.007,0.05,-0.07,94.82,0.0019,0.0001,0.0010,0.0010,1447,0.872,22.2,2.1,2.6,22.6,25.2,1.00,25.16,0.99920,0.121,287.59,25.20,14,1
17.347,hall_mission,9x4.5,pi5,-0.007,0.009,0.010,-0.004,0.006,-0.000,0.007,0.05,-0.07,94.82,0.0017,0.0003,0.0007,0.0013,1447,0.872,22.2,2.1,2.6,22.6,25.2,1.00,25.16,0.99920,0.121,287.59,25.20,14,1
17.399,hall_mission,9x4.5,pi5,-0.007,0.009,0.010,-0.004,0.006,-0.000,0.007,0.06,-0.07,94.82,0.0020,0.0000,0.0011,0.0009,1089,0.658,16.8,1.6,1.9,22.6,24.5,0.98,25.16,0.99920,0.122,294.90,25.20,14,1
17.447,hall_mission,9x4.5,pi5,-0.007,0.009,0.010,-0.004,0.006,0.000,0.007,0.05,-0.07,94.82,0.0020,0.0000,0.0012,0.0008,1447,0.872,22.2,2.1,2.6,22.6,25.2,1.00,25.16,0.99919,0.122,287.59,25.20,14,1
17.499,hall_mission,9x4.5,pi5,-0.008,0.009,0.010,-0.004,0.006,0.000,0.007,0.05,-0.07,94.82,0.0020,0.0000,0.0012,0.0008,1089,0.658,16.8,1.6,1.9,22.6,24.5,0.98,25.16,0.99919,0.122,294.91,25.20,14,1
17.547,hall_mission,9x4.5,pi5,-0.008,0.009,0.010,-0.004,0.006,0.000,0.007,0.05,-0.07,94.82,0.0019,0.0001,0.0011,0.0008,1447,0.872,22.2,2.1,2.6,22.6,25.2,1.00,25.16,0.99919,0.123,287.58,25.20,14,1
17.599,hall_mission,9x4.5,pi5,-0.007,0.009,0.010,-0.004,0.006,0.000,0.007,0.05,-0.07,94.82,0.0016,0.0004,0.0009,0.0010,1447,0.872,22.2,2.1,2.6,22.6,25.2,1.00,25.16,0.99919,0.123,287.58,25.20,14,1
17.647,hall_mission,9x4.5,pi5,-0.007,0.009,0.010,-0.003,0.006,0.000,0.007,0.05,-0.07,94.82,0.0020,0.0000,0.0011,0.0009,1089,0.658,16.8,1.6,1.9,22.6,24.5,0.98,25.16,0.99918,0.123,294.90,25.20,14,1
17.699,hall_mission,9x4.5,pi5,-0.007,0.009,0.010,-0.003,0.006,0.000,0.007,0.05,-0.07,94.82,0.0018,0.0002,0.0012,0.0008,1447,0.872,22.2,2.1,2.6,22.6,25.2,1.00,25.16,0.99918,0.124,287.58,25.20,14,1
17.747,hall_mission,9x4.5,pi5,-0.006,0.009,0.010,-0.002,0.007,0.000,0.007,0.05,-0.07,94.82,0.0020,0.0000,0.0015,0.0005,1089,0.658,16.8,1.6,1.9,22.6,24.5,0.98,25.16,0.99918,0.124,294.90,25.20,14,1
17.799,hall_mission,9x4.5,pi5,-0.006,0.010,0.010,-0.001,0.007,0.000,0.007,0.05,-0.07,94.81,0.0018,0.0002,0.0012,0.0008,1447,0.872,22.2,2.1,2.6,22.6,25.2,1.00,25.16,0.99918,0.124,287.58,25.20,14,1
17.847,hall_mission,9x4.5,pi5,-0.006,0.010,0.009,-0.001,0.007,0.000,0.007,0.05,-0.07,94.81,0.0018,0.0002,0.0011,0.0009,1447,0.872,22.2,2.1,2.6,22.6,25.2,1.00,25.16,0.99917,0.125,287.58,25.20,14,1
17.899,hall_mission,9x4.5,pi5,-0.005,0.010,0.009,-0.001,0.007,0.000,0.007,0.05,-0.07,94.81,0.0020,0.0001,0.0011,0.0008,1447,0.872,22.2,2.1,2.6,22.6,25.2,1.00,25.16,0.99917,0.125,287.57,25.20,14,1
17.947,hall_mission,9x4.5,pi5,-0.005,0.010,0.009,-0.001,0.007,-0.000,0.007,0.05,-0.07,94.81,0.0020,0.0001,0.0009,0.0011,1447,0.872,22.2,2.1,2.6,22.6,25.2,1.00,25.16,0.99917,0.125,287.58,25.20,14,1
17.999,hall_mission,9x4.5,pi5,-0.005,0.010,0.008,-0.001,0.008,-0.000,0.008,0.05,-0.07,94.81,0.0019,0.0001,0.0012,0.0007,1447,0.872,22.2,2.1,2.6,22.6,25.2,1.00,25.16,0.99917,0.126,287.57,25.20,14,1
18.047,hall_mission,9x4.5,pi5,-0.005,0.010,0.008,-0.001,0.008,-0.000,0.008,0.05,-0.07,94.81,0.0020,0.0000,0.0009,0.0011,1089,0.658,16.8,1.6,1.9,22.6,24.5,0.98,25.16,0.99917,0.126,294.90,25.20,14,1
18.099,hall_mission,9x4.5,pi5,-0.005,0.011,0.008,-0.001,0.008,-0.001,0.008,0.05,-0.07,94.81,0.0017,0.0003,0.0011,0.0009,1447,0.872,22.2,2.1,2.6,22.6,25.2,1.00,25.16,0.99916,0.126,287.58,25.20,14,1
18.147,hall_mission,9x4.5,pi5,-0.005,0.011,0.007,-0.001,0.008,-0.001,0.008,0.05,-0.07,94.81,0.0019,0.0001,0.0007,0.0012,1447,0.872,22.2,2.1,2.6,22.6,25.2,1.00,25.16,0.99916,0.127,287.57,25.20,14,1
18.199,hall_mission,9x4.5,pi5,-0.005,0.011,0.007,-0.001,0.008,-0.001,0.008,0.05,-0.07,94.81,0.0019,0.0001,0.0010,0.0009,1447,0.872,22.2,2.1,2.6,22.6,25.2,1.00,25.16,0.99916,0.127,287.57,25.20,14,1
18.247,hall_mission,9x4.5,pi5,-0.005,0.010,0.007,-0.001,0.008,-0.001,0.008,0.05,-0.07,94.82,0.0019,0.0001,0.0012,0.0008,1447,0.872,22.2,2.1,2.6,22.6,25.2,1.00,25.16,0.99916,0.127,287.57,25.20,14,1
18.299,hall_mission,9x4.5,pi5,-0.004,0.010,0.006,-0.001,0.008,-0.001,0.008,0.05,-0.07,94.81,0.0017,0.0004,0.0011,0.0008,1447,0.872,22.2,2.1,2.6,22.6,25.2,1.00,25.16,0.99915,0.128,287.57,25.20,14,1
18.347,hall_mission,9x4.5,pi5,-0.004,0.009,0.005,-0.001,0.007,-0.001,0.007,0.05,-0.07,94.81,0.0020,0.0001,0.0012,0.0006,1447,0.872,22.2,2.1,2.6,22.6,25.2,1.00,25.16,0.99915,0.128,287.57,25.20,14,1
18.399,hall_mission,9x4.5,pi5,-0.004,0.009,0.005,-0.001,0.007,-0.001,0.007,0.05,-0.06,94.81,0.0021,0.0001,0.0009,0.0010,1447,0.872,22.2,2.1,2.6,22.6,25.2,1.00,25.16,0.99915,0.128,287.57,25.20,14,1
18.447,hall_mission,9x4.5,pi5,-0.004,0.008,0.004,-0.001,0.006,-0.002,0.006,0.05,-0.06,94.81,0.0020,0.0000,0.0012,0.0007,1447,0.872,22.2,2.1,2.6,22.6,25.2,1.00,25.16,0.99915,0.129,287.57,25.20,14,1
18.499,hall_mission,9x4.5,pi5,-0.003,0.007,0.004,-0.000,0.005,-0.002,0.005,0.05,-0.06,94.81,0.0020,0.0000,0.0012,0.0008,1089,0.658,16.8,1.6,1.9,22.6,24.5,0.98,25.16,0.99914,0.129,294.88,25.20,14,1
18.547,hall_mission,9x4.5,pi5,-0.003,0.006,0.003,-0.000,0.004,-0.002,0.005,0.05,-0.06,94.81,0.0019,0.0001,0.0013,0.0007,1447,0.872,22.2,2.1,2.6,22.6,25.2,1.00,25.16,0.99914,0.130,287.56,25.20,14,1
18.599,hall_mission,9x4.5,pi5,-0.002,0.005,0.003,0.000,0.004,-0.002,0.004,0.05,-0.06,94.81,0.0018,0.0002,0.0011,0.0009,1447,0.872,22.2,2.1,2.6,22.6,25.2,1.00,25.16,0.99914,0.130,287.56,25.20,14,1
18.647,hall_mission,9x4.5,pi5,-0.002,0.004,0.002,0.001,0.003,-0.002,0.004,0.05,-0.05,94.81,0.0017,0.0004,0.0009,0.0010,1447,0.872,22.2,2.1,2.6,22.6,25.2,1.00,25.16,0.99914,0.130,287.56,25.20,14,1
18.699,hall_mission,9x4.5,pi5,-0.001,0.004,0.002,0.001,0.002,-0.002,0.003,0.04,-0.05,94.81,0.0018,0.0001,0.0010,0.0010,1447,0.872,22.2,2.1,2.6,22.6,25.2,1.00,25.16,0.99914,0.131,287.56,25.20,14,1
18.747,hall_mission,9x4.5,pi5,0.000,0.003,0.001,0.002,0.002,-0.002,0.003,0.04,-0.05,94.80,0.0016,0.0005,0.0009,0.0010,1447,0.872,22.2,2.1,2.6,22.6,25.2,1.00,25.16,0.99913,0.131,287.56,25.20,14,1
18.799,hall_mission,9x4.5,pi5,0.001,0.002,0.001,0.003,0.001,-0.002,0.004,0.04,-0.05,94.80,0.0017,0.0005,0.0011,0.0008,1447,0.872,22.2,2.1,2.6,22.6,25.2,1.00,25.16,0.99913,0.131,287.56,25.20,14,1
18.847,hall_mission,9x4.5,pi5,0.002,0.001,0.000,0.003,0.001,-0.002,0.004,0.04,-0.05,94.80,0.0018,0.0003,0.0010,0.0009,1447,0.872,22.2,2.1,2.6,22.6,25.2,1.00,25.16,0.99913,0.132,287.56,25.20,14,1
18.899,hall_mission,9x4.5,pi5,0.003,0.001,0.000,0.004,0.001,-0.002,0.005,0.04,-0.05,94.80,0.0017,0.0003,0.0012,0.0007,1447,0.872,22.2,2.1,2.6,22.6,25.2,1.00,25.16,0.99913,0.132,287.56,25.20,14,1
18.947,hall_mission,9x4.5,pi5,0.004,0.001,-0.000,0.005,0.000,-0.002,0.006,0.04,-0.05,94.80,0.0016,0.0005,0.0009,0.0010,1447,0.872,22.2,2.1,2.6,22.6,25.2,1.00,25.16,0.99912,0.132,287.55,25.20,14,1
18.999,hall_mission,9x4.5,pi5,0.005,0.000,-0.000,0.006,0.000,-0.002,0.006,0.03,-0.05,94.80,0.0016,0.0005,0.0013,0.0006,1447,0.872,22.2,2.1,2.6,22.6,25.2,1.00,25.16,0.99912,0.133,287.55,25.20,14,1
19.047,hall_mission,9x4.5,pi5,0.007,-0.000,-0.001,0.007,0.000,-0.002,0.007,0.03,-0.05,94.79,0.0013,0.0007,0.0012,0.0008,1447,0.872,22.2,2.1,2.6,22.6,25.2,1.00,25.16,0.99912,0.133,287.55,25.20,14,1
19.099,hall_mission,9x4.5,pi5,0.008,-0.000,-0.000,0.007,0.000,-0.002,0.008,0.03,-0.05,94.80,0.0015,0.0004,0.0011,0.0009,1447,0.872,22.2,2.1,2.6,22.6,25.2,1.00,25.16,0.99912,0.133,287.55,25.20,14,1
19.147,hall_mission,9x4.5,pi5,0.009,-0.000,-0.000,0.008,0.000,-0.002,0.009,0.03,-0.05,94.80,0.0017,0.0003,0.0016,0.0005,1447,0.872,22.2,2.1,2.6,22.6,25.2,1.00,25.16,0.99911,0.134,287.55,25.20,14,1
19.199,hall_mission,9x4.5,pi5,0.010,-0.000,-0.000,0.009,0.001,-0.002,0.009,0.03,-0.05,94.80,0.0013,0.0007,0.0013,0.0007,1447,0.872,22.2,2.1,2.6,22.6,25.2,1.00,25.16,0.99911,0.134,287.55,25.20,14,1
19.247,hall_mission,9x4.5,pi5,0.011,0.000,-0.000,0.009,0.001,-0.002,0.010,0.03,-0.06,94.80,0.0019,0.0001,0.0012,0.0008,1447,0.872,22.2,2.1,2.6,22.6,25.2,1.00,25.16,0.99911,0.134,287.55,25.20,14,1
19.299,hall_mission,9x4.5,pi5,0.011,0.000,-0.000,0.010,0.001,-0.002,0.010,0.03,-0.06,94.80,0.0014,0.0006,0.0010,0.0010,1447,0.872,22.2,2.1,2.6,22.6,25.2,1.00,25.16,0.99911,0.135,287.55,25.20,14,1
19.347,hall_mission,9x4.5,pi5,0.012,0.001,-0.001,0.010,0.002,-0.002,0.010,0.03,-0.06,94.80,0.0019,0.0001,0.0013,0.0007,1447,0.872,22.2,2.1,2.6,22.6,25.2,1.00,25.16,0.99911,0.135,287.55,25.20,14,1
19.399,hall_mission,9x4.5,pi5,0.013,0.001,-0.001,0.010,0.002,-0.002,0.011,0.03,-0.06,94.80,0.0017,0.0004,0.0014,0.0005,1447,0.872,22.2,2.1,2.6,22.6,25.2,1.00,25.16,0.99910,0.135,287.55,25.20,14,1
19.447,hall_mission,9x4.5,pi5,0.013,0.002,-0.001,0.011,0.002,-0.003,0.011,0.03,-0.06,94.80,0.0017,0.0004,0.0016,0.0003,1447,0.872,22.2,2.1,2.6,22.6,25.2,1.00,25.16,0.99910,0.136,287.55,25.20,14,1
19.499,hall_mission,9x4.5,pi5,0.014,0.003,-0.002,0.011,0.002,-0.003,0.011,0.03,-0.06,94.80,0.0017,0.0003,0.0012,0.0008,1447,0.872,22.2,2.1,2.6,22.6,25.2,1.00,25.16,0.99910,0.136,287.54,25.20,14,1
19.547,hall_mission,9x4.5,pi5,0.014,0.003,-0.002,0.011,0.003,-0.003,0.012,0.03,-0.06,94.80,0.0015,0.0005,0.0013,0.0007,1447,0.872,22.2,2.1,2.6,22.6,25.2,1.00,25.16,0.99910,0.137,287.54,25.20,14,1
19.599,hall_mission,9x4.5,pi5,0.014,0.004,-0.002,0.011,0.004,-0.003,0.012,0.03,-0.06,94.80,0.0016,0.0004,0.0013,0.0007,1447,0.872,22.2,2.1,2.6,22.6,25.2,1.00,25.16,0.99909,0.137,287.54,25.20,14,1
19.647,hall_mission,9x4.5,pi5,0.014,0.005,-0.002,0.011,0.004,-0.003,0.012,0.02,-0.06,94.80,0.0017,0.0002,0.0011,0.0009,1447,0.872,22.2,2.1,2.6,22.6,25.2,1.00,25.16,0.99909,0.137,287.54,25.20,14,1
19.699,hall_mission,9x4.5,pi5,0.015,0.005,-0.002,0.011,0.004,-0.003,0.012,0.03,-0.06,94.80,0.0015,0.0004,0.0011,0.0010,1447,0.872,22.2,2.1,2.6,22.6,25.2,1.00,25.16,0.99909,0.138,287.54,25.20,14,1
19.747,hall_mission,9x4.5,pi5,0.015,0.006,-0.002,0.011,0.004,-0.003,0.012,0.03,-0.06,94.80,0.0017,0.0003,0.0017,0.0003,1447,0.872,22.2,2.1,2.6,22.6,25.2,1.00,25.16,0.99909,0.138,287.54,25.20,14,1
19.799,hall_mission,9x4.5,pi5,0.015,0.006,-0.002,0.011,0.004,-0.003,0.012,0.03,-0.06,94.80,0.0015,0.0004,0.0012,0.0009,1447,0.872,22.2,2.1,2.6,22.6,25.2,1.00,25.16,0.99908,0.138,287.54,25.20,14,1
19.847,hall_mission,9x4.5,pi5,0.015,0.006,-0.002,0.011,0.004,-0.003,0.012,0.03,-0.06,94.80,0.0015,0.0005,0.0011,0.0009,1447,0.872,22.2,2.1,2.6,22.6,25.2,1.00,25.16,0.99908,0.139,287.53,25.20,14,1
19.899,hall_mission,9x4.5,pi5,0.015,0.006,-0.002,0.011,0.004,-0.003,0.012,0.03,-0.06,94.80,0.0014,0.0006,0.0014,0.0007,1447,0.872,22.2,2.1,2.6,22.6,25.2,1.00,25.16,0.99908,0.139,287.54,25.20,14,1
19.947,hall_mission,9x4.5,pi5,0.016,0.007,-0.001,0.011,0.004,-0.002,0.012,0.03,-0.06,94.80,0.0014,0.0006,0.0015,0.0005,1447,0.872,22.2,2.1,2.6,22.6,25.2,1.00,25.16,0.99908,0.139,287.53,25.20,14,1
19.999,hall_mission,9x4.5,pi5,0.016,0.007,-0.001,0.011,0.004,-0.002,0.012,0.02,-0.06,94.80,0.0016,0.0004,0.0014,0.0006,1447,0.872,22.2,2.1,2.6,22.6,25.2,1.00,25.16,0.99907,0.140,287.53,25.20,14,1
20.047,hall_mission,9x4.5,pi5,0.016,0.007,-0.001,0.011,0.004,-0.002,0.012,0.03,-0.06,94.80,0.0015,0.0005,0.0013,0.0007,1447,0.872,22.2,2.1,2.6,22.6,25.2,1.00,25.16,0.99907,0.140,287.53,25.20,14,1
20.099,hall_mission,9x4.5,pi5,0.016,0.008,-0.000,0.011,0.004,-0.002,0.012,0.03,-0.06,94.80,0.0017,0.0002,0.0013,0.0008,1447,0.872,22.2,2.1,2.6,22.6,25.2,1.00,25.16,0.99907,0.140,287.53,25.20,14,1
20.147,hall_mission,9x4.5,pi5,0.016,0.008,0.001,0.010,0.005,-0.001,0.011,0.03,-0.06,94.80,0.0017,0.0003,0.0013,0.0007,1447,0.872,22.2,2.1,2.6,22.6,25.2,1.00,25.16,0.99907,0.141,287.53,25.20,14,1
20.199,hall_mission,9x4.5,pi5,0.015,0.009,0.002,0.010,0.005,-0.001,0.011,0.03,-0.06,94.80,0.0016,0.0003,0.0012,0.0008,1447,0.872,22.2,2.1,2.6,22.6,25.2,1.00,25.16,0.99907,0.141,287.53,25.20,14,1
20.247,hall_mission,9x4.5,pi5,0.015,0.010,0.003,0.009,0.006,-0.001,0.011,0.03,-0.06,94.81,0.0014,0.0005,0.0013,0.0009,1447,0.872,22.2,2.1,2.6,22.6,25.2,1.00,25.16,0.99906,0.141,287.53,25.20,14,1
20.299,hall_mission,9x4.5,pi5,0.014,0.010,0.003,0.009,0.006,-0.000,0.011,0.03,-0.06,94.81,0.0019,0.0001,0.0015,0.0005,1447,0.872,22.2,2.1,2.6,22.6,25.2,1.00,25.16,0.99906,0.142,287.52,25.20,14,1
20.347,hall_mission,9x4.5,pi5,0.013,0.011,0.004,0.008,0.007,-0.000,0.010,0.03,-0.06,94.81,0.0017,0.0003,0.0015,0.0005,1447,0.872,22.2,2.1,2.6,22.6,25.2,1.00,25.16,0.99906,0.142,287.53,25.20,14,1
20.399,hall_mission,9x4.5,pi5,0.013,0.012,0.004,0.007,0.007,0.000,0.010,0.03,-0.07,94.81,0.0017,0.0003,0.0014,0.0005,1447,0.872,22.2,2.1,2.6,22.6,25.2,1.00,25.16,0.99906,0.142,287.52,25.20,14,1
20.447,hall_mission,9x4.5,pi5,0.012,0.013,0.005,0.007,0.008,-0.000,0.010,0.04,-0.07,94.81,0.0018,0.0002,0.0009,0.0011,1447,0.872,22.2,2.1,2.6,22.6,25.2,1.00,25.16,0.99905,0.143,287.53,25.20,14,1
20.499,hall_mission,9x4.5,pi5,0.012,0.013,0.005,0.006,0.008,-0.000,0.010,0.04,-0.07,94.81,0.0020,0.0001,0.0012,0.0008,1447,0.872,22.2,2.1,2.6,22.6,25.2,1.00,25.16,0.99905,0.143,287.52,25.20,14,1
20.547,hall_mission,9x4.5,pi5,0.011,0.014,0.005,0.006,0.008,0.000,0.010,0.04,-0.06,94.81,0.0018,0.0002,0.0011,0.0009,1447,0.872,22.2,2.1,2.6,22.6,25.2,1.00,25.16,0.99905,0.144,287.52,25.20,14,1
20.599,hall_mission,9x4.5,pi5,0.011,0.015,0.006,0.006,0.009,0.000,0.011,0.04,-0.07,94.81,0.0018,0.0002,0.0014,0.0006,1447,0.872,22.2,2.1,2.6,22.6,25.2,1.00,25.16,0.99905,0.144,287.52,25.20,14,1
20.647,hall_mission,9x4.5,pi5,0.010,0.016,0.006,0.005,0.009,0.000,0.011,0.04,-0.07,94.81,0.0020,0.0000,0.0013,0.0007,1089,0.658,16.8,1.6,1.9,22.6,24.5,0.98,25.16,0.99905,0.144,294.83,25.20,14,1
20.699,hall_mission,9x4.5,pi5,0.010,0.016,0.006,0.005,0.009,0.001,0.011,0.04,-0.07,94.82,0.0014,0.0005,0.0012,0.0009,1447,0.872,22.2,2.1,2.6,22.6,25.2,1.00,25.16,0.99904,0.145,287.52,25.20,14,1
20.747,hall_mission,9x4.5,pi5,0.009,0.017,0.007,0.005,0.010,0.001,0.011,0.04,-0.07,94.82,0.0017,0.0001,0.0017,0.0005,1447,0.872,22.2,2.1,2.6,22.6,25.2,1.00,25.16,0.99904,0.145,287.52,25.20,14,1
20.799,hall_mission,9x4.5,pi5,0.009,0.018,0.007,0.005,0.010,0.001,0.011,0.04,-0.07,94.82,0.0019,0.0000,0.0011,0.0011,1447,0.872,22.2,2.1,2.6,22.6,25.2,1.00,25.16,0.99904,0.145,287.51,25.20,14,1
20.847,hall_mission,9x4.5,pi5,0.008,0.018,0.008,0.005,0.011,0.002,0.012,0.04,-0.07,94.82,0.0017,0.0002,0.0015,0.0007,1447,0.872,22.2,2.1,2.6,22.6,25.2,1.00,25.16,0.99904,0.146,287.52,25.20,14,1
20.899,hall_mission,9x4.5,pi5,0.007,0.019,0.008,0.005,0.010,0.002,0.012,0.04,-0.07,94.82,0.0018,0.0002,0.0008,0.0012,1447,0.872,22.2,2.1,2.6,22.6,25.2,1.00,25.16,0.99903,0.146,287.51,25.20,14,1
20.947,hall_mission,9x4.5,pi5,0.006,0.019,0.009,0.004,0.010,0.002,0.011,0.04,-0.07,94.82,0.0016,0.0004,0.0011,0.0009,1447,0.872,22.2,2.1,2.6,22.6,25.2,1.00,25.16,0.99903,0.146,287.51,25.20,14,1
20.999,hall_mission,9x4.5,pi5,0.006,0.019,0.009,0.004,0.010,0.002,0.011,0.04,-0.07,94.82,0.0020,0.0001,0.0014,0.0006,1447,0.872,22.2,2.1,2.6,22.6,25.2,1.00,25.16,0.99903,0.147,287.51,25.20,14,1
21.047,hall_mission,9x4.5,pi5,0.005,0.019,0.010,0.004,0.010,0.002,0.011,0.04,-0.07,94.82,0.0014,0.0007,0.0012,0.0007,1447,0.872,22.2,2.1,2.6,22.6,25.2,1.00,25.16,0.99903,0.147,287.51,25.20,14,1
21.099,hall_mission,9x4.5,pi5,0.005,0.020,0.010,0.004,0.010,0.002,0.011,0.04,-0.06,94.82,0.0017,0.0003,0.0011,0.0008,1447,0.872,22.2,2.1,2.6,22.6,25.2,1.00,25.16,0.99902,0.147,287.51,25.20,14,1
21.147,hall_mission,9x4.5,pi5,0.005,0.019,0.011,0.005,0.009,0.002,0.011,0.04,-0.06,94.81,0.0014,0.0006,0.0013,0.0008,1447,0.872,22.2,2.1,2.6,22.6,25.2,1.00,25.16,0.99902,0.148,287.51,25.20,14,1
21.199,hall_mission,9x4.5,pi5,0.005,0.019,0.011,0.005,0.009,0.002,0.010,0.03,-0.06,94.81,0.0016,0.0005,0.0009,0.0010,1447,0.872,22.2,2.1,2.6,22.6,25.2,1.00,25.16,0.99902,0.148,287.51,25.20,14,1
21.247,hall_mission,9x4.5,pi5,0.005,0.019,0.011,0.005,0.008,0.002,0.010,0.03,-0.06,94.81,0.0020,0.0000,0.0010,0.0010,1447,0.872,22.2,2.1,2.6,22.6,25.2,1.00,25.16,0.99902,0.148,287.51,25.20,14,1
21.299,hall_mission,9x4.5,pi5,0.005,0.019,0.011,0.006,0.008,0.002,0.010,0.03,-0.06,94.81,0.0015,0.0005,0.0013,0.0007,1447,0.872,22.2,2.1,2.6,22.6,25.2,1.00,25.16,0.99901,0.149,287.51,25.20,14,1
21.347,hall_mission,9x4.5,pi5,0.004,0.018,0.011,0.006,0.007,0.002,0.009,0.03,-0.05,94.81,0.0014,0.0005,0.0009,0.0012,1447,0.872,22.2,2.1,2.6,22.6,25.2,1.00,25.16,0.99901,0.149,287.50,25.20,14,1
21.399,hall_mission,9x4.5,pi5,0.004,0.018,0.011,0.006,0.006,0.002,0.009,0.03,-0.05,94.81,0.0014,0.0006,0.0012,0.0009,1447,0.872,22.2,2.1,2.6,22.6,25.2,1.00,25.16,0.99901,0.149,287.51,25.20,14,1
21.447,hall_mission,9x4.5,pi5,0.004,0.017,0.012,0.006,0.006,0.002,0.009,0.03,-0.05,94.81,0.0018,0.0002,0.0010,0.0010,1447,0.872,22.2,2.1,2.6,22.6,25.2,1.00,25.16,0.99901,0.150,287.50,25.20,14,1
21.499,hall_mission,9x4.5,pi5,0.004,0.017,0.012,0.007,0.006,0.002,0.009,0.03,-0.05,94.81,0.0016,0.0005,0.0013,0.0006,1447,0.872,22.2,2.1,2.6,22.6,25.2,1.00,25.16,0.99901,0.150,287.50,25.20,14,1
21.547,hall_mission,9x4.5,pi5,0.004,0.017,0.012,0.007,0.006,0.002,0.009,0.03,-0.05,94.81,0.0014,0.0005,0.0013,0.0008,1447,0.872,22.2,2.1,2.6,22.6,25.2,1.00,25.16,0.99900,0.150,287.50,25.20,14,1
21.599,hall_mission,9x4.5,pi5,0.004,0.017,0.012,0.007,0.006,0.002,0.009,0.03,-0.05,94.81,0.0017,0.0003,0.0008,0.0012,1447,0.872,22.2,2.1,2.6,22.6,25.2,1.00,25.16,0.99900,0.151,287.50,25.20,14,1
21.647,hall_mission,9x4.5,pi5,0.004,0.017,0.012,0.006,0.006,0.001,0.009,0.03,-0.05,94.81,0.0016,0.0004,0.0014,0.0006,1447,0.872,22.2,2.1,2.6,22.6,25.2,1.00,25.16,0.99900,0.151,287.50,25.20,14,1
21.699,hall_mission,9x4.5,pi5,0.003,0.018,0.012,0.006,0.006,0.001,0.009,0.03,-0.05,94.81,0.0015,0.0005,0.0010,0.0010,1447,0.872,22.2,2.1,2.6,22.6,25.2,1.00,25.16,0.99900,0.152,287.50,25.20,14,1
21.747,hall_mission,9x4.5,pi5,0.002,0.018,0.012,0.005,0.006,0.001,0.008,0.03,-0.05,94.81,0.0017,0.0003,0.0012,0.0009,1447,0.872,22.2,2.1,2.6,22.6,25.2,1.00,25.16,0.99899,0.152,287.49,25.20,14,1
21.799,hall_mission,9x4.5,pi5,0.001,0.018,0.012,0.004,0.007,0.001,0.008,0.04,-0.05,94.81,0.0019,0.0000,0.0012,0.0009,1089,0.658,16.8,1.6,1.9,22.6,24.5,0.98,25.16,0.99899,0.152,294.81,25.20,14,1
21.847,hall_mission,9x4.5,pi5,-0.001,0.018,0.012,0.003,0.006,0.001,0.007,0.04,-0.05,94.81,0.0018,0.0002,0.0010,0.0010,1447,0.872,22.2,2.1,2.6,22.6,25.2,1.00,25.16,0.99899,0.153,287.50,25.20,14,1
21.867,hall_mission,9x4.5,pi5,-0.002,0.018,0.012,0.003,0.006,0.001,0.007,0.04,-0.05,94.81,0.0013,0.0007,0.0013,0.0007,1447,0.872,22.2,2.1,2.6,22.6,25.2,1.00,25.16,0.99899,0.153,287.49,25.20,14,1
21.915,hall_mission,9x4.5,pi5,-0.003,0.018,0.012,0.002,0.006,0.001,0.006,0.04,-0.05,94.81,0.0016,0.0003,0.0010,0.0010,1447,0.872,22.2,2.1,2.6,22.6,25.2,1.00,25.16,0.99899,0.153,287.49,25.20,14,1
21.967,hall_mission,9x4.5,pi5,-0.004,0.018,0.011,0.000,0.006,0.001,0.006,0.05,-0.05,94.82,0.0015,0.0004,0.0015,0.0005,1447,0.872,22.2,2.1,2.6,22.6,25.2,1.00,25.16,0.99898,0.153,287.49,25.20,14,1
22.015,hall_mission,9x4.5,pi5,-0.006,0.018,0.011,-0.000,0.006,0.000,0.006,0.05,-0.05,94.82,0.0016,0.0003,0.0008,0.0012,1447,0.872,22.2,2.1,2.6,22.6,25.2,1.00,25.16,0.99898,0.154,287.49,25.20,14,1
22.067,hall_mission,9x4.5,pi5,-0.007,0.018,0.010,-0.001,0.005,-0.000,0.005,0.05,-0.05,94.81,0.0017,0.0003,0.0012,0.0008,1447,0.872,22.2,2.1,2.6,22.6,25.2,1.00,25.16,0.99898,0.154,287.49,25.20,14,1
22.115,hall_mission,9x4.5,pi5,-0.008,0.018,0.009,-0.002,0.005,-0.001,0.005,0.05,-0.05,94.82,0.0015,0.0005,0.0011,0.0010,1447,0.872,22.2,2.1,2.6,22.6,25.2,1.00,25.16,0.99898,0.154,287.49,25.20,14,1
22.167,hall_mission,9x4.5,pi5,-0.009,0.017,0.008,-0.003,0.004,-0.001,0.005,0.05,-0.05,94.81,0.0018,0.0002,0.0011,0.0010,1447,0.872,22.2,2.1,2.6,22.6,25.2,1.00,25.16,0.99897,0.155,287.49,25.20,14,1
22.215,hall_mission,9x4.5,pi5,-0.010,0.017,0.007,-0.003,0.004,-0.002,0.005,0.05,-0.05,94.81,0.0020,0.0000,0.0013,0.0007,1089,0.658,16.8,1.6,1.9,22.6,24.5,0.98,25.16,0.99897,0.155,294.81,25.20,14,1
22.267,hall_mission,9x4.5,pi5,-0.012,0.016,0.006,-0.004,0.004,-0.002,0.006,0.05,-0.05,94.81,0.0018,0.0002,0.0009,0.0011,1447,0.872,22.2,2.1,2.6,22.6,25.2,1.00,25.16,0.99897,0.156,287.49,25.20,14,1
22.315,hall_mission,9x4.5,pi5,-0.012,0.016,0.005,-0.005,0.003,-0.003,0.006,0.05,-0.05,94.81,0.0018,0.0002,0.0010,0.0010,1447,0.872,22.2,2.1,2.6,22.6,25.2,1.00,25.16,0.99897,0.156,287.49,25.20,14,1
22.367,hall_mission,9x4.5,pi5,-0.013,0.016,0.004,-0.005,0.003,-0.003,0.007,0.05,-0.05,94.81,0.0018,0.0001,0.0008,0.0013,1447,0.872,22.2,2.1,2.6,22.6,25.2,1.00,25.16,0.99897,0.156,287.48,25.20,14,1
22.415,hall_mission,9x4.5,pi5,-0.014,0.016,0.004,-0.005,0.003,-0.003,0.007,0.05,-0.05,94.81,0.0020,0.0000,0.0007,0.0013,1447,0.872,22.2,2.1,2.6,22.6,25.2,1.00,25.16,0.99896,0.157,287.48,25.20,14,1
22.467,hall_mission,9x4.5,pi5,-0.014,0.016,0.002,-0.006,0.003,-0.004,0.008,0.06,-0.05,94.81,0.0020,0.0000,0.0010,0.0009,1447,0.872,22.2,2.1,2.6,22.6,25.2,1.00,25.16,0.99896,0.157,287.48,25.20,14,1
22.515,hall_mission,9x4.5,pi5,-0.015,0.016,0.002,-0.006,0.003,-0.004,0.008,0.05,-0.05,94.81,0.0018,0.0002,0.0007,0.0014,1447,0.872,22.2,2.1,2.6,22.6,25.2,1.00,25.16,0.99896,0.157,287.48,25.20,14,1
22.567,hall_mission,9x4.5,pi5,-0.015,0.016,0.001,-0.006,0.003,-0.004,0.008,0.05,-0.05,94.81,0.0017,0.0003,0.0010,0.0009,1447,0.872,22.2,2.1,2.6,22.6,25.2,1.00,25.16,0.99896,0.158,287.48,25.20,14,1
22.615,hall_mission,9x4.5,pi5,-0.016,0.016,0.000,-0.006,0.003,-0.005,0.009,0.05,-0.05,94.81,0.0020,0.0000,0.0009,0.0010,1447,0.872,22.2,2.1,2.6,22.6,25.2,1.00,25.16,0.99895,0.158,287.48,25.20,14,1
22.667,hall_mission,9x4.5,pi5,-0.016,0.017,-0.001,-0.007,0.004,-0.005,0.009,0.05,-0.05,94.81,0.0017,0.0003,0.0008,0.0012,1447,0.872,22.2,2.1,2.6,22.6,25.2,1.00,25.16,0.99895,0.158,287.48,25.20,14,1
22.715,hall_mission,9x4.5,pi5,-0.017,0.017,-0.001,-0.006,0.004,-0.005,0.009,0.05,-0.05,94.81,0.0014,0.0007,0.0011,0.0008,1447,0.872,22.2,2.1,2.6,22.6,25.2,1.00,25.16,0.99895,0.159,287.47,25.20,14,1
22.767,hall_mission,9x4.5,pi5,-0.017,0.017,-0.002,-0.006,0.004,-0.005,0.009,0.05,-0.05,94.81,0.0016,0.0005,0.0009,0.0010,1447,0.872,22.2,2.1,2.6,22.6,25.2,1.00,25.16,0.99895,0.159,287.47,25.20,14,1
22.815,hall_mission,9x4.5,pi5,-0.017,0.018,-0.002,-0.007,0.004,-0.005,0.009,0.05,-0.05,94.81,0.0019,0.0000,0.0011,0.0009,1447,0.872,22.2,2.1,2.6,22.6,25.2,1.00,25.16,0.99894,0.159,287.47,25.20,14,1
22.867,hall_mission,9x4.5,pi5,-0.018,0.018,-0.003,-0.006,0.005,-0.006,0.010,0.05,-0.05,94.81,0.0017,0.0004,0.0014,0.0005,1447,0.872,22.2,2.1,2.6,22.6,25.2,1.00,25.16,0.99894,0.160,287.47,25.20,14,1
22.915,hall_mission,9x4.5,pi5,-0.018,0.018,-0.003,-0.007,0.005,-0.006,0.010,0.05,-0.05,94.81,0.0021,0.0001,0.0010,0.0008,1447,0.872,22.2,2.1,2.6,22.6,25.2,1.00,25.16,0.99894,0.160,287.47,25.20,14,1
22.963,hall_mission,9x4.5,pi5,-0.019,0.019,-0.003,-0.007,0.005,-0.006,0.010,0.05,-0.05,94.81,0.0020,0.0000,0.0010,0.0009,1447,0.872,22.2,2.1,2.6,22.6,25.2,1.00,25.16,0.99894,0.160,287.47,25.20,14,1
23.015,hall_mission,9x4.5,pi5,-0.019,0.019,-0.004,-0.007,0.006,-0.006,0.011,0.05,-0.06,94.81,0.0019,0.0002,0.0011,0.0008,1447,0.872,22.2,2.1,2.6,22.6,25.2,1.00,25.16,0.99894,0.161,287.47,25.20,14,1
23.067,hall_mission,9x4.5,pi5,-0.020,0.019,-0.004,-0.007,0.006,-0.006,0.011,0.05,-0.06,94.81,0.0015,0.0005,0.0010,0.0009,1447,0.872,22.2,2.1,2.6,22.6,25.2,1.00,25.16,0.99893,0.161,287.47,25.20,14,1
23.115,hall_mission,9x4.5,pi5,-0.020,0.020,-0.005,-0.007,0.006,-0.006,0.011,0.05,-0.06,94.81,0.0016,0.0004,0.0011,0.0010,1447,0.872,22.2,2.1,2.6,22.6,25.2,1.00,25.16,0.99893,0.161,287.47,25.20,14,1
23.167,hall_mission,9x4.5,pi5,-0.020,0.020,-0.005,-0.007,0.007,-0.006,0.011,0.05,-0.06,94.81,0.0018,0.0001,0.0014,0.0007,1447,0.872,22.2,2.1,2.6,22.6,25.2,1.00,25.16,0.99893,0.162,287.47,25.20,14,1
23.215,hall_mission,9x4.5,pi5,-0.020,0.020,-0.006,-0.007,0.007,-0.006,0.011,0.05,-0.06,94.81,0.0018,0.0002,0.0012,0.0008,1447,0.872,22.2,2.1,2.6,22.6,25.2,1.00,25.16,0.99893,0.162,287.47,25.20,14,1
23.267,hall_mission,9x4.5,pi5,-0.020,0.020,-0.007,-0.007,0.006,-0.006,0.011,0.05,-0.06,94.81,0.0018,0.0002,0.0013,0.0008,1447,0.872,22.2,2.1,2.6,22.6,25.2,1.00,25.16,0.99892,0.163,287.46,25.20,14,1
23.315,hall_mission,9x4.5,pi5,-0.020,0.019,-0.007,-0.007,0.006,-0.006,0.011,0.05,-0.06,94.81,0.0020,0.0000,0.0007,0.0013,1447,0.872,22.2,2.1,2.6,22.6,25.2,1.00,25.16,0.99892,0.163,287.47,25.20,14,1
23.367,hall_mission,9x4.5,pi5,-0.020,0.019,-0.008,-0.007,0.005,-0.006,0.010,0.05,-0.06,94.81,0.0017,0.0004,0.0011,0.0008,1447,0.872,22.2,2.1,2.6,22.6,25.2,1.00,25.16,0.99892,0.163,287.46,25.20,14,1
23.415,hall_mission,9x4.5,pi5,-0.020,0.018,-0.008,-0.007,0.005,-0.006,0.010,0.05,-0.06,94.81,0.0018,0.0002,0.0008,0.0011,1447,0.872,22.2,2.1,2.6,22.6,25.2,1.00,25.16,0.99892,0.164,287.46,25.20,14,1
23.467,hall_mission,9x4.5,pi5,-0.020,0.017,-0.008,-0.007,0.005,-0.006,0.010,0.05,-0.05,94.81,0.0017,0.0004,0.0011,0.0008,1447,0.872,22.2,2.1,2.6,22.6,25.2,1.00,25.16,0.99891,0.164,287.46,25.20,14,1
23.515,hall_mission,9x4.5,pi5,-0.020,0.017,-0.008,-0.007,0.004,-0.006,0.010,0.05,-0.05,94.81,0.0018,0.0002,0.0008,0.0012,1447,0.872,22.2,2.1,2.6,22.6,25.2,1.00,25.16,0.99891,0.164,287.46,25.20,14,1
23.567,hall_mission,9x4.5,pi5,-0.021,0.016,-0.008,-0.007,0.004,-0.006,0.010,0.05,-0.05,94.81,0.0015,0.0005,0.0015,0.0006,1447,0.872,22.2,2.1,2.6,22.6,25.2,1.00,25.16,0.99891,0.165,287.46,25.20,14,1
23.615,hall_mission,9x4.5,pi5,-0.021,0.016,-0.008,-0.008,0.004,-0.005,0.010,0.05,-0.05,94.81,0.0019,0.0001,0.0011,0.0009,1447,0.872,22.2,2.1,2.6,22.6,25.2,1.00,25.16,0.99891,0.165,287.45,25.20,14,1
23.667,hall_mission,9x4.5,pi5,-0.022,0.015,-0.008,-0.008,0.003,-0.005,0.010,0.05,-0.05,94.81,0.0020,0.0000,0.0010,0.0010,1089,0.658,16.8,1.6,1.9,22.6,24.5,0.98,25.16,0.99891,0.165,294.77,25.20,14,1
23.715,hall_mission,9x4.5,pi5,-0.022,0.014,-0.008,-0.008,0.002,-0.005,0.010,0.05,-0.05,94.81,0.0018,0.0002,0.0010,0.0010,1447,0.872,22.2,2.1,2.6,22.6,25.2,1.00,25.16,0.99890,0.166,287.46,25.20,14,1
23.767,hall_mission,9x4.5,pi5,-0.022,0.013,-0.008,-0.008,0.002,-0.005,0.010,0.05,-0.05,94.81,0.0017,0.0002,0.0008,0.0013,1447,0.872,22.2,2.1,2.6,22.6,25.2,1.00,25.16,0.99890,0.166,287.45,25.20,14,1
23.815,hall_mission,9x4.5,pi5,-0.023,0.013,-0.007,-0.008,0.001,-0.005,0.010,0.05,-0.05,94.81,0.0016,0.0003,0.0008,0.0013,1447,0.872,22.2,2.1,2.6,22.6,25.2,1.00,25.16,0.99890,0.166,287.46,25.20,14,1
23.867,hall_mission,9x4.5,pi5,-0.023,0.011,-0.007,-0.008,0.000,-0.004,0.009,0.05,-0.05,94.81,0.0017,0.0003,0.0011,0.0009,1447,0.872,22.2,2.1,2.6,22.6,25.2,1.00,25.16,0.99890,0.167,287.45,25.20,14,1
23.915,hall_mission,9x4.5,pi5,-0.023,0.010,-0.006,-0.008,-0.000,-0.004,0.009,0.05,-0.05,94.81,0.0017,0.0003,0.0007,0.0012,1447,0.872,22.2,2.1,2.6,22.6,25.2,1.00,25.16,0.99889,0.167,287.45,25.20,14,1
23.967,hall_mission,9x4.5,pi5,-0.023,0.009,-0.005,-0.008,-0.001,-0.003,0.008,0.06,-0.04,94.81,0.0017,0.0003,0.0010,0.0010,1447,0.872,22.2,2.1,2.6,22.6,25.2,1.00,25.16,0.99889,0.167,287.45,25.20,14,1
24.015,hall_mission,9x4.5,pi5,-0.023,0.009,-0.004,-0.007,-0.001,-0.003,0.008,0.05,-0.04,94.81,0.0020,0.0001,0.0007,0.0013,1447,0.872,22.2,2.1,2.6,22.6,25.2,1.00,25.16,0.99889,0.168,287.45,25.20,14,1
24.067,hall_mission,9x4.5,pi5,-0.023,0.008,-0.003,-0.007,-0.002,-0.002,0.008,0.05,-0.04,94.81,0.0017,0.0004,0.0006,0.0014,1447,0.872,22.2,2.1,2.6,22.6,25.2,1.00,25.16,0.99889,0.168,287.45,25.20,14,1
24.115,hall_mission,9x4.5,pi5,-0.023,0.007,-0.002,-0.007,-0.002,-0.002,0.007,0.06,-0.04,94.81,0.0016,0.0004,0.0012,0.0008,1447,0.872,22.2,2.1,2.6,22.6,25.2,1.00,25.16,0.99888,0.168,287.45,25.20,14,1
24.167,hall_mission,9x4.5,pi5,-0.023,0.006,-0.001,-0.006,-0.003,-0.001,0.007,0.05,-0.04,94.81,0.0019,0.0000,0.0009,0.0012,1447,0.872,22.2,2.1,2.6,22.6,25.2,1.00,25.16,0.99888,0.169,287.45,25.20,14,1
24.215,hall_mission,9x4.5,pi5,-0.023,0.006,-0.000,-0.006,-0.003,-0.001,0.007,0.06,-0.04,94.81,0.0020,0.0000,0.0012,0.0008,1089,0.658,16.8,1.6,1.9,22.6,24.5,0.98,25.16,0.99888,0.169,294.76,25.20,14,1
24.267,hall_mission,9x4.5,pi5,-0.023,0.005,0.001,-0.006,-0.003,-0.000,0.006,0.05,-0.04,94.81,0.0017,0.0002,0.0009,0.0012,1447,0.872,22.2,2.1,2.6,22.6,25.2,1.00,25.16,0.99888,0.169,287.44,25.20,14,1
24.315,hall_mission,9x4.5,pi5,-0.022,0.005,0.002,-0.005,-0.003,-0.000,0.006,0.05,-0.04,94.81,0.0017,0.0003,0.0008,0.0012,1447,0.872,22.2,2.1,2.6,22.6,25.2,1.00,25.16,0.99888,0.170,287.44,25.20,14,1
24.367,hall_mission,9x4.5,pi5,-0.022,0.005,0.004,-0.005,-0.003,0.001,0.006,0.05,-0.04,94.81,0.0016,0.0004,0.0012,0.0008,1447,0.872,22.2,2.1,2.6,22.6,25.2,1.00,25.16,0.99887,0.170,287.44,25.20,14,1
24.415,hall_mission,9x4.5,pi5,-0.022,0.005,0.005,-0.005,-0.003,0.001,0.006,0.05,-0.04,94.81,0.0019,0.0002,0.0009,0.0011,1447,0.872,22.2,2.1,2.6,22.6,25.2,1.00,25.16,0.99887,0.171,287.44,25.20,14,1
24.467,hall_mission,9x4.5,pi5,-0.022,0.004,0.006,-0.004,-0.003,0.002,0.006,0.05,-0.04,94.81,0.0017,0.0002,0.0009,0.0011,1447,0.872,22.2,2.1,2.6,22.6,25.2,1.00,25.16,0.99887,0.171,287.44,25.20,14,1
24.515,hall_mission,9x4.5,pi5,-0.022,0.004,0.007,-0.004,-0.004,0.002,0.006,0.05,-0.04,94.81,0.0018,0.0002,0.0006,0.0014,1447,0.872,22.2,2.1,2.6,22.6,25.2,1.00,25.16,0.99887,0.171,287.44,25.20,14,1
24.567,hall_mission,9x4.5,pi5,-0.022,0.003,0.008,-0.004,-0.004,0.002,0.006,0.05,-0.04,94.81,0.0017,0.0003,0.0011,0.0009,1447,0.872,22.2,2.1,2.6,22.6,25.2,1.00,25.16,0.99886,0.172,287.44,25.20,14,1
24.615,hall_mission,9x4.5,pi5,-0.023,0.003,0.008,-0.004,-0.004,0.002,0.006,0.05,-0.04,94.81,0.0019,0.0000,0.0009,0.0012,1447,0.872,22.2,2.1,2.6,22.6,25.2,1.00,25.16,0.99886,0.172,287.44,25.20,14,1
24.667,hall_mission,9x4.5,pi5,-0.023,0.002,0.009,-0.004,-0.004,0.003,0.006,0.05,-0.04,94.81,0.0018,0.0002,0.0008,0.0012,1447,0.872,22.2,2.1,2.6,22.6,25.2,1.00,25.16,0.99886,0.172,287.44,25.20,14,1
24.715,hall_mission,9x4.5,pi5,-0.023,0.002,0.010,-0.004,-0.004,0.003,0.006,0.05,-0.04,94.81,0.0019,0.0001,0.0008,0.0012,1447,0.872,22.2,2.1,2.6,22.6,25.2,1.00,25.16,0.99886,0.173,287.43,25.20,14,1
24.767,hall_mission,9x4.5,pi5,-0.024,0.002,0.010,-0.004,-0.004,0.004,0.007,0.05,-0.04,94.81,0.0018,0.0002,0.0008,0.0012,1447,0.872,22.2,2.1,2.6,22.6,25.2,1.00,25.16,0.99885,0.173,287.43,25.20,14,1
24.815,hall_mission,9x4.5,pi5,-0.024,0.002,0.011,-0.004,-0.004,0.004,0.007,0.05,-0.04,94.81,0.0020,0.0000,0.0011,0.0009,1447,0.872,22.2,2.1,2.6,22.6,25.2,1.00,25.16,0.99885,0.173,287.43,25.20,14,1
24.867,hall_mission,9x4.5,pi5,-0.025,0.002,0.012,-0.004,-0.004,0.004,0.007,0.05,-0.05,94.81,0.0019,0.0001,0.0014,0.0007,1447,0.872,22.2,2.1,2.6,22.6,25.2,1.00,25.16,0.99885,0.174,287.43,25.20,14,1
24.915,hall_mission,9x4.5,pi5,-0.026,0.001,0.012,-0.005,-0.004,0.004,0.008,0.05,-0.05,94.81,0.0016,0.0004,0.0005,0.0015,1447,0.872,22.2,2.1,2.6,22.6,25.2,1.00,25.16,0.99885,0.174,287.43,25.20,14,1
24.967,hall_mission,9x4.5,pi5,-0.027,0.001,0.013,-0.005,-0.004,0.004,0.008,0.05,-0.05,94.81,0.0019,0.0001,0.0010,0.0010,1447,0.872,22.2,2.1,2.6,22.6,25.2,1.00,25.16,0.99885,0.174,287.43,25.20,14,1
25.015,hall_mission,9x4.5,pi5,-0.027,0.001,0.013,-0.005,-0.004,0.004,0.008,0.05,-0.05,94.81,0.0019,0.0002,0.0010,0.0009,1447,0.872,22.2,2.1,2.6,22.6,25.2,1.00,25.16,0.99884,0.175,287.42,25.20,14,1
25.067,hall_mission,9x4.5,pi5,-0.027,0.000,0.014,-0.005,-0.005,0.005,0.008,0.05,-0.05,94.81,0.0018,0.0003,0.0006,0.0013,1447,0.872,22.2,2.1,2.6,22.6,25.2,1.00,25.16,0.99884,0.175,287.43,25.20,14,1
25.115,hall_mission,9x4.5,pi5,-0.027,-0.000,0.014,-0.005,-0.005,0.005,0.008,0.05,-0.05,94.81,0.0017,0.0003,0.0008,0.0012,1447,0.872,22.2,2.1,2.6,22.6,25.2,1.00,25.16,0.99884,0.175,287.42,25.20,14,1
25.167,hall_mission,9x4.5,pi5,-0.027,-0.001,0.015,-0.004,-0.005,0.005,0.008,0.05,-0.04,94.81,0.0016,0.0004,0.0009,0.0010,1447,0.872,22.2,2.1,2.6,22.6,25.2,1.00,25.16,0.99884,0.176,287.42,25.20,14,1
25.215,hall_mission,9x4.5,pi5,-0.027,-0.002,0.015,-0.004,-0.005,0.005,0.008,0.05,-0.04,94.81,0.0014,0.0006,0.0007,0.0012,1447,0.872,22.2,2.1,2.6,22.6,25.2,1.00,25.16,0.99883,0.176,287.42,25.20,14,1
25.267,hall_mission,9x4.5,pi5,-0.026,-0.003,0.015,-0.003,-0.006,0.005,0.008,0.05,-0.04,94.81,0.0019,0.0002,0.0008,0.0012,1447,0.872,22.2,2.1,2.6,22.6,25.2,1.00,25.16,0.99883,0.176,287.42,25.20,14,1
25.315,hall_mission,9x4.5,pi5,-0.026,-0.003,0.016,-0.003,-0.006,0.005,0.009,0.05,-0.04,94.81,0.0016,0.0006,0.0007,0.0012,1447,0.872,22.2,2.1,2.6,22.6,25.2,1.00,25.16,0.99883,0.177,287.42,25.20,14,1
25.367,hall_mission,9x4.5,pi5,-0.025,-0.004,0.016,-0.002,-0.007,0.005,0.009,0.05,-0.04,94.81,0.0014,0.0007,0.0013,0.0006,1447,0.872,22.2,2.1,2.6,22.6,25.2,1.00,25.16,0.99883,0.177,287.42,25.20,14,1
25.415,hall_mission,9x4.5,pi5,-0.025,-0.005,0.017,-0.002,-0.007,0.005,0.009,0.05,-0.04,94.81,0.0020,0.0001,0.0009,0.0010,1447,0.872,22.2,2.1,2.6,22.6,25.2,1.00,25.16,0.99882,0.178,287.42,25.20,14,1
25.467,hall_mission,9x4.5,pi5,-0.025,-0.005,0.017,-0.002,-0.007,0.005,0.009,0.05,-0.04,94.81,0.0013,0.0008,0.0011,0.0008,1447,0.872,22.2,2.1,2.6,22.6,25.2,1.00,25.16,0.99882,0.178,287.42,25.20,14,1
25.515,hall_mission,9x4.5,pi5,-0.025,-0.006,0.018,-0.002,-0.007,0.005,0.009,0.05,-0.04,94.81,0.0020,0.0001,0.0009,0.0011,1447,0.872,22.2,2.1,2.6,22.6,25.2,1.00,25.16,0.99882,0.178,287.42,25.20,14,1
25.567,hall_mission,9x4.5,pi5,-0.024,-0.006,0.018,-0.001,-0.007,0.006,0.009,0.05,-0.04,94.81,0.0014,0.0007,0.0009,0.0011,1447,0.872,22.2,2.1,2.6,22.6,25.2,1.00,25.16,0.99882,0.179,287.41,25.20,14,1
25.615,hall_mission,9x4.5,pi5,-0.024,-0.006,0.019,-0.001,-0.007,0.006,0.009,0.05,-0.04,94.81,0.0018,0.0002,0.0009,0.0010,1447,0.872,22.2,2.1,2.6,22.6,25.2,1.00,25.16,0.99882,0.179,287.42,25.20,14,1
25.667,hall_mission,9x4.5,pi5,-0.024,-0.007,0.019,-0.001,-0.006,0.006,0.009,0.05,-0.04,94.81,0.0018,0.0003,0.0010,0.0009,1447,0.872,22.2,2.1,2.6,22.6,25.2,1.00,25.16,0.99881,0.179,287.41,25.20,14,1
25.715,hall_mission,9x4.5,pi5,-0.024,-0.006,0.020,-0.001,-0.006,0.006,0.009,0.05,-0.04,94.81,0.0016,0.0004,0.0010,0.0010,1447,0.872,22.2,2.1,2.6,22.6,25.2,1.00,25.16,0.99881,0.180,287.41,25.20,14,1
25.767,hall_mission,9x4.5,pi5,-0.024,-0.006,0.020,-0.001,-0.006,0.006,0.009,0.05,-0.04,94.81,0.0016,0.0005,0.0011,0.0008,1447,0.872,22.2,2.1,2.6,22.6,25.2,1.00,25.16,0.99881,0.180,287.41,25.20,14,1
25.815,hall_mission,9x4.5,pi5,-0.024,-0.006,0.020,-0.001,-0.006,0.006,0.008,0.05,-0.04,94.81,0.0020,0.0000,0.0012,0.0008,1447,0.872,22.2,2.1,2.6,22.6,25.2,1.00,25.16,0.99881,0.180,287.41,25.20,14,1
25.867,hall_mission,9x4.5,pi5,-0.024,-0.005,0.021,-0.002,-0.005,0.007,0.008,0.05,-0.05,94.81,0.0019,0.0001,0.0009,0.0012,1447,0.872,22.2,2.1,2.6,22.6,25.2,1.00,25.16,0.99880,0.181,287.41,25.20,14,1
25.915,hall_mission,9x4.5,pi5,-0.024,-0.005,0.021,-0.002,-0.005,0.007,0.008,0.05,-0.05,94.81,0.0016,0.0005,0.0008,0.0012,1447,0.872,22.2,2.1,2.6,22.6,25.2,1.00,25.16,0.99880,0.181,287.41,25.20,14,1
25.967,hall_mission,9x4.5,pi5,-0.024,-0.004,0.022,-0.002,-0.004,0.007,0.008,0.05,-0.05,94.81,0.0017,0.0002,0.0007,0.0013,1447,0.872,22.2,2.1,2.6,22.6,25.2,1.00,25.16,0.99880,0.181,287.41,25.20,14,1
26.015,hall_mission,9x4.5,pi5,-0.024,-0.004,0.022,-0.001,-0.004,0.007,0.008,0.05,-0.05,94.81,0.0017,0.0002,0.0009,0.0012,1447,0.872,22.2,2.1,2.6,22.6,25.2,1.00,25.16,0.99880,0.182,287.40,25.20,14,1
26.067,hall_mission,9x4.5,pi5,-0.024,-0.002,0.023,-0.001,-0.003,0.007,0.008,0.05,-0.05,94.81,0.0016,0.0004,0.0009,0.0011,1447,0.872,22.2,2.1,2.6,22.6,25.2,1.00,25.16,0.99879,0.182,287.41,25.20,14,1
26.115,hall_mission,9x4.5,pi5,-0.024,-0.002,0.024,-0.001,-0.002,0.007,0.008,0.05,-0.05,94.81,0.0017,0.0004,0.0011,0.0009,1447,0.872,22.2,2.1,2.6,22.6,25.2,1.00,25.16,0.99879,0.182,287.40,25.20,14,1
26.167,hall_mission,9x4.5,pi5,-0.024,-0.001,0.024,-0.002,-0.002,0.007,0.008,0.05,-0.05,94.81,0.0017,0.0003,0.0010,0.0010,1447,0.872,22.2,2.1,2.6,22.6,25.2,1.00,25.16,0.99879,0.183,287.40,25.20,14,1
26.215,hall_mission,9x4.5,pi5,-0.024,-0.000,0.025,-0.002,-0.001,0.008,0.008,0.05,-0.05,94.81,0.0019,0.0001,0.0010,0.0010,1447,0.872,22.2,2.1,2.6,22.6,25.2,1.00,25.16,0.99879,0.183,287.40,25.20,14,1
26.267,hall_mission,9x4.5,pi5,-0.024,0.001,0.027,-0.002,-0.000,0.008,0.008,0.05,-0.05,94.81,0.0018,0.0002,0.0006,0.0014,1447,0.872,22.2,2.1,2.6,22.6,25.2,1.00,25.16,0.99878,0.183,287.40,25.20,14,1
26.315,hall_mission,9x4.5,pi5,-0.024,0.002,0.028,-0.002,0.000,0.008,0.009,0.05,-0.05,94.81,0.0016,0.0003,0.0014,0.0007,1447,0.872,22.2,2.1,2.6,22.6,25.2,1.00,25.16,0.99878,0.184,287.40,25.20,14,1
26.367,hall_mission,9x4.5,pi5,-0.024,0.004,0.029,-0.003,0.001,0.009,0.009,0.05,-0.05,94.81,0.0017,0.0003,0.0010,0.0010,1447,0.872,22.2,2.1,2.6,22.6,25.2,1.00,25.16,0.99878,0.184,287.40,25.20,14,1
26.415,hall_mission,9x4.5,pi5,-0.024,0.004,0.030,-0.003,0.001,0.009,0.010,0.05,-0.05,94.81,0.0017,0.0003,0.0014,0.0006,1447,0.872,22.2,2.1,2.6,22.6,25.2,1.00,25.16,0.99878,0.184,287.40,25.20,14,1
26.467,hall_mission,9x4.5,pi5,-0.025,0.006,0.032,-0.004,0.002,0.010,0.011,0.05,-0.06,94.81,0.0019,0.0001,0.0013,0.0007,1447,0.872,22.2,2.1,2.6,22.6,25.2,1.00,25.16,0.99878,0.185,287.39,25.20,14,1
26.515,hall_mission,9x4.5,pi5,-0.025,0.007,0.033,-0.004,0.002,0.010,0.011,0.05,-0.06,94.81,0.0016,0.0004,0.0009,0.0011,1447,0.872,22.2,2.1,2.6,22.6,25.2,1.00,25.16,0.99877,0.185,287.40,25.20,14,1
26.567,hall_mission,9x4.5,pi5,-0.025,0.008,0.034,-0.005,0.003,0.011,0.012,0.05,-0.06,94.81,0.0020,0.0000,0.0011,0.0009,1447,0.872,22.2,2.1,2.6,22.6,25.2,1.00,25.16,0.99877,0.186,287.39,25.20,14,1
26.615,hall_mission,9x4.5,pi5,-0.025,0.009,0.035,-0.005,0.003,0.011,0.012,0.05,-0.05,94.81,0.0019,0.0001,0.0010,0.0010,1447,0.872,22.2,2.1,2.6,22.6,25.2,1.00,25.16,0.99877,0.186,287.40,25.20,14,1
26.667,hall_mission,9x4.5,pi5,-0.025,0.010,0.036,-0.005,0.004,0.011,0.013,0.06,-0.06,94.81,0.0019,0.0002,0.0011,0.0008,1447,0.872,22.2,2.1,2.6,22.6,25.2,1.00,25.16,0.99877,0.186,287.39,25.20,14,1
26.715,hall_mission,9x4.5,pi5,-0.025,0.011,0.036,-0.005,0.004,0.011,0.013,0.06,-0.06,94.81,0.0019,0.0002,0.0013,0.0007,1447,0.872,22.2,2.1,2.6,22.6,25.2,1.00,25.16,0.99876,0.187,287.39,25.20,14,1
26.767,hall_mission,9x4.5,pi5,-0.025,0.013,0.036,-0.006,0.005,0.011,0.014,0.06,-0.06,94.81,0.0016,0.0004,0.0012,0.0008,1447,0.872,22.2,2.1,2.6,22.6,25.2,1.00,25.16,0.99876,0.187,287.39,25.20,14,1
26.815,hall_mission,9x4.5,pi5,-0.025,0.014,0.036,-0.006,0.005,0.011,0.014,0.06,-0.06,94.81,0.0019,0.0001,0.0011,0.0009,1447,0.872,22.2,2.1,2.6,22.6,25.2,1.00,25.16,0.99876,0.187,287.39,25.20,14,1
26.863,hall_mission,9x4.5,pi5,-0.026,0.014,0.036,-0.007,0.006,0.011,0.014,0.06,-0.06,94.80,0.0020,0.0000,0.0010,0.0009,1447,0.872,22.2,2.1,2.6,22.6,25.2,1.00,25.16,0.99876,0.188,287.39,25.20,14,1
26.915,hall_mission,9x4.5,pi5,-0.026,0.015,0.035,-0.007,0.006,0.010,0.014,0.06,-0.06,94.81,0.0018,0.0002,0.0010,0.0010,1447,0.872,22.2,2.1,2.6,22.6,25.2,1.00,25.16,0.99875,0.188,287.39,25.20,14,1
26.967,hall_mission,9x4.5,pi5,-0.026,0.016,0.034,-0.008,0.006,0.010,0.014,0.06,-0.06,94.81,0.0019,0.0001,0.0007,0.0013,1447,0.872,22.2,2.1,2.6,22.6,25.2,1.00,25.16,0.99875,0.188,287.39,25.20,14,1
27.015,hall_mission,9x4.5,pi5,-0.027,0.016,0.034,-0.008,0.006,0.009,0.014,0.06,-0.06,94.81,0.0016,0.0004,0.0010,0.0010,1447,0.872,22.2,2.1,2.6,22.6,25.2,1.00,25.16,0.99875,0.189,287.38,25.20,14,1
27.067,hall_mission,9x4.5,pi5,-0.028,0.016,0.032,-0.009,0.006,0.009,0.014,0.06,-0.06,94.81,0.0020,0.0000,0.0009,0.0011,1089,0.658,16.8,1.6,1.9,22.6,24.5,0.98,25.16,0.99875,0.189,294.70,25.20,14,1
27.115,hall_mission,9x4.5,pi5,-0.028,0.016,0.031,-0.009,0.006,0.008,0.014,0.06,-0.06,94.81,0.0020,0.0000,0.0012,0.0008,1089,0.658,16.8,1.6,1.9,22.6,24.5,0.98,25.16,0.99875,0.189,294.69,25.20,14,1
27.167,hall_mission,9x4.5,pi5,-0.028,0.015,0.030,-0.009,0.005,0.008,0.013,0.06,-0.06,94.81,0.0017,0.0002,0.0009,0.0011,1447,0.872,22.2,2.1,2.6,22.6,25.2,1.00,25.16,0.99874,0.190,287.38,25.20,14,1
27.215,hall_mission,9x4.5,pi5,-0.029,0.015,0.028,-0.009,0.004,0.007,0.013,0.06,-0.05,94.81,0.0016,0.0003,0.0010,0.0010,1447,0.872,22.2,2.1,2.6,22.6,25.2,1.00,25.16,0.99874,0.190,287.38,25.20,14,1
27.267,hall_mission,9x4.5,pi5,-0.029,0.014,0.026,-0.009,0.004,0.007,0.012,0.06,-0.05,94.81,0.0016,0.0003,0.0011,0.0009,1447,0.872,22.2,2.1,2.6,22.6,25.2,1.00,25.16,0.99874,0.190,287.38,25.20,14,1
27.315,hall_mission,9x4.5,pi5,-0.029,0.014,0.025,-0.009,0.004,0.006,0.012,0.06,-0.05,94.81,0.0018,0.0002,0.0007,0.0013,1447,0.872,22.2,2.1,2.6,22.6,25.2,1.00,25.16,0.99874,0.191,287.38,25.20,14,1
27.367,hall_mission,9x4.5,pi5,-0.029,0.013,0.023,-0.009,0.003,0.006,0.011,0.06,-0.05,94.81,0.0018,0.0002,0.0010,0.0010,1447,0.872,22.2,2.1,2.6,22.6,25.2,1.00,25.16,0.99873,0.191,287.38,25.20,14,1
27.415,hall_mission,9x4.5,pi5,-0.030,0.013,0.022,-0.009,0.003,0.005,0.011,0.06,-0.05,94.81,0.0020,0.0000,0.0012,0.0008,1089,0.658,16.8,1.6,1.9,22.6,24.5,0.98,25.16,0.99873,0.191,294.69,25.20,14,1
27.467,hall_mission,9x4.5,pi5,-0.030,0.012,0.020,-0.009,0.002,0.004,0.010,0.06,-0.05,94.81,0.0015,0.0005,0.0008,0.0011,1447,0.872,22.2,2.1,2.6,22.6,25.2,1.00,25.16,0.99873,0.192,287.37,25.20,14,1
27.515,hall_mission,9x4.5,pi5,-0.030,0.011,0.019,-0.008,0.001,0.004,0.009,0.06,-0.05,94.81,0.0019,0.0001,0.0012,0.0007,1447,0.872,22.2,2.1,2.6,22.6,25.2,1.00,25.16,0.99873,0.192,287.38,25.20,14,1
27.567,hall_mission,9x4.5,pi5,-0.031,0.011,0.017,-0.008,0.001,0.003,0.009,0.06,-0.05,94.81,0.0018,0.0002,0.0008,0.0012,1447,0.872,22.2,2.1,2.6,22.6,25.2,1.00,25.16,0.99872,0.193,287.37,25.20,14,1
27.615,hall_mission,9x4.5,pi5,-0.031,0.010,0.015,-0.008,0.001,0.003,0.009,0.06,-0.05,94.81,0.0019,0.0001,0.0008,0.0012,1447,0.872,22.2,2.1,2.6,22.6,25.2,1.00,25.16,0.99872,0.193,287.37,25.20,14,1
27.663,hall_mission,9x4.5,pi5,-0.032,0.010,0.013,-0.008,0.000,0.002,0.009,0.06,-0.05,94.81,0.0020,0.0000,0.0008,0.0012,1089,0.658,16.8,1.6,1.9,22.6,24.5,0.98,25.16,0.99872,0.193,294.68,25.20,14,1
27.715,hall_mission,9x4.5,pi5,-0.032,0.009,0.011,-0.008,-0.000,0.002,0.008,0.06,-0.05,94.81,0.0019,0.0001,0.0010,0.0010,1447,0.872,22.2,2.1,2.6,22.6,25.2,1.00,25.16,0.99872,0.194,287.37,25.20,14,1
27.767,hall_mission,9x4.5,pi5,-0.033,0.008,0.009,-0.009,-0.001,0.001,0.009,0.06,-0.05,94.81,0.0019,0.0000,0.0012,0.0009,1447,0.872,22.2,2.1,2.6,22.6,25.2,1.00,25.16,0.99872,0.194,287.37,25.20,14,1
27.815,hall_mission,9x4.5,pi5,-0.034,0.008,0.008,-0.009,-0.001,0.001,0.009,0.06,-0.05,94.81,0.0020,0.0000,0.0009,0.0011,1447,0.872,22.2,2.1,2.6,22.6,25.2,1.00,25.16,0.99871,0.194,287.37,25.20,14,1
27.867,hall_mission,9x4.5,pi5,-0.035,0.007,0.005,-0.009,-0.002,0.000,0.009,0.06,-0.04,94.81,0.0017,0.0003,0.0010,0.0010,1447,0.872,22.2,2.1,2.6,22.6,25.2,1.00,25.16,0.99871,0.195,287.37,25.20,14,1
27.915,hall_mission,9x4.5,pi5,-0.035,0.006,0.004,-0.009,-0.002,0.000,0.010,0.06,-0.04,94.81,0.0019,0.0001,0.0008,0.0012,1447,0.872,22.2,2.1,2.6,22.6,25.2,1.00,25.16,0.99871,0.195,287.37,25.20,14,1
27.967,hall_mission,9x4.5,pi5,-0.036,0.006,0.003,-0.009,-0.003,-0.000,0.010,0.06,-0.04,94.81,0.0018,0.0002,0.0009,0.0011,1447,0.872,22.2,2.1,2.6,22.6,25.2,1.00,25.16,0.99871,0.195,287.36,25.20,14,1
28.015,hall_mission,9x4.5,pi5,-0.036,0.005,0.002,-0.009,-0.003,-0.000,0.010,0.06,-0.04,94.81,0.0018,0.0003,0.0009,0.0011,1447,0.872,22.2,2.1,2.6,22.6,25.2,1.00,25.16,0.99870,0.196,287.37,25.20,14,1
28.067,hall_mission,9x4.5,pi5,-0.036,0.004,0.001,-0.010,-0.003,-0.001,0.010,0.06,-0.04,94.81,0.0017,0.0003,0.0010,0.0010,1447,0.872,22.2,2.1,2.6,22.6,25.2,1.00,25.16,0.99870,0.196,287.36,25.20,14,1
28.115,hall_mission,9x4.5,pi5,-0.037,0.004,0.001,-0.010,-0.004,-0.001,0.010,0.06,-0.04,94.81,0.0018,0.0002,0.0006,0.0014,1447,0.872,22.2,2.1,2.6,22.6,25.2,1.00,25.16,0.99870,0.196,287.36,25.20,14,1
28.167,hall_mission,9x4.5,pi5,-0.037,0.003,0.000,-0.010,-0.004,-0.001,0.011,0.06,-0.04,94.81,0.0017,0.0003,0.0008,0.0012,1447,0.872,22.2,2.1,2.6,22.6,25.2,1.00,25.16,0.99870,0.197,287.36,25.20,14,1
28.215,hall_mission,9x4.5,pi5,-0.037,0.003,-0.000,-0.010,-0.005,-0.001,0.011,0.06,-0.04,94.81,0.0015,0.0005,0.0009,0.0011,1447,0.872,22.2,2.1,2.6,22.6,25.2,1.00,25.16,0.99869,0.197,287.36,25.20,14,1
28.267,hall_mission,9x4.5,pi5,-0.038,0.001,-0.001,-0.010,-0.006,-0.001,0.011,0.06,-0.04,94.81,0.0017,0.0003,0.0008,0.0012,1447,0.872,22.2,2.1,2.6,22.6,25.2,1.00,25.16,0.99869,0.197,287.36,25.20,14,1
28.315,hall_mission,9x4.5,pi5,-0.038,0.001,-0.001,-0.010,-0.006,-0.001,0.012,0.06,-0.04,94.81,0.0016,0.0004,0.0011,0.0009,1447,0.872,22.2,2.1,2.6,22.6,25.2,1.00,25.16,0.99869,0.198,287.36,25.20,14,1
28.367,hall_mission,9x4.5,pi5,-0.039,-0.000,-0.002,-0.011,-0.007,-0.001,0.013,0.06,-0.04,94.81,0.0017,0.0003,0.0005,0.0015,1447,0.872,22.2,2.1,2.6,22.6,25.2,1.00,25.16,0.99869,0.198,287.36,25.20,14,1
28.415,hall_mission,9x4.5,pi5,-0.039,-0.001,-0.002,-0.011,-0.008,-0.001,0.014,0.06,-0.03,94.81,0.0016,0.0004,0.0008,0.0013,1447,0.872,22.2,2.1,2.6,22.6,25.2,1.00,25.16,0.99869,0.198,287.36,25.20,14,1
28.467,hall_mission,9x4.5,pi5,-0.040,-0.003,-0.003,-0.011,-0.009,-0.001,0.014,0.06,-0.03,94.81,0.0016,0.0004,0.0008,0.0012,1447,0.872,22.2,2.1,2.6,22.6,25.2,1.00,25.16,0.99868,0.199,287.36,25.20,14,1
28.515,hall_mission,9x4.5,pi5,-0.040,-0.004,-0.003,-0.012,-0.010,-0.001,0.015,0.06,-0.03,94.81,0.0019,0.0000,0.0009,0.0012,1447,0.872,22.2,2.1,2.6,22.6,25.2,1.00,25.16,0.99868,0.199,287.35,25.20,14,1
28.567,hall_mission,9x4.5,pi5,-0.041,-0.005,-0.004,-0.012,-0.010,-0.001,0.016,0.06,-0.03,94.81,0.0020,0.0001,0.0010,0.0010,1447,0.872,22.2,2.1,2.6,22.6,25.2,1.00,25.16,0.99868,0.200,287.36,25.20,14,1
28.615,hall_mission,9x4.5,pi5,-0.041,-0.006,-0.004,-0.011,-0.011,-0.001,0.016,0.06,-0.03,94.81,0.0017,0.0003,0.0008,0.0012,1447,0.872,22.2,2.1,2.6,22.6,25.2,1.00,25.16,0.99868,0.200,287.35,25.20,14,1
28.667,hall_mission,9x4.5,pi5,-0.040,-0.008,-0.004,-0.011,-0.012,-0.002,0.016,0.06,-0.03,94.81,0.0014,0.0005,0.0004,0.0016,1447,0.872,22.2,2.1,2.6,22.6,25.2,1.00,25.16,0.99867,0.200,287.35,25.20,14,1
28.715,hall_mission,9x4.5,pi5,-0.040,-0.009,-0.004,-0.011,-0.012,-0.002,0.017,0.06,-0.03,94.81,0.0017,0.0003,0.0009,0.0011,1447,0.872,22.2,2.1,2.6,22.6,25.2,1.00,25.16,0.99867,0.201,287.35,25.20,14,1
28.767,hall_mission,9x4.5,pi5,-0.039,-0.010,-0.004,-0.011,-0.013,-0.002,0.017,0.06,-0.03,94.81,0.0019,0.0001,0.0010,0.0010,1447,0.872,22.2,2.1,2.6,22.6,25.2,1.00,25.16,0.99867,0.201,287.35,25.20,14,1
28.815,hall_mission,9x4.5,pi5,-0.039,-0.011,-0.005,-0.010,-0.013,-0.001,0.016,0.06,-0.03,94.81,0.0014,0.0006,0.0007,0.0014,1447,0.872,22.2,2.1,2.6,22.6,25.2,1.00,25.16,0.99867,0.201,287.35,25.20,14,1
28.867,hall_mission,9x4.5,pi5,-0.038,-0.012,-0.005,-0.009,-0.013,-0.002,0.016,0.06,-0.03,94.81,0.0018,0.0002,0.0007,0.0013,1447,0.872,22.2,2.1,2.6,22.6,25.2,1.00,25.16,0.99866,0.202,287.35,25.20,14,1
28.915,hall_mission,9x4.5,pi5,-0.037,-0.012,-0.006,-0.009,-0.013,-0.002,0.016,0.06,-0.03,94.81,0.0015,0.0005,0.0007,0.0013,1447,0.872,22.2,2.1,2.6,22.6,25.2,1.00,25.16,0.99866,0.202,287.34,25.20,14,1
28.967,hall_mission,9x4.5,pi5,-0.036,-0.012,-0.007,-0.008,-0.013,-0.002,0.015,0.05,-0.03,94.81,0.0015,0.0005,0.0010,0.0010,1447,0.872,22.2,2.1,2.6,22.6,25.2,1.00,25.16,0.99866,0.202,287.34,25.20,14,1
29.015,hall_mission,9x4.5,pi5,-0.035,-0.012,-0.008,-0.007,-0.012,-0.002,0.014,0.05,-0.03,94.81,0.0019,0.0001,0.0012,0.0008,1447,0.872,22.2,2.1,2.6,22.6,25.2,1.00,25.16,0.99866,0.203,287.34,25.20,14,1
29.067,hall_mission,9x4.5,pi5,-0.033,-0.011,-0.009,-0.005,-0.011,-0.003,0.013,0.05,-0.03,94.81,0.0013,0.0007,0.0009,0.0012,1447,0.872,22.2,2.1,2.6,22.6,25.2,1.00,25.16,0.99866,0.203,287.34,25.20,14,1
29.115,hall_mission,9x4.5,pi5,-0.032,-0.011,-0.010,-0.005,-0.010,-0.003,0.012,0.05,-0.04,94.81,0.0016,0.0004,0.0006,0.0015,1447,0.872,22.2,2.1,2.6,22.6,25.2,1.00,25.16,0.99865,0.203,287.34,25.20,14,1
29.167,hall_mission,9x4.5,pi5,-0.030,-0.010,-0.012,-0.004,-0.009,-0.004,0.011,0.05,-0.04,94.81,0.0017,0.0002,0.0010,0.0010,1447,0.872,22.2,2.1,2.6,22.6,25.2,1.00,25.16,0.99865,0.204,287.34,25.20,14,1
29.215,hall_mission,9x4.5,pi5,-0.029,-0.009,-0.013,-0.003,-0.008,-0.005,0.010,0.05,-0.04,94.82,0.0016,0.0004,0.0006,0.0014,1447,0.872,22.2,2.1,2.6,22.6,25.2,1.00,25.16,0.99865,0.204,287.34,25.20,14,1
29.267,hall_mission,9x4.5,pi5,-0.028,-0.007,-0.014,-0.002,-0.007,-0.005,0.009,0.05,-0.04,94.82,0.0018,0.0002,0.0013,0.0007,1447,0.872,22.2,2.1,2.6,22.6,25.2,1.00,25.16,0.99865,0.204,287.34,25.20,14,1
29.315,hall_mission,9x4.5,pi5,-0.027,-0.006,-0.015,-0.002,-0.006,-0.005,0.008,0.05,-0.05,94.82,0.0018,0.0001,0.0010,0.0010,1447,0.872,22.2,2.1,2.6,22.6,25.2,1.00,25.16,0.99864,0.205,287.34,25.20,14,1
29.367,hall_mission,9x4.5,pi5,-0.026,-0.004,-0.017,-0.001,-0.005,-0.006,0.007,0.04,-0.05,94.82,0.0020,0.0000,0.0011,0.0009,1089,0.658,16.8,1.6,1.9,22.6,24.5,0.98,25.16,0.99864,0.205,294.65,25.20,14,1
29.415,hall_mission,9x4.5,pi5,-0.025,-0.003,-0.018,-0.000,-0.004,-0.006,0.007,0.04,-0.05,94.82,0.0016,0.0003,0.0009,0.0011,1447,0.872,22.2,2.1,2.6,22.6,25.2,1.00,25.16,0.99864,0.205,287.33,25.20,14,1
29.467,hall_mission,9x4.5,pi5,-0.023,-0.001,-0.019,0.001,-0.002,-0.006,0.007,0.04,-0.05,94.82,0.0017,0.0003,0.0007,0.0014,1447,0.872,22.2,2.1,2.6,22.6,25.2,1.00,25.16,0.99864,0.206,287.33,25.20,14,1
29.515,hall_mission,9x4.5,pi5,-0.023,-0.000,-0.020,0.001,-0.002,-0.007,0.007,0.04,-0.05,94.82,0.0014,0.0005,0.0010,0.0010,1447,0.872,22.2,2.1,2.6,22.6,25.2,1.00,25.16,0.99863,0.206,287.33,25.20,14,1
29.567,hall_mission,9x4.5,pi5,-0.022,0.001,-0.021,0.001,-0.001,-0.007,0.007,0.04,-0.05,94.82,0.0016,0.0004,0.0013,0.0007,1447,0.872,22.2,2.1,2.6,22.6,25.2,1.00,25.16,0.99863,0.206,287.33,25.20,14,1
29.615,hall_mission,9x4.5,pi5,-0.021,0.002,-0.022,0.001,-0.001,-0.007,0.007,0.04,-0.05,94.82,0.0019,0.0001,0.0013,0.0006,1447,0.872,22.2,2.1,2.6,22.6,25.2,1.00,25.16,0.99863,0.207,287.33,25.20,14,1
29.667,hall_mission,9x4.5,pi5,-0.021,0.002,-0.023,0.001,-0.000,-0.007,0.007,0.04,-0.06,94.82,0.0015,0.0005,0.0011,0.0009,1447,0.872,22.2,2.1,2.6,22.6,25.2,1.00,25.16,0.99863,0.207,287.33,25.20,14,1
29.715,hall_mission,9x4.5,pi5,-0.021,0.003,-0.023,0.001,-0.000,-0.008,0.008,0.04,-0.06,94.82,0.0019,0.0000,0.0010,0.0011,1447,0.872,22.2,2.1,2.6,22.6,25.2,1.00,25.16,0.99863,0.208,287.33,25.20,14,1
29.767,hall_mission,9x4.5,pi5,-0.022,0.004,-0.024,0.001,0.000,-0.008,0.008,0.04,-0.05,94.82,0.0018,0.0002,0.0013,0.0007,1447,0.872,22.2,2.1,2.6,22.6,25.2,1.00,25.16,0.99862,0.208,287.33,25.20,14,1
29.815,hall_mission,9x4.5,pi5,-0.022,0.004,-0.024,0.000,0.000,-0.008,0.008,0.04,-0.05,94.82,0.0016,0.0004,0.0006,0.0013,1447,0.872,22.2,2.1,2.6,22.6,25.2,1.00,25.16,0.99862,0.208,287.33,25.20,14,1
29.867,hall_mission,9x4.5,pi5,-0.023,0.005,-0.025,-0.000,0.001,-0.008,0.008,0.05,-0.05,94.82,0.0016,0.0004,0.0012,0.0008,1447,0.872,22.2,2.1,2.6,22.6,25.2,1.00,25.16,0.99862,0.209,287.32,25.20,14,1
29.915,hall_mission,9x4.5,pi5,-0.023,0.005,-0.025,-0.000,0.001,-0.008,0.008,0.05,-0.06,94.82,0.0019,0.0000,0.0011,0.0010,1447,0.872,22.2,2.1,2.6,22.6,25.2,1.00,25.16,0.99862,0.209,287.33,25.20,14,1
29.967,hall_mission,9x4.5,pi5,-0.023,0.006,-0.025,-0.000,0.001,-0.008,0.008,0.05,-0.05,94.82,0.0018,0.0002,0.0010,0.0009,1447,0.872,22.2,2.1,2.6,22.6,25.2,1.00,25.16,0.99861,0.209,287.32,25.20,14,1
30.015,hall_mission,9x4.5,pi5,-0.024,0.006,-0.025,-0.001,0.001,-0.008,0.008,0.05,-0.05,94.82,0.0019,0.0002,0.0012,0.0008,1447,0.872,22.2,2.1,2.6,22.6,25.2,1.00,25.16,0.99861,0.210,287.32,25.20,14,1
30.067,hall_mission,9x4.5,pi5,-0.024,0.007,-0.025,-0.000,0.001,-0.007,0.008,0.05,-0.05,94.82,0.0015,0.0006,0.0010,0.0009,1447,0.872,22.2,2.1,2.6,22.6,25.2,1.00,25.16,0.99861,0.210,287.32,25.20,14,1
30.115,hall_mission,9x4.5,pi5,-0.024,0.007,-0.025,-0.000,0.001,-0.007,0.008,0.05,-0.05,94.82,0.0018,0.0003,0.0010,0.0009,1447,0.872,22.2,2.1,2.6,22.6,25.2,1.00,25.16,0.99861,0.210,287.32,25.20,14,1
30.167,hall_mission,9x4.5,pi5,-0.024,0.007,-0.025,-0.000,0.001,-0.007,0.007,0.05,-0.05,94.82,0.0019,0.0001,0.0010,0.0010,1447,0.872,22.2,2.1,2.6,22.6,25.2,1.00,25.16,0.99860,0.211,287.32,25.20,14,1
30.215,hall_mission,9x4.5,pi5,-0.024,0.008,-0.025,-0.000,0.002,-0.007,0.007,0.05,-0.06,94.82,0.0017,0.0002,0.0010,0.0011,1447,0.872,22.2,2.1,2.6,22.6,25.2,1.00,25.16,0.99860,0.211,287.32,25.20,14,1
30.267,hall_mission,9x4.5,pi5,-0.024,0.009,-0.024,0.000,0.002,-0.007,0.007,0.04,-0.06,94.82,0.0017,0.0003,0.0011,0.0009,1447,0.872,22.2,2.1,2.6,22.6,25.2,1.00,25.16,0.99860,0.211,287.32,25.20,14,1
30.315,hall_mission,9x4.5,pi5,-0.023,0.009,-0.024,0.001,0.002,-0.007,0.007,0.04,-0.06,94.82,0.0016,0.0004,0.0010,0.0009,1447,0.872,22.2,2.1,2.6,22.6,25.2,1.00,25.16,0.99860,0.212,287.31,25.20,14,1
30.367,hall_mission,9x4.5,pi5,-0.023,0.010,-0.024,0.001,0.003,-0.007,0.007,0.04,-0.06,94.82,0.0018,0.0002,0.0009,0.0011,1447,0.872,22.2,2.1,2.6,22.6,25.2,1.00,25.16,0.99860,0.212,287.32,25.20,14,1
30.415,hall_mission,9x4.5,pi5,-0.023,0.010,-0.024,0.001,0.003,-0.006,0.007,0.04,-0.05,94.82,0.0017,0.0003,0.0011,0.0009,1447,0.872,22.2,2.1,2.6,22.6,25.2,1.00,25.16,0.99859,0.212,287.31,25.20,14,1
30.467,hall_mission,9x4.5,pi5,-0.022,0.010,-0.024,0.002,0.003,-0.006,0.007,0.04,-0.06,94.82,0.0018,0.0002,0.0013,0.0007,1447,0.872,22.2,2.1,2.6,22.6,25.2,1.00,25.16,0.99859,0.213,287.31,25.20,14,1
30.515,hall_mission,9x4.5,pi5,-0.022,0.010,-0.024,0.002,0.003,-0.006,0.007,0.04,-0.05,94.82,0.0018,0.0002,0.0012,0.0008,1447,0.872,22.2,2.1,2.6,22.6,25.2,1.00,25.16,0.99859,0.213,287.31,25.20,14,1
30.567,hall_mission,9x4.5,pi5,-0.021,0.010,-0.024,0.003,0.002,-0.006,0.007,0.04,-0.05,94.82,0.0019,0.0002,0.0010,0.0010,1447,0.872,22.2,2.1,2.6,22.6,25.2,1.00,25.16,0.99859,0.213,287.31,25.20,14,1
30.615,hall_mission,9x4.5,pi5,-0.020,0.010,-0.024,0.003,0.002,-0.006,0.007,0.04,-0.05,94.82,0.0018,0.0002,0.0008,0.0011,1447,0.872,22.2,2.1,2.6,22.6,25.2,1.00,25.16,0.99858,0.214,287.31,25.20,14,1
30.667,hall_mission,9x4.5,pi5,-0.019,0.010,-0.025,0.004,0.002,-0.006,0.007,0.04,-0.05,94.81,0.0018,0.0003,0.0012,0.0007,1447,0.872,22.2,2.1,2.6,22.6,25.2,1.00,25.16,0.99858,0.214,287.31,25.20,14,1
30.715,hall_mission,9x4.5,pi5,-0.018,0.010,-0.025,0.004,0.002,-0.006,0.007,0.04,-0.05,94.81,0.0017,0.0004,0.0013,0.0005,1447,0.872,22.2,2.1,2.6,22.6,25.2,1.00,25.16,0.99858,0.215,287.31,25.20,14,1
30.767,hall_mission,9x4.5,pi5,-0.018,0.010,-0.025,0.004,0.001,-0.006,0.007,0.04,-0.05,94.81,0.0016,0.0006,0.0010,0.0008,1447,0.872,22.2,2.1,2.6,22.6,25.2,1.00,25.16,0.99858,0.215,287.30,25.20,14,1
30.815,hall_mission,9x4.5,pi5,-0.017,0.009,-0.025,0.005,0.001,-0.006,0.008,0.04,-0.05,94.81,0.0015,0.0006,0.0009,0.0010,1447,0.872,22.2,2.1,2.6,22.6,25.2,1.00,25.16,0.99857,0.215,287.31,25.20,14,1
30.867,hall_mission,9x4.5,pi5,-0.016,0.009,-0.026,0.005,0.001,-0.006,0.008,0.04,-0.05,94.81,0.0017,0.0004,0.0009,0.0010,1447,0.872,22.2,2.1,2.6,22.6,25.2,1.00,25.16,0.99857,0.216,287.30,25.20,14,1
30.915,hall_mission,9x4.5,pi5,-0.016,0.008,-0.026,0.005,0.000,-0.006,0.008,0.04,-0.05,94.81,0.0019,0.0002,0.0016,0.0003,1447,0.872,22.2,2.1,2.6,22.6,25.2,1.00,25.16,0.99857,0.216,287.30,25.20,14,1
30.967,hall_mission,9x4.5,pi5,-0.015,0.008,-0.027,0.005,-0.001,-0.006,0.008,0.04,-0.05,94.81,0.0015,0.0006,0.0011,0.0008,1447,0.872,22.2,2.1,2.6,22.6,25.2,1.00,25.16,0.99857,0.216,287.30,25.20,14,1
31.015,hall_mission,9x4.5,pi5,-0.015,0.007,-0.027,0.006,-0.001,-0.007,0.009,0.04,-0.05,94.81,0.0017,0.0005,0.0010,0.0008,1447,0.872,22.2,2.1,2.6,22.6,25.2,1.00,25.16,0.99857,0.217,287.30,25.20,14,1
31.067,hall_mission,9x4.5,pi5,-0.014,0.007,-0.028,0.006,-0.001,-0.007,0.009,0.04,-0.04,94.81,0.0016,0.0005,0.0011,0.0008,1447,0.872,22.2,2.1,2.6,22.6,25.2,1.00,25.16,0.99856,0.217,287.30,25.20,14,1
31.115,hall_mission,9x4.5,pi5,-0.014,0.006,-0.028,0.006,-0.002,-0.007,0.009,0.04,-0.04,94.80,0.0013,0.0007,0.0010,0.0010,1447,0.872,22.2,2.1,2.6,22.6,25.2,1.00,25.16,0.99856,0.217,287.30,25.20,14,1
31.167,hall_mission,9x4.5,pi5,-0.014,0.005,-0.029,0.006,-0.002,-0.007,0.010,0.04,-0.04,94.80,0.0015,0.0005,0.0010,0.0010,1447,0.872,22.2,2.1,2.6,22.6,25.2,1.00,25.16,0.99856,0.218,287.30,25.20,14,1
31.215,hall_mission,9x4.5,pi5,-0.014,0.004,-0.029,0.006,-0.003,-0.007,0.010,0.04,-0.04,94.80,0.0016,0.0005,0.0008,0.0012,1447,0.872,22.2,2.1,2.6,22.6,25.2,1.00,25.16,0.99856,0.218,287.30,25.20,14,1
31.267,hall_mission,9x4.5,pi5,-0.013,0.003,-0.028,0.006,-0.003,-0.007,0.010,0.03,-0.04,94.80,0.0015,0.0005,0.0009,0.0011,1447,0.872,22.2,2.1,2.6,22.6,25.2,1.00,25.16,0.99855,0.218,287.30,25.20,14,1
31.315,hall_mission,9x4.5,pi5,-0.013,0.003,-0.028,0.006,-0.004,-0.007,0.010,0.03,-0.04,94.80,0.0015,0.0005,0.0011,0.0009,1447,0.872,22.2,2.1,2.6,22.6,25.2,1.00,25.16,0.99855,0.219,287.29,25.20,14,1
31.367,hall_mission,9x4.5,pi5,-0.013,0.002,-0.028,0.006,-0.004,-0.007,0.010,0.04,-0.04,94.80,0.0018,0.0002,0.0013,0.0008,1447,0.872,22.2,2.1,2.6,22.6,25.2,1.00,25.16,0.99855,0.219,287.30,25.20,14,1
31.415,hall_mission,9x4.5,pi5,-0.013,0.001,-0.027,0.006,-0.004,-0.007,0.010,0.04,-0.04,94.80,0.0017,0.0003,0.0015,0.0005,1447,0.872,22.2,2.1,2.6,22.6,25.2,1.00,25.16,0.99855,0.219,287.29,25.20,14,1
31.467,hall_mission,9x4.5,pi5,-0.013,0.001,-0.027,0.006,-0.005,-0.006,0.010,0.04,-0.04,94.80,0.0013,0.0007,0.0011,0.0008,1447,0.872,22.2,2.1,2.6,22.6,25.2,1.00,25.16,0.99854,0.220,287.29,25.20,14,1
31.515,hall_mission,9x4.5,pi5,-0.012,0.000,-0.027,0.006,-0.004,-0.006,0.010,0.04,-0.04,94.80,0.0017,0.0003,0.0010,0.0010,1447,0.872,22.2,2.1,2.6,22.6,25.2,1.00,25.16,0.99854,0.220,287.29,25.20,14,1
31.567,hall_mission,9x4.5,pi5,-0.012,0.000,-0.026,0.006,-0.004,-0.006,0.009,0.04,-0.04,94.81,0.0019,0.0001,0.0008,0.0013,1447,0.872,22.2,2.1,2.6,22.6,25.2,1.00,25.16,0.99854,0.220,287.29,25.20,14,1
31.615,hall_mission,9x4.5,pi5,-0.011,0.001,-0.026,0.006,-0.003,-0.006,0.009,0.04,-0.04,94.81,0.0018,0.0002,0.0008,0.0011,1447,0.872,22.2,2.1,2.6,22.6,25.2,1.00,25.16,0.99854,0.221,287.29,25.20,14,1
31.667,hall_mission,9x4.5,pi5,-0.011,0.002,-0.026,0.007,-0.002,-0.006,0.009,0.04,-0.05,94.81,0.0013,0.0008,0.0011,0.0008,1447,0.872,22.2,2.1,2.6,22.6,25.2,1.00,25.16,0.99854,0.221,287.29,25.20,14,1
31.715,hall_mission,9x4.5,pi5,-0.011,0.002,-0.026,0.007,-0.002,-0.006,0.009,0.04,-0.05,94.81,0.0019,0.0001,0.0012,0.0008,1447,0.872,22.2,2.1,2.6,22.6,25.2,1.00,25.16,0.99853,0.222,287.29,25.20,14,1
31.767,hall_mission,9x4.5,pi5,-0.010,0.003,-0.027,0.007,-0.001,-0.006,0.009,0.03,-0.05,94.82,0.0014,0.0006,0.0010,0.0011,1447,0.872,22.2,2.1,2.6,22.6,25.2,1.00,25.16,0.99853,0.222,287.28,25.20,14,1
31.815,hall_mission,9x4.5,pi5,-0.010,0.004,-0.027,0.007,-0.000,-0.006,0.009,0.03,-0.05,94.82,0.0014,0.0006,0.0011,0.0009,1447,0.872,22.2,2.1,2.6,22.6,25.2,1.00,25.16,0.99853,0.222,287.28,25.20,14,1
31.867,hall_mission,9x4.5,pi5,-0.010,0.005,-0.028,0.006,0.000,-0.006,0.009,0.03,-0.05,94.82,0.0019,0.0000,0.0013,0.0008,1447,0.872,22.2,2.1,2.6,22.6,25.2,1.00,25.16,0.99853,0.223,287.28,25.20,14,1
31.915,hall_mission,9x4.5,pi5,-0.010,0.005,-0.029,0.006,0.001,-0.006,0.009,0.03,-0.05,94.82,0.0015,0.0005,0.0011,0.0009,1447,0.872,22.2,2.1,2.6,22.6,25.2,1.00,25.16,0.99852,0.223,287.28,25.20,14,1
31.967,hall_mission,9x4.5,pi5,-0.010,0.006,-0.029,0.006,0.001,-0.006,0.009,0.03,-0.06,94.82,0.0019,0.0002,0.0011,0.0009,1447,0.872,22.2,2.1,2.6,22.6,25.2,1.00,25.16,0.99852,0.223,287.28,25.20,14,1
32.015,hall_mission,9x4.5,pi5,-0.010,0.007,-0.030,0.006,0.002,-0.006,0.009,0.03,-0.06,94.82,0.0017,0.0002,0.0014,0.0007,1447,0.872,22.2,2.1,2.6,22.6,25.2,1.00,25.16,0.99852,0.224,287.28,25.20,14,1
32.067,hall_mission,9x4.5,pi5,-0.010,0.007,-0.031,0.006,0.002,-0.007,0.009,0.03,-0.06,94.82,0.0016,0.0004,0.0009,0.0011,1447,0.872,22.2,2.1,2.6,22.6,25.2,1.00,25.16,0.99852,0.224,287.28,25.20,14,1
32.115,hall_mission,9x4.5,pi5,-0.010,0.008,-0.031,0.006,0.002,-0.007,0.009,0.04,-0.06,94.82,0.0016,0.0003,0.0012,0.0009,1447,0.872,22.2,2.1,2.6,22.6,25.2,1.00,25.16,0.99851,0.224,287.28,25.20,14,1
32.167,hall_mission,9x4.5,pi5,-0.009,0.008,-0.032,0.006,0.002,-0.006,0.009,0.04,-0.05,94.82,0.0016,0.0003,0.0012,0.0008,1447,0.872,22.2,2.1,2.6,22.6,25.2,1.00,25.16,0.99851,0.225,287.28,25.20,14,1
32.215,hall_mission,9x4.5,pi5,-0.009,0.008,-0.032,0.006,0.002,-0.006,0.009,0.04,-0.05,94.82,0.0016,0.0003,0.0012,0.0009,1447,0.872,22.2,2.1,2.6,22.6,25.2,1.00,25.16,0.99851,0.225,287.28,25.20,14,1
32.267,hall_mission,9x4.5,pi5,-0.009,0.009,-0.032,0.006,0.003,-0.006,0.009,0.04,-0.05,94.82,0.0017,0.0003,0.0010,0.0011,1447,0.872,22.2,2.1,2.6,22.6,25.2,1.00,25.16,0.99851,0.225,287.28,25.20,14,1
32.315,hall_mission,9x4.5,pi5,-0.009,0.009,-0.033,0.006,0.003,-0.006,0.009,0.04,-0.05,94.82,0.0018,0.0003,0.0011,0.0008,1447,0.872,22.2,2.1,2.6,22.6,25.2,1.00,25.16,0.99851,0.226,287.27,25.20,14,1
33.499,hall_mission,9x4.5,pi5,-0.008,0.010,-0.033,0.006,0.003,-0.006,0.009,0.04,-0.05,94.82,0.0018,0.0003,0.0008,0.0010,1447,0.872,22.2,2.1,2.6,22.6,25.2,1.00,25.16,0.99845,0.234,287.25,25.20,14,1
33.547,hall_mission,9x4.5,pi5,-0.008,0.010,-0.033,0.006,0.003,-0.006,0.009,0.04,-0.05,94.82,0.0018,0.0003,0.0009,0.0010,1447,0.872,22.2,2.1,2.6,22.6,25.2,1.00,25.16,0.99845,0.234,287.25,25.20,14,1
33.599,hall_mission,9x4.5,pi5,-0.007,0.010,-0.034,0.006,0.003,-0.006,0.009,0.04,-0.05,94.82,0.0017,0.0004,0.0008,0.0011,1447,0.872,22.2,2.1,2.6,22.6,25.2,1.00,25.16,0.99845,0.235,287.25,25.20,14,1
33.647,hall_mission,9x4.5,pi5,-0.007,0.010,-0.034,0.006,0.003,-0.006,0.009,0.04,-0.05,94.82,0.0015,0.0005,0.0011,0.0009,1447,0.872,22.2,2.1,2.6,22.6,25.2,1.00,25.16,0.99844,0.235,287.24,25.20,14,1
33.699,hall_mission,9x4.5,pi5,-0.007,0.009,-0.034,0.006,0.003,-0.006,0.009,0.04,-0.05,94.82,0.0017,0.0003,0.0011,0.0009,1447,0.872,22.2,2.1,2.6,22.6,25.2,1.00,25.16,0.99844,0.235,287.25,25.20,14,1
33.747,hall_mission,9x4.5,pi5,-0.006,0.009,-0.034,0.006,0.003,-0.005,0.008,0.04,-0.05,94.82,0.0019,0.0000,0.0011,0.0010,1447,0.872,22.2,2.1,2.6,22.6,25.2,1.00,25.16,0.99844,0.236,287.24,25.20,14,1
33.799,hall_mission,9x4.5,pi5,-0.006,0.008,-0.035,0.006,0.002,-0.005,0.008,0.04,-0.05,94.82,0.0016,0.0003,0.0014,0.0006,1447,0.872,22.2,2.1,2.6,22.6,25.2,1.00,25.16,0.99844,0.236,287.24,25.20,14,1
33.847,hall_mission,9x4.5,pi5,-0.005,0.008,-0.035,0.006,0.002,-0.005,0.008,0.04,-0.05,94.82,0.0019,0.0000,0.0009,0.0012,1089,0.658,16.8,1.6,1.9,22.6,24.5,0.98,25.16,0.99843,0.236,294.55,25.20,14,1
33.899,hall_mission,9x4.5,pi5,-0.004,0.008,-0.036,0.006,0.002,-0.005,0.008,0.04,-0.05,94.82,0.0016,0.0004,0.0009,0.0011,1447,0.872,22.2,2.1,2.6,22.6,25.2,1.00,25.16,0.99843,0.237,287.24,25.20,14,1
33.947,hall_mission,9x4.5,pi5,-0.004,0.008,-0.036,0.006,0.002,-0.005,0.008,0.04,-0.05,94.82,0.0018,0.0003,0.0010,0.0010,1447,0.872,22.2,2.1,2.6,22.6,25.2,1.00,25.16,0.99843,0.237,287.24,25.20,14,1
33.999,hall_mission,9x4.5,pi5,-0.003,0.009,-0.037,0.006,0.003,-0.005,0.009,0.04,-0.05,94.82,0.0018,0.0002,0.0013,0.0007,1447,0.872,22.2,2.1,2.6,22.6,25.2,1.00,25.16,0.99843,0.237,287.24,25.20,14,1
34.047,hall_mission,9x4.5,pi5,-0.002,0.010,-0.037,0.006,0.003,-0.005,0.009,0.04,-0.05,94.82,0.0018,0.0002,0.0011,0.0009,1447,0.872,22.2,2.1,2.6,22.6,25.2,1.00,25.16,0.99842,0.238,287.24,25.20,14,1
34.099,hall_mission,9x4.5,pi5,-0.001,0.011,-0.037,0.006,0.004,-0.005,0.009,0.04,-0.05,94.83,0.0017,0.0003,0.0011,0.0009,1447,0.872,22.2,2.1,2.6,22.6,25.2,1.00,25.16,0.99842,0.238,287.24,25.20,14,1
34.147,hall_mission,9x4.5,pi5,-0.001,0.011,-0.038,0.006,0.004,-0.005,0.009,0.04,-0.06,94.83,0.0017,0.0002,0.0013,0.0008,1447,0.872,22.2,2.1,2.6,22.6,25.2,1.00,25.16,0.99842,0.239,287.24,25.20,14,1
34.199,hall_mission,9x4.5,pi5,0.000,0.013,-0.038,0.006,0.005,-0.006,0.010,0.04,-0.06,94.83,0.0017,0.0003,0.0012,0.0008,1447,0.872,22.2,2.1,2.6,22.6,25.2,1.00,25.16,0.99842,0.239,287.23,25.20,14,1
34.247,hall_mission,9x4.5,pi5,0.001,0.013,-0.037,0.006,0.006,-0.005,0.010,0.04,-0.06,94.83,0.0018,0.0002,0.0012,0.0008,1447,0.872,22.2,2.1,2.6,22.6,25.2,1.00,25.16,0.99842,0.239,287.23,25.20,14,1
34.299,hall_mission,9x4.5,pi5,0.002,0.015,-0.037,0.006,0.006,-0.005,0.010,0.04,-0.06,94.84,0.0017,0.0002,0.0012,0.0009,1447,0.872,22.2,2.1,2.6,22.6,25.2,1.00,25.16,0.99841,0.240,287.23,25.20,14,1
34.347,hall_mission,9x4.5,pi5,0.002,0.016,-0.037,0.006,0.007,-0.005,0.011,0.04,-0.06,94.84,0.0015,0.0005,0.0014,0.0007,1447,0.872,22.2,2.1,2.6,22.6,25.2,1.00,25.16,0.99841,0.240,287.23,25.20,14,1
34.399,hall_mission,9x4.5,pi5,0.003,0.017,-0.037,0.006,0.008,-0.005,0.011,0.04,-0.06,94.84,0.0020,0.0000,0.0011,0.0009,1089,0.658,16.8,1.6,1.9,22.6,24.5,0.98,25.16,0.99841,0.240,294.54,25.20,14,1
34.447,hall_mission,9x4.5,pi5,0.003,0.018,-0.036,0.005,0.009,-0.005,0.012,0.04,-0.06,94.84,0.0018,0.0001,0.0012,0.0009,1447,0.872,22.2,2.1,2.6,22.6,25.2,1.00,25.16,0.99841,0.241,287.23,25.20,14,1
34.499,hall_mission,9x4.5,pi5,0.003,0.020,-0.036,0.005,0.010,-0.005,0.012,0.04,-0.07,94.85,0.0018,0.0001,0.0011,0.0009,1447,0.872,22.2,2.1,2.6,22.6,25.2,1.00,25.16,0.99840,0.241,287.23,25.20,14,1
34.547,hall_mission,9x4.5,pi5,0.003,0.021,-0.036,0.004,0.011,-0.005,0.013,0.04,-0.07,94.85,0.0016,0.0003,0.0013,0.0007,1447,0.872,22.2,2.1,2.6,22.6,25.2,1.00,25.16,0.99840,0.241,287.23,25.20,14,1
34.599,hall_mission,9x4.5,pi5,0.003,0.023,-0.036,0.003,0.012,-0.005,0.014,0.04,-0.07,94.85,0.0017,0.0001,0.0011,0.0010,1447,0.872,22.2,2.1,2.6,22.6,25.2,1.00,25.16,0.99840,0.242,287.22,25.20,14,1
34.647,hall_mission,9x4.5,pi5,0.002,0.024,-0.036,0.003,0.013,-0.005,0.014,0.04,-0.07,94.85,0.0020,0.0000,0.0014,0.0006,1089,0.658,16.8,1.6,1.9,22.6,24.5,0.98,25.16,0.99840,0.242,294.54,25.20,14,1
34.695,hall_mission,9x4.5,pi5,0.002,0.025,-0.035,0.002,0.014,-0.005,0.015,0.05,-0.07,94.85,0.0017,0.0003,0.0013,0.0007,1447,0.872,22.2,2.1,2.6,22.6,25.2,1.00,25.16,0.99839,0.242,287.23,25.20,14,1
34.747,hall_mission,9x4.5,pi5,0.001,0.026,-0.035,0.002,0.014,-0.005,0.015,0.05,-0.08,94.86,0.0018,0.0002,0.0013,0.0007,1447,0.872,22.2,2.1,2.6,22.6,25.2,1.00,25.16,0.99839,0.243,287.22,25.20,14,1
34.799,hall_mission,9x4.5,pi5,0.001,0.027,-0.034,0.001,0.014,-0.005,0.015,0.05,-0.08,94.86,0.0017,0.0002,0.0010,0.0011,1447,0.872,22.2,2.1,2.6,22.6,25.2,1.00,25.16,0.99839,0.243,287.22,25.20,14,1
34.847,hall_mission,9x4.5,pi5,0.000,0.027,-0.034,0.000,0.014,-0.005,0.015,0.05,-0.08,94.86,0.0019,0.0001,0.0015,0.0005,1447,0.872,22.2,2.1,2.6,22.6,25.2,1.00,25.16,0.99839,0.243,287.22,25.20,14,1
34.899,hall_mission,9x4.5,pi5,-0.000,0.027,-0.034,-0.000,0.015,-0.005,0.015,0.05,-0.08,94.86,0.0020,0.0000,0.0014,0.0006,1447,0.872,22.2,2.1,2.6,22.6,25.2,1.00,25.16,0.99839,0.244,287.21,25.20,14,1
34.947,hall_mission,9x4.5,pi5,-0.000,0.028,-0.034,-0.001,0.015,-0.004,0.015,0.05,-0.08,94.86,0.0017,0.0003,0.0015,0.0004,1447,0.872,22.2,2.1,2.6,22.6,25.2,1.00,25.16,0.99838,0.244,287.22,25.20,14,1
34.999,hall_mission,9x4.5,pi5,-0.001,0.027,-0.034,-0.001,0.014,-0.004,0.015,0.05,-0.07,94.86,0.0018,0.0003,0.0011,0.0008,1447,0.872,22.2,2.1,2.6,22.6,25.2,1.00,25.16,0.99838,0.244,287.21,25.20,14,1
35.047,hall_mission,9x4.5,pi5,-0.001,0.027,-0.035,-0.001,0.014,-0.005,0.015,0.05,-0.07,94.85,0.0021,0.0001,0.0015,0.0003,1447,0.872,22.2,2.1,2.6,22.6,25.2,1.00,25.16,0.99838,0.245,287.21,25.20,14,1
35.099,hall_mission,9x4.5,pi5,-0.000,0.027,-0.035,-0.001,0.014,-0.005,0.014,0.04,-0.07,94.85,0.0019,0.0002,0.0011,0.0009,1447,0.872,22.2,2.1,2.6,22.6,25.2,1.00,25.16,0.99838,0.245,287.21,25.20,14,1
35.147,hall_mission,9x4.5,pi5,-0.000,0.027,-0.035,-0.001,0.013,-0.005,0.014,0.04,-0.07,94.85,0.0020,0.0000,0.0012,0.0008,1447,0.872,22.2,2.1,2.6,22.6,25.2,1.00,25.16,0.99837,0.245,287.21,25.20,14,1
35.199,hall_mission,9x4.5,pi5,0.000,0.026,-0.036,-0.001,0.012,-0.005,0.013,0.04,-0.07,94.85,0.0020,0.0000,0.0009,0.0011,1089,0.658,16.8,1.6,1.9,22.6,24.5,0.98,25.16,0.99837,0.246,294.52,25.20,14,1
35.247,hall_mission,9x4.5,pi5,0.001,0.025,-0.036,-0.001,0.011,-0.005,0.013,0.04,-0.07,94.85,0.0016,0.0005,0.0013,0.0007,1447,0.872,22.2,2.1,2.6,22.6,25.2,1.00,25.16,0.99837,0.246,287.21,25.20,14,1
35.299,hall_mission,9x4.5,pi5,0.001,0.024,-0.037,0.000,0.011,-0.005,0.012,0.04,-0.06,94.85,0.0020,0.0000,0.0013,0.0006,1447,0.872,22.2,2.1,2.6,22.6,25.2,1.00,25.16,0.99837,0.247,287.20,25.20,14,1
35.347,hall_mission,9x4.5,pi5,0.002,0.024,-0.037,0.001,0.010,-0.005,0.011,0.04,-0.06,94.85,0.0020,0.0000,0.0013,0.0007,1447,0.872,22.2,2.1,2.6,22.6,25.2,1.00,25.16,0.99836,0.247,287.21,25.20,14,1
35.399,hall_mission,9x4.5,pi5,0.004,0.023,-0.038,0.002,0.009,-0.005,0.011,0.04,-0.06,94.84,0.0017,0.0003,0.0012,0.0008,1447,0.872,22.2,2.1,2.6,22.6,25.2,1.00,25.16,0.99836,0.247,287.21,25.20,14,1
35.447,hall_mission,9x4.5,pi5,0.005,0.022,-0.038,0.002,0.008,-0.006,0.010,0.04,-0.06,94.84,0.0019,0.0002,0.0012,0.0008,1447,0.872,22.2,2.1,2.6,22.6,25.2,1.00,25.16,0.99836,0.248,287.21,25.20,14,1
35.499,hall_mission,9x4.5,pi5,0.006,0.021,-0.039,0.003,0.008,-0.006,0.010,0.03,-0.06,94.84,0.0018,0.0002,0.0014,0.0006,1447,0.872,22.2,2.1,2.6,22.6,25.2,1.00,25.16,0.99836,0.248,287.21,25.20,14,1
35.547,hall_mission,9x4.5,pi5,0.007,0.020,-0.039,0.004,0.007,-0.006,0.010,0.03,-0.06,94.84,0.0017,0.0003,0.0011,0.0009,1447,0.872,22.2,2.1,2.6,22.6,25.2,1.00,25.16,0.99836,0.248,287.20,25.20,14,1
35.599,hall_mission,9x4.5,pi5,0.009,0.019,-0.040,0.005,0.006,-0.006,0.010,0.03,-0.06,94.84,0.0013,0.0007,0.0010,0.0010,1447,0.872,22.2,2.1,2.6,22.6,25.2,1.00,25.16,0.99835,0.249,287.20,25.20,14,1
35.647,hall_mission,9x4.5,pi5,0.010,0.018,-0.040,0.006,0.006,-0.006,0.010,0.03,-0.06,94.84,0.0016,0.0004,0.0012,0.0008,1447,0.872,22.2,2.1,2.6,22.6,25.2,1.00,25.16,0.99835,0.249,287.20,25.20,14,1
35.699,hall_mission,9x4.5,pi5,0.011,0.017,-0.040,0.007,0.005,-0.006,0.010,0.03,-0.06,94.84,0.0012,0.0008,0.0012,0.0008,1447,0.872,22.2,2.1,2.6,22.6,25.2,1.00,25.16,0.99835,0.249,287.20,25.20,14,1
35.747,hall_mission,9x4.5,pi5,0.012,0.017,-0.041,0.007,0.005,-0.006,0.011,0.02,-0.06,94.84,0.0017,0.0003,0.0014,0.0006,1447,0.872,22.2,2.1,2.6,22.6,25.2,1.00,25.16,0.99835,0.250,287.20,25.20,14,1
35.799,hall_mission,9x4.5,pi5,0.013,0.016,-0.041,0.008,0.005,-0.006,0.011,0.02,-0.06,94.84,0.0017,0.0002,0.0018,0.0003,1447,0.872,22.2,2.1,2.6,22.6,25.2,1.00,25.16,0.99834,0.250,287.20,25.20,14,1
35.847,hall_mission,9x4.5,pi5,0.014,0.016,-0.041,0.008,0.005,-0.006,0.012,0.02,-0.06,94.84,0.0017,0.0002,0.0010,0.0010,1447,0.872,22.2,2.1,2.6,22.6,25.2,1.00,25.16,0.99834,0.250,287.20,25.20,14,1
35.899,hall_mission,9x4.5,pi5,0.015,0.016,-0.041,0.009,0.005,-0.006,0.012,0.02,-0.06,94.84,0.0017,0.0002,0.0011,0.0010,1447,0.872,22.2,2.1,2.6,22.6,25.2,1.00,25.16,0.99834,0.251,287.20,25.20,14,1
35.947,hall_mission,9x4.5,pi5,0.016,0.016,-0.041,0.009,0.006,-0.005,0.012,0.02,-0.06,94.84,0.0017,0.0003,0.0015,0.0006,1447,0.872,22.2,2.1,2.6,22.6,25.2,1.00,25.16,0.99834,0.251,287.20,25.20,14,1
35.999,hall_mission,9x4.5,pi5,0.017,0.016,-0.041,0.010,0.006,-0.005,0.013,0.02,-0.06,94.84,0.0015,0.0004,0.0013,0.0007,1447,0.872,22.2,2.1,2.6,22.6,25.2,1.00,25.16,0.99833,0.251,287.20,25.20,14,1
36.047,hall_mission,9x4.5,pi5,0.018,0.016,-0.040,0.010,0.007,-0.005,0.013,0.02,-0.07,94.84,0.0015,0.0004,0.0014,0.0006,1447,0.872,22.2,2.1,2.6,22.6,25.2,1.00,25.16,0.99833,0.252,287.20,25.20,14,1
36.099,hall_mission,9x4.5,pi5,0.019,0.017,-0.040,0.011,0.007,-0.005,0.014,0.02,-0.07,94.84,0.0016,0.0004,0.0013,0.0007,1447,0.872,22.2,2.1,2.6,22.6,25.2,1.00,25.16,0.99833,0.252,287.19,25.20,14,1
36.147,hall_mission,9x4.5,pi5,0.020,0.017,-0.040,0.011,0.008,-0.005,0.015,0.02,-0.07,94.84,0.0016,0.0003,0.0015,0.0006,1447,0.872,22.2,2.1,2.6,22.6,25.2,1.00,25.16,0.99833,0.252,287.19,25.20,14,1
36.199,hall_mission,9x4.5,pi5,0.020,0.017,-0.039,0.012,0.008,-0.004,0.015,0.02,-0.07,94.84,0.0017,0.0002,0.0012,0.0009,1447,0.872,22.2,2.1,2.6,22.6,25.2,1.00,25.16,0.99833,0.253,287.19,25.20,14,1
36.247,hall_mission,9x4.5,pi5,0.021,0.017,-0.039,0.012,0.008,-0.004,0.015,0.02,-0.07,94.84,0.0017,0.0002,0.0012,0.0008,1447,0.872,22.2,2.1,2.6,22.6,25.2,1.00,25.16,0.99832,0.253,287.19,25.20,14,1
36.299,hall_mission,9x4.5,pi5,0.021,0.017,-0.038,0.013,0.008,-0.003,0.015,0.02,-0.07,94.85,0.0018,0.0001,0.0015,0.0006,1447,0.872,22.2,2.1,2.6,22.6,25.2,1.00,25.16,0.99832,0.254,287.19,25.20,14,1
36.347,hall_mission,9x4.5,pi5,0.021,0.017,-0.038,0.013,0.008,-0.003,0.016,0.02,-0.07,94.85,0.0014,0.0005,0.0011,0.0009,1447,0.872,22.2,2.1,2.6,22.6,25.2,1.00,25.16,0.99832,0.254,287.19,25.20,14,1
36.399,hall_mission,9x4.5,pi5,0.021,0.017,-0.038,0.013,0.008,-0.003,0.015,0.02,-0.07,94.84,0.0015,0.0006,0.0013,0.0007,1447,0.872,22.2,2.1,2.6,22.6,25.2,1.00,25.16,0.99832,0.254,287.19,25.20,14,1
36.447,hall_mission,9x4.5,pi5,0.021,0.016,-0.038,0.013,0.008,-0.003,0.015,0.02,-0.07,94.84,0.0018,0.0002,0.0015,0.0004,1447,0.872,22.2,2.1,2.6,22.6,25.2,1.00,25.16,0.99831,0.255,287.18,25.20,14,1
36.499,hall_mission,9x4.5,pi5,0.021,0.016,-0.038,0.012,0.008,-0.003,0.015,0.02,-0.07,94.84,0.0017,0.0004,0.0014,0.0006,1447,0.872,22.2,2.1,2.6,22.6,25.2,1.00,25.16,0.99831,0.255,287.19,25.20,14,1
36.547,hall_mission,9x4.5,pi5,0.021,0.016,-0.038,0.012,0.008,-0.003,0.015,0.02,-0.07,94.84,0.0017,0.0003,0.0015,0.0005,1447,0.872,22.2,2.1,2.6,22.6,25.2,1.00,25.16,0.99831,0.255,287.18,25.20,14,1
36.599,hall_mission,9x4.5,pi5,0.020,0.016,-0.038,0.012,0.007,-0.003,0.014,0.02,-0.06,94.84,0.0015,0.0005,0.0013,0.0007,1447,0.872,22.2,2.1,2.6,22.6,25.2,1.00,25.16,0.99831,0.256,287.18,25.20,14,1
36.647,hall_mission,9x4.5,pi5,0.020,0.016,-0.038,0.011,0.007,-0.003,0.014,0.02,-0.07,94.84,0.0016,0.0004,0.0015,0.0005,1447,0.872,22.2,2.1,2.6,22.6,25.2,1.00,25.16,0.99830,0.256,287.18,25.20,14,1
36.699,hall_mission,9x4.5,pi5,0.020,0.016,-0.038,0.011,0.007,-0.003,0.014,0.02,-0.06,94.84,0.0014,0.0005,0.0013,0.0008,1447,0.872,22.2,2.1,2.6,22.6,25.2,1.00,25.16,0.99830,0.256,287.18,25.20,14,1
36.747,hall_mission,9x4.5,pi5,0.020,0.016,-0.038,0.011,0.007,-0.003,0.014,0.03,-0.06,94.84,0.0014,0.0005,0.0014,0.0006,1447,0.872,22.2,2.1,2.6,22.6,25.2,1.00,25.16,0.99830,0.257,287.18,25.20,14,1
36.799,hall_mission,9x4.5,pi5,0.020,0.016,-0.038,0.010,0.007,-0.003,0.013,0.03,-0.06,94.84,0.0015,0.0006,0.0014,0.0006,1447,0.872,22.2,2.1,2.6,22.6,25.2,1.00,25.16,0.99830,0.257,287.18,25.20,14,1
36.847,hall_mission,9x4.5,pi5,0.019,0.016,-0.038,0.010,0.007,-0.003,0.013,0.03,-0.06,94.84,0.0018,0.0003,0.0015,0.0005,1447,0.872,22.2,2.1,2.6,22.6,25.2,1.00,25.16,0.99830,0.257,287.18,25.20,14,1
36.899,hall_mission,9x4.5,pi5,0.018,0.016,-0.038,0.009,0.008,-0.003,0.012,0.03,-0.07,94.85,0.0018,0.0003,0.0015,0.0004,1447,0.872,22.2,2.1,2.6,22.6,25.2,1.00,25.16,0.99829,0.258,287.17,25.20,14,1
36.947,hall_mission,9x4.5,pi5,0.018,0.017,-0.038,0.008,0.008,-0.003,0.012,0.03,-0.07,94.85,0.0017,0.0003,0.0016,0.0004,1447,0.872,22.2,2.1,2.6,22.6,25.2,1.00,25.16,0.99829,0.258,287.18,25.20,14,1
36.999,hall_mission,9x4.5,pi5,0.017,0.018,-0.038,0.007,0.009,-0.003,0.012,0.03,-0.07,94.85,0.0019,0.0002,0.0011,0.0009,1447,0.872,22.2,2.1,2.6,22.6,25.2,1.00,25.16,0.99829,0.258,287.17,25.20,14,1
37.047,hall_mission,9x4.5,pi5,0.016,0.018,-0.038,0.006,0.009,-0.003,0.012,0.03,-0.07,94.85,0.0018,0.0002,0.0012,0.0008,1447,0.872,22.2,2.1,2.6,22.6,25.2,1.00,25.16,0.99829,0.259,287.18,25.20,14,1
37.099,hall_mission,9x4.5,pi5,0.015,0.019,-0.038,0.005,0.010,-0.002,0.011,0.04,-0.07,94.85,0.0019,0.0000,0.0013,0.0007,1447,0.872,22.2,2.1,2.6,22.6,25.2,1.00,25.16,0.99828,0.259,287.17,25.20,14,1
37.147,hall_mission,9x4.5,pi5,0.015,0.019,-0.037,0.004,0.010,-0.002,0.011,0.04,-0.07,94.86,0.0018,0.0002,0.0010,0.0010,1447,0.872,22.2,2.1,2.6,22.6,25.2,1.00,25.16,0.99828,0.259,287.17,25.20,14,1
37.199,hall_mission,9x4.5,pi5,0.014,0.020,-0.037,0.003,0.010,-0.002,0.011,0.04,-0.07,94.86,0.0020,0.0000,0.0015,0.0005,1447,0.872,22.2,2.1,2.6,22.6,25.2,1.00,25.16,0.99828,0.260,287.16,25.20,14,1
37.247,hall_mission,9x4.5,pi5,0.014,0.020,-0.036,0.003,0.010,-0.002,0.010,0.04,-0.07,94.86,0.0017,0.0003,0.0013,0.0006,1447,0.872,22.2,2.1,2.6,22.6,25.2,1.00,25.16,0.99828,0.260,287.17,25.20,14,1
37.299,hall_mission,9x4.5,pi5,0.014,0.020,-0.036,0.003,0.010,-0.001,0.010,0.04,-0.07,94.85,0.0017,0.0004,0.0013,0.0007,1447,0.872,22.2,2.1,2.6,22.6,25.2,1.00,25.16,0.99827,0.261,287.17,25.20,14,1
37.347,hall_mission,9x4.5,pi5,0.013,0.020,-0.035,0.003,0.010,-0.001,0.010,0.04,-0.07,94.85,0.0020,0.0000,0.0014,0.0005,1447,0.872,22.2,2.1,2.6,22.6,25.2,1.00,25.16,0.99827,0.261,287.16,25.20,14,1
37.399,hall_mission,9x4.5,pi5,0.013,0.020,-0.035,0.002,0.010,-0.001,0.010,0.04,-0.07,94.85,0.0017,0.0003,0.0010,0.0009,1447,0.872,22.2,2.1,2.6,22.6,25.2,1.00,25.16,0.99827,0.261,287.17,25.20,14,1
37.447,hall_mission,9x4.5,pi5,0.013,0.020,-0.034,0.002,0.009,-0.001,0.010,0.04,-0.07,94.85,0.0016,0.0004,0.0011,0.0009,1447,0.872,22.2,2.1,2.6,22.6,25.2,1.00,25.16,0.99827,0.262,287.16,25.20,14,1
37.499,hall_mission,9x4.5,pi5,0.014,0.019,-0.033,0.002,0.009,-0.000,0.009,0.04,-0.07,94.85,0.0017,0.0002,0.0011,0.0010,1447,0.872,22.2,2.1,2.6,22.6,25.2,1.00,25.16,0.99827,0.262,287.17,25.20,14,1
37.547,hall_mission,9x4.5,pi5,0.014,0.019,-0.032,0.002,0.008,-0.000,0.009,0.04,-0.07,94.85,0.0016,0.0003,0.0012,0.0008,1447,0.872,22.2,2.1,2.6,22.6,25.2,1.00,25.16,0.99826,0.262,287.16,25.20,14,1
37.599,hall_mission,9x4.5,pi5,0.014,0.019,-0.031,0.003,0.008,0.000,0.008,0.04,-0.06,94.85,0.0016,0.0004,0.0012,0.0008,1447,0.872,22.2,2.1,2.6,22.6,25.2,1.00,25.16,0.99826,0.263,287.16,25.20,14,1
37.647,hall_mission,9x4.5,pi5,0.015,0.018,-0.031,0.003,0.007,0.000,0.008,0.04,-0.06,94.85,0.0018,0.0003,0.0012,0.0008,1447,0.872,22.2,2.1,2.6,22.6,25.2,1.00,25.16,0.99826,0.263,287.16,25.20,14,1
37.699,hall_mission,9x4.5,pi5,0.015,0.018,-0.030,0.003,0.007,0.000,0.008,0.04,-0.06,94.85,0.0017,0.0003,0.0012,0.0008,1447,0.872,22.2,2.1,2.6,22.6,25.2,1.00,25.16,0.99826,0.263,287.16,25.20,14,1
37.747,hall_mission,9x4.5,pi5,0.016,0.018,-0.030,0.003,0.007,0.000,0.008,0.03,-0.06,94.85,0.0017,0.0003,0.0013,0.0007,1447,0.872,22.2,2.1,2.6,22.6,25.2,1.00,25.16,0.99825,0.264,287.16,25.20,14,1
37.799,hall_mission,9x4.5,pi5,0.016,0.019,-0.030,0.004,0.007,-0.000,0.008,0.03,-0.06,94.85,0.0016,0.0004,0.0011,0.0009,1447,0.872,22.2,2.1,2.6,22.6,25.2,1.00,25.16,0.99825,0.264,287.16,25.20,14,1
37.847,hall_mission,9x4.5,pi5,0.017,0.019,-0.030,0.004,0.008,-0.000,0.009,0.03,-0.06,94.85,0.0016,0.0004,0.0013,0.0007,1447,0.872,22.2,2.1,2.6,22.6,25.2,1.00,25.16,0.99825,0.264,287.16,25.20,14,1
37.899,hall_mission,9x4.5,pi5,0.017,0.019,-0.031,0.004,0.008,-0.001,0.009,0.03,-0.06,94.85,0.0020,0.0000,0.0014,0.0006,1447,0.872,22.2,2.1,2.6,22.6,25.2,1.00,25.16,0.99825,0.265,287.15,25.20,14,1
37.947,hall_mission,9x4.5,pi5,0.017,0.019,-0.031,0.004,0.008,-0.001,0.009,0.03,-0.06,94.85,0.0017,0.0004,0.0011,0.0008,1447,0.872,22.2,2.1,2.6,22.6,25.2,1.00,25.16,0.99824,0.265,287.16,25.20,14,1
37.999,hall_mission,9x4.5,pi5,0.017,0.020,-0.031,0.004,0.008,-0.001,0.009,0.03,-0.06,94.85,0.0020,0.0001,0.0013,0.0007,1447,0.872,22.2,2.1,2.6,22.6,25.2,1.00,25.16,0.99824,0.265,287.15,25.20,14,1
38.047,hall_mission,9x4.5,pi5,0.017,0.020,-0.031,0.004,0.008,-0.002,0.009,0.04,-0.06,94.85,0.0017,0.0003,0.0012,0.0008,1447,0.872,22.2,2.1,2.6,22.6,25.2,1.00,25.16,0.99824,0.266,287.15,25.20,14,1
38.099,hall_mission,9x4.5,pi5,0.017,0.021,-0.032,0.003,0.008,-0.002,0.009,0.04,-0.07,94.85,0.0017,0.0003,0.0010,0.0009,1447,0.872,22.2,2.1,2.6,22.6,25.2,1.00,25.16,0.99824,0.266,287.15,25.20,14,1
38.147,hall_mission,9x4.5,pi5,0.016,0.021,-0.032,0.003,0.008,-0.002,0.009,0.04,-0.07,94.85,0.0015,0.0004,0.0012,0.0009,1447,0.872,22.2,2.1,2.6,22.6,25.2,1.00,25.16,0.99824,0.266,287.15,25.20,14,1
38.199,hall_mission,9x4.5,pi5,0.015,0.022,-0.033,0.002,0.009,-0.002,0.009,0.04,-0.07,94.85,0.0019,0.0000,0.0012,0.0008,1447,0.872,22.2,2.1,2.6,22.6,25.2,1.00,25.16,0.99823,0.267,287.15,25.20,14,1
38.247,hall_mission,9x4.5,pi5,0.015,0.023,-0.033,0.002,0.009,-0.003,0.009,0.04,-0.07,94.85,0.0017,0.0002,0.0012,0.0008,1447,0.872,22.2,2.1,2.6,22.6,25.2,1.00,25.16,0.99823,0.267,287.15,25.20,14,1
38.299,hall_mission,9x4.5,pi5,0.014,0.023,-0.033,0.001,0.009,-0.003,0.010,0.04,-0.07,94.85,0.0019,0.0001,0.0012,0.0008,1447,0.872,22.2,2.1,2.6,22.6,25.2,1.00,25.16,0.99823,0.268,287.15,25.20,14,1
38.347,hall_mission,9x4.5,pi5,0.013,0.024,-0.033,0.001,0.009,-0.003,0.010,0.04,-0.07,94.85,0.0017,0.0003,0.0013,0.0006,1447,0.872,22.2,2.1,2.6,22.6,25.2,1.00,25.16,0.99823,0.268,287.15,25.20,14,1
38.399,hall_mission,9x4.5,pi5,0.012,0.024,-0.034,0.000,0.009,-0.003,0.010,0.04,-0.07,94.85,0.0020,0.0000,0.0011,0.0009,1447,0.872,22.2,2.1,2.6,22.6,25.2,1.00,25.16,0.99822,0.268,287.15,25.20,14,1
38.447,hall_mission,9x4.5,pi5,0.011,0.024,-0.033,-0.000,0.009,-0.003,0.010,0.05,-0.07,94.85,0.0020,0.0000,0.0013,0.0007,1447,0.872,22.2,2.1,2.6,22.6,25.2,1.00,25.16,0.99822,0.269,287.14,25.20,14,1
38.499,hall_mission,9x4.5,pi5,0.009,0.025,-0.033,-0.001,0.009,-0.003,0.010,0.05,-0.07,94.85,0.0019,0.0001,0.0015,0.0006,1447,0.872,22.2,2.1,2.6,22.6,25.2,1.00,25.16,0.99822,0.269,287.15,25.20,14,1
38.547,hall_mission,9x4.5,pi5,0.008,0.025,-0.033,-0.002,0.009,-0.003,0.010,0.05,-0.07,94.85,0.0016,0.0004,0.0007,0.0013,1447,0.872,22.2,2.1,2.6,22.6,25.2,1.00,25.16,0.99822,0.269,287.14,25.20,14,1
38.599,hall_mission,9x4.5,pi5,0.006,0.025,-0.032,-0.003,0.009,-0.003,0.009,0.05,-0.07,94.85,0.0020,0.0000,0.0013,0.0007,1447,0.872,22.2,2.1,2.6,22.6,25.2,1.00,25.15,0.99821,0.270,287.13,25.20,14,1
38.647,hall_mission,9x4.5,pi5,0.005,0.025,-0.032,-0.004,0.008,-0.003,0.010,0.05,-0.07,94.85,0.0019,0.0001,0.0012,0.0007,1447,0.872,22.2,2.1,2.6,22.6,25.2,1.00,25.15,0.99821,0.270,287.14,25.20,14,1
38.699,hall_mission,9x4.5,pi5,0.004,0.024,-0.031,-0.004,0.008,-0.003,0.009,0.06,-0.07,94.85,0.0019,0.0001,0.0011,0.0009,1447,0.872,22.2,2.1,2.6,22.6,25.2,1.00,25.15,0.99821,0.270,287.14,25.20,14,1
38.747,hall_mission,9x4.5,pi5,0.003,0.024,-0.031,-0.005,0.008,-0.003,0.009,0.06,-0.07,94.85,0.0020,0.0000,0.0008,0.0012,1447,0.872,22.2,2.1,2.6,22.6,25.2,1.00,25.15,0.99821,0.271,287.14,25.20,14,1
38.799,hall_mission,9x4.5,pi5,0.001,0.024,-0.031,-0.006,0.007,-0.003,0.010,0.06,-0.07,94.86,0.0019,0.0001,0.0009,0.0012,1447,0.872,22.2,2.1,2.6,22.6,25.2,1.00,25.15,0.99820,0.271,287.14,25.20,14,1
38.847,hall_mission,9x4.5,pi5,-0.000,0.023,-0.031,-0.007,0.007,-0.003,0.010,0.06,-0.07,94.86,0.0019,0.0000,0.0010,0.0011,1447,0.872,22.2,2.1,2.6,22.6,25.2,1.00,25.15,0.99820,0.271,287.14,25.20,14,1
38.899,hall_mission,9x4.5,pi5,-0.002,0.023,-0.032,-0.007,0.006,-0.003,0.010,0.06,-0.06,94.86,0.0020,0.0000,0.0007,0.0013,1447,0.872,22.2,2.1,2.6,22.6,25.2,1.00,25.15,0.99820,0.272,287.13,25.20,14,1
38.947,hall_mission,9x4.5,pi5,-0.002,0.022,-0.032,-0.007,0.006,-0.003,0.010,0.06,-0.06,94.85,0.0021,0.0001,0.0011,0.0008,1447,0.872,22.2,2.1,2.6,22.6,25.2,1.00,25.15,0.99820,0.272,287.13,25.20,14,1
38.999,hall_mission,9x4.5,pi5,-0.003,0.021,-0.032,-0.008,0.005,-0.003,0.010,0.06,-0.06,94.85,0.0018,0.0003,0.0011,0.0009,1447,0.872,22.2,2.1,2.6,22.6,25.2,1.00,25.15,0.99820,0.272,287.13,25.20,14,1
39.047,hall_mission,9x4.5,pi5,-0.004,0.021,-0.032,-0.008,0.005,-0.004,0.010,0.06,-0.06,94.85,0.0020,0.0000,0.0010,0.0010,1447,0.872,22.2,2.1,2.6,22.6,25.2,1.00,25.15,0.99819,0.273,287.13,25.20,14,1
39.099,hall_mission,9x4.5,pi5,-0.004,0.020,-0.032,-0.007,0.004,-0.004,0.009,0.06,-0.06,94.85,0.0020,0.0000,0.0012,0.0007,1447,0.872,22.2,2.1,2.6,22.6,25.2,1.00,25.15,0.99819,0.273,287.13,25.20,14,1
39.147,hall_mission,9x4.5,pi5,-0.004,0.020,-0.032,-0.007,0.004,-0.004,0.009,0.06,-0.06,94.85,0.0020,0.0000,0.0014,0.0005,1447,0.872,22.2,2.1,2.6,22.6,25.2,1.00,25.15,0.99819,0.273,287.12,25.20,14,1
39.199,hall_mission,9x4.5,pi5,-0.004,0.019,-0.033,-0.007,0.004,-0.004,0.008,0.05,-0.06,94.85,0.0020,0.0001,0.0011,0.0009,1447,0.872,22.2,2.1,2.6,22.6,25.2,1.00,25.15,0.99819,0.274,287.13,25.20,14,1
39.247,hall_mission,9x4.5,pi5,-0.004,0.019,-0.033,-0.006,0.003,-0.004,0.008,0.05,-0.06,94.85,0.0017,0.0004,0.0009,0.0010,1447,0.872,22.2,2.1,2.6,22.6,25.2,1.00,25.15,0.99818,0.274,287.13,25.20,14,1
39.299,hall_mission,9x4.5,pi5,-0.004,0.018,-0.033,-0.005,0.003,-0.004,0.007,0.05,-0.06,94.85,0.0020,0.0000,0.0012,0.0008,1089,0.658,16.8,1.6,1.9,22.6,24.5,0.98,25.16,0.99818,0.275,294.44,25.20,14,1
39.347,hall_mission,9x4.5,pi5,-0.003,0.018,-0.033,-0.005,0.002,-0.004,0.007,0.05,-0.06,94.85,0.0020,0.0000,0.0012,0.0008,1089,0.658,16.8,1.6,1.9,22.6,24.5,0.98,25.16,0.99818,0.275,294.43,25.20,14,1
39.399,hall_mission,9x4.5,pi5,-0.003,0.017,-0.033,-0.004,0.002,-0.004,0.006,0.05,-0.06,94.85,0.0018,0.0002,0.0013,0.0007,1447,0.872,22.2,2.1,2.6,22.6,25.2,1.00,25.15,0.99818,0.275,287.12,25.20,14,1
39.447,hall_mission,9x4.5,pi5,-0.003,0.016,-0.033,-0.003,0.002,-0.004,0.005,0.05,-0.06,94.85,0.0020,0.0000,0.0013,0.0007,1089,0.658,16.8,1.6,1.9,22.6,24.5,0.98,25.16,0.99818,0.276,294.43,25.20,14,1
39.499,hall_mission,9x4.5,pi5,-0.002,0.016,-0.033,-0.003,0.001,-0.004,0.005,0.04,-0.06,94.85,0.0020,0.0000,0.0013,0.0007,1089,0.658,16.8,1.6,1.9,22.6,24.5,0.98,25.16,0.99817,0.276,294.43,25.20,14,1
39.547,hall_mission,9x4.5,pi5,-0.002,0.015,-0.033,-0.002,0.001,-0.003,0.004,0.04,-0.06,94.85,0.0018,0.0002,0.0008,0.0013,1447,0.872,22.2,2.1,2.6,22.6,25.2,1.00,25.15,0.99817,0.276,287.12,25.20,14,1
39.599,hall_mission,9x4.5,pi5,-0.002,0.015,-0.032,-0.001,0.000,-0.003,0.003,0.04,-0.06,94.85,0.0016,0.0004,0.0012,0.0008,1447,0.872,22.2,2.1,2.6,22.6,25.2,1.00,25.15,0.99817,0.277,287.12,25.20,14,1
39.647,hall_mission,9x4.5,pi5,-0.002,0.014,-0.032,-0.001,-0.000,-0.002,0.003,0.04,-0.06,94.85,0.0015,0.0005,0.0014,0.0006,1447,0.872,22.2,2.1,2.6,22.6,25.2,1.00,25.15,0.99817,0.277,287.12,25.20,14,1
39.699,hall_mission,9x4.5,pi5,-0.002,0.014,-0.031,-0.000,-0.000,-0.002,0.002,0.04,-0.05,94.85,0.0016,0.0004,0.0011,0.0009,1447,0.872,22.2,2.1,2.6,22.6,25.2,1.00,25.15,0.99816,0.277,287.12,25.20,14,1
39.747,hall_mission,9x4.5,pi5,-0.002,0.014,-0.031,-0.000,-0.001,-0.002,0.002,0.04,-0.05,94.85,0.0016,0.0005,0.0009,0.0011,1447,0.872,22.2,2.1,2.6,22.6,25.2,1.00,25.15,0.99816,0.278,287.12,25.20,14,1
39.799,hall_mission,9x4.5,pi5,-0.002,0.014,-0.030,-0.000,-0.001,-0.001,0.002,0.04,-0.05,94.85,0.0016,0.0005,0.0011,0.0008,1447,0.872,22.2,2.1,2.6,22.6,25.2,1.00,25.15,0.99816,0.278,287.12,25.20,14,1
39.847,hall_mission,9x4.5,pi5,-0.002,0.013,-0.029,0.000,-0.001,-0.001,0.002,0.04,-0.05,94.85,0.0020,0.0001,0.0011,0.0008,1447,0.872,22.2,2.1,2.6,22.6,25.2,1.00,25.15,0.99816,0.278,287.11,25.20,14,1
39.899,hall_mission,9x4.5,pi5,-0.002,0.013,-0.028,0.000,-0.002,-0.001,0.002,0.04,-0.05,94.85,0.0017,0.0003,0.0011,0.0009,1447,0.872,22.2,2.1,2.6,22.6,25.2,1.00,25.15,0.99815,0.279,287.12,25.20,14,1
39.947,hall_mission,9x4.5,pi5,-0.002,0.013,-0.028,0.001,-0.002,-0.001,0.002,0.04,-0.05,94.85,0.0012,0.0008,0.0011,0.0009,1447,0.872,22.2,2.1,2.6,22.6,25.2,1.00,25.15,0.99815,0.279,287.11,25.20,14,1
39.999,hall_mission,9x4.5,pi5,-0.002,0.012,-0.028,0.001,-0.002,-0.000,0.003,0.04,-0.05,94.85,0.0020,0.0000,0.0012,0.0008,1447,0.872,22.2,2.1,2.6,22.6,25.2,1.00,25.15,0.99815,0.279,287.11,25.20,14,1
40.047,hall_mission,9x4.5,pi5,-0.002,0.012,-0.027,0.001,-0.003,-0.000,0.003,0.04,-0.05,94.85,0.0018,0.0002,0.0010,0.0010,1447,0.872,22.2,2.1,2.6,22.6,25.2,1.00,25.15,0.99815,0.280,287.11,25.20,14,1
40.099,hall_mission,9x4.5,pi5,-0.002,0.012,-0.027,0.001,-0.003,-0.001,0.003,0.04,-0.05,94.85,0.0014,0.0006,0.0009,0.0011,1447,0.872,22.2,2.1,2.6,22.6,25.2,1.00,25.15,0.99814,0.280,287.11,25.20,14,1
40.147,hall_mission,9x4.5,pi5,-0.002,0.012,-0.027,0.001,-0.003,-0.001,0.003,0.04,-0.05,94.85,0.0019,0.0001,0.0011,0.0009,1447,0.872,22.2,2.1,2.6,22.6,25.2,1.00,25.15,0.99814,0.280,287.11,25.20,14,1
40.199,hall_mission,9x4.5,pi5,-0.001,0.012,-0.026,0.001,-0.003,-0.001,0.003,0.04,-0.05,94.85,0.0017,0.0003,0.0010,0.0010,1447,0.872,22.2,2.1,2.6,22.6,25.2,1.00,25.15,0.99814,0.281,287.11,25.20,14,1
40.247,hall_mission,9x4.5,pi5,-0.001,0.012,-0.026,0.002,-0.003,-0.001,0.003,0.04,-0.05,94.85,0.0013,0.0008,0.0010,0.0009,1447,0.872,22.2,2.1,2.6,22.6,25.2,1.00,25.15,0.99814,0.281,287.10,25.20,14,1
40.299,hall_mission,9x4.5,pi5,-0.000,0.012,-0.026,0.002,-0.003,-0.001,0.004,0.04,-0.05,94.85,0.0018,0.0002,0.0010,0.0010,1447,0.872,22.2,2.1,2.6,22.6,25.2,1.00,25.15,0.99814,0.281,287.10,25.20,14,1
40.347,hall_mission,9x4.5,pi5,0.000,0.012,-0.025,0.003,-0.003,-0.001,0.004,0.04,-0.05,94.85,0.0018,0.0002,0.0010,0.0010,1447,0.872,22.2,2.1,2.6,22.6,25.2,1.00,25.15,0.99813,0.282,287.10,25.20,14,1
40.399,hall_mission,9x4.5,pi5,0.001,0.012,-0.024,0.003,-0.002,-0.000,0.004,0.04,-0.05,94.85,0.0018,0.0002,0.0010,0.0010,1447,0.872,22.2,2.1,2.6,22.6,25.2,1.00,25.15,0.99813,0.282,287.10,25.20,14,1
40.447,hall_mission,9x4.5,pi5,0.002,0.012,-0.024,0.004,-0.002,-0.000,0.005,0.04,-0.05,94.85,0.0016,0.0005,0.0013,0.0006,1447,0.872,22.2,2.1,2.6,22.6,25.2,1.00,25.15,0.99813,0.283,287.10,25.20,14,1
40.499,hall_mission,9x4.5,pi5,0.002,0.012,-0.024,0.005,-0.002,-0.001,0.005,0.04,-0.05,94.85,0.0016,0.0004,0.0008,0.0011,1447,0.872,22.2,2.1,2.6,22.6,25.2,1.00,25.15,0.99813,0.283,287.10,25.20,14,1
40.547,hall_mission,9x4.5,pi5,0.003,0.012,-0.024,0.005,-0.002,-0.000,0.005,0.03,-0.05,94.85,0.0015,0.0005,0.0010,0.0010,1447,0.872,22.2,2.1,2.6,22.6,25.2,1.00,25.15,0.99812,0.283,287.10,25.20,14,1
40.599,hall_mission,9x4.5,pi5,0.003,0.012,-0.024,0.005,-0.002,-0.001,0.006,0.03,-0.05,94.86,0.0015,0.0004,0.0012,0.0009,1447,0.872,22.2,2.1,2.6,22.6,25.2,1.00,25.15,0.99812,0.284,287.10,25.20,14,1
40.647,hall_mission,9x4.5,pi5,0.003,0.012,-0.024,0.006,-0.002,-0.001,0.006,0.03,-0.05,94.86,0.0016,0.0004,0.0011,0.0009,1447,0.872,22.2,2.1,2.6,22.6,25.2,1.00,25.15,0.99812,0.284,287.10,25.20,14,1
40.699,hall_mission,9x4.5,pi5,0.002,0.012,-0.024,0.006,-0.002,-0.001,0.006,0.03,-0.05,94.85,0.0016,0.0004,0.0015,0.0005,1447,0.872,22.2,2.1,2.6,22.6,25.2,1.00,25.15,0.99812,0.284,287.10,25.20,14,1
40.747,hall_mission,9x4.5,pi5,0.002,0.012,-0.023,0.006,-0.002,-0.001,0.006,0.03,-0.05,94.85,0.0016,0.0005,0.0012,0.0008,1447,0.872,22.2,2.1,2.6,22.6,25.2,1.00,25.15,0.99811,0.285,287.10,25.20,14,1
40.799,hall_mission,9x4.5,pi5,0.002,0.012,-0.023,0.006,-0.002,-0.001,0.006,0.03,-0.05,94.85,0.0017,0.0003,0.0014,0.0005,1447,0.872,22.2,2.1,2.6,22.6,25.2,1.00,25.15,0.99811,0.285,287.09,25.20,14,1
40.847,hall_mission,9x4.5,pi5,0.001,0.012,-0.023,0.006,-0.002,-0.001,0.006,0.03,-0.05,94.85,0.0018,0.0003,0.0011,0.0008,1447,0.872,22.2,2.1,2.6,22.6,25.2,1.00,25.15,0.99811,0.285,287.09,25.20,14,1
40.899,hall_mission,9x4.5,pi5,0.001,0.012,-0.023,0.005,-0.002,-0.001,0.006,0.03,-0.05,94.85,0.0017,0.0005,0.0012,0.0006,1447,0.872,22.2,2.1,2.6,22.6,25.2,1.00,25.15,0.99811,0.286,287.09,25.20,14,1
40.947,hall_mission,9x4.5,pi5,0.000,0.012,-0.023,0.005,-0.002,-0.001,0.006,0.03,-0.05,94.85,0.0016,0.0005,0.0011,0.0009,1447,0.872,22.2,2.1,2.6,22.6,25.2,1.00,25.15,0.99811,0.286,287.09,25.20,14,1
40.999,hall_mission,9x4.5,pi5,-0.001,0.012,-0.023,0.005,-0.002,-0.001,0.005,0.04,-0.05,94.85,0.0019,0.0002,0.0012,0.0007,1447,0.872,22.2,2.1,2.6,22.6,25.2,1.00,25.15,0.99810,0.286,287.09,25.20,14,1
41.047,hall_mission,9x4.5,pi5,-0.001,0.012,-0.023,0.004,-0.002,-0.002,0.005,0.04,-0.05,94.85,0.0017,0.0003,0.0009,0.0010,1447,0.872,22.2,2.1,2.6,22.6,25.2,1.00,25.15,0.99810,0.287,287.09,25.20,14,1
41.095,hall_mission,9x4.5,pi5,-0.002,0.013,-0.024,0.004,-0.001,-0.002,0.005,0.04,-0.05,94.85,0.0018,0.0003,0.0011,0.0009,1447,0.872,22.2,2.1,2.6,22.6,25.2,1.00,25.15,0.99810,0.287,287.09,25.20,14,1
41.147,hall_mission,9x4.5,pi5,-0.002,0.013,-0.024,0.004,-0.001,-0.002,0.005,0.04,-0.05,94.85,0.0018,0.0002,0.0012,0.0007,1447,0.872,22.2,2.1,2.6,22.6,25.2,1.00,25.15,0.99810,0.287,287.09,25.20,14,1
41.199,hall_mission,9x4.5,pi5,-0.003,0.014,-0.024,0.004,-0.000,-0.002,0.004,0.04,-0.06,94.85,0.0017,0.0003,0.0010,0.0009,1447,0.872,22.2,2.1,2.6,22.6,25.2,1.00,25.15,0.99809,0.288,287.09,25.20,14,1
41.247,hall_mission,9x4.5,pi5,-0.003,0.015,-0.024,0.004,-0.000,-0.002,0.004,0.04,-0.06,94.85,0.0020,0.0000,0.0013,0.0007,1447,0.872,22.2,2.1,2.6,22.6,25.2,1.00,25.15,0.99809,0.288,287.08,25.20,14,1
41.299,hall_mission,9x4.5,pi5,-0.004,0.016,-0.025,0.004,0.001,-0.002,0.004,0.04,-0.06,94.85,0.0017,0.0003,0.0010,0.0010,1447,0.872,22.2,2.1,2.6,22.6,25.2,1.00,25.15,0.99809,0.288,287.08,25.20,14,1
41.347,hall_mission,9x4.5,pi5,-0.004,0.016,-0.025,0.004,0.001,-0.002,0.005,0.04,-0.06,94.85,0.0019,0.0000,0.0013,0.0007,1447,0.872,22.2,2.1,2.6,22.6,25.2,1.00,25.15,0.99809,0.289,287.08,25.20,14,1
41.399,hall_mission,9x4.5,pi5,-0.004,0.017,-0.025,0.004,0.002,-0.002,0.005,0.04,-0.06,94.85,0.0017,0.0002,0.0009,0.0011,1447,0.872,22.2,2.1,2.6,22.6,25.2,1.00,25.15,0.99808,0.289,287.08,25.20,14,1
41.447,hall_mission,9x4.5,pi5,-0.004,0.018,-0.025,0.004,0.002,-0.002,0.005,0.04,-0.06,94.86,0.0017,0.0003,0.0012,0.0009,1447,0.872,22.2,2.1,2.6,22.6,25.2,1.00,25.15,0.99808,0.290,287.08,25.20,14,1
41.499,hall_mission,9x4.5,pi5,-0.004,0.019,-0.025,0.004,0.003,-0.002,0.005,0.04,-0.06,94.86,0.0018,0.0001,0.0010,0.0011,1447,0.872,22.2,2.1,2.6,22.6,25.2,1.00,25.15,0.99808,0.290,287.08,25.20,14,1
41.547,hall_mission,9x4.5,pi5,-0.004,0.020,-0.025,0.004,0.003,-0.002,0.005,0.04,-0.06,94.86,0.0020,0.0000,0.0015,0.0005,1089,0.658,16.8,1.6,1.9,22.6,24.5,0.98,25.15,0.99808,0.290,294.39,25.20,14,1
41.599,hall_mission,9x4.5,pi5,-0.004,0.020,-0.025,0.003,0.004,-0.003,0.006,0.04,-0.06,94.86,0.0018,0.0002,0.0014,0.0006,1447,0.872,22.2,2.1,2.6,22.6,25.2,1.00,25.15,0.99808,0.291,287.08,25.20,14,1
41.647,hall_mission,9x4.5,pi5,-0.003,0.021,-0.025,0.003,0.004,-0.002,0.006,0.04,-0.06,94.86,0.0019,0.0001,0.0010,0.0010,1447,0.872,22.2,2.1,2.6,22.6,25.2,1.00,25.15,0.99807,0.291,287.08,25.20,14,1
41.699,hall_mission,9x4.5,pi5,-0.003,0.022,-0.025,0.003,0.005,-0.003,0.007,0.04,-0.07,94.86,0.0020,0.0000,0.0013,0.0007,1089,0.658,16.8,1.6,1.9,22.6,24.5,0.98,25.15,0.99807,0.291,294.38,25.20,14,1
41.747,hall_mission,9x4.5,pi5,-0.003,0.023,-0.025,0.004,0.005,-0.003,0.007,0.04,-0.07,94.86,0.0019,0.0002,0.0013,0.0006,1447,0.872,22.2,2.1,2.6,22.6,25.2,1.00,25.15,0.99807,0.292,287.08,25.20,14,1
41.799,hall_mission,9x4.5,pi5,-0.002,0.024,-0.025,0.004,0.006,-0.003,0.008,0.04,-0.07,94.86,0.0014,0.0007,0.0011,0.0009,1447,0.872,22.2,2.1,2.6,22.6,25.2,1.00,25.15,0.99807,0.292,287.07,25.20,14,1
41.847,hall_mission,9x4.5,pi5,-0.002,0.024,-0.026,0.004,0.006,-0.003,0.008,0.04,-0.07,94.86,0.0020,0.0000,0.0013,0.0007,1447,0.872,22.2,2.1,2.6,22.6,25.2,1.00,25.15,0.99806,0.292,287.06,25.20,14,1
41.899,hall_mission,9x4.5,pi5,-0.002,0.026,-0.026,0.004,0.007,-0.003,0.009,0.04,-0.07,94.86,0.0016,0.0004,0.0011,0.0009,1447,0.872,22.2,2.1,2.6,22.6,25.2,1.00,25.15,0.99806,0.293,287.07,25.20,14,1
41.947,hall_mission,9x4.5,pi5,-0.001,0.026,-0.026,0.005,0.008,-0.003,0.010,0.04,-0.07,94.86,0.0020,0.0000,0.0012,0.0008,1447,0.872,22.2,2.1,2.6,22.6,25.2,1.00,25.15,0.99806,0.293,287.07,25.20,14,1
41.999,hall_mission,9x4.5,pi5,-0.001,0.028,-0.026,0.005,0.009,-0.003,0.011,0.04,-0.07,94.86,0.0019,0.0001,0.0016,0.0003,1447,0.872,22.2,2.1,2.6,22.6,25.2,1.00,25.15,0.99806,0.293,287.06,25.20,14,1
42.047,hall_mission,9x4.5,pi5,-0.000,0.028,-0.026,0.005,0.009,-0.004,0.011,0.04,-0.07,94.86,0.0018,0.0002,0.0012,0.0007,1447,0.872,22.2,2.1,2.6,22.6,25.2,1.00,25.15,0.99805,0.294,287.07,25.20,14,1
42.099,hall_mission,9x4.5,pi5,0.000,0.029,-0.027,0.006,0.009,-0.004,0.011,0.04,-0.07,94.86,0.0016,0.0004,0.0008,0.0012,1447,0.872,22.2,2.1,2.6,22.6,25.2,1.00,25.15,0.99805,0.294,287.07,25.20,14,1
42.147,hall_mission,9x4.5,pi5,0.001,0.029,-0.027,0.006,0.009,-0.004,0.011,0.04,-0.07,94.86,0.0020,0.0000,0.0011,0.0009,1447,0.872,22.2,2.1,2.6,22.6,25.2,1.00,25.15,0.99805,0.294,287.07,25.20,14,1
42.199,hall_mission,9x4.5,pi5,0.001,0.029,-0.026,0.005,0.009,-0.004,0.011,0.04,-0.07,94.86,0.0019,0.0002,0.0008,0.0011,1447,0.872,22.2,2.1,2.6,22.6,25.2,1.00,25.15,0.99805,0.295,287.07,25.20,14,1
42.247,hall_mission,9x4.5,pi5,0.001,0.028,-0.027,0.006,0.008,-0.004,0.011,0.04,-0.07,94.86,0.0018,0.0002,0.0011,0.0008,1447,0.872,22.2,2.1,2.6,22.6,25.2,1.00,25.15,0.99805,0.295,287.06,25.20,14,1
42.299,hall_mission,9x4.5,pi5,0.001,0.028,-0.027,0.006,0.007,-0.004,0.010,0.04,-0.07,94.86,0.0017,0.0004,0.0014,0.0006,1447,0.872,22.2,2.1,2.6,22.6,25.2,1.00,25.15,0.99804,0.295,287.07,25.20,14,1
42.347,hall_mission,9x4.5,pi5,0.001,0.027,-0.027,0.006,0.007,-0.004,0.010,0.04,-0.06,94.85,0.0017,0.0003,0.0010,0.0010,1447,0.872,22.2,2.1,2.6,22.6,25.2,1.00,25.15,0.99804,0.296,287.06,25.20,14,1
42.399,hall_mission,9x4.5,pi5,0.002,0.027,-0.028,0.005,0.006,-0.004,0.009,0.04,-0.06,94.86,0.0019,0.0001,0.0009,0.0011,1447,0.872,22.2,2.1,2.6,22.6,25.2,1.00,25.15,0.99804,0.296,287.06,25.20,14,1
42.447,hall_mission,9x4.5,pi5,0.002,0.026,-0.028,0.005,0.006,-0.004,0.009,0.04,-0.06,94.85,0.0015,0.0006,0.0015,0.0004,1447,0.872,22.2,2.1,2.6,22.6,25.2,1.00,25.15,0.99804,0.296,287.06,25.20,14,1
42.499,hall_mission,9x4.5,pi5,0.002,0.025,-0.028,0.006,0.005,-0.004,0.009,0.04,-0.06,94.85,0.0017,0.0002,0.0010,0.0010,1447,0.872,22.2,2.1,2.6,22.6,25.2,1.00,25.15,0.99803,0.297,287.06,25.20,14,1
42.547,hall_mission,9x4.5,pi5,0.002,0.025,-0.028,0.006,0.005,-0.004,0.009,0.04,-0.06,94.85,0.0017,0.0003,0.0010,0.0010,1447,0.872,22.2,2.1,2.6,22.6,25.2,1.00,25.15,0.99803,0.297,287.06,25.20,14,1
42.599,hall_mission,9x4.5,pi5,0.002,0.024,-0.029,0.006,0.005,-0.005,0.009,0.04,-0.06,94.85,0.0020,0.0001,0.0010,0.0009,1447,0.872,22.2,2.1,2.6,22.6,25.2,1.00,25.15,0.99803,0.298,287.06,25.20,14,1
42.647,hall_mission,9x4.5,pi5,0.002,0.024,-0.029,0.006,0.004,-0.005,0.009,0.04,-0.06,94.85,0.0019,0.0002,0.0007,0.0012,1447,0.872,22.2,2.1,2.6,22.6,25.2,1.00,25.15,0.99803,0.298,287.05,25.20,14,1
42.699,hall_mission,9x4.5,pi5,0.002,0.024,-0.029,0.006,0.004,-0.005,0.009,0.04,-0.06,94.85,0.0020,0.0001,0.0011,0.0008,1447,0.872,22.2,2.1,2.6,22.6,25.2,1.00,25.15,0.99802,0.298,287.05,25.20,14,1
42.747,hall_mission,9x4.5,pi5,0.002,0.023,-0.030,0.005,0.004,-0.005,0.009,0.04,-0.06,94.85,0.0017,0.0004,0.0011,0.0008,1447,0.872,22.2,2.1,2.6,22.6,25.2,1.00,25.15,0.99802,0.299,287.05,25.20,14,1
42.799,hall_mission,9x4.5,pi5,0.001,0.023,-0.030,0.005,0.004,-0.005,0.008,0.04,-0.06,94.85,0.0016,0.0005,0.0010,0.0009,1447,0.872,22.2,2.1,2.6,22.6,25.2,1.00,25.15,0.99802,0.299,287.05,25.20,14,1
42.847,hall_mission,9x4.5,pi5,0.001,0.022,-0.030,0.005,0.004,-0.005,0.008,0.04,-0.06,94.85,0.0018,0.0002,0.0009,0.0010,1447,0.872,22.2,2.1,2.6,22.6,25.2,1.00,25.15,0.99802,0.299,287.05,25.20,14,1
42.899,hall_mission,9x4.5,pi5,0.000,0.022,-0.031,0.004,0.004,-0.005,0.008,0.04,-0.06,94.85,0.0019,0.0002,0.0011,0.0008,1447,0.872,22.2,2.1,2.6,22.6,25.2,1.00,25.15,0.99802,0.300,287.05,25.20,14,1
42.947,hall_mission,9x4.5,pi5,0.000,0.021,-0.031,0.004,0.004,-0.006,0.008,0.04,-0.06,94.85,0.0017,0.0003,0.0014,0.0006,1447,0.872,22.2,2.1,2.6,22.6,25.2,1.00,25.15,0.99801,0.300,287.05,25.20,14,1
42.999,hall_mission,9x4.5,pi5,-0.000,0.021,-0.031,0.004,0.003,-0.005,0.007,0.04,-0.06,94.85,0.0017,0.0004,0.0010,0.0009,1447,0.872,22.2,2.1,2.6,22.6,25.2,1.00,25.15,0.99801,0.300,287.05,25.20,14,1
43.047,hall_mission,9x4.5,pi5,-0.000,0.020,-0.031,0.004,0.003,-0.005,0.007,0.04,-0.06,94.85,0.0018,0.0002,0.0014,0.0006,1447,0.872,22.2,2.1,2.6,22.6,25.2,1.00,25.15,0.99801,0.301,287.05,25.20,14,1
43.099,hall_mission,9x4.5,pi5,-0.000,0.020,-0.030,0.003,0.003,-0.005,0.007,0.04,-0.06,94.85,0.0018,0.0001,0.0011,0.0010,1447,0.872,22.2,2.1,2.6,22.6,25.2,1.00,25.15,0.99801,0.301,287.05,25.20,14,1
43.147,hall_mission,9x4.5,pi5,-0.001,0.019,-0.030,0.003,0.002,-0.005,0.006,0.04,-0.06,94.85,0.0016,0.0004,0.0011,0.0010,1447,0.872,22.2,2.1,2.6,22.6,25.2,1.00,25.15,0.99800,0.301,287.05,25.20,14,1
43.199,hall_mission,9x4.5,pi5,-0.001,0.018,-0.029,0.003,0.002,-0.005,0.006,0.05,-0.06,94.85,0.0020,0.0000,0.0010,0.0009,1447,0.872,22.2,2.1,2.6,22.6,25.2,1.00,25.15,0.99800,0.302,287.04,25.20,14,1
43.247,hall_mission,9x4.5,pi5,-0.002,0.017,-0.029,0.002,0.002,-0.005,0.005,0.05,-0.06,94.85,0.0021,0.0001,0.0013,0.0006,1447,0.872,22.2,2.1,2.6,22.6,25.2,1.00,25.15,0.99800,0.302,287.04,25.20,14,1
43.299,hall_mission,9x4.5,pi5,-0.003,0.016,-0.029,0.002,0.001,-0.004,0.005,0.05,-0.06,94.85,0.0016,0.0005,0.0012,0.0008,1447,0.872,22.2,2.1,2.6,22.6,25.2,1.00,25.15,0.99800,0.302,287.04,25.20,14,1
43.347,hall_mission,9x4.5,pi5,-0.003,0.015,-0.028,0.001,0.001,-0.005,0.005,0.05,-0.06,94.85,0.0018,0.0003,0.0008,0.0011,1447,0.872,22.2,2.1,2.6,22.6,25.2,1.00,25.15,0.99799,0.303,287.04,25.20,14,1
43.399,hall_mission,9x4.5,pi5,-0.004,0.015,-0.028,0.000,0.001,-0.004,0.005,0.05,-0.06,94.85,0.0019,0.0001,0.0010,0.0010,1447,0.872,22.2,2.1,2.6,22.6,25.2,1.00,25.15,0.99799,0.303,287.04,25.20,14,1
43.447,hall_mission,9x4.5,pi5,-0.005,0.014,-0.028,0.000,0.001,-0.004,0.004,0.05,-0.06,94.85,0.0019,0.0002,0.0009,0.0010,1447,0.872,22.2,2.1,2.6,22.6,25.2,1.00,25.15,0.99799,0.303,287.04,25.20,14,1
43.499,hall_mission,9x4.5,pi5,-0.005,0.013,-0.028,-0.000,0.001,-0.004,0.004,0.05,-0.06,94.85,0.0019,0.0002,0.0008,0.0011,1447,0.872,22.2,2.1,2.6,22.6,25.2,1.00,25.15,0.99799,0.304,287.04,25.20,14,1
43.547,hall_mission,9x4.5,pi5,-0.006,0.012,-0.028,-0.001,0.000,-0.004,0.004,0.05,-0.06,94.85,0.0018,0.0001,0.0011,0.0009,1447,0.872,22.2,2.1,2.6,22.6,25.2,1.00,25.15,0.99799,0.304,287.03,25.20,14,1
43.599,hall_mission,9x4.5,pi5,-0.006,0.011,-0.028,-0.001,0.000,-0.004,0.004,0.05,-0.06,94.85,0.0018,0.0001,0.0011,0.0010,1447,0.872,22.2,2.1,2.6,22.6,25.2,1.00,25.15,0.99798,0.305,287.04,25.20,14,1
43.647,hall_mission,9x4.5,pi5,-0.006,0.010,-0.028,-0.000,0.000,-0.004,0.004,0.05,-0.06,94.85,0.0019,0.0001,0.0013,0.0007,1447,0.872,22.2,2.1,2.6,22.6,25.2,1.00,25.15,0.99798,0.305,287.03,25.20,14,1
43.699,hall_mission,9x4.5,pi5,-0.005,0.010,-0.028,0.000,-0.000,-0.004,0.004,0.05,-0.06,94.85,0.0014,0.0007,0.0014,0.0005,1447,0.872,22.2,2.1,2.6,22.6,25.2,1.00,25.15,0.99798,0.305,287.03,25.20,14,1
43.747,hall_mission,9x4.5,pi5,-0.005,0.009,-0.028,0.001,-0.000,-0.004,0.004,0.05,-0.06,94.85,0.0019,0.0001,0.0009,0.0010,1447,0.872,22.2,2.1,2.6,22.6,25.2,1.00,25.15,0.99798,0.306,287.03,25.20,14,1
43.799,hall_mission,9x4.5,pi5,-0.004,0.008,-0.027,0.001,-0.001,-0.003,0.004,0.04,-0.06,94.85,0.0017,0.0004,0.0012,0.0008,1447,0.872,22.2,2.1,2.6,22.6,25.2,1.00,25.15,0.99797,0.306,287.03,25.20,14,1
43.847,hall_mission,9x4.5,pi5,-0.004,0.007,-0.027,0.002,-0.001,-0.003,0.004,0.04,-0.06,94.85,0.0016,0.0005,0.0009,0.0010,1447,0.872,22.2,2.1,2.6,22.6,25.2,1.00,25.15,0.99797,0.306,287.03,25.20,14,1
43.899,hall_mission,9x4.5,pi5,-0.004,0.005,-0.026,0.002,-0.002,-0.003,0.004,0.04,-0.06,94.85,0.0020,0.0002,0.0009,0.0009,1447,0.872,22.2,2.1,2.6,22.6,25.2,1.00,25.15,0.99797,0.307,287.03,25.20,14,1
43.947,hall_mission,9x4.5,pi5,-0.003,0.004,-0.026,0.002,-0.003,-0.003,0.004,0.04,-0.06,94.85,0.0020,0.0001,0.0012,0.0007,1447,0.872,22.2,2.1,2.6,22.6,25.2,1.00,25.15,0.99797,0.307,287.03,25.20,14,1
43.999,hall_mission,9x4.5,pi5,-0.003,0.003,-0.025,0.003,-0.003,-0.002,0.005,0.04,-0.05,94.85,0.0019,0.0001,0.0010,0.0009,1447,0.872,22.2,2.1,2.6,22.6,25.2,1.00,25.15,0.99796,0.307,287.03,25.20,14,1
44.047,hall_mission,9x4.5,pi5,-0.003,0.002,-0.025,0.003,-0.004,-0.002,0.005,0.04,-0.05,94.85,0.0017,0.0003,0.0011,0.0008,1447,0.872,22.2,2.1,2.6,22.6,25.2,1.00,25.15,0.99796,0.308,287.03,25.20,14,1
44.099,hall_mission,9x4.5,pi5,-0.003,0.000,-0.025,0.003,-0.004,-0.002,0.006,0.04,-0.05,94.85,0.0017,0.0003,0.0008,0.0012,1447,0.872,22.2,2.1,2.6,22.6,25.2,1.00,25.15,0.99796,0.308,287.02,25.20,14,1
44.147,hall_mission,9x4.5,pi5,-0.003,-0.001,-0.025,0.003,-0.005,-0.002,0.006,0.04,-0.05,94.85,0.0020,0.0000,0.0011,0.0009,1089,0.658,16.8,1.6,1.9,22.6,24.5,0.98,25.15,0.99796,0.308,294.33,25.20,14,1
44.199,hall_mission,9x4.5,pi5,-0.003,-0.002,-0.025,0.003,-0.005,-0.002,0.007,0.04,-0.05,94.84,0.0018,0.0003,0.0012,0.0007,1447,0.872,22.2,2.1,2.6,22.6,25.2,1.00,25.15,0.99796,0.309,287.02,25.20,14,1
44.247,hall_mission,9x4.5,pi5,-0.003,-0.002,-0.025,0.003,-0.005,-0.002,0.007,0.04,-0.05,94.84,0.0017,0.0004,0.0012,0.0007,1447,0.872,22.2,2.1,2.6,22.6,25.2,1.00,25.15,0.99795,0.309,287.02,25.20,14,1
44.299,hall_mission,9x4.5,pi5,-0.003,-0.003,-0.025,0.003,-0.005,-0.002,0.006,0.04,-0.05,94.84,0.0019,0.0001,0.0010,0.0009,1447,0.872,22.2,2.1,2.6,22.6,25.2,1.00,25.15,0.99795,0.309,287.02,25.20,14,1
44.347,hall_mission,9x4.5,pi5,-0.003,-0.003,-0.025,0.003,-0.005,-0.002,0.006,0.04,-0.05,94.84,0.0018,0.0002,0.0009,0.0011,1447,0.872,22.2,2.1,2.6,22.6,25.2,1.00,25.15,0.99795,0.310,287.02,25.20,14,1
44.399,hall_mission,9x4.5,pi5,-0.004,-0.003,-0.025,0.002,-0.005,-0.002,0.006,0.04,-0.05,94.84,0.0014,0.0007,0.0012,0.0008,1447,0.872,22.2,2.1,2.6,22.6,25.2,1.00,25.15,0.99795,0.310,287.02,25.20,14,1
44.447,hall_mission,9x4.5,pi5,-0.004,-0.002,-0.025,0.003,-0.004,-0.002,0.005,0.04,-0.05,94.84,0.0016,0.0004,0.0012,0.0007,1447,0.872,22.2,2.1,2.6,22.6,25.2,1.00,25.15,0.99794,0.310,287.02,25.20,14,1
44.499,hall_mission,9x4.5,pi5,-0.003,-0.002,-0.024,0.003,-0.004,-0.002,0.005,0.04,-0.06,94.84,0.0019,0.0001,0.0013,0.0007,1447,0.872,22.2,2.1,2.6,22.6,25.2,1.00,25.15,0.99794,0.311,287.01,25.20,14,1
44.547,hall_mission,9x4.5,pi5,-0.003,-0.001,-0.024,0.003,-0.003,-0.002,0.005,0.04,-0.06,94.84,0.0019,0.0001,0.0010,0.0009,1447,0.872,22.2,2.1,2.6,22.6,25.2,1.00,25.15,0.99794,0.311,287.02,25.20,14,1
44.599,hall_mission,9x4.5,pi5,-0.003,-0.001,-0.024,0.004,-0.002,-0.002,0.005,0.04,-0.06,94.84,0.0018,0.0003,0.0010,0.0009,1447,0.872,22.2,2.1,2.6,22.6,25.2,1.00,25.15,0.99794,0.312,287.01,25.20,14,1
44.647,hall_mission,9x4.5,pi5,-0.003,-0.000,-0.024,0.004,-0.002,-0.002,0.005,0.04,-0.06,94.84,0.0017,0.0005,0.0010,0.0009,1447,0.872,22.2,2.1,2.6,22.6,25.2,1.00,25.15,0.99793,0.312,287.01,25.20,14,1
44.699,hall_mission,9x4.5,pi5,-0.003,0.000,-0.023,0.005,-0.002,-0.002,0.005,0.04,-0.06,94.84,0.0020,0.0003,0.0013,0.0005,1447,0.872,22.2,2.1,2.6,22.6,25.2,1.00,25.15,0.99793,0.312,287.01,25.20,14,1
44.747,hall_mission,9x4.5,pi5,-0.002,0.001,-0.023,0.005,-0.001,-0.002,0.005,0.04,-0.06,94.84,0.0018,0.0004,0.0008,0.0011,1447,0.872,22.2,2.1,2.6,22.6,25.2,1.00,25.15,0.99793,0.313,287.01,25.20,14,1
44.799,hall_mission,9x4.5,pi5,-0.003,0.001,-0.023,0.004,-0.001,-0.001,0.005,0.04,-0.06,94.84,0.0018,0.0002,0.0012,0.0008,1447,0.872,22.2,2.1,2.6,22.6,25.2,1.00,25.15,0.99793,0.313,287.01,25.20,14,1
44.847,hall_mission,9x4.5,pi5,-0.003,0.002,-0.023,0.004,-0.001,-0.001,0.005,0.04,-0.06,94.84,0.0018,0.0002,0.0007,0.0013,1447,0.872,22.2,2.1,2.6,22.6,25.2,1.00,25.15,0.99793,0.313,287.01,25.20,14,1
44.899,hall_mission,9x4.5,pi5,-0.004,0.002,-0.023,0.004,-0.001,-0.001,0.004,0.04,-0.06,94.84,0.0019,0.0001,0.0012,0.0007,1447,0.872,22.2,2.1,2.6,22.6,25.2,1.00,25.15,0.99792,0.314,287.01,25.20,14,1
44.947,hall_mission,9x4.5,pi5,-0.004,0.002,-0.023,0.003,-0.001,-0.001,0.004,0.04,-0.06,94.84,0.0018,0.0003,0.0009,0.0010,1447,0.872,22.2,2.1,2.6,22.6,25.2,1.00,25.15,0.99792,0.314,287.01,25.20,14,1
44.999,hall_mission,9x4.5,pi5,-0.005,0.001,-0.022,0.003,-0.001,-0.001,0.003,0.04,-0.06,94.84,0.0017,0.0003,0.0011,0.0009,1447,0.872,22.2,2.1,2.6,22.6,25.2,1.00,25.15,0.99792,0.314,287.01,25.20,14,1
45.047,hall_mission,9x4.5,pi5,-0.006,0.001,-0.022,0.002,-0.002,-0.001,0.003,0.04,-0.06,94.84,0.0018,0.0002,0.0010,0.0009,1447,0.872,22.2,2.1,2.6,22.6,25.2,1.00,25.15,0.99792,0.315,287.00,25.20,14,1
45.099,hall_mission,9x4.5,pi5,-0.006,0.000,-0.021,0.002,-0.002,-0.001,0.003,0.04,-0.06,94.84,0.0018,0.0002,0.0010,0.0010,1447,0.872,22.2,2.1,2.6,22.6,25.2,1.00,25.15,0.99791,0.315,287.01,25.20,14,1
45.147,hall_mission,9x4.5,pi5,-0.007,-0.000,-0.021,0.002,-0.003,-0.000,0.003,0.04,-0.06,94.84,0.0017,0.0003,0.0016,0.0004,1447,0.872,22.2,2.1,2.6,22.6,25.2,1.00,25.15,0.99791,0.315,287.00,25.20,14,1
45.199,hall_mission,9x4.5,pi5,-0.008,-0.001,-0.020,0.001,-0.003,-0.000,0.004,0.04,-0.06,94.84,0.0019,0.0002,0.0008,0.0010,1447,0.872,22.2,2.1,2.6,22.6,25.2,1.00,25.15,0.99791,0.316,287.00,25.20,14,1
45.247,hall_mission,9x4.5,pi5,-0.008,-0.002,-0.020,0.001,-0.004,0.000,0.004,0.04,-0.05,94.84,0.0019,0.0002,0.0011,0.0008,1447,0.872,22.2,2.1,2.6,22.6,25.2,1.00,25.15,0.99791,0.316,287.00,25.20,14,1
45.299,hall_mission,9x4.5,pi5,-0.009,-0.002,-0.020,0.001,-0.004,0.000,0.004,0.04,-0.05,94.84,0.0019,0.0002,0.0011,0.0008,1447,0.872,22.2,2.1,2.6,22.6,25.2,1.00,25.15,0.99790,0.316,287.00,25.20,14,1
45.347,hall_mission,9x4.5,pi5,-0.009,-0.003,-0.020,0.001,-0.004,0.000,0.004,0.04,-0.05,94.84,0.0018,0.0003,0.0010,0.0009,1447,0.872,22.2,2.1,2.6,22.6,25.2,1.00,25.15,0.99790,0.317,287.00,25.20,14,1
45.399,hall_mission,9x4.5,pi5,-0.010,-0.003,-0.020,0.001,-0.004,0.000,0.004,0.04,-0.05,94.84,0.0015,0.0004,0.0012,0.0008,1447,0.872,22.2,2.1,2.6,22.6,25.2,1.00,25.15,0.99790,0.317,287.00,25.20,14,1
45.447,hall_mission,9x4.5,pi5,-0.010,-0.003,-0.020,0.001,-0.004,0.000,0.005,0.04,-0.05,94.84,0.0014,0.0005,0.0013,0.0008,1447,0.872,22.2,2.1,2.6,22.6,25.2,1.00,25.15,0.99790,0.317,287.00,25.20,14,1
45.499,hall_mission,9x4.5,pi5,-0.010,-0.003,-0.021,0.001,-0.004,0.000,0.005,0.04,-0.05,94.84,0.0017,0.0003,0.0012,0.0009,1447,0.872,22.2,2.1,2.6,22.6,25.2,1.00,25.15,0.99789,0.318,286.99,25.20,14,1
45.547,hall_mission,9x4.5,pi5,-0.010,-0.003,-0.022,0.001,-0.004,-0.000,0.005,0.04,-0.05,94.84,0.0020,0.0000,0.0012,0.0008,1089,0.658,16.8,1.6,1.9,22.6,24.5,0.98,25.15,0.99789,0.318,294.30,25.20,14,1
45.599,hall_mission,9x4.5,pi5,-0.010,-0.003,-0.023,0.001,-0.004,-0.001,0.005,0.04,-0.05,94.84,0.0017,0.0003,0.0012,0.0008,1447,0.872,22.2,2.1,2.6,22.6,25.2,1.00,25.15,0.99789,0.319,286.99,25.20,14,1
45.647,hall_mission,9x4.5,pi5,-0.010,-0.003,-0.023,0.002,-0.004,-0.001,0.005,0.04,-0.05,94.84,0.0017,0.0003,0.0013,0.0007,1447,0.872,22.2,2.1,2.6,22.6,25.2,1.00,25.15,0.99789,0.319,286.99,25.20,14,1
45.699,hall_mission,9x4.5,pi5,-0.010,-0.002,-0.024,0.002,-0.004,-0.001,0.004,0.04,-0.06,94.84,0.0018,0.0003,0.0010,0.0010,1447,0.872,22.2,2.1,2.6,22.6,25.2,1.00,25.15,0.99789,0.319,286.99,25.20,14,1
45.747,hall_mission,9x4.5,pi5,-0.010,-0.002,-0.025,0.002,-0.003,-0.001,0.004,0.04,-0.06,94.84,0.0017,0.0004,0.0011,0.0009,1447,0.872,22.2,2.1,2.6,22.6,25.2,1.00,25.15,0.99788,0.320,286.99,25.20,14,1
45.799,hall_mission,9x4.5,pi5,-0.009,-0.001,-0.026,0.003,-0.002,-0.002,0.004,0.04,-0.06,94.84,0.0020,0.0000,0.0013,0.0007,1447,0.872,22.2,2.1,2.6,22.6,25.2,1.00,25.15,0.99788,0.320,286.98,25.20,14,1
45.847,hall_mission,9x4.5,pi5,-0.009,-0.000,-0.026,0.004,-0.002,-0.002,0.005,0.04,-0.06,94.84,0.0015,0.0006,0.0013,0.0006,1447,0.872,22.2,2.1,2.6,22.6,25.2,1.00,25.15,0.99788,0.320,286.99,25.20,14,1
45.899,hall_mission,9x4.5,pi5,-0.008,0.001,-0.026,0.005,-0.001,-0.002,0.005,0.03,-0.06,94.84,0.0018,0.0004,0.0013,0.0006,1447,0.872,22.2,2.1,2.6,22.6,25.2,1.00,25.15,0.99788,0.321,286.99,25.20,14,1
45.947,hall_mission,9x4.5,pi5,-0.008,0.001,-0.026,0.005,-0.001,-0.002,0.006,0.03,-0.06,94.84,0.0015,0.0006,0.0013,0.0006,1447,0.872,22.2,2.1,2.6,22.6,25.2,1.00,25.15,0.99787,0.321,286.98,25.20,14,1
45.999,hall_mission,9x4.5,pi5,-0.007,0.002,-0.026,0.006,-0.000,-0.002,0.006,0.03,-0.06,94.84,0.0017,0.0004,0.0012,0.0007,1447,0.872,22.2,2.1,2.6,22.6,25.2,1.00,25.15,0.99787,0.321,286.99,25.20,14,1
46.047,hall_mission,9x4.5,pi5,-0.006,0.003,-0.026,0.007,0.000,-0.002,0.007,0.03,-0.06,94.84,0.0017,0.0004,0.0013,0.0006,1447,0.872,22.2,2.1,2.6,22.6,25.2,1.00,25.15,0.99787,0.322,286.98,25.20,14,1
46.099,hall_mission,9x4.5,pi5,-0.005,0.003,-0.025,0.007,0.001,-0.002,0.007,0.03,-0.06,94.84,0.0019,0.0003,0.0012,0.0007,1447,0.872,22.2,2.1,2.6,22.6,25.2,1.00,25.15,0.99787,0.322,286.98,25.20,14,1
46.147,hall_mission,9x4.5,pi5,-0.004,0.004,-0.025,0.007,0.001,-0.001,0.008,0.03,-0.06,94.84,0.0016,0.0004,0.0012,0.0008,1447,0.872,22.2,2.1,2.6,22.6,25.2,1.00,25.15,0.99786,0.322,286.98,25.20,14,1
46.199,hall_mission,9x4.5,pi5,-0.003,0.004,-0.024,0.008,0.001,-0.001,0.008,0.03,-0.06,94.84,0.0021,0.0001,0.0014,0.0004,1447,0.872,22.2,2.1,2.6,22.6,25.2,1.00,25.15,0.99786,0.323,286.98,25.20,14,1
46.247,hall_mission,9x4.5,pi5,-0.003,0.005,-0.023,0.008,0.002,-0.001,0.008,0.03,-0.07,94.84,0.0020,0.0001,0.0012,0.0007,1447,0.872,22.2,2.1,2.6,22.6,25.2,1.00,25.15,0.99786,0.323,286.98,25.20,14,1
46.299,hall_mission,9x4.5,pi5,-0.002,0.005,-0.022,0.008,0.002,-0.000,0.008,0.03,-0.07,94.84,0.0017,0.0003,0.0014,0.0005,1447,0.872,22.2,2.1,2.6,22.6,25.2,1.00,25.15,0.99786,0.323,286.98,25.20,14,1
46.347,hall_mission,9x4.5,pi5,-0.002,0.006,-0.021,0.008,0.002,0.000,0.009,0.03,-0.07,94.84,0.0018,0.0002,0.0011,0.0009,1447,0.872,22.2,2.1,2.6,22.6,25.2,1.00,25.15,0.99786,0.324,286.98,25.20,14,1
46.399,hall_mission,9x4.5,pi5,-0.001,0.006,-0.019,0.008,0.002,0.001,0.009,0.03,-0.06,94.84,0.0017,0.0004,0.0013,0.0006,1447,0.872,22.2,2.1,2.6,22.6,25.2,1.00,25.15,0.99785,0.324,286.97,25.20,14,1
46.447,hall_mission,9x4.5,pi5,-0.001,0.007,-0.018,0.008,0.002,0.001,0.009,0.03,-0.06,94.84,0.0020,0.0000,0.0012,0.0008,1447,0.872,22.2,2.1,2.6,22.6,25.2,1.00,25.15,0.99785,0.324,286.98,25.20,14,1
46.499,hall_mission,9x4.5,pi5,0.000,0.007,-0.016,0.008,0.003,0.002,0.009,0.03,-0.06,94.84,0.0016,0.0004,0.0013,0.0007,1447,0.872,22.2,2.1,2.6,22.6,25.2,1.00,25.15,0.99785,0.325,286.97,25.20,14,1
46.547,hall_mission,9x4.5,pi5,0.001,0.007,-0.015,0.009,0.003,0.003,0.009,0.03,-0.06,94.84,0.0016,0.0004,0.0012,0.0008,1447,0.872,22.2,2.1,2.6,22.6,25.2,1.00,25.15,0.99785,0.325,286.98,25.20,14,1
46.599,hall_mission,9x4.5,pi5,0.001,0.008,-0.012,0.009,0.003,0.003,0.010,0.03,-0.06,94.84,0.0017,0.0003,0.0014,0.0006,1447,0.872,22.2,2.1,2.6,22.6,25.2,1.00,25.15,0.99784,0.325,286.97,25.20,14,1
46.647,hall_mission,9x4.5,pi5,0.001,0.008,-0.011,0.009,0.003,0.004,0.010,0.03,-0.06,94.84,0.0017,0.0003,0.0015,0.0005,1447,0.872,22.2,2.1,2.6,22.6,25.2,1.00,25.15,0.99784,0.326,286.97,25.20,14,1
46.699,hall_mission,9x4.5,pi5,0.001,0.008,-0.009,0.008,0.003,0.004,0.009,0.04,-0.06,94.84,0.0020,0.0000,0.0014,0.0006,1089,0.658,16.8,1.6,1.9,22.6,24.5,0.98,25.15,0.99784,0.326,294.27,25.20,14,1
46.747,hall_mission,9x4.5,pi5,0.000,0.008,-0.007,0.007,0.003,0.005,0.009,0.04,-0.06,94.84,0.0016,0.0003,0.0011,0.0010,1447,0.872,22.2,2.1,2.6,22.6,25.2,1.00,25.15,0.99784,0.327,286.97,25.20,14,1
46.799,hall_mission,9x4.5,pi5,-0.000,0.007,-0.005,0.007,0.002,0.005,0.009,0.04,-0.06,94.84,0.0017,0.0003,0.0012,0.0008,1447,0.872,22.2,2.1,2.6,22.6,25.2,1.00,25.15,0.99783,0.327,286.97,25.20,14,1
46.847,hall_mission,9x4.5,pi5,-0.001,0.007,-0.004,0.006,0.002,0.005,0.008,0.04,-0.06,94.84,0.0020,0.0000,0.0012,0.0008,1089,0.658,16.8,1.6,1.9,22.6,24.5,0.98,25.15,0.99783,0.327,294.27,25.20,14,1
46.899,hall_mission,9x4.5,pi5,-0.002,0.006,-0.003,0.005,0.001,0.006,0.008,0.04,-0.06,94.84,0.0017,0.0003,0.0011,0.0010,1447,0.872,22.2,2.1,2.6,22.6,25.2,1.00,25.15,0.99783,0.328,286.97,25.20,14,1
46.947,hall_mission,9x4.5,pi5,-0.003,0.006,-0.002,0.005,0.001,0.006,0.008,0.04,-0.06,94.84,0.0018,0.0002,0.0012,0.0008,1447,0.872,22.2,2.1,2.6,22.6,25.2,1.00,25.15,0.99783,0.328,286.96,25.20,14,1
46.999,hall_mission,9x4.5,pi5,-0.004,0.005,-0.001,0.004,-0.000,0.006,0.007,0.04,-0.06,94.84,0.0015,0.0005,0.0010,0.0011,1447,0.872,22.2,2.1,2.6,22.6,25.2,1.00,25.15,0.99783,0.328,286.97,25.20,14,1
47.047,hall_mission,9x4.5,pi5,-0.005,0.004,0.000,0.004,-0.001,0.006,0.007,0.04,-0.06,94.84,0.0019,0.0002,0.0010,0.0010,1447,0.872,22.2,2.1,2.6,22.6,25.2,1.00,25.15,0.99782,0.329,286.96,25.20,14,1
47.099,hall_mission,9x4.5,pi5,-0.005,0.003,0.001,0.003,-0.002,0.006,0.007,0.04,-0.05,94.84,0.0015,0.0005,0.0014,0.0005,1447,0.872,22.2,2.1,2.6,22.6,25.2,1.00,25.15,0.99782,0.329,286.96,25.20,14,1
47.147,hall_mission,9x4.5,pi5,-0.006,0.003,0.001,0.003,-0.002,0.006,0.007,0.04,-0.05,94.83,0.0015,0.0005,0.0010,0.0009,1447,0.872,22.2,2.1,2.6,22.6,25.2,1.00,25.15,0.99782,0.329,286.96,25.20,14,1
47.199,hall_mission,9x4.5,pi5,-0.007,0.002,0.002,0.003,-0.003,0.006,0.007,0.04,-0.05,94.83,0.0015,0.0005,0.0012,0.0008,1447,0.872,22.2,2.1,2.6,22.6,25.2,1.00,25.15,0.99782,0.330,286.96,25.20,14,1
47.247,hall_mission,9x4.5,pi5,-0.007,0.001,0.002,0.002,-0.003,0.006,0.007,0.04,-0.05,94.83,0.0018,0.0002,0.0008,0.0012,1447,0.872,22.2,2.1,2.6,22.6,25.2,1.00,25.15,0.99781,0.330,286.96,25.20,14,1
47.299,hall_mission,9x4.5,pi5,-0.008,-0.000,0.003,0.002,-0.004,0.006,0.007,0.04,-0.05,94.83,0.0017,0.0003,0.0012,0.0008,1447,0.872,22.2,2.1,2.6,22.6,25.2,1.00,25.15,0.99781,0.330,286.96,25.20,14,1
47.347,hall_mission,9x4.5,pi5,-0.008,-0.001,0.003,0.001,-0.004,0.006,0.007,0.04,-0.05,94.83,0.0014,0.0007,0.0010,0.0009,1447,0.872,22.2,2.1,2.6,22.6,25.2,1.00,25.15,0.99781,0.331,286.95,25.20,14,1
47.399,hall_mission,9x4.5,pi5,-0.009,-0.002,0.002,0.001,-0.005,0.005,0.008,0.04,-0.05,94.83,0.0018,0.0002,0.0009,0.0012,1447,0.872,22.2,2.1,2.6,22.6,25.2,1.00,25.15,0.99781,0.331,286.95,25.20,14,1
47.447,hall_mission,9x4.5,pi5,-0.009,-0.003,0.002,0.002,-0.006,0.005,0.008,0.04,-0.05,94.83,0.0018,0.0002,0.0008,0.0012,1447,0.872,22.2,2.1,2.6,22.6,25.2,1.00,25.15,0.99780,0.331,286.95,25.20,14,1
47.499,hall_mission,9x4.5,pi5,-0.009,-0.004,0.002,0.002,-0.006,0.005,0.009,0.04,-0.05,94.83,0.0017,0.0003,0.0011,0.0008,1447,0.872,22.2,2.1,2.6,22.6,25.2,1.00,25.15,0.99780,0.332,286.95,25.20,14,1
47.547,hall_mission,9x4.5,pi5,-0.009,-0.005,0.002,0.002,-0.007,0.005,0.009,0.04,-0.05,94.83,0.0013,0.0008,0.0012,0.0008,1447,0.872,22.2,2.1,2.6,22.6,25.2,1.00,25.15,0.99780,0.332,286.95,25.20,14,1
47.599,hall_mission,9x4.5,pi5,-0.008,-0.007,0.002,0.003,-0.008,0.005,0.010,0.04,-0.05,94.83,0.0017,0.0002,0.0014,0.0007,1447,0.872,22.2,2.1,2.6,22.6,25.2,1.00,25.15,0.99780,0.332,286.95,25.20,14,1
47.647,hall_mission,9x4.5,pi5,-0.008,-0.007,0.001,0.004,-0.008,0.005,0.010,0.04,-0.04,94.83,0.0013,0.0006,0.0011,0.0009,1447,0.872,22.2,2.1,2.6,22.6,25.2,1.00,25.15,0.99780,0.333,286.95,25.20,14,1
47.699,hall_mission,9x4.5,pi5,-0.007,-0.009,0.001,0.004,-0.008,0.004,0.010,0.03,-0.04,94.83,0.0014,0.0005,0.0009,0.0011,1447,0.872,22.2,2.1,2.6,22.6,25.2,1.00,25.15,0.99779,0.333,286.95,25.20,14,1
47.747,hall_mission,9x4.5,pi5,-0.007,-0.009,-0.000,0.004,-0.009,0.004,0.011,0.04,-0.04,94.83,0.0015,0.0005,0.0013,0.0007,1447,0.872,22.2,2.1,2.6,22.6,25.2,1.00,25.15,0.99779,0.334,286.95,25.20,14,1
47.799,hall_mission,9x4.5,pi5,-0.007,-0.011,-0.001,0.004,-0.009,0.003,0.011,0.04,-0.04,94.83,0.0017,0.0003,0.0011,0.0009,1447,0.872,22.2,2.1,2.6,22.6,25.2,1.00,25.15,0.99779,0.334,286.95,25.20,14,1
47.847,hall_mission,9x4.5,pi5,-0.007,-0.011,-0.002,0.004,-0.009,0.003,0.011,0.04,-0.04,94.83,0.0019,0.0002,0.0014,0.0006,1447,0.872,22.2,2.1,2.6,22.6,25.2,1.00,25.15,0.99779,0.334,286.95,25.20,14,1
47.899,hall_mission,9x4.5,pi5,-0.007,-0.011,-0.003,0.003,-0.009,0.003,0.010,0.04,-0.04,94.83,0.0015,0.0005,0.0011,0.0009,1447,0.872,22.2,2.1,2.6,22.6,25.2,1.00,25.15,0.99778,0.335,286.94,25.20,14,1
47.947,hall_mission,9x4.5,pi5,-0.008,-0.012,-0.003,0.003,-0.009,0.003,0.010,0.04,-0.04,94.83,0.0014,0.0006,0.0009,0.0011,1447,0.872,22.2,2.1,2.6,22.6,25.2,1.00,25.15,0.99778,0.335,286.94,25.20,14,1
47.999,hall_mission,9x4.5,pi5,-0.008,-0.012,-0.004,0.003,-0.009,0.003,0.010,0.04,-0.04,94.83,0.0018,0.0002,0.0008,0.0012,1447,0.872,22.2,2.1,2.6,22.6,25.2,1.00,25.15,0.99778,0.335,286.94,25.20,14,1
48.047,hall_mission,9x4.5,pi5,-0.008,-0.012,-0.005,0.002,-0.008,0.003,0.009,0.04,-0.04,94.83,0.0016,0.0004,0.0008,0.0011,1447,0.872,22.2,2.1,2.6,22.6,25.2,1.00,25.15,0.99778,0.336,286.94,25.20,14,1
48.099,hall_mission,9x4.5,pi5,-0.008,-0.012,-0.006,0.002,-0.008,0.002,0.009,0.04,-0.04,94.83,0.0019,0.0000,0.0011,0.0009,1447,0.872,22.2,2.1,2.6,22.6,25.2,1.00,25.15,0.99777,0.336,286.94,25.20,14,1
48.147,hall_mission,9x4.5,pi5,-0.008,-0.011,-0.007,0.002,-0.008,0.002,0.008,0.04,-0.05,94.83,0.0014,0.0006,0.0010,0.0010,1447,0.872,22.2,2.1,2.6,22.6,25.2,1.00,25.15,0.99777,0.336,286.94,25.20,14,1
48.199,hall_mission,9x4.5,pi5,-0.009,-0.011,-0.008,0.002,-0.007,0.001,0.008,0.04,-0.05,94.83,0.0013,0.0007,0.0010,0.0010,1447,0.872,22.2,2.1,2.6,22.6,25.2,1.00,25.15,0.99777,0.337,286.94,25.20,14,1
48.247,hall_mission,9x4.5,pi5,-0.009,-0.011,-0.010,0.001,-0.007,0.001,0.008,0.04,-0.05,94.83,0.0016,0.0004,0.0011,0.0009,1447,0.872,22.2,2.1,2.6,22.6,25.2,1.00,25.15,0.99777,0.337,286.93,25.20,14,1
48.299,hall_mission,9x4.5,pi5,-0.009,-0.011,-0.011,0.001,-0.007,0.000,0.007,0.04,-0.05,94.83,0.0014,0.0006,0.0012,0.0008,1447,0.872,22.2,2.1,2.6,22.6,25.2,1.00,25.15,0.99777,0.337,286.94,25.20,14,1
48.347,hall_mission,9x4.5,pi5,-0.010,-0.011,-0.012,0.000,-0.007,-0.000,0.008,0.04,-0.05,94.83,0.0017,0.0004,0.0008,0.0011,1447,0.872,22.2,2.1,2.6,22.6,25.2,1.00,25.15,0.99776,0.338,286.93,25.20,14,1
48.399,hall_mission,9x4.5,pi5,-0.010,-0.012,-0.014,-0.000,-0.007,-0.001,0.007,0.04,-0.05,94.83,0.0019,0.0002,0.0010,0.0009,1447,0.872,22.2,2.1,2.6,22.6,25.2,1.00,25.15,0.99776,0.338,286.93,25.20,14,1
48.447,hall_mission,9x4.5,pi5,-0.010,-0.011,-0.015,-0.000,-0.007,-0.002,0.007,0.05,-0.05,94.83,0.0018,0.0002,0.0016,0.0004,1447,0.872,22.2,2.1,2.6,22.6,25.2,1.00,25.15,0.99776,0.338,286.93,25.20,14,1
48.499,hall_mission,9x4.5,pi5,-0.011,-0.011,-0.016,-0.001,-0.007,-0.002,0.007,0.04,-0.05,94.83,0.0017,0.0004,0.0008,0.0011,1447,0.872,22.2,2.1,2.6,22.6,25.2,1.00,25.15,0.99776,0.339,286.93,25.20,14,1
48.547,hall_mission,9x4.5,pi5,-0.011,-0.011,-0.017,-0.001,-0.007,-0.002,0.007,0.05,-0.05,94.83,0.0017,0.0003,0.0007,0.0012,1447,0.872,22.2,2.1,2.6,22.6,25.2,1.00,25.15,0.99775,0.339,286.93,25.20,14,1
48.599,hall_mission,9x4.5,pi5,-0.011,-0.011,-0.017,-0.001,-0.006,-0.002,0.007,0.05,-0.05,94.83,0.0017,0.0003,0.0014,0.0006,1447,0.872,22.2,2.1,2.6,22.6,25.2,1.00,25.15,0.99775,0.339,286.93,25.20,14,1
48.647,hall_mission,9x4.5,pi5,-0.011,-0.011,-0.017,-0.001,-0.006,-0.002,0.006,0.05,-0.05,94.83,0.0016,0.0004,0.0012,0.0008,1447,0.872,22.2,2.1,2.6,22.6,25.2,1.00,25.15,0.99775,0.340,286.93,25.20,14,1
48.699,hall_mission,9x4.5,pi5,-0.012,-0.011,-0.018,-0.002,-0.005,-0.002,0.006,0.05,-0.05,94.83,0.0016,0.0004,0.0009,0.0011,1447,0.872,22.2,2.1,2.6,22.6,25.2,1.00,25.15,0.99775,0.340,286.93,25.20,14,1
48.747,hall_mission,9x4.5,pi5,-0.012,-0.010,-0.017,-0.002,-0.005,-0.002,0.006,0.05,-0.05,94.83,0.0018,0.0002,0.0007,0.0013,1447,0.872,22.2,2.1,2.6,22.6,25.2,1.00,25.15,0.99774,0.340,286.93,25.20,14,1
48.799,hall_mission,9x4.5,pi5,-0.013,-0.010,-0.017,-0.002,-0.005,-0.002,0.005,0.05,-0.05,94.83,0.0017,0.0003,0.0007,0.0013,1447,0.872,22.2,2.1,2.6,22.6,25.2,1.00,25.15,0.99774,0.341,286.92,25.20,14,1
48.847,hall_mission,9x4.5,pi5,-0.013,-0.010,-0.017,-0.002,-0.005,-0.002,0.006,0.05,-0.05,94.83,0.0018,0.0001,0.0009,0.0012,1447,0.872,22.2,2.1,2.6,22.6,25.2,1.00,25.15,0.99774,0.341,286.93,25.20,14,1
48.899,hall_mission,9x4.5,pi5,-0.014,-0.010,-0.016,-0.003,-0.004,-0.002,0.005,0.05,-0.05,94.83,0.0019,0.0000,0.0012,0.0009,1447,0.872,22.2,2.1,2.6,22.6,25.2,1.00,25.15,0.99774,0.342,286.92,25.20,14,1
48.947,hall_mission,9x4.5,pi5,-0.014,-0.010,-0.015,-0.003,-0.004,-0.001,0.005,0.05,-0.05,94.83,0.0017,0.0003,0.0011,0.0010,1447,0.872,22.2,2.1,2.6,22.6,25.2,1.00,25.15,0.99774,0.342,286.92,25.20,14,1
48.995,hall_mission,9x4.5,pi5,-0.015,-0.010,-0.014,-0.003,-0.004,-0.001,0.005,0.05,-0.05,94.83,0.0017,0.0002,0.0009,0.0011,1447,0.872,22.2,2.1,2.6,22.6,25.2,1.00,25.15,0.99773,0.342,286.92,25.20,14,1
49.047,hall_mission,9x4.5,pi5,-0.015,-0.010,-0.013,-0.003,-0.004,-0.000,0.005,0.05,-0.05,94.83,0.0019,0.0000,0.0011,0.0009,1447,0.872,22.2,2.1,2.6,22.6,25.2,1.00,25.15,0.99773,0.343,286.92,25.20,14,1
49.099,hall_mission,9x4.5,pi5,-0.015,-0.010,-0.011,-0.004,-0.004,0.000,0.005,0.05,-0.05,94.83,0.0017,0.0003,0.0008,0.0011,1447,0.872,22.2,2.1,2.6,22.6,25.2,1.00,25.15,0.99773,0.343,286.92,25.20,14,1
49.147,hall_mission,9x4.5,pi5,-0.015,-0.010,-0.010,-0.004,-0.004,0.001,0.005,0.05,-0.05,94.83,0.0016,0.0004,0.0009,0.0011,1447,0.872,22.2,2.1,2.6,22.6,25.2,1.00,25.15,0.99773,0.343,286.92,25.20,14,1
49.199,hall_mission,9x4.5,pi5,-0.015,-0.010,-0.008,-0.003,-0.004,0.002,0.005,0.05,-0.05,94.83,0.0018,0.0002,0.0014,0.0007,1447,0.872,22.2,2.1,2.6,22.6,25.2,1.00,25.15,0.99772,0.344,286.92,25.20,14,1
49.247,hall_mission,9x4.5,pi5,-0.015,-0.010,-0.007,-0.003,-0.004,0.002,0.006,0.05,-0.05,94.84,0.0016,0.0003,0.0012,0.0009,1447,0.872,22.2,2.1,2.6,22.6,25.2,1.00,25.15,0.99772,0.344,286.91,25.20,14,1
49.299,hall_mission,9x4.5,pi5,-0.015,-0.010,-0.005,-0.003,-0.004,0.003,0.006,0.05,-0.05,94.83,0.0018,0.0002,0.0010,0.0011,1447,0.872,22.2,2.1,2.6,22.6,25.2,1.00,25.15,0.99772,0.344,286.92,25.20,14,1
49.347,hall_mission,9x4.5,pi5,-0.015,-0.011,-0.004,-0.003,-0.004,0.003,0.007,0.05,-0.05,94.83,0.0019,0.0001,0.0012,0.0008,1447,0.872,22.2,2.1,2.6,22.6,25.2,1.00,25.15,0.99772,0.345,286.91,25.20,14,1
49.399,hall_mission,9x4.5,pi5,-0.014,-0.011,-0.002,-0.003,-0.004,0.004,0.007,0.05,-0.05,94.84,0.0018,0.0002,0.0011,0.0010,1447,0.872,22.2,2.1,2.6,22.6,25.2,1.00,25.15,0.99771,0.345,286.91,25.20,14,1
49.447,hall_mission,9x4.5,pi5,-0.014,-0.011,-0.001,-0.003,-0.005,0.005,0.007,0.05,-0.05,94.83,0.0019,0.0001,0.0010,0.0010,1447,0.872,22.2,2.1,2.6,22.6,25.2,1.00,25.15,0.99771,0.345,286.91,25.20,14,1
49.499,hall_mission,9x4.5,pi5,-0.013,-0.011,0.001,-0.003,-0.005,0.005,0.007,0.05,-0.05,94.83,0.0016,0.0005,0.0013,0.0006,1447,0.872,22.2,2.1,2.6,22.6,25.2,1.00,25.15,0.99771,0.346,286.91,25.20,14,1
49.547,hall_mission,9x4.5,pi5,-0.013,-0.012,0.002,-0.003,-0.005,0.006,0.008,0.05,-0.05,94.83,0.0019,0.0000,0.0008,0.0012,1447,0.872,22.2,2.1,2.6,22.6,25.2,1.00,25.15,0.99771,0.346,286.91,25.20,14,1
49.599,hall_mission,9x4.5,pi5,-0.013,-0.012,0.003,-0.003,-0.005,0.006,0.008,0.05,-0.05,94.84,0.0018,0.0001,0.0008,0.0012,1447,0.872,22.2,2.1,2.6,22.6,25.2,1.00,25.15,0.99771,0.346,286.91,25.20,14,1
49.647,hall_mission,9x4.5,pi5,-0.013,-0.011,0.004,-0.003,-0.005,0.006,0.008,0.05,-0.05,94.84,0.0015,0.0004,0.0010,0.0011,1447,0.872,22.2,2.1,2.6,22.6,25.2,1.00,25.15,0.99770,0.347,286.91,25.20,14,1
49.699,hall_mission,9x4.5,pi5,-0.013,-0.011,0.005,-0.003,-0.004,0.006,0.008,0.05,-0.05,94.84,0.0016,0.0004,0.0011,0.0010,1447,0.872,22.2,2.1,2.6,22.6,25.2,1.00,25.15,0.99770,0.347,286.90,25.20,14,1
49.747,hall_mission,9x4.5,pi5,-0.013,-0.011,0.005,-0.004,-0.004,0.006,0.009,0.05,-0.05,94.83,0.0020,0.0000,0.0010,0.0009,1447,0.872,22.2,2.1,2.6,22.6,25.2,1.00,25.15,0.99770,0.347,286.91,25.20,14,1
49.799,hall_mission,9x4.5,pi5,-0.014,-0.011,0.006,-0.004,-0.004,0.007,0.009,0.05,-0.06,94.83,0.0018,0.0002,0.0013,0.0007,1447,0.872,22.2,2.1,2.6,22.6,25.2,1.00,25.15,0.99770,0.348,286.90,25.20,14,1
49.847,hall_mission,9x4.5,pi5,-0.014,-0.010,0.006,-0.005,-0.003,0.007,0.009,0.05,-0.06,94.83,0.0017,0.0003,0.0007,0.0013,1447,0.872,22.2,2.1,2.6,22.6,25.2,1.00,25.15,0.99769,0.348,286.91,25.20,14,1
49.899,hall_mission,9x4.5,pi5,-0.015,-0.010,0.006,-0.005,-0.002,0.007,0.009,0.05,-0.06,94.83,0.0020,0.0000,0.0012,0.0008,1447,0.872,22.2,2.1,2.6,22.6,25.2,1.00,25.15,0.99769,0.349,286.90,25.20,14,1
49.947,hall_mission,9x4.5,pi5,-0.015,-0.009,0.006,-0.005,-0.002,0.006,0.009,0.06,-0.06,94.83,0.0018,0.0002,0.0008,0.0012,1447,0.872,22.2,2.1,2.6,22.6,25.2,1.00,25.15,0.99769,0.349,286.90,25.20,14,1
49.999,hall_mission,9x4.5,pi5,-0.016,-0.008,0.006,-0.006,-0.001,0.006,0.008,0.06,-0.06,94.84,0.0020,0.0000,0.0011,0.0009,1089,0.658,16.8,1.6,1.9,22.6,24.5,0.98,25.15,0.99769,0.349,294.20,25.20,14,1
50.047,hall_mission,9x4.5,pi5,-0.016,-0.008,0.006,-0.006,-0.001,0.006,0.008,0.06,-0.06,94.84,0.0020,0.0000,0.0013,0.0007,1447,0.872,22.2,2.1,2.6,22.6,25.2,1.00,25.15,0.99768,0.350,286.90,25.20,14,1
50.099,hall_mission,9x4.5,pi5,-0.016,-0.007,0.006,-0.006,-0.000,0.006,0.008,0.06,-0.06,94.84,0.0018,0.0002,0.0008,0.0012,1447,0.872,22.2,2.1,2.6,22.6,25.2,1.00,25.15,0.99768,0.350,286.90,25.20,14,1
50.147,hall_mission,9x4.5,pi5,-0.016,-0.007,0.007,-0.005,-0.000,0.006,0.008,0.05,-0.06,94.84,0.0020,0.0000,0.0013,0.0006,1447,0.872,22.2,2.1,2.6,22.6,25.2,1.00,25.15,0.99768,0.350,286.89,25.20,14,1
50.199,hall_mission,9x4.5,pi5,-0.015,-0.007,0.007,-0.005,0.000,0.006,0.008,0.05,-0.06,94.84,0.0020,0.0000,0.0012,0.0008,1447,0.872,22.2,2.1,2.6,22.6,25.2,1.00,25.15,0.99768,0.351,286.90,25.20,14,1
50.247,hall_mission,9x4.5,pi5,-0.015,-0.007,0.007,-0.004,0.000,0.006,0.008,0.05,-0.06,94.84,0.0019,0.0001,0.0006,0.0014,1447,0.872,22.2,2.1,2.6,22.6,25.2,1.00,25.15,0.99768,0.351,286.89,25.20,14,1
50.299,hall_mission,9x4.5,pi5,-0.015,-0.006,0.008,-0.004,0.001,0.007,0.008,0.05,-0.06,94.84,0.0019,0.0001,0.0008,0.0012,1447,0.872,22.2,2.1,2.6,22.6,25.2,1.00,25.15,0.99767,0.351,286.89,25.20,14,1
50.347,hall_mission,9x4.5,pi5,-0.014,-0.006,0.009,-0.003,0.001,0.007,0.008,0.05,-0.06,94.84,0.0020,0.0000,0.0011,0.0009,1089,0.658,16.8,1.6,1.9,22.6,24.5,0.98,25.15,0.99767,0.352,294.19,25.20,14,1
50.399,hall_mission,9x4.5,pi5,-0.014,-0.005,0.010,-0.003,0.001,0.008,0.008,0.05,-0.06,94.84,0.0020,0.0000,0.0013,0.0007,1089,0.658,16.8,1.6,1.9,22.6,24.5,0.98,25.15,0.99767,0.352,294.19,25.20,14,1
50.447,hall_mission,9x4.5,pi5,-0.013,-0.005,0.011,-0.003,0.002,0.008,0.009,0.05,-0.06,94.84,0.0018,0.0002,0.0012,0.0008,1447,0.872,22.2,2.1,2.6,22.6,25.2,1.00,25.15,0.99767,0.352,286.89,25.20,14,1
50.499,hall_mission,9x4.5,pi5,-0.013,-0.005,0.012,-0.002,0.002,0.008,0.009,0.05,-0.06,94.84,0.0019,0.0001,0.0011,0.0008,1447,0.872,22.2,2.1,2.6,22.6,25.2,1.00,25.15,0.99766,0.353,286.89,25.20,14,1
50.547,hall_mission,9x4.5,pi5,-0.013,-0.004,0.013,-0.002,0.002,0.009,0.009,0.05,-0.06,94.84,0.0016,0.0003,0.0012,0.0009,1447,0.872,22.2,2.1,2.6,22.6,25.2,1.00,25.15,0.99766,0.353,286.89,25.20,14,1
50.599,hall_mission,9x4.5,pi5,-0.012,-0.004,0.014,-0.002,0.001,0.009,0.009,0.05,-0.06,94.84,0.0019,0.0002,0.0011,0.0009,1447,0.872,22.2,2.1,2.6,22.6,25.2,1.00,25.15,0.99766,0.353,286.89,25.20,14,1
50.647,hall_mission,9x4.5,pi5,-0.012,-0.004,0.015,-0.001,0.001,0.009,0.009,0.05,-0.06,94.84,0.0019,0.0001,0.0009,0.0011,1447,0.872,22.2,2.1,2.6,22.6,25.2,1.00,25.15,0.99766,0.354,286.89,25.20,14,1
50.699,hall_mission,9x4.5,pi5,-0.011,-0.004,0.015,-0.001,0.001,0.009,0.010,0.05,-0.05,94.84,0.0014,0.0005,0.0013,0.0008,1447,0.872,22.2,2.1,2.6,22.6,25.2,1.00,25.15,0.99765,0.354,286.88,25.20,14,1
50.747,hall_mission,9x4.5,pi5,-0.011,-0.004,0.016,-0.001,0.001,0.010,0.010,0.04,-0.05,94.84,0.0016,0.0003,0.0010,0.0011,1447,0.872,22.2,2.1,2.6,22.6,25.2,1.00,25.15,0.99765,0.354,286.89,25.20,14,1
50.799,hall_mission,9x4.5,pi5,-0.010,-0.003,0.017,-0.001,0.001,0.010,0.010,0.04,-0.05,94.84,0.0015,0.0006,0.0011,0.0008,1447,0.872,22.2,2.1,2.6,22.6,25.2,1.00,25.15,0.99765,0.355,286.88,25.20,14,1
50.847,hall_mission,9x4.5,pi5,-0.010,-0.003,0.017,-0.000,0.001,0.010,0.010,0.05,-0.05,94.84,0.0016,0.0004,0.0011,0.0008,1447,0.872,22.2,2.1,2.6,22.6,25.2,1.00,25.15,0.99765,0.355,286.88,25.20,14,1
50.899,hall_mission,9x4.5,pi5,-0.009,-0.003,0.018,0.000,0.000,0.010,0.010,0.04,-0.05,94.84,0.0017,0.0003,0.0010,0.0009,1447,0.872,22.2,2.1,2.6,22.6,25.2,1.00,25.15,0.99764,0.356,286.88,25.20,14,1
50.947,hall_mission,9x4.5,pi5,-0.008,-0.003,0.018,0.001,0.000,0.010,0.010,0.04,-0.05,94.84,0.0015,0.0006,0.0009,0.0010,1447,0.872,22.2,2.1,2.6,22.6,25.2,1.00,25.15,0.99764,0.356,286.88,25.20,14,1
50.999,hall_mission,9x4.5,pi5,-0.007,-0.003,0.019,0.002,-0.000,0.010,0.011,0.04,-0.05,94.84,0.0016,0.0004,0.0007,0.0013,1447,0.872,22.2,2.1,2.6,22.6,25.2,1.00,25.15,0.99764,0.356,286.88,25.20,14,1
51.047,hall_mission,9x4.5,pi5,-0.006,-0.003,0.019,0.002,-0.000,0.011,0.011,0.04,-0.05,94.84,0.0018,0.0002,0.0010,0.0011,1447,0.872,22.2,2.1,2.6,22.6,25.2,1.00,25.15,0.99764,0.357,286.88,25.20,14,1
51.099,hall_mission,9x4.5,pi5,-0.005,-0.002,0.020,0.003,-0.001,0.011,0.011,0.04,-0.05,94.84,0.0014,0.0006,0.0013,0.0008,1447,0.872,22.2,2.1,2.6,22.6,25.2,1.00,25.15,0.99764,0.357,286.88,25.20,14,1
51.147,hall_mission,9x4.5,pi5,-0.005,-0.002,0.021,0.003,-0.000,0.011,0.011,0.04,-0.05,94.84,0.0017,0.0003,0.0010,0.0010,1447,0.872,22.2,2.1,2.6,22.6,25.2,1.00,25.15,0.99763,0.357,286.87,25.20,14,1
51.199,hall_mission,9x4.5,pi5,-0.004,-0.002,0.022,0.003,-0.000,0.011,0.011,0.04,-0.05,94.84,0.0016,0.0004,0.0007,0.0012,1447,0.872,22.2,2.1,2.6,22.6,25.2,1.00,25.15,0.99763,0.358,286.88,25.20,14,1
51.247,hall_mission,9x4.5,pi5,-0.004,-0.002,0.023,0.003,-0.000,0.011,0.012,0.04,-0.05,94.84,0.0019,0.0001,0.0012,0.0008,1447,0.872,22.2,2.1,2.6,22.6,25.2,1.00,25.15,0.99763,0.358,286.87,25.20,14,1
51.299,hall_mission,9x4.5,pi5,-0.003,-0.001,0.024,0.003,-0.000,0.012,0.012,0.04,-0.05,94.84,0.0018,0.0001,0.0013,0.0007,1447,0.872,22.2,2.1,2.6,22.6,25.2,1.00,25.15,0.99763,0.358,286.87,25.20,14,1
51.347,hall_mission,9x4.5,pi5,-0.003,-0.001,0.026,0.003,-0.001,0.012,0.012,0.04,-0.05,94.84,0.0018,0.0003,0.0011,0.0008,1447,0.872,22.2,2.1,2.6,22.6,25.2,1.00,25.15,0.99762,0.359,286.87,25.20,14,1
51.399,hall_mission,9x4.5,pi5,-0.003,-0.002,0.027,0.003,-0.001,0.012,0.013,0.04,-0.05,94.84,0.0017,0.0004,0.0008,0.0011,1447,0.872,22.2,2.1,2.6,22.6,25.2,1.00,25.15,0.99762,0.359,286.87,25.20,14,1
51.447,hall_mission,9x4.5,pi5,-0.003,-0.002,0.028,0.003,-0.001,0.012,0.013,0.04,-0.05,94.84,0.0015,0.0005,0.0010,0.0010,1447,0.872,22.2,2.1,2.6,22.6,25.2,1.00,25.15,0.99762,0.359,286.87,25.20,14,1
51.499,hall_mission,9x4.5,pi5,-0.004,-0.001,0.029,0.003,-0.001,0.013,0.013,0.04,-0.05,94.84,0.0018,0.0003,0.0012,0.0007,1447,0.872,22.2,2.1,2.6,22.6,25.2,1.00,25.15,0.99762,0.360,286.87,25.20,14,1
51.547,hall_mission,9x4.5,pi5,-0.004,-0.001,0.030,0.002,-0.001,0.013,0.013,0.04,-0.05,94.84,0.0015,0.0005,0.0009,0.0010,1447,0.872,22.2,2.1,2.6,22.6,25.2,1.00,25.15,0.99761,0.360,286.87,25.20,14,1
51.599,hall_mission,9x4.5,pi5,-0.005,-0.000,0.031,0.002,-0.000,0.013,0.013,0.04,-0.05,94.84,0.0020,0.0000,0.0013,0.0007,1447,0.872,22.2,2.1,2.6,22.6,25.2,1.00,25.15,0.99761,0.360,286.86,25.20,14,1
51.647,hall_mission,9x4.5,pi5,-0.006,0.000,0.032,0.001,0.000,0.013,0.013,0.04,-0.05,94.84,0.0020,0.0000,0.0008,0.0011,1447,0.872,22.2,2.1,2.6,22.6,25.2,1.00,25.15,0.99761,0.361,286.87,25.20,14,1
51.699,hall_mission,9x4.5,pi5,-0.007,0.001,0.033,0.000,0.001,0.013,0.013,0.05,-0.05,94.84,0.0019,0.0001,0.0008,0.0011,1447,0.872,22.2,2.1,2.6,22.6,25.2,1.00,25.15,0.99761,0.361,286.86,25.20,14,1
51.747,hall_mission,9x4.5,pi5,-0.007,0.002,0.033,-0.000,0.002,0.013,0.013,0.05,-0.06,94.84,0.0015,0.0005,0.0008,0.0012,1447,0.872,22.2,2.1,2.6,22.6,25.2,1.00,25.15,0.99761,0.361,286.87,25.20,14,1
51.799,hall_mission,9x4.5,pi5,-0.008,0.003,0.034,-0.001,0.003,0.013,0.014,0.05,-0.06,94.84,0.0017,0.0003,0.0010,0.0010,1447,0.872,22.2,2.1,2.6,22.6,25.2,1.00,25.15,0.99760,0.362,286.86,25.20,14,1
51.847,hall_mission,9x4.5,pi5,-0.009,0.004,0.034,-0.002,0.003,0.014,0.014,0.05,-0.06,94.84,0.0015,0.0005,0.0011,0.0009,1447,0.872,22.2,2.1,2.6,22.6,25.2,1.00,25.15,0.99760,0.362,286.86,25.20,14,1
51.899,hall_mission,9x4.5,pi5,-0.010,0.005,0.035,-0.002,0.004,0.014,0.015,0.05,-0.06,94.84,0.0017,0.0004,0.0010,0.0009,1447,0.872,22.2,2.1,2.6,22.6,25.2,1.00,25.15,0.99760,0.363,286.86,25.20,14,1
51.947,hall_mission,9x4.5,pi5,-0.010,0.006,0.035,-0.003,0.005,0.014,0.015,0.05,-0.06,94.84,0.0020,0.0000,0.0012,0.0007,1447,0.872,22.2,2.1,2.6,22.6,25.2,1.00,25.15,0.99760,0.363,286.85,25.20,14,1
51.999,hall_mission,9x4.5,pi5,-0.011,0.008,0.035,-0.004,0.006,0.014,0.015,0.05,-0.06,94.84,0.0019,0.0001,0.0010,0.0010,1447,0.872,22.2,2.1,2.6,22.6,25.2,1.00,25.15,0.99759,0.363,286.86,25.20,14,1
52.047,hall_mission,9x4.5,pi5,-0.012,0.008,0.035,-0.004,0.006,0.013,0.015,0.06,-0.06,94.84,0.0020,0.0000,0.0013,0.0007,1447,0.872,22.2,2.1,2.6,22.6,25.2,1.00,25.15,0.99759,0.364,286.85,25.20,14,1
52.099,hall_mission,9x4.5,pi5,-0.013,0.009,0.035,-0.004,0.007,0.013,0.016,0.06,-0.06,94.84,0.0019,0.0002,0.0011,0.0008,1447,0.872,22.2,2.1,2.6,22.6,25.2,1.00,25.15,0.99759,0.364,286.86,25.20,14,1
52.147,hall_mission,9x4.5,pi5,-0.013,0.010,0.035,-0.004,0.007,0.013,0.016,0.06,-0.06,94.84,0.0020,0.0000,0.0013,0.0006,1447,0.872,22.2,2.1,2.6,22.6,25.2,1.00,25.15,0.99759,0.364,286.85,25.20,14,1
52.199,hall_mission,9x4.5,pi5,-0.014,0.011,0.034,-0.004,0.008,0.012,0.015,0.06,-0.07,94.84,0.0020,0.0000,0.0015,0.0005,1089,0.658,16.8,1.6,1.9,22.6,24.5,0.98,25.15,0.99758,0.365,294.16,25.20,14,1
52.247,hall_mission,9x4.5,pi5,-0.014,0.012,0.034,-0.004,0.009,0.012,0.016,0.06,-0.07,94.84,0.0017,0.0003,0.0011,0.0008,1447,0.872,22.2,2.1,2.6,22.6,25.2,1.00,25.15,0.99758,0.365,286.85,25.20,14,1
52.299,hall_mission,9x4.5,pi5,-0.014,0.013,0.033,-0.004,0.009,0.012,0.016,0.06,-0.07,94.84,0.0020,0.0000,0.0012,0.0008,1089,0.658,16.8,1.6,1.9,22.6,24.5,0.98,25.15,0.99758,0.365,294.15,25.20,14,1
52.347,hall_mission,9x4.5,pi5,-0.015,0.014,0.032,-0.004,0.009,0.012,0.015,0.06,-0.07,94.84,0.0018,0.0001,0.0008,0.0012,1447,0.872,22.2,2.1,2.6,22.6,25.2,1.00,25.15,0.99758,0.366,286.85,25.20,14,1
52.399,hall_mission,9x4.5,pi5,-0.015,0.015,0.031,-0.004,0.010,0.011,0.016,0.05,-0.07,94.84,0.0020,0.0000,0.0012,0.0008,1089,0.658,16.8,1.6,1.9,22.6,24.5,0.98,25.15,0.99758,0.366,294.15,25.20,14,1
52.447,hall_mission,9x4.5,pi5,-0.015,0.015,0.031,-0.004,0.010,0.011,0.015,0.05,-0.07,94.84,0.0017,0.0003,0.0010,0.0009,1447,0.872,22.2,2.1,2.6,22.6,25.2,1.00,25.15,0.99757,0.366,286.85,25.20,14,1
52.499,hall_mission,9x4.5,pi5,-0.015,0.016,0.030,-0.003,0.011,0.011,0.016,0.05,-0.07,94.84,0.0018,0.0003,0.0013,0.0007,1447,0.872,22.2,2.1,2.6,22.6,25.2,1.00,25.15,0.99757,0.367,286.85,25.20,14,1
52.547,hall_mission,9x4.5,pi5,-0.015,0.017,0.030,-0.003,0.011,0.010,0.016,0.05,-0.07,94.84,0.0019,0.0001,0.0014,0.0006,1447,0.872,22.2,2.1,2.6,22.6,25.2,1.00,25.15,0.99757,0.367,286.85,25.20,14,1
52.599,hall_mission,9x4.5,pi5,-0.016,0.018,0.029,-0.003,0.011,0.010,0.016,0.05,-0.07,94.84,0.0019,0.0002,0.0011,0.0008,1447,0.872,22.2,2.1,2.6,22.6,25.2,1.00,25.15,0.99757,0.367,286.84,25.20,14,1
52.647,hall_mission,9x4.5,pi5,-0.016,0.019,0.028,-0.003,0.012,0.010,0.016,0.05,-0.07,94.84,0.0021,0.0001,0.0011,0.0008,1447,0.872,22.2,2.1,2.6,22.6,25.2,1.00,25.15,0.99756,0.368,286.85,25.20,14,1
52.699,hall_mission,9x4.5,pi5,-0.016,0.019,0.028,-0.003,0.012,0.010,0.016,0.05,-0.07,94.84,0.0021,0.0001,0.0011,0.0007,1447,0.872,22.2,2.1,2.6,22.6,25.2,1.00,25.15,0.99756,0.368,286.84,25.20,14,1
52.747,hall_mission,9x4.5,pi5,-0.016,0.020,0.027,-0.003,0.012,0.009,0.015,0.05,-0.07,94.84,0.0020,0.0001,0.0011,0.0007,1447,0.872,22.2,2.1,2.6,22.6,25.2,1.00,25.15,0.99756,0.368,286.84,25.20,14,1
52.799,hall_mission,9x4.5,pi5,-0.017,0.020,0.026,-0.003,0.012,0.009,0.015,0.05,-0.07,94.84,0.0016,0.0005,0.0012,0.0006,1447,0.872,22.2,2.1,2.6,22.6,25.2,1.00,25.15,0.99756,0.369,286.84,25.20,14,1
52.847,hall_mission,9x4.5,pi5,-0.017,0.021,0.026,-0.003,0.012,0.009,0.015,0.05,-0.07,94.84,0.0020,0.0000,0.0013,0.0006,1447,0.872,22.2,2.1,2.6,22.6,25.2,1.00,25.15,0.99755,0.369,286.83,25.20,14,1
52.899,hall_mission,9x4.5,pi5,-0.018,0.021,0.025,-0.003,0.012,0.008,0.015,0.05,-0.07,94.84,0.0019,0.0001,0.0010,0.0010,1447,0.872,22.2,2.1,2.6,22.6,25.2,1.00,25.15,0.99755,0.369,286.84,25.20,14,1
52.947,hall_mission,9x4.5,pi5,-0.018,0.021,0.025,-0.003,0.011,0.008,0.014,0.05,-0.07,94.84,0.0020,0.0000,0.0012,0.0007,1447,0.872,22.2,2.1,2.6,22.6,25.2,1.00,25.15,0.99755,0.370,286.83,25.20,14,1
52.999,hall_mission,9x4.5,pi5,-0.018,0.021,0.024,-0.004,0.011,0.008,0.014,0.05,-0.07,94.83,0.0021,0.0001,0.0010,0.0009,1447,0.872,22.2,2.1,2.6,22.6,25.2,1.00,25.15,0.99755,0.370,286.84,25.20,14,1
53.047,hall_mission,9x4.5,pi5,-0.018,0.021,0.024,-0.004,0.011,0.008,0.014,0.05,-0.07,94.84,0.0020,0.0001,0.0009,0.0010,1447,0.872,22.2,2.1,2.6,22.6,25.2,1.00,25.15,0.99755,0.371,286.83,25.20,14,1
53.099,hall_mission,9x4.5,pi5,-0.018,0.020,0.023,-0.003,0.010,0.007,0.013,0.05,-0.07,94.83,0.0019,0.0002,0.0013,0.0006,1447,0.872,22.2,2.1,2.6,22.6,25.2,1.00,25.15,0.99754,0.371,286.84,25.20,14,1
53.147,hall_mission,9x4.5,pi5,-0.018,0.020,0.023,-0.003,0.010,0.007,0.013,0.05,-0.07,94.83,0.0021,0.0001,0.0011,0.0008,1447,0.872,22.2,2.1,2.6,22.6,25.2,1.00,25.15,0.99754,0.371,286.83,25.20,14,1
53.199,hall_mission,9x4.5,pi5,-0.017,0.020,0.022,-0.003,0.010,0.007,0.013,0.05,-0.07,94.83,0.0017,0.0005,0.0012,0.0007,1447,0.872,22.2,2.1,2.6,22.6,25.2,1.00,25.15,0.99754,0.372,286.83,25.20,14,1
53.247,hall_mission,9x4.5,pi5,-0.017,0.020,0.021,-0.002,0.010,0.007,0.012,0.05,-0.07,94.83,0.0021,0.0001,0.0010,0.0008,1447,0.872,22.2,2.1,2.6,22.6,25.2,1.00,25.15,0.99754,0.372,286.83,25.20,14,1
53.299,hall_mission,9x4.5,pi5,-0.017,0.020,0.020,-0.002,0.010,0.006,0.012,0.05,-0.07,94.83,0.0020,0.0000,0.0016,0.0004,1447,0.872,22.2,2.1,2.6,22.6,25.2,1.00,25.15,0.99753,0.372,286.83,25.20,14,1
53.347,hall_mission,9x4.5,pi5,-0.017,0.019,0.020,-0.002,0.010,0.006,0.012,0.05,-0.07,94.83,0.0017,0.0003,0.0012,0.0009,1447,0.872,22.2,2.1,2.6,22.6,25.2,1.00,25.15,0.99753,0.373,286.83,25.20,14,1
53.399,hall_mission,9x4.5,pi5,-0.016,0.019,0.019,-0.001,0.009,0.006,0.011,0.05,-0.07,94.83,0.0020,0.0000,0.0013,0.0007,1447,0.872,22.2,2.1,2.6,22.6,25.2,1.00,25.15,0.99753,0.373,286.83,25.20,14,1
53.447,hall_mission,9x4.5,pi5,-0.016,0.019,0.018,-0.001,0.009,0.006,0.011,0.05,-0.06,94.83,0.0016,0.0003,0.0012,0.0009,1447,0.872,22.2,2.1,2.6,22.6,25.2,1.00,25.15,0.99753,0.373,286.83,25.20,14,1
53.499,hall_mission,9x4.5,pi5,-0.016,0.018,0.017,-0.001,0.008,0.006,0.010,0.05,-0.06,94.83,0.0017,0.0003,0.0010,0.0010,1447,0.872,22.2,2.1,2.6,22.6,25.2,1.00,25.15,0.99752,0.374,286.82,25.20,14,1
53.547,hall_mission,9x4.5,pi5,-0.016,0.018,0.017,-0.001,0.008,0.005,0.010,0.05,-0.06,94.83,0.0020,0.0000,0.0011,0.0009,1089,0.658,16.8,1.6,1.9,22.6,24.5,0.98,25.15,0.99752,0.374,294.13,25.20,14,1
53.599,hall_mission,9x4.5,pi5,-0.016,0.017,0.016,-0.001,0.008,0.005,0.009,0.05,-0.06,94.83,0.0020,0.0000,0.0015,0.0005,1089,0.658,16.8,1.6,1.9,22.6,24.5,0.98,25.15,0.99752,0.374,294.13,25.20,14,1
53.647,hall_mission,9x4.5,pi5,-0.016,0.017,0.015,-0.001,0.007,0.005,0.009,0.05,-0.06,94.83,0.0019,0.0001,0.0012,0.0008,1447,0.872,22.2,2.1,2.6,22.6,25.2,1.00,25.15,0.99752,0.375,286.82,25.20,14,1
53.699,hall_mission,9x4.5,pi5,-0.016,0.017,0.014,-0.001,0.007,0.004,0.009,0.05,-0.06,94.83,0.0019,0.0002,0.0013,0.0007,1447,0.872,22.2,2.1,2.6,22.6,25.2,1.00,25.15,0.99752,0.375,286.82,25.20,14,1
53.747,hall_mission,9x4.5,pi5,-0.016,0.016,0.013,-0.001,0.007,0.004,0.008,0.05,-0.06,94.83,0.0020,0.0001,0.0010,0.0009,1447,0.872,22.2,2.1,2.6,22.6,25.2,1.00,25.15,0.99751,0.375,286.82,25.20,14,1
53.799,hall_mission,9x4.5,pi5,-0.016,0.016,0.012,-0.000,0.007,0.004,0.008,0.05,-0.06,94.83,0.0016,0.0004,0.0012,0.0008,1447,0.872,22.2,2.1,2.6,22.6,25.2,1.00,25.15,0.99751,0.376,286.82,25.20,14,1
53.847,hall_mission,9x4.5,pi5,-0.015,0.016,0.011,-0.000,0.006,0.004,0.007,0.05,-0.06,94.83,0.0019,0.0002,0.0012,0.0008,1447,0.872,22.2,2.1,2.6,22.6,25.2,1.00,25.15,0.99751,0.376,286.82,25.20,14,1
53.899,hall_mission,9x4.5,pi5,-0.015,0.016,0.010,0.000,0.006,0.003,0.007,0.04,-0.06,94.83,0.0020,0.0000,0.0010,0.0010,1447,0.872,22.2,2.1,2.6,22.6,25.2,1.00,25.15,0.99751,0.376,286.82,25.20,14,1
53.947,hall_mission,9x4.5,pi5,-0.014,0.015,0.009,0.001,0.006,0.003,0.007,0.04,-0.06,94.83,0.0017,0.0003,0.0014,0.0007,1447,0.872,22.2,2.1,2.6,22.6,25.2,1.00,25.15,0.99750,0.377,286.82,25.20,14,1
53.999,hall_mission,9x4.5,pi5,-0.013,0.015,0.008,0.002,0.005,0.002,0.006,0.04,-0.06,94.83,0.0017,0.0004,0.0011,0.0008,1447,0.872,22.2,2.1,2.6,22.6,25.2,1.00,25.15,0.99750,0.377,286.82,25.20,14,1
54.047,hall_mission,9x4.5,pi5,-0.012,0.015,0.007,0.002,0.005,0.002,0.006,0.04,-0.06,94.83,0.0019,0.0002,0.0010,0.0009,1447,0.872,22.2,2.1,2.6,22.6,25.2,1.00,25.15,0.99750,0.377,286.82,25.20,14,1
54.099,hall_mission,9x4.5,pi5,-0.011,0.014,0.006,0.003,0.005,0.002,0.006,0.04,-0.06,94.83,0.0019,0.0001,0.0014,0.0005,1447,0.872,22.2,2.1,2.6,22.6,25.2,1.00,25.15,0.99750,0.378,286.81,25.20,14,1
54.147,hall_mission,9x4.5,pi5,-0.010,0.014,0.005,0.004,0.004,0.002,0.006,0.04,-0.06,94.83,0.0020,0.0000,0.0011,0.0009,1447,0.872,22.2,2.1,2.6,22.6,25.2,1.00,25.15,0.99749,0.378,286.81,25.20,14,1
54.199,hall_mission,9x4.5,pi5,-0.008,0.013,0.004,0.006,0.003,0.002,0.007,0.04,-0.06,94.83,0.0020,0.0000,0.0014,0.0006,1447,0.872,22.2,2.1,2.6,22.6,25.2,1.00,25.15,0.99749,0.379,286.80,25.20,14,1
54.247,hall_mission,9x4.5,pi5,-0.007,0.013,0.004,0.006,0.003,0.002,0.007,0.03,-0.05,94.83,0.0018,0.0003,0.0010,0.0010,1447,0.872,22.2,2.1,2.6,22.6,25.2,1.00,25.15,0.99749,0.379,286.81,25.20,14,1
54.299,hall_mission,9x4.5,pi5,-0.006,0.012,0.003,0.007,0.002,0.001,0.007,0.03,-0.05,94.82,0.0016,0.0005,0.0014,0.0005,1447,0.872,22.2,2.1,2.6,22.6,25.2,1.00,25.15,0.99749,0.379,286.81,25.20,14,1
54.347,hall_mission,9x4.5,pi5,-0.006,0.012,0.003,0.007,0.002,0.001,0.008,0.03,-0.05,94.82,0.0015,0.0006,0.0012,0.0007,1447,0.872,22.2,2.1,2.6,22.6,25.2,1.00,25.15,0.99749,0.380,286.81,25.20,14,1
54.399,hall_mission,9x4.5,pi5,-0.004,0.012,0.002,0.008,0.002,0.001,0.008,0.03,-0.05,94.82,0.0019,0.0002,0.0010,0.0010,1447,0.872,22.2,2.1,2.6,22.6,25.2,1.00,25.15,0.99748,0.380,286.81,25.20,14,1
54.447,hall_mission,9x4.5,pi5,-0.004,0.012,0.002,0.008,0.002,0.001,0.009,0.03,-0.05,94.82,0.0016,0.0005,0.0012,0.0007,1447,0.872,22.2,2.1,2.6,22.6,25.2,1.00,25.15,0.99748,0.380,286.80,25.20,14,1
54.499,hall_mission,9x4.5,pi5,-0.003,0.012,0.001,0.009,0.002,0.001,0.009,0.03,-0.05,94.82,0.0014,0.0005,0.0012,0.0009,1447,0.872,22.2,2.1,2.6,22.6,25.2,1.00,25.15,0.99748,0.381,286.81,25.20,14,1
54.547,hall_mission,9x4.5,pi5,-0.002,0.012,0.001,0.009,0.003,0.001,0.009,0.03,-0.05,94.83,0.0018,0.0002,0.0010,0.0010,1447,0.872,22.2,2.1,2.6,22.6,25.2,1.00,25.15,0.99748,0.381,286.80,25.20,14,1
54.599,hall_mission,9x4.5,pi5,-0.002,0.013,0.000,0.009,0.003,0.001,0.009,0.03,-0.05,94.83,0.0015,0.0005,0.0012,0.0008,1447,0.872,22.2,2.1,2.6,22.6,25.2,1.00,25.15,0.99747,0.381,286.80,25.20,14,1
54.647,hall_mission,9x4.5,pi5,-0.001,0.014,-0.000,0.009,0.003,0.001,0.009,0.03,-0.05,94.83,0.0015,0.0005,0.0014,0.0006,1447,0.872,22.2,2.1,2.6,22.6,25.2,1.00,25.15,0.99747,0.382,286.80,25.20,14,1
54.699,hall_mission,9x4.5,pi5,-0.001,0.014,-0.001,0.008,0.004,0.001,0.009,0.03,-0.05,94.83,0.0016,0.0004,0.0010,0.0010,1447,0.872,22.2,2.1,2.6,22.6,25.2,1.00,25.15,0.99747,0.382,286.80,25.20,14,1
54.747,hall_mission,9x4.5,pi5,-0.001,0.015,-0.001,0.008,0.004,0.000,0.009,0.04,-0.05,94.83,0.0015,0.0005,0.0012,0.0008,1447,0.872,22.2,2.1,2.6,22.6,25.2,1.00,25.15,0.99747,0.382,286.80,25.20,14,1
54.799,hall_mission,9x4.5,pi5,-0.001,0.015,-0.003,0.007,0.005,0.000,0.008,0.04,-0.05,94.83,0.0017,0.0003,0.0011,0.0009,1447,0.872,22.2,2.1,2.6,22.6,25.2,1.00,25.15,0.99746,0.383,286.80,25.20,14,1
54.847,hall_mission,9x4.5,pi5,-0.001,0.016,-0.004,0.007,0.005,-0.000,0.008,0.04,-0.06,94.83,0.0016,0.0004,0.0013,0.0008,1447,0.872,22.2,2.1,2.6,22.6,25.2,1.00,25.15,0.99746,0.383,286.80,25.20,14,1
54.899,hall_mission,9x4.5,pi5,-0.002,0.016,-0.005,0.006,0.005,-0.000,0.008,0.04,-0.06,94.83,0.0020,0.0000,0.0016,0.0004,1089,0.658,16.8,1.6,1.9,22.6,24.5,0.98,25.15,0.99746,0.383,294.09,25.20,14,1
54.947,hall_mission,9x4.5,pi5,-0.002,0.017,-0.006,0.005,0.005,-0.000,0.008,0.04,-0.06,94.83,0.0015,0.0005,0.0009,0.0011,1447,0.872,22.2,2.1,2.6,22.6,25.2,1.00,25.15,0.99746,0.384,286.79,25.20,14,1
54.999,hall_mission,9x4.5,pi5,-0.003,0.017,-0.007,0.005,0.006,-0.000,0.008,0.05,-0.06,94.83,0.0015,0.0005,0.0009,0.0010,1447,0.872,22.2,2.1,2.6,22.6,25.2,1.00,25.15,0.99746,0.384,286.80,25.20,14,1
55.047,hall_mission,9x4.5,pi5,-0.003,0.018,-0.007,0.004,0.006,-0.000,0.008,0.05,-0.06,94.83,0.0015,0.0005,0.0013,0.0007,1447,0.872,22.2,2.1,2.6,22.6,25.2,1.00,25.15,0.99745,0.384,286.79,25.20,14,1
55.099,hall_mission,9x4.5,pi5,-0.004,0.019,-0.008,0.004,0.007,-0.001,0.008,0.05,-0.06,94.83,0.0016,0.0004,0.0008,0.0012,1447,0.872,22.2,2.1,2.6,22.6,25.2,1.00,25.15,0.99745,0.385,286.79,25.20,14,1
55.147,hall_mission,9x4.5,pi5,-0.004,0.020,-0.008,0.003,0.007,-0.001,0.008,0.05,-0.06,94.83,0.0018,0.0003,0.0010,0.0010,1447,0.872,22.2,2.1,2.6,22.6,25.2,1.00,25.15,0.99745,0.385,286.79,25.20,14,1
55.199,hall_mission,9x4.5,pi5,-0.005,0.021,-0.009,0.002,0.008,-0.001,0.008,0.05,-0.06,94.83,0.0019,0.0002,0.0010,0.0009,1447,0.872,22.2,2.1,2.6,22.6,25.2,1.00,25.15,0.99745,0.386,286.79,25.20,14,1
55.243,hall_mission,9x4.5,pi5,-0.005,0.021,-0.009,0.002,0.008,-0.001,0.009,0.05,-0.06,94.84,0.0017,0.0002,0.0011,0.0009,1447,0.872,22.2,2.1,2.6,22.6,25.2,1.00,25.15,0.99744,0.386,286.79,25.20,14,1
55.247,hall_mission,9x4.5,pi5,-0.005,0.021,-0.009,0.002,0.008,-0.001,0.009,0.05,-0.06,94.84,0.0018,0.0002,0.0009,0.0011,1447,0.872,22.2,2.1,2.6,22.6,25.2,1.00,25.15,0.99744,0.386,286.79,25.20,14,1
55.299,hall_mission,9x4.5,pi5,-0.006,0.022,-0.010,0.001,0.009,-0.001,0.009,0.05,-0.06,94.84,0.0019,0.0002,0.0010,0.0010,1447,0.872,22.2,2.1,2.6,22.6,25.2,1.00,25.15,0.99744,0.386,286.79,25.20,14,1
55.347,hall_mission,9x4.5,pi5,-0.006,0.023,-0.010,0.001,0.009,-0.001,0.009,0.05,-0.06,94.84,0.0018,0.0002,0.0007,0.0013,1447,0.872,22.2,2.1,2.6,22.6,25.2,1.00,25.15,0.99744,0.387,286.79,25.20,14,1
55.399,hall_mission,9x4.5,pi5,-0.007,0.024,-0.011,-0.000,0.009,-0.001,0.009,0.05,-0.06,94.84,0.0018,0.0002,0.0012,0.0008,1447,0.872,22.2,2.1,2.6,22.6,25.2,1.00,25.15,0.99744,0.387,286.78,25.20,14,1
55.447,hall_mission,9x4.5,pi5,-0.007,0.024,-0.012,-0.001,0.009,-0.001,0.009,0.05,-0.06,94.84,0.0020,0.0000,0.0013,0.0007,1447,0.872,22.2,2.1,2.6,22.6,25.2,1.00,25.15,0.99743,0.387,286.78,25.20,14,1
55.499,hall_mission,9x4.5,pi5,-0.008,0.025,-0.012,-0.001,0.010,-0.001,0.010,0.05,-0.06,94.84,0.0017,0.0003,0.0011,0.0009,1447,0.872,22.2,2.1,2.6,22.6,25.2,1.00,25.15,0.99743,0.388,286.78,25.20,14,1
55.547,hall_mission,9x4.5,pi5,-0.008,0.026,-0.013,-0.002,0.010,-0.001,0.010,0.05,-0.06,94.84,0.0020,0.0001,0.0012,0.0008,1447,0.872,22.2,2.1,2.6,22.6,25.2,1.00,25.15,0.99743,0.388,286.78,25.20,14,1
55.599,hall_mission,9x4.5,pi5,-0.009,0.027,-0.013,-0.002,0.011,-0.001,0.011,0.05,-0.07,94.84,0.0020,0.0001,0.0014,0.0005,1447,0.872,22.2,2.1,2.6,22.6,25.2,1.00,25.15,0.99743,0.388,286.78,25.20,14,1
55.647,hall_mission,9x4.5,pi5,-0.009,0.028,-0.014,-0.002,0.011,-0.002,0.012,0.05,-0.07,94.84,0.0020,0.0000,0.0013,0.0007,1447,0.872,22.2,2.1,2.6,22.6,25.2,1.00,25.15,0.99743,0.389,286.77,25.20,14,1
55.699,hall_mission,9x4.5,pi5,-0.009,0.030,-0.014,-0.003,0.012,-0.002,0.012,0.05,-0.07,94.84,0.0016,0.0003,0.0010,0.0011,1447,0.872,22.2,2.1,2.6,22.6,25.2,1.00,25.15,0.99742,0.389,286.78,25.20,14,1
55.747,hall_mission,9x4.5,pi5,-0.009,0.030,-0.015,-0.003,0.012,-0.002,0.013,0.05,-0.07,94.84,0.0017,0.0002,0.0011,0.0010,1447,0.872,22.2,2.1,2.6,22.6,25.2,1.00,25.15,0.99742,0.389,286.78,25.20,14,1
55.799,hall_mission,9x4.5,pi5,-0.010,0.032,-0.015,-0.003,0.013,-0.002,0.013,0.05,-0.07,94.84,0.0018,0.0001,0.0011,0.0010,1447,0.872,22.2,2.1,2.6,22.6,25.2,1.00,25.15,0.99742,0.390,286.78,25.20,14,1
55.847,hall_mission,9x4.5,pi5,-0.010,0.033,-0.016,-0.002,0.013,-0.002,0.014,0.05,-0.07,94.84,0.0018,0.0001,0.0011,0.0010,1447,0.872,22.2,2.1,2.6,22.6,25.2,1.00,25.15,0.99742,0.390,286.78,25.20,14,1
55.899,hall_mission,9x4.5,pi5,-0.010,0.034,-0.016,-0.002,0.014,-0.003,0.014,0.05,-0.07,94.84,0.0020,0.0000,0.0014,0.0007,1089,0.658,16.8,1.6,1.9,22.6,24.5,0.98,25.15,0.99741,0.390,294.08,25.20,14,1
55.947,hall_mission,9x4.5,pi5,-0.010,0.034,-0.017,-0.003,0.014,-0.003,0.014,0.05,-0.07,94.84,0.0019,0.0001,0.0012,0.0008,1447,0.872,22.2,2.1,2.6,22.6,25.2,1.00,25.15,0.99741,0.391,286.77,25.20,14,1
55.999,hall_mission,9x4.5,pi5,-0.010,0.035,-0.018,-0.002,0.014,-0.003,0.015,0.05,-0.07,94.84,0.0020,0.0000,0.0013,0.0007,1447,0.872,22.2,2.1,2.6,22.6,25.2,1.00,25.15,0.99741,0.391,286.77,25.20,14,1
56.047,hall_mission,9x4.5,pi5,-0.010,0.036,-0.018,-0.002,0.014,-0.004,0.015,0.05,-0.07,94.84,0.0019,0.0002,0.0012,0.0007,1447,0.872,22.2,2.1,2.6,22.6,25.2,1.00,25.15,0.99741,0.391,286.77,25.20,14,1
56.099,hall_mission,9x4.5,pi5,-0.010,0.037,-0.019,-0.002,0.014,-0.004,0.015,0.05,-0.07,94.84,0.0021,0.0001,0.0013,0.0006,1447,0.872,22.2,2.1,2.6,22.6,25.2,1.00,25.15,0.99740,0.392,286.77,25.20,14,1
56.147,hall_mission,9x4.5,pi5,-0.010,0.037,-0.019,-0.001,0.014,-0.004,0.015,0.04,-0.07,94.84,0.0020,0.0000,0.0011,0.0008,1447,0.872,22.2,2.1,2.6,22.6,25.2,1.00,25.15,0.99740,0.392,286.77,25.20,14,1
56.199,hall_mission,9x4.5,pi5,-0.009,0.037,-0.020,-0.000,0.014,-0.005,0.015,0.04,-0.07,94.84,0.0020,0.0000,0.0015,0.0005,1447,0.872,22.2,2.1,2.6,22.6,25.2,1.00,25.15,0.99740,0.393,286.77,25.20,14,1
56.247,hall_mission,9x4.5,pi5,-0.009,0.038,-0.020,-0.000,0.014,-0.005,0.015,0.04,-0.07,94.84,0.0017,0.0003,0.0013,0.0007,1447,0.872,22.2,2.1,2.6,22.6,25.2,1.00,25.15,0.99740,0.393,286.77,25.20,14,1
56.299,hall_mission,9x4.5,pi5,-0.008,0.038,-0.021,0.001,0.014,-0.005,0.014,0.04,-0.07,94.84,0.0020,0.0000,0.0010,0.0009,1447,0.872,22.2,2.1,2.6,22.6,25.2,1.00,25.15,0.99740,0.393,286.77,25.20,14,1
56.347,hall_mission,9x4.5,pi5,-0.008,0.038,-0.021,0.001,0.013,-0.005,0.014,0.04,-0.07,94.84,0.0020,0.0001,0.0012,0.0007,1447,0.872,22.2,2.1,2.6,22.6,25.2,1.00,25.15,0.99739,0.394,286.77,25.20,14,1
56.399,hall_mission,9x4.5,pi5,-0.007,0.037,-0.022,0.002,0.013,-0.006,0.014,0.04,-0.07,94.83,0.0020,0.0000,0.0014,0.0005,1447,0.872,22.2,2.1,2.6,22.6,25.2,1.00,25.15,0.99739,0.394,286.76,25.20,14,1
56.447,hall_mission,9x4.5,pi5,-0.006,0.037,-0.023,0.003,0.013,-0.006,0.014,0.04,-0.07,94.83,0.0016,0.0004,0.0012,0.0008,1447,0.872,22.2,2.1,2.6,22.6,25.2,1.00,25.15,0.99739,0.394,286.77,25.20,14,1
56.499,hall_mission,9x4.5,pi5,-0.006,0.037,-0.024,0.003,0.013,-0.006,0.014,0.04,-0.07,94.84,0.0018,0.0001,0.0013,0.0007,1447,0.872,22.2,2.1,2.6,22.6,25.2,1.00,25.15,0.99739,0.395,286.76,25.20,14,1
56.547,hall_mission,9x4.5,pi5,-0.006,0.037,-0.025,0.003,0.013,-0.007,0.015,0.04,-0.07,94.83,0.0017,0.0003,0.0015,0.0004,1447,0.872,22.2,2.1,2.6,22.6,25.2,1.00,25.15,0.99738,0.395,286.76,25.20,14,1
56.599,hall_mission,9x4.5,pi5,-0.006,0.037,-0.026,0.004,0.012,-0.007,0.015,0.04,-0.07,94.83,0.0017,0.0004,0.0013,0.0006,1447,0.872,22.2,2.1,2.6,22.6,25.2,1.00,25.15,0.99738,0.395,286.76,25.20,14,1
56.647,hall_mission,9x4.5,pi5,-0.006,0.037,-0.027,0.004,0.012,-0.007,0.015,0.04,-0.07,94.83,0.0020,0.0000,0.0010,0.0010,1447,0.872,22.2,2.1,2.6,22.6,25.2,1.00,25.15,0.99738,0.396,286.76,25.20,14,1
56.699,hall_mission,9x4.5,pi5,-0.006,0.036,-0.028,0.003,0.012,-0.008,0.015,0.04,-0.07,94.83,0.0020,0.0000,0.0016,0.0004,1089,0.658,16.8,1.6,2.0,22.6,24.6,0.98,25.15,0.99738,0.396,294.06,25.20,14,1
56.747,hall_mission,9x4.5,pi5,-0.006,0.036,-0.029,0.003,0.012,-0.008,0.015,0.04,-0.07,94.84,0.0020,0.0000,0.0016,0.0004,1089,0.658,16.8,1.6,2.0,22.6,24.6,0.98,25.15,0.99737,0.396,294.06,25.20,14,1
56.799,hall_mission,9x4.5,pi5,-0.007,0.036,-0.029,0.003,0.011,-0.008,0.014,0.04,-0.07,94.83,0.0020,0.0000,0.0013,0.0006,1447,0.872,22.2,2.1,2.6,22.6,25.2,1.00,25.15,0.99737,0.397,286.75,25.20,14,1
56.847,hall_mission,9x4.5,pi5,-0.007,0.035,-0.030,0.003,0.011,-0.008,0.014,0.04,-0.07,94.84,0.0020,0.0000,0.0014,0.0006,1447,0.872,22.2,2.1,2.6,22.6,25.2,1.00,25.15,0.99737,0.397,286.75,25.20,14,1
56.899,hall_mission,9x4.5,pi5,-0.008,0.035,-0.030,0.002,0.011,-0.008,0.013,0.04,-0.07,94.83,0.0020,0.0001,0.0010,0.0008,1447,0.872,22.2,2.1,2.6,22.6,25.2,1.00,25.15,0.99737,0.397,286.76,25.20,14,1
56.947,hall_mission,9x4.5,pi5,-0.009,0.034,-0.031,0.001,0.010,-0.008,0.013,0.05,-0.07,94.83,0.0018,0.0004,0.0012,0.0006,1447,0.872,22.2,2.1,2.6,22.6,25.2,1.00,25.15,0.99737,0.398,286.75,25.20,14,1
56.999,hall_mission,9x4.5,pi5,-0.010,0.033,-0.031,0.001,0.010,-0.008,0.013,0.05,-0.07,94.83,0.0020,0.0001,0.0012,0.0006,1447,0.872,22.2,2.1,2.6,22.6,25.2,1.00,25.15,0.99736,0.398,286.75,25.20,14,1
57.047,hall_mission,9x4.5,pi5,-0.010,0.033,-0.032,0.000,0.009,-0.008,0.012,0.05,-0.07,94.83,0.0021,0.0001,0.0012,0.0007,1447,0.872,22.2,2.1,2.6,22.6,25.2,1.00,25.15,0.99736,0.398,286.75,25.20,14,1
57.099,hall_mission,9x4.5,pi5,-0.011,0.032,-0.032,-0.000,0.009,-0.008,0.012,0.05,-0.07,94.83,0.0018,0.0003,0.0013,0.0006,1447,0.872,22.2,2.1,2.6,22.6,25.2,1.00,25.15,0.99736,0.399,286.75,25.20,14,1
57.147,hall_mission,9x4.5,pi5,-0.012,0.031,-0.033,-0.001,0.008,-0.008,0.012,0.05,-0.07,94.83,0.0018,0.0003,0.0014,0.0006,1447,0.872,22.2,2.1,2.6,22.6,25.2,1.00,25.15,0.99736,0.399,286.75,25.20,14,1
57.199,hall_mission,9x4.5,pi5,-0.013,0.030,-0.033,-0.002,0.008,-0.008,0.011,0.05,-0.07,94.83,0.0020,0.0000,0.0011,0.0008,1447,0.872,22.2,2.1,2.6,22.6,25.2,1.00,25.15,0.99735,0.399,286.75,25.20,14,1
57.247,hall_mission,9x4.5,pi5,-0.014,0.030,-0.034,-0.002,0.007,-0.008,0.011,0.05,-0.06,94.83,0.0020,0.0000,0.0012,0.0007,1447,0.872,22.2,2.1,2.6,22.6,25.2,1.00,25.15,0.99735,0.400,286.75,25.20,14,1
57.299,hall_mission,9x4.5,pi5,-0.015,0.029,-0.035,-0.003,0.006,-0.008,0.010,0.05,-0.06,94.83,0.0018,0.0002,0.0011,0.0009,1447,0.872,22.2,2.1,2.6,22.6,25.2,1.00,25.15,0.99735,0.400,286.74,25.20,14,1
57.347,hall_mission,9x4.5,pi5,-0.016,0.028,-0.035,-0.004,0.006,-0.008,0.010,0.05,-0.06,94.83,0.0018,0.0002,0.0012,0.0008,1447,0.872,22.2,2.1,2.6,22.6,25.2,1.00,25.15,0.99735,0.401,286.75,25.20,14,1
57.399,hall_mission,9x4.5,pi5,-0.017,0.027,-0.036,-0.004,0.005,-0.008,0.011,0.05,-0.06,94.83,0.0020,0.0000,0.0013,0.0006,1447,0.872,22.2,2.1,2.6,22.6,25.2,1.00,25.15,0.99734,0.401,286.74,25.20,14,1
57.447,hall_mission,9x4.5,pi5,-0.017,0.027,-0.037,-0.004,0.005,-0.008,0.011,0.05,-0.06,94.83,0.0018,0.0002,0.0012,0.0008,1447,0.872,22.2,2.1,2.6,22.6,25.2,1.00,25.15,0.99734,0.401,286.74,25.20,14,1
57.499,hall_mission,9x4.5,pi5,-0.018,0.026,-0.038,-0.005,0.005,-0.009,0.011,0.05,-0.06,94.83,0.0016,0.0004,0.0011,0.0009,1447,0.872,22.2,2.1,2.6,22.6,25.2,1.00,25.15,0.99734,0.402,286.74,25.20,14,1
57.547,hall_mission,9x4.5,pi5,-0.018,0.026,-0.038,-0.005,0.004,-0.009,0.011,0.05,-0.06,94.83,0.0020,0.0000,0.0009,0.0011,1089,0.658,16.8,1.6,1.9,22.6,24.5,0.98,25.15,0.99734,0.402,294.04,25.20,14,1
57.599,hall_mission,9x4.5,pi5,-0.018,0.025,-0.039,-0.005,0.004,-0.010,0.012,0.05,-0.06,94.83,0.0019,0.0001,0.0013,0.0007,1447,0.872,22.2,2.1,2.6,22.6,25.2,1.00,25.15,0.99734,0.402,286.74,25.20,14,1
57.647,hall_mission,9x4.5,pi5,-0.018,0.025,-0.040,-0.005,0.004,-0.010,0.012,0.05,-0.06,94.83,0.0019,0.0001,0.0012,0.0008,1447,0.872,22.2,2.1,2.6,22.6,25.2,1.00,25.15,0.99733,0.403,286.74,25.20,14,1
57.699,hall_mission,9x4.5,pi5,-0.018,0.025,-0.040,-0.005,0.004,-0.010,0.012,0.05,-0.06,94.83,0.0017,0.0002,0.0013,0.0007,1447,0.872,22.2,2.1,2.6,22.6,25.2,1.00,25.15,0.99733,0.403,286.74,25.20,14,1
57.747,hall_mission,9x4.5,pi5,-0.018,0.024,-0.041,-0.005,0.004,-0.010,0.012,0.05,-0.06,94.83,0.0019,0.0001,0.0010,0.0011,1447,0.872,22.2,2.1,2.6,22.6,25.2,1.00,25.15,0.99733,0.403,286.73,25.20,14,1
57.799,hall_mission,9x4.5,pi5,-0.018,0.023,-0.041,-0.005,0.004,-0.010,0.012,0.05,-0.06,94.83,0.0020,0.0000,0.0007,0.0013,1447,0.872,22.2,2.1,2.6,22.6,25.2,1.00,25.15,0.99733,0.404,286.73,25.20,14,1
57.847,hall_mission,9x4.5,pi5,-0.018,0.023,-0.041,-0.005,0.003,-0.010,0.012,0.05,-0.06,94.83,0.0018,0.0002,0.0013,0.0007,1447,0.872,22.2,2.1,2.6,22.6,25.2,1.00,25.15,0.99732,0.404,286.73,25.20,14,1
57.899,hall_mission,9x4.5,pi5,-0.017,0.022,-0.041,-0.005,0.003,-0.010,0.012,0.05,-0.06,94.83,0.0020,0.0000,0.0012,0.0007,1447,0.872,22.2,2.1,2.6,22.6,25.2,1.00,25.15,0.99732,0.404,286.73,25.20,14,1
57.947,hall_mission,9x4.5,pi5,-0.017,0.022,-0.042,-0.004,0.003,-0.011,0.012,0.05,-0.06,94.83,0.0020,0.0001,0.0011,0.0008,1447,0.872,22.2,2.1,2.6,22.6,25.2,1.00,25.15,0.99732,0.405,286.73,25.20,14,1
57.999,hall_mission,9x4.5,pi5,-0.016,0.021,-0.042,-0.004,0.003,-0.011,0.012,0.05,-0.06,94.83,0.0015,0.0005,0.0014,0.0006,1447,0.872,22.2,2.1,2.6,22.6,25.2,1.00,25.15,0.99732,0.405,286.73,25.20,14,1
58.047,hall_mission,9x4.5,pi5,-0.016,0.021,-0.043,-0.004,0.002,-0.011,0.011,0.05,-0.06,94.83,0.0014,0.0006,0.0012,0.0007,1447,0.872,22.2,2.1,2.6,22.6,25.2,1.00,25.15,0.99731,0.405,286.73,25.20,14,1
58.099,hall_mission,9x4.5,pi5,-0.015,0.020,-0.043,-0.003,0.002,-0.010,0.011,0.04,-0.06,94.83,0.0018,0.0002,0.0014,0.0006,1447,0.872,22.2,2.1,2.6,22.6,25.2,1.00,25.15,0.99731,0.406,286.73,25.20,14,1
58.147,hall_mission,9x4.5,pi5,-0.014,0.020,-0.043,-0.002,0.002,-0.010,0.011,0.04,-0.06,94.83,0.0019,0.0001,0.0008,0.0012,1447,0.872,22.2,2.1,2.6,22.6,25.2,1.00,25.15,0.99731,0.406,286.73,25.20,14,1
58.199,hall_mission,9x4.5,pi5,-0.013,0.020,-0.043,-0.001,0.002,-0.010,0.011,0.04,-0.06,94.83,0.0015,0.0004,0.0013,0.0008,1447,0.872,22.2,2.1,2.6,22.6,25.2,1.00,25.15,0.99731,0.406,286.73,25.20,14,1
58.247,hall_mission,9x4.5,pi5,-0.013,0.020,-0.043,-0.001,0.002,-0.010,0.010,0.04,-0.06,94.83,0.0014,0.0005,0.0012,0.0009,1447,0.872,22.2,2.1,2.6,22.6,25.2,1.00,25.15,0.99731,0.407,286.73,25.20,14,1
58.299,hall_mission,9x4.5,pi5,-0.012,0.020,-0.042,0.000,0.002,-0.010,0.010,0.04,-0.06,94.83,0.0014,0.0006,0.0008,0.0012,1447,0.872,22.2,2.1,2.6,22.6,25.2,1.00,25.15,0.99730,0.407,286.72,25.20,14,1
58.347,hall_mission,9x4.5,pi5,-0.011,0.019,-0.042,0.001,0.002,-0.010,0.010,0.04,-0.05,94.83,0.0016,0.0005,0.0009,0.0010,1447,0.872,22.2,2.1,2.6,22.6,25.2,1.00,25.15,0.99730,0.408,286.73,25.20,14,1
58.399,hall_mission,9x4.5,pi5,-0.010,0.019,-0.042,0.001,0.002,-0.009,0.010,0.04,-0.05,94.83,0.0016,0.0004,0.0009,0.0010,1447,0.872,22.2,2.1,2.6,22.6,25.2,1.00,25.15,0.99730,0.408,286.72,25.20,14,1
58.447,hall_mission,9x4.5,pi5,-0.009,0.018,-0.041,0.002,0.002,-0.009,0.009,0.03,-0.05,94.83,0.0013,0.0007,0.0011,0.0009,1447,0.872,22.2,2.1,2.6,22.6,25.2,1.00,25.15,0.99730,0.408,286.72,25.20,14,1
58.499,hall_mission,9x4.5,pi5,-0.008,0.018,-0.041,0.003,0.002,-0.009,0.009,0.03,-0.05,94.83,0.0014,0.0006,0.0012,0.0008,1447,0.872,22.2,2.1,2.6,22.6,25.2,1.00,25.15,0.99729,0.409,286.72,25.20,14,1
58.547,hall_mission,9x4.5,pi5,-0.007,0.018,-0.040,0.004,0.002,-0.008,0.009,0.03,-0.05,94.83,0.0015,0.0005,0.0013,0.0006,1447,0.872,22.2,2.1,2.6,22.6,25.2,1.00,25.15,0.99729,0.409,286.72,25.20,14,1
58.599,hall_mission,9x4.5,pi5,-0.006,0.017,-0.040,0.004,0.002,-0.008,0.009,0.03,-0.05,94.83,0.0017,0.0003,0.0011,0.0009,1447,0.872,22.2,2.1,2.6,22.6,25.2,1.00,25.15,0.99729,0.409,286.72,25.20,14,1
58.647,hall_mission,9x4.5,pi5,-0.006,0.017,-0.040,0.004,0.002,-0.008,0.009,0.03,-0.05,94.83,0.0013,0.0007,0.0011,0.0009,1447,0.872,22.2,2.1,2.6,22.6,25.2,1.00,25.15,0.99729,0.410,286.72,25.20,14,1
58.699,hall_mission,9x4.5,pi5,-0.006,0.017,-0.039,0.005,0.002,-0.007,0.009,0.03,-0.05,94.83,0.0013,0.0006,0.0015,0.0005,1447,0.872,22.2,2.1,2.6,22.6,25.2,1.00,25.15,0.99728,0.410,286.72,25.20,14,1
58.747,hall_mission,9x4.5,pi5,-0.005,0.017,-0.039,0.005,0.002,-0.007,0.009,0.03,-0.05,94.83,0.0014,0.0006,0.0008,0.0011,1447,0.872,22.2,2.1,2.6,22.6,25.2,1.00,25.15,0.99728,0.410,286.71,25.20,14,1
58.799,hall_mission,9x4.5,pi5,-0.005,0.017,-0.038,0.005,0.002,-0.007,0.009,0.03,-0.05,94.83,0.0016,0.0003,0.0015,0.0006,1447,0.872,22.2,2.1,2.6,22.6,25.2,1.00,25.15,0.99728,0.411,286.72,25.20,14,1
58.847,hall_mission,9x4.5,pi5,-0.005,0.017,-0.037,0.005,0.002,-0.006,0.008,0.03,-0.05,94.83,0.0016,0.0005,0.0012,0.0008,1447,0.872,22.2,2.1,2.6,22.6,25.2,1.00,25.15,0.99728,0.411,286.71,25.20,14,1
58.899,hall_mission,9x4.5,pi5,-0.004,0.017,-0.037,0.005,0.002,-0.006,0.008,0.03,-0.05,94.83,0.0018,0.0002,0.0012,0.0008,1447,0.872,22.2,2.1,2.6,22.6,25.2,1.00,25.15,0.99727,0.411,286.71,25.20,14,1
58.947,hall_mission,9x4.5,pi5,-0.004,0.017,-0.036,0.005,0.002,-0.006,0.008,0.03,-0.05,94.83,0.0017,0.0004,0.0012,0.0008,1447,0.872,22.2,2.1,2.6,22.6,25.2,1.00,25.15,0.99727,0.412,286.71,25.20,14,1
58.999,hall_mission,9x4.5,pi5,-0.003,0.017,-0.034,0.006,0.002,-0.005,0.008,0.03,-0.05,94.83,0.0015,0.0005,0.0009,0.0011,1447,0.872,22.2,2.1,2.6,22.6,25.2,1.00,25.15,0.99727,0.412,286.71,25.20,14,1
59.047,hall_mission,9x4.5,pi5,-0.003,0.017,-0.033,0.006,0.003,-0.005,0.008,0.03,-0.05,94.83,0.0015,0.0005,0.0013,0.0007,1447,0.872,22.2,2.1,2.6,22.6,25.2,1.00,25.15,0.99727,0.412,286.71,25.20,14,1
59.095,hall_mission,9x4.5,pi5,-0.002,0.017,-0.033,0.006,0.003,-0.004,0.008,0.03,-0.05,94.83,0.0017,0.0003,0.0011,0.0009,1447,0.872,22.2,2.1,2.6,22.6,25.2,1.00,25.15,0.99727,0.413,286.71,25.20,14,1
59.147,hall_mission,9x4.5,pi5,-0.002,0.017,-0.031,0.007,0.003,-0.004,0.008,0.03,-0.05,94.83,0.0016,0.0004,0.0011,0.0009,1447,0.872,22.2,2.1,2.6,22.6,25.2,1.00,25.15,0.99726,0.413,286.71,25.20,14,1
59.199,hall_mission,9x4.5,pi5,-0.001,0.018,-0.030,0.007,0.003,-0.003,0.008,0.03,-0.05,94.83,0.0016,0.0004,0.0013,0.0007,1447,0.872,22.2,2.1,2.6,22.6,25.2,1.00,25.15,0.99726,0.413,286.70,25.20,14,1
59.247,hall_mission,9x4.5,pi5,-0.001,0.018,-0.029,0.007,0.004,-0.003,0.008,0.03,-0.06,94.83,0.0016,0.0004,0.0011,0.0009,1447,0.872,22.2,2.1,2.6,22.6,25.2,1.00,25.15,0.99726,0.414,286.71,25.20,14,1
59.299,hall_mission,9x4.5,pi5,-0.000,0.018,-0.028,0.007,0.004,-0.003,0.008,0.03,-0.06,94.83,0.0018,0.0002,0.0012,0.0007,1447,0.872,22.2,2.1,2.6,22.6,25.2,1.00,25.15,0.99726,0.414,286.70,25.20,14,1
59.347,hall_mission,9x4.5,pi5,-0.000,0.017,-0.028,0.007,0.004,-0.003,0.008,0.03,-0.05,94.83,0.0015,0.0005,0.0013,0.0007,1447,0.872,22.2,2.1,2.6,22.6,25.2,1.00,25.15,0.99725,0.415,286.71,25.20,14,1
59.399,hall_mission,9x4.5,pi5,0.000,0.017,-0.027,0.007,0.004,-0.002,0.008,0.03,-0.05,94.83,0.0013,0.0007,0.0011,0.0009,1447,0.872,22.2,2.1,2.6,22.6,25.2,1.00,25.15,0.99725,0.415,286.70,25.20,14,1
59.447,hall_mission,9x4.5,pi5,0.000,0.017,-0.026,0.007,0.003,-0.002,0.008,0.03,-0.05,94.83,0.0015,0.0005,0.0010,0.0009,1447,0.872,22.2,2.1,2.6,22.6,25.2,1.00,25.15,0.99725,0.415,286.70,25.20,14,1
59.499,hall_mission,9x4.5,pi5,0.000,0.016,-0.026,0.006,0.003,-0.001,0.007,0.03,-0.05,94.83,0.0018,0.0002,0.0007,0.0013,1447,0.872,22.2,2.1,2.6,22.6,25.2,1.00,25.15,0.99725,0.416,286.70,25.20,14,1
59.547,hall_mission,9x4.5,pi5,0.000,0.015,-0.025,0.006,0.002,-0.001,0.006,0.03,-0.05,94.83,0.0015,0.0005,0.0010,0.0009,1447,0.872,22.2,2.1,2.6,22.6,25.2,1.00,25.15,0.99724,0.416,286.70,25.20,14,1
59.599,hall_mission,9x4.5,pi5,-0.000,0.014,-0.024,0.006,0.001,-0.000,0.006,0.03,-0.05,94.83,0.0011,0.0009,0.0012,0.0008,1447,0.872,22.2,2.1,2.6,22.6,25.2,1.00,25.15,0.99724,0.416,286.70,25.20,14,1
59.647,hall_mission,9x4.5,pi5,-0.000,0.013,-0.023,0.006,0.000,-0.000,0.006,0.03,-0.05,94.83,0.0016,0.0004,0.0009,0.0011,1447,0.872,22.2,2.1,2.6,22.6,25.2,1.00,25.15,0.99724,0.417,286.70,25.20,14,1
59.699,hall_mission,9x4.5,pi5,0.000,0.011,-0.022,0.006,-0.001,0.000,0.006,0.03,-0.04,94.83,0.0016,0.0004,0.0012,0.0008,1447,0.872,22.2,2.1,2.6,22.6,25.2,1.00,25.15,0.99724,0.417,286.70,25.20,14,1
59.747,hall_mission,9x4.5,pi5,0.001,0.010,-0.021,0.006,-0.001,0.000,0.006,0.03,-0.04,94.83,0.0015,0.0005,0.0012,0.0008,1447,0.872,22.2,2.1,2.6,22.6,25.2,1.00,25.15,0.99724,0.417,286.69,25.20,14,1
59.799,hall_mission,9x4.5,pi5,0.001,0.008,-0.020,0.007,-0.003,0.001,0.007,0.03,-0.04,94.83,0.0015,0.0005,0.0009,0.0011,1447,0.872,22.2,2.1,2.6,22.6,25.2,1.00,25.15,0.99723,0.418,286.70,25.20,14,1
59.847,hall_mission,9x4.5,pi5,0.001,0.007,-0.020,0.007,-0.003,0.001,0.008,0.03,-0.04,94.83,0.0017,0.0003,0.0012,0.0008,1447,0.872,22.2,2.1,2.6,22.6,25.2,1.00,25.15,0.99723,0.418,286.69,25.20,14,1
59.899,hall_mission,9x4.5,pi5,0.002,0.005,-0.019,0.007,-0.005,0.001,0.009,0.03,-0.04,94.82,0.0011,0.0009,0.0009,0.0011,1447,0.872,22.2,2.1,2.6,22.6,25.2,1.00,25.15,0.99723,0.418,286.69,25.20,14,1
59.947,hall_mission,9x4.5,pi5,0.002,0.004,-0.019,0.007,-0.005,0.001,0.009,0.03,-0.04,94.82,0.0018,0.0002,0.0011,0.0008,1447,0.872,22.2,2.1,2.6,22.6,25.2,1.00,25.15,0.99723,0.419,286.69,25.20,14,1
59.999,hall_mission,9x4.5,pi5,0.003,0.002,-0.018,0.008,-0.006,0.001,0.010,0.03,-0.04,94.82,0.0016,0.0005,0.0009,0.0010,1447,0.872,22.2,2.1,2.6,22.6,25.2,1.00,25.15,0.99722,0.419,286.69,25.20,14,1
60.047,hall_mission,9x4.5,pi5,0.003,0.001,-0.018,0.008,-0.007,0.001,0.010,0.03,-0.03,94.82,0.0015,0.0005,0.0011,0.0009,1447,0.872,22.2,2.1,2.6,22.6,25.2,1.00,25.15,0.99722,0.419,286.69,25.20,14,1
60.099,hall_mission,9x4.5,pi5,0.004,0.000,-0.017,0.008,-0.007,0.001,0.011,0.03,-0.03,94.82,0.0015,0.0005,0.0012,0.0007,1447,0.872,22.2,2.1,2.6,22.6,25.2,1.00,25.15,0.99722,0.420,286.69,25.20,14,1
60.147,hall_mission,9x4.5,pi5,0.004,-0.001,-0.017,0.009,-0.007,0.001,0.011,0.03,-0.03,94.82,0.0017,0.0004,0.0010,0.0009,1447,0.872,22.2,2.1,2.6,22.6,25.2,1.00,25.15,0.99722,0.420,286.69,25.20,14,1
60.199,hall_mission,9x4.5,pi5,0.005,-0.001,-0.017,0.009,-0.007,0.001,0.012,0.03,-0.04,94.82,0.0014,0.0007,0.0013,0.0006,1447,0.872,22.2,2.1,2.6,22.6,25.2,1.00,25.15,0.99721,0.420,286.68,25.20,14,1
60.247,hall_mission,9x4.5,pi5,0.005,-0.002,-0.017,0.009,-0.008,0.001,0.012,0.03,-0.04,94.82,0.0015,0.0005,0.0008,0.0011,1447,0.872,22.2,2.1,2.6,22.6,25.2,1.00,25.15,0.99721,0.421,286.69,25.20,14,1
60.299,hall_mission,9x4.5,pi5,0.005,-0.002,-0.017,0.008,-0.008,0.001,0.011,0.03,-0.04,94.82,0.0019,0.0002,0.0009,0.0010,1447,0.872,22.2,2.1,2.6,22.6,25.2,1.00,25.15,0.99721,0.421,286.68,25.20,14,1
60.347,hall_mission,9x4.5,pi5,0.005,-0.003,-0.016,0.008,-0.008,0.001,0.011,0.03,-0.04,94.82,0.0016,0.0004,0.0012,0.0007,1447,0.872,22.2,2.1,2.6,22.6,25.2,1.00,25.15,0.99721,0.421,286.68,25.20,14,1
60.399,hall_mission,9x4.5,pi5,0.005,-0.003,-0.016,0.007,-0.008,0.001,0.011,0.03,-0.04,94.82,0.0016,0.0004,0.0015,0.0005,1447,0.872,22.2,2.1,2.6,22.6,25.2,1.00,25.15,0.99721,0.422,286.68,25.20,14,1
60.447,hall_mission,9x4.5,pi5,0.005,-0.003,-0.016,0.007,-0.007,0.001,0.010,0.03,-0.04,94.82,0.0016,0.0003,0.0008,0.0013,1447,0.872,22.2,2.1,2.6,22.6,25.2,1.00,25.15,0.99720,0.422,286.68,25.20,14,1
60.499,hall_mission,9x4.5,pi5,0.004,-0.002,-0.016,0.007,-0.006,0.000,0.009,0.03,-0.04,94.82,0.0013,0.0006,0.0011,0.0010,1447,0.872,22.2,2.1,2.6,22.6,25.2,1.00,25.15,0.99720,0.423,286.68,25.20,14,1
60.547,hall_mission,9x4.5,pi5,0.004,-0.002,-0.016,0.006,-0.006,0.000,0.009,0.03,-0.04,94.83,0.0014,0.0004,0.0011,0.0011,1447,0.872,22.2,2.1,2.6,22.6,25.2,1.00,25.15,0.99720,0.423,286.68,25.20,14,1
60.599,hall_mission,9x4.5,pi5,0.004,-0.001,-0.015,0.006,-0.005,0.001,0.008,0.04,-0.05,94.83,0.0014,0.0005,0.0013,0.0009,1447,0.872,22.2,2.1,2.6,22.6,25.2,1.00,25.15,0.99720,0.423,286.68,25.20,14,1
60.647,hall_mission,9x4.5,pi5,0.004,-0.001,-0.015,0.006,-0.005,0.001,0.008,0.03,-0.05,94.83,0.0017,0.0002,0.0011,0.0011,1447,0.872,22.2,2.1,2.6,22.6,25.2,1.00,25.15,0.99719,0.424,286.68,25.20,14,1
60.699,hall_mission,9x4.5,pi5,0.004,-0.001,-0.014,0.006,-0.004,0.001,0.007,0.04,-0.05,94.83,0.0015,0.0003,0.0014,0.0007,1447,0.872,22.2,2.1,2.6,22.6,25.2,1.00,25.15,0.99719,0.424,286.68,25.20,14,1
60.747,hall_mission,9x4.5,pi5,0.004,-0.001,-0.013,0.006,-0.004,0.001,0.007,0.04,-0.05,94.83,0.0016,0.0004,0.0015,0.0006,1447,0.872,22.2,2.1,2.6,22.6,25.2,1.00,25.15,0.99719,0.424,286.67,25.20,14,1
60.799,hall_mission,9x4.5,pi5,0.004,-0.000,-0.013,0.005,-0.003,0.001,0.006,0.04,-0.05,94.83,0.0016,0.0003,0.0010,0.0011,1447,0.872,22.2,2.1,2.6,22.6,25.2,1.00,25.15,0.99719,0.425,286.68,25.20,14,1
60.847,hall_mission,9x4.5,pi5,0.004,-0.000,-0.012,0.005,-0.003,0.001,0.006,0.04,-0.05,94.83,0.0017,0.0004,0.0009,0.0010,1447,0.872,22.2,2.1,2.6,22.6,25.2,1.00,25.15,0.99718,0.425,286.67,25.20,14,1
60.899,hall_mission,9x4.5,pi5,0.004,-0.000,-0.011,0.005,-0.003,0.001,0.006,0.04,-0.05,94.83,0.0016,0.0005,0.0009,0.0010,1447,0.872,22.2,2.1,2.6,22.6,25.2,1.00,25.15,0.99718,0.425,286.67,25.20,14,1
60.947,hall_mission,9x4.5,pi5,0.004,-0.000,-0.010,0.005,-0.003,0.001,0.006,0.04,-0.05,94.83,0.0020,0.0001,0.0011,0.0008,1447,0.872,22.2,2.1,2.6,22.6,25.2,1.00,25.15,0.99718,0.426,286.67,25.20,14,1
60.999,hall_mission,9x4.5,pi5,0.004,-0.001,-0.009,0.004,-0.003,0.002,0.006,0.04,-0.05,94.83,0.0014,0.0007,0.0010,0.0009,1447,0.872,22.2,2.1,2.6,22.6,25.2,1.00,25.15,0.99718,0.426,286.67,25.20,14,1
61.047,hall_mission,9x4.5,pi5,0.004,-0.001,-0.008,0.004,-0.004,0.002,0.006,0.04,-0.05,94.83,0.0015,0.0004,0.0012,0.0008,1447,0.872,22.2,2.1,2.6,22.6,25.2,1.00,25.15,0.99718,0.426,286.67,25.20,14,1
61.099,hall_mission,9x4.5,pi5,0.004,-0.002,-0.007,0.004,-0.004,0.002,0.006,0.04,-0.05,94.83,0.0017,0.0004,0.0010,0.0009,1447,0.872,22.2,2.1,2.6,22.6,25.2,1.00,25.15,0.99717,0.427,286.67,25.20,14,1
61.147,hall_mission,9x4.5,pi5,0.004,-0.002,-0.007,0.004,-0.004,0.002,0.006,0.04,-0.05,94.82,0.0015,0.0006,0.0009,0.0010,1447,0.872,22.2,2.1,2.6,22.6,25.2,1.00,25.15,0.99717,0.427,286.66,25.20,14,1
61.199,hall_mission,9x4.5,pi5,0.004,-0.003,-0.006,0.004,-0.005,0.002,0.007,0.04,-0.05,94.82,0.0018,0.0003,0.0012,0.0007,1447,0.872,22.2,2.1,2.6,22.6,25.2,1.00,25.15,0.99717,0.427,286.66,25.20,14,1
61.247,hall_mission,9x4.5,pi5,0.004,-0.003,-0.005,0.004,-0.005,0.003,0.007,0.04,-0.05,94.82,0.0015,0.0006,0.0010,0.0009,1447,0.872,22.2,2.1,2.6,22.6,25.2,1.00,25.15,0.99717,0.428,286.66,25.20,14,1
61.299,hall_mission,9x4.5,pi5,0.004,-0.004,-0.004,0.004,-0.005,0.003,0.007,0.04,-0.05,94.82,0.0017,0.0003,0.0011,0.0009,1447,0.872,22.2,2.1,2.6,22.6,25.2,1.00,25.15,0.99716,0.428,286.66,25.20,14,1
61.347,hall_mission,9x4.5,pi5,0.004,-0.004,-0.003,0.003,-0.005,0.003,0.007,0.04,-0.05,94.82,0.0018,0.0002,0.0014,0.0007,1447,0.872,22.2,2.1,2.6,22.6,25.2,1.00,25.15,0.99716,0.428,286.66,25.20,14,1
61.399,hall_mission,9x4.5,pi5,0.003,-0.004,-0.002,0.003,-0.005,0.003,0.006,0.04,-0.05,94.82,0.0018,0.0001,0.0011,0.0010,1447,0.872,22.2,2.1,2.6,22.6,25.2,1.00,25.15,0.99716,0.429,286.66,25.20,14,1
61.447,hall_mission,9x4.5,pi5,0.003,-0.004,-0.002,0.003,-0.005,0.003,0.006,0.04,-0.05,94.82,0.0018,0.0002,0.0013,0.0007,1447,0.872,22.2,2.1,2.6,22.6,25.2,1.00,25.15,0.99716,0.429,286.66,25.20,14,1
61.499,hall_mission,9x4.5,pi5,0.003,-0.004,-0.000,0.003,-0.004,0.003,0.006,0.04,-0.05,94.82,0.0016,0.0004,0.0011,0.0008,1447,0.872,22.2,2.1,2.6,22.6,25.2,1.00,25.15,0.99715,0.430,286.66,25.20,14,1
61.547,hall_mission,9x4.5,pi5,0.003,-0.004,0.000,0.003,-0.004,0.003,0.006,0.04,-0.05,94.82,0.0014,0.0005,0.0012,0.0008,1447,0.872,22.2,2.1,2.6,22.6,25.2,1.00,25.15,0.99715,0.430,286.66,25.20,14,1
61.599,hall_mission,9x4.5,pi5,0.003,-0.004,0.001,0.003,-0.004,0.004,0.006,0.04,-0.05,94.83,0.0015,0.0005,0.0011,0.0009,1447,0.872,22.2,2.1,2.6,22.6,25.2,1.00,25.15,0.99715,0.430,286.66,25.20,14,1
61.647,hall_mission,9x4.5,pi5,0.003,-0.004,0.001,0.003,-0.003,0.004,0.006,0.04,-0.05,94.83,0.0017,0.0003,0.0010,0.0009,1447,0.872,22.2,2.1,2.6,22.6,25.2,1.00,25.15,0.99715,0.431,286.66,25.20,14,1
61.699,hall_mission,9x4.5,pi5,0.003,-0.004,0.002,0.003,-0.003,0.004,0.006,0.04,-0.05,94.83,0.0017,0.0003,0.0010,0.0010,1447,0.872,22.2,2.1,2.6,22.6,25.2,1.00,25.15,0.99715,0.431,286.65,25.20,14,1
61.747,hall_mission,9x4.5,pi5,0.003,-0.004,0.003,0.004,-0.003,0.004,0.006,0.04,-0.05,94.83,0.0015,0.0005,0.0011,0.0009,1447,0.872,22.2,2.1,2.6,22.6,25.2,1.00,25.15,0.99714,0.431,286.65,25.20,14,1
61.799,hall_mission,9x4.5,pi5,0.004,-0.004,0.004,0.005,-0.002,0.004,0.007,0.04,-0.05,94.83,0.0015,0.0005,0.0009,0.0012,1447,0.872,22.2,2.1,2.6,22.6,25.2,1.00,25.15,0.99714,0.432,286.65,25.20,14,1
61.847,hall_mission,9x4.5,pi5,0.005,-0.004,0.005,0.005,-0.002,0.004,0.007,0.04,-0.05,94.83,0.0017,0.0003,0.0012,0.0008,1447,0.872,22.2,2.1,2.6,22.6,25.2,1.00,25.15,0.99714,0.432,286.65,25.20,14,1
61.899,hall_mission,9x4.5,pi5,0.005,-0.004,0.005,0.006,-0.002,0.004,0.008,0.03,-0.05,94.83,0.0016,0.0005,0.0012,0.0007,1447,0.872,22.2,2.1,2.6,22.6,25.2,1.00,25.15,0.99714,0.432,286.65,25.20,14,1
61.947,hall_mission,9x4.5,pi5,0.005,-0.004,0.006,0.006,-0.003,0.004,0.008,0.03,-0.05,94.83,0.0014,0.0006,0.0011,0.0009,1447,0.872,22.2,2.1,2.6,22.6,25.2,1.00,25.15,0.99713,0.433,286.65,25.20,14,1
61.999,hall_mission,9x4.5,pi5,0.006,-0.004,0.006,0.007,-0.003,0.004,0.009,0.03,-0.05,94.83,0.0014,0.0006,0.0013,0.0006,1447,0.872,22.2,2.1,2.6,22.6,25.2,1.00,25.15,0.99713,0.433,286.65,25.20,14,1
62.047,hall_mission,9x4.5,pi5,0.006,-0.005,0.006,0.007,-0.003,0.004,0.009,0.03,-0.05,94.83,0.0017,0.0004,0.0009,0.0011,1447,0.872,22.2,2.1,2.6,22.6,25.2,1.00,25.15,0.99713,0.433,286.64,25.20,14,1
62.099,hall_mission,9x4.5,pi5,0.006,-0.005,0.006,0.008,-0.004,0.004,0.009,0.03,-0.05,94.83,0.0015,0.0006,0.0008,0.0011,1447,0.872,22.2,2.1,2.6,22.6,25.2,1.00,25.15,0.99713,0.434,286.65,25.20,14,1
62.147,hall_mission,9x4.5,pi5,0.006,-0.005,0.006,0.008,-0.004,0.004,0.009,0.03,-0.05,94.83,0.0014,0.0007,0.0008,0.0011,1447,0.872,22.2,2.1,2.6,22.6,25.2,1.00,25.15,0.99712,0.434,286.64,25.20,14,1
62.199,hall_mission,9x4.5,pi5,0.007,-0.004,0.006,0.008,-0.004,0.004,0.010,0.03,-0.05,94.83,0.0013,0.0007,0.0012,0.0008,1447,0.872,22.2,2.1,2.6,22.6,25.2,1.00,25.15,0.99712,0.434,286.64,25.20,14,1
62.247,hall_mission,9x4.5,pi5,0.007,-0.004,0.005,0.008,-0.003,0.003,0.010,0.03,-0.05,94.83,0.0017,0.0004,0.0011,0.0009,1447,0.872,22.2,2.1,2.6,22.6,25.2,1.00,25.15,0.99712,0.435,286.64,25.20,14,1
62.299,hall_mission,9x4.5,pi5,0.007,-0.003,0.005,0.008,-0.003,0.003,0.009,0.03,-0.05,94.83,0.0017,0.0004,0.0013,0.0007,1447,0.872,22.2,2.1,2.6,22.6,25.2,1.00,25.15,0.99712,0.435,286.64,25.20,14,1
62.347,hall_mission,9x4.5,pi5,0.008,-0.003,0.004,0.009,-0.003,0.003,0.009,0.03,-0.05,94.83,0.0018,0.0002,0.0013,0.0007,1447,0.872,22.2,2.1,2.6,22.6,25.2,1.00,25.15,0.99711,0.435,286.64,25.20,14,1
62.395,hall_mission,9x4.5,pi5,0.008,-0.002,0.003,0.009,-0.002,0.003,0.009,0.03,-0.05,94.83,0.0018,0.0002,0.0016,0.0005,1447,0.872,22.2,2.1,2.6,22.6,25.2,1.00,25.15,0.99711,0.436,286.64,25.20,14,1
62.447,hall_mission,9x4.5,pi5,0.008,-0.002,0.002,0.008,-0.002,0.002,0.009,0.03,-0.05,94.83,0.0014,0.0006,0.0009,0.0011,1447,0.872,22.2,2.1,2.6,22.6,25.2,1.00,25.15,0.99711,0.436,286.64,25.20,14,1
62.499,hall_mission,9x4.5,pi5,0.008,-0.001,0.001,0.008,-0.001,0.002,0.008,0.03,-0.05,94.83,0.0016,0.0004,0.0010,0.0011,1447,0.872,22.2,2.1,2.6,22.6,25.2,1.00,25.15,0.99711,0.437,286.64,25.20,14,1
62.547,hall_mission,9x4.5,pi5,0.008,-0.001,0.001,0.008,-0.001,0.002,0.008,0.03,-0.05,94.83,0.0015,0.0005,0.0010,0.0010,1447,0.872,22.2,2.1,2.6,22.6,25.2,1.00,25.15,0.99711,0.437,286.64,25.20,14,1
62.599,hall_mission,9x4.5,pi5,0.007,-0.000,0.000,0.008,-0.001,0.001,0.008,0.03,-0.05,94.83,0.0016,0.0004,0.0011,0.0009,1447,0.872,22.2,2.1,2.6,22.6,25.2,1.00,25.15,0.99710,0.437,286.63,25.20,14,1
62.647,hall_mission,9x4.5,pi5,0.007,-0.000,0.000,0.007,-0.001,0.001,0.008,0.03,-0.05,94.83,0.0016,0.0004,0.0010,0.0010,1447,0.872,22.2,2.1,2.6,22.6,25.2,1.00,25.15,0.99710,0.438,286.64,25.20,14,1
62.699,hall_mission,9x4.5,pi5,0.007,0.000,0.000,0.007,-0.001,0.002,0.007,0.03,-0.05,94.83,0.0015,0.0005,0.0012,0.0008,1447,0.872,22.2,2.1,2.6,22.6,25.2,1.00,25.15,0.99710,0.438,286.63,25.20,14,1
62.747,hall_mission,9x4.5,pi5,0.007,0.000,0.000,0.007,-0.001,0.001,0.007,0.03,-0.05,94.83,0.0017,0.0004,0.0011,0.0008,1447,0.872,22.2,2.1,2.6,22.6,25.2,1.00,25.15,0.99710,0.438,286.63,25.20,14,1
62.799,hall_mission,9x4.5,pi5,0.007,0.001,0.000,0.007,-0.000,0.001,0.007,0.03,-0.05,94.83,0.0017,0.0004,0.0010,0.0009,1447,0.872,22.2,2.1,2.6,22.6,25.2,1.00,25.15,0.99709,0.439,286.63,25.20,14,1
62.847,hall_mission,9x4.5,pi5,0.007,0.001,-0.000,0.007,-0.000,0.002,0.007,0.03,-0.05,94.83,0.0016,0.0005,0.0011,0.0008,1447,0.872,22.2,2.1,2.6,22.6,25.2,1.00,25.15,0.99709,0.439,286.63,25.20,14,1
62.899,hall_mission,9x4.5,pi5,0.007,0.001,-0.000,0.007,-0.000,0.001,0.007,0.03,-0.05,94.83,0.0016,0.0004,0.0011,0.0009,1447,0.872,22.2,2.1,2.6,22.6,25.2,1.00,25.15,0.99709,0.439,286.63,25.20,14,1
62.947,hall_mission,9x4.5,pi5,0.008,0.002,-0.000,0.007,-0.001,0.001,0.007,0.03,-0.05,94.83,0.0018,0.0004,0.0012,0.0006,1447,0.872,22.2,2.1,2.6,22.6,25.2,1.00,25.15,0.99709,0.440,286.63,25.20,14,1
62.999,hall_mission,9x4.5,pi5,0.008,0.001,-0.001,0.007,-0.001,0.001,0.008,0.03,-0.05,94.83,0.0017,0.0003,0.0012,0.0007,1447,0.872,22.2,2.1,2.6,22.6,25.2,1.00,25.15,0.99708,0.440,286.63,25.20,14,1
63.047,hall_mission,9x4.5,pi5,0.008,0.001,-0.001,0.007,-0.002,0.001,0.007,0.03,-0.05,94.83,0.0016,0.0004,0.0009,0.0010,1447,0.872,22.2,2.1,2.6,22.6,25.2,1.00,25.15,0.99708,0.440,286.62,25.20,14,1
63.099,hall_mission,9x4.5,pi5,0.007,0.001,-0.001,0.007,-0.002,0.001,0.007,0.03,-0.05,94.83,0.0018,0.0003,0.0010,0.0009,1447,0.872,22.2,2.1,2.6,22.6,25.2,1.00,25.15,0.99708,0.441,286.63,25.20,14,1
63.147,hall_mission,9x4.5,pi5,0.007,0.000,-0.001,0.007,-0.002,0.001,0.007,0.03,-0.05,94.83,0.0017,0.0003,0.0013,0.0008,1447,0.872,22.2,2.1,2.6,22.6,25.2,1.00,25.15,0.99708,0.441,286.62,25.20,14,1
63.199,hall_mission,9x4.5,pi5,0.007,-0.000,-0.000,0.007,-0.003,0.001,0.007,0.03,-0.05,94.83,0.0012,0.0008,0.0014,0.0007,1447,0.872,22.2,2.1,2.6,22.6,25.2,1.00,25.15,0.99708,0.441,286.62,25.20,14,1
63.247,hall_mission,9x4.5,pi5,0.006,-0.000,-0.000,0.006,-0.003,0.001,0.007,0.03,-0.05,94.83,0.0015,0.0004,0.0010,0.0010,1447,0.872,22.2,2.1,2.6,22.6,25.2,1.00,25.15,0.99707,0.442,286.62,25.20,14,1
63.299,hall_mission,9x4.5,pi5,0.006,-0.000,0.000,0.006,-0.004,0.001,0.007,0.03,-0.05,94.83,0.0016,0.0004,0.0013,0.0008,1447,0.872,22.2,2.1,2.6,22.6,25.2,1.00,25.15,0.99707,0.442,286.62,25.20,14,1
63.347,hall_mission,9x4.5,pi5,0.006,-0.001,0.001,0.006,-0.004,0.001,0.007,0.03,-0.05,94.83,0.0012,0.0008,0.0013,0.0007,1447,0.872,22.2,2.1,2.6,22.6,25.2,1.00,25.15,0.99707,0.442,286.62,25.20,14,1
63.399,hall_mission,9x4.5,pi5,0.006,-0.001,0.001,0.006,-0.004,0.001,0.007,0.03,-0.04,94.82,0.0015,0.0005,0.0010,0.0009,1447,0.872,22.2,2.1,2.6,22.6,25.2,1.00,25.15,0.99707,0.443,286.61,25.20,14,1
63.447,hall_mission,9x4.5,pi5,0.006,-0.000,0.001,0.006,-0.004,0.001,0.007,0.03,-0.04,94.83,0.0016,0.0003,0.0009,0.0011,1447,0.872,22.2,2.1,2.6,22.6,25.2,1.00,25.15,0.99706,0.443,286.62,25.20,14,1
63.499,hall_mission,9x4.5,pi5,0.005,0.000,0.001,0.006,-0.004,0.002,0.007,0.03,-0.05,94.82,0.0016,0.0005,0.0010,0.0009,1447,0.872,22.2,2.1,2.6,22.6,25.2,1.00,25.15,0.99706,0.444,286.61,25.20,14,1
63.547,hall_mission,9x4.5,pi5,0.005,0.000,0.001,0.006,-0.003,0.002,0.007,0.03,-0.05,94.82,0.0017,0.0004,0.0011,0.0008,1447,0.872,22.2,2.1,2.6,22.6,25.2,1.00,25.15,0.99706,0.444,286.62,25.20,14,1
63.599,hall_mission,9x4.5,pi5,0.005,0.001,0.002,0.006,-0.003,0.002,0.007,0.03,-0.05,94.82,0.0015,0.0006,0.0012,0.0007,1447,0.872,22.2,2.1,2.6,22.6,25.2,1.00,25.15,0.99706,0.444,286.61,25.20,14,1
63.647,hall_mission,9x4.5,pi5,0.005,0.001,0.002,0.006,-0.002,0.002,0.006,0.03,-0.05,94.82,0.0016,0.0004,0.0008,0.0011,1447,0.872,22.2,2.1,2.6,22.6,25.2,1.00,25.15,0.99705,0.445,286.62,25.20,14,1
63.699,hall_mission,9x4.5,pi5,0.005,0.002,0.002,0.005,-0.002,0.002,0.006,0.03,-0.05,94.82,0.0019,0.0002,0.0013,0.0006,1447,0.872,22.2,2.1,2.6,22.6,25.2,1.00,25.15,0.99705,0.445,286.61,25.20,14,1
63.747,hall_mission,9x4.5,pi5,0.005,0.002,0.002,0.005,-0.002,0.002,0.006,0.03,-0.05,94.83,0.0018,0.0001,0.0013,0.0007,1447,0.872,22.2,2.1,2.6,22.6,25.2,1.00,25.15,0.99705,0.445,286.61,25.20,14,1
63.799,hall_mission,9x4.5,pi5,0.005,0.002,0.002,0.006,-0.002,0.002,0.006,0.03,-0.05,94.82,0.0016,0.0004,0.0014,0.0006,1447,0.872,22.2,2.1,2.6,22.6,25.2,1.00,25.15,0.99705,0.446,286.61,25.20,14,1
63.847,hall_mission,9x4.5,pi5,0.005,0.001,0.002,0.006,-0.002,0.002,0.006,0.03,-0.05,94.82,0.0018,0.0002,0.0011,0.0009,1447,0.872,22.2,2.1,2.6,22.6,25.2,1.00,25.15,0.99705,0.446,286.61,25.20,14,1
63.899,hall_mission,9x4.5,pi5,0.005,0.000,0.002,0.006,-0.003,0.002,0.007,0.03,-0.05,94.82,0.0016,0.0004,0.0012,0.0008,1447,0.872,22.2,2.1,2.6,22.6,25.2,1.00,25.15,0.99704,0.446,286.61,25.20,14,1
63.947,hall_mission,9x4.5,pi5,0.006,-0.000,0.003,0.006,-0.004,0.002,0.007,0.03,-0.05,94.82,0.0012,0.0008,0.0010,0.0010,1447,0.872,22.2,2.1,2.6,22.6,25.2,1.00,25.15,0.99704,0.447,286.61,25.20,14,1
63.999,hall_mission,9x4.5,pi5,0.006,-0.001,0.003,0.006,-0.004,0.002,0.008,0.03,-0.05,94.82,0.0016,0.0005,0.0013,0.0006,1447,0.872,22.2,2.1,2.6,22.6,25.2,1.00,25.15,0.99704,0.447,286.61,25.20,14,1
64.047,hall_mission,9x4.5,pi5,0.006,-0.002,0.003,0.006,-0.005,0.002,0.008,0.03,-0.05,94.82,0.0016,0.0006,0.0011,0.0008,1447,0.872,22.2,2.1,2.6,22.6,25.2,1.00,25.15,0.99704,0.447,286.60,25.20,14,1
64.099,hall_mission,9x4.5,pi5,0.007,-0.002,0.004,0.007,-0.005,0.002,0.009,0.03,-0.05,94.82,0.0016,0.0005,0.0011,0.0008,1447,0.872,22.2,2.1,2.6,22.6,25.2,1.00,25.15,0.99703,0.448,286.60,25.20,14,1
64.147,hall_mission,9x4.5,pi5,0.008,-0.002,0.004,0.007,-0.005,0.002,0.009,0.03,-0.05,94.82,0.0017,0.0004,0.0011,0.0009,1447,0.872,22.2,2.1,2.6,22.6,25.2,1.00,25.15,0.99703,0.448,286.60,25.20,14,1
64.199,hall_mission,9x4.5,pi5,0.009,-0.002,0.005,0.008,-0.005,0.003,0.010,0.03,-0.05,94.82,0.0016,0.0005,0.0009,0.0011,1447,0.872,22.2,2.1,2.6,22.6,25.2,1.00,25.15,0.99703,0.448,286.60,25.20,14,1
64.247,hall_mission,9x4.5,pi5,0.009,-0.002,0.005,0.009,-0.004,0.003,0.010,0.03,-0.05,94.82,0.0016,0.0004,0.0011,0.0009,1447,0.872,22.2,2.1,2.6,22.6,25.2,1.00,25.15,0.99703,0.449,286.60,25.20,14,1
64.299,hall_mission,9x4.5,pi5,0.010,-0.002,0.006,0.010,-0.004,0.003,0.011,0.02,-0.05,94.82,0.0014,0.0006,0.0012,0.0008,1447,0.872,22.2,2.1,2.6,22.6,25.2,1.00,25.14,0.99702,0.449,286.60,25.20,14,1
64.347,hall_mission,9x4.5,pi5,0.011,-0.002,0.006,0.010,-0.004,0.003,0.011,0.02,-0.05,94.82,0.0016,0.0004,0.0012,0.0008,1447,0.872,22.2,2.1,2.6,22.6,25.2,1.00,25.14,0.99702,0.449,286.60,25.20,14,1
64.399,hall_mission,9x4.5,pi5,0.012,-0.001,0.006,0.011,-0.003,0.003,0.011,0.02,-0.05,94.83,0.0014,0.0005,0.0014,0.0007,1447,0.872,22.2,2.1,2.6,22.6,25.2,1.00,25.14,0.99702,0.450,286.59,25.20,14,1
64.447,hall_mission,9x4.5,pi5,0.012,-0.001,0.006,0.011,-0.003,0.003,0.012,0.02,-0.05,94.83,0.0015,0.0004,0.0011,0.0009,1447,0.872,22.2,2.1,2.6,22.6,25.2,1.00,25.14,0.99702,0.450,286.60,25.20,14,1
64.499,hall_mission,9x4.5,pi5,0.013,0.000,0.006,0.012,-0.002,0.003,0.012,0.02,-0.05,94.83,0.0017,0.0003,0.0008,0.0012,1447,0.872,22.2,2.1,2.6,22.6,25.2,1.00,25.14,0.99702,0.451,286.59,25.20,14,1
64.547,hall_mission,9x4.5,pi5,0.013,0.001,0.005,0.012,-0.001,0.003,0.012,0.02,-0.05,94.83,0.0015,0.0005,0.0012,0.0008,1447,0.872,22.2,2.1,2.6,22.6,25.2,1.00,25.14,0.99701,0.451,286.59,25.20,14,1
64.595,hall_mission,9x4.5,pi5,0.014,0.002,0.005,0.012,-0.001,0.003,0.013,0.02,-0.05,94.83,0.0015,0.0005,0.0014,0.0007,1447,0.872,22.2,2.1,2.6,22.6,25.2,1.00,25.14,0.99701,0.451,286.59,25.20,14,1
64.647,hall_mission,9x4.5,pi5,0.014,0.003,0.005,0.013,0.000,0.002,0.013,0.02,-0.05,94.83,0.0014,0.0006,0.0012,0.0008,1447,0.872,22.2,2.1,2.6,22.6,25.2,1.00,25.14,0.99701,0.452,286.59,25.20,14,1
64.699,hall_mission,9x4.5,pi5,0.015,0.004,0.004,0.012,0.001,0.002,0.013,0.02,-0.06,94.83,0.0018,0.0002,0.0013,0.0007,1447,0.872,22.2,2.1,2.6,22.6,25.2,1.00,25.14,0.99701,0.452,286.59,25.20,14,1
64.747,hall_mission,9x4.5,pi5,0.015,0.005,0.004,0.012,0.002,0.002,0.013,0.02,-0.06,94.83,0.0018,0.0002,0.0012,0.0008,1447,0.872,22.2,2.1,2.6,22.6,25.2,1.00,25.14,0.99700,0.452,286.59,25.20,14,1
64.799,hall_mission,9x4.5,pi5,0.015,0.007,0.003,0.012,0.003,0.002,0.013,0.02,-0.06,94.84,0.0018,0.0002,0.0014,0.0006,1447,0.872,22.2,2.1,2.6,22.6,25.2,1.00,25.14,0.99700,0.453,286.59,25.20,14,1
64.847,hall_mission,9x4.5,pi5,0.015,0.008,0.003,0.012,0.004,0.002,0.013,0.02,-0.06,94.84,0.0015,0.0004,0.0013,0.0008,1447,0.872,22.2,2.1,2.6,22.6,25.2,1.00,25.14,0.99700,0.453,286.59,25.20,14,1
64.899,hall_mission,9x4.5,pi5,0.015,0.009,0.001,0.012,0.004,0.001,0.013,0.02,-0.06,94.84,0.0019,0.0001,0.0013,0.0007,1447,0.872,22.2,2.1,2.6,22.6,25.2,1.00,25.14,0.99700,0.453,286.59,25.20,14,1
64.947,hall_mission,9x4.5,pi5,0.016,0.010,0.001,0.013,0.005,0.001,0.013,0.02,-0.06,94.84,0.0014,0.0006,0.0012,0.0008,1447,0.872,22.2,2.1,2.6,22.6,25.2,1.00,25.14,0.99699,0.454,286.58,25.20,14,1
64.999,hall_mission,9x4.5,pi5,0.017,0.010,-0.001,0.013,0.005,0.001,0.014,0.02,-0.06,94.84,0.0012,0.0009,0.0012,0.0007,1447,0.872,22.2,2.1,2.6,22.6,25.2,1.00,25.14,0.99699,0.454,286.59,25.20,14,1
65.047,hall_mission,9x4.5,pi5,0.018,0.011,-0.002,0.013,0.005,0.001,0.014,0.02,-0.06,94.84,0.0020,0.0000,0.0015,0.0005,1447,0.872,22.2,2.1,2.6,22.6,25.2,1.00,25.14,0.99699,0.454,286.58,25.20,14,1
65.099,hall_mission,9x4.5,pi5,0.019,0.011,-0.003,0.014,0.005,0.000,0.015,0.02,-0.06,94.83,0.0015,0.0006,0.0010,0.0009,1447,0.872,22.2,2.1,2.6,22.6,25.2,1.00,25.14,0.99699,0.455,286.58,25.20,14,1
65.147,hall_mission,9x4.5,pi5,0.020,0.011,-0.004,0.014,0.005,-0.000,0.015,0.02,-0.06,94.84,0.0019,0.0001,0.0015,0.0006,1447,0.872,22.2,2.1,2.6,22.6,25.2,1.00,25.14,0.99699,0.455,286.58,25.20,14,1
65.199,hall_mission,9x4.5,pi5,0.021,0.011,-0.006,0.015,0.005,-0.000,0.016,0.02,-0.06,94.83,0.0018,0.0003,0.0011,0.0009,1447,0.872,22.2,2.1,2.6,22.6,25.2,1.00,25.14,0.99698,0.455,286.58,25.20,14,1
65.247,hall_mission,9x4.5,pi5,0.022,0.011,-0.007,0.015,0.005,-0.001,0.016,0.02,-0.06,94.83,0.0016,0.0004,0.0014,0.0006,1447,0.872,22.2,2.1,2.6,22.6,25.2,1.00,25.14,0.99698,0.456,286.58,25.20,14,1
65.295,hall_mission,9x4.5,pi5,0.023,0.012,-0.008,0.016,0.005,-0.001,0.016,0.02,-0.06,94.83,0.0014,0.0005,0.0012,0.0009,1447,0.872,22.2,2.1,2.6,22.6,25.2,1.00,25.14,0.99698,0.456,286.58,25.20,14,1
65.347,hall_mission,9x4.5,pi5,0.024,0.012,-0.009,0.016,0.005,-0.001,0.017,0.02,-0.06,94.83,0.0015,0.0006,0.0013,0.0006,1447,0.872,22.2,2.1,2.6,22.6,25.2,1.00,25.14,0.99698,0.456,286.58,25.20,14,1
65.399,hall_mission,9x4.5,pi5,0.026,0.012,-0.010,0.017,0.004,-0.001,0.017,0.02,-0.06,94.83,0.0013,0.0007,0.0009,0.0010,1447,0.872,22.2,2.1,2.6,22.6,25.2,1.00,25.14,0.99697,0.457,286.57,25.20,14,1
65.447,hall_mission,9x4.5,pi5,0.027,0.011,-0.010,0.017,0.004,-0.001,0.017,0.02,-0.05,94.83,0.0015,0.0006,0.0010,0.0010,1447,0.872,22.2,2.1,2.6,22.6,25.2,1.00,25.14,0.99697,0.457,286.57,25.20,14,1
65.499,hall_mission,9x4.5,pi5,0.028,0.011,-0.011,0.017,0.004,-0.001,0.018,0.02,-0.05,94.83,0.0013,0.0007,0.0010,0.0010,1447,0.872,22.2,2.1,2.6,22.6,25.2,1.00,25.14,0.99697,0.458,286.57,25.20,14,1
65.547,hall_mission,9x4.5,pi5,0.029,0.011,-0.011,0.018,0.004,-0.001,0.018,0.02,-0.05,94.83,0.0016,0.0004,0.0013,0.0006,1447,0.872,22.2,2.1,2.6,22.6,25.2,1.00,25.14,0.99697,0.458,286.57,25.20,14,1
65.599,hall_mission,9x4.5,pi5,0.031,0.011,-0.012,0.018,0.003,-0.000,0.019,0.02,-0.05,94.83,0.0012,0.0008,0.0012,0.0008,1447,0.872,22.2,2.1,2.6,22.6,25.2,1.00,25.14,0.99696,0.458,286.57,25.20,14,1
65.647,hall_mission,9x4.5,pi5,0.032,0.011,-0.012,0.019,0.003,-0.000,0.019,0.02,-0.05,94.83,0.0018,0.0003,0.0014,0.0006,1447,0.872,22.2,2.1,2.6,22.6,25.2,1.00,25.14,0.99696,0.459,286.57,25.20,14,1
65.699,hall_mission,9x4.5,pi5,0.033,0.011,-0.012,0.019,0.003,0.000,0.020,0.01,-0.05,94.83,0.0012,0.0008,0.0014,0.0006,1447,0.872,22.2,2.1,2.6,22.6,25.2,1.00,25.14,0.99696,0.459,286.57,25.20,14,1
65.747,hall_mission,9x4.5,pi5,0.034,0.011,-0.012,0.020,0.003,0.000,0.020,0.01,-0.05,94.83,0.0016,0.0004,0.0013,0.0007,1447,0.872,22.2,2.1,2.6,22.6,25.2,1.00,25.14,0.99696,0.459,286.57,25.20,14,1
65.799,hall_mission,9x4.5,pi5,0.036,0.011,-0.012,0.021,0.002,0.000,0.021,0.01,-0.05,94.83,0.0017,0.0003,0.0007,0.0013,1447,0.872,22.2,2.1,2.6,22.6,25.2,1.00,25.14,0.99696,0.460,286.57,25.20,14,1
65.847,hall_mission,9x4.5,pi5,0.037,0.011,-0.012,0.021,0.002,0.001,0.021,0.01,-0.05,94.83,0.0017,0.0003,0.0016,0.0004,1447,0.872,22.2,2.1,2.6,22.6,25.2,1.00,25.14,0.99695,0.460,286.57,25.20,14,1
65.899,hall_mission,9x4.5,pi5,0.039,0.011,-0.012,0.022,0.002,0.001,0.022,0.01,-0.05,94.83,0.0012,0.0008,0.0010,0.0009,1447,0.872,22.2,2.1,2.6,22.6,25.2,1.00,25.14,0.99695,0.460,286.57,25.20,14,1
65.947,hall_mission,9x4.5,pi5,0.040,0.011,-0.012,0.022,0.002,0.001,0.022,0.01,-0.05,94.83,0.0020,0.0000,0.0013,0.0007,1447,0.872,22.2,2.1,2.6,22.6,25.2,1.00,25.14,0.99695,0.461,286.56,25.20,14,1
65.995,hall_mission,9x4.5,pi5,0.041,0.010,-0.013,0.022,0.001,0.001,0.022,0.02,-0.05,94.83,0.0015,0.0005,0.0014,0.0006,1447,0.872,22.2,2.1,2.6,22.6,25.2,1.00,25.14,0.99695,0.461,286.56,25.20,14,1
66.047,hall_mission,9x4.5,pi5,0.041,0.010,-0.013,0.022,0.001,0.001,0.022,0.02,-0.05,94.83,0.0011,0.0008,0.0012,0.0008,1447,0.872,22.2,2.1,2.6,22.6,25.2,1.00,25.14,0.99694,0.461,286.56,25.20,14,1
66.099,hall_mission,9x4.5,pi5,0.042,0.009,-0.014,0.022,-0.000,0.000,0.022,0.02,-0.05,94.83,0.0017,0.0002,0.0015,0.0006,1447,0.872,22.2,2.1,2.6,22.6,25.2,1.00,25.14,0.99694,0.462,286.56,25.20,14,1
66.147,hall_mission,9x4.5,pi5,0.042,0.009,-0.014,0.021,-0.001,0.000,0.021,0.02,-0.05,94.82,0.0019,0.0001,0.0012,0.0009,1447,0.872,22.2,2.1,2.6,22.6,25.2,1.00,25.14,0.99694,0.462,286.56,25.20,14,1
66.199,hall_mission,9x4.5,pi5,0.042,0.008,-0.015,0.020,-0.001,-0.000,0.021,0.02,-0.05,94.82,0.0016,0.0005,0.0014,0.0005,1447,0.872,22.2,2.1,2.6,22.6,25.2,1.00,25.14,0.99694,0.462,286.56,25.20,14,1
66.247,hall_mission,9x4.5,pi5,0.042,0.008,-0.015,0.020,-0.002,-0.000,0.020,0.03,-0.04,94.82,0.0016,0.0004,0.0014,0.0007,1447,0.872,22.2,2.1,2.6,22.6,25.2,1.00,25.14,0.99693,0.463,286.55,25.20,14,1
67.449,hall_mission,9x4.5,pi5,0.041,0.007,-0.016,0.019,-0.002,-0.000,0.019,0.03,-0.04,94.82,0.0018,0.0002,0.0013,0.0006,1447,0.872,22.2,2.1,2.6,22.6,25.2,1.00,25.14,0.99688,0.471,286.54,25.20,14,1
67.497,hall_mission,9x4.5,pi5,0.041,0.007,-0.016,0.018,-0.003,-0.000,0.019,0.03,-0.04,94.82,0.0017,0.0002,0.0013,0.0008,1447,0.872,22.2,2.1,2.6,22.6,25.2,1.00,25.14,0.99688,0.471,286.53,25.20,14,1
67.549,hall_mission,9x4.5,pi5,0.040,0.006,-0.016,0.017,-0.004,-0.000,0.018,0.03,-0.04,94.82,0.0015,0.0005,0.0009,0.0011,1447,0.872,22.2,2.1,2.6,22.6,25.2,1.00,25.14,0.99687,0.472,286.53,25.20,14,1
67.598,hall_mission,9x4.5,pi5,0.040,0.005,-0.017,0.017,-0.004,-0.000,0.017,0.04,-0.04,94.82,0.0015,0.0005,0.0009,0.0011,1447,0.872,22.2,2.1,2.6,22.6,25.2,1.00,25.14,0.99687,0.472,286.53,25.20,14,1
67.649,hall_mission,9x4.5,pi5,0.039,0.005,-0.017,0.016,-0.005,-0.001,0.016,0.04,-0.04,94.82,0.0017,0.0003,0.0013,0.0007,1447,0.872,22.2,2.1,2.6,22.6,25.2,1.00,25.14,0.99687,0.473,286.53,25.20,14,1
67.697,hall_mission,9x4.5,pi5,0.038,0.005,-0.017,0.015,-0.005,-0.001,0.016,0.04,-0.04,94.82,0.0016,0.0003,0.0008,0.0013,1447,0.872,22.2,2.1,2.6,22.6,25.2,1.00,25.14,0.99687,0.473,286.53,25.20,14,1
67.749,hall_mission,9x4.5,pi5,0.037,0.005,-0.017,0.014,-0.005,-0.001,0.015,0.04,-0.04,94.82,0.0016,0.0004,0.0009,0.0011,1447,0.872,22.2,2.1,2.6,22.6,25.2,1.00,25.14,0.99686,0.473,286.52,25.20,14,1
67.797,hall_mission,9x4.5,pi5,0.036,0.004,-0.018,0.013,-0.005,-0.001,0.014,0.04,-0.04,94.82,0.0014,0.0007,0.0013,0.0007,1447,0.872,22.2,2.1,2.6,22.6,25.2,1.00,25.14,0.99686,0.474,286.53,25.20,14,1
67.849,hall_mission,9x4.5,pi5,0.035,0.004,-0.018,0.013,-0.005,-0.001,0.014,0.04,-0.04,94.82,0.0016,0.0005,0.0011,0.0009,1447,0.872,22.2,2.1,2.6,22.6,25.2,1.00,25.14,0.99686,0.474,286.52,25.20,14,1
67.897,hall_mission,9x4.5,pi5,0.035,0.005,-0.018,0.012,-0.005,-0.001,0.013,0.04,-0.04,94.82,0.0016,0.0005,0.0011,0.0009,1447,0.872,22.2,2.1,2.6,22.6,25.2,1.00,25.14,0.99686,0.474,286.53,25.20,14,1
67.949,hall_mission,9x4.5,pi5,0.034,0.005,-0.018,0.012,-0.005,-0.001,0.013,0.04,-0.04,94.82,0.0015,0.0005,0.0012,0.0007,1447,0.872,22.2,2.1,2.6,22.6,25.2,1.00,25.14,0.99686,0.475,286.52,25.20,14,1
67.997,hall_mission,9x4.5,pi5,0.033,0.005,-0.018,0.012,-0.005,-0.001,0.013,0.04,-0.04,94.82,0.0017,0.0004,0.0012,0.0008,1447,0.872,22.2,2.1,2.6,22.6,25.2,1.00,25.14,0.99685,0.475,286.52,25.20,14,1
68.049,hall_mission,9x4.5,pi5,0.032,0.005,-0.018,0.011,-0.005,-0.001,0.012,0.04,-0.04,94.82,0.0016,0.0004,0.0012,0.0008,1447,0.872,22.2,2.1,2.6,22.6,25.2,1.00,25.14,0.99685,0.475,286.52,25.20,14,1
68.097,hall_mission,9x4.5,pi5,0.032,0.005,-0.018,0.011,-0.005,-0.001,0.012,0.04,-0.04,94.82,0.0017,0.0003,0.0010,0.0010,1447,0.872,22.2,2.1,2.6,22.6,25.2,1.00,25.14,0.99685,0.476,286.52,25.20,14,1
68.149,hall_mission,9x4.5,pi5,0.031,0.006,-0.018,0.011,-0.005,-0.001,0.012,0.04,-0.04,94.82,0.0013,0.0006,0.0011,0.0010,1447,0.872,22.2,2.1,2.6,22.6,25.2,1.00,25.14,0.99685,0.476,286.52,25.20,14,1
68.197,hall_mission,9x4.5,pi5,0.031,0.006,-0.018,0.010,-0.005,-0.001,0.011,0.04,-0.04,94.82,0.0019,0.0002,0.0008,0.0011,1447,0.872,22.2,2.1,2.6,22.6,25.2,1.00,25.14,0.99684,0.476,286.52,25.20,14,1
68.249,hall_mission,9x4.5,pi5,0.030,0.006,-0.018,0.010,-0.004,-0.001,0.011,0.04,-0.04,94.82,0.0015,0.0006,0.0010,0.0010,1447,0.872,22.2,2.1,2.6,22.6,25.2,1.00,25.14,0.99684,0.477,286.52,25.20,14,1
68.297,hall_mission,9x4.5,pi5,0.030,0.007,-0.019,0.010,-0.004,-0.001,0.011,0.04,-0.04,94.82,0.0015,0.0006,0.0007,0.0012,1447,0.872,22.2,2.1,2.6,22.6,25.2,1.00,25.14,0.99684,0.477,286.51,25.20,14,1
68.349,hall_mission,9x4.5,pi5,0.029,0.007,-0.019,0.010,-0.004,-0.001,0.010,0.04,-0.04,94.82,0.0015,0.0005,0.0011,0.0008,1447,0.872,22.2,2.1,2.6,22.6,25.2,1.00,25.14,0.99684,0.477,286.52,25.20,14,1
68.397,hall_mission,9x4.5,pi5,0.029,0.008,-0.019,0.010,-0.003,-0.001,0.010,0.04,-0.04,94.82,0.0017,0.0003,0.0011,0.0009,1447,0.872,22.2,2.1,2.6,22.6,25.2,1.00,25.14,0.99683,0.478,286.51,25.20,14,1
68.449,hall_mission,9x4.5,pi5,0.029,0.008,-0.020,0.010,-0.003,-0.002,0.010,0.04,-0.05,94.82,0.0014,0.0007,0.0010,0.0009,1447,0.872,22.2,2.1,2.6,22.6,25.2,1.00,25.14,0.99683,0.478,286.51,25.20,14,1
68.497,hall_mission,9x4.5,pi5,0.029,0.009,-0.020,0.010,-0.003,-0.001,0.010,0.04,-0.05,94.82,0.0013,0.0007,0.0013,0.0006,1447,0.872,22.2,2.1,2.6,22.6,25.2,1.00,25.14,0.99683,0.478,286.51,25.20,14,1
68.549,hall_mission,9x4.5,pi5,0.028,0.009,-0.020,0.010,-0.003,-0.001,0.010,0.04,-0.05,94.83,0.0018,0.0001,0.0010,0.0010,1447,0.872,22.2,2.1,2.6,22.6,25.2,1.00,25.14,0.99683,0.479,286.51,25.20,14,1
68.597,hall_mission,9x4.5,pi5,0.028,0.009,-0.020,0.009,-0.002,-0.001,0.010,0.04,-0.05,94.83,0.0018,0.0002,0.0012,0.0008,1447,0.872,22.2,2.1,2.6,22.6,25.2,1.00,25.14,0.99683,0.479,286.51,25.20,14,1
68.649,hall_mission,9x4.5,pi5,0.027,0.009,-0.020,0.009,-0.002,-0.001,0.010,0.04,-0.05,94.83,0.0016,0.0005,0.0009,0.0010,1447,0.872,22.2,2.1,2.6,22.6,25.2,1.00,25.14,0.99682,0.480,286.51,25.20,14,1
68.697,hall_mission,9x4.5,pi5,0.027,0.009,-0.021,0.009,-0.002,-0.001,0.009,0.04,-0.05,94.82,0.0016,0.0004,0.0008,0.0012,1447,0.872,22.2,2.1,2.6,22.6,25.2,1.00,25.14,0.99682,0.480,286.51,25.20,14,1
68.749,hall_mission,9x4.5,pi5,0.026,0.009,-0.021,0.008,-0.002,-0.001,0.008,0.04,-0.05,94.83,0.0018,0.0002,0.0012,0.0008,1447,0.872,22.2,2.1,2.6,22.6,25.2,1.00,25.14,0.99682,0.480,286.50,25.20,14,1
68.797,hall_mission,9x4.5,pi5,0.025,0.009,-0.021,0.008,-0.002,-0.001,0.008,0.04,-0.05,94.83,0.0019,0.0002,0.0010,0.0010,1447,0.872,22.2,2.1,2.6,22.6,25.2,1.00,25.14,0.99682,0.481,286.50,25.20,14,1
68.849,hall_mission,9x4.5,pi5,0.025,0.009,-0.021,0.007,-0.002,-0.001,0.008,0.04,-0.05,94.82,0.0015,0.0006,0.0011,0.0008,1447,0.872,22.2,2.1,2.6,22.6,25.2,1.00,25.14,0.99681,0.481,286.50,25.20,14,1
68.897,hall_mission,9x4.5,pi5,0.025,0.009,-0.021,0.007,-0.003,-0.001,0.008,0.04,-0.05,94.83,0.0016,0.0004,0.0012,0.0009,1447,0.872,22.2,2.1,2.6,22.6,25.2,1.00,25.14,0.99681,0.481,286.50,25.20,14,1
68.949,hall_mission,9x4.5,pi5,0.024,0.008,-0.022,0.007,-0.003,-0.001,0.008,0.04,-0.05,94.83,0.0020,0.0000,0.0008,0.0012,1089,0.658,16.8,1.6,1.9,22.6,24.5,0.98,25.14,0.99681,0.482,293.79,25.20,14,1
68.997,hall_mission,9x4.5,pi5,0.024,0.008,-0.022,0.007,-0.003,-0.001,0.008,0.04,-0.05,94.82,0.0019,0.0001,0.0008,0.0011,1447,0.872,22.2,2.1,2.6,22.6,25.2,1.00,25.14,0.99681,0.482,286.50,25.20,14,1
69.049,hall_mission,9x4.5,pi5,0.024,0.007,-0.023,0.007,-0.004,-0.001,0.008,0.04,-0.05,94.82,0.0018,0.0002,0.0009,0.0011,1447,0.872,22.2,2.1,2.6,22.6,25.2,1.00,25.14,0.99680,0.482,286.50,25.20,14,1
69.097,hall_mission,9x4.5,pi5,0.024,0.006,-0.023,0.007,-0.004,-0.001,0.008,0.04,-0.05,94.83,0.0013,0.0007,0.0009,0.0011,1447,0.872,22.2,2.1,2.6,22.6,25.2,1.00,25.14,0.99680,0.483,286.49,25.20,14,1
69.149,hall_mission,9x4.5,pi5,0.024,0.005,-0.023,0.007,-0.005,-0.002,0.009,0.04,-0.04,94.83,0.0012,0.0008,0.0008,0.0012,1447,0.872,22.2,2.1,2.6,22.6,25.2,1.00,25.14,0.99680,0.483,286.50,25.20,14,1
69.197,hall_mission,9x4.5,pi5,0.024,0.005,-0.024,0.007,-0.005,-0.002,0.009,0.04,-0.04,94.83,0.0015,0.0004,0.0010,0.0010,1447,0.872,22.2,2.1,2.6,22.6,25.2,1.00,25.14,0.99680,0.483,286.49,25.20,14,1
69.245,hall_mission,9x4.5,pi5,0.024,0.004,-0.024,0.007,-0.006,-0.002,0.009,0.04,-0.04,94.83,0.0017,0.0002,0.0007,0.0013,1447,0.872,22.2,2.1,2.6,22.6,25.2,1.00,25.14,0.99680,0.484,286.49,25.20,14,1
69.297,hall_mission,9x4.5,pi5,0.024,0.003,-0.024,0.008,-0.006,-0.002,0.010,0.04,-0.04,94.83,0.0019,0.0000,0.0011,0.0010,1447,0.872,22.2,2.1,2.6,22.6,25.2,1.00,25.14,0.99679,0.484,286.49,25.20,14,1
69.349,hall_mission,9x4.5,pi5,0.024,0.002,-0.025,0.008,-0.007,-0.002,0.010,0.04,-0.04,94.83,0.0017,0.0003,0.0010,0.0011,1447,0.872,22.2,2.1,2.6,22.6,25.2,1.00,25.14,0.99679,0.484,286.49,25.20,14,1
69.397,hall_mission,9x4.5,pi5,0.024,0.002,-0.025,0.008,-0.007,-0.002,0.011,0.04,-0.04,94.83,0.0017,0.0003,0.0008,0.0013,1447,0.872,22.2,2.1,2.6,22.6,25.2,1.00,25.14,0.99679,0.485,286.49,25.20,14,1
69.445,hall_mission,9x4.5,pi5,0.024,0.002,-0.026,0.008,-0.007,-0.003,0.011,0.04,-0.04,94.83,0.0015,0.0006,0.0009,0.0011,1447,0.872,22.2,2.1,2.6,22.6,25.2,1.00,25.14,0.99679,0.485,286.49,25.20,14,1
69.497,hall_mission,9x4.5,pi5,0.024,0.002,-0.026,0.008,-0.006,-0.003,0.010,0.04,-0.04,94.83,0.0017,0.0003,0.0011,0.0009,1447,0.872,22.2,2.1,2.6,22.6,25.2,1.00,25.14,0.99678,0.485,286.49,25.20,14,1
69.549,hall_mission,9x4.5,pi5,0.024,0.002,-0.027,0.008,-0.006,-0.003,0.010,0.04,-0.04,94.83,0.0013,0.0007,0.0009,0.0011,1447,0.872,22.2,2.1,2.6,22.6,25.2,1.00,25.14,0.99678,0.486,286.49,25.20,14,1
69.597,hall_mission,9x4.5,pi5,0.024,0.003,-0.027,0.008,-0.005,-0.003,0.010,0.04,-0.04,94.83,0.0018,0.0004,0.0008,0.0011,1447,0.872,22.2,2.1,2.6,22.6,25.2,1.00,25.14,0.99678,0.486,286.49,25.20,14,1
69.649,hall_mission,9x4.5,pi5,0.024,0.003,-0.027,0.008,-0.005,-0.003,0.010,0.04,-0.05,94.83,0.0018,0.0003,0.0010,0.0009,1447,0.872,22.2,2.1,2.6,22.6,25.2,1.00,25.14,0.99678,0.487,286.48,25.20,14,1
69.697,hall_mission,9x4.5,pi5,0.024,0.004,-0.027,0.008,-0.005,-0.003,0.009,0.04,-0.05,94.83,0.0014,0.0006,0.0013,0.0008,1447,0.872,22.2,2.1,2.6,22.6,25.2,1.00,25.14,0.99677,0.487,286.49,25.20,14,1
69.745,hall_mission,9x4.5,pi5,0.023,0.004,-0.027,0.007,-0.004,-0.003,0.009,0.04,-0.05,94.83,0.0014,0.0005,0.0013,0.0007,1447,0.872,22.2,2.1,2.6,22.6,25.2,1.00,25.14,0.99677,0.487,286.48,25.20,14,1
69.797,hall_mission,9x4.5,pi5,0.023,0.004,-0.026,0.007,-0.004,-0.003,0.008,0.04,-0.05,94.83,0.0016,0.0003,0.0012,0.0009,1447,0.872,22.2,2.1,2.6,22.6,25.2,1.00,25.14,0.99677,0.488,286.48,25.20,14,1
69.849,hall_mission,9x4.5,pi5,0.023,0.004,-0.026,0.006,-0.004,-0.003,0.008,0.04,-0.05,94.83,0.0020,0.0000,0.0012,0.0008,1447,0.872,22.2,2.1,2.6,22.6,25.2,1.00,25.14,0.99677,0.488,286.48,25.20,14,1
69.897,hall_mission,9x4.5,pi5,0.022,0.004,-0.025,0.006,-0.004,-0.002,0.008,0.04,-0.05,94.83,0.0018,0.0002,0.0010,0.0010,1447,0.872,22.2,2.1,2.6,22.6,25.2,1.00,25.14,0.99677,0.488,286.48,25.20,14,1
69.949,hall_mission,9x4.5,pi5,0.022,0.004,-0.024,0.006,-0.004,-0.002,0.007,0.04,-0.05,94.83,0.0017,0.0003,0.0009,0.0010,1447,0.872,22.2,2.1,2.6,22.6,25.2,1.00,25.14,0.99676,0.489,286.48,25.20,14,1
69.997,hall_mission,9x4.5,pi5,0.022,0.004,-0.024,0.006,-0.003,-0.002,0.007,0.04,-0.05,94.83,0.0015,0.0005,0.0010,0.0010,1447,0.872,22.2,2.1,2.6,22.6,25.2,1.00,25.14,0.99676,0.489,286.48,25.20,14,1
70.049,hall_mission,9x4.5,pi5,0.022,0.004,-0.023,0.005,-0.003,-0.002,0.006,0.04,-0.05,94.83,0.0016,0.0003,0.0012,0.0009,1447,0.872,22.2,2.1,2.6,22.6,25.2,1.00,25.14,0.99676,0.489,286.48,25.20,14,1
70.097,hall_mission,9x4.5,pi5,0.021,0.005,-0.022,0.005,-0.003,-0.002,0.006,0.04,-0.05,94.83,0.0019,0.0000,0.0013,0.0008,1447,0.872,22.2,2.1,2.6,22.6,25.2,1.00,25.14,0.99676,0.490,286.47,25.20,14,1
70.149,hall_mission,9x4.5,pi5,0.021,0.005,-0.021,0.005,-0.002,-0.001,0.005,0.04,-0.05,94.83,0.0017,0.0003,0.0014,0.0007,1447,0.872,22.2,2.1,2.6,22.6,25.2,1.00,25.14,0.99675,0.490,286.48,25.20,14,1
70.197,hall_mission,9x4.5,pi5,0.021,0.006,-0.020,0.004,-0.002,-0.001,0.005,0.04,-0.05,94.83,0.0016,0.0004,0.0011,0.0009,1447,0.872,22.2,2.1,2.6,22.6,25.2,1.00,25.14,0.99675,0.490,286.47,25.20,14,1
70.249,hall_mission,9x4.5,pi5,0.020,0.006,-0.019,0.004,-0.001,-0.001,0.004,0.04,-0.05,94.83,0.0020,0.0000,0.0009,0.0011,1447,0.872,22.2,2.1,2.6,22.6,25.2,1.00,25.14,0.99675,0.491,286.47,25.20,14,1
70.297,hall_mission,9x4.5,pi5,0.020,0.006,-0.019,0.003,-0.001,-0.001,0.004,0.05,-0.05,94.83,0.0020,0.0001,0.0010,0.0010,1447,0.872,22.2,2.1,2.6,22.6,25.2,1.00,25.14,0.99675,0.491,286.47,25.20,14,1
70.349,hall_mission,9x4.5,pi5,0.019,0.006,-0.017,0.002,-0.001,-0.000,0.003,0.05,-0.05,94.83,0.0017,0.0003,0.0006,0.0014,1447,0.872,22.2,2.1,2.6,22.6,25.2,1.00,25.14,0.99674,0.491,286.47,25.20,14,1
70.397,hall_mission,9x4.5,pi5,0.018,0.006,-0.017,0.002,-0.001,-0.000,0.002,0.05,-0.05,94.83,0.0012,0.0008,0.0009,0.0011,1447,0.872,22.2,2.1,2.6,22.6,25.2,1.00,25.14,0.99674,0.492,286.47,25.20,14,1
70.445,hall_mission,9x4.5,pi5,0.017,0.006,-0.016,0.001,-0.001,0.000,0.002,0.05,-0.05,94.82,0.0019,0.0002,0.0011,0.0008,1447,0.872,22.2,2.1,2.6,22.6,25.2,1.00,25.14,0.99674,0.492,286.47,25.20,14,1
70.497,hall_mission,9x4.5,pi5,0.016,0.006,-0.015,0.001,-0.001,0.000,0.001,0.05,-0.05,94.82,0.0020,0.0001,0.0011,0.0007,1447,0.872,22.2,2.1,2.6,22.6,25.2,1.00,25.14,0.99674,0.492,286.47,25.20,14,1
70.549,hall_mission,9x4.5,pi5,0.015,0.006,-0.014,0.000,-0.001,0.001,0.001,0.05,-0.05,94.82,0.0021,0.0001,0.0011,0.0008,1447,0.872,22.2,2.1,2.6,22.6,25.2,1.00,25.14,0.99673,0.493,286.46,25.20,14,1
70.597,hall_mission,9x4.5,pi5,0.014,0.006,-0.013,-0.001,-0.000,0.001,0.001,0.05,-0.05,94.82,0.0020,0.0000,0.0009,0.0010,1447,0.872,22.2,2.1,2.6,22.6,25.2,1.00,25.14,0.99673,0.493,286.47,25.20,14,1
70.645,hall_mission,9x4.5,pi5,0.012,0.006,-0.012,-0.001,-0.000,0.001,0.002,0.05,-0.05,94.82,0.0018,0.0003,0.0009,0.0010,1447,0.872,22.2,2.1,2.6,22.6,25.2,1.00,25.14,0.99673,0.494,286.46,25.20,14,1
70.697,hall_mission,9x4.5,pi5,0.011,0.006,-0.011,-0.002,-0.000,0.001,0.002,0.05,-0.06,94.82,0.0018,0.0003,0.0011,0.0008,1447,0.872,22.2,2.1,2.6,22.6,25.2,1.00,25.14,0.99673,0.494,286.46,25.20,14,1
70.749,hall_mission,9x4.5,pi5,0.009,0.006,-0.010,-0.003,0.001,0.002,0.004,0.05,-0.06,94.82,0.0020,0.0000,0.0010,0.0010,1447,0.872,22.2,2.1,2.6,22.6,25.2,1.00,25.14,0.99673,0.494,286.46,25.20,14,1
70.797,hall_mission,9x4.5,pi5,0.007,0.007,-0.009,-0.004,0.001,0.002,0.005,0.05,-0.06,94.82,0.0018,0.0002,0.0007,0.0013,1447,0.872,22.2,2.1,2.6,22.6,25.2,1.00,25.14,0.99672,0.495,286.46,25.20,14,1
70.845,hall_mission,9x4.5,pi5,0.006,0.007,-0.009,-0.005,0.001,0.002,0.006,0.05,-0.06,94.82,0.0020,0.0000,0.0008,0.0011,1447,0.872,22.2,2.1,2.6,22.6,25.2,1.00,25.14,0.99672,0.495,286.46,25.20,14,1
70.897,hall_mission,9x4.5,pi5,0.004,0.008,-0.008,-0.006,0.002,0.002,0.007,0.06,-0.06,94.82,0.0020,0.0000,0.0008,0.0012,1447,0.872,22.2,2.1,2.6,22.6,25.2,1.00,25.14,0.99672,0.495,286.46,25.20,14,1
70.945,hall_mission,9x4.5,pi5,0.001,0.008,-0.006,-0.008,0.003,0.003,0.009,0.06,-0.06,94.82,0.0018,0.0001,0.0012,0.0008,1447,0.872,22.2,2.1,2.6,22.6,25.2,1.00,25.14,0.99672,0.496,286.46,25.20,14,1
70.997,hall_mission,9x4.5,pi5,-0.000,0.009,-0.005,-0.009,0.003,0.003,0.010,0.06,-0.06,94.82,0.0019,0.0001,0.0011,0.0009,1447,0.872,22.2,2.1,2.6,22.6,25.2,1.00,25.14,0.99671,0.496,286.45,25.20,14,1
71.049,hall_mission,9x4.5,pi5,-0.002,0.009,-0.004,-0.010,0.003,0.004,0.011,0.06,-0.06,94.82,0.0020,0.0000,0.0010,0.0009,1447,0.872,22.2,2.1,2.6,22.6,25.2,1.00,25.14,0.99671,0.496,286.46,25.20,14,1
71.097,hall_mission,9x4.5,pi5,-0.004,0.009,-0.004,-0.010,0.004,0.004,0.012,0.06,-0.06,94.82,0.0020,0.0001,0.0010,0.0010,1447,0.872,22.2,2.1,2.6,22.6,25.2,1.00,25.14,0.99671,0.497,286.45,25.20,14,1
71.149,hall_mission,9x4.5,pi5,-0.005,0.009,-0.003,-0.012,0.004,0.004,0.013,0.06,-0.06,94.82,0.0020,0.0000,0.0009,0.0010,1447,0.872,22.2,2.1,2.6,22.6,25.2,1.00,25.14,0.99671,0.497,286.46,25.20,14,1
71.197,hall_mission,9x4.5,pi5,-0.006,0.009,-0.003,-0.012,0.004,0.005,0.013,0.06,-0.06,94.82,0.0018,0.0002,0.0012,0.0008,1447,0.872,22.2,2.1,2.6,22.6,25.2,1.00,25.14,0.99670,0.497,286.45,25.20,14,1
71.249,hall_mission,9x4.5,pi5,-0.007,0.008,-0.002,-0.012,0.004,0.005,0.014,0.06,-0.06,94.82,0.0020,0.0000,0.0013,0.0007,1447,0.872,22.2,2.1,2.6,22.6,25.2,1.00,25.14,0.99670,0.498,286.45,25.20,14,1
71.297,hall_mission,9x4.5,pi5,-0.008,0.008,-0.002,-0.012,0.004,0.005,0.014,0.06,-0.06,94.82,0.0018,0.0002,0.0011,0.0009,1447,0.872,22.2,2.1,2.6,22.6,25.2,1.00,25.14,0.99670,0.498,286.45,25.20,14,1
71.345,hall_mission,9x4.5,pi5,-0.009,0.007,-0.001,-0.012,0.003,0.005,0.014,0.06,-0.06,94.82,0.0019,0.0001,0.0008,0.0011,1447,0.872,22.2,2.1,2.6,22.6,25.2,1.00,25.14,0.99670,0.498,286.45,25.20,14,1
71.397,hall_mission,9x4.5,pi5,-0.009,0.007,-0.001,-0.012,0.003,0.005,0.013,0.06,-0.06,94.82,0.0020,0.0000,0.0013,0.0007,1447,0.872,22.2,2.1,2.6,22.6,25.2,1.00,25.14,0.99670,0.499,286.44,25.20,14,1
71.449,hall_mission,9x4.5,pi5,-0.009,0.006,-0.001,-0.012,0.002,0.005,0.013,0.06,-0.06,94.82,0.0018,0.0002,0.0006,0.0014,1447,0.872,22.2,2.1,2.6,22.6,25.2,1.00,25.14,0.99669,0.499,286.45,25.20,14,1
71.497,hall_mission,9x4.5,pi5,-0.009,0.005,-0.002,-0.011,0.002,0.005,0.013,0.05,-0.06,94.82,0.0017,0.0004,0.0010,0.0009,1447,0.872,22.2,2.1,2.6,22.6,25.2,1.00,25.14,0.99669,0.499,286.45,25.20,14,1
71.549,hall_mission,9x4.5,pi5,-0.009,0.004,-0.002,-0.010,0.001,0.005,0.012,0.05,-0.06,94.82,0.0019,0.0001,0.0010,0.0009,1447,0.872,22.2,2.1,2.6,22.6,25.2,1.00,25.14,0.99669,0.500,286.44,25.20,14,1
71.597,hall_mission,9x4.5,pi5,-0.009,0.004,-0.002,-0.010,0.001,0.005,0.011,0.05,-0.06,94.82,0.0020,0.0000,0.0012,0.0008,1447,0.872,22.2,2.1,2.6,22.6,25.2,1.00,25.14,0.99669,0.500,286.45,25.20,14,1
71.649,hall_mission,9x4.5,pi5,-0.008,0.003,-0.002,-0.009,0.001,0.005,0.010,0.05,-0.06,94.82,0.0018,0.0002,0.0013,0.0006,1447,0.872,22.2,2.1,2.6,22.6,25.2,1.00,25.14,0.99668,0.501,286.44,25.20,14,1
71.697,hall_mission,9x4.5,pi5,-0.007,0.002,-0.002,-0.008,0.001,0.005,0.009,0.05,-0.06,94.82,0.0017,0.0003,0.0011,0.0009,1447,0.872,22.2,2.1,2.6,22.6,25.2,1.00,25.14,0.99668,0.501,286.44,25.20,14,1
71.749,hall_mission,9x4.5,pi5,-0.006,0.001,-0.003,-0.006,0.000,0.005,0.008,0.05,-0.06,94.81,0.0017,0.0003,0.0009,0.0011,1447,0.872,22.2,2.1,2.6,22.6,25.2,1.00,25.14,0.99668,0.501,286.44,25.20,14,1
71.797,hall_mission,9x4.5,pi5,-0.005,0.001,-0.003,-0.005,-0.000,0.005,0.007,0.04,-0.05,94.81,0.0020,0.0000,0.0010,0.0009,1447,0.872,22.2,2.1,2.6,22.6,25.2,1.00,25.14,0.99668,0.502,286.44,25.20,14,1
71.849,hall_mission,9x4.5,pi5,-0.004,-0.000,-0.004,-0.004,-0.001,0.005,0.006,0.04,-0.05,94.81,0.0019,0.0002,0.0009,0.0010,1447,0.872,22.2,2.1,2.6,22.6,25.2,1.00,25.14,0.99667,0.502,286.44,25.20,14,1
71.897,hall_mission,9x4.5,pi5,-0.003,-0.001,-0.004,-0.004,-0.001,0.004,0.006,0.04,-0.05,94.81,0.0019,0.0002,0.0012,0.0007,1447,0.872,22.2,2.1,2.6,22.6,25.2,1.00,25.14,0.99667,0.502,286.44,25.20,14,1
71.945,hall_mission,9x4.5,pi5,-0.002,-0.001,-0.005,-0.002,-0.001,0.004,0.005,0.04,-0.05,94.81,0.0015,0.0005,0.0010,0.0009,1447,0.872,22.2,2.1,2.6,22.6,25.2,1.00,25.14,0.99667,0.503,286.44,25.20,14,1
71.997,hall_mission,9x4.5,pi5,-0.002,-0.002,-0.005,-0.002,-0.001,0.004,0.004,0.04,-0.05,94.81,0.0019,0.0001,0.0012,0.0007,1447,0.872,22.2,2.1,2.6,22.6,25.2,1.00,25.14,0.99667,0.503,286.43,25.20,14,1
72.049,hall_mission,9x4.5,pi5,-0.001,-0.002,-0.006,-0.001,-0.001,0.004,0.004,0.04,-0.06,94.81,0.0018,0.0002,0.0011,0.0009,1447,0.872,22.2,2.1,2.6,22.6,25.2,1.00,25.14,0.99667,0.503,286.44,25.20,14,1
72.097,hall_mission,9x4.5,pi5,-0.001,-0.002,-0.006,-0.001,-0.001,0.004,0.004,0.04,-0.06,94.81,0.0015,0.0006,0.0010,0.0009,1447,0.872,22.2,2.1,2.6,22.6,25.2,1.00,25.14,0.99666,0.504,286.43,25.20,14,1
72.149,hall_mission,9x4.5,pi5,-0.000,-0.002,-0.007,-0.001,-0.000,0.003,0.003,0.04,-0.06,94.81,0.0020,0.0002,0.0009,0.0010,1447,0.872,22.2,2.1,2.6,22.6,25.2,1.00,25.14,0.99666,0.504,286.43,25.20,14,1
72.197,hall_mission,9x4.5,pi5,-0.000,-0.001,-0.007,-0.001,0.000,0.003,0.003,0.04,-0.06,94.81,0.0016,0.0005,0.0012,0.0007,1447,0.872,22.2,2.1,2.6,22.6,25.2,1.00,25.14,0.99666,0.504,286.43,25.20,14,1
72.249,hall_mission,9x4.5,pi5,-0.000,-0.001,-0.007,-0.001,0.001,0.003,0.004,0.04,-0.06,94.81,0.0018,0.0002,0.0014,0.0006,1447,0.872,22.2,2.1,2.6,22.6,25.2,1.00,25.14,0.99666,0.505,286.43,25.20,14,1
72.297,hall_mission,9x4.5,pi5,-0.000,-0.001,-0.007,-0.001,0.001,0.003,0.004,0.04,-0.06,94.81,0.0017,0.0003,0.0012,0.0008,1447,0.872,22.2,2.1,2.6,22.6,25.2,1.00,25.14,0.99665,0.505,286.43,25.20,14,1
72.349,hall_mission,9x4.5,pi5,-0.001,0.000,-0.007,-0.001,0.002,0.003,0.004,0.04,-0.06,94.81,0.0020,0.0000,0.0012,0.0008,1089,0.658,16.8,1.6,1.9,22.6,24.5,0.98,25.14,0.99665,0.505,293.72,25.20,14,1
72.397,hall_mission,9x4.5,pi5,-0.001,0.001,-0.007,-0.001,0.003,0.003,0.004,0.04,-0.07,94.80,0.0017,0.0004,0.0011,0.0008,1447,0.872,22.2,2.1,2.6,22.6,25.2,1.00,25.14,0.99665,0.506,286.43,25.20,14,1
72.449,hall_mission,9x4.5,pi5,-0.001,0.001,-0.007,-0.001,0.003,0.003,0.004,0.04,-0.07,94.80,0.0020,0.0000,0.0012,0.0008,1447,0.872,22.2,2.1,2.6,22.6,25.2,1.00,25.14,0.99665,0.506,286.43,25.20,14,1
72.497,hall_mission,9x4.5,pi5,-0.001,0.002,-0.007,-0.001,0.004,0.003,0.005,0.04,-0.07,94.80,0.0018,0.0001,0.0012,0.0008,1447,0.872,22.2,2.1,2.6,22.6,25.2,1.00,25.14,0.99664,0.506,286.43,25.20,14,1
72.549,hall_mission,9x4.5,pi5,-0.002,0.003,-0.006,-0.001,0.004,0.003,0.005,0.04,-0.07,94.81,0.0019,0.0000,0.0011,0.0010,1447,0.872,22.2,2.1,2.6,22.6,25.2,1.00,25.14,0.99664,0.507,286.42,25.20,14,1
72.597,hall_mission,9x4.5,pi5,-0.002,0.003,-0.006,-0.001,0.004,0.003,0.006,0.04,-0.07,94.81,0.0016,0.0004,0.0013,0.0007,1447,0.872,22.2,2.1,2.6,22.6,25.2,1.00,25.14,0.99664,0.507,286.43,25.20,14,1
72.649,hall_mission,9x4.5,pi5,-0.002,0.003,-0.006,-0.002,0.005,0.003,0.006,0.04,-0.07,94.81,0.0017,0.0002,0.0012,0.0009,1447,0.872,22.2,2.1,2.6,22.6,25.2,1.00,25.14,0.99664,0.508,286.42,25.20,14,1
72.697,hall_mission,9x4.5,pi5,-0.003,0.004,-0.005,-0.002,0.005,0.003,0.006,0.04,-0.07,94.81,0.0018,0.0001,0.0014,0.0007,1447,0.872,22.2,2.1,2.6,22.6,25.2,1.00,25.14,0.99664,0.508,286.42,25.20,14,1
72.749,hall_mission,9x4.5,pi5,-0.003,0.004,-0.005,-0.002,0.005,0.004,0.006,0.04,-0.07,94.81,0.0016,0.0003,0.0010,0.0011,1447,0.872,22.2,2.1,2.6,22.6,25.2,1.00,25.14,0.99663,0.508,286.42,25.20,14,1
72.797,hall_mission,9x4.5,pi5,-0.003,0.004,-0.005,-0.002,0.005,0.004,0.007,0.04,-0.07,94.81,0.0016,0.0003,0.0012,0.0009,1447,0.872,22.2,2.1,2.6,22.6,25.2,1.00,25.14,0.99663,0.509,286.42,25.20,14,1
72.849,hall_mission,9x4.5,pi5,-0.003,0.004,-0.005,-0.002,0.005,0.004,0.007,0.04,-0.07,94.81,0.0019,0.0001,0.0012,0.0009,1447,0.872,22.2,2.1,2.6,22.6,25.2,1.00,25.14,0.99663,0.509,286.42,25.20,14,1
72.897,hall_mission,9x4.5,pi5,-0.003,0.005,-0.005,-0.002,0.005,0.004,0.006,0.04,-0.07,94.81,0.0020,0.0001,0.0016,0.0004,1447,0.872,22.2,2.1,2.6,22.6,25.2,1.00,25.14,0.99663,0.509,286.41,25.20,14,1
72.949,hall_mission,9x4.5,pi5,-0.003,0.005,-0.004,-0.002,0.005,0.004,0.007,0.04,-0.07,94.81,0.0020,0.0002,0.0009,0.0010,1447,0.872,22.2,2.1,2.6,22.6,25.2,1.00,25.14,0.99662,0.510,286.42,25.20,14,1
72.997,hall_mission,9x4.5,pi5,-0.002,0.005,-0.004,-0.002,0.005,0.004,0.007,0.04,-0.07,94.81,0.0019,0.0002,0.0012,0.0008,1447,0.872,22.2,2.1,2.6,22.6,25.2,1.00,25.14,0.99662,0.510,286.41,25.20,14,1
73.049,hall_mission,9x4.5,pi5,-0.002,0.006,-0.003,-0.001,0.005,0.004,0.007,0.04,-0.07,94.81,0.0019,0.0002,0.0013,0.0006,1447,0.872,22.2,2.1,2.6,22.6,25.2,1.00,25.14,0.99662,0.510,286.41,25.20,14,1
73.097,hall_mission,9x4.5,pi5,-0.001,0.006,-0.003,-0.001,0.005,0.004,0.007,0.04,-0.07,94.81,0.0018,0.0003,0.0010,0.0009,1447,0.872,22.2,2.1,2.6,22.6,25.2,1.00,25.14,0.99662,0.511,286.41,25.20,14,1
73.149,hall_mission,9x4.5,pi5,-0.000,0.006,-0.003,-0.000,0.005,0.004,0.007,0.04,-0.07,94.81,0.0015,0.0004,0.0012,0.0009,1447,0.872,22.2,2.1,2.6,22.6,25.2,1.00,25.14,0.99661,0.511,286.41,25.20,14,1
73.197,hall_mission,9x4.5,pi5,-0.000,0.006,-0.002,0.000,0.005,0.005,0.007,0.04,-0.07,94.81,0.0019,0.0001,0.0011,0.0009,1447,0.872,22.2,2.1,2.6,22.6,25.2,1.00,25.14,0.99661,0.511,286.41,25.20,14,1
73.245,hall_mission,9x4.5,pi5,0.001,0.006,-0.002,0.001,0.005,0.005,0.007,0.04,-0.07,94.81,0.0017,0.0004,0.0012,0.0007,1447,0.872,22.2,2.1,2.6,22.6,25.2,1.00,25.14,0.99661,0.512,286.41,25.20,14,1
73.297,hall_mission,9x4.5,pi5,0.001,0.006,-0.002,0.001,0.005,0.005,0.007,0.04,-0.06,94.80,0.0016,0.0005,0.0012,0.0008,1447,0.872,22.2,2.1,2.6,22.6,25.2,1.00,25.14,0.99661,0.512,286.41,25.20,14,1
73.349,hall_mission,9x4.5,pi5,0.002,0.006,-0.001,0.002,0.006,0.005,0.008,0.04,-0.06,94.81,0.0018,0.0001,0.0014,0.0007,1447,0.872,22.2,2.1,2.6,22.6,25.2,1.00,25.14,0.99661,0.512,286.41,25.20,14,1
73.397,hall_mission,9x4.5,pi5,0.003,0.007,-0.001,0.002,0.006,0.005,0.008,0.04,-0.06,94.80,0.0018,0.0001,0.0015,0.0005,1447,0.872,22.2,2.1,2.6,22.6,25.2,1.00,25.14,0.99660,0.513,286.41,25.20,14,1
73.449,hall_mission,9x4.5,pi5,0.004,0.007,-0.000,0.002,0.006,0.005,0.008,0.04,-0.06,94.80,0.0020,0.0000,0.0011,0.0009,1447,0.872,22.2,2.1,2.6,22.6,25.2,1.00,25.14,0.99660,0.513,286.40,25.20,14,1
73.497,hall_mission,9x4.5,pi5,0.004,0.008,0.000,0.003,0.006,0.005,0.009,0.04,-0.06,94.80,0.0017,0.0003,0.0012,0.0007,1447,0.872,22.2,2.1,2.6,22.6,25.2,1.00,25.14,0.99660,0.513,286.41,25.20,14,1
73.549,hall_mission,9x4.5,pi5,0.005,0.008,0.001,0.003,0.007,0.006,0.009,0.04,-0.06,94.80,0.0015,0.0005,0.0013,0.0006,1447,0.872,22.2,2.1,2.6,22.6,25.2,1.00,25.14,0.99660,0.514,286.40,25.20,14,1
73.597,hall_mission,9x4.5,pi5,0.006,0.009,0.001,0.003,0.007,0.006,0.009,0.04,-0.06,94.81,0.0016,0.0003,0.0012,0.0009,1447,0.872,22.2,2.1,2.6,22.6,25.2,1.00,25.14,0.99659,0.514,286.41,25.20,14,1
73.649,hall_mission,9x4.5,pi5,0.006,0.009,0.001,0.003,0.006,0.005,0.009,0.04,-0.06,94.81,0.0015,0.0003,0.0013,0.0008,1447,0.872,22.2,2.1,2.6,22.6,25.2,1.00,25.14,0.99659,0.515,286.40,25.20,14,1
73.697,hall_mission,9x4.5,pi5,0.006,0.009,0.001,0.003,0.006,0.005,0.009,0.04,-0.06,94.81,0.0018,0.0002,0.0012,0.0009,1447,0.872,22.2,2.1,2.6,22.6,25.2,1.00,25.14,0.99659,0.515,286.40,25.20,14,1
73.749,hall_mission,9x4.5,pi5,0.006,0.009,0.000,0.003,0.006,0.005,0.008,0.04,-0.06,94.81,0.0015,0.0005,0.0013,0.0007,1447,0.872,22.2,2.1,2.6,22.6,25.2,1.00,25.14,0.99659,0.515,286.40,25.20,14,1
73.797,hall_mission,9x4.5,pi5,0.006,0.009,-0.000,0.002,0.006,0.005,0.008,0.04,-0.06,94.81,0.0018,0.0001,0.0013,0.0007,1447,0.872,22.2,2.1,2.6,22.6,25.2,1.00,25.14,0.99658,0.516,286.40,25.20,14,1
73.849,hall_mission,9x4.5,pi5,0.006,0.008,-0.001,0.002,0.005,0.004,0.007,0.04,-0.06,94.81,0.0015,0.0005,0.0011,0.0008,1447,0.872,22.2,2.1,2.6,22.6,25.2,1.00,25.14,0.99658,0.516,286.40,25.20,14,1
73.897,hall_mission,9x4.5,pi5,0.006,0.008,-0.001,0.002,0.004,0.004,0.006,0.04,-0.06,94.81,0.0020,0.0000,0.0009,0.0010,1447,0.872,22.2,2.1,2.6,22.6,25.2,1.00,25.14,0.99658,0.516,286.39,25.20,14,1
73.949,hall_mission,9x4.5,pi5,0.005,0.007,-0.002,0.002,0.004,0.004,0.006,0.04,-0.06,94.81,0.0017,0.0004,0.0010,0.0010,1447,0.872,22.2,2.1,2.6,22.6,25.2,1.00,25.14,0.99658,0.517,286.40,25.20,14,1
73.997,hall_mission,9x4.5,pi5,0.005,0.006,-0.002,0.001,0.003,0.004,0.005,0.04,-0.06,94.81,0.0020,0.0000,0.0010,0.0009,1447,0.872,22.2,2.1,2.6,22.6,25.2,1.00,25.14,0.99658,0.517,286.39,25.20,14,1
74.049,hall_mission,9x4.5,pi5,0.005,0.006,-0.003,0.001,0.003,0.003,0.005,0.05,-0.06,94.81,0.0018,0.0002,0.0012,0.0008,1447,0.872,22.2,2.1,2.6,22.6,25.2,1.00,25.14,0.99657,0.517,286.39,25.20,14,1
74.097,hall_mission,9x4.5,pi5,0.005,0.005,-0.004,0.001,0.002,0.003,0.004,0.05,-0.06,94.81,0.0017,0.0004,0.0010,0.0010,1447,0.872,22.2,2.1,2.6,22.6,25.2,1.00,25.14,0.99657,0.518,286.39,25.20,14,1
74.149,hall_mission,9x4.5,pi5,0.005,0.004,-0.004,0.002,0.002,0.003,0.004,0.05,-0.05,94.81,0.0017,0.0003,0.0012,0.0008,1447,0.872,22.2,2.1,2.6,22.6,25.2,1.00,25.14,0.99657,0.518,286.39,25.20,14,1
74.197,hall_mission,9x4.5,pi5,0.005,0.004,-0.005,0.002,0.001,0.003,0.003,0.05,-0.06,94.81,0.0018,0.0002,0.0009,0.0011,1447,0.872,22.2,2.1,2.6,22.6,25.2,1.00,25.14,0.99657,0.518,286.39,25.20,14,1
74.249,hall_mission,9x4.5,pi5,0.004,0.003,-0.005,0.002,0.001,0.002,0.003,0.05,-0.05,94.81,0.0015,0.0005,0.0007,0.0013,1447,0.872,22.2,2.1,2.6,22.6,25.2,1.00,25.14,0.99656,0.519,286.39,25.20,14,1
74.297,hall_mission,9x4.5,pi5,0.004,0.003,-0.006,0.002,0.001,0.002,0.003,0.04,-0.05,94.81,0.0019,0.0002,0.0010,0.0009,1447,0.872,22.2,2.1,2.6,22.6,25.2,1.00,25.14,0.99656,0.519,286.39,25.20,14,1
74.349,hall_mission,9x4.5,pi5,0.004,0.003,-0.007,0.001,0.001,0.002,0.002,0.04,-0.06,94.81,0.0019,0.0002,0.0011,0.0009,1447,0.872,22.2,2.1,2.6,22.6,25.2,1.00,25.14,0.99656,0.519,286.38,25.20,14,1
74.397,hall_mission,9x4.5,pi5,0.004,0.003,-0.007,0.002,0.001,0.002,0.002,0.04,-0.06,94.81,0.0015,0.0005,0.0012,0.0008,1447,0.872,22.2,2.1,2.6,22.6,25.2,1.00,25.14,0.99656,0.520,286.39,25.20,14,1
74.449,hall_mission,9x4.5,pi5,0.004,0.003,-0.008,0.002,0.000,0.001,0.002,0.04,-0.06,94.81,0.0016,0.0005,0.0012,0.0007,1447,0.872,22.2,2.1,2.6,22.6,25.2,1.00,25.14,0.99655,0.520,286.38,25.20,14,1
74.497,hall_mission,9x4.5,pi5,0.004,0.002,-0.009,0.002,-0.000,0.001,0.002,0.04,-0.05,94.81,0.0020,0.0000,0.0012,0.0007,1447,0.872,22.2,2.1,2.6,22.6,25.2,1.00,25.14,0.99655,0.520,286.39,25.20,14,1
74.549,hall_mission,9x4.5,pi5,0.004,0.002,-0.010,0.003,-0.001,0.001,0.003,0.04,-0.05,94.81,0.0015,0.0006,0.0005,0.0014,1447,0.872,22.2,2.1,2.6,22.6,25.2,1.00,25.14,0.99655,0.521,286.38,25.20,14,1
74.597,hall_mission,9x4.5,pi5,0.005,0.001,-0.011,0.003,-0.001,0.001,0.003,0.04,-0.05,94.80,0.0016,0.0006,0.0010,0.0009,1447,0.872,22.2,2.1,2.6,22.6,25.2,1.00,25.14,0.99655,0.521,286.38,25.20,14,1
74.649,hall_mission,9x4.5,pi5,0.005,0.000,-0.012,0.003,-0.002,0.000,0.004,0.04,-0.05,94.80,0.0019,0.0002,0.0011,0.0008,1447,0.872,22.2,2.1,2.6,22.6,25.2,1.00,25.14,0.99654,0.521,286.38,25.20,14,1
74.697,hall_mission,9x4.5,pi5,0.004,-0.000,-0.013,0.003,-0.002,0.000,0.004,0.04,-0.05,94.80,0.0013,0.0007,0.0010,0.0010,1447,0.872,22.2,2.1,2.6,22.6,25.2,1.00,25.14,0.99654,0.522,286.38,25.20,14,1
74.749,hall_mission,9x4.5,pi5,0.004,-0.001,-0.014,0.004,-0.002,-0.000,0.004,0.04,-0.05,94.80,0.0016,0.0004,0.0009,0.0011,1447,0.872,22.2,2.1,2.6,22.6,25.2,1.00,25.14,0.99654,0.522,286.38,25.20,14,1
74.797,hall_mission,9x4.5,pi5,0.004,-0.001,-0.015,0.004,-0.002,-0.000,0.004,0.04,-0.05,94.80,0.0019,0.0001,0.0008,0.0012,1447,0.872,22.2,2.1,2.6,22.6,25.2,1.00,25.14,0.99654,0.523,286.38,25.20,14,1
74.849,hall_mission,9x4.5,pi5,0.004,-0.001,-0.015,0.004,-0.002,-0.001,0.004,0.04,-0.05,94.80,0.0014,0.0006,0.0012,0.0008,1447,0.872,22.2,2.1,2.6,22.6,25.2,1.00,25.14,0.99654,0.523,286.38,25.20,14,1
74.897,hall_mission,9x4.5,pi5,0.004,-0.001,-0.016,0.004,-0.002,-0.001,0.004,0.04,-0.05,94.80,0.0019,0.0000,0.0011,0.0010,1447,0.872,22.2,2.1,2.6,22.6,25.2,1.00,25.14,0.99653,0.523,286.37,25.20,14,1
74.949,hall_mission,9x4.5,pi5,0.004,-0.001,-0.017,0.003,-0.002,-0.001,0.004,0.04,-0.05,94.80,0.0016,0.0004,0.0009,0.0011,1447,0.872,22.2,2.1,2.6,22.6,25.2,1.00,25.14,0.99653,0.524,286.38,25.20,14,1
74.997,hall_mission,9x4.5,pi5,0.003,-0.001,-0.017,0.003,-0.002,-0.001,0.004,0.04,-0.05,94.80,0.0017,0.0003,0.0010,0.0010,1447,0.872,22.2,2.1,2.6,22.6,25.2,1.00,25.14,0.99653,0.524,286.37,25.20,14,1
75.049,hall_mission,9x4.5,pi5,0.002,-0.001,-0.018,0.002,-0.002,-0.001,0.003,0.04,-0.05,94.80,0.0019,0.0001,0.0009,0.0010,1447,0.872,22.2,2.1,2.6,22.6,25.2,1.00,25.14,0.99653,0.524,286.37,25.20,14,1
75.097,hall_mission,9x4.5,pi5,0.001,-0.001,-0.018,0.002,-0.002,-0.001,0.003,0.04,-0.05,94.80,0.0018,0.0003,0.0009,0.0010,1447,0.872,22.2,2.1,2.6,22.6,25.2,1.00,25.14,0.99652,0.525,286.37,25.20,14,1
75.149,hall_mission,9x4.5,pi5,-0.000,-0.001,-0.019,0.001,-0.002,-0.001,0.003,0.05,-0.05,94.81,0.0018,0.0001,0.0013,0.0008,1447,0.872,22.2,2.1,2.6,22.6,25.2,1.00,25.14,0.99652,0.525,286.37,25.20,14,1
75.197,hall_mission,9x4.5,pi5,-0.001,-0.001,-0.019,0.001,-0.002,-0.001,0.003,0.05,-0.05,94.81,0.0016,0.0004,0.0008,0.0012,1447,0.872,22.2,2.1,2.6,22.6,25.2,1.00,25.14,0.99652,0.525,286.37,25.20,14,1
75.249,hall_mission,9x4.5,pi5,-0.002,-0.002,-0.019,-0.000,-0.002,-0.001,0.003,0.05,-0.05,94.81,0.0019,0.0000,0.0009,0.0011,1447,0.872,22.2,2.1,2.6,22.6,25.2,1.00,25.14,0.99652,0.526,286.37,25.20,14,1
75.297,hall_mission,9x4.5,pi5,-0.004,-0.002,-0.020,-0.001,-0.003,-0.001,0.003,0.05,-0.05,94.81,0.0018,0.0002,0.0009,0.0012,1447,0.872,22.2,2.1,2.6,22.6,25.2,1.00,25.14,0.99651,0.526,286.37,25.20,14,1
75.349,hall_mission,9x4.5,pi5,-0.005,-0.002,-0.020,-0.002,-0.003,-0.001,0.004,0.05,-0.05,94.81,0.0018,0.0002,0.0011,0.0009,1447,0.872,22.2,2.1,2.6,22.6,25.2,1.00,25.14,0.99651,0.526,286.36,25.20,14,1
75.397,hall_mission,9x4.5,pi5,-0.007,-0.002,-0.020,-0.003,-0.003,-0.001,0.004,0.05,-0.05,94.81,0.0018,0.0002,0.0010,0.0011,1447,0.872,22.2,2.1,2.6,22.6,25.2,1.00,25.14,0.99651,0.527,286.36,25.20,14,1
75.449,hall_mission,9x4.5,pi5,-0.008,-0.002,-0.020,-0.004,-0.003,-0.001,0.005,0.05,-0.05,94.81,0.0019,0.0002,0.0010,0.0009,1447,0.872,22.2,2.1,2.6,22.6,25.2,1.00,25.14,0.99651,0.527,286.36,25.20,14,1
75.497,hall_mission,9x4.5,pi5,-0.009,-0.002,-0.020,-0.004,-0.003,-0.001,0.005,0.06,-0.06,94.81,0.0013,0.0007,0.0009,0.0011,1447,0.872,22.2,2.1,2.6,22.6,25.2,1.00,25.14,0.99651,0.527,286.36,25.20,14,1
75.549,hall_mission,9x4.5,pi5,-0.010,-0.001,-0.020,-0.005,-0.003,-0.002,0.006,0.05,-0.06,94.81,0.0017,0.0003,0.0011,0.0009,1447,0.872,22.2,2.1,2.6,22.6,25.2,1.00,25.14,0.99650,0.528,286.36,25.20,14,1
75.597,hall_mission,9x4.5,pi5,-0.010,-0.001,-0.020,-0.005,-0.003,-0.002,0.006,0.05,-0.06,94.81,0.0018,0.0002,0.0011,0.0009,1447,0.872,22.2,2.1,2.6,22.6,25.2,1.00,25.14,0.99650,0.528,286.36,25.20,14,1
75.649,hall_mission,9x4.5,pi5,-0.011,-0.001,-0.020,-0.006,-0.003,-0.002,0.006,0.06,-0.05,94.81,0.0020,0.0000,0.0009,0.0010,1447,0.872,22.2,2.1,2.6,22.6,25.2,1.00,25.14,0.99650,0.528,286.36,25.20,14,1
75.697,hall_mission,9x4.5,pi5,-0.012,-0.001,-0.020,-0.006,-0.003,-0.002,0.007,0.06,-0.05,94.81,0.0018,0.0003,0.0011,0.0008,1447,0.872,22.2,2.1,2.6,22.6,25.2,1.00,25.14,0.99650,0.529,286.36,25.20,14,1
75.749,hall_mission,9x4.5,pi5,-0.012,-0.001,-0.020,-0.006,-0.003,-0.002,0.007,0.06,-0.05,94.81,0.0020,0.0000,0.0011,0.0008,1447,0.872,22.2,2.1,2.6,22.6,25.2,1.00,25.14,0.99649,0.529,286.36,25.20,14,1
75.797,hall_mission,9x4.5,pi5,-0.012,-0.000,-0.020,-0.006,-0.003,-0.002,0.006,0.05,-0.06,94.81,0.0020,0.0000,0.0009,0.0011,1447,0.872,22.2,2.1,2.6,22.6,25.2,1.00,25.14,0.99649,0.530,286.36,25.20,14,1
75.849,hall_mission,9x4.5,pi5,-0.011,0.000,-0.021,-0.005,-0.002,-0.002,0.006,0.06,-0.06,94.81,0.0020,0.0001,0.0007,0.0012,1447,0.872,22.2,2.1,2.6,22.6,25.2,1.00,25.14,0.99649,0.530,286.36,25.20,14,1
75.897,hall_mission,9x4.5,pi5,-0.011,0.001,-0.021,-0.005,-0.002,-0.002,0.005,0.05,-0.06,94.81,0.0017,0.0003,0.0010,0.0010,1447,0.872,22.2,2.1,2.6,22.6,25.2,1.00,25.14,0.99649,0.530,286.35,25.20,14,1
75.949,hall_mission,9x4.5,pi5,-0.010,0.002,-0.021,-0.004,-0.002,-0.002,0.005,0.05,-0.06,94.81,0.0018,0.0002,0.0006,0.0014,1447,0.872,22.2,2.1,2.6,22.6,25.2,1.00,25.14,0.99648,0.531,286.35,25.20,14,1
75.997,hall_mission,9x4.5,pi5,-0.010,0.002,-0.021,-0.004,-0.001,-0.002,0.004,0.05,-0.06,94.81,0.0016,0.0004,0.0012,0.0008,1447,0.872,22.2,2.1,2.6,22.6,25.2,1.00,25.14,0.99648,0.531,286.35,25.20,14,1
76.049,hall_mission,9x4.5,pi5,-0.009,0.003,-0.021,-0.003,-0.001,-0.002,0.004,0.05,-0.06,94.81,0.0019,0.0002,0.0011,0.0009,1447,0.872,22.2,2.1,2.6,22.6,25.2,1.00,25.14,0.99648,0.531,286.35,25.20,14,1
76.097,hall_mission,9x4.5,pi5,-0.008,0.003,-0.021,-0.002,-0.001,-0.002,0.003,0.05,-0.06,94.81,0.0019,0.0001,0.0010,0.0010,1447,0.872,22.2,2.1,2.6,22.6,25.2,1.00,25.14,0.99648,0.532,286.35,25.20,14,1
76.149,hall_mission,9x4.5,pi5,-0.007,0.004,-0.021,-0.002,-0.001,-0.002,0.003,0.05,-0.06,94.80,0.0020,0.0001,0.0010,0.0009,1447,0.872,22.2,2.1,2.6,22.6,25.2,1.00,25.14,0.99648,0.532,286.35,25.20,14,1
76.197,hall_mission,9x4.5,pi5,-0.007,0.004,-0.021,-0.001,-0.000,-0.002,0.002,0.05,-0.06,94.80,0.0017,0.0004,0.0009,0.0010,1447,0.872,22.2,2.1,2.6,22.6,25.2,1.00,25.14,0.99647,0.532,286.35,25.20,14,1
76.249,hall_mission,9x4.5,pi5,-0.006,0.005,-0.021,-0.001,-0.000,-0.002,0.002,0.05,-0.06,94.80,0.0017,0.0003,0.0012,0.0008,1447,0.872,22.2,2.1,2.6,22.6,25.2,1.00,25.14,0.99647,0.533,286.35,25.20,14,1
76.297,hall_mission,9x4.5,pi5,-0.005,0.005,-0.021,-0.001,-0.000,-0.002,0.002,0.05,-0.06,94.80,0.0016,0.0005,0.0011,0.0009,1447,0.872,22.2,2.1,2.6,22.6,25.2,1.00,25.14,0.99647,0.533,286.34,25.20,14,1
76.349,hall_mission,9x4.5,pi5,-0.005,0.005,-0.021,-0.001,-0.000,-0.002,0.002,0.05,-0.06,94.80,0.0020,0.0000,0.0008,0.0011,1447,0.872,22.2,2.1,2.6,22.6,25.2,1.00,25.14,0.99647,0.533,286.34,25.20,14,1
76.397,hall_mission,9x4.5,pi5,-0.006,0.006,-0.020,-0.002,-0.000,-0.002,0.002,0.05,-0.06,94.80,0.0016,0.0004,0.0009,0.0010,1447,0.872,22.2,2.1,2.6,22.6,25.2,1.00,25.14,0.99646,0.534,286.34,25.20,14,1
76.449,hall_mission,9x4.5,pi5,-0.006,0.006,-0.020,-0.003,-0.000,-0.001,0.003,0.05,-0.06,94.80,0.0017,0.0003,0.0011,0.0010,1447,0.872,22.2,2.1,2.6,22.6,25.2,1.00,25.14,0.99646,0.534,286.34,25.20,14,1
76.497,hall_mission,9x4.5,pi5,-0.007,0.006,-0.020,-0.003,-0.000,-0.001,0.003,0.05,-0.06,94.80,0.0020,0.0001,0.0010,0.0008,1447,0.872,22.2,2.1,2.6,22.6,25.2,1.00,25.14,0.99646,0.534,286.34,25.20,14,1
76.549,hall_mission,9x4.5,pi5,-0.008,0.007,-0.019,-0.004,0.000,-0.001,0.005,0.05,-0.06,94.80,0.0020,0.0002,0.0009,0.0010,1447,0.872,22.2,2.1,2.6,22.6,25.2,1.00,25.14,0.99646,0.535,286.34,25.20,14,1
76.597,hall_mission,9x4.5,pi5,-0.008,0.008,-0.019,-0.005,0.000,-0.001,0.005,0.06,-0.06,94.80,0.0019,0.0002,0.0011,0.0008,1447,0.872,22.2,2.1,2.6,22.6,25.2,1.00,25.14,0.99645,0.535,286.34,25.20,14,1
76.649,hall_mission,9x4.5,pi5,-0.009,0.008,-0.018,-0.006,0.001,-0.001,0.006,0.06,-0.06,94.80,0.0017,0.0004,0.0012,0.0008,1447,0.872,22.2,2.1,2.6,22.6,25.2,1.00,25.14,0.99645,0.535,286.34,25.20,14,1
76.697,hall_mission,9x4.5,pi5,-0.010,0.009,-0.018,-0.007,0.001,-0.002,0.007,0.06,-0.06,94.80,0.0020,0.0000,0.0011,0.0009,1447,0.872,22.2,2.1,2.6,22.6,25.2,1.00,25.14,0.99645,0.536,286.34,25.20,14,1
76.749,hall_mission,9x4.5,pi5,-0.010,0.009,-0.018,-0.007,0.001,-0.002,0.008,0.06,-0.06,94.80,0.0018,0.0003,0.0010,0.0010,1447,0.872,22.2,2.1,2.6,22.6,25.2,1.00,25.14,0.99645,0.536,286.33,25.20,14,1
76.797,hall_mission,9x4.5,pi5,-0.011,0.010,-0.018,-0.008,0.001,-0.002,0.008,0.06,-0.06,94.80,0.0019,0.0002,0.0009,0.0010,1447,0.872,22.2,2.1,2.6,22.6,25.2,1.00,25.14,0.99645,0.537,286.34,25.20,14,1
76.849,hall_mission,9x4.5,pi5,-0.011,0.011,-0.019,-0.008,0.002,-0.002,0.008,0.06,-0.06,94.80,0.0019,0.0001,0.0008,0.0012,1447,0.872,22.2,2.1,2.6,22.6,25.2,1.00,25.14,0.99644,0.537,286.33,25.20,14,1
76.897,hall_mission,9x4.5,pi5,-0.011,0.011,-0.019,-0.008,0.002,-0.002,0.008,0.06,-0.06,94.80,0.0020,0.0000,0.0011,0.0009,1089,0.658,16.8,1.6,1.9,22.6,24.5,0.98,25.14,0.99644,0.537,293.62,25.20,14,1
76.949,hall_mission,9x4.5,pi5,-0.010,0.012,-0.019,-0.008,0.002,-0.002,0.008,0.06,-0.06,94.80,0.0016,0.0005,0.0010,0.0010,1447,0.872,22.2,2.1,2.6,22.6,25.2,1.00,25.14,0.99644,0.538,286.33,25.20,14,1
76.997,hall_mission,9x4.5,pi5,-0.010,0.013,-0.019,-0.008,0.003,-0.002,0.008,0.06,-0.06,94.80,0.0018,0.0003,0.0008,0.0012,1447,0.872,22.2,2.1,2.6,22.6,25.2,1.00,25.14,0.99644,0.538,286.33,25.20,14,1
77.049,hall_mission,9x4.5,pi5,-0.010,0.014,-0.019,-0.007,0.003,-0.002,0.008,0.06,-0.06,94.80,0.0015,0.0006,0.0010,0.0009,1447,0.872,22.2,2.1,2.6,22.6,25.2,1.00,25.14,0.99643,0.538,286.33,25.20,14,1
77.097,hall_mission,9x4.5,pi5,-0.009,0.014,-0.019,-0.007,0.003,-0.003,0.008,0.06,-0.06,94.80,0.0019,0.0001,0.0007,0.0013,1447,0.872,22.2,2.1,2.6,22.6,25.2,1.00,25.14,0.99643,0.539,286.33,25.20,14,1
77.149,hall_mission,9x4.5,pi5,-0.009,0.015,-0.019,-0.007,0.003,-0.003,0.008,0.06,-0.06,94.80,0.0020,0.0000,0.0012,0.0007,1447,0.872,22.2,2.1,2.6,22.6,25.2,1.00,25.14,0.99643,0.539,286.32,25.20,14,1
77.197,hall_mission,9x4.5,pi5,-0.008,0.015,-0.019,-0.006,0.003,-0.003,0.008,0.06,-0.06,94.80,0.0016,0.0004,0.0010,0.0010,1447,0.872,22.2,2.1,2.6,22.6,25.2,1.00,25.14,0.99643,0.539,286.33,25.20,14,1
77.249,hall_mission,9x4.5,pi5,-0.008,0.016,-0.019,-0.006,0.003,-0.003,0.007,0.06,-0.06,94.80,0.0017,0.0002,0.0011,0.0010,1447,0.872,22.2,2.1,2.6,22.6,25.2,1.00,25.14,0.99642,0.540,286.32,25.20,14,1
77.297,hall_mission,9x4.5,pi5,-0.007,0.016,-0.019,-0.006,0.003,-0.003,0.007,0.06,-0.06,94.80,0.0019,0.0001,0.0010,0.0010,1447,0.872,22.2,2.1,2.6,22.6,25.2,1.00,25.14,0.99642,0.540,286.33,25.20,14,1
77.349,hall_mission,9x4.5,pi5,-0.006,0.016,-0.019,-0.005,0.003,-0.003,0.007,0.06,-0.05,94.80,0.0018,0.0002,0.0010,0.0009,1447,0.872,22.2,2.1,2.6,22.6,25.2,1.00,25.14,0.99642,0.540,286.32,25.20,14,1
77.397,hall_mission,9x4.5,pi5,-0.005,0.017,-0.019,-0.005,0.003,-0.003,0.006,0.06,-0.05,94.80,0.0016,0.0005,0.0010,0.0010,1447,0.872,22.2,2.1,2.6,22.6,25.2,1.00,25.14,0.99642,0.541,286.32,25.20,14,1
77.449,hall_mission,9x4.5,pi5,-0.004,0.017,-0.019,-0.004,0.003,-0.003,0.006,0.06,-0.05,94.80,0.0015,0.0006,0.0009,0.0010,1447,0.872,22.2,2.1,2.6,22.6,25.2,1.00,25.14,0.99642,0.541,286.32,25.20,14,1
77.497,hall_mission,9x4.5,pi5,-0.003,0.017,-0.019,-0.004,0.002,-0.004,0.006,0.05,-0.05,94.80,0.0018,0.0003,0.0009,0.0011,1447,0.872,22.2,2.1,2.6,22.6,25.2,1.00,25.14,0.99641,0.541,286.32,25.20,14,1
77.549,hall_mission,9x4.5,pi5,-0.002,0.017,-0.019,-0.004,0.002,-0.004,0.006,0.05,-0.05,94.80,0.0017,0.0003,0.0007,0.0013,1447,0.872,22.2,2.1,2.6,22.6,25.2,1.00,25.14,0.99641,0.542,286.32,25.20,14,1
77.597,hall_mission,9x4.5,pi5,-0.002,0.017,-0.019,-0.004,0.002,-0.004,0.006,0.05,-0.05,94.80,0.0015,0.0004,0.0014,0.0007,1447,0.872,22.2,2.1,2.6,22.6,25.2,1.00,25.14,0.99641,0.542,286.32,25.20,14,1
77.649,hall_mission,9x4.5,pi5,-0.001,0.017,-0.019,-0.003,0.001,-0.004,0.006,0.05,-0.05,94.80,0.0016,0.0003,0.0011,0.0010,1447,0.872,22.2,2.1,2.6,22.6,25.2,1.00,25.14,0.99641,0.542,286.32,25.20,14,1
77.697,hall_mission,9x4.5,pi5,-0.001,0.017,-0.019,-0.003,0.001,-0.004,0.005,0.06,-0.05,94.80,0.0019,0.0001,0.0008,0.0012,1447,0.872,22.2,2.1,2.6,22.6,25.2,1.00,25.14,0.99640,0.543,286.32,25.20,14,1
77.749,hall_mission,9x4.5,pi5,0.000,0.017,-0.019,-0.003,0.002,-0.004,0.005,0.05,-0.05,94.80,0.0018,0.0001,0.0009,0.0012,1447,0.872,22.2,2.1,2.6,22.6,25.2,1.00,25.14,0.99640,0.543,286.32,25.20,14,1
77.797,hall_mission,9x4.5,pi5,0.001,0.017,-0.019,-0.003,0.002,-0.004,0.005,0.05,-0.05,94.80,0.0018,0.0002,0.0007,0.0012,1447,0.872,22.2,2.1,2.6,22.6,25.2,1.00,25.14,0.99640,0.543,286.31,25.20,14,1
77.849,hall_mission,9x4.5,pi5,0.002,0.017,-0.019,-0.002,0.001,-0.004,0.004,0.06,-0.05,94.80,0.0018,0.0002,0.0006,0.0014,1447,0.872,22.2,2.1,2.6,22.6,25.2,1.00,25.14,0.99640,0.544,286.32,25.20,14,1
77.897,hall_mission,9x4.5,pi5,0.002,0.018,-0.018,-0.002,0.001,-0.004,0.004,0.05,-0.05,94.80,0.0015,0.0004,0.0010,0.0010,1447,0.872,22.2,2.1,2.6,22.6,25.2,1.00,25.14,0.99639,0.544,286.31,25.20,14,1
77.949,hall_mission,9x4.5,pi5,0.003,0.018,-0.018,-0.001,0.002,-0.004,0.004,0.05,-0.05,94.80,0.0019,0.0001,0.0012,0.0008,1447,0.872,22.2,2.1,2.6,22.6,25.2,1.00,25.14,0.99639,0.545,286.31,25.20,14,1
77.997,hall_mission,9x4.5,pi5,0.003,0.018,-0.018,-0.001,0.002,-0.004,0.004,0.05,-0.05,94.80,0.0017,0.0003,0.0008,0.0012,1447,0.872,22.2,2.1,2.6,22.6,25.2,1.00,25.14,0.99639,0.545,286.31,25.20,14,1
78.049,hall_mission,9x4.5,pi5,0.004,0.019,-0.018,-0.001,0.002,-0.004,0.004,0.05,-0.05,94.80,0.0020,0.0000,0.0006,0.0014,1447,0.872,22.2,2.1,2.6,22.6,25.2,1.00,25.14,0.99639,0.545,286.30,25.20,14,1
78.097,hall_mission,9x4.5,pi5,0.004,0.019,-0.018,-0.001,0.002,-0.004,0.005,0.05,-0.05,94.80,0.0018,0.0002,0.0011,0.0009,1447,0.872,22.2,2.1,2.6,22.6,25.2,1.00,25.14,0.99639,0.546,286.31,25.20,14,1
78.149,hall_mission,9x4.5,pi5,0.005,0.020,-0.019,0.000,0.002,-0.004,0.005,0.05,-0.05,94.80,0.0020,0.0000,0.0008,0.0012,1447,0.872,22.2,2.1,2.6,22.6,25.2,1.00,25.14,0.99638,0.546,286.31,25.20,14,1
78.197,hall_mission,9x4.5,pi5,0.006,0.020,-0.019,0.000,0.002,-0.004,0.005,0.05,-0.05,94.80,0.0017,0.0002,0.0007,0.0013,1447,0.872,22.2,2.1,2.6,22.6,25.2,1.00,25.14,0.99638,0.546,286.31,25.20,14,1
78.249,hall_mission,9x4.5,pi5,0.006,0.020,-0.019,0.001,0.002,-0.004,0.005,0.05,-0.05,94.80,0.0017,0.0004,0.0009,0.0011,1447,0.872,22.2,2.1,2.6,22.6,25.2,1.00,25.14,0.99638,0.547,286.30,25.20,14,1
78.297,hall_mission,9x4.5,pi5,0.006,0.020,-0.020,0.002,0.002,-0.004,0.005,0.05,-0.05,94.80,0.0019,0.0002,0.0013,0.0006,1447,0.872,22.2,2.1,2.6,22.6,25.2,1.00,25.14,0.99638,0.547,286.30,25.20,14,1
78.349,hall_mission,9x4.5,pi5,0.007,0.019,-0.020,0.002,0.001,-0.005,0.005,0.05,-0.05,94.80,0.0020,0.0000,0.0014,0.0006,1447,0.872,22.2,2.1,2.6,22.6,25.2,1.00,25.14,0.99637,0.547,286.30,25.20,14,1
78.397,hall_mission,9x4.5,pi5,0.007,0.018,-0.020,0.002,0.001,-0.005,0.005,0.05,-0.05,94.80,0.0014,0.0006,0.0008,0.0012,1447,0.872,22.2,2.1,2.6,22.6,25.2,1.00,25.14,0.99637,0.548,286.30,25.20,14,1
78.449,hall_mission,9x4.5,pi5,0.006,0.018,-0.020,0.002,-0.000,-0.004,0.005,0.05,-0.05,94.80,0.0019,0.0000,0.0011,0.0009,1447,0.872,22.2,2.1,2.6,22.6,25.2,1.00,25.14,0.99637,0.548,286.30,25.20,14,1
78.497,hall_mission,9x4.5,pi5,0.006,0.017,-0.019,0.002,-0.001,-0.004,0.005,0.05,-0.04,94.80,0.0017,0.0003,0.0011,0.0009,1447,0.872,22.2,2.1,2.6,22.6,25.2,1.00,25.14,0.99637,0.548,286.30,25.20,14,1
78.549,hall_mission,9x4.5,pi5,0.005,0.016,-0.019,0.001,-0.002,-0.004,0.005,0.05,-0.04,94.80,0.0019,0.0002,0.0011,0.0008,1447,0.872,22.2,2.1,2.6,22.6,25.2,1.00,25.14,0.99636,0.549,286.30,25.20,14,1
78.597,hall_mission,9x4.5,pi5,0.005,0.015,-0.019,0.001,-0.002,-0.004,0.005,0.05,-0.04,94.80,0.0017,0.0004,0.0010,0.0009,1447,0.872,22.2,2.1,2.6,22.6,25.2,1.00,25.14,0.99636,0.549,286.30,25.20,14,1
78.649,hall_mission,9x4.5,pi5,0.004,0.014,-0.019,0.001,-0.003,-0.004,0.005,0.05,-0.04,94.80,0.0016,0.0005,0.0008,0.0011,1447,0.872,22.2,2.1,2.6,22.6,25.2,1.00,25.14,0.99636,0.549,286.30,25.20,14,1
78.697,hall_mission,9x4.5,pi5,0.004,0.013,-0.019,0.000,-0.004,-0.004,0.006,0.05,-0.04,94.80,0.0015,0.0004,0.0010,0.0011,1447,0.872,22.2,2.1,2.6,22.6,25.2,1.00,25.14,0.99636,0.550,286.30,25.20,14,1
78.749,hall_mission,9x4.5,pi5,0.003,0.012,-0.019,0.000,-0.005,-0.004,0.006,0.05,-0.04,94.80,0.0018,0.0003,0.0009,0.0010,1447,0.872,22.2,2.1,2.6,22.6,25.2,1.00,25.14,0.99635,0.550,286.30,25.20,14,1
78.797,hall_mission,9x4.5,pi5,0.003,0.011,-0.019,0.000,-0.005,-0.005,0.007,0.05,-0.04,94.80,0.0016,0.0004,0.0010,0.0010,1447,0.872,22.2,2.1,2.6,22.6,25.2,1.00,25.14,0.99635,0.550,286.29,25.20,14,1
78.849,hall_mission,9x4.5,pi5,0.003,0.010,-0.020,0.001,-0.005,-0.005,0.007,0.05,-0.04,94.80,0.0020,0.0000,0.0010,0.0009,1447,0.872,22.2,2.1,2.6,22.6,25.2,1.00,25.14,0.99635,0.551,286.29,25.20,14,1
78.897,hall_mission,9x4.5,pi5,0.003,0.010,-0.020,0.001,-0.005,-0.005,0.007,0.05,-0.04,94.80,0.0018,0.0003,0.0007,0.0013,1447,0.872,22.2,2.1,2.6,22.6,25.2,1.00,25.14,0.99635,0.551,286.29,25.20,14,1
78.949,hall_mission,9x4.5,pi5,0.004,0.010,-0.021,0.001,-0.005,-0.005,0.007,0.05,-0.04,94.80,0.0014,0.0006,0.0007,0.0012,1447,0.872,22.2,2.1,2.6,22.6,25.2,1.00,25.14,0.99635,0.552,286.29,25.20,14,1
78.997,hall_mission,9x4.5,pi5,0.004,0.009,-0.021,0.002,-0.005,-0.005,0.008,0.05,-0.04,94.80,0.0016,0.0005,0.0009,0.0010,1447,0.872,22.2,2.1,2.6,22.6,25.2,1.00,25.14,0.99634,0.552,286.29,25.20,14,1
79.049,hall_mission,9x4.5,pi5,0.004,0.010,-0.021,0.002,-0.005,-0.005,0.008,0.05,-0.04,94.80,0.0017,0.0005,0.0008,0.0011,1447,0.872,22.2,2.1,2.6,22.6,25.2,1.00,25.14,0.99634,0.552,286.29,25.20,14,1
79.097,hall_mission,9x4.5,pi5,0.004,0.010,-0.022,0.002,-0.005,-0.005,0.008,0.05,-0.04,94.80,0.0019,0.0001,0.0012,0.0007,1447,0.872,22.2,2.1,2.6,22.6,25.2,1.00,25.14,0.99634,0.553,286.28,25.20,14,1
79.149,hall_mission,9x4.5,pi5,0.003,0.010,-0.022,0.002,-0.004,-0.006,0.007,0.04,-0.04,94.80,0.0019,0.0002,0.0012,0.0008,1447,0.872,22.2,2.1,2.6,22.6,25.2,1.00,25.14,0.99634,0.553,286.29,25.20,14,1
79.197,hall_mission,9x4.5,pi5,0.003,0.010,-0.023,0.002,-0.004,-0.006,0.007,0.04,-0.05,94.80,0.0016,0.0004,0.0010,0.0011,1447,0.872,22.2,2.1,2.6,22.6,25.2,1.00,25.14,0.99633,0.553,286.28,25.20,14,1
79.249,hall_mission,9x4.5,pi5,0.002,0.011,-0.023,0.002,-0.003,-0.005,0.006,0.04,-0.05,94.81,0.0014,0.0005,0.0010,0.0011,1447,0.872,22.2,2.1,2.6,22.6,25.2,1.00,25.14,0.99633,0.554,286.28,25.20,14,1
79.297,hall_mission,9x4.5,pi5,0.001,0.011,-0.023,0.001,-0.003,-0.005,0.006,0.04,-0.05,94.81,0.0016,0.0003,0.0011,0.0010,1447,0.872,22.2,2.1,2.6,22.6,25.2,1.00,25.14,0.99633,0.554,286.28,25.20,14,1
79.349,hall_mission,9x4.5,pi5,0.000,0.011,-0.023,0.001,-0.003,-0.005,0.006,0.05,-0.05,94.81,0.0018,0.0002,0.0012,0.0008,1447,0.872,22.2,2.1,2.6,22.6,25.2,1.00,25.14,0.99633,0.554,286.28,25.20,14,1
79.397,hall_mission,9x4.5,pi5,-0.001,0.011,-0.024,0.001,-0.003,-0.006,0.006,0.05,-0.05,94.81,0.0014,0.0006,0.0009,0.0011,1447,0.872,22.2,2.1,2.6,22.6,25.2,1.00,25.14,0.99632,0.555,286.28,25.20,14,1
79.449,hall_mission,9x4.5,pi5,-0.002,0.011,-0.024,-0.000,-0.003,-0.005,0.006,0.05,-0.05,94.81,0.0016,0.0004,0.0011,0.0009,1447,0.872,22.2,2.1,2.6,22.6,25.2,1.00,25.14,0.99632,0.555,286.28,25.20,14,1
79.497,hall_mission,9x4.5,pi5,-0.003,0.011,-0.024,-0.001,-0.003,-0.005,0.006,0.05,-0.05,94.80,0.0016,0.0005,0.0010,0.0010,1447,0.872,22.2,2.1,2.6,22.6,25.2,1.00,25.14,0.99632,0.555,286.28,25.20,14,1
79.549,hall_mission,9x4.5,pi5,-0.004,0.011,-0.024,-0.001,-0.002,-0.005,0.006,0.05,-0.05,94.80,0.0020,0.0001,0.0010,0.0009,1447,0.872,22.2,2.1,2.6,22.6,25.2,1.00,25.14,0.99632,0.556,286.28,25.20,14,1
79.597,hall_mission,9x4.5,pi5,-0.005,0.012,-0.024,-0.002,-0.002,-0.005,0.006,0.05,-0.05,94.80,0.0019,0.0001,0.0008,0.0012,1447,0.872,22.2,2.1,2.6,22.6,25.2,1.00,25.14,0.99632,0.556,286.28,25.20,14,1
79.649,hall_mission,9x4.5,pi5,-0.006,0.012,-0.024,-0.003,-0.001,-0.005,0.006,0.05,-0.05,94.80,0.0019,0.0002,0.0009,0.0011,1447,0.872,22.2,2.1,2.6,22.6,25.2,1.00,25.14,0.99631,0.556,286.27,25.20,14,1
79.697,hall_mission,9x4.5,pi5,-0.007,0.013,-0.024,-0.003,-0.001,-0.005,0.006,0.05,-0.05,94.80,0.0020,0.0000,0.0008,0.0011,1447,0.872,22.2,2.1,2.6,22.6,25.2,1.00,25.14,0.99631,0.557,286.28,25.20,14,1
79.749,hall_mission,9x4.5,pi5,-0.008,0.013,-0.023,-0.004,-0.000,-0.004,0.006,0.05,-0.05,94.80,0.0020,0.0000,0.0009,0.0011,1447,0.872,22.2,2.1,2.6,22.6,25.2,1.00,25.14,0.99631,0.557,286.27,25.20,14,1
79.797,hall_mission,9x4.5,pi5,-0.009,0.014,-0.023,-0.004,0.000,-0.004,0.006,0.05,-0.05,94.80,0.0017,0.0003,0.0010,0.0010,1447,0.872,22.2,2.1,2.6,22.6,25.2,1.00,25.14,0.99631,0.557,286.27,25.20,14,1
79.849,hall_mission,9x4.5,pi5,-0.009,0.015,-0.023,-0.005,0.001,-0.004,0.007,0.05,-0.06,94.80,0.0018,0.0001,0.0010,0.0011,1447,0.872,22.2,2.1,2.6,22.6,25.2,1.00,25.14,0.99630,0.558,286.27,25.20,14,1
79.897,hall_mission,9x4.5,pi5,-0.010,0.015,-0.023,-0.005,0.002,-0.004,0.007,0.05,-0.06,94.80,0.0017,0.0002,0.0011,0.0009,1447,0.872,22.2,2.1,2.6,22.6,25.2,1.00,25.14,0.99630,0.558,286.27,25.20,14,1
79.949,hall_mission,9x4.5,pi5,-0.011,0.016,-0.023,-0.006,0.003,-0.003,0.007,0.06,-0.06,94.80,0.0020,0.0000,0.0013,0.0007,1447,0.872,22.2,2.1,2.6,22.6,25.2,1.00,25.14,0.99630,0.559,286.26,25.20,14,1
79.997,hall_mission,9x4.5,pi5,-0.012,0.016,-0.023,-0.006,0.003,-0.003,0.008,0.06,-0.06,94.80,0.0020,0.0000,0.0009,0.0011,1447,0.872,22.2,2.1,2.6,22.6,25.2,1.00,25.14,0.99630,0.559,286.27,25.20,14,1
80.049,hall_mission,9x4.5,pi5,-0.013,0.016,-0.023,-0.007,0.003,-0.003,0.008,0.06,-0.06,94.80,0.0020,0.0000,0.0012,0.0008,1089,0.658,16.8,1.6,1.9,22.6,24.5,0.98,25.14,0.99629,0.559,293.55,25.20,14,1
80.097,hall_mission,9x4.5,pi5,-0.013,0.016,-0.023,-0.007,0.003,-0.003,0.008,0.06,-0.06,94.80,0.0018,0.0001,0.0008,0.0013,1447,0.872,22.2,2.1,2.6,22.6,25.2,1.00,25.14,0.99629,0.560,286.27,25.20,14,1
80.149,hall_mission,9x4.5,pi5,-0.014,0.016,-0.023,-0.007,0.003,-0.002,0.008,0.06,-0.06,94.80,0.0018,0.0003,0.0009,0.0010,1447,0.872,22.2,2.1,2.6,22.6,25.2,1.00,25.14,0.99629,0.560,286.26,25.20,14,1
80.197,hall_mission,9x4.5,pi5,-0.014,0.016,-0.023,-0.007,0.003,-0.002,0.008,0.06,-0.06,94.80,0.0018,0.0002,0.0008,0.0011,1447,0.872,22.2,2.1,2.6,22.6,25.2,1.00,25.14,0.99629,0.560,286.27,25.20,14,1
80.249,hall_mission,9x4.5,pi5,-0.014,0.016,-0.022,-0.007,0.004,-0.002,0.008,0.06,-0.06,94.80,0.0015,0.0005,0.0010,0.0009,1447,0.872,22.2,2.1,2.6,22.6,25.2,1.00,25.14,0.99629,0.561,286.26,25.20,14,1
80.297,hall_mission,9x4.5,pi5,-0.014,0.016,-0.022,-0.007,0.004,-0.001,0.008,0.05,-0.06,94.80,0.0021,0.0001,0.0008,0.0011,1447,0.872,22.2,2.1,2.6,22.6,25.2,1.00,25.14,0.99628,0.561,286.26,25.20,14,1
80.349,hall_mission,9x4.5,pi5,-0.013,0.017,-0.021,-0.006,0.004,-0.001,0.008,0.05,-0.06,94.80,0.0019,0.0002,0.0008,0.0011,1447,0.872,22.2,2.1,2.6,22.6,25.2,1.00,25.14,0.99628,0.561,286.26,25.20,14,1
80.397,hall_mission,9x4.5,pi5,-0.013,0.017,-0.021,-0.006,0.004,-0.001,0.008,0.05,-0.06,94.80,0.0017,0.0003,0.0009,0.0011,1447,0.872,22.2,2.1,2.6,22.6,25.2,1.00,25.14,0.99628,0.562,286.26,25.20,14,1
80.449,hall_mission,9x4.5,pi5,-0.013,0.017,-0.020,-0.006,0.004,-0.000,0.007,0.05,-0.06,94.80,0.0020,0.0000,0.0010,0.0009,1447,0.872,22.2,2.1,2.6,22.6,25.2,1.00,25.14,0.99628,0.562,286.26,25.20,14,1
80.497,hall_mission,9x4.5,pi5,-0.013,0.017,-0.019,-0.006,0.005,-0.000,0.007,0.05,-0.06,94.80,0.0016,0.0004,0.0011,0.0009,1447,0.872,22.2,2.1,2.6,22.6,25.2,1.00,25.14,0.99627,0.562,286.26,25.20,14,1
80.549,hall_mission,9x4.5,pi5,-0.013,0.017,-0.018,-0.005,0.004,-0.000,0.007,0.05,-0.06,94.80,0.0020,0.0000,0.0013,0.0007,1089,0.658,16.8,1.6,1.9,22.6,24.5,0.98,25.14,0.99627,0.563,293.54,25.20,14,1
80.597,hall_mission,9x4.5,pi5,-0.012,0.017,-0.018,-0.005,0.004,0.000,0.007,0.05,-0.06,94.80,0.0017,0.0003,0.0008,0.0011,1447,0.872,22.2,2.1,2.6,22.6,25.2,1.00,25.14,0.99627,0.563,286.26,25.20,14,1
80.649,hall_mission,9x4.5,pi5,-0.012,0.017,-0.017,-0.004,0.004,0.000,0.006,0.05,-0.06,94.80,0.0016,0.0004,0.0012,0.0008,1447,0.872,22.2,2.1,2.6,22.6,25.2,1.00,25.14,0.99627,0.563,286.25,25.20,14,1
80.697,hall_mission,9x4.5,pi5,-0.012,0.017,-0.017,-0.004,0.004,0.000,0.006,0.05,-0.06,94.80,0.0017,0.0003,0.0009,0.0010,1447,0.872,22.2,2.1,2.6,22.6,25.2,1.00,25.14,0.99626,0.564,286.25,25.20,14,1
80.749,hall_mission,9x4.5,pi5,-0.011,0.016,-0.016,-0.004,0.003,0.000,0.005,0.05,-0.06,94.80,0.0019,0.0001,0.0010,0.0010,1447,0.872,22.2,2.1,2.6,22.6,25.2,1.00,25.14,0.99626,0.564,286.25,25.20,14,1
80.797,hall_mission,9x4.5,pi5,-0.011,0.016,-0.016,-0.003,0.003,0.000,0.004,0.05,-0.06,94.80,0.0018,0.0002,0.0010,0.0010,1447,0.872,22.2,2.1,2.6,22.6,25.2,1.00,25.14,0.99626,0.564,286.25,25.20,14,1
80.849,hall_mission,9x4.5,pi5,-0.010,0.016,-0.016,-0.003,0.003,-0.000,0.004,0.05,-0.06,94.80,0.0018,0.0001,0.0012,0.0009,1447,0.872,22.2,2.1,2.6,22.6,25.2,1.00,25.14,0.99626,0.565,286.25,25.20,14,1
80.897,hall_mission,9x4.5,pi5,-0.010,0.015,-0.016,-0.003,0.002,-0.000,0.004,0.05,-0.06,94.80,0.0017,0.0003,0.0008,0.0012,1447,0.872,22.2,2.1,2.6,22.6,25.2,1.00,25.14,0.99626,0.565,286.25,25.20,14,1
80.949,hall_mission,9x4.5,pi5,-0.010,0.015,-0.016,-0.003,0.002,-0.000,0.003,0.05,-0.05,94.80,0.0016,0.0004,0.0012,0.0009,1447,0.872,22.2,2.1,2.6,22.6,25.2,1.00,25.14,0.99625,0.566,286.25,25.20,14,1
80.997,hall_mission,9x4.5,pi5,-0.009,0.015,-0.016,-0.003,0.002,-0.001,0.003,0.05,-0.05,94.80,0.0018,0.0002,0.0009,0.0011,1447,0.872,22.2,2.1,2.6,22.6,25.2,1.00,25.14,0.99625,0.566,286.25,25.20,14,1
81.049,hall_mission,9x4.5,pi5,-0.009,0.014,-0.017,-0.002,0.001,-0.001,0.003,0.05,-0.05,94.80,0.0016,0.0005,0.0010,0.0009,1447,0.872,22.2,2.1,2.6,22.6,25.2,1.00,25.14,0.99625,0.566,286.25,25.20,14,1
81.097,hall_mission,9x4.5,pi5,-0.009,0.014,-0.017,-0.002,0.001,-0.001,0.003,0.05,-0.05,94.80,0.0017,0.0004,0.0011,0.0009,1447,0.872,22.2,2.1,2.6,22.6,25.2,1.00,25.14,0.99625,0.567,286.24,25.20,14,1
81.149,hall_mission,9x4.5,pi5,-0.009,0.014,-0.017,-0.003,0.001,-0.001,0.003,0.05,-0.05,94.80,0.0019,0.0002,0.0009,0.0011,1447,0.872,22.2,2.1,2.6,22.6,25.2,1.00,25.14,0.99624,0.567,286.25,25.20,14,1
81.197,hall_mission,9x4.5,pi5,-0.010,0.014,-0.017,-0.003,0.001,-0.001,0.003,0.05,-0.05,94.80,0.0014,0.0007,0.0010,0.0009,1447,0.872,22.2,2.1,2.6,22.6,25.2,1.00,25.14,0.99624,0.567,286.24,25.20,14,1
81.249,hall_mission,9x4.5,pi5,-0.010,0.013,-0.017,-0.003,0.001,-0.001,0.004,0.05,-0.05,94.80,0.0020,0.0000,0.0011,0.0009,1089,0.658,16.8,1.6,1.9,22.6,24.5,0.98,25.14,0.99624,0.568,293.52,25.20,14,1
81.297,hall_mission,9x4.5,pi5,-0.010,0.013,-0.017,-0.004,0.001,-0.001,0.004,0.05,-0.05,94.80,0.0015,0.0005,0.0012,0.0008,1447,0.872,22.2,2.1,2.6,22.6,25.2,1.00,25.14,0.99624,0.568,286.24,25.20,14,1
81.349,hall_mission,9x4.5,pi5,-0.011,0.013,-0.017,-0.004,0.000,-0.001,0.005,0.05,-0.05,94.80,0.0019,0.0002,0.0009,0.0011,1447,0.872,22.2,2.1,2.6,22.6,25.2,1.00,25.14,0.99623,0.568,286.24,25.20,14,1
81.397,hall_mission,9x4.5,pi5,-0.012,0.012,-0.017,-0.005,0.000,-0.001,0.005,0.05,-0.05,94.80,0.0018,0.0003,0.0010,0.0009,1447,0.872,22.2,2.1,2.6,22.6,25.2,1.00,25.14,0.99623,0.569,286.24,25.20,14,1
81.449,hall_mission,9x4.5,pi5,-0.013,0.012,-0.017,-0.005,0.000,-0.001,0.006,0.05,-0.05,94.80,0.0018,0.0002,0.0010,0.0010,1447,0.872,22.2,2.1,2.6,22.6,25.2,1.00,25.14,0.99623,0.569,286.24,25.20,14,1
81.497,hall_mission,9x4.5,pi5,-0.014,0.012,-0.017,-0.006,0.000,-0.001,0.006,0.05,-0.05,94.80,0.0019,0.0002,0.0011,0.0009,1447,0.872,22.2,2.1,2.6,22.6,25.2,1.00,25.14,0.99623,0.569,286.24,25.20,14,1
81.549,hall_mission,9x4.5,pi5,-0.015,0.012,-0.017,-0.007,0.000,-0.001,0.007,0.05,-0.05,94.80,0.0019,0.0002,0.0008,0.0011,1447,0.872,22.2,2.1,2.6,22.6,25.2,1.00,25.14,0.99623,0.570,286.23,25.20,14,1
81.597,hall_mission,9x4.5,pi5,-0.016,0.012,-0.016,-0.007,0.000,-0.001,0.008,0.05,-0.05,94.80,0.0019,0.0001,0.0011,0.0009,1447,0.872,22.2,2.1,2.6,22.6,25.2,1.00,25.14,0.99622,0.570,286.24,25.20,14,1
81.649,hall_mission,9x4.5,pi5,-0.017,0.012,-0.016,-0.008,0.000,-0.001,0.008,0.05,-0.06,94.80,0.0017,0.0004,0.0012,0.0008,1447,0.872,22.2,2.1,2.6,22.6,25.2,1.00,25.14,0.99622,0.570,286.23,25.20,14,1
81.697,hall_mission,9x4.5,pi5,-0.017,0.012,-0.015,-0.008,0.001,-0.001,0.009,0.05,-0.06,94.80,0.0020,0.0001,0.0007,0.0012,1447,0.872,22.2,2.1,2.6,22.6,25.2,1.00,25.14,0.99622,0.571,286.23,25.20,14,1
81.749,hall_mission,9x4.5,pi5,-0.018,0.013,-0.014,-0.009,0.002,-0.001,0.009,0.05,-0.06,94.80,0.0016,0.0005,0.0008,0.0011,1447,0.872,22.2,2.1,2.6,22.6,25.2,1.00,25.14,0.99622,0.571,286.23,25.20,14,1
81.797,hall_mission,9x4.5,pi5,-0.019,0.013,-0.014,-0.009,0.002,-0.000,0.009,0.05,-0.06,94.80,0.0015,0.0005,0.0010,0.0009,1447,0.872,22.2,2.1,2.6,22.6,25.2,1.00,25.14,0.99621,0.571,286.23,25.20,14,1
81.849,hall_mission,9x4.5,pi5,-0.020,0.014,-0.013,-0.010,0.003,-0.000,0.010,0.06,-0.06,94.80,0.0019,0.0001,0.0012,0.0008,1447,0.872,22.2,2.1,2.6,22.6,25.2,1.00,25.14,0.99621,0.572,286.23,25.20,14,1
81.897,hall_mission,9x4.5,pi5,-0.020,0.015,-0.012,-0.010,0.004,-0.000,0.010,0.06,-0.06,94.80,0.0017,0.0003,0.0010,0.0010,1447,0.872,22.2,2.1,2.6,22.6,25.2,1.00,25.14,0.99621,0.572,286.23,25.20,14,1
81.949,hall_mission,9x4.5,pi5,-0.021,0.016,-0.012,-0.010,0.005,-0.000,0.011,0.05,-0.06,94.80,0.0017,0.0002,0.0013,0.0008,1447,0.872,22.2,2.1,2.6,22.6,25.2,1.00,25.14,0.99621,0.573,286.23,25.20,14,1
81.997,hall_mission,9x4.5,pi5,-0.021,0.017,-0.011,-0.010,0.005,-0.000,0.012,0.05,-0.06,94.80,0.0017,0.0001,0.0013,0.0008,1447,0.872,22.2,2.1,2.6,22.6,25.2,1.00,25.14,0.99620,0.573,286.22,25.20,14,1
82.049,hall_mission,9x4.5,pi5,-0.022,0.018,-0.011,-0.010,0.006,-0.000,0.012,0.05,-0.06,94.81,0.0018,0.0001,0.0014,0.0007,1447,0.872,22.2,2.1,2.6,22.6,25.2,1.00,25.14,0.99620,0.573,286.22,25.20,14,1
82.097,hall_mission,9x4.5,pi5,-0.022,0.018,-0.011,-0.010,0.006,0.000,0.012,0.05,-0.07,94.81,0.0017,0.0003,0.0011,0.0009,1447,0.872,22.2,2.1,2.6,22.6,25.2,1.00,25.14,0.99620,0.574,286.22,25.20,14,1
82.149,hall_mission,9x4.5,pi5,-0.022,0.019,-0.010,-0.010,0.007,-0.000,0.012,0.05,-0.07,94.81,0.0019,0.0001,0.0009,0.0011,1447,0.872,22.2,2.1,2.6,22.6,25.2,1.00,25.14,0.99620,0.574,286.22,25.20,14,1
82.197,hall_mission,9x4.5,pi5,-0.022,0.019,-0.010,-0.010,0.007,-0.000,0.012,0.05,-0.07,94.81,0.0019,0.0001,0.0013,0.0007,1447,0.872,22.2,2.1,2.6,22.6,25.2,1.00,25.14,0.99620,0.574,286.22,25.20,14,1
82.249,hall_mission,9x4.5,pi5,-0.022,0.019,-0.010,-0.010,0.007,-0.000,0.012,0.05,-0.06,94.80,0.0018,0.0003,0.0009,0.0011,1447,0.872,22.2,2.1,2.6,22.6,25.2,1.00,25.14,0.99619,0.575,286.22,25.20,14,1
82.297,hall_mission,9x4.5,pi5,-0.022,0.019,-0.010,-0.009,0.006,-0.000,0.011,0.05,-0.06,94.80,0.0019,0.0001,0.0012,0.0008,1447,0.872,22.2,2.1,2.6,22.6,25.2,1.00,25.14,0.99619,0.575,286.22,25.20,14,1
82.349,hall_mission,9x4.5,pi5,-0.022,0.018,-0.010,-0.009,0.006,-0.000,0.011,0.05,-0.06,94.80,0.0021,0.0001,0.0010,0.0008,1447,0.872,22.2,2.1,2.6,22.6,25.2,1.00,25.14,0.99619,0.575,286.22,25.20,14,1
82.397,hall_mission,9x4.5,pi5,-0.022,0.018,-0.010,-0.009,0.005,-0.000,0.011,0.05,-0.06,94.80,0.0018,0.0003,0.0012,0.0007,1447,0.872,22.2,2.1,2.6,22.6,25.2,1.00,25.14,0.99619,0.576,286.22,25.20,14,1
82.449,hall_mission,9x4.5,pi5,-0.022,0.017,-0.009,-0.009,0.005,-0.000,0.010,0.05,-0.06,94.80,0.0020,0.0001,0.0013,0.0006,1447,0.872,22.2,2.1,2.6,22.6,25.2,1.00,25.14,0.99618,0.576,286.21,25.20,14,1
82.497,hall_mission,9x4.5,pi5,-0.021,0.017,-0.009,-0.009,0.004,-0.000,0.010,0.05,-0.06,94.80,0.0018,0.0003,0.0013,0.0006,1447,0.872,22.2,2.1,2.6,22.6,25.2,1.00,25.14,0.99618,0.576,286.22,25.20,14,1
82.549,hall_mission,9x4.5,pi5,-0.021,0.016,-0.009,-0.009,0.004,0.000,0.009,0.05,-0.06,94.80,0.0016,0.0005,0.0011,0.0008,1447,0.872,22.2,2.1,2.6,22.6,25.2,1.00,25.14,0.99618,0.577,286.21,25.20,14,1
82.597,hall_mission,9x4.5,pi5,-0.020,0.016,-0.008,-0.008,0.003,0.000,0.009,0.05,-0.06,94.80,0.0020,0.0000,0.0014,0.0006,1447,0.872,22.2,2.1,2.6,22.6,25.2,1.00,25.14,0.99618,0.577,286.21,25.20,14,1
82.649,hall_mission,9x4.5,pi5,-0.020,0.015,-0.008,-0.008,0.003,0.001,0.008,0.05,-0.06,94.80,0.0019,0.0002,0.0013,0.0007,1447,0.872,22.2,2.1,2.6,22.6,25.2,1.00,25.14,0.99617,0.577,286.21,25.20,14,1
82.697,hall_mission,9x4.5,pi5,-0.019,0.014,-0.008,-0.007,0.002,0.001,0.008,0.05,-0.06,94.80,0.0017,0.0004,0.0008,0.0011,1447,0.872,22.2,2.1,2.6,22.6,25.2,1.00,25.14,0.99617,0.578,286.21,25.20,14,1
82.749,hall_mission,9x4.5,pi5,-0.018,0.013,-0.007,-0.007,0.001,0.001,0.007,0.04,-0.06,94.80,0.0020,0.0001,0.0010,0.0009,1447,0.872,22.2,2.1,2.6,22.6,25.2,1.00,25.14,0.99617,0.578,286.21,25.20,14,1
82.797,hall_mission,9x4.5,pi5,-0.018,0.013,-0.007,-0.006,0.001,0.001,0.007,0.05,-0.06,94.80,0.0015,0.0005,0.0010,0.0010,1447,0.872,22.2,2.1,2.6,22.6,25.2,1.00,25.14,0.99617,0.578,286.21,25.20,14,1
82.849,hall_mission,9x4.5,pi5,-0.017,0.012,-0.006,-0.006,0.001,0.002,0.006,0.05,-0.05,94.80,0.0017,0.0002,0.0011,0.0010,1447,0.872,22.2,2.1,2.6,22.6,25.2,1.00,25.14,0.99616,0.579,286.21,25.20,14,1
82.897,hall_mission,9x4.5,pi5,-0.016,0.012,-0.005,-0.005,0.000,0.002,0.006,0.05,-0.05,94.80,0.0017,0.0003,0.0010,0.0011,1447,0.872,22.2,2.1,2.6,22.6,25.2,1.00,25.14,0.99616,0.579,286.20,25.20,14,1
82.949,hall_mission,9x4.5,pi5,-0.015,0.011,-0.005,-0.004,0.000,0.002,0.005,0.04,-0.05,94.80,0.0015,0.0006,0.0013,0.0007,1447,0.872,22.2,2.1,2.6,22.6,25.2,1.00,25.14,0.99616,0.579,286.21,25.20,14,1
82.997,hall_mission,9x4.5,pi5,-0.014,0.011,-0.004,-0.004,-0.000,0.003,0.005,0.04,-0.05,94.80,0.0015,0.0004,0.0011,0.0010,1447,0.872,22.2,2.1,2.6,22.6,25.2,1.00,25.14,0.99616,0.580,286.20,25.20,14,1
83.049,hall_mission,9x4.5,pi5,-0.013,0.010,-0.004,-0.003,-0.000,0.003,0.004,0.04,-0.05,94.80,0.0016,0.0005,0.0009,0.0011,1447,0.872,22.2,2.1,2.6,22.6,25.2,1.00,25.14,0.99616,0.580,286.20,25.20,14,1
83.097,hall_mission,9x4.5,pi5,-0.013,0.010,-0.003,-0.003,-0.001,0.003,0.004,0.04,-0.05,94.80,0.0016,0.0003,0.0013,0.0007,1447,0.872,22.2,2.1,2.6,22.6,25.2,1.00,25.14,0.99615,0.581,286.20,25.20,14,1
83.149,hall_mission,9x4.5,pi5,-0.012,0.009,-0.003,-0.003,-0.001,0.003,0.005,0.04,-0.05,94.80,0.0019,0.0001,0.0012,0.0008,1447,0.872,22.2,2.1,2.6,22.6,25.2,1.00,25.14,0.99615,0.581,286.20,25.20,14,1
83.197,hall_mission,9x4.5,pi5,-0.012,0.008,-0.003,-0.003,-0.002,0.003,0.005,0.04,-0.05,94.80,0.0017,0.0004,0.0011,0.0008,1447,0.872,22.2,2.1,2.6,22.6,25.2,1.00,25.14,0.99615,0.581,286.20,25.20,14,1
83.249,hall_mission,9x4.5,pi5,-0.011,0.007,-0.003,-0.003,-0.002,0.003,0.005,0.04,-0.05,94.80,0.0019,0.0001,0.0010,0.0010,1447,0.872,22.2,2.1,2.6,22.6,25.2,1.00,25.14,0.99615,0.582,286.20,25.20,14,1
83.297,hall_mission,9x4.5,pi5,-0.011,0.007,-0.003,-0.003,-0.003,0.003,0.005,0.04,-0.05,94.80,0.0013,0.0006,0.0010,0.0010,1447,0.872,22.2,2.1,2.6,22.6,25.2,1.00,25.14,0.99614,0.582,286.20,25.20,14,1
83.349,hall_mission,9x4.5,pi5,-0.011,0.005,-0.002,-0.003,-0.004,0.003,0.006,0.04,-0.05,94.80,0.0018,0.0001,0.0011,0.0010,1447,0.872,22.2,2.1,2.6,22.6,25.2,1.00,25.14,0.99614,0.582,286.19,25.20,14,1
83.397,hall_mission,9x4.5,pi5,-0.011,0.005,-0.002,-0.003,-0.004,0.003,0.006,0.04,-0.05,94.80,0.0016,0.0003,0.0009,0.0012,1447,0.872,22.2,2.1,2.6,22.6,25.2,1.00,25.14,0.99614,0.583,286.20,25.20,14,1
83.449,hall_mission,9x4.5,pi5,-0.011,0.003,-0.001,-0.003,-0.005,0.003,0.007,0.04,-0.05,94.80,0.0017,0.0002,0.0013,0.0008,1447,0.872,22.2,2.1,2.6,22.6,25.2,1.00,25.14,0.99614,0.583,286.19,25.20,14,1
83.497,hall_mission,9x4.5,pi5,-0.012,0.002,-0.001,-0.003,-0.005,0.003,0.007,0.04,-0.05,94.80,0.0018,0.0002,0.0010,0.0010,1447,0.872,22.2,2.1,2.6,22.6,25.2,1.00,25.14,0.99613,0.583,286.20,25.20,14,1
83.549,hall_mission,9x4.5,pi5,-0.013,0.001,-0.000,-0.004,-0.006,0.004,0.008,0.04,-0.05,94.79,0.0020,0.0001,0.0008,0.0012,1447,0.872,22.2,2.1,2.6,22.6,25.2,1.00,25.14,0.99613,0.584,286.19,25.20,14,1
83.597,hall_mission,9x4.5,pi5,-0.013,-0.000,0.001,-0.004,-0.007,0.004,0.009,0.04,-0.05,94.79,0.0017,0.0003,0.0010,0.0009,1447,0.872,22.2,2.1,2.6,22.6,25.2,1.00,25.14,0.99613,0.584,286.19,25.20,14,1
83.649,hall_mission,9x4.5,pi5,-0.014,-0.001,0.002,-0.005,-0.007,0.005,0.010,0.04,-0.05,94.79,0.0019,0.0001,0.0009,0.0011,1447,0.872,22.2,2.1,2.6,22.6,25.2,1.00,25.14,0.99613,0.584,286.19,25.20,14,1
83.697,hall_mission,9x4.5,pi5,-0.015,-0.002,0.003,-0.005,-0.008,0.005,0.010,0.04,-0.04,94.80,0.0020,0.0000,0.0013,0.0007,1089,0.658,16.8,1.6,1.9,22.6,24.5,0.98,25.14,0.99613,0.585,293.47,25.20,14,1
83.749,hall_mission,9x4.5,pi5,-0.016,-0.002,0.004,-0.006,-0.008,0.005,0.011,0.05,-0.05,94.80,0.0018,0.0002,0.0013,0.0008,1447,0.872,22.2,2.1,2.6,22.6,25.2,1.00,25.14,0.99612,0.585,286.19,25.20,14,1
83.797,hall_mission,9x4.5,pi5,-0.017,-0.002,0.004,-0.007,-0.007,0.005,0.011,0.05,-0.05,94.80,0.0017,0.0002,0.0012,0.0009,1447,0.872,22.2,2.1,2.6,22.6,25.2,1.00,25.14,0.99612,0.585,286.19,25.20,14,1
83.849,hall_mission,9x4.5,pi5,-0.018,-0.003,0.005,-0.007,-0.007,0.006,0.011,0.05,-0.05,94.80,0.0018,0.0001,0.0013,0.0008,1447,0.872,22.2,2.1,2.6,22.6,25.2,1.00,25.14,0.99612,0.586,286.19,25.20,14,1
83.897,hall_mission,9x4.5,pi5,-0.019,-0.003,0.006,-0.008,-0.007,0.006,0.012,0.05,-0.05,94.80,0.0019,0.0001,0.0008,0.0011,1447,0.872,22.2,2.1,2.6,22.6,25.2,1.00,25.14,0.99612,0.586,286.18,25.20,14,1
83.949,hall_mission,9x4.5,pi5,-0.020,-0.003,0.007,-0.008,-0.006,0.006,0.012,0.05,-0.05,94.80,0.0016,0.0003,0.0010,0.0011,1447,0.872,22.2,2.1,2.6,22.6,25.2,1.00,25.14,0.99611,0.586,286.18,25.20,14,1
83.997,hall_mission,9x4.5,pi5,-0.021,-0.002,0.008,-0.008,-0.006,0.006,0.012,0.05,-0.05,94.80,0.0018,0.0001,0.0012,0.0009,1447,0.872,22.2,2.1,2.6,22.6,25.2,1.00,25.14,0.99611,0.587,286.18,25.20,14,1
84.049,hall_mission,9x4.5,pi5,-0.021,-0.002,0.009,-0.009,-0.005,0.007,0.012,0.05,-0.05,94.80,0.0016,0.0003,0.0010,0.0011,1447,0.872,22.2,2.1,2.6,22.6,25.2,1.00,25.14,0.99611,0.587,286.18,25.20,14,1
84.097,hall_mission,9x4.5,pi5,-0.022,-0.002,0.010,-0.009,-0.005,0.007,0.012,0.05,-0.05,94.80,0.0015,0.0003,0.0011,0.0011,1447,0.872,22.2,2.1,2.6,22.6,25.2,1.00,25.14,0.99611,0.588,286.18,25.20,14,1
84.149,hall_mission,9x4.5,pi5,-0.023,-0.002,0.011,-0.009,-0.005,0.007,0.012,0.05,-0.05,94.81,0.0016,0.0002,0.0013,0.0009,1447,0.872,22.2,2.1,2.6,22.6,25.2,1.00,25.14,0.99610,0.588,286.18,25.20,14,1
84.197,hall_mission,9x4.5,pi5,-0.023,-0.003,0.012,-0.009,-0.005,0.008,0.013,0.05,-0.05,94.81,0.0017,0.0003,0.0009,0.0011,1447,0.872,22.2,2.1,2.6,22.6,25.2,1.00,25.14,0.99610,0.588,286.18,25.20,14,1
84.249,hall_mission,9x4.5,pi5,-0.024,-0.003,0.013,-0.009,-0.005,0.008,0.012,0.05,-0.05,94.80,0.0017,0.0004,0.0011,0.0008,1447,0.872,22.2,2.1,2.6,22.6,25.2,1.00,25.14,0.99610,0.589,286.18,25.20,14,1
84.297,hall_mission,9x4.5,pi5,-0.024,-0.003,0.014,-0.009,-0.005,0.008,0.012,0.05,-0.05,94.80,0.0017,0.0004,0.0008,0.0011,1447,0.872,22.2,2.1,2.6,22.6,25.2,1.00,25.14,0.99610,0.589,286.18,25.20,14,1
84.349,hall_mission,9x4.5,pi5,-0.025,-0.004,0.016,-0.008,-0.005,0.008,0.012,0.04,-0.05,94.80,0.0019,0.0002,0.0011,0.0008,1447,0.872,22.2,2.1,2.6,22.6,25.2,1.00,25.14,0.99610,0.589,286.18,25.20,14,1
84.397,hall_mission,9x4.5,pi5,-0.025,-0.004,0.016,-0.008,-0.005,0.008,0.013,0.04,-0.05,94.80,0.0016,0.0004,0.0014,0.0006,1447,0.872,22.2,2.1,2.6,22.6,25.2,1.00,25.14,0.99609,0.590,286.18,25.20,14,1
84.449,hall_mission,9x4.5,pi5,-0.025,-0.005,0.017,-0.008,-0.006,0.008,0.013,0.04,-0.05,94.80,0.0017,0.0003,0.0013,0.0006,1447,0.872,22.2,2.1,2.6,22.6,25.2,1.00,25.14,0.99609,0.590,286.17,25.20,14,1
84.497,hall_mission,9x4.5,pi5,-0.025,-0.006,0.018,-0.007,-0.006,0.008,0.012,0.04,-0.05,94.80,0.0017,0.0004,0.0012,0.0008,1447,0.872,22.2,2.1,2.6,22.6,25.2,1.00,25.14,0.99609,0.590,286.17,25.20,14,1
84.549,hall_mission,9x4.5,pi5,-0.025,-0.007,0.018,-0.007,-0.007,0.008,0.012,0.04,-0.05,94.80,0.0019,0.0002,0.0012,0.0007,1447,0.872,22.2,2.1,2.6,22.6,25.2,1.00,25.14,0.99609,0.591,286.17,25.20,14,1
84.597,hall_mission,9x4.5,pi5,-0.025,-0.008,0.019,-0.007,-0.007,0.008,0.012,0.04,-0.05,94.80,0.0020,0.0001,0.0012,0.0007,1447,0.872,22.2,2.1,2.6,22.6,25.2,1.00,25.14,0.99608,0.591,286.17,25.20,14,1
84.649,hall_mission,9x4.5,pi5,-0.025,-0.009,0.019,-0.006,-0.007,0.008,0.012,0.04,-0.05,94.80,0.0020,0.0001,0.0012,0.0008,1447,0.872,22.2,2.1,2.6,22.6,25.2,1.00,25.14,0.99608,0.591,286.17,25.20,14,1
84.697,hall_mission,9x4.5,pi5,-0.025,-0.009,0.019,-0.006,-0.007,0.008,0.012,0.04,-0.05,94.80,0.0018,0.0002,0.0010,0.0010,1447,0.872,22.2,2.1,2.6,22.6,25.2,1.00,25.14,0.99608,0.592,286.17,25.20,14,1
84.749,hall_mission,9x4.5,pi5,-0.025,-0.009,0.020,-0.006,-0.007,0.008,0.012,0.04,-0.05,94.80,0.0013,0.0007,0.0011,0.0009,1447,0.872,22.2,2.1,2.6,22.6,25.2,1.00,25.14,0.99608,0.592,286.17,25.20,14,1
84.797,hall_mission,9x4.5,pi5,-0.025,-0.009,0.020,-0.006,-0.007,0.008,0.012,0.04,-0.05,94.80,0.0017,0.0004,0.0010,0.0009,1447,0.872,22.2,2.1,2.6,22.6,25.2,1.00,25.14,0.99607,0.592,286.16,25.20,14,1
84.849,hall_mission,9x4.5,pi5,-0.025,-0.009,0.021,-0.006,-0.007,0.008,0.012,0.04,-0.05,94.80,0.0014,0.0006,0.0014,0.0005,1447,0.872,22.2,2.1,2.6,22.6,25.2,1.00,25.14,0.99607,0.593,286.17,25.20,14,1
84.897,hall_mission,9x4.5,pi5,-0.025,-0.009,0.021,-0.005,-0.007,0.008,0.011,0.04,-0.05,94.80,0.0019,0.0001,0.0010,0.0010,1447,0.872,22.2,2.1,2.6,22.6,25.2,1.00,25.14,0.99607,0.593,286.16,25.20,14,1
84.949,hall_mission,9x4.5,pi5,-0.025,-0.009,0.020,-0.005,-0.006,0.007,0.011,0.04,-0.05,94.80,0.0017,0.0003,0.0012,0.0008,1447,0.872,22.2,2.1,2.6,22.6,25.2,1.00,25.14,0.99607,0.593,286.16,25.20,14,1
84.997,hall_mission,9x4.5,pi5,-0.025,-0.009,0.020,-0.005,-0.006,0.007,0.011,0.04,-0.05,94.80,0.0016,0.0004,0.0011,0.0008,1447,0.872,22.2,2.1,2.6,22.6,25.2,1.00,25.14,0.99607,0.594,286.16,25.20,14,1
85.049,hall_mission,9x4.5,pi5,-0.025,-0.009,0.020,-0.004,-0.006,0.007,0.010,0.04,-0.05,94.80,0.0017,0.0004,0.0013,0.0007,1447,0.872,22.2,2.1,2.6,22.6,25.2,1.00,25.14,0.99606,0.594,286.16,25.20,14,1
85.097,hall_mission,9x4.5,pi5,-0.025,-0.008,0.019,-0.004,-0.006,0.007,0.010,0.04,-0.05,94.80,0.0017,0.0003,0.0011,0.0008,1447,0.872,22.2,2.1,2.6,22.6,25.2,1.00,25.14,0.99606,0.595,286.16,25.20,14,1
85.149,hall_mission,9x4.5,pi5,-0.024,-0.008,0.019,-0.003,-0.005,0.007,0.009,0.04,-0.05,94.80,0.0016,0.0004,0.0011,0.0008,1447,0.872,22.2,2.1,2.6,22.6,25.2,1.00,25.14,0.99606,0.595,286.16,25.20,14,1
85.197,hall_mission,9x4.5,pi5,-0.023,-0.008,0.018,-0.003,-0.005,0.007,0.009,0.04,-0.05,94.80,0.0013,0.0007,0.0010,0.0009,1447,0.872,22.2,2.1,2.6,22.6,25.2,1.00,25.14,0.99606,0.595,286.16,25.20,14,1
85.249,hall_mission,9x4.5,pi5,-0.023,-0.008,0.017,-0.002,-0.005,0.006,0.008,0.03,-0.05,94.80,0.0017,0.0003,0.0011,0.0009,1447,0.872,22.2,2.1,2.6,22.6,25.2,1.00,25.14,0.99605,0.596,286.15,25.20,14,1
85.297,hall_mission,9x4.5,pi5,-0.022,-0.007,0.016,-0.001,-0.004,0.006,0.008,0.03,-0.05,94.80,0.0018,0.0002,0.0014,0.0007,1447,0.872,22.2,2.1,2.6,22.6,25.2,1.00,25.14,0.99605,0.596,286.16,25.20,14,1
85.349,hall_mission,9x4.5,pi5,-0.021,-0.007,0.015,-0.001,-0.004,0.006,0.007,0.03,-0.05,94.80,0.0019,0.0001,0.0009,0.0011,1447,0.872,22.2,2.1,2.6,22.6,25.2,1.00,25.14,0.99605,0.596,286.15,25.20,14,1
85.397,hall_mission,9x4.5,pi5,-0.021,-0.007,0.014,-0.000,-0.004,0.006,0.007,0.03,-0.05,94.80,0.0019,0.0001,0.0011,0.0009,1447,0.872,22.2,2.1,2.6,22.6,25.2,1.00,25.14,0.99605,0.597,286.16,25.20,14,1
85.449,hall_mission,9x4.5,pi5,-0.020,-0.007,0.013,-0.000,-0.004,0.006,0.007,0.03,-0.05,94.80,0.0015,0.0005,0.0009,0.0011,1447,0.872,22.2,2.1,2.6,22.6,25.2,1.00,25.14,0.99604,0.597,286.15,25.20,14,1
85.497,hall_mission,9x4.5,pi5,-0.020,-0.007,0.013,0.000,-0.004,0.006,0.007,0.03,-0.05,94.80,0.0015,0.0005,0.0014,0.0007,1447,0.872,22.2,2.1,2.6,22.6,25.2,1.00,25.14,0.99604,0.597,286.15,25.20,14,1
85.549,hall_mission,9x4.5,pi5,-0.019,-0.007,0.012,0.001,-0.004,0.006,0.007,0.03,-0.05,94.80,0.0014,0.0005,0.0015,0.0005,1447,0.872,22.2,2.1,2.6,22.6,25.2,1.00,25.14,0.99604,0.598,286.15,25.20,14,1
85.597,hall_mission,9x4.5,pi5,-0.019,-0.007,0.011,0.001,-0.004,0.005,0.007,0.03,-0.05,94.80,0.0016,0.0004,0.0013,0.0007,1447,0.872,22.2,2.1,2.6,22.6,25.2,1.00,25.14,0.99604,0.598,286.15,25.20,14,1
85.649,hall_mission,9x4.5,pi5,-0.019,-0.007,0.011,0.001,-0.004,0.005,0.006,0.03,-0.05,94.81,0.0017,0.0003,0.0012,0.0009,1447,0.872,22.2,2.1,2.6,22.6,25.2,1.00,25.14,0.99604,0.598,286.15,25.20,14,1
85.697,hall_mission,9x4.5,pi5,-0.019,-0.007,0.010,0.000,-0.004,0.005,0.006,0.04,-0.05,94.81,0.0016,0.0003,0.0012,0.0008,1447,0.872,22.2,2.1,2.6,22.6,25.2,1.00,25.14,0.99603,0.599,286.15,25.20,14,1
85.749,hall_mission,9x4.5,pi5,-0.019,-0.007,0.009,0.000,-0.003,0.004,0.006,0.04,-0.05,94.81,0.0020,0.0000,0.0010,0.0010,1089,0.658,16.8,1.6,1.9,22.6,24.5,0.98,25.14,0.99603,0.599,293.43,25.20,14,1
85.797,hall_mission,9x4.5,pi5,-0.019,-0.007,0.009,0.000,-0.003,0.004,0.005,0.04,-0.05,94.81,0.0018,0.0001,0.0012,0.0008,1447,0.872,22.2,2.1,2.6,22.6,25.2,1.00,25.14,0.99603,0.599,286.15,25.20,14,1
85.849,hall_mission,9x4.5,pi5,-0.019,-0.006,0.008,0.000,-0.003,0.004,0.005,0.04,-0.05,94.81,0.0018,0.0001,0.0012,0.0008,1447,0.872,22.2,2.1,2.6,22.6,25.2,1.00,25.14,0.99603,0.600,286.14,25.20,14,1
85.897,hall_mission,9x4.5,pi5,-0.018,-0.006,0.007,0.000,-0.003,0.003,0.005,0.04,-0.05,94.81,0.0017,0.0003,0.0011,0.0010,1447,0.872,22.2,2.1,2.6,22.6,25.2,1.00,25.14,0.99602,0.600,286.15,25.20,14,1
85.949,hall_mission,9x4.5,pi5,-0.018,-0.006,0.006,0.000,-0.003,0.003,0.004,0.04,-0.06,94.81,0.0018,0.0001,0.0012,0.0008,1447,0.872,22.2,2.1,2.6,22.6,25.2,1.00,25.14,0.99602,0.600,286.14,25.20,14,1
85.997,hall_mission,9x4.5,pi5,-0.018,-0.007,0.005,0.001,-0.003,0.002,0.004,0.04,-0.05,94.81,0.0017,0.0002,0.0014,0.0007,1447,0.872,22.2,2.1,2.6,22.6,25.2,1.00,25.14,0.99602,0.601,286.14,25.20,14,1
86.049,hall_mission,9x4.5,pi5,-0.017,-0.007,0.005,0.001,-0.004,0.002,0.004,0.04,-0.05,94.81,0.0016,0.0003,0.0011,0.0010,1447,0.872,22.2,2.1,2.6,22.6,25.2,1.00,25.14,0.99602,0.601,286.14,25.20,14,1
86.097,hall_mission,9x4.5,pi5,-0.017,-0.007,0.004,0.001,-0.004,0.002,0.004,0.04,-0.05,94.81,0.0015,0.0006,0.0010,0.0009,1447,0.872,22.2,2.1,2.6,22.6,25.2,1.00,25.14,0.99601,0.601,286.14,25.20,14,1
86.149,hall_mission,9x4.5,pi5,-0.016,-0.008,0.003,0.002,-0.004,0.001,0.005,0.04,-0.05,94.80,0.0018,0.0003,0.0012,0.0007,1447,0.872,22.2,2.1,2.6,22.6,25.2,1.00,25.14,0.99601,0.602,286.14,25.20,14,1
86.197,hall_mission,9x4.5,pi5,-0.015,-0.008,0.003,0.002,-0.004,0.001,0.005,0.04,-0.05,94.80,0.0012,0.0009,0.0010,0.0009,1447,0.872,22.2,2.1,2.6,22.6,25.2,1.00,25.14,0.99601,0.602,286.14,25.20,14,1
86.249,hall_mission,9x4.5,pi5,-0.015,-0.008,0.002,0.003,-0.004,0.001,0.005,0.03,-0.05,94.80,0.0015,0.0005,0.0009,0.0011,1447,0.872,22.2,2.1,2.6,22.6,25.2,1.00,25.14,0.99601,0.603,286.14,25.20,14,1
86.297,hall_mission,9x4.5,pi5,-0.014,-0.008,0.002,0.003,-0.004,0.000,0.005,0.03,-0.05,94.81,0.0015,0.0004,0.0009,0.0011,1447,0.872,22.2,2.1,2.6,22.6,25.2,1.00,25.14,0.99601,0.603,286.13,25.20,14,1
86.349,hall_mission,9x4.5,pi5,-0.012,-0.008,0.001,0.004,-0.004,0.000,0.006,0.03,-0.05,94.81,0.0015,0.0005,0.0010,0.0010,1447,0.872,22.2,2.1,2.6,22.6,25.2,1.00,25.14,0.99600,0.603,286.14,25.20,14,1
86.397,hall_mission,9x4.5,pi5,-0.011,-0.007,0.001,0.005,-0.004,0.000,0.006,0.03,-0.05,94.81,0.0017,0.0003,0.0012,0.0007,1447,0.872,22.2,2.1,2.6,22.6,25.2,1.00,25.14,0.99600,0.604,286.13,25.20,14,1
86.449,hall_mission,9x4.5,pi5,-0.009,-0.007,0.000,0.006,-0.003,0.000,0.007,0.03,-0.05,94.81,0.0017,0.0003,0.0010,0.0010,1447,0.872,22.2,2.1,2.6,22.6,25.2,1.00,25.14,0.99600,0.604,286.13,25.20,14,1
86.497,hall_mission,9x4.5,pi5,-0.008,-0.007,0.000,0.007,-0.003,0.000,0.008,0.03,-0.05,94.81,0.0016,0.0003,0.0012,0.0008,1447,0.872,22.2,2.1,2.6,22.6,25.2,1.00,25.14,0.99600,0.604,286.13,25.20,14,1
86.549,hall_mission,9x4.5,pi5,-0.005,-0.006,0.000,0.009,-0.003,0.000,0.009,0.03,-0.05,94.81,0.0016,0.0004,0.0010,0.0011,1447,0.872,22.2,2.1,2.6,22.6,25.2,1.00,25.14,0.99599,0.605,286.13,25.20,14,1
86.597,hall_mission,9x4.5,pi5,-0.004,-0.006,0.001,0.009,-0.003,0.000,0.010,0.03,-0.05,94.81,0.0012,0.0008,0.0014,0.0006,1447,0.872,22.2,2.1,2.6,22.6,25.2,1.00,25.14,0.99599,0.605,286.13,25.20,14,1
86.649,hall_mission,9x4.5,pi5,-0.002,-0.005,0.001,0.011,-0.002,0.000,0.011,0.02,-0.05,94.81,0.0017,0.0003,0.0013,0.0006,1447,0.872,22.2,2.1,2.6,22.6,25.2,1.00,25.14,0.99599,0.605,286.13,25.20,14,1
86.697,hall_mission,9x4.5,pi5,-0.000,-0.005,0.001,0.011,-0.002,0.000,0.012,0.02,-0.05,94.81,0.0018,0.0003,0.0014,0.0005,1447,0.872,22.2,2.1,2.6,22.6,25.2,1.00,25.14,0.99599,0.606,286.13,25.20,14,1
86.749,hall_mission,9x4.5,pi5,0.002,-0.005,0.000,0.012,-0.002,0.000,0.012,0.02,-0.06,94.81,0.0014,0.0006,0.0011,0.0009,1447,0.872,22.2,2.1,2.6,22.6,25.2,1.00,25.14,0.99598,0.606,286.12,25.20,14,1
86.797,hall_mission,9x4.5,pi5,0.003,-0.004,0.000,0.013,-0.002,0.000,0.013,0.02,-0.06,94.81,0.0014,0.0006,0.0014,0.0006,1447,0.872,22.2,2.1,2.6,22.6,25.2,1.00,25.14,0.99598,0.606,286.12,25.20,14,1
86.849,hall_mission,9x4.5,pi5,0.004,-0.003,-0.000,0.013,-0.001,-0.000,0.013,0.02,-0.06,94.81,0.0014,0.0005,0.0014,0.0006,1447,0.872,22.2,2.1,2.6,22.6,25.2,1.00,25.14,0.99598,0.607,286.12,25.20,14,1
86.897,hall_mission,9x4.5,pi5,0.004,-0.003,-0.001,0.013,-0.001,-0.000,0.013,0.02,-0.06,94.81,0.0016,0.0004,0.0015,0.0005,1447,0.872,22.2,2.1,2.6,22.6,25.2,1.00,25.14,0.99598,0.607,286.12,25.20,14,1
86.949,hall_mission,9x4.5,pi5,0.005,-0.001,-0.001,0.013,-0.000,-0.000,0.013,0.02,-0.06,94.81,0.0017,0.0003,0.0011,0.0009,1447,0.872,22.2,2.1,2.6,22.6,25.2,1.00,25.14,0.99597,0.607,286.12,25.20,14,1
86.997,hall_mission,9x4.5,pi5,0.005,-0.000,-0.001,0.012,0.000,-0.000,0.012,0.02,-0.06,94.81,0.0015,0.0005,0.0014,0.0006,1447,0.872,22.2,2.1,2.6,22.6,25.2,1.00,25.14,0.99597,0.608,286.12,25.20,14,1
87.045,hall_mission,9x4.5,pi5,0.005,0.001,-0.000,0.012,0.001,0.000,0.012,0.03,-0.06,94.81,0.0015,0.0005,0.0011,0.0009,1447,0.872,22.2,2.1,2.6,22.6,25.2,1.00,25.14,0.99597,0.608,286.12,25.20,14,1
87.097,hall_mission,9x4.5,pi5,0.005,0.002,-0.000,0.011,0.002,0.000,0.011,0.03,-0.06,94.81,0.0017,0.0002,0.0013,0.0008,1447,0.872,22.2,2.1,2.6,22.6,25.2,1.00,25.14,0.99597,0.608,286.12,25.20,14,1
87.145,hall_mission,9x4.5,pi5,0.005,0.003,-0.000,0.011,0.002,0.000,0.011,0.03,-0.06,94.82,0.0017,0.0003,0.0010,0.0010,1447,0.872,22.2,2.1,2.6,22.6,25.2,1.00,25.14,0.99597,0.609,286.12,25.20,14,1
87.197,hall_mission,9x4.5,pi5,0.004,0.005,-0.000,0.010,0.003,0.001,0.010,0.03,-0.06,94.82,0.0020,0.0000,0.0013,0.0007,1447,0.872,22.2,2.1,2.6,22.6,25.2,1.00,25.14,0.99596,0.609,286.11,25.20,14,1
87.249,hall_mission,9x4.5,pi5,0.003,0.006,-0.001,0.009,0.004,0.001,0.010,0.03,-0.06,94.82,0.0018,0.0001,0.0015,0.0005,1447,0.872,22.2,2.1,2.6,22.6,25.2,1.00,25.14,0.99596,0.610,286.12,25.20,14,1
87.297,hall_mission,9x4.5,pi5,0.003,0.008,-0.001,0.009,0.004,0.001,0.010,0.03,-0.07,94.82,0.0013,0.0007,0.0013,0.0007,1447,0.872,22.2,2.1,2.6,22.6,25.2,1.00,25.14,0.99596,0.610,286.11,25.20,14,1
87.349,hall_mission,9x4.5,pi5,0.002,0.009,-0.002,0.008,0.005,0.000,0.009,0.03,-0.07,94.82,0.0015,0.0005,0.0014,0.0006,1447,0.872,22.2,2.1,2.6,22.6,25.2,1.00,25.14,0.99596,0.610,286.11,25.20,14,1
87.397,hall_mission,9x4.5,pi5,0.001,0.010,-0.002,0.007,0.006,0.001,0.009,0.04,-0.07,94.82,0.0020,0.0000,0.0013,0.0007,1089,0.658,16.8,1.6,1.9,22.6,24.5,0.98,25.14,0.99595,0.611,293.40,25.20,14,1
87.449,hall_mission,9x4.5,pi5,0.001,0.011,-0.002,0.007,0.006,0.000,0.009,0.04,-0.07,94.82,0.0019,0.0001,0.0011,0.0010,1447,0.872,22.2,2.1,2.6,22.6,25.2,1.00,25.14,0.99595,0.611,286.11,25.20,14,1
87.497,hall_mission,9x4.5,pi5,0.001,0.012,-0.003,0.007,0.006,0.000,0.010,0.04,-0.07,94.82,0.0018,0.0002,0.0012,0.0008,1447,0.872,22.2,2.1,2.6,22.6,25.2,1.00,25.14,0.99595,0.611,286.11,25.20,14,1
87.549,hall_mission,9x4.5,pi5,0.001,0.014,-0.003,0.007,0.007,0.000,0.010,0.04,-0.07,94.83,0.0019,0.0001,0.0012,0.0009,1447,0.872,22.2,2.1,2.6,22.6,25.2,1.00,25.14,0.99595,0.612,286.11,25.20,14,1
87.597,hall_mission,9x4.5,pi5,0.001,0.015,-0.003,0.007,0.008,0.000,0.010,0.04,-0.07,94.83,0.0020,0.0000,0.0010,0.0010,1089,0.658,16.8,1.6,1.9,22.6,24.5,0.98,25.14,0.99595,0.612,293.39,25.20,14,1
87.649,hall_mission,9x4.5,pi5,0.002,0.016,-0.004,0.007,0.008,0.000,0.011,0.04,-0.07,94.83,0.0018,0.0002,0.0012,0.0009,1447,0.872,22.2,2.1,2.6,22.6,25.2,1.00,25.14,0.99594,0.612,286.11,25.20,14,1
87.697,hall_mission,9x4.5,pi5,0.002,0.017,-0.004,0.007,0.008,0.000,0.011,0.04,-0.07,94.83,0.0014,0.0004,0.0013,0.0008,1447,0.872,22.2,2.1,2.6,22.6,25.2,1.00,25.14,0.99594,0.613,286.10,25.20,14,1
87.749,hall_mission,9x4.5,pi5,0.002,0.018,-0.005,0.007,0.009,-0.000,0.011,0.04,-0.07,94.83,0.0019,0.0001,0.0011,0.0010,1447,0.872,22.2,2.1,2.6,22.6,25.2,1.00,25.14,0.99594,0.613,286.11,25.20,14,1
87.797,hall_mission,9x4.5,pi5,0.002,0.018,-0.005,0.007,0.009,-0.001,0.011,0.04,-0.07,94.83,0.0020,0.0000,0.0013,0.0006,1447,0.872,22.2,2.1,2.6,22.6,25.2,1.00,25.14,0.99594,0.613,286.10,25.20,14,1
87.849,hall_mission,9x4.5,pi5,0.003,0.019,-0.006,0.007,0.009,-0.001,0.012,0.04,-0.07,94.83,0.0020,0.0001,0.0010,0.0008,1447,0.872,22.2,2.1,2.6,22.6,25.2,1.00,25.14,0.99593,0.614,286.10,25.20,14,1
87.897,hall_mission,9x4.5,pi5,0.003,0.020,-0.007,0.007,0.009,-0.001,0.012,0.04,-0.07,94.83,0.0016,0.0005,0.0011,0.0008,1447,0.872,22.2,2.1,2.6,22.6,25.2,1.00,25.14,0.99593,0.614,286.10,25.20,14,1
87.949,hall_mission,9x4.5,pi5,0.004,0.021,-0.008,0.008,0.010,-0.002,0.012,0.04,-0.07,94.83,0.0018,0.0003,0.0012,0.0007,1447,0.872,22.2,2.1,2.6,22.6,25.2,1.00,25.14,0.99593,0.614,286.10,25.20,14,1
87.997,hall_mission,9x4.5,pi5,0.004,0.021,-0.009,0.008,0.010,-0.002,0.013,0.04,-0.07,94.83,0.0015,0.0005,0.0012,0.0007,1447,0.872,22.2,2.1,2.6,22.6,25.2,1.00,25.14,0.99593,0.615,286.10,25.20,14,1
88.049,hall_mission,9x4.5,pi5,0.004,0.021,-0.010,0.008,0.010,-0.002,0.013,0.04,-0.07,94.83,0.0020,0.0000,0.0015,0.0005,1089,0.658,16.8,1.6,1.9,22.6,24.5,0.98,25.14,0.99592,0.615,293.38,25.20,14,1
88.097,hall_mission,9x4.5,pi5,0.005,0.022,-0.011,0.008,0.009,-0.003,0.013,0.04,-0.07,94.83,0.0018,0.0001,0.0012,0.0009,1447,0.872,22.2,2.1,2.6,22.6,25.2,1.00,25.14,0.99592,0.615,286.10,25.20,14,1
88.149,hall_mission,9x4.5,pi5,0.006,0.022,-0.012,0.009,0.009,-0.003,0.013,0.03,-0.07,94.82,0.0017,0.0003,0.0010,0.0009,1447,0.872,22.2,2.1,2.6,22.6,25.2,1.00,25.14,0.99592,0.616,286.10,25.20,14,1
88.197,hall_mission,9x4.5,pi5,0.006,0.022,-0.013,0.009,0.009,-0.003,0.013,0.03,-0.07,94.82,0.0018,0.0002,0.0009,0.0010,1447,0.872,22.2,2.1,2.6,22.6,25.2,1.00,25.14,0.99592,0.616,286.09,25.20,14,1
88.245,hall_mission,9x4.5,pi5,0.006,0.022,-0.014,0.009,0.008,-0.003,0.013,0.03,-0.07,94.82,0.0017,0.0003,0.0013,0.0007,1447,0.872,22.2,2.1,2.6,22.6,25.2,1.00,25.14,0.99592,0.616,286.10,25.20,14,1
88.297,hall_mission,9x4.5,pi5,0.007,0.022,-0.015,0.009,0.008,-0.004,0.013,0.03,-0.07,94.82,0.0016,0.0004,0.0012,0.0008,1447,0.872,22.2,2.1,2.6,22.6,25.2,1.00,25.14,0.99591,0.617,286.09,25.20,14,1
88.349,hall_mission,9x4.5,pi5,0.007,0.022,-0.016,0.009,0.008,-0.004,0.013,0.03,-0.06,94.82,0.0017,0.0003,0.0014,0.0006,1447,0.872,22.2,2.1,2.6,22.6,25.2,1.00,25.14,0.99591,0.617,286.09,25.20,14,1
88.397,hall_mission,9x4.5,pi5,0.008,0.022,-0.017,0.009,0.008,-0.004,0.013,0.04,-0.06,94.82,0.0019,0.0002,0.0012,0.0006,1447,0.872,22.2,2.1,2.6,22.6,25.2,1.00,25.14,0.99591,0.618,286.09,25.20,14,1
88.445,hall_mission,9x4.5,pi5,0.009,0.022,-0.018,0.009,0.007,-0.004,0.012,0.03,-0.06,94.82,0.0019,0.0001,0.0016,0.0004,1447,0.872,22.2,2.1,2.6,22.6,25.2,1.00,25.14,0.99591,0.618,286.08,25.20,14,1
88.497,hall_mission,9x4.5,pi5,0.009,0.022,-0.019,0.009,0.007,-0.004,0.012,0.04,-0.06,94.82,0.0017,0.0002,0.0015,0.0005,1447,0.872,22.2,2.1,2.6,22.6,25.2,1.00,25.14,0.99590,0.618,286.09,25.20,14,1
88.549,hall_mission,9x4.5,pi5,0.010,0.022,-0.020,0.009,0.007,-0.005,0.012,0.04,-0.06,94.82,0.0014,0.0005,0.0014,0.0006,1447,0.872,22.2,2.1,2.6,22.6,25.2,1.00,25.14,0.99590,0.619,286.09,25.20,14,1
88.597,hall_mission,9x4.5,pi5,0.010,0.022,-0.020,0.008,0.007,-0.005,0.012,0.04,-0.06,94.82,0.0018,0.0002,0.0013,0.0007,1447,0.872,22.2,2.1,2.6,22.6,25.2,1.00,25.14,0.99590,0.619,286.09,25.20,14,1
88.649,hall_mission,9x4.5,pi5,0.010,0.022,-0.021,0.008,0.007,-0.005,0.012,0.04,-0.06,94.82,0.0016,0.0004,0.0014,0.0006,1447,0.872,22.2,2.1,2.6,22.6,25.2,1.00,25.14,0.99590,0.619,286.08,25.20,14,1
88.661,hall_mission,9x4.5,pi5,0.010,0.022,-0.021,0.008,0.007,-0.005,0.012,0.04,-0.06,94.82,0.0017,0.0003,0.0011,0.0009,1447,0.872,22.2,2.1,2.6,22.6,25.2,1.00,25.14,0.99590,0.619,286.08,25.20,14,1
88.709,hall_mission,9x4.5,pi5,0.011,0.022,-0.022,0.008,0.006,-0.005,0.011,0.04,-0.06,94.82,0.0017,0.0004,0.0015,0.0005,1447,0.872,22.2,2.1,2.6,22.6,25.2,1.00,25.14,0.99589,0.620,286.09,25.20,14,1
88.761,hall_mission,9x4.5,pi5,0.011,0.021,-0.023,0.008,0.006,-0.005,0.011,0.04,-0.06,94.82,0.0018,0.0002,0.0010,0.0010,1447,0.872,22.2,2.1,2.6,22.6,25.2,1.00,25.14,0.99589,0.620,286.08,25.20,14,1
88.809,hall_mission,9x4.5,pi5,0.012,0.021,-0.024,0.007,0.006,-0.006,0.011,0.04,-0.06,94.82,0.0015,0.0005,0.0014,0.0005,1447,0.872,22.2,2.1,2.6,22.6,25.2,1.00,25.14,0.99589,0.620,286.08,25.20,14,1
88.861,hall_mission,9x4.5,pi5,0.012,0.021,-0.025,0.008,0.006,-0.006,0.011,0.04,-0.06,94.82,0.0016,0.0004,0.0012,0.0008,1447,0.872,22.2,2.1,2.6,22.6,25.2,1.00,25.14,0.99589,0.621,286.08,25.20,14,1
88.909,hall_mission,9x4.5,pi5,0.013,0.020,-0.026,0.008,0.005,-0.006,0.011,0.04,-0.06,94.82,0.0016,0.0004,0.0008,0.0012,1447,0.872,22.2,2.1,2.6,22.6,25.2,1.00,25.14,0.99588,0.621,286.08,25.20,14,1
88.961,hall_mission,9x4.5,pi5,0.014,0.019,-0.027,0.008,0.005,-0.006,0.011,0.04,-0.06,94.82,0.0015,0.0006,0.0007,0.0012,1447,0.872,22.2,2.1,2.6,22.6,25.2,1.00,25.14,0.99588,0.621,286.08,25.20,14,1
89.009,hall_mission,9x4.5,pi5,0.014,0.018,-0.028,0.008,0.004,-0.007,0.011,0.04,-0.06,94.82,0.0014,0.0006,0.0007,0.0013,1447,0.872,22.2,2.1,2.6,22.6,25.2,1.00,25.14,0.99588,0.622,286.08,25.20,14,1
89.061,hall_mission,9x4.5,pi5,0.015,0.018,-0.029,0.008,0.004,-0.007,0.011,0.04,-0.06,94.82,0.0013,0.0006,0.0012,0.0009,1447,0.872,22.2,2.1,2.6,22.6,25.2,1.00,25.14,0.99588,0.622,286.08,25.20,14,1
89.109,hall_mission,9x4.5,pi5,0.015,0.016,-0.032,0.007,0.003,-0.008,0.011,0.04,-0.06,94.82,0.0019,0.0001,0.0010,0.0010,1447,0.872,22.2,2.1,2.6,22.6,25.2,1.00,25.14,0.99587,0.623,286.08,25.20,14,1
89.161,hall_mission,9x4.5,pi5,0.015,0.016,-0.033,0.007,0.003,-0.009,0.012,0.04,-0.05,94.82,0.0018,0.0002,0.0007,0.0013,1447,0.872,22.2,2.1,2.6,22.6,25.2,1.00,25.14,0.99587,0.623,286.08,25.20,14,1
89.209,hall_mission,9x4.5,pi5,0.014,0.014,-0.035,0.007,0.002,-0.009,0.012,0.04,-0.05,94.82,0.0016,0.0004,0.0012,0.0009,1447,0.872,22.2,2.1,2.6,22.6,25.2,1.00,25.14,0.99587,0.623,286.07,25.20,14,1
89.261,hall_mission,9x4.5,pi5,0.014,0.014,-0.036,0.007,0.002,-0.010,0.012,0.04,-0.05,94.82,0.0015,0.0005,0.0014,0.0007,1447,0.872,22.2,2.1,2.6,22.6,25.2,1.00,25.14,0.99587,0.624,286.07,25.20,14,1
89.309,hall_mission,9x4.5,pi5,0.014,0.013,-0.038,0.006,0.001,-0.010,0.012,0.05,-0.05,94.82,0.0017,0.0004,0.0006,0.0013,1447,0.872,22.2,2.1,2.6,22.6,25.2,1.00,25.14,0.99587,0.624,286.07,25.20,14,1
89.361,hall_mission,9x4.5,pi5,0.014,0.012,-0.039,0.006,0.001,-0.011,0.012,0.05,-0.05,94.82,0.0016,0.0005,0.0007,0.0012,1447,0.872,22.2,2.1,2.6,22.6,25.2,1.00,25.14,0.99586,0.624,286.07,25.20,14,1
89.409,hall_mission,9x4.5,pi5,0.014,0.012,-0.041,0.006,0.001,-0.011,0.012,0.05,-0.05,94.82,0.0019,0.0002,0.0010,0.0008,1447,0.872,22.2,2.1,2.6,22.6,25.2,1.00,25.14,0.99586,0.625,286.07,25.20,14,1
89.457,hall_mission,9x4.5,pi5,0.013,0.011,-0.042,0.006,0.000,-0.011,0.013,0.05,-0.05,94.82,0.0015,0.0006,0.0012,0.0008,1447,0.872,22.2,2.1,2.6,22.6,25.2,1.00,25.14,0.99586,0.625,286.07,25.20,14,1
89.509,hall_mission,9x4.5,pi5,0.013,0.010,-0.043,0.005,-0.000,-0.012,0.013,0.05,-0.05,94.81,0.0020,0.0002,0.0009,0.0010,1447,0.872,22.2,2.1,2.6,22.6,25.2,1.00,25.14,0.99586,0.625,286.07,25.20,14,1
89.561,hall_mission,9x4.5,pi5,0.013,0.009,-0.044,0.005,-0.001,-0.012,0.013,0.05,-0.05,94.82,0.0017,0.0004,0.0013,0.0007,1447,0.872,22.2,2.1,2.6,22.6,25.2,1.00,25.14,0.99585,0.626,286.06,25.20,14,1
89.609,hall_mission,9x4.5,pi5,0.012,0.008,-0.045,0.005,-0.001,-0.012,0.013,0.05,-0.05,94.82,0.0017,0.0003,0.0011,0.0009,1447,0.872,22.2,2.1,2.6,22.6,25.2,1.00,25.14,0.99585,0.626,286.06,25.20,14,1
89.661,hall_mission,9x4.5,pi5,0.012,0.008,-0.046,0.005,-0.002,-0.012,0.013,0.05,-0.05,94.81,0.0019,0.0002,0.0011,0.0009,1447,0.872,22.2,2.1,2.6,22.6,25.2,1.00,25.14,0.99585,0.626,286.06,25.20,14,1
89.709,hall_mission,9x4.5,pi5,0.011,0.007,-0.047,0.004,-0.002,-0.012,0.013,0.05,-0.05,94.81,0.0020,0.0000,0.0014,0.0006,1447,0.872,22.2,2.1,2.6,22.6,25.2,1.00,25.14,0.99585,0.627,286.05,25.20,14,1
89.761,hall_mission,9x4.5,pi5,0.010,0.006,-0.047,0.003,-0.002,-0.012,0.013,0.05,-0.05,94.81,0.0017,0.0004,0.0010,0.0010,1447,0.872,22.2,2.1,2.6,22.6,25.2,1.00,25.14,0.99584,0.627,286.06,25.20,14,1
89.809,hall_mission,9x4.5,pi5,0.010,0.006,-0.048,0.003,-0.003,-0.012,0.013,0.05,-0.05,94.81,0.0015,0.0005,0.0010,0.0009,1447,0.872,22.2,2.1,2.6,22.6,25.2,1.00,25.14,0.99584,0.627,286.06,25.20,14,1
89.861,hall_mission,9x4.5,pi5,0.009,0.005,-0.049,0.003,-0.003,-0.012,0.013,0.05,-0.05,94.81,0.0016,0.0005,0.0013,0.0007,1447,0.872,22.2,2.1,2.6,22.6,25.2,1.00,25.14,0.99584,0.628,286.06,25.20,14,1
89.909,hall_mission,9x4.5,pi5,0.008,0.004,-0.049,0.002,-0.003,-0.012,0.013,0.05,-0.05,94.81,0.0017,0.0003,0.0011,0.0009,1447,0.872,22.2,2.1,2.6,22.6,25.2,1.00,25.14,0.99584,0.628,286.06,25.20,14,1
89.961,hall_mission,9x4.5,pi5,0.008,0.004,-0.050,0.001,-0.003,-0.012,0.013,0.05,-0.05,94.81,0.0018,0.0002,0.0013,0.0007,1447,0.872,22.2,2.1,2.6,22.6,25.2,1.00,25.13,0.99584,0.628,286.06,25.20,14,1
90.009,hall_mission,9x4.5,pi5,0.007,0.003,-0.050,0.001,-0.004,-0.012,0.013,0.05,-0.05,94.81,0.0019,0.0001,0.0013,0.0007,1447,0.872,22.2,2.1,2.6,22.6,25.2,1.00,25.13,0.99583,0.629,286.06,25.20,14,1
90.061,hall_mission,9x4.5,pi5,0.006,0.002,-0.051,0.000,-0.004,-0.013,0.013,0.05,-0.05,94.82,0.0020,0.0000,0.0013,0.0007,1089,0.658,16.8,1.6,1.9,22.6,24.5,0.98,25.14,0.99583,0.629,293.34,25.20,14,1
90.109,hall_mission,9x4.5,pi5,0.004,0.001,-0.051,-0.000,-0.004,-0.012,0.013,0.06,-0.05,94.82,0.0013,0.0006,0.0011,0.0010,1447,0.872,22.2,2.1,2.6,22.6,25.2,1.00,25.13,0.99583,0.630,286.05,25.20,14,1
90.161,hall_mission,9x4.5,pi5,0.004,-0.000,-0.051,-0.001,-0.005,-0.013,0.014,0.06,-0.05,94.82,0.0017,0.0003,0.0012,0.0009,1447,0.872,22.2,2.1,2.6,22.6,25.2,1.00,25.13,0.99583,0.630,286.05,25.20,14,1
90.209,hall_mission,9x4.5,pi5,0.002,-0.002,-0.052,-0.002,-0.006,-0.013,0.014,0.06,-0.05,94.82,0.0020,0.0000,0.0009,0.0011,1447,0.872,22.2,2.1,2.6,22.6,25.2,1.00,25.13,0.99582,0.630,286.05,25.20,14,1
90.261,hall_mission,9x4.5,pi5,0.002,-0.002,-0.052,-0.002,-0.006,-0.013,0.014,0.06,-0.05,94.82,0.0018,0.0002,0.0007,0.0013,1447,0.872,22.2,2.1,2.6,22.6,25.2,1.00,25.13,0.99582,0.631,286.05,25.20,14,1
90.309,hall_mission,9x4.5,pi5,0.000,-0.004,-0.052,-0.003,-0.006,-0.013,0.015,0.06,-0.05,94.82,0.0016,0.0003,0.0007,0.0014,1447,0.872,22.2,2.1,2.6,22.6,25.2,1.00,25.13,0.99582,0.631,286.05,25.20,14,1
90.361,hall_mission,9x4.5,pi5,-0.001,-0.004,-0.052,-0.004,-0.006,-0.013,0.015,0.06,-0.05,94.81,0.0020,0.0001,0.0008,0.0011,1447,0.872,22.2,2.1,2.6,22.6,25.2,1.00,25.13,0.99582,0.631,286.05,25.20,14,1
90.409,hall_mission,9x4.5,pi5,-0.002,-0.005,-0.052,-0.005,-0.006,-0.013,0.015,0.06,-0.05,94.81,0.0018,0.0003,0.0008,0.0012,1447,0.872,22.2,2.1,2.6,22.6,25.2,1.00,25.13,0.99581,0.632,286.05,25.20,14,1
90.461,hall_mission,9x4.5,pi5,-0.003,-0.005,-0.052,-0.006,-0.006,-0.012,0.015,0.06,-0.05,94.81,0.0019,0.0001,0.0011,0.0009,1447,0.872,22.2,2.1,2.6,22.6,25.2,1.00,25.13,0.99581,0.632,286.05,25.20,14,1
90.509,hall_mission,9x4.5,pi5,-0.005,-0.006,-0.052,-0.007,-0.006,-0.012,0.015,0.06,-0.05,94.81,0.0017,0.0004,0.0010,0.0010,1447,0.872,22.2,2.1,2.6,22.6,25.2,1.00,25.13,0.99581,0.632,286.05,25.20,14,1
90.557,hall_mission,9x4.5,pi5,-0.006,-0.006,-0.052,-0.008,-0.006,-0.012,0.015,0.07,-0.05,94.81,0.0018,0.0003,0.0009,0.0010,1447,0.872,22.2,2.1,2.6,22.6,25.2,1.00,25.13,0.99581,0.633,286.04,25.20,14,1
90.609,hall_mission,9x4.5,pi5,-0.007,-0.006,-0.051,-0.009,-0.005,-0.012,0.015,0.07,-0.05,94.81,0.0020,0.0000,0.0008,0.0012,1089,0.658,16.8,1.6,1.9,22.6,24.5,0.98,25.14,0.99581,0.633,293.32,25.20,14,1
90.661,hall_mission,9x4.5,pi5,-0.008,-0.006,-0.051,-0.009,-0.005,-0.012,0.016,0.07,-0.05,94.81,0.0017,0.0003,0.0008,0.0012,1447,0.872,22.2,2.1,2.6,22.6,25.2,1.00,25.13,0.99580,0.633,286.04,25.20,14,1
90.709,hall_mission,9x4.5,pi5,-0.010,-0.006,-0.051,-0.010,-0.004,-0.011,0.016,0.07,-0.05,94.81,0.0019,0.0001,0.0011,0.0009,1447,0.872,22.2,2.1,2.6,22.6,25.2,1.00,25.13,0.99580,0.634,286.04,25.20,14,1
90.761,hall_mission,9x4.5,pi5,-0.011,-0.005,-0.051,-0.011,-0.003,-0.011,0.016,0.07,-0.05,94.81,0.0018,0.0001,0.0006,0.0014,1447,0.872,22.2,2.1,2.6,22.6,25.2,1.00,25.13,0.99580,0.634,286.04,25.20,14,1
90.809,hall_mission,9x4.5,pi5,-0.013,-0.005,-0.051,-0.012,-0.003,-0.011,0.017,0.07,-0.06,94.81,0.0018,0.0002,0.0008,0.0012,1447,0.872,22.2,2.1,2.6,22.6,25.2,1.00,25.13,0.99580,0.634,286.04,25.20,14,1
90.861,hall_mission,9x4.5,pi5,-0.014,-0.005,-0.051,-0.013,-0.002,-0.011,0.017,0.07,-0.06,94.81,0.0019,0.0000,0.0010,0.0011,1447,0.872,22.2,2.1,2.6,22.6,25.2,1.00,25.13,0.99579,0.635,286.04,25.20,14,1
90.909,hall_mission,9x4.5,pi5,-0.015,-0.004,-0.051,-0.013,-0.001,-0.011,0.018,0.07,-0.06,94.81,0.0020,0.0000,0.0009,0.0011,1089,0.658,16.8,1.6,1.9,22.6,24.5,0.98,25.14,0.99579,0.635,293.32,25.20,14,1
90.961,hall_mission,9x4.5,pi5,-0.015,-0.004,-0.051,-0.014,-0.001,-0.011,0.018,0.07,-0.06,94.81,0.0018,0.0001,0.0009,0.0012,1447,0.872,22.2,2.1,2.6,22.6,25.2,1.00,25.13,0.99579,0.635,286.04,25.20,14,1
91.009,hall_mission,9x4.5,pi5,-0.016,-0.004,-0.052,-0.014,-0.001,-0.011,0.018,0.07,-0.06,94.81,0.0020,0.0000,0.0012,0.0008,1447,0.872,22.2,2.1,2.6,22.6,25.2,1.00,25.13,0.99579,0.636,286.04,25.20,14,1
91.061,hall_mission,9x4.5,pi5,-0.017,-0.004,-0.052,-0.014,-0.001,-0.011,0.018,0.07,-0.06,94.81,0.0020,0.0000,0.0010,0.0009,1447,0.872,22.2,2.1,2.6,22.6,25.2,1.00,25.13,0.99578,0.636,286.04,25.20,14,1
91.109,hall_mission,9x4.5,pi5,-0.017,-0.004,-0.051,-0.014,-0.000,-0.011,0.018,0.07,-0.06,94.81,0.0020,0.0000,0.0012,0.0008,1089,0.658,16.8,1.6,1.9,22.6,24.5,0.98,25.14,0.99578,0.636,293.31,25.20,14,1
91.157,hall_mission,9x4.5,pi5,-0.017,-0.004,-0.051,-0.014,0.000,-0.011,0.018,0.07,-0.06,94.81,0.0019,0.0001,0.0010,0.0010,1447,0.872,22.2,2.1,2.6,22.6,25.2,1.00,25.13,0.99578,0.637,286.03,25.20,14,1
91.209,hall_mission,9x4.5,pi5,-0.017,-0.003,-0.051,-0.014,0.000,-0.011,0.017,0.07,-0.06,94.80,0.0020,0.0000,0.0013,0.0006,1447,0.872,22.2,2.1,2.6,22.6,25.2,1.00,25.13,0.99578,0.637,286.02,25.20,14,1
91.261,hall_mission,9x4.5,pi5,-0.017,-0.003,-0.051,-0.014,0.001,-0.011,0.017,0.07,-0.06,94.81,0.0020,0.0000,0.0010,0.0010,1447,0.872,22.2,2.1,2.6,22.6,25.2,1.00,25.13,0.99578,0.638,286.03,25.20,14,1
91.309,hall_mission,9x4.5,pi5,-0.016,-0.002,-0.050,-0.013,0.001,-0.010,0.017,0.07,-0.06,94.80,0.0018,0.0002,0.0008,0.0011,1447,0.872,22.2,2.1,2.6,22.6,25.2,1.00,25.13,0.99577,0.638,286.03,25.20,14,1
91.361,hall_mission,9x4.5,pi5,-0.016,-0.002,-0.049,-0.013,0.002,-0.010,0.016,0.07,-0.06,94.80,0.0021,0.0001,0.0009,0.0010,1447,0.872,22.2,2.1,2.6,22.6,25.2,1.00,25.13,0.99577,0.638,286.03,25.20,14,1
91.409,hall_mission,9x4.5,pi5,-0.015,-0.001,-0.048,-0.012,0.002,-0.010,0.016,0.07,-0.06,94.80,0.0020,0.0000,0.0012,0.0008,1447,0.872,22.2,2.1,2.6,22.6,25.2,1.00,25.13,0.99577,0.639,286.03,25.20,14,1
91.461,hall_mission,9x4.5,pi5,-0.015,-0.001,-0.048,-0.012,0.003,-0.009,0.015,0.06,-0.06,94.80,0.0020,0.0000,0.0012,0.0007,1447,0.872,22.2,2.1,2.6,22.6,25.2,1.00,25.13,0.99577,0.639,286.03,25.20,14,1
91.509,hall_mission,9x4.5,pi5,-0.014,-0.000,-0.047,-0.011,0.003,-0.009,0.014,0.06,-0.06,94.80,0.0019,0.0002,0.0007,0.0012,1447,0.872,22.2,2.1,2.6,22.6,25.2,1.00,25.13,0.99576,0.639,286.03,25.20,14,1
91.561,hall_mission,9x4.5,pi5,-0.013,-0.000,-0.047,-0.010,0.003,-0.009,0.014,0.06,-0.06,94.80,0.0019,0.0002,0.0007,0.0012,1447,0.872,22.2,2.1,2.6,22.6,25.2,1.00,25.13,0.99576,0.640,286.02,25.20,14,1
91.609,hall_mission,9x4.5,pi5,-0.012,0.000,-0.046,-0.009,0.003,-0.008,0.013,0.06,-0.06,94.80,0.0019,0.0001,0.0008,0.0011,1447,0.872,22.2,2.1,2.6,22.6,25.2,1.00,25.13,0.99576,0.640,286.02,25.20,14,1
91.661,hall_mission,9x4.5,pi5,-0.011,0.001,-0.045,-0.008,0.003,-0.008,0.012,0.06,-0.06,94.80,0.0018,0.0002,0.0012,0.0007,1447,0.872,22.2,2.1,2.6,22.6,25.2,1.00,25.13,0.99576,0.640,286.02,25.20,14,1
91.709,hall_mission,9x4.5,pi5,-0.009,0.001,-0.045,-0.007,0.004,-0.008,0.011,0.06,-0.06,94.80,0.0018,0.0002,0.0009,0.0011,1447,0.872,22.2,2.1,2.6,22.6,25.2,1.00,25.13,0.99575,0.641,286.02,25.20,14,1
91.757,hall_mission,9x4.5,pi5,-0.008,0.001,-0.045,-0.006,0.004,-0.008,0.010,0.05,-0.06,94.80,0.0018,0.0003,0.0012,0.0008,1447,0.872,22.2,2.1,2.6,22.6,25.2,1.00,25.13,0.99575,0.641,286.02,25.20,14,1
91.809,hall_mission,9x4.5,pi5,-0.006,0.002,-0.044,-0.005,0.004,-0.007,0.009,0.05,-0.06,94.80,0.0017,0.0003,0.0010,0.0010,1447,0.872,22.2,2.1,2.6,22.6,25.2,1.00,25.13,0.99575,0.641,286.02,25.20,14,1
91.861,hall_mission,9x4.5,pi5,-0.005,0.002,-0.044,-0.004,0.004,-0.007,0.009,0.05,-0.06,94.80,0.0017,0.0002,0.0014,0.0007,1447,0.872,22.2,2.1,2.6,22.6,25.2,1.00,25.13,0.99575,0.642,286.02,25.20,14,1
91.909,hall_mission,9x4.5,pi5,-0.003,0.002,-0.044,-0.003,0.004,-0.007,0.008,0.05,-0.06,94.80,0.0017,0.0003,0.0010,0.0010,1447,0.872,22.2,2.1,2.6,22.6,25.2,1.00,25.13,0.99575,0.642,286.01,25.20,14,1
91.961,hall_mission,9x4.5,pi5,-0.002,0.002,-0.044,-0.002,0.003,-0.006,0.008,0.05,-0.06,94.80,0.0020,0.0000,0.0011,0.0009,1447,0.872,22.2,2.1,2.6,22.6,25.2,1.00,25.13,0.99574,0.642,286.02,25.20,14,1
92.009,hall_mission,9x4.5,pi5,-0.001,0.001,-0.044,-0.001,0.003,-0.006,0.007,0.05,-0.06,94.80,0.0017,0.0003,0.0012,0.0008,1447,0.872,22.2,2.1,2.6,22.6,25.2,1.00,25.13,0.99574,0.643,286.01,25.20,14,1
92.061,hall_mission,9x4.5,pi5,-0.001,0.001,-0.044,-0.001,0.002,-0.006,0.007,0.05,-0.06,94.80,0.0014,0.0006,0.0013,0.0006,1447,0.872,22.2,2.1,2.6,22.6,25.2,1.00,25.13,0.99574,0.643,286.01,25.20,14,1
92.109,hall_mission,9x4.5,pi5,-0.000,0.000,-0.044,-0.001,0.001,-0.006,0.006,0.05,-0.06,94.80,0.0020,0.0001,0.0011,0.0008,1447,0.872,22.2,2.1,2.6,22.6,25.2,1.00,25.13,0.99574,0.643,286.01,25.20,14,1
92.161,hall_mission,9x4.5,pi5,-0.000,-0.001,-0.044,-0.001,0.001,-0.006,0.006,0.05,-0.06,94.80,0.0017,0.0003,0.0010,0.0010,1447,0.872,22.2,2.1,2.6,22.6,25.2,1.00,25.13,0.99573,0.644,286.01,25.20,14,1
92.209,hall_mission,9x4.5,pi5,-0.001,-0.001,-0.044,-0.001,0.000,-0.006,0.006,0.05,-0.05,94.80,0.0019,0.0001,0.0008,0.0012,1447,0.872,22.2,2.1,2.6,22.6,25.2,1.00,25.13,0.99573,0.644,286.01,25.20,14,1
92.261,hall_mission,9x4.5,pi5,-0.001,-0.002,-0.044,-0.002,-0.000,-0.005,0.006,0.05,-0.05,94.81,0.0020,0.0000,0.0012,0.0008,1447,0.872,22.2,2.1,2.6,22.6,25.2,1.00,25.13,0.99573,0.645,286.01,25.20,14,1
92.309,hall_mission,9x4.5,pi5,-0.002,-0.003,-0.044,-0.002,-0.001,-0.005,0.006,0.05,-0.05,94.80,0.0020,0.0000,0.0011,0.0009,1447,0.872,22.2,2.1,2.6,22.6,25.2,1.00,25.13,0.99573,0.645,286.01,25.20,14,1
92.361,hall_mission,9x4.5,pi5,-0.002,-0.003,-0.044,-0.002,-0.001,-0.005,0.006,0.05,-0.05,94.81,0.0017,0.0003,0.0008,0.0012,1447,0.872,22.2,2.1,2.6,22.6,25.2,1.00,25.13,0.99572,0.645,286.00,25.20,14,1
92.409,hall_mission,9x4.5,pi5,-0.003,-0.003,-0.044,-0.002,-0.002,-0.005,0.006,0.05,-0.05,94.81,0.0017,0.0002,0.0007,0.0014,1447,0.872,22.2,2.1,2.6,22.6,25.2,1.00,25.13,0.99572,0.646,286.01,25.20,14,1
92.461,hall_mission,9x4.5,pi5,-0.003,-0.004,-0.044,-0.002,-0.002,-0.005,0.005,0.05,-0.05,94.81,0.0016,0.0004,0.0012,0.0009,1447,0.872,22.2,2.1,2.6,22.6,25.2,1.00,25.13,0.99572,0.646,286.00,25.20,14,1
92.509,hall_mission,9x4.5,pi5,-0.003,-0.004,-0.043,-0.003,-0.002,-0.004,0.005,0.05,-0.05,94.81,0.0020,0.0000,0.0011,0.0009,1447,0.872,22.2,2.1,2.6,22.6,25.2,1.00,25.13,0.99572,0.646,286.01,25.20,14,1
92.561,hall_mission,9x4.5,pi5,-0.004,-0.005,-0.043,-0.003,-0.002,-0.004,0.005,0.05,-0.05,94.80,0.0018,0.0003,0.0009,0.0009,1447,0.872,22.2,2.1,2.6,22.6,25.2,1.00,25.13,0.99572,0.647,286.00,25.20,14,1
92.609,hall_mission,9x4.5,pi5,-0.004,-0.005,-0.043,-0.003,-0.002,-0.004,0.005,0.05,-0.05,94.80,0.0018,0.0003,0.0008,0.0011,1447,0.872,22.2,2.1,2.6,22.6,25.2,1.00,25.13,0.99571,0.647,286.00,25.20,14,1
92.661,hall_mission,9x4.5,pi5,-0.004,-0.005,-0.042,-0.002,-0.002,-0.003,0.005,0.05,-0.05,94.80,0.0018,0.0003,0.0010,0.0009,1447,0.872,22.2,2.1,2.6,22.6,25.2,1.00,25.13,0.99571,0.647,286.00,25.20,14,1
92.709,hall_mission,9x4.5,pi5,-0.004,-0.005,-0.042,-0.003,-0.002,-0.003,0.005,0.05,-0.05,94.80,0.0019,0.0002,0.0008,0.0011,1447,0.872,22.2,2.1,2.6,22.6,25.2,1.00,25.13,0.99571,0.648,286.00,25.20,14,1
92.761,hall_mission,9x4.5,pi5,-0.005,-0.005,-0.041,-0.002,-0.002,-0.003,0.004,0.05,-0.05,94.80,0.0018,0.0003,0.0011,0.0008,1447,0.872,22.2,2.1,2.6,22.6,25.2,1.00,25.13,0.99571,0.648,286.00,25.20,14,1
92.809,hall_mission,9x4.5,pi5,-0.005,-0.005,-0.041,-0.003,-0.002,-0.003,0.004,0.05,-0.05,94.80,0.0018,0.0002,0.0010,0.0010,1447,0.872,22.2,2.1,2.6,22.6,25.2,1.00,25.13,0.99570,0.648,286.00,25.20,14,1
92.861,hall_mission,9x4.5,pi5,-0.005,-0.005,-0.040,-0.003,-0.001,-0.003,0.004,0.05,-0.06,94.80,0.0018,0.0002,0.0010,0.0010,1447,0.872,22.2,2.1,2.6,22.6,25.2,1.00,25.13,0.99570,0.649,286.00,25.20,14,1
92.909,hall_mission,9x4.5,pi5,-0.006,-0.005,-0.040,-0.003,-0.001,-0.003,0.004,0.05,-0.06,94.80,0.0017,0.0004,0.0009,0.0010,1447,0.872,22.2,2.1,2.6,22.6,25.2,1.00,25.13,0.99570,0.649,285.99,25.20,14,1
92.961,hall_mission,9x4.5,pi5,-0.006,-0.005,-0.039,-0.003,-0.001,-0.003,0.004,0.05,-0.05,94.80,0.0018,0.0002,0.0014,0.0006,1447,0.872,22.2,2.1,2.6,22.6,25.2,1.00,25.13,0.99570,0.649,286.00,25.20,14,1
93.009,hall_mission,9x4.5,pi5,-0.006,-0.005,-0.039,-0.004,-0.001,-0.002,0.004,0.05,-0.06,94.80,0.0020,0.0000,0.0010,0.0009,1447,0.872,22.2,2.1,2.6,22.6,25.2,1.00,25.13,0.99569,0.650,285.99,25.20,14,1
93.061,hall_mission,9x4.5,pi5,-0.006,-0.005,-0.038,-0.004,-0.001,-0.002,0.005,0.05,-0.05,94.80,0.0016,0.0004,0.0010,0.0010,1447,0.872,22.2,2.1,2.6,22.6,25.2,1.00,25.13,0.99569,0.650,285.99,25.20,14,1
93.109,hall_mission,9x4.5,pi5,-0.006,-0.005,-0.038,-0.004,-0.001,-0.003,0.005,0.05,-0.06,94.80,0.0019,0.0002,0.0009,0.0010,1447,0.872,22.2,2.1,2.6,22.6,25.2,1.00,25.13,0.99569,0.650,285.99,25.20,14,1
93.161,hall_mission,9x4.5,pi5,-0.006,-0.005,-0.038,-0.004,-0.001,-0.003,0.004,0.05,-0.05,94.80,0.0020,0.0000,0.0013,0.0006,1447,0.872,22.2,2.1,2.6,22.6,25.2,1.00,25.13,0.99569,0.651,285.99,25.20,14,1
93.209,hall_mission,9x4.5,pi5,-0.006,-0.006,-0.038,-0.004,-0.001,-0.003,0.004,0.05,-0.06,94.80,0.0020,0.0000,0.0013,0.0006,1447,0.872,22.2,2.1,2.6,22.6,25.2,1.00,25.13,0.99569,0.651,285.98,25.20,14,1
93.261,hall_mission,9x4.5,pi5,-0.006,-0.006,-0.038,-0.003,-0.001,-0.003,0.005,0.05,-0.06,94.80,0.0018,0.0002,0.0011,0.0008,1447,0.872,22.2,2.1,2.6,22.6,25.2,1.00,25.13,0.99568,0.652,285.99,25.20,14,1
93.309,hall_mission,9x4.5,pi5,-0.006,-0.007,-0.038,-0.003,-0.001,-0.003,0.004,0.05,-0.06,94.80,0.0020,0.0001,0.0010,0.0010,1447,0.872,22.2,2.1,2.6,22.6,25.2,1.00,25.13,0.99568,0.652,285.99,25.20,14,1
93.361,hall_mission,9x4.5,pi5,-0.005,-0.007,-0.039,-0.003,-0.001,-0.003,0.004,0.05,-0.06,94.80,0.0017,0.0005,0.0010,0.0008,1447,0.872,22.2,2.1,2.6,22.6,25.2,1.00,25.13,0.99568,0.652,285.98,25.20,14,1
93.409,hall_mission,9x4.5,pi5,-0.005,-0.007,-0.039,-0.003,-0.001,-0.003,0.004,0.05,-0.06,94.80,0.0020,0.0001,0.0009,0.0010,1447,0.872,22.2,2.1,2.6,22.6,25.2,1.00,25.13,0.99568,0.653,285.99,25.20,14,1
93.461,hall_mission,9x4.5,pi5,-0.005,-0.008,-0.039,-0.003,-0.001,-0.003,0.004,0.05,-0.06,94.80,0.0018,0.0002,0.0009,0.0010,1447,0.872,22.2,2.1,2.6,22.6,25.2,1.00,25.13,0.99567,0.653,285.98,25.20,14,1
93.509,hall_mission,9x4.5,pi5,-0.004,-0.008,-0.039,-0.003,-0.001,-0.003,0.004,0.05,-0.06,94.80,0.0018,0.0002,0.0011,0.0009,1447,0.872,22.2,2.1,2.6,22.6,25.2,1.00,25.13,0.99567,0.653,285.98,25.20,14,1
93.561,hall_mission,9x4.5,pi5,-0.004,-0.008,-0.039,-0.002,-0.001,-0.003,0.004,0.05,-0.06,94.80,0.0018,0.0002,0.0013,0.0007,1447,0.872,22.2,2.1,2.6,22.6,25.2,1.00,25.13,0.99567,0.654,285.98,25.20,14,1
93.609,hall_mission,9x4.5,pi5,-0.003,-0.008,-0.039,-0.002,-0.001,-0.003,0.003,0.05,-0.06,94.80,0.0019,0.0002,0.0010,0.0009,1447,0.872,22.2,2.1,2.6,22.6,25.2,1.00,25.13,0.99567,0.654,285.98,25.20,14,1
93.657,hall_mission,9x4.5,pi5,-0.003,-0.008,-0.039,-0.002,-0.001,-0.003,0.003,0.05,-0.06,94.80,0.0018,0.0002,0.0012,0.0008,1447,0.872,22.2,2.1,2.6,22.6,25.2,1.00,25.13,0.99566,0.654,285.98,25.20,14,1
93.709,hall_mission,9x4.5,pi5,-0.002,-0.007,-0.040,-0.002,-0.000,-0.003,0.003,0.05,-0.06,94.80,0.0020,0.0000,0.0013,0.0007,1447,0.872,22.2,2.1,2.6,22.6,25.2,1.00,25.13,0.99566,0.655,285.98,25.20,14,1
93.761,hall_mission,9x4.5,pi5,-0.002,-0.007,-0.040,-0.002,-0.000,-0.003,0.003,0.05,-0.06,94.80,0.0017,0.0003,0.0012,0.0009,1447,0.872,22.2,2.1,2.6,22.6,25.2,1.00,25.13,0.99566,0.655,285.98,25.20,14,1
93.809,hall_mission,9x4.5,pi5,-0.001,-0.007,-0.040,-0.002,-0.001,-0.002,0.003,0.05,-0.06,94.80,0.0018,0.0001,0.0010,0.0010,1447,0.872,22.2,2.1,2.6,22.6,25.2,1.00,25.13,0.99566,0.655,285.98,25.20,14,1
93.861,hall_mission,9x4.5,pi5,-0.001,-0.007,-0.040,-0.001,-0.001,-0.002,0.003,0.05,-0.06,94.80,0.0018,0.0003,0.0011,0.0009,1447,0.872,22.2,2.1,2.6,22.6,25.2,1.00,25.13,0.99565,0.656,285.98,25.20,14,1
93.909,hall_mission,9x4.5,pi5,-0.000,-0.008,-0.040,-0.001,-0.001,-0.002,0.003,0.05,-0.06,94.80,0.0017,0.0003,0.0012,0.0008,1447,0.872,22.2,2.1,2.6,22.6,25.2,1.00,25.13,0.99565,0.656,285.97,25.20,14,1
93.961,hall_mission,9x4.5,pi5,0.000,-0.008,-0.040,-0.001,-0.001,-0.002,0.002,0.05,-0.06,94.80,0.0015,0.0004,0.0010,0.0011,1447,0.872,22.2,2.1,2.6,22.6,25.2,1.00,25.13,0.99565,0.656,285.98,25.20,14,1
94.009,hall_mission,9x4.5,pi5,0.001,-0.008,-0.039,-0.000,-0.002,-0.002,0.002,0.05,-0.06,94.80,0.0016,0.0004,0.0011,0.0009,1447,0.872,22.2,2.1,2.6,22.6,25.2,1.00,25.13,0.99565,0.657,285.97,25.20,14,1
94.061,hall_mission,9x4.5,pi5,0.002,-0.008,-0.039,-0.000,-0.002,-0.001,0.002,0.05,-0.05,94.80,0.0018,0.0002,0.0009,0.0012,1447,0.872,22.2,2.1,2.6,22.6,25.2,1.00,25.13,0.99565,0.657,285.97,25.20,14,1
94.109,hall_mission,9x4.5,pi5,0.003,-0.009,-0.038,0.001,-0.002,-0.001,0.002,0.05,-0.05,94.80,0.0016,0.0004,0.0010,0.0010,1447,0.872,22.2,2.1,2.6,22.6,25.2,1.00,25.13,0.99564,0.657,285.97,25.20,14,1
94.161,hall_mission,9x4.5,pi5,0.003,-0.009,-0.037,0.001,-0.002,-0.000,0.002,0.05,-0.05,94.80,0.0019,0.0001,0.0009,0.0011,1447,0.872,22.2,2.1,2.6,22.6,25.2,1.00,25.13,0.99564,0.658,285.97,25.20,14,1
94.209,hall_mission,9x4.5,pi5,0.004,-0.009,-0.036,0.001,-0.003,0.000,0.003,0.05,-0.05,94.80,0.0018,0.0002,0.0012,0.0008,1447,0.872,22.2,2.1,2.6,22.6,25.2,1.00,25.13,0.99564,0.658,285.97,25.20,14,1
94.261,hall_mission,9x4.5,pi5,0.004,-0.009,-0.035,0.002,-0.003,0.001,0.003,0.05,-0.05,94.80,0.0016,0.0004,0.0006,0.0014,1447,0.872,22.2,2.1,2.6,22.6,25.2,1.00,25.13,0.99564,0.659,285.97,25.20,14,1
94.309,hall_mission,9x4.5,pi5,0.005,-0.009,-0.033,0.002,-0.003,0.001,0.004,0.05,-0.05,94.80,0.0016,0.0004,0.0009,0.0011,1447,0.872,22.2,2.1,2.6,22.6,25.2,1.00,25.13,0.99563,0.659,285.97,25.20,14,1
94.361,hall_mission,9x4.5,pi5,0.005,-0.009,-0.033,0.002,-0.003,0.001,0.004,0.05,-0.05,94.80,0.0017,0.0002,0.0010,0.0011,1447,0.872,22.2,2.1,2.6,22.6,25.2,1.00,25.13,0.99563,0.659,285.96,25.20,14,1
94.409,hall_mission,9x4.5,pi5,0.005,-0.009,-0.032,0.002,-0.003,0.001,0.004,0.05,-0.05,94.80,0.0019,0.0001,0.0009,0.0011,1447,0.872,22.2,2.1,2.6,22.6,25.2,1.00,25.13,0.99563,0.660,285.96,25.20,14,1
94.461,hall_mission,9x4.5,pi5,0.005,-0.009,-0.031,0.002,-0.003,0.002,0.004,0.05,-0.05,94.80,0.0018,0.0003,0.0012,0.0007,1447,0.872,22.2,2.1,2.6,22.6,25.2,1.00,25.13,0.99563,0.660,285.96,25.20,14,1
94.509,hall_mission,9x4.5,pi5,0.005,-0.009,-0.031,0.002,-0.004,0.002,0.005,0.05,-0.05,94.80,0.0017,0.0003,0.0011,0.0008,1447,0.872,22.2,2.1,2.6,22.6,25.2,1.00,25.13,0.99562,0.660,285.96,25.20,14,1
94.561,hall_mission,9x4.5,pi5,0.005,-0.009,-0.030,0.002,-0.004,0.002,0.005,0.05,-0.05,94.80,0.0018,0.0003,0.0010,0.0008,1447,0.872,22.2,2.1,2.6,22.6,25.2,1.00,25.13,0.99562,0.661,285.96,25.20,14,1
94.609,hall_mission,9x4.5,pi5,0.005,-0.010,-0.030,0.002,-0.005,0.002,0.005,0.05,-0.05,94.80,0.0016,0.0004,0.0009,0.0011,1447,0.872,22.2,2.1,2.6,22.6,25.2,1.00,25.13,0.99562,0.661,285.96,25.20,14,1
94.657,hall_mission,9x4.5,pi5,0.005,-0.010,-0.030,0.002,-0.005,0.002,0.006,0.05,-0.05,94.80,0.0019,0.0001,0.0008,0.0013,1447,0.872,22.2,2.1,2.6,22.6,25.2,1.00,25.13,0.99562,0.661,285.96,25.20,14,1
94.709,hall_mission,9x4.5,pi5,0.005,-0.010,-0.030,0.001,-0.006,0.002,0.006,0.05,-0.05,94.80,0.0020,0.0000,0.0014,0.0006,1089,0.658,16.8,1.6,1.9,22.6,24.5,0.98,25.13,0.99562,0.662,293.23,25.20,14,1
94.761,hall_mission,9x4.5,pi5,0.005,-0.011,-0.029,0.001,-0.006,0.002,0.007,0.05,-0.05,94.80,0.0018,0.0002,0.0013,0.0007,1447,0.872,22.2,2.1,2.6,22.6,25.2,1.00,25.13,0.99561,0.662,285.96,25.20,14,1
94.809,hall_mission,9x4.5,pi5,0.004,-0.011,-0.029,0.001,-0.006,0.002,0.007,0.05,-0.05,94.80,0.0020,0.0000,0.0013,0.0008,1447,0.872,22.2,2.1,2.6,22.6,25.2,1.00,25.13,0.99561,0.662,285.95,25.20,14,1
94.861,hall_mission,9x4.5,pi5,0.004,-0.012,-0.029,0.001,-0.007,0.002,0.007,0.05,-0.04,94.80,0.0017,0.0003,0.0010,0.0010,1447,0.872,22.2,2.1,2.6,22.6,25.2,1.00,25.13,0.99561,0.663,285.95,25.20,14,1
94.909,hall_mission,9x4.5,pi5,0.003,-0.012,-0.029,0.000,-0.008,0.002,0.008,0.05,-0.04,94.80,0.0017,0.0003,0.0009,0.0011,1447,0.872,22.2,2.1,2.6,22.6,25.2,1.00,25.13,0.99561,0.663,285.95,25.20,14,1
94.961,hall_mission,9x4.5,pi5,0.003,-0.013,-0.029,0.000,-0.008,0.002,0.008,0.05,-0.04,94.80,0.0019,0.0001,0.0010,0.0010,1447,0.872,22.2,2.1,2.6,22.6,25.2,1.00,25.13,0.99560,0.663,285.95,25.20,14,1
95.009,hall_mission,9x4.5,pi5,0.002,-0.013,-0.030,0.000,-0.008,0.002,0.008,0.05,-0.04,94.80,0.0018,0.0002,0.0008,0.0012,1447,0.872,22.2,2.1,2.6,22.6,25.2,1.00,25.13,0.99560,0.664,285.95,25.20,14,1
95.061,hall_mission,9x4.5,pi5,0.002,-0.014,-0.030,0.000,-0.008,0.002,0.008,0.05,-0.04,94.80,0.0018,0.0003,0.0009,0.0011,1447,0.872,22.2,2.1,2.6,22.6,25.2,1.00,25.13,0.99560,0.664,285.95,25.20,14,1
95.109,hall_mission,9x4.5,pi5,0.001,-0.014,-0.030,-0.000,-0.009,0.002,0.009,0.05,-0.04,94.80,0.0018,0.0002,0.0006,0.0013,1447,0.872,22.2,2.1,2.6,22.6,25.2,1.00,25.13,0.99560,0.664,285.95,25.20,14,1
95.161,hall_mission,9x4.5,pi5,-0.000,-0.015,-0.030,-0.000,-0.009,0.002,0.009,0.05,-0.04,94.80,0.0018,0.0002,0.0010,0.0010,1447,0.872,22.2,2.1,2.6,22.6,25.2,1.00,25.13,0.99559,0.665,285.95,25.20,14,1
95.209,hall_mission,9x4.5,pi5,-0.002,-0.015,-0.030,-0.001,-0.009,0.001,0.009,0.05,-0.04,94.80,0.0018,0.0002,0.0010,0.0010,1447,0.872,22.2,2.1,2.6,22.6,25.2,1.00,25.13,0.99559,0.665,285.95,25.20,14,1
95.257,hall_mission,9x4.5,pi5,-0.003,-0.016,-0.031,-0.002,-0.009,0.001,0.010,0.06,-0.04,94.80,0.0019,0.0001,0.0004,0.0016,1447,0.872,22.2,2.1,2.6,22.6,25.2,1.00,25.13,0.99559,0.665,285.94,25.20,14,1
95.309,hall_mission,9x4.5,pi5,-0.005,-0.017,-0.031,-0.003,-0.010,0.001,0.010,0.06,-0.04,94.80,0.0017,0.0003,0.0009,0.0011,1447,0.872,22.2,2.1,2.6,22.6,25.2,1.00,25.13,0.99559,0.666,285.94,25.20,14,1
95.357,hall_mission,9x4.5,pi5,-0.006,-0.017,-0.031,-0.003,-0.010,0.001,0.010,0.06,-0.04,94.80,0.0018,0.0002,0.0008,0.0011,1447,0.872,22.2,2.1,2.6,22.6,25.2,1.00,25.13,0.99559,0.666,285.94,25.20,14,1
95.409,hall_mission,9x4.5,pi5,-0.008,-0.017,-0.031,-0.004,-0.010,0.001,0.010,0.06,-0.04,94.80,0.0018,0.0003,0.0008,0.0012,1447,0.872,22.2,2.1,2.6,22.6,25.2,1.00,25.13,0.99558,0.667,285.94,25.20,14,1
95.461,hall_mission,9x4.5,pi5,-0.010,-0.018,-0.031,-0.005,-0.009,0.001,0.010,0.06,-0.04,94.80,0.0020,0.0000,0.0008,0.0012,1447,0.872,22.2,2.1,2.6,22.6,25.2,1.00,25.13,0.99558,0.667,285.94,25.20,14,1
95.509,hall_mission,9x4.5,pi5,-0.012,-0.018,-0.032,-0.006,-0.009,0.001,0.011,0.06,-0.04,94.79,0.0017,0.0004,0.0008,0.0011,1447,0.872,22.2,2.1,2.6,22.6,25.2,1.00,25.13,0.99558,0.667,285.94,25.20,14,1
95.561,hall_mission,9x4.5,pi5,-0.014,-0.018,-0.032,-0.006,-0.009,0.001,0.011,0.06,-0.04,94.79,0.0020,0.0001,0.0009,0.0010,1447,0.872,22.2,2.1,2.6,22.6,25.2,1.00,25.13,0.99558,0.668,285.94,25.20,14,1
95.609,hall_mission,9x4.5,pi5,-0.016,-0.018,-0.032,-0.007,-0.009,0.001,0.011,0.07,-0.04,94.80,0.0015,0.0004,0.0010,0.0011,1447,0.872,22.2,2.1,2.6,22.6,25.2,1.00,25.13,0.99557,0.668,285.94,25.20,14,1
95.661,hall_mission,9x4.5,pi5,-0.017,-0.017,-0.032,-0.007,-0.009,0.001,0.012,0.06,-0.04,94.80,0.0018,0.0001,0.0007,0.0013,1447,0.872,22.2,2.1,2.6,22.6,25.2,1.00,25.13,0.99557,0.668,285.94,25.20,14,1
95.709,hall_mission,9x4.5,pi5,-0.019,-0.017,-0.032,-0.008,-0.008,0.001,0.012,0.06,-0.04,94.80,0.0018,0.0002,0.0009,0.0011,1447,0.872,22.2,2.1,2.6,22.6,25.2,1.00,25.13,0.99557,0.669,285.93,25.20,14,1
95.761,hall_mission,9x4.5,pi5,-0.020,-0.017,-0.032,-0.008,-0.008,0.001,0.012,0.06,-0.04,94.80,0.0020,0.0000,0.0008,0.0012,1447,0.872,22.2,2.1,2.6,22.6,25.2,1.00,25.13,0.99557,0.669,285.94,25.20,14,1
95.809,hall_mission,9x4.5,pi5,-0.021,-0.017,-0.032,-0.008,-0.008,0.001,0.012,0.06,-0.04,94.80,0.0015,0.0004,0.0009,0.0011,1447,0.872,22.2,2.1,2.6,22.6,25.2,1.00,25.13,0.99556,0.669,285.93,25.20,14,1
95.857,hall_mission,9x4.5,pi5,-0.022,-0.017,-0.032,-0.008,-0.008,0.001,0.012,0.06,-0.04,94.80,0.0018,0.0002,0.0007,0.0013,1447,0.872,22.2,2.1,2.6,22.6,25.2,1.00,25.13,0.99556,0.670,285.93,25.20,14,1
95.909,hall_mission,9x4.5,pi5,-0.022,-0.017,-0.032,-0.008,-0.009,0.001,0.012,0.06,-0.04,94.80,0.0020,0.0000,0.0009,0.0010,1447,0.872,22.2,2.1,2.6,22.6,25.2,1.00,25.13,0.99556,0.670,285.93,25.20,14,1
95.961,hall_mission,9x4.5,pi5,-0.023,-0.018,-0.032,-0.008,-0.009,0.001,0.012,0.06,-0.04,94.80,0.0018,0.0002,0.0011,0.0008,1447,0.872,22.2,2.1,2.6,22.6,25.2,1.00,25.13,0.99556,0.670,285.93,25.20,14,1
96.009,hall_mission,9x4.5,pi5,-0.023,-0.019,-0.032,-0.007,-0.010,0.002,0.012,0.06,-0.04,94.80,0.0018,0.0002,0.0008,0.0012,1447,0.872,22.2,2.1,2.6,22.6,25.2,1.00,25.13,0.99556,0.671,285.93,25.20,14,1
96.061,hall_mission,9x4.5,pi5,-0.023,-0.019,-0.032,-0.007,-0.010,0.002,0.013,0.06,-0.04,94.80,0.0016,0.0005,0.0008,0.0011,1447,0.872,22.2,2.1,2.6,22.6,25.2,1.00,25.13,0.99555,0.671,285.93,25.20,14,1
96.109,hall_mission,9x4.5,pi5,-0.023,-0.020,-0.033,-0.006,-0.011,0.002,0.013,0.06,-0.04,94.80,0.0018,0.0003,0.0006,0.0013,1447,0.872,22.2,2.1,2.6,22.6,25.2,1.00,25.13,0.99555,0.671,285.93,25.20,14,1
96.161,hall_mission,9x4.5,pi5,-0.023,-0.020,-0.033,-0.006,-0.011,0.002,0.013,0.06,-0.04,94.80,0.0017,0.0004,0.0008,0.0011,1447,0.872,22.2,2.1,2.6,22.6,25.2,1.00,25.13,0.99555,0.672,285.92,25.20,14,1
96.209,hall_mission,9x4.5,pi5,-0.022,-0.020,-0.033,-0.005,-0.011,0.002,0.013,0.06,-0.03,94.80,0.0019,0.0002,0.0010,0.0010,1447,0.872,22.2,2.1,2.6,22.6,25.2,1.00,25.13,0.99555,0.672,285.93,25.20,14,1
96.261,hall_mission,9x4.5,pi5,-0.022,-0.021,-0.033,-0.004,-0.011,0.002,0.012,0.05,-0.03,94.80,0.0015,0.0004,0.0010,0.0011,1447,0.872,22.2,2.1,2.6,22.6,25.2,1.00,25.13,0.99554,0.673,285.92,25.20,14,1
96.309,hall_mission,9x4.5,pi5,-0.021,-0.021,-0.033,-0.003,-0.012,0.002,0.012,0.05,-0.03,94.80,0.0019,0.0001,0.0011,0.0010,1447,0.872,22.2,2.1,2.6,22.6,25.2,1.00,25.13,0.99554,0.673,285.93,25.20,14,1
96.361,hall_mission,9x4.5,pi5,-0.021,-0.020,-0.033,-0.002,-0.011,0.002,0.012,0.05,-0.03,94.80,0.0017,0.0003,0.0009,0.0010,1447,0.872,22.2,2.1,2.6,22.6,25.2,1.00,25.13,0.99554,0.673,285.92,25.20,14,1
96.409,hall_mission,9x4.5,pi5,-0.020,-0.020,-0.032,-0.001,-0.011,0.002,0.011,0.05,-0.04,94.80,0.0019,0.0001,0.0008,0.0012,1447,0.872,22.2,2.1,2.6,22.6,25.2,1.00,25.13,0.99554,0.674,285.92,25.20,14,1
96.457,hall_mission,9x4.5,pi5,-0.019,-0.019,-0.032,-0.001,-0.010,0.003,0.011,0.05,-0.04,94.80,0.0016,0.0004,0.0011,0.0009,1447,0.872,22.2,2.1,2.6,22.6,25.2,1.00,25.13,0.99553,0.674,285.92,25.20,14,1
96.509,hall_mission,9x4.5,pi5,-0.018,-0.018,-0.032,0.000,-0.010,0.003,0.010,0.04,-0.04,94.81,0.0015,0.0005,0.0007,0.0013,1447,0.872,22.2,2.1,2.6,22.6,25.2,1.00,25.13,0.99553,0.674,285.92,25.20,14,1
96.561,hall_mission,9x4.5,pi5,-0.018,-0.018,-0.032,0.001,-0.009,0.003,0.009,0.04,-0.04,94.81,0.0017,0.0002,0.0011,0.0010,1447,0.872,22.2,2.1,2.6,22.6,25.2,1.00,25.13,0.99553,0.675,285.92,25.20,14,1
96.609,hall_mission,9x4.5,pi5,-0.017,-0.016,-0.031,0.001,-0.008,0.003,0.008,0.04,-0.04,94.81,0.0016,0.0003,0.0014,0.0007,1447,0.872,22.2,2.1,2.6,22.6,25.2,1.00,25.13,0.99553,0.675,285.92,25.20,14,1
96.661,hall_mission,9x4.5,pi5,-0.017,-0.015,-0.031,0.002,-0.007,0.003,0.008,0.04,-0.04,94.81,0.0014,0.0007,0.0011,0.0009,1447,0.872,22.2,2.1,2.6,22.6,25.2,1.00,25.13,0.99553,0.675,285.92,25.20,14,1
96.709,hall_mission,9x4.5,pi5,-0.016,-0.014,-0.031,0.002,-0.006,0.003,0.007,0.04,-0.05,94.81,0.0015,0.0006,0.0009,0.0010,1447,0.872,22.2,2.1,2.6,22.6,25.2,1.00,25.13,0.99552,0.676,285.91,25.20,14,1
96.761,hall_mission,9x4.5,pi5,-0.015,-0.013,-0.031,0.003,-0.005,0.002,0.006,0.04,-0.05,94.81,0.0016,0.0005,0.0008,0.0011,1447,0.872,22.2,2.1,2.6,22.6,25.2,1.00,25.13,0.99552,0.676,285.92,25.20,14,1
96.809,hall_mission,9x4.5,pi5,-0.014,-0.011,-0.031,0.003,-0.004,0.002,0.006,0.04,-0.05,94.81,0.0014,0.0007,0.0011,0.0009,1447,0.872,22.2,2.1,2.6,22.6,25.2,1.00,25.13,0.99552,0.676,285.91,25.20,14,1
96.861,hall_mission,9x4.5,pi5,-0.013,-0.010,-0.031,0.004,-0.003,0.002,0.005,0.04,-0.05,94.81,0.0019,0.0002,0.0008,0.0011,1447,0.872,22.2,2.1,2.6,22.6,25.2,1.00,25.13,0.99552,0.677,285.91,25.20,14,1
96.909,hall_mission,9x4.5,pi5,-0.012,-0.008,-0.032,0.004,-0.002,0.002,0.005,0.04,-0.05,94.81,0.0015,0.0005,0.0011,0.0008,1447,0.872,22.2,2.1,2.6,22.6,25.2,1.00,25.13,0.99551,0.677,285.91,25.20,14,1
96.961,hall_mission,9x4.5,pi5,-0.011,-0.007,-0.032,0.005,-0.001,0.002,0.005,0.04,-0.06,94.81,0.0017,0.0003,0.0011,0.0008,1447,0.872,22.2,2.1,2.6,22.6,25.2,1.00,25.13,0.99551,0.677,285.91,25.20,14,1
97.009,hall_mission,9x4.5,pi5,-0.010,-0.005,-0.032,0.005,-0.000,0.002,0.006,0.03,-0.06,94.81,0.0017,0.0003,0.0013,0.0007,1447,0.872,22.2,2.1,2.6,22.6,25.2,1.00,25.13,0.99551,0.678,285.91,25.20,14,1
97.061,hall_mission,9x4.5,pi5,-0.010,-0.004,-0.032,0.006,0.001,0.002,0.006,0.03,-0.06,94.81,0.0019,0.0002,0.0012,0.0008,1447,0.872,22.2,2.1,2.6,22.6,25.2,1.00,25.13,0.99551,0.678,285.91,25.20,14,1
97.109,hall_mission,9x4.5,pi5,-0.009,-0.002,-0.032,0.006,0.002,0.002,0.006,0.03,-0.06,94.81,0.0019,0.0000,0.0011,0.0009,1447,0.872,22.2,2.1,2.6,22.6,25.2,1.00,25.13,0.99550,0.678,285.91,25.20,14,1
97.161,hall_mission,9x4.5,pi5,-0.008,-0.002,-0.031,0.006,0.002,0.002,0.007,0.03,-0.06,94.81,0.0016,0.0004,0.0012,0.0008,1447,0.872,22.2,2.1,2.6,22.6,25.2,1.00,25.13,0.99550,0.679,285.90,25.20,14,1
97.209,hall_mission,9x4.5,pi5,-0.008,-0.000,-0.031,0.006,0.003,0.002,0.007,0.03,-0.06,94.81,0.0019,0.0002,0.0012,0.0008,1447,0.872,22.2,2.1,2.6,22.6,25.2,1.00,25.13,0.99550,0.679,285.91,25.20,14,1
97.261,hall_mission,9x4.5,pi5,-0.007,0.000,-0.031,0.006,0.003,0.002,0.007,0.03,-0.06,94.82,0.0015,0.0004,0.0010,0.0011,1447,0.872,22.2,2.1,2.6,22.6,25.2,1.00,25.13,0.99550,0.679,285.90,25.20,14,1
97.309,hall_mission,9x4.5,pi5,-0.007,0.002,-0.030,0.007,0.003,0.002,0.008,0.03,-0.06,94.82,0.0017,0.0002,0.0012,0.0009,1447,0.872,22.2,2.1,2.6,22.6,25.2,1.00,25.13,0.99550,0.680,285.90,25.20,14,1
97.361,hall_mission,9x4.5,pi5,-0.006,0.002,-0.030,0.007,0.004,0.003,0.008,0.03,-0.06,94.82,0.0014,0.0005,0.0013,0.0007,1447,0.872,22.2,2.1,2.6,22.6,25.2,1.00,25.13,0.99549,0.680,285.90,25.20,14,1
97.409,hall_mission,9x4.5,pi5,-0.006,0.003,-0.029,0.007,0.004,0.003,0.008,0.03,-0.06,94.82,0.0019,0.0001,0.0012,0.0008,1447,0.872,22.2,2.1,2.6,22.6,25.2,1.00,25.13,0.99549,0.681,285.90,25.20,14,1
97.461,hall_mission,9x4.5,pi5,-0.005,0.004,-0.029,0.007,0.004,0.003,0.008,0.03,-0.06,94.82,0.0015,0.0005,0.0012,0.0009,1447,0.872,22.2,2.1,2.6,22.6,25.2,1.00,25.13,0.99549,0.681,285.90,25.20,14,1
97.509,hall_mission,9x4.5,pi5,-0.005,0.005,-0.028,0.007,0.005,0.003,0.009,0.03,-0.06,94.82,0.0017,0.0003,0.0011,0.0009,1447,0.872,22.2,2.1,2.6,22.6,25.2,1.00,25.13,0.99549,0.681,285.90,25.20,14,1
97.561,hall_mission,9x4.5,pi5,-0.005,0.005,-0.027,0.006,0.005,0.003,0.008,0.03,-0.06,94.81,0.0019,0.0002,0.0012,0.0007,1447,0.872,22.2,2.1,2.6,22.6,25.2,1.00,25.13,0.99548,0.682,285.90,25.20,14,1
97.609,hall_mission,9x4.5,pi5,-0.005,0.006,-0.027,0.006,0.005,0.003,0.008,0.03,-0.06,94.81,0.0017,0.0003,0.0013,0.0007,1447,0.872,22.2,2.1,2.6,22.6,25.2,1.00,25.13,0.99548,0.682,285.90,25.20,14,1
97.661,hall_mission,9x4.5,pi5,-0.005,0.006,-0.026,0.006,0.005,0.004,0.008,0.04,-0.06,94.81,0.0014,0.0006,0.0016,0.0004,1447,0.872,22.2,2.1,2.6,22.6,25.2,1.00,25.13,0.99548,0.682,285.90,25.20,14,1
97.709,hall_mission,9x4.5,pi5,-0.006,0.007,-0.025,0.005,0.005,0.004,0.008,0.04,-0.06,94.82,0.0016,0.0003,0.0009,0.0013,1447,0.872,22.2,2.1,2.6,22.6,25.2,1.00,25.13,0.99548,0.683,285.89,25.20,14,1
97.761,hall_mission,9x4.5,pi5,-0.006,0.008,-0.024,0.005,0.005,0.004,0.008,0.04,-0.06,94.82,0.0020,0.0000,0.0009,0.0011,1089,0.658,16.8,1.6,1.9,22.6,24.5,0.98,25.13,0.99547,0.683,293.17,25.20,14,1
97.809,hall_mission,9x4.5,pi5,-0.007,0.008,-0.023,0.004,0.005,0.004,0.008,0.04,-0.06,94.82,0.0013,0.0006,0.0011,0.0010,1447,0.872,22.2,2.1,2.6,22.6,25.2,1.00,25.13,0.99547,0.683,285.89,25.20,14,1
97.861,hall_mission,9x4.5,pi5,-0.008,0.009,-0.023,0.004,0.005,0.004,0.008,0.04,-0.06,94.82,0.0014,0.0005,0.0007,0.0013,1447,0.872,22.2,2.1,2.6,22.6,25.2,1.00,25.13,0.99547,0.684,285.89,25.20,14,1
97.909,hall_mission,9x4.5,pi5,-0.009,0.009,-0.022,0.003,0.005,0.004,0.008,0.04,-0.06,94.82,0.0018,0.0002,0.0013,0.0007,1447,0.872,22.2,2.1,2.6,22.6,25.2,1.00,25.13,0.99547,0.684,285.89,25.20,14,1
97.961,hall_mission,9x4.5,pi5,-0.010,0.009,-0.021,0.003,0.005,0.004,0.007,0.04,-0.06,94.82,0.0018,0.0001,0.0010,0.0011,1447,0.872,22.2,2.1,2.6,22.6,25.2,1.00,25.13,0.99546,0.684,285.89,25.20,14,1
98.009,hall_mission,9x4.5,pi5,-0.010,0.009,-0.021,0.002,0.005,0.004,0.007,0.04,-0.06,94.82,0.0017,0.0002,0.0010,0.0011,1447,0.872,22.2,2.1,2.6,22.6,25.2,1.00,25.13,0.99546,0.685,285.89,25.20,14,1
98.061,hall_mission,9x4.5,pi5,-0.011,0.009,-0.020,0.002,0.005,0.004,0.007,0.04,-0.05,94.82,0.0016,0.0002,0.0012,0.0009,1447,0.872,22.2,2.1,2.6,22.6,25.2,1.00,25.13,0.99546,0.685,285.89,25.20,14,1
98.109,hall_mission,9x4.5,pi5,-0.012,0.008,-0.019,0.002,0.004,0.004,0.006,0.04,-0.06,94.82,0.0016,0.0002,0.0011,0.0011,1447,0.872,22.2,2.1,2.6,22.6,25.2,1.00,25.13,0.99546,0.685,285.89,25.20,14,1
98.161,hall_mission,9x4.5,pi5,-0.012,0.008,-0.018,0.001,0.004,0.004,0.006,0.04,-0.05,94.82,0.0015,0.0005,0.0013,0.0008,1447,0.872,22.2,2.1,2.6,22.6,25.2,1.00,25.13,0.99546,0.686,285.88,25.20,14,1
98.209,hall_mission,9x4.5,pi5,-0.013,0.008,-0.017,0.001,0.004,0.005,0.006,0.04,-0.05,94.82,0.0020,0.0001,0.0011,0.0008,1447,0.872,22.2,2.1,2.6,22.6,25.2,1.00,25.13,0.99545,0.686,285.88,25.20,14,1
98.257,hall_mission,9x4.5,pi5,-0.014,0.008,-0.017,0.001,0.004,0.005,0.006,0.04,-0.05,94.82,0.0017,0.0003,0.0012,0.0008,1447,0.872,22.2,2.1,2.6,22.6,25.2,1.00,25.13,0.99545,0.686,285.88,25.20,14,1
98.309,hall_mission,9x4.5,pi5,-0.015,0.008,-0.016,-0.000,0.004,0.005,0.006,0.04,-0.05,94.82,0.0016,0.0003,0.0011,0.0010,1447,0.872,22.2,2.1,2.6,22.6,25.2,1.00,25.13,0.99545,0.687,285.88,25.20,14,1
98.361,hall_mission,9x4.5,pi5,-0.015,0.008,-0.015,-0.001,0.004,0.004,0.006,0.04,-0.06,94.82,0.0015,0.0004,0.0011,0.0009,1447,0.872,22.2,2.1,2.6,22.6,25.2,1.00,25.13,0.99545,0.687,285.88,25.20,14,1
98.409,hall_mission,9x4.5,pi5,-0.016,0.008,-0.014,-0.001,0.003,0.005,0.006,0.04,-0.06,94.82,0.0017,0.0002,0.0011,0.0009,1447,0.872,22.2,2.1,2.6,22.6,25.2,1.00,25.13,0.99544,0.688,285.88,25.20,14,1
98.461,hall_mission,9x4.5,pi5,-0.017,0.008,-0.013,-0.001,0.003,0.005,0.006,0.04,-0.06,94.82,0.0018,0.0001,0.0010,0.0011,1447,0.872,22.2,2.1,2.6,22.6,25.2,1.00,25.13,0.99544,0.688,285.88,25.20,14,1
98.509,hall_mission,9x4.5,pi5,-0.018,0.008,-0.012,-0.002,0.003,0.005,0.006,0.05,-0.06,94.82,0.0020,0.0000,0.0009,0.0011,1089,0.658,16.8,1.6,1.9,22.6,24.5,0.98,25.13,0.99544,0.688,293.15,25.20,14,1
98.561,hall_mission,9x4.5,pi5,-0.018,0.008,-0.011,-0.002,0.003,0.006,0.007,0.05,-0.06,94.82,0.0019,0.0002,0.0010,0.0009,1447,0.872,22.2,2.1,2.6,22.6,25.2,1.00,25.13,0.99544,0.689,285.87,25.20,14,1
98.609,hall_mission,9x4.5,pi5,-0.019,0.008,-0.010,-0.002,0.003,0.006,0.007,0.05,-0.06,94.82,0.0019,0.0002,0.0013,0.0006,1447,0.872,22.2,2.1,2.6,22.6,25.2,1.00,25.13,0.99543,0.689,285.88,25.20,14,1
98.661,hall_mission,9x4.5,pi5,-0.019,0.008,-0.009,-0.002,0.003,0.006,0.007,0.05,-0.06,94.82,0.0018,0.0002,0.0012,0.0009,1447,0.872,22.2,2.1,2.6,22.6,25.2,1.00,25.13,0.99543,0.689,285.87,25.20,14,1
98.709,hall_mission,9x4.5,pi5,-0.019,0.008,-0.007,-0.002,0.004,0.006,0.008,0.05,-0.06,94.82,0.0020,0.0000,0.0010,0.0010,1447,0.872,22.2,2.1,2.6,22.6,25.2,1.00,25.13,0.99543,0.690,285.88,25.20,14,1
98.761,hall_mission,9x4.5,pi5,-0.020,0.008,-0.007,-0.002,0.004,0.006,0.008,0.04,-0.06,94.82,0.0020,0.0000,0.0011,0.0009,1447,0.872,22.2,2.1,2.6,22.6,25.2,1.00,25.13,0.99543,0.690,285.87,25.20,14,1
98.809,hall_mission,9x4.5,pi5,-0.019,0.008,-0.006,-0.002,0.004,0.007,0.008,0.05,-0.06,94.82,0.0016,0.0004,0.0009,0.0010,1447,0.872,22.2,2.1,2.6,22.6,25.2,1.00,25.13,0.99543,0.690,285.87,25.20,14,1
98.861,hall_mission,9x4.5,pi5,-0.019,0.008,-0.006,-0.002,0.003,0.007,0.008,0.05,-0.06,94.82,0.0017,0.0004,0.0009,0.0010,1447,0.872,22.2,2.1,2.6,22.6,25.2,1.00,25.13,0.99542,0.691,285.87,25.20,14,1
98.909,hall_mission,9x4.5,pi5,-0.019,0.008,-0.005,-0.002,0.003,0.007,0.008,0.05,-0.06,94.82,0.0020,0.0001,0.0011,0.0008,1447,0.872,22.2,2.1,2.6,22.6,25.2,1.00,25.13,0.99542,0.691,285.87,25.20,14,1
98.961,hall_mission,9x4.5,pi5,-0.019,0.007,-0.005,-0.002,0.003,0.007,0.007,0.05,-0.06,94.82,0.0018,0.0003,0.0014,0.0005,1447,0.872,22.2,2.1,2.6,22.6,25.2,1.00,25.13,0.99542,0.691,285.87,25.20,14,1
99.009,hall_mission,9x4.5,pi5,-0.019,0.007,-0.005,-0.002,0.002,0.006,0.007,0.05,-0.05,94.82,0.0018,0.0003,0.0008,0.0012,1447,0.872,22.2,2.1,2.6,22.6,25.2,1.00,25.13,0.99542,0.692,285.87,25.20,14,1
99.057,hall_mission,9x4.5,pi5,-0.019,0.007,-0.005,-0.002,0.002,0.006,0.007,0.05,-0.05,94.81,0.0019,0.0003,0.0010,0.0009,1447,0.872,22.2,2.1,2.6,22.6,25.2,1.00,25.13,0.99541,0.692,285.87,25.20,14,1
99.109,hall_mission,9x4.5,pi5,-0.019,0.006,-0.005,-0.002,0.002,0.006,0.006,0.05,-0.05,94.81,0.0021,0.0001,0.0009,0.0010,1447,0.872,22.2,2.1,2.6,22.6,25.2,1.00,25.13,0.99541,0.692,285.86,25.20,14,1
99.161,hall_mission,9x4.5,pi5,-0.019,0.006,-0.006,-0.002,0.001,0.006,0.006,0.05,-0.05,94.81,0.0018,0.0003,0.0011,0.0008,1447,0.872,22.2,2.1,2.6,22.6,25.2,1.00,25.13,0.99541,0.693,285.87,25.20,14,1
99.209,hall_mission,9x4.5,pi5,-0.018,0.006,-0.006,-0.002,0.001,0.006,0.006,0.05,-0.05,94.81,0.0018,0.0003,0.0007,0.0012,1447,0.872,22.2,2.1,2.6,22.6,25.2,1.00,25.13,0.99541,0.693,285.86,25.20,14,1
100.350,hall_mission,9x4.5,pi5,-0.018,0.006,-0.006,-0.002,0.001,0.005,0.006,0.05,-0.05,94.81,0.0020,0.0000,0.0009,0.0010,1447,0.872,22.2,2.1,2.6,22.6,25.2,1.00,25.13,0.99535,0.701,285.85,25.20,14,1
100.398,hall_mission,9x4.5,pi5,-0.018,0.006,-0.006,-0.001,0.001,0.005,0.005,0.05,-0.05,94.81,0.0018,0.0002,0.0010,0.0010,1447,0.872,22.2,2.1,2.6,22.6,25.2,1.00,25.13,0.99535,0.701,285.84,25.20,14,1
100.446,hall_mission,9x4.5,pi5,-0.018,0.006,-0.006,-0.001,0.000,0.005,0.005,0.05,-0.05,94.81,0.0016,0.0005,0.0010,0.0009,1447,0.872,22.2,2.1,2.6,22.6,25.2,1.00,25.13,0.99535,0.702,285.84,25.20,14,1
100.498,hall_mission,9x4.5,pi5,-0.017,0.006,-0.006,-0.000,0.000,0.005,0.005,0.05,-0.05,94.81,0.0017,0.0003,0.0012,0.0008,1447,0.872,22.2,2.1,2.6,22.6,25.2,1.00,25.13,0.99535,0.702,285.83,25.20,14,1
100.550,hall_mission,9x4.5,pi5,-0.017,0.006,-0.006,0.000,0.000,0.005,0.005,0.04,-0.05,94.81,0.0018,0.0002,0.0005,0.0014,1447,0.872,22.2,2.1,2.6,22.6,25.2,1.00,25.13,0.99534,0.702,285.84,25.20,14,1
100.598,hall_mission,9x4.5,pi5,-0.016,0.005,-0.006,0.001,-0.000,0.005,0.005,0.04,-0.05,94.81,0.0016,0.0005,0.0008,0.0011,1447,0.872,22.2,2.1,2.6,22.6,25.2,1.00,25.13,0.99534,0.703,285.83,25.20,14,1
100.650,hall_mission,9x4.5,pi5,-0.015,0.005,-0.006,0.001,-0.001,0.005,0.005,0.04,-0.05,94.81,0.0017,0.0003,0.0013,0.0007,1447,0.872,22.2,2.1,2.6,22.6,25.2,1.00,25.13,0.99534,0.703,285.83,25.20,14,1
100.698,hall_mission,9x4.5,pi5,-0.015,0.005,-0.005,0.002,-0.001,0.005,0.006,0.04,-0.05,94.81,0.0016,0.0004,0.0011,0.0009,1447,0.872,22.2,2.1,2.6,22.6,25.2,1.00,25.13,0.99534,0.704,285.83,25.20,14,1
100.750,hall_mission,9x4.5,pi5,-0.014,0.004,-0.005,0.002,-0.002,0.005,0.006,0.04,-0.05,94.81,0.0016,0.0004,0.0011,0.0008,1447,0.872,22.2,2.1,2.6,22.6,25.2,1.00,25.13,0.99534,0.704,285.83,25.20,14,1
100.798,hall_mission,9x4.5,pi5,-0.013,0.003,-0.004,0.003,-0.002,0.006,0.007,0.04,-0.05,94.81,0.0015,0.0006,0.0011,0.0008,1447,0.872,22.2,2.1,2.6,22.6,25.2,1.00,25.13,0.99533,0.704,285.83,25.20,14,1
100.850,hall_mission,9x4.5,pi5,-0.013,0.003,-0.004,0.004,-0.002,0.006,0.008,0.04,-0.05,94.81,0.0016,0.0004,0.0013,0.0007,1447,0.872,22.2,2.1,2.6,22.6,25.2,1.00,25.13,0.99533,0.705,285.83,25.20,14,1
100.898,hall_mission,9x4.5,pi5,-0.012,0.002,-0.003,0.005,-0.003,0.006,0.008,0.03,-0.05,94.80,0.0014,0.0006,0.0012,0.0008,1447,0.872,22.2,2.1,2.6,22.6,25.2,1.00,25.13,0.99533,0.705,285.83,25.20,14,1
100.950,hall_mission,9x4.5,pi5,-0.011,0.001,-0.003,0.005,-0.003,0.007,0.009,0.03,-0.05,94.80,0.0017,0.0003,0.0007,0.0013,1447,0.872,22.2,2.1,2.6,22.6,25.2,1.00,25.13,0.99533,0.705,285.82,25.20,14,1
100.998,hall_mission,9x4.5,pi5,-0.010,0.001,-0.002,0.007,-0.004,0.007,0.010,0.03,-0.05,94.80,0.0015,0.0005,0.0008,0.0012,1447,0.872,22.2,2.1,2.6,22.6,25.2,1.00,25.13,0.99532,0.706,285.83,25.20,14,1
101.050,hall_mission,9x4.5,pi5,-0.009,-0.000,-0.002,0.007,-0.004,0.007,0.011,0.03,-0.05,94.80,0.0018,0.0002,0.0013,0.0007,1447,0.872,22.2,2.1,2.6,22.6,25.2,1.00,25.13,0.99532,0.706,285.82,25.20,14,1
101.098,hall_mission,9x4.5,pi5,-0.008,-0.001,-0.001,0.008,-0.004,0.007,0.012,0.03,-0.05,94.80,0.0016,0.0003,0.0011,0.0009,1447,0.872,22.2,2.1,2.6,22.6,25.2,1.00,25.13,0.99532,0.706,285.82,25.20,14,1
101.150,hall_mission,9x4.5,pi5,-0.007,-0.001,-0.000,0.009,-0.004,0.007,0.012,0.03,-0.05,94.80,0.0013,0.0007,0.0009,0.0010,1447,0.872,22.2,2.1,2.6,22.6,25.2,1.00,25.13,0.99532,0.707,285.82,25.20,14,1
101.198,hall_mission,9x4.5,pi5,-0.006,-0.002,0.000,0.009,-0.005,0.007,0.013,0.02,-0.04,94.80,0.0016,0.0005,0.0012,0.0008,1447,0.872,22.2,2.1,2.6,22.6,25.2,1.00,25.13,0.99531,0.707,285.82,25.20,14,1
101.250,hall_mission,9x4.5,pi5,-0.006,-0.002,0.001,0.010,-0.005,0.008,0.013,0.02,-0.04,94.80,0.0016,0.0004,0.0010,0.0010,1447,0.872,22.2,2.1,2.6,22.6,25.2,1.00,25.13,0.99531,0.707,285.82,25.20,14,1
101.298,hall_mission,9x4.5,pi5,-0.005,-0.003,0.001,0.010,-0.006,0.008,0.014,0.02,-0.04,94.80,0.0012,0.0008,0.0012,0.0007,1447,0.872,22.2,2.1,2.6,22.6,25.2,1.00,25.13,0.99531,0.708,285.82,25.20,14,1
101.346,hall_mission,9x4.5,pi5,-0.005,-0.003,0.002,0.009,-0.006,0.008,0.014,0.02,-0.04,94.80,0.0016,0.0006,0.0010,0.0008,1447,0.872,22.2,2.1,2.6,22.6,25.2,1.00,25.13,0.99531,0.708,285.82,25.20,14,1
101.398,hall_mission,9x4.5,pi5,-0.006,-0.004,0.002,0.009,-0.007,0.008,0.014,0.03,-0.04,94.80,0.0016,0.0005,0.0013,0.0006,1447,0.872,22.2,2.1,2.6,22.6,25.2,1.00,25.13,0.99531,0.708,285.81,25.20,14,1
101.450,hall_mission,9x4.5,pi5,-0.007,-0.005,0.002,0.008,-0.008,0.008,0.014,0.03,-0.04,94.80,0.0016,0.0004,0.0009,0.0010,1447,0.872,22.2,2.1,2.6,22.6,25.2,1.00,25.13,0.99530,0.709,285.82,25.20,14,1
101.498,hall_mission,9x4.5,pi5,-0.008,-0.006,0.002,0.007,-0.009,0.008,0.014,0.03,-0.04,94.79,0.0018,0.0003,0.0013,0.0006,1447,0.872,22.2,2.1,2.6,22.6,25.2,1.00,25.13,0.99530,0.709,285.81,25.20,14,1
101.546,hall_mission,9x4.5,pi5,-0.009,-0.006,0.002,0.006,-0.009,0.008,0.013,0.03,-0.04,94.79,0.0016,0.0004,0.0010,0.0010,1447,0.872,22.2,2.1,2.6,22.6,25.2,1.00,25.13,0.99530,0.709,285.82,25.20,14,1
101.598,hall_mission,9x4.5,pi5,-0.010,-0.007,0.002,0.005,-0.010,0.008,0.013,0.03,-0.04,94.79,0.0015,0.0005,0.0011,0.0009,1447,0.872,22.2,2.1,2.6,22.6,25.2,1.00,25.13,0.99530,0.710,285.81,25.20,14,1
101.650,hall_mission,9x4.5,pi5,-0.011,-0.007,0.002,0.004,-0.010,0.008,0.013,0.03,-0.04,94.79,0.0015,0.0005,0.0011,0.0009,1447,0.872,22.2,2.1,2.6,22.6,25.2,1.00,25.13,0.99529,0.710,285.81,25.20,14,1
101.698,hall_mission,9x4.5,pi5,-0.012,-0.008,0.001,0.004,-0.011,0.007,0.013,0.04,-0.04,94.79,0.0018,0.0002,0.0012,0.0008,1447,0.872,22.2,2.1,2.6,22.6,25.2,1.00,25.13,0.99529,0.710,285.81,25.20,14,1
101.750,hall_mission,9x4.5,pi5,-0.013,-0.008,0.001,0.003,-0.011,0.007,0.013,0.04,-0.04,94.79,0.0018,0.0003,0.0011,0.0008,1447,0.872,22.2,2.1,2.6,22.6,25.2,1.00,25.13,0.99529,0.711,285.81,25.20,14,1
101.798,hall_mission,9x4.5,pi5,-0.014,-0.009,-0.000,0.002,-0.012,0.006,0.014,0.04,-0.04,94.79,0.0015,0.0005,0.0011,0.0010,1447,0.872,22.2,2.1,2.6,22.6,25.2,1.00,25.13,0.99529,0.711,285.81,25.20,14,1
101.850,hall_mission,9x4.5,pi5,-0.015,-0.009,-0.001,0.002,-0.012,0.006,0.014,0.04,-0.04,94.79,0.0015,0.0005,0.0010,0.0010,1447,0.872,22.2,2.1,2.6,22.6,25.2,1.00,25.13,0.99528,0.712,285.81,25.20,14,1
101.898,hall_mission,9x4.5,pi5,-0.016,-0.010,-0.002,0.001,-0.013,0.005,0.014,0.04,-0.04,94.79,0.0017,0.0003,0.0010,0.0010,1447,0.872,22.2,2.1,2.6,22.6,25.2,1.00,25.13,0.99528,0.712,285.81,25.20,14,1
101.950,hall_mission,9x4.5,pi5,-0.017,-0.010,-0.003,0.001,-0.013,0.005,0.014,0.04,-0.03,94.79,0.0015,0.0005,0.0010,0.0010,1447,0.872,22.2,2.1,2.6,22.6,25.2,1.00,25.13,0.99528,0.712,285.80,25.20,14,1
101.998,hall_mission,9x4.5,pi5,-0.019,-0.011,-0.004,-0.000,-0.013,0.005,0.014,0.04,-0.03,94.79,0.0019,0.0001,0.0008,0.0012,1447,0.872,22.2,2.1,2.6,22.6,25.2,1.00,25.13,0.99528,0.713,285.80,25.20,14,1
102.050,hall_mission,9x4.5,pi5,-0.020,-0.012,-0.005,-0.001,-0.013,0.004,0.014,0.04,-0.03,94.79,0.0015,0.0004,0.0011,0.0009,1447,0.872,22.2,2.1,2.6,22.6,25.2,1.00,25.13,0.99528,0.713,285.80,25.20,14,1
102.098,hall_mission,9x4.5,pi5,-0.021,-0.012,-0.007,-0.002,-0.014,0.004,0.014,0.04,-0.03,94.79,0.0015,0.0004,0.0010,0.0011,1447,0.872,22.2,2.1,2.6,22.6,25.2,1.00,25.13,0.99527,0.713,285.80,25.20,14,1
102.150,hall_mission,9x4.5,pi5,-0.022,-0.013,-0.007,-0.002,-0.014,0.003,0.015,0.04,-0.03,94.79,0.0016,0.0004,0.0007,0.0013,1447,0.872,22.2,2.1,2.6,22.6,25.2,1.00,25.13,0.99527,0.714,285.80,25.20,14,1
102.198,hall_mission,9x4.5,pi5,-0.024,-0.014,-0.009,-0.003,-0.015,0.003,0.015,0.05,-0.03,94.79,0.0016,0.0004,0.0010,0.0011,1447,0.872,22.2,2.1,2.6,22.6,25.2,1.00,25.13,0.99527,0.714,285.80,25.20,14,1
102.250,hall_mission,9x4.5,pi5,-0.025,-0.015,-0.010,-0.003,-0.015,0.002,0.015,0.05,-0.03,94.79,0.0019,0.0001,0.0009,0.0011,1447,0.872,22.2,2.1,2.6,22.6,25.2,1.00,25.13,0.99527,0.714,285.80,25.20,14,1
102.298,hall_mission,9x4.5,pi5,-0.026,-0.016,-0.011,-0.003,-0.015,0.002,0.016,0.05,-0.03,94.79,0.0015,0.0006,0.0010,0.0009,1447,0.872,22.2,2.1,2.6,22.6,25.2,1.00,25.13,0.99526,0.715,285.80,25.20,14,1
102.350,hall_mission,9x4.5,pi5,-0.027,-0.017,-0.011,-0.003,-0.016,0.001,0.016,0.05,-0.03,94.79,0.0018,0.0003,0.0010,0.0009,1447,0.872,22.2,2.1,2.6,22.6,25.2,1.00,25.13,0.99526,0.715,285.80,25.20,14,1
102.398,hall_mission,9x4.5,pi5,-0.028,-0.017,-0.013,-0.004,-0.016,0.001,0.016,0.05,-0.03,94.79,0.0013,0.0007,0.0007,0.0013,1447,0.872,22.2,2.1,2.6,22.6,25.2,1.00,25.13,0.99526,0.715,285.80,25.20,14,1
102.450,hall_mission,9x4.5,pi5,-0.029,-0.018,-0.013,-0.004,-0.016,0.001,0.016,0.05,-0.04,94.79,0.0014,0.0006,0.0007,0.0013,1447,0.872,22.2,2.1,2.6,22.6,25.2,1.00,25.13,0.99526,0.716,285.80,25.20,14,1
102.498,hall_mission,9x4.5,pi5,-0.029,-0.018,-0.014,-0.004,-0.016,0.001,0.016,0.05,-0.04,94.79,0.0018,0.0001,0.0007,0.0013,1447,0.872,22.2,2.1,2.6,22.6,25.2,1.00,25.13,0.99525,0.716,285.79,25.20,14,1
102.546,hall_mission,9x4.5,pi5,-0.030,-0.018,-0.014,-0.004,-0.015,0.001,0.016,0.05,-0.04,94.79,0.0017,0.0003,0.0010,0.0010,1447,0.872,22.2,2.1,2.6,22.6,25.2,1.00,25.13,0.99525,0.716,285.79,25.20,14,1
102.598,hall_mission,9x4.5,pi5,-0.030,-0.018,-0.014,-0.004,-0.015,0.001,0.015,0.04,-0.04,94.79,0.0015,0.0006,0.0009,0.0010,1447,0.872,22.2,2.1,2.6,22.6,25.2,1.00,25.13,0.99525,0.717,285.79,25.20,14,1
102.650,hall_mission,9x4.5,pi5,-0.031,-0.017,-0.014,-0.004,-0.014,0.000,0.015,0.04,-0.04,94.79,0.0017,0.0004,0.0012,0.0007,1447,0.872,22.2,2.1,2.6,22.6,25.2,1.00,25.13,0.99525,0.717,285.79,25.20,14,1
102.698,hall_mission,9x4.5,pi5,-0.031,-0.017,-0.014,-0.004,-0.013,0.000,0.014,0.04,-0.04,94.79,0.0017,0.0003,0.0010,0.0011,1447,0.872,22.2,2.1,2.6,22.6,25.2,1.00,25.13,0.99525,0.717,285.79,25.20,14,1
102.750,hall_mission,9x4.5,pi5,-0.032,-0.016,-0.014,-0.004,-0.013,0.000,0.014,0.04,-0.05,94.79,0.0016,0.0004,0.0010,0.0010,1447,0.872,22.2,2.1,2.6,22.6,25.2,1.00,25.13,0.99524,0.718,285.79,25.20,14,1
102.798,hall_mission,9x4.5,pi5,-0.032,-0.016,-0.014,-0.004,-0.012,0.000,0.013,0.04,-0.05,94.79,0.0015,0.0005,0.0011,0.0009,1447,0.872,22.2,2.1,2.6,22.6,25.2,1.00,25.13,0.99524,0.718,285.78,25.20,14,1
102.846,hall_mission,9x4.5,pi5,-0.032,-0.015,-0.014,-0.004,-0.011,0.000,0.012,0.04,-0.05,94.79,0.0020,0.0000,0.0011,0.0009,1089,0.658,16.8,1.6,1.9,22.6,24.5,0.98,25.13,0.99524,0.719,293.06,25.20,14,1
102.898,hall_mission,9x4.5,pi5,-0.032,-0.015,-0.015,-0.004,-0.011,-0.000,0.011,0.04,-0.05,94.79,0.0016,0.0005,0.0009,0.0010,1447,0.872,22.2,2.1,2.6,22.6,25.2,1.00,25.13,0.99524,0.719,285.78,25.20,14,1
102.950,hall_mission,9x4.5,pi5,-0.032,-0.014,-0.015,-0.003,-0.010,-0.001,0.011,0.05,-0.05,94.79,0.0016,0.0004,0.0010,0.0011,1447,0.872,22.2,2.1,2.6,22.6,25.2,1.00,25.13,0.99523,0.719,285.78,25.20,14,1
102.998,hall_mission,9x4.5,pi5,-0.032,-0.014,-0.016,-0.003,-0.010,-0.001,0.010,0.04,-0.05,94.80,0.0017,0.0002,0.0011,0.0010,1447,0.872,22.2,2.1,2.6,22.6,25.2,1.00,25.13,0.99523,0.720,285.78,25.20,14,1
103.050,hall_mission,9x4.5,pi5,-0.032,-0.013,-0.016,-0.003,-0.009,-0.001,0.010,0.04,-0.05,94.80,0.0018,0.0002,0.0010,0.0011,1447,0.872,22.2,2.1,2.6,22.6,25.2,1.00,25.13,0.99523,0.720,285.78,25.20,14,1
103.098,hall_mission,9x4.5,pi5,-0.032,-0.013,-0.016,-0.002,-0.009,-0.002,0.009,0.04,-0.05,94.80,0.0012,0.0007,0.0010,0.0010,1447,0.872,22.2,2.1,2.6,22.6,25.2,1.00,25.13,0.99523,0.720,285.78,25.20,14,1
103.150,hall_mission,9x4.5,pi5,-0.032,-0.013,-0.017,-0.002,-0.008,-0.002,0.009,0.04,-0.05,94.80,0.0016,0.0004,0.0012,0.0008,1447,0.872,22.2,2.1,2.6,22.6,25.2,1.00,25.13,0.99522,0.721,285.78,25.20,14,1
103.198,hall_mission,9x4.5,pi5,-0.032,-0.012,-0.017,-0.002,-0.008,-0.002,0.008,0.04,-0.05,94.80,0.0016,0.0003,0.0015,0.0006,1447,0.872,22.2,2.1,2.6,22.6,25.2,1.00,25.13,0.99522,0.721,285.78,25.20,14,1
103.250,hall_mission,9x4.5,pi5,-0.032,-0.012,-0.017,-0.002,-0.007,-0.002,0.008,0.04,-0.05,94.80,0.0013,0.0005,0.0012,0.0009,1447,0.872,22.2,2.1,2.6,22.6,25.2,1.00,25.13,0.99522,0.721,285.78,25.20,14,1
103.298,hall_mission,9x4.5,pi5,-0.032,-0.011,-0.017,-0.001,-0.007,-0.002,0.007,0.04,-0.05,94.80,0.0019,0.0000,0.0009,0.0011,1447,0.872,22.2,2.1,2.6,22.6,25.2,1.00,25.13,0.99522,0.722,285.77,25.20,14,1
103.350,hall_mission,9x4.5,pi5,-0.032,-0.011,-0.017,-0.001,-0.007,-0.002,0.007,0.04,-0.05,94.80,0.0016,0.0003,0.0011,0.0010,1447,0.872,22.2,2.1,2.6,22.6,25.2,1.00,25.13,0.99522,0.722,285.78,25.20,14,1
103.398,hall_mission,9x4.5,pi5,-0.032,-0.011,-0.017,-0.001,-0.006,-0.002,0.007,0.04,-0.05,94.81,0.0015,0.0004,0.0012,0.0009,1447,0.872,22.2,2.1,2.6,22.6,25.2,1.00,25.13,0.99521,0.722,285.77,25.20,14,1
103.450,hall_mission,9x4.5,pi5,-0.032,-0.011,-0.016,-0.001,-0.006,-0.002,0.006,0.04,-0.05,94.81,0.0017,0.0002,0.0011,0.0010,1447,0.872,22.2,2.1,2.6,22.6,25.2,1.00,25.13,0.99521,0.723,285.77,25.20,14,1
103.498,hall_mission,9x4.5,pi5,-0.032,-0.010,-0.015,-0.001,-0.006,-0.001,0.006,0.04,-0.05,94.80,0.0017,0.0003,0.0014,0.0006,1447,0.872,22.2,2.1,2.6,22.6,25.2,1.00,25.13,0.99521,0.723,285.77,25.20,14,1
103.550,hall_mission,9x4.5,pi5,-0.032,-0.010,-0.014,-0.001,-0.006,-0.001,0.006,0.04,-0.06,94.80,0.0016,0.0004,0.0012,0.0008,1447,0.872,22.2,2.1,2.6,22.6,25.2,1.00,25.13,0.99521,0.723,285.77,25.20,14,1
103.598,hall_mission,9x4.5,pi5,-0.033,-0.010,-0.013,-0.002,-0.006,-0.000,0.006,0.04,-0.06,94.80,0.0017,0.0003,0.0012,0.0008,1447,0.872,22.2,2.1,2.6,22.6,25.2,1.00,25.13,0.99520,0.724,285.77,25.20,14,1
103.650,hall_mission,9x4.5,pi5,-0.034,-0.010,-0.012,-0.002,-0.005,0.001,0.006,0.04,-0.06,94.80,0.0019,0.0002,0.0011,0.0009,1447,0.872,22.2,2.1,2.6,22.6,25.2,1.00,25.13,0.99520,0.724,285.77,25.20,14,1
103.698,hall_mission,9x4.5,pi5,-0.035,-0.010,-0.011,-0.003,-0.005,0.001,0.006,0.04,-0.06,94.80,0.0018,0.0002,0.0008,0.0011,1447,0.872,22.2,2.1,2.6,22.6,25.2,1.00,25.13,0.99520,0.724,285.77,25.20,14,1
103.750,hall_mission,9x4.5,pi5,-0.036,-0.010,-0.010,-0.003,-0.005,0.002,0.006,0.04,-0.06,94.80,0.0017,0.0003,0.0009,0.0010,1447,0.872,22.2,2.1,2.6,22.6,25.2,1.00,25.13,0.99520,0.725,285.76,25.20,14,1
103.798,hall_mission,9x4.5,pi5,-0.037,-0.010,-0.008,-0.004,-0.004,0.002,0.006,0.04,-0.06,94.80,0.0017,0.0003,0.0009,0.0011,1447,0.872,22.2,2.1,2.6,22.6,25.2,1.00,25.13,0.99519,0.725,285.77,25.20,14,1
103.850,hall_mission,9x4.5,pi5,-0.038,-0.010,-0.007,-0.004,-0.004,0.003,0.007,0.05,-0.06,94.80,0.0017,0.0003,0.0008,0.0011,1447,0.872,22.2,2.1,2.6,22.6,25.2,1.00,25.13,0.99519,0.726,285.76,25.20,14,1
103.898,hall_mission,9x4.5,pi5,-0.039,-0.010,-0.006,-0.004,-0.004,0.003,0.007,0.05,-0.06,94.80,0.0020,0.0001,0.0012,0.0007,1447,0.872,22.2,2.1,2.6,22.6,25.2,1.00,25.13,0.99519,0.726,285.77,25.20,14,1
103.950,hall_mission,9x4.5,pi5,-0.039,-0.010,-0.006,-0.005,-0.004,0.003,0.007,0.05,-0.06,94.80,0.0020,0.0001,0.0006,0.0012,1447,0.872,22.2,2.1,2.6,22.6,25.2,1.00,25.13,0.99519,0.726,285.76,25.20,14,1
103.998,hall_mission,9x4.5,pi5,-0.040,-0.009,-0.005,-0.004,-0.003,0.004,0.007,0.05,-0.06,94.80,0.0017,0.0003,0.0011,0.0009,1447,0.872,22.2,2.1,2.6,22.6,25.2,1.00,25.13,0.99519,0.727,285.76,25.20,14,1
104.050,hall_mission,9x4.5,pi5,-0.040,-0.009,-0.005,-0.004,-0.003,0.004,0.007,0.05,-0.06,94.80,0.0020,0.0000,0.0011,0.0008,1447,0.872,22.2,2.1,2.6,22.6,25.2,1.00,25.13,0.99518,0.727,285.76,25.20,14,1
104.098,hall_mission,9x4.5,pi5,-0.040,-0.009,-0.004,-0.004,-0.003,0.004,0.006,0.05,-0.06,94.80,0.0020,0.0001,0.0011,0.0008,1447,0.872,22.2,2.1,2.6,22.6,25.2,1.00,25.13,0.99518,0.727,285.76,25.20,14,1
104.150,hall_mission,9x4.5,pi5,-0.040,-0.008,-0.003,-0.004,-0.002,0.004,0.006,0.05,-0.06,94.80,0.0016,0.0005,0.0011,0.0008,1447,0.872,22.2,2.1,2.6,22.6,25.2,1.00,25.13,0.99518,0.728,285.76,25.20,14,1
104.198,hall_mission,9x4.5,pi5,-0.041,-0.007,-0.003,-0.004,-0.002,0.004,0.006,0.05,-0.06,94.80,0.0017,0.0004,0.0013,0.0006,1447,0.872,22.2,2.1,2.6,22.6,25.2,1.00,25.13,0.99518,0.728,285.76,25.20,14,1
104.250,hall_mission,9x4.5,pi5,-0.041,-0.007,-0.002,-0.004,-0.001,0.004,0.006,0.05,-0.06,94.80,0.0018,0.0003,0.0010,0.0010,1447,0.872,22.2,2.1,2.6,22.6,25.2,1.00,25.13,0.99517,0.728,285.76,25.20,14,1
104.298,hall_mission,9x4.5,pi5,-0.042,-0.006,-0.002,-0.005,-0.000,0.005,0.007,0.05,-0.06,94.80,0.0020,0.0001,0.0009,0.0010,1447,0.872,22.2,2.1,2.6,22.6,25.2,1.00,25.13,0.99517,0.729,285.75,25.20,14,1
104.350,hall_mission,9x4.5,pi5,-0.042,-0.005,-0.001,-0.005,0.000,0.005,0.007,0.05,-0.06,94.80,0.0018,0.0002,0.0010,0.0009,1447,0.872,22.2,2.1,2.6,22.6,25.2,1.00,25.13,0.99517,0.729,285.76,25.20,14,1
104.398,hall_mission,9x4.5,pi5,-0.043,-0.004,-0.000,-0.005,0.001,0.005,0.007,0.05,-0.06,94.80,0.0017,0.0003,0.0013,0.0006,1447,0.872,22.2,2.1,2.6,22.6,25.2,1.00,25.13,0.99517,0.729,285.75,25.20,14,1
104.450,hall_mission,9x4.5,pi5,-0.043,-0.004,0.000,-0.005,0.001,0.005,0.007,0.05,-0.06,94.80,0.0014,0.0006,0.0011,0.0008,1447,0.872,22.2,2.1,2.6,22.6,25.2,1.00,25.13,0.99516,0.730,285.75,25.20,14,1
104.498,hall_mission,9x4.5,pi5,-0.043,-0.003,0.002,-0.005,0.001,0.006,0.007,0.05,-0.06,94.80,0.0019,0.0002,0.0011,0.0008,1447,0.872,22.2,2.1,2.6,22.6,25.2,1.00,25.13,0.99516,0.730,285.75,25.20,14,1
104.546,hall_mission,9x4.5,pi5,-0.043,-0.003,0.002,-0.004,0.001,0.006,0.007,0.05,-0.06,94.80,0.0017,0.0003,0.0013,0.0007,1447,0.872,22.2,2.1,2.6,22.6,25.2,1.00,25.13,0.99516,0.730,285.75,25.20,14,1
104.598,hall_mission,9x4.5,pi5,-0.043,-0.002,0.004,-0.004,0.001,0.006,0.007,0.04,-0.06,94.80,0.0017,0.0004,0.0008,0.0011,1447,0.872,22.2,2.1,2.6,22.6,25.2,1.00,25.13,0.99516,0.731,285.75,25.20,14,1
104.650,hall_mission,9x4.5,pi5,-0.043,-0.002,0.005,-0.003,0.001,0.006,0.007,0.04,-0.06,94.80,0.0017,0.0003,0.0009,0.0011,1447,0.872,22.2,2.1,2.6,22.6,25.2,1.00,25.13,0.99515,0.731,285.75,25.20,14,1
104.698,hall_mission,9x4.5,pi5,-0.042,-0.001,0.006,-0.003,0.002,0.007,0.008,0.04,-0.06,94.80,0.0019,0.0002,0.0011,0.0009,1447,0.872,22.2,2.1,2.6,22.6,25.2,1.00,25.13,0.99515,0.731,285.75,25.20,14,1
104.750,hall_mission,9x4.5,pi5,-0.042,-0.001,0.007,-0.003,0.002,0.007,0.008,0.04,-0.06,94.80,0.0020,0.0001,0.0011,0.0008,1447,0.872,22.2,2.1,2.6,22.6,25.2,1.00,25.13,0.99515,0.732,285.74,25.20,14,1
104.798,hall_mission,9x4.5,pi5,-0.042,-0.000,0.008,-0.002,0.002,0.007,0.007,0.04,-0.06,94.80,0.0020,0.0001,0.0011,0.0008,1447,0.872,22.2,2.1,2.6,22.6,25.2,1.00,25.13,0.99515,0.732,285.75,25.20,14,1
104.850,hall_mission,9x4.5,pi5,-0.042,0.000,0.008,-0.002,0.002,0.007,0.008,0.04,-0.06,94.80,0.0016,0.0005,0.0012,0.0007,1447,0.872,22.2,2.1,2.6,22.6,25.2,1.00,25.13,0.99515,0.733,285.74,25.20,14,1
104.898,hall_mission,9x4.5,pi5,-0.042,0.001,0.009,-0.001,0.002,0.007,0.008,0.04,-0.06,94.80,0.0014,0.0005,0.0010,0.0010,1447,0.872,22.2,2.1,2.6,22.6,25.2,1.00,25.13,0.99514,0.733,285.74,25.20,14,1
104.950,hall_mission,9x4.5,pi5,-0.042,0.001,0.010,-0.001,0.002,0.007,0.008,0.04,-0.06,94.80,0.0015,0.0005,0.0011,0.0009,1447,0.872,22.2,2.1,2.6,22.6,25.2,1.00,25.13,0.99514,0.733,285.74,25.20,14,1
104.998,hall_mission,9x4.5,pi5,-0.041,0.002,0.011,-0.000,0.002,0.007,0.008,0.04,-0.05,94.80,0.0016,0.0004,0.0015,0.0006,1447,0.872,22.2,2.1,2.6,22.6,25.2,1.00,25.13,0.99514,0.734,285.74,25.20,14,1
105.046,hall_mission,9x4.5,pi5,-0.041,0.002,0.012,0.000,0.002,0.007,0.008,0.03,-0.05,94.80,0.0017,0.0003,0.0012,0.0008,1447,0.872,22.2,2.1,2.6,22.6,25.2,1.00,25.13,0.99514,0.734,285.74,25.20,14,1
105.098,hall_mission,9x4.5,pi5,-0.040,0.003,0.013,0.001,0.002,0.007,0.008,0.03,-0.05,94.80,0.0016,0.0003,0.0011,0.0009,1447,0.872,22.2,2.1,2.6,22.6,25.2,1.00,25.13,0.99513,0.734,285.74,25.20,14,1
105.150,hall_mission,9x4.5,pi5,-0.040,0.003,0.013,0.002,0.002,0.007,0.008,0.03,-0.05,94.80,0.0016,0.0004,0.0011,0.0009,1447,0.872,22.2,2.1,2.6,22.6,25.2,1.00,25.13,0.99513,0.735,285.74,25.20,14,1
105.198,hall_mission,9x4.5,pi5,-0.039,0.002,0.014,0.003,0.001,0.007,0.008,0.03,-0.05,94.80,0.0019,0.0000,0.0008,0.0013,1447,0.872,22.2,2.1,2.6,22.6,25.2,1.00,25.13,0.99513,0.735,285.74,25.20,14,1
105.250,hall_mission,9x4.5,pi5,-0.038,0.002,0.014,0.003,0.001,0.008,0.008,0.03,-0.05,94.80,0.0020,0.0001,0.0009,0.0010,1447,0.872,22.2,2.1,2.6,22.6,25.2,1.00,25.13,0.99513,0.735,285.74,25.20,14,1
105.298,hall_mission,9x4.5,pi5,-0.038,0.002,0.015,0.004,-0.000,0.008,0.009,0.03,-0.05,94.79,0.0014,0.0006,0.0012,0.0008,1447,0.872,22.2,2.1,2.6,22.6,25.2,1.00,25.13,0.99512,0.736,285.73,25.20,14,1
105.350,hall_mission,9x4.5,pi5,-0.037,0.001,0.015,0.005,-0.001,0.008,0.009,0.03,-0.05,94.79,0.0017,0.0003,0.0012,0.0008,1447,0.872,22.2,2.1,2.6,22.6,25.2,1.00,25.13,0.99512,0.736,285.74,25.20,14,1
105.398,hall_mission,9x4.5,pi5,-0.036,0.000,0.015,0.005,-0.002,0.007,0.009,0.03,-0.05,94.79,0.0016,0.0004,0.0014,0.0006,1447,0.872,22.2,2.1,2.6,22.6,25.2,1.00,25.13,0.99512,0.736,285.73,25.20,14,1
105.450,hall_mission,9x4.5,pi5,-0.036,-0.000,0.015,0.006,-0.002,0.007,0.010,0.03,-0.05,94.79,0.0015,0.0005,0.0013,0.0007,1447,0.872,22.2,2.1,2.6,22.6,25.2,1.00,25.13,0.99512,0.737,285.73,25.20,14,1
105.498,hall_mission,9x4.5,pi5,-0.035,-0.001,0.015,0.006,-0.003,0.007,0.010,0.03,-0.05,94.79,0.0015,0.0006,0.0011,0.0008,1447,0.872,22.2,2.1,2.6,22.6,25.2,1.00,25.13,0.99512,0.737,285.73,25.20,14,1
105.550,hall_mission,9x4.5,pi5,-0.035,-0.002,0.015,0.006,-0.004,0.007,0.010,0.03,-0.04,94.79,0.0018,0.0003,0.0011,0.0008,1447,0.872,22.2,2.1,2.6,22.6,25.2,1.00,25.13,0.99511,0.737,285.73,25.20,14,1
105.598,hall_mission,9x4.5,pi5,-0.035,-0.003,0.015,0.006,-0.004,0.007,0.010,0.03,-0.04,94.79,0.0018,0.0004,0.0009,0.0010,1447,0.872,22.2,2.1,2.6,22.6,25.2,1.00,25.13,0.99511,0.738,285.73,25.20,14,1
105.650,hall_mission,9x4.5,pi5,-0.035,-0.004,0.015,0.006,-0.005,0.006,0.010,0.03,-0.04,94.79,0.0016,0.0006,0.0010,0.0009,1447,0.872,22.2,2.1,2.6,22.6,25.2,1.00,25.13,0.99511,0.738,285.73,25.20,14,1
105.698,hall_mission,9x4.5,pi5,-0.035,-0.004,0.015,0.006,-0.006,0.006,0.010,0.03,-0.04,94.78,0.0017,0.0004,0.0011,0.0008,1447,0.872,22.2,2.1,2.6,22.6,25.2,1.00,25.13,0.99511,0.738,285.72,25.20,14,1
105.750,hall_mission,9x4.5,pi5,-0.035,-0.005,0.015,0.006,-0.006,0.006,0.010,0.03,-0.04,94.78,0.0019,0.0002,0.0010,0.0009,1447,0.872,22.2,2.1,2.6,22.6,25.2,1.00,25.13,0.99510,0.739,285.72,25.20,14,1
105.798,hall_mission,9x4.5,pi5,-0.035,-0.006,0.015,0.006,-0.007,0.006,0.011,0.03,-0.04,94.78,0.0015,0.0006,0.0011,0.0008,1447,0.872,22.2,2.1,2.6,22.6,25.2,1.00,25.13,0.99510,0.739,285.72,25.20,14,1
105.850,hall_mission,9x4.5,pi5,-0.036,-0.006,0.015,0.005,-0.008,0.006,0.011,0.03,-0.04,94.78,0.0014,0.0006,0.0010,0.0010,1447,0.872,22.2,2.1,2.6,22.6,25.2,1.00,25.13,0.99510,0.740,285.72,25.20,14,1
105.898,hall_mission,9x4.5,pi5,-0.036,-0.007,0.015,0.005,-0.008,0.006,0.011,0.04,-0.04,94.78,0.0013,0.0008,0.0011,0.0009,1447,0.872,22.2,2.1,2.6,22.6,25.2,1.00,25.13,0.99510,0.740,285.72,25.20,14,1
105.950,hall_mission,9x4.5,pi5,-0.037,-0.008,0.015,0.004,-0.009,0.006,0.011,0.04,-0.04,94.78,0.0013,0.0008,0.0011,0.0008,1447,0.872,22.2,2.1,2.6,22.6,25.2,1.00,25.13,0.99509,0.740,285.72,25.20,14,1
105.998,hall_mission,9x4.5,pi5,-0.038,-0.009,0.016,0.003,-0.009,0.006,0.011,0.04,-0.04,94.78,0.0018,0.0003,0.0010,0.0009,1447,0.872,22.2,2.1,2.6,22.6,25.2,1.00,25.13,0.99509,0.741,285.72,25.20,14,1
106.050,hall_mission,9x4.5,pi5,-0.038,-0.009,0.016,0.003,-0.009,0.006,0.011,0.04,-0.04,94.78,0.0013,0.0008,0.0009,0.0010,1447,0.872,22.2,2.1,2.6,22.6,25.2,1.00,25.13,0.99509,0.741,285.72,25.20,14,1
106.098,hall_mission,9x4.5,pi5,-0.039,-0.009,0.017,0.002,-0.009,0.006,0.011,0.04,-0.04,94.78,0.0017,0.0004,0.0012,0.0008,1447,0.872,22.2,2.1,2.6,22.6,25.2,1.00,25.13,0.99509,0.741,285.72,25.20,14,1
106.150,hall_mission,9x4.5,pi5,-0.039,-0.009,0.017,0.001,-0.009,0.006,0.011,0.04,-0.04,94.78,0.0017,0.0003,0.0010,0.0010,1447,0.872,22.2,2.1,2.6,22.6,25.2,1.00,25.13,0.99509,0.742,285.72,25.20,14,1
106.198,hall_mission,9x4.5,pi5,-0.040,-0.009,0.018,0.001,-0.008,0.006,0.010,0.04,-0.04,94.78,0.0017,0.0003,0.0008,0.0012,1447,0.872,22.2,2.1,2.6,22.6,25.2,1.00,25.13,0.99508,0.742,285.72,25.20,14,1
106.250,hall_mission,9x4.5,pi5,-0.040,-0.009,0.018,0.000,-0.008,0.006,0.010,0.04,-0.04,94.79,0.0016,0.0004,0.0008,0.0011,1447,0.872,22.2,2.1,2.6,22.6,25.2,1.00,25.13,0.99508,0.742,285.71,25.20,14,1
106.298,hall_mission,9x4.5,pi5,-0.041,-0.009,0.018,-0.001,-0.008,0.006,0.010,0.05,-0.04,94.79,0.0017,0.0003,0.0013,0.0007,1447,0.872,22.2,2.1,2.6,22.6,25.2,1.00,25.13,0.99508,0.743,285.71,25.20,14,1
106.350,hall_mission,9x4.5,pi5,-0.041,-0.008,0.018,-0.001,-0.007,0.006,0.009,0.05,-0.04,94.79,0.0016,0.0004,0.0012,0.0007,1447,0.872,22.2,2.1,2.6,22.6,25.2,1.00,25.13,0.99508,0.743,285.71,25.20,14,1
106.398,hall_mission,9x4.5,pi5,-0.042,-0.008,0.019,-0.002,-0.007,0.005,0.009,0.05,-0.05,94.79,0.0018,0.0001,0.0008,0.0012,1447,0.872,22.2,2.1,2.6,22.6,25.2,1.00,25.13,0.99507,0.743,285.71,25.20,14,1
106.450,hall_mission,9x4.5,pi5,-0.042,-0.008,0.019,-0.002,-0.007,0.005,0.009,0.05,-0.05,94.79,0.0017,0.0002,0.0011,0.0011,1447,0.872,22.2,2.1,2.6,22.6,25.2,1.00,25.13,0.99507,0.744,285.71,25.20,14,1
106.498,hall_mission,9x4.5,pi5,-0.042,-0.008,0.019,-0.002,-0.007,0.005,0.009,0.05,-0.05,94.79,0.0018,0.0002,0.0008,0.0013,1447,0.872,22.2,2.1,2.6,22.6,25.2,1.00,25.13,0.99507,0.744,285.71,25.20,14,1
106.550,hall_mission,9x4.5,pi5,-0.043,-0.009,0.019,-0.003,-0.007,0.005,0.009,0.05,-0.05,94.79,0.0017,0.0003,0.0012,0.0008,1447,0.872,22.2,2.1,2.6,22.6,25.2,1.00,25.13,0.99507,0.744,285.71,25.20,14,1
106.598,hall_mission,9x4.5,pi5,-0.043,-0.009,0.019,-0.003,-0.007,0.005,0.009,0.05,-0.05,94.79,0.0014,0.0005,0.0008,0.0012,1447,0.872,22.2,2.1,2.6,22.6,25.2,1.00,25.13,0.99506,0.745,285.70,25.20,14,1
106.650,hall_mission,9x4.5,pi5,-0.044,-0.009,0.019,-0.004,-0.007,0.005,0.009,0.05,-0.05,94.79,0.0015,0.0004,0.0010,0.0011,1447,0.872,22.2,2.1,2.6,22.6,25.2,1.00,25.13,0.99506,0.745,285.71,25.20,14,1
106.698,hall_mission,9x4.5,pi5,-0.044,-0.009,0.019,-0.004,-0.007,0.005,0.010,0.05,-0.04,94.79,0.0017,0.0004,0.0008,0.0011,1447,0.872,22.2,2.1,2.6,22.6,25.2,1.00,25.13,0.99506,0.745,285.70,25.20,14,1
106.750,hall_mission,9x4.5,pi5,-0.045,-0.009,0.019,-0.005,-0.008,0.005,0.010,0.05,-0.05,94.79,0.0017,0.0004,0.0011,0.0008,1447,0.872,22.2,2.1,2.6,22.6,25.2,1.00,25.13,0.99506,0.746,285.70,25.20,14,1
106.798,hall_mission,9x4.5,pi5,-0.045,-0.010,0.019,-0.005,-0.008,0.004,0.010,0.05,-0.04,94.79,0.0017,0.0003,0.0012,0.0008,1447,0.872,22.2,2.1,2.6,22.6,25.2,1.00,25.13,0.99506,0.746,285.70,25.20,14,1
106.850,hall_mission,9x4.5,pi5,-0.045,-0.011,0.019,-0.005,-0.008,0.004,0.010,0.05,-0.04,94.79,0.0014,0.0006,0.0009,0.0011,1447,0.872,22.2,2.1,2.6,22.6,25.2,1.00,25.13,0.99505,0.747,285.70,25.20,14,1
106.898,hall_mission,9x4.5,pi5,-0.044,-0.011,0.019,-0.005,-0.009,0.004,0.010,0.05,-0.04,94.79,0.0014,0.0006,0.0010,0.0011,1447,0.872,22.2,2.1,2.6,22.6,25.2,1.00,25.13,0.99505,0.747,285.70,25.20,14,1
106.950,hall_mission,9x4.5,pi5,-0.044,-0.012,0.019,-0.004,-0.009,0.003,0.010,0.05,-0.04,94.79,0.0015,0.0005,0.0007,0.0013,1447,0.872,22.2,2.1,2.6,22.6,25.2,1.00,25.13,0.99505,0.747,285.70,25.20,14,1
106.998,hall_mission,9x4.5,pi5,-0.044,-0.012,0.018,-0.004,-0.008,0.003,0.010,0.05,-0.04,94.79,0.0017,0.0003,0.0009,0.0011,1447,0.872,22.2,2.1,2.6,22.6,25.2,1.00,25.13,0.99505,0.748,285.70,25.20,14,1
107.050,hall_mission,9x4.5,pi5,-0.044,-0.012,0.018,-0.004,-0.008,0.003,0.009,0.05,-0.04,94.79,0.0019,0.0001,0.0010,0.0010,1447,0.872,22.2,2.1,2.6,22.6,25.2,1.00,25.13,0.99504,0.748,285.69,25.20,14,1
107.098,hall_mission,9x4.5,pi5,-0.043,-0.011,0.018,-0.004,-0.008,0.003,0.009,0.05,-0.04,94.79,0.0015,0.0006,0.0010,0.0009,1447,0.872,22.2,2.1,2.6,22.6,25.2,1.00,25.13,0.99504,0.748,285.70,25.20,14,1
107.150,hall_mission,9x4.5,pi5,-0.043,-0.011,0.018,-0.004,-0.007,0.003,0.009,0.05,-0.04,94.79,0.0019,0.0001,0.0013,0.0007,1447,0.872,22.2,2.1,2.6,22.6,25.2,1.00,25.13,0.99504,0.749,285.69,25.20,14,1
107.198,hall_mission,9x4.5,pi5,-0.043,-0.011,0.017,-0.003,-0.007,0.003,0.008,0.04,-0.05,94.79,0.0015,0.0005,0.0009,0.0010,1447,0.872,22.2,2.1,2.6,22.6,25.2,1.00,25.13,0.99504,0.749,285.70,25.20,14,1
107.250,hall_mission,9x4.5,pi5,-0.043,-0.011,0.017,-0.003,-0.007,0.003,0.008,0.04,-0.05,94.79,0.0017,0.0004,0.0006,0.0013,1447,0.872,22.2,2.1,2.6,22.6,25.2,1.00,25.13,0.99503,0.749,285.69,25.20,14,1
107.298,hall_mission,9x4.5,pi5,-0.042,-0.010,0.017,-0.003,-0.006,0.003,0.007,0.04,-0.05,94.79,0.0017,0.0004,0.0013,0.0006,1447,0.872,22.2,2.1,2.6,22.6,25.2,1.00,25.13,0.99503,0.750,285.69,25.20,14,1
107.350,hall_mission,9x4.5,pi5,-0.042,-0.010,0.018,-0.003,-0.006,0.003,0.007,0.04,-0.05,94.79,0.0017,0.0004,0.0007,0.0012,1447,0.872,22.2,2.1,2.6,22.6,25.2,1.00,25.13,0.99503,0.750,285.69,25.20,14,1
107.398,hall_mission,9x4.5,pi5,-0.042,-0.009,0.018,-0.002,-0.005,0.003,0.006,0.04,-0.05,94.79,0.0019,0.0003,0.0010,0.0008,1447,0.872,22.2,2.1,2.6,22.6,25.2,1.00,25.13,0.99503,0.750,285.69,25.20,14,1
107.450,hall_mission,9x4.5,pi5,-0.041,-0.009,0.018,-0.002,-0.005,0.003,0.006,0.04,-0.05,94.79,0.0018,0.0003,0.0014,0.0005,1447,0.872,22.2,2.1,2.6,22.6,25.2,1.00,25.13,0.99502,0.751,285.69,25.20,14,1
107.498,hall_mission,9x4.5,pi5,-0.041,-0.008,0.018,-0.002,-0.004,0.003,0.006,0.04,-0.05,94.79,0.0017,0.0004,0.0010,0.0010,1447,0.872,22.2,2.1,2.6,22.6,25.2,1.00,25.13,0.99502,0.751,285.69,25.20,14,1
107.550,hall_mission,9x4.5,pi5,-0.041,-0.008,0.018,-0.002,-0.004,0.003,0.005,0.04,-0.05,94.79,0.0018,0.0002,0.0013,0.0006,1447,0.872,22.2,2.1,2.6,22.6,25.2,1.00,25.13,0.99502,0.751,285.69,25.20,14,1
107.598,hall_mission,9x4.5,pi5,-0.041,-0.007,0.018,-0.002,-0.003,0.003,0.005,0.04,-0.06,94.78,0.0020,0.0001,0.0007,0.0012,1447,0.872,22.2,2.1,2.6,22.6,25.2,1.00,25.13,0.99502,0.752,285.68,25.20,14,1
107.646,hall_mission,9x4.5,pi5,-0.041,-0.006,0.018,-0.002,-0.002,0.003,0.004,0.05,-0.06,94.79,0.0020,0.0000,0.0013,0.0006,1447,0.872,22.2,2.1,2.6,22.6,25.2,1.00,25.13,0.99502,0.752,285.68,25.20,14,1
107.698,hall_mission,9x4.5,pi5,-0.041,-0.006,0.018,-0.002,-0.002,0.003,0.004,0.05,-0.06,94.79,0.0017,0.0003,0.0012,0.0009,1447,0.872,22.2,2.1,2.6,22.6,25.2,1.00,25.13,0.99501,0.752,285.68,25.20,14,1
107.750,hall_mission,9x4.5,pi5,-0.040,-0.005,0.018,-0.002,-0.001,0.003,0.004,0.04,-0.06,94.79,0.0015,0.0005,0.0011,0.0009,1447,0.872,22.2,2.1,2.6,22.6,25.2,1.00,25.13,0.99501,0.753,285.68,25.20,14,1
107.798,hall_mission,9x4.5,pi5,-0.040,-0.005,0.017,-0.002,-0.001,0.003,0.003,0.05,-0.06,94.79,0.0015,0.0005,0.0009,0.0011,1447,0.872,22.2,2.1,2.6,22.6,25.2,1.00,25.13,0.99501,0.753,285.68,25.20,14,1
107.850,hall_mission,9x4.5,pi5,-0.040,-0.004,0.017,-0.001,-0.000,0.003,0.003,0.05,-0.06,94.79,0.0017,0.0004,0.0011,0.0009,1447,0.872,22.2,2.1,2.6,22.6,25.2,1.00,25.13,0.99501,0.754,285.68,25.20,14,1
107.898,hall_mission,9x4.5,pi5,-0.039,-0.004,0.017,-0.001,-0.000,0.003,0.003,0.04,-0.06,94.79,0.0019,0.0002,0.0011,0.0009,1447,0.872,22.2,2.1,2.6,22.6,25.2,1.00,25.13,0.99500,0.754,285.68,25.20,14,1
107.950,hall_mission,9x4.5,pi5,-0.039,-0.004,0.016,-0.001,-0.000,0.003,0.003,0.04,-0.06,94.79,0.0017,0.0003,0.0007,0.0012,1447,0.872,22.2,2.1,2.6,22.6,25.2,1.00,25.13,0.99500,0.754,285.68,25.20,14,1
107.998,hall_mission,9x4.5,pi5,-0.038,-0.004,0.016,-0.000,-0.000,0.002,0.002,0.04,-0.06,94.78,0.0018,0.0003,0.0010,0.0009,1447,0.872,22.2,2.1,2.6,22.6,25.2,1.00,25.13,0.99500,0.755,285.68,25.20,14,1
108.050,hall_mission,9x4.5,pi5,-0.037,-0.004,0.016,-0.000,-0.000,0.002,0.002,0.04,-0.06,94.78,0.0019,0.0003,0.0010,0.0008,1447,0.872,22.2,2.1,2.6,22.6,25.2,1.00,25.13,0.99500,0.755,285.67,25.20,14,1
108.098,hall_mission,9x4.5,pi5,-0.037,-0.004,0.015,0.000,-0.001,0.003,0.003,0.04,-0.06,94.78,0.0017,0.0004,0.0009,0.0010,1447,0.872,22.2,2.1,2.6,22.6,25.2,1.00,25.13,0.99499,0.755,285.68,25.20,14,1
108.146,hall_mission,9x4.5,pi5,-0.036,-0.004,0.015,0.001,-0.001,0.003,0.003,0.04,-0.05,94.78,0.0019,0.0002,0.0010,0.0009,1447,0.872,22.2,2.1,2.6,22.6,25.2,1.00,25.13,0.99499,0.756,285.67,25.20,14,1
108.198,hall_mission,9x4.5,pi5,-0.035,-0.004,0.016,0.001,-0.001,0.003,0.003,0.04,-0.05,94.78,0.0018,0.0004,0.0010,0.0008,1447,0.872,22.2,2.1,2.6,22.6,25.2,1.00,25.13,0.99499,0.756,285.67,25.20,14,1
108.250,hall_mission,9x4.5,pi5,-0.035,-0.004,0.016,0.001,-0.000,0.003,0.003,0.04,-0.05,94.78,0.0020,0.0001,0.0011,0.0008,1447,0.872,22.2,2.1,2.6,22.6,25.2,1.00,25.13,0.99499,0.756,285.67,25.20,14,1
108.298,hall_mission,9x4.5,pi5,-0.034,-0.004,0.016,0.001,-0.001,0.003,0.003,0.04,-0.06,94.78,0.0017,0.0003,0.0010,0.0009,1447,0.872,22.2,2.1,2.6,22.6,25.2,1.00,25.13,0.99499,0.757,285.67,25.20,14,1
108.350,hall_mission,9x4.5,pi5,-0.034,-0.004,0.016,0.001,-0.001,0.003,0.003,0.04,-0.05,94.78,0.0017,0.0004,0.0010,0.0010,1447,0.872,22.2,2.1,2.6,22.6,25.2,1.00,25.13,0.99498,0.757,285.67,25.20,14,1
108.398,hall_mission,9x4.5,pi5,-0.034,-0.005,0.016,0.001,-0.002,0.003,0.003,0.05,-0.05,94.78,0.0019,0.0002,0.0009,0.0010,1447,0.872,22.2,2.1,2.6,22.6,25.2,1.00,25.13,0.99498,0.757,285.67,25.20,14,1
108.450,hall_mission,9x4.5,pi5,-0.034,-0.005,0.016,0.000,-0.002,0.003,0.004,0.05,-0.05,94.78,0.0019,0.0002,0.0006,0.0013,1447,0.872,22.2,2.1,2.6,22.6,25.2,1.00,25.13,0.99498,0.758,285.67,25.20,14,1
108.498,hall_mission,9x4.5,pi5,-0.034,-0.005,0.016,-0.000,-0.002,0.003,0.004,0.05,-0.05,94.78,0.0017,0.0004,0.0011,0.0008,1447,0.872,22.2,2.1,2.6,22.6,25.2,1.00,25.13,0.99498,0.758,285.67,25.20,14,1
108.550,hall_mission,9x4.5,pi5,-0.035,-0.005,0.016,-0.001,-0.002,0.004,0.004,0.05,-0.06,94.78,0.0017,0.0003,0.0011,0.0009,1447,0.872,22.2,2.1,2.6,22.6,25.2,1.00,25.13,0.99497,0.758,285.67,25.20,14,1
108.598,hall_mission,9x4.5,pi5,-0.035,-0.005,0.017,-0.001,-0.001,0.004,0.004,0.05,-0.06,94.78,0.0018,0.0002,0.0007,0.0012,1447,0.872,22.2,2.1,2.6,22.6,25.2,1.00,25.13,0.99497,0.759,285.66,25.20,14,1
108.646,hall_mission,9x4.5,pi5,-0.035,-0.004,0.017,-0.002,-0.001,0.004,0.004,0.05,-0.06,94.78,0.0018,0.0003,0.0013,0.0006,1447,0.872,22.2,2.1,2.6,22.6,25.2,1.00,25.13,0.99497,0.759,285.67,25.20,14,1
108.698,hall_mission,9x4.5,pi5,-0.035,-0.004,0.017,-0.002,-0.001,0.004,0.004,0.05,-0.06,94.78,0.0019,0.0002,0.0007,0.0012,1447,0.872,22.2,2.1,2.6,22.6,25.2,1.00,25.13,0.99497,0.759,285.66,25.20,14,1
108.750,hall_mission,9x4.5,pi5,-0.035,-0.004,0.017,-0.002,-0.000,0.004,0.004,0.05,-0.06,94.78,0.0018,0.0002,0.0011,0.0009,1447,0.872,22.2,2.1,2.6,22.6,25.2,1.00,25.13,0.99496,0.760,285.66,25.20,14,1
108.798,hall_mission,9x4.5,pi5,-0.034,-0.003,0.017,-0.002,0.000,0.004,0.004,0.05,-0.06,94.78,0.0015,0.0005,0.0011,0.0008,1447,0.872,22.2,2.1,2.6,22.6,25.2,1.00,25.13,0.99496,0.760,285.66,25.20,14,1
108.850,hall_mission,9x4.5,pi5,-0.034,-0.003,0.017,-0.002,0.000,0.004,0.004,0.05,-0.06,94.78,0.0018,0.0001,0.0008,0.0012,1447,0.872,22.2,2.1,2.6,22.6,25.2,1.00,25.13,0.99496,0.761,285.66,25.20,14,1
108.898,hall_mission,9x4.5,pi5,-0.032,-0.003,0.017,-0.001,0.001,0.003,0.004,0.05,-0.06,94.78,0.0019,0.0000,0.0010,0.0010,1447,0.872,22.2,2.1,2.6,22.6,25.2,1.00,25.13,0.99496,0.761,285.66,25.20,14,1
108.950,hall_mission,9x4.5,pi5,-0.032,-0.002,0.017,-0.001,0.001,0.003,0.004,0.05,-0.06,94.78,0.0015,0.0004,0.0012,0.0009,1447,0.872,22.2,2.1,2.6,22.6,25.2,1.00,25.13,0.99496,0.761,285.66,25.20,14,1
108.998,hall_mission,9x4.5,pi5,-0.030,-0.002,0.017,-0.000,0.001,0.003,0.004,0.05,-0.06,94.78,0.0019,0.0001,0.0010,0.0011,1447,0.872,22.2,2.1,2.6,22.6,25.2,1.00,25.13,0.99495,0.762,285.66,25.20,14,1
109.050,hall_mission,9x4.5,pi5,-0.029,-0.001,0.017,0.000,0.002,0.003,0.004,0.05,-0.06,94.78,0.0020,0.0000,0.0014,0.0006,1447,0.872,22.2,2.1,2.6,22.6,25.2,1.00,25.13,0.99495,0.762,285.65,25.20,14,1
109.098,hall_mission,9x4.5,pi5,-0.028,-0.001,0.017,0.001,0.002,0.003,0.003,0.05,-0.06,94.78,0.0018,0.0003,0.0012,0.0008,1447,0.872,22.2,2.1,2.6,22.6,25.2,1.00,25.13,0.99495,0.762,285.65,25.20,14,1
109.150,hall_mission,9x4.5,pi5,-0.028,0.000,0.017,0.001,0.002,0.003,0.004,0.05,-0.06,94.78,0.0020,0.0000,0.0016,0.0003,1447,0.872,22.2,2.1,2.6,22.6,25.2,1.00,25.13,0.99495,0.763,285.65,25.20,14,1
109.198,hall_mission,9x4.5,pi5,-0.026,0.001,0.016,0.001,0.002,0.002,0.004,0.05,-0.06,94.78,0.0017,0.0003,0.0012,0.0009,1447,0.872,22.2,2.1,2.6,22.6,25.2,1.00,25.13,0.99494,0.763,285.65,25.20,14,1
109.250,hall_mission,9x4.5,pi5,-0.026,0.001,0.016,0.002,0.002,0.002,0.004,0.05,-0.06,94.78,0.0020,0.0000,0.0015,0.0005,1089,0.658,16.8,1.6,1.9,22.6,24.5,0.98,25.13,0.99494,0.763,292.92,25.20,14,1
109.298,hall_mission,9x4.5,pi5,-0.025,0.001,0.015,0.002,0.002,0.002,0.003,0.04,-0.06,94.78,0.0020,0.0000,0.0012,0.0008,1447,0.872,22.2,2.1,2.6,22.6,25.2,1.00,25.13,0.99494,0.764,285.65,25.20,14,1
109.350,hall_mission,9x4.5,pi5,-0.024,0.001,0.015,0.002,0.002,0.002,0.003,0.05,-0.06,94.78,0.0017,0.0004,0.0011,0.0008,1447,0.872,22.2,2.1,2.6,22.6,25.2,1.00,25.13,0.99494,0.764,285.65,25.20,14,1
109.398,hall_mission,9x4.5,pi5,-0.023,0.001,0.014,0.002,0.001,0.001,0.003,0.05,-0.06,94.78,0.0019,0.0001,0.0006,0.0013,1447,0.872,22.2,2.1,2.6,22.6,25.2,1.00,25.13,0.99493,0.764,285.65,25.20,14,1
109.450,hall_mission,9x4.5,pi5,-0.023,0.001,0.013,0.002,0.001,0.001,0.003,0.05,-0.06,94.78,0.0018,0.0001,0.0010,0.0010,1447,0.872,22.2,2.1,2.6,22.6,25.2,1.00,25.13,0.99493,0.765,285.65,25.20,14,1
109.498,hall_mission,9x4.5,pi5,-0.022,0.000,0.012,0.002,0.001,0.000,0.003,0.05,-0.06,94.78,0.0016,0.0004,0.0008,0.0012,1447,0.872,22.2,2.1,2.6,22.6,25.2,1.00,25.13,0.99493,0.765,285.64,25.20,14,1
109.550,hall_mission,9x4.5,pi5,-0.022,-0.000,0.011,0.003,0.000,0.000,0.003,0.05,-0.06,94.78,0.0018,0.0003,0.0011,0.0008,1447,0.872,22.2,2.1,2.6,22.6,25.2,1.00,25.13,0.99493,0.765,285.64,25.20,14,1
109.598,hall_mission,9x4.5,pi5,-0.022,-0.000,0.011,0.002,-0.000,0.000,0.002,0.05,-0.06,94.78,0.0018,0.0003,0.0013,0.0007,1447,0.872,22.2,2.1,2.6,22.6,25.2,1.00,25.13,0.99493,0.766,285.64,25.20,14,1
109.650,hall_mission,9x4.5,pi5,-0.022,-0.001,0.010,0.002,-0.000,0.000,0.002,0.05,-0.05,94.78,0.0017,0.0004,0.0012,0.0007,1447,0.872,22.2,2.1,2.6,22.6,25.2,1.00,25.13,0.99492,0.766,285.64,25.20,14,1
109.698,hall_mission,9x4.5,pi5,-0.023,-0.001,0.010,0.002,-0.001,0.000,0.002,0.05,-0.05,94.78,0.0019,0.0001,0.0009,0.0011,1447,0.872,22.2,2.1,2.6,22.6,25.2,1.00,25.13,0.99492,0.766,285.64,25.20,14,1
109.750,hall_mission,9x4.5,pi5,-0.023,-0.001,0.010,0.001,-0.001,0.000,0.002,0.05,-0.06,94.78,0.0020,0.0000,0.0010,0.0010,1447,0.872,22.2,2.1,2.6,22.6,25.2,1.00,25.13,0.99492,0.767,285.64,25.20,14,1
109.798,hall_mission,9x4.5,pi5,-0.024,-0.000,0.009,0.001,-0.000,0.001,0.001,0.05,-0.06,94.78,0.0018,0.0002,0.0009,0.0011,1447,0.872,22.2,2.1,2.6,22.6,25.2,1.00,25.13,0.99492,0.767,285.64,25.20,14,1
109.850,hall_mission,9x4.5,pi5,-0.024,0.000,0.009,0.000,-0.000,0.001,0.001,0.05,-0.06,94.78,0.0019,0.0001,0.0007,0.0013,1447,0.872,22.2,2.1,2.6,22.6,25.2,1.00,25.13,0.99491,0.767,285.64,25.20,14,1
109.898,hall_mission,9x4.5,pi5,-0.025,0.001,0.008,-0.001,0.001,0.001,0.001,0.05,-0.06,94.78,0.0020,0.0000,0.0012,0.0009,1447,0.872,22.2,2.1,2.6,22.6,25.2,1.00,25.13,0.99491,0.768,285.64,25.20,14,1
109.950,hall_mission,9x4.5,pi5,-0.026,0.002,0.008,-0.001,0.001,0.001,0.002,0.06,-0.06,94.78,0.0019,0.0002,0.0011,0.0008,1447,0.872,22.2,2.1,2.6,22.6,25.2,1.00,25.13,0.99491,0.768,285.63,25.20,14,1
109.998,hall_mission,9x4.5,pi5,-0.027,0.002,0.007,-0.003,0.002,0.001,0.003,0.06,-0.06,94.78,0.0020,0.0002,0.0008,0.0011,1447,0.872,22.2,2.1,2.6,22.6,25.2,1.00,25.13,0.99491,0.769,285.64,25.20,14,1
110.050,hall_mission,9x4.5,pi5,-0.028,0.003,0.007,-0.004,0.002,0.001,0.004,0.06,-0.06,94.78,0.0021,0.0001,0.0009,0.0010,1447,0.872,22.2,2.1,2.6,22.6,25.2,1.00,25.13,0.99490,0.769,285.63,25.20,14,1
110.098,hall_mission,9x4.5,pi5,-0.030,0.003,0.006,-0.005,0.003,0.000,0.006,0.06,-0.06,94.78,0.0020,0.0001,0.0011,0.0008,1447,0.872,22.2,2.1,2.6,22.6,25.2,1.00,25.13,0.99490,0.769,285.63,25.20,14,1
110.150,hall_mission,9x4.5,pi5,-0.030,0.004,0.006,-0.006,0.003,0.000,0.006,0.06,-0.06,94.78,0.0020,0.0000,0.0012,0.0008,1447,0.872,22.2,2.1,2.6,22.6,25.2,1.00,25.13,0.99490,0.770,285.63,25.20,14,1
110.198,hall_mission,9x4.5,pi5,-0.032,0.004,0.005,-0.007,0.003,-0.000,0.008,0.07,-0.06,94.78,0.0020,0.0001,0.0008,0.0011,1447,0.872,22.2,2.1,2.6,22.6,25.2,1.00,25.13,0.99490,0.770,285.63,25.20,14,1
110.250,hall_mission,9x4.5,pi5,-0.033,0.005,0.004,-0.008,0.004,-0.001,0.009,0.07,-0.06,94.78,0.0020,0.0000,0.0010,0.0009,1447,0.872,22.2,2.1,2.6,22.6,25.2,1.00,25.13,0.99490,0.770,285.63,25.20,14,1
110.298,hall_mission,9x4.5,pi5,-0.034,0.006,0.003,-0.009,0.004,-0.001,0.010,0.07,-0.06,94.78,0.0020,0.0000,0.0013,0.0007,1447,0.872,22.2,2.1,2.6,22.6,25.2,1.00,25.13,0.99489,0.771,285.63,25.20,14,1
110.350,hall_mission,9x4.5,pi5,-0.035,0.007,0.002,-0.010,0.005,-0.001,0.011,0.07,-0.07,94.78,0.0020,0.0000,0.0011,0.0008,1447,0.872,22.2,2.1,2.6,22.6,25.2,1.00,25.13,0.99489,0.771,285.63,25.20,14,1
110.398,hall_mission,9x4.5,pi5,-0.037,0.008,0.000,-0.012,0.006,-0.001,0.013,0.07,-0.07,94.78,0.0020,0.0000,0.0013,0.0007,1089,0.658,16.8,1.6,1.9,22.6,24.5,0.98,25.13,0.99489,0.771,292.89,25.20,14,1
110.450,hall_mission,9x4.5,pi5,-0.038,0.009,-0.001,-0.013,0.006,-0.002,0.014,0.08,-0.07,94.79,0.0020,0.0000,0.0014,0.0005,1447,0.872,22.2,2.1,2.6,22.6,25.2,1.00,25.13,0.99489,0.772,285.62,25.20,14,1
110.498,hall_mission,9x4.5,pi5,-0.039,0.009,-0.002,-0.014,0.006,-0.002,0.015,0.08,-0.07,94.79,0.0020,0.0000,0.0008,0.0012,1447,0.872,22.2,2.1,2.6,22.6,25.2,1.00,25.13,0.99488,0.772,285.63,25.20,14,1
110.550,hall_mission,9x4.5,pi5,-0.039,0.010,-0.003,-0.015,0.006,-0.002,0.016,0.08,-0.07,94.79,0.0020,0.0000,0.0009,0.0010,1447,0.872,22.2,2.1,2.6,22.6,25.2,1.00,25.13,0.99488,0.772,285.62,25.20,14,1
110.598,hall_mission,9x4.5,pi5,-0.040,0.010,-0.005,-0.015,0.006,-0.003,0.017,0.08,-0.07,94.79,0.0020,0.0000,0.0011,0.0008,1447,0.872,22.2,2.1,2.6,22.6,25.2,1.00,25.13,0.99488,0.773,285.62,25.20,14,1
110.646,hall_mission,9x4.5,pi5,-0.040,0.010,-0.006,-0.016,0.006,-0.003,0.017,0.08,-0.07,94.79,0.0020,0.0000,0.0009,0.0011,1447,0.872,22.2,2.1,2.6,22.6,25.2,1.00,25.13,0.99488,0.773,285.62,25.20,14,1
110.698,hall_mission,9x4.5,pi5,-0.040,0.010,-0.008,-0.016,0.005,-0.004,0.017,0.08,-0.07,94.79,0.0020,0.0000,0.0009,0.0011,1447,0.872,22.2,2.1,2.6,22.6,25.2,1.00,25.13,0.99487,0.773,285.62,25.20,14,1
110.750,hall_mission,9x4.5,pi5,-0.040,0.009,-0.008,-0.017,0.005,-0.004,0.017,0.08,-0.06,94.79,0.0020,0.0000,0.0013,0.0006,1447,0.872,22.2,2.1,2.6,22.6,25.2,1.00,25.13,0.99487,0.774,285.61,25.20,14,1
110.798,hall_mission,9x4.5,pi5,-0.040,0.009,-0.010,-0.017,0.004,-0.004,0.018,0.08,-0.06,94.79,0.0020,0.0000,0.0010,0.0010,1447,0.872,22.2,2.1,2.6,22.6,25.2,1.00,25.13,0.99487,0.774,285.62,25.20,14,1
110.850,hall_mission,9x4.5,pi5,-0.039,0.009,-0.010,-0.017,0.003,-0.004,0.017,0.08,-0.06,94.79,0.0019,0.0002,0.0007,0.0012,1447,0.872,22.2,2.1,2.6,22.6,25.2,1.00,25.13,0.99487,0.774,285.62,25.20,14,1
110.898,hall_mission,9x4.5,pi5,-0.039,0.008,-0.011,-0.016,0.003,-0.004,0.017,0.08,-0.06,94.79,0.0017,0.0003,0.0009,0.0011,1447,0.872,22.2,2.1,2.6,22.6,25.2,1.00,25.13,0.99487,0.775,285.62,25.20,14,1
110.950,hall_mission,9x4.5,pi5,-0.038,0.008,-0.012,-0.016,0.002,-0.005,0.017,0.08,-0.06,94.79,0.0018,0.0001,0.0011,0.0009,1447,0.872,22.2,2.1,2.6,22.6,25.2,1.00,25.13,0.99486,0.775,285.62,25.20,14,1
110.998,hall_mission,9x4.5,pi5,-0.038,0.007,-0.013,-0.015,0.001,-0.005,0.016,0.07,-0.06,94.80,0.0020,0.0001,0.0012,0.0008,1447,0.872,22.2,2.1,2.6,22.6,25.2,1.00,25.13,0.99486,0.776,285.61,25.20,14,1
111.050,hall_mission,9x4.5,pi5,-0.037,0.007,-0.013,-0.015,0.001,-0.005,0.016,0.07,-0.06,94.80,0.0020,0.0000,0.0010,0.0010,1447,0.872,22.2,2.1,2.6,22.6,25.2,1.00,25.13,0.99486,0.776,285.62,25.20,14,1
111.098,hall_mission,9x4.5,pi5,-0.036,0.006,-0.014,-0.014,0.000,-0.005,0.015,0.07,-0.06,94.80,0.0019,0.0001,0.0007,0.0013,1447,0.872,22.2,2.1,2.6,22.6,25.2,1.00,25.13,0.99486,0.776,285.61,25.20,14,1
111.150,hall_mission,9x4.5,pi5,-0.036,0.005,-0.014,-0.014,-0.000,-0.005,0.015,0.07,-0.06,94.80,0.0020,0.0000,0.0009,0.0011,1089,0.658,16.8,1.6,1.9,22.6,24.5,0.98,25.13,0.99485,0.777,292.88,25.20,14,1
111.198,hall_mission,9x4.5,pi5,-0.035,0.004,-0.014,-0.013,-0.001,-0.005,0.014,0.07,-0.05,94.80,0.0020,0.0000,0.0004,0.0015,1447,0.872,22.2,2.1,2.6,22.6,25.2,1.00,25.13,0.99485,0.777,285.60,25.20,14,1
111.250,hall_mission,9x4.5,pi5,-0.034,0.004,-0.013,-0.013,-0.002,-0.005,0.013,0.07,-0.05,94.80,0.0020,0.0000,0.0007,0.0012,1447,0.872,22.2,2.1,2.6,22.6,25.2,1.00,25.13,0.99485,0.777,285.60,25.20,14,1
111.298,hall_mission,9x4.5,pi5,-0.033,0.003,-0.013,-0.012,-0.002,-0.004,0.013,0.07,-0.05,94.80,0.0020,0.0000,0.0010,0.0010,1089,0.658,16.8,1.6,1.9,22.6,24.5,0.98,25.13,0.99485,0.778,292.88,25.20,14,1
111.350,hall_mission,9x4.5,pi5,-0.033,0.002,-0.013,-0.011,-0.003,-0.004,0.012,0.07,-0.05,94.80,0.0018,0.0002,0.0007,0.0013,1447,0.872,22.2,2.1,2.6,22.6,25.2,1.00,25.13,0.99484,0.778,285.61,25.20,14,1
111.398,hall_mission,9x4.5,pi5,-0.032,0.001,-0.013,-0.010,-0.003,-0.004,0.012,0.07,-0.05,94.80,0.0020,0.0000,0.0008,0.0012,1447,0.872,22.2,2.1,2.6,22.6,25.2,1.00,25.13,0.99484,0.778,285.60,25.20,14,1
111.450,hall_mission,9x4.5,pi5,-0.031,0.001,-0.013,-0.010,-0.004,-0.004,0.011,0.07,-0.05,94.80,0.0020,0.0000,0.0006,0.0013,1447,0.872,22.2,2.1,2.6,22.6,25.2,1.00,25.13,0.99484,0.779,285.60,25.20,14,1
111.498,hall_mission,9x4.5,pi5,-0.030,0.000,-0.013,-0.009,-0.004,-0.004,0.011,0.07,-0.05,94.80,0.0020,0.0000,0.0008,0.0011,1447,0.872,22.2,2.1,2.6,22.6,25.2,1.00,25.13,0.99484,0.779,285.60,25.20,14,1
111.550,hall_mission,9x4.5,pi5,-0.029,0.000,-0.013,-0.009,-0.004,-0.004,0.011,0.07,-0.05,94.80,0.0019,0.0001,0.0009,0.0010,1447,0.872,22.2,2.1,2.6,22.6,25.2,1.00,25.13,0.99484,0.779,285.60,25.20,14,1
111.598,hall_mission,9x4.5,pi5,-0.029,-0.001,-0.013,-0.009,-0.005,-0.004,0.011,0.07,-0.05,94.80,0.0019,0.0001,0.0009,0.0011,1447,0.872,22.2,2.1,2.6,22.6,25.2,1.00,25.13,0.99483,0.780,285.60,25.20,14,1
111.646,hall_mission,9x4.5,pi5,-0.028,-0.001,-0.014,-0.009,-0.005,-0.004,0.011,0.07,-0.05,94.80,0.0018,0.0003,0.0008,0.0011,1447,0.872,22.2,2.1,2.6,22.6,25.2,1.00,25.13,0.99483,0.780,285.60,25.20,14,1
111.698,hall_mission,9x4.5,pi5,-0.028,-0.002,-0.014,-0.009,-0.005,-0.004,0.011,0.06,-0.05,94.80,0.0019,0.0002,0.0011,0.0009,1447,0.872,22.2,2.1,2.6,22.6,25.2,1.00,25.13,0.99483,0.780,285.60,25.20,14,1
111.750,hall_mission,9x4.5,pi5,-0.028,-0.002,-0.014,-0.009,-0.005,-0.004,0.011,0.07,-0.05,94.80,0.0017,0.0004,0.0008,0.0011,1447,0.872,22.2,2.1,2.6,22.6,25.2,1.00,25.13,0.99483,0.781,285.60,25.20,14,1
111.798,hall_mission,9x4.5,pi5,-0.028,-0.002,-0.014,-0.009,-0.006,-0.004,0.012,0.07,-0.05,94.80,0.0020,0.0000,0.0007,0.0012,1447,0.872,22.2,2.1,2.6,22.6,25.2,1.00,25.13,0.99482,0.781,285.60,25.20,14,1
111.850,hall_mission,9x4.5,pi5,-0.028,-0.003,-0.014,-0.009,-0.006,-0.004,0.012,0.07,-0.05,94.80,0.0019,0.0002,0.0006,0.0013,1447,0.872,22.2,2.1,2.6,22.6,25.2,1.00,25.13,0.99482,0.781,285.59,25.20,14,1
111.898,hall_mission,9x4.5,pi5,-0.028,-0.003,-0.014,-0.009,-0.006,-0.004,0.012,0.07,-0.05,94.80,0.0020,0.0000,0.0008,0.0011,1447,0.872,22.2,2.1,2.6,22.6,25.2,1.00,25.13,0.99482,0.782,285.60,25.20,14,1
111.950,hall_mission,9x4.5,pi5,-0.028,-0.003,-0.015,-0.010,-0.006,-0.004,0.012,0.07,-0.05,94.80,0.0020,0.0000,0.0008,0.0011,1447,0.872,22.2,2.1,2.6,22.6,25.2,1.00,25.13,0.99482,0.782,285.59,25.20,14,1
111.998,hall_mission,9x4.5,pi5,-0.028,-0.004,-0.015,-0.010,-0.006,-0.004,0.012,0.07,-0.05,94.80,0.0020,0.0001,0.0008,0.0011,1447,0.872,22.2,2.1,2.6,22.6,25.2,1.00,25.13,0.99481,0.782,285.59,25.20,14,1
112.050,hall_mission,9x4.5,pi5,-0.028,-0.005,-0.015,-0.010,-0.006,-0.004,0.013,0.07,-0.05,94.79,0.0020,0.0001,0.0010,0.0010,1447,0.872,22.2,2.1,2.6,22.6,25.2,1.00,25.13,0.99481,0.783,285.59,25.20,14,1
112.098,hall_mission,9x4.5,pi5,-0.028,-0.006,-0.016,-0.010,-0.007,-0.005,0.013,0.07,-0.05,94.79,0.0020,0.0000,0.0008,0.0011,1447,0.872,22.2,2.1,2.6,22.6,25.2,1.00,25.13,0.99481,0.783,285.59,25.20,14,1
112.150,hall_mission,9x4.5,pi5,-0.028,-0.007,-0.016,-0.010,-0.007,-0.005,0.013,0.07,-0.05,94.80,0.0020,0.0000,0.0011,0.0009,1447,0.872,22.2,2.1,2.6,22.6,25.2,1.00,25.13,0.99481,0.784,285.59,25.20,14,1
112.198,hall_mission,9x4.5,pi5,-0.028,-0.008,-0.016,-0.010,-0.008,-0.004,0.013,0.07,-0.05,94.79,0.0020,0.0000,0.0010,0.0010,1447,0.872,22.2,2.1,2.6,22.6,25.2,1.00,25.13,0.99480,0.784,285.59,25.20,14,1
112.246,hall_mission,9x4.5,pi5,-0.028,-0.009,-0.016,-0.010,-0.008,-0.004,0.013,0.07,-0.05,94.79,0.0019,0.0002,0.0009,0.0010,1447,0.872,22.2,2.1,2.6,22.6,25.2,1.00,25.13,0.99480,0.784,285.59,25.20,14,1
112.298,hall_mission,9x4.5,pi5,-0.029,-0.010,-0.015,-0.010,-0.008,-0.004,0.014,0.07,-0.05,94.79,0.0019,0.0002,0.0010,0.0009,1447,0.872,22.2,2.1,2.6,22.6,25.2,1.00,25.13,0.99480,0.785,285.59,25.20,14,1
112.350,hall_mission,9x4.5,pi5,-0.029,-0.011,-0.015,-0.011,-0.008,-0.004,0.014,0.07,-0.05,94.79,0.0018,0.0003,0.0007,0.0012,1447,0.872,22.2,2.1,2.6,22.6,25.2,1.00,25.13,0.99480,0.785,285.59,25.20,14,1
112.398,hall_mission,9x4.5,pi5,-0.029,-0.012,-0.015,-0.011,-0.009,-0.004,0.015,0.07,-0.05,94.79,0.0021,0.0001,0.0010,0.0009,1447,0.872,22.2,2.1,2.6,22.6,25.2,1.00,25.13,0.99480,0.785,285.58,25.20,14,1
112.450,hall_mission,9x4.5,pi5,-0.030,-0.013,-0.015,-0.011,-0.009,-0.004,0.015,0.07,-0.05,94.79,0.0020,0.0000,0.0010,0.0010,1089,0.658,16.8,1.6,1.9,22.6,24.5,0.98,25.13,0.99479,0.786,292.85,25.20,14,1
112.498,hall_mission,9x4.5,pi5,-0.030,-0.014,-0.014,-0.012,-0.009,-0.004,0.016,0.07,-0.05,94.79,0.0019,0.0001,0.0006,0.0014,1447,0.872,22.2,2.1,2.6,22.6,25.2,1.00,25.13,0.99479,0.786,285.58,25.20,14,1
112.550,hall_mission,9x4.5,pi5,-0.031,-0.015,-0.014,-0.012,-0.010,-0.004,0.016,0.07,-0.05,94.79,0.0017,0.0003,0.0010,0.0010,1447,0.872,22.2,2.1,2.6,22.6,25.2,1.00,25.13,0.99479,0.786,285.58,25.20,14,1
112.598,hall_mission,9x4.5,pi5,-0.031,-0.016,-0.014,-0.012,-0.010,-0.003,0.016,0.07,-0.05,94.79,0.0018,0.0002,0.0007,0.0013,1447,0.872,22.2,2.1,2.6,22.6,25.2,1.00,25.13,0.99479,0.787,285.58,25.20,14,1
112.646,hall_mission,9x4.5,pi5,-0.031,-0.016,-0.014,-0.012,-0.010,-0.003,0.016,0.07,-0.05,94.79,0.0020,0.0001,0.0008,0.0011,1447,0.872,22.2,2.1,2.6,22.6,25.2,1.00,25.13,0.99478,0.787,285.58,25.20,14,1
112.698,hall_mission,9x4.5,pi5,-0.031,-0.017,-0.014,-0.012,-0.010,-0.003,0.016,0.07,-0.05,94.79,0.0019,0.0001,0.0008,0.0012,1447,0.872,22.2,2.1,2.6,22.6,25.2,1.00,25.13,0.99478,0.787,285.58,25.20,14,1
112.750,hall_mission,9x4.5,pi5,-0.031,-0.017,-0.014,-0.012,-0.010,-0.003,0.016,0.07,-0.05,94.79,0.0019,0.0001,0.0010,0.0009,1447,0.872,22.2,2.1,2.6,22.6,25.2,1.00,25.13,0.99478,0.788,285.58,25.20,14,1
112.798,hall_mission,9x4.5,pi5,-0.030,-0.018,-0.015,-0.011,-0.010,-0.003,0.015,0.07,-0.05,94.79,0.0016,0.0004,0.0009,0.0011,1447,0.872,22.2,2.1,2.6,22.6,25.2,1.00,25.13,0.99478,0.788,285.58,25.20,14,1
112.850,hall_mission,9x4.5,pi5,-0.029,-0.018,-0.015,-0.010,-0.010,-0.003,0.014,0.06,-0.05,94.79,0.0018,0.0002,0.0010,0.0010,1447,0.872,22.2,2.1,2.6,22.6,25.2,1.00,25.13,0.99477,0.788,285.58,25.20,14,1
112.898,hall_mission,9x4.5,pi5,-0.028,-0.018,-0.016,-0.009,-0.009,-0.003,0.013,0.06,-0.05,94.79,0.0017,0.0004,0.0011,0.0009,1447,0.872,22.2,2.1,2.6,22.6,25.2,1.00,25.13,0.99477,0.789,285.57,25.20,14,1
112.950,hall_mission,9x4.5,pi5,-0.028,-0.017,-0.016,-0.008,-0.009,-0.003,0.013,0.06,-0.05,94.79,0.0019,0.0001,0.0010,0.0010,1447,0.872,22.2,2.1,2.6,22.6,25.2,1.00,25.13,0.99477,0.789,285.58,25.20,14,1
112.998,hall_mission,9x4.5,pi5,-0.026,-0.017,-0.017,-0.007,-0.008,-0.003,0.011,0.06,-0.05,94.79,0.0018,0.0002,0.0010,0.0010,1447,0.872,22.2,2.1,2.6,22.6,25.2,1.00,25.13,0.99477,0.789,285.57,25.20,14,1
113.050,hall_mission,9x4.5,pi5,-0.025,-0.016,-0.018,-0.006,-0.007,-0.003,0.010,0.06,-0.05,94.79,0.0020,0.0000,0.0012,0.0008,1089,0.658,16.8,1.6,1.9,22.6,24.5,0.98,25.13,0.99477,0.790,292.84,25.20,14,1
113.098,hall_mission,9x4.5,pi5,-0.024,-0.016,-0.019,-0.005,-0.007,-0.004,0.009,0.05,-0.05,94.79,0.0018,0.0002,0.0009,0.0012,1447,0.872,22.2,2.1,2.6,22.6,25.2,1.00,25.13,0.99476,0.790,285.57,25.20,14,1
113.146,hall_mission,9x4.5,pi5,-0.023,-0.015,-0.019,-0.004,-0.006,-0.004,0.009,0.05,-0.05,94.79,0.0016,0.0004,0.0007,0.0012,1447,0.872,22.2,2.1,2.6,22.6,25.2,1.00,25.13,0.99476,0.790,285.57,25.20,14,1
113.198,hall_mission,9x4.5,pi5,-0.022,-0.015,-0.021,-0.003,-0.005,-0.004,0.008,0.05,-0.05,94.79,0.0019,0.0001,0.0012,0.0008,1447,0.872,22.2,2.1,2.6,22.6,25.2,1.00,25.13,0.99476,0.791,285.57,25.20,14,1
113.250,hall_mission,9x4.5,pi5,-0.021,-0.014,-0.021,-0.003,-0.005,-0.004,0.007,0.05,-0.05,94.79,0.0020,0.0000,0.0015,0.0005,1089,0.658,16.8,1.6,1.9,22.6,24.5,0.98,25.13,0.99476,0.791,292.84,25.20,14,1
113.298,hall_mission,9x4.5,pi5,-0.020,-0.014,-0.022,-0.002,-0.004,-0.004,0.007,0.05,-0.06,94.79,0.0014,0.0006,0.0010,0.0010,1447,0.872,22.2,2.1,2.6,22.6,25.2,1.00,25.13,0.99475,0.792,285.56,25.20,14,1
113.350,hall_mission,9x4.5,pi5,-0.020,-0.013,-0.023,-0.002,-0.004,-0.004,0.006,0.05,-0.06,94.79,0.0019,0.0001,0.0008,0.0011,1447,0.872,22.2,2.1,2.6,22.6,25.2,1.00,25.13,0.99475,0.792,285.56,25.20,14,1
113.398,hall_mission,9x4.5,pi5,-0.019,-0.013,-0.023,-0.001,-0.004,-0.004,0.006,0.05,-0.06,94.79,0.0017,0.0004,0.0010,0.0010,1447,0.872,22.2,2.1,2.6,22.6,25.2,1.00,25.13,0.99475,0.792,285.56,25.20,14,1
113.450,hall_mission,9x4.5,pi5,-0.019,-0.012,-0.023,-0.000,-0.003,-0.004,0.005,0.05,-0.06,94.79,0.0015,0.0006,0.0008,0.0012,1447,0.872,22.2,2.1,2.6,22.6,25.2,1.00,25.13,0.99475,0.793,285.56,25.20,14,1
113.498,hall_mission,9x4.5,pi5,-0.018,-0.012,-0.023,-0.000,-0.003,-0.004,0.005,0.05,-0.06,94.79,0.0019,0.0001,0.0015,0.0005,1447,0.872,22.2,2.1,2.6,22.6,25.2,1.00,25.13,0.99474,0.793,285.55,25.20,14,1
113.550,hall_mission,9x4.5,pi5,-0.018,-0.012,-0.023,-0.000,-0.003,-0.004,0.005,0.05,-0.06,94.79,0.0020,0.0000,0.0013,0.0006,1447,0.872,22.2,2.1,2.6,22.6,25.2,1.00,25.13,0.99474,0.793,285.56,25.20,14,1
113.598,hall_mission,9x4.5,pi5,-0.019,-0.012,-0.022,-0.000,-0.002,-0.003,0.004,0.05,-0.06,94.79,0.0016,0.0003,0.0012,0.0008,1447,0.872,22.2,2.1,2.6,22.6,25.2,1.00,25.13,0.99474,0.794,285.56,25.20,14,1
113.646,hall_mission,9x4.5,pi5,-0.019,-0.012,-0.022,-0.001,-0.002,-0.003,0.004,0.05,-0.06,94.79,0.0019,0.0002,0.0011,0.0008,1447,0.872,22.2,2.1,2.6,22.6,25.2,1.00,25.13,0.99474,0.794,285.56,25.20,14,1
113.698,hall_mission,9x4.5,pi5,-0.020,-0.012,-0.021,-0.001,-0.002,-0.003,0.004,0.05,-0.06,94.79,0.0018,0.0002,0.0011,0.0009,1447,0.872,22.2,2.1,2.6,22.6,25.2,1.00,25.13,0.99474,0.794,285.56,25.20,14,1
113.750,hall_mission,9x4.5,pi5,-0.020,-0.012,-0.021,-0.001,-0.002,-0.003,0.004,0.05,-0.05,94.79,0.0016,0.0004,0.0009,0.0011,1447,0.872,22.2,2.1,2.6,22.6,25.2,1.00,25.13,0.99473,0.795,285.55,25.20,14,1
113.798,hall_mission,9x4.5,pi5,-0.022,-0.012,-0.020,-0.002,-0.002,-0.003,0.004,0.05,-0.05,94.79,0.0019,0.0002,0.0010,0.0009,1447,0.872,22.2,2.1,2.6,22.6,25.2,1.00,25.13,0.99473,0.795,285.56,25.20,14,1
113.850,hall_mission,9x4.5,pi5,-0.022,-0.012,-0.020,-0.003,-0.002,-0.003,0.004,0.05,-0.05,94.79,0.0019,0.0002,0.0014,0.0006,1447,0.872,22.2,2.1,2.6,22.6,25.2,1.00,25.13,0.99473,0.795,285.55,25.20,14,1
113.898,hall_mission,9x4.5,pi5,-0.024,-0.012,-0.020,-0.004,-0.003,-0.003,0.005,0.05,-0.05,94.79,0.0018,0.0003,0.0013,0.0006,1447,0.872,22.2,2.1,2.6,22.6,25.2,1.00,25.13,0.99473,0.796,285.55,25.20,14,1
113.950,hall_mission,9x4.5,pi5,-0.025,-0.013,-0.021,-0.004,-0.003,-0.003,0.006,0.06,-0.05,94.79,0.0021,0.0001,0.0009,0.0010,1447,0.872,22.2,2.1,2.6,22.6,25.2,1.00,25.13,0.99472,0.796,285.55,25.20,14,1
113.998,hall_mission,9x4.5,pi5,-0.026,-0.013,-0.021,-0.004,-0.004,-0.003,0.007,0.06,-0.05,94.79,0.0020,0.0000,0.0011,0.0008,1447,0.872,22.2,2.1,2.6,22.6,25.2,1.00,25.13,0.99472,0.796,285.55,25.20,14,1
114.050,hall_mission,9x4.5,pi5,-0.026,-0.014,-0.021,-0.005,-0.004,-0.004,0.007,0.06,-0.05,94.79,0.0020,0.0000,0.0007,0.0013,1089,0.658,16.8,1.6,1.9,22.6,24.5,0.98,25.13,0.99472,0.797,292.82,25.20,14,1
114.098,hall_mission,9x4.5,pi5,-0.027,-0.015,-0.022,-0.005,-0.005,-0.004,0.008,0.06,-0.05,94.79,0.0020,0.0000,0.0011,0.0009,1447,0.872,22.2,2.1,2.6,22.6,25.2,1.00,25.13,0.99472,0.797,285.55,25.20,14,1
114.150,hall_mission,9x4.5,pi5,-0.028,-0.015,-0.022,-0.006,-0.006,-0.004,0.009,0.06,-0.05,94.79,0.0017,0.0003,0.0009,0.0012,1447,0.872,22.2,2.1,2.6,22.6,25.2,1.00,25.13,0.99471,0.797,285.55,25.20,14,1
114.198,hall_mission,9x4.5,pi5,-0.028,-0.015,-0.023,-0.006,-0.006,-0.004,0.009,0.06,-0.05,94.79,0.0018,0.0002,0.0011,0.0009,1447,0.872,22.2,2.1,2.6,22.6,25.2,1.00,25.13,0.99471,0.798,285.55,25.20,14,1
114.250,hall_mission,9x4.5,pi5,-0.029,-0.015,-0.023,-0.006,-0.006,-0.004,0.010,0.06,-0.05,94.79,0.0019,0.0000,0.0009,0.0011,1447,0.872,22.2,2.1,2.6,22.6,25.2,1.00,25.13,0.99471,0.798,285.54,25.20,14,1
114.298,hall_mission,9x4.5,pi5,-0.029,-0.015,-0.024,-0.006,-0.006,-0.004,0.010,0.06,-0.05,94.79,0.0017,0.0003,0.0012,0.0009,1447,0.872,22.2,2.1,2.6,22.6,25.2,1.00,25.13,0.99471,0.799,285.55,25.20,14,1
114.350,hall_mission,9x4.5,pi5,-0.030,-0.015,-0.024,-0.006,-0.006,-0.004,0.010,0.06,-0.05,94.79,0.0020,0.0000,0.0008,0.0012,1089,0.658,16.8,1.6,1.9,22.6,24.5,0.98,25.13,0.99471,0.799,292.81,25.20,14,1
114.398,hall_mission,9x4.5,pi5,-0.030,-0.015,-0.025,-0.006,-0.006,-0.005,0.010,0.06,-0.05,94.79,0.0016,0.0004,0.0007,0.0013,1447,0.872,22.2,2.1,2.6,22.6,25.2,1.00,25.13,0.99470,0.799,285.54,25.20,14,1
114.450,hall_mission,9x4.5,pi5,-0.030,-0.014,-0.026,-0.006,-0.006,-0.005,0.010,0.06,-0.05,94.79,0.0018,0.0002,0.0010,0.0010,1447,0.872,22.2,2.1,2.6,22.6,25.2,1.00,25.13,0.99470,0.800,285.54,25.20,14,1
114.498,hall_mission,9x4.5,pi5,-0.030,-0.013,-0.026,-0.006,-0.005,-0.005,0.009,0.06,-0.05,94.79,0.0020,0.0000,0.0012,0.0008,1447,0.872,22.2,2.1,2.6,22.6,25.2,1.00,25.13,0.99470,0.800,285.54,25.20,14,1
114.550,hall_mission,9x4.5,pi5,-0.029,-0.012,-0.027,-0.005,-0.004,-0.005,0.009,0.06,-0.05,94.79,0.0019,0.0001,0.0010,0.0010,1447,0.872,22.2,2.1,2.6,22.6,25.2,1.00,25.13,0.99470,0.800,285.54,25.20,14,1
114.598,hall_mission,9x4.5,pi5,-0.028,-0.011,-0.028,-0.005,-0.003,-0.005,0.008,0.05,-0.06,94.79,0.0015,0.0005,0.0008,0.0012,1447,0.872,22.2,2.1,2.6,22.6,25.2,1.00,25.13,0.99469,0.801,285.54,25.20,14,1
114.650,hall_mission,9x4.5,pi5,-0.028,-0.010,-0.028,-0.004,-0.003,-0.006,0.007,0.05,-0.06,94.80,0.0018,0.0002,0.0012,0.0008,1447,0.872,22.2,2.1,2.6,22.6,25.2,1.00,25.13,0.99469,0.801,285.54,25.20,14,1
114.698,hall_mission,9x4.5,pi5,-0.026,-0.009,-0.029,-0.003,-0.002,-0.006,0.007,0.05,-0.06,94.80,0.0017,0.0004,0.0011,0.0009,1447,0.872,22.2,2.1,2.6,22.6,25.2,1.00,25.13,0.99469,0.801,285.54,25.20,14,1
114.750,hall_mission,9x4.5,pi5,-0.025,-0.008,-0.029,-0.002,-0.002,-0.006,0.007,0.05,-0.06,94.80,0.0018,0.0002,0.0011,0.0009,1447,0.872,22.2,2.1,2.6,22.6,25.2,1.00,25.13,0.99469,0.802,285.53,25.20,14,1
114.798,hall_mission,9x4.5,pi5,-0.024,-0.007,-0.030,-0.001,-0.001,-0.007,0.007,0.05,-0.06,94.80,0.0018,0.0003,0.0010,0.0009,1447,0.872,22.2,2.1,2.6,22.6,25.2,1.00,25.13,0.99468,0.802,285.53,25.20,14,1
114.850,hall_mission,9x4.5,pi5,-0.023,-0.006,-0.031,-0.001,-0.000,-0.007,0.007,0.05,-0.06,94.80,0.0020,0.0000,0.0013,0.0007,1447,0.872,22.2,2.1,2.6,22.6,25.2,1.00,25.13,0.99468,0.802,285.53,25.20,14,1
114.898,hall_mission,9x4.5,pi5,-0.022,-0.005,-0.032,-0.001,0.000,-0.007,0.007,0.05,-0.06,94.80,0.0018,0.0001,0.0009,0.0012,1447,0.872,22.2,2.1,2.6,22.6,25.2,1.00,25.13,0.99468,0.803,285.53,25.20,14,1
114.950,hall_mission,9x4.5,pi5,-0.021,-0.005,-0.033,-0.001,0.001,-0.007,0.007,0.05,-0.06,94.80,0.0017,0.0003,0.0010,0.0011,1447,0.872,22.2,2.1,2.6,22.6,25.2,1.00,25.13,0.99468,0.803,285.53,25.20,14,1
114.998,hall_mission,9x4.5,pi5,-0.020,-0.004,-0.033,-0.000,0.001,-0.007,0.008,0.05,-0.06,94.80,0.0015,0.0005,0.0010,0.0010,1447,0.872,22.2,2.1,2.6,22.6,25.2,1.00,25.13,0.99468,0.803,285.53,25.20,14,1
115.050,hall_mission,9x4.5,pi5,-0.020,-0.004,-0.034,-0.000,0.001,-0.008,0.008,0.05,-0.06,94.80,0.0018,0.0003,0.0009,0.0011,1447,0.872,22.2,2.1,2.6,22.6,25.2,1.00,25.13,0.99467,0.804,285.53,25.20,14,1
115.098,hall_mission,9x4.5,pi5,-0.019,-0.004,-0.034,-0.000,0.001,-0.008,0.008,0.05,-0.06,94.80,0.0018,0.0002,0.0009,0.0010,1447,0.872,22.2,2.1,2.6,22.6,25.2,1.00,25.13,0.99467,0.804,285.53,25.20,14,1
115.150,hall_mission,9x4.5,pi5,-0.019,-0.003,-0.034,-0.000,0.001,-0.008,0.008,0.05,-0.06,94.80,0.0020,0.0001,0.0010,0.0009,1447,0.872,22.2,2.1,2.6,22.6,25.2,1.00,25.13,0.99467,0.804,285.53,25.20,14,1
115.198,hall_mission,9x4.5,pi5,-0.018,-0.004,-0.034,0.000,0.001,-0.008,0.008,0.05,-0.06,94.80,0.0016,0.0004,0.0009,0.0011,1447,0.872,22.2,2.1,2.6,22.6,25.2,1.00,25.13,0.99467,0.805,285.53,25.20,14,1
115.250,hall_mission,9x4.5,pi5,-0.017,-0.004,-0.033,0.001,0.000,-0.007,0.008,0.05,-0.06,94.80,0.0019,0.0001,0.0012,0.0008,1447,0.872,22.2,2.1,2.6,22.6,25.2,1.00,25.13,0.99466,0.805,285.53,25.20,14,1
115.298,hall_mission,9x4.5,pi5,-0.015,-0.004,-0.033,0.001,-0.000,-0.007,0.008,0.05,-0.06,94.80,0.0014,0.0006,0.0010,0.0010,1447,0.872,22.2,2.1,2.6,22.6,25.2,1.00,25.13,0.99466,0.806,285.52,25.20,14,1
115.350,hall_mission,9x4.5,pi5,-0.014,-0.004,-0.033,0.002,-0.000,-0.007,0.008,0.04,-0.06,94.80,0.0016,0.0004,0.0013,0.0007,1447,0.872,22.2,2.1,2.6,22.6,25.2,1.00,25.13,0.99466,0.806,285.52,25.20,14,1
115.398,hall_mission,9x4.5,pi5,-0.012,-0.005,-0.033,0.003,-0.001,-0.007,0.008,0.04,-0.05,94.80,0.0018,0.0002,0.0012,0.0008,1447,0.872,22.2,2.1,2.6,22.6,25.2,1.00,25.13,0.99466,0.806,285.52,25.20,14,1
115.450,hall_mission,9x4.5,pi5,-0.011,-0.006,-0.033,0.004,-0.002,-0.007,0.008,0.04,-0.05,94.79,0.0013,0.0007,0.0011,0.0009,1447,0.872,22.2,2.1,2.6,22.6,25.2,1.00,25.13,0.99465,0.807,285.52,25.20,14,1
115.498,hall_mission,9x4.5,pi5,-0.010,-0.007,-0.033,0.004,-0.002,-0.007,0.009,0.04,-0.05,94.79,0.0019,0.0002,0.0011,0.0009,1447,0.872,22.2,2.1,2.6,22.6,25.2,1.00,25.13,0.99465,0.807,285.52,25.20,14,1
115.550,hall_mission,9x4.5,pi5,-0.010,-0.007,-0.033,0.005,-0.003,-0.007,0.009,0.04,-0.05,94.79,0.0015,0.0005,0.0012,0.0007,1447,0.872,22.2,2.1,2.6,22.6,25.2,1.00,25.13,0.99465,0.807,285.52,25.20,14,1
115.598,hall_mission,9x4.5,pi5,-0.009,-0.008,-0.033,0.005,-0.004,-0.007,0.010,0.04,-0.05,94.79,0.0015,0.0006,0.0009,0.0011,1447,0.872,22.2,2.1,2.6,22.6,25.2,1.00,25.12,0.99465,0.808,285.51,25.20,14,1
115.650,hall_mission,9x4.5,pi5,-0.009,-0.009,-0.033,0.005,-0.005,-0.007,0.010,0.04,-0.05,94.79,0.0019,0.0001,0.0012,0.0008,1447,0.872,22.2,2.1,2.6,22.6,25.2,1.00,25.12,0.99465,0.808,285.52,25.20,14,1
115.698,hall_mission,9x4.5,pi5,-0.009,-0.010,-0.033,0.005,-0.005,-0.007,0.010,0.04,-0.05,94.79,0.0016,0.0005,0.0011,0.0008,1447,0.872,22.2,2.1,2.6,22.6,25.2,1.00,25.12,0.99464,0.808,285.51,25.20,14,1
115.746,hall_mission,9x4.5,pi5,-0.009,-0.010,-0.033,0.005,-0.006,-0.007,0.011,0.04,-0.04,94.79,0.0018,0.0003,0.0006,0.0013,1447,0.872,22.2,2.1,2.6,22.6,25.2,1.00,25.12,0.99464,0.809,285.51,25.20,14,1
115.798,hall_mission,9x4.5,pi5,-0.009,-0.011,-0.033,0.005,-0.006,-0.007,0.011,0.04,-0.04,94.79,0.0017,0.0004,0.0011,0.0009,1447,0.872,22.2,2.1,2.6,22.6,25.2,1.00,25.12,0.99464,0.809,285.52,25.20,14,1
115.850,hall_mission,9x4.5,pi5,-0.009,-0.011,-0.033,0.005,-0.006,-0.007,0.011,0.04,-0.04,94.79,0.0014,0.0006,0.0009,0.0011,1447,0.872,22.2,2.1,2.6,22.6,25.2,1.00,25.12,0.99464,0.809,285.51,25.20,14,1
115.898,hall_mission,9x4.5,pi5,-0.009,-0.011,-0.033,0.005,-0.006,-0.007,0.010,0.04,-0.05,94.79,0.0020,0.0000,0.0011,0.0009,1447,0.872,22.2,2.1,2.6,22.6,25.2,1.00,25.12,0.99463,0.810,285.51,25.20,14,1
115.950,hall_mission,9x4.5,pi5,-0.009,-0.010,-0.034,0.004,-0.006,-0.007,0.010,0.04,-0.05,94.79,0.0014,0.0006,0.0012,0.0008,1447,0.872,22.2,2.1,2.6,22.6,25.2,1.00,25.12,0.99463,0.810,285.51,25.20,14,1
115.998,hall_mission,9x4.5,pi5,-0.010,-0.010,-0.034,0.004,-0.005,-0.007,0.010,0.05,-0.05,94.79,0.0017,0.0003,0.0011,0.0010,1447,0.872,22.2,2.1,2.6,22.6,25.2,1.00,25.12,0.99463,0.810,285.51,25.20,14,1
116.050,hall_mission,9x4.5,pi5,-0.010,-0.010,-0.034,0.003,-0.005,-0.007,0.009,0.05,-0.05,94.79,0.0016,0.0004,0.0013,0.0007,1447,0.872,22.2,2.1,2.6,22.6,25.2,1.00,25.12,0.99463,0.811,285.51,25.20,14,1
116.098,hall_mission,9x4.5,pi5,-0.011,-0.009,-0.034,0.003,-0.004,-0.007,0.009,0.05,-0.05,94.79,0.0015,0.0005,0.0009,0.0012,1447,0.872,22.2,2.1,2.6,22.6,25.2,1.00,25.12,0.99462,0.811,285.51,25.20,14,1
116.150,hall_mission,9x4.5,pi5,-0.011,-0.009,-0.034,0.002,-0.004,-0.007,0.009,0.05,-0.05,94.79,0.0018,0.0002,0.0010,0.0009,1447,0.872,22.2,2.1,2.6,22.6,25.2,1.00,25.12,0.99462,0.811,285.50,25.20,14,1
116.198,hall_mission,9x4.5,pi5,-0.012,-0.009,-0.034,0.002,-0.004,-0.007,0.008,0.05,-0.05,94.79,0.0017,0.0004,0.0010,0.0010,1447,0.872,22.2,2.1,2.6,22.6,25.2,1.00,25.12,0.99462,0.812,285.51,25.20,14,1
116.250,hall_mission,9x4.5,pi5,-0.012,-0.008,-0.034,0.002,-0.004,-0.007,0.008,0.05,-0.05,94.79,0.0018,0.0002,0.0010,0.0010,1447,0.872,22.2,2.1,2.6,22.6,25.2,1.00,25.12,0.99462,0.812,285.50,25.20,14,1
116.298,hall_mission,9x4.5,pi5,-0.012,-0.008,-0.034,0.002,-0.004,-0.007,0.008,0.05,-0.05,94.79,0.0019,0.0002,0.0009,0.0009,1447,0.872,22.2,2.1,2.6,22.6,25.2,1.00,25.12,0.99462,0.813,285.50,25.20,14,1
116.350,hall_mission,9x4.5,pi5,-0.012,-0.008,-0.034,0.002,-0.004,-0.007,0.008,0.05,-0.05,94.79,0.0019,0.0002,0.0011,0.0009,1447,0.872,22.2,2.1,2.6,22.6,25.2,1.00,25.12,0.99461,0.813,285.50,25.20,14,1
116.398,hall_mission,9x4.5,pi5,-0.013,-0.008,-0.033,0.002,-0.004,-0.006,0.008,0.05,-0.05,94.79,0.0016,0.0004,0.0010,0.0010,1447,0.872,22.2,2.1,2.6,22.6,25.2,1.00,25.12,0.99461,0.813,285.50,25.20,14,1
116.450,hall_mission,9x4.5,pi5,-0.013,-0.008,-0.033,0.001,-0.004,-0.006,0.007,0.05,-0.05,94.79,0.0016,0.0004,0.0008,0.0012,1447,0.872,22.2,2.1,2.6,22.6,25.2,1.00,25.12,0.99461,0.814,285.50,25.20,14,1
116.498,hall_mission,9x4.5,pi5,-0.013,-0.009,-0.033,0.001,-0.005,-0.006,0.007,0.05,-0.05,94.79,0.0016,0.0004,0.0009,0.0010,1447,0.872,22.2,2.1,2.6,22.6,25.2,1.00,25.12,0.99461,0.814,285.50,25.20,14,1
116.550,hall_mission,9x4.5,pi5,-0.014,-0.009,-0.033,0.001,-0.005,-0.006,0.007,0.05,-0.05,94.79,0.0018,0.0002,0.0012,0.0007,1447,0.872,22.2,2.1,2.6,22.6,25.2,1.00,25.12,0.99460,0.814,285.50,25.20,14,1
116.598,hall_mission,9x4.5,pi5,-0.014,-0.009,-0.033,0.000,-0.005,-0.006,0.007,0.05,-0.05,94.79,0.0020,0.0001,0.0010,0.0010,1447,0.872,22.2,2.1,2.6,22.6,25.2,1.00,25.12,0.99460,0.815,285.49,25.20,14,1
116.650,hall_mission,9x4.5,pi5,-0.015,-0.009,-0.033,-0.000,-0.005,-0.006,0.008,0.05,-0.05,94.79,0.0017,0.0004,0.0012,0.0007,1447,0.872,22.2,2.1,2.6,22.6,25.2,1.00,25.12,0.99460,0.815,285.50,25.20,14,1
116.698,hall_mission,9x4.5,pi5,-0.016,-0.009,-0.033,-0.001,-0.005,-0.006,0.008,0.05,-0.05,94.79,0.0015,0.0006,0.0012,0.0008,1447,0.872,22.2,2.1,2.6,22.6,25.2,1.00,25.12,0.99460,0.815,285.49,25.20,14,1
116.750,hall_mission,9x4.5,pi5,-0.016,-0.009,-0.034,-0.001,-0.005,-0.006,0.008,0.05,-0.05,94.79,0.0019,0.0001,0.0009,0.0011,1447,0.872,22.2,2.1,2.6,22.6,25.2,1.00,25.12,0.99459,0.816,285.49,25.20,14,1
116.798,hall_mission,9x4.5,pi5,-0.017,-0.009,-0.035,-0.002,-0.005,-0.006,0.008,0.05,-0.05,94.79,0.0019,0.0002,0.0011,0.0008,1447,0.872,22.2,2.1,2.6,22.6,25.2,1.00,25.12,0.99459,0.816,285.49,25.20,14,1
116.850,hall_mission,9x4.5,pi5,-0.018,-0.009,-0.035,-0.002,-0.004,-0.006,0.008,0.05,-0.05,94.79,0.0015,0.0004,0.0011,0.0010,1447,0.872,22.2,2.1,2.6,22.6,25.2,1.00,25.12,0.99459,0.816,285.49,25.20,14,1
116.898,hall_mission,9x4.5,pi5,-0.018,-0.009,-0.036,-0.002,-0.005,-0.007,0.008,0.05,-0.05,94.79,0.0017,0.0003,0.0009,0.0011,1447,0.872,22.2,2.1,2.6,22.6,25.2,1.00,25.12,0.99459,0.817,285.49,25.20,14,1
116.950,hall_mission,9x4.5,pi5,-0.019,-0.009,-0.037,-0.002,-0.005,-0.007,0.009,0.05,-0.05,94.79,0.0015,0.0005,0.0006,0.0014,1447,0.872,22.2,2.1,2.6,22.6,25.2,1.00,25.12,0.99458,0.817,285.49,25.20,14,1
116.998,hall_mission,9x4.5,pi5,-0.019,-0.009,-0.037,-0.002,-0.004,-0.007,0.009,0.05,-0.05,94.79,0.0020,0.0000,0.0010,0.0010,1447,0.872,22.2,2.1,2.6,22.6,25.2,1.00,25.12,0.99458,0.817,285.49,25.20,14,1
117.050,hall_mission,9x4.5,pi5,-0.019,-0.009,-0.038,-0.002,-0.004,-0.007,0.009,0.05,-0.05,94.79,0.0014,0.0006,0.0011,0.0009,1447,0.872,22.2,2.1,2.6,22.6,25.2,1.00,25.12,0.99458,0.818,285.48,25.20,14,1
117.098,hall_mission,9x4.5,pi5,-0.019,-0.008,-0.038,-0.002,-0.004,-0.007,0.008,0.05,-0.05,94.79,0.0019,0.0002,0.0011,0.0008,1447,0.872,22.2,2.1,2.6,22.6,25.2,1.00,25.12,0.99458,0.818,285.49,25.20,14,1
117.150,hall_mission,9x4.5,pi5,-0.019,-0.008,-0.039,-0.002,-0.004,-0.007,0.008,0.05,-0.05,94.79,0.0019,0.0001,0.0010,0.0010,1447,0.872,22.2,2.1,2.6,22.6,25.2,1.00,25.12,0.99458,0.818,285.48,25.20,14,1
117.198,hall_mission,9x4.5,pi5,-0.019,-0.007,-0.039,-0.002,-0.003,-0.007,0.008,0.05,-0.05,94.79,0.0020,0.0000,0.0012,0.0008,1447,0.872,22.2,2.1,2.6,22.6,25.2,1.00,25.12,0.99457,0.819,285.49,25.20,14,1
117.246,hall_mission,9x4.5,pi5,-0.020,-0.007,-0.040,-0.002,-0.003,-0.007,0.008,0.05,-0.05,94.80,0.0017,0.0003,0.0013,0.0007,1447,0.872,22.2,2.1,2.6,22.6,25.2,1.00,25.12,0.99457,0.819,285.48,25.20,14,1
117.298,hall_mission,9x4.5,pi5,-0.020,-0.006,-0.040,-0.002,-0.002,-0.008,0.008,0.05,-0.05,94.80,0.0020,0.0000,0.0011,0.0009,1089,0.658,16.8,1.6,1.9,22.6,24.5,0.98,25.13,0.99457,0.819,292.75,25.20,14,1
117.350,hall_mission,9x4.5,pi5,-0.021,-0.006,-0.040,-0.003,-0.001,-0.007,0.008,0.05,-0.05,94.80,0.0016,0.0003,0.0012,0.0009,1447,0.872,22.2,2.1,2.6,22.6,25.2,1.00,25.12,0.99457,0.820,285.48,25.20,14,1
117.398,hall_mission,9x4.5,pi5,-0.021,-0.005,-0.041,-0.003,-0.001,-0.007,0.008,0.05,-0.06,94.80,0.0017,0.0001,0.0013,0.0008,1447,0.872,22.2,2.1,2.6,22.6,25.2,1.00,25.12,0.99456,0.820,285.48,25.20,14,1
117.450,hall_mission,9x4.5,pi5,-0.022,-0.004,-0.041,-0.003,-0.000,-0.007,0.008,0.05,-0.06,94.80,0.0017,0.0003,0.0015,0.0005,1447,0.872,22.2,2.1,2.6,22.6,25.2,1.00,25.12,0.99456,0.821,285.48,25.20,14,1
117.498,hall_mission,9x4.5,pi5,-0.022,-0.003,-0.042,-0.003,0.000,-0.007,0.008,0.05,-0.06,94.80,0.0017,0.0002,0.0010,0.0011,1447,0.872,22.2,2.1,2.6,22.6,25.2,1.00,25.12,0.99456,0.821,285.48,25.20,14,1
117.550,hall_mission,9x4.5,pi5,-0.023,-0.002,-0.042,-0.003,0.001,-0.007,0.008,0.05,-0.06,94.80,0.0016,0.0003,0.0011,0.0009,1447,0.872,22.2,2.1,2.6,22.6,25.2,1.00,25.12,0.99456,0.821,285.47,25.20,14,1
117.598,hall_mission,9x4.5,pi5,-0.024,-0.001,-0.041,-0.004,0.002,-0.007,0.008,0.05,-0.06,94.81,0.0017,0.0003,0.0010,0.0011,1447,0.872,22.2,2.1,2.6,22.6,25.2,1.00,25.12,0.99455,0.822,285.48,25.20,14,1
117.650,hall_mission,9x4.5,pi5,-0.024,-0.001,-0.041,-0.004,0.003,-0.006,0.008,0.05,-0.06,94.81,0.0020,0.0001,0.0013,0.0006,1447,0.872,22.2,2.1,2.6,22.6,25.2,1.00,25.12,0.99455,0.822,285.47,25.20,14,1
117.698,hall_mission,9x4.5,pi5,-0.025,0.000,-0.040,-0.004,0.004,-0.006,0.008,0.05,-0.06,94.81,0.0020,0.0000,0.0015,0.0004,1447,0.872,22.2,2.1,2.6,22.6,25.2,1.00,25.12,0.99455,0.822,285.46,25.20,14,1
117.750,hall_mission,9x4.5,pi5,-0.025,0.001,-0.040,-0.004,0.004,-0.006,0.008,0.05,-0.06,94.81,0.0017,0.0004,0.0015,0.0005,1447,0.872,22.2,2.1,2.6,22.6,25.2,1.00,25.12,0.99455,0.823,285.47,25.20,14,1
117.798,hall_mission,9x4.5,pi5,-0.025,0.002,-0.039,-0.004,0.005,-0.005,0.008,0.05,-0.07,94.81,0.0018,0.0002,0.0013,0.0007,1447,0.872,22.2,2.1,2.6,22.6,25.2,1.00,25.12,0.99455,0.823,285.47,25.20,14,1
117.846,hall_mission,9x4.5,pi5,-0.024,0.003,-0.038,-0.003,0.006,-0.004,0.008,0.04,-0.07,94.81,0.0020,0.0000,0.0014,0.0006,1089,0.658,16.8,1.6,1.9,22.6,24.5,0.98,25.12,0.99454,0.823,292.74,25.20,14,1
117.898,hall_mission,9x4.5,pi5,-0.024,0.004,-0.037,-0.003,0.007,-0.004,0.008,0.04,-0.07,94.81,0.0020,0.0000,0.0014,0.0006,1089,0.658,16.8,1.6,1.9,22.6,24.5,0.98,25.12,0.99454,0.824,292.74,25.20,14,1
117.950,hall_mission,9x4.5,pi5,-0.023,0.005,-0.036,-0.002,0.007,-0.003,0.008,0.04,-0.07,94.81,0.0020,0.0000,0.0013,0.0007,1089,0.658,16.8,1.6,1.9,22.6,24.5,0.98,25.12,0.99454,0.824,292.74,25.20,14,1
117.998,hall_mission,9x4.5,pi5,-0.022,0.006,-0.034,-0.002,0.008,-0.003,0.009,0.04,-0.07,94.81,0.0017,0.0003,0.0012,0.0008,1447,0.872,22.2,2.1,2.6,22.6,25.2,1.00,25.12,0.99454,0.824,285.46,25.20,14,1
118.050,hall_mission,9x4.5,pi5,-0.021,0.007,-0.033,-0.001,0.008,-0.002,0.009,0.04,-0.07,94.81,0.0016,0.0004,0.0012,0.0008,1447,0.872,22.2,2.1,2.6,22.6,25.2,1.00,25.12,0.99453,0.825,285.47,25.20,14,1
118.098,hall_mission,9x4.5,pi5,-0.019,0.007,-0.032,-0.001,0.008,-0.002,0.009,0.04,-0.07,94.81,0.0017,0.0002,0.0011,0.0009,1447,0.872,22.2,2.1,2.6,22.6,25.2,1.00,25.12,0.99453,0.825,285.46,25.20,14,1
118.150,hall_mission,9x4.5,pi5,-0.018,0.007,-0.031,0.000,0.008,-0.001,0.009,0.03,-0.07,94.81,0.0020,0.0000,0.0012,0.0008,1447,0.872,22.2,2.1,2.6,22.6,25.2,1.00,25.12,0.99453,0.825,285.46,25.20,14,1
118.198,hall_mission,9x4.5,pi5,-0.016,0.008,-0.029,0.001,0.008,-0.000,0.008,0.03,-0.07,94.81,0.0016,0.0004,0.0015,0.0005,1447,0.872,22.2,2.1,2.6,22.6,25.2,1.00,25.12,0.99453,0.826,285.46,25.20,14,1
118.250,hall_mission,9x4.5,pi5,-0.015,0.008,-0.028,0.001,0.008,0.000,0.009,0.03,-0.07,94.81,0.0017,0.0003,0.0014,0.0005,1447,0.872,22.2,2.1,2.6,22.6,25.2,1.00,25.12,0.99452,0.826,285.46,25.20,14,1
118.298,hall_mission,9x4.5,pi5,-0.014,0.008,-0.026,0.002,0.008,0.001,0.009,0.03,-0.07,94.81,0.0020,0.0000,0.0017,0.0003,1089,0.658,16.8,1.6,2.0,22.6,24.6,0.98,25.12,0.99452,0.826,292.73,25.20,14,1
118.350,hall_mission,9x4.5,pi5,-0.013,0.008,-0.025,0.003,0.008,0.001,0.009,0.03,-0.07,94.81,0.0019,0.0001,0.0014,0.0006,1447,0.872,22.2,2.1,2.6,22.6,25.2,1.00,25.12,0.99452,0.827,285.46,25.20,14,1
118.398,hall_mission,9x4.5,pi5,-0.012,0.008,-0.024,0.003,0.008,0.001,0.009,0.03,-0.07,94.81,0.0017,0.0004,0.0014,0.0005,1447,0.872,22.2,2.1,2.6,22.6,25.2,1.00,25.12,0.99452,0.827,285.46,25.20,14,1
118.446,hall_mission,9x4.5,pi5,-0.011,0.008,-0.023,0.003,0.008,0.002,0.009,0.03,-0.07,94.81,0.0017,0.0004,0.0013,0.0007,1447,0.872,22.2,2.1,2.6,22.6,25.2,1.00,25.12,0.99452,0.827,285.46,25.20,14,1
118.498,hall_mission,9x4.5,pi5,-0.011,0.008,-0.022,0.003,0.007,0.002,0.008,0.03,-0.07,94.81,0.0018,0.0002,0.0014,0.0006,1447,0.872,22.2,2.1,2.6,22.6,25.2,1.00,25.12,0.99451,0.828,285.45,25.20,14,1
118.550,hall_mission,9x4.5,pi5,-0.010,0.008,-0.022,0.004,0.007,0.002,0.008,0.03,-0.06,94.81,0.0019,0.0001,0.0015,0.0004,1447,0.872,22.2,2.1,2.6,22.6,25.2,1.00,25.12,0.99451,0.828,285.45,25.20,14,1
118.598,hall_mission,9x4.5,pi5,-0.010,0.008,-0.021,0.003,0.007,0.003,0.008,0.03,-0.07,94.81,0.0017,0.0004,0.0010,0.0009,1447,0.872,22.2,2.1,2.6,22.6,25.2,1.00,25.12,0.99451,0.829,285.45,25.20,14,1
118.650,hall_mission,9x4.5,pi5,-0.010,0.008,-0.021,0.003,0.007,0.003,0.008,0.04,-0.06,94.81,0.0020,0.0001,0.0010,0.0009,1447,0.872,22.2,2.1,2.6,22.6,25.2,1.00,25.12,0.99451,0.829,285.46,25.20,14,1
118.698,hall_mission,9x4.5,pi5,-0.010,0.008,-0.020,0.003,0.006,0.003,0.008,0.04,-0.06,94.81,0.0018,0.0003,0.0011,0.0008,1447,0.872,22.2,2.1,2.6,22.6,25.2,1.00,25.12,0.99450,0.829,285.45,25.20,14,1
118.750,hall_mission,9x4.5,pi5,-0.011,0.007,-0.020,0.003,0.006,0.003,0.007,0.04,-0.06,94.81,0.0017,0.0003,0.0011,0.0009,1447,0.872,22.2,2.1,2.6,22.6,25.2,1.00,25.12,0.99450,0.830,285.45,25.20,14,1
118.798,hall_mission,9x4.5,pi5,-0.012,0.006,-0.020,0.002,0.005,0.003,0.006,0.04,-0.06,94.81,0.0016,0.0004,0.0014,0.0006,1447,0.872,22.2,2.1,2.6,22.6,25.2,1.00,25.12,0.99450,0.830,285.45,25.20,14,1
118.850,hall_mission,9x4.5,pi5,-0.012,0.006,-0.019,0.001,0.004,0.003,0.006,0.04,-0.06,94.81,0.0018,0.0002,0.0012,0.0008,1447,0.872,22.2,2.1,2.6,22.6,25.2,1.00,25.12,0.99450,0.830,285.45,25.20,14,1
118.898,hall_mission,9x4.5,pi5,-0.013,0.005,-0.019,0.001,0.003,0.003,0.005,0.04,-0.06,94.80,0.0019,0.0002,0.0013,0.0006,1447,0.872,22.2,2.1,2.6,22.6,25.2,1.00,25.12,0.99449,0.831,285.45,25.20,14,1
118.950,hall_mission,9x4.5,pi5,-0.013,0.004,-0.019,0.000,0.003,0.003,0.004,0.04,-0.06,94.80,0.0019,0.0002,0.0011,0.0008,1447,0.872,22.2,2.1,2.6,22.6,25.2,1.00,25.12,0.99449,0.831,285.45,25.20,14,1
118.998,hall_mission,9x4.5,pi5,-0.014,0.003,-0.019,-0.001,0.002,0.003,0.004,0.05,-0.06,94.80,0.0019,0.0003,0.0009,0.0009,1447,0.872,22.2,2.1,2.6,22.6,25.2,1.00,25.12,0.99449,0.831,285.44,25.20,14,1
119.046,hall_mission,9x4.5,pi5,-0.015,0.002,-0.019,-0.001,0.001,0.003,0.004,0.05,-0.05,94.80,0.0018,0.0003,0.0011,0.0008,1447,0.872,22.2,2.1,2.6,22.6,25.2,1.00,25.12,0.99449,0.832,285.44,25.20,14,1
119.098,hall_mission,9x4.5,pi5,-0.015,0.001,-0.019,-0.002,0.000,0.003,0.003,0.05,-0.05,94.80,0.0020,0.0000,0.0008,0.0012,1447,0.872,22.2,2.1,2.6,22.6,25.2,1.00,25.12,0.99449,0.832,285.45,25.20,14,1
119.150,hall_mission,9x4.5,pi5,-0.016,0.000,-0.019,-0.002,0.000,0.003,0.004,0.05,-0.05,94.80,0.0019,0.0001,0.0010,0.0010,1447,0.872,22.2,2.1,2.6,22.6,25.2,1.00,25.12,0.99448,0.832,285.44,25.20,14,1
119.198,hall_mission,9x4.5,pi5,-0.017,-0.000,-0.019,-0.003,0.000,0.003,0.004,0.05,-0.05,94.80,0.0015,0.0006,0.0008,0.0011,1447,0.872,22.2,2.1,2.6,22.6,25.2,1.00,25.12,0.99448,0.833,285.44,25.20,14,1
119.250,hall_mission,9x4.5,pi5,-0.017,-0.000,-0.019,-0.003,0.000,0.003,0.004,0.05,-0.05,94.80,0.0020,0.0000,0.0015,0.0005,1447,0.872,22.2,2.1,2.6,22.6,25.2,1.00,25.12,0.99448,0.833,285.44,25.20,14,1
119.298,hall_mission,9x4.5,pi5,-0.019,-0.000,-0.019,-0.004,0.000,0.003,0.005,0.05,-0.06,94.80,0.0017,0.0003,0.0010,0.0009,1447,0.872,22.2,2.1,2.6,22.6,25.2,1.00,25.12,0.99448,0.833,285.44,25.20,14,1
119.350,hall_mission,9x4.5,pi5,-0.019,0.000,-0.019,-0.005,0.001,0.003,0.005,0.05,-0.06,94.80,0.0019,0.0002,0.0011,0.0008,1447,0.872,22.2,2.1,2.6,22.6,25.2,1.00,25.12,0.99447,0.834,285.44,25.20,14,1
119.398,hall_mission,9x4.5,pi5,-0.020,0.001,-0.019,-0.005,0.002,0.002,0.006,0.05,-0.06,94.80,0.0016,0.0004,0.0010,0.0010,1447,0.872,22.2,2.1,2.6,22.6,25.2,1.00,25.12,0.99447,0.834,285.44,25.20,14,1
119.450,hall_mission,9x4.5,pi5,-0.021,0.001,-0.019,-0.006,0.002,0.002,0.006,0.05,-0.06,94.80,0.0020,0.0000,0.0010,0.0010,1447,0.872,22.2,2.1,2.6,22.6,25.2,1.00,25.12,0.99447,0.835,285.44,25.20,14,1
119.498,hall_mission,9x4.5,pi5,-0.022,0.002,-0.019,-0.006,0.002,0.002,0.007,0.05,-0.06,94.80,0.0017,0.0003,0.0011,0.0009,1447,0.872,22.2,2.1,2.6,22.6,25.2,1.00,25.12,0.99447,0.835,285.44,25.20,14,1
119.550,hall_mission,9x4.5,pi5,-0.022,0.002,-0.019,-0.006,0.003,0.002,0.007,0.05,-0.06,94.80,0.0019,0.0002,0.0009,0.0009,1447,0.872,22.2,2.1,2.6,22.6,25.2,1.00,25.12,0.99446,0.835,285.43,25.20,14,1
119.598,hall_mission,9x4.5,pi5,-0.023,0.002,-0.020,-0.006,0.003,0.002,0.007,0.05,-0.06,94.80,0.0018,0.0002,0.0009,0.0010,1447,0.872,22.2,2.1,2.6,22.6,25.2,1.00,25.12,0.99446,0.836,285.43,25.20,14,1
119.650,hall_mission,9x4.5,pi5,-0.024,0.002,-0.020,-0.007,0.003,0.002,0.007,0.05,-0.06,94.80,0.0019,0.0002,0.0010,0.0010,1447,0.872,22.2,2.1,2.6,22.6,25.2,1.00,25.12,0.99446,0.836,285.43,25.20,14,1
119.698,hall_mission,9x4.5,pi5,-0.024,0.003,-0.020,-0.007,0.003,0.002,0.008,0.05,-0.06,94.80,0.0020,0.0000,0.0010,0.0009,1447,0.872,22.2,2.1,2.6,22.6,25.2,1.00,25.12,0.99446,0.836,285.43,25.20,14,1
119.750,hall_mission,9x4.5,pi5,-0.024,0.003,-0.020,-0.007,0.003,0.001,0.007,0.05,-0.06,94.80,0.0019,0.0002,0.0010,0.0009,1447,0.872,22.2,2.1,2.6,22.6,25.2,1.00,25.12,0.99446,0.837,285.43,25.20,14,1
119.798,hall_mission,9x4.5,pi5,-0.025,0.002,-0.021,-0.006,0.003,0.001,0.007,0.05,-0.06,94.80,0.0020,0.0001,0.0012,0.0006,1447,0.872,22.2,2.1,2.6,22.6,25.2,1.00,25.12,0.99445,0.837,285.43,25.20,14,1
119.850,hall_mission,9x4.5,pi5,-0.025,0.002,-0.021,-0.006,0.002,0.001,0.007,0.05,-0.06,94.80,0.0016,0.0004,0.0014,0.0006,1447,0.872,22.2,2.1,2.6,22.6,25.2,1.00,25.12,0.99445,0.837,285.43,25.20,14,1
119.898,hall_mission,9x4.5,pi5,-0.025,0.001,-0.021,-0.006,0.002,0.001,0.006,0.05,-0.06,94.80,0.0018,0.0004,0.0014,0.0005,1447,0.872,22.2,2.1,2.6,22.6,25.2,1.00,25.12,0.99445,0.838,285.42,25.20,14,1
119.950,hall_mission,9x4.5,pi5,-0.025,0.001,-0.021,-0.006,0.002,0.001,0.006,0.05,-0.06,94.80,0.0017,0.0004,0.0011,0.0008,1447,0.872,22.2,2.1,2.6,22.6,25.2,1.00,25.12,0.99445,0.838,285.43,25.20,14,1
119.998,hall_mission,9x4.5,pi5,-0.025,0.000,-0.022,-0.006,0.001,0.001,0.006,0.05,-0.06,94.80,0.0020,0.0000,0.0010,0.0009,1447,0.872,22.2,2.1,2.6,22.6,25.2,1.00,25.12,0.99444,0.838,285.42,25.20,14,1
120.050,hall_mission,9x4.5,pi5,-0.026,-0.001,-0.022,-0.006,0.000,0.000,0.006,0.05,-0.06,94.80,0.0021,0.0001,0.0009,0.0010,1447,0.872,22.2,2.1,2.6,22.6,25.2,1.00,25.12,0.99444,0.839,285.42,25.20,14,1
120.098,hall_mission,9x4.5,pi5,-0.026,-0.001,-0.022,-0.006,-0.000,0.000,0.006,0.05,-0.05,94.80,0.0017,0.0003,0.0009,0.0011,1447,0.872,22.2,2.1,2.6,22.6,25.2,1.00,25.12,0.99444,0.839,285.42,25.20,14,1
120.150,hall_mission,9x4.5,pi5,-0.026,-0.002,-0.023,-0.006,-0.000,0.000,0.006,0.05,-0.05,94.80,0.0018,0.0003,0.0006,0.0013,1447,0.872,22.2,2.1,2.6,22.6,25.2,1.00,25.12,0.99444,0.839,285.42,25.20,14,1
120.198,hall_mission,9x4.5,pi5,-0.027,-0.003,-0.023,-0.006,-0.001,0.000,0.006,0.05,-0.05,94.80,0.0015,0.0005,0.0011,0.0010,1447,0.872,22.2,2.1,2.6,22.6,25.2,1.00,25.12,0.99443,0.840,285.42,25.20,14,1
120.250,hall_mission,9x4.5,pi5,-0.027,-0.003,-0.023,-0.006,-0.001,0.000,0.006,0.05,-0.05,94.80,0.0016,0.0003,0.0011,0.0010,1447,0.872,22.2,2.1,2.6,22.6,25.2,1.00,25.12,0.99443,0.840,285.42,25.20,14,1
120.298,hall_mission,9x4.5,pi5,-0.028,-0.004,-0.022,-0.006,-0.002,-0.000,0.007,0.05,-0.05,94.80,0.0018,0.0001,0.0011,0.0010,1447,0.872,22.2,2.1,2.6,22.6,25.2,1.00,25.12,0.99443,0.840,285.42,25.20,14,1
120.350,hall_mission,9x4.5,pi5,-0.028,-0.004,-0.022,-0.007,-0.002,-0.000,0.007,0.05,-0.05,94.80,0.0016,0.0003,0.0011,0.0010,1447,0.872,22.2,2.1,2.6,22.6,25.2,1.00,25.12,0.99443,0.841,285.42,25.20,14,1
120.398,hall_mission,9x4.5,pi5,-0.029,-0.005,-0.022,-0.007,-0.003,-0.000,0.008,0.06,-0.05,94.80,0.0020,0.0000,0.0008,0.0013,1089,0.658,16.8,1.6,1.9,22.6,24.5,0.98,25.12,0.99443,0.841,292.68,25.20,14,1
120.450,hall_mission,9x4.5,pi5,-0.030,-0.005,-0.021,-0.007,-0.003,-0.000,0.008,0.06,-0.05,94.80,0.0020,0.0000,0.0009,0.0011,1447,0.872,22.2,2.1,2.6,22.6,25.2,1.00,25.12,0.99442,0.841,285.42,25.20,14,1
120.498,hall_mission,9x4.5,pi5,-0.031,-0.005,-0.021,-0.008,-0.003,0.000,0.008,0.06,-0.05,94.80,0.0017,0.0002,0.0013,0.0007,1447,0.872,22.2,2.1,2.6,22.6,25.2,1.00,25.12,0.99442,0.842,285.41,25.20,14,1
120.550,hall_mission,9x4.5,pi5,-0.031,-0.006,-0.021,-0.008,-0.003,-0.000,0.009,0.06,-0.05,94.80,0.0019,0.0001,0.0009,0.0011,1447,0.872,22.2,2.1,2.6,22.6,25.2,1.00,25.12,0.99442,0.842,285.41,25.20,14,1
120.598,hall_mission,9x4.5,pi5,-0.032,-0.006,-0.020,-0.009,-0.004,-0.000,0.009,0.06,-0.05,94.80,0.0019,0.0001,0.0014,0.0005,1447,0.872,22.2,2.1,2.6,22.6,25.2,1.00,25.12,0.99442,0.843,285.41,25.20,14,1
120.650,hall_mission,9x4.5,pi5,-0.033,-0.006,-0.019,-0.009,-0.004,0.000,0.010,0.06,-0.05,94.80,0.0019,0.0002,0.0008,0.0011,1447,0.872,22.2,2.1,2.6,22.6,25.2,1.00,25.12,0.99441,0.843,285.41,25.20,14,1
120.698,hall_mission,9x4.5,pi5,-0.033,-0.007,-0.018,-0.009,-0.004,0.000,0.009,0.06,-0.05,94.80,0.0020,0.0001,0.0009,0.0010,1447,0.872,22.2,2.1,2.6,22.6,25.2,1.00,25.12,0.99441,0.843,285.41,25.20,14,1
120.750,hall_mission,9x4.5,pi5,-0.033,-0.007,-0.018,-0.008,-0.004,0.000,0.009,0.06,-0.05,94.80,0.0017,0.0004,0.0011,0.0009,1447,0.872,22.2,2.1,2.6,22.6,25.2,1.00,25.12,0.99441,0.844,285.41,25.20,14,1
120.798,hall_mission,9x4.5,pi5,-0.033,-0.008,-0.017,-0.007,-0.005,0.000,0.009,0.05,-0.05,94.80,0.0016,0.0004,0.0008,0.0012,1447,0.872,22.2,2.1,2.6,22.6,25.2,1.00,25.12,0.99441,0.844,285.41,25.20,14,1
120.846,hall_mission,9x4.5,pi5,-0.032,-0.008,-0.016,-0.006,-0.005,0.000,0.008,0.05,-0.05,94.80,0.0014,0.0006,0.0009,0.0011,1447,0.872,22.2,2.1,2.6,22.6,25.2,1.00,25.12,0.99440,0.844,285.40,25.20,14,1
120.898,hall_mission,9x4.5,pi5,-0.031,-0.008,-0.016,-0.005,-0.005,0.000,0.007,0.05,-0.05,94.80,0.0020,0.0000,0.0012,0.0008,1447,0.872,22.2,2.1,2.6,22.6,25.2,1.00,25.12,0.99440,0.845,285.41,25.20,14,1
120.946,hall_mission,9x4.5,pi5,-0.030,-0.009,-0.015,-0.004,-0.005,0.000,0.007,0.05,-0.05,94.80,0.0016,0.0003,0.0011,0.0009,1447,0.872,22.2,2.1,2.6,22.6,25.2,1.00,25.12,0.99440,0.845,285.40,25.20,14,1
120.998,hall_mission,9x4.5,pi5,-0.029,-0.009,-0.014,-0.003,-0.006,0.000,0.006,0.04,-0.05,94.80,0.0015,0.0005,0.0012,0.0009,1447,0.872,22.2,2.1,2.6,22.6,25.2,1.00,25.12,0.99440,0.845,285.40,25.20,14,1
121.050,hall_mission,9x4.5,pi5,-0.028,-0.009,-0.014,-0.002,-0.006,0.001,0.006,0.04,-0.04,94.80,0.0020,0.0000,0.0010,0.0010,1447,0.872,22.2,2.1,2.6,22.6,25.2,1.00,25.12,0.99439,0.846,285.40,25.20,14,1
121.098,hall_mission,9x4.5,pi5,-0.026,-0.009,-0.013,-0.000,-0.006,0.001,0.006,0.04,-0.05,94.80,0.0019,0.0001,0.0011,0.0008,1447,0.872,22.2,2.1,2.6,22.6,25.2,1.00,25.12,0.99439,0.846,285.40,25.20,14,1
121.150,hall_mission,9x4.5,pi5,-0.025,-0.009,-0.013,0.001,-0.006,0.001,0.006,0.04,-0.05,94.80,0.0014,0.0006,0.0013,0.0007,1447,0.872,22.2,2.1,2.6,22.6,25.2,1.00,25.12,0.99439,0.846,285.40,25.20,14,1
121.198,hall_mission,9x4.5,pi5,-0.023,-0.010,-0.012,0.002,-0.007,0.001,0.007,0.03,-0.05,94.80,0.0018,0.0002,0.0011,0.0010,1447,0.872,22.2,2.1,2.6,22.6,25.2,1.00,25.12,0.99439,0.847,285.40,25.20,14,1
121.250,hall_mission,9x4.5,pi5,-0.022,-0.010,-0.011,0.003,-0.007,0.002,0.008,0.03,-0.05,94.80,0.0016,0.0005,0.0008,0.0012,1447,0.872,22.2,2.1,2.6,22.6,25.2,1.00,25.12,0.99439,0.847,285.40,25.20,14,1
121.298,hall_mission,9x4.5,pi5,-0.021,-0.011,-0.011,0.004,-0.007,0.002,0.008,0.03,-0.04,94.80,0.0017,0.0003,0.0011,0.0009,1447,0.872,22.2,2.1,2.6,22.6,25.2,1.00,25.12,0.99438,0.847,285.40,25.20,14,1
121.350,hall_mission,9x4.5,pi5,-0.020,-0.012,-0.010,0.004,-0.008,0.002,0.009,0.03,-0.04,94.80,0.0017,0.0004,0.0011,0.0008,1447,0.872,22.2,2.1,2.6,22.6,25.2,1.00,25.12,0.99438,0.848,285.40,25.20,14,1
121.398,hall_mission,9x4.5,pi5,-0.018,-0.012,-0.009,0.005,-0.008,0.002,0.010,0.03,-0.04,94.79,0.0020,0.0001,0.0012,0.0007,1447,0.872,22.2,2.1,2.6,22.6,25.2,1.00,25.12,0.99438,0.848,285.39,25.20,14,1
121.450,hall_mission,9x4.5,pi5,-0.017,-0.013,-0.009,0.006,-0.008,0.002,0.010,0.03,-0.04,94.79,0.0016,0.0004,0.0013,0.0007,1447,0.872,22.2,2.1,2.6,22.6,25.2,1.00,25.12,0.99438,0.848,285.40,25.20,14,1
121.498,hall_mission,9x4.5,pi5,-0.016,-0.013,-0.009,0.006,-0.009,0.002,0.011,0.03,-0.04,94.79,0.0014,0.0007,0.0013,0.0006,1447,0.872,22.2,2.1,2.6,22.6,25.2,1.00,25.12,0.99437,0.849,285.39,25.20,14,1
121.546,hall_mission,9x4.5,pi5,-0.015,-0.013,-0.008,0.007,-0.009,0.002,0.011,0.03,-0.04,94.79,0.0017,0.0003,0.0013,0.0007,1447,0.872,22.2,2.1,2.6,22.6,25.2,1.00,25.12,0.99437,0.849,285.39,25.20,14,1
121.598,hall_mission,9x4.5,pi5,-0.014,-0.014,-0.008,0.007,-0.009,0.002,0.012,0.03,-0.04,94.79,0.0015,0.0005,0.0013,0.0008,1447,0.872,22.2,2.1,2.6,22.6,25.2,1.00,25.12,0.99437,0.850,285.39,25.20,14,1
121.650,hall_mission,9x4.5,pi5,-0.014,-0.014,-0.008,0.007,-0.009,0.002,0.012,0.03,-0.04,94.79,0.0015,0.0005,0.0014,0.0006,1447,0.872,22.2,2.1,2.6,22.6,25.2,1.00,25.12,0.99437,0.850,285.39,25.20,14,1
121.698,hall_mission,9x4.5,pi5,-0.013,-0.015,-0.008,0.008,-0.010,0.002,0.013,0.03,-0.04,94.79,0.0017,0.0003,0.0012,0.0008,1447,0.872,22.2,2.1,2.6,22.6,25.2,1.00,25.12,0.99436,0.850,285.39,25.20,14,1
121.750,hall_mission,9x4.5,pi5,-0.013,-0.015,-0.007,0.008,-0.010,0.002,0.013,0.03,-0.04,94.79,0.0018,0.0003,0.0015,0.0004,1447,0.872,22.2,2.1,2.6,22.6,25.2,1.00,25.12,0.99436,0.851,285.39,25.20,14,1
121.798,hall_mission,9x4.5,pi5,-0.013,-0.016,-0.007,0.008,-0.010,0.002,0.013,0.03,-0.04,94.79,0.0014,0.0006,0.0009,0.0010,1447,0.872,22.2,2.1,2.6,22.6,25.2,1.00,25.12,0.99436,0.851,285.39,25.20,14,1
121.850,hall_mission,9x4.5,pi5,-0.012,-0.016,-0.007,0.008,-0.010,0.002,0.013,0.03,-0.04,94.79,0.0017,0.0004,0.0013,0.0007,1447,0.872,22.2,2.1,2.6,22.6,25.2,1.00,25.12,0.99436,0.851,285.38,25.20,14,1
121.898,hall_mission,9x4.5,pi5,-0.012,-0.016,-0.007,0.007,-0.010,0.002,0.013,0.03,-0.04,94.79,0.0016,0.0005,0.0006,0.0013,1447,0.872,22.2,2.1,2.6,22.6,25.2,1.00,25.12,0.99436,0.852,285.38,25.20,14,1
121.950,hall_mission,9x4.5,pi5,-0.012,-0.016,-0.006,0.007,-0.010,0.002,0.012,0.03,-0.04,94.79,0.0014,0.0006,0.0010,0.0010,1447,0.872,22.2,2.1,2.6,22.6,25.2,1.00,25.12,0.99435,0.852,285.38,25.20,14,1
121.982,hall_mission,9x4.5,pi5,-0.011,-0.016,-0.006,0.007,-0.009,0.002,0.012,0.03,-0.04,94.79,0.0014,0.0006,0.0012,0.0008,1447,0.872,22.2,2.1,2.6,22.6,25.2,1.00,25.12,0.99435,0.852,285.38,25.20,14,1
122.034,hall_mission,9x4.5,pi5,-0.011,-0.015,-0.006,0.007,-0.008,0.002,0.011,0.03,-0.04,94.79,0.0014,0.0006,0.0011,0.0009,1447,0.872,22.2,2.1,2.6,22.6,25.2,1.00,25.12,0.99435,0.853,285.38,25.20,14,1
122.086,hall_mission,9x4.5,pi5,-0.011,-0.015,-0.005,0.007,-0.007,0.003,0.010,0.03,-0.04,94.79,0.0015,0.0005,0.0012,0.0008,1447,0.872,22.2,2.1,2.6,22.6,25.2,1.00,25.12,0.99435,0.853,285.38,25.20,14,1
122.134,hall_mission,9x4.5,pi5,-0.011,-0.014,-0.004,0.006,-0.007,0.003,0.010,0.03,-0.05,94.79,0.0017,0.0004,0.0013,0.0007,1447,0.872,22.2,2.1,2.6,22.6,25.2,1.00,25.12,0.99434,0.853,285.38,25.20,14,1
122.182,hall_mission,9x4.5,pi5,-0.011,-0.014,-0.004,0.006,-0.006,0.003,0.009,0.04,-0.05,94.80,0.0014,0.0006,0.0012,0.0008,1447,0.872,22.2,2.1,2.6,22.6,25.2,1.00,25.12,0.99434,0.854,285.38,25.20,14,1
122.234,hall_mission,9x4.5,pi5,-0.012,-0.013,-0.004,0.005,-0.005,0.003,0.008,0.04,-0.05,94.80,0.0016,0.0004,0.0016,0.0004,1447,0.872,22.2,2.1,2.6,22.6,25.2,1.00,25.12,0.99434,0.854,285.38,25.20,14,1
122.282,hall_mission,9x4.5,pi5,-0.012,-0.012,-0.004,0.004,-0.005,0.003,0.007,0.04,-0.05,94.80,0.0014,0.0005,0.0012,0.0009,1447,0.872,22.2,2.1,2.6,22.6,25.2,1.00,25.12,0.99434,0.854,285.38,25.20,14,1
122.334,hall_mission,9x4.5,pi5,-0.013,-0.011,-0.004,0.004,-0.004,0.003,0.006,0.04,-0.05,94.80,0.0017,0.0003,0.0009,0.0011,1447,0.872,22.2,2.1,2.6,22.6,25.2,1.00,25.12,0.99434,0.855,285.38,25.20,14,1
122.382,hall_mission,9x4.5,pi5,-0.015,-0.011,-0.004,0.003,-0.003,0.003,0.005,0.04,-0.05,94.80,0.0016,0.0004,0.0012,0.0009,1447,0.872,22.2,2.1,2.6,22.6,25.2,1.00,25.12,0.99433,0.855,285.37,25.20,14,1
122.434,hall_mission,9x4.5,pi5,-0.016,-0.010,-0.004,0.002,-0.003,0.003,0.005,0.04,-0.05,94.80,0.0018,0.0002,0.0011,0.0008,1447,0.872,22.2,2.1,2.6,22.6,25.2,1.00,25.12,0.99433,0.855,285.38,25.20,14,1
122.482,hall_mission,9x4.5,pi5,-0.017,-0.009,-0.004,0.001,-0.002,0.003,0.004,0.04,-0.05,94.80,0.0018,0.0002,0.0012,0.0009,1447,0.872,22.2,2.1,2.6,22.6,25.2,1.00,25.12,0.99433,0.856,285.37,25.20,14,1
122.534,hall_mission,9x4.5,pi5,-0.019,-0.009,-0.004,-0.000,-0.002,0.003,0.003,0.05,-0.06,94.80,0.0020,0.0000,0.0008,0.0012,1447,0.872,22.2,2.1,2.6,22.6,25.2,1.00,25.12,0.99433,0.856,285.37,25.20,14,1
122.582,hall_mission,9x4.5,pi5,-0.020,-0.008,-0.003,-0.001,-0.001,0.003,0.003,0.05,-0.06,94.80,0.0016,0.0004,0.0010,0.0011,1447,0.872,22.2,2.1,2.6,22.6,25.2,1.00,25.12,0.99432,0.856,285.37,25.20,14,1
122.634,hall_mission,9x4.5,pi5,-0.021,-0.007,-0.003,-0.002,-0.001,0.003,0.003,0.05,-0.06,94.80,0.0020,0.0000,0.0010,0.0010,1089,0.658,16.8,1.6,1.9,22.6,24.5,0.98,25.12,0.99432,0.857,292.63,25.20,14,1
122.682,hall_mission,9x4.5,pi5,-0.023,-0.006,-0.003,-0.003,-0.000,0.003,0.004,0.05,-0.06,94.80,0.0018,0.0002,0.0009,0.0011,1447,0.872,22.2,2.1,2.6,22.6,25.2,1.00,25.12,0.99432,0.857,285.37,25.20,14,1
122.734,hall_mission,9x4.5,pi5,-0.024,-0.005,-0.003,-0.004,0.000,0.003,0.004,0.05,-0.06,94.80,0.0019,0.0002,0.0007,0.0012,1447,0.872,22.2,2.1,2.6,22.6,25.2,1.00,25.12,0.99432,0.857,285.37,25.20,14,1
122.786,hall_mission,9x4.5,pi5,-0.026,-0.004,-0.002,-0.005,0.000,0.003,0.005,0.05,-0.06,94.80,0.0020,0.0000,0.0014,0.0006,1447,0.872,22.2,2.1,2.6,22.6,25.2,1.00,25.12,0.99431,0.858,285.36,25.20,14,1
122.834,hall_mission,9x4.5,pi5,-0.027,-0.003,-0.002,-0.005,0.001,0.003,0.006,0.06,-0.06,94.80,0.0020,0.0000,0.0009,0.0011,1447,0.872,22.2,2.1,2.6,22.6,25.2,1.00,25.12,0.99431,0.858,285.36,25.20,14,1
122.882,hall_mission,9x4.5,pi5,-0.029,-0.002,-0.001,-0.006,0.001,0.003,0.007,0.06,-0.06,94.80,0.0020,0.0000,0.0010,0.0010,1447,0.872,22.2,2.1,2.6,22.6,25.2,1.00,25.12,0.99431,0.858,285.36,25.20,14,1
122.934,hall_mission,9x4.5,pi5,-0.031,-0.002,-0.001,-0.007,0.001,0.003,0.008,0.06,-0.06,94.80,0.0019,0.0001,0.0009,0.0011,1447,0.872,22.2,2.1,2.6,22.6,25.2,1.00,25.12,0.99431,0.859,285.36,25.20,14,1
122.982,hall_mission,9x4.5,pi5,-0.032,-0.001,-0.001,-0.007,0.001,0.003,0.008,0.06,-0.06,94.80,0.0018,0.0002,0.0009,0.0011,1447,0.872,22.2,2.1,2.6,22.6,25.2,1.00,25.12,0.99431,0.859,285.36,25.20,14,1
123.034,hall_mission,9x4.5,pi5,-0.033,-0.001,-0.001,-0.008,0.001,0.003,0.008,0.06,-0.06,94.80,0.0016,0.0004,0.0012,0.0009,1447,0.872,22.2,2.1,2.6,22.6,25.2,1.00,25.12,0.99430,0.860,285.36,25.20,14,1
123.082,hall_mission,9x4.5,pi5,-0.034,0.000,-0.001,-0.008,0.002,0.003,0.009,0.06,-0.06,94.80,0.0020,0.0000,0.0012,0.0008,1447,0.872,22.2,2.1,2.6,22.6,25.2,1.00,25.12,0.99430,0.860,285.36,25.20,14,1
123.134,hall_mission,9x4.5,pi5,-0.034,0.001,-0.002,-0.008,0.002,0.003,0.009,0.06,-0.06,94.80,0.0020,0.0000,0.0009,0.0010,1447,0.872,22.2,2.1,2.6,22.6,25.2,1.00,25.12,0.99430,0.860,285.36,25.20,14,1
123.182,hall_mission,9x4.5,pi5,-0.035,0.002,-0.002,-0.009,0.002,0.002,0.009,0.06,-0.06,94.80,0.0020,0.0000,0.0012,0.0008,1089,0.658,16.8,1.6,1.9,22.6,24.5,0.98,25.12,0.99430,0.861,292.62,25.20,14,1
123.234,hall_mission,9x4.5,pi5,-0.036,0.003,-0.003,-0.009,0.003,0.002,0.010,0.06,-0.06,94.80,0.0020,0.0000,0.0010,0.0009,1447,0.872,22.2,2.1,2.6,22.6,25.2,1.00,25.12,0.99429,0.861,285.35,25.20,14,1
123.282,hall_mission,9x4.5,pi5,-0.036,0.003,-0.003,-0.009,0.003,0.002,0.010,0.06,-0.06,94.80,0.0020,0.0000,0.0011,0.0008,1447,0.872,22.2,2.1,2.6,22.6,25.2,1.00,25.12,0.99429,0.861,285.36,25.20,14,1
123.334,hall_mission,9x4.5,pi5,-0.036,0.004,-0.004,-0.009,0.003,0.002,0.010,0.06,-0.06,94.80,0.0019,0.0002,0.0011,0.0008,1447,0.872,22.2,2.1,2.6,22.6,25.2,1.00,25.12,0.99429,0.862,285.35,25.20,14,1
123.382,hall_mission,9x4.5,pi5,-0.036,0.005,-0.005,-0.009,0.004,0.001,0.009,0.06,-0.06,94.80,0.0015,0.0006,0.0009,0.0011,1447,0.872,22.2,2.1,2.6,22.6,25.2,1.00,25.12,0.99429,0.862,285.36,25.20,14,1
123.434,hall_mission,9x4.5,pi5,-0.036,0.005,-0.005,-0.008,0.004,0.001,0.009,0.06,-0.06,94.80,0.0020,0.0000,0.0011,0.0008,1447,0.872,22.2,2.1,2.6,22.6,25.2,1.00,25.12,0.99428,0.862,285.35,25.20,14,1
123.482,hall_mission,9x4.5,pi5,-0.035,0.006,-0.007,-0.008,0.004,0.000,0.009,0.05,-0.06,94.80,0.0020,0.0001,0.0013,0.0007,1447,0.872,22.2,2.1,2.6,22.6,25.2,1.00,25.12,0.99428,0.863,285.35,25.20,14,1
123.530,hall_mission,9x4.5,pi5,-0.034,0.006,-0.008,-0.007,0.004,0.000,0.008,0.05,-0.06,94.80,0.0019,0.0001,0.0008,0.0012,1447,0.872,22.2,2.1,2.6,22.6,25.2,1.00,25.12,0.99428,0.863,285.35,25.20,14,1
123.582,hall_mission,9x4.5,pi5,-0.033,0.007,-0.009,-0.006,0.005,-0.000,0.008,0.05,-0.06,94.80,0.0018,0.0002,0.0009,0.0011,1447,0.872,22.2,2.1,2.6,22.6,25.2,1.00,25.12,0.99428,0.863,285.35,25.20,14,1
