t,x,y,z,qw,qx,qy,qz
1791097717.647,-0.0000,0.0000,0.2041,1.00000,-0.00000,-0.00000,0.00000
1791097717.704,-0.0000,0.0000,0.2042,1.00000,-0.00000,-0.00000,0.00000
1791097717.763,-0.0000,0.0000,0.2042,1.00000,-0.00000,-0.00000,0.00000
1791097717.887,-0.0000,0.0000,0.2043,1.00000,-0.00000,-0.00000,0.00000
1791097717.943,-0.0000,0.0000,0.2044,1.00000,-0.00000,-0.00000,0.00000
1791097718.003,-0.0000,0.0000,0.2045,1.00000,-0.00000,-0.00000,0.00000
1791097718.063,-0.0000,0.0000,0.2045,1.00000,-0.00000,-0.00000,0.00000
1791097718.123,-0.0000,0.0000,0.2046,1.00000,-0.00000,-0.00000,0.00000
1791097718.183,-0.0000,0.0000,0.2046,1.00000,-0.00000,-0.00000,0.00000
1791097718.243,-0.0000,0.0000,0.2047,1.00000,-0.00000,-0.00000,0.00000
1791097718.303,-0.0000,0.0000,0.2048,1.00000,-0.00000,-0.00000,0.00000
1791097720.116,-0.0000,0.0000,0.2048,1.00000,-0.00000,-0.00000,0.00000
1791097720.175,-0.0000,0.0000,0.2048,1.00000,-0.00000,-0.00000,0.00000
1791097720.235,-0.0000,0.0000,0.2049,1.00000,-0.00000,-0.00000,0.00000
1791097720.295,-0.0000,0.0000,0.2050,1.00000,-0.00000,-0.00000,0.00000
1791097720.356,-0.0000,0.0000,0.2050,1.00000,-0.00000,-0.00000,0.00000
1791097720.415,-0.0000,0.0000,0.2051,1.00000,-0.00000,-0.00000,0.00000
1791097720.476,-0.0000,0.0000,0.2051,1.00000,-0.00000,-0.00000,0.00000
1791097720.536,-0.0000,0.0000,0.2052,1.00000,-0.00000,-0.00000,0.00000
1791097720.595,-0.0000,0.0000,0.2053,1.00000,-0.00000,-0.00000,0.00000
1791097720.655,-0.0000,0.0000,0.2053,1.00000,-0.00000,-0.00000,0.00000
1791097720.716,-0.0000,0.0000,0.2054,1.00000,-0.00000,-0.00000,0.00000
1791097720.776,-0.0000,0.0000,0.2054,1.00000,-0.00000,-0.00000,0.00000
1791097720.835,-0.0000,0.0000,0.2055,1.00000,-0.00000,-0.00000,0.00000
1791097720.896,-0.0000,0.0000,0.2056,1.00000,-0.00000,-0.00000,0.00000
1791097720.956,-0.0000,0.0000,0.2056,1.00000,-0.00000,-0.00000,0.00000
1791097721.015,-0.0000,0.0000,0.2057,1.00000,-0.00000,-0.00000,0.00000
1791097721.075,-0.0000,0.0000,0.2057,1.00000,-0.00000,-0.00000,0.00000
1791097721.136,-0.0000,0.0000,0.2058,1.00000,-0.00000,-0.00000,0.00000
1791097721.196,-0.0000,0.0000,0.2059,1.00000,-0.00000,-0.00000,0.00000
1791097721.256,-0.0000,0.0000,0.2059,1.00000,-0.00000,-0.00000,0.00000
1791097721.316,-0.0000,0.0000,0.2060,1.00000,-0.00000,-0.00000,0.00000
1791097721.376,-0.0000,0.0000,0.2060,1.00000,-0.00000,-0.00000,0.00000
1791097721.436,-0.0000,0.0000,0.2061,1.00000,-0.00000,-0.00000,0.00000
1791097721.496,-0.0000,0.0000,0.2062,1.00000,-0.00000,-0.00000,0.00000
1791097721.556,-0.0000,0.0000,0.2062,1.00000,-0.00000,-0.00000,0.00000
1791097721.617,-0.0000,0.0000,0.2063,1.00000,-0.00000,-0.00000,0.00000
1791097721.676,-0.0000,0.0000,0.2063,1.00000,-0.00000,-0.00000,0.00000
1791097721.736,-0.0000,0.0000,0.2064,1.00000,-0.00000,-0.00000,0.00000
1791097721.792,-0.0000,0.0000,0.2065,1.00000,-0.00000,-0.00000,0.00000
1791097721.851,-0.0000,0.0000,0.2065,1.00000,-0.00000,-0.00000,0.00000
1791097721.912,-0.0000,0.0000,0.2066,1.00000,-0.00000,-0.00000,0.00000
1791097721.972,-0.0000,0.0000,0.2066,1.00000,-0.00000,-0.00000,0.00000
1791097722.031,-0.0000,0.0000,0.2067,1.00000,-0.00000,-0.00000,0.00000
1791097722.091,-0.0000,0.0000,0.2068,1.00000,-0.00000,-0.00000,0.00000
1791097722.152,-0.0000,0.0000,0.2068,1.00000,-0.00000,-0.00000,0.00000
1791097722.212,-0.0000,0.0000,0.2069,1.00000,-0.00000,-0.00000,0.00000
1791097722.272,-0.0000,0.0000,0.2069,1.00000,-0.00000,-0.00000,0.00000
1791097722.331,-0.0000,0.0000,0.2070,1.00000,-0.00000,-0.00000,0.00000
1791097722.392,-0.0000,0.0000,0.2071,1.00000,-0.00000,-0.00000,0.00000
1791097722.452,-0.0000,0.0000,0.2071,1.00000,-0.00000,-0.00000,0.00000
1791097722.512,-0.0000,0.0000,0.2072,1.00000,-0.00000,-0.00000,0.00000
1791097722.571,-0.0000,0.0000,0.2072,1.00000,-0.00000,-0.00000,0.00000
1791097722.632,-0.0000,0.0000,0.2073,1.00000,-0.00000,-0.00000,0.00000
1791097722.692,-0.0000,0.0000,0.2074,1.00000,-0.00000,-0.00000,0.00000
1791097722.752,-0.0000,0.0000,0.2074,1.00000,-0.00000,-0.00000,0.00000
1791097722.811,-0.0000,0.0000,0.2075,1.00000,-0.00000,-0.00000,0.00000
1791097722.871,-0.0000,0.0000,0.2075,1.00000,-0.00000,-0.00000,0.00000
1791097722.931,-0.0000,0.0000,0.2076,1.00000,-0.00000,-0.00000,0.00000
1791097722.992,-0.0000,0.0000,0.2077,1.00000,-0.00000,-0.00000,0.00000
1791097723.052,-0.0000,0.0000,0.2077,1.00000,-0.00000,-0.00000,0.00000
1791097723.112,-0.0000,0.0000,0.2078,1.00000,-0.00000,-0.00000,0.00000
1791097723.172,-0.0000,0.0000,0.2078,1.00000,-0.00000,-0.00000,0.00000
1791097723.232,-0.0000,0.0000,0.2079,1.00000,-0.00000,-0.00000,0.00000
1791097723.292,-0.0000,0.0000,0.2080,1.00000,-0.00000,-0.00000,0.00000
1791097723.351,-0.0000,0.0000,0.2080,1.00000,-0.00000,-0.00000,0.00000
1791097723.412,-0.0000,0.0000,0.2081,1.00000,-0.00000,-0.00000,0.00000
1791097723.471,-0.0000,0.0000,0.2081,1.00000,-0.00000,-0.00000,0.00000
1791097723.532,-0.0000,0.0000,0.2082,1.00000,-0.00000,-0.00000,0.00000
1791097723.592,-0.0000,0.0000,0.2083,1.00000,-0.00000,-0.00000,0.00000
1791097723.652,-0.0000,0.0000,0.2083,1.00000,-0.00000,-0.00000,0.00000
1791097723.712,-0.0000,0.0000,0.2084,1.00000,-0.00000,-0.00000,0.00000
1791097723.772,-0.0000,0.0000,0.2084,1.00000,-0.00000,-0.00000,0.00000
1791097723.832,-0.0000,0.0000,0.2085,1.00000,-0.00000,-0.00000,0.00000
1791097723.892,-0.0000,0.0000,0.2086,1.00000,-0.00000,-0.00000,0.00000
1791097723.951,-0.0000,0.0000,0.2086,1.00000,-0.00000,-0.00000,0.00000
1791097724.012,-0.0000,0.0000,0.2087,1.00000,-0.00000,-0.00000,0.00000
1791097724.067,-0.0000,0.0000,0.2087,1.00000,-0.00000,-0.00000,0.00000
1791097724.127,-0.0000,0.0000,0.2088,1.00000,-0.00000,-0.00000,0.00000
1791097724.188,-0.0000,0.0000,0.2089,1.00000,-0.00000,-0.00000,0.00000
1791097724.248,-0.0000,0.0000,0.2089,1.00000,0.00000,-0.00000,0.00000
1791097724.308,-0.0000,0.0000,0.2090,1.00000,0.00000,-0.00000,0.00000
1791097724.368,-0.0000,0.0000,0.2090,1.00000,0.00000,-0.00000,0.00000
1791097724.427,-0.0000,0.0000,0.2091,1.00000,0.00000,-0.00000,0.00000
1791097724.488,-0.0000,0.0000,0.2092,1.00000,0.00000,-0.00000,0.00000
1791097724.548,-0.0000,0.0000,0.2092,1.00000,0.00000,-0.00000,0.00000
1791097724.608,-0.0000,0.0000,0.2093,1.00000,0.00000,-0.00000,0.00000
1791097724.667,-0.0000,0.0000,0.2093,1.00000,0.00000,-0.00000,0.00000
1791097724.727,-0.0000,0.0000,0.2094,1.00000,0.00000,-0.00000,0.00000
1791097724.788,-0.0000,0.0000,0.2095,1.00000,0.00000,-0.00000,0.00000
1791097724.848,-0.0000,0.0000,0.2095,1.00000,0.00000,-0.00000,0.00000
1791097724.908,-0.0000,0.0000,0.2096,1.00000,0.00000,-0.00000,0.00000
1791097724.967,-0.0000,0.0000,0.2096,1.00000,0.00000,-0.00000,0.00000
1791097725.028,-0.0000,0.0000,0.2097,1.00000,0.00000,-0.00000,0.00000
1791097725.088,-0.0000,0.0000,0.2098,1.00000,0.00000,-0.00000,0.00000
1791097725.148,-0.0000,0.0000,0.2098,1.00000,0.00000,-0.00000,0.00000
1791097725.208,-0.0000,0.0000,0.2099,1.00000,0.00000,-0.00000,0.00000
1791097725.267,-0.0000,0.0000,0.2099,1.00000,0.00000,-0.00000,0.00000
1791097725.327,-0.0000,0.0000,0.2100,1.00000,0.00000,-0.00000,0.00000
1791097725.388,-0.0000,0.0000,0.2101,1.00000,0.00000,-0.00000,0.00000
1791097725.447,-0.0000,0.0000,0.2101,1.00000,0.00000,-0.00000,0.00000
1791097725.507,-0.0000,0.0000,0.2102,1.00000,0.00000,-0.00000,0.00000
1791097725.568,-0.0000,0.0000,0.2102,1.00000,0.00000,-0.00000,0.00000
1791097725.628,-0.0000,0.0000,0.2103,1.00000,0.00000,-0.00000,0.00000
1791097725.687,-0.0000,0.0000,0.2104,1.00000,0.00000,-0.00000,0.00000
1791097725.747,-0.0000,0.0000,0.2104,1.00000,0.00000,-0.00000,0.00000
1791097725.808,-0.0000,0.0000,0.2105,1.00000,0.00000,-0.00000,0.00000
1791097725.868,-0.0000,0.0000,0.2105,1.00000,0.00000,-0.00000,0.00000
1791097725.928,-0.0000,0.0000,0.2106,1.00000,0.00000,-0.00000,0.00000
1791097725.987,-0.0000,0.0000,0.2107,1.00000,0.00000,-0.00000,0.00000
1791097726.047,-0.0000,0.0000,0.2107,1.00000,0.00000,-0.00000,0.00000
1791097726.107,-0.0000,0.0000,0.2108,1.00000,0.00000,-0.00000,0.00000
1791097726.168,-0.0000,0.0000,0.2108,1.00000,0.00000,-0.00000,0.00000
1791097726.228,-0.0000,0.0000,0.2109,1.00000,0.00000,-0.00000,0.00000
1791097726.288,-0.0000,0.0000,0.2110,1.00000,0.00000,-0.00000,0.00000
1791097726.348,-0.0000,0.0000,0.2110,1.00000,0.00000,-0.00000,0.00000
1791097726.408,-0.0000,0.0000,0.2111,1.00000,0.00000,-0.00000,0.00000
1791097726.468,-0.0000,0.0000,0.2111,1.00000,0.00000,-0.00000,0.00000
1791097726.528,-0.0000,0.0000,0.2112,1.00000,0.00000,-0.00000,0.00000
1791097726.588,-0.0000,0.0000,0.2113,1.00000,0.00000,-0.00000,0.00000
1791097726.647,-0.0000,0.0000,0.2113,1.00000,0.00000,-0.00000,0.00000
1791097726.708,-0.0000,0.0000,0.2114,1.00000,0.00000,-0.00000,0.00000
1791097726.768,-0.0000,0.0000,0.2114,1.00000,0.00000,-0.00000,0.00000
1791097726.828,-0.0000,0.0000,0.2115,1.00000,0.00000,-0.00000,0.00000
1791097726.887,-0.0000,0.0000,0.2116,1.00000,0.00000,-0.00000,0.00000
1791097726.948,-0.0000,0.0000,0.2116,1.00000,0.00000,-0.00000,0.00000
1791097727.008,-0.0000,0.0000,0.2117,1.00000,0.00000,-0.00000,0.00000
1791097727.067,-0.0000,0.0000,0.2117,1.00000,0.00000,-0.00000,0.00000
1791097727.127,-0.0000,0.0000,0.2118,1.00000,0.00000,-0.00000,0.00000
1791097727.188,-0.0000,0.0000,0.2119,1.00000,0.00000,-0.00000,0.00000
1791097727.248,-0.0000,0.0000,0.2119,1.00000,0.00000,-0.00000,0.00000
1791097727.307,-0.0000,0.0000,0.2120,1.00000,0.00000,-0.00000,0.00000
1791097727.367,-0.0000,0.0000,0.2120,1.00000,0.00000,-0.00000,0.00000
1791097727.428,-0.0000,0.0000,0.2121,1.00000,0.00000,-0.00000,0.00000
1791097727.488,-0.0000,0.0000,0.2122,1.00000,0.00000,-0.00000,0.00000
1791097727.548,-0.0000,0.0000,0.2122,1.00000,0.00000,-0.00000,0.00000
1791097727.608,-0.0000,0.0000,0.2123,1.00000,0.00000,-0.00000,0.00000
1791097727.668,-0.0000,0.0000,0.2123,1.00000,0.00000,-0.00000,0.00000
1791097727.728,-0.0000,0.0000,0.2124,1.00000,0.00000,-0.00000,0.00000
1791097727.788,-0.0000,0.0000,0.2125,1.00000,0.00000,-0.00000,0.00000
1791097727.847,-0.0000,0.0000,0.2125,1.00000,0.00000,-0.00000,0.00000
1791097727.908,-0.0000,0.0000,0.2126,1.00000,0.00000,-0.00000,0.00000
1791097727.968,-0.0000,0.0000,0.2126,1.00000,0.00000,-0.00000,0.00000
1791097728.028,-0.0000,0.0000,0.2127,1.00000,0.00000,-0.00000,0.00000
1791097728.087,-0.0000,0.0000,0.2128,1.00000,0.00000,-0.00000,0.00000
1791097728.148,-0.0000,0.0000,0.2128,1.00000,0.00000,-0.00000,0.00000
1791097728.208,-0.0000,0.0000,0.2129,1.00000,0.00000,-0.00000,0.00000
1791097728.268,-0.0000,0.0000,0.2129,1.00000,0.00000,-0.00000,0.00000
1791097728.328,-0.0000,0.0000,0.2130,1.00000,0.00000,-0.00000,0.00000
1791097728.387,-0.0000,0.0000,0.2131,1.00000,0.00000,-0.00000,0.00000
1791097728.447,-0.0000,0.0000,0.2131,1.00000,0.00000,-0.00000,0.00000
1791097728.507,-0.0000,0.0000,0.2132,1.00000,0.00000,-0.00000,0.00000
1791097728.568,-0.0000,0.0000,0.2132,1.00000,0.00000,-0.00000,0.00000
1791097728.628,-0.0000,0.0000,0.2133,1.00000,0.00000,-0.00000,0.00000
1791097728.687,-0.0000,0.0000,0.2134,1.00000,0.00000,-0.00000,0.00000
1791097728.747,-0.0000,0.0000,0.2134,1.00000,0.00000,-0.00000,0.00000
1791097728.808,-0.0000,0.0000,0.2135,1.00000,0.00000,-0.00000,0.00000
1791097728.868,-0.0000,0.0000,0.2135,1.00000,0.00000,-0.00000,0.00000
1791097728.928,-0.0000,0.0000,0.2136,1.00000,0.00000,-0.00000,0.00000
1791097728.988,-0.0000,0.0000,0.2137,1.00000,0.00000,-0.00000,0.00000
1791097729.048,-0.0000,0.0000,0.2137,1.00000,0.00000,-0.00000,0.00000
1791097729.107,-0.0000,0.0000,0.2138,1.00000,0.00000,-0.00000,0.00000
1791097729.167,-0.0000,0.0000,0.2138,1.00000,0.00000,-0.00000,0.00000
1791097729.228,-0.0000,0.0000,0.2139,1.00000,0.00000,-0.00000,0.00000
1791097729.290,-0.0000,0.0000,0.2140,1.00000,0.00000,-0.00000,0.00000
1791097729.347,-0.0000,0.0000,0.2140,1.00000,0.00000,-0.00000,0.00000
1791097729.408,-0.0000,0.0000,0.2141,1.00000,0.00000,-0.00000,0.00000
1791097729.468,-0.0000,0.0000,0.2141,1.00000,0.00000,-0.00000,0.00000
1791097729.528,-0.0000,0.0000,0.2142,1.00000,0.00000,-0.00000,0.00000
1791097729.588,-0.0000,0.0000,0.2143,1.00000,0.00000,-0.00000,0.00000
1791097729.648,-0.0000,0.0000,0.2143,1.00000,0.00000,-0.00000,0.00000
1791097729.708,-0.0000,0.0000,0.2144,1.00000,0.00000,-0.00000,0.00000
1791097729.768,-0.0000,0.0000,0.2144,1.00000,0.00000,-0.00000,0.00000
1791097729.827,-0.0000,0.0000,0.2145,1.00000,0.00000,-0.00000,0.00000
1791097729.888,-0.0000,0.0000,0.2146,1.00000,0.00000,-0.00000,0.00000
1791097729.948,-0.0000,0.0000,0.2146,1.00000,0.00000,-0.00000,0.00000
1791097730.008,-0.0000,0.0000,0.2147,1.00000,0.00000,-0.00000,0.00000
1791097730.068,-0.0000,0.0000,0.2147,1.00000,0.00000,-0.00000,0.00000
1791097730.127,-0.0000,0.0000,0.2148,1.00000,0.00000,-0.00000,0.00000
1791097730.188,-0.0000,0.0000,0.2149,1.00000,0.00000,-0.00000,0.00000
1791097730.248,-0.0000,0.0000,0.2149,1.00000,0.00000,-0.00000,0.00000
1791097730.309,-0.0000,0.0000,0.2150,1.00000,0.00000,-0.00000,0.00000
1791097730.369,0.0000,0.0000,0.2150,1.00000,0.00000,-0.00000,0.00000
1791097730.428,0.0000,0.0000,0.2151,1.00000,0.00000,-0.00000,0.00000
1791097730.488,0.0000,0.0000,0.2152,1.00000,0.00000,-0.00000,0.00000
1791097730.547,0.0000,0.0000,0.2152,1.00000,0.00000,-0.00000,0.00000
1791097730.608,0.0000,0.0000,0.2153,1.00000,0.00000,-0.00000,0.00000
1791097730.668,0.0000,0.0000,0.2153,1.00000,0.00000,-0.00000,0.00000
1791097730.728,0.0000,0.0000,0.2154,1.00000,0.00000,-0.00000,0.00000
1791097730.788,0.0000,0.0000,0.2155,1.00000,0.00000,-0.00000,0.00000
1791097730.848,0.0000,0.0000,0.2155,1.00000,0.00000,-0.00000,0.00000
1791097730.908,0.0000,0.0000,0.2156,1.00000,0.00000,-0.00000,0.00000
1791097730.968,0.0000,0.0000,0.2156,1.00000,0.00000,-0.00000,0.00000
1791097731.028,0.0000,0.0000,0.2157,1.00000,0.00000,-0.00000,0.00000
1791097731.088,0.0000,0.0000,0.2158,1.00000,0.00000,-0.00000,0.00000
1791097731.148,0.0000,0.0000,0.2158,1.00000,0.00000,-0.00000,0.00000
1791097731.207,0.0000,0.0000,0.2159,1.00000,0.00000,-0.00000,0.00000
1791097731.267,0.0000,0.0000,0.2159,1.00000,0.00000,-0.00000,0.00000
1791097731.326,0.0000,0.0000,0.2160,1.00000,0.00000,-0.00000,0.00000
1791097731.384,0.0000,0.0000,0.2160,1.00000,0.00000,-0.00000,0.00000
1791097731.444,0.0000,0.0000,0.2161,1.00000,0.00000,-0.00000,0.00000
1791097731.504,0.0000,0.0000,0.2162,1.00000,0.00000,-0.00000,0.00000
1791097731.564,0.0000,0.0000,0.2162,1.00000,0.00000,-0.00000,0.00000
1791097731.623,0.0000,0.0000,0.2163,1.00000,0.00000,-0.00000,0.00000
1791097731.683,0.0000,0.0000,0.2163,1.00000,0.00000,-0.00000,0.00000
1791097731.744,0.0000,0.0000,0.2164,1.00000,0.00000,-0.00000,0.00000
1791097731.803,0.0000,0.0000,0.2165,1.00000,0.00000,-0.00000,0.00000
1791097731.863,0.0000,0.0000,0.2165,1.00000,0.00000,-0.00000,0.00000
1791097731.924,-0.0000,0.0000,0.2166,1.00000,0.00000,-0.00000,0.00000
1791097731.983,0.0000,0.0000,0.2166,1.00000,0.00000,-0.00000,0.00000
1791097732.043,0.0000,0.0000,0.2167,1.00000,0.00000,-0.00000,0.00000
1791097732.104,0.0000,0.0000,0.2168,1.00000,0.00000,-0.00000,0.00000
1791097732.164,0.0000,0.0000,0.2168,1.00000,0.00000,-0.00000,0.00000
1791097732.224,0.0000,0.0000,0.2169,1.00000,0.00000,-0.00000,0.00000
1791097732.283,0.0000,0.0000,0.2169,1.00000,0.00000,-0.00000,0.00000
1791097732.344,0.0000,0.0000,0.2170,1.00000,0.00000,-0.00000,0.00000
1791097732.403,0.0000,0.0000,0.2171,1.00000,0.00000,-0.00000,0.00000
1791097732.463,0.0000,0.0000,0.2171,1.00000,0.00000,-0.00000,0.00000
1791097732.523,0.0000,0.0000,0.2172,1.00000,0.00000,-0.00000,0.00000
1791097732.584,0.0000,0.0000,0.2172,1.00000,0.00000,-0.00000,0.00000
1791097732.643,0.0000,0.0000,0.2173,1.00000,0.00000,-0.00000,0.00000
1791097732.703,0.0000,0.0000,0.2174,1.00000,0.00000,-0.00000,0.00000
1791097732.764,0.0000,0.0000,0.2174,1.00000,0.00000,-0.00000,0.00000
1791097732.824,0.0000,0.0000,0.2175,1.00000,0.00000,-0.00000,0.00000
1791097732.884,0.0000,0.0000,0.2175,1.00000,0.00000,-0.00000,0.00000
1791097732.944,0.0000,0.0000,0.2176,1.00000,0.00000,-0.00000,0.00000
1791097733.004,0.0000,0.0000,0.2177,1.00000,0.00000,-0.00000,0.00000
1791097733.063,0.0000,0.0000,0.2177,1.00000,0.00000,-0.00000,0.00000
1791097733.123,0.0000,0.0000,0.2178,1.00000,0.00000,-0.00000,0.00000
1791097733.183,0.0000,0.0000,0.2178,1.00000,0.00000,-0.00000,0.00000
1791097733.244,0.0000,0.0000,0.2179,1.00000,0.00000,-0.00000,0.00000
1791097733.304,0.0000,0.0000,0.2180,1.00000,0.00000,-0.00000,0.00000
1791097733.364,0.0000,0.0000,0.2180,1.00000,0.00000,-0.00000,0.00000
1791097733.424,0.0000,0.0000,0.2181,1.00000,0.00000,-0.00000,0.00000
1791097733.483,0.0000,0.0000,0.2181,1.00000,0.00000,-0.00000,0.00000
1791097733.544,0.0000,0.0000,0.2182,1.00000,0.00000,-0.00000,0.00000
1791097733.604,0.0000,0.0000,0.2183,1.00000,0.00000,-0.00000,0.00000
1791097733.664,0.0000,0.0000,0.2183,1.00000,0.00000,-0.00000,0.00000
1791097733.723,0.0000,0.0000,0.2184,1.00000,0.00000,-0.00000,0.00000
1791097733.783,0.0000,0.0000,0.2184,1.00000,0.00000,-0.00000,0.00000
1791097733.844,0.0000,0.0000,0.2185,1.00000,0.00000,-0.00000,0.00000
1791097733.903,0.0000,0.0000,0.2186,1.00000,0.00000,-0.00000,0.00000
1791097733.964,0.0000,0.0000,0.2186,1.00000,0.00000,-0.00000,0.00000
1791097734.024,0.0000,0.0000,0.2187,1.00000,0.00000,-0.00000,0.00000
1791097734.084,0.0000,0.0000,0.2187,1.00000,0.00000,-0.00000,0.00000
1791097734.143,0.0000,0.0000,0.2188,1.00000,0.00000,-0.00000,0.00000
1791097734.204,0.0000,0.0000,0.2189,1.00000,0.00000,-0.00000,0.00000
1791097734.264,0.0000,0.0000,0.2189,1.00000,0.00000,-0.00000,0.00000
1791097734.324,0.0000,0.0000,0.2190,1.00000,0.00000,-0.00000,0.00000
1791097734.383,0.0000,0.0000,0.2190,1.00000,0.00000,-0.00000,0.00000
1791097734.443,0.0000,0.0000,0.2191,1.00000,0.00000,-0.00000,0.00000
1791097734.503,0.0000,0.0000,0.2192,1.00000,0.00000,-0.00000,0.00000
1791097734.564,0.0000,0.0000,0.2192,1.00000,0.00000,-0.00000,0.00000
1791097734.624,0.0000,0.0000,0.2193,1.00000,0.00000,-0.00000,0.00000
1791097734.684,0.0000,0.0000,0.2193,1.00000,0.00000,-0.00000,0.00000
1791097734.743,0.0000,0.0000,0.2194,1.00000,0.00000,-0.00000,0.00000
1791097734.803,0.0000,0.0000,0.2195,1.00000,0.00000,-0.00000,0.00000
1791097734.864,0.0000,0.0000,0.2195,1.00000,0.00000,-0.00000,0.00000
1791097734.924,0.0000,0.0000,0.2196,1.00000,0.00000,-0.00000,0.00000
1791097734.984,0.0000,0.0000,0.2196,1.00000,0.00000,-0.00000,0.00000
1791097735.044,0.0000,0.0000,0.2197,1.00000,0.00000,-0.00000,0.00000
1791097735.104,0.0000,0.0000,0.2198,1.00000,0.00000,-0.00000,0.00000
1791097735.164,0.0000,0.0000,0.2198,1.00000,0.00000,-0.00000,0.00000
1791097735.223,0.0000,0.0000,0.2199,1.00000,0.00000,-0.00000,0.00000
1791097735.284,0.0000,0.0000,0.2199,1.00000,0.00000,-0.00000,0.00000
1791097735.344,0.0000,0.0000,0.2200,1.00000,0.00000,-0.00000,0.00000
1791097735.403,0.0000,0.0000,0.2201,1.00000,0.00000,-0.00000,0.00000
1791097735.463,0.0000,0.0000,0.2201,1.00000,0.00000,-0.00000,0.00000
1791097735.524,0.0000,0.0000,0.2202,1.00000,0.00000,-0.00000,0.00000
1791097735.583,0.0000,0.0000,0.2202,1.00000,0.00000,-0.00000,0.00000
1791097735.643,0.0000,0.0000,0.2203,1.00000,0.00000,-0.00000,0.00000
1791097735.703,0.0000,0.0000,0.2204,1.00000,0.00000,-0.00000,0.00000
1791097735.763,0.0000,0.0000,0.2204,1.00000,0.00000,-0.00000,0.00000
1791097735.824,0.0000,0.0000,0.2205,1.00000,0.00000,-0.00000,0.00000
1791097735.883,0.0000,0.0000,0.2205,1.00000,0.00000,-0.00000,0.00000
1791097735.944,0.0000,0.0000,0.2206,1.00000,0.00000,-0.00000,0.00000
1791097736.004,0.0000,0.0000,0.2207,1.00000,0.00000,-0.00000,0.00000
1791097736.064,0.0000,0.0000,0.2207,1.00000,0.00000,-0.00000,0.00000
1791097736.124,0.0000,0.0000,0.2208,1.00000,0.00000,-0.00000,0.00000
1791097736.184,0.0000,0.0000,0.2208,1.00000,0.00000,-0.00000,0.00000
1791097736.243,0.0000,0.0000,0.2209,1.00000,0.00000,-0.00000,0.00000
1791097736.303,0.0000,0.0000,0.2210,1.00000,0.00000,-0.00000,0.00000
1791097736.364,0.0000,0.0000,0.2210,1.00000,0.00000,-0.00000,0.00000
1791097736.423,0.0000,0.0000,0.2211,1.00000,0.00000,-0.00000,0.00000
1791097736.484,0.0000,0.0000,0.2211,1.00000,0.00000,-0.00000,0.00000
1791097736.544,0.0000,0.0000,0.2212,1.00000,0.00000,-0.00000,0.00000
1791097736.604,0.0000,0.0000,0.2213,1.00000,0.00000,-0.00000,0.00000
1791097736.663,0.0000,0.0000,0.2213,1.00000,0.00000,-0.00000,0.00000
1791097736.724,0.0000,0.0000,0.2214,1.00000,0.00000,-0.00000,0.00000
1791097736.784,0.0000,0.0000,0.2214,1.00000,0.00000,-0.00000,0.00000
1791097736.844,0.0000,0.0000,0.2215,1.00000,0.00000,-0.00000,0.00000
1791097736.903,0.0000,0.0000,0.2216,1.00000,0.00000,-0.00000,0.00000
1791097736.963,0.0000,0.0000,0.2216,1.00000,0.00000,-0.00000,0.00000
1791097737.024,0.0000,0.0000,0.2217,1.00000,0.00000,-0.00000,0.00000
1791097737.083,0.0000,0.0000,0.2217,1.00000,0.00000,-0.00000,0.00000
1791097737.143,0.0000,0.0000,0.2218,1.00000,0.00000,-0.00000,0.00000
1791097737.204,0.0000,0.0000,0.2219,1.00000,0.00000,-0.00000,0.00000
1791097737.263,0.0000,0.0000,0.2219,1.00000,0.00000,-0.00000,0.00000
1791097737.323,0.0000,0.0000,0.2220,1.00000,0.00000,-0.00000,0.00000
1791097737.384,0.0000,0.0000,0.2220,1.00000,0.00000,-0.00000,0.00000
1791097737.444,0.0000,0.0000,0.2221,1.00000,0.00000,-0.00000,0.00000
1791097737.504,0.0000,0.0000,0.2222,1.00000,0.00000,-0.00000,0.00000
1791097737.563,0.0000,0.0000,0.2222,1.00000,0.00000,-0.00000,0.00000
1791097737.624,0.0000,0.0000,0.2223,1.00000,0.00000,-0.00000,0.00000
1791097737.683,0.0000,0.0000,0.2223,1.00000,0.00000,-0.00000,0.00000
1791097737.743,0.0000,0.0000,0.2224,1.00000,0.00000,-0.00000,0.00000
1791097737.803,0.0000,0.0000,0.2225,1.00000,0.00000,-0.00000,0.00000
1791097737.864,0.0000,0.0000,0.2225,1.00000,0.00000,-0.00000,0.00000
1791097737.923,0.0000,0.0000,0.2226,1.00000,0.00000,-0.00000,0.00000
1791097737.983,0.0000,0.0000,0.2226,1.00000,0.00000,-0.00000,0.00000
1791097738.044,0.0000,0.0000,0.2227,1.00000,0.00000,-0.00000,0.00000
1791097738.103,0.0000,0.0000,0.2228,1.00000,0.00000,-0.00000,0.00000
1791097738.164,0.0000,0.0000,0.2228,1.00000,0.00000,-0.00000,0.00000
1791097738.223,0.0000,0.0000,0.2229,1.00000,0.00000,-0.00000,0.00000
1791097738.284,0.0000,0.0000,0.2229,1.00000,0.00000,-0.00000,0.00000
1791097738.343,0.0000,0.0000,0.2230,1.00000,0.00000,-0.00000,0.00000
1791097738.403,0.0000,0.0000,0.2231,1.00000,0.00000,-0.00000,0.00000
1791097738.463,0.0000,0.0000,0.2231,1.00000,0.00000,0.00000,0.00000
1791097738.524,0.0000,0.0000,0.2232,1.00000,0.00000,0.00000,0.00000
1791097738.583,0.0000,0.0000,0.2232,1.00000,-0.00000,0.00000,0.00000
1791097738.644,0.0000,0.0000,0.2233,1.00000,-0.00000,0.00000,0.00000
1791097738.704,0.0000,0.0000,0.2234,1.00000,-0.00000,0.00000,0.00000
1791097738.763,0.0000,0.0000,0.2234,1.00000,-0.00000,0.00000,0.00000
1791097738.823,0.0000,0.0000,0.2235,1.00000,-0.00000,0.00000,0.00000
1791097738.884,0.0000,0.0000,0.2235,1.00000,-0.00000,0.00000,0.00000
1791097738.943,0.0000,0.0000,0.2236,1.00000,-0.00000,0.00000,0.00000
1791097739.003,0.0000,0.0000,0.2237,1.00000,-0.00000,0.00000,0.00000
1791097739.063,0.0000,0.0000,0.2237,1.00000,-0.00000,0.00000,0.00000
1791097739.124,0.0000,0.0000,0.2238,1.00000,-0.00000,0.00000,0.00000
1791097739.183,0.0000,0.0000,0.2238,1.00000,-0.00000,0.00000,0.00000
1791097739.243,0.0000,0.0000,0.2239,1.00000,-0.00000,0.00000,0.00000
1791097739.304,0.0000,0.0000,0.2240,1.00000,-0.00000,0.00000,0.00000
1791097739.363,0.0000,0.0000,0.2240,1.00000,-0.00000,0.00000,0.00000
1791097739.423,0.0000,0.0000,0.2241,1.00000,-0.00000,0.00000,0.00000
1791097739.484,0.0000,0.0000,0.2241,1.00000,-0.00000,0.00000,0.00000
1791097739.544,0.0000,0.0000,0.2242,1.00000,-0.00000,0.00000,0.00000
1791097739.603,0.0000,0.0000,0.2243,1.00000,-0.00000,0.00000,0.00000
1791097739.663,0.0000,0.0000,0.2243,1.00000,-0.00000,0.00000,0.00000
1791097739.723,0.0000,0.0000,0.2244,1.00000,-0.00000,0.00000,0.00000
1791097739.784,0.0000,0.0000,0.2244,1.00000,-0.00000,0.00000,0.00000
1791097739.843,0.0000,0.0000,0.2245,1.00000,-0.00000,0.00000,0.00000
1791097739.904,0.0000,0.0000,0.2246,1.00000,-0.00000,0.00000,0.00000
1791097739.964,0.0000,0.0000,0.2246,1.00000,-0.00000,0.00000,0.00000
1791097740.023,0.0000,0.0000,0.2247,1.00000,-0.00000,0.00000,0.00000
1791097740.084,0.0000,0.0000,0.2247,1.00000,-0.00000,0.00000,0.00000
1791097740.144,0.0000,0.0000,0.2248,1.00000,0.00000,0.00000,0.00000
1791097740.203,0.0000,0.0000,0.2249,1.00000,0.00000,0.00000,0.00000
1791097740.263,0.0000,0.0000,0.2249,1.00000,0.00000,0.00000,0.00000
1791097740.323,0.0000,0.0000,0.2250,1.00000,0.00000,0.00000,0.00000
1791097740.383,0.0000,0.0000,0.2250,1.00000,0.00000,0.00000,0.00000
1791097740.443,0.0000,0.0000,0.2251,1.00000,0.00000,0.00000,0.00000
1791097740.499,0.0000,0.0000,0.2252,1.00000,0.00000,0.00000,0.00000
1791097740.559,0.0000,0.0000,0.2252,1.00000,0.00000,0.00000,0.00000
1791097740.619,0.0000,0.0000,0.2253,1.00000,0.00000,0.00000,0.00000
1791097740.679,0.0000,0.0000,0.2253,1.00000,0.00000,0.00000,0.00000
1791097740.736,0.0000,0.0000,0.2254,1.00000,0.00000,0.00000,0.00000
1791097740.795,0.0000,0.0000,0.2255,1.00000,0.00000,0.00000,0.00000
1791097740.855,0.0000,0.0000,0.2255,1.00000,0.00000,0.00000,0.00000
1791097740.916,0.0000,0.0000,0.2256,1.00000,0.00000,0.00000,0.00000
1791097740.975,0.0000,0.0000,0.2256,1.00000,0.00000,0.00000,0.00000
1791097741.035,0.0000,0.0000,0.2257,1.00000,0.00000,0.00000,0.00000
1791097741.096,0.0000,0.0000,0.2258,1.00000,0.00000,0.00000,0.00000
1791097741.155,0.0000,0.0000,0.2258,1.00000,0.00000,0.00000,0.00000
1791097741.215,0.0000,0.0000,0.2259,1.00000,0.00000,0.00000,0.00000
1791097741.275,0.0000,0.0000,0.2259,1.00000,0.00000,0.00000,0.00000
1791097741.336,0.0000,0.0000,0.2260,1.00000,0.00000,0.00000,0.00000
1791097741.395,0.0000,0.0000,0.2261,1.00000,0.00000,0.00000,0.00000
1791097741.455,0.0000,0.0000,0.2261,1.00000,0.00000,0.00000,0.00000
1791097741.516,0.0000,0.0000,0.2262,1.00000,0.00000,0.00000,0.00000
1791097741.575,0.0000,0.0000,0.2262,1.00000,0.00000,0.00000,0.00000
1791097741.636,0.0000,0.0000,0.2263,1.00000,0.00000,0.00000,0.00000
1791097741.696,0.0000,0.0000,0.2264,1.00000,0.00000,0.00000,0.00000
1791097741.756,0.0000,0.0000,0.2264,1.00000,0.00000,0.00000,0.00000
1791097741.815,0.0000,0.0000,0.2265,1.00000,0.00000,0.00000,0.00000
1791097741.875,0.0000,0.0000,0.2265,1.00000,0.00000,0.00000,0.00000
1791097741.936,0.0000,0.0000,0.2266,1.00000,0.00000,0.00000,0.00000
1791097741.995,0.0000,0.0000,0.2267,1.00000,0.00000,0.00000,0.00000
1791097742.055,0.0000,0.0000,0.2267,1.00000,0.00000,0.00000,0.00000
1791097742.116,0.0000,0.0000,0.2267,1.00000,0.00000,0.00000,0.00000
1791097742.176,0.0000,0.0000,0.2268,1.00000,0.00000,0.00000,0.00000
1791097742.235,0.0000,0.0000,0.2268,1.00000,0.00000,0.00000,0.00000
1791097742.295,0.0000,0.0000,0.2268,1.00000,0.00000,0.00000,0.00000
1791097742.356,0.0000,0.0000,0.2269,1.00000,0.00000,0.00000,0.00000
1791097742.415,0.0000,0.0000,0.2269,1.00000,0.00000,0.00000,0.00000
1791097742.475,0.0000,0.0000,0.2269,1.00000,0.00000,0.00000,0.00000
1791097742.535,0.0000,0.0000,0.2269,1.00000,0.00000,0.00000,0.00000
1791097742.596,0.0000,0.0000,0.2269,1.00000,0.00000,0.00000,0.00000
1791097742.655,0.0000,0.0000,0.2269,1.00000,0.00000,-0.00000,0.00000
1791097742.716,0.0000,0.0000,0.2269,1.00000,0.00000,-0.00000,0.00000
1791097742.776,0.0000,0.0000,0.2270,1.00000,0.00000,0.00000,0.00000
1791097742.835,0.0000,0.0000,0.2270,1.00000,0.00000,0.00000,0.00000
1791097742.895,0.0000,0.0000,0.2270,1.00000,0.00000,0.00000,0.00000
1791097742.955,0.0000,0.0000,0.2270,1.00000,0.00000,0.00000,0.00000
1791097743.016,0.0000,0.0000,0.2270,1.00000,0.00000,0.00000,0.00000
1791097743.075,0.0000,0.0000,0.2270,1.00000,0.00000,0.00000,0.00000
1791097743.135,0.0000,0.0000,0.2270,1.00000,0.00000,0.00000,0.00000
1791097743.195,0.0000,0.0000,0.2270,1.00000,0.00000,0.00000,0.00000
1791097743.255,0.0000,0.0000,0.2270,1.00000,0.00000,0.00000,0.00000
1791097743.315,0.0000,0.0000,0.2270,1.00000,0.00000,-0.00000,0.00000
1791097743.376,0.0000,0.0000,0.2270,1.00000,0.00000,-0.00000,0.00000
1791097743.436,0.0000,0.0000,0.2270,1.00000,0.00000,-0.00000,0.00000
1791097743.495,0.0000,0.0000,0.2270,1.00000,0.00000,-0.00000,0.00000
1791097743.555,0.0000,0.0000,0.2270,1.00000,0.00000,-0.00000,0.00000
1791097743.615,0.0000,0.0000,0.2270,1.00000,0.00000,-0.00000,0.00000
1791097743.675,0.0000,0.0000,0.2270,1.00000,0.00000,0.00000,0.00000
1791097743.735,0.0000,0.0000,0.2270,1.00000,0.00000,0.00000,0.00000
1791097743.796,0.0000,0.0000,0.2270,1.00000,0.00000,0.00000,0.00000
1791097743.856,0.0000,0.0000,0.2270,1.00000,0.00000,-0.00000,0.00000
1791097743.916,0.0000,0.0000,0.2270,1.00000,0.00000,-0.00000,0.00000
1791097743.975,0.0000,0.0000,0.2270,1.00000,0.00000,0.00000,0.00000
1791097744.036,0.0000,0.0000,0.2270,1.00000,0.00000,0.00000,0.00000
1791097744.095,0.0000,0.0000,0.2270,1.00000,0.00000,0.00000,0.00000
1791097744.155,0.0000,0.0000,0.2270,1.00000,0.00000,0.00000,0.00000
1791097744.216,0.0000,0.0000,0.2270,1.00000,0.00000,0.00000,0.00000
1791097744.276,0.0000,0.0000,0.2270,1.00000,0.00000,0.00000,0.00000
1791097744.335,0.0000,0.0000,0.2270,1.00000,0.00000,0.00000,0.00000
1791097744.395,0.0000,0.0000,0.2270,1.00000,0.00000,0.00000,0.00000
1791097744.455,0.0000,0.0000,0.2270,1.00000,0.00000,0.00000,0.00000
1791097744.515,0.0000,0.0000,0.2270,1.00000,0.00000,0.00000,0.00000
1791097744.575,0.0000,0.0000,0.2270,1.00000,0.00000,0.00000,0.00000
1791097744.636,0.0000,0.0000,0.2270,1.00000,0.00000,0.00000,0.00000
1791097744.696,0.0000,0.0000,0.2270,1.00000,0.00000,0.00000,0.00000
1791097744.755,0.0000,0.0000,0.2270,1.00000,0.00000,0.00000,0.00000
1791097744.815,0.0000,0.0000,0.2270,1.00000,0.00000,0.00000,0.00000
1791097744.875,0.0000,0.0000,0.2270,1.00000,0.00000,0.00000,0.00000
1791097744.935,0.0000,0.0000,0.2270,1.00000,0.00000,0.00000,0.00000
1791097744.995,0.0000,0.0000,0.2270,1.00000,0.00000,0.00000,0.00000
1791097745.055,0.0000,0.0000,0.2270,1.00000,0.00000,0.00000,0.00000
1791097745.116,0.0000,0.0000,0.2270,1.00000,0.00000,0.00000,0.00000
1791097745.175,0.0000,0.0000,0.2270,1.00000,0.00000,0.00000,0.00000
1791097745.235,0.0000,0.0000,0.2270,1.00000,0.00000,0.00000,0.00000
1791097745.296,0.0000,0.0000,0.2270,1.00000,0.00000,0.00000,0.00000
1791097745.356,0.0000,0.0000,0.2270,1.00000,0.00000,0.00000,0.00000
1791097746.548,0.0000,0.0000,0.2270,1.00000,0.00000,0.00000,0.00000
1791097746.608,0.0000,0.0000,0.2270,1.00000,0.00000,0.00000,0.00000
1791097746.668,0.0000,0.0000,0.2270,1.00000,0.00000,0.00000,0.00000
1791097746.728,0.0000,0.0000,0.2270,1.00000,0.00000,0.00000,0.00000
1791097746.787,0.0000,0.0000,0.2270,1.00000,0.00000,0.00000,0.00000
1791097746.848,0.0000,0.0000,0.2270,1.00000,0.00000,0.00000,0.00000
1791097746.908,0.0000,0.0000,0.2270,1.00000,0.00000,0.00000,0.00000
1791097746.967,0.0000,0.0000,0.2270,1.00000,0.00000,0.00000,0.00000
1791097747.028,0.0000,0.0000,0.2270,1.00000,0.00000,0.00000,0.00000
1791097747.088,0.0000,0.0000,0.2270,1.00000,0.00000,0.00000,0.00000
1791097747.148,0.0000,0.0000,0.2270,1.00000,0.00000,0.00000,0.00000
1791097747.207,0.0000,0.0000,0.2270,1.00000,0.00000,0.00000,0.00000
1791097747.268,0.0000,0.0000,0.2270,1.00000,0.00000,0.00000,0.00000
1791097747.327,0.0000,0.0000,0.2270,1.00000,0.00000,0.00000,0.00000
1791097747.387,0.0000,0.0000,0.2270,1.00000,0.00000,0.00000,0.00000
1791097747.448,0.0000,0.0000,0.2270,1.00000,0.00000,0.00000,0.00000
1791097747.507,0.0000,0.0000,0.2270,1.00000,0.00000,0.00000,0.00000
1791097747.567,0.0000,0.0000,0.2270,1.00000,0.00000,0.00000,0.00000
1791097747.628,0.0000,0.0000,0.2270,1.00000,0.00000,0.00000,0.00000
1791097747.688,0.0000,0.0000,0.2270,1.00000,0.00000,0.00000,0.00000
1791097747.748,0.0000,0.0000,0.2270,1.00000,0.00000,0.00000,0.00000
1791097747.808,0.0000,0.0000,0.2270,1.00000,0.00000,0.00000,0.00000
1791097747.868,0.0000,0.0000,0.2270,1.00000,0.00000,0.00000,0.00000
1791097747.927,0.0000,0.0000,0.2270,1.00000,0.00000,0.00000,0.00000
1791097747.988,0.0000,0.0000,0.2270,1.00000,0.00000,0.00000,0.00000
1791097748.048,0.0000,0.0000,0.2270,1.00000,0.00000,0.00000,0.00000
1791097748.107,0.0000,0.0000,0.2270,1.00000,0.00000,0.00000,0.00000
1791097748.168,0.0000,0.0000,0.2270,1.00000,0.00000,0.00000,0.00000
1791097748.228,0.0000,0.0000,0.2270,1.00000,0.00000,0.00000,0.00000
1791097748.288,0.0000,0.0000,0.2270,1.00000,0.00000,0.00000,0.00000
1791097748.348,0.0000,0.0000,0.2270,1.00000,0.00000,0.00000,0.00000
1791097748.408,0.0000,0.0000,0.2270,1.00000,0.00000,0.00000,0.00000
1791097748.468,0.0000,0.0000,0.2270,1.00000,0.00000,0.00000,0.00000
1791097748.528,0.0000,0.0000,0.2270,1.00000,0.00000,0.00000,0.00000
1791097748.588,0.0000,0.0000,0.2270,1.00000,0.00000,0.00000,0.00000
1791097748.648,0.0000,0.0000,0.2270,1.00000,0.00000,0.00000,0.00000
1791097748.708,0.0000,0.0000,0.2270,1.00000,0.00000,0.00000,0.00000
1791097748.768,0.0000,0.0000,0.2270,1.00000,0.00000,0.00000,0.00000
1791097748.828,0.0000,0.0000,0.2270,1.00000,0.00000,0.00000,0.00000
1791097748.887,0.0000,0.0000,0.2270,1.00000,0.00000,0.00000,0.00000
1791097748.947,0.0000,0.0000,0.2270,1.00000,0.00000,0.00000,0.00000
1791097749.008,0.0000,0.0000,0.2270,1.00000,0.00000,0.00000,0.00000
1791097749.067,0.0000,0.0000,0.2270,1.00000,0.00000,0.00000,0.00000
1791097749.128,0.0000,0.0000,0.2270,1.00000,0.00000,0.00000,0.00000
1791097749.188,0.0000,0.0000,0.2270,1.00000,0.00000,0.00000,0.00000
1791097749.247,0.0000,0.0000,0.2270,1.00000,0.00000,0.00000,0.00000
1791097749.308,0.0000,0.0000,0.2270,1.00000,0.00000,0.00000,0.00000
1791097749.368,0.0000,0.0000,0.2270,1.00000,0.00000,0.00000,0.00000
1791097749.427,0.0000,0.0000,0.2270,1.00000,0.00000,0.00000,0.00000
1791097749.487,0.0000,0.0000,0.2270,1.00000,0.00000,0.00000,0.00000
1791097749.548,0.0000,0.0000,0.2270,1.00000,0.00000,0.00000,0.00000
1791097749.608,0.0000,0.0000,0.2270,1.00000,0.00000,0.00000,0.00000
1791097749.668,0.0000,0.0000,0.2270,1.00000,0.00000,0.00000,0.00000
1791097749.728,0.0000,0.0000,0.2270,1.00000,0.00000,0.00000,0.00000
1791097749.788,0.0000,0.0000,0.2270,1.00000,0.00000,0.00000,0.00000
1791097749.848,0.0000,0.0000,0.2270,1.00000,0.00000,0.00000,0.00000
1791097749.908,0.0000,0.0000,0.2270,1.00000,0.00000,0.00000,0.00000
1791097749.968,0.0000,0.0000,0.2270,1.00000,0.00000,0.00000,0.00000
1791097750.027,0.0000,0.0000,0.2270,1.00000,0.00000,0.00000,0.00000
1791097750.087,0.0000,0.0000,0.2270,1.00000,0.00000,0.00000,0.00000
1791097750.148,0.0000,0.0000,0.2270,1.00000,0.00000,0.00000,0.00000
1791097750.208,0.0000,0.0000,0.2270,1.00000,0.00000,0.00000,0.00000
1791097750.267,0.0000,0.0000,0.2270,1.00000,0.00000,0.00000,0.00000
1791097750.328,0.0000,0.0000,0.2270,1.00000,0.00000,0.00000,0.00000
1791097750.388,0.0000,0.0000,0.2270,1.00000,0.00000,0.00000,0.00000
1791097750.448,0.0000,0.0000,0.2270,1.00000,0.00000,0.00000,0.00000
1791097750.508,0.0000,0.0000,0.2270,1.00000,0.00000,0.00000,0.00000
1791097750.568,0.0000,0.0000,0.2270,1.00000,0.00000,0.00000,0.00000
1791097750.627,0.0000,0.0000,0.2270,1.00000,0.00000,0.00000,0.00000
1791097750.688,0.0000,0.0000,0.2270,1.00000,0.00000,0.00000,0.00000
1791097750.749,0.0000,0.0000,0.2270,1.00000,0.00000,0.00000,0.00000
1791097750.808,0.0000,0.0000,0.2270,1.00000,0.00000,0.00000,0.00000
1791097750.868,0.0000,0.0000,0.2270,1.00000,0.00000,0.00000,0.00000
1791097750.928,0.0000,0.0000,0.2270,1.00000,0.00000,0.00000,0.00000
1791097750.987,0.0000,0.0000,0.2270,1.00000,0.00000,0.00000,0.00000
1791097751.048,0.0000,0.0000,0.2270,1.00000,0.00000,0.00000,0.00000
1791097751.108,0.0000,0.0000,0.2270,1.00000,0.00000,0.00000,0.00000
1791097751.167,0.0000,0.0000,0.2270,1.00000,0.00000,0.00000,0.00000
1791097751.227,0.0000,0.0000,0.2270,1.00000,0.00000,0.00000,0.00000
1791097751.288,0.0000,0.0000,0.2270,1.00000,0.00000,0.00000,0.00000
1791097751.347,0.0000,0.0000,0.2270,1.00000,0.00000,0.00000,0.00000
1791097751.407,0.0000,0.0000,0.2270,1.00000,0.00000,0.00000,0.00000
1791097751.468,0.0000,0.0000,0.2270,1.00000,0.00000,0.00000,0.00000
1791097751.524,0.0000,0.0000,0.2270,1.00000,0.00000,0.00000,0.00000
1791097751.584,0.0000,0.0000,0.2270,1.00000,0.00000,0.00000,0.00000
1791097751.644,0.0000,0.0000,0.2270,1.00000,0.00000,0.00000,0.00000
1791097751.704,0.0000,0.0000,0.2270,1.00000,0.00000,0.00000,0.00000
1791097751.764,0.0000,0.0000,0.2270,1.00000,0.00000,0.00000,0.00000
1791097751.824,0.0000,0.0000,0.2270,1.00000,0.00000,0.00000,0.00000
1791097751.884,0.0000,0.0000,0.2270,1.00000,0.00000,0.00000,0.00000
1791097751.944,0.0000,0.0000,0.2270,1.00000,0.00000,0.00000,0.00000
1791097752.004,0.0000,0.0000,0.2270,1.00000,0.00000,0.00000,0.00000
1791097752.063,0.0000,0.0000,0.2270,1.00000,0.00000,0.00000,0.00000
1791097752.124,0.0000,0.0000,0.2270,1.00000,0.00000,0.00000,0.00000
1791097752.184,0.0000,0.0000,0.2270,1.00000,0.00000,0.00000,0.00000
1791097752.244,0.0000,0.0000,0.2270,1.00000,0.00000,0.00000,0.00000
1791097752.304,0.0000,0.0000,0.2270,1.00000,0.00000,0.00000,0.00000
1791097752.364,0.0000,0.0000,0.2270,1.00000,0.00000,0.00000,0.00000
1791097752.424,0.0000,0.0000,0.2270,1.00000,0.00000,0.00000,0.00000
1791097752.484,0.0000,0.0000,0.2270,1.00000,0.00000,0.00000,0.00000
1791097752.543,0.0000,0.0000,0.2270,1.00000,0.00000,0.00000,0.00000
1791097752.604,0.0000,0.0000,0.2270,1.00000,0.00000,0.00000,0.00000
1791097752.663,0.0000,0.0000,0.2270,1.00000,0.00000,0.00000,0.00000
1791097752.723,0.0000,0.0000,0.2270,1.00000,0.00000,0.00000,0.00000
1791097752.784,0.0000,0.0000,0.2270,1.00000,0.00000,0.00000,0.00000
1791097752.843,0.0000,0.0000,0.2270,1.00000,0.00000,0.00000,0.00000
1791097752.903,0.0000,0.0000,0.2270,1.00000,0.00000,0.00000,0.00000
1791097752.964,0.0000,0.0000,0.2270,1.00000,0.00000,0.00000,0.00000
1791097753.024,0.0000,0.0000,0.2270,1.00000,0.00000,0.00000,0.00000
1791097753.083,0.0000,0.0000,0.2270,1.00000,0.00000,0.00000,0.00000
1791097753.144,0.0000,0.0000,0.2270,1.00000,0.00000,0.00000,0.00000
1791097753.203,0.0000,0.0000,0.2270,1.00000,0.00000,0.00000,0.00000
1791097753.263,0.0000,0.0000,0.2270,1.00000,0.00000,0.00000,0.00000
1791097753.324,0.0000,0.0000,0.2270,1.00000,0.00000,0.00000,0.00000
1791097753.383,0.0000,0.0000,0.2270,1.00000,0.00000,0.00000,0.00000
1791097753.443,0.0000,0.0000,0.2270,1.00000,0.00000,0.00000,0.00000
1791097753.504,0.0000,0.0000,0.2270,1.00000,0.00000,0.00000,0.00000
1791097753.564,0.0000,0.0000,0.2270,1.00000,0.00000,0.00000,0.00000
1791097753.623,0.0000,0.0000,0.2270,1.00000,0.00000,0.00000,0.00000
1791097753.684,0.0000,0.0000,0.2270,1.00000,0.00000,0.00000,0.00000
1791097753.744,0.0000,0.0000,0.2270,1.00000,0.00000,0.00000,0.00000
1791097753.803,0.0000,0.0000,0.2270,1.00000,0.00000,0.00000,0.00000
1791097753.863,0.0000,0.0000,0.2270,1.00000,0.00000,0.00000,0.00000
1791097753.924,0.0000,0.0000,0.2270,1.00000,0.00000,0.00000,0.00000
1791097753.983,0.0000,0.0000,0.2270,1.00000,0.00000,0.00000,0.00000
1791097754.043,0.0000,0.0000,0.2270,1.00000,0.00000,0.00000,0.00000
1791097754.104,0.0000,0.0000,0.2270,1.00000,0.00000,0.00000,0.00000
1791097754.163,0.0000,0.0000,0.2270,1.00000,0.00000,0.00000,0.00000
1791097754.223,0.0000,0.0000,0.2270,1.00000,0.00000,0.00000,0.00000
1791097754.284,0.0000,0.0000,0.2270,1.00000,0.00000,0.00000,0.00000
1791097754.344,0.0000,0.0000,0.2270,1.00000,0.00000,0.00000,0.00000
1791097754.403,0.0000,0.0000,0.2270,1.00000,0.00000,0.00000,0.00000
1791097754.464,0.0000,0.0000,0.2270,1.00000,0.00000,0.00000,0.00000
1791097754.524,0.0000,0.0000,0.2270,1.00000,0.00000,0.00000,0.00000
1791097754.584,0.0000,0.0000,0.2270,1.00000,0.00000,0.00000,0.00000
1791097754.644,0.0000,0.0000,0.2270,1.00000,0.00000,0.00000,0.00000
1791097754.704,0.0000,0.0000,0.2270,1.00000,0.00000,0.00000,0.00000
1791097754.764,0.0000,0.0000,0.2270,1.00000,0.00000,0.00000,0.00000
1791097754.824,0.0000,0.0000,0.2270,1.00000,0.00000,0.00000,0.00000
1791097754.884,0.0000,0.0000,0.2270,1.00000,0.00000,0.00000,0.00000
1791097754.943,0.0000,0.0000,0.2270,1.00000,0.00000,0.00000,0.00000
1791097755.003,0.0000,0.0000,0.2270,1.00000,0.00000,0.00000,0.00000
1791097755.064,0.0000,0.0000,0.2270,1.00000,0.00000,0.00000,0.00000
1791097755.123,0.0000,0.0000,0.2270,1.00000,0.00000,0.00000,0.00000
1791097755.183,0.0000,0.0000,0.2270,1.00000,0.00000,0.00000,0.00000
1791097755.243,0.0000,0.0000,0.2270,1.00000,0.00000,0.00000,0.00000
1791097755.303,0.0000,0.0000,0.2270,1.00000,0.00000,0.00000,0.00000
1791097755.363,0.0000,0.0000,0.2270,1.00000,0.00000,0.00000,0.00000
1791097755.423,0.0000,0.0000,0.2270,1.00000,0.00000,0.00000,0.00000
1791097755.480,0.0000,0.0000,0.2270,1.00000,0.00000,0.00000,0.00000
1791097755.540,0.0000,0.0000,0.2270,1.00000,0.00000,0.00000,0.00000
1791097755.600,0.0000,0.0000,0.2270,1.00000,0.00000,0.00000,0.00000
1791097755.659,0.0000,0.0000,0.2270,1.00000,0.00000,0.00000,0.00000
1791097755.720,0.0000,0.0000,0.2270,1.00000,0.00000,0.00000,0.00000
1791097755.780,0.0000,0.0000,0.2270,1.00000,0.00000,0.00000,0.00000
1791097755.839,0.0000,0.0000,0.2270,1.00000,0.00000,0.00000,0.00000
1791097755.900,0.0000,0.0000,0.2270,1.00000,0.00000,0.00000,0.00000
1791097755.959,0.0000,0.0000,0.2270,1.00000,0.00000,0.00000,0.00000
1791097756.019,0.0000,0.0000,0.2270,1.00000,0.00000,0.00000,0.00000
1791097756.080,0.0000,0.0000,0.2270,1.00000,0.00000,0.00000,0.00000
1791097756.140,0.0000,0.0000,0.2270,1.00000,0.00000,0.00000,0.00000
1791097756.200,0.0000,0.0000,0.2270,1.00000,0.00000,0.00000,0.00000
1791097756.260,0.0000,0.0000,0.2270,1.00000,0.00000,0.00000,0.00000
1791097756.320,0.0000,0.0000,0.2270,1.00000,0.00000,0.00000,0.00000
1791097756.379,0.0000,0.0000,0.2270,1.00000,0.00000,0.00000,0.00000
1791097756.439,0.0000,0.0000,0.2270,1.00000,0.00000,0.00000,0.00000
1791097756.499,0.0000,0.0000,0.2270,1.00000,0.00000,0.00000,0.00000
1791097756.560,0.0000,0.0000,0.2270,1.00000,0.00000,0.00000,0.00000
1791097756.620,0.0000,0.0000,0.2270,1.00000,0.00000,0.00000,0.00000
1791097756.680,0.0000,0.0000,0.2270,1.00000,0.00000,0.00000,0.00000
1791097756.739,0.0000,0.0000,0.2270,1.00000,0.00000,0.00000,0.00000
1791097756.800,0.0000,0.0000,0.2270,1.00000,0.00000,0.00000,0.00000
1791097756.859,0.0000,0.0000,0.2270,1.00000,0.00000,0.00000,0.00000
1791097756.920,0.0000,0.0000,0.2270,1.00000,0.00000,0.00000,0.00000
1791097756.980,0.0000,0.0000,0.2270,1.00000,0.00000,0.00000,0.00000
1791097757.040,0.0000,0.0000,0.2270,1.00000,0.00000,0.00000,0.00000
1791097757.100,0.0000,0.0000,0.2270,1.00000,0.00000,0.00000,0.00000
1791097757.159,0.0000,0.0000,0.2270,1.00000,0.00000,0.00000,0.00000
1791097757.219,0.0000,0.0000,0.2270,1.00000,0.00000,0.00000,0.00000
1791097757.280,0.0000,0.0000,0.2270,1.00000,0.00000,0.00000,0.00000
1791097757.340,0.0000,0.0000,0.2270,1.00000,0.00000,0.00000,0.00000
1791097757.400,0.0000,0.0000,0.2270,1.00000,0.00000,0.00000,0.00000
1791097757.460,0.0000,0.0000,0.2270,1.00000,0.00000,0.00000,0.00000
1791097757.520,0.0000,0.0000,0.2270,1.00000,0.00000,0.00000,0.00000
1791097757.580,0.0000,0.0000,0.2270,1.00000,0.00000,0.00000,0.00000
1791097757.640,0.0000,0.0000,0.2270,1.00000,0.00000,0.00000,0.00000
1791097757.700,0.0000,0.0000,0.2270,1.00000,0.00000,0.00000,0.00000
1791097757.760,0.0000,0.0000,0.2270,1.00000,0.00000,0.00000,0.00000
1791097757.820,0.0000,0.0000,0.2270,1.00000,0.00000,0.00000,0.00000
1791097757.879,0.0000,0.0000,0.2270,1.00000,0.00000,0.00000,0.00000
1791097757.939,0.0000,0.0000,0.2270,1.00000,0.00000,0.00000,0.00000
1791097758.000,0.0000,0.0000,0.2270,1.00000,0.00000,0.00000,0.00000
1791097758.059,0.0000,0.0000,0.2270,1.00000,0.00000,0.00000,0.00000
1791097758.120,0.0000,0.0000,0.2270,1.00000,0.00000,0.00000,0.00000
1791097758.180,0.0000,0.0000,0.2270,1.00000,0.00000,0.00000,0.00000
1791097758.240,0.0000,0.0000,0.2270,1.00000,0.00000,0.00000,0.00000
1791097758.300,0.0000,0.0000,0.2270,1.00000,0.00000,0.00000,0.00000
1791097758.359,0.0000,0.0000,0.2270,1.00000,0.00000,0.00000,0.00000
1791097758.419,0.0000,0.0000,0.2270,1.00000,0.00000,0.00000,0.00000
1791097758.480,0.0000,0.0000,0.2270,1.00000,0.00000,0.00000,0.00000
1791097758.539,0.0000,0.0000,0.2270,1.00000,0.00000,0.00000,0.00000
1791097758.600,0.0000,0.0000,0.2270,1.00000,0.00000,0.00000,0.00000
1791097758.660,0.0000,0.0000,0.2270,1.00000,0.00000,0.00000,0.00000
1791097758.719,0.0000,0.0000,0.2270,1.00000,0.00000,0.00000,0.00000
1791097758.780,0.0000,0.0000,0.2270,1.00000,0.00000,0.00000,0.00000
1791097758.840,0.0000,0.0000,0.2270,1.00000,0.00000,0.00000,0.00000
1791097758.900,0.0000,0.0000,0.2270,1.00000,0.00000,0.00000,0.00000
1791097758.960,0.0000,0.0000,0.2270,1.00000,0.00000,0.00000,0.00000
1791097759.020,0.0000,0.0000,0.2270,1.00000,0.00000,0.00000,0.00000
1791097759.080,0.0000,0.0000,0.2270,1.00000,0.00000,0.00000,0.00000
1791097759.139,0.0000,0.0000,0.2270,1.00000,0.00000,0.00000,0.00000
1791097759.199,0.0000,0.0000,0.2270,1.00000,0.00000,0.00000,0.00000
1791097759.259,0.0000,0.0000,0.2270,1.00000,0.00000,0.00000,0.00000
1791097759.317,0.0000,0.0000,0.2270,1.00000,0.00000,0.00000,0.00000
1791097759.375,0.0000,0.0000,0.2270,1.00000,0.00000,0.00000,0.00000
1791097759.435,0.0000,0.0000,0.2270,1.00000,0.00000,0.00000,0.00000
1791097759.496,0.0000,0.0000,0.2270,1.00000,0.00000,0.00000,0.00000
1791097759.556,0.0000,0.0000,0.2270,1.00000,0.00000,0.00000,0.00000
1791097759.617,0.0000,0.0000,0.2270,1.00000,0.00000,0.00000,0.00000
1791097759.676,0.0000,0.0000,0.2270,1.00000,0.00000,0.00000,0.00000
1791097759.736,0.0000,0.0000,0.2270,1.00000,0.00000,0.00000,0.00000
1791097759.796,0.0000,0.0000,0.2270,1.00000,0.00000,0.00000,0.00000
1791097759.856,0.0000,0.0000,0.2270,1.00000,0.00000,0.00000,0.00000
1791097759.916,0.0000,0.0000,0.2270,1.00000,0.00000,0.00000,0.00000
1791097759.976,0.0000,0.0000,0.2270,1.00000,0.00000,0.00000,0.00000
1791097760.035,0.0000,0.0000,0.2270,1.00000,0.00000,0.00000,0.00000
1791097760.096,0.0000,0.0000,0.2270,1.00000,0.00000,0.00000,0.00000
1791097760.156,0.0000,0.0000,0.2270,1.00000,0.00000,0.00000,0.00000
1791097760.216,0.0000,0.0000,0.2270,1.00000,0.00000,0.00000,0.00000
1791097760.276,0.0000,0.0000,0.2270,1.00000,0.00000,0.00000,0.00000
1791097760.335,0.0000,0.0000,0.2270,1.00000,0.00000,0.00000,0.00000
1791097760.396,0.0000,0.0000,0.2270,1.00000,0.00000,0.00000,0.00000
1791097760.456,0.0000,0.0000,0.2270,1.00000,0.00000,0.00000,0.00000
1791097760.515,0.0000,0.0000,0.2270,1.00000,0.00000,0.00000,0.00000
1791097760.576,0.0000,0.0000,0.2270,1.00000,0.00000,0.00000,0.00000
1791097760.636,0.0000,0.0000,0.2270,1.00000,0.00000,0.00000,0.00000
1791097760.695,0.0000,0.0000,0.2270,1.00000,0.00000,0.00000,0.00000
1791097760.756,0.0000,0.0000,0.2270,1.00000,0.00000,0.00000,0.00000
1791097760.816,0.0000,0.0000,0.2270,1.00000,0.00000,0.00000,0.00000
1791097760.876,0.0000,0.0000,0.2270,1.00000,0.00000,0.00000,0.00000
1791097760.935,0.0000,0.0000,0.2270,1.00000,0.00000,0.00000,0.00000
1791097760.996,0.0000,0.0000,0.2270,1.00000,0.00000,0.00000,0.00000
1791097761.055,0.0000,0.0000,0.2270,1.00000,0.00000,0.00000,0.00000
1791097761.115,0.0000,0.0000,0.2270,1.00000,0.00000,0.00000,0.00000
1791097761.175,0.0000,0.0000,0.2270,1.00000,0.00000,0.00000,0.00000
1791097761.236,0.0000,0.0000,0.2270,1.00000,0.00000,0.00000,0.00000
1791097761.295,0.0000,0.0000,0.2270,1.00000,0.00000,0.00000,0.00000
1791097761.356,0.0000,0.0000,0.2270,1.00000,0.00000,0.00000,0.00000
1791097761.416,0.0000,0.0000,0.2270,1.00000,0.00000,0.00000,0.00000
1791097761.475,0.0000,0.0000,0.2270,1.00000,0.00000,0.00000,0.00000
1791097761.536,0.0000,0.0000,0.2270,1.00000,0.00000,0.00000,0.00000
1791097761.596,0.0000,0.0000,0.2270,1.00000,0.00000,0.00000,0.00000
1791097761.656,0.0000,0.0000,0.2270,1.00000,0.00000,0.00000,0.00000
1791097761.711,0.0000,0.0000,0.2270,1.00000,0.00000,0.00000,0.00000
1791097761.772,0.0000,0.0000,0.2270,1.00000,0.00000,0.00000,0.00000
1791097761.832,0.0000,0.0000,0.2270,1.00000,0.00000,0.00000,0.00000
1791097761.891,0.0000,0.0000,0.2270,1.00000,0.00000,0.00000,0.00000
1791097761.952,0.0000,0.0000,0.2270,1.00000,0.00000,0.00000,0.00000
1791097762.012,0.0000,0.0000,0.2270,1.00000,0.00000,0.00000,0.00000
1791097762.072,0.0000,0.0000,0.2270,1.00000,0.00000,0.00000,0.00000
1791097762.132,0.0000,0.0000,0.2270,1.00000,0.00000,0.00000,0.00000
1791097762.191,0.0000,0.0000,0.2270,1.00000,0.00000,0.00000,0.00000
1791097762.252,0.0000,0.0000,0.2270,1.00000,0.00000,0.00000,0.00000
1791097762.311,0.0000,0.0000,0.2270,1.00000,0.00000,0.00000,0.00000
1791097762.372,0.0000,0.0000,0.2270,1.00000,0.00000,0.00000,0.00000
1791097762.432,0.0000,0.0000,0.2270,1.00000,0.00000,0.00000,0.00000
1791097762.491,0.0000,0.0000,0.2270,1.00000,0.00000,0.00000,0.00000
1791097762.552,0.0000,0.0000,0.2270,1.00000,0.00000,0.00000,0.00000
1791097762.612,0.0000,0.0000,0.2270,1.00000,0.00000,0.00000,0.00000
1791097762.672,0.0000,0.0000,0.2270,1.00000,0.00000,0.00000,0.00000
1791097762.732,0.0000,0.0000,0.2270,1.00000,0.00000,0.00000,0.00000
1791097762.792,0.0000,0.0000,0.2270,1.00000,0.00000,0.00000,0.00000
1791097762.852,0.0000,0.0000,0.2270,1.00000,0.00000,0.00000,0.00000
1791097762.911,0.0000,0.0000,0.2270,1.00000,0.00000,0.00000,0.00000
1791097762.972,0.0000,0.0000,0.2270,1.00000,0.00000,0.00000,0.00000
1791097763.032,0.0000,0.0000,0.2270,1.00000,0.00000,0.00000,0.00000
1791097763.092,0.0000,0.0000,0.2270,1.00000,0.00000,0.00000,0.00000
1791097763.151,0.0000,0.0000,0.2270,1.00000,0.00000,0.00000,0.00000
1791097763.212,0.0000,0.0000,0.2270,1.00000,0.00000,0.00000,0.00000
1791097763.272,0.0000,0.0000,0.2270,1.00000,0.00000,0.00000,0.00000
1791097763.332,0.0000,0.0000,0.2270,1.00000,0.00000,0.00000,0.00000
1791097763.392,0.0000,0.0000,0.2270,1.00000,0.00000,0.00000,0.00000
1791097763.452,0.0000,0.0000,0.2270,1.00000,0.00000,0.00000,0.00000
1791097763.512,0.0000,0.0000,0.2270,1.00000,0.00000,0.00000,0.00000
1791097763.571,0.0000,0.0000,0.2270,1.00000,0.00000,0.00000,0.00000
1791097763.632,0.0000,0.0000,0.2270,1.00000,0.00000,0.00000,0.00000
1791097763.692,0.0000,0.0000,0.2270,1.00000,0.00000,0.00000,0.00000
1791097763.751,0.0000,0.0000,0.2270,1.00000,0.00000,0.00000,0.00000
1791097763.812,0.0000,0.0000,0.2270,1.00000,0.00000,0.00000,0.00000
1791097763.871,0.0000,0.0000,0.2270,1.00000,0.00000,0.00000,0.00000
1791097763.932,0.0000,0.0000,0.2270,1.00000,0.00000,0.00000,0.00000
1791097763.992,0.0000,0.0000,0.2270,1.00000,0.00000,0.00000,0.00000
1791097764.051,0.0000,0.0000,0.2270,1.00000,0.00000,0.00000,0.00000
1791097764.112,0.0000,0.0000,0.2270,1.00000,0.00000,0.00000,0.00000
1791097764.172,0.0000,0.0000,0.2270,1.00000,0.00000,0.00000,0.00000
1791097764.231,0.0000,0.0000,0.2270,1.00000,0.00000,0.00000,0.00000
1791097764.291,0.0000,0.0000,0.2270,1.00000,0.00000,0.00000,0.00000
1791097764.352,0.0000,0.0000,0.2270,1.00000,0.00000,0.00000,0.00000
1791097764.412,0.0000,0.0000,0.2270,1.00000,0.00000,0.00000,0.00000
1791097764.471,0.0000,0.0000,0.2270,1.00000,0.00000,0.00000,0.00000
1791097764.531,0.0000,0.0000,0.2270,1.00000,0.00000,0.00000,0.00000
1791097764.592,0.0000,0.0000,0.2270,1.00000,0.00000,0.00000,0.00000
1791097764.651,0.0000,0.0000,0.2270,1.00000,0.00000,0.00000,0.00000
1791097764.711,0.0000,0.0000,0.2270,1.00000,0.00000,0.00000,0.00000
1791097764.772,0.0000,0.0000,0.2270,1.00000,0.00000,0.00000,0.00000
1791097764.831,0.0000,0.0000,0.2270,1.00000,0.00000,0.00000,0.00000
1791097764.891,0.0000,0.0000,0.2270,1.00000,0.00000,0.00000,0.00000
1791097764.952,0.0000,0.0000,0.2270,1.00000,0.00000,0.00000,0.00000
1791097765.012,0.0000,0.0000,0.2270,1.00000,0.00000,0.00000,0.00000
1791097765.071,0.0000,0.0000,0.2270,1.00000,0.00000,0.00000,0.00000
1791097765.131,0.0000,0.0000,0.2270,1.00000,0.00000,0.00000,0.00000
1791097765.192,0.0000,0.0000,0.2270,1.00000,0.00000,0.00000,0.00000
1791097765.252,0.0000,0.0000,0.2270,1.00000,0.00000,0.00000,0.00000
1791097765.311,0.0000,0.0000,0.2270,1.00000,0.00000,0.00000,0.00000
1791097765.371,0.0000,0.0000,0.2270,1.00000,0.00000,0.00000,0.00000
1791097765.432,0.0000,0.0000,0.2270,1.00000,0.00000,0.00000,0.00000
1791097765.491,0.0000,0.0000,0.2270,1.00000,0.00000,0.00000,0.00000
1791097765.552,0.0000,0.0000,0.2270,1.00000,0.00000,0.00000,0.00000
1791097765.611,0.0000,0.0000,0.2270,1.00000,0.00000,0.00000,0.00000
1791097765.672,0.0000,0.0000,0.2270,1.00000,0.00000,0.00000,0.00000
1791097765.731,0.0000,0.0000,0.2270,1.00000,0.00000,0.00000,0.00000
1791097765.791,0.0000,0.0000,0.2270,1.00000,0.00000,0.00000,0.00000
1791097765.852,0.0000,0.0000,0.2270,1.00000,0.00000,0.00000,0.00000
1791097765.911,0.0000,0.0000,0.2270,1.00000,0.00000,0.00000,0.00000
1791097765.972,0.0000,0.0000,0.2270,1.00000,0.00000,0.00000,0.00000
1791097766.032,0.0000,0.0000,0.2270,1.00000,0.00000,0.00000,0.00000
1791097766.092,0.0000,0.0000,0.2270,1.00000,0.00000,0.00000,0.00000
1791097766.151,0.0000,0.0000,0.2270,1.00000,0.00000,0.00000,0.00000
1791097766.212,0.0000,0.0000,0.2270,1.00000,0.00000,0.00000,0.00000
1791097766.272,0.0000,0.0000,0.2270,1.00000,0.00000,0.00000,0.00000
1791097766.332,0.0000,0.0000,0.2270,1.00000,0.00000,0.00000,0.00000
1791097766.392,0.0000,0.0000,0.2270,1.00000,0.00000,0.00000,0.00000
1791097766.452,0.0000,0.0000,0.2270,1.00000,0.00000,0.00000,0.00000
1791097766.512,0.0000,0.0000,0.2270,1.00000,0.00000,0.00000,0.00000
1791097766.571,0.0000,0.0000,0.2270,1.00000,0.00000,0.00000,0.00000
1791097766.632,0.0000,0.0000,0.2270,1.00000,0.00000,0.00000,0.00000
1791097766.692,0.0000,0.0000,0.2270,1.00000,0.00000,0.00000,0.00000
1791097766.752,0.0000,0.0000,0.2270,1.00000,0.00000,0.00000,0.00000
1791097766.811,0.0000,0.0000,0.2270,1.00000,0.00000,0.00000,0.00000
1791097766.872,0.0000,0.0000,0.2270,1.00000,0.00000,0.00000,0.00000
1791097766.932,0.0000,0.0000,0.2270,1.00000,0.00000,0.00000,0.00000
1791097766.992,0.0000,0.0000,0.2270,1.00000,0.00000,0.00000,0.00000
1791097767.052,0.0000,0.0000,0.2270,1.00000,0.00000,0.00000,0.00000
1791097767.112,0.0000,0.0000,0.2270,1.00000,0.00000,0.00000,0.00000
1791097767.172,0.0000,0.0000,0.2270,1.00000,0.00000,0.00000,0.00000
1791097767.231,0.0000,0.0000,0.2270,1.00000,0.00000,0.00000,0.00000
1791097767.291,0.0000,0.0000,0.2270,1.00000,0.00000,0.00000,0.00000
1791097767.352,0.0000,0.0000,0.2270,1.00000,0.00000,0.00000,0.00000
1791097767.412,0.0000,0.0000,0.2270,1.00000,0.00000,0.00000,0.00000
1791097767.471,0.0000,0.0000,0.2270,1.00000,0.00000,0.00000,0.00000
1791097767.529,0.0000,0.0000,0.2270,1.00000,0.00000,0.00000,0.00000
1791097767.587,0.0000,0.0000,0.2270,1.00000,0.00000,0.00000,0.00000
1791097767.648,0.0000,0.0000,0.2270,1.00000,0.00000,0.00000,0.00000
1791097767.708,0.0000,0.0000,0.2270,1.00000,0.00000,0.00000,0.00000
1791097767.767,0.0000,0.0000,0.2270,1.00000,0.00000,0.00000,0.00000
1791097767.828,0.0000,0.0000,0.2270,1.00000,0.00000,0.00000,0.00000
1791097767.888,0.0000,0.0000,0.2270,1.00000,0.00000,0.00000,0.00000
1791097767.948,0.0000,0.0000,0.2270,1.00000,0.00000,0.00000,0.00000
1791097768.008,0.0000,0.0000,0.2270,1.00000,0.00000,0.00000,0.00000
1791097768.064,0.0000,0.0000,0.2270,1.00000,0.00000,0.00000,0.00000
1791097768.124,0.0000,0.0000,0.2270,1.00000,0.00000,0.00000,0.00000
1791097768.184,0.0000,0.0000,0.2270,1.00000,0.00000,0.00000,0.00000
1791097768.244,0.0000,0.0000,0.2270,1.00000,0.00000,0.00000,0.00000
1791097768.304,0.0000,0.0000,0.2270,1.00000,0.00000,0.00000,0.00000
1791097768.364,0.0000,0.0000,0.2270,1.00000,0.00000,0.00000,0.00000
1791097768.424,0.0000,0.0000,0.2270,1.00000,0.00000,0.00000,0.00000
1791097768.484,0.0000,0.0000,0.2270,1.00000,0.00000,0.00000,0.00000
1791097768.544,0.0000,0.0000,0.2270,1.00000,0.00000,0.00000,0.00000
1791097768.604,0.0000,0.0000,0.2270,1.00000,0.00000,0.00000,0.00000
1791097768.663,0.0000,0.0000,0.2270,1.00000,0.00000,0.00000,0.00000
1791097768.724,0.0000,0.0000,0.2270,1.00000,0.00000,0.00000,0.00000
1791097768.783,0.0000,0.0000,0.2270,1.00000,0.00000,0.00000,0.00000
1791097768.843,0.0000,0.0000,0.2270,1.00000,0.00000,0.00000,0.00000
1791097768.903,0.0000,0.0000,0.2270,1.00000,0.00000,0.00000,0.00000
1791097768.964,0.0000,0.0000,0.2270,1.00000,0.00000,0.00000,0.00000
1791097769.024,0.0000,0.0000,0.2270,1.00000,0.00000,0.00000,0.00000
1791097769.083,0.0000,0.0000,0.2270,1.00000,0.00000,0.00000,0.00000
1791097769.144,0.0000,0.0000,0.2270,1.00000,0.00000,0.00000,0.00000
1791097769.204,0.0000,0.0000,0.2270,1.00000,0.00000,0.00000,0.00000
1791097769.263,0.0000,0.0000,0.2270,1.00000,0.00000,0.00000,0.00000
1791097769.323,0.0000,0.0000,0.2270,1.00000,0.00000,0.00000,0.00000
1791097769.384,0.0000,0.0000,0.2270,1.00000,0.00000,0.00000,0.00000
1791097769.443,0.0000,0.0000,0.2270,1.00000,0.00000,0.00000,0.00000
1791097769.503,0.0000,0.0000,0.2270,1.00000,0.00000,0.00000,0.00000
1791097769.563,0.0000,0.0000,0.2270,1.00000,0.00000,0.00000,0.00000
1791097769.624,0.0000,0.0000,0.2270,1.00000,0.00000,0.00000,0.00000
1791097769.683,0.0000,0.0000,0.2270,1.00000,0.00000,0.00000,0.00000
1791097769.743,0.0000,0.0000,0.2270,1.00000,0.00000,0.00000,0.00000
1791097769.804,0.0000,0.0000,0.2270,1.00000,0.00000,0.00000,0.00000
1791097769.864,0.0000,0.0000,0.2270,1.00000,0.00000,0.00000,0.00000
1791097769.923,0.0000,0.0000,0.2270,1.00000,0.00000,0.00000,0.00000
1791097769.984,0.0000,0.0000,0.2270,1.00000,0.00000,0.00000,0.00000
1791097770.044,0.0000,0.0000,0.2270,1.00000,0.00000,0.00000,0.00000
1791097770.103,0.0000,0.0000,0.2270,1.00000,0.00000,0.00000,0.00000
1791097770.164,0.0000,0.0000,0.2270,1.00000,0.00000,0.00000,0.00000
1791097770.224,0.0000,0.0000,0.2270,1.00000,0.00000,0.00000,0.00000
1791097770.283,0.0000,0.0000,0.2270,1.00000,0.00000,0.00000,0.00000
1791097770.343,0.0000,0.0000,0.2270,1.00000,0.00000,0.00000,0.00000
1791097770.403,0.0000,0.0000,0.2270,1.00000,0.00000,0.00000,0.00000
1791097770.464,0.0000,0.0000,0.2270,1.00000,0.00000,0.00000,0.00000
1791097770.524,0.0000,0.0000,0.2270,1.00000,0.00000,0.00000,0.00000
1791097770.584,0.0000,0.0000,0.2270,1.00000,0.00000,0.00000,0.00000
1791097770.644,0.0000,0.0000,0.2270,1.00000,0.00000,0.00000,0.00000
1791097770.704,0.0000,0.0000,0.2270,1.00000,0.00000,0.00000,0.00000
1791097770.764,0.0000,0.0000,0.2270,1.00000,0.00000,0.00000,0.00000
1791097770.824,0.0000,0.0000,0.2270,1.00000,0.00000,0.00000,0.00000
1791097770.884,0.0000,0.0000,0.2270,1.00000,0.00000,0.00000,0.00000
1791097770.944,0.0000,0.0000,0.2270,1.00000,0.00000,0.00000,0.00000
1791097771.003,0.0000,0.0000,0.2270,1.00000,0.00000,0.00000,0.00000
1791097771.063,0.0000,0.0000,0.2270,1.00000,0.00000,0.00000,0.00000
1791097771.124,0.0000,0.0000,0.2270,1.00000,0.00000,0.00000,0.00000
1791097771.183,0.0000,0.0000,0.2270,1.00000,0.00000,0.00000,0.00000
1791097771.244,0.0000,0.0000,0.2270,1.00000,0.00000,0.00000,0.00000
1791097771.304,0.0000,0.0000,0.2270,1.00000,0.00000,0.00000,0.00000
1791097771.363,0.0000,0.0000,0.2270,1.00000,0.00000,0.00000,0.00000
1791097771.423,0.0000,0.0000,0.2270,1.00000,0.00000,0.00000,0.00000
1791097771.483,0.0000,0.0000,0.2270,1.00000,0.00000,0.00000,0.00000
1791097771.544,0.0000,0.0000,0.2270,1.00000,0.00000,0.00000,0.00000
1791097771.603,0.0000,0.0000,0.2270,1.00000,0.00000,0.00000,0.00000
1791097771.663,0.0000,0.0000,0.2270,1.00000,0.00000,0.00000,0.00000
1791097771.724,0.0000,0.0000,0.2270,1.00000,0.00000,0.00000,0.00000
1791097771.780,0.0000,0.0000,0.2270,1.00000,0.00000,0.00000,0.00000
1791097771.840,0.0000,0.0000,0.2270,1.00000,0.00000,0.00000,0.00000
1791097771.901,0.0000,0.0000,0.2270,1.00000,0.00000,0.00000,0.00000
1791097771.960,0.0000,0.0000,0.2270,1.00000,0.00000,0.00000,0.00000
1791097772.020,0.0000,0.0000,0.2270,1.00000,0.00000,0.00000,0.00000
1791097772.079,0.0000,0.0000,0.2270,1.00000,0.00000,0.00000,0.00000
1791097772.140,0.0000,0.0000,0.2270,1.00000,0.00000,0.00000,0.00000
1791097772.199,0.0000,0.0000,0.2270,1.00000,0.00000,0.00000,0.00000
1791097772.260,0.0000,0.0000,0.2270,1.00000,0.00000,0.00000,0.00000
1791097772.320,0.0000,0.0000,0.2270,1.00000,0.00000,0.00000,0.00000
1791097772.379,0.0000,0.0000,0.2270,1.00000,0.00000,0.00000,0.00000
1791097772.440,0.0000,0.0000,0.2270,1.00000,0.00000,0.00000,0.00000
1791097772.500,0.0000,0.0000,0.2270,1.00000,0.00000,0.00000,0.00000
1791097772.560,0.0000,0.0000,0.2270,1.00000,0.00000,0.00000,0.00000
1791097772.619,0.0000,0.0000,0.2270,1.00000,0.00000,0.00000,0.00000
1791097772.680,0.0000,0.0000,0.2270,1.00000,0.00000,0.00000,0.00000
1791097772.740,0.0000,0.0000,0.2270,1.00000,0.00000,0.00000,0.00000
1791097772.800,0.0000,0.0000,0.2270,1.00000,0.00000,0.00000,0.00000
1791097772.860,0.0000,0.0000,0.2270,1.00000,0.00000,0.00000,0.00000
1791097772.920,0.0000,0.0000,0.2270,1.00000,0.00000,0.00000,0.00000
1791097772.980,0.0000,0.0000,0.2270,1.00000,0.00000,0.00000,0.00000
1791097773.039,0.0000,0.0000,0.2270,1.00000,0.00000,0.00000,0.00000
1791097773.100,0.0000,0.0000,0.2270,1.00000,0.00000,0.00000,0.00000
1791097773.160,0.0000,0.0000,0.2270,1.00000,0.00000,0.00000,0.00000
1791097773.220,0.0000,0.0000,0.2270,1.00000,0.00000,0.00000,0.00000
1791097773.280,0.0000,0.0000,0.2270,1.00000,0.00000,0.00000,0.00000
1791097773.340,0.0000,0.0000,0.2270,1.00000,0.00000,0.00000,0.00000
1791097773.400,0.0000,0.0000,0.2270,1.00000,0.00000,0.00000,0.00000
1791097773.460,0.0000,0.0000,0.2270,1.00000,0.00000,0.00000,0.00000
1791097773.520,0.0000,0.0000,0.2270,1.00000,0.00000,0.00000,0.00000
1791097773.580,0.0000,0.0000,0.2270,1.00000,0.00000,0.00000,0.00000
1791097773.639,0.0000,0.0000,0.2270,1.00000,0.00000,0.00000,0.00000
1791097773.699,0.0000,0.0000,0.2270,1.00000,0.00000,0.00000,0.00000
1791097773.760,0.0000,0.0000,0.2270,1.00000,0.00000,0.00000,0.00000
1791097773.822,0.0000,0.0000,0.2270,1.00000,0.00000,0.00000,0.00000
1791097773.880,0.0000,0.0000,0.2270,1.00000,0.00000,0.00000,0.00000
1791097773.940,0.0000,0.0000,0.2270,1.00000,0.00000,0.00000,0.00000
1791097774.000,0.0000,0.0000,0.2270,1.00000,0.00000,0.00000,0.00000
1791097774.058,0.0000,0.0000,0.2270,1.00000,0.00000,0.00000,0.00000
1791097774.115,0.0000,0.0000,0.2270,1.00000,0.00000,0.00000,0.00000
1791097774.176,0.0000,0.0000,0.2270,1.00000,0.00000,0.00000,0.00000
1791097774.236,0.0000,0.0000,0.2270,1.00000,0.00000,0.00000,0.00000
1791097774.295,0.0000,0.0000,0.2270,1.00000,0.00000,0.00000,0.00000
1791097774.356,0.0000,0.0000,0.2270,1.00000,0.00000,0.00000,0.00000
1791097774.416,0.0000,0.0000,0.2270,1.00000,0.00000,0.00000,0.00000
1791097774.476,0.0000,0.0000,0.2270,1.00000,0.00000,0.00000,0.00000
1791097774.536,0.0000,0.0000,0.2270,1.00000,0.00000,0.00000,0.00000
1791097774.596,0.0000,0.0000,0.2270,1.00000,0.00000,0.00000,0.00000
1791097774.656,0.0000,0.0000,0.2270,1.00000,0.00000,0.00000,0.00000
1791097774.715,0.0000,0.0000,0.2270,1.00000,0.00000,0.00000,0.00000
1791097774.775,0.0000,0.0000,0.2270,1.00000,0.00000,0.00000,0.00000
1791097774.836,0.0000,0.0000,0.2270,1.00000,0.00000,0.00000,0.00000
1791097774.895,0.0000,0.0000,0.2270,1.00000,0.00000,0.00000,0.00000
1791097774.956,0.0000,0.0000,0.2270,1.00000,0.00000,0.00000,0.00000
1791097775.016,0.0000,0.0000,0.2270,1.00000,0.00000,0.00000,0.00000
1791097775.075,0.0000,0.0000,0.2270,1.00000,0.00000,0.00000,0.00000
1791097775.136,0.0000,0.0000,0.2270,1.00000,0.00000,0.00000,0.00000
1791097775.196,0.0000,0.0000,0.2270,1.00000,0.00000,0.00000,0.00000
1791097775.256,0.0000,0.0000,0.2270,1.00000,0.00000,0.00000,0.00000
1791097775.315,0.0000,0.0000,0.2270,1.00000,0.00000,0.00000,0.00000
1791097775.375,0.0000,0.0000,0.2270,1.00000,0.00000,0.00000,0.00000
1791097775.436,0.0000,0.0000,0.2270,1.00000,0.00000,0.00000,0.00000
1791097775.495,0.0000,0.0000,0.2270,1.00000,0.00000,0.00000,0.00000
1791097775.555,0.0000,0.0000,0.2270,1.00000,0.00000,0.00000,0.00000
1791097775.615,0.0000,0.0000,0.2270,1.00000,0.00000,0.00000,0.00000
1791097775.676,0.0000,0.0000,0.2270,1.00000,0.00000,0.00000,0.00000
1791097775.736,0.0000,0.0000,0.2270,1.00000,0.00000,0.00000,0.00000
1791097775.796,0.0000,0.0000,0.2270,1.00000,0.00000,0.00000,0.00000
1791097775.856,0.0000,0.0000,0.2270,1.00000,0.00000,0.00000,0.00000
1791097775.916,0.0000,0.0000,0.2270,1.00000,0.00000,0.00000,0.00000
1791097775.975,0.0000,0.0000,0.2270,1.00000,0.00000,0.00000,0.00000
1791097776.036,0.0000,0.0000,0.2270,1.00000,0.00000,0.00000,0.00000
1791097776.096,0.0000,0.0000,0.2270,1.00000,0.00000,0.00000,0.00000
1791097776.156,0.0000,0.0000,0.2270,1.00000,0.00000,0.00000,0.00000
1791097776.216,0.0000,0.0000,0.2270,1.00000,0.00000,0.00000,0.00000
1791097776.276,0.0000,0.0000,0.2270,1.00000,0.00000,0.00000,0.00000
1791097776.336,0.0000,0.0000,0.2270,1.00000,0.00000,0.00000,0.00000
1791097776.395,0.0000,0.0000,0.2270,1.00000,0.00000,0.00000,0.00000
1791097776.456,0.0000,0.0000,0.2270,1.00000,0.00000,0.00000,0.00000
1791097776.516,0.0000,0.0000,0.2270,1.00000,0.00000,0.00000,0.00000
1791097776.576,0.0000,0.0000,0.2270,1.00000,0.00000,0.00000,0.00000
1791097776.635,0.0000,0.0000,0.2270,1.00000,0.00000,0.00000,0.00000
1791097776.692,0.0000,0.0000,0.2270,1.00000,0.00000,0.00000,0.00000
1791097776.752,0.0000,0.0000,0.2270,1.00000,0.00000,0.00000,0.00000
1791097776.811,0.0000,0.0000,0.2270,1.00000,0.00000,0.00000,0.00000
1791097776.872,0.0000,0.0000,0.2270,1.00000,0.00000,0.00000,0.00000
1791097776.932,0.0000,0.0000,0.2270,1.00000,0.00000,0.00000,0.00000
1791097776.992,0.0000,0.0000,0.2270,1.00000,0.00000,0.00000,0.00000
1791097777.052,0.0000,0.0000,0.2270,1.00000,0.00000,0.00000,0.00000
1791097777.112,0.0000,0.0000,0.2270,1.00000,0.00000,0.00000,0.00000
1791097777.171,0.0000,0.0000,0.2270,1.00000,0.00000,0.00000,0.00000
1791097777.231,0.0000,0.0000,0.2270,1.00000,0.00000,0.00000,0.00000
1791097777.292,0.0000,0.0000,0.2270,1.00000,0.00000,0.00000,0.00000
1791097777.352,0.0000,0.0000,0.2270,1.00000,0.00000,0.00000,0.00000
1791097777.411,0.0000,0.0000,0.2270,1.00000,0.00000,0.00000,0.00000
1791097777.472,0.0000,0.0000,0.2270,1.00000,0.00000,0.00000,0.00000
1791097777.532,0.0000,0.0000,0.2270,1.00000,0.00000,0.00000,0.00000
1791097777.591,0.0000,0.0000,0.2270,1.00000,0.00000,0.00000,0.00000
1791097777.651,0.0000,0.0000,0.2270,1.00000,0.00000,0.00000,0.00000
1791097777.712,0.0000,0.0000,0.2270,1.00000,0.00000,0.00000,0.00000
1791097777.772,0.0000,0.0000,0.2270,1.00000,0.00000,0.00000,0.00000
1791097777.831,0.0000,0.0000,0.2270,1.00000,0.00000,0.00000,0.00000
1791097777.892,0.0000,0.0000,0.2270,1.00000,0.00000,0.00000,0.00000
1791097777.952,0.0000,0.0000,0.2270,1.00000,0.00000,0.00000,0.00000
1791097778.011,0.0000,0.0000,0.2270,1.00000,0.00000,0.00000,0.00000
1791097778.071,0.0000,0.0000,0.2270,1.00000,0.00000,0.00000,0.00000
1791097778.132,0.0000,0.0000,0.2270,1.00000,0.00000,0.00000,0.00000
1791097778.191,0.0000,0.0000,0.2270,1.00000,0.00000,0.00000,0.00000
1791097778.251,0.0000,0.0000,0.2270,1.00000,0.00000,0.00000,0.00000
1791097778.311,0.0000,0.0000,0.2270,1.00000,0.00000,0.00000,0.00000
1791097778.372,0.0000,0.0000,0.2270,1.00000,0.00000,0.00000,0.00000
1791097778.431,0.0000,0.0000,0.2270,1.00000,0.00000,0.00000,0.00000
1791097778.491,0.0000,0.0000,0.2270,1.00000,0.00000,0.00000,0.00000
1791097778.552,0.0000,0.0000,0.2270,1.00000,0.00000,0.00000,0.00000
1791097778.611,0.0000,0.0000,0.2270,1.00000,0.00000,0.00000,0.00000
1791097778.671,0.0000,0.0000,0.2270,1.00000,0.00000,0.00000,0.00000
1791097778.732,0.0000,0.0000,0.2270,1.00000,0.00000,0.00000,0.00000
1791097779.943,0.0000,0.0000,0.2270,1.00000,0.00000,0.00000,0.00000
1791097780.002,0.0000,0.0000,0.2270,1.00000,0.00000,0.00000,0.00000
1791097780.062,0.0000,0.0000,0.2270,1.00000,0.00000,0.00000,0.00000
1791097780.122,0.0000,0.0000,0.2270,1.00000,0.00000,0.00000,0.00000
1791097780.182,0.0000,0.0000,0.2270,1.00000,0.00000,0.00000,0.00000
1791097780.242,0.0000,0.0000,0.2270,1.00000,0.00000,0.00000,0.00000
1791097780.302,0.0000,0.0000,0.2270,1.00000,0.00000,0.00000,0.00000
1791097780.362,0.0000,0.0000,0.2270,1.00000,0.00000,0.00000,0.00000
1791097780.422,0.0000,0.0000,0.2270,1.00000,0.00000,0.00000,0.00000
1791097780.482,0.0000,0.0000,0.2270,1.00000,0.00000,0.00000,0.00000
1791097780.542,0.0000,0.0000,0.2270,1.00000,0.00000,0.00000,0.00000
1791097780.602,0.0000,0.0000,0.2270,1.00000,0.00000,0.00000,0.00000
1791097780.662,0.0000,0.0000,0.2270,1.00000,0.00000,0.00000,0.00000
1791097780.722,0.0000,0.0000,0.2270,1.00000,0.00000,0.00000,0.00000
1791097780.782,0.0000,0.0000,0.2270,1.00000,0.00000,0.00000,0.00000
1791097780.842,0.0000,0.0000,0.2270,1.00000,0.00000,0.00000,0.00000
1791097780.902,0.0000,0.0000,0.2270,1.00000,0.00000,0.00000,0.00000
1791097780.962,0.0000,0.0000,0.2270,1.00000,0.00000,0.00000,0.00000
1791097781.022,0.0000,0.0000,0.2270,1.00000,0.00000,0.00000,0.00000
1791097781.082,0.0000,0.0000,0.2270,1.00000,0.00000,0.00000,0.00000
1791097781.142,0.0000,0.0000,0.2270,1.00000,0.00000,0.00000,0.00000
1791097781.202,0.0000,0.0000,0.2270,1.00000,0.00000,0.00000,0.00000
1791097781.262,0.0000,0.0000,0.2270,1.00000,0.00000,0.00000,0.00000
1791097781.322,0.0000,0.0000,0.2270,1.00000,0.00000,0.00000,0.00000
1791097781.382,0.0000,0.0000,0.2270,1.00000,0.00000,0.00000,0.00000
1791097781.442,0.0000,0.0000,0.2270,1.00000,0.00000,0.00000,0.00000
1791097781.502,0.0000,0.0000,0.2270,1.00000,0.00000,0.00000,0.00000
1791097781.562,0.0000,0.0000,0.2270,1.00000,0.00000,0.00000,0.00000
1791097781.622,0.0000,0.0000,0.2270,1.00000,0.00000,0.00000,0.00000
1791097781.682,0.0000,0.0000,0.2270,1.00000,0.00000,0.00000,0.00000
1791097781.742,0.0000,0.0000,0.2270,1.00000,0.00000,0.00000,0.00000
1791097781.802,0.0000,0.0000,0.2270,1.00000,0.00000,0.00000,0.00000
1791097781.862,0.0000,0.0000,0.2270,1.00000,0.00000,0.00000,0.00000
1791097781.922,0.0000,0.0000,0.2270,1.00000,0.00000,0.00000,0.00000
1791097781.982,0.0000,0.0000,0.2270,1.00000,0.00000,0.00000,0.00000
1791097782.042,0.0000,0.0000,0.2270,1.00000,0.00000,0.00000,0.00000
1791097782.102,0.0000,0.0000,0.2270,1.00000,0.00000,0.00000,0.00000
1791097782.162,0.0000,0.0000,0.2270,1.00000,0.00000,0.00000,0.00000
1791097782.222,0.0000,0.0000,0.2270,1.00000,0.00000,0.00000,0.00000
1791097782.282,0.0000,0.0000,0.2270,1.00000,0.00000,0.00000,0.00000
1791097782.342,0.0000,0.0000,0.2270,1.00000,0.00000,0.00000,0.00000
1791097782.403,0.0000,0.0000,0.2270,1.00000,0.00000,0.00000,0.00000
1791097782.462,0.0000,0.0000,0.2270,1.00000,0.00000,0.00000,0.00000
1791097782.522,0.0000,0.0000,0.2270,1.00000,0.00000,0.00000,0.00000
1791097782.583,0.0000,0.0000,0.2270,1.00000,0.00000,0.00000,0.00000
1791097782.642,0.0000,0.0000,0.2270,1.00000,0.00000,0.00000,0.00000
1791097782.702,0.0000,0.0000,0.2270,1.00000,0.00000,0.00000,0.00000
1791097782.762,0.0000,0.0000,0.2270,1.00000,0.00000,0.00000,0.00000
1791097782.822,0.0000,0.0000,0.2270,1.00000,0.00000,0.00000,0.00000
1791097782.882,0.0000,0.0000,0.2270,1.00000,0.00000,0.00000,0.00000
1791097782.942,0.0000,0.0000,0.2270,1.00000,0.00000,0.00000,0.00000
1791097783.002,0.0000,0.0000,0.2270,1.00000,0.00000,0.00000,0.00000
1791097783.062,0.0000,0.0000,0.2270,1.00000,0.00000,0.00000,0.00000
1791097783.122,0.0000,0.0000,0.2270,1.00000,0.00000,0.00000,0.00000
1791097783.182,0.0000,0.0000,0.2270,1.00000,0.00000,0.00000,0.00000
1791097783.242,0.0000,0.0000,0.2270,1.00000,0.00000,0.00000,0.00000
1791097783.302,0.0000,0.0000,0.2270,1.00000,0.00000,0.00000,0.00000
1791097783.362,0.0000,0.0000,0.2270,1.00000,0.00000,0.00000,0.00000
1791097783.422,0.0000,0.0000,0.2270,1.00000,0.00000,0.00000,0.00000
1791097783.482,0.0000,0.0000,0.2270,1.00000,0.00000,0.00000,0.00000
1791097783.542,0.0000,0.0000,0.2270,1.00000,0.00000,0.00000,0.00000
1791097783.602,0.0000,0.0000,0.2270,1.00000,0.00000,0.00000,0.00000
1791097783.662,0.0000,0.0000,0.2270,1.00000,0.00000,0.00000,0.00000
1791097783.722,0.0000,0.0000,0.2270,1.00000,0.00000,0.00000,0.00000
1791097783.782,0.0000,0.0000,0.2270,1.00000,0.00000,0.00000,0.00000
1791097783.842,0.0000,0.0000,0.2270,1.00000,0.00000,0.00000,0.00000
1791097783.902,0.0000,0.0000,0.2270,1.00000,0.00000,0.00000,0.00000
1791097783.962,0.0000,0.0000,0.2270,1.00000,0.00000,0.00000,0.00000
1791097784.022,0.0000,0.0000,0.2270,1.00000,0.00000,0.00000,0.00000
1791097784.082,0.0000,0.0000,0.2270,1.00000,0.00000,0.00000,0.00000
1791097784.142,0.0000,0.0000,0.2270,1.00000,0.00000,0.00000,0.00000
1791097784.202,0.0000,0.0000,0.2270,1.00000,0.00000,0.00000,0.00000
1791097784.262,0.0000,0.0000,0.2270,1.00000,0.00000,0.00000,0.00000
1791097784.322,0.0000,0.0000,0.2270,1.00000,0.00000,0.00000,0.00000
1791097784.382,0.0000,0.0000,0.2270,1.00000,0.00000,0.00000,0.00000
1791097784.442,0.0000,0.0000,0.2270,1.00000,0.00000,0.00000,0.00000
1791097784.498,0.0000,0.0000,0.2270,1.00000,0.00000,0.00000,0.00000
1791097784.558,0.0000,0.0000,0.2270,1.00000,0.00000,0.00000,0.00000
1791097784.618,0.0000,0.0000,0.2270,1.00000,0.00000,0.00000,0.00000
1791097784.678,0.0000,0.0000,0.2270,1.00000,0.00000,0.00000,0.00000
1791097784.738,0.0000,0.0000,0.2270,1.00000,0.00000,0.00000,0.00000
1791097784.798,0.0000,0.0000,0.2270,1.00000,0.00000,0.00000,0.00000
1791097784.858,0.0000,0.0000,0.2270,1.00000,0.00000,0.00000,0.00000
1791097784.918,0.0000,0.0000,0.2270,1.00000,0.00000,0.00000,0.00000
1791097784.978,0.0000,0.0000,0.2270,1.00000,0.00000,0.00000,0.00000
1791097785.038,0.0000,0.0000,0.2270,1.00000,0.00000,0.00000,0.00000
1791097785.098,0.0000,0.0000,0.2270,1.00000,0.00000,0.00000,0.00000
1791097785.158,0.0000,0.0000,0.2270,1.00000,0.00000,0.00000,0.00000
1791097785.218,0.0000,0.0000,0.2270,1.00000,0.00000,0.00000,0.00000
1791097785.278,0.0000,0.0000,0.2270,1.00000,0.00000,0.00000,0.00000
1791097785.338,0.0000,0.0000,0.2270,1.00000,0.00000,0.00000,0.00000
1791097785.398,0.0000,0.0000,0.2270,1.00000,0.00000,0.00000,0.00000
1791097785.458,0.0000,0.0000,0.2270,1.00000,0.00000,0.00000,0.00000
1791097785.518,0.0000,0.0000,0.2270,1.00000,0.00000,0.00000,0.00000
1791097785.578,0.0000,0.0000,0.2270,1.00000,0.00000,0.00000,0.00000
1791097785.638,0.0000,0.0000,0.2270,1.00000,0.00000,0.00000,0.00000
1791097785.694,0.0000,0.0000,0.2270,1.00000,0.00000,0.00000,0.00000
1791097785.754,0.0000,0.0000,0.2270,1.00000,0.00000,0.00000,0.00000
1791097785.814,0.0000,0.0000,0.2270,1.00000,0.00000,0.00000,0.00000
1791097785.874,0.0000,0.0000,0.2270,1.00000,0.00000,0.00000,0.00000
1791097785.934,0.0000,0.0000,0.2270,1.00000,0.00000,0.00000,0.00000
1791097785.994,0.0000,0.0000,0.2270,1.00000,0.00000,0.00000,0.00000
1791097786.054,0.0000,0.0000,0.2270,1.00000,0.00000,0.00000,0.00000
1791097786.114,0.0000,0.0000,0.2270,1.00000,0.00000,0.00000,0.00000
1791097786.174,0.0000,0.0000,0.2270,1.00000,0.00000,0.00000,0.00000
1791097786.234,0.0000,0.0000,0.2270,1.00000,0.00000,0.00000,0.00000
1791097786.294,0.0000,0.0000,0.2270,1.00000,0.00000,0.00000,0.00000
1791097786.350,0.0000,0.0000,0.2270,1.00000,0.00000,0.00000,0.00000
1791097786.410,0.0000,0.0000,0.2270,1.00000,0.00000,0.00000,0.00000
1791097786.470,0.0000,0.0000,0.2270,1.00000,0.00000,0.00000,0.00000
1791097786.530,0.0000,0.0000,0.2270,1.00000,0.00000,0.00000,0.00000
1791097786.590,0.0000,0.0000,0.2270,1.00000,0.00000,0.00000,0.00000
1791097786.651,0.0000,0.0000,0.2270,1.00000,0.00000,0.00000,0.00000
1791097786.710,0.0000,0.0000,0.2270,1.00000,0.00000,0.00000,0.00000
1791097786.770,0.0000,0.0000,0.2270,1.00000,0.00000,0.00000,0.00000
1791097786.830,0.0000,0.0000,0.2270,1.00000,0.00000,0.00000,0.00000
1791097786.890,0.0000,0.0000,0.2270,1.00000,0.00000,0.00000,0.00000
1791097786.950,0.0000,0.0000,0.2270,1.00000,0.00000,0.00000,0.00000
1791097787.010,0.0000,0.0000,0.2270,1.00000,0.00000,0.00000,0.00000
1791097787.070,0.0000,0.0000,0.2270,1.00000,0.00000,0.00000,0.00000
1791097787.130,0.0000,0.0000,0.2270,1.00000,0.00000,0.00000,0.00000
1791097787.190,0.0000,0.0000,0.2270,1.00000,0.00000,0.00000,0.00000
1791097787.250,0.0000,0.0000,0.2270,1.00000,0.00000,0.00000,0.00000
1791097787.310,0.0000,0.0000,0.2270,1.00000,0.00000,0.00000,0.00000
1791097787.370,0.0000,0.0000,0.2270,1.00000,0.00000,0.00000,0.00000
1791097787.430,0.0000,0.0000,0.2270,1.00000,0.00000,0.00000,0.00000
1791097787.490,0.0000,0.0000,0.2270,1.00000,0.00000,0.00000,0.00000
1791097787.550,0.0000,0.0000,0.2270,1.00000,0.00000,0.00000,0.00000
1791097787.610,0.0000,0.0000,0.2270,1.00000,0.00000,0.00000,0.00000
1791097787.670,0.0000,0.0000,0.2270,1.00000,0.00000,0.00000,0.00000
1791097787.730,0.0000,0.0000,0.2270,1.00000,0.00000,0.00000,0.00000
1791097787.790,0.0000,0.0000,0.2270,1.00000,0.00000,0.00000,0.00000
1791097787.850,0.0000,0.0000,0.2270,1.00000,0.00000,0.00000,0.00000
1791097787.910,0.0000,0.0000,0.2270,1.00000,0.00000,0.00000,0.00000
1791097787.970,0.0000,0.0000,0.2270,1.00000,0.00000,0.00000,0.00000
1791097788.030,0.0000,0.0000,0.2270,1.00000,0.00000,0.00000,0.00000
1791097788.090,0.0000,0.0000,0.2270,1.00000,0.00000,0.00000,0.00000
1791097788.150,0.0000,0.0000,0.2270,1.00000,0.00000,0.00000,0.00000
1791097788.210,0.0000,0.0000,0.2270,1.00000,0.00000,0.00000,0.00000
1791097788.270,0.0000,0.0000,0.2270,1.00000,0.00000,0.00000,0.00000
1791097788.330,0.0000,0.0000,0.2270,1.00000,0.00000,0.00000,0.00000
1791097788.390,0.0000,0.0000,0.2270,1.00000,0.00000,0.00000,0.00000
1791097788.450,0.0000,0.0000,0.2270,1.00000,0.00000,0.00000,0.00000
1791097788.510,0.0000,0.0000,0.2270,1.00000,0.00000,0.00000,0.00000
1791097788.567,0.0000,0.0000,0.2270,1.00000,0.00000,0.00000,0.00000
1791097788.626,0.0000,0.0000,0.2270,1.00000,0.00000,0.00000,0.00000
1791097788.686,0.0000,0.0000,0.2270,1.00000,0.00000,0.00000,0.00000
1791097788.746,0.0000,0.0000,0.2270,1.00000,0.00000,0.00000,0.00000
1791097788.806,0.0000,0.0000,0.2270,1.00000,0.00000,0.00000,0.00000
1791097788.866,0.0000,0.0000,0.2270,1.00000,0.00000,0.00000,0.00000
1791097788.926,0.0000,0.0000,0.2270,1.00000,0.00000,0.00000,0.00000
1791097788.987,0.0000,0.0000,0.2270,1.00000,0.00000,0.00000,0.00000
1791097789.046,0.0000,0.0000,0.2270,1.00000,0.00000,0.00000,0.00000
1791097789.106,0.0000,0.0000,0.2270,1.00000,0.00000,0.00000,0.00000
1791097789.166,0.0000,0.0000,0.2270,1.00000,0.00000,0.00000,0.00000
1791097789.227,0.0000,0.0000,0.2270,1.00000,0.00000,0.00000,0.00000
1791097789.286,0.0000,0.0000,0.2270,1.00000,0.00000,0.00000,0.00000
1791097789.346,0.0000,0.0000,0.2270,1.00000,0.00000,0.00000,0.00000
1791097789.406,0.0000,0.0000,0.2270,1.00000,0.00000,0.00000,0.00000
1791097789.466,0.0000,0.0000,0.2270,1.00000,0.00000,0.00000,0.00000
1791097789.526,0.0000,0.0000,0.2270,1.00000,0.00000,0.00000,0.00000
1791097789.586,0.0000,0.0000,0.2270,1.00000,0.00000,0.00000,0.00000
1791097789.646,0.0000,0.0000,0.2270,1.00000,0.00000,0.00000,0.00000
1791097789.706,0.0000,0.0000,0.2270,1.00000,0.00000,0.00000,0.00000
1791097789.766,0.0000,0.0000,0.2270,1.00000,0.00000,0.00000,0.00000
1791097789.826,0.0000,0.0000,0.2270,1.00000,0.00000,0.00000,0.00000
1791097789.886,0.0000,0.0000,0.2270,1.00000,0.00000,0.00000,0.00000
1791097789.946,0.0000,0.0000,0.2270,1.00000,0.00000,0.00000,0.00000
1791097790.006,0.0000,0.0000,0.2270,1.00000,0.00000,0.00000,0.00000
1791097790.066,0.0000,0.0000,0.2270,1.00000,0.00000,0.00000,0.00000
1791097790.126,0.0000,0.0000,0.2270,1.00000,0.00000,0.00000,0.00000
1791097790.186,0.0000,0.0000,0.2270,1.00000,0.00000,0.00000,0.00000
1791097790.246,0.0000,0.0000,0.2270,1.00000,0.00000,0.00000,0.00000
1791097790.306,0.0000,0.0000,0.2270,1.00000,0.00000,0.00000,0.00000
1791097790.366,0.0000,0.0000,0.2270,1.00000,0.00000,0.00000,0.00000
1791097790.426,0.0000,0.0000,0.2270,1.00000,0.00000,0.00000,0.00000
1791097790.486,0.0000,0.0000,0.2270,1.00000,0.00000,0.00000,0.00000
1791097790.546,0.0000,0.0000,0.2270,1.00000,0.00000,0.00000,0.00000
1791097790.606,0.0000,0.0000,0.2270,1.00000,0.00000,0.00000,0.00000
1791097790.666,0.0000,0.0000,0.2270,1.00000,0.00000,0.00000,0.00000
1791097790.726,0.0000,0.0000,0.2270,1.00000,0.00000,0.00000,0.00000
1791097790.786,0.0000,0.0000,0.2270,1.00000,0.00000,0.00000,0.00000
1791097790.846,0.0000,0.0000,0.2270,1.00000,0.00000,0.00000,0.00000
1791097790.906,0.0000,0.0000,0.2270,1.00000,0.00000,0.00000,0.00000
1791097790.966,0.0000,0.0000,0.2270,1.00000,0.00000,0.00000,0.00000
1791097791.026,0.0000,0.0000,0.2270,1.00000,0.00000,0.00000,0.00000
1791097791.086,0.0000,0.0000,0.2270,1.00000,0.00000,0.00000,0.00000
1791097791.146,0.0000,0.0000,0.2270,1.00000,0.00000,0.00000,0.00000
1791097791.206,0.0000,0.0000,0.2270,1.00000,0.00000,0.00000,0.00000
1791097791.266,0.0000,0.0000,0.2270,1.00000,0.00000,0.00000,0.00000
1791097791.326,0.0000,0.0000,0.2270,1.00000,0.00000,0.00000,0.00000
1791097791.386,0.0000,0.0000,0.2270,1.00000,0.00000,0.00000,0.00000
1791097791.446,0.0000,0.0000,0.2270,1.00000,0.00000,0.00000,0.00000
1791097791.506,0.0000,0.0000,0.2270,1.00000,0.00000,0.00000,0.00000
1791097791.566,0.0000,0.0000,0.2270,1.00000,0.00000,0.00000,0.00000
1791097791.626,0.0000,0.0000,0.2270,1.00000,0.00000,0.00000,0.00000
1791097791.686,0.0000,0.0000,0.2270,1.00000,0.00000,0.00000,0.00000
1791097791.746,0.0000,0.0000,0.2270,1.00000,0.00000,0.00000,0.00000
1791097791.806,0.0000,0.0000,0.2270,1.00000,0.00000,0.00000,0.00000
1791097791.866,0.0000,0.0000,0.2270,1.00000,0.00000,0.00000,0.00000
1791097791.926,0.0000,0.0000,0.2270,1.00000,0.00000,0.00000,0.00000
1791097791.986,0.0000,0.0000,0.2270,1.00000,0.00000,0.00000,0.00000
1791097792.046,0.0000,0.0000,0.2270,1.00000,0.00000,0.00000,0.00000
1791097792.106,0.0000,0.0000,0.2270,1.00000,0.00000,0.00000,0.00000
1791097792.166,0.0000,0.0000,0.2270,1.00000,0.00000,0.00000,0.00000
1791097792.226,0.0000,0.0000,0.2270,1.00000,0.00000,0.00000,0.00000
1791097792.286,0.0000,0.0000,0.2270,1.00000,0.00000,0.00000,0.00000
1791097792.346,0.0000,0.0000,0.2270,1.00000,0.00000,0.00000,0.00000
1791097792.406,0.0000,0.0000,0.2270,1.00000,0.00000,0.00000,0.00000
1791097792.466,0.0000,0.0000,0.2270,1.00000,0.00000,0.00000,0.00000
1791097792.526,0.0000,0.0000,0.2270,1.00000,0.00000,0.00000,0.00000
1791097792.586,0.0000,0.0000,0.2270,1.00000,0.00000,0.00000,0.00000
1791097792.646,0.0000,0.0000,0.2270,1.00000,0.00000,0.00000,0.00000
1791097792.703,0.0000,0.0000,0.2270,1.00000,0.00000,0.00000,0.00000
1791097792.762,0.0000,0.0000,0.2270,1.00000,0.00000,0.00000,0.00000
1791097792.823,0.0000,0.0000,0.2270,1.00000,0.00000,0.00000,0.00000
1791097792.878,0.0000,0.0000,0.2270,1.00000,0.00000,0.00000,0.00000
1791097792.938,0.0000,0.0000,0.2270,1.00000,0.00000,0.00000,0.00000
1791097792.998,0.0000,0.0000,0.2270,1.00000,0.00000,0.00000,0.00000
1791097793.055,0.0000,0.0000,0.2270,1.00000,0.00000,0.00000,0.00000
1791097793.114,0.0000,0.0000,0.2270,1.00000,0.00000,0.00000,0.00000
1791097793.171,0.0000,0.0000,0.2270,1.00000,0.00000,0.00000,0.00000
1791097793.230,0.0000,0.0000,0.2270,1.00000,0.00000,0.00000,0.00000
1791097793.291,0.0000,0.0000,0.2270,1.00000,0.00000,0.00000,0.00000
1791097793.346,0.0000,0.0000,0.2270,1.00000,0.00000,0.00000,0.00000
1791097793.406,0.0000,0.0000,0.2270,1.00000,0.00000,0.00000,0.00000
1791097793.462,0.0000,0.0000,0.2270,1.00000,0.00000,0.00000,0.00000
1791097793.522,0.0000,0.0000,0.2270,1.00000,0.00000,0.00000,0.00000
1791097793.582,0.0000,0.0000,0.2270,1.00000,0.00000,0.00000,0.00000
1791097793.639,0.0000,0.0000,0.2270,1.00000,0.00000,0.00000,0.00000
1791097793.698,0.0000,0.0000,0.2270,1.00000,0.00000,0.00000,0.00000
1791097793.758,0.0000,0.0000,0.2270,1.00000,0.00000,0.00000,0.00000
1791097793.818,0.0000,0.0000,0.2270,1.00000,0.00000,0.00000,0.00000
1791097793.878,0.0000,0.0000,0.2270,1.00000,0.00000,0.00000,0.00000
1791097793.934,0.0000,0.0000,0.2270,1.00000,0.00000,0.00000,0.00000
1791097793.994,0.0000,0.0000,0.2270,1.00000,0.00000,0.00000,0.00000
1791097794.054,0.0000,0.0000,0.2270,1.00000,0.00000,0.00000,0.00000
1791097794.114,0.0000,0.0000,0.2270,1.00000,0.00000,0.00000,0.00000
1791097794.174,0.0000,0.0000,0.2270,1.00000,0.00000,0.00000,0.00000
1791097794.234,0.0000,0.0000,0.2270,1.00000,0.00000,0.00000,0.00000
1791097794.295,0.0000,0.0000,0.2270,1.00000,0.00000,0.00000,0.00000
1791097794.354,0.0000,0.0000,0.2270,1.00000,0.00000,0.00000,0.00000
1791097794.414,0.0000,0.0000,0.2270,1.00000,0.00000,0.00000,0.00000
1791097794.474,0.0000,0.0000,0.2270,1.00000,0.00000,0.00000,0.00000
1791097794.530,0.0000,0.0000,0.2270,1.00000,0.00000,0.00000,0.00000
1791097794.590,0.0000,0.0000,0.2270,1.00000,0.00000,0.00000,0.00000
1791097794.650,0.0000,0.0000,0.2270,1.00000,0.00000,0.00000,0.00000
1791097794.710,0.0000,0.0000,0.2270,1.00000,0.00000,0.00000,0.00000
1791097794.770,0.0000,0.0000,0.2270,1.00000,0.00000,0.00000,0.00000
1791097794.830,0.0000,0.0000,0.2270,1.00000,0.00000,0.00000,0.00000
1791097794.886,0.0000,0.0000,0.2270,1.00000,0.00000,0.00000,0.00000
1791097794.946,0.0000,0.0000,0.2270,1.00000,0.00000,0.00000,0.00000
1791097795.007,0.0000,0.0000,0.2270,1.00000,0.00000,0.00000,0.00000
1791097795.063,0.0000,0.0000,0.2270,1.00000,0.00000,0.00000,0.00000
1791097795.122,0.0000,0.0000,0.2270,1.00000,0.00000,0.00000,0.00000
1791097795.182,0.0000,0.0000,0.2270,1.00000,0.00000,0.00000,0.00000
1791097795.242,0.0000,0.0000,0.2270,1.00000,0.00000,0.00000,0.00000
1791097795.302,0.0000,0.0000,0.2270,1.00000,0.00000,0.00000,0.00000
1791097795.362,0.0000,0.0000,0.2270,1.00000,0.00000,0.00000,0.00000
1791097795.422,0.0000,0.0000,0.2270,1.00000,0.00000,0.00000,0.00000
1791097795.482,0.0000,0.0000,0.2270,1.00000,0.00000,0.00000,0.00000
1791097795.542,0.0000,0.0000,0.2270,1.00000,0.00000,0.00000,0.00000
1791097795.602,0.0000,0.0000,0.2270,1.00000,0.00000,0.00000,0.00000
1791097795.662,0.0000,0.0000,0.2270,1.00000,0.00000,0.00000,0.00000
1791097795.722,0.0000,0.0000,0.2270,1.00000,0.00000,0.00000,0.00000
1791097795.782,0.0000,0.0000,0.2270,1.00000,0.00000,0.00000,0.00000
1791097795.842,0.0000,0.0000,0.2270,1.00000,0.00000,0.00000,0.00000
1791097795.902,0.0000,0.0000,0.2270,1.00000,0.00000,0.00000,0.00000
1791097795.962,0.0000,0.0000,0.2270,1.00000,0.00000,0.00000,0.00000
1791097796.022,0.0000,0.0000,0.2270,1.00000,0.00000,0.00000,0.00000
1791097796.082,0.0000,0.0000,0.2270,1.00000,0.00000,0.00000,0.00000
1791097796.142,0.0000,0.0000,0.2270,1.00000,0.00000,0.00000,0.00000
1791097796.202,0.0000,0.0000,0.2270,1.00000,0.00000,0.00000,0.00000
1791097796.262,0.0000,0.0000,0.2270,1.00000,0.00000,0.00000,0.00000
1791097796.322,0.0000,0.0000,0.2270,1.00000,0.00000,0.00000,0.00000
1791097796.382,0.0000,0.0000,0.2270,1.00000,0.00000,0.00000,0.00000
1791097796.442,0.0000,0.0000,0.2270,1.00000,0.00000,0.00000,0.00000
1791097796.502,0.0000,0.0000,0.2270,1.00000,0.00000,0.00000,0.00000
1791097796.562,0.0000,0.0000,0.2270,1.00000,0.00000,0.00000,0.00000
1791097796.622,0.0000,0.0000,0.2270,1.00000,0.00000,0.00000,0.00000
1791097796.682,0.0000,0.0000,0.2270,1.00000,0.00000,0.00000,0.00000
1791097796.742,0.0000,0.0000,0.2270,1.00000,0.00000,0.00000,0.00000
1791097796.802,0.0000,0.0000,0.2270,1.00000,0.00000,0.00000,0.00000
1791097796.862,0.0000,0.0000,0.2270,1.00000,0.00000,0.00000,0.00000
1791097796.922,0.0000,0.0000,0.2270,1.00000,0.00000,0.00000,0.00000
1791097796.982,0.0000,0.0000,0.2270,1.00000,0.00000,0.00000,0.00000
1791097797.042,0.0000,0.0000,0.2270,1.00000,0.00000,0.00000,0.00000
1791097797.102,0.0000,0.0000,0.2270,1.00000,0.00000,0.00000,0.00000
1791097797.162,0.0000,0.0000,0.2270,1.00000,0.00000,0.00000,0.00000
1791097797.222,0.0000,0.0000,0.2270,1.00000,0.00000,0.00000,0.00000
1791097797.282,0.0000,0.0000,0.2270,1.00000,0.00000,0.00000,0.00000
1791097797.342,0.0000,0.0000,0.2270,1.00000,0.00000,0.00000,0.00000
1791097797.402,0.0000,0.0000,0.2270,1.00000,0.00000,0.00000,0.00000
1791097797.462,0.0000,0.0000,0.2270,1.00000,0.00000,0.00000,0.00000
1791097797.522,0.0000,0.0000,0.2270,1.00000,0.00000,0.00000,0.00000
1791097797.581,0.0000,0.0000,0.2270,1.00000,0.00000,0.00000,0.00000
1791097797.642,0.0000,0.0000,0.2270,1.00000,0.00000,0.00000,0.00000
1791097797.702,0.0000,0.0000,0.2270,1.00000,0.00000,0.00000,0.00000
1791097797.762,0.0000,0.0000,0.2270,1.00000,0.00000,0.00000,0.00000
1791097797.822,0.0000,0.0000,0.2270,1.00000,0.00000,0.00000,0.00000
1791097797.882,0.0000,0.0000,0.2270,1.00000,0.00000,0.00000,0.00000
1791097797.942,0.0000,0.0000,0.2270,1.00000,0.00000,0.00000,0.00000
1791097798.002,0.0000,0.0000,0.2270,1.00000,0.00000,0.00000,0.00000
1791097798.062,0.0000,0.0000,0.2270,1.00000,0.00000,0.00000,0.00000
1791097798.122,0.0000,0.0000,0.2270,1.00000,0.00000,0.00000,0.00000
1791097798.182,0.0000,0.0000,0.2270,1.00000,0.00000,0.00000,0.00000
1791097798.242,0.0000,0.0000,0.2270,1.00000,0.00000,0.00000,0.00000
1791097798.302,0.0000,0.0000,0.2270,1.00000,0.00000,0.00000,0.00000
1791097798.362,0.0000,0.0000,0.2270,1.00000,0.00000,0.00000,0.00000
1791097798.422,0.0000,0.0000,0.2270,1.00000,0.00000,0.00000,0.00000
1791097798.482,0.0000,0.0000,0.2270,1.00000,0.00000,0.00000,0.00000
1791097798.542,0.0000,0.0000,0.2270,1.00000,0.00000,0.00000,0.00000
1791097798.602,0.0000,0.0000,0.2270,1.00000,0.00000,0.00000,0.00000
1791097798.662,0.0000,0.0000,0.2270,1.00000,0.00000,0.00000,0.00000
1791097798.722,0.0000,0.0000,0.2270,1.00000,0.00000,0.00000,0.00000
1791097798.782,0.0000,0.0000,0.2270,1.00000,0.00000,0.00000,0.00000
1791097798.842,0.0000,0.0000,0.2270,1.00000,0.00000,0.00000,0.00000
1791097798.902,0.0000,0.0000,0.2270,1.00000,0.00000,0.00000,0.00000
1791097798.962,0.0000,0.0000,0.2270,1.00000,0.00000,0.00000,0.00000
1791097799.022,0.0000,0.0000,0.2270,1.00000,0.00000,0.00000,0.00000
1791097799.082,0.0000,0.0000,0.2270,1.00000,0.00000,0.00000,0.00000
1791097799.142,0.0000,0.0000,0.2270,1.00000,0.00000,0.00000,0.00000
1791097799.202,0.0000,0.0000,0.2270,1.00000,0.00000,0.00000,0.00000
1791097799.262,0.0000,0.0000,0.2270,1.00000,0.00000,0.00000,0.00000
1791097799.322,0.0000,0.0000,0.2270,1.00000,0.00000,0.00000,0.00000
1791097799.382,0.0000,0.0000,0.2270,1.00000,0.00000,0.00000,0.00000
1791097799.442,0.0000,0.0000,0.2270,1.00000,0.00000,0.00000,0.00000
1791097799.501,0.0000,0.0000,0.2270,1.00000,0.00000,0.00000,0.00000
1791097799.562,0.0000,0.0000,0.2270,1.00000,0.00000,0.00000,0.00000
1791097799.622,0.0000,0.0000,0.2270,1.00000,0.00000,0.00000,0.00000
1791097799.682,0.0000,0.0000,0.2270,1.00000,0.00000,0.00000,0.00000
1791097799.742,0.0000,0.0000,0.2270,1.00000,0.00000,0.00000,0.00000
1791097799.802,0.0000,0.0000,0.2270,1.00000,0.00000,0.00000,0.00000
1791097799.862,0.0000,0.0000,0.2270,1.00000,0.00000,0.00000,0.00000
1791097799.922,0.0000,0.0000,0.2270,1.00000,0.00000,0.00000,0.00000
1791097799.982,0.0000,0.0000,0.2270,1.00000,0.00000,0.00000,0.00000
1791097800.042,0.0000,0.0000,0.2270,1.00000,0.00000,0.00000,0.00000
1791097800.102,0.0000,0.0000,0.2270,1.00000,0.00000,0.00000,0.00000
1791097800.162,0.0000,0.0000,0.2270,1.00000,0.00000,0.00000,0.00000
1791097800.222,0.0000,0.0000,0.2270,1.00000,0.00000,0.00000,0.00000
1791097800.283,0.0000,0.0000,0.2270,1.00000,0.00000,0.00000,0.00000
1791097800.342,0.0000,0.0000,0.2270,1.00000,0.00000,0.00000,0.00000
1791097800.402,0.0000,0.0000,0.2270,1.00000,0.00000,0.00000,0.00000
1791097800.462,0.0000,0.0000,0.2270,1.00000,0.00000,0.00000,0.00000
1791097800.522,0.0000,0.0000,0.2270,1.00000,0.00000,0.00000,0.00000
1791097800.582,0.0000,0.0000,0.2270,1.00000,0.00000,0.00000,0.00000
1791097800.642,0.0000,0.0000,0.2270,1.00000,0.00000,0.00000,0.00000
1791097800.702,0.0000,0.0000,0.2270,1.00000,0.00000,0.00000,0.00000
1791097800.762,0.0000,0.0000,0.2270,1.00000,0.00000,0.00000,0.00000
1791097800.822,0.0000,0.0000,0.2270,1.00000,0.00000,0.00000,0.00000
1791097800.881,0.0000,0.0000,0.2270,1.00000,0.00000,0.00000,0.00000
1791097800.942,0.0000,0.0000,0.2270,1.00000,0.00000,0.00000,0.00000
1791097801.002,0.0000,0.0000,0.2270,1.00000,0.00000,0.00000,0.00000
1791097801.062,0.0000,0.0000,0.2270,1.00000,0.00000,0.00000,0.00000
1791097801.122,0.0000,0.0000,0.2270,1.00000,0.00000,0.00000,0.00000
1791097801.182,0.0000,0.0000,0.2270,1.00000,0.00000,0.00000,0.00000
1791097801.242,0.0000,0.0000,0.2270,1.00000,0.00000,0.00000,0.00000
1791097801.302,0.0000,0.0000,0.2270,1.00000,0.00000,0.00000,0.00000
1791097801.362,0.0000,0.0000,0.2270,1.00000,0.00000,0.00000,0.00000
1791097801.422,0.0000,0.0000,0.2270,1.00000,0.00000,0.00000,0.00000
1791097801.482,0.0000,0.0000,0.2270,1.00000,0.00000,0.00000,0.00000
1791097801.542,0.0000,0.0000,0.2270,1.00000,0.00000,0.00000,0.00000
1791097801.602,0.0000,0.0000,0.2270,1.00000,0.00000,0.00000,0.00000
1791097801.662,0.0000,0.0000,0.2270,1.00000,0.00000,0.00000,0.00000
1791097801.722,0.0000,0.0000,0.2270,1.00000,0.00000,0.00000,0.00000
1791097801.782,0.0000,0.0000,0.2270,1.00000,0.00000,0.00000,0.00000
1791097801.842,0.0000,0.0000,0.2270,1.00000,0.00000,0.00000,0.00000
1791097801.902,0.0000,0.0000,0.2270,1.00000,0.00000,0.00000,0.00000
1791097801.964,0.0000,0.0000,0.2270,1.00000,0.00000,0.00000,0.00000
1791097802.022,0.0000,0.0000,0.2270,1.00000,0.00000,0.00000,0.00000
1791097802.082,0.0000,0.0000,0.2270,1.00000,0.00000,0.00000,0.00000
1791097802.142,0.0000,0.0000,0.2270,1.00000,0.00000,0.00000,0.00000
1791097802.202,0.0000,0.0000,0.2270,1.00000,0.00000,0.00000,0.00000
1791097802.262,0.0000,0.0000,0.2270,1.00000,0.00000,0.00000,0.00000
1791097802.322,0.0000,0.0000,0.2270,1.00000,0.00000,0.00000,0.00000
1791097802.382,0.0000,0.0000,0.2270,1.00000,0.00000,0.00000,0.00000
1791097802.442,0.0000,0.0000,0.2270,1.00000,0.00000,0.00000,0.00000
1791097802.502,0.0000,0.0000,0.2270,1.00000,0.00000,0.00000,0.00000
1791097802.562,0.0000,0.0000,0.2270,1.00000,0.00000,0.00000,0.00000
1791097802.622,0.0000,0.0000,0.2270,1.00000,0.00000,0.00000,0.00000
1791097802.682,0.0000,0.0000,0.2270,1.00000,0.00000,0.00000,0.00000
1791097802.742,0.0000,0.0000,0.2270,1.00000,0.00000,0.00000,0.00000
1791097802.802,0.0000,0.0000,0.2270,1.00000,0.00000,0.00000,0.00000
1791097802.862,0.0000,0.0000,0.2270,1.00000,0.00000,0.00000,0.00000
1791097802.922,0.0000,0.0000,0.2270,1.00000,0.00000,0.00000,0.00000
1791097802.982,0.0000,0.0000,0.2270,1.00000,0.00000,0.00000,0.00000
1791097803.042,0.0000,0.0000,0.2270,1.00000,0.00000,0.00000,0.00000
1791097803.102,0.0000,0.0000,0.2270,1.00000,0.00000,0.00000,0.00000
1791097803.162,0.0000,0.0000,0.2270,1.00000,0.00000,0.00000,0.00000
1791097803.222,0.0000,0.0000,0.2270,1.00000,0.00000,0.00000,0.00000
1791097803.282,0.0000,0.0000,0.2270,1.00000,0.00000,0.00000,0.00000
1791097803.342,0.0000,0.0000,0.2270,1.00000,0.00000,0.00000,0.00000
1791097803.402,0.0000,0.0000,0.2270,1.00000,0.00000,0.00000,0.00000
1791097803.462,0.0000,0.0000,0.2270,1.00000,0.00000,0.00000,0.00000
1791097803.522,0.0000,0.0000,0.2270,1.00000,0.00000,0.00000,0.00000
1791097803.582,0.0000,0.0000,0.2270,1.00000,0.00000,0.00000,0.00000
1791097803.642,0.0000,0.0000,0.2270,1.00000,0.00000,0.00000,0.00000
1791097803.702,0.0000,0.0000,0.2270,1.00000,0.00000,0.00000,0.00000
1791097803.762,0.0000,0.0000,0.2270,1.00000,0.00000,0.00000,0.00000
1791097803.822,0.0000,0.0000,0.2270,1.00000,0.00000,0.00000,0.00000
1791097803.882,0.0000,0.0000,0.2270,1.00000,0.00000,0.00000,0.00000
1791097803.942,0.0000,0.0000,0.2270,1.00000,0.00000,0.00000,0.00000
1791097804.002,0.0000,0.0000,0.2270,1.00000,0.00000,0.00000,0.00000
1791097804.063,0.0000,0.0000,0.2270,1.00000,0.00000,0.00000,0.00000
1791097804.122,0.0000,0.0000,0.2270,1.00000,0.00000,0.00000,0.00000
1791097804.182,0.0000,0.0000,0.2270,1.00000,0.00000,0.00000,0.00000
1791097804.242,0.0000,0.0000,0.2270,1.00000,0.00000,0.00000,0.00000
1791097804.302,0.0000,0.0000,0.2270,1.00000,0.00000,0.00000,0.00000
1791097804.362,0.0000,0.0000,0.2270,1.00000,0.00000,0.00000,0.00000
1791097804.422,0.0000,0.0000,0.2270,1.00000,0.00000,0.00000,0.00000
1791097804.482,0.0000,0.0000,0.2270,1.00000,0.00000,0.00000,0.00000
1791097804.542,0.0000,0.0000,0.2270,1.00000,0.00000,0.00000,0.00000
1791097804.602,0.0000,0.0000,0.2270,1.00000,0.00000,0.00000,0.00000
1791097804.662,0.0000,0.0000,0.2270,1.00000,0.00000,0.00000,0.00000
1791097804.722,0.0000,0.0000,0.2270,1.00000,0.00000,0.00000,0.00000
1791097804.782,0.0000,0.0000,0.2270,1.00000,0.00000,0.00000,0.00000
1791097804.842,0.0000,0.0000,0.2270,1.00000,0.00000,0.00000,0.00000
1791097804.902,0.0000,0.0000,0.2270,1.00000,0.00000,0.00000,0.00000
1791097804.962,0.0000,0.0000,0.2270,1.00000,0.00000,0.00000,0.00000
1791097805.022,0.0000,0.0000,0.2270,1.00000,0.00000,0.00000,0.00000
1791097805.082,0.0000,0.0000,0.2270,1.00000,0.00000,0.00000,0.00000
1791097805.142,0.0000,0.0000,0.2270,1.00000,0.00000,0.00000,0.00000
1791097805.202,0.0000,0.0000,0.2270,1.00000,0.00000,0.00000,0.00000
1791097805.262,0.0000,0.0000,0.2270,1.00000,0.00000,0.00000,0.00000
1791097805.322,0.0000,0.0000,0.2270,1.00000,0.00000,0.00000,0.00000
1791097805.382,0.0000,0.0000,0.2270,1.00000,0.00000,0.00000,0.00000
1791097805.442,0.0000,0.0000,0.2270,1.00000,0.00000,0.00000,0.00000
1791097805.502,0.0000,0.0000,0.2270,1.00000,0.00000,0.00000,0.00000
1791097805.562,0.0000,0.0000,0.2270,1.00000,0.00000,0.00000,0.00000
1791097805.622,0.0000,0.0000,0.2270,1.00000,0.00000,0.00000,0.00000
1791097805.682,0.0000,0.0000,0.2270,1.00000,0.00000,0.00000,0.00000
1791097805.742,0.0000,0.0000,0.2270,1.00000,0.00000,0.00000,0.00000
1791097805.802,0.0000,0.0000,0.2270,1.00000,0.00000,0.00000,0.00000
1791097805.862,0.0000,0.0000,0.2270,1.00000,0.00000,0.00000,0.00000
1791097805.922,0.0000,0.0000,0.2270,1.00000,0.00000,0.00000,0.00000
1791097805.982,0.0000,0.0000,0.2270,1.00000,0.00000,0.00000,0.00000
1791097806.042,0.0000,0.0000,0.2270,1.00000,0.00000,0.00000,0.00000
1791097806.102,0.0000,0.0000,0.2270,1.00000,0.00000,0.00000,0.00000
1791097806.162,0.0000,0.0000,0.2270,1.00000,0.00000,0.00000,0.00000
1791097806.222,0.0000,0.0000,0.2270,1.00000,0.00000,0.00000,0.00000
1791097806.282,0.0000,0.0000,0.2270,1.00000,0.00000,0.00000,0.00000
1791097806.342,0.0000,0.0000,0.2270,1.00000,0.00000,0.00000,0.00000
1791097806.402,0.0000,0.0000,0.2270,1.00000,0.00000,0.00000,0.00000
1791097806.462,0.0000,0.0000,0.2270,1.00000,0.00000,0.00000,0.00000
1791097806.522,0.0000,0.0000,0.2270,1.00000,0.00000,0.00000,0.00000
1791097806.582,0.0000,0.0000,0.2270,1.00000,0.00000,0.00000,0.00000
1791097806.642,0.0000,0.0000,0.2270,1.00000,0.00000,0.00000,0.00000
1791097806.702,0.0000,0.0000,0.2270,1.00000,0.00000,0.00000,0.00000
1791097806.762,0.0000,0.0000,0.2270,1.00000,0.00000,0.00000,0.00000
1791097806.822,0.0000,0.0000,0.2270,1.00000,0.00000,0.00000,0.00000
1791097806.882,0.0000,0.0000,0.2270,1.00000,0.00000,0.00000,0.00000
1791097806.942,0.0000,0.0000,0.2270,1.00000,0.00000,0.00000,0.00000
1791097807.002,0.0000,0.0000,0.2270,1.00000,0.00000,0.00000,0.00000
1791097807.062,0.0000,0.0000,0.2270,1.00000,0.00000,0.00000,0.00000
1791097807.122,0.0000,0.0000,0.2270,1.00000,0.00000,0.00000,0.00000
1791097807.182,0.0000,0.0000,0.2270,1.00000,0.00000,0.00000,0.00000
1791097807.242,0.0000,0.0000,0.2270,1.00000,0.00000,0.00000,0.00000
1791097807.302,0.0000,0.0000,0.2270,1.00000,0.00000,0.00000,0.00000
1791097807.362,0.0000,0.0000,0.2270,1.00000,0.00000,0.00000,0.00000
1791097807.422,0.0000,0.0000,0.2270,1.00000,0.00000,0.00000,0.00000
1791097807.482,0.0000,0.0000,0.2270,1.00000,0.00000,0.00000,0.00000
1791097807.542,0.0000,0.0000,0.2270,1.00000,0.00000,0.00000,0.00000
1791097807.602,0.0000,0.0000,0.2270,1.00000,0.00000,0.00000,0.00000
1791097807.662,0.0000,0.0000,0.2270,1.00000,0.00000,0.00000,0.00000
1791097807.722,0.0000,0.0000,0.2270,1.00000,0.00000,0.00000,0.00000
1791097807.781,0.0000,0.0000,0.2270,1.00000,0.00000,0.00000,0.00000
1791097807.842,0.0000,0.0000,0.2270,1.00000,0.00000,0.00000,0.00000
1791097807.902,0.0000,0.0000,0.2270,1.00000,0.00000,0.00000,0.00000
1791097807.962,0.0000,0.0000,0.2270,1.00000,0.00000,0.00000,0.00000
1791097808.022,0.0000,0.0000,0.2270,1.00000,0.00000,0.00000,0.00000
1791097808.082,0.0000,0.0000,0.2270,1.00000,0.00000,0.00000,0.00000
1791097808.143,0.0000,0.0000,0.2270,1.00000,0.00000,0.00000,0.00000
1791097808.202,0.0000,0.0000,0.2270,1.00000,0.00000,0.00000,0.00000
1791097808.262,0.0000,0.0000,0.2270,1.00000,0.00000,0.00000,0.00000
1791097808.322,0.0000,0.0000,0.2270,1.00000,0.00000,0.00000,0.00000
1791097808.382,0.0000,0.0000,0.2270,1.00000,0.00000,0.00000,0.00000
1791097808.442,0.0000,0.0000,0.2270,1.00000,0.00000,0.00000,0.00000
1791097808.502,0.0000,0.0000,0.2270,1.00000,0.00000,0.00000,0.00000
1791097808.562,0.0000,0.0000,0.2270,1.00000,0.00000,0.00000,0.00000
1791097808.622,0.0000,0.0000,0.2270,1.00000,0.00000,0.00000,0.00000
1791097808.682,0.0000,0.0000,0.2270,1.00000,0.00000,0.00000,0.00000
1791097808.742,0.0000,0.0000,0.2270,1.00000,0.00000,0.00000,0.00000
1791097808.802,0.0000,0.0000,0.2270,1.00000,0.00000,0.00000,0.00000
1791097808.862,0.0000,0.0000,0.2270,1.00000,0.00000,0.00000,0.00000
1791097808.922,0.0000,0.0000,0.2270,1.00000,0.00000,0.00000,0.00000
1791097808.982,0.0000,0.0000,0.2270,1.00000,0.00000,0.00000,0.00000
1791097809.042,0.0000,0.0000,0.2270,1.00000,0.00000,0.00000,0.00000
1791097809.102,0.0000,0.0000,0.2270,1.00000,0.00000,0.00000,0.00000
1791097809.162,0.0000,0.0000,0.2270,1.00000,0.00000,0.00000,0.00000
1791097809.222,0.0000,0.0000,0.2270,1.00000,0.00000,0.00000,0.00000
1791097809.282,0.0000,0.0000,0.2270,1.00000,0.00000,0.00000,0.00000
1791097809.342,0.0000,0.0000,0.2270,1.00000,0.00000,0.00000,0.00000
1791097809.402,0.0000,0.0000,0.2270,1.00000,0.00000,0.00000,0.00000
1791097809.462,0.0000,0.0000,0.2270,1.00000,0.00000,0.00000,0.00000
1791097809.522,0.0000,0.0000,0.2270,1.00000,0.00000,0.00000,0.00000
1791097809.582,0.0000,0.0000,0.2270,1.00000,0.00000,0.00000,0.00000
1791097809.642,0.0000,0.0000,0.2270,1.00000,0.00000,0.00000,0.00000
1791097809.702,0.0000,0.0000,0.2270,1.00000,0.00000,0.00000,0.00000
1791097809.762,0.0000,0.0000,0.2270,1.00000,0.00000,0.00000,0.00000
1791097809.822,0.0000,0.0000,0.2270,1.00000,0.00000,0.00000,0.00000
1791097809.882,0.0000,0.0000,0.2270,1.00000,0.00000,0.00000,0.00000
1791097809.942,0.0000,0.0000,0.2270,1.00000,0.00000,0.00000,0.00000
1791097810.002,0.0000,0.0000,0.2270,1.00000,0.00000,0.00000,0.00000
1791097810.062,0.0000,0.0000,0.2270,1.00000,0.00000,0.00000,0.00000
1791097810.122,0.0000,0.0000,0.2270,1.00000,0.00000,0.00000,0.00000
1791097810.182,0.0000,0.0000,0.2270,1.00000,0.00000,0.00000,0.00000
1791097810.242,0.0000,0.0000,0.2270,1.00000,0.00000,0.00000,0.00000
1791097810.302,0.0000,0.0000,0.2270,1.00000,0.00000,0.00000,0.00000
1791097810.362,0.0000,0.0000,0.2270,1.00000,0.00000,0.00000,0.00000
1791097810.422,0.0000,0.0000,0.2270,1.00000,0.00000,0.00000,0.00000
1791097810.482,0.0000,0.0000,0.2270,1.00000,0.00000,0.00000,0.00000
1791097810.542,0.0000,0.0000,0.2270,1.00000,0.00000,0.00000,0.00000
1791097810.603,0.0000,0.0000,0.2270,1.00000,0.00000,0.00000,0.00000
1791097810.663,0.0000,0.0000,0.2270,1.00000,0.00000,0.00000,0.00000
1791097810.718,0.0000,0.0000,0.2270,1.00000,0.00000,0.00000,0.00000
1791097810.778,0.0000,0.0000,0.2270,1.00000,0.00000,0.00000,0.00000
1791097810.838,0.0000,0.0000,0.2270,1.00000,0.00000,0.00000,0.00000
1791097810.898,0.0000,0.0000,0.2270,1.00000,0.00000,0.00000,0.00000
1791097810.958,0.0000,0.0000,0.2270,1.00000,0.00000,0.00000,0.00000
1791097811.018,0.0000,0.0000,0.2270,1.00000,0.00000,0.00000,0.00000
1791097811.078,0.0000,0.0000,0.2270,1.00000,0.00000,0.00000,0.00000
1791097811.138,0.0000,0.0000,0.2270,1.00000,0.00000,0.00000,0.00000
1791097811.198,0.0000,0.0000,0.2270,1.00000,0.00000,0.00000,0.00000
1791097811.258,0.0000,0.0000,0.2270,1.00000,0.00000,0.00000,0.00000
1791097811.318,0.0000,0.0000,0.2270,1.00000,0.00000,0.00000,0.00000
1791097811.378,0.0000,0.0000,0.2270,1.00000,0.00000,0.00000,0.00000
1791097811.438,0.0000,0.0000,0.2270,1.00000,0.00000,0.00000,0.00000
1791097811.498,0.0000,0.0000,0.2270,1.00000,0.00000,0.00000,0.00000
1791097811.558,0.0000,0.0000,0.2270,1.00000,0.00000,0.00000,0.00000
1791097811.618,0.0000,0.0000,0.2270,1.00000,0.00000,0.00000,0.00000
1791097811.678,0.0000,0.0000,0.2270,1.00000,0.00000,0.00000,0.00000
1791097811.738,0.0000,0.0000,0.2270,1.00000,0.00000,0.00000,0.00000
1791097811.798,0.0000,0.0000,0.2270,1.00000,0.00000,0.00000,0.00000
1791097811.858,0.0000,0.0000,0.2270,1.00000,0.00000,0.00000,0.00000
1791097811.918,0.0000,0.0000,0.2270,1.00000,0.00000,0.00000,0.00000
1791097811.978,0.0000,0.0000,0.2270,1.00000,0.00000,0.00000,0.00000
1791097812.038,0.0000,0.0000,0.2270,1.00000,0.00000,0.00000,0.00000
1791097812.098,0.0000,0.0000,0.2270,1.00000,0.00000,0.00000,0.00000
1791097812.158,0.0000,0.0000,0.2270,1.00000,0.00000,0.00000,0.00000
1791097813.287,0.0000,0.0000,0.2270,1.00000,0.00000,0.00000,0.00000
1791097813.347,0.0000,0.0000,0.2270,1.00000,0.00000,0.00000,0.00000
1791097813.407,0.0000,0.0000,0.2270,1.00000,0.00000,0.00000,0.00000
1791097813.466,0.0000,0.0000,0.2270,1.00000,0.00000,0.00000,0.00000
1791097813.526,0.0000,0.0000,0.2270,1.00000,0.00000,0.00000,0.00000
1791097813.587,0.0000,0.0000,0.2270,1.00000,0.00000,0.00000,0.00000
1791097813.646,0.0000,0.0000,0.2270,1.00000,0.00000,0.00000,0.00000
1791097813.706,0.0000,0.0000,0.2270,1.00000,0.00000,0.00000,0.00000
1791097813.767,0.0000,0.0000,0.2270,1.00000,0.00000,0.00000,0.00000
1791097813.826,0.0000,0.0000,0.2270,1.00000,0.00000,0.00000,0.00000
1791097813.886,0.0000,0.0000,0.2270,1.00000,0.00000,0.00000,0.00000
1791097813.947,0.0000,0.0000,0.2270,1.00000,0.00000,0.00000,0.00000
1791097814.007,0.0000,0.0000,0.2270,1.00000,0.00000,0.00000,0.00000
1791097814.066,0.0000,0.0000,0.2270,1.00000,0.00000,0.00000,0.00000
1791097814.126,0.0000,0.0000,0.2270,1.00000,0.00000,0.00000,0.00000
1791097814.186,0.0000,0.0000,0.2270,1.00000,0.00000,0.00000,0.00000
1791097814.246,0.0000,0.0000,0.2270,1.00000,0.00000,0.00000,0.00000
1791097814.307,0.0000,0.0000,0.2270,1.00000,0.00000,0.00000,0.00000
1791097814.367,0.0000,0.0000,0.2270,1.00000,0.00000,0.00000,0.00000
1791097814.426,0.0000,0.0000,0.2270,1.00000,0.00000,0.00000,0.00000
1791097814.486,0.0000,0.0000,0.2270,1.00000,0.00000,0.00000,0.00000
1791097814.547,0.0000,0.0000,0.2270,1.00000,0.00000,0.00000,0.00000
1791097814.606,0.0000,0.0000,0.2270,1.00000,0.00000,0.00000,0.00000
1791097814.666,0.0000,0.0000,0.2270,1.00000,0.00000,0.00000,0.00000
1791097814.727,0.0000,0.0000,0.2270,1.00000,0.00000,0.00000,0.00000
1791097814.787,0.0000,0.0000,0.2270,1.00000,0.00000,0.00000,0.00000
1791097814.847,0.0000,0.0000,0.2270,1.00000,0.00000,0.00000,0.00000
1791097814.906,0.0000,0.0000,0.2270,1.00000,0.00000,0.00000,0.00000
1791097814.963,0.0000,0.0000,0.2270,1.00000,0.00000,0.00000,0.00000
1791097815.022,0.0000,0.0000,0.2270,1.00000,0.00000,0.00000,0.00000
1791097815.082,0.0000,0.0000,0.2270,1.00000,0.00000,0.00000,0.00000
1791097815.143,0.0000,0.0000,0.2270,1.00000,0.00000,0.00000,0.00000
1791097815.202,0.0000,0.0000,0.2270,1.00000,0.00000,0.00000,0.00000
1791097815.263,0.0000,0.0000,0.2270,1.00000,0.00000,0.00000,0.00000
1791097815.323,0.0000,0.0000,0.2270,1.00000,0.00000,0.00000,0.00000
1791097815.382,0.0000,0.0000,0.2270,1.00000,0.00000,0.00000,0.00000
1791097815.442,0.0000,0.0000,0.2270,1.00000,0.00000,0.00000,0.00000
1791097815.502,0.0000,0.0000,0.2270,1.00000,0.00000,0.00000,0.00000
1791097815.563,0.0000,0.0000,0.2270,1.00000,0.00000,0.00000,0.00000
1791097815.622,0.0000,0.0000,0.2270,1.00000,0.00000,0.00000,0.00000
1791097815.682,0.0000,0.0000,0.2270,1.00000,0.00000,0.00000,0.00000
1791097815.743,0.0000,0.0000,0.2270,1.00000,0.00000,0.00000,0.00000
1791097815.803,0.0000,0.0000,0.2270,1.00000,0.00000,0.00000,0.00000
1791097815.862,0.0000,0.0000,0.2270,1.00000,0.00000,0.00000,0.00000
1791097815.923,0.0000,0.0000,0.2270,1.00000,0.00000,0.00000,0.00000
1791097815.983,0.0000,0.0000,0.2270,1.00000,0.00000,0.00000,0.00000
1791097816.042,0.0000,0.0000,0.2270,1.00000,0.00000,0.00000,0.00000
1791097816.102,0.0000,0.0000,0.2270,1.00000,0.00000,0.00000,0.00000
1791097816.163,0.0000,0.0000,0.2270,1.00000,0.00000,0.00000,0.00000
1791097816.222,0.0000,0.0000,0.2270,1.00000,0.00000,0.00000,0.00000
1791097816.282,0.0000,0.0000,0.2270,1.00000,0.00000,0.00000,0.00000
1791097816.343,0.0000,0.0000,0.2270,1.00000,0.00000,0.00000,0.00000
1791097816.402,0.0000,0.0000,0.2270,1.00000,0.00000,0.00000,0.00000
1791097816.462,0.0000,0.0000,0.2270,1.00000,0.00000,0.00000,0.00000
1791097816.523,0.0000,0.0000,0.2270,1.00000,0.00000,0.00000,0.00000
1791097816.582,0.0000,0.0000,0.2270,1.00000,0.00000,0.00000,0.00000
1791097816.643,0.0000,0.0000,0.2270,1.00000,0.00000,0.00000,0.00000
1791097816.702,0.0000,0.0000,0.2270,1.00000,0.00000,0.00000,0.00000
1791097816.763,0.0000,0.0000,0.2270,1.00000,0.00000,0.00000,0.00000
1791097816.822,0.0000,0.0000,0.2270,1.00000,0.00000,0.00000,0.00000
1791097816.883,0.0000,0.0000,0.2270,1.00000,0.00000,0.00000,0.00000
1791097816.943,0.0000,0.0000,0.2270,1.00000,0.00000,0.00000,0.00000
1791097817.002,0.0000,0.0000,0.2270,1.00000,0.00000,0.00000,0.00000
1791097817.058,0.0000,0.0000,0.2270,1.00000,0.00000,0.00000,0.00000
1791097817.118,0.0000,0.0000,0.2270,1.00000,0.00000,0.00000,0.00000
1791097817.178,0.0000,0.0000,0.2270,1.00000,0.00000,0.00000,0.00000
1791097817.239,0.0000,0.0000,0.2270,1.00000,0.00000,0.00000,0.00000
1791097817.299,0.0000,0.0000,0.2270,1.00000,0.00000,0.00000,0.00000
1791097817.359,0.0000,0.0000,0.2270,1.00000,0.00000,0.00000,0.00000
1791097817.418,0.0000,0.0000,0.2270,1.00000,0.00000,0.00000,0.00000
1791097817.478,0.0000,0.0000,0.2270,1.00000,0.00000,0.00000,0.00000
1791097817.538,0.0000,0.0000,0.2270,1.00000,0.00000,0.00000,0.00000
1791097817.598,0.0000,0.0000,0.2270,1.00000,0.00000,0.00000,0.00000
1791097817.658,0.0000,0.0000,0.2270,1.00000,0.00000,0.00000,0.00000
1791097817.719,0.0000,0.0000,0.2270,1.00000,0.00000,0.00000,0.00000
1791097817.779,0.0000,0.0000,0.2270,1.00000,0.00000,0.00000,0.00000
1791097817.838,0.0000,0.0000,0.2270,1.00000,0.00000,0.00000,0.00000
1791097817.899,0.0000,0.0000,0.2270,1.00000,0.00000,0.00000,0.00000
1791097817.958,0.0000,0.0000,0.2270,1.00000,0.00000,0.00000,0.00000
1791097818.018,0.0000,0.0000,0.2270,1.00000,0.00000,0.00000,0.00000
1791097818.078,0.0000,0.0000,0.2270,1.00000,0.00000,0.00000,0.00000
1791097818.138,0.0000,0.0000,0.2270,1.00000,0.00000,0.00000,0.00000
1791097818.198,0.0000,0.0000,0.2270,1.00000,0.00000,0.00000,0.00000
1791097818.258,0.0000,0.0000,0.2270,1.00000,0.00000,0.00000,0.00000
1791097818.319,0.0000,0.0000,0.2270,1.00000,0.00000,0.00000,0.00000
1791097818.378,0.0000,0.0000,0.2270,1.00000,0.00000,0.00000,0.00000
1791097818.438,0.0000,0.0000,0.2270,1.00000,0.00000,0.00000,0.00000
1791097818.495,0.0000,0.0000,0.2270,1.00000,0.00000,0.00000,0.00000
1791097818.554,0.0000,0.0000,0.2270,1.00000,0.00000,0.00000,0.00000
1791097818.615,0.0000,0.0000,0.2270,1.00000,0.00000,0.00000,0.00000
1791097818.675,0.0000,0.0000,0.2270,1.00000,0.00000,0.00000,0.00000
1791097818.734,0.0000,0.0000,0.2270,1.00000,0.00000,0.00000,0.00000
1791097818.794,0.0000,0.0000,0.2270,1.00000,0.00000,0.00000,0.00000
1791097818.855,0.0000,0.0000,0.2270,1.00000,0.00000,0.00000,0.00000
1791097818.914,0.0000,0.0000,0.2270,1.00000,0.00000,0.00000,0.00000
1791097818.974,0.0000,0.0000,0.2270,1.00000,0.00000,0.00000,0.00000
1791097819.035,0.0000,0.0000,0.2270,1.00000,0.00000,0.00000,0.00000
1791097819.094,0.0000,0.0000,0.2270,1.00000,0.00000,0.00000,0.00000
1791097819.150,0.0000,0.0000,0.2270,1.00000,0.00000,0.00000,0.00000
1791097819.211,0.0000,0.0000,0.2270,1.00000,0.00000,0.00000,0.00000
1791097819.270,0.0000,0.0000,0.2270,1.00000,0.00000,0.00000,0.00000
1791097819.330,0.0000,0.0000,0.2270,1.00000,0.00000,0.00000,0.00000
1791097819.391,0.0000,0.0000,0.2270,1.00000,0.00000,0.00000,0.00000
1791097819.450,0.0000,0.0000,0.2270,1.00000,0.00000,0.00000,0.00000
1791097819.510,0.0000,0.0000,0.2270,1.00000,0.00000,0.00000,0.00000
1791097819.570,0.0000,0.0000,0.2270,1.00000,0.00000,0.00000,0.00000
1791097819.631,0.0000,0.0000,0.2270,1.00000,0.00000,0.00000,0.00000
1791097819.691,0.0000,0.0000,0.2270,1.00000,0.00000,0.00000,0.00000
1791097819.750,0.0000,0.0000,0.2270,1.00000,0.00000,0.00000,0.00000
1791097819.811,0.0000,0.0000,0.2270,1.00000,0.00000,0.00000,0.00000
1791097819.870,0.0000,0.0000,0.2270,1.00000,0.00000,0.00000,0.00000
1791097819.930,0.0000,0.0000,0.2270,1.00000,0.00000,0.00000,0.00000
1791097819.991,0.0000,0.0000,0.2270,1.00000,0.00000,0.00000,0.00000
1791097820.050,0.0000,0.0000,0.2270,1.00000,0.00000,0.00000,0.00000
1791097820.110,0.0000,0.0000,0.2270,1.00000,0.00000,0.00000,0.00000
1791097820.170,0.0000,0.0000,0.2270,1.00000,0.00000,0.00000,0.00000
1791097820.231,0.0000,0.0000,0.2270,1.00000,0.00000,0.00000,0.00000
1791097820.290,0.0000,0.0000,0.2270,1.00000,0.00000,0.00000,0.00000
1791097820.350,0.0000,0.0000,0.2270,1.00000,0.00000,0.00000,0.00000
1791097820.411,0.0000,0.0000,0.2270,1.00000,0.00000,0.00000,0.00000
1791097820.470,0.0000,0.0000,0.2270,1.00000,0.00000,0.00000,0.00000
1791097820.530,0.0000,0.0000,0.2270,1.00000,0.00000,0.00000,0.00000
1791097820.591,0.0000,0.0000,0.2270,1.00000,0.00000,0.00000,0.00000
1791097820.646,0.0000,0.0000,0.2270,1.00000,0.00000,0.00000,0.00000
1791097820.707,0.0000,0.0000,0.2270,1.00000,0.00000,0.00000,0.00000
1791097820.767,0.0000,0.0000,0.2270,1.00000,0.00000,0.00000,0.00000
1791097820.827,0.0000,0.0000,0.2270,1.00000,0.00000,0.00000,0.00000
1791097820.887,0.0000,0.0000,0.2270,1.00000,0.00000,0.00000,0.00000
1791097820.947,0.0000,0.0000,0.2270,1.00000,0.00000,0.00000,0.00000
1791097821.007,0.0000,0.0000,0.2270,1.00000,0.00000,0.00000,0.00000
1791097821.067,0.0000,0.0000,0.2270,1.00000,0.00000,0.00000,0.00000
1791097821.127,0.0000,0.0000,0.2270,1.00000,0.00000,0.00000,0.00000
1791097821.187,0.0000,0.0000,0.2270,1.00000,0.00000,0.00000,0.00000
1791097821.246,0.0000,0.0000,0.2270,1.00000,0.00000,0.00000,0.00000
1791097821.306,0.0000,0.0000,0.2270,1.00000,0.00000,0.00000,0.00000
1791097821.367,0.0000,0.0000,0.2270,1.00000,0.00000,0.00000,0.00000
1791097821.426,0.0000,0.0000,0.2270,1.00000,0.00000,0.00000,0.00000
1791097821.482,0.0000,0.0000,0.2270,1.00000,0.00000,0.00000,0.00000
1791097821.542,0.0000,0.0000,0.2270,1.00000,0.00000,0.00000,0.00000
1791097821.602,0.0000,0.0000,0.2270,1.00000,0.00000,0.00000,0.00000
1791097821.662,0.0000,0.0000,0.2270,1.00000,0.00000,0.00000,0.00000
1791097821.723,0.0000,0.0000,0.2270,1.00000,0.00000,0.00000,0.00000
1791097821.782,0.0000,0.0000,0.2270,1.00000,0.00000,0.00000,0.00000
1791097821.842,0.0000,0.0000,0.2270,1.00000,0.00000,0.00000,0.00000
1791097821.902,0.0000,0.0000,0.2270,1.00000,0.00000,0.00000,0.00000
1791097821.962,0.0000,0.0000,0.2270,1.00000,0.00000,0.00000,0.00000
1791097822.022,0.0000,0.0000,0.2270,1.00000,0.00000,0.00000,0.00000
1791097822.082,0.0000,0.0000,0.2270,1.00000,0.00000,0.00000,0.00000
1791097822.142,0.0000,0.0000,0.2270,1.00000,0.00000,0.00000,0.00000
1791097822.202,0.0000,0.0000,0.2270,1.00000,0.00000,0.00000,0.00000
1791097822.262,0.0000,0.0000,0.2270,1.00000,0.00000,0.00000,0.00000
1791097822.322,0.0000,0.0000,0.2270,1.00000,0.00000,0.00000,0.00000
1791097822.382,0.0000,0.0000,0.2270,1.00000,0.00000,0.00000,0.00000
1791097822.442,0.0000,0.0000,0.2270,1.00000,0.00000,0.00000,0.00000
1791097822.503,0.0000,0.0000,0.2270,1.00000,0.00000,0.00000,0.00000
1791097822.563,0.0000,0.0000,0.2270,1.00000,0.00000,0.00000,0.00000
1791097822.623,0.0000,0.0000,0.2270,1.00000,0.00000,0.00000,0.00000
1791097822.682,0.0000,0.0000,0.2270,1.00000,0.00000,0.00000,0.00000
1791097822.743,0.0000,0.0000,0.2270,1.00000,0.00000,0.00000,0.00000
1791097822.802,0.0000,0.0000,0.2270,1.00000,0.00000,0.00000,0.00000
1791097822.863,0.0000,0.0000,0.2270,1.00000,0.00000,0.00000,0.00000
1791097822.923,0.0000,0.0000,0.2270,1.00000,0.00000,0.00000,0.00000
1791097822.983,0.0000,0.0000,0.2270,1.00000,0.00000,0.00000,0.00000
1791097823.043,0.0000,0.0000,0.2270,1.00000,0.00000,0.00000,0.00000
1791097823.103,0.0000,0.0000,0.2270,1.00000,0.00000,0.00000,0.00000
1791097823.163,0.0000,0.0000,0.2270,1.00000,0.00000,0.00000,0.00000
1791097823.224,0.0000,0.0000,0.2270,1.00000,0.00000,0.00000,0.00000
1791097823.283,0.0000,0.0000,0.2270,1.00000,0.00000,0.00000,0.00000
1791097823.342,0.0000,0.0000,0.2270,1.00000,0.00000,0.00000,0.00000
1791097823.403,0.0000,0.0000,0.2270,1.00000,0.00000,0.00000,0.00000
1791097823.462,0.0000,0.0000,0.2270,1.00000,0.00000,0.00000,0.00000
1791097823.522,0.0000,0.0000,0.2270,1.00000,0.00000,0.00000,0.00000
1791097823.582,0.0000,0.0000,0.2270,1.00000,0.00000,0.00000,0.00000
1791097823.642,0.0000,0.0000,0.2270,1.00000,0.00000,0.00000,0.00000
1791097823.702,0.0000,0.0000,0.2270,1.00000,0.00000,0.00000,0.00000
1791097823.762,0.0000,0.0000,0.2270,1.00000,0.00000,0.00000,0.00000
1791097823.822,0.0000,0.0000,0.2270,1.00000,0.00000,0.00000,0.00000
1791097823.882,0.0000,0.0000,0.2270,1.00000,0.00000,0.00000,0.00000
1791097823.942,0.0000,0.0000,0.2270,1.00000,0.00000,0.00000,0.00000
1791097824.003,0.0000,0.0000,0.2270,1.00000,0.00000,0.00000,0.00000
1791097824.062,0.0000,0.0000,0.2270,1.00000,0.00000,0.00000,0.00000
1791097824.122,0.0000,0.0000,0.2270,1.00000,0.00000,0.00000,0.00000
1791097824.182,0.0000,0.0000,0.2270,1.00000,0.00000,0.00000,0.00000
1791097824.243,0.0000,0.0000,0.2270,1.00000,0.00000,0.00000,0.00000
1791097824.299,0.0000,0.0000,0.2270,1.00000,0.00000,0.00000,0.00000
1791097824.358,0.0000,0.0000,0.2270,1.00000,0.00000,0.00000,0.00000
1791097824.418,0.0000,0.0000,0.2270,1.00000,0.00000,0.00000,0.00000
1791097824.478,0.0000,0.0000,0.2270,1.00000,0.00000,0.00000,0.00000
1791097824.538,0.0000,0.0000,0.2270,1.00000,0.00000,0.00000,0.00000
1791097824.598,0.0000,0.0000,0.2270,1.00000,0.00000,0.00000,0.00000
1791097824.658,0.0000,0.0000,0.2270,1.00000,0.00000,0.00000,0.00000
1791097824.718,0.0000,0.0000,0.2270,1.00000,0.00000,0.00000,0.00000
1791097824.779,0.0000,0.0000,0.2270,1.00000,0.00000,0.00000,0.00000
1791097824.838,0.0000,0.0000,0.2270,1.00000,0.00000,0.00000,0.00000
1791097824.899,0.0000,0.0000,0.2270,1.00000,0.00000,0.00000,0.00000
1791097824.959,0.0000,0.0000,0.2270,1.00000,0.00000,0.00000,0.00000
1791097825.019,0.0000,0.0000,0.2270,1.00000,0.00000,0.00000,0.00000
1791097825.079,0.0000,0.0000,0.2270,1.00000,0.00000,0.00000,0.00000
1791097825.139,0.0000,0.0000,0.2270,1.00000,0.00000,0.00000,0.00000
1791097825.198,0.0000,0.0000,0.2270,1.00000,0.00000,0.00000,0.00000
1791097825.259,0.0000,0.0000,0.2270,1.00000,0.00000,0.00000,0.00000
1791097825.319,0.0000,0.0000,0.2270,1.00000,0.00000,0.00000,0.00000
1791097825.378,0.0000,0.0000,0.2270,1.00000,0.00000,0.00000,0.00000
1791097825.439,0.0000,0.0000,0.2270,1.00000,0.00000,0.00000,0.00000
1791097825.499,0.0000,0.0000,0.2270,1.00000,0.00000,0.00000,0.00000
1791097825.559,0.0000,0.0000,0.2270,1.00000,0.00000,0.00000,0.00000
1791097825.619,0.0000,0.0000,0.2270,1.00000,0.00000,0.00000,0.00000
1791097825.679,0.0000,0.0000,0.2270,1.00000,0.00000,0.00000,0.00000
1791097825.739,0.0000,0.0000,0.2270,1.00000,0.00000,0.00000,0.00000
1791097825.799,0.0000,0.0000,0.2270,1.00000,0.00000,0.00000,0.00000
1791097825.859,0.0000,0.0000,0.2270,1.00000,0.00000,0.00000,0.00000
1791097825.919,0.0000,0.0000,0.2270,1.00000,0.00000,0.00000,0.00000
1791097825.979,0.0000,0.0000,0.2270,1.00000,0.00000,0.00000,0.00000
1791097826.038,0.0000,0.0000,0.2270,1.00000,0.00000,0.00000,0.00000
1791097826.099,0.0000,0.0000,0.2270,1.00000,0.00000,0.00000,0.00000
1791097826.158,0.0000,0.0000,0.2270,1.00000,0.00000,0.00000,0.00000
1791097826.219,0.0000,0.0000,0.2270,1.00000,0.00000,0.00000,0.00000
1791097826.279,0.0000,0.0000,0.2270,1.00000,0.00000,0.00000,0.00000
1791097826.338,0.0000,0.0000,0.2270,1.00000,0.00000,0.00000,0.00000
1791097826.399,0.0000,0.0000,0.2270,1.00000,0.00000,0.00000,0.00000
1791097826.459,0.0000,0.0000,0.2270,1.00000,0.00000,0.00000,0.00000
1791097826.518,0.0000,0.0000,0.2270,1.00000,0.00000,0.00000,0.00000
1791097826.578,0.0000,0.0000,0.2270,1.00000,0.00000,0.00000,0.00000
1791097826.639,0.0000,0.0000,0.2270,1.00000,0.00000,0.00000,0.00000
1791097826.698,0.0000,0.0000,0.2270,1.00000,0.00000,0.00000,0.00000
1791097826.759,0.0000,0.0000,0.2270,1.00000,0.00000,0.00000,0.00000
1791097826.819,0.0000,0.0000,0.2270,1.00000,0.00000,0.00000,0.00000
1791097826.878,0.0000,0.0000,0.2270,1.00000,0.00000,0.00000,0.00000
1791097826.939,0.0000,0.0000,0.2270,1.00000,0.00000,0.00000,0.00000
1791097826.998,0.0000,0.0000,0.2270,1.00000,0.00000,0.00000,0.00000
1791097827.059,0.0000,0.0000,0.2270,1.00000,0.00000,0.00000,0.00000
1791097827.118,0.0000,0.0000,0.2270,1.00000,0.00000,0.00000,0.00000
1791097827.179,0.0000,0.0000,0.2270,1.00000,0.00000,0.00000,0.00000
1791097827.239,0.0000,0.0000,0.2270,1.00000,0.00000,0.00000,0.00000
1791097827.298,0.0000,0.0000,0.2270,1.00000,0.00000,0.00000,0.00000
1791097827.359,0.0000,0.0000,0.2270,1.00000,0.00000,0.00000,0.00000
1791097827.418,0.0000,0.0000,0.2270,1.00000,0.00000,0.00000,0.00000
1791097827.478,0.0000,0.0000,0.2270,1.00000,0.00000,0.00000,0.00000
1791097827.539,0.0000,0.0000,0.2270,1.00000,0.00000,0.00000,0.00000
1791097827.599,0.0000,0.0000,0.2270,1.00000,0.00000,0.00000,0.00000
1791097827.659,0.0000,0.0000,0.2270,1.00000,0.00000,0.00000,0.00000
1791097827.719,0.0000,0.0000,0.2270,1.00000,0.00000,0.00000,0.00000
1791097827.778,0.0000,0.0000,0.2270,1.00000,0.00000,0.00000,0.00000
1791097827.839,0.0000,0.0000,0.2270,1.00000,0.00000,0.00000,0.00000
1791097827.899,0.0000,0.0000,0.2270,1.00000,0.00000,0.00000,0.00000
1791097827.958,0.0000,0.0000,0.2270,1.00000,0.00000,0.00000,0.00000
1791097828.018,0.0000,0.0000,0.2270,1.00000,0.00000,0.00000,0.00000
1791097828.078,0.0000,0.0000,0.2270,1.00000,0.00000,0.00000,0.00000
1791097828.139,0.0000,0.0000,0.2270,1.00000,0.00000,0.00000,0.00000
1791097828.198,0.0000,0.0000,0.2270,1.00000,0.00000,0.00000,0.00000
1791097828.259,0.0000,0.0000,0.2270,1.00000,0.00000,0.00000,0.00000
1791097828.319,0.0000,0.0000,0.2270,1.00000,0.00000,0.00000,0.00000
1791097828.378,0.0000,0.0000,0.2270,1.00000,0.00000,0.00000,0.00000
1791097828.438,0.0000,0.0000,0.2270,1.00000,0.00000,0.00000,0.00000
1791097828.498,0.0000,0.0000,0.2270,1.00000,0.00000,0.00000,0.00000
1791097828.559,0.0000,0.0000,0.2270,1.00000,0.00000,0.00000,0.00000
1791097828.618,0.0000,0.0000,0.2270,1.00000,0.00000,0.00000,0.00000
1791097828.678,0.0000,0.0000,0.2270,1.00000,0.00000,0.00000,0.00000
1791097828.739,0.0000,0.0000,0.2270,1.00000,0.00000,0.00000,0.00000
1791097828.798,0.0000,0.0000,0.2270,1.00000,0.00000,0.00000,0.00000
1791097828.859,0.0000,0.0000,0.2270,1.00000,0.00000,0.00000,0.00000
1791097828.919,0.0000,0.0000,0.2270,1.00000,0.00000,0.00000,0.00000
1791097828.979,0.0000,0.0000,0.2270,1.00000,0.00000,0.00000,0.00000
1791097829.038,0.0000,0.0000,0.2270,1.00000,0.00000,0.00000,0.00000
1791097829.098,0.0000,0.0000,0.2270,1.00000,0.00000,0.00000,0.00000
1791097829.159,0.0000,0.0000,0.2270,1.00000,0.00000,0.00000,0.00000
1791097829.218,0.0000,0.0000,0.2270,1.00000,0.00000,0.00000,0.00000
1791097829.278,0.0000,0.0000,0.2270,1.00000,0.00000,0.00000,0.00000
1791097829.338,0.0000,0.0000,0.2270,1.00000,0.00000,0.00000,0.00000
1791097829.399,0.0000,0.0000,0.2270,1.00000,0.00000,0.00000,0.00000
1791097829.459,0.0000,0.0000,0.2270,1.00000,0.00000,0.00000,0.00000
1791097829.519,0.0000,0.0000,0.2270,1.00000,0.00000,0.00000,0.00000
1791097829.579,0.0000,0.0000,0.2270,1.00000,0.00000,0.00000,0.00000
1791097829.638,0.0000,0.0000,0.2270,1.00000,0.00000,0.00000,0.00000
1791097829.698,0.0000,0.0000,0.2270,1.00000,0.00000,0.00000,0.00000
1791097829.758,0.0000,0.0000,0.2270,1.00000,0.00000,0.00000,0.00000
1791097829.819,0.0000,0.0000,0.2270,1.00000,0.00000,0.00000,0.00000
1791097829.877,0.0000,0.0000,0.2270,1.00000,0.00000,0.00000,0.00000
1791097829.934,0.0000,0.0000,0.2270,1.00000,0.00000,0.00000,0.00000
1791097829.990,0.0000,0.0000,0.2270,1.00000,0.00000,0.00000,0.00000
1791097830.050,0.0000,0.0000,0.2270,1.00000,0.00000,0.00000,0.00000
1791097830.111,0.0000,0.0000,0.2270,1.00000,0.00000,0.00000,0.00000
1791097830.171,0.0000,0.0000,0.2270,1.00000,0.00000,0.00000,0.00000
1791097830.230,0.0000,0.0000,0.2270,1.00000,0.00000,0.00000,0.00000
1791097830.290,0.0000,0.0000,0.2270,1.00000,0.00000,0.00000,0.00000
1791097830.351,0.0000,0.0000,0.2270,1.00000,0.00000,0.00000,0.00000
1791097830.411,0.0000,0.0000,0.2270,1.00000,0.00000,0.00000,0.00000
1791097830.471,0.0000,0.0000,0.2270,1.00000,0.00000,0.00000,0.00000
1791097830.531,0.0000,0.0000,0.2270,1.00000,0.00000,0.00000,0.00000
1791097830.590,0.0000,0.0000,0.2270,1.00000,0.00000,0.00000,0.00000
1791097830.650,0.0000,0.0000,0.2270,1.00000,0.00000,0.00000,0.00000
1791097830.710,0.0000,0.0000,0.2270,1.00000,0.00000,0.00000,0.00000
1791097830.771,0.0000,0.0000,0.2270,1.00000,0.00000,0.00000,0.00000
1791097830.831,0.0000,0.0000,0.2270,1.00000,0.00000,0.00000,0.00000
1791097830.890,0.0000,0.0000,0.2270,1.00000,0.00000,0.00000,0.00000
1791097830.950,0.0000,0.0000,0.2270,1.00000,0.00000,0.00000,0.00000
1791097831.011,0.0000,0.0000,0.2270,1.00000,0.00000,0.00000,0.00000
1791097831.070,0.0000,0.0000,0.2270,1.00000,0.00000,0.00000,0.00000
1791097831.131,0.0000,0.0000,0.2270,1.00000,0.00000,0.00000,0.00000
1791097831.191,0.0000,0.0000,0.2270,1.00000,0.00000,0.00000,0.00000
1791097831.250,0.0000,0.0000,0.2270,1.00000,0.00000,0.00000,0.00000
1791097831.310,0.0000,0.0000,0.2270,1.00000,0.00000,0.00000,0.00000
1791097831.370,0.0000,0.0000,0.2270,1.00000,0.00000,0.00000,0.00000
1791097831.431,0.0000,0.0000,0.2270,1.00000,0.00000,0.00000,0.00000
1791097831.491,0.0000,0.0000,0.2270,1.00000,0.00000,0.00000,0.00000
1791097831.550,0.0000,0.0000,0.2270,1.00000,0.00000,0.00000,0.00000
1791097831.611,0.0000,0.0000,0.2270,1.00000,0.00000,0.00000,0.00000
1791097831.670,0.0000,0.0000,0.2270,1.00000,0.00000,0.00000,0.00000
1791097831.730,0.0000,0.0000,0.2270,1.00000,0.00000,0.00000,0.00000
1791097831.791,0.0000,0.0000,0.2270,1.00000,0.00000,0.00000,0.00000
1791097831.851,0.0000,0.0000,0.2270,1.00000,0.00000,0.00000,0.00000
1791097831.911,0.0000,0.0000,0.2270,1.00000,0.00000,0.00000,0.00000
1791097831.970,0.0000,0.0000,0.2270,1.00000,0.00000,0.00000,0.00000
1791097832.031,0.0000,0.0000,0.2270,1.00000,0.00000,0.00000,0.00000
1791097832.091,0.0000,0.0000,0.2270,1.00000,0.00000,0.00000,0.00000
1791097832.151,0.0000,0.0000,0.2270,1.00000,0.00000,0.00000,0.00000
1791097832.211,0.0000,0.0000,0.2270,1.00000,0.00000,0.00000,0.00000
1791097832.271,0.0000,0.0000,0.2270,1.00000,0.00000,0.00000,0.00000
1791097832.330,0.0000,0.0000,0.2270,1.00000,0.00000,0.00000,0.00000
1791097832.390,0.0000,0.0000,0.2270,1.00000,0.00000,0.00000,0.00000
1791097832.451,0.0000,0.0000,0.2270,1.00000,0.00000,0.00000,0.00000
1791097832.510,0.0000,0.0000,0.2270,1.00000,0.00000,0.00000,0.00000
1791097832.570,0.0000,0.0000,0.2270,1.00000,0.00000,0.00000,0.00000
1791097832.630,0.0000,0.0000,0.2270,1.00000,0.00000,0.00000,0.00000
1791097832.691,0.0000,0.0000,0.2270,1.00000,0.00000,0.00000,0.00000
1791097832.746,0.0000,0.0000,0.2270,1.00000,0.00000,0.00000,0.00000
1791097832.806,0.0000,0.0000,0.2270,1.00000,0.00000,0.00000,0.00000
1791097832.867,0.0000,0.0000,0.2270,1.00000,0.00000,0.00000,0.00000
1791097832.926,0.0000,0.0000,0.2270,1.00000,0.00000,0.00000,0.00000
1791097832.987,0.0000,0.0000,0.2270,1.00000,0.00000,0.00000,0.00000
1791097833.047,0.0000,0.0000,0.2270,1.00000,0.00000,0.00000,0.00000
1791097833.106,0.0000,0.0000,0.2270,1.00000,0.00000,0.00000,0.00000
1791097833.166,0.0000,0.0000,0.2270,1.00000,0.00000,0.00000,0.00000
1791097833.226,0.0000,0.0000,0.2270,1.00000,0.00000,0.00000,0.00000
1791097833.287,0.0000,0.0000,0.2270,1.00000,0.00000,0.00000,0.00000
1791097833.347,0.0000,0.0000,0.2270,1.00000,0.00000,0.00000,0.00000
1791097833.407,0.0000,0.0000,0.2270,1.00000,0.00000,0.00000,0.00000
1791097833.467,0.0000,0.0000,0.2270,1.00000,0.00000,0.00000,0.00000
1791097833.526,0.0000,0.0000,0.2270,1.00000,0.00000,0.00000,0.00000
1791097833.586,0.0000,0.0000,0.2270,1.00000,0.00000,0.00000,0.00000
1791097833.647,0.0000,0.0000,0.2270,1.00000,0.00000,0.00000,0.00000
1791097833.707,0.0000,0.0000,0.2270,1.00000,0.00000,0.00000,0.00000
1791097833.766,0.0000,0.0000,0.2270,1.00000,0.00000,0.00000,0.00000
1791097833.826,0.0000,0.0000,0.2270,1.00000,0.00000,0.00000,0.00000
1791097833.888,0.0000,0.0000,0.2270,1.00000,0.00000,0.00000,0.00000
1791097833.947,0.0000,0.0000,0.2270,1.00000,0.00000,0.00000,0.00000
1791097834.007,0.0000,0.0000,0.2270,1.00000,0.00000,0.00000,0.00000
1791097834.067,0.0000,0.0000,0.2270,1.00000,0.00000,0.00000,0.00000
1791097834.126,0.0000,0.0000,0.2270,1.00000,0.00000,0.00000,0.00000
1791097834.186,0.0000,0.0000,0.2270,1.00000,0.00000,0.00000,0.00000
1791097834.246,0.0000,0.0000,0.2270,1.00000,0.00000,0.00000,0.00000
1791097834.306,0.0000,0.0000,0.2270,1.00000,0.00000,0.00000,0.00000
1791097834.367,0.0000,0.0000,0.2270,1.00000,0.00000,0.00000,0.00000
1791097834.426,0.0000,0.0000,0.2270,1.00000,0.00000,0.00000,0.00000
1791097834.486,0.0000,0.0000,0.2270,1.00000,0.00000,0.00000,0.00000
1791097834.547,0.0000,0.0000,0.2270,1.00000,0.00000,0.00000,0.00000
1791097834.607,0.0000,0.0000,0.2270,1.00000,0.00000,0.00000,0.00000
1791097834.666,0.0000,0.0000,0.2270,1.00000,0.00000,0.00000,0.00000
1791097834.727,0.0000,0.0000,0.2270,1.00000,0.00000,0.00000,0.00000
1791097834.787,0.0000,0.0000,0.2270,1.00000,0.00000,0.00000,0.00000
1791097834.846,0.0000,0.0000,0.2270,1.00000,0.00000,0.00000,0.00000
1791097834.906,0.0000,0.0000,0.2270,1.00000,0.00000,0.00000,0.00000
1791097834.962,0.0000,0.0000,0.2270,1.00000,0.00000,0.00000,0.00000
1791097835.023,0.0000,0.0000,0.2270,1.00000,0.00000,0.00000,0.00000
1791097835.083,0.0000,0.0000,0.2270,1.00000,0.00000,0.00000,0.00000
1791097835.143,0.0000,0.0000,0.2270,1.00000,0.00000,0.00000,0.00000
1791097835.202,0.0000,0.0000,0.2270,1.00000,0.00000,0.00000,0.00000
1791097835.262,0.0000,0.0000,0.2270,1.00000,0.00000,0.00000,0.00000
1791097835.323,0.0000,0.0000,0.2270,1.00000,0.00000,0.00000,0.00000
1791097835.383,0.0000,0.0000,0.2270,1.00000,0.00000,0.00000,0.00000
1791097835.443,0.0000,0.0000,0.2270,1.00000,0.00000,0.00000,0.00000
1791097835.503,0.0000,0.0000,0.2270,1.00000,0.00000,0.00000,0.00000
1791097835.563,0.0000,0.0000,0.2270,1.00000,0.00000,0.00000,0.00000
1791097835.622,0.0000,0.0000,0.2270,1.00000,0.00000,0.00000,0.00000
1791097835.682,0.0000,0.0000,0.2270,1.00000,0.00000,0.00000,0.00000
1791097835.743,0.0000,0.0000,0.2270,1.00000,0.00000,0.00000,0.00000
1791097835.803,0.0000,0.0000,0.2270,1.00000,0.00000,0.00000,0.00000
1791097835.862,0.0000,0.0000,0.2270,1.00000,0.00000,0.00000,0.00000
1791097835.922,0.0000,0.0000,0.2270,1.00000,0.00000,0.00000,0.00000
1791097835.983,0.0000,0.0000,0.2270,1.00000,0.00000,0.00000,0.00000
1791097836.042,0.0000,0.0000,0.2270,1.00000,0.00000,0.00000,0.00000
1791097836.102,0.0000,0.0000,0.2270,1.00000,0.00000,0.00000,0.00000
1791097836.163,0.0000,0.0000,0.2270,1.00000,0.00000,0.00000,0.00000
1791097836.223,0.0000,0.0000,0.2270,1.00000,0.00000,0.00000,0.00000
1791097836.282,0.0000,0.0000,0.2270,1.00000,0.00000,0.00000,0.00000
1791097836.343,0.0000,0.0000,0.2270,1.00000,0.00000,0.00000,0.00000
1791097836.403,0.0000,0.0000,0.2270,1.00000,0.00000,0.00000,0.00000
1791097836.462,0.0000,0.0000,0.2270,1.00000,0.00000,0.00000,0.00000
1791097836.522,0.0000,0.0000,0.2270,1.00000,0.00000,0.00000,0.00000
1791097836.582,0.0000,0.0000,0.2270,1.00000,0.00000,0.00000,0.00000
1791097836.643,0.0000,0.0000,0.2270,1.00000,0.00000,0.00000,0.00000
1791097836.702,0.0000,0.0000,0.2270,1.00000,0.00000,0.00000,0.00000
1791097836.763,0.0000,0.0000,0.2270,1.00000,0.00000,0.00000,0.00000
1791097836.823,0.0000,0.0000,0.2270,1.00000,0.00000,0.00000,0.00000
1791097836.882,0.0000,0.0000,0.2270,1.00000,0.00000,0.00000,0.00000
1791097836.942,0.0000,0.0000,0.2270,1.00000,0.00000,0.00000,0.00000
1791097837.002,0.0000,0.0000,0.2270,1.00000,0.00000,0.00000,0.00000
1791097837.063,0.0000,0.0000,0.2270,1.00000,0.00000,0.00000,0.00000
1791097837.122,0.0000,0.0000,0.2270,1.00000,0.00000,0.00000,0.00000
1791097837.182,0.0000,0.0000,0.2270,1.00000,0.00000,0.00000,0.00000
1791097837.243,0.0000,0.0000,0.2270,1.00000,0.00000,0.00000,0.00000
1791097837.302,0.0000,0.0000,0.2270,1.00000,0.00000,0.00000,0.00000
1791097837.362,0.0000,0.0000,0.2270,1.00000,0.00000,0.00000,0.00000
1791097837.422,0.0000,0.0000,0.2270,1.00000,0.00000,0.00000,0.00000
1791097837.483,0.0000,0.0000,0.2270,1.00000,0.00000,0.00000,0.00000
1791097837.538,0.0000,0.0000,0.2270,1.00000,0.00000,0.00000,0.00000
1791097837.598,0.0000,0.0000,0.2270,1.00000,0.00000,0.00000,0.00000
1791097837.658,0.0000,0.0000,0.2270,1.00000,0.00000,0.00000,0.00000
1791097837.718,0.0000,0.0000,0.2270,1.00000,0.00000,0.00000,0.00000
1791097837.778,0.0000,0.0000,0.2270,1.00000,0.00000,0.00000,0.00000
1791097837.839,0.0000,0.0000,0.2270,1.00000,0.00000,0.00000,0.00000
1791097837.899,0.0000,0.0000,0.2270,1.00000,0.00000,0.00000,0.00000
1791097837.959,0.0000,0.0000,0.2270,1.00000,0.00000,0.00000,0.00000
1791097838.019,0.0000,0.0000,0.2270,1.00000,0.00000,0.00000,0.00000
1791097838.078,0.0000,0.0000,0.2270,1.00000,0.00000,0.00000,0.00000
1791097838.139,0.0000,0.0000,0.2270,1.00000,0.00000,0.00000,0.00000
1791097838.199,0.0000,0.0000,0.2270,1.00000,0.00000,0.00000,0.00000
1791097838.258,0.0000,0.0000,0.2270,1.00000,0.00000,0.00000,0.00000
1791097838.318,0.0000,0.0000,0.2270,1.00000,0.00000,0.00000,0.00000
1791097838.379,0.0000,0.0000,0.2270,1.00000,0.00000,0.00000,0.00000
1791097838.439,0.0000,0.0000,0.2270,1.00000,0.00000,0.00000,0.00000
1791097838.498,0.0000,0.0000,0.2270,1.00000,0.00000,0.00000,0.00000
1791097838.559,0.0000,0.0000,0.2270,1.00000,0.00000,0.00000,0.00000
1791097838.619,0.0000,0.0000,0.2270,1.00000,0.00000,0.00000,0.00000
1791097838.678,0.0000,0.0000,0.2270,1.00000,0.00000,0.00000,0.00000
1791097838.738,0.0000,0.0000,0.2270,1.00000,0.00000,0.00000,0.00000
1791097838.799,0.0000,0.0000,0.2270,1.00000,0.00000,0.00000,0.00000
1791097838.858,0.0000,0.0000,0.2270,1.00000,0.00000,0.00000,0.00000
1791097838.914,0.0000,0.0000,0.2270,1.00000,0.00000,0.00000,0.00000
1791097838.975,0.0000,0.0000,0.2270,1.00000,0.00000,0.00000,0.00000
1791097839.034,0.0000,0.0000,0.2270,1.00000,0.00000,0.00000,0.00000
1791097839.094,0.0000,0.0000,0.2270,1.00000,0.00000,0.00000,0.00000
1791097839.155,0.0000,0.0000,0.2270,1.00000,0.00000,0.00000,0.00000
1791097839.214,0.0000,0.0000,0.2270,1.00000,0.00000,0.00000,0.00000
1791097839.274,0.0000,0.0000,0.2270,1.00000,0.00000,0.00000,0.00000
1791097839.335,0.0000,0.0000,0.2270,1.00000,0.00000,0.00000,0.00000
1791097839.394,0.0000,0.0000,0.2270,1.00000,0.00000,0.00000,0.00000
1791097839.454,0.0000,0.0000,0.2270,1.00000,0.00000,0.00000,0.00000
1791097839.514,0.0000,0.0000,0.2270,1.00000,0.00000,0.00000,0.00000
1791097839.575,0.0000,0.0000,0.2270,1.00000,0.00000,0.00000,0.00000
1791097839.635,0.0000,0.0000,0.2270,1.00000,0.00000,0.00000,0.00000
1791097839.695,0.0000,0.0000,0.2270,1.00000,0.00000,0.00000,0.00000
1791097839.755,0.0000,0.0000,0.2270,1.00000,0.00000,0.00000,0.00000
1791097839.814,0.0000,0.0000,0.2270,1.00000,0.00000,0.00000,0.00000
1791097839.875,0.0000,0.0000,0.2270,1.00000,0.00000,0.00000,0.00000
1791097839.935,0.0000,0.0000,0.2270,1.00000,0.00000,0.00000,0.00000
1791097839.994,0.0000,0.0000,0.2270,1.00000,0.00000,0.00000,0.00000
1791097840.054,0.0000,0.0000,0.2270,1.00000,0.00000,0.00000,0.00000
1791097840.115,0.0000,0.0000,0.2270,1.00000,0.00000,0.00000,0.00000
1791097840.175,0.0000,0.0000,0.2270,1.00000,0.00000,0.00000,0.00000
1791097840.234,0.0000,0.0000,0.2270,1.00000,0.00000,0.00000,0.00000
1791097840.295,0.0000,0.0000,0.2270,1.00000,0.00000,0.00000,0.00000
1791097840.355,0.0000,0.0000,0.2270,1.00000,0.00000,0.00000,0.00000
1791097840.414,0.0000,0.0000,0.2270,1.00000,0.00000,0.00000,0.00000
1791097840.475,0.0000,0.0000,0.2270,1.00000,0.00000,0.00000,0.00000
1791097840.535,0.0000,0.0000,0.2270,1.00000,0.00000,0.00000,0.00000
1791097840.594,0.0000,0.0000,0.2270,1.00000,0.00000,0.00000,0.00000
1791097840.654,0.0000,0.0000,0.2270,1.00000,0.00000,0.00000,0.00000
1791097840.714,0.0000,0.0000,0.2270,1.00000,0.00000,0.00000,0.00000
1791097840.775,0.0000,0.0000,0.2270,1.00000,0.00000,0.00000,0.00000
1791097840.835,0.0000,0.0000,0.2270,1.00000,0.00000,0.00000,0.00000
1791097840.894,0.0000,0.0000,0.2270,1.00000,0.00000,0.00000,0.00000
1791097840.955,0.0000,0.0000,0.2270,1.00000,0.00000,0.00000,0.00000
1791097841.014,0.0000,0.0000,0.2270,1.00000,0.00000,0.00000,0.00000
1791097841.074,0.0000,0.0000,0.2270,1.00000,0.00000,0.00000,0.00000
1791097841.135,0.0000,0.0000,0.2270,1.00000,0.00000,0.00000,0.00000
1791097841.195,0.0000,0.0000,0.2270,1.00000,0.00000,0.00000,0.00000
1791097841.254,0.0000,0.0000,0.2270,1.00000,0.00000,0.00000,0.00000
1791097841.314,0.0000,0.0000,0.2270,1.00000,0.00000,0.00000,0.00000
1791097841.375,0.0000,0.0000,0.2270,1.00000,0.00000,0.00000,0.00000
1791097841.434,0.0000,0.0000,0.2270,1.00000,0.00000,0.00000,0.00000
1791097841.494,0.0000,0.0000,0.2270,1.00000,0.00000,0.00000,0.00000
1791097841.555,0.0000,0.0000,0.2270,1.00000,0.00000,0.00000,0.00000
1791097841.614,0.0000,0.0000,0.2270,1.00000,0.00000,0.00000,0.00000
1791097841.675,0.0000,0.0000,0.2270,1.00000,0.00000,0.00000,0.00000
1791097841.735,0.0000,0.0000,0.2270,1.00000,0.00000,0.00000,0.00000
1791097841.794,0.0000,0.0000,0.2270,1.00000,0.00000,0.00000,0.00000
1791097841.855,0.0000,0.0000,0.2270,1.00000,0.00000,0.00000,0.00000
1791097841.914,0.0000,0.0000,0.2270,1.00000,0.00000,0.00000,0.00000
1791097841.974,0.0000,0.0000,0.2270,1.00000,0.00000,0.00000,0.00000
1791097842.034,0.0000,0.0000,0.2270,1.00000,0.00000,0.00000,0.00000
1791097842.094,0.0000,0.0000,0.2270,1.00000,0.00000,0.00000,0.00000
1791097842.155,0.0000,0.0000,0.2270,1.00000,0.00000,0.00000,0.00000
1791097842.215,0.0000,0.0000,0.2270,1.00000,0.00000,0.00000,0.00000
1791097842.275,0.0000,0.0000,0.2270,1.00000,0.00000,0.00000,0.00000
1791097842.335,0.0000,0.0000,0.2270,1.00000,0.00000,0.00000,0.00000
1791097842.394,0.0000,0.0000,0.2270,1.00000,0.00000,0.00000,0.00000
1791097842.454,0.0000,0.0000,0.2270,1.00000,0.00000,0.00000,0.00000
1791097842.515,0.0000,0.0000,0.2270,1.00000,0.00000,0.00000,0.00000
1791097842.575,0.0000,0.0000,0.2270,1.00000,0.00000,0.00000,0.00000
1791097842.634,0.0000,0.0000,0.2270,1.00000,0.00000,0.00000,0.00000
1791097842.694,0.0000,0.0000,0.2270,1.00000,0.00000,0.00000,0.00000
1791097842.755,0.0000,0.0000,0.2270,1.00000,0.00000,0.00000,0.00000
1791097842.814,0.0000,0.0000,0.2270,1.00000,0.00000,0.00000,0.00000
1791097842.875,0.0000,0.0000,0.2270,1.00000,0.00000,0.00000,0.00000
1791097842.935,0.0000,0.0000,0.2270,1.00000,0.00000,0.00000,0.00000
1791097842.994,0.0000,0.0000,0.2270,1.00000,0.00000,0.00000,0.00000
1791097843.054,0.0000,0.0000,0.2270,1.00000,0.00000,0.00000,0.00000
1791097843.115,0.0000,0.0000,0.2270,1.00000,0.00000,0.00000,0.00000
1791097843.175,0.0000,0.0000,0.2270,1.00000,0.00000,0.00000,0.00000
1791097843.234,0.0000,0.0000,0.2270,1.00000,0.00000,0.00000,0.00000
1791097843.294,0.0000,0.0000,0.2270,1.00000,0.00000,0.00000,0.00000
1791097843.355,0.0000,0.0000,0.2270,1.00000,0.00000,0.00000,0.00000
1791097843.414,0.0000,0.0000,0.2270,1.00000,0.00000,0.00000,0.00000
1791097843.474,0.0000,0.0000,0.2270,1.00000,0.00000,0.00000,0.00000
1791097843.534,0.0000,0.0000,0.2270,1.00000,0.00000,0.00000,0.00000
1791097843.594,0.0000,0.0000,0.2270,1.00000,0.00000,0.00000,0.00000
1791097843.654,0.0000,0.0000,0.2270,1.00000,0.00000,0.00000,0.00000
1791097843.714,0.0000,0.0000,0.2270,1.00000,0.00000,0.00000,0.00000
1791097843.774,0.0000,0.0000,0.2270,1.00000,0.00000,0.00000,0.00000
1791097843.835,0.0000,0.0000,0.2270,1.00000,0.00000,0.00000,0.00000
1791097843.894,0.0000,0.0000,0.2270,1.00000,0.00000,0.00000,0.00000
1791097843.955,0.0000,0.0000,0.2270,1.00000,0.00000,0.00000,0.00000
1791097844.014,0.0000,0.0000,0.2270,1.00000,0.00000,0.00000,0.00000
1791097844.074,0.0000,0.0000,0.2270,1.00000,0.00000,0.00000,0.00000
1791097844.135,0.0000,0.0000,0.2270,1.00000,0.00000,0.00000,0.00000
1791097844.194,0.0000,0.0000,0.2270,1.00000,0.00000,0.00000,0.00000
1791097844.254,0.0000,0.0000,0.2270,1.00000,0.00000,0.00000,0.00000
1791097844.315,0.0000,0.0000,0.2270,1.00000,0.00000,0.00000,0.00000
1791097844.375,0.0000,0.0000,0.2270,1.00000,0.00000,0.00000,0.00000
1791097844.435,0.0000,0.0000,0.2270,1.00000,0.00000,0.00000,0.00000
1791097844.495,0.0000,0.0000,0.2270,1.00000,0.00000,0.00000,0.00000
1791097844.556,0.0000,0.0000,0.2270,1.00000,0.00000,0.00000,0.00000
1791097844.614,0.0000,0.0000,0.2270,1.00000,0.00000,0.00000,0.00000
1791097844.675,0.0000,0.0000,0.2270,1.00000,0.00000,0.00000,0.00000
1791097844.735,0.0000,0.0000,0.2270,1.00000,0.00000,0.00000,0.00000
1791097844.794,0.0000,0.0000,0.2270,1.00000,0.00000,0.00000,0.00000
1791097844.854,0.0000,0.0000,0.2270,1.00000,0.00000,0.00000,0.00000
1791097844.915,0.0000,0.0000,0.2270,1.00000,0.00000,0.00000,0.00000
1791097844.975,0.0000,0.0000,0.2270,1.00000,0.00000,0.00000,0.00000
1791097845.035,0.0000,0.0000,0.2270,1.00000,0.00000,0.00000,0.00000
1791097845.094,0.0000,0.0000,0.2270,1.00000,0.00000,0.00000,0.00000
1791097845.156,0.0000,0.0000,0.2270,1.00000,0.00000,0.00000,0.00000
1791097845.215,0.0000,0.0000,0.2270,1.00000,0.00000,0.00000,0.00000
1791097845.274,0.0000,0.0000,0.2270,1.00000,0.00000,0.00000,0.00000
1791097845.335,0.0000,0.0000,0.2270,1.00000,0.00000,0.00000,0.00000
1791097845.394,0.0000,0.0000,0.2270,1.00000,0.00000,0.00000,0.00000
1791097845.455,0.0000,0.0000,0.2270,1.00000,0.00000,0.00000,0.00000
1791097845.515,0.0000,0.0000,0.2270,1.00000,0.00000,0.00000,0.00000
1791097846.849,0.0000,0.0000,0.2270,1.00000,0.00000,0.00000,0.00000
1791097846.909,0.0000,0.0000,0.2270,1.00000,0.00000,0.00000,0.00000
1791097846.969,0.0000,0.0000,0.2270,1.00000,0.00000,0.00000,0.00000
1791097847.029,0.0000,0.0000,0.2270,1.00000,0.00000,0.00000,0.00000
1791097847.089,0.0000,0.0000,0.2270,1.00000,0.00000,0.00000,0.00000
1791097847.149,0.0000,0.0000,0.2270,1.00000,0.00000,0.00000,0.00000
1791097847.209,0.0000,0.0000,0.2270,1.00000,0.00000,0.00000,0.00000
1791097847.269,0.0000,0.0000,0.2270,1.00000,0.00000,0.00000,0.00000
1791097847.329,0.0000,0.0000,0.2270,1.00000,0.00000,0.00000,0.00000
1791097847.389,0.0000,0.0000,0.2270,1.00000,0.00000,0.00000,0.00000
1791097847.449,0.0000,0.0000,0.2270,1.00000,0.00000,0.00000,0.00000
