t_s,scenario,prop,payload,x,y,z,vx,vy,vz,speed_ms,roll_deg,pitch_deg,yaw_deg,m0,m1,m2,m3,rpm_mean,thrust_total_n,thrust_per_motor_g,shaft_w,prop_elec_w,avionics_w,power_total_w,current_a,v_terminal,soc,energy_wh,endurance_remaining_min,px4_batt_v,nav_state,arming
0.052,watch,9x4.5,pi5,0.020,-0.017,-0.047,0.005,-0.013,-0.015,0.020,0.02,0.03,113.83,0.0011,0.0009,0.0004,0.0015,1447,0.872,22.2,2.1,2.6,22.6,25.2,1.00,25.17,1.00000,0.000,287.95,nan,,
0.100,watch,9x4.5,pi5,0.020,-0.016,-0.047,0.005,-0.012,-0.015,0.020,0.01,0.03,113.83,0.0012,0.0009,0.0005,0.0015,1447,0.872,22.2,2.1,2.6,22.6,25.2,1.00,25.17,1.00000,0.001,287.95,nan,,
0.152,watch,9x4.5,pi5,0.021,-0.015,-0.047,0.006,-0.011,-0.014,0.019,0.01,0.02,113.83,0.0011,0.0010,0.0008,0.0012,1447,0.872,22.2,2.1,2.6,22.6,25.2,1.00,25.17,0.99999,0.001,287.95,nan,4,1
0.200,watch,9x4.5,pi5,0.021,-0.014,-0.047,0.007,-0.009,-0.014,0.018,0.00,0.02,113.83,0.0009,0.0011,0.0007,0.0013,1447,0.872,22.2,2.1,2.6,22.6,25.2,1.00,25.17,0.99999,0.001,287.95,nan,4,1
0.252,watch,9x4.5,pi5,0.022,-0.013,-0.047,0.007,-0.008,-0.014,0.017,-0.00,0.02,113.84,0.0007,0.0013,0.0009,0.0011,1447,0.872,22.2,2.1,2.6,22.6,25.2,1.00,25.17,0.99999,0.002,287.95,nan,4,1
0.300,watch,9x4.5,pi5,0.022,-0.011,-0.047,0.007,-0.006,-0.013,0.017,-0.00,0.02,113.84,0.0012,0.0008,0.0011,0.0010,1447,0.872,22.2,2.1,2.6,22.6,25.2,1.00,25.17,0.99999,0.002,287.95,25.20,4,1
0.352,watch,9x4.5,pi5,0.022,-0.011,-0.047,0.007,-0.006,-0.013,0.016,-0.00,0.01,113.84,0.0010,0.0010,0.0010,0.0011,1447,0.872,22.2,2.1,2.6,22.6,25.2,1.00,25.17,0.99998,0.002,287.95,25.20,4,1
0.400,watch,9x4.5,pi5,0.022,-0.010,-0.047,0.007,-0.005,-0.013,0.016,-0.00,0.01,113.85,0.0009,0.0011,0.0012,0.0009,1447,0.872,22.2,2.1,2.6,22.6,25.2,1.00,25.17,0.99998,0.003,287.95,25.20,4,1
0.452,watch,9x4.5,pi5,0.023,-0.010,-0.048,0.007,-0.004,-0.014,0.016,-0.00,0.01,113.85,0.0008,0.0011,0.0011,0.0010,1447,0.872,22.2,2.1,2.6,22.6,25.2,1.00,25.17,0.99998,0.003,287.95,25.20,4,1
0.500,watch,9x4.5,pi5,0.023,-0.009,-0.049,0.007,-0.004,-0.014,0.016,-0.00,0.01,113.85,0.0011,0.0009,0.0006,0.0013,1447,0.872,22.2,2.1,2.6,22.6,25.2,1.00,25.17,0.99998,0.003,287.94,25.20,4,1
0.552,watch,9x4.5,pi5,0.023,-0.009,-0.049,0.006,-0.004,-0.014,0.016,-0.00,0.01,113.85,0.0011,0.0009,0.0010,0.0010,1447,0.872,22.2,2.1,2.6,22.6,25.2,1.00,25.17,0.99997,0.004,287.94,25.20,4,1
0.600,watch,9x4.5,pi5,0.023,-0.010,-0.050,0.006,-0.004,-0.015,0.016,0.00,0.01,113.85,0.0008,0.0011,0.0010,0.0010,1447,0.872,22.2,2.1,2.6,22.6,25.2,1.00,25.17,0.99997,0.004,287.94,25.20,4,1
0.652,watch,9x4.5,pi5,0.023,-0.010,-0.051,0.005,-0.005,-0.015,0.017,0.01,0.01,113.85,0.0009,0.0010,0.0010,0.0011,1447,0.872,22.2,2.1,2.6,22.6,25.2,1.00,25.17,0.99997,0.005,287.94,25.20,4,1
0.700,watch,9x4.5,pi5,0.024,-0.011,-0.052,0.005,-0.005,-0.015,0.017,0.01,0.01,113.85,0.0008,0.0011,0.0012,0.0010,1447,0.872,22.2,2.1,2.6,22.6,25.2,1.00,25.17,0.99997,0.005,287.94,25.20,4,1
0.752,watch,9x4.5,pi5,0.024,-0.012,-0.053,0.005,-0.006,-0.016,0.017,0.01,0.01,113.85,0.0011,0.0008,0.0007,0.0015,1447,0.872,22.2,2.1,2.6,22.6,25.2,1.00,25.17,0.99997,0.005,287.94,25.20,4,1
0.800,watch,9x4.5,pi5,0.025,-0.012,-0.054,0.005,-0.006,-0.016,0.018,0.01,0.01,113.85,0.0011,0.0009,0.0007,0.0013,1447,0.872,22.2,2.1,2.6,22.6,25.2,1.00,25.17,0.99996,0.006,287.94,25.20,4,1
0.852,watch,9x4.5,pi5,0.026,-0.013,-0.055,0.005,-0.007,-0.016,0.018,0.02,0.01,113.84,0.0010,0.0011,0.0007,0.0013,1447,0.872,22.2,2.1,2.6,22.6,25.2,1.00,25.17,0.99996,0.006,287.93,25.20,4,1
0.900,watch,9x4.5,pi5,0.026,-0.014,-0.055,0.005,-0.007,-0.016,0.018,0.02,0.02,113.84,0.0009,0.0011,0.0009,0.0011,1447,0.872,22.2,2.1,2.6,22.6,25.2,1.00,25.17,0.99996,0.006,287.94,25.20,4,1
0.952,watch,9x4.5,pi5,0.028,-0.015,-0.056,0.005,-0.008,-0.016,0.019,0.01,0.02,113.84,0.0010,0.0011,0.0009,0.0010,1447,0.872,22.2,2.1,2.6,22.6,25.2,1.00,25.17,0.99996,0.007,287.93,25.20,4,1
1.000,watch,9x4.5,pi5,0.028,-0.015,-0.057,0.005,-0.008,-0.016,0.019,0.01,0.02,113.84,0.0008,0.0013,0.0007,0.0012,1447,0.872,22.2,2.1,2.6,22.6,25.2,1.00,25.17,0.99995,0.007,287.94,25.20,4,1
1.052,watch,9x4.5,pi5,0.029,-0.016,-0.057,0.005,-0.008,-0.016,0.019,0.01,0.02,113.84,0.0008,0.0012,0.0006,0.0015,1447,0.872,22.2,2.1,2.6,22.6,25.2,1.00,25.17,0.99995,0.007,287.93,25.20,4,1
1.100,watch,9x4.5,pi5,0.029,-0.016,-0.058,0.005,-0.008,-0.016,0.019,0.01,0.02,113.84,0.0010,0.0011,0.0009,0.0010,1447,0.872,22.2,2.1,2.6,22.6,25.2,1.00,25.17,0.99995,0.008,287.93,25.20,4,1
1.152,watch,9x4.5,pi5,0.030,-0.016,-0.059,0.005,-0.008,-0.016,0.019,0.01,0.02,113.84,0.0010,0.0011,0.0006,0.0014,1447,0.872,22.2,2.1,2.6,22.6,25.2,1.00,25.17,0.99995,0.008,287.93,25.20,4,1
1.200,watch,9x4.5,pi5,0.031,-0.016,-0.060,0.005,-0.008,-0.016,0.019,0.01,0.01,113.84,0.0008,0.0011,0.0010,0.0010,1447,0.872,22.2,2.1,2.6,22.6,25.2,1.00,25.17,0.99994,0.008,287.93,25.20,4,1
1.252,watch,9x4.5,pi5,0.031,-0.016,-0.060,0.005,-0.007,-0.016,0.018,0.01,0.01,113.85,0.0008,0.0011,0.0008,0.0012,1447,0.872,22.2,2.1,2.6,22.6,25.2,1.00,25.17,0.99994,0.009,287.93,25.20,4,1
1.296,watch,9x4.5,pi5,0.031,-0.016,-0.061,0.005,-0.007,-0.016,0.018,0.01,0.01,113.85,0.0009,0.0010,0.0008,0.0012,1447,0.872,22.2,2.1,2.6,22.6,25.2,1.00,25.17,0.99994,0.009,287.93,25.20,4,1
1.344,watch,9x4.5,pi5,0.030,-0.016,-0.062,0.004,-0.006,-0.016,0.017,0.01,0.01,113.85,0.0011,0.0008,0.0007,0.0014,1447,0.872,22.2,2.1,2.6,22.6,25.2,1.00,25.17,0.99994,0.009,287.93,25.20,4,1
1.396,watch,9x4.5,pi5,0.030,-0.016,-0.062,0.003,-0.005,-0.016,0.017,0.01,0.00,113.86,0.0008,0.0011,0.0009,0.0012,1447,0.872,22.2,2.1,2.6,22.6,25.2,1.00,25.17,0.99994,0.010,287.93,25.20,4,1
1.444,watch,9x4.5,pi5,0.029,-0.015,-0.063,0.002,-0.005,-0.016,0.017,0.01,-0.00,113.86,0.0012,0.0007,0.0009,0.0012,1447,0.872,22.2,2.1,2.6,22.6,25.2,1.00,25.17,0.99993,0.010,287.93,25.20,4,1
1.496,watch,9x4.5,pi5,0.029,-0.015,-0.063,0.002,-0.005,-0.016,0.016,0.01,-0.00,113.86,0.0010,0.0009,0.0012,0.0008,1447,0.872,22.2,2.1,2.6,22.6,25.2,1.00,25.17,0.99993,0.010,287.92,25.20,4,1
1.544,watch,9x4.5,pi5,0.027,-0.014,-0.064,0.000,-0.004,-0.016,0.016,0.02,-0.01,113.87,0.0011,0.0009,0.0012,0.0009,1447,0.872,22.2,2.1,2.6,22.6,25.2,1.00,25.17,0.99993,0.011,287.92,25.20,4,1
1.596,watch,9x4.5,pi5,0.027,-0.014,-0.064,-0.001,-0.003,-0.016,0.016,0.02,-0.01,113.87,0.0014,0.0006,0.0010,0.0010,1447,0.872,22.2,2.1,2.6,22.6,25.2,1.00,25.17,0.99993,0.011,287.92,25.20,4,1
1.644,watch,9x4.5,pi5,0.026,-0.013,-0.064,-0.002,-0.002,-0.016,0.016,0.02,-0.02,113.87,0.0014,0.0006,0.0008,0.0012,1447,0.872,22.2,2.1,2.6,22.6,25.2,1.00,25.17,0.99992,0.011,287.92,25.20,4,1
1.696,watch,9x4.5,pi5,0.025,-0.012,-0.065,-0.003,-0.001,-0.016,0.016,0.02,-0.02,113.87,0.0013,0.0007,0.0008,0.0012,1447,0.872,22.2,2.1,2.6,22.6,25.2,1.00,25.17,0.99992,0.012,287.92,25.20,4,1
1.744,watch,9x4.5,pi5,0.024,-0.011,-0.066,-0.004,-0.000,-0.016,0.016,0.02,-0.02,113.87,0.0017,0.0004,0.0010,0.0009,1447,0.872,22.2,2.1,2.6,22.6,25.2,1.00,25.17,0.99992,0.012,287.92,25.20,4,1
1.796,watch,9x4.5,pi5,0.023,-0.011,-0.066,-0.005,0.000,-0.016,0.017,0.02,-0.03,113.88,0.0013,0.0008,0.0011,0.0008,1447,0.872,22.2,2.1,2.6,22.6,25.2,1.00,25.17,0.99992,0.013,287.92,25.20,4,1
1.848,watch,9x4.5,pi5,0.022,-0.011,-0.066,-0.006,0.000,-0.016,0.017,0.03,-0.03,113.88,0.0014,0.0006,0.0014,0.0006,1447,0.872,22.2,2.1,2.6,22.6,25.2,1.00,25.17,0.99991,0.013,287.91,25.20,4,1
1.896,watch,9x4.5,pi5,0.022,-0.011,-0.066,-0.006,0.000,-0.016,0.017,0.03,-0.03,113.88,0.0010,0.0009,0.0013,0.0008,1447,0.872,22.2,2.1,2.6,22.6,25.2,1.00,25.17,0.99991,0.013,287.92,25.20,4,1
1.936,watch,9x4.5,pi5,0.021,-0.011,-0.067,-0.007,-0.000,-0.016,0.017,0.03,-0.03,113.88,0.0014,0.0006,0.0008,0.0013,1447,0.872,22.2,2.1,2.6,22.6,25.2,1.00,25.17,0.99991,0.014,287.91,25.20,4,1
1.952,watch,9x4.5,pi5,0.021,-0.011,-0.067,-0.007,-0.000,-0.016,0.017,0.03,-0.02,113.88,0.0015,0.0005,0.0012,0.0009,1447,0.872,22.2,2.1,2.6,22.6,25.2,1.00,25.17,0.99991,0.014,287.91,25.20,4,1
2.000,watch,9x4.5,pi5,0.020,-0.012,-0.067,-0.008,-0.001,-0.016,0.018,0.03,-0.02,113.88,0.0015,0.0005,0.0008,0.0012,1447,0.872,22.2,2.1,2.6,22.6,25.2,1.00,25.17,0.99991,0.014,287.91,25.20,4,1
2.048,watch,9x4.5,pi5,0.019,-0.012,-0.067,-0.008,-0.001,-0.016,0.018,0.03,-0.02,113.88,0.0014,0.0005,0.0011,0.0010,1447,0.872,22.2,2.1,2.6,22.6,25.2,1.00,25.17,0.99991,0.014,287.91,25.20,4,1
2.100,watch,9x4.5,pi5,0.018,-0.013,-0.067,-0.009,-0.002,-0.016,0.018,0.03,-0.02,113.88,0.0012,0.0007,0.0007,0.0014,1447,0.872,22.2,2.1,2.6,22.6,25.2,1.00,25.17,0.99990,0.015,287.91,25.20,4,1
2.148,watch,9x4.5,pi5,0.017,-0.013,-0.068,-0.010,-0.002,-0.016,0.019,0.03,-0.02,113.88,0.0015,0.0005,0.0005,0.0015,1447,0.872,22.2,2.1,2.6,22.6,25.2,1.00,25.17,0.99990,0.015,287.91,25.20,4,1
2.200,watch,9x4.5,pi5,0.016,-0.013,-0.068,-0.011,-0.002,-0.016,0.019,0.04,-0.02,113.88,0.0019,0.0003,0.0011,0.0007,1447,0.872,22.2,2.1,2.6,22.6,25.2,1.00,25.17,0.99990,0.015,287.91,25.20,4,1
2.248,watch,9x4.5,pi5,0.015,-0.014,-0.068,-0.012,-0.002,-0.015,0.019,0.04,-0.02,113.88,0.0016,0.0004,0.0005,0.0015,1447,0.872,22.2,2.1,2.6,22.6,25.2,1.00,25.17,0.99990,0.016,287.91,25.20,4,1
2.300,watch,9x4.5,pi5,0.014,-0.014,-0.068,-0.012,-0.002,-0.015,0.019,0.04,-0.02,113.88,0.0016,0.0003,0.0007,0.0013,1447,0.872,22.2,2.1,2.6,22.6,25.2,1.00,25.17,0.99989,0.016,287.90,25.20,4,1
2.348,watch,9x4.5,pi5,0.012,-0.014,-0.068,-0.013,-0.002,-0.015,0.020,0.04,-0.02,113.88,0.0014,0.0006,0.0008,0.0011,1447,0.872,22.2,2.1,2.6,22.6,25.2,1.00,25.17,0.99989,0.016,287.91,25.20,4,1
2.400,watch,9x4.5,pi5,0.011,-0.014,-0.068,-0.014,-0.002,-0.015,0.020,0.04,-0.02,113.88,0.0015,0.0005,0.0008,0.0013,1447,0.872,22.2,2.1,2.6,22.6,25.2,1.00,25.17,0.99989,0.017,287.90,25.20,4,1
2.452,watch,9x4.5,pi5,0.010,-0.014,-0.068,-0.014,-0.003,-0.015,0.021,0.04,-0.02,113.88,0.0011,0.0009,0.0008,0.0012,1447,0.872,22.2,2.1,2.6,22.6,25.2,1.00,25.17,0.99989,0.017,287.90,25.20,4,1
2.500,watch,9x4.5,pi5,0.010,-0.015,-0.068,-0.014,-0.003,-0.014,0.020,0.04,-0.02,113.88,0.0016,0.0004,0.0012,0.0008,1447,0.872,22.2,2.1,2.6,22.6,25.2,1.00,25.17,0.99988,0.017,287.90,25.20,4,1
2.548,watch,9x4.5,pi5,0.009,-0.015,-0.068,-0.014,-0.003,-0.014,0.020,0.04,-0.02,113.88,0.0017,0.0003,0.0008,0.0012,1447,0.872,22.2,2.1,2.6,22.6,25.2,1.00,25.17,0.99988,0.018,287.90,25.20,4,1
2.588,watch,9x4.5,pi5,0.008,-0.016,-0.068,-0.014,-0.004,-0.014,0.020,0.04,-0.01,113.88,0.0016,0.0005,0.0008,0.0011,1447,0.872,22.2,2.1,2.6,22.6,25.2,1.00,25.17,0.99988,0.018,287.90,25.20,4,1
2.632,watch,9x4.5,pi5,0.008,-0.016,-0.068,-0.015,-0.004,-0.014,0.020,0.04,-0.01,113.88,0.0013,0.0007,0.0008,0.0012,1447,0.872,22.2,2.1,2.6,22.6,25.2,1.00,25.17,0.99988,0.018,287.90,25.20,4,1
2.684,watch,9x4.5,pi5,0.008,-0.017,-0.068,-0.014,-0.005,-0.014,0.020,0.04,-0.01,113.87,0.0012,0.0009,0.0007,0.0013,1447,0.872,22.2,2.1,2.6,22.6,25.2,1.00,25.17,0.99988,0.019,287.90,25.20,4,1
2.732,watch,9x4.5,pi5,0.008,-0.017,-0.068,-0.014,-0.005,-0.013,0.020,0.04,-0.01,113.87,0.0014,0.0007,0.0006,0.0013,1447,0.872,22.2,2.1,2.6,22.6,25.2,1.00,25.17,0.99987,0.019,287.90,25.20,4,1
2.784,watch,9x4.5,pi5,0.008,-0.018,-0.068,-0.013,-0.006,-0.013,0.019,0.04,-0.00,113.87,0.0016,0.0005,0.0007,0.0012,1447,0.872,22.2,2.1,2.6,22.6,25.2,1.00,25.17,0.99987,0.019,287.90,25.20,4,1
2.832,watch,9x4.5,pi5,0.008,-0.018,-0.068,-0.013,-0.006,-0.013,0.019,0.04,-0.00,113.87,0.0014,0.0007,0.0009,0.0010,1447,0.872,22.2,2.1,2.6,22.6,25.2,1.00,25.17,0.99987,0.020,287.89,25.20,4,1
2.880,watch,9x4.5,pi5,0.009,-0.019,-0.068,-0.013,-0.006,-0.013,0.019,0.04,-0.00,113.87,0.0013,0.0007,0.0007,0.0013,1447,0.872,22.2,2.1,2.6,22.6,25.2,1.00,25.17,0.99987,0.020,287.90,25.20,4,1
2.924,watch,9x4.5,pi5,0.009,-0.019,-0.067,-0.012,-0.006,-0.013,0.019,0.04,-0.00,113.86,0.0012,0.0009,0.0008,0.0011,1447,0.872,22.2,2.1,2.6,22.6,25.2,1.00,25.17,0.99986,0.020,287.89,25.20,4,1
2.976,watch,9x4.5,pi5,0.009,-0.019,-0.067,-0.012,-0.006,-0.012,0.019,0.04,-0.00,113.86,0.0014,0.0007,0.0007,0.0012,1447,0.872,22.2,2.1,2.6,22.6,25.2,1.00,25.17,0.99986,0.021,287.89,25.20,4,1
3.028,watch,9x4.5,pi5,0.008,-0.019,-0.066,-0.012,-0.006,-0.012,0.018,0.03,-0.00,113.86,0.0015,0.0005,0.0009,0.0011,1447,0.872,22.2,2.1,2.6,22.6,25.2,1.00,25.17,0.99986,0.021,287.89,25.20,4,1
3.076,watch,9x4.5,pi5,0.008,-0.018,-0.065,-0.013,-0.005,-0.011,0.018,0.03,-0.00,113.86,0.0011,0.0009,0.0006,0.0014,1447,0.872,22.2,2.1,2.6,22.6,25.2,1.00,25.17,0.99986,0.022,287.89,25.20,4,1
3.124,watch,9x4.5,pi5,0.008,-0.018,-0.064,-0.013,-0.005,-0.011,0.017,0.03,-0.01,113.87,0.0012,0.0007,0.0009,0.0012,1447,0.872,22.2,2.1,2.6,22.6,25.2,1.00,25.17,0.99986,0.022,287.89,25.20,4,1
3.176,watch,9x4.5,pi5,0.007,-0.017,-0.063,-0.013,-0.004,-0.010,0.017,0.03,-0.01,113.87,0.0013,0.0006,0.0011,0.0010,1447,0.872,22.2,2.1,2.6,22.6,25.2,1.00,25.17,0.99985,0.022,287.89,25.20,4,1
3.224,watch,9x4.5,pi5,0.007,-0.016,-0.062,-0.013,-0.003,-0.009,0.016,0.03,-0.01,113.87,0.0013,0.0007,0.0009,0.0010,1447,0.872,22.2,2.1,2.6,22.6,25.2,1.00,25.17,0.99985,0.023,287.89,25.20,4,1
3.276,watch,9x4.5,pi5,0.007,-0.016,-0.061,-0.013,-0.002,-0.009,0.016,0.03,-0.02,113.87,0.0012,0.0007,0.0009,0.0011,1447,0.872,22.2,2.1,2.6,22.6,25.2,1.00,25.17,0.99985,0.023,287.89,25.20,4,1
3.328,watch,9x4.5,pi5,0.006,-0.015,-0.060,-0.013,-0.001,-0.008,0.016,0.03,-0.02,113.87,0.0015,0.0004,0.0007,0.0014,1447,0.872,22.2,2.1,2.6,22.6,25.2,1.00,25.17,0.99985,0.023,287.88,25.20,4,1
3.372,watch,9x4.5,pi5,0.006,-0.014,-0.059,-0.013,-0.001,-0.008,0.016,0.03,-0.02,113.87,0.0014,0.0006,0.0010,0.0010,1447,0.872,22.2,2.1,2.6,22.6,25.2,1.00,25.17,0.99984,0.024,287.88,25.20,4,1
3.424,watch,9x4.5,pi5,0.006,-0.013,-0.059,-0.014,-0.000,-0.008,0.016,0.03,-0.02,113.87,0.0015,0.0005,0.0010,0.0010,1447,0.872,22.2,2.1,2.6,22.6,25.2,1.00,25.17,0.99984,0.024,287.88,25.20,4,1
3.476,watch,9x4.5,pi5,0.005,-0.012,-0.058,-0.014,0.000,-0.007,0.015,0.03,-0.02,113.87,0.0015,0.0005,0.0007,0.0013,1447,0.872,22.2,2.1,2.6,22.6,25.2,1.00,25.17,0.99984,0.024,287.88,25.20,4,1
3.528,watch,9x4.5,pi5,0.005,-0.011,-0.057,-0.014,0.001,-0.007,0.016,0.03,-0.02,113.87,0.0011,0.0008,0.0012,0.0008,1447,0.872,22.2,2.1,2.6,22.6,25.2,1.00,25.17,0.99984,0.025,287.88,25.20,4,1
3.576,watch,9x4.5,pi5,0.005,-0.011,-0.057,-0.014,0.001,-0.006,0.016,0.03,-0.02,113.87,0.0010,0.0009,0.0008,0.0014,1447,0.872,22.2,2.1,2.6,22.6,25.2,1.00,25.17,0.99983,0.025,287.88,25.20,4,1
3.628,watch,9x4.5,pi5,0.004,-0.010,-0.056,-0.014,0.001,-0.006,0.015,0.03,-0.02,113.87,0.0015,0.0004,0.0009,0.0012,1447,0.872,22.2,2.1,2.6,22.6,25.2,1.00,25.17,0.99983,0.025,287.88,25.20,4,1
3.676,watch,9x4.5,pi5,0.004,-0.010,-0.055,-0.014,0.001,-0.006,0.015,0.03,-0.02,113.87,0.0015,0.0004,0.0010,0.0011,1447,0.872,22.2,2.1,2.6,22.6,25.2,1.00,25.17,0.99983,0.026,287.88,25.20,4,1
3.728,watch,9x4.5,pi5,0.005,-0.009,-0.054,-0.013,0.002,-0.006,0.014,0.03,-0.02,113.87,0.0012,0.0008,0.0012,0.0009,1447,0.872,22.2,2.1,2.6,22.6,25.2,1.00,25.17,0.99983,0.026,287.88,25.20,4,1
3.776,watch,9x4.5,pi5,0.005,-0.008,-0.054,-0.012,0.002,-0.005,0.013,0.02,-0.02,113.87,0.0009,0.0011,0.0010,0.0010,1447,0.872,22.2,2.1,2.6,22.6,25.2,1.00,25.17,0.99983,0.026,287.88,25.20,4,1
3.824,watch,9x4.5,pi5,0.007,-0.007,-0.053,-0.011,0.003,-0.005,0.012,0.02,-0.02,113.86,0.0012,0.0008,0.0008,0.0011,1447,0.872,22.2,2.1,2.6,22.6,25.2,1.00,25.17,0.99982,0.027,287.87,25.20,4,1
3.876,watch,9x4.5,pi5,0.008,-0.006,-0.052,-0.009,0.004,-0.005,0.011,0.01,-0.02,113.86,0.0012,0.0009,0.0007,0.0012,1447,0.872,22.2,2.1,2.6,22.6,25.2,1.00,25.17,0.99982,0.027,287.87,25.20,4,1
3.928,watch,9x4.5,pi5,0.010,-0.005,-0.051,-0.007,0.004,-0.004,0.010,0.01,-0.01,113.85,0.0014,0.0008,0.0010,0.0008,1447,0.872,22.2,2.1,2.6,22.6,25.2,1.00,25.17,0.99982,0.027,287.87,25.20,4,1
3.976,watch,9x4.5,pi5,0.011,-0.004,-0.050,-0.006,0.005,-0.004,0.009,0.00,-0.01,113.84,0.0013,0.0009,0.0010,0.0008,1447,0.872,22.2,2.1,2.6,22.6,25.2,1.00,25.17,0.99982,0.028,287.87,25.20,4,1
4.028,watch,9x4.5,pi5,0.012,-0.003,-0.049,-0.004,0.006,-0.004,0.008,-0.00,-0.01,113.84,0.0010,0.0011,0.0011,0.0008,1447,0.872,22.2,2.1,2.6,22.6,25.2,1.00,25.17,0.99981,0.028,287.87,25.20,4,1
4.076,watch,9x4.5,pi5,0.014,-0.003,-0.048,-0.003,0.006,-0.003,0.008,-0.01,-0.01,113.84,0.0011,0.0008,0.0011,0.0009,1447,0.872,22.2,2.1,2.6,22.6,25.2,1.00,25.17,0.99981,0.029,287.87,25.20,4,1
4.128,watch,9x4.5,pi5,0.016,-0.002,-0.047,-0.002,0.007,-0.003,0.008,-0.01,-0.01,113.83,0.0012,0.0008,0.0013,0.0007,1447,0.872,22.2,2.1,2.6,22.6,25.2,1.00,25.17,0.99981,0.029,287.87,25.20,4,1
4.176,watch,9x4.5,pi5,0.017,-0.001,-0.046,-0.000,0.007,-0.003,0.008,-0.01,-0.01,113.83,0.0012,0.0009,0.0012,0.0007,1447,0.872,22.2,2.1,2.6,22.6,25.2,1.00,25.17,0.99981,0.029,287.86,25.20,4,1
4.224,watch,9x4.5,pi5,0.018,-0.001,-0.045,0.001,0.008,-0.002,0.008,-0.02,-0.01,113.83,0.0012,0.0009,0.0012,0.0007,1447,0.872,22.2,2.1,2.6,22.6,25.2,1.00,25.17,0.99980,0.030,287.87,25.20,4,1
4.276,watch,9x4.5,pi5,0.020,-0.000,-0.045,0.002,0.008,-0.002,0.009,-0.02,-0.01,113.83,0.0010,0.0011,0.0015,0.0005,1447,0.872,22.2,2.1,2.6,22.6,25.2,1.00,25.17,0.99980,0.030,287.87,25.20,4,1
4.324,watch,9x4.5,pi5,0.021,0.001,-0.044,0.002,0.009,-0.002,0.009,-0.02,-0.01,113.83,0.0007,0.0014,0.0013,0.0007,1447,0.872,22.2,2.1,2.6,22.6,25.2,1.00,25.17,0.99980,0.030,287.86,25.20,4,1
4.376,watch,9x4.5,pi5,0.022,0.001,-0.044,0.003,0.009,-0.002,0.010,-0.02,-0.01,113.83,0.0011,0.0009,0.0016,0.0004,1447,0.872,22.2,2.1,2.6,22.6,25.2,1.00,25.17,0.99980,0.031,287.86,25.20,4,1
4.424,watch,9x4.5,pi5,0.023,0.002,-0.044,0.003,0.010,-0.001,0.011,-0.02,-0.01,113.83,0.0009,0.0011,0.0008,0.0012,1447,0.872,22.2,2.1,2.6,22.6,25.2,1.00,25.17,0.99980,0.031,287.86,25.20,4,1
4.476,watch,9x4.5,pi5,0.023,0.003,-0.044,0.004,0.011,-0.001,0.012,-0.02,-0.01,113.83,0.0007,0.0013,0.0012,0.0008,1447,0.872,22.2,2.1,2.6,22.6,25.2,1.00,25.17,0.99979,0.031,287.86,25.20,4,1
4.528,watch,9x4.5,pi5,0.024,0.004,-0.044,0.004,0.012,-0.001,0.012,-0.02,-0.02,113.83,0.0010,0.0010,0.0013,0.0008,1447,0.872,22.2,2.1,2.6,22.6,25.2,1.00,25.17,0.99979,0.032,287.86,25.20,4,1
4.576,watch,9x4.5,pi5,0.024,0.005,-0.044,0.004,0.012,-0.001,0.013,-0.02,-0.02,113.83,0.0010,0.0011,0.0014,0.0006,1447,0.872,22.2,2.1,2.6,22.6,25.2,1.00,25.17,0.99979,0.032,287.86,25.20,4,1
4.628,watch,9x4.5,pi5,0.024,0.006,-0.045,0.004,0.013,-0.002,0.013,-0.02,-0.02,113.83,0.0009,0.0010,0.0014,0.0007,1447,0.872,22.2,2.1,2.6,22.6,25.2,1.00,25.17,0.99979,0.032,287.86,25.20,4,1
4.676,watch,9x4.5,pi5,0.024,0.006,-0.046,0.004,0.013,-0.002,0.014,-0.02,-0.02,113.84,0.0008,0.0010,0.0011,0.0011,1447,0.872,22.2,2.1,2.6,22.6,25.2,1.00,25.17,0.99978,0.033,287.86,25.20,4,1
4.728,watch,9x4.5,pi5,0.023,0.007,-0.047,0.004,0.013,-0.003,0.014,-0.02,-0.02,113.84,0.0013,0.0007,0.0012,0.0008,1447,0.872,22.2,2.1,2.6,22.6,25.2,1.00,25.17,0.99978,0.033,287.85,25.20,4,1
4.776,watch,9x4.5,pi5,0.023,0.007,-0.048,0.004,0.013,-0.003,0.014,-0.02,-0.02,113.84,0.0009,0.0010,0.0011,0.0009,1447,0.872,22.2,2.1,2.6,22.6,25.2,1.00,25.17,0.99978,0.033,287.86,25.20,4,1
4.828,watch,9x4.5,pi5,0.023,0.007,-0.049,0.004,0.013,-0.003,0.014,-0.02,-0.02,113.84,0.0010,0.0010,0.0011,0.0010,1447,0.872,22.2,2.1,2.6,22.6,25.2,1.00,25.17,0.99978,0.034,287.85,25.20,4,1
4.876,watch,9x4.5,pi5,0.022,0.008,-0.050,0.003,0.014,-0.004,0.015,-0.02,-0.02,113.84,0.0009,0.0011,0.0012,0.0008,1447,0.872,22.2,2.1,2.6,22.6,25.2,1.00,25.17,0.99977,0.034,287.85,25.20,4,1
4.928,watch,9x4.5,pi5,0.022,0.008,-0.051,0.003,0.014,-0.004,0.015,-0.02,-0.02,113.84,0.0013,0.0008,0.0012,0.0007,1447,0.872,22.2,2.1,2.6,22.6,25.2,1.00,25.17,0.99977,0.034,287.85,25.20,4,1
4.976,watch,9x4.5,pi5,0.022,0.009,-0.052,0.003,0.014,-0.005,0.015,-0.02,-0.02,113.84,0.0010,0.0010,0.0015,0.0005,1447,0.872,22.2,2.1,2.6,22.6,25.2,1.00,25.17,0.99977,0.035,287.85,25.20,14,2
5.024,watch,9x4.5,pi5,0.021,0.009,-0.053,0.003,0.013,-0.005,0.015,-0.02,-0.02,113.84,0.0010,0.0010,0.0013,0.0007,1447,0.872,22.2,2.1,2.6,22.6,25.2,1.00,25.17,0.99977,0.035,287.85,25.20,14,2
5.076,watch,9x4.5,pi5,0.021,0.009,-0.054,0.003,0.013,-0.005,0.015,-0.01,-0.02,113.84,0.0006,0.0014,0.0012,0.0008,1447,0.872,22.2,2.1,2.6,22.6,25.2,1.00,25.17,0.99976,0.035,287.85,25.20,14,2
5.128,watch,9x4.5,pi5,0.020,0.009,-0.056,0.002,0.013,-0.006,0.014,-0.01,-0.02,113.84,0.0010,0.0011,0.0010,0.0010,1447,0.872,22.2,2.1,2.6,22.6,25.2,1.00,25.17,0.99976,0.036,287.85,25.20,14,2
5.176,watch,9x4.5,pi5,0.019,0.009,-0.057,0.001,0.013,-0.006,0.014,-0.01,-0.02,113.84,0.0012,0.0009,0.0011,0.0008,1447,0.872,22.2,2.1,2.6,22.6,25.2,1.00,25.17,0.99976,0.036,287.84,25.20,14,2
5.228,watch,9x4.5,pi5,0.018,0.009,-0.058,0.001,0.013,-0.007,0.014,-0.01,-0.02,113.84,0.0010,0.0011,0.0014,0.0006,1447,0.872,22.2,2.1,2.6,22.6,25.2,1.00,25.17,0.99976,0.037,287.85,25.20,14,2
5.276,watch,9x4.5,pi5,0.017,0.009,-0.059,0.000,0.013,-0.007,0.014,-0.01,-0.02,113.84,0.0013,0.0008,0.0013,0.0006,1447,0.872,22.2,2.1,2.6,22.6,25.2,1.00,25.17,0.99976,0.037,287.84,25.20,14,2
5.328,watch,9x4.5,pi5,0.016,0.009,-0.059,-0.001,0.013,-0.007,0.015,-0.01,-0.02,113.84,0.0011,0.0010,0.0012,0.0008,1447,0.872,22.2,2.1,2.6,22.6,25.2,1.00,25.17,0.99975,0.037,287.84,25.20,14,2
5.376,watch,9x4.5,pi5,0.015,0.010,-0.060,-0.001,0.013,-0.007,0.015,-0.00,-0.02,113.84,0.0016,0.0005,0.0011,0.0008,1447,0.872,22.2,2.1,2.6,22.6,25.2,1.00,25.17,0.99975,0.038,287.84,25.20,14,2
5.428,watch,9x4.5,pi5,0.014,0.009,-0.060,-0.002,0.012,-0.008,0.015,-0.00,-0.02,113.84,0.0008,0.0012,0.0012,0.0008,1447,0.872,22.2,2.1,2.6,22.6,25.2,1.00,25.17,0.99975,0.038,287.84,25.20,14,2
5.476,watch,9x4.5,pi5,0.013,0.009,-0.060,-0.003,0.012,-0.008,0.014,-0.00,-0.02,113.85,0.0010,0.0010,0.0013,0.0008,1447,0.872,22.2,2.1,2.6,22.6,25.2,1.00,25.17,0.99975,0.038,287.84,25.20,14,2
5.528,watch,9x4.5,pi5,0.012,0.009,-0.060,-0.004,0.011,-0.007,0.014,0.00,-0.02,113.85,0.0011,0.0008,0.0012,0.0009,1447,0.872,22.2,2.1,2.6,22.6,25.2,1.00,25.17,0.99974,0.039,287.84,25.20,14,2
5.576,watch,9x4.5,pi5,0.011,0.009,-0.059,-0.004,0.011,-0.007,0.014,0.00,-0.02,113.85,0.0010,0.0009,0.0012,0.0009,1447,0.872,22.2,2.1,2.6,22.6,25.2,1.00,25.17,0.99974,0.039,287.84,25.20,14,2
5.624,watch,9x4.5,pi5,0.010,0.008,-0.058,-0.004,0.011,-0.007,0.013,0.00,-0.02,113.85,0.0009,0.0011,0.0010,0.0011,1447,0.872,22.2,2.1,2.6,22.6,25.2,1.00,25.17,0.99974,0.039,287.83,25.20,14,2
5.676,watch,9x4.5,pi5,0.010,0.008,-0.057,-0.005,0.010,-0.006,0.013,0.00,-0.02,113.85,0.0011,0.0008,0.0013,0.0008,1447,0.872,22.2,2.1,2.6,22.6,25.2,1.00,25.17,0.99974,0.040,287.84,25.20,14,2
5.728,watch,9x4.5,pi5,0.009,0.008,-0.056,-0.005,0.010,-0.006,0.012,0.00,-0.02,113.85,0.0014,0.0005,0.0013,0.0008,1447,0.872,22.2,2.1,2.6,22.6,25.2,1.00,25.17,0.99973,0.040,287.83,25.20,14,2
5.776,watch,9x4.5,pi5,0.008,0.007,-0.055,-0.006,0.010,-0.005,0.012,0.00,-0.02,113.85,0.0009,0.0010,0.0012,0.0009,1447,0.872,22.2,2.1,2.6,22.6,25.2,1.00,25.17,0.99973,0.040,287.84,25.20,14,2
5.828,watch,9x4.5,pi5,0.007,0.007,-0.053,-0.006,0.009,-0.004,0.012,0.01,-0.02,113.85,0.0014,0.0006,0.0014,0.0006,1447,0.872,22.2,2.1,2.6,22.6,25.2,1.00,25.17,0.99973,0.041,287.83,25.20,14,2
5.876,watch,9x4.5,pi5,0.007,0.007,-0.052,-0.006,0.009,-0.004,0.012,0.01,-0.02,113.85,0.0011,0.0008,0.0010,0.0011,1447,0.872,22.2,2.1,2.6,22.6,25.2,1.00,25.17,0.99973,0.041,287.83,25.20,14,2
5.928,watch,9x4.5,pi5,0.006,0.007,-0.050,-0.007,0.009,-0.003,0.012,0.01,-0.02,113.85,0.0012,0.0008,0.0013,0.0007,1447,0.872,22.2,2.1,2.6,22.6,25.2,1.00,25.17,0.99973,0.041,287.83,25.20,14,2
5.976,watch,9x4.5,pi5,0.006,0.007,-0.049,-0.007,0.009,-0.002,0.012,0.01,-0.02,113.85,0.0015,0.0005,0.0012,0.0008,1447,0.872,22.2,2.1,2.6,22.6,25.2,1.00,25.17,0.99972,0.042,287.83,25.20,14,2
6.028,watch,9x4.5,pi5,0.005,0.007,-0.047,-0.007,0.009,-0.002,0.012,0.01,-0.02,113.85,0.0012,0.0008,0.0011,0.0009,1447,0.872,22.2,2.1,2.6,22.6,25.2,1.00,25.17,0.99972,0.042,287.83,25.20,14,2
6.076,watch,9x4.5,pi5,0.005,0.007,-0.046,-0.007,0.009,-0.001,0.011,0.01,-0.02,113.85,0.0009,0.0000,0.0043,0.0031,1105,0.678,17.3,1.6,2.0,22.6,24.6,0.98,25.17,0.99972,0.042,294.10,25.20,14,2
6.128,watch,9x4.5,pi5,0.004,0.006,-0.045,-0.008,0.008,-0.000,0.011,0.01,-0.02,113.85,0.0026,0.0000,0.0062,0.0045,1122,0.699,17.8,1.7,2.1,22.6,24.7,0.98,25.17,0.99972,0.043,292.93,25.20,14,2
6.176,watch,9x4.5,pi5,0.004,0.006,-0.044,-0.008,0.008,0.000,0.011,0.01,-0.02,113.85,0.0033,0.0000,0.0086,0.0072,1144,0.726,18.5,1.8,2.3,22.6,24.9,0.99,25.17,0.99971,0.043,291.43,25.20,14,2
6.228,watch,9x4.5,pi5,0.003,0.006,-0.043,-0.008,0.008,0.001,0.011,0.01,-0.02,113.85,0.0029,0.0000,0.0131,0.0114,1174,0.766,19.5,2.0,2.5,22.6,25.1,1.00,25.17,0.99971,0.044,289.19,25.20,14,2
6.276,watch,9x4.5,pi5,0.003,0.006,-0.042,-0.008,0.008,0.001,0.011,0.01,-0.02,113.85,0.0030,0.0000,0.0170,0.0156,1204,0.807,20.6,2.1,2.7,22.6,25.3,1.00,25.17,0.99971,0.044,286.84,25.20,14,2
6.328,watch,9x4.5,pi5,0.002,0.006,-0.042,-0.009,0.007,0.001,0.011,0.01,-0.02,113.85,0.0031,0.0000,0.0210,0.0208,1237,0.854,21.8,2.3,2.9,22.6,25.5,1.01,25.17,0.99971,0.044,284.06,25.19,14,2
6.376,watch,9x4.5,pi5,0.002,0.006,-0.041,-0.009,0.007,0.001,0.011,0.01,-0.01,113.85,0.0031,0.0000,0.0268,0.0257,1276,0.911,23.2,2.6,3.2,22.6,25.8,1.03,25.17,0.99970,0.045,280.66,25.19,14,2
6.428,watch,9x4.5,pi5,0.001,0.005,-0.041,-0.009,0.007,0.002,0.011,0.01,-0.01,113.85,0.0031,0.0000,0.0333,0.0329,1325,0.988,25.2,2.9,3.7,22.6,26.3,1.04,25.17,0.99970,0.045,275.97,25.19,14,2
6.476,watch,9x4.5,pi5,0.001,0.005,-0.041,-0.008,0.007,0.002,0.011,0.01,-0.01,113.85,0.0028,0.0000,0.0399,0.0395,1372,1.065,27.1,3.3,4.1,22.6,26.7,1.06,25.17,0.99970,0.045,271.18,25.19,14,2
6.528,watch,9x4.5,pi5,0.002,0.005,-0.041,-0.008,0.007,0.002,0.010,0.01,-0.01,113.85,0.0028,0.0000,0.0469,0.0465,1423,1.152,29.4,3.7,4.7,22.6,27.3,1.08,25.16,0.99970,0.046,265.69,25.19,14,2
6.576,watch,9x4.5,pi5,0.002,0.005,-0.041,-0.008,0.006,0.002,0.010,0.01,-0.01,113.85,0.0027,0.0000,0.0547,0.0539,1477,1.250,31.9,4.3,5.3,22.6,27.9,1.11,25.16,0.99969,0.046,259.47,25.19,14,2
6.624,watch,9x4.5,pi5,0.002,0.006,-0.040,-0.007,0.007,0.002,0.010,0.01,-0.01,113.85,0.0031,0.0000,0.0625,0.0619,1536,1.361,34.7,4.9,6.1,22.6,28.7,1.14,25.16,0.99969,0.046,252.54,25.19,14,2
6.676,watch,9x4.5,pi5,0.003,0.006,-0.040,-0.007,0.007,0.002,0.010,0.01,-0.01,113.84,0.0026,0.0000,0.0736,0.0718,1611,1.512,38.5,5.8,7.2,22.6,29.8,1.18,25.16,0.99969,0.047,243.05,25.19,14,2
6.724,watch,9x4.5,pi5,0.003,0.006,-0.040,-0.006,0.007,0.002,0.009,0.00,-0.01,113.84,0.0015,0.0000,0.0832,0.0822,1679,1.661,42.3,6.7,8.4,22.6,31.0,1.23,25.16,0.99969,0.047,233.73,25.19,14,2
6.776,watch,9x4.5,pi5,0.004,0.007,-0.040,-0.005,0.007,0.002,0.009,0.00,-0.00,113.84,0.0022,0.0000,0.0934,0.0915,1752,1.822,46.5,7.8,9.7,22.6,32.3,1.28,25.16,0.99968,0.048,224.12,25.19,14,2
6.828,watch,9x4.5,pi5,0.004,0.007,-0.039,-0.005,0.007,0.002,0.009,0.00,-0.00,113.84,0.0013,0.0000,0.1062,0.1043,1842,2.041,52.0,9.3,11.7,22.6,34.3,1.36,25.16,0.99968,0.048,211.45,25.19,14,2
6.876,watch,9x4.5,pi5,0.005,0.007,-0.038,-0.004,0.007,0.003,0.008,0.00,-0.00,113.84,0.0013,0.0000,0.1177,0.1154,1924,2.248,57.3,10.9,13.6,22.6,36.2,1.44,25.15,0.99968,0.049,200.18,25.19,14,2
6.924,watch,9x4.5,pi5,0.005,0.007,-0.037,-0.004,0.007,0.003,0.008,0.00,-0.00,113.84,0.0015,0.0000,0.1299,0.1270,2010,2.478,63.2,12.7,15.8,22.6,38.4,1.53,25.15,0.99967,0.049,188.38,25.19,14,2
6.976,watch,9x4.5,pi5,0.005,0.007,-0.037,-0.004,0.007,0.003,0.008,0.00,-0.00,113.84,0.0012,0.0000,0.1420,0.1399,2100,2.733,69.7,14.8,18.5,22.6,41.1,1.63,25.15,0.99967,0.050,176.21,25.19,14,2
7.028,watch,9x4.5,pi5,0.005,0.007,-0.036,-0.004,0.006,0.003,0.008,0.00,-0.00,113.84,0.0011,0.0000,0.1572,0.1553,2211,3.063,78.1,17.7,22.1,22.6,44.7,1.78,25.14,0.99967,0.051,161.90,25.19,14,2
7.076,watch,9x4.5,pi5,0.005,0.007,-0.036,-0.004,0.006,0.003,0.008,0.00,-0.00,113.84,0.0018,0.0000,0.1706,0.1683,2309,3.369,85.9,20.5,25.6,22.6,48.2,1.92,25.14,0.99966,0.051,150.01,25.19,14,2
7.124,watch,9x4.5,pi5,0.005,0.007,-0.035,-0.004,0.006,0.003,0.008,0.00,-0.00,113.84,0.0008,0.0000,0.1849,0.1834,2412,3.719,94.8,24.0,30.0,22.6,52.6,2.09,25.13,0.99966,0.052,137.66,25.19,14,2
7.176,watch,9x4.5,pi5,0.005,0.007,-0.035,-0.004,0.006,0.003,0.008,0.00,0.00,113.84,0.0009,0.0000,0.2001,0.1975,2519,4.092,104.3,27.8,34.8,22.6,57.4,2.28,25.13,0.99965,0.053,126.11,25.19,14,2
7.228,watch,9x4.5,pi5,0.005,0.007,-0.034,-0.004,0.006,0.003,0.008,0.00,-0.00,113.84,0.0013,0.0000,0.2171,0.2160,2648,4.569,116.5,33.0,41.2,22.6,63.8,2.54,25.12,0.99965,0.054,113.28,25.19,14,2
7.276,watch,9x4.5,pi5,0.005,0.007,-0.034,-0.004,0.006,0.003,0.008,0.00,0.00,113.84,0.0014,0.0000,0.2330,0.2319,2764,5.020,128.0,38.2,47.7,22.6,70.3,2.80,25.11,0.99964,0.055,102.84,25.19,14,2
7.328,watch,9x4.5,pi5,0.005,0.007,-0.034,-0.004,0.006,0.003,0.008,0.00,-0.00,113.84,0.0019,0.0000,0.2494,0.2482,2884,5.506,140.4,44.0,55.0,22.6,77.6,3.09,25.10,0.99963,0.056,93.13,25.19,14,2
7.376,watch,9x4.5,pi5,0.005,0.007,-0.034,-0.005,0.006,0.003,0.008,0.01,-0.00,113.85,0.0023,0.0000,0.2670,0.2644,3008,6.034,153.8,50.7,63.3,22.6,85.9,3.42,25.09,0.99962,0.057,84.06,25.19,14,2
7.428,watch,9x4.5,pi5,0.005,0.007,-0.034,-0.005,0.006,0.003,0.008,0.01,-0.00,113.85,0.0012,0.0000,0.2877,0.2859,3157,6.723,171.4,59.9,74.9,22.6,97.5,3.89,25.08,0.99961,0.058,74.08,25.19,14,2
7.476,watch,9x4.5,pi5,0.005,0.007,-0.034,-0.005,0.005,0.002,0.008,0.00,-0.00,113.84,0.0018,0.0000,0.3054,0.3043,3290,7.348,187.3,68.6,85.8,22.6,108.4,4.32,25.07,0.99960,0.060,66.59,25.19,14,2
7.528,watch,9x4.5,pi5,0.005,0.008,-0.035,-0.005,0.006,0.002,0.008,0.00,-0.00,113.85,0.0021,0.0000,0.3243,0.3227,3426,8.023,204.5,78.5,98.1,22.6,120.7,4.82,25.05,0.99959,0.061,59.73,25.19,14,2
7.576,watch,9x4.5,pi5,0.005,0.008,-0.036,-0.005,0.006,0.001,0.008,0.00,-0.00,113.85,0.0014,0.0000,0.3443,0.3420,3566,8.763,223.4,89.9,112.4,22.6,135.0,5.39,25.03,0.99958,0.063,53.40,25.19,14,2
7.624,watch,9x4.5,pi5,0.005,0.008,-0.037,-0.005,0.006,0.001,0.008,0.00,-0.00,113.85,0.0028,0.0000,0.3633,0.3616,3711,9.531,243.0,102.1,127.7,22.6,150.3,6.01,25.02,0.99957,0.065,47.92,25.19,14,2
7.676,watch,9x4.5,pi5,0.004,0.009,-0.038,-0.005,0.006,0.001,0.008,0.00,-0.00,113.85,0.0030,0.0000,0.3872,0.3854,3885,10.520,268.2,118.7,148.4,22.6,171.0,6.84,24.99,0.99955,0.068,42.06,25.19,14,2
7.728,watch,9x4.5,pi5,0.004,0.010,-0.039,-0.005,0.006,0.000,0.008,0.00,-0.00,113.85,0.0026,0.0000,0.4089,0.4064,4038,11.444,291.7,135.0,168.8,22.6,191.4,7.67,24.97,0.99953,0.070,37.55,25.19,14,2
7.776,watch,9x4.5,pi5,0.004,0.010,-0.041,-0.005,0.006,-0.000,0.008,0.00,-0.00,113.85,0.0037,0.0000,0.4300,0.4276,4196,12.406,316.3,152.6,190.8,22.6,213.4,8.56,24.94,0.99951,0.073,33.64,25.19,14,2
7.824,watch,9x4.5,pi5,0.003,0.010,-0.043,-0.005,0.006,-0.001,0.007,0.00,-0.00,113.85,0.0032,0.0000,0.4527,0.4498,4357,13.462,343.2,172.9,216.1,22.6,238.7,9.58,24.91,0.99949,0.076,30.04,25.19,14,2
7.852,watch,9x4.5,pi5,0.003,0.010,-0.043,-0.005,0.005,-0.001,0.007,0.00,-0.00,113.85,0.0027,0.0000,0.4680,0.4655,4467,14.214,362.4,187.8,234.7,22.6,257.3,10.34,24.89,0.99948,0.078,27.83,25.19,14,2
7.904,watch,9x4.5,pi5,0.003,0.009,-0.045,-0.005,0.005,-0.002,0.007,0.00,0.00,113.84,0.0033,0.0000,0.4910,0.4883,4635,15.373,391.9,211.5,264.4,22.6,287.0,11.55,24.85,0.99945,0.083,24.92,25.19,14,2
7.952,watch,9x4.5,pi5,0.003,0.009,-0.047,-0.005,0.004,-0.002,0.007,0.00,0.00,113.84,0.0022,0.0000,0.5150,0.5130,4807,16.645,424.3,238.7,298.4,22.6,321.0,12.94,24.81,0.99942,0.087,22.24,25.19,14,2
8.004,watch,9x4.5,pi5,0.002,0.008,-0.049,-0.005,0.003,-0.003,0.006,0.01,0.01,113.84,0.0028,0.0000,0.5431,0.5413,5014,18.197,463.9,273.2,341.5,22.6,364.1,14.71,24.75,0.99939,0.092,19.56,25.19,14,2
8.052,watch,9x4.5,pi5,0.002,0.008,-0.050,-0.005,0.002,-0.003,0.006,0.01,0.01,113.84,0.0031,0.0000,0.5680,0.5663,5196,19.623,500.3,306.3,382.8,22.6,405.4,16.41,24.70,0.99935,0.098,17.53,25.19,14,2
8.104,watch,9x4.5,pi5,0.001,0.007,-0.052,-0.005,0.002,-0.004,0.006,0.01,0.01,113.84,0.0032,0.0000,0.5936,0.5919,5382,21.143,539.0,342.9,428.6,22.6,451.2,18.31,24.65,0.99931,0.104,15.72,25.19,14,2
8.152,watch,9x4.5,pi5,0.000,0.006,-0.053,-0.004,0.001,-0.004,0.006,0.01,0.01,113.84,0.0016,0.0000,0.6200,0.6195,5572,22.804,581.3,384.6,480.8,22.6,503.4,20.48,24.58,0.99926,0.111,14.05,25.19,14,2
8.204,watch,9x4.5,pi5,-0.001,0.005,-0.056,-0.005,-0.000,-0.005,0.007,0.01,0.01,113.83,0.0030,0.0000,0.6504,0.6503,5798,24.771,631.5,435.8,544.7,22.6,567.3,23.16,24.50,0.99921,0.119,12.43,25.19,14,2
8.252,watch,9x4.5,pi5,-0.001,0.004,-0.057,-0.005,-0.001,-0.005,0.007,0.01,0.02,113.84,0.0023,0.0000,0.6781,0.6781,5997,26.621,678.6,485.9,607.4,22.6,630.0,25.80,24.42,0.99915,0.127,11.15,25.19,14,2
8.304,watch,9x4.5,pi5,-0.002,0.004,-0.059,-0.005,-0.001,-0.006,0.008,0.01,0.02,113.69,0.0029,0.0000,0.7054,0.7059,6199,28.530,727.3,539.5,674.3,22.6,696.9,28.64,24.33,0.99908,0.137,10.04,25.19,14,2
8.352,watch,9x4.5,pi5,-0.003,0.003,-0.061,-0.006,-0.002,-0.012,0.014,0.01,0.02,112.99,0.0007,0.0000,0.7315,0.7321,6380,30.389,774.7,593.7,742.1,22.6,764.7,31.54,24.25,0.99901,0.148,9.12,25.19,14,2
8.404,watch,9x4.5,pi5,-0.004,0.003,-0.065,-0.006,-0.002,-0.062,0.063,-0.01,0.02,110.61,0.0002,0.0000,0.7486,0.7482,6499,31.604,805.7,629.9,787.4,22.6,810.0,33.49,24.19,0.99893,0.159,8.59,25.19,14,2
8.452,watch,9x4.5,pi5,-0.005,0.002,-0.070,-0.007,-0.002,-0.110,0.110,-0.02,0.02,108.11,0.0000,0.0000,0.7558,0.7561,6553,32.167,820.0,646.9,808.7,22.6,831.3,34.41,24.16,0.99885,0.170,8.36,25.19,14,2
8.504,watch,9x4.5,pi5,-0.006,0.002,-0.081,-0.007,-0.003,-0.185,0.185,-0.05,0.03,102.96,0.0000,0.0003,0.7605,0.7604,6587,32.507,828.7,657.3,821.6,22.6,844.2,34.97,24.14,0.99877,0.183,8.22,25.19,14,2
8.552,watch,9x4.5,pi5,-0.007,0.002,-0.091,-0.007,-0.003,-0.242,0.242,-0.07,0.03,98.60,0.0000,0.0004,0.7630,0.7646,6612,32.762,835.2,665.0,831.3,22.6,853.9,35.39,24.13,0.99869,0.194,8.12,25.19,14,2
8.604,watch,9x4.5,pi5,-0.007,0.002,-0.113,-0.006,-0.004,-0.329,0.329,-0.10,0.02,90.68,0.0728,0.0743,0.6956,0.6962,7009,28.919,737.2,524.8,656.0,22.6,678.6,27.86,24.35,0.99862,0.204,10.32,25.19,14,2
8.652,watch,9x4.5,pi5,-0.007,0.001,-0.130,-0.006,-0.004,-0.350,0.350,-0.11,0.01,84.59,0.1513,0.1518,0.6397,0.6391,7165,26.575,677.5,432.7,540.9,22.6,563.5,23.00,24.50,0.99857,0.211,12.50,25.19,14,2
8.704,watch,9x4.5,pi5,-0.008,0.001,-0.153,-0.005,-0.004,-0.329,0.329,-0.12,-0.00,74.56,0.2322,0.2328,0.5966,0.5962,7440,25.937,661.2,385.4,481.8,22.6,504.4,20.53,24.57,0.99852,0.219,14.00,25.19,14,2
8.752,watch,9x4.5,pi5,-0.008,0.001,-0.168,-0.005,-0.005,-0.299,0.299,-0.11,-0.02,67.41,0.3129,0.3129,0.5605,0.5597,7759,26.402,673.1,368.4,460.5,22.6,483.1,19.64,24.60,0.99848,0.225,14.64,25.19,14,2
8.800,watch,9x4.5,pi5,-0.008,0.001,-0.182,-0.004,-0.005,-0.272,0.272,-0.10,-0.05,56.26,0.4133,0.4125,0.5027,0.5028,8069,27.279,695.4,364.1,455.1,22.6,477.7,19.41,24.60,0.99843,0.231,14.81,25.19,14,2
8.852,watch,9x4.5,pi5,-0.008,0.001,-0.201,-0.004,-0.005,-0.251,0.251,-0.09,-0.06,48.74,0.5278,0.5266,0.4308,0.4320,8380,29.434,750.4,408.2,510.3,22.6,532.9,21.72,24.54,0.99838,0.239,13.23,25.19,14,2
8.904,watch,9x4.5,pi5,-0.008,0.000,-0.217,-0.003,-0.005,-0.272,0.272,-0.06,-0.08,37.70,0.6247,0.6249,0.3590,0.3586,8561,32.059,817.3,491.4,614.3,22.6,636.9,26.10,24.40,0.99832,0.248,11.01,25.19,14,2
8.952,watch,9x4.5,pi5,-0.008,0.000,-0.229,-0.003,-0.005,-0.319,0.319,-0.04,-0.09,30.76,0.6938,0.6945,0.3001,0.3001,8638,34.461,878.5,581.9,727.3,22.6,749.9,30.91,24.26,0.99825,0.258,9.30,25.19,14,2
9.004,watch,9x4.5,pi5,-0.008,0.001,-0.254,-0.003,-0.004,-0.444,0.444,-0.02,-0.09,21.36,0.7409,0.7414,0.2492,0.2495,8611,36.158,921.8,657.1,821.4,22.6,844.0,34.97,24.14,0.99817,0.271,8.22,25.19,14,2
9.052,watch,9x4.5,pi5,-0.008,0.001,-0.275,-0.002,-0.004,-0.541,0.541,-0.00,-0.10,15.91,0.7605,0.7607,0.2179,0.2185,8526,36.696,935.5,690.0,862.5,22.6,885.1,36.76,24.08,0.99809,0.282,7.82,25.19,14,2
9.104,watch,9x4.5,pi5,-0.008,0.002,-0.311,-0.001,-0.003,-0.680,0.680,0.01,-0.09,9.09,0.7499,0.7500,0.1920,0.1922,8260,35.208,897.5,658.4,823.0,22.6,845.6,35.04,24.13,0.99800,0.295,8.20,25.19,14,2
9.152,watch,9x4.5,pi5,-0.008,0.002,-0.342,-0.001,-0.002,-0.762,0.762,0.02,-0.09,5.47,0.7279,0.7273,0.1851,0.1855,8049,33.399,851.4,608.0,760.0,22.6,782.6,32.32,24.21,0.99793,0.305,8.89,25.19,14,2
9.204,watch,9x4.5,pi5,-0.007,0.003,-0.398,0.000,-0.001,-0.848,0.848,0.02,-0.08,1.36,0.6972,0.6966,0.1958,0.1961,7903,31.492,802.8,548.1,685.1,22.6,707.7,29.11,24.31,0.99786,0.315,9.87,25.19,14,2
9.252,watch,9x4.5,pi5,-0.007,0.004,-0.436,0.001,-0.001,-0.874,0.874,0.02,-0.08,-0.58,0.6673,0.6673,0.2202,0.2199,7863,30.117,767.8,499.0,623.8,22.6,646.4,26.51,24.39,0.99780,0.324,10.84,25.19,14,2
9.304,watch,9x4.5,pi5,-0.006,0.004,-0.490,0.001,-0.001,-0.884,0.884,0.01,-0.07,-2.43,0.6352,0.6343,0.2559,0.2559,7888,29.038,740.3,454.8,568.5,22.6,591.1,24.17,24.46,0.99774,0.332,11.88,25.18,14,2
9.352,watch,9x4.5,pi5,-0.006,0.004,-0.528,0.002,-0.000,-0.875,0.875,0.01,-0.07,-3.05,0.6056,0.6056,0.2949,0.2951,7959,28.481,726.1,425.0,531.2,22.6,553.8,22.60,24.50,0.99769,0.340,12.71,25.18,14,2
9.404,watch,9x4.5,pi5,-0.004,0.005,-0.588,0.003,-0.000,-0.847,0.847,-0.00,-0.06,-3.24,0.5763,0.5764,0.3402,0.3410,8078,28.378,723.4,406.4,507.9,22.6,530.5,21.63,24.53,0.99764,0.347,13.28,25.18,14,2
9.452,watch,9x4.5,pi5,-0.003,0.005,-0.623,0.004,-0.000,-0.826,0.826,-0.00,-0.06,-2.96,0.5506,0.5508,0.3819,0.3813,8189,28.544,727.7,398.4,498.0,22.6,520.6,21.21,24.54,0.99759,0.354,13.54,25.18,14,2
9.504,watch,9x4.5,pi5,-0.002,0.006,-0.671,0.005,-0.000,-0.800,0.800,-0.01,-0.04,-2.10,0.5249,0.5246,0.4228,0.4217,8296,28.881,736.3,397.4,496.8,22.6,519.4,21.16,24.54,0.99754,0.362,13.57,25.18,14,2
9.552,watch,9x4.5,pi5,-0.001,0.006,-0.703,0.005,-0.000,-0.786,0.786,-0.02,-0.03,-1.33,0.5035,0.5044,0.4557,0.4558,8388,29.341,748.0,403.3,504.1,22.6,526.7,21.47,24.54,0.99749,0.369,13.37,25.18,14,2
9.604,watch,9x4.5,pi5,0.001,0.006,-0.752,0.006,-0.000,-0.773,0.773,-0.02,-0.01,-0.03,0.4853,0.4852,0.4858,0.4865,8473,29.884,761.8,413.4,516.8,22.6,539.4,22.00,24.52,0.99744,0.377,13.05,25.18,14,2
9.652,watch,9x4.5,pi5,0.002,0.006,-0.783,0.007,-0.000,-0.771,0.771,-0.03,-0.00,0.87,0.4711,0.4714,0.5078,0.5071,8526,30.287,772.1,422.4,528.0,22.6,550.6,22.47,24.50,0.99739,0.384,12.77,25.18,14,2
9.704,watch,9x4.5,pi5,0.004,0.006,-0.824,0.007,-0.001,-0.775,0.775,-0.03,0.02,2.13,0.4598,0.4603,0.5240,0.5235,8563,30.613,780.4,430.5,538.1,22.6,560.7,22.89,24.49,0.99734,0.392,12.54,25.18,14,2
9.752,watch,9x4.5,pi5,0.005,0.006,-0.854,0.007,-0.002,-0.781,0.781,-0.04,0.03,2.89,0.4542,0.4535,0.5341,0.5328,8588,30.844,786.3,436.4,545.5,22.6,568.1,23.21,24.48,0.99728,0.400,12.37,25.18,14,2
9.804,watch,9x4.5,pi5,0.007,0.005,-0.902,0.008,-0.003,-0.796,0.796,-0.03,0.06,3.83,0.4508,0.4515,0.5394,0.5384,8607,31.012,790.6,440.6,550.7,22.6,573.3,23.43,24.47,0.99723,0.408,12.25,25.18,14,2
9.852,watch,9x4.5,pi5,0.008,0.005,-0.933,0.008,-0.004,-0.806,0.806,-0.03,0.07,4.31,0.4519,0.4516,0.5400,0.5398,8619,31.098,792.8,442.4,553.1,22.6,575.7,23.52,24.47,0.99718,0.416,12.20,25.18,14,2
9.904,watch,9x4.5,pi5,0.010,0.004,-0.977,0.007,-0.005,-0.821,0.821,-0.02,0.09,4.82,0.4554,0.4550,0.5375,0.5379,8628,31.142,793.9,443.0,553.7,22.6,576.3,23.55,24.47,0.99712,0.424,12.18,25.18,14,2
9.952,watch,9x4.5,pi5,0.011,0.003,-1.009,0.007,-0.005,-0.833,0.833,-0.01,0.10,5.02,0.4579,0.4571,0.5304,0.5309,8594,30.866,786.9,436.4,545.5,22.6,568.1,23.21,24.48,0.99707,0.432,12.36,25.18,14,2
10.004,watch,9x4.5,pi5,0.012,0.002,-1.061,0.005,-0.006,-0.846,0.846,0.01,0.12,5.14,0.4563,0.4565,0.5168,0.5169,8486,30.060,766.3,418.7,523.4,22.6,546.0,22.28,24.51,0.99701,0.439,12.88,25.18,14,2
10.052,watch,9x4.5,pi5,0.013,0.002,-1.094,0.004,-0.006,-0.845,0.845,0.02,0.13,5.11,0.4587,0.4583,0.5054,0.5062,8421,29.569,753.8,407.9,509.9,22.6,532.5,21.71,24.52,0.99697,0.446,13.21,25.18,14,2
10.104,watch,9x4.5,pi5,0.013,0.001,-1.139,0.002,-0.007,-0.834,0.834,0.03,0.14,4.95,0.4624,0.4626,0.4960,0.4954,8377,29.241,745.4,400.7,500.8,22.6,523.4,21.33,24.53,0.99691,0.454,13.45,25.18,14,2
10.152,watch,9x4.5,pi5,0.013,0.001,-1.171,0.001,-0.006,-0.821,0.821,0.04,0.14,4.78,0.4666,0.4667,0.4879,0.4878,8350,29.036,740.2,396.2,495.2,22.6,517.8,21.10,24.54,0.99687,0.461,13.60,25.18,14,2
10.204,watch,9x4.5,pi5,0.013,0.001,-1.221,-0.002,-0.005,-0.796,0.796,0.06,0.14,4.47,0.4708,0.4713,0.4803,0.4812,8331,28.895,736.6,393.1,491.4,22.6,514.0,20.94,24.55,0.99682,0.468,13.70,25.18,14,2
10.252,watch,9x4.5,pi5,0.013,0.001,-1.251,-0.004,-0.004,-0.778,0.778,0.06,0.13,4.25,0.4749,0.4746,0.4755,0.4759,8321,28.822,734.8,391.6,489.5,22.6,512.1,20.86,24.55,0.99677,0.475,13.75,25.18,14,2
10.304,watch,9x4.5,pi5,0.012,0.002,-1.292,-0.007,-0.002,-0.753,0.753,0.07,0.12,3.91,0.4778,0.4782,0.4718,0.4716,8315,28.786,733.8,390.9,488.6,22.6,511.2,20.82,24.55,0.99672,0.483,13.77,25.18,14,2
10.352,watch,9x4.5,pi5,0.011,0.002,-1.320,-0.008,-0.001,-0.735,0.735,0.06,0.10,3.70,0.4801,0.4802,0.4689,0.4693,8312,28.768,733.4,390.5,488.2,22.6,510.8,20.81,24.55,0.99667,0.489,13.78,25.18,14,2
10.404,watch,9x4.5,pi5,0.011,0.004,-1.363,-0.010,0.002,-0.706,0.706,0.05,0.08,3.40,0.4815,0.4818,0.4675,0.4672,8311,28.759,733.1,390.4,488.0,22.6,510.6,20.80,24.55,0.99662,0.497,13.79,25.18,14,2
10.456,watch,9x4.5,pi5,0.011,0.004,-1.389,-0.011,0.003,-0.689,0.689,0.04,0.06,3.22,0.4824,0.4823,0.4668,0.4664,8310,28.753,733.0,390.3,487.9,22.6,510.5,20.79,24.55,0.99657,0.504,13.79,25.18,14,2
10.504,watch,9x4.5,pi5,0.010,0.006,-1.425,-0.011,0.005,-0.666,0.666,0.01,0.04,3.00,0.4821,0.4825,0.4665,0.4665,8309,28.747,732.8,390.2,487.7,22.6,510.3,20.79,24.55,0.99653,0.511,13.79,25.18,14,2
10.552,watch,9x4.5,pi5,0.010,0.007,-1.449,-0.011,0.006,-0.649,0.650,-0.00,0.03,2.87,0.4820,0.4816,0.4667,0.4671,8308,28.741,732.7,390.0,487.5,22.6,510.1,20.78,24.55,0.99648,0.518,13.80,25.18,14,2
10.604,watch,9x4.5,pi5,0.010,0.008,-1.487,-0.010,0.008,-0.625,0.625,-0.03,0.01,2.72,0.4807,0.4808,0.4675,0.4676,8305,28.720,732.2,389.6,487.0,22.6,509.6,20.76,24.55,0.99643,0.525,13.81,25.18,14,2
10.652,watch,9x4.5,pi5,0.010,0.009,-1.511,-0.010,0.009,-0.610,0.610,-0.06,0.01,2.64,0.4800,0.4792,0.4682,0.4687,8304,28.706,731.8,389.3,486.6,22.6,509.2,20.74,24.55,0.99639,0.532,13.82,25.18,14,2
10.704,watch,9x4.5,pi5,0.011,0.010,-1.542,-0.009,0.009,-0.590,0.590,-0.08,0.01,2.56,0.4780,0.4786,0.4695,0.4696,8302,28.693,731.5,389.0,486.2,22.6,508.8,20.73,24.55,0.99634,0.539,13.83,25.18,14,2
10.752,watch,9x4.5,pi5,0.011,0.011,-1.563,-0.008,0.009,-0.576,0.577,-0.10,0.01,2.52,0.4767,0.4773,0.4709,0.4702,8300,28.679,731.1,388.7,485.9,22.6,508.5,20.71,24.55,0.99629,0.546,13.84,25.18,14,2
10.804,watch,9x4.5,pi5,0.012,0.012,-1.597,-0.007,0.009,-0.555,0.555,-0.13,0.01,2.47,0.4757,0.4757,0.4715,0.4716,8298,28.663,730.7,388.4,485.4,22.6,508.0,20.70,24.55,0.99624,0.553,13.85,25.18,14,2
10.852,watch,9x4.5,pi5,0.012,0.012,-1.617,-0.007,0.008,-0.542,0.542,-0.14,0.02,2.45,0.4745,0.4747,0.4720,0.4728,8296,28.651,730.4,388.1,485.1,22.6,507.7,20.68,24.55,0.99619,0.560,13.86,25.18,14,2
10.904,watch,9x4.5,pi5,0.012,0.012,-1.645,-0.006,0.007,-0.525,0.525,-0.16,0.03,2.43,0.4737,0.4736,0.4728,0.4736,8295,28.643,730.2,387.9,484.9,22.6,507.5,20.68,24.55,0.99614,0.567,13.86,25.18,14,2
10.952,watch,9x4.5,pi5,0.013,0.012,-1.664,-0.006,0.006,-0.513,0.513,-0.16,0.04,2.41,0.4730,0.4727,0.4737,0.4739,8293,28.634,730.0,387.8,484.7,22.6,507.3,20.67,24.55,0.99610,0.574,13.87,25.18,14,2
11.004,watch,9x4.5,pi5,0.013,0.012,-1.693,-0.005,0.004,-0.494,0.494,-0.17,0.05,2.37,0.4725,0.4722,0.4742,0.4741,8292,28.623,729.7,387.5,484.4,22.6,507.0,20.65,24.55,0.99605,0.582,13.87,25.18,14,2
11.056,watch,9x4.5,pi5,0.013,0.012,-1.711,-0.005,0.003,-0.483,0.483,-0.17,0.06,2.33,0.4725,0.4715,0.4744,0.4739,8290,28.610,729.3,387.3,484.1,22.6,506.7,20.64,24.55,0.99600,0.589,13.88,25.18,14,2
11.104,watch,9x4.5,pi5,0.013,0.012,-1.736,-0.005,0.002,-0.468,0.468,-0.16,0.07,2.24,0.4719,0.4721,0.4744,0.4734,8288,28.595,729.0,387.0,483.7,22.6,506.3,20.63,24.55,0.99595,0.596,13.89,25.18,14,2
11.156,watch,9x4.5,pi5,0.013,0.012,-1.753,-0.005,0.002,-0.457,0.457,-0.16,0.07,2.18,0.4719,0.4723,0.4734,0.4735,8285,28.577,728.5,386.6,483.3,22.6,505.9,20.61,24.55,0.99590,0.603,13.90,25.18,14,2
11.204,watch,9x4.5,pi5,0.013,0.012,-1.780,-0.005,0.001,-0.441,0.441,-0.15,0.08,2.07,0.4724,0.4723,0.4732,0.4724,8283,28.559,728.1,386.2,482.8,22.6,505.4,20.59,24.55,0.99586,0.610,13.92,25.18,14,2
11.252,watch,9x4.5,pi5,0.013,0.012,-1.796,-0.005,0.001,-0.431,0.431,-0.14,0.08,2.00,0.4724,0.4729,0.4725,0.4719,8280,28.543,727.7,385.9,482.4,22.6,505.0,20.57,24.55,0.99581,0.616,13.93,25.18,14,2
11.304,watch,9x4.5,pi5,0.013,0.011,-1.818,-0.005,0.000,-0.417,0.417,-0.14,0.08,1.90,0.4732,0.4726,0.4715,0.4716,8277,28.522,727.1,385.5,481.9,22.6,504.5,20.55,24.55,0.99576,0.624,13.94,25.17,14,2
11.352,watch,9x4.5,pi5,0.013,0.011,-1.834,-0.005,-0.000,-0.408,0.408,-0.14,0.09,1.83,0.4733,0.4727,0.4713,0.4709,8275,28.504,726.6,385.1,481.4,22.6,504.0,20.53,24.55,0.99572,0.630,13.95,25.17,14,2
11.404,watch,9x4.5,pi5,0.013,0.010,-1.858,-0.005,-0.001,-0.393,0.393,-0.13,0.09,1.74,0.4731,0.4730,0.4704,0.4709,8272,28.483,726.1,384.7,480.9,22.6,503.5,20.51,24.55,0.99567,0.638,13.97,25.17,14,2
11.452,watch,9x4.5,pi5,0.013,0.010,-1.872,-0.005,-0.002,-0.384,0.384,-0.13,0.09,1.68,0.4728,0.4732,0.4700,0.4707,8270,28.470,725.8,384.4,480.6,22.6,503.2,20.50,24.55,0.99562,0.644,13.97,25.17,14,2
11.504,watch,9x4.5,pi5,0.013,0.009,-1.892,-0.005,-0.003,-0.372,0.372,-0.12,0.09,1.61,0.4730,0.4730,0.4701,0.4704,8269,28.463,725.6,384.3,480.4,22.6,503.0,20.49,24.55,0.99557,0.652,13.98,25.17,14,2
11.552,watch,9x4.5,pi5,0.012,0.008,-1.906,-0.005,-0.003,-0.363,0.363,-0.11,0.09,1.57,0.4736,0.4721,0.4704,0.4703,8268,28.458,725.5,384.2,480.3,22.6,502.9,20.48,24.55,0.99553,0.658,13.98,25.17,14,2
11.604,watch,9x4.5,pi5,0.012,0.007,-1.926,-0.006,-0.004,-0.350,0.350,-0.10,0.09,1.51,0.4723,0.4731,0.4702,0.4706,8267,28.453,725.3,384.1,480.1,22.6,502.7,20.48,24.55,0.99548,0.666,13.98,25.17,14,2
11.652,watch,9x4.5,pi5,0.011,0.006,-1.939,-0.006,-0.005,-0.342,0.342,-0.09,0.09,1.48,0.4727,0.4724,0.4707,0.4704,8267,28.453,725.4,384.1,480.1,22.6,502.7,20.48,24.55,0.99543,0.672,13.98,25.17,14,2
11.704,watch,9x4.5,pi5,0.011,0.005,-1.956,-0.006,-0.005,-0.331,0.331,-0.07,0.09,1.44,0.4726,0.4720,0.4705,0.4709,8267,28.451,725.3,384.0,480.1,22.6,502.7,20.48,24.55,0.99538,0.680,13.98,25.17,14,2
11.752,watch,9x4.5,pi5,0.010,0.004,-1.967,-0.006,-0.006,-0.324,0.324,-0.06,0.08,1.42,0.4718,0.4724,0.4709,0.4710,8267,28.454,725.4,384.1,480.1,22.6,502.7,20.48,24.55,0.99534,0.686,13.98,25.17,14,2
11.804,watch,9x4.5,pi5,0.010,0.003,-1.985,-0.007,-0.006,-0.312,0.312,-0.05,0.08,1.38,0.4720,0.4718,0.4713,0.4713,8268,28.461,725.6,384.3,480.3,22.6,502.9,20.49,24.55,0.99529,0.694,13.97,25.17,14,2
11.852,watch,9x4.5,pi5,0.009,0.002,-1.996,-0.007,-0.006,-0.305,0.305,-0.04,0.07,1.37,0.4716,0.4721,0.4713,0.4717,8269,28.466,725.7,384.4,480.4,22.6,503.0,20.49,24.55,0.99524,0.700,13.97,25.17,14,2
11.904,watch,9x4.5,pi5,0.009,0.001,-2.010,-0.007,-0.006,-0.296,0.296,-0.02,0.06,1.34,0.4714,0.4718,0.4713,0.4721,8269,28.467,725.7,384.4,480.5,22.6,503.1,20.50,24.55,0.99519,0.708,13.97,25.17,14,2
11.956,watch,9x4.5,pi5,0.008,-0.000,-2.020,-0.007,-0.007,-0.290,0.290,-0.01,0.06,1.32,0.4712,0.4717,0.4719,0.4717,8269,28.466,725.7,384.4,480.4,22.6,503.0,20.49,24.54,0.99514,0.715,13.97,25.17,14,2
12.004,watch,9x4.5,pi5,0.007,-0.002,-2.036,-0.008,-0.007,-0.281,0.281,0.00,0.05,1.29,0.4714,0.4712,0.4722,0.4715,8268,28.458,725.5,384.2,480.2,22.6,502.8,20.49,24.54,0.99510,0.722,13.97,25.17,14,2
12.052,watch,9x4.5,pi5,0.007,-0.003,-2.045,-0.008,-0.007,-0.275,0.276,0.01,0.05,1.27,0.4711,0.4713,0.4713,0.4723,8267,28.452,725.3,384.1,480.1,22.6,502.7,20.48,24.54,0.99505,0.728,13.98,25.17,14,2
12.104,watch,9x4.5,pi5,0.006,-0.004,-2.058,-0.008,-0.007,-0.268,0.268,0.03,0.04,1.25,0.4711,0.4710,0.4715,0.4721,8266,28.442,725.1,383.9,479.8,22.6,502.4,20.47,24.54,0.99500,0.735,13.98,25.17,14,2
12.152,watch,9x4.5,pi5,0.006,-0.005,-2.067,-0.007,-0.006,-0.263,0.263,0.04,0.03,1.23,0.4709,0.4711,0.4722,0.4711,8264,28.430,724.8,383.6,479.5,22.6,502.1,20.46,24.54,0.99496,0.742,13.99,25.17,14,2
12.204,watch,9x4.5,pi5,0.006,-0.006,-2.082,-0.007,-0.006,-0.254,0.254,0.05,0.02,1.20,0.4709,0.4708,0.4716,0.4715,8262,28.418,724.5,383.4,479.2,22.6,501.8,20.45,24.54,0.99491,0.749,14.00,25.17,14,2
12.252,watch,9x4.5,pi5,0.006,-0.007,-2.091,-0.007,-0.006,-0.249,0.249,0.06,0.02,1.17,0.4708,0.4707,0.4711,0.4717,8260,28.406,724.2,383.1,478.9,22.6,501.5,20.43,24.54,0.99486,0.756,14.00,25.17,14,2
12.304,watch,9x4.5,pi5,0.006,-0.008,-2.103,-0.006,-0.005,-0.242,0.242,0.07,0.02,1.14,0.4712,0.4702,0.4712,0.4710,8258,28.391,723.8,382.8,478.5,22.6,501.1,20.42,24.54,0.99481,0.763,14.01,25.17,14,2
12.352,watch,9x4.5,pi5,0.005,-0.009,-2.111,-0.006,-0.005,-0.237,0.238,0.08,0.02,1.12,0.4709,0.4705,0.4706,0.4711,8256,28.376,723.4,382.5,478.2,22.6,500.8,20.40,24.54,0.99477,0.770,14.02,25.17,14,2
13.556,watch,9x4.5,pi5,0.005,-0.010,-2.125,-0.006,-0.005,-0.230,0.230,0.09,0.02,1.08,0.4708,0.4705,0.4709,0.4704,8254,28.365,723.1,382.3,477.9,22.6,500.5,20.39,24.54,0.99363,0.937,14.01,25.17,14,2
13.604,watch,9x4.5,pi5,0.005,-0.011,-2.132,-0.005,-0.004,-0.225,0.225,0.09,0.01,1.06,0.4704,0.4709,0.4706,0.4705,8254,28.360,723.0,382.2,477.8,22.6,500.4,20.39,24.53,0.99359,0.944,14.01,25.17,14,2
13.655,watch,9x4.5,pi5,0.005,-0.013,-2.143,-0.005,-0.004,-0.218,0.218,0.10,0.02,1.02,0.4708,0.4705,0.4705,0.4704,8253,28.355,722.9,382.1,477.6,22.6,500.2,20.39,24.53,0.99354,0.951,14.01,25.17,14,2
13.703,watch,9x4.5,pi5,0.005,-0.013,-2.151,-0.004,-0.003,-0.214,0.214,0.11,0.02,1.00,0.4709,0.4704,0.4705,0.4702,8253,28.353,722.8,382.1,477.6,22.6,500.2,20.39,24.53,0.99349,0.958,14.01,25.17,14,2
13.755,watch,9x4.5,pi5,0.005,-0.015,-2.162,-0.003,-0.003,-0.207,0.207,0.12,0.02,0.97,0.4706,0.4708,0.4705,0.4701,8252,28.351,722.8,382.0,477.5,22.6,500.1,20.39,24.53,0.99344,0.965,14.01,25.17,14,2
13.803,watch,9x4.5,pi5,0.005,-0.015,-2.169,-0.003,-0.003,-0.203,0.203,0.13,0.02,0.95,0.4703,0.4709,0.4704,0.4702,8252,28.346,722.6,381.9,477.4,22.6,500.0,20.38,24.53,0.99340,0.972,14.01,25.17,14,2
13.855,watch,9x4.5,pi5,0.006,-0.016,-2.179,-0.002,-0.002,-0.197,0.197,0.14,0.03,0.92,0.4706,0.4706,0.4699,0.4704,8251,28.340,722.5,381.8,477.3,22.6,499.9,20.37,24.53,0.99335,0.979,14.02,25.17,14,2
13.904,watch,9x4.5,pi5,0.006,-0.017,-2.185,-0.002,-0.002,-0.193,0.193,0.14,0.03,0.90,0.4703,0.4706,0.4703,0.4699,8249,28.330,722.2,381.6,477.0,22.6,499.6,20.36,24.53,0.99330,0.986,14.02,25.17,14,2
13.956,watch,9x4.5,pi5,0.005,-0.018,-2.196,-0.002,-0.001,-0.187,0.187,0.15,0.04,0.87,0.4702,0.4704,0.4698,0.4703,8248,28.320,721.9,381.4,476.7,22.6,499.3,20.35,24.53,0.99326,0.993,14.03,25.17,14,2
14.004,watch,9x4.5,pi5,0.005,-0.019,-2.203,-0.002,-0.000,-0.183,0.183,0.16,0.04,0.85,0.4703,0.4702,0.4697,0.4701,8246,28.306,721.6,381.1,476.4,22.6,499.0,20.34,24.53,0.99321,1.000,14.04,25.17,14,2
14.056,watch,9x4.5,pi5,0.005,-0.020,-2.212,-0.003,0.000,-0.178,0.178,0.16,0.05,0.83,0.4702,0.4697,0.4698,0.4697,8243,28.286,721.1,380.7,475.9,22.6,498.5,20.32,24.53,0.99316,1.007,14.05,25.17,14,2
14.107,watch,9x4.5,pi5,0.004,-0.020,-2.219,-0.003,0.001,-0.174,0.174,0.17,0.05,0.81,0.4696,0.4698,0.4695,0.4696,8240,28.265,720.6,380.3,475.4,22.6,498.0,20.30,24.53,0.99311,1.014,14.07,25.17,14,2
14.155,watch,9x4.5,pi5,0.004,-0.021,-2.229,-0.003,0.001,-0.168,0.168,0.17,0.04,0.79,0.4699,0.4692,0.4692,0.4698,8238,28.253,720.3,380.1,475.1,22.6,497.7,20.29,24.53,0.99307,1.021,14.07,25.17,14,2
14.203,watch,9x4.5,pi5,0.004,-0.022,-2.235,-0.003,0.002,-0.164,0.164,0.18,0.04,0.78,0.4692,0.4698,0.4693,0.4697,8238,28.250,720.2,380.0,475.0,22.6,497.6,20.28,24.53,0.99302,1.027,14.08,25.17,14,2
14.255,watch,9x4.5,pi5,0.003,-0.023,-2.244,-0.003,0.002,-0.159,0.159,0.19,0.04,0.76,0.4693,0.4697,0.4700,0.4690,8238,28.250,720.2,380.0,475.0,22.6,497.6,20.28,24.53,0.99297,1.034,14.07,25.17,14,2
14.303,watch,9x4.5,pi5,0.002,-0.023,-2.249,-0.003,0.003,-0.155,0.155,0.19,0.04,0.74,0.4699,0.4692,0.4698,0.4692,8238,28.253,720.3,380.1,475.1,22.6,497.7,20.29,24.53,0.99293,1.041,14.07,25.17,14,2
14.355,watch,9x4.5,pi5,0.002,-0.023,-2.258,-0.003,0.004,-0.149,0.150,0.19,0.03,0.72,0.4692,0.4699,0.4697,0.4693,8238,28.253,720.3,380.1,475.1,22.6,497.7,20.29,24.53,0.99288,1.048,14.07,25.17,14,2
14.407,watch,9x4.5,pi5,0.001,-0.023,-2.263,-0.003,0.004,-0.146,0.146,0.20,0.03,0.71,0.4696,0.4694,0.4695,0.4694,8238,28.250,720.2,380.0,475.0,22.6,497.6,20.28,24.53,0.99283,1.055,14.07,25.17,14,2
14.455,watch,9x4.5,pi5,0.001,-0.023,-2.270,-0.003,0.005,-0.142,0.142,0.20,0.02,0.69,0.4695,0.4695,0.4694,0.4695,8237,28.248,720.1,379.9,474.9,22.6,497.5,20.28,24.53,0.99279,1.062,14.07,25.16,14,2
14.503,watch,9x4.5,pi5,0.001,-0.023,-2.275,-0.002,0.006,-0.139,0.139,0.20,0.02,0.67,0.4833,0.5503,0.4829,0.5500,8921,33.227,847.1,486.9,608.6,22.6,631.2,25.91,24.36,0.99273,1.070,11.02,25.16,14,2
14.555,watch,9x4.5,pi5,0.001,-0.023,-2.285,-0.000,0.007,-0.204,0.204,0.18,-0.96,0.65,0.4978,0.5078,0.4954,0.5060,8705,31.551,804.3,448.6,560.7,22.6,583.3,23.88,24.42,0.99267,1.079,11.95,25.16,14,2
14.603,watch,9x4.5,pi5,0.001,-0.022,-2.294,0.016,0.008,-0.258,0.259,0.14,-3.69,0.63,0.4877,0.4854,0.4853,0.4807,8459,29.790,759.4,411.5,514.4,22.6,537.0,21.93,24.48,0.99262,1.086,13.01,25.16,14,2
14.655,watch,9x4.5,pi5,0.003,-0.022,-2.309,0.074,0.009,-0.290,0.299,0.06,-8.48,0.61,0.4890,0.4616,0.4843,0.4583,8292,28.643,730.2,388.3,485.3,22.6,507.9,20.72,24.52,0.99257,1.093,13.77,25.16,14,2
14.703,watch,9x4.5,pi5,0.008,-0.021,-2.321,0.137,0.010,-0.289,0.320,0.02,-11.34,0.61,0.4795,0.4578,0.4778,0.4519,8198,27.991,713.6,375.0,468.8,22.6,491.4,20.03,24.54,0.99253,1.100,14.25,25.16,14,2
14.755,watch,9x4.5,pi5,0.022,-0.020,-2.340,0.266,0.010,-0.260,0.373,-0.05,-14.64,0.62,0.4760,0.4548,0.4733,0.4516,8157,27.707,706.3,369.3,461.6,22.6,484.2,19.73,24.55,0.99248,1.107,14.46,25.16,14,2
14.803,watch,9x4.5,pi5,0.036,-0.020,-2.351,0.358,0.009,-0.234,0.428,-0.08,-16.18,0.62,0.4736,0.4567,0.4717,0.4545,8160,27.725,706.8,369.6,462.0,22.6,484.6,19.74,24.54,0.99244,1.113,14.45,25.16,14,2
14.855,watch,9x4.5,pi5,0.063,-0.020,-2.363,0.494,0.008,-0.193,0.531,-0.12,-17.66,0.63,0.4723,0.4601,0.4719,0.4584,8182,27.876,710.6,372.5,465.7,22.6,488.3,19.90,24.54,0.99239,1.120,14.34,25.16,14,2
14.907,watch,9x4.5,pi5,0.088,-0.021,-2.370,0.594,0.006,-0.165,0.617,-0.14,-18.20,0.63,0.4724,0.4641,0.4732,0.4629,8218,28.120,716.9,377.4,471.8,22.6,494.4,20.15,24.53,0.99234,1.128,14.15,25.16,14,2
14.955,watch,9x4.5,pi5,0.138,-0.026,-2.379,0.753,0.000,-0.124,0.763,-0.16,-18.50,0.61,0.4731,0.4675,0.4745,0.4665,8250,28.338,722.4,381.8,477.2,22.6,499.8,20.38,24.52,0.99229,1.134,13.99,25.16,14,2
15.003,watch,9x4.5,pi5,0.174,-0.030,-2.383,0.850,-0.005,-0.103,0.856,-0.15,-18.45,0.58,0.4740,0.4707,0.4751,0.4699,8280,28.541,727.6,385.9,482.4,22.6,505.0,20.60,24.52,0.99225,1.141,13.85,25.16,14,2
15.055,watch,9x4.5,pi5,0.233,-0.037,-2.387,0.978,-0.014,-0.079,0.982,-0.12,-18.09,0.47,0.4748,0.4743,0.4750,0.4724,8305,28.713,732.0,389.4,486.7,22.6,509.3,20.78,24.51,0.99220,1.148,13.73,25.16,14,2
15.103,watch,9x4.5,pi5,0.279,-0.044,-2.388,1.065,-0.021,-0.065,1.067,-0.08,-17.73,0.38,0.4761,0.4772,0.4749,0.4738,8325,28.850,735.5,392.2,490.2,22.6,512.8,20.92,24.51,0.99215,1.155,13.63,25.16,14,2
15.151,watch,9x4.5,pi5,0.360,-0.058,-2.391,1.191,-0.036,-0.049,1.193,0.02,-17.07,0.17,0.4777,0.4803,0.4739,0.4740,8339,28.949,738.0,394.2,492.7,22.6,515.3,21.03,24.50,0.99211,1.162,13.56,25.16,14,2
15.203,watch,9x4.5,pi5,0.415,-0.068,-2.391,1.262,-0.046,-0.043,1.264,0.10,-16.59,-0.01,0.4795,0.4833,0.4731,0.4729,8349,29.022,739.8,395.7,494.6,22.6,517.2,21.11,24.50,0.99205,1.169,13.51,25.16,14,2
15.255,watch,9x4.5,pi5,0.495,-0.085,-2.393,1.351,-0.063,-0.037,1.353,0.26,-15.85,-0.34,0.4817,0.4862,0.4700,0.4718,8353,29.047,740.5,396.3,495.3,22.6,517.9,21.14,24.50,0.99200,1.177,13.49,25.16,14,2
15.303,watch,9x4.5,pi5,0.555,-0.099,-2.393,1.408,-0.076,-0.035,1.411,0.40,-15.37,-0.59,0.4837,0.4885,0.4679,0.4695,8353,29.052,740.6,396.4,495.5,22.6,518.1,21.15,24.50,0.99196,1.184,13.48,25.16,14,2
15.355,watch,9x4.5,pi5,0.655,-0.124,-2.395,1.487,-0.098,-0.034,1.491,0.64,-14.67,-1.00,0.4865,0.4916,0.4644,0.4666,8350,29.040,740.3,396.3,495.4,22.6,518.0,21.14,24.50,0.99191,1.191,13.48,25.16,14,2
15.403,watch,9x4.5,pi5,0.719,-0.142,-2.396,1.529,-0.112,-0.035,1.534,0.83,-14.25,-1.28,0.4886,0.4939,0.4617,0.4639,8346,29.018,739.8,396.0,494.9,22.6,517.5,21.13,24.50,0.99186,1.198,13.49,25.16,14,2
15.455,watch,9x4.5,pi5,0.810,-0.169,-2.397,1.581,-0.132,-0.036,1.587,1.15,-13.66,-1.69,0.4913,0.4965,0.4585,0.4605,8342,28.998,739.2,395.7,494.6,22.6,517.2,21.11,24.50,0.99181,1.206,13.50,25.16,14,2
15.503,watch,9x4.5,pi5,0.876,-0.189,-2.398,1.612,-0.145,-0.037,1.619,1.38,-13.31,-1.94,0.4937,0.4975,0.4553,0.4589,8337,28.966,738.4,395.2,494.0,22.6,516.6,21.09,24.50,0.99176,1.213,13.52,25.16,14,2
15.551,watch,9x4.5,pi5,0.943,-0.211,-2.399,1.639,-0.158,-0.039,1.647,1.62,-13.00,-2.15,0.4956,0.4996,0.4528,0.4557,8331,28.935,737.6,394.7,493.4,22.6,516.0,21.06,24.50,0.99171,1.219,13.53,25.16,14,2
15.603,watch,9x4.5,pi5,1.051,-0.248,-2.402,1.675,-0.174,-0.041,1.685,2.01,-12.60,-2.38,0.4960,0.5007,0.4509,0.4540,8323,28.884,736.3,393.8,492.2,22.6,514.8,21.01,24.50,0.99166,1.227,13.56,25.16,14,2
15.655,watch,9x4.5,pi5,1.145,-0.281,-2.405,1.700,-0.185,-0.043,1.711,2.40,-12.27,-2.46,0.4972,0.5007,0.4490,0.4528,8316,28.843,735.3,393.0,491.3,22.6,513.9,20.98,24.50,0.99161,1.234,13.59,25.16,14,2
15.703,watch,9x4.5,pi5,1.213,-0.305,-2.407,1.715,-0.189,-0.045,1.726,2.65,-12.10,-2.41,0.4955,0.5007,0.4491,0.4527,8310,28.798,734.1,392.1,490.1,22.6,512.7,20.93,24.50,0.99157,1.241,13.62,25.16,14,2
15.755,watch,9x4.5,pi5,1.321,-0.344,-2.411,1.735,-0.193,-0.046,1.746,3.01,-11.89,-2.21,0.4959,0.4990,0.4487,0.4526,8304,28.753,733.0,391.2,488.9,22.6,511.5,20.88,24.50,0.99152,1.249,13.65,25.16,14,2
15.807,watch,9x4.5,pi5,1.389,-0.369,-2.413,1.745,-0.192,-0.046,1.756,3.23,-11.79,-1.98,0.4932,0.4969,0.4505,0.4546,8300,28.720,732.2,390.3,487.9,22.6,510.5,20.83,24.50,0.99147,1.256,13.68,25.16,14,2
15.855,watch,9x4.5,pi5,1.484,-0.402,-2.416,1.757,-0.187,-0.046,1.767,3.52,-11.68,-1.49,0.4913,0.4950,0.4528,0.4556,8298,28.701,731.7,389.8,487.2,22.6,509.8,20.81,24.50,0.99142,1.263,13.69,25.16,14,2
15.903,watch,9x4.5,pi5,1.551,-0.425,-2.418,1.764,-0.181,-0.045,1.774,3.69,-11.63,-1.06,0.4885,0.4915,0.4560,0.4584,8297,28.684,731.2,389.3,486.6,22.6,509.2,20.78,24.50,0.99137,1.270,13.71,25.16,14,2
15.955,watch,9x4.5,pi5,1.659,-0.460,-2.421,1.774,-0.167,-0.044,1.782,3.90,-11.60,-0.31,0.4862,0.4891,0.4581,0.4609,8297,28.674,731.0,388.9,486.2,22.6,508.8,20.76,24.50,0.99132,1.277,13.72,25.16,14,2
16.003,watch,9x4.5,pi5,1.727,-0.481,-2.423,1.778,-0.156,-0.043,1.786,4.01,-11.61,0.26,0.4826,0.4856,0.4613,0.4650,8297,28.671,730.9,388.7,485.9,22.6,508.5,20.75,24.50,0.99128,1.284,13.73,25.16,14,2
16.055,watch,9x4.5,pi5,1.822,-0.508,-2.426,1.785,-0.139,-0.042,1.791,4.13,-11.63,1.19,0.4799,0.4824,0.4649,0.4672,8297,28.665,730.7,388.5,485.6,22.6,508.2,20.74,24.50,0.99123,1.291,13.73,25.16,14,2
16.103,watch,9x4.5,pi5,1.890,-0.527,-2.428,1.789,-0.125,-0.041,1.793,4.20,-11.66,1.85,0.4758,0.4797,0.4682,0.4710,8298,28.668,730.8,388.5,485.6,22.6,508.2,20.74,24.50,0.99118,1.298,13.73,25.16,14,2
16.155,watch,9x4.5,pi5,1.999,-0.554,-2.430,1.794,-0.102,-0.040,1.797,4.25,-11.71,2.88,0.4741,0.4776,0.4703,0.4732,8300,28.683,731.2,388.8,486.0,22.6,508.6,20.75,24.50,0.99113,1.305,13.72,25.16,14,2
16.203,watch,9x4.5,pi5,2.068,-0.569,-2.431,1.797,-0.086,-0.039,1.799,4.27,-11.75,3.58,0.4719,0.4747,0.4732,0.4763,8304,28.703,731.7,389.2,486.5,22.6,509.1,20.78,24.50,0.99109,1.312,13.71,25.16,14,2
16.255,watch,9x4.5,pi5,2.163,-0.588,-2.432,1.800,-0.062,-0.037,1.801,4.28,-11.82,4.63,0.4704,0.4734,0.4750,0.4782,8307,28.726,732.3,389.7,487.1,22.6,509.7,20.80,24.50,0.99104,1.319,13.69,25.16,14,2
16.303,watch,9x4.5,pi5,2.232,-0.601,-2.433,1.802,-0.045,-0.037,1.803,4.28,-11.87,5.34,0.4683,0.4720,0.4773,0.4800,8309,28.744,732.8,390.0,487.6,22.6,510.2,20.82,24.50,0.99099,1.326,13.68,25.16,14,2
16.355,watch,9x4.5,pi5,2.342,-0.617,-2.435,1.806,-0.016,-0.036,1.806,4.26,-11.95,6.37,0.4685,0.4718,0.4777,0.4802,8311,28.758,733.1,390.3,487.9,22.6,510.5,20.84,24.50,0.99094,1.333,13.66,25.16,14,2
16.403,watch,9x4.5,pi5,2.412,-0.626,-2.436,1.808,0.002,-0.035,1.808,4.24,-12.00,7.05,0.4675,0.4714,0.4787,0.4808,8312,28.764,733.3,390.5,488.1,22.6,510.7,20.84,24.50,0.99089,1.340,13.66,25.16,14,2
16.455,watch,9x4.5,pi5,2.509,-0.636,-2.437,1.810,0.028,-0.035,1.811,4.21,-12.07,8.05,0.4687,0.4690,0.4784,0.4782,8297,28.660,730.6,388.3,485.4,22.6,508.0,20.73,24.50,0.99084,1.348,13.73,25.15,14,2
16.503,watch,9x4.5,pi5,2.579,-0.642,-2.438,1.812,0.047,-0.034,1.813,4.18,-12.10,8.69,0.4672,0.4668,0.4783,0.4776,8281,28.551,727.8,386.1,482.7,22.6,505.3,20.62,24.50,0.99080,1.354,13.81,25.15,14,2
16.555,watch,9x4.5,pi5,2.691,-0.648,-2.440,1.813,0.076,-0.030,1.815,4.13,-12.03,9.63,0.4670,0.4668,0.4773,0.4758,8270,28.475,725.9,384.6,480.7,22.6,503.3,20.54,24.51,0.99075,1.362,13.86,25.15,14,2
16.603,watch,9x4.5,pi5,2.762,-0.651,-2.441,1.813,0.094,-0.026,1.815,4.10,-11.88,10.24,0.4661,0.4664,0.4774,0.4760,8266,28.448,725.2,384.0,480.0,22.6,502.6,20.51,24.51,0.99070,1.368,13.88,25.15,14,2
16.655,watch,9x4.5,pi5,2.862,-0.652,-2.442,1.809,0.118,-0.021,1.813,4.03,-11.50,11.14,0.4657,0.4679,0.4756,0.4761,8265,28.436,724.9,383.8,479.7,22.6,502.3,20.50,24.51,0.99065,1.376,13.89,25.15,14,2
16.703,watch,9x4.5,pi5,2.933,-0.652,-2.442,1.805,0.135,-0.018,1.810,3.99,-11.17,11.72,0.4657,0.4679,0.4752,0.4764,8264,28.433,724.8,383.7,479.7,22.6,502.3,20.49,24.51,0.99061,1.382,13.89,25.15,14,2
16.755,watch,9x4.5,pi5,3.047,-0.649,-2.443,1.792,0.160,-0.014,1.799,3.94,-10.60,12.57,0.4673,0.4697,0.4734,0.4746,8263,28.427,724.7,383.6,479.5,22.6,502.1,20.49,24.51,0.99056,1.389,13.89,25.15,14,2
16.803,watch,9x4.5,pi5,3.118,-0.647,-2.443,1.781,0.175,-0.012,1.790,3.90,-10.18,13.12,0.4728,0.5315,0.5119,0.4801,8667,31.319,798.4,444.6,555.8,22.6,578.4,23.69,24.41,0.99051,1.397,12.01,25.15,14,2
16.855,watch,9x4.5,pi5,3.217,-0.641,-2.444,1.766,0.198,-0.044,1.778,4.36,-9.66,13.94,0.6060,0.6001,0.3941,0.3724,8581,31.714,808.5,474.1,592.6,22.6,615.2,25.25,24.36,0.99044,1.406,11.27,25.15,14,2
16.903,watch,9x4.5,pi5,3.287,-0.635,-2.446,1.756,0.224,-0.096,1.773,5.96,-9.53,14.69,0.6881,0.6879,0.2660,0.2747,8378,33.037,842.2,556.4,695.4,22.6,718.0,29.63,24.23,0.99038,1.416,9.60,25.15,14,2
16.955,watch,9x4.5,pi5,3.399,-0.623,-2.454,1.733,0.297,-0.195,1.769,8.87,-9.40,16.66,0.7113,0.7158,0.1882,0.2131,8058,32.793,836.0,583.0,728.7,22.6,751.3,31.06,24.19,0.99030,1.427,9.16,25.15,14,2
17.003,watch,9x4.5,pi5,3.468,-0.611,-2.463,1.709,0.360,-0.249,1.765,10.56,-9.42,18.71,0.6888,0.6894,0.1708,0.2082,7800,30.803,785.2,531.5,664.3,22.6,686.9,28.30,24.27,0.99024,1.436,10.05,25.15,14,2
17.055,watch,9x4.5,pi5,3.564,-0.590,-2.479,1.663,0.459,-0.286,1.749,12.30,-9.68,22.90,0.6453,0.6324,0.1992,0.2351,7636,28.179,718.4,448.5,560.7,22.6,583.3,23.90,24.40,0.99018,1.444,11.90,25.15,14,2
17.103,watch,9x4.5,pi5,3.630,-0.570,-2.491,1.621,0.528,-0.280,1.728,12.92,-10.09,26.31,0.5805,0.5823,0.2538,0.2821,7588,26.129,666.1,377.1,471.4,22.6,494.0,20.15,24.51,0.99014,1.451,14.11,25.15,14,2
17.155,watch,9x4.5,pi5,3.733,-0.531,-2.508,1.546,0.632,-0.223,1.685,13.06,-10.99,32.06,0.5233,0.5236,0.3265,0.3452,7660,25.199,642.4,334.5,418.1,22.6,440.7,17.93,24.58,0.99010,1.457,15.86,25.15,14,2
17.203,watch,9x4.5,pi5,3.795,-0.502,-2.517,1.496,0.693,-0.173,1.658,12.74,-11.75,36.16,0.4731,0.4729,0.3974,0.4088,7782,25.320,645.5,324.5,405.6,22.6,428.2,17.41,24.59,0.99006,1.463,16.34,25.15,14,2
17.255,watch,9x4.5,pi5,3.878,-0.457,-2.525,1.426,0.776,-0.102,1.627,11.79,-12.94,42.46,0.4258,0.4262,0.4655,0.4708,7913,26.104,665.5,338.3,422.9,22.6,445.5,18.13,24.57,0.99001,1.469,15.69,25.15,14,2
17.303,watch,9x4.5,pi5,3.935,-0.421,-2.528,1.378,0.835,-0.061,1.612,10.95,-13.70,46.61,0.3881,0.3885,0.5186,0.5231,8021,27.170,692.6,365.9,457.4,22.6,480.0,19.57,24.53,0.98997,1.476,14.53,25.15,14,2
17.355,watch,9x4.5,pi5,4.022,-0.358,-2.528,1.304,0.933,-0.018,1.604,9.53,-14.66,52.53,0.3585,0.3579,0.5604,0.5632,8100,28.219,719.4,397.2,496.5,22.6,519.1,21.21,24.48,0.98992,1.483,13.41,25.15,14,2
17.403,watch,9x4.5,pi5,4.075,-0.314,-2.527,1.261,0.995,-0.004,1.606,8.54,-15.13,56.17,0.3370,0.3366,0.5867,0.5879,8130,28.887,736.4,419.9,524.9,22.6,547.5,22.40,24.44,0.98987,1.490,12.70,25.15,14,2
17.455,watch,9x4.5,pi5,4.147,-0.248,-2.525,1.205,1.081,0.003,1.619,7.11,-15.59,60.99,0.3237,0.3258,0.5995,0.6006,8135,29.207,744.6,432.0,540.0,22.6,562.6,23.03,24.42,0.98981,1.499,12.34,25.15,14,2
17.503,watch,9x4.5,pi5,4.197,-0.198,-2.523,1.168,1.139,0.004,1.632,6.24,-15.73,63.74,0.3193,0.3236,0.6016,0.6037,8130,29.244,745.5,434.1,542.7,22.6,565.3,23.15,24.42,0.98976,1.506,12.28,25.15,14,2
17.555,watch,9x4.5,pi5,4.276,-0.111,-2.519,1.115,1.226,0.004,1.657,5.12,-15.74,67.13,0.3265,0.3287,0.5947,0.5939,8114,28.963,738.3,424.9,531.2,22.6,553.8,22.66,24.43,0.98971,1.514,12.54,25.15,14,2
17.603,watch,9x4.5,pi5,4.324,-0.054,-2.517,1.085,1.276,0.006,1.675,4.51,-15.65,68.93,0.3373,0.3381,0.5835,0.5805,8098,28.602,729.2,412.7,515.9,22.6,538.5,22.02,24.45,0.98966,1.521,12.91,25.15,14,2
17.655,watch,9x4.5,pi5,4.391,0.030,-2.514,1.046,1.338,0.012,1.699,3.81,-15.31,70.96,0.3544,0.3564,0.5643,0.5635,8095,28.229,719.6,398.2,497.8,22.6,520.4,21.26,24.48,0.98961,1.529,13.37,25.15,14,2
17.703,watch,9x4.5,pi5,4.439,0.092,-2.511,1.021,1.378,0.019,1.715,3.48,-14.95,71.93,0.3729,0.3753,0.5468,0.5465,8106,28.002,713.9,387.9,484.8,22.6,507.4,20.72,24.49,0.98956,1.536,13.72,25.15,14,2
17.755,watch,9x4.5,pi5,4.514,0.194,-2.507,0.983,1.431,0.034,1.736,3.16,-14.23,72.92,0.3974,0.3998,0.5264,0.5251,8132,27.882,710.8,379.6,474.5,22.6,497.1,20.29,24.50,0.98951,1.543,14.01,25.15,14,2
17.803,watch,9x4.5,pi5,4.561,0.260,-2.503,0.960,1.458,0.043,1.746,3.03,-13.60,73.36,0.4182,0.4212,0.5082,0.5090,8160,27.894,711.1,376.3,470.4,22.6,493.0,20.11,24.51,0.98947,1.549,14.13,25.15,14,2
17.851,watch,9x4.5,pi5,4.626,0.353,-2.498,0.931,1.487,0.055,1.755,2.96,-12.70,73.66,0.4392,0.4430,0.4914,0.4909,8189,27.972,713.1,375.5,469.4,22.6,492.0,20.07,24.51,0.98942,1.556,14.16,25.15,14,2
17.903,watch,9x4.5,pi5,4.672,0.421,-2.494,0.909,1.503,0.061,1.758,2.97,-12.03,73.77,0.4584,0.4630,0.4735,0.4766,8214,28.094,716.2,376.9,471.2,22.6,493.8,20.15,24.51,0.98937,1.563,14.10,25.15,14,2
17.951,watch,9x4.5,pi5,4.745,0.529,-2.487,0.875,1.520,0.066,1.755,3.03,-10.99,73.86,0.4763,0.4806,0.4583,0.4617,8234,28.233,719.7,379.8,474.8,22.6,497.4,20.30,24.50,0.98933,1.570,14.00,25.15,14,2
18.003,watch,9x4.5,pi5,4.790,0.597,-2.483,0.853,1.524,0.066,1.747,3.10,-10.29,73.93,0.4897,0.4944,0.4472,0.4497,8249,28.367,723.2,383.2,479.0,22.6,501.6,20.48,24.50,0.98928,1.577,13.88,25.15,14,2
18.055,watch,9x4.5,pi5,4.851,0.692,-2.477,0.820,1.523,0.063,1.730,3.21,-9.26,74.14,0.5015,0.5061,0.4355,0.4396,8255,28.464,725.6,386.3,482.8,22.6,505.4,20.64,24.49,0.98923,1.584,13.77,25.15,14,2
18.103,watch,9x4.5,pi5,4.894,0.759,-2.473,0.795,1.517,0.059,1.713,3.28,-8.59,74.38,0.5076,0.5118,0.4293,0.4345,8256,28.510,726.8,387.9,484.9,22.6,507.5,20.73,24.49,0.98918,1.591,13.71,25.15,14,2
18.155,watch,9x4.5,pi5,4.960,0.865,-2.467,0.753,1.499,0.052,1.679,3.37,-7.64,74.92,0.5145,0.5187,0.4227,0.4265,8254,28.545,727.7,389.7,487.1,22.6,509.7,20.82,24.48,0.98913,1.598,13.65,25.15,14,2
18.203,watch,9x4.5,pi5,4.999,0.930,-2.465,0.726,1.484,0.047,1.653,3.43,-7.05,75.42,0.5151,0.5195,0.4213,0.4248,8248,28.514,726.9,389.3,486.6,22.6,509.2,20.80,24.48,0.98909,1.605,13.66,25.15,14,2
18.255,watch,9x4.5,pi5,5.052,1.019,-2.461,0.686,1.457,0.040,1.611,3.50,-6.23,76.40,0.5161,0.5216,0.4184,0.4234,8244,28.501,726.6,389.3,486.6,22.6,509.2,20.80,24.48,0.98904,1.612,13.66,25.15,14,2
18.303,watch,9x4.5,pi5,5.088,1.082,-2.459,0.657,1.434,0.035,1.577,3.53,-5.73,77.20,0.5144,0.5184,0.4203,0.4252,8239,28.448,725.2,387.9,484.8,22.6,507.4,20.72,24.49,0.98899,1.619,13.71,25.15,14,2
18.355,watch,9x4.5,pi5,5.142,1.180,-2.456,0.608,1.392,0.028,1.519,3.57,-5.06,78.62,0.5154,0.5190,0.4190,0.4234,8234,28.425,724.6,387.6,484.5,22.6,507.1,20.71,24.49,0.98894,1.627,13.71,25.15,14,2
18.403,watch,9x4.5,pi5,5.173,1.239,-2.454,0.577,1.363,0.024,1.480,3.59,-4.66,79.72,0.5113,0.5152,0.4225,0.4269,8230,28.369,723.2,385.9,482.3,22.6,504.9,20.62,24.49,0.98890,1.633,13.77,25.15,14,2
18.455,watch,9x4.5,pi5,5.214,1.319,-2.452,0.532,1.319,0.019,1.423,3.60,-4.14,81.56,0.5098,0.5143,0.4224,0.4282,8226,28.335,722.3,385.0,481.3,22.6,503.9,20.58,24.49,0.98885,1.641,13.80,25.14,14,2
18.503,watch,9x4.5,pi5,5.241,1.375,-2.451,0.501,1.286,0.017,1.380,3.60,-3.84,82.92,0.5059,0.5093,0.4275,0.4315,8224,28.291,721.2,383.5,479.4,22.6,502.0,20.50,24.49,0.98880,1.647,13.85,25.14,14,2
18.555,watch,9x4.5,pi5,5.280,1.461,-2.449,0.450,1.231,0.013,1.311,3.58,-3.45,85.12,0.5070,0.5103,0.4266,0.4301,8223,28.294,721.3,383.7,479.6,22.6,502.2,20.51,24.49,0.98875,1.654,13.85,25.14,14,2
18.603,watch,9x4.5,pi5,5.303,1.513,-2.449,0.419,1.196,0.011,1.267,3.56,-3.24,86.70,0.5030,0.5061,0.4305,0.4343,8223,28.265,720.6,382.6,478.2,22.6,500.8,20.45,24.49,0.98871,1.661,13.88,25.14,14,2
18.655,watch,9x4.5,pi5,5.332,1.583,-2.448,0.377,1.145,0.008,1.206,3.51,-2.97,89.21,0.5030,0.5060,0.4303,0.4344,8222,28.258,720.4,382.4,478.0,22.6,500.6,20.44,24.49,0.98866,1.668,13.89,25.14,14,2
18.703,watch,9x4.5,pi5,5.350,1.631,-2.447,0.348,1.109,0.007,1.162,3.47,-2.83,90.97,0.4997,0.5025,0.4339,0.4376,8222,28.236,719.8,381.6,477.0,22.6,499.6,20.40,24.49,0.98861,1.675,13.92,25.14,14,2
18.755,watch,9x4.5,pi5,5.377,1.704,-2.447,0.303,1.050,0.004,1.093,3.40,-2.66,93.74,0.5035,0.5054,0.4308,0.4333,8220,28.244,720.0,382.2,477.7,22.6,500.3,20.43,24.49,0.98856,1.682,13.90,25.14,14,2
18.803,watch,9x4.5,pi5,5.392,1.748,-2.447,0.276,1.014,0.003,1.051,3.35,-2.57,95.67,0.5001,0.5034,0.4330,0.4361,8218,28.216,719.3,381.3,476.6,22.6,499.2,20.38,24.49,0.98852,1.689,13.93,25.14,14,2
18.855,watch,9x4.5,pi5,5.410,1.807,-2.447,0.240,0.963,0.001,0.992,3.26,-2.47,98.68,0.5024,0.5051,0.4308,0.4339,8217,28.220,719.4,381.6,477.0,22.6,499.6,20.40,24.49,0.98847,1.696,13.91,25.14,14,2
18.907,watch,9x4.5,pi5,5.421,1.847,-2.448,0.215,0.927,0.000,0.952,3.19,-2.43,100.76,0.5007,0.5024,0.4331,0.4357,8216,28.199,718.9,380.9,476.2,22.6,498.8,20.36,24.49,0.98842,1.703,13.94,25.14,14,2
18.955,watch,9x4.5,pi5,5.436,1.909,-2.448,0.177,0.872,-0.001,0.889,3.09,-2.39,103.99,0.5052,0.5072,0.4285,0.4306,8214,28.216,719.3,381.9,477.4,22.6,500.0,20.41,24.49,0.98837,1.710,13.90,25.14,14,2
19.007,watch,9x4.5,pi5,5.443,1.946,-2.449,0.154,0.838,-0.002,0.852,3.00,-2.37,106.23,0.5097,0.4893,0.4359,0.5119,8487,30.071,766.6,419.0,523.7,22.6,546.3,22.36,24.43,0.98832,1.718,12.69,25.14,14,2
19.055,watch,9x4.5,pi5,5.452,1.996,-2.450,0.123,0.793,-0.032,0.803,2.29,-2.65,109.59,0.2479,0.1662,0.7787,0.7340,8414,36.166,922.0,679.8,849.7,22.6,872.3,36.33,24.01,0.98824,1.730,7.81,25.14,14,2
19.103,watch,9x4.5,pi5,5.456,2.030,-2.453,0.104,0.771,-0.136,0.789,0.29,-3.04,111.30,0.0551,0.0000,0.8901,0.8688,7648,42.377,1080.3,971.3,1214.1,22.6,1236.7,52.57,23.52,0.98812,1.746,5.40,25.14,14,2
19.155,watch,9x4.5,pi5,5.462,2.084,-2.473,0.110,0.764,-0.433,0.885,-3.44,-2.96,111.99,0.0265,0.0000,0.7613,0.7953,6811,34.004,866.8,700.3,875.4,22.6,898.0,37.45,23.98,0.98803,1.759,7.57,25.14,14,2
19.207,watch,9x4.5,pi5,5.466,2.119,-2.494,0.140,0.764,-0.536,0.943,-5.73,-2.45,111.25,0.0000,0.0246,0.7250,0.7066,6351,29.361,748.5,560.8,701.0,22.6,723.6,29.90,24.20,0.98796,1.769,9.49,25.14,14,2
19.255,watch,9x4.5,pi5,5.474,2.167,-2.530,0.204,0.760,-0.575,0.975,-8.71,-1.39,108.59,0.0000,0.0600,0.6771,0.6566,6125,26.195,667.8,467.0,583.7,22.6,606.3,24.90,24.35,0.98790,1.778,11.39,25.14,14,2
19.303,watch,9x4.5,pi5,5.483,2.202,-2.557,0.260,0.750,-0.547,0.964,-10.34,-0.69,105.97,0.0000,0.0778,0.6481,0.6550,6078,25.306,645.1,440.2,550.2,22.6,572.8,23.48,24.39,0.98785,1.785,12.08,25.14,14,2
19.355,watch,9x4.5,pi5,5.503,2.256,-2.596,0.362,0.724,-0.461,0.931,-12.10,0.11,100.93,0.0000,0.0832,0.6600,0.6512,6128,25.619,653.1,447.7,559.6,22.6,582.2,23.88,24.38,0.98780,1.794,11.88,25.14,14,2
19.403,watch,9x4.5,pi5,5.519,2.289,-2.618,0.432,0.701,-0.405,0.918,-12.87,0.31,96.90,0.0000,0.0779,0.6697,0.6628,6185,26.283,670.0,466.5,583.1,22.6,605.7,24.87,24.35,0.98774,1.802,11.40,25.14,14,2
19.455,watch,9x4.5,pi5,5.548,2.333,-2.643,0.536,0.661,-0.339,0.916,-13.41,0.06,89.88,0.0000,0.0654,0.6798,0.6763,6225,26.984,687.9,487.6,609.5,22.6,632.1,25.99,24.32,0.98768,1.811,10.91,25.14,14,2
19.507,watch,9x4.5,pi5,5.573,2.363,-2.658,0.611,0.627,-0.303,0.927,-13.38,-0.45,84.55,0.0382,0.0872,0.6511,0.6507,6604,25.749,656.4,440.9,551.1,22.6,573.7,23.52,24.39,0.98762,1.819,12.05,25.14,14,2
19.555,watch,9x4.5,pi5,5.620,2.407,-2.678,0.722,0.567,-0.239,0.948,-12.74,-1.63,75.60,0.1107,0.1345,0.6005,0.5979,6664,23.460,598.1,363.4,454.2,22.6,476.8,19.45,24.51,0.98758,1.825,14.58,25.14,14,2
19.603,watch,9x4.5,pi5,5.654,2.432,-2.688,0.777,0.528,-0.173,0.955,-11.92,-2.60,69.10,0.1925,0.1932,0.5509,0.5504,6821,22.168,565.1,309.3,386.6,22.6,409.2,16.64,24.60,0.98754,1.831,17.04,25.14,14,2
19.655,watch,9x4.5,pi5,5.704,2.463,-2.697,0.839,0.475,-0.059,0.966,-10.25,-4.10,58.76,0.2926,0.2835,0.4850,0.4878,7045,21.525,548.7,267.4,334.3,22.6,356.9,14.47,24.66,0.98751,1.836,19.59,25.14,14,2
19.703,watch,9x4.5,pi5,5.741,2.483,-2.698,0.875,0.439,0.026,0.979,-8.99,-4.98,51.61,0.3911,0.3828,0.4215,0.4241,7301,22.218,566.4,265.5,331.9,22.6,354.5,14.37,24.66,0.98747,1.841,19.72,25.14,14,2
19.751,watch,9x4.5,pi5,5.780,2.501,-2.695,0.905,0.405,0.104,0.997,-7.68,-5.67,44.39,0.4805,0.4739,0.3649,0.3665,7541,23.946,610.5,301.6,377.0,22.6,399.6,16.24,24.61,0.98744,1.846,17.46,25.14,14,2
19.791,watch,9x4.5,pi5,5.835,2.523,-2.686,0.941,0.359,0.186,1.024,-5.90,-6.26,34.45,0.5462,0.5406,0.3200,0.3238,7704,25.779,657.2,351.3,439.1,22.6,461.7,18.82,24.53,0.98740,1.851,15.06,25.14,14,2
19.851,watch,9x4.5,pi5,5.875,2.537,-2.677,0.964,0.328,0.217,1.041,-4.71,-6.42,27.64,0.6199,0.6167,0.2616,0.2682,7833,28.275,720.8,431.5,539.4,22.6,562.0,23.03,24.40,0.98734,1.861,12.31,25.14,14,2
19.899,watch,9x4.5,pi5,5.940,2.557,-2.660,0.997,0.281,0.214,1.057,-3.16,-6.31,18.20,0.6581,0.6564,0.2249,0.2303,7846,29.661,756.2,483.4,604.3,22.6,626.9,25.78,24.32,0.98728,1.869,11.00,25.14,14,2
19.951,watch,9x4.5,pi5,5.980,2.567,-2.650,1.012,0.253,0.189,1.060,-2.30,-6.04,12.56,0.6756,0.6749,0.1980,0.2035,7781,30.128,768.1,507.9,634.9,22.6,657.5,27.08,24.28,0.98722,1.878,10.47,25.14,14,2
19.999,watch,9x4.5,pi5,6.036,2.580,-2.639,1.027,0.217,0.143,1.059,-1.29,-5.45,5.19,0.6782,0.6779,0.1828,0.1897,7697,29.952,763.6,509.4,636.7,22.6,659.3,27.16,24.28,0.98716,1.887,10.43,25.14,14,2
20.051,watch,9x4.5,pi5,6.076,2.587,-2.632,1.030,0.192,0.111,1.054,-0.80,-4.97,1.04,0.6662,0.6668,0.1825,0.1906,7615,29.178,743.8,488.1,610.1,22.6,632.7,26.02,24.31,0.98709,1.896,10.89,25.14,14,2
20.099,watch,9x4.5,pi5,6.138,2.598,-2.625,1.026,0.157,0.074,1.041,-0.29,-4.24,-4.06,0.6476,0.6491,0.1931,0.2000,7555,28.228,719.6,458.4,573.0,22.6,595.6,24.45,24.36,0.98704,1.904,11.59,25.14,14,2
20.151,watch,9x4.5,pi5,6.176,2.603,-2.621,1.017,0.136,0.063,1.028,-0.08,-3.77,-6.76,0.6201,0.6225,0.2172,0.2227,7529,27.122,691.4,420.0,525.0,22.6,547.6,22.43,24.42,0.98699,1.912,12.63,25.14,14,2
20.199,watch,9x4.5,pi5,6.228,2.609,-2.617,0.998,0.110,0.065,1.006,0.10,-3.14,-9.87,0.5950,0.5974,0.2457,0.2499,7549,26.381,672.5,390.6,488.3,22.6,510.9,20.88,24.46,0.98694,1.919,13.57,25.14,14,2
20.251,watch,9x4.5,pi5,6.263,2.612,-2.614,0.981,0.093,0.077,0.988,0.16,-2.77,-11.39,0.5643,0.5673,0.2843,0.2874,7605,25.790,657.5,362.8,453.5,22.6,476.1,19.43,24.51,0.98689,1.926,14.58,25.14,14,2
20.299,watch,9x4.5,pi5,6.317,2.617,-2.607,0.948,0.067,0.110,0.956,0.19,-2.30,-12.98,0.5397,0.5433,0.3203,0.3226,7687,25.658,654.1,348.6,435.8,22.6,458.4,18.69,24.53,0.98685,1.932,15.16,25.14,14,2
20.351,watch,9x4.5,pi5,6.348,2.619,-2.602,0.925,0.052,0.133,0.936,0.19,-2.03,-13.68,0.5138,0.5171,0.3630,0.3633,7800,25.833,658.6,341.9,427.4,22.6,450.0,18.34,24.54,0.98681,1.939,15.45,25.14,14,2
20.399,watch,9x4.5,pi5,6.391,2.621,-2.593,0.892,0.033,0.165,0.907,0.19,-1.70,-14.31,0.4932,0.4956,0.3973,0.3975,7896,26.159,666.9,342.6,428.2,22.6,450.8,18.37,24.54,0.98677,1.945,15.42,25.14,14,2
20.451,watch,9x4.5,pi5,6.435,2.600,-2.582,2.784,-2.669,0.693,3.918,1.71,-4.90,-28.41,0.6962,1.0000,0.4121,0.3478,10333,50.295,1282.2,1061.9,1327.4,22.6,1350.0,57.80,23.35,0.98663,1.964,4.90,25.14,14,2
20.499,watch,9x4.5,pi5,6.600,2.435,-2.548,2.732,-2.535,0.248,3.735,7.79,-0.80,-86.62,1.0000,0.6117,0.0072,0.0764,7576,38.358,977.9,875.7,1094.6,22.6,1117.2,47.19,23.67,0.98652,1.979,6.00,25.14,14,2
20.551,watch,9x4.5,pi5,6.703,2.336,-2.544,2.710,-2.416,-0.016,3.631,4.60,8.90,-123.11,0.8122,0.4273,0.0000,0.5658,7616,33.862,863.2,618.7,773.4,22.6,796.0,33.03,24.10,0.98644,1.990,8.57,25.14,14,2
20.599,watch,9x4.5,pi5,6.847,2.206,-2.552,2.702,-2.171,-0.249,3.475,-10.21,14.11,-178.02,0.4777,0.7756,0.0000,0.3633,6932,28.658,730.6,496.3,620.4,22.6,643.0,26.47,24.29,0.98638,1.999,10.70,25.14,14,2
20.651,watch,9x4.5,pi5,6.948,2.122,-2.566,2.713,-1.983,-0.320,3.376,-19.35,6.92,147.69,0.6800,0.5398,0.3038,0.0000,6595,25.725,655.8,413.0,516.3,22.6,538.9,22.06,24.42,0.98633,2.007,12.83,25.14,14,2
20.699,watch,9x4.5,pi5,7.107,2.004,-2.594,2.700,-1.699,-0.345,3.209,-16.23,-13.12,101.75,0.6572,0.5679,0.2577,0.0000,6448,25.001,637.3,400.6,500.7,22.6,523.3,21.41,24.44,0.98628,2.014,13.22,25.14,14,2
20.751,watch,9x4.5,pi5,7.203,1.940,-2.611,2.658,-1.530,-0.289,3.080,-4.72,-21.32,69.14,0.6733,0.6460,0.1875,0.0000,6534,26.959,687.3,464.2,580.3,22.6,602.9,24.77,24.34,0.98622,2.022,11.43,25.14,14,2
20.799,watch,9x4.5,pi5,7.334,1.863,-2.631,2.590,-1.282,-0.219,2.899,15.09,-16.89,20.01,0.7724,0.7343,0.0000,0.0095,6568,32.029,816.5,642.1,802.7,22.6,825.3,34.31,24.06,0.98615,2.033,8.25,25.14,14,2
20.847,watch,9x4.5,pi5,7.425,1.817,-2.643,2.542,-1.089,-0.220,2.774,21.70,-5.30,-8.02,0.6691,0.5782,0.0000,0.2336,6441,25.334,645.8,414.0,517.5,22.6,540.1,22.12,24.42,0.98610,2.041,12.80,25.14,14,2
20.899,watch,9x4.5,pi5,7.564,1.759,-2.660,2.425,-0.797,-0.176,2.559,18.96,14.46,-46.53,0.5787,0.6202,0.0000,0.2920,6477,24.681,629.2,384.2,480.3,22.6,502.9,20.55,24.47,0.98605,2.048,13.77,25.14,14,2
20.951,watch,9x4.5,pi5,7.646,1.733,-2.667,2.333,-0.625,-0.106,2.417,8.86,23.56,-74.18,0.6238,0.6999,0.0000,0.2158,6653,27.534,701.9,475.2,593.9,22.6,616.5,25.35,24.32,0.98599,2.057,11.16,25.14,14,2
20.999,watch,9x4.5,pi5,7.755,1.709,-2.673,2.194,-0.371,-0.029,2.226,-11.58,23.46,-117.67,0.6975,0.7882,0.0000,0.0769,6737,31.749,809.4,625.4,781.8,22.6,804.4,33.41,24.08,0.98591,2.068,8.47,25.14,14,2
21.051,watch,9x4.5,pi5,7.828,1.701,-2.674,2.089,-0.176,-0.019,2.096,-21.30,14.81,-142.93,0.6800,0.7424,0.1210,0.0000,6667,29.795,759.6,558.1,697.7,22.6,720.3,29.78,24.19,0.98584,2.078,9.50,25.14,14,2
21.099,watch,9x4.5,pi5,7.935,1.706,-2.676,1.894,0.128,-0.034,1.899,-25.26,-3.71,-174.44,0.7415,0.6506,0.1340,0.0000,6605,28.908,736.9,531.5,664.3,22.6,686.9,28.35,24.23,0.98578,2.087,9.98,25.14,14,2
21.151,watch,9x4.5,pi5,7.996,1.719,-2.677,1.761,0.282,-0.004,1.783,-20.52,-13.38,164.27,0.7765,0.6810,0.0805,0.0000,6648,30.758,784.1,595.6,744.5,22.6,767.1,31.80,24.13,0.98570,2.098,8.90,25.14,14,2
21.199,watch,9x4.5,pi5,8.073,1.747,-2.677,1.580,0.490,-0.018,1.654,-8.17,-19.51,130.45,0.7602,0.7001,0.0000,0.0589,6580,30.640,781.1,594.1,742.6,22.6,765.2,31.72,24.13,0.98563,2.108,8.92,25.14,14,2
21.251,watch,9x4.5,pi5,8.122,1.774,-2.679,1.460,0.615,-0.047,1.585,0.11,-18.17,108.42,0.6578,0.6392,0.0000,0.1935,6476,26.299,670.4,445.2,556.5,22.6,579.1,23.77,24.37,0.98557,2.117,11.90,25.14,14,2
21.299,watch,9x4.5,pi5,8.194,1.826,-2.682,1.291,0.739,-0.042,1.488,8.42,-10.81,78.48,0.6339,0.6312,0.0000,0.2280,6485,25.729,655.9,423.0,528.8,22.6,551.4,22.60,24.40,0.98552,2.124,12.51,25.14,14,2
21.351,watch,9x4.5,pi5,8.234,1.861,-2.684,1.191,0.778,-0.012,1.423,10.55,-4.80,60.35,0.6430,0.6617,0.0000,0.2132,6574,26.807,683.4,454.6,568.2,22.6,590.8,24.26,24.35,0.98546,2.133,11.65,25.14,14,2
21.399,watch,9x4.5,pi5,8.285,1.911,-2.684,1.052,0.803,0.020,1.324,9.56,2.73,34.54,0.6681,0.7038,0.0000,0.1603,6627,28.417,724.4,510.1,637.6,22.6,660.2,27.21,24.26,0.98540,2.141,10.39,25.14,14,2
21.451,watch,9x4.5,pi5,8.318,1.947,-2.683,0.953,0.808,0.022,1.250,7.07,5.79,17.89,0.6986,0.7367,0.0000,0.0923,6610,29.968,764.0,567.9,709.9,22.6,732.5,30.31,24.17,0.98533,2.152,9.33,25.14,14,2
21.499,watch,9x4.5,pi5,8.365,2.002,-2.682,0.802,0.801,-0.010,1.134,2.50,7.07,-5.98,0.7252,0.7571,0.0000,0.0221,6526,31.187,795.1,615.0,768.8,22.6,791.4,32.85,24.09,0.98526,2.163,8.61,25.13,14,2
21.551,watch,9x4.5,pi5,8.390,2.035,-2.683,0.718,0.787,-0.049,1.067,-0.19,6.09,-20.83,0.6914,0.7098,0.0564,0.0000,6356,28.479,726.0,530.9,663.7,22.6,686.3,28.33,24.23,0.98519,2.173,9.98,25.13,14,2
21.599,watch,9x4.5,pi5,8.421,2.078,-2.686,0.622,0.751,-0.091,0.979,-2.83,2.95,-41.29,0.6548,0.6666,0.1093,0.0000,6259,26.179,667.4,458.3,572.9,22.6,595.5,24.46,24.34,0.98514,2.180,11.55,25.13,14,2
21.651,watch,9x4.5,pi5,8.442,2.107,-2.690,0.568,0.713,-0.086,0.916,-3.51,0.49,-53.87,0.6524,0.6512,0.1300,0.0000,6269,25.786,657.4,444.0,555.0,22.6,577.6,23.71,24.36,0.98508,2.189,11.92,25.13,14,2
21.699,watch,9x4.5,pi5,8.472,2.148,-2.694,0.501,0.639,-0.045,0.813,-3.07,-2.64,-71.44,0.6676,0.6591,0.1241,0.0000,6332,26.495,675.4,464.1,580.1,22.6,602.7,24.77,24.33,0.98502,2.197,11.41,25.13,14,2
21.751,watch,9x4.5,pi5,8.490,2.170,-2.696,0.466,0.586,-0.022,0.749,-2.09,-3.95,-82.37,0.6916,0.6769,0.0984,0.0000,6390,27.669,705.4,501.1,626.4,22.6,649.0,26.74,24.27,0.98496,2.206,10.57,25.13,14,2
21.799,watch,9x4.5,pi5,8.514,2.196,-2.696,0.424,0.510,-0.011,0.663,-0.19,-4.53,-97.49,0.7178,0.8475,0.0359,0.0000,6877,34.564,881.1,721.8,902.2,22.6,924.8,38.67,23.91,0.98487,2.219,7.31,25.13,14,2
21.851,watch,9x4.5,pi5,8.531,2.212,-2.697,0.399,0.454,-0.055,0.607,1.33,-4.40,-106.57,0.7583,0.7295,0.0000,0.0383,6605,31.480,802.5,621.4,776.7,22.6,799.3,33.20,24.08,0.98479,2.230,8.51,25.13,14,2
21.899,watch,9x4.5,pi5,8.557,2.231,-2.703,0.378,0.350,-0.168,0.542,5.10,-5.46,-118.60,0.7287,0.6897,0.0256,0.0000,6307,28.909,737.0,548.0,685.0,22.6,707.6,29.25,24.19,0.98473,2.240,9.66,25.13,14,2
21.951,watch,9x4.5,pi5,8.573,2.239,-2.710,0.375,0.273,-0.196,0.503,7.61,-6.40,-125.68,0.6550,0.6569,0.0829,0.0000,6129,25.636,653.5,448.2,560.2,22.6,582.8,23.93,24.35,0.98467,2.248,11.80,25.13,14,2
21.999,watch,9x4.5,pi5,8.596,2.244,-2.720,0.372,0.153,-0.169,0.436,10.74,-7.17,-134.99,0.6721,0.6374,0.0894,0.0000,6143,25.622,653.2,447.1,558.8,22.6,581.4,23.87,24.36,0.98462,2.256,11.83,25.13,14,2
22.047,watch,9x4.5,pi5,8.613,2.243,-2.726,0.368,0.062,-0.127,0.394,12.51,-7.15,-140.31,0.6848,0.6577,0.0764,0.0000,6216,26.613,678.4,475.9,594.9,22.6,617.5,25.40,24.31,0.98456,2.264,11.12,25.13,14,2
22.099,watch,9x4.5,pi5,8.641,2.232,-2.732,0.362,-0.095,-0.069,0.381,14.65,-6.29,-146.87,0.6992,0.6821,0.0523,0.0000,6269,27.761,707.7,511.3,639.1,22.6,661.7,27.29,24.25,0.98450,2.273,10.35,25.13,14,2
22.151,watch,9x4.5,pi5,8.658,2.219,-2.733,0.362,-0.201,-0.048,0.416,15.76,-5.32,-150.25,0.7132,0.6999,0.0237,0.0000,6281,28.695,731.5,541.7,677.2,22.6,699.8,28.91,24.20,0.98443,2.284,9.77,25.13,14,2
22.199,watch,9x4.5,pi5,8.682,2.193,-2.733,0.368,-0.353,-0.034,0.511,16.96,-3.56,-153.81,0.7174,0.7091,0.0000,0.0034,6256,29.073,741.1,555.0,693.8,22.6,716.4,29.63,24.18,0.98436,2.293,9.53,25.13,14,2
22.251,watch,9x4.5,pi5,8.700,2.169,-2.733,0.380,-0.461,-0.032,0.599,17.47,-2.32,-155.21,0.6996,0.6929,0.0000,0.0277,6221,27.997,713.7,521.4,651.7,22.6,674.3,27.82,24.23,0.98429,2.303,10.15,25.13,14,2
22.299,watch,9x4.5,pi5,8.730,2.120,-2.731,0.409,-0.624,-0.017,0.747,17.85,-0.63,-155.96,0.6915,0.6873,0.0000,0.0417,6222,27.603,703.7,508.3,635.4,22.6,658.0,27.13,24.25,0.98423,2.312,10.41,25.13,14,2
22.351,watch,9x4.5,pi5,8.750,2.084,-2.729,0.434,-0.717,0.001,0.838,17.88,0.28,-155.65,0.6922,0.6912,0.0000,0.0485,6263,27.803,708.8,513.0,641.2,22.6,663.8,27.38,24.25,0.98417,2.321,10.31,25.13,14,2
22.399,watch,9x4.5,pi5,8.780,2.026,-2.724,0.477,-0.836,0.028,0.963,17.64,1.17,-154.04,0.6973,0.6993,0.0000,0.0461,6303,28.250,720.2,525.9,657.4,22.6,680.0,28.07,24.22,0.98410,2.330,10.06,25.13,14,2
22.451,watch,9x4.5,pi5,8.803,1.981,-2.720,0.512,-0.915,0.041,1.049,17.32,1.40,-152.23,0.7045,0.7080,0.0000,0.0371,6327,28.751,732.9,541.5,676.8,22.6,699.4,28.90,24.20,0.98404,2.340,9.77,25.13,14,2
22.499,watch,9x4.5,pi5,8.843,1.903,-2.713,0.572,-1.027,0.050,1.177,16.61,1.18,-148.42,0.7113,0.7136,0.0000,0.0261,6333,29.127,742.5,553.8,692.2,22.6,714.8,29.56,24.18,0.98397,2.350,9.55,25.13,14,2
22.551,watch,9x4.5,pi5,8.870,1.850,-2.708,0.611,-1.089,0.048,1.249,16.00,0.67,-145.13,0.7166,0.7177,0.0000,0.0119,6315,29.387,749.2,563.1,703.9,22.6,726.5,30.06,24.16,0.98390,2.360,9.39,25.13,14,2
22.599,watch,9x4.5,pi5,8.911,1.773,-2.701,0.662,-1.163,0.037,1.339,14.87,-0.57,-139.05,0.7169,0.7167,0.0035,0.0000,6282,29.324,747.6,562.2,702.8,22.6,725.4,30.02,24.16,0.98383,2.370,9.40,25.13,14,2
22.651,watch,9x4.5,pi5,8.941,1.716,-2.697,0.695,-1.209,0.026,1.394,13.97,-1.64,-134.21,0.7022,0.7048,0.0198,0.0000,6245,28.460,725.5,535.5,669.3,22.6,691.9,28.58,24.21,0.98376,2.380,9.87,25.13,14,2
22.699,watch,9x4.5,pi5,8.993,1.622,-2.692,0.736,-1.265,0.019,1.464,12.38,-3.49,-125.77,0.6160,0.6181,0.1094,0.0801,6591,24.059,613.3,387.4,484.2,22.6,506.8,20.74,24.44,0.98372,2.387,13.61,25.13,14,2
22.751,watch,9x4.5,pi5,9.026,1.562,-2.688,0.750,-1.288,0.046,1.491,11.18,-4.76,-119.46,0.5077,0.5142,0.2319,0.2096,6736,20.735,528.6,268.6,335.8,22.6,358.4,14.55,24.63,0.98368,2.392,19.39,25.13,14,2
22.799,watch,9x4.5,pi5,9.072,1.479,-2.680,0.754,-1.303,0.148,1.513,9.30,-6.45,-109.30,0.4200,0.4288,0.3529,0.3405,7021,20.656,526.6,239.9,299.9,22.6,322.5,13.07,24.67,0.98365,2.396,21.58,25.13,14,2
22.851,watch,9x4.5,pi5,9.105,1.419,-2.670,0.751,-1.308,0.236,1.527,8.08,-7.37,-102.34,0.3366,0.3463,0.4769,0.4724,7347,22.861,582.8,283.6,354.5,22.6,377.1,15.33,24.60,0.98361,2.402,18.41,25.13,14,2
22.899,watch,9x4.5,pi5,9.157,1.325,-2.647,0.747,-1.316,0.343,1.552,6.34,-8.45,-92.06,0.2721,0.2815,0.5760,0.5750,7609,26.056,664.2,372.2,465.3,22.6,487.9,19.94,24.46,0.98357,2.408,14.14,25.13,14,2
22.951,watch,9x4.5,pi5,9.188,1.267,-2.629,0.746,-1.325,0.368,1.565,5.25,-8.99,-85.58,0.2145,0.2222,0.6548,0.6550,7761,29.245,745.5,476.3,595.3,22.6,617.9,25.43,24.30,0.98351,2.417,11.09,25.13,14,2
22.999,watch,9x4.5,pi5,9.231,1.185,-2.603,0.749,-1.344,0.348,1.578,3.76,-9.55,-76.79,0.1711,0.1792,0.6987,0.6965,7758,31.025,790.9,544.3,680.3,22.6,702.9,29.06,24.19,0.98344,2.427,9.71,25.13,14,2
23.051,watch,9x4.5,pi5,9.262,1.127,-2.587,0.754,-1.360,0.305,1.585,2.89,-9.76,-71.70,0.1411,0.1508,0.7146,0.7145,7669,31.553,804.4,572.2,715.2,22.6,737.8,30.56,24.14,0.98337,2.437,9.23,25.13,14,2
23.099,watch,9x4.5,pi5,9.311,1.033,-2.565,0.761,-1.385,0.222,1.596,1.83,-9.87,-65.36,0.1294,0.1383,0.7104,0.7102,7550,31.000,790.3,561.3,701.7,22.6,724.3,29.98,24.16,0.98330,2.447,9.41,25.13,14,2
23.151,watch,9x4.5,pi5,9.341,0.974,-2.554,0.765,-1.399,0.175,1.604,1.30,-9.86,-62.02,0.1311,0.1398,0.6907,0.6929,7428,29.739,758.1,524.9,656.1,22.6,678.7,28.02,24.22,0.98324,2.457,10.06,25.13,14,2
23.199,watch,9x4.5,pi5,9.383,0.892,-2.544,0.768,-1.413,0.128,1.613,0.73,-9.77,-58.28,0.1458,0.1552,0.6670,0.6682,7362,28.412,724.3,482.1,602.7,22.6,625.3,25.75,24.29,0.98318,2.465,10.95,25.13,14,2
23.251,watch,9x4.5,pi5,9.413,0.833,-2.538,0.768,-1.419,0.111,1.617,0.48,-9.71,-56.58,0.1743,0.1833,0.6364,0.6379,7346,27.060,689.8,434.8,543.5,22.6,566.1,23.24,24.36,0.98312,2.473,12.13,25.13,14,2
23.299,watch,9x4.5,pi5,9.460,0.739,-2.530,0.765,-1.423,0.114,1.620,0.30,-9.64,-55.08,0.2095,0.2171,0.6062,0.6094,7383,26.096,665.3,396.6,495.8,22.6,518.4,21.23,24.42,0.98308,2.480,13.28,25.13,14,2
23.351,watch,9x4.5,pi5,9.488,0.681,-2.525,0.762,-1.423,0.130,1.619,0.28,-9.63,-54.69,0.2545,0.2613,0.5763,0.5777,7483,25.541,651.1,366.5,458.2,22.6,480.8,19.65,24.47,0.98303,2.487,14.35,25.13,14,2
23.399,watch,9x4.5,pi5,9.529,0.600,-2.517,0.756,-1.420,0.165,1.617,0.38,-9.68,-54.86,0.2985,0.3050,0.5484,0.5510,7603,25.413,647.8,348.9,436.1,22.6,458.7,18.73,24.50,0.98299,2.493,15.05,25.13,14,2
23.451,watch,9x4.5,pi5,9.557,0.543,-2.509,0.751,-1.417,0.194,1.616,0.51,-9.74,-55.37,0.3466,0.3508,0.5201,0.5224,7737,25.573,651.9,339.5,424.4,22.6,447.0,18.24,24.51,0.98294,2.500,15.45,25.13,14,2
23.499,watch,9x4.5,pi5,9.602,0.452,-2.495,0.745,-1.412,0.236,1.614,0.79,-9.86,-56.59,0.3885,0.3921,0.4974,0.4986,7870,26.040,663.8,341.2,426.5,22.6,449.1,18.32,24.51,0.98290,2.506,15.38,25.12,14,2
23.551,watch,9x4.5,pi5,9.630,0.396,-2.484,0.743,-1.410,0.257,1.615,1.00,-9.95,-57.60,0.4303,0.4318,0.4752,0.4773,8008,26.742,681.7,350.8,438.6,22.6,461.2,18.83,24.49,0.98286,2.512,14.97,25.12,14,2
23.599,watch,9x4.5,pi5,9.669,0.319,-2.467,0.742,-1.410,0.275,1.617,1.34,-10.09,-59.25,0.4605,0.4635,0.4583,0.4587,8104,27.339,696.9,361.8,452.2,22.6,474.8,19.40,24.47,0.98281,2.519,14.53,25.12,14,2
23.651,watch,9x4.5,pi5,9.697,0.264,-2.455,0.743,-1.410,0.280,1.618,1.57,-10.17,-60.37,0.4863,0.4896,0.4417,0.4433,8176,27.874,710.6,373.3,466.7,22.6,489.3,20.01,24.46,0.98277,2.526,14.08,25.12,14,2
23.699,watch,9x4.5,pi5,9.742,0.176,-2.436,0.746,-1.414,0.276,1.622,1.89,-10.27,-61.97,0.5043,0.5069,0.4313,0.4323,8226,28.291,721.2,383.2,479.0,22.6,501.6,20.53,24.44,0.98272,2.532,13.73,25.12,14,2
23.751,watch,9x4.5,pi5,9.771,0.121,-2.424,0.749,-1.417,0.268,1.625,2.07,-10.32,-62.94,0.5165,0.5194,0.4246,0.4245,8263,28.614,729.5,391.2,489.0,22.6,511.6,20.95,24.43,0.98267,2.540,13.45,25.12,14,2
23.799,watch,9x4.5,pi5,9.812,0.044,-2.408,0.754,-1.423,0.252,1.630,2.31,-10.38,-64.16,0.5225,0.5231,0.4211,0.4200,8269,28.695,731.5,393.6,492.0,22.6,514.6,21.07,24.42,0.98262,2.547,13.37,25.12,14,2
23.851,watch,9x4.5,pi5,9.841,-0.012,-2.397,0.758,-1.428,0.239,1.634,2.42,-10.40,-64.81,0.5238,0.5228,0.4218,0.4184,8269,28.700,731.7,393.8,492.3,22.6,514.9,21.08,24.42,0.98257,2.554,13.36,25.12,14,2
23.899,watch,9x4.5,pi5,9.882,-0.090,-2.383,0.763,-1.435,0.222,1.640,2.53,-10.33,-65.49,0.5205,0.5204,0.4243,0.4218,8271,28.685,731.3,393.0,491.3,22.6,513.9,21.04,24.42,0.98253,2.561,13.39,25.12,14,2
23.951,watch,9x4.5,pi5,9.912,-0.146,-2.374,0.766,-1.439,0.210,1.644,2.58,-10.19,-65.81,0.5146,0.5154,0.4299,0.4279,8273,28.658,730.6,391.5,489.4,22.6,512.0,20.96,24.42,0.98248,2.568,13.44,25.12,14,2
23.999,watch,9x4.5,pi5,9.960,-0.236,-2.360,0.769,-1.443,0.192,1.647,2.59,-9.84,-66.07,0.5078,0.5093,0.4362,0.4353,8276,28.628,729.8,390.0,487.5,22.6,510.1,20.88,24.43,0.98243,2.575,13.49,25.12,14,2
24.051,watch,9x4.5,pi5,9.990,-0.292,-2.352,0.770,-1.444,0.181,1.647,2.57,-9.52,-66.10,0.5001,0.5012,0.4443,0.4434,8278,28.596,729.0,388.4,485.5,22.6,508.1,20.80,24.43,0.98238,2.582,13.54,25.12,14,2
24.099,watch,9x4.5,pi5,10.033,-0.371,-2.341,0.769,-1.442,0.166,1.643,2.51,-8.97,-66.00,0.4925,0.4939,0.4516,0.4514,8279,28.575,728.5,387.3,484.2,22.6,506.8,20.74,24.43,0.98233,2.589,13.58,25.12,14,2
24.151,watch,9x4.5,pi5,10.063,-0.427,-2.335,0.767,-1.437,0.156,1.636,2.45,-8.56,-65.85,0.4841,0.4869,0.4592,0.4597,8281,28.561,728.1,386.6,483.2,22.6,505.8,20.71,24.43,0.98228,2.597,13.60,25.12,14,2
24.199,watch,9x4.5,pi5,10.111,-0.516,-2.325,0.761,-1.424,0.139,1.621,2.36,-7.91,-65.54,0.4764,0.4816,0.4652,0.4668,8281,28.555,727.9,386.2,482.8,22.6,505.4,20.69,24.43,0.98224,2.603,13.61,25.12,14,2
24.252,watch,9x4.5,pi5,10.142,-0.571,-2.320,0.755,-1.413,0.129,1.607,2.29,-7.47,-65.31,0.4717,0.4740,0.4716,0.4724,8280,28.544,727.7,385.9,482.4,22.6,505.0,20.67,24.43,0.98219,2.611,13.62,25.12,14,2
24.300,watch,9x4.5,pi5,10.184,-0.647,-2.313,0.745,-1.393,0.115,1.584,2.20,-6.81,-64.94,0.4665,0.4700,0.4756,0.4772,8279,28.534,727.4,385.8,482.2,22.6,504.8,20.66,24.43,0.98214,2.617,13.63,25.12,14,2
24.352,watch,9x4.5,pi5,10.214,-0.700,-2.309,0.737,-1.377,0.105,1.565,2.15,-6.38,-64.71,0.4621,0.4665,0.4789,0.4813,8277,28.523,727.1,385.6,482.0,22.6,504.6,20.66,24.43,0.98209,2.625,13.63,25.12,14,2
24.400,watch,9x4.5,pi5,10.261,-0.784,-2.303,0.721,-1.347,0.090,1.530,2.07,-5.76,-64.38,0.4593,0.4643,0.4809,0.4836,8274,28.512,726.9,385.5,481.9,22.6,504.5,20.65,24.43,0.98205,2.631,13.63,25.12,14,2
24.452,watch,9x4.5,pi5,10.290,-0.835,-2.300,0.710,-1.325,0.082,1.505,2.02,-5.37,-64.20,0.4582,0.4617,0.4830,0.4845,8272,28.498,726.5,385.3,481.6,22.6,504.2,20.64,24.43,0.98200,2.639,13.64,25.12,14,2
24.500,watch,9x4.5,pi5,10.330,-0.905,-2.297,0.693,-1.293,0.070,1.468,1.96,-4.81,-63.98,0.4551,0.4625,0.4805,0.4900,8274,28.518,727.0,385.8,482.2,22.6,504.8,20.66,24.43,0.98195,2.645,13.62,25.12,14,2
24.552,watch,9x4.5,pi5,10.358,-0.954,-2.295,0.679,-1.268,0.062,1.440,1.92,-4.47,-63.88,0.4500,0.4551,0.4897,0.4920,8270,28.503,726.6,385.8,482.2,22.6,504.8,20.66,24.43,0.98190,2.653,13.62,25.12,14,2
24.600,watch,9x4.5,pi5,10.402,-1.029,-2.292,0.657,-1.226,0.049,1.392,1.79,-4.13,-63.80,0.4463,0.4500,0.4936,0.4949,8263,28.469,725.8,385.4,481.7,22.6,504.3,20.64,24.43,0.98185,2.659,13.63,25.12,14,2
24.652,watch,9x4.5,pi5,10.429,-1.075,-2.291,0.642,-1.200,0.041,1.362,1.70,-3.98,-63.81,0.4449,0.4478,0.4955,0.4949,8256,28.428,724.7,384.7,480.8,22.6,503.4,20.61,24.43,0.98180,2.667,13.66,25.12,14,2
24.700,watch,9x4.5,pi5,10.465,-1.137,-2.290,0.620,-1.165,0.031,1.320,1.56,-3.77,-63.94,0.4462,0.4491,0.4935,0.4931,8252,28.395,723.9,383.8,479.8,22.6,502.4,20.56,24.43,0.98176,2.673,13.69,25.12,14,2
24.752,watch,9x4.5,pi5,10.490,-1.180,-2.289,0.604,-1.140,0.026,1.290,1.49,-3.62,-64.09,0.4491,0.4514,0.4905,0.4903,8250,28.368,723.2,383.1,478.9,22.6,501.5,20.53,24.43,0.98171,2.681,13.71,25.12,14,2
24.800,watch,9x4.5,pi5,10.530,-1.246,-2.289,0.579,-1.099,0.017,1.242,1.41,-3.39,-64.42,0.4526,0.4552,0.4866,0.4865,8248,28.344,722.6,382.4,478.0,22.6,500.6,20.49,24.43,0.98166,2.687,13.73,25.12,14,2
24.852,watch,9x4.5,pi5,10.554,-1.285,-2.289,0.563,-1.074,0.013,1.213,1.38,-3.22,-64.70,0.4563,0.4586,0.4822,0.4834,8247,28.328,722.2,381.8,477.3,22.6,499.9,20.46,24.43,0.98162,2.694,13.75,25.12,14,2
24.900,watch,9x4.5,pi5,10.587,-1.338,-2.288,0.541,-1.038,0.006,1.171,1.34,-2.97,-65.18,0.4600,0.4625,0.4788,0.4794,8247,28.324,722.1,381.6,477.0,22.6,499.6,20.45,24.43,0.98157,2.701,13.76,25.12,14,2
24.952,watch,9x4.5,pi5,10.610,-1.375,-2.288,0.525,-1.013,0.003,1.141,1.32,-2.80,-65.53,0.4621,0.4659,0.4764,0.4766,8248,28.328,722.2,381.6,477.0,22.6,499.6,20.45,24.43,0.98152,2.708,13.76,25.12,14,2
25.000,watch,9x4.5,pi5,10.652,-1.443,-2.289,0.495,-0.965,-0.005,1.085,1.28,-2.50,-66.20,0.4652,0.4690,0.4730,0.4739,8249,28.328,722.2,381.6,477.0,22.6,499.6,20.45,24.43,0.98147,2.715,13.76,25.12,14,2
25.052,watch,9x4.5,pi5,10.674,-1.476,-2.289,0.479,-0.939,-0.008,1.055,1.27,-2.35,-66.58,0.4668,0.4695,0.4721,0.4727,8249,28.328,722.2,381.6,477.0,22.6,499.6,20.45,24.43,0.98143,2.722,13.76,25.12,14,2
25.100,watch,9x4.5,pi5,10.704,-1.520,-2.290,0.458,-0.903,-0.012,1.013,1.24,-2.13,-67.16,0.4679,0.4701,0.4713,0.4719,8249,28.327,722.1,381.5,476.9,22.6,499.5,20.45,24.43,0.98138,2.729,13.76,25.12,14,2
25.148,watch,9x4.5,pi5,10.726,-1.550,-2.291,0.444,-0.877,-0.016,0.983,1.21,-1.99,-67.55,0.4662,0.4690,0.4724,0.4732,8248,28.321,722.0,381.4,476.8,22.6,499.4,20.44,24.43,0.98133,2.736,13.76,25.12,14,2
25.200,watch,9x4.5,pi5,10.758,-1.597,-2.293,0.421,-0.837,-0.020,0.937,1.17,-1.81,-68.13,0.4657,0.4684,0.4730,0.4735,8247,28.318,721.9,381.4,476.7,22.6,499.3,20.44,24.43,0.98129,2.743,13.76,25.12,14,2
25.252,watch,9x4.5,pi5,10.778,-1.626,-2.294,0.406,-0.812,-0.023,0.908,1.13,-1.69,-68.52,0.4632,0.4655,0.4753,0.4761,8246,28.307,721.6,381.2,476.5,22.6,499.1,20.43,24.43,0.98124,2.750,13.77,25.12,14,2
25.300,watch,9x4.5,pi5,10.804,-1.664,-2.296,0.386,-0.779,-0.027,0.869,1.07,-1.54,-69.13,0.4614,0.4641,0.4766,0.4776,8243,28.294,721.3,381.0,476.2,22.6,498.8,20.42,24.43,0.98119,2.757,13.77,25.12,14,2
25.352,watch,9x4.5,pi5,10.822,-1.690,-2.298,0.371,-0.755,-0.029,0.842,1.04,-1.44,-69.54,0.4575,0.4600,0.4802,0.4812,8241,28.286,721.1,380.9,476.2,22.6,498.8,20.42,24.43,0.98114,2.764,13.77,25.12,14,2
25.400,watch,9x4.5,pi5,10.850,-1.731,-2.300,0.349,-0.719,-0.033,0.800,0.98,-1.30,-70.19,0.4567,0.4579,0.4816,0.4821,8239,28.273,720.8,380.7,475.9,22.6,498.5,20.41,24.43,0.98110,2.770,13.78,25.12,14,2
25.452,watch,9x4.5,pi5,10.867,-1.755,-2.302,0.335,-0.697,-0.035,0.774,0.95,-1.22,-70.66,0.4531,0.4553,0.4848,0.4849,8238,28.273,720.8,380.9,476.1,22.6,498.7,20.41,24.43,0.98105,2.778,13.77,25.12,14,2
25.500,watch,9x4.5,pi5,10.889,-1.787,-2.304,0.316,-0.667,-0.038,0.739,0.89,-1.10,-71.42,0.4520,0.4542,0.4858,0.4857,8237,28.268,720.6,380.8,476.0,22.6,498.6,20.41,24.43,0.98100,2.784,13.77,25.11,14,2
25.552,watch,9x4.5,pi5,10.905,-1.810,-2.306,0.303,-0.646,-0.039,0.715,0.86,-1.03,-71.96,0.4484,0.4506,0.4893,0.4894,8236,28.276,720.8,381.2,476.5,22.6,499.1,20.43,24.43,0.98095,2.792,13.76,25.11,14,2
25.600,watch,9x4.5,pi5,10.929,-1.844,-2.309,0.282,-0.614,-0.042,0.677,0.81,-0.93,-72.85,0.4551,0.5307,0.5048,0.5046,8662,31.304,798.0,444.6,555.8,22.6,578.4,23.77,24.33,0.98090,2.799,11.82,25.11,14,2
25.652,watch,9x4.5,pi5,10.943,-1.864,-2.312,0.271,-0.594,-0.075,0.657,1.06,-1.11,-73.47,0.6765,0.6654,0.3238,0.2857,8504,33.056,842.7,540.7,675.9,22.6,698.5,28.90,24.17,0.98083,2.809,9.73,25.11,14,2
25.700,watch,9x4.5,pi5,10.963,-1.892,-2.319,0.271,-0.575,-0.183,0.661,3.47,-2.67,-73.91,0.8222,0.7986,0.1243,0.1121,8162,38.219,974.3,788.9,986.2,22.6,1008.8,42.45,23.77,0.98074,2.823,6.62,25.11,14,2
25.752,watch,9x4.5,pi5,10.977,-1.911,-2.330,0.296,-0.568,-0.313,0.713,5.58,-3.81,-73.36,0.8545,0.8380,0.0062,0.0038,7602,39.534,1007.8,875.0,1093.8,22.6,1116.4,47.26,23.62,0.98062,2.839,5.95,25.11,14,2
25.800,watch,9x4.5,pi5,11.005,-1.941,-2.359,0.382,-0.565,-0.532,0.865,8.35,-5.32,-70.82,0.7544,0.7733,0.0000,0.0144,6663,32.831,837.0,665.5,831.9,22.6,854.5,35.65,23.97,0.98054,2.850,7.88,25.11,14,2
25.852,watch,9x4.5,pi5,11.025,-1.961,-2.384,0.447,-0.561,-0.601,0.935,9.64,-6.11,-68.02,0.7153,0.6869,0.0000,0.0325,6273,28.370,723.2,531.5,664.4,22.6,687.0,28.41,24.18,0.98047,2.860,9.89,25.11,14,2
25.900,watch,9x4.5,pi5,11.060,-1.988,-2.422,0.535,-0.549,-0.602,0.975,10.83,-7.25,-62.47,0.6287,0.6185,0.0598,0.0978,6523,24.222,617.5,396.4,495.4,22.6,518.0,21.23,24.40,0.98043,2.867,13.23,25.11,14,2
25.952,watch,9x4.5,pi5,11.088,-2.007,-2.449,0.591,-0.536,-0.549,0.969,11.09,-8.01,-58.05,0.5360,0.5358,0.1655,0.1904,6606,20.975,534.7,286.8,358.4,22.6,381.0,15.51,24.57,0.98039,2.873,18.12,25.11,14,2
26.000,watch,9x4.5,pi5,11.139,-2.038,-2.484,0.666,-0.509,-0.391,0.925,10.70,-9.21,-50.72,0.4690,0.4622,0.2752,0.2856,6839,20.223,515.5,242.6,303.3,22.6,325.9,13.23,24.64,0.98036,2.877,21.24,25.11,14,2
26.052,watch,9x4.5,pi5,11.174,-2.057,-2.499,0.707,-0.491,-0.276,0.904,10.04,-10.02,-45.57,0.4046,0.4020,0.3881,0.3913,7180,21.464,547.2,251.7,314.7,22.6,337.3,13.70,24.62,0.98033,2.882,20.51,25.11,14,2
26.100,watch,9x4.5,pi5,11.226,-2.082,-2.511,0.764,-0.466,-0.132,0.905,8.67,-11.07,-37.78,0.3540,0.3505,0.4777,0.4770,7445,23.417,597.0,293.0,366.2,22.6,388.8,15.83,24.56,0.98029,2.887,17.74,25.11,14,2
26.152,watch,9x4.5,pi5,11.265,-2.099,-2.515,0.808,-0.448,-0.054,0.926,7.62,-11.58,-32.72,0.3070,0.3049,0.5516,0.5493,7640,25.604,652.7,352.0,440.0,22.6,462.6,18.91,24.47,0.98025,2.894,14.86,25.11,14,2
26.200,watch,9x4.5,pi5,11.333,-2.125,-2.513,0.884,-0.420,0.019,0.978,6.01,-11.98,-25.65,0.2727,0.2726,0.6010,0.5983,7754,27.371,697.8,405.8,507.2,22.6,529.8,21.73,24.38,0.98020,2.901,12.93,25.11,14,2
26.248,watch,9x4.5,pi5,11.377,-2.141,-2.510,0.932,-0.403,0.037,1.016,4.99,-11.99,-21.41,0.2498,0.2504,0.6301,0.6271,7801,28.468,725.7,442.5,553.1,22.6,575.7,23.67,24.32,0.98015,2.908,11.87,25.11,14,2
26.300,watch,9x4.5,pi5,11.444,-2.163,-2.505,0.996,-0.380,0.040,1.067,3.66,-11.65,-15.95,0.2365,0.2373,0.6438,0.6405,7803,28.941,737.8,460.3,575.4,22.6,598.0,24.61,24.29,0.98009,2.917,11.41,25.11,14,2
26.352,watch,9x4.5,pi5,11.493,-2.178,-2.501,1.037,-0.365,0.035,1.100,2.92,-11.23,-12.94,0.2347,0.2394,0.6409,0.6389,7788,28.799,734.2,456.5,570.6,22.6,593.2,24.41,24.30,0.98003,2.926,11.50,25.11,14,2
26.400,watch,9x4.5,pi5,11.575,-2.201,-2.495,1.090,-0.342,0.028,1.143,2.07,-10.41,-9.40,0.2435,0.2503,0.6277,0.6295,7778,28.370,723.2,441.2,551.5,22.6,574.1,23.60,24.32,0.97998,2.933,11.90,25.11,14,2
26.452,watch,9x4.5,pi5,11.628,-2.215,-2.492,1.115,-0.328,0.026,1.163,1.68,-9.78,-7.66,0.2640,0.2704,0.6089,0.6086,7781,27.755,707.5,417.4,521.8,22.6,544.4,22.35,24.36,0.97992,2.941,12.56,25.11,14,2
26.500,watch,9x4.5,pi5,11.704,-2.234,-2.488,1.140,-0.311,0.031,1.182,1.30,-8.80,-5.87,0.2890,0.2947,0.5869,0.5875,7803,27.258,694.9,395.9,494.9,22.6,517.5,21.21,24.39,0.97987,2.948,13.23,25.11,14,2
26.548,watch,9x4.5,pi5,11.758,-2.248,-2.485,1.151,-0.299,0.040,1.190,1.16,-8.15,-5.16,0.3188,0.3237,0.5628,0.5642,7844,26.900,685.8,377.4,471.8,22.6,494.4,20.24,24.42,0.97983,2.955,13.87,25.11,14,2
26.600,watch,9x4.5,pi5,11.845,-2.269,-2.479,1.156,-0.281,0.061,1.191,1.08,-7.21,-4.67,0.3516,0.3573,0.5363,0.5396,7900,26.719,681.1,363.7,454.6,22.6,477.2,19.52,24.44,0.97978,2.962,14.38,25.11,14,2
26.652,watch,9x4.5,pi5,11.898,-2.283,-2.475,1.154,-0.271,0.075,1.187,1.08,-6.61,-4.66,0.3868,0.3911,0.5123,0.5149,7974,26.810,683.5,357.9,447.4,22.6,470.0,19.22,24.45,0.97974,2.968,14.60,25.11,14,2
26.700,watch,9x4.5,pi5,11.972,-2.301,-2.468,1.144,-0.256,0.093,1.176,1.14,-5.77,-4.95,0.4156,0.4189,0.4915,0.4963,8036,27.012,688.6,357.8,447.3,22.6,469.9,19.22,24.45,0.97969,2.975,14.61,25.11,14,2
26.752,watch,9x4.5,pi5,12.024,-2.314,-2.462,1.133,-0.246,0.104,1.164,1.18,-5.24,-5.28,0.4397,0.4434,0.4755,0.4788,8091,27.279,695.4,361.1,451.4,22.6,474.0,19.39,24.45,0.97965,2.981,14.48,25.11,14,2
26.800,watch,9x4.5,pi5,12.104,-2.334,-2.454,1.109,-0.230,0.114,1.138,1.22,-4.52,-5.88,0.4575,0.4614,0.4637,0.4671,8135,27.553,702.4,366.0,457.6,22.6,480.2,19.65,24.44,0.97960,2.988,14.29,25.11,14,2
26.852,watch,9x4.5,pi5,12.153,-2.346,-2.448,1.091,-0.220,0.116,1.119,1.24,-4.07,-6.29,0.4752,0.4792,0.4516,0.4544,8174,27.827,709.4,371.8,464.7,22.6,487.3,19.95,24.43,0.97956,2.995,14.07,25.11,14,2
26.900,watch,9x4.5,pi5,12.218,-2.362,-2.441,1.062,-0.208,0.115,1.088,1.26,-3.45,-6.86,0.4874,0.4915,0.4424,0.4453,8197,28.014,714.2,376.2,470.2,22.6,492.8,20.18,24.42,0.97951,3.001,13.91,25.11,14,2
26.952,watch,9x4.5,pi5,12.264,-2.373,-2.436,1.039,-0.199,0.111,1.064,1.27,-3.07,-7.18,0.4990,0.5029,0.4328,0.4357,8210,28.160,717.9,380.1,475.2,22.6,497.8,20.39,24.42,0.97946,3.009,13.76,25.11,14,2
27.000,watch,9x4.5,pi5,12.333,-2.391,-2.428,0.999,-0.185,0.102,1.021,1.28,-2.57,-7.50,0.5049,0.5088,0.4281,0.4306,8217,28.243,720.0,382.5,478.1,22.6,500.7,20.51,24.41,0.97942,3.015,13.68,25.11,14,2
27.052,watch,9x4.5,pi5,12.374,-2.401,-2.424,0.972,-0.176,0.096,0.993,1.29,-2.26,-7.60,0.5102,0.5139,0.4235,0.4258,8221,28.303,721.5,384.4,480.5,22.6,503.1,20.61,24.41,0.97937,3.023,13.61,25.11,14,2
27.100,watch,9x4.5,pi5,12.430,-2.415,-2.419,0.933,-0.163,0.086,0.951,1.29,-1.86,-7.55,0.5020,0.6537,0.4571,0.4339,8849,33.241,847.4,500.0,625.0,22.6,647.6,26.73,24.22,0.97931,3.031,10.50,25.11,14,2
27.152,watch,9x4.5,pi5,12.468,-2.424,-2.416,0.906,-0.153,0.032,0.919,1.81,-2.01,-7.34,0.7487,0.7338,0.2692,0.2320,8621,36.221,923.4,658.3,822.9,22.6,845.5,35.28,23.97,0.97922,3.043,7.95,25.11,14,2
27.200,watch,9x4.5,pi5,12.526,-2.436,-2.420,0.882,-0.114,-0.151,0.902,4.98,-3.51,-6.24,0.8739,0.8135,0.0863,0.0818,8156,40.356,1028.8,875.8,1094.7,22.6,1117.3,47.33,23.61,0.97912,3.058,5.93,25.11,14,2
27.252,watch,9x4.5,pi5,12.562,-2.442,-2.430,0.886,-0.058,-0.309,0.941,7.54,-4.60,-4.55,0.8374,0.7827,0.0000,0.0240,7032,36.489,930.2,780.2,975.3,22.6,997.9,41.99,23.76,0.97902,3.073,6.68,25.11,14,2
27.300,watch,9x4.5,pi5,12.613,-2.445,-2.456,0.904,0.052,-0.490,1.030,10.91,-6.24,-0.29,0.7099,0.7408,0.0000,0.0489,6508,30.192,769.7,581.7,727.1,22.6,749.7,31.12,24.09,0.97895,3.083,9.01,25.11,14,2
27.352,watch,9x4.5,pi5,12.650,-2.442,-2.480,0.914,0.137,-0.532,1.066,12.45,-7.20,3.58,0.6899,0.6668,0.0057,0.0730,6634,27.306,696.1,489.4,611.8,22.6,634.4,26.17,24.24,0.97888,3.092,10.71,25.11,14,2
27.400,watch,9x4.5,pi5,12.710,-2.429,-2.520,0.917,0.273,-0.495,1.078,13.79,-8.81,10.57,0.5924,0.5823,0.0945,0.1558,6596,22.826,581.9,346.7,433.4,22.6,456.0,18.64,24.46,0.97884,3.098,15.04,25.11,14,2
27.452,watch,9x4.5,pi5,12.748,-2.416,-2.542,0.911,0.351,-0.417,1.062,13.96,-10.05,15.83,0.4999,0.4997,0.2232,0.2546,6786,20.670,526.9,262.2,327.7,22.6,350.3,14.24,24.59,0.97881,3.103,19.68,25.11,14,2
27.500,watch,9x4.5,pi5,12.801,-2.391,-2.567,0.897,0.448,-0.265,1.037,13.14,-12.09,24.25,0.4333,0.4254,0.3422,0.3558,7073,20.972,534.6,245.5,306.9,22.6,329.5,13.38,24.62,0.97878,3.107,20.95,25.10,14,2
27.548,watch,9x4.5,pi5,12.839,-2.369,-2.578,0.886,0.516,-0.154,1.036,12.09,-13.46,30.00,0.3708,0.3667,0.4483,0.4522,7368,22.747,579.9,277.2,346.5,22.6,369.1,15.02,24.57,0.97874,3.112,18.66,25.10,14,2
27.600,watch,9x4.5,pi5,12.898,-2.329,-2.584,0.873,0.630,-0.014,1.076,10.03,-15.22,38.54,0.3134,0.3079,0.5407,0.5404,7601,25.212,642.7,341.6,427.1,22.6,449.7,18.38,24.47,0.97870,3.119,15.26,25.10,14,2
27.652,watch,9x4.5,pi5,12.936,-2.299,-2.584,0.869,0.707,0.039,1.120,8.49,-16.11,43.97,0.2683,0.2619,0.6088,0.6061,7756,27.606,703.8,414.5,518.2,22.6,540.8,22.20,24.35,0.97865,3.127,12.62,25.10,14,2
27.700,watch,9x4.5,pi5,12.988,-2.252,-2.580,0.868,0.820,0.073,1.197,6.17,-16.92,51.40,0.2356,0.2300,0.6471,0.6442,7799,29.052,740.6,464.9,581.2,22.6,603.8,24.87,24.27,0.97859,3.135,11.27,25.10,14,2
27.752,watch,9x4.5,pi5,13.026,-2.214,-2.576,0.871,0.903,0.077,1.257,4.74,-17.13,55.75,0.2128,0.2119,0.6658,0.6635,7788,29.725,757.8,491.8,614.7,22.6,637.3,26.30,24.23,0.97853,3.144,10.66,25.10,14,2
27.800,watch,9x4.5,pi5,13.087,-2.146,-2.569,0.878,1.029,0.066,1.354,2.88,-17.00,61.19,0.2045,0.2075,0.6667,0.6665,7756,29.684,756.7,493.5,616.8,22.6,639.4,26.39,24.23,0.97847,3.152,10.62,25.10,14,2
27.852,watch,9x4.5,pi5,13.126,-2.099,-2.565,0.882,1.100,0.057,1.411,1.88,-16.71,64.07,0.2106,0.2152,0.6558,0.6548,7725,29.123,742.4,475.3,594.2,22.6,616.8,25.43,24.26,0.97841,3.161,11.02,25.10,14,2
27.900,watch,9x4.5,pi5,13.182,-2.029,-2.560,0.888,1.189,0.052,1.485,0.76,-16.09,67.31,0.2265,0.2329,0.6372,0.6375,7716,28.421,724.5,449.6,562.1,22.6,584.7,24.06,24.30,0.97836,3.169,11.64,25.10,14,2
27.952,watch,9x4.5,pi5,13.223,-1.976,-2.557,0.890,1.244,0.054,1.531,0.25,-15.62,68.80,0.2533,0.2614,0.6104,0.6134,7732,27.638,704.6,418.4,523.0,22.6,545.6,22.41,24.35,0.97830,3.177,12.50,25.10,14,2
28.000,watch,9x4.5,pi5,13.288,-1.888,-2.552,0.894,1.316,0.069,1.593,-0.22,-14.94,70.14,0.2838,0.2929,0.5852,0.5883,7775,27.112,691.2,393.6,492.1,22.6,514.7,21.11,24.38,0.97825,3.184,13.27,25.10,14,2
28.052,watch,9x4.5,pi5,13.330,-1.831,-2.548,0.895,1.353,0.085,1.625,-0.36,-14.53,70.54,0.3222,0.3308,0.5572,0.5612,7852,26.849,684.4,374.6,468.2,22.6,490.8,20.10,24.41,0.97821,3.191,13.93,25.10,14,2
28.100,watch,9x4.5,pi5,13.388,-1.750,-2.541,0.895,1.397,0.110,1.663,-0.38,-13.99,70.56,0.3586,0.3651,0.5327,0.5367,7930,26.835,684.1,364.4,455.5,22.6,478.1,19.57,24.43,0.97816,3.197,14.31,25.10,14,2
28.152,watch,9x4.5,pi5,13.430,-1.691,-2.536,0.894,1.423,0.129,1.686,-0.30,-13.68,70.27,0.3956,0.4019,0.5071,0.5108,8011,26.984,687.9,359.9,449.9,22.6,472.5,19.34,24.44,0.97812,3.204,14.49,25.10,14,2
28.200,watch,9x4.5,pi5,13.497,-1.595,-2.526,0.893,1.460,0.153,1.718,-0.09,-13.30,69.54,0.4268,0.4320,0.4864,0.4909,8086,27.294,695.8,362.4,453.0,22.6,475.6,19.47,24.43,0.97807,3.211,14.39,25.10,14,2
28.252,watch,9x4.5,pi5,13.539,-1.535,-2.519,0.891,1.480,0.163,1.736,0.08,-13.09,68.94,0.4562,0.4607,0.4678,0.4713,8158,27.709,706.4,369.2,461.5,22.6,484.1,19.82,24.42,0.97802,3.218,14.13,25.10,14,2
28.300,watch,9x4.5,pi5,13.598,-1.450,-2.508,0.889,1.506,0.171,1.757,0.36,-12.81,67.99,0.4773,0.4811,0.4538,0.4568,8205,28.038,714.8,376.0,470.0,22.6,492.6,20.18,24.41,0.97798,3.224,13.88,25.10,14,2
28.352,watch,9x4.5,pi5,13.640,-1.389,-2.501,0.887,1.523,0.172,1.771,0.55,-12.66,67.38,0.4948,0.4978,0.4409,0.4448,8239,28.323,722.0,382.7,478.4,22.6,501.0,20.53,24.40,0.97793,3.231,13.64,25.10,14,2
28.400,watch,9x4.5,pi5,13.706,-1.292,-2.489,0.883,1.547,0.167,1.789,0.81,-12.45,66.58,0.5047,0.5086,0.4346,0.4370,8263,28.533,727.4,387.9,484.9,22.6,507.5,20.81,24.39,0.97788,3.238,13.46,25.10,14,2
28.452,watch,9x4.5,pi5,13.747,-1.230,-2.482,0.880,1.561,0.162,1.799,0.96,-12.33,66.16,0.5117,0.5154,0.4294,0.4334,8281,28.696,731.5,392.0,490.0,22.6,512.6,21.02,24.38,0.97783,3.246,13.32,25.10,14,2
28.500,watch,9x4.5,pi5,13.805,-1.144,-2.472,0.876,1.578,0.152,1.811,1.15,-12.17,65.73,0.5137,0.5175,0.4294,0.4321,8291,28.774,733.5,393.8,492.3,22.6,514.9,21.12,24.38,0.97779,3.252,13.26,25.10,14,2
28.552,watch,9x4.5,pi5,13.845,-1.083,-2.466,0.871,1.590,0.144,1.818,1.25,-12.08,65.58,0.5131,0.5172,0.4306,0.4333,8297,28.809,734.4,394.4,493.0,22.6,515.6,21.15,24.38,0.97774,3.260,13.24,25.10,14,2
28.600,watch,9x4.5,pi5,13.909,-0.984,-2.457,0.864,1.606,0.131,1.829,1.37,-11.98,65.56,0.5099,0.5139,0.4340,0.4376,8301,28.811,734.5,393.9,492.4,22.6,515.0,21.13,24.38,0.97769,3.267,13.25,25.10,14,2
28.652,watch,9x4.5,pi5,13.949,-0.921,-2.452,0.859,1.616,0.123,1.834,1.42,-11.92,65.68,0.5053,0.5091,0.4395,0.4419,8302,28.791,734.0,392.9,491.2,22.6,513.8,21.07,24.38,0.97764,3.274,13.29,25.10,14,2
28.700,watch,9x4.5,pi5,14.003,-0.834,-2.445,0.851,1.628,0.111,1.840,1.46,-11.86,66.01,0.4997,0.5031,0.4454,0.4476,8302,28.761,733.2,391.7,489.6,22.6,512.2,21.01,24.38,0.97759,3.281,13.33,25.10,14,2
28.752,watch,9x4.5,pi5,14.042,-0.771,-2.441,0.845,1.636,0.104,1.844,1.48,-11.84,66.32,0.4939,0.4974,0.4508,0.4539,8303,28.743,732.7,390.8,488.5,22.6,511.1,20.96,24.38,0.97754,3.288,13.35,25.10,14,2
28.800,watch,9x4.5,pi5,14.103,-0.670,-2.435,0.835,1.648,0.093,1.850,1.48,-11.81,66.91,0.4878,0.4918,0.4574,0.4593,8304,28.729,732.4,390.1,487.7,22.6,510.3,20.93,24.38,0.97749,3.295,13.38,25.10,14,2
28.852,watch,9x4.5,pi5,14.141,-0.607,-2.431,0.828,1.655,0.086,1.853,1.48,-11.80,67.34,0.4828,0.4864,0.4628,0.4645,8305,28.722,732.2,389.7,487.2,22.6,509.8,20.91,24.38,0.97744,3.302,13.39,25.10,14,2
28.900,watch,9x4.5,pi5,14.193,-0.518,-2.427,0.818,1.665,0.077,1.857,1.46,-11.80,68.06,0.4783,0.4815,0.4670,0.4701,8306,28.727,732.3,389.7,487.1,22.6,509.7,20.91,24.38,0.97740,3.309,13.39,25.10,14,2
28.952,watch,9x4.5,pi5,14.230,-0.454,-2.424,0.811,1.672,0.072,1.859,1.45,-11.81,68.55,0.4751,0.4783,0.4704,0.4735,8308,28.733,732.5,389.8,487.3,22.6,509.9,20.91,24.38,0.97735,3.317,13.38,25.10,14,2
29.000,watch,9x4.5,pi5,14.287,-0.351,-2.420,0.798,1.682,0.063,1.863,1.43,-11.82,69.30,0.4721,0.4754,0.4735,0.4766,8309,28.742,732.7,390.0,487.5,22.6,510.1,20.92,24.38,0.97730,3.323,13.38,25.10,14,2
29.052,watch,9x4.5,pi5,14.322,-0.287,-2.418,0.789,1.688,0.058,1.865,1.42,-11.83,69.79,0.4703,0.4738,0.4753,0.4784,8310,28.745,732.8,390.0,487.6,22.6,510.2,20.92,24.38,0.97725,3.331,13.37,25.10,14,2
29.100,watch,9x4.5,pi5,14.371,-0.196,-2.415,0.778,1.697,0.051,1.867,1.41,-11.86,70.51,0.4686,0.4727,0.4770,0.4795,8309,28.746,732.8,390.1,487.6,22.6,510.2,20.93,24.38,0.97720,3.338,13.37,25.10,14,2
29.152,watch,9x4.5,pi5,14.405,-0.131,-2.414,0.769,1.703,0.047,1.869,1.41,-11.88,70.98,0.4695,0.4694,0.4772,0.4762,8290,28.609,729.3,387.3,484.1,22.6,506.7,20.78,24.39,0.97715,3.345,13.46,25.10,14,2
29.200,watch,9x4.5,pi5,14.459,-0.027,-2.412,0.755,1.713,0.043,1.872,1.42,-11.87,71.65,0.4682,0.4682,0.4765,0.4756,8276,28.515,726.9,385.4,481.7,22.6,504.3,20.68,24.39,0.97711,3.352,13.53,25.10,14,2
29.252,watch,9x4.5,pi5,14.492,0.039,-2.411,0.746,1.718,0.041,1.873,1.42,-11.77,72.08,0.4691,0.4681,0.4755,0.4735,8267,28.455,725.4,384.1,480.2,22.6,502.8,20.61,24.39,0.97706,3.359,13.57,25.10,14,2
29.300,watch,9x4.5,pi5,14.537,0.131,-2.410,0.732,1.723,0.041,1.872,1.42,-11.46,72.71,0.4685,0.4692,0.4742,0.4732,8263,28.427,724.7,383.6,479.5,22.6,502.1,20.59,24.39,0.97701,3.366,13.59,25.10,14,2
29.352,watch,9x4.5,pi5,14.569,0.197,-2.409,0.722,1.724,0.040,1.870,1.42,-11.15,73.12,0.4692,0.4719,0.4708,0.4723,8261,28.407,724.2,383.2,479.0,22.6,501.6,20.56,24.39,0.97696,3.373,13.60,25.10,14,2
29.400,watch,9x4.5,pi5,14.619,0.302,-2.407,0.704,1.722,0.039,1.860,1.43,-10.59,73.71,0.4700,0.4725,0.4701,0.4711,8259,28.394,723.8,382.9,478.6,22.6,501.2,20.55,24.39,0.97692,3.380,13.61,25.10,14,2
29.452,watch,9x4.5,pi5,14.650,0.367,-2.406,0.692,1.717,0.038,1.851,1.43,-10.16,74.10,0.4716,0.4743,0.4681,0.4691,8257,28.382,723.5,382.7,478.3,22.6,500.9,20.54,24.39,0.97687,3.387,13.62,25.10,14,2
29.500,watch,9x4.5,pi5,14.692,0.458,-2.405,0.673,1.706,0.036,1.834,1.44,-9.47,74.69,0.4721,0.4756,0.4665,0.4688,8256,28.375,723.4,382.5,478.2,22.6,500.8,20.53,24.39,0.97682,3.393,13.62,25.10,14,2
29.552,watch,9x4.5,pi5,14.721,0.523,-2.404,0.660,1.694,0.034,1.819,1.46,-9.00,75.09,0.4748,0.4774,0.4636,0.4668,8254,28.368,723.2,382.4,478.0,22.6,500.6,20.53,24.39,0.97677,3.401,13.62,25.10,14,2
29.600,watch,9x4.5,pi5,14.767,0.624,-2.403,0.636,1.671,0.031,1.788,1.48,-8.29,75.70,0.4743,0.4790,0.4631,0.4657,8253,28.356,722.9,382.2,477.8,22.6,500.4,20.52,24.39,0.97673,3.407,13.63,25.10,14,2
29.652,watch,9x4.5,pi5,14.794,0.687,-2.402,0.620,1.653,0.028,1.766,1.49,-7.82,76.12,0.4766,0.4800,0.4612,0.4637,8251,28.344,722.6,382.0,477.5,22.6,500.1,20.50,24.39,0.97668,3.415,13.64,25.10,14,2
29.700,watch,9x4.5,pi5,14.831,0.773,-2.402,0.597,1.624,0.024,1.730,1.52,-7.14,76.76,0.4767,0.4807,0.4604,0.4631,8248,28.329,722.2,381.7,477.1,22.6,499.7,20.49,24.39,0.97663,3.421,13.64,25.10,14,2
29.752,watch,9x4.5,pi5,14.857,0.833,-2.401,0.580,1.600,0.022,1.702,1.53,-6.70,77.22,0.4783,0.4831,0.4575,0.4612,8245,28.313,721.8,381.5,476.8,22.6,499.4,20.48,24.39,0.97658,3.428,13.65,25.10,14,2
29.800,watch,9x4.5,pi5,14.896,0.927,-2.401,0.552,1.559,0.017,1.654,1.55,-6.09,77.93,0.4786,0.4826,0.4573,0.4608,8242,28.292,721.2,381.0,476.3,22.6,498.9,20.46,24.39,0.97654,3.435,13.67,25.10,14,2
29.852,watch,9x4.5,pi5,14.919,0.985,-2.401,0.534,1.530,0.015,1.621,1.57,-5.70,78.43,0.4801,0.4837,0.4556,0.4592,8240,28.279,720.9,380.9,476.1,22.6,498.7,20.45,24.39,0.97649,3.442,13.67,25.10,14,2
29.900,watch,9x4.5,pi5,14.949,1.063,-2.401,0.508,1.488,0.012,1.573,1.59,-5.17,79.22,0.4800,0.4834,0.4557,0.4590,8238,28.265,720.6,380.6,475.7,22.6,498.3,20.43,24.39,0.97644,3.449,13.68,25.10,14,2
29.952,watch,9x4.5,pi5,14.969,1.117,-2.401,0.489,1.456,0.009,1.536,1.60,-4.84,79.78,0.4820,0.4850,0.4533,0.4575,8237,28.260,720.4,380.6,475.7,22.6,498.3,20.43,24.39,0.97639,3.456,13.68,25.10,14,2
30.000,watch,9x4.5,pi5,15.000,1.200,-2.401,0.459,1.404,0.006,1.477,1.61,-4.39,80.67,0.4808,0.4849,0.4543,0.4570,8234,28.242,720.0,380.2,475.2,22.6,497.8,20.41,24.39,0.97635,3.463,13.69,25.10,14,2
30.052,watch,9x4.5,pi5,15.018,1.251,-2.401,0.440,1.370,0.004,1.439,1.61,-4.12,81.29,0.4815,0.4859,0.4530,0.4558,8232,28.228,719.6,379.9,474.9,22.6,497.5,20.40,24.39,0.97630,3.470,13.70,25.10,14,2
30.100,watch,9x4.5,pi5,15.041,1.319,-2.402,0.413,1.322,0.001,1.385,1.60,-3.76,82.27,0.4814,0.4843,0.4536,0.4564,8230,28.212,719.2,379.6,474.5,22.6,497.1,20.38,24.39,0.97625,3.477,13.71,25.10,14,2
30.152,watch,9x4.5,pi5,15.056,1.367,-2.403,0.394,1.288,-0.001,1.346,1.59,-3.54,82.96,0.4830,0.4858,0.4517,0.4548,8228,28.204,719.0,379.5,474.4,22.6,497.0,20.38,24.39,0.97621,3.484,13.71,25.10,14,2
30.200,watch,9x4.5,pi5,15.079,1.439,-2.403,0.365,1.232,-0.004,1.284,1.57,-3.25,84.04,0.4819,0.4846,0.4530,0.4553,8226,28.191,718.7,379.2,474.0,22.6,496.6,20.36,24.39,0.97616,3.490,13.72,25.10,14,2
30.252,watch,9x4.5,pi5,15.092,1.483,-2.404,0.347,1.197,-0.005,1.246,1.55,-3.07,84.80,0.4831,0.4851,0.4521,0.4542,8225,28.183,718.5,379.1,473.8,22.6,496.4,20.35,24.39,0.97611,3.498,13.73,25.10,14,2
30.300,watch,9x4.5,pi5,15.108,1.542,-2.405,0.322,1.148,-0.007,1.193,1.52,-2.84,85.98,0.4816,0.4831,0.4533,0.4559,8223,28.168,718.1,378.7,473.3,22.6,495.9,20.33,24.39,0.97607,3.504,13.74,25.10,14,2
30.352,watch,9x4.5,pi5,15.119,1.583,-2.406,0.305,1.114,-0.008,1.155,1.50,-2.71,86.80,0.4821,0.4849,0.4526,0.4541,8222,28.164,718.0,378.7,473.3,22.6,495.9,20.33,24.39,0.97602,3.511,13.74,25.10,14,2
30.400,watch,9x4.5,pi5,15.135,1.646,-2.408,0.279,1.060,-0.009,1.096,1.45,-2.53,88.08,0.4819,0.4841,0.4526,0.4548,8221,28.157,717.8,378.5,473.1,22.6,495.7,20.33,24.39,0.97597,3.518,13.74,25.10,14,2
30.452,watch,9x4.5,pi5,15.144,1.683,-2.409,0.264,1.027,-0.010,1.060,1.42,-2.42,88.96,0.4840,0.4862,0.4504,0.4527,8220,28.156,717.8,378.6,473.2,22.6,495.8,20.33,24.39,0.97592,3.525,13.74,25.10,14,2
30.500,watch,9x4.5,pi5,15.155,1.734,-2.410,0.242,0.981,-0.011,1.011,1.37,-2.27,90.34,0.4836,0.4857,0.4513,0.4522,8219,28.144,717.5,378.3,472.9,22.6,495.5,20.32,24.39,0.97588,3.532,13.75,25.09,14,2
30.552,watch,9x4.5,pi5,15.162,1.769,-2.411,0.228,0.949,-0.012,0.976,1.33,-2.18,91.29,0.4865,0.4886,0.4482,0.4493,8218,28.151,717.6,378.7,473.3,22.6,495.9,20.34,24.39,0.97583,3.539,13.73,25.09,14,2
30.600,watch,9x4.5,pi5,15.172,1.822,-2.413,0.206,0.900,-0.013,0.923,1.27,-2.07,92.78,0.4999,0.4858,0.4539,0.5302,8570,30.642,781.1,430.6,538.3,22.6,560.9,23.08,24.30,0.97578,3.546,12.10,25.09,14,2
30.652,watch,9x4.5,pi5,15.177,1.854,-2.415,0.192,0.870,-0.042,0.892,0.90,-2.20,93.77,0.2626,0.2056,0.7474,0.7145,8427,35.005,892.4,631.1,788.9,22.6,811.5,33.84,23.98,0.97570,3.558,8.25,25.09,14,2
30.700,watch,9x4.5,pi5,15.184,1.897,-2.421,0.187,0.843,-0.179,0.881,-1.93,-3.10,94.49,0.0271,0.0000,0.9159,0.8635,7621,43.115,1099.1,1003.1,1253.9,22.6,1276.5,54.65,23.36,0.97557,3.575,5.11,25.09,14,2
30.752,watch,9x4.5,pi5,15.189,1.927,-2.433,0.209,0.837,-0.370,0.939,-4.33,-3.57,93.85,0.0021,0.0000,0.7984,0.8055,6894,35.705,910.2,757.0,946.3,22.6,968.9,40.76,23.77,0.97548,3.589,6.85,25.09,14,2
30.800,watch,9x4.5,pi5,15.200,1.976,-2.467,0.282,0.831,-0.566,1.044,-7.56,-3.92,91.09,0.0000,0.0318,0.7132,0.7242,6399,29.605,754.7,566.8,708.5,22.6,731.1,30.36,24.08,0.97541,3.599,9.19,25.09,14,2
30.852,watch,9x4.5,pi5,15.210,2.006,-2.493,0.338,0.821,-0.592,1.067,-9.25,-3.97,88.24,0.0000,0.0613,0.6877,0.6545,6160,26.499,675.5,475.2,594.0,22.6,616.6,25.45,24.23,0.97535,3.608,10.97,25.09,14,2
30.900,watch,9x4.5,pi5,15.228,2.049,-2.531,0.423,0.798,-0.555,1.060,-11.19,-4.21,82.75,0.0000,0.0704,0.6606,0.6629,6125,25.923,660.9,457.9,572.4,22.6,595.0,24.53,24.26,0.97529,3.616,11.38,25.09,14,2
30.952,watch,9x4.5,pi5,15.246,2.079,-2.556,0.486,0.776,-0.507,1.047,-11.96,-4.52,78.37,0.0000,0.0695,0.6664,0.6644,6148,26.161,666.9,464.4,580.6,22.6,603.2,24.88,24.25,0.97523,3.624,11.22,25.09,14,2
31.000,watch,9x4.5,pi5,15.281,2.125,-2.592,0.594,0.733,-0.427,1.036,-12.39,-5.32,70.77,0.0454,0.1065,0.6332,0.6244,6540,24.530,625.3,404.8,506.0,22.6,528.6,21.72,24.34,0.97518,3.631,12.85,25.09,14,2
31.052,watch,9x4.5,pi5,15.307,2.153,-2.610,0.659,0.701,-0.369,1.031,-12.16,-6.08,65.07,0.1729,0.2015,0.5359,0.5328,6662,21.119,538.4,287.1,358.9,22.6,381.5,15.56,24.52,0.97515,3.637,17.94,25.09,14,2
31.100,watch,9x4.5,pi5,15.348,2.189,-2.630,0.734,0.655,-0.239,1.012,-11.03,-7.44,55.91,0.2957,0.3024,0.4572,0.4549,6905,20.387,519.7,242.0,302.5,22.6,325.1,13.22,24.59,0.97512,3.641,21.11,25.09,14,2
31.152,watch,9x4.5,pi5,15.381,2.213,-2.639,0.778,0.622,-0.132,1.005,-9.90,-8.34,49.58,0.4124,0.4111,0.3839,0.3832,7196,21.577,550.1,254.0,317.5,22.6,340.1,13.84,24.58,0.97508,3.646,20.17,25.09,14,2
31.200,watch,9x4.5,pi5,15.436,2.248,-2.642,0.845,0.571,0.016,1.020,-7.94,-9.42,40.10,0.5066,0.5040,0.3263,0.3251,7455,23.843,607.8,307.4,384.3,22.6,406.9,16.61,24.49,0.97505,3.652,16.80,25.09,14,2
31.252,watch,9x4.5,pi5,15.473,2.269,-2.639,0.887,0.542,0.076,1.042,-6.58,-9.89,34.00,0.5864,0.5836,0.2741,0.2725,7653,26.508,675.8,384.4,480.5,22.6,503.1,20.64,24.37,0.97500,3.659,13.52,25.09,14,2
31.300,watch,9x4.5,pi5,15.528,2.295,-2.631,0.948,0.503,0.115,1.079,-4.62,-10.16,25.52,0.6375,0.6325,0.2338,0.2320,7722,28.362,723.0,446.8,558.5,22.6,581.1,23.94,24.27,0.97494,3.667,11.65,25.09,14,2
31.352,watch,9x4.5,pi5,15.569,2.312,-2.624,0.990,0.477,0.115,1.105,-3.45,-10.06,20.46,0.6646,0.6607,0.2044,0.2051,7719,29.389,749.2,486.0,607.5,22.6,630.1,26.03,24.21,0.97488,3.676,10.72,25.09,14,2
31.400,watch,9x4.5,pi5,15.638,2.337,-2.614,1.050,0.438,0.091,1.141,-1.97,-9.56,13.92,0.6716,0.6699,0.1889,0.1927,7676,29.568,753.8,496.9,621.1,22.6,643.7,26.61,24.19,0.97482,3.684,10.48,25.09,14,2
31.452,watch,9x4.5,pi5,15.682,2.352,-2.608,1.080,0.415,0.072,1.159,-1.19,-9.06,10.31,0.6625,0.6628,0.1878,0.1934,7616,29.023,739.9,482.2,602.7,22.6,625.3,25.82,24.21,0.97476,3.693,10.80,25.09,14,2
31.500,watch,9x4.5,pi5,15.745,2.370,-2.603,1.111,0.385,0.052,1.177,-0.33,-8.17,5.99,0.6473,0.6463,0.1991,0.2038,7580,28.258,720.4,457.1,571.4,22.6,594.0,24.49,24.25,0.97471,3.701,11.39,25.09,14,2
31.552,watch,9x4.5,pi5,15.791,2.383,-2.600,1.126,0.365,0.045,1.184,0.06,-7.54,3.81,0.6203,0.6231,0.2218,0.2284,7569,27.293,695.8,422.4,528.0,22.6,550.6,22.65,24.31,0.97465,3.709,12.31,25.09,14,2
31.600,watch,9x4.5,pi5,15.864,2.400,-2.596,1.136,0.335,0.052,1.185,0.42,-6.62,1.46,0.5952,0.5984,0.2503,0.2553,7590,26.571,677.4,393.5,491.8,22.6,514.4,21.12,24.35,0.97461,3.716,13.20,25.09,14,2
31.652,watch,9x4.5,pi5,15.910,2.410,-2.593,1.135,0.317,0.065,1.180,0.56,-6.05,0.43,0.5671,0.5697,0.2879,0.2915,7652,26.073,664.7,368.2,460.3,22.6,482.9,19.80,24.39,0.97456,3.723,14.09,25.09,14,2
31.700,watch,9x4.5,pi5,15.972,2.423,-2.588,1.127,0.293,0.093,1.168,0.65,-5.27,-0.44,0.5423,0.5449,0.3232,0.3268,7728,25.906,660.4,353.3,441.6,22.6,464.2,19.01,24.42,0.97452,3.729,14.67,25.09,14,2
31.752,watch,9x4.5,pi5,16.015,2.432,-2.584,1.116,0.276,0.115,1.155,0.67,-4.81,-0.68,0.5146,0.5183,0.3629,0.3656,7815,25.933,661.1,343.9,429.8,22.6,452.4,18.52,24.43,0.97447,3.736,15.06,25.09,14,2
31.800,watch,9x4.5,pi5,16.083,2.444,-2.574,1.094,0.251,0.148,1.132,0.65,-4.18,-0.65,0.4935,0.4971,0.3963,0.3989,7904,26.213,668.3,343.7,429.6,22.6,452.2,18.51,24.43,0.97443,3.742,15.06,25.09,14,2
31.852,watch,9x4.5,pi5,16.124,2.451,-2.567,1.077,0.237,0.165,1.115,0.64,-3.80,-0.45,0.4728,0.4759,0.4307,0.4321,7997,26.664,679.7,349.2,436.5,22.6,459.1,18.80,24.42,0.97438,3.748,14.83,25.09,14,2
31.900,watch,9x4.5,pi5,16.179,2.461,-2.556,1.050,0.217,0.182,1.088,0.61,-3.29,-0.03,0.4568,0.4600,0.4560,0.4569,8063,27.063,689.9,356.3,445.4,22.6,468.0,19.17,24.41,0.97434,3.755,14.54,25.09,14,2
31.952,watch,9x4.5,pi5,16.217,2.467,-2.548,1.029,0.204,0.188,1.066,0.61,-2.99,0.28,0.4408,0.4446,0.4791,0.4796,8115,27.443,699.6,364.4,455.5,22.6,478.1,19.60,24.40,0.97429,3.762,14.22,25.09,14,2
32.000,watch,9x4.5,pi5,16.275,2.476,-2.534,0.994,0.185,0.189,1.028,0.61,-2.57,0.69,0.4315,0.4350,0.4937,0.4940,8152,27.745,707.3,371.5,464.3,22.6,486.9,19.97,24.39,0.97425,3.768,13.96,25.09,14,2
32.052,watch,9x4.5,pi5,16.310,2.482,-2.525,0.970,0.174,0.186,1.003,0.62,-2.32,0.88,0.4236,0.4269,0.5053,0.5067,8181,28.008,714.0,378.0,472.5,22.6,495.1,20.31,24.37,0.97420,3.775,13.72,25.09,14,2
32.100,watch,9x4.5,pi5,16.357,2.489,-2.513,0.935,0.161,0.177,0.965,0.65,-1.99,1.00,0.4210,0.4237,0.5106,0.5114,8197,28.142,717.4,381.3,476.6,22.6,499.2,20.48,24.37,0.97416,3.782,13.61,25.09,14,2
32.152,watch,9x4.5,pi5,16.388,2.494,-2.505,0.909,0.152,0.169,0.937,0.67,-1.79,0.95,0.4183,0.4215,0.5142,0.5155,8207,28.238,719.9,383.7,479.6,22.6,502.2,20.61,24.36,0.97411,3.789,13.52,25.09,14,2
32.200,watch,9x4.5,pi5,16.437,2.503,-2.494,0.868,0.139,0.156,0.893,0.70,-1.53,0.67,0.4468,0.4433,0.5176,0.6048,8725,32.069,817.5,468.0,585.0,22.6,607.6,25.08,24.23,0.97405,3.797,11.11,25.09,14,2
32.252,watch,9x4.5,pi5,16.466,2.508,-2.488,0.843,0.132,0.108,0.860,0.37,-1.67,0.32,0.3024,0.2669,0.7040,0.6890,8543,34.111,869.6,579.6,724.5,22.6,747.1,31.07,24.05,0.97398,3.808,8.97,25.09,14,2
32.300,watch,9x4.5,pi5,16.504,2.516,-2.486,0.821,0.108,-0.023,0.828,-2.45,-3.42,-0.89,0.1406,0.1389,0.8115,0.7703,8177,37.127,946.5,744.3,930.3,22.6,952.9,40.07,23.78,0.97389,3.821,6.95,25.09,14,2
32.352,watch,9x4.5,pi5,16.532,2.520,-2.490,0.821,0.068,-0.149,0.837,-4.87,-4.78,-2.49,0.0548,0.0710,0.8069,0.7885,7670,36.303,925.5,750.6,938.2,22.6,960.8,40.42,23.77,0.97379,3.835,6.89,25.09,14,2
32.400,watch,9x4.5,pi5,16.576,2.523,-2.508,0.837,-0.038,-0.328,0.900,-8.00,-6.67,-6.40,0.0332,0.0705,0.7296,0.7417,7140,31.465,802.1,605.3,756.6,22.6,779.2,32.46,24.01,0.97372,3.845,8.58,25.09,14,2
32.452,watch,9x4.5,pi5,16.605,2.520,-2.525,0.849,-0.118,-0.381,0.938,-9.42,-7.74,-9.98,0.0792,0.1259,0.6683,0.6353,6899,26.448,674.2,447.1,558.9,22.6,581.5,23.97,24.26,0.97366,3.853,11.62,25.09,14,2
32.500,watch,9x4.5,pi5,16.646,2.511,-2.550,0.857,-0.230,-0.363,0.958,-10.60,-9.39,-16.50,0.1640,0.2000,0.5742,0.5657,6882,23.023,586.9,332.8,416.0,22.6,438.6,17.95,24.44,0.97362,3.859,15.52,25.08,14,2
32.552,watch,9x4.5,pi5,16.676,2.499,-2.567,0.856,-0.305,-0.298,0.956,-10.69,-10.52,-21.40,0.2752,0.2943,0.4912,0.4858,7037,21.525,548.7,268.2,335.3,22.6,357.9,14.58,24.54,0.97358,3.864,19.10,25.08,14,2
32.600,watch,9x4.5,pi5,16.725,2.474,-2.586,0.849,-0.417,-0.153,0.958,-9.96,-12.20,-29.23,0.3786,0.3878,0.4271,0.4187,7275,22.066,562.5,263.0,328.7,22.6,351.3,14.31,24.55,0.97355,3.869,19.46,25.08,14,2
32.652,watch,9x4.5,pi5,16.756,2.454,-2.593,0.845,-0.486,-0.065,0.977,-9.05,-13.23,-34.56,0.4789,0.4822,0.3671,0.3593,7547,24.015,612.2,303.4,379.2,22.6,401.8,16.41,24.49,0.97351,3.875,16.97,25.08,14,2
32.700,watch,9x4.5,pi5,16.798,2.421,-2.595,0.841,-0.588,0.029,1.026,-7.31,-14.48,-42.40,0.5517,0.5534,0.3197,0.3099,7718,26.037,663.8,359.3,449.1,22.6,471.7,19.34,24.40,0.97347,3.881,14.40,25.08,14,2
32.752,watch,9x4.5,pi5,16.828,2.394,-2.593,0.840,-0.664,0.069,1.073,-6.04,-15.06,-47.33,0.6097,0.6088,0.2750,0.2672,7813,27.912,711.6,419.9,524.9,22.6,547.5,22.53,24.30,0.97342,3.889,12.36,25.08,14,2
32.800,watch,9x4.5,pi5,16.875,2.343,-2.586,0.843,-0.790,0.092,1.159,-4.11,-15.51,-54.00,0.6428,0.6408,0.2447,0.2399,7840,29.080,741.3,461.6,577.0,22.6,599.6,24.74,24.23,0.97336,3.897,11.25,25.08,14,2
32.852,watch,9x4.5,pi5,16.905,2.307,-2.581,0.847,-0.868,0.089,1.215,-2.93,-15.53,-57.84,0.6561,0.6537,0.2280,0.2251,7820,29.472,751.3,478.8,598.5,22.6,621.1,25.66,24.21,0.97330,3.906,10.85,25.08,14,2
32.900,watch,9x4.5,pi5,16.946,2.251,-2.574,0.851,-0.970,0.076,1.293,-1.46,-15.25,-62.59,0.6524,0.6532,0.2248,0.2248,7793,29.290,746.7,474.7,593.4,22.6,616.0,25.44,24.21,0.97324,3.914,10.94,25.08,14,2
32.952,watch,9x4.5,pi5,16.976,2.207,-2.570,0.854,-1.036,0.069,1.344,-0.68,-14.91,-65.07,0.6394,0.6407,0.2341,0.2363,7776,28.758,733.1,456.2,570.2,22.6,592.8,24.46,24.24,0.97318,3.923,11.38,25.08,14,2
33.000,watch,9x4.5,pi5,17.024,2.132,-2.563,0.856,-1.128,0.063,1.418,0.18,-14.29,-67.80,0.6220,0.6221,0.2511,0.2550,7775,28.141,717.4,432.8,541.1,22.6,563.7,23.22,24.28,0.97313,3.930,11.99,25.08,14,2
33.052,watch,9x4.5,pi5,17.053,2.082,-2.558,0.855,-1.178,0.066,1.457,0.57,-13.87,-69.02,0.5968,0.6002,0.2787,0.2818,7801,27.549,702.3,407.3,509.2,22.6,531.8,21.87,24.32,0.97308,3.938,12.73,25.08,14,2
33.100,watch,9x4.5,pi5,17.094,2.009,-2.552,0.852,-1.237,0.079,1.504,0.95,-13.27,-70.08,0.5734,0.5773,0.3084,0.3110,7847,27.176,692.8,387.8,484.7,22.6,507.3,20.83,24.35,0.97303,3.945,13.36,25.08,14,2
33.152,watch,9x4.5,pi5,17.123,1.955,-2.548,0.848,-1.273,0.092,1.532,1.09,-12.91,-70.35,0.5478,0.5517,0.3416,0.3458,7908,26.961,687.3,372.1,465.1,22.6,487.7,20.01,24.37,0.97298,3.952,13.91,25.08,14,2
33.200,watch,9x4.5,pi5,17.169,1.868,-2.539,0.842,-1.321,0.115,1.571,1.18,-12.46,-70.24,0.5255,0.5297,0.3741,0.3765,7976,26.991,688.1,364.7,455.9,22.6,478.5,19.62,24.38,0.97294,3.958,14.18,25.08,14,2
33.248,watch,9x4.5,pi5,17.197,1.812,-2.533,0.837,-1.347,0.129,1.591,1.18,-12.20,-69.91,0.5051,0.5092,0.4039,0.4065,8045,27.169,692.6,362.9,453.6,22.6,476.2,19.53,24.39,0.97290,3.965,14.25,25.08,14,2
33.300,watch,9x4.5,pi5,17.236,1.733,-2.525,0.830,-1.378,0.145,1.615,1.12,-11.89,-69.16,0.4861,0.4900,0.4330,0.4355,8117,27.490,700.8,366.0,457.5,22.6,480.1,19.69,24.38,0.97285,3.972,14.13,25.08,14,2
33.352,watch,9x4.5,pi5,17.263,1.676,-2.518,0.826,-1.397,0.152,1.630,1.07,-11.72,-68.56,0.4691,0.4735,0.4571,0.4589,8167,27.774,708.1,370.5,463.1,22.6,485.7,19.93,24.37,0.97280,3.979,13.96,25.08,14,2
33.400,watch,9x4.5,pi5,17.307,1.584,-2.507,0.819,-1.425,0.157,1.651,0.97,-11.51,-67.61,0.4573,0.4612,0.4738,0.4770,8206,28.042,714.9,375.9,469.9,22.6,492.5,20.21,24.37,0.97276,3.985,13.76,25.08,14,2
33.452,watch,9x4.5,pi5,17.334,1.526,-2.500,0.816,-1.440,0.157,1.663,0.92,-11.40,-67.00,0.4479,0.4515,0.4888,0.4900,8239,28.291,721.2,381.5,476.9,22.6,499.5,20.51,24.36,0.97271,3.992,13.56,25.08,14,2
33.500,watch,9x4.5,pi5,17.372,1.444,-2.491,0.812,-1.459,0.152,1.677,0.85,-11.26,-66.15,0.4415,0.4462,0.4970,0.4986,8257,28.447,725.2,385.3,481.6,22.6,504.2,20.71,24.35,0.97266,3.999,13.43,25.08,14,2
33.552,watch,9x4.5,pi5,17.399,1.386,-2.485,0.809,-1.471,0.147,1.685,0.81,-11.19,-65.68,0.4385,0.4424,0.5017,0.5041,8270,28.555,727.9,387.9,484.9,22.6,507.5,20.84,24.35,0.97261,4.006,13.34,25.08,14,2
33.600,watch,9x4.5,pi5,17.443,1.293,-2.476,0.806,-1.487,0.137,1.697,0.77,-11.10,-65.10,0.4374,0.4429,0.5036,0.5052,8279,28.622,729.7,389.3,486.7,22.6,509.3,20.92,24.34,0.97257,4.013,13.29,25.08,14,2
33.652,watch,9x4.5,pi5,17.471,1.235,-2.471,0.804,-1.496,0.130,1.703,0.77,-11.05,-64.82,0.4422,0.4456,0.5003,0.5029,8284,28.645,730.2,389.5,486.8,22.6,509.4,20.93,24.34,0.97252,4.021,13.29,25.08,14,2
33.700,watch,9x4.5,pi5,17.509,1.153,-2.465,0.802,-1.506,0.120,1.710,0.82,-11.00,-64.55,0.4463,0.4508,0.4961,0.4984,8287,28.643,730.2,389.0,486.3,22.6,508.9,20.90,24.34,0.97247,4.027,13.30,25.08,14,2
33.752,watch,9x4.5,pi5,17.537,1.095,-2.461,0.802,-1.512,0.113,1.715,0.87,-10.98,-64.45,0.4519,0.4550,0.4912,0.4937,8288,28.631,729.9,388.4,485.5,22.6,508.1,20.87,24.34,0.97242,4.035,13.32,25.08,14,2
33.800,watch,9x4.5,pi5,17.582,1.003,-2.454,0.801,-1.519,0.102,1.720,0.95,-10.97,-64.39,0.4559,0.4597,0.4871,0.4894,8289,28.624,729.7,388.0,485.0,22.6,507.6,20.85,24.34,0.97237,4.041,13.34,25.08,14,2
33.852,watch,9x4.5,pi5,17.610,0.945,-2.451,0.801,-1.523,0.095,1.723,0.99,-10.97,-64.41,0.4603,0.4636,0.4829,0.4855,8290,28.618,729.6,387.7,484.6,22.6,507.2,20.83,24.34,0.97232,4.049,13.34,25.08,14,2
33.900,watch,9x4.5,pi5,17.649,0.865,-2.447,0.802,-1.527,0.086,1.727,1.05,-10.99,-64.49,0.4640,0.4667,0.4801,0.4816,8290,28.613,729.4,387.5,484.3,22.6,506.9,20.82,24.34,0.97228,4.056,13.35,25.08,14,2
33.952,watch,9x4.5,pi5,17.677,0.807,-2.444,0.803,-1.530,0.081,1.730,1.08,-11.01,-64.57,0.4667,0.4700,0.4768,0.4791,8291,28.618,729.6,387.5,484.4,22.6,507.0,20.83,24.34,0.97223,4.063,13.35,25.08,14,2
34.000,watch,9x4.5,pi5,17.723,0.715,-2.440,0.804,-1.534,0.072,1.734,1.11,-11.04,-64.72,0.4692,0.4723,0.4748,0.4768,8292,28.627,729.8,387.6,484.5,22.6,507.1,20.83,24.34,0.97218,4.070,13.34,25.08,14,2
34.052,watch,9x4.5,pi5,17.752,0.658,-2.437,0.806,-1.536,0.067,1.736,1.12,-11.07,-64.83,0.4709,0.4743,0.4730,0.4753,8294,28.639,730.1,387.9,484.8,22.6,507.4,20.85,24.34,0.97213,4.077,13.33,25.08,14,2
34.100,watch,9x4.5,pi5,17.792,0.577,-2.434,0.807,-1.539,0.061,1.739,1.13,-11.12,-64.99,0.4726,0.4754,0.4721,0.4742,8297,28.655,730.5,388.2,485.2,22.6,507.8,20.86,24.34,0.97208,4.084,13.32,25.08,14,2
34.152,watch,9x4.5,pi5,17.821,0.519,-2.432,0.807,-1.542,0.057,1.741,1.12,-11.15,-65.10,0.4728,0.4768,0.4720,0.4734,8300,28.676,731.0,388.6,485.8,22.6,508.4,20.89,24.34,0.97203,4.091,13.31,25.08,14,2
34.200,watch,9x4.5,pi5,17.868,0.427,-2.428,0.808,-1.546,0.050,1.745,1.11,-11.21,-65.26,0.4732,0.4776,0.4718,0.4732,8302,28.695,731.5,389.0,486.3,22.6,508.9,20.91,24.34,0.97199,4.098,13.29,25.08,14,2
34.252,watch,9x4.5,pi5,17.897,0.369,-2.426,0.808,-1.548,0.045,1.747,1.10,-11.25,-65.36,0.4733,0.4776,0.4718,0.4734,8303,28.703,731.7,389.2,486.5,22.6,509.1,20.92,24.34,0.97194,4.105,13.29,25.08,14,2
34.300,watch,9x4.5,pi5,17.938,0.287,-2.424,0.808,-1.553,0.040,1.751,1.07,-11.30,-65.50,0.4732,0.4774,0.4722,0.4734,8304,28.707,731.8,389.2,486.6,22.6,509.2,20.92,24.34,0.97189,4.112,13.28,25.08,14,2
34.352,watch,9x4.5,pi5,17.968,0.228,-2.422,0.808,-1.556,0.036,1.754,1.05,-11.34,-65.59,0.4729,0.4766,0.4728,0.4740,8304,28.709,731.9,389.3,486.6,22.6,509.2,20.92,24.34,0.97184,4.119,13.28,25.08,14,2
34.400,watch,9x4.5,pi5,18.015,0.134,-2.420,0.808,-1.562,0.030,1.759,1.02,-11.40,-65.71,0.4724,0.4747,0.4732,0.4727,8292,28.626,729.8,387.6,484.5,22.6,507.1,20.84,24.34,0.97179,4.126,13.34,25.08,14,2
34.452,watch,9x4.5,pi5,18.045,0.074,-2.419,0.807,-1.566,0.027,1.762,1.00,-11.42,-65.79,0.4719,0.4714,0.4739,0.4710,8275,28.504,726.6,385.1,481.4,22.6,504.0,20.71,24.34,0.97174,4.133,13.42,25.08,14,2
34.500,watch,9x4.5,pi5,18.086,-0.010,-2.418,0.806,-1.571,0.025,1.765,0.97,-11.34,-65.91,0.4712,0.4701,0.4736,0.4709,8266,28.444,725.1,383.9,479.9,22.6,502.5,20.64,24.34,0.97170,4.140,13.46,25.07,14,2
34.552,watch,9x4.5,pi5,18.115,-0.071,-2.417,0.804,-1.573,0.025,1.767,0.95,-11.18,-65.99,0.4692,0.4702,0.4731,0.4720,8261,28.413,724.3,383.3,479.1,22.6,501.7,20.61,24.34,0.97165,4.147,13.48,25.07,14,2
34.600,watch,9x4.5,pi5,18.162,-0.168,-2.416,0.800,-1.574,0.025,1.766,0.93,-10.80,-66.10,0.4681,0.4703,0.4733,0.4723,8260,28.404,724.1,383.1,478.9,22.6,501.5,20.60,24.34,0.97160,4.154,13.48,25.07,14,2
34.652,watch,9x4.5,pi5,18.191,-0.229,-2.415,0.796,-1.573,0.025,1.763,0.92,-10.48,-66.18,0.4675,0.4699,0.4736,0.4731,8260,28.403,724.1,383.1,478.9,22.6,501.5,20.60,24.34,0.97155,4.161,13.48,25.07,14,2
34.700,watch,9x4.5,pi5,18.231,-0.314,-2.413,0.789,-1.567,0.025,1.755,0.92,-9.90,-66.31,0.4676,0.4697,0.4735,0.4736,8260,28.407,724.2,383.2,479.0,22.6,501.6,20.60,24.34,0.97151,4.168,13.48,25.07,14,2
34.752,watch,9x4.5,pi5,18.260,-0.374,-2.412,0.783,-1.561,0.024,1.746,0.91,-9.48,-66.40,0.4668,0.4699,0.4734,0.4744,8261,28.413,724.3,383.3,479.1,22.6,501.7,20.61,24.34,0.97146,4.175,13.47,25.07,14,2
34.800,watch,9x4.5,pi5,18.306,-0.471,-2.410,0.771,-1.545,0.022,1.727,0.92,-8.81,-66.55,0.4672,0.4698,0.4724,0.4752,8262,28.417,724.4,383.4,479.2,22.6,501.8,20.62,24.34,0.97141,4.182,13.47,25.07,14,2
34.852,watch,9x4.5,pi5,18.334,-0.531,-2.409,0.762,-1.533,0.020,1.712,0.92,-8.36,-66.65,0.4666,0.4700,0.4727,0.4748,8260,28.404,724.1,383.1,478.9,22.6,501.5,20.60,24.34,0.97136,4.189,13.48,25.07,14,2
34.900,watch,9x4.5,pi5,18.373,-0.613,-2.407,0.748,-1.511,0.017,1.686,0.93,-7.68,-66.81,0.4666,0.4701,0.4726,0.4742,8258,28.387,723.7,382.8,478.5,22.6,501.1,20.58,24.34,0.97132,4.196,13.49,25.07,14,2
34.952,watch,9x4.5,pi5,18.400,-0.672,-2.407,0.737,-1.492,0.014,1.664,0.93,-7.23,-66.93,0.4661,0.4697,0.4719,0.4748,8254,28.364,723.1,382.3,477.9,22.6,500.5,20.56,24.34,0.97127,4.203,13.50,25.07,14,2
35.000,watch,9x4.5,pi5,18.443,-0.764,-2.406,0.717,-1.459,0.010,1.626,0.94,-6.59,-67.10,0.4653,0.4703,0.4719,0.4740,8251,28.341,722.5,381.8,477.3,22.6,499.9,20.54,24.34,0.97122,4.210,13.52,25.07,14,2
35.052,watch,9x4.5,pi5,18.469,-0.820,-2.406,0.704,-1.436,0.008,1.599,0.94,-6.18,-67.23,0.4650,0.4698,0.4719,0.4737,8247,28.312,721.7,381.3,476.6,22.6,499.2,20.51,24.34,0.97117,4.217,13.54,25.07,14,2
35.100,watch,9x4.5,pi5,18.505,-0.896,-2.406,0.685,-1.400,0.005,1.559,0.95,-5.59,-67.42,0.4653,0.4694,0.4710,0.4740,8244,28.293,721.3,380.9,476.1,22.6,498.7,20.49,24.34,0.97113,4.224,13.55,25.07,14,2
35.152,watch,9x4.5,pi5,18.530,-0.950,-2.406,0.670,-1.373,0.003,1.528,0.95,-5.22,-67.55,0.4645,0.4690,0.4711,0.4744,8241,28.277,720.9,380.6,475.7,22.6,498.3,20.47,24.34,0.97108,4.231,13.56,25.07,14,2
35.200,watch,9x4.5,pi5,18.569,-1.033,-2.407,0.646,-1.326,-0.001,1.475,0.95,-4.70,-67.76,0.4647,0.4685,0.4713,0.4738,8239,28.261,720.5,380.2,475.3,22.6,497.9,20.45,24.34,0.97103,4.237,13.57,25.07,14,2
35.252,watch,9x4.5,pi5,18.592,-1.083,-2.407,0.630,-1.296,-0.002,1.441,0.95,-4.38,-67.90,0.4642,0.4677,0.4720,0.4738,8237,28.246,720.1,379.9,474.9,22.6,497.5,20.44,24.34,0.97098,4.245,13.58,25.07,14,2
35.300,watch,9x4.5,pi5,18.624,-1.150,-2.408,0.607,-1.252,-0.005,1.392,0.95,-3.94,-68.13,0.4641,0.4674,0.4718,0.4739,8235,28.232,719.7,379.6,474.6,22.6,497.2,20.42,24.34,0.97094,4.251,13.59,25.07,14,2
35.352,watch,9x4.5,pi5,18.646,-1.197,-2.408,0.591,-1.220,-0.006,1.356,0.94,-3.67,-68.28,0.4627,0.4668,0.4727,0.4745,8233,28.222,719.5,379.5,474.3,22.6,496.9,20.41,24.34,0.97089,4.258,13.60,25.07,14,2
35.400,watch,9x4.5,pi5,18.679,-1.269,-2.409,0.564,-1.168,-0.008,1.297,0.94,-3.30,-68.53,0.4626,0.4664,0.4726,0.4746,8231,28.209,719.1,379.2,474.0,22.6,496.6,20.40,24.34,0.97084,4.265,13.60,25.07,14,2
35.452,watch,9x4.5,pi5,18.699,-1.312,-2.410,0.547,-1.135,-0.010,1.260,0.94,-3.08,-68.70,0.4618,0.4653,0.4734,0.4752,8229,28.196,718.8,379.0,473.7,22.6,496.3,20.39,24.34,0.97079,4.272,13.61,25.07,14,2
35.500,watch,9x4.5,pi5,18.726,-1.370,-2.411,0.523,-1.089,-0.011,1.208,0.94,-2.78,-68.98,0.4615,0.4649,0.4732,0.4756,8227,28.183,718.5,378.7,473.4,22.6,496.0,20.37,24.34,0.97075,4.279,13.62,25.07,14,2
35.552,watch,9x4.5,pi5,18.745,-1.410,-2.412,0.506,-1.056,-0.012,1.171,0.94,-2.59,-69.18,0.4600,0.4638,0.4743,0.4766,8226,28.174,718.2,378.5,473.2,22.6,495.8,20.37,24.34,0.97070,4.286,13.62,25.07,14,2
35.600,watch,9x4.5,pi5,18.774,-1.471,-2.414,0.480,-1.004,-0.014,1.113,0.93,-2.35,-69.50,0.4600,0.4634,0.4748,0.4762,8225,28.167,718.0,378.4,473.0,22.6,495.6,20.36,24.34,0.97065,4.293,13.63,25.07,14,2
35.652,watch,9x4.5,pi5,18.792,-1.508,-2.415,0.464,-0.972,-0.014,1.077,0.93,-2.20,-69.73,0.4592,0.4619,0.4753,0.4775,8223,28.157,717.8,378.2,472.8,22.6,495.4,20.35,24.34,0.97060,4.300,13.63,25.07,14,2
35.700,watch,9x4.5,pi5,18.815,-1.557,-2.416,0.443,-0.928,-0.015,1.028,0.92,-2.01,-70.11,0.4588,0.4616,0.4760,0.4771,8222,28.146,717.5,378.0,472.5,22.6,495.1,20.34,24.34,0.97056,4.306,13.64,25.07,14,2
35.752,watch,9x4.5,pi5,18.832,-1.591,-2.418,0.428,-0.897,-0.016,0.994,0.92,-1.89,-70.38,0.4573,0.4592,0.4779,0.4787,8220,28.139,717.3,377.9,472.4,22.6,495.0,20.33,24.34,0.97051,4.313,13.64,25.07,14,2
35.800,watch,9x4.5,pi5,18.858,-1.643,-2.420,0.405,-0.848,-0.016,0.940,0.91,-1.72,-70.82,0.4567,0.4590,0.4781,0.4788,8219,28.129,717.1,377.7,472.2,22.6,494.8,20.33,24.34,0.97046,4.320,13.65,25.07,14,2
35.852,watch,9x4.5,pi5,18.874,-1.674,-2.421,0.391,-0.819,-0.017,0.908,0.90,-1.62,-71.15,0.4547,0.4569,0.4798,0.4809,8217,28.124,717.0,377.7,472.1,22.6,494.7,20.32,24.34,0.97042,4.327,13.65,25.07,14,2
35.900,watch,9x4.5,pi5,18.896,-1.715,-2.423,0.373,-0.779,-0.017,0.864,0.88,-1.49,-71.68,0.4424,0.5726,0.4901,0.4859,8648,31.327,798.6,448.0,559.9,22.6,582.5,24.04,24.23,0.97036,4.335,11.54,25.07,14,2
35.952,watch,9x4.5,pi5,18.911,-1.743,-2.425,0.361,-0.752,-0.050,0.835,1.24,-1.73,-72.03,0.6908,0.6752,0.3055,0.2766,8492,33.391,851.2,556.4,695.5,22.6,718.1,29.85,24.06,0.97029,4.345,9.29,25.07,14,2
36.000,watch,9x4.5,pi5,18.935,-1.787,-2.433,0.364,-0.718,-0.177,0.824,3.74,-3.36,-72.01,0.8251,0.7885,0.1249,0.1168,8156,37.996,968.6,780.8,976.0,22.6,998.6,42.16,23.69,0.97020,4.359,6.58,25.07,14,2
36.052,watch,9x4.5,pi5,18.951,-1.813,-2.443,0.396,-0.706,-0.305,0.864,5.81,-4.52,-71.16,0.8432,0.8078,0.0141,0.0172,7529,37.952,967.5,819.9,1024.9,22.6,1047.5,44.35,23.62,0.97009,4.374,6.25,25.07,14,2
36.100,watch,9x4.5,pi5,18.977,-1.850,-2.467,0.473,-0.693,-0.482,0.968,8.44,-6.08,-68.21,0.7483,0.7685,0.0000,0.0178,6636,32.440,827.0,653.2,816.4,22.6,839.0,35.11,23.90,0.97001,4.385,7.89,25.07,14,2
36.152,watch,9x4.5,pi5,18.999,-1.876,-2.491,0.538,-0.682,-0.554,1.030,9.63,-6.93,-65.16,0.6971,0.6805,0.0151,0.0512,6665,27.910,711.5,508.4,635.6,22.6,658.2,27.28,24.13,0.96995,4.395,10.16,25.07,14,2
36.200,watch,9x4.5,pi5,19.042,-1.917,-2.532,0.638,-0.655,-0.551,1.068,10.61,-8.12,-59.25,0.6090,0.5955,0.0870,0.1230,6558,23.329,594.7,365.8,457.2,22.6,479.8,19.70,24.36,0.96990,4.401,14.07,25.07,14,2
36.252,watch,9x4.5,pi5,19.072,-1.942,-2.556,0.690,-0.633,-0.484,1.054,10.72,-8.92,-54.65,0.5205,0.5198,0.1953,0.2162,6693,20.816,530.7,274.8,343.5,22.6,366.1,14.94,24.50,0.96987,4.406,18.55,25.07,14,2
36.300,watch,9x4.5,pi5,19.119,-1.976,-2.584,0.751,-0.599,-0.340,1.019,10.11,-10.14,-47.13,0.4574,0.4501,0.3021,0.3114,6944,20.550,523.9,243.8,304.7,22.6,327.3,13.33,24.55,0.96984,4.411,20.78,25.07,14,2
36.352,watch,9x4.5,pi5,19.154,-1.999,-2.598,0.791,-0.575,-0.228,1.004,9.34,-10.92,-41.89,0.3930,0.3910,0.4064,0.4090,7228,21.758,554.7,256.9,321.2,22.6,343.8,14.02,24.53,0.96980,4.416,19.77,25.07,14,2
36.400,watch,9x4.5,pi5,19.215,-2.033,-2.608,0.856,-0.535,-0.074,1.012,7.83,-11.88,-34.04,0.3453,0.3420,0.4908,0.4902,7478,23.753,605.5,301.6,377.0,22.6,399.6,16.34,24.46,0.96977,4.421,16.96,25.07,14,2
36.452,watch,9x4.5,pi5,19.256,-2.054,-2.609,0.900,-0.511,-0.006,1.035,6.73,-12.31,-28.99,0.3040,0.3005,0.5609,0.5585,7679,26.000,662.8,362.4,453.0,22.6,475.6,19.52,24.36,0.96972,4.428,14.19,25.07,14,2
36.500,watch,9x4.5,pi5,19.316,-2.081,-2.606,0.965,-0.479,0.049,1.078,5.06,-12.57,-21.96,0.2724,0.2705,0.6042,0.6023,7772,27.555,702.4,410.8,513.5,22.6,536.1,22.08,24.28,0.96967,4.435,12.55,25.06,14,2
36.552,watch,9x4.5,pi5,19.361,-2.100,-2.601,1.011,-0.457,0.066,1.112,4.04,-12.49,-17.78,0.2504,0.2513,0.6293,0.6279,7806,28.488,726.2,442.7,553.3,22.6,575.9,23.77,24.23,0.96961,4.443,11.66,25.06,14,2
36.600,watch,9x4.5,pi5,19.437,-2.128,-2.593,1.081,-0.424,0.069,1.163,2.71,-12.04,-12.40,0.2405,0.2434,0.6389,0.6361,7806,28.790,733.9,454.2,567.7,22.6,590.3,24.38,24.21,0.96956,4.451,11.36,25.06,14,2
36.652,watch,9x4.5,pi5,19.487,-2.145,-2.588,1.119,-0.404,0.065,1.192,2.00,-11.56,-9.44,0.2426,0.2472,0.6342,0.6312,7793,28.568,728.3,447.2,559.0,22.6,581.6,24.01,24.22,0.96950,4.459,11.54,25.06,14,2
36.700,watch,9x4.5,pi5,19.560,-2.168,-2.582,1.162,-0.379,0.060,1.224,1.20,-10.68,-5.96,0.2541,0.2586,0.6202,0.6204,7786,28.135,717.2,431.4,539.2,22.6,561.8,23.17,24.25,0.96945,4.467,11.96,25.06,14,2
36.748,watch,9x4.5,pi5,19.613,-2.183,-2.578,1.185,-0.361,0.059,1.241,0.84,-10.03,-4.22,0.2739,0.2792,0.6003,0.6014,7792,27.574,702.9,409.3,511.7,22.6,534.3,22.00,24.28,0.96940,4.474,12.59,25.06,14,2
36.780,watch,9x4.5,pi5,19.666,-2.199,-2.574,1.202,-0.345,0.062,1.252,0.59,-9.37,-2.92,0.2899,0.2953,0.5858,0.5875,7805,27.250,694.7,395.5,494.3,22.6,516.9,21.27,24.30,0.96937,4.479,13.02,25.06,14,2
36.832,watch,9x4.5,pi5,19.721,-2.214,-2.571,1.214,-0.329,0.070,1.259,0.44,-8.71,-1.99,0.3196,0.3257,0.5599,0.5629,7840,26.834,684.1,375.4,469.3,22.6,491.9,20.21,24.34,0.96932,4.486,13.70,25.06,14,2
36.880,watch,9x4.5,pi5,19.807,-2.236,-2.564,1.220,-0.305,0.089,1.260,0.35,-7.76,-1.19,0.3495,0.3550,0.5369,0.5403,7889,26.670,679.9,363.1,453.9,22.6,476.5,19.56,24.36,0.96928,4.492,14.16,25.06,14,2
36.932,watch,9x4.5,pi5,19.861,-2.250,-2.560,1.218,-0.290,0.103,1.256,0.35,-7.17,-0.96,0.3845,0.3882,0.5123,0.5155,7957,26.717,681.1,356.4,445.5,22.6,468.1,19.21,24.37,0.96923,4.499,14.41,25.06,14,2
36.980,watch,9x4.5,pi5,19.935,-2.268,-2.552,1.208,-0.270,0.121,1.243,0.42,-6.33,-0.94,0.4130,0.4168,0.4923,0.4950,8017,26.894,685.6,355.6,444.5,22.6,467.1,19.17,24.37,0.96919,4.505,14.44,25.06,14,2
37.032,watch,9x4.5,pi5,19.987,-2.280,-2.546,1.196,-0.256,0.131,1.231,0.48,-5.81,-1.07,0.4420,0.4459,0.4704,0.4737,8071,27.136,691.8,358.1,447.6,22.6,470.2,19.30,24.36,0.96914,4.512,14.35,25.06,14,2
37.080,watch,9x4.5,pi5,20.068,-2.299,-2.536,1.173,-0.234,0.142,1.204,0.57,-5.08,-1.36,0.4633,0.4631,0.4548,0.4630,8116,27.419,699.0,363.4,454.2,22.6,476.8,19.58,24.35,0.96910,4.518,14.14,25.06,14,2
37.132,watch,9x4.5,pi5,20.117,-2.310,-2.529,1.154,-0.220,0.145,1.184,0.60,-4.64,-1.55,0.4560,0.4589,0.4680,0.4734,8159,27.720,706.7,369.4,461.8,22.6,484.4,19.90,24.34,0.96905,4.525,13.91,25.06,14,2
37.180,watch,9x4.5,pi5,20.184,-2.324,-2.520,1.125,-0.203,0.146,1.153,0.42,-4.03,-1.84,0.4463,0.4498,0.4822,0.4854,8186,27.925,711.9,374.0,467.5,22.6,490.1,20.14,24.34,0.96901,4.532,13.75,25.06,14,2
37.232,watch,9x4.5,pi5,20.230,-2.333,-2.513,1.102,-0.192,0.142,1.128,0.25,-3.66,-2.07,0.4444,0.4490,0.4864,0.4884,8202,28.045,715.0,376.6,470.7,22.6,493.3,20.28,24.33,0.96896,4.539,13.65,25.06,14,2
37.280,watch,9x4.5,pi5,20.301,-2.347,-2.503,1.062,-0.178,0.135,1.085,0.02,-3.16,-2.50,0.4485,0.4534,0.4840,0.4859,8215,28.123,716.9,378.0,472.4,22.6,495.0,20.35,24.33,0.96891,4.546,13.60,25.06,14,2
37.332,watch,9x4.5,pi5,20.344,-2.356,-2.497,1.035,-0.170,0.130,1.057,-0.10,-2.86,-2.83,0.4582,0.4622,0.4764,0.4776,8225,28.170,718.1,378.5,473.1,22.6,495.7,20.38,24.33,0.96886,4.553,13.58,25.06,14,2
37.380,watch,9x4.5,pi5,20.401,-2.367,-2.489,0.996,-0.162,0.121,1.016,-0.22,-2.46,-3.36,0.4675,0.4711,0.4675,0.4694,8229,28.190,718.6,378.8,473.5,22.6,496.1,20.39,24.33,0.96882,4.559,13.57,25.06,14,2
37.432,watch,9x4.5,pi5,20.441,-2.375,-2.484,0.967,-0.157,0.113,0.986,-0.27,-2.22,-3.72,0.4787,0.4820,0.4566,0.4584,8230,28.206,719.1,379.3,474.2,22.6,496.8,20.42,24.33,0.96877,4.566,13.55,25.06,14,2
37.480,watch,9x4.5,pi5,20.501,-2.387,-2.477,0.920,-0.150,0.102,0.937,-0.32,-1.90,-4.22,0.4893,0.5663,0.4610,0.4950,8722,31.802,810.7,456.8,571.0,22.6,593.6,24.53,24.20,0.96871,4.574,11.28,25.06,14,2
37.532,watch,9x4.5,pi5,20.536,-2.395,-2.473,0.891,-0.147,0.059,0.905,-0.15,-2.06,-4.47,0.5963,0.6017,0.3835,0.3899,8576,31.605,805.7,470.2,587.7,22.6,610.3,25.24,24.18,0.96865,4.583,10.96,25.06,14,2
37.580,watch,9x4.5,pi5,20.584,-2.406,-2.471,0.866,-0.136,-0.027,0.877,1.29,-4.72,-4.51,0.6517,0.6463,0.3097,0.3055,8365,31.681,807.6,502.4,628.0,22.6,650.6,26.96,24.13,0.96859,4.592,10.26,25.06,14,2
37.632,watch,9x4.5,pi5,20.618,-2.413,-2.473,0.869,-0.121,-0.084,0.882,2.54,-7.00,-4.13,0.6592,0.6579,0.2731,0.2612,8142,30.947,788.9,500.5,625.6,22.6,648.2,26.86,24.13,0.96853,4.601,10.30,25.06,14,2
37.680,watch,9x4.5,pi5,20.673,-2.424,-2.480,0.907,-0.081,-0.146,0.922,4.10,-10.12,-2.76,0.6440,0.6269,0.2701,0.2617,7965,29.400,749.5,460.2,575.2,22.6,597.8,24.71,24.19,0.96847,4.609,11.20,25.06,14,2
37.732,watch,9x4.5,pi5,20.709,-2.429,-2.487,0.944,-0.050,-0.159,0.959,4.78,-11.83,-1.29,0.6045,0.5833,0.2950,0.2897,7855,27.683,705.7,406.3,507.8,22.6,530.4,21.85,24.28,0.96842,4.617,12.66,25.06,14,2
37.780,watch,9x4.5,pi5,20.763,-2.434,-2.496,1.004,0.000,-0.147,1.015,5.23,-13.82,1.67,0.5559,0.5449,0.3356,0.3325,7842,26.628,678.8,367.2,459.1,22.6,481.7,19.79,24.34,0.96838,4.623,13.98,25.06,14,2
37.832,watch,9x4.5,pi5,20.805,-2.435,-2.503,1.050,0.038,-0.121,1.058,5.18,-14.81,4.04,0.5097,0.4989,0.3871,0.3854,7887,26.201,667.9,345.3,431.6,22.6,454.2,18.64,24.38,0.96833,4.630,14.84,25.06,14,2
37.880,watch,9x4.5,pi5,20.877,-2.434,-2.510,1.125,0.101,-0.067,1.131,4.71,-15.88,7.93,0.4688,0.4623,0.4353,0.4351,7960,26.400,673.0,343.7,429.6,22.6,452.2,18.55,24.38,0.96829,4.636,14.91,25.06,14,2
37.932,watch,9x4.5,pi5,20.925,-2.431,-2.512,1.173,0.141,-0.034,1.181,4.20,-16.35,10.61,0.4333,0.4274,0.4830,0.4820,8048,27.027,689.0,356.8,445.9,22.6,468.5,19.24,24.36,0.96824,4.643,14.38,25.06,14,2
37.980,watch,9x4.5,pi5,20.996,-2.423,-2.513,1.240,0.198,0.004,1.256,3.30,-16.76,14.54,0.4051,0.4021,0.5180,0.5171,8109,27.655,705.0,373.7,467.1,22.6,489.7,20.13,24.33,0.96820,4.649,13.74,25.06,14,2
38.032,watch,9x4.5,pi5,21.050,-2.416,-2.512,1.289,0.239,0.022,1.311,2.66,-16.86,16.99,0.3833,0.3820,0.5442,0.5443,8150,28.223,719.5,390.8,488.5,22.6,511.1,21.03,24.30,0.96815,4.657,13.15,25.06,14,2
38.080,watch,9x4.5,pi5,21.141,-2.401,-2.509,1.365,0.303,0.041,1.399,1.75,-16.79,20.27,0.3703,0.3706,0.5593,0.5604,8175,28.606,729.2,402.8,503.5,22.6,526.1,21.66,24.28,0.96810,4.664,12.76,25.06,14,2
38.132,watch,9x4.5,pi5,21.200,-2.389,-2.506,1.411,0.341,0.046,1.452,1.22,-16.62,22.13,0.3645,0.3662,0.5663,0.5677,8190,28.812,734.5,409.1,511.4,22.6,534.0,22.00,24.27,0.96805,4.671,12.57,25.06,14,2
38.180,watch,9x4.5,pi5,21.287,-2.369,-2.502,1.470,0.391,0.051,1.522,0.55,-16.26,24.41,0.3666,0.3662,0.5659,0.5688,8200,28.873,736.1,410.2,512.8,22.6,535.4,22.06,24.27,0.96800,4.678,12.53,25.06,14,2
38.232,watch,9x4.5,pi5,21.352,-2.353,-2.499,1.509,0.424,0.052,1.568,0.20,-15.97,25.58,0.3690,0.3724,0.5632,0.5654,8209,28.872,736.0,409.0,511.2,22.6,533.8,21.99,24.27,0.96795,4.686,12.57,25.06,14,2
38.280,watch,9x4.5,pi5,21.458,-2.326,-2.493,1.565,0.472,0.053,1.635,-0.25,-15.50,26.83,0.3764,0.3806,0.5562,0.5585,8215,28.795,734.1,405.0,506.3,22.6,528.9,21.79,24.28,0.96790,4.693,12.69,25.06,14,2
38.332,watch,9x4.5,pi5,21.526,-2.307,-2.490,1.596,0.498,0.053,1.672,-0.47,-15.18,27.36,0.3893,0.3945,0.5439,0.5461,8222,28.658,730.6,398.5,498.2,22.6,520.8,21.44,24.29,0.96785,4.701,12.89,25.06,14,2
38.380,watch,9x4.5,pi5,21.623,-2.279,-2.486,1.634,0.531,0.052,1.719,-0.67,-14.72,27.74,0.4042,0.4092,0.5302,0.5325,8231,28.544,727.7,392.8,491.0,22.6,513.6,21.14,24.30,0.96780,4.708,13.08,25.06,14,2
38.432,watch,9x4.5,pi5,21.693,-2.259,-2.483,1.658,0.551,0.053,1.748,-0.72,-14.43,27.78,0.4217,0.4269,0.5135,0.5169,8242,28.459,725.5,387.9,484.8,22.6,507.4,20.88,24.30,0.96775,4.715,13.24,25.06,14,2
38.480,watch,9x4.5,pi5,21.808,-2.224,-2.479,1.691,0.579,0.053,1.788,-0.72,-14.04,27.60,0.4373,0.4430,0.4997,0.5025,8254,28.446,725.2,385.6,482.0,22.6,504.6,20.76,24.31,0.96770,4.722,13.31,25.06,14,2
38.532,watch,9x4.5,pi5,21.880,-2.202,-2.476,1.708,0.594,0.054,1.809,-0.67,-13.82,27.36,0.4537,0.4590,0.4857,0.4886,8270,28.494,726.4,385.4,481.7,22.6,504.3,20.75,24.31,0.96765,4.729,13.32,25.06,14,2
38.580,watch,9x4.5,pi5,21.982,-2.170,-2.472,1.730,0.613,0.054,1.836,-0.55,-13.52,26.91,0.4670,0.4708,0.4748,0.4778,8282,28.559,728.1,386.3,482.8,22.6,505.4,20.80,24.30,0.96761,4.736,13.29,25.06,14,2
38.632,watch,9x4.5,pi5,22.056,-2.148,-2.468,1.742,0.624,0.053,1.852,-0.47,-13.34,26.59,0.4780,0.4824,0.4645,0.4682,8293,28.633,729.9,387.8,484.8,22.6,507.4,20.88,24.30,0.96756,4.743,13.23,25.06,14,2
38.680,watch,9x4.5,pi5,22.174,-2.110,-2.464,1.760,0.641,0.050,1.874,-0.32,-13.12,26.13,0.4856,0.4898,0.4579,0.4618,8300,28.695,731.5,389.3,486.7,22.6,509.3,20.96,24.30,0.96751,4.750,13.18,25.06,14,2
38.732,watch,9x4.5,pi5,22.248,-2.087,-2.461,1.769,0.651,0.047,1.885,-0.23,-13.00,25.87,0.4920,0.4949,0.4532,0.4563,8304,28.742,732.7,390.6,488.3,22.6,510.9,21.03,24.30,0.96746,4.757,13.14,25.06,14,2
38.780,watch,9x4.5,pi5,22.352,-2.054,-2.458,1.780,0.663,0.043,1.900,-0.10,-12.84,25.56,0.4944,0.4979,0.4507,0.4540,8307,28.768,733.4,391.3,489.2,22.6,511.8,21.07,24.29,0.96741,4.764,13.11,25.06,14,2
38.832,watch,9x4.5,pi5,22.427,-2.030,-2.456,1.786,0.671,0.040,1.908,-0.03,-12.76,25.42,0.4956,0.4993,0.4497,0.4527,8308,28.779,733.7,391.7,489.6,22.6,512.2,21.08,24.29,0.96736,4.771,13.10,25.06,14,2
38.880,watch,9x4.5,pi5,22.546,-1.991,-2.454,1.794,0.683,0.035,1.920,0.06,-12.65,25.33,0.4945,0.4988,0.4508,0.4533,8308,28.781,733.7,391.6,489.5,22.6,512.1,21.08,24.29,0.96731,4.778,13.10,25.06,14,2
38.932,watch,9x4.5,pi5,22.621,-1.967,-2.452,1.798,0.690,0.031,1.926,0.11,-12.60,25.34,0.4930,0.4972,0.4527,0.4548,8309,28.779,733.7,391.5,489.4,22.6,512.0,21.07,24.29,0.96726,4.786,13.11,25.06,14,2
38.980,watch,9x4.5,pi5,22.725,-1.933,-2.450,1.802,0.699,0.027,1.933,0.17,-12.53,25.46,0.4904,0.4945,0.4547,0.4583,8310,28.776,733.6,391.2,489.0,22.6,511.6,21.06,24.29,0.96722,4.792,13.11,25.06,14,2
39.032,watch,9x4.5,pi5,22.799,-1.908,-2.449,1.805,0.706,0.024,1.938,0.20,-12.50,25.60,0.4877,0.4914,0.4577,0.4609,8309,28.762,733.2,390.8,488.5,22.6,511.1,21.04,24.29,0.96717,4.800,13.13,25.06,14,2
39.080,watch,9x4.5,pi5,22.918,-1.867,-2.447,1.807,0.717,0.019,1.944,0.23,-12.47,25.89,0.4844,0.4884,0.4611,0.4634,8308,28.746,732.8,390.3,487.9,22.6,510.5,21.01,24.29,0.96712,4.807,13.14,25.06,14,2
39.132,watch,9x4.5,pi5,22.992,-1.842,-2.446,1.808,0.724,0.017,1.948,0.24,-12.46,26.11,0.4818,0.4854,0.4640,0.4659,8307,28.735,732.5,390.0,487.5,22.6,510.1,21.00,24.29,0.96707,4.814,13.15,25.06,14,2
39.180,watch,9x4.5,pi5,23.095,-1.805,-2.445,1.809,0.733,0.013,1.952,0.26,-12.45,26.50,0.4785,0.4829,0.4663,0.4693,8307,28.730,732.4,389.8,487.2,22.6,509.8,20.99,24.29,0.96702,4.821,13.16,25.06,14,2
39.232,watch,9x4.5,pi5,23.169,-1.779,-2.445,1.810,0.740,0.012,1.955,0.26,-12.45,26.78,0.4767,0.4807,0.4683,0.4714,8307,28.730,732.4,389.8,487.2,22.6,509.8,20.99,24.29,0.96697,4.828,13.16,25.06,14,2
39.280,watch,9x4.5,pi5,23.287,-1.736,-2.444,1.810,0.752,0.009,1.960,0.27,-12.46,27.22,0.4746,0.4786,0.4706,0.4734,8308,28.733,732.5,389.8,487.2,22.6,509.8,20.99,24.29,0.96693,4.835,13.16,25.06,14,2
39.332,watch,9x4.5,pi5,23.361,-1.708,-2.444,1.810,0.759,0.007,1.963,0.27,-12.47,27.52,0.4732,0.4776,0.4723,0.4744,8308,28.737,732.6,389.9,487.3,22.6,509.9,20.99,24.29,0.96687,4.842,13.15,25.06,14,2
39.380,watch,9x4.5,pi5,23.464,-1.669,-2.443,1.810,0.769,0.005,1.966,0.28,-12.48,27.97,0.4724,0.4760,0.4735,0.4757,8309,28.742,732.7,390.0,487.4,22.6,510.0,21.00,24.29,0.96683,4.849,13.15,25.06,14,2
39.432,watch,9x4.5,pi5,23.537,-1.641,-2.443,1.809,0.777,0.003,1.969,0.29,-12.49,28.27,0.4723,0.4758,0.4735,0.4761,8309,28.743,732.7,390.0,487.5,22.6,510.1,21.00,24.29,0.96678,4.856,13.15,25.06,14,2
39.480,watch,9x4.5,pi5,23.655,-1.595,-2.442,1.808,0.789,0.001,1.973,0.30,-12.51,28.70,0.4716,0.4756,0.4744,0.4763,8310,28.749,732.9,390.1,487.6,22.6,510.2,21.00,24.29,0.96673,4.863,13.14,25.05,14,2
39.532,watch,9x4.5,pi5,23.727,-1.566,-2.442,1.807,0.797,-0.000,1.975,0.31,-12.52,28.99,0.4723,0.4758,0.4738,0.4764,8311,28.758,733.1,390.3,487.9,22.6,510.5,21.01,24.29,0.96668,4.871,13.13,25.05,14,2
39.580,watch,9x4.5,pi5,23.829,-1.524,-2.442,1.804,0.809,-0.002,1.978,0.33,-12.54,29.41,0.4723,0.4739,0.4740,0.4740,8297,28.655,730.5,388.2,485.2,22.6,507.8,20.90,24.29,0.96663,4.877,13.20,25.05,14,2
39.632,watch,9x4.5,pi5,23.901,-1.493,-2.441,1.802,0.817,-0.003,1.979,0.35,-12.55,29.68,0.4733,0.4725,0.4729,0.4709,8280,28.539,727.6,385.8,482.3,22.6,504.9,20.78,24.30,0.96658,4.885,13.28,25.05,14,2
39.680,watch,9x4.5,pi5,24.016,-1.444,-2.441,1.798,0.830,-0.001,1.981,0.36,-12.43,30.09,0.4724,0.4724,0.4713,0.4707,8270,28.472,725.8,384.5,480.6,22.6,503.2,20.71,24.30,0.96654,4.891,13.32,25.05,14,2
39.732,watch,9x4.5,pi5,24.088,-1.413,-2.440,1.794,0.838,0.001,1.980,0.37,-12.24,30.36,0.4731,0.4730,0.4705,0.4691,8265,28.440,725.0,383.8,479.8,22.6,502.4,20.68,24.30,0.96649,4.899,13.35,25.05,14,2
39.780,watch,9x4.5,pi5,24.188,-1.369,-2.439,1.786,0.847,0.004,1.976,0.37,-11.78,30.77,0.4708,0.4794,0.4707,0.4682,8278,28.528,727.3,385.7,482.1,22.6,504.7,20.77,24.30,0.96644,4.905,13.28,25.05,14,2
39.832,watch,9x4.5,pi5,24.259,-1.337,-2.438,1.778,0.852,0.005,1.971,0.40,-11.41,31.05,0.4822,0.4849,0.4591,0.4609,8271,28.492,726.3,385.1,481.4,22.6,504.0,20.74,24.30,0.96639,4.913,13.30,25.05,14,2
39.880,watch,9x4.5,pi5,24.371,-1.285,-2.438,1.760,0.859,0.004,1.958,0.57,-10.83,31.49,0.4878,0.4906,0.4521,0.4545,8263,28.450,725.3,384.6,480.8,22.6,503.4,20.72,24.30,0.96635,4.919,13.32,25.05,14,2
39.932,watch,9x4.5,pi5,24.441,-1.253,-2.437,1.745,0.863,0.003,1.947,0.70,-10.42,31.83,0.4916,0.4932,0.4479,0.4502,8255,28.412,724.3,384.1,480.1,22.6,502.7,20.69,24.30,0.96630,4.927,13.33,25.05,14,2
39.980,watch,9x4.5,pi5,24.537,-1.207,-2.436,1.720,0.867,0.003,1.927,0.86,-9.77,32.44,0.4905,0.4932,0.4473,0.4508,8252,28.387,723.7,383.6,479.5,22.6,502.1,20.66,24.30,0.96625,4.933,13.35,25.05,14,2
40.032,watch,9x4.5,pi5,24.604,-1.174,-2.435,1.699,0.869,0.003,1.909,0.93,-9.30,32.90,0.4898,0.4916,0.4483,0.4517,8251,28.375,723.4,383.3,479.1,22.6,501.7,20.65,24.30,0.96620,4.941,13.36,25.05,14,2
40.080,watch,9x4.5,pi5,24.710,-1.120,-2.434,1.661,0.870,0.002,1.875,0.98,-8.59,33.68,0.4855,0.4889,0.4523,0.4546,8250,28.357,722.9,382.7,478.3,22.6,500.9,20.62,24.30,0.96615,4.947,13.38,25.05,14,2
40.132,watch,9x4.5,pi5,24.774,-1.087,-2.434,1.634,0.869,0.001,1.850,0.99,-8.12,34.25,0.4823,0.4857,0.4547,0.4577,8246,28.327,722.1,381.9,477.4,22.6,500.0,20.58,24.30,0.96611,4.955,13.40,25.05,14,2
40.180,watch,9x4.5,pi5,24.861,-1.041,-2.433,1.592,0.865,-0.000,1.812,0.96,-7.41,35.17,0.4785,0.4815,0.4585,0.4611,8244,28.300,721.4,381.2,476.5,22.6,499.1,20.54,24.30,0.96606,4.961,13.43,25.05,14,2
40.232,watch,9x4.5,pi5,24.922,-1.008,-2.433,1.560,0.860,-0.002,1.782,0.94,-6.96,35.81,0.4760,0.4795,0.4597,0.4636,8241,28.276,720.8,380.6,475.8,22.6,498.4,20.51,24.30,0.96601,4.968,13.45,25.05,14,2
40.280,watch,9x4.5,pi5,25.017,-0.956,-2.433,1.506,0.850,-0.003,1.729,0.89,-6.31,36.79,0.4724,0.4766,0.4627,0.4664,8238,28.256,720.3,380.2,475.2,22.6,497.8,20.49,24.30,0.96596,4.975,13.46,25.05,14,2
40.328,watch,9x4.5,pi5,25.074,-0.924,-2.434,1.471,0.841,-0.005,1.694,0.85,-5.89,37.46,0.4713,0.4751,0.4637,0.4670,8235,28.231,719.7,379.6,474.6,22.6,497.2,20.46,24.30,0.96592,4.982,13.48,25.05,14,2
40.376,watch,9x4.5,pi5,25.151,-0.880,-2.434,1.420,0.827,-0.006,1.643,0.79,-5.32,38.46,0.4695,0.4734,0.4648,0.4685,8231,28.208,719.1,379.2,474.0,22.6,496.6,20.43,24.30,0.96587,4.988,13.49,25.05,14,2
40.432,watch,9x4.5,pi5,25.204,-0.850,-2.435,1.383,0.816,-0.007,1.605,0.76,-4.95,39.13,0.4709,0.4739,0.4635,0.4670,8228,28.186,718.5,378.7,473.4,22.6,496.0,20.41,24.30,0.96582,4.996,13.51,25.05,14,2
40.480,watch,9x4.5,pi5,25.286,-0.801,-2.437,1.322,0.795,-0.008,1.543,0.71,-4.45,40.14,0.4698,0.4739,0.4641,0.4668,8226,28.170,718.1,378.4,473.0,22.6,495.6,20.39,24.30,0.96578,5.003,13.52,25.05,14,2
40.532,watch,9x4.5,pi5,25.335,-0.772,-2.438,1.283,0.781,-0.008,1.502,0.68,-4.14,40.82,0.4723,0.4751,0.4616,0.4651,8223,28.155,717.8,378.1,472.7,22.6,495.3,20.38,24.30,0.96573,5.010,13.53,25.05,14,2
40.580,watch,9x4.5,pi5,25.401,-0.731,-2.439,1.229,0.760,-0.009,1.445,0.64,-3.71,41.83,0.4727,0.4760,0.4608,0.4643,8222,28.149,717.6,378.0,472.5,22.6,495.1,20.37,24.30,0.96568,5.016,13.53,25.05,14,2
40.628,watch,9x4.5,pi5,25.447,-0.703,-2.439,1.190,0.745,-0.009,1.404,0.62,-3.45,42.52,0.4762,0.4796,0.4575,0.4603,8222,28.149,717.6,378.1,472.7,22.6,495.3,20.38,24.30,0.96564,5.023,13.52,25.05,14,2
40.680,watch,9x4.5,pi5,25.516,-0.659,-2.441,1.129,0.719,-0.010,1.338,0.59,-3.10,43.57,0.4778,0.4803,0.4566,0.4585,8220,28.142,717.4,378.0,472.5,22.6,495.1,20.38,24.30,0.96559,5.030,13.53,25.05,14,2
40.732,watch,9x4.5,pi5,25.557,-0.632,-2.441,1.090,0.703,-0.010,1.297,0.57,-2.89,44.29,0.4811,0.4842,0.4525,0.4553,8220,28.145,717.5,378.2,472.8,22.6,495.4,20.39,24.30,0.96554,5.037,13.52,25.05,14,2
40.780,watch,9x4.5,pi5,25.612,-0.596,-2.442,1.038,0.679,-0.011,1.240,0.54,-2.60,45.41,0.4825,0.4853,0.4512,0.4536,8219,28.140,717.4,378.2,472.8,22.6,495.4,20.39,24.30,0.96549,5.044,13.52,25.05,14,2
40.832,watch,9x4.5,pi5,25.649,-0.571,-2.443,1.001,0.662,-0.011,1.200,0.52,-2.42,46.20,0.4876,0.4905,0.4461,0.4482,8218,28.151,717.6,378.8,473.5,22.6,496.1,20.42,24.30,0.96544,5.051,13.50,25.05,14,2
40.880,watch,9x4.5,pi5,25.706,-0.533,-2.444,0.943,0.634,-0.012,1.136,0.49,-2.18,47.45,0.4887,0.4911,0.4449,0.4469,8215,28.136,717.3,378.5,473.2,22.6,495.8,20.40,24.30,0.96540,5.058,13.50,25.05,14,2
40.928,watch,9x4.5,pi5,25.739,-0.510,-2.445,0.908,0.616,-0.013,1.097,0.46,-2.04,48.34,0.4937,0.4947,0.4400,0.4427,8213,28.141,717.4,379.0,473.8,22.6,496.4,20.43,24.30,0.96535,5.064,13.49,25.05,14,2
40.980,watch,9x4.5,pi5,25.784,-0.479,-2.446,0.860,0.591,-0.014,1.043,0.43,-1.85,49.76,0.5007,0.5289,0.4245,0.5762,8790,32.430,826.7,472.9,591.2,22.6,613.8,25.42,24.15,0.96529,5.073,10.84,25.05,14,2
41.032,watch,9x4.5,pi5,25.814,-0.458,-2.448,0.827,0.574,-0.056,1.008,0.07,-2.20,50.74,0.3478,0.3251,0.6602,0.6482,8612,33.092,843.6,527.6,659.5,22.6,682.1,28.35,24.06,0.96522,5.083,9.72,25.05,14,2
41.080,watch,9x4.5,pi5,25.861,-0.426,-2.456,0.802,0.554,-0.182,0.991,-2.46,-4.75,51.77,0.1847,0.1767,0.7822,0.7485,8289,36.089,920.0,691.4,864.2,22.6,886.8,37.28,23.79,0.96514,5.095,7.39,25.05,14,2
41.132,watch,9x4.5,pi5,25.890,-0.407,-2.467,0.819,0.546,-0.288,1.026,-4.63,-6.68,51.78,0.0879,0.0803,0.8014,0.7731,7747,35.808,912.9,727.0,908.7,22.6,931.3,39.25,23.73,0.96505,5.108,7.02,25.05,14,2
41.180,watch,9x4.5,pi5,25.934,-0.379,-2.489,0.883,0.536,-0.426,1.118,-7.45,-9.23,50.37,0.0615,0.0607,0.7428,0.7538,7299,32.504,828.6,633.6,792.0,22.6,814.6,34.11,23.88,0.96497,5.119,8.07,25.05,14,2
41.200,watch,9x4.5,pi5,25.954,-0.368,-2.501,0.919,0.531,-0.466,1.160,-8.13,-9.93,49.49,0.0658,0.0707,0.7346,0.7150,7180,30.893,787.6,583.4,729.3,22.6,751.9,31.38,23.96,0.96494,5.123,8.78,25.05,14,2
41.220,watch,9x4.5,pi5,25.969,-0.360,-2.509,0.944,0.528,-0.484,1.185,-8.74,-10.61,48.42,0.0742,0.0838,0.7135,0.6765,7042,28.957,738.2,524.5,655.6,22.6,678.2,28.19,24.06,0.96491,5.127,9.77,25.05,14,2
41.272,watch,9x4.5,pi5,26.007,-0.342,-2.532,1.008,0.515,-0.494,1.235,-9.59,-11.83,45.76,0.1309,0.1471,0.6209,0.6149,6918,24.942,635.8,395.1,493.9,22.6,516.5,21.28,24.27,0.96486,5.135,12.94,25.05,14,2
41.320,watch,9x4.5,pi5,26.074,-0.312,-2.566,1.100,0.488,-0.420,1.274,-9.96,-13.40,40.69,0.2095,0.2242,0.5524,0.5443,6978,22.679,578.1,313.2,391.5,22.6,414.1,16.98,24.40,0.96483,5.140,16.22,25.05,14,2
41.372,watch,9x4.5,pi5,26.120,-0.295,-2.584,1.150,0.469,-0.337,1.287,-9.70,-14.34,36.79,0.3077,0.3175,0.4867,0.4798,7201,22.223,566.5,276.3,345.4,22.6,368.0,15.05,24.45,0.96479,5.145,18.30,25.05,14,2
41.420,watch,9x4.5,pi5,26.189,-0.272,-2.603,1.217,0.440,-0.206,1.310,-8.72,-15.62,30.48,0.3946,0.4022,0.4328,0.4273,7437,23.045,587.5,280.4,350.5,22.6,373.1,15.26,24.45,0.96476,5.150,18.04,25.05,14,2
41.472,watch,9x4.5,pi5,26.241,-0.256,-2.611,1.266,0.419,-0.121,1.339,-7.78,-16.35,26.17,0.4766,0.4802,0.3824,0.3770,7652,24.588,626.8,312.5,390.7,22.6,413.3,16.94,24.40,0.96471,5.156,16.25,25.04,14,2
41.520,watch,9x4.5,pi5,26.329,-0.233,-2.616,1.352,0.385,-0.019,1.405,-6.14,-17.18,19.86,0.5373,0.5397,0.3443,0.3394,7812,26.255,669.3,356.5,445.6,22.6,468.2,19.25,24.33,0.96467,5.163,14.30,25.04,14,2
41.568,watch,9x4.5,pi5,26.388,-0.220,-2.615,1.410,0.363,0.021,1.457,-4.99,-17.53,15.92,0.5814,0.5813,0.3147,0.3104,7911,27.635,704.5,397.8,497.3,22.6,519.9,21.43,24.26,0.96462,5.169,12.85,25.04,14,2
41.620,watch,9x4.5,pi5,26.474,-0.203,-2.612,1.496,0.335,0.050,1.534,-3.35,-17.72,10.63,0.6102,0.6096,0.2931,0.2890,7962,28.615,729.5,429.8,537.3,22.6,559.9,23.13,24.21,0.96457,5.178,11.90,25.04,14,2
41.668,watch,9x4.5,pi5,26.539,-0.192,-2.609,1.556,0.317,0.059,1.589,-2.36,-17.66,7.62,0.6206,0.6216,0.2822,0.2805,7973,28.987,739.0,443.1,553.9,22.6,576.5,23.83,24.19,0.96452,5.185,11.55,25.04,14,2
41.720,watch,9x4.5,pi5,26.649,-0.175,-2.603,1.647,0.289,0.063,1.674,-1.13,-17.34,3.94,0.6198,0.6222,0.2808,0.2822,7973,28.987,739.0,443.0,553.8,22.6,576.4,23.83,24.19,0.96446,5.194,11.55,25.04,14,2
41.772,watch,9x4.5,pi5,26.720,-0.166,-2.599,1.699,0.273,0.064,1.722,-0.48,-17.03,2.05,0.6104,0.6118,0.2909,0.2927,7976,28.715,732.0,432.1,540.1,22.6,562.7,23.25,24.20,0.96440,5.202,11.84,25.04,14,2
41.820,watch,9x4.5,pi5,26.824,-0.153,-2.594,1.764,0.253,0.066,1.783,0.22,-16.49,0.04,0.5948,0.5974,0.3065,0.3094,7984,28.354,722.8,417.0,521.2,22.6,543.8,22.45,24.23,0.96435,5.209,12.26,25.04,14,2
41.872,watch,9x4.5,pi5,26.901,-0.145,-2.591,1.804,0.240,0.070,1.821,0.53,-16.12,-0.82,0.5734,0.5777,0.3292,0.3328,8003,27.971,713.1,399.7,499.6,22.6,522.2,21.53,24.25,0.96430,5.216,12.78,25.04,14,2
41.920,watch,9x4.5,pi5,27.026,-0.133,-2.585,1.858,0.222,0.081,1.873,0.80,-15.59,-1.47,0.5530,0.5579,0.3537,0.3571,8033,27.741,707.2,386.9,483.6,22.6,506.2,20.85,24.27,0.96425,5.223,13.19,25.04,14,2
41.972,watch,9x4.5,pi5,27.106,-0.126,-2.581,1.886,0.211,0.090,1.900,0.88,-15.28,-1.56,0.5313,0.5362,0.3816,0.3851,8079,27.667,705.3,378.0,472.5,22.6,495.1,20.39,24.29,0.96421,5.230,13.50,25.04,14,2
42.020,watch,9x4.5,pi5,27.218,-0.117,-2.576,1.919,0.198,0.103,1.932,0.88,-14.86,-1.31,0.5123,0.5172,0.4070,0.4097,8122,27.711,706.4,374.1,467.6,22.6,490.2,20.18,24.29,0.96416,5.237,13.63,25.04,14,2
42.072,watch,9x4.5,pi5,27.300,-0.111,-2.571,1.939,0.189,0.112,1.951,0.83,-14.62,-0.96,0.4934,0.4983,0.4317,0.4342,8164,27.832,709.5,373.3,466.6,22.6,489.2,20.14,24.29,0.96411,5.244,13.66,25.04,14,2
42.120,watch,9x4.5,pi5,27.431,-0.103,-2.564,1.967,0.176,0.122,1.978,0.71,-14.31,-0.27,0.4784,0.4819,0.4507,0.4526,8186,27.913,711.6,373.6,467.0,22.6,489.6,20.15,24.29,0.96407,5.251,13.65,25.04,14,2
42.172,watch,9x4.5,pi5,27.513,-0.097,-2.559,1.981,0.169,0.127,1.992,0.62,-14.13,0.24,0.4662,0.4654,0.4690,0.4665,8198,27.982,713.3,374.6,468.2,22.6,490.8,20.21,24.29,0.96402,5.258,13.61,25.04,14,2
42.220,watch,9x4.5,pi5,27.629,-0.090,-2.551,1.998,0.159,0.132,2.009,0.48,-13.76,1.01,0.4558,0.4559,0.4808,0.4776,8209,28.067,715.5,376.6,470.7,22.6,493.3,20.31,24.29,0.96397,5.264,13.54,25.04,14,2
42.272,watch,9x4.5,pi5,27.711,-0.086,-2.546,2.007,0.153,0.134,2.017,0.40,-13.41,1.49,0.4475,0.4494,0.4882,0.4877,8219,28.159,717.9,378.9,473.6,22.6,496.2,20.43,24.28,0.96392,5.271,13.46,25.04,14,2
42.320,watch,9x4.5,pi5,27.843,-0.079,-2.537,2.014,0.145,0.136,2.024,0.30,-12.74,2.11,0.4436,0.4458,0.4928,0.4933,8229,28.240,719.9,380.8,476.0,22.6,498.6,20.54,24.28,0.96388,5.278,13.39,25.04,14,2
42.372,watch,9x4.5,pi5,27.926,-0.074,-2.532,2.015,0.139,0.135,2.024,0.25,-12.21,2.44,0.4414,0.4451,0.4959,0.4955,8237,28.307,721.6,382.4,477.9,22.6,500.5,20.62,24.28,0.96383,5.285,13.34,25.04,14,2
42.420,watch,9x4.5,pi5,28.040,-0.069,-2.524,2.008,0.133,0.132,2.017,0.22,-11.35,2.81,0.4420,0.4458,0.4952,0.4963,8243,28.344,722.6,383.1,478.8,22.6,501.4,20.66,24.28,0.96378,5.292,13.31,25.04,14,2
42.472,watch,9x4.5,pi5,28.121,-0.065,-2.518,1.999,0.128,0.129,2.008,0.22,-10.74,2.97,0.4438,0.4486,0.4931,0.4949,8247,28.362,723.0,383.3,479.1,22.6,501.7,20.67,24.28,0.96373,5.299,13.30,25.04,14,2
42.520,watch,9x4.5,pi5,28.249,-0.059,-2.510,1.977,0.121,0.123,1.985,0.26,-9.82,3.10,0.4468,0.4519,0.4896,0.4926,8248,28.361,723.0,383.0,478.7,22.6,501.3,20.65,24.28,0.96369,5.306,13.31,25.04,14,2
42.572,watch,9x4.5,pi5,28.328,-0.055,-2.505,1.958,0.118,0.117,1.965,0.29,-9.20,3.11,0.4510,0.4556,0.4858,0.4883,8247,28.342,722.5,382.4,477.9,22.6,500.5,20.62,24.28,0.96364,5.313,13.33,25.04,14,2
42.620,watch,9x4.5,pi5,28.436,-0.049,-2.499,1.926,0.114,0.110,1.933,0.35,-8.30,3.05,0.4552,0.4590,0.4816,0.4845,8246,28.324,722.1,381.8,477.2,22.6,499.8,20.59,24.28,0.96359,5.320,13.35,25.04,14,2
42.672,watch,9x4.5,pi5,28.512,-0.045,-2.494,1.899,0.111,0.104,1.905,0.39,-7.72,2.96,0.4588,0.4632,0.4769,0.4809,8244,28.302,721.5,381.2,476.5,22.6,499.1,20.56,24.28,0.96354,5.327,13.37,25.04,14,2
42.720,watch,9x4.5,pi5,28.630,-0.039,-2.488,1.850,0.107,0.095,1.855,0.45,-6.88,2.79,0.4619,0.4668,0.4730,0.4775,8242,28.281,721.0,380.7,475.9,22.6,498.5,20.53,24.28,0.96350,5.334,13.39,25.04,14,2
42.772,watch,9x4.5,pi5,28.701,-0.035,-2.484,1.815,0.104,0.089,1.820,0.48,-6.36,2.66,0.4649,0.4693,0.4707,0.4733,8239,28.258,720.4,380.2,475.2,22.6,497.8,20.50,24.28,0.96345,5.341,13.40,25.04,14,2
42.820,watch,9x4.5,pi5,28.799,-0.029,-2.480,1.763,0.101,0.081,1.768,0.52,-5.63,2.46,0.4672,0.4714,0.4680,0.4712,8237,28.248,720.1,380.0,474.9,22.6,497.5,20.49,24.28,0.96340,5.347,13.41,25.04,14,2
42.872,watch,9x4.5,pi5,28.866,-0.025,-2.477,1.724,0.099,0.076,1.728,0.54,-5.18,2.32,0.4678,0.4735,0.4663,0.4698,8236,28.237,719.8,379.7,474.7,22.6,497.3,20.48,24.28,0.96335,5.355,13.42,25.04,14,2
42.920,watch,9x4.5,pi5,28.969,-0.019,-2.472,1.657,0.096,0.069,1.661,0.56,-4.56,2.13,0.4688,0.4742,0.4652,0.4688,8234,28.228,719.6,379.6,474.5,22.6,497.1,20.47,24.28,0.96331,5.361,13.42,25.04,14,2
42.972,watch,9x4.5,pi5,29.032,-0.015,-2.469,1.614,0.094,0.064,1.618,0.56,-4.18,2.01,0.4700,0.4733,0.4651,0.4686,8234,28.225,719.5,379.5,474.4,22.6,497.0,20.47,24.28,0.96326,5.368,13.42,25.04,14,2
43.020,watch,9x4.5,pi5,29.115,-0.010,-2.466,1.552,0.091,0.058,1.555,0.56,-3.66,1.85,0.4694,0.4735,0.4657,0.4685,8235,28.230,719.7,379.6,474.5,22.6,497.1,20.48,24.28,0.96321,5.375,13.42,25.04,14,2
43.072,watch,9x4.5,pi5,29.173,-0.006,-2.463,1.507,0.089,0.054,1.511,0.56,-3.35,1.75,0.4682,0.4725,0.4667,0.4699,8235,28.234,719.8,379.7,474.6,22.6,497.2,20.48,24.28,0.96316,5.382,13.41,25.04,14,2
43.120,watch,9x4.5,pi5,29.261,0.000,-2.459,1.435,0.086,0.048,1.438,0.54,-2.94,1.62,0.4677,0.4714,0.4679,0.4707,8236,28.241,719.9,379.8,474.8,22.6,497.4,20.49,24.28,0.96312,5.389,13.41,25.04,14,2
43.172,watch,9x4.5,pi5,29.313,0.004,-2.456,1.389,0.084,0.044,1.392,0.53,-2.69,1.54,0.4661,0.4693,0.4701,0.4722,8237,28.243,720.0,379.9,474.8,22.6,497.4,20.49,24.28,0.96307,5.396,13.41,25.04,14,2
43.220,watch,9x4.5,pi5,29.384,0.009,-2.453,1.326,0.081,0.039,1.329,0.51,-2.35,1.42,0.4646,0.4679,0.4713,0.4736,8236,28.240,719.9,379.8,474.8,22.6,497.4,20.49,24.28,0.96302,5.403,13.41,25.04,14,2
43.272,watch,9x4.5,pi5,29.432,0.013,-2.452,1.281,0.078,0.035,1.284,0.49,-2.15,1.33,0.4620,0.4652,0.4737,0.4763,8235,28.236,719.8,379.8,474.7,22.6,497.3,20.49,24.27,0.96297,5.410,13.41,25.04,14,2
43.320,watch,9x4.5,pi5,29.504,0.018,-2.449,1.211,0.075,0.029,1.213,0.47,-1.89,1.19,0.4607,0.4641,0.4750,0.4773,8234,28.232,719.7,379.7,474.6,22.6,497.2,20.48,24.27,0.96293,5.416,13.41,25.04,14,2
43.372,watch,9x4.5,pi5,29.548,0.021,-2.447,1.167,0.072,0.026,1.170,0.46,-1.73,1.08,0.4613,0.4646,0.4748,0.4766,8235,28.236,719.8,379.8,474.7,22.6,497.3,20.49,24.27,0.96288,5.424,13.40,25.04,14,2
43.420,watch,9x4.5,pi5,29.606,0.026,-2.445,1.108,0.068,0.022,1.110,0.43,-1.53,0.88,0.5487,0.5909,0.5802,0.7502,10383,45.415,1157.8,789.1,986.4,22.6,1009.0,42.74,23.61,0.96278,5.437,6.42,25.04,14,2
43.472,watch,9x4.5,pi5,29.645,0.029,-2.446,1.071,0.067,-0.144,1.082,-0.04,-2.07,0.65,0.2995,0.1808,0.9154,0.8749,9660,48.402,1233.9,1061.7,1327.1,22.6,1349.7,58.33,23.14,0.96264,5.457,4.71,25.03,14,2
43.520,watch,9x4.5,pi5,29.706,0.033,-2.468,1.050,0.033,-0.581,1.201,-3.44,-4.64,-0.85,0.0670,0.0043,1.0000,0.8646,8448,47.532,1211.7,1152.4,1440.5,22.6,1463.1,63.68,22.98,0.96250,5.476,4.31,25.03,14,2
43.572,watch,9x4.5,pi5,29.744,0.034,-2.498,1.061,-0.030,-0.842,1.355,-6.44,-5.91,-3.13,0.0501,0.0000,0.8234,0.7752,7048,35.784,912.3,753.1,941.4,22.6,964.0,40.74,23.66,0.96240,5.490,6.74,25.03,14,2
43.620,watch,9x4.5,pi5,29.798,0.029,-2.555,1.069,-0.151,-1.031,1.493,-10.63,-7.18,-8.45,0.0084,0.0000,0.7046,0.7720,6456,30.950,789.0,610.9,763.6,22.6,786.2,32.90,23.90,0.96233,5.501,8.34,25.03,14,2
43.672,watch,9x4.5,pi5,29.838,0.021,-2.601,1.062,-0.249,-1.060,1.521,-12.82,-7.60,-13.11,0.0000,0.0435,0.7041,0.6569,6164,27.028,689.0,492.8,616.0,22.6,638.6,26.51,24.09,0.96227,5.510,10.35,25.03,14,2
43.720,watch,9x4.5,pi5,29.901,-0.003,-2.677,1.024,-0.411,-0.999,1.488,-15.44,-8.28,-21.42,0.0019,0.0710,0.6579,0.6507,6439,25.662,654.2,445.3,556.7,22.6,579.3,23.97,24.16,0.96221,5.517,11.45,25.03,14,2
43.772,watch,9x4.5,pi5,29.939,-0.024,-2.720,0.984,-0.511,-0.922,1.442,-16.56,-8.85,-27.69,0.0655,0.1403,0.5918,0.6009,6500,22.977,585.8,357.2,446.5,22.6,469.1,19.30,24.30,0.96217,5.524,14.22,25.03,14,2
43.820,watch,9x4.5,pi5,29.990,-0.061,-2.774,0.912,-0.642,-0.776,1.359,-17.11,-10.02,-37.97,0.1381,0.1925,0.5640,0.5531,6678,21.984,560.4,313.8,392.3,22.6,414.9,17.02,24.37,0.96213,5.530,16.12,25.03,14,2
43.868,watch,9x4.5,pi5,30.023,-0.093,-2.806,0.852,-0.727,-0.656,1.298,-16.73,-11.10,-45.22,0.2080,0.2411,0.5321,0.5352,6927,22.079,562.9,297.1,371.4,22.6,394.0,16.15,24.40,0.96209,5.535,16.99,25.03,14,2
43.920,watch,9x4.5,pi5,30.070,-0.151,-2.844,0.748,-0.851,-0.466,1.225,-15.14,-12.92,-56.59,0.2722,0.2876,0.5156,0.5152,7196,22.776,580.6,296.2,370.2,22.6,392.8,16.10,24.40,0.96205,5.541,17.04,25.03,14,2
43.972,watch,9x4.5,pi5,30.095,-0.193,-2.860,0.680,-0.925,-0.360,1.203,-13.53,-14.12,-64.45,0.3248,0.3322,0.5071,0.5075,7490,24.055,613.2,311.3,389.1,22.6,411.7,16.89,24.37,0.96201,5.547,16.24,25.03,14,2
44.020,watch,9x4.5,pi5,30.126,-0.255,-2.875,0.582,-1.023,-0.236,1.200,-10.50,-15.63,-76.61,0.3614,0.3645,0.5022,0.5031,7706,25.148,641.1,327.2,409.0,22.6,431.6,17.72,24.35,0.96197,5.552,15.48,25.03,14,2
44.072,watch,9x4.5,pi5,30.144,-0.303,-2.881,0.513,-1.089,-0.165,1.215,-8.20,-16.32,-84.90,0.3904,0.3902,0.4982,0.5011,7882,26.126,666.0,343.0,428.7,22.6,451.3,18.56,24.32,0.96193,5.559,14.78,25.03,14,2
44.120,watch,9x4.5,pi5,30.166,-0.386,-2.884,0.404,-1.190,-0.082,1.259,-4.54,-16.75,-97.49,0.4150,0.4146,0.4921,0.4963,8020,26.918,686.2,356.1,445.2,22.6,467.8,19.25,24.30,0.96189,5.565,14.25,25.03,14,2
44.172,watch,9x4.5,pi5,30.176,-0.440,-2.884,0.339,-1.248,-0.047,1.294,-2.09,-16.60,-105.91,0.4780,0.4765,0.4455,0.4496,8135,27.571,702.9,366.8,458.4,22.6,481.0,19.81,24.29,0.96184,5.572,13.85,25.03,14,2
44.220,watch,9x4.5,pi5,30.185,-0.519,-2.881,0.252,-1.323,-0.018,1.347,1.37,-15.77,-118.33,0.5496,0.5489,0.3810,0.3850,8189,28.521,727.1,397.5,496.9,22.6,519.5,21.44,24.24,0.96179,5.579,12.79,25.03,14,2
44.272,watch,9x4.5,pi5,30.189,-0.578,-2.879,0.193,-1.373,-0.014,1.387,3.40,-14.86,-126.23,0.6273,0.6280,0.3012,0.3080,8189,30.202,769.9,464.9,581.1,22.6,603.7,25.02,24.13,0.96173,5.588,10.96,25.03,14,2
44.320,watch,9x4.5,pi5,30.190,-0.676,-2.876,0.104,-1.450,-0.043,1.454,5.87,-13.14,-137.16,0.6839,0.6847,0.2345,0.2420,8119,31.792,810.5,536.8,671.0,22.6,693.6,28.89,24.01,0.96167,5.597,9.49,25.03,14,2
44.372,watch,9x4.5,pi5,30.188,-0.739,-2.876,0.052,-1.496,-0.082,1.499,7.10,-11.89,-143.65,0.7245,0.7247,0.1708,0.1784,7949,32.922,839.3,599.0,748.8,22.6,771.4,32.26,23.91,0.96159,5.608,8.50,25.03,14,2
44.420,watch,9x4.5,pi5,30.183,-0.829,-2.879,-0.014,-1.554,-0.156,1.562,8.35,-10.03,-151.98,0.7404,0.7401,0.1277,0.1357,7752,33.114,844.2,624.1,780.2,22.6,802.8,33.63,23.87,0.96151,5.619,8.15,25.03,14,2
44.472,watch,9x4.5,pi5,30.175,-0.908,-2.887,-0.065,-1.598,-0.222,1.614,8.87,-8.79,-156.97,0.7405,0.7428,0.0980,0.1049,7543,32.648,832.3,622.9,778.6,22.6,801.2,33.56,23.87,0.96143,5.630,8.17,25.03,14,2
44.520,watch,9x4.5,pi5,30.164,-1.002,-2.900,-0.117,-1.637,-0.288,1.666,9.18,-7.46,-161.98,0.7233,0.7295,0.0880,0.0925,7351,31.348,799.2,588.8,736.0,22.6,758.6,31.71,23.92,0.96136,5.641,8.64,25.03,14,2
44.572,watch,9x4.5,pi5,30.155,-1.069,-2.912,-0.148,-1.656,-0.319,1.693,9.20,-6.71,-164.67,0.6997,0.7031,0.0914,0.0922,7181,29.594,754.4,537.6,672.0,22.6,694.6,28.93,24.01,0.96129,5.651,9.47,25.03,14,2
44.620,watch,9x4.5,pi5,30.141,-1.164,-2.930,-0.185,-1.673,-0.335,1.716,9.07,-5.90,-167.41,0.6716,0.6747,0.1100,0.1082,7101,27.952,712.6,485.5,606.9,22.6,629.5,26.13,24.09,0.96124,5.659,10.49,25.03,14,2
44.672,watch,9x4.5,pi5,30.130,-1.232,-2.944,-0.208,-1.677,-0.327,1.721,8.92,-5.57,-168.46,0.6402,0.6455,0.1403,0.1346,7088,26.499,675.5,436.0,545.0,22.6,567.6,23.48,24.17,0.96118,5.667,11.67,25.03,14,2
44.720,watch,9x4.5,pi5,30.111,-1.338,-2.964,-0.238,-1.673,-0.281,1.713,8.65,-5.32,-169.01,0.6105,0.6147,0.1772,0.1710,7134,25.392,647.3,393.8,492.2,22.6,514.8,21.24,24.24,0.96113,5.674,12.90,25.03,14,2
44.772,watch,9x4.5,pi5,30.099,-1.404,-2.976,-0.254,-1.665,-0.238,1.701,8.48,-5.29,-168.78,0.5811,0.5856,0.2221,0.2167,7250,24.780,631.7,361.9,452.4,22.6,475.0,19.56,24.29,0.96108,5.681,14.01,25.03,14,2
44.820,watch,9x4.5,pi5,30.082,-1.495,-2.988,-0.275,-1.651,-0.167,1.682,8.24,-5.41,-167.68,0.5536,0.5585,0.2677,0.2633,7387,24.561,626.1,340.8,426.0,22.6,448.6,18.45,24.32,0.96104,5.687,14.85,25.03,14,2
44.872,watch,9x4.5,pi5,30.069,-1.558,-2.993,-0.288,-1.639,-0.113,1.667,8.10,-5.56,-166.53,0.5283,0.5312,0.3147,0.3112,7539,24.692,629.5,329.3,411.6,22.6,434.2,17.84,24.34,0.96100,5.693,15.36,25.03,14,2
44.920,watch,9x4.5,pi5,30.047,-1.657,-2.997,-0.307,-1.619,-0.033,1.648,7.89,-5.89,-164.36,0.5049,0.5054,0.3583,0.3556,7681,25.039,638.3,326.1,407.6,22.6,430.2,17.67,24.34,0.96096,5.699,15.50,25.03,14,2
44.972,watch,9x4.5,pi5,30.034,-1.718,-2.997,-0.319,-1.607,0.010,1.638,7.74,-6.13,-162.68,0.4843,0.4821,0.4005,0.3986,7830,25.679,654.6,332.2,415.3,22.6,437.9,18.00,24.33,0.96092,5.705,15.22,25.03,14,2
45.020,watch,9x4.5,pi5,30.014,-1.801,-2.994,-0.334,-1.592,0.060,1.628,7.41,-6.44,-159.98,0.4644,0.4628,0.4354,0.4334,7941,26.268,669.7,341.1,426.3,22.6,448.9,18.46,24.32,0.96088,5.711,14.84,25.03,14,2
45.072,watch,9x4.5,pi5,30.000,-1.860,-2.989,-0.344,-1.583,0.086,1.622,7.12,-6.59,-158.11,0.4471,0.4477,0.4637,0.4618,8029,26.843,684.3,352.1,440.1,22.6,462.7,19.04,24.30,0.96083,5.718,14.39,25.03,14,2
45.120,watch,9x4.5,pi5,29.978,-1.953,-2.981,-0.359,-1.567,0.114,1.612,6.61,-6.69,-155.35,0.4336,0.4355,0.4860,0.4841,8097,27.352,697.3,363.1,453.9,22.6,476.5,19.62,24.28,0.96079,5.724,13.96,25.03,14,2
45.172,watch,9x4.5,pi5,29.963,-2.010,-2.975,-0.367,-1.557,0.123,1.604,6.24,-6.69,-153.59,0.4261,0.4269,0.5019,0.4995,8152,27.789,708.4,373.1,466.4,22.6,489.0,20.15,24.27,0.96074,5.731,13.59,25.03,14,2
45.220,watch,9x4.5,pi5,29.943,-2.090,-2.967,-0.376,-1.541,0.128,1.592,5.66,-6.58,-151.12,0.4195,0.4228,0.5117,0.5093,8184,28.061,715.4,379.7,474.6,22.6,497.2,20.50,24.26,0.96069,5.738,13.36,25.03,14,2
45.272,watch,9x4.5,pi5,29.929,-2.146,-2.960,-0.381,-1.529,0.127,1.581,5.28,-6.45,-149.61,0.4193,0.4229,0.5139,0.5130,8206,28.219,719.4,383.1,478.9,22.6,501.5,20.68,24.25,0.96064,5.745,13.24,25.03,14,2
45.320,watch,9x4.5,pi5,29.906,-2.235,-2.951,-0.386,-1.505,0.123,1.559,4.74,-6.20,-147.60,0.4200,0.4244,0.5150,0.5139,8221,28.323,722.0,385.2,481.5,22.6,504.1,20.79,24.25,0.96060,5.752,13.17,25.03,14,2
45.372,watch,9x4.5,pi5,29.891,-2.289,-2.945,-0.388,-1.489,0.118,1.543,4.41,-6.00,-146.42,0.4260,0.4290,0.5109,0.5104,8231,28.359,722.9,385.2,481.5,22.6,504.1,20.79,24.25,0.96055,5.759,13.17,25.03,14,2
45.420,watch,9x4.5,pi5,29.871,-2.365,-2.939,-0.389,-1.462,0.110,1.517,3.94,-5.66,-144.86,0.4304,0.4345,0.5071,0.5053,8235,28.353,722.8,384.5,480.6,22.6,503.2,20.75,24.25,0.96050,5.766,13.19,25.03,14,2
45.472,watch,9x4.5,pi5,29.857,-2.417,-2.934,-0.388,-1.442,0.104,1.497,3.65,-5.43,-143.96,0.4389,0.4433,0.4977,0.4980,8237,28.318,721.9,382.8,478.5,22.6,501.1,20.67,24.25,0.96045,5.773,13.25,25.02,14,2
45.520,watch,9x4.5,pi5,29.834,-2.500,-2.928,-0.385,-1.405,0.094,1.460,3.26,-5.08,-142.78,0.4452,0.4496,0.4922,0.4910,8238,28.294,721.3,381.8,477.2,22.6,499.8,20.61,24.25,0.96041,5.780,13.28,25.02,14,2
45.572,watch,9x4.5,pi5,29.819,-2.550,-2.924,-0.383,-1.381,0.088,1.436,3.03,-4.86,-142.08,0.4534,0.4580,0.4841,0.4827,8239,28.273,720.8,380.8,476.0,22.6,498.6,20.56,24.25,0.96036,5.787,13.31,25.02,14,2
45.620,watch,9x4.5,pi5,29.799,-2.619,-2.920,-0.378,-1.345,0.079,1.399,2.70,-4.53,-141.12,0.4590,0.4639,0.4776,0.4776,8238,28.260,720.4,380.3,475.4,22.6,498.0,20.54,24.25,0.96031,5.794,13.33,25.02,14,2
45.672,watch,9x4.5,pi5,29.785,-2.666,-2.917,-0.374,-1.318,0.074,1.372,2.51,-4.32,-140.52,0.4671,0.4710,0.4699,0.4699,8237,28.249,720.1,380.0,475.0,22.6,497.6,20.52,24.25,0.96026,5.801,13.34,25.02,14,2
45.720,watch,9x4.5,pi5,29.763,-2.741,-2.914,-0.367,-1.274,0.066,1.327,2.24,-4.02,-139.66,0.4708,0.4748,0.4663,0.4658,8237,28.246,720.1,379.9,474.9,22.6,497.5,20.52,24.25,0.96022,5.807,13.34,25.02,14,2
45.772,watch,9x4.5,pi5,29.749,-2.787,-2.912,-0.362,-1.246,0.061,1.299,2.07,-3.84,-139.08,0.4756,0.4792,0.4609,0.4617,8236,28.243,720.0,380.0,475.0,22.6,497.6,20.52,24.25,0.96017,5.815,13.34,25.02,14,2
45.820,watch,9x4.5,pi5,29.730,-2.849,-2.910,-0.354,-1.206,0.055,1.258,1.84,-3.58,-138.21,0.4772,0.4811,0.4600,0.4590,8235,28.241,720.0,380.0,475.0,22.6,497.6,20.52,24.25,0.96012,5.821,13.34,25.02,14,2
45.872,watch,9x4.5,pi5,29.716,-2.892,-2.908,-0.349,-1.177,0.050,1.228,1.70,-3.42,-137.60,0.4804,0.4837,0.4559,0.4569,8234,28.237,719.8,380.0,475.0,22.6,497.6,20.52,24.25,0.96007,5.828,13.33,25.02,14,2
45.920,watch,9x4.5,pi5,29.695,-2.958,-2.907,-0.339,-1.130,0.044,1.181,1.50,-3.19,-136.66,0.4797,0.4837,0.4566,0.4563,8232,28.225,719.5,379.8,474.7,22.6,497.3,20.51,24.25,0.96003,5.835,13.34,25.02,14,2
45.972,watch,9x4.5,pi5,29.682,-2.998,-2.906,-0.333,-1.101,0.041,1.151,1.38,-3.05,-136.00,0.4808,0.4838,0.4560,0.4556,8231,28.223,719.5,379.8,474.7,22.6,497.3,20.51,24.25,0.95998,5.842,13.34,25.02,14,2
46.020,watch,9x4.5,pi5,29.665,-3.053,-2.906,-0.324,-1.060,0.036,1.109,1.21,-2.86,-134.96,0.4790,0.4828,0.4568,0.4574,8231,28.214,719.3,379.5,474.4,22.6,497.0,20.50,24.25,0.95993,5.849,13.35,25.02,14,2
46.068,watch,9x4.5,pi5,29.652,-3.090,-2.905,-0.318,-1.030,0.033,1.079,1.10,-2.74,-134.25,0.4798,0.4823,0.4571,0.4566,8230,28.208,719.1,379.4,474.3,22.6,496.9,20.49,24.25,0.95989,5.856,13.35,25.02,14,2
46.120,watch,9x4.5,pi5,29.633,-3.148,-2.905,-0.307,-0.984,0.028,1.031,0.95,-2.57,-133.13,0.4771,0.4805,0.4595,0.4585,8229,28.201,718.9,379.2,474.0,22.6,496.6,20.48,24.25,0.95984,5.863,13.36,25.02,14,2
46.172,watch,9x4.5,pi5,29.622,-3.183,-2.904,-0.300,-0.955,0.026,1.002,0.86,-2.47,-132.36,0.4768,0.4791,0.4600,0.4597,8229,28.200,718.9,379.1,473.9,22.6,496.5,20.48,24.25,0.95979,5.870,13.36,25.02,14,2
46.220,watch,9x4.5,pi5,29.606,-3.229,-2.904,-0.291,-0.915,0.022,0.961,0.74,-2.32,-131.19,0.4745,0.4772,0.4616,0.4625,8230,28.201,718.9,379.1,473.9,22.6,496.5,20.47,24.25,0.95974,5.876,13.36,25.02,14,2
46.268,watch,9x4.5,pi5,29.595,-3.261,-2.904,-0.284,-0.887,0.020,0.932,0.66,-2.23,-130.39,0.4748,0.4769,0.4623,0.4619,8230,28.202,719.0,379.1,473.9,22.6,496.5,20.48,24.25,0.95970,5.883,13.36,25.02,14,2
46.320,watch,9x4.5,pi5,29.578,-3.310,-2.904,-0.273,-0.842,0.016,0.886,0.55,-2.11,-129.18,0.5367,0.5385,0.5869,0.4733,9171,35.153,896.1,530.6,663.3,22.6,685.9,28.57,24.00,0.95963,5.893,9.57,25.02,14,2
46.372,watch,9x4.5,pi5,29.568,-3.339,-2.904,-0.268,-0.817,-0.053,0.861,0.89,-1.66,-128.37,0.5034,0.5049,0.5205,0.5209,8860,32.687,833.3,473.1,591.3,22.6,613.9,25.48,24.10,0.95957,5.902,10.73,25.02,14,2
46.420,watch,9x4.5,pi5,29.554,-3.378,-2.911,-0.236,-0.780,-0.164,0.831,4.14,1.60,-127.10,0.4655,0.4785,0.5084,0.5099,8543,30.419,775.5,425.2,531.5,22.6,554.1,22.92,24.17,0.95951,5.909,11.93,25.02,14,2
46.472,watch,9x4.5,pi5,29.546,-3.404,-2.919,-0.183,-0.750,-0.204,0.798,6.89,4.16,-126.16,0.4536,0.4575,0.4762,0.5145,8324,28.895,736.6,394.1,492.7,22.6,515.3,21.27,24.22,0.95946,5.917,12.85,25.02,14,2
46.520,watch,9x4.5,pi5,29.538,-3.445,-2.935,-0.055,-0.696,-0.216,0.731,10.70,7.42,-124.72,0.4460,0.4525,0.4649,0.5030,8196,28.006,713.9,375.9,469.9,22.6,492.5,20.31,24.25,0.95942,5.923,13.46,25.02,14,2
46.572,watch,9x4.5,pi5,29.539,-3.468,-2.945,0.044,-0.661,-0.200,0.692,12.77,9.02,-123.82,0.4527,0.4545,0.4547,0.4882,8137,27.581,703.1,367.0,458.7,22.6,481.3,19.84,24.26,0.95937,5.930,13.78,25.02,14,2
46.620,watch,9x4.5,pi5,29.548,-3.499,-2.958,0.198,-0.611,-0.162,0.662,15.08,10.57,-122.67,0.4602,0.4621,0.4492,0.4778,8134,27.552,702.4,366.2,457.7,22.6,480.3,19.79,24.26,0.95933,5.937,13.81,25.02,14,2
46.668,watch,9x4.5,pi5,29.560,-3.520,-2.965,0.314,-0.576,-0.130,0.669,16.16,11.16,-122.01,0.4720,0.4729,0.4448,0.4651,8154,27.687,705.8,368.9,461.1,22.6,483.7,19.94,24.26,0.95928,5.943,13.71,25.02,14,2
46.720,watch,9x4.5,pi5,29.592,-3.551,-2.974,0.506,-0.523,-0.079,0.732,17.20,11.52,-121.15,0.4814,0.4820,0.4429,0.4569,8184,27.908,711.5,373.6,467.0,22.6,489.6,20.19,24.25,0.95923,5.950,13.54,25.02,14,2
46.772,watch,9x4.5,pi5,29.620,-3.568,-2.977,0.626,-0.492,-0.050,0.798,17.58,11.48,-120.63,0.4914,0.4911,0.4404,0.4515,8225,28.210,719.1,380.1,475.1,22.6,497.7,20.53,24.24,0.95918,5.957,13.31,25.02,14,2
46.820,watch,9x4.5,pi5,29.668,-3.591,-2.979,0.791,-0.451,-0.014,0.910,17.81,11.14,-119.87,0.4969,0.4958,0.4420,0.4490,8259,28.450,725.3,385.2,481.5,22.6,504.1,20.80,24.23,0.95914,5.964,13.14,25.02,14,2
46.872,watch,9x4.5,pi5,29.709,-3.607,-2.980,0.904,-0.424,0.007,0.998,17.78,10.76,-119.34,0.5012,0.5017,0.4434,0.4456,8289,28.671,730.9,390.0,487.4,22.6,510.0,21.05,24.23,0.95909,5.971,12.98,25.02,14,2
46.920,watch,9x4.5,pi5,29.784,-3.630,-2.979,1.074,-0.386,0.032,1.141,17.54,10.03,-118.49,0.5022,0.5017,0.4476,0.4474,8313,28.835,735.1,393.2,491.5,22.6,514.1,21.23,24.22,0.95904,5.978,12.87,25.02,14,2
46.972,watch,9x4.5,pi5,29.837,-3.643,-2.977,1.172,-0.364,0.044,1.228,17.28,9.47,-117.86,0.5024,0.5021,0.4509,0.4496,8336,28.987,739.0,396.2,495.2,22.6,517.8,21.38,24.21,0.95899,5.986,12.78,25.02,14,2
47.020,watch,9x4.5,pi5,29.917,-3.661,-2.974,1.299,-0.336,0.055,1.343,16.82,8.58,-116.82,0.4997,0.4991,0.4552,0.4547,8349,29.065,741.0,397.4,496.8,22.6,519.4,21.45,24.21,0.95894,5.993,12.74,25.02,14,2
47.072,watch,9x4.5,pi5,29.978,-3.673,-2.972,1.382,-0.318,0.060,1.419,16.47,7.97,-116.07,0.4971,0.4977,0.4605,0.4558,8358,29.113,742.2,398.2,497.8,22.6,520.4,21.49,24.21,0.95889,6.000,12.71,25.02,14,2
47.120,watch,9x4.5,pi5,30.083,-3.691,-2.968,1.499,-0.293,0.063,1.529,15.93,7.06,-114.85,0.4921,0.4931,0.4665,0.4603,8361,29.121,742.4,398.1,497.6,22.6,520.2,21.49,24.21,0.95884,6.007,12.71,25.02,14,2
47.172,watch,9x4.5,pi5,30.152,-3.701,-2.965,1.564,-0.279,0.062,1.590,15.56,6.47,-113.99,0.4889,0.4887,0.4697,0.4644,8360,29.105,742.0,397.6,497.0,22.6,519.6,21.46,24.21,0.95879,6.015,12.73,25.02,14,2
47.220,watch,9x4.5,pi5,30.251,-3.716,-2.962,1.643,-0.262,0.059,1.665,15.02,5.63,-112.66,0.4839,0.4841,0.4736,0.4692,8357,29.076,741.2,396.9,496.1,22.6,518.7,21.42,24.21,0.95874,6.022,12.75,25.02,14,2
47.272,watch,9x4.5,pi5,30.324,-3.726,-2.960,1.693,-0.251,0.057,1.712,14.68,5.11,-111.74,0.4814,0.4813,0.4767,0.4702,8352,29.042,740.4,396.1,495.2,22.6,517.8,21.38,24.21,0.95869,6.029,12.77,25.02,14,2
47.320,watch,9x4.5,pi5,30.444,-3.743,-2.957,1.760,-0.236,0.052,1.777,14.20,4.39,-110.35,0.4764,0.4781,0.4803,0.4735,8347,29.009,739.5,395.4,494.3,22.6,516.9,21.35,24.21,0.95864,6.036,12.79,25.02,14,2
47.372,watch,9x4.5,pi5,30.520,-3.753,-2.956,1.796,-0.228,0.048,1.811,13.91,3.94,-109.41,0.4745,0.4757,0.4811,0.4753,8341,28.964,738.4,394.5,493.1,22.6,515.7,21.30,24.21,0.95859,6.043,12.82,25.02,14,2
47.420,watch,9x4.5,pi5,30.628,-3.766,-2.954,1.838,-0.218,0.043,1.851,13.52,3.35,-108.02,0.4714,0.4733,0.4829,0.4776,8336,28.931,737.5,393.8,492.3,22.6,514.9,21.26,24.21,0.95855,6.050,12.84,25.02,14,2
47.472,watch,9x4.5,pi5,30.705,-3.776,-2.953,1.863,-0.212,0.039,1.875,13.29,2.99,-107.11,0.4710,0.4737,0.4824,0.4766,8331,28.895,736.6,393.1,491.4,22.6,514.0,21.23,24.22,0.95849,6.058,12.86,25.01,14,2
47.520,watch,9x4.5,pi5,30.830,-3.792,-2.951,1.895,-0.203,0.034,1.907,12.99,2.52,-105.76,0.4695,0.4721,0.4837,0.4772,8327,28.868,735.9,392.6,490.7,22.6,513.3,21.20,24.22,0.95845,6.065,12.88,25.01,14,2
47.572,watch,9x4.5,pi5,30.907,-3.802,-2.951,1.912,-0.198,0.030,1.922,12.82,2.23,-104.88,0.4701,0.4724,0.4822,0.4765,8322,28.835,735.1,391.9,489.9,22.6,512.5,21.16,24.22,0.95840,6.072,12.90,25.01,14,2
47.620,watch,9x4.5,pi5,31.016,-3.816,-2.950,1.930,-0.192,0.026,1.940,12.61,1.85,-103.60,0.4698,0.4717,0.4821,0.4769,8319,28.815,734.6,391.5,489.4,22.6,512.0,21.14,24.22,0.95835,6.079,12.91,25.01,14,2
47.672,watch,9x4.5,pi5,31.093,-3.825,-2.949,1.941,-0.188,0.023,1.950,12.49,1.61,-102.76,0.4710,0.4744,0.4794,0.4749,8316,28.793,734.0,391.0,488.8,22.6,511.4,21.12,24.22,0.95830,6.086,12.93,25.01,14,2
47.720,watch,9x4.5,pi5,31.217,-3.841,-2.949,1.955,-0.181,0.018,1.963,12.36,1.30,-101.52,0.4709,0.4741,0.4792,0.4748,8314,28.777,733.6,390.7,488.4,22.6,511.0,21.10,24.22,0.95825,6.093,12.94,25.01,14,2
47.772,watch,9x4.5,pi5,31.294,-3.850,-2.948,1.961,-0.178,0.016,1.969,12.29,1.11,-100.72,0.4727,0.4753,0.4773,0.4727,8310,28.752,733.0,390.2,487.7,22.6,510.3,21.07,24.22,0.95820,6.100,12.95,25.01,14,2
47.820,watch,9x4.5,pi5,31.401,-3.864,-2.948,1.968,-0.173,0.012,1.976,12.22,0.85,-99.53,0.4731,0.4748,0.4770,0.4724,8308,28.732,732.5,389.8,487.2,22.6,509.8,21.05,24.22,0.95815,6.107,12.97,25.01,14,2
47.872,watch,9x4.5,pi5,31.477,-3.873,-2.949,1.972,-0.170,0.010,1.980,12.19,0.68,-98.74,0.4750,0.4773,0.4737,0.4707,8306,28.719,732.1,389.5,486.9,22.6,509.5,21.04,24.22,0.95810,6.114,12.97,25.01,14,2
47.920,watch,9x4.5,pi5,31.598,-3.888,-2.949,1.977,-0.165,0.007,1.984,12.16,0.44,-97.57,0.4743,0.4774,0.4747,0.4698,8304,28.707,731.8,389.3,486.6,22.6,509.2,21.03,24.22,0.95806,6.121,12.98,25.01,14,2
47.972,watch,9x4.5,pi5,31.674,-3.898,-2.949,1.979,-0.162,0.005,1.985,12.15,0.30,-96.80,0.4760,0.4784,0.4723,0.4691,8302,28.697,731.6,389.1,486.3,22.6,508.9,21.02,24.22,0.95801,6.129,12.99,25.01,14,2
48.020,watch,9x4.5,pi5,31.778,-3.911,-2.950,1.981,-0.158,0.003,1.987,12.16,0.08,-95.64,0.4761,0.4777,0.4725,0.4692,8301,28.688,731.3,388.9,486.1,22.6,508.7,21.01,24.22,0.95796,6.135,12.99,25.01,14,2
48.068,watch,9x4.5,pi5,31.853,-3.921,-2.950,1.982,-0.155,0.002,1.988,12.17,-0.06,-94.87,0.4772,0.4797,0.4710,0.4670,8300,28.678,731.1,388.7,485.9,22.6,508.5,21.00,24.22,0.95791,6.142,12.99,25.01,14,2
48.120,watch,9x4.5,pi5,31.971,-3.936,-2.951,1.983,-0.150,-0.000,1.988,12.20,-0.27,-93.71,0.4765,0.4791,0.4711,0.4679,8298,28.669,730.8,388.5,485.6,22.6,508.2,20.99,24.22,0.95786,6.150,13.00,25.01,14,2
48.172,watch,9x4.5,pi5,32.045,-3.945,-2.952,1.983,-0.147,-0.001,1.989,12.22,-0.40,-92.94,0.4780,0.4791,0.4706,0.4667,8297,28.660,730.6,388.3,485.4,22.6,508.0,20.98,24.22,0.95781,6.157,13.00,25.01,14,2
48.220,watch,9x4.5,pi5,32.148,-3.958,-2.953,1.984,-0.142,-0.002,1.989,12.26,-0.60,-91.77,0.4762,0.4791,0.4712,0.4677,8296,28.656,730.5,388.2,485.3,22.6,507.9,20.97,24.22,0.95776,6.164,13.01,25.01,14,2
48.272,watch,9x4.5,pi5,32.222,-3.967,-2.954,1.985,-0.139,-0.002,1.990,12.28,-0.74,-90.99,0.4775,0.4803,0.4698,0.4665,8296,28.656,730.5,388.3,485.3,22.6,507.9,20.97,24.22,0.95771,6.171,13.00,25.01,14,2
48.320,watch,9x4.5,pi5,32.340,-3.982,-2.956,1.986,-0.134,-0.003,1.991,12.32,-0.93,-89.81,0.4762,0.4793,0.4707,0.4675,8295,28.646,730.3,388.0,485.1,22.6,507.7,20.96,24.22,0.95767,6.178,13.01,25.01,14,2
48.372,watch,9x4.5,pi5,32.414,-3.991,-2.957,1.987,-0.130,-0.003,1.991,12.35,-1.06,-89.03,0.4771,0.4769,0.4674,0.4672,8276,28.515,726.9,385.4,481.7,22.6,504.3,20.82,24.22,0.95762,6.185,13.10,25.01,14,2
48.420,watch,9x4.5,pi5,32.517,-4.003,-2.958,1.989,-0.125,-0.002,1.993,12.36,-1.25,-87.84,0.4754,0.4740,0.4671,0.4672,8259,28.396,723.9,383.0,478.7,22.6,501.3,20.70,24.22,0.95757,6.192,13.18,25.01,14,2
48.472,watch,9x4.5,pi5,32.592,-4.011,-2.960,1.989,-0.121,0.000,1.993,12.27,-1.37,-87.05,0.4752,0.4747,0.4659,0.4650,8248,28.323,722.0,381.5,476.9,22.6,499.5,20.62,24.23,0.95752,6.199,13.23,25.01,14,2
48.520,watch,9x4.5,pi5,32.711,-4.024,-2.961,1.988,-0.115,0.005,1.992,11.98,-1.53,-85.86,0.4731,0.4735,0.4668,0.4658,8242,28.281,721.0,380.6,475.8,22.6,498.4,20.57,24.23,0.95748,6.206,13.25,25.01,14,2
48.572,watch,9x4.5,pi5,32.785,-4.032,-2.962,1.986,-0.110,0.009,1.989,11.67,-1.63,-85.06,0.4734,0.4733,0.4662,0.4655,8239,28.261,720.5,380.2,475.3,22.6,497.9,20.55,24.23,0.95743,6.213,13.27,25.01,14,2
48.620,watch,9x4.5,pi5,32.890,-4.043,-2.962,1.978,-0.104,0.013,1.981,11.10,-1.73,-83.86,0.4722,0.4721,0.4680,0.4658,8238,28.254,720.3,380.1,475.1,22.6,497.7,20.54,24.23,0.95738,6.219,13.27,25.01,14,2
48.672,watch,9x4.5,pi5,32.964,-4.050,-2.963,1.969,-0.099,0.016,1.972,10.65,-1.79,-83.07,0.4722,0.4742,0.4675,0.4640,8237,28.250,720.2,380.0,475.0,22.6,497.6,20.54,24.23,0.95733,6.227,13.27,25.01,14,2
48.720,watch,9x4.5,pi5,33.081,-4.061,-2.963,1.950,-0.091,0.018,1.952,9.93,-1.84,-81.88,0.4702,0.4739,0.4681,0.4653,8236,28.239,719.9,379.8,474.7,22.6,497.3,20.53,24.23,0.95729,6.233,13.28,25.01,14,2
48.772,watch,9x4.5,pi5,33.154,-4.068,-2.964,1.934,-0.086,0.019,1.936,9.42,-1.85,-81.08,0.4713,0.4738,0.4674,0.4645,8234,28.227,719.6,379.6,474.4,22.6,497.0,20.52,24.23,0.95724,6.240,13.29,25.01,14,2
48.820,watch,9x4.5,pi5,33.255,-4.077,-2.964,1.908,-0.079,0.020,1.909,8.66,-1.86,-79.89,0.4710,0.4723,0.4682,0.4650,8233,28.217,719.3,379.3,474.2,22.6,496.8,20.51,24.23,0.95719,6.247,13.29,25.01,14,2
48.872,watch,9x4.5,pi5,33.326,-4.082,-2.964,1.885,-0.073,0.021,1.887,8.15,-1.84,-79.10,0.4713,0.4746,0.4671,0.4631,8231,28.206,719.0,379.1,473.9,22.6,496.5,20.50,24.23,0.95714,6.254,13.30,25.01,14,2
48.920,watch,9x4.5,pi5,33.437,-4.092,-2.964,1.844,-0.065,0.020,1.845,7.41,-1.81,-77.92,0.4708,0.4735,0.4676,0.4641,8231,28.204,719.0,379.1,473.8,22.6,496.4,20.49,24.23,0.95710,6.261,13.30,25.01,14,2
48.972,watch,9x4.5,pi5,33.505,-4.097,-2.963,1.815,-0.059,0.020,1.816,6.94,-1.78,-77.13,0.4714,0.4745,0.4667,0.4635,8231,28.207,719.1,379.2,473.9,22.6,496.5,20.50,24.22,0.95705,6.268,13.30,25.01,14,2
49.020,watch,9x4.5,pi5,33.599,-4.104,-2.962,1.772,-0.052,0.019,1.772,6.26,-1.72,-75.95,0.4700,0.4738,0.4678,0.4647,8232,28.209,719.1,379.2,474.0,22.6,496.6,20.50,24.22,0.95700,6.275,13.29,25.01,14,2
49.072,watch,9x4.5,pi5,33.664,-4.109,-2.962,1.738,-0.047,0.018,1.739,5.83,-1.67,-75.17,0.4709,0.4745,0.4670,0.4637,8231,28.208,719.1,379.2,474.0,22.6,496.6,20.50,24.22,0.95695,6.282,13.29,25.01,14,2
49.120,watch,9x4.5,pi5,33.765,-4.116,-2.961,1.681,-0.038,0.016,1.682,5.23,-1.59,-73.98,0.4700,0.4744,0.4674,0.4640,8230,28.198,718.8,379.0,473.7,22.6,496.3,20.49,24.22,0.95691,6.288,13.30,25.01,14,2
49.172,watch,9x4.5,pi5,33.826,-4.120,-2.961,1.644,-0.033,0.015,1.645,4.86,-1.54,-73.19,0.4710,0.4753,0.4660,0.4627,8227,28.178,718.3,378.6,473.2,22.6,495.8,20.47,24.22,0.95686,6.296,13.31,25.01,14,2
49.220,watch,9x4.5,pi5,33.909,-4.126,-2.961,1.590,-0.027,0.013,1.591,4.34,-1.46,-72.01,0.4709,0.4740,0.4659,0.4635,8224,28.161,717.9,378.2,472.8,22.6,495.4,20.45,24.22,0.95681,6.302,13.32,25.01,14,2
49.272,watch,9x4.5,pi5,33.966,-4.130,-2.961,1.551,-0.023,0.012,1.551,4.03,-1.40,-71.21,0.4717,0.4756,0.4644,0.4620,8222,28.146,717.5,378.0,472.4,22.6,495.0,20.44,24.22,0.95676,6.309,13.33,25.01,14,2
49.320,watch,9x4.5,pi5,34.055,-4.137,-2.962,1.487,-0.016,0.010,1.487,3.59,-1.31,-70.01,0.4711,0.4740,0.4653,0.4626,8220,28.128,717.1,377.6,472.0,22.6,494.6,20.42,24.22,0.95672,6.316,13.34,25.01,14,2
49.372,watch,9x4.5,pi5,34.109,-4.140,-2.962,1.446,-0.012,0.009,1.446,3.33,-1.25,-69.21,0.4712,0.4745,0.4647,0.4620,8217,28.112,716.7,377.2,471.6,22.6,494.2,20.40,24.22,0.95667,6.323,13.35,25.01,14,2
49.420,watch,9x4.5,pi5,34.180,-4.145,-2.963,1.389,-0.007,0.007,1.389,2.97,-1.16,-68.00,0.5378,0.4808,0.5741,0.4338,8776,32.315,823.8,470.2,587.8,22.6,610.4,25.35,24.08,0.95661,6.331,10.74,25.01,14,2
49.472,watch,9x4.5,pi5,34.230,-4.148,-2.964,1.350,-0.003,-0.034,1.350,2.95,-0.60,-67.17,0.4869,0.4946,0.4978,0.5005,8607,30.839,786.2,433.4,541.8,22.6,564.4,23.39,24.13,0.95656,6.339,11.65,25.01,14,2
49.520,watch,9x4.5,pi5,34.305,-4.152,-2.970,1.287,0.025,-0.109,1.292,4.05,2.87,-65.80,0.4657,0.4771,0.4921,0.4944,8424,29.551,753.3,406.8,508.5,22.6,531.1,21.97,24.18,0.95651,6.346,12.40,25.01,14,2
49.572,watch,9x4.5,pi5,34.350,-4.153,-2.976,1.246,0.067,-0.130,1.254,5.07,5.59,-64.85,0.4494,0.4707,0.4721,0.4965,8277,28.543,727.6,386.4,483.0,22.6,505.6,20.89,24.21,0.95646,6.354,13.04,25.01,14,2
49.620,watch,9x4.5,pi5,34.410,-4.151,-2.985,1.186,0.153,-0.135,1.204,6.56,9.14,-63.45,0.4467,0.4654,0.4646,0.4920,8204,28.043,714.9,376.3,470.3,22.6,492.9,20.35,24.22,0.95641,6.360,13.38,25.01,14,2
49.672,watch,9x4.5,pi5,34.452,-4.146,-2.992,1.144,0.229,-0.126,1.173,7.42,10.94,-62.57,0.4523,0.4662,0.4608,0.4804,8172,27.808,708.9,371.3,464.1,22.6,486.7,20.09,24.23,0.95636,6.367,13.56,25.01,14,2
49.720,watch,9x4.5,pi5,34.514,-4.129,-3.002,1.076,0.367,-0.098,1.141,8.44,12.81,-61.38,0.4572,0.4686,0.4580,0.4744,8166,27.766,707.8,370.4,463.0,22.6,485.6,20.04,24.23,0.95632,6.374,13.59,25.01,14,2
49.772,watch,9x4.5,pi5,34.551,-4.113,-3.007,1.035,0.459,-0.077,1.135,8.95,13.58,-60.65,0.4654,0.4744,0.4541,0.4678,8179,27.853,710.0,372.1,465.1,22.6,487.7,20.13,24.23,0.95627,6.381,13.53,25.01,14,2
49.820,watch,9x4.5,pi5,34.600,-4.083,-3.012,0.978,0.591,-0.048,1.144,9.49,14.20,-59.65,0.4719,0.4781,0.4536,0.4634,8198,27.988,713.5,374.9,468.6,22.6,491.2,20.28,24.22,0.95622,6.387,13.43,25.01,14,2
49.872,watch,9x4.5,pi5,34.634,-4.057,-3.015,0.940,0.684,-0.029,1.163,9.72,14.32,-59.03,0.4797,0.4843,0.4518,0.4576,8221,28.153,717.7,378.4,473.0,22.6,495.6,20.46,24.22,0.95618,6.395,13.30,25.01,14,2
49.920,watch,9x4.5,pi5,34.684,-4.005,-3.017,0.880,0.830,-0.002,1.210,9.93,14.19,-58.11,0.4843,0.4863,0.4528,0.4560,8243,28.306,721.6,381.6,476.9,22.6,499.5,20.63,24.21,0.95613,6.401,13.19,25.01,14,2
49.972,watch,9x4.5,pi5,34.714,-3.968,-3.017,0.845,0.917,0.012,1.247,9.99,13.95,-57.49,0.4883,0.4905,0.4525,0.4546,8267,28.477,726.0,385.1,481.4,22.6,504.0,20.82,24.21,0.95608,6.408,13.07,25.01,14,2
50.020,watch,9x4.5,pi5,34.754,-3.909,-3.017,0.798,1.031,0.027,1.304,10.01,13.43,-56.53,0.4892,0.4905,0.4541,0.4552,8278,28.553,727.9,386.7,483.3,22.6,505.9,20.90,24.20,0.95603,6.415,13.02,25.01,14,2
50.072,watch,9x4.5,pi5,34.781,-3.864,-3.015,0.766,1.107,0.035,1.346,9.99,13.00,-55.86,0.4904,0.4912,0.4530,0.4543,8277,28.552,727.9,386.7,483.4,22.6,506.0,20.91,24.20,0.95598,6.423,13.02,25.01,14,2
50.120,watch,9x4.5,pi5,34.822,-3.784,-3.013,0.717,1.217,0.046,1.413,9.87,12.26,-54.80,0.4889,0.4891,0.4554,0.4557,8278,28.550,727.8,386.5,483.2,22.6,505.8,20.90,24.20,0.95594,6.429,13.02,25.01,14,2
50.172,watch,9x4.5,pi5,34.846,-3.731,-3.011,0.689,1.278,0.051,1.453,9.74,11.70,-54.06,0.4883,0.4881,0.4560,0.4569,8279,28.554,727.9,386.6,483.2,22.6,505.8,20.90,24.20,0.95589,6.437,13.02,25.01,14,2
50.220,watch,9x4.5,pi5,34.878,-3.653,-3.008,0.651,1.354,0.056,1.503,9.43,10.77,-52.91,0.4860,0.4853,0.4587,0.4594,8279,28.551,727.8,386.4,483.0,22.6,505.6,20.89,24.20,0.95584,6.443,13.03,25.01,14,2
50.272,watch,9x4.5,pi5,34.901,-3.594,-3.006,0.625,1.400,0.058,1.535,9.18,10.12,-52.12,0.4847,0.4846,0.4614,0.4585,8279,28.545,727.7,386.2,482.8,22.6,505.4,20.88,24.20,0.95579,6.451,13.03,25.01,14,2
50.320,watch,9x4.5,pi5,34.935,-3.498,-3.002,0.587,1.461,0.059,1.575,8.73,9.11,-50.89,0.4825,0.4806,0.4649,0.4610,8277,28.531,727.3,385.8,482.3,22.6,504.9,20.86,24.20,0.95574,6.457,13.04,25.01,14,2
50.372,watch,9x4.5,pi5,34.955,-3.437,-2.999,0.564,1.490,0.059,1.594,8.39,8.43,-50.05,0.4798,0.4793,0.4660,0.4628,8274,28.502,726.6,385.2,481.5,22.6,504.1,20.83,24.20,0.95569,6.465,13.06,25.01,14,2
50.420,watch,9x4.5,pi5,34.983,-3.349,-2.996,0.532,1.521,0.057,1.612,7.85,7.44,-48.75,0.4773,0.4757,0.4689,0.4651,8270,28.475,725.9,384.6,480.7,22.6,503.3,20.80,24.20,0.95565,6.471,13.08,25.01,14,2
50.472,watch,9x4.5,pi5,35.001,-3.287,-2.994,0.511,1.535,0.054,1.619,7.48,6.81,-47.88,0.4760,0.4749,0.4704,0.4645,8266,28.449,725.3,384.1,480.1,22.6,502.7,20.77,24.20,0.95560,6.479,13.10,25.00,14,2
50.520,watch,9x4.5,pi5,35.030,-3.187,-2.990,0.478,1.547,0.050,1.620,6.90,5.91,-46.55,0.4727,0.4728,0.4724,0.4669,8263,28.422,724.6,383.5,479.4,22.6,502.0,20.74,24.20,0.95555,6.485,13.12,25.00,14,2
50.568,watch,9x4.5,pi5,35.047,-3.124,-2.988,0.459,1.547,0.047,1.615,6.51,5.35,-45.66,0.4722,0.4714,0.4731,0.4670,8258,28.393,723.8,382.9,478.6,22.6,501.2,20.71,24.21,0.95550,6.492,13.13,25.00,14,2
50.620,watch,9x4.5,pi5,35.070,-3.039,-2.985,0.432,1.540,0.043,1.600,5.94,4.58,-44.33,0.4701,0.4693,0.4744,0.4690,8255,28.369,723.2,382.4,478.0,22.6,500.6,20.68,24.21,0.95545,6.499,13.15,25.00,14,2
50.672,watch,9x4.5,pi5,35.086,-2.978,-2.983,0.414,1.529,0.040,1.585,5.57,4.11,-43.45,0.4704,0.4700,0.4738,0.4678,8252,28.351,722.8,382.0,477.5,22.6,500.1,20.66,24.21,0.95540,6.506,13.16,25.00,14,2
50.720,watch,9x4.5,pi5,35.110,-2.884,-2.980,0.386,1.504,0.035,1.553,5.04,3.47,-42.14,0.4689,0.4687,0.4749,0.4690,8250,28.338,722.4,381.8,477.2,22.6,499.8,20.65,24.21,0.95536,6.513,13.17,25.00,14,2
50.772,watch,9x4.5,pi5,35.124,-2.827,-2.977,0.369,1.484,0.032,1.530,4.70,3.09,-41.28,0.4694,0.4689,0.4737,0.4688,8248,28.323,722.0,381.5,476.8,22.6,499.4,20.63,24.21,0.95531,6.520,13.18,25.00,14,2
50.820,watch,9x4.5,pi5,35.143,-2.750,-2.975,0.347,1.451,0.027,1.492,4.22,2.59,-39.99,0.4679,0.4687,0.4745,0.4692,8247,28.311,721.7,381.2,476.5,22.6,499.1,20.62,24.21,0.95526,6.527,13.19,25.00,14,2
50.872,watch,9x4.5,pi5,35.157,-2.696,-2.973,0.332,1.425,0.024,1.463,3.92,2.29,-39.15,0.4693,0.4702,0.4727,0.4674,8244,28.291,721.2,380.8,476.0,22.6,498.6,20.60,24.21,0.95521,6.534,13.20,25.00,14,2
50.920,watch,9x4.5,pi5,35.177,-2.614,-2.971,0.308,1.378,0.019,1.412,3.51,1.91,-37.90,0.4687,0.4693,0.4730,0.4679,8241,28.271,720.7,380.4,475.5,22.6,498.1,20.58,24.21,0.95517,6.541,13.21,25.00,14,2
50.972,watch,9x4.5,pi5,35.189,-2.565,-2.969,0.294,1.346,0.016,1.378,3.26,1.69,-37.07,0.4701,0.4699,0.4712,0.4670,8239,28.257,720.4,380.1,475.2,22.6,497.8,20.56,24.21,0.95512,6.548,13.22,25.00,14,2
51.020,watch,9x4.5,pi5,35.205,-2.499,-2.968,0.275,1.300,0.013,1.329,2.92,1.41,-35.84,0.4693,0.4699,0.4714,0.4672,8237,28.246,720.1,379.9,474.9,22.6,497.5,20.55,24.21,0.95507,6.555,13.23,25.00,14,2
51.072,watch,9x4.5,pi5,35.216,-2.455,-2.967,0.262,1.266,0.011,1.293,2.72,1.25,-35.04,0.4708,0.4718,0.4694,0.4651,8235,28.231,719.7,379.6,474.5,22.6,497.1,20.54,24.21,0.95502,6.562,13.24,25.00,14,2
51.120,watch,9x4.5,pi5,35.233,-2.386,-2.965,0.241,1.211,0.007,1.235,2.45,1.05,-33.83,0.4704,0.4712,0.4695,0.4656,8233,28.217,719.3,379.3,474.2,22.6,496.8,20.52,24.21,0.95498,6.568,13.24,25.00,14,2
51.172,watch,9x4.5,pi5,35.244,-2.346,-2.965,0.230,1.176,0.005,1.198,2.30,0.95,-33.03,0.4714,0.4719,0.4680,0.4648,8231,28.204,719.0,379.1,473.8,22.6,496.4,20.51,24.21,0.95493,6.576,13.25,25.00,14,2
51.220,watch,9x4.5,pi5,35.258,-2.292,-2.964,0.214,1.127,0.003,1.147,2.09,0.82,-31.84,0.4708,0.4716,0.4687,0.4646,8230,28.195,718.8,378.9,473.6,22.6,496.2,20.50,24.21,0.95488,6.582,13.26,25.00,14,2
51.272,watch,9x4.5,pi5,35.268,-2.255,-2.964,0.203,1.092,0.001,1.111,1.98,0.75,-31.05,0.4723,0.4731,0.4662,0.4636,8228,28.183,718.5,378.7,473.3,22.6,495.9,20.49,24.21,0.95483,6.589,13.26,25.00,14,2
51.320,watch,9x4.5,pi5,35.284,-2.199,-2.964,0.186,1.037,-0.001,1.053,1.83,0.68,-29.87,0.4718,0.4722,0.4672,0.4636,8226,28.173,718.2,378.4,473.1,22.6,495.7,20.48,24.21,0.95479,6.596,13.27,25.00,14,2
52.057,watch,9x4.5,pi5,35.293,-2.166,-2.964,0.176,1.003,-0.002,1.019,1.74,0.64,-29.09,0.4717,0.4738,0.4662,0.4628,8225,28.167,718.0,378.3,472.9,22.6,495.5,20.47,24.21,0.95409,6.697,13.26,25.00,14,2
52.105,watch,9x4.5,pi5,35.305,-2.122,-2.964,0.162,0.957,-0.003,0.971,1.63,0.60,-27.91,0.5864,0.4420,0.5154,0.4780,8758,32.185,820.5,467.6,584.5,22.6,607.1,25.23,24.06,0.95403,6.706,10.76,25.00,14,2
52.154,watch,9x4.5,pi5,35.314,-2.092,-2.965,0.153,0.926,-0.043,0.940,1.27,1.05,-27.09,0.5435,0.5418,0.4495,0.4398,8588,30.914,788.1,439.4,549.3,22.6,571.9,23.73,24.10,0.95398,6.713,11.44,25.00,14,2
52.205,watch,9x4.5,pi5,35.327,-2.046,-2.970,0.116,0.876,-0.120,0.892,-0.75,4.07,-25.72,0.5624,0.5656,0.3967,0.3955,8391,29.925,762.9,426.9,533.6,22.6,556.2,23.06,24.12,0.95393,6.721,11.77,25.00,14,2
52.257,watch,9x4.5,pi5,35.334,-2.019,-2.976,0.069,0.842,-0.148,0.858,-2.28,6.48,-24.67,0.5536,0.5738,0.3697,0.3741,8213,28.891,736.5,409.2,511.5,22.6,534.1,22.12,24.15,0.95387,6.729,12.27,25.00,14,2
52.305,watch,9x4.5,pi5,35.339,-1.982,-2.985,-0.023,0.791,-0.160,0.808,-4.07,9.71,-22.76,0.5344,0.5655,0.3720,0.3738,8121,28.150,717.6,391.8,489.7,22.6,512.3,21.19,24.18,0.95383,6.736,12.81,25.00,14,2
52.357,watch,9x4.5,pi5,35.339,-1.958,-2.993,-0.102,0.754,-0.152,0.776,-4.83,11.46,-21.22,0.5190,0.5400,0.3862,0.3888,8079,27.615,704.0,376.1,470.1,22.6,492.7,20.36,24.20,0.95378,6.743,13.33,25.00,14,2
52.405,watch,9x4.5,pi5,35.331,-1.921,-3.003,-0.242,0.692,-0.124,0.744,-5.30,13.44,-18.55,0.4969,0.5144,0.4094,0.4114,8072,27.325,696.6,365.5,456.9,22.6,479.5,19.80,24.22,0.95373,6.749,13.71,25.00,14,2
52.457,watch,9x4.5,pi5,35.321,-1.900,-3.009,-0.334,0.654,-0.101,0.741,-5.25,14.37,-16.58,0.4746,0.4898,0.4354,0.4384,8094,27.318,696.4,362.3,452.9,22.6,475.5,19.63,24.22,0.95368,6.756,13.82,25.00,14,2
52.505,watch,9x4.5,pi5,35.299,-1.873,-3.014,-0.463,0.601,-0.067,0.762,-4.78,15.28,-13.46,0.4558,0.4671,0.4612,0.4627,8125,27.482,700.6,364.6,455.8,22.6,478.4,19.75,24.22,0.95364,6.763,13.74,25.00,14,2
52.557,watch,9x4.5,pi5,35.278,-1.855,-3.017,-0.555,0.565,-0.044,0.793,-4.28,15.62,-11.36,0.4412,0.4486,0.4825,0.4839,8159,27.743,707.3,370.5,463.1,22.6,485.7,20.06,24.21,0.95359,6.770,13.52,25.00,14,2
52.605,watch,9x4.5,pi5,35.236,-1.828,-3.020,-0.697,0.509,-0.013,0.863,-3.39,15.79,-8.28,0.4299,0.4340,0.4993,0.5016,8190,28.029,714.5,377.6,472.0,22.6,494.6,20.44,24.20,0.95355,6.776,13.27,25.00,14,2
52.657,watch,9x4.5,pi5,35.205,-1.813,-3.020,-0.782,0.476,0.002,0.916,-2.75,15.71,-6.34,0.4227,0.4258,0.5117,0.5128,8220,28.297,721.4,384.3,480.4,22.6,503.0,20.80,24.19,0.95350,6.783,13.04,25.00,14,2
52.705,watch,9x4.5,pi5,35.156,-1.794,-3.019,-0.894,0.434,0.018,0.994,-1.82,15.40,-3.67,0.4194,0.4202,0.5194,0.5195,8240,28.480,726.0,389.0,486.3,22.6,508.9,21.05,24.18,0.95345,6.790,12.89,25.00,14,2
52.757,watch,9x4.5,pi5,35.116,-1.782,-3.018,-0.968,0.406,0.026,1.050,-1.24,15.09,-2.06,0.4213,0.4206,0.5206,0.5201,8255,28.584,728.7,391.1,488.9,22.6,511.5,21.16,24.17,0.95340,6.798,12.82,25.00,14,2
52.805,watch,9x4.5,pi5,35.047,-1.763,-3.015,-1.077,0.366,0.035,1.138,-0.45,14.52,0.06,0.4240,0.4222,0.5206,0.5193,8267,28.657,730.5,392.4,490.5,22.6,513.1,21.23,24.17,0.95335,6.804,12.78,25.00,14,2
52.857,watch,9x4.5,pi5,35.000,-1.752,-3.013,-1.138,0.344,0.038,1.189,0.00,14.11,1.30,0.4305,0.4284,0.5151,0.5145,8276,28.675,731.0,391.8,489.8,22.6,512.4,21.20,24.17,0.95330,6.812,12.79,25.00,14,2
52.905,watch,9x4.5,pi5,34.931,-1.738,-3.010,-1.214,0.315,0.040,1.255,0.59,13.47,2.91,0.4371,0.4338,0.5102,0.5086,8280,28.661,730.7,390.8,488.4,22.6,511.0,21.14,24.17,0.95325,6.819,12.83,25.00,14,2
52.957,watch,9x4.5,pi5,34.880,-1.729,-3.009,-1.263,0.298,0.040,1.298,0.93,13.04,3.83,0.4469,0.4426,0.5017,0.4988,8282,28.620,729.6,388.8,486.1,22.6,508.7,21.04,24.18,0.95320,6.826,12.89,25.00,14,2
53.005,watch,9x4.5,pi5,34.794,-1.714,-3.006,-1.331,0.273,0.039,1.359,1.36,12.44,5.05,0.4534,0.4497,0.4948,0.4923,8282,28.596,729.0,387.8,484.7,22.6,507.3,20.98,24.18,0.95316,6.833,12.92,25.00,14,2
53.057,watch,9x4.5,pi5,34.739,-1.705,-3.005,-1.367,0.260,0.038,1.393,1.61,12.06,5.78,0.4621,0.4585,0.4861,0.4840,8284,28.580,728.6,386.9,483.7,22.6,506.3,20.94,24.18,0.95311,6.840,12.95,25.00,14,2
53.105,watch,9x4.5,pi5,34.659,-1.693,-3.002,-1.412,0.244,0.037,1.433,1.93,11.55,6.77,0.4673,0.4641,0.4816,0.4779,8285,28.577,728.5,386.7,483.4,22.6,506.0,20.93,24.18,0.95306,6.847,12.95,25.00,14,2
53.157,watch,9x4.5,pi5,34.602,-1.684,-3.001,-1.439,0.234,0.036,1.459,2.12,11.25,7.39,0.4743,0.4711,0.4746,0.4713,8286,28.583,728.7,386.7,483.4,22.6,506.0,20.93,24.18,0.95301,6.854,12.95,24.99,14,2
53.205,watch,9x4.5,pi5,34.508,-1.670,-2.999,-1.477,0.221,0.033,1.494,2.37,10.85,8.30,0.4790,0.4746,0.4707,0.4669,8286,28.582,728.6,386.7,483.4,22.6,506.0,20.93,24.18,0.95296,6.861,12.95,24.99,14,2
53.257,watch,9x4.5,pi5,34.448,-1.662,-2.998,-1.497,0.214,0.031,1.513,2.53,10.61,8.91,0.4830,0.4801,0.4656,0.4622,8285,28.580,728.6,386.8,483.5,22.6,506.1,20.93,24.18,0.95291,6.868,12.95,24.99,14,2
53.305,watch,9x4.5,pi5,34.364,-1.650,-2.996,-1.521,0.206,0.029,1.535,2.75,10.31,9.83,0.4846,0.4820,0.4637,0.4603,8283,28.575,728.5,386.8,483.5,22.6,506.1,20.93,24.18,0.95287,6.875,12.95,24.99,14,2
53.357,watch,9x4.5,pi5,34.303,-1.641,-2.996,-1.536,0.201,0.027,1.549,2.89,10.13,10.48,0.4870,0.4852,0.4603,0.4578,8283,28.576,728.5,386.9,483.6,22.6,506.2,20.94,24.18,0.95282,6.882,12.94,24.99,14,2
53.405,watch,9x4.5,pi5,34.206,-1.628,-2.995,-1.556,0.193,0.024,1.568,3.09,9.91,11.48,0.4872,0.4841,0.4609,0.4578,8281,28.565,728.2,386.7,483.3,22.6,505.9,20.93,24.18,0.95277,6.889,12.95,24.99,14,2
53.457,watch,9x4.5,pi5,34.145,-1.620,-2.994,-1.567,0.189,0.023,1.578,3.23,9.78,12.19,0.4873,0.4846,0.4610,0.4569,8281,28.563,728.1,386.6,483.3,22.6,505.9,20.93,24.18,0.95272,6.896,12.95,24.99,14,2
53.505,watch,9x4.5,pi5,34.060,-1.609,-2.993,-1.579,0.183,0.021,1.590,3.43,9.62,13.30,0.4850,0.4834,0.4626,0.4586,8280,28.551,727.9,386.3,482.9,22.6,505.5,20.91,24.18,0.95267,6.903,12.96,24.99,14,2
53.557,watch,9x4.5,pi5,33.999,-1.602,-2.993,-1.587,0.180,0.019,1.597,3.57,9.52,14.07,0.4854,0.4826,0.4630,0.4582,8278,28.542,727.6,386.1,482.7,22.6,505.3,20.90,24.18,0.95262,6.910,12.96,24.99,14,2
53.605,watch,9x4.5,pi5,33.901,-1.589,-2.992,-1.597,0.174,0.017,1.607,3.78,9.40,15.26,0.4825,0.4807,0.4649,0.4610,8278,28.535,727.4,385.9,482.4,22.6,505.0,20.89,24.18,0.95258,6.917,12.97,24.99,14,2
53.653,watch,9x4.5,pi5,33.840,-1.582,-2.992,-1.603,0.171,0.015,1.612,3.93,9.33,16.08,0.4816,0.4795,0.4653,0.4624,8277,28.528,727.3,385.7,482.2,22.6,504.8,20.88,24.18,0.95253,6.924,12.97,24.99,14,2
53.705,watch,9x4.5,pi5,33.755,-1.572,-2.992,-1.610,0.167,0.014,1.619,4.15,9.24,17.32,0.4788,0.4775,0.4678,0.4647,8277,28.522,727.1,385.6,481.9,22.6,504.5,20.87,24.18,0.95248,6.931,12.98,24.99,14,2
53.757,watch,9x4.5,pi5,33.694,-1.564,-2.992,-1.615,0.165,0.013,1.623,4.29,9.18,18.16,0.4787,0.4770,0.4682,0.4646,8276,28.516,727.0,385.4,481.8,22.6,504.4,20.86,24.17,0.95243,6.938,12.98,24.99,14,2
53.805,watch,9x4.5,pi5,33.596,-1.552,-2.992,-1.622,0.161,0.011,1.630,4.51,9.11,19.44,0.4769,0.4746,0.4703,0.4667,8276,28.515,726.9,385.4,481.7,22.6,504.3,20.86,24.17,0.95238,6.945,12.98,24.99,14,2
53.857,watch,9x4.5,pi5,33.535,-1.545,-2.992,-1.626,0.159,0.010,1.633,4.66,9.06,20.28,0.4763,0.4743,0.4709,0.4667,8275,28.506,726.7,385.2,481.5,22.6,504.1,20.85,24.17,0.95233,6.952,12.99,24.99,14,2
53.897,watch,9x4.5,pi5,33.450,-1.534,-2.992,-1.631,0.157,0.009,1.638,4.88,9.00,21.55,0.4740,0.4731,0.4719,0.4690,8274,28.498,726.5,385.0,481.3,22.6,503.9,20.84,24.17,0.95229,6.958,12.99,24.99,14,2
53.953,watch,9x4.5,pi5,33.401,-1.528,-2.992,-1.634,0.155,0.009,1.641,4.98,8.97,22.14,0.4764,0.4726,0.4711,0.4676,8273,28.495,726.4,385.0,481.2,22.6,503.8,20.84,24.17,0.95224,6.966,12.99,24.99,14,2
54.005,watch,9x4.5,pi5,33.328,-1.520,-2.993,-1.638,0.152,0.008,1.645,5.15,8.92,23.15,0.4759,0.4749,0.4704,0.4670,8274,28.503,726.6,385.1,481.4,22.6,504.0,20.85,24.17,0.95219,6.973,12.99,24.99,14,2
54.053,watch,9x4.5,pi5,33.268,-1.512,-2.994,-1.641,0.150,0.008,1.648,5.29,8.89,23.98,0.4775,0.4755,0.4691,0.4655,8273,28.492,726.3,384.9,481.2,22.6,503.8,20.84,24.17,0.95214,6.980,12.99,24.99,14,2
54.105,watch,9x4.5,pi5,33.182,-1.502,-2.994,-1.645,0.147,0.007,1.652,5.50,8.84,25.23,0.4770,0.4755,0.4691,0.4659,8272,28.489,726.3,384.9,481.1,22.6,503.7,20.84,24.17,0.95209,6.987,12.99,24.99,14,2
54.157,watch,9x4.5,pi5,33.123,-1.495,-2.995,-1.647,0.145,0.007,1.653,5.65,8.81,26.06,0.4779,0.4772,0.4681,0.4641,8271,28.485,726.2,384.8,481.0,22.6,503.6,20.83,24.17,0.95204,6.994,13.00,24.99,14,2
54.205,watch,9x4.5,pi5,33.026,-1.483,-2.996,-1.652,0.142,0.007,1.658,5.86,8.76,27.32,0.4771,0.4754,0.4691,0.4654,8270,28.477,726.0,384.6,480.8,22.6,503.4,20.82,24.17,0.95200,7.001,13.00,24.99,14,2
54.257,watch,9x4.5,pi5,32.964,-1.475,-2.997,-1.655,0.140,0.007,1.661,6.01,8.72,28.16,0.4768,0.4760,0.4689,0.4653,8271,28.478,726.0,384.6,480.8,22.6,503.4,20.83,24.17,0.95195,7.008,13.00,24.99,14,2
54.305,watch,9x4.5,pi5,32.877,-1.465,-2.998,-1.660,0.137,0.007,1.666,6.23,8.66,29.42,0.4760,0.4742,0.4706,0.4663,8271,28.478,726.0,384.6,480.8,22.6,503.4,20.82,24.17,0.95190,7.015,13.00,24.99,14,2
54.357,watch,9x4.5,pi5,32.815,-1.457,-2.998,-1.663,0.135,0.008,1.669,6.37,8.62,30.27,0.4764,0.4753,0.4695,0.4660,8271,28.481,726.1,384.7,480.9,22.6,503.5,20.83,24.17,0.95185,7.022,12.99,24.99,14,2
54.405,watch,9x4.5,pi5,32.716,-1.445,-2.999,-1.669,0.132,0.008,1.675,6.58,8.55,31.53,0.4748,0.4743,0.4708,0.4675,8272,28.485,726.2,384.8,481.0,22.6,503.6,20.83,24.17,0.95180,7.029,12.99,24.99,14,2
54.457,watch,9x4.5,pi5,32.653,-1.438,-3.000,-1.673,0.130,0.008,1.678,6.71,8.49,32.36,0.4752,0.4746,0.4706,0.4673,8273,28.493,726.4,384.9,481.2,22.6,503.8,20.84,24.17,0.95175,7.036,12.98,24.99,14,2
54.505,watch,9x4.5,pi5,32.565,-1.428,-3.000,-1.679,0.127,0.009,1.683,6.91,8.41,33.61,0.4743,0.4736,0.4721,0.4682,8275,28.505,726.7,385.1,481.4,22.6,504.0,20.85,24.17,0.95171,7.043,12.98,24.99,14,2
54.557,watch,9x4.5,pi5,32.502,-1.421,-3.001,-1.682,0.124,0.009,1.687,7.04,8.35,34.44,0.4759,0.4744,0.4708,0.4674,8276,28.514,726.9,385.4,481.7,22.6,504.3,20.87,24.17,0.95166,7.050,12.97,24.99,14,2
54.605,watch,9x4.5,pi5,32.401,-1.409,-3.002,-1.688,0.120,0.010,1.693,7.24,8.26,35.68,0.4746,0.4739,0.4721,0.4681,8276,28.517,727.0,385.4,481.8,22.6,504.4,20.87,24.17,0.95161,7.057,12.97,24.99,14,2
54.657,watch,9x4.5,pi5,32.337,-1.402,-3.002,-1.692,0.118,0.010,1.696,7.37,8.20,36.50,0.4756,0.4744,0.4716,0.4672,8277,28.522,727.1,385.5,481.9,22.6,504.5,20.87,24.17,0.95156,7.064,12.96,24.99,14,2
54.705,watch,9x4.5,pi5,32.248,-1.392,-3.003,-1.697,0.115,0.010,1.701,7.56,8.09,37.72,0.4745,0.4742,0.4721,0.4683,8278,28.526,727.2,385.6,482.0,22.6,504.6,20.88,24.17,0.95151,7.071,12.96,24.99,14,2
54.757,watch,9x4.5,pi5,32.183,-1.385,-3.003,-1.701,0.113,0.010,1.705,7.68,8.03,38.52,0.4762,0.4756,0.4706,0.4669,8279,28.533,727.4,385.7,482.2,22.6,504.8,20.89,24.17,0.95146,7.078,12.95,24.99,14,2
