t_s,scenario,prop,payload,x,y,z,vx,vy,vz,speed_ms,roll_deg,pitch_deg,yaw_deg,m0,m1,m2,m3,rpm_mean,thrust_total_n,thrust_per_motor_g,shaft_w,prop_elec_w,avionics_w,power_total_w,current_a,v_terminal,soc,energy_wh,endurance_remaining_min,px4_batt_v,nav_state,arming
0.052,hall_mission,9x4.5,pi5,-0.003,-0.026,-0.053,0.002,0.008,-0.004,0.009,0.07,-0.04,94.78,0.0018,0.0002,0.0006,0.0014,1447,0.872,22.2,2.1,2.6,22.6,25.2,1.00,25.17,1.00000,0.000,287.95,nan,,
0.100,hall_mission,9x4.5,pi5,-0.003,-0.026,-0.051,0.002,0.007,-0.003,0.008,0.07,-0.04,94.77,0.0018,0.0003,0.0007,0.0012,1447,0.872,22.2,2.1,2.6,22.6,25.2,1.00,25.17,1.00000,0.001,287.95,nan,4,1
0.152,hall_mission,9x4.5,pi5,-0.003,-0.027,-0.049,0.003,0.006,-0.002,0.007,0.07,-0.04,94.77,0.0017,0.0003,0.0007,0.0013,1447,0.872,22.2,2.1,2.6,22.6,25.2,1.00,25.17,0.99999,0.001,287.95,nan,4,1
0.200,hall_mission,9x4.5,pi5,-0.003,-0.028,-0.048,0.003,0.005,-0.001,0.006,0.07,-0.03,94.77,0.0020,0.0000,0.0007,0.0012,1447,0.872,22.2,2.1,2.6,22.6,25.2,1.00,25.17,0.99999,0.001,287.95,nan,4,1
0.252,hall_mission,9x4.5,pi5,-0.002,-0.029,-0.045,0.003,0.004,0.001,0.005,0.07,-0.03,94.77,0.0018,0.0002,0.0002,0.0018,1447,0.872,22.2,2.1,2.6,22.6,25.2,1.00,25.17,0.99999,0.002,287.94,nan,4,1
0.300,hall_mission,9x4.5,pi5,-0.002,-0.029,-0.043,0.003,0.003,0.001,0.005,0.07,-0.03,94.77,0.0019,0.0002,0.0005,0.0015,1447,0.872,22.2,2.1,2.6,22.6,25.2,1.00,25.17,0.99999,0.002,287.95,nan,4,1
0.348,hall_mission,9x4.5,pi5,-0.002,-0.030,-0.041,0.004,0.002,0.003,0.005,0.07,-0.02,94.76,0.0016,0.0004,0.0007,0.0013,1447,0.872,22.2,2.1,2.6,22.6,25.2,1.00,25.17,0.99998,0.002,287.95,nan,4,1
0.400,hall_mission,9x4.5,pi5,-0.001,-0.031,-0.040,0.004,0.001,0.004,0.006,0.07,-0.02,94.76,0.0018,0.0003,0.0003,0.0017,1447,0.872,22.2,2.1,2.6,22.6,25.2,1.00,25.17,0.99998,0.003,287.95,nan,4,1
0.452,hall_mission,9x4.5,pi5,-0.001,-0.032,-0.038,0.005,-0.000,0.005,0.007,0.07,-0.01,94.76,0.0016,0.0004,0.0005,0.0014,1447,0.872,22.2,2.1,2.6,22.6,25.2,1.00,25.17,0.99998,0.003,287.95,nan,4,1
0.500,hall_mission,9x4.5,pi5,-0.001,-0.032,-0.036,0.005,-0.001,0.005,0.007,0.07,-0.01,94.75,0.0017,0.0005,0.0005,0.0013,1447,0.872,22.2,2.1,2.6,22.6,25.2,1.00,25.17,0.99998,0.003,287.94,nan,4,1
0.548,hall_mission,9x4.5,pi5,-0.001,-0.033,-0.035,0.005,-0.002,0.006,0.008,0.07,-0.01,94.75,0.0013,0.0009,0.0007,0.0011,1447,0.872,22.2,2.1,2.6,22.6,25.2,1.00,25.17,0.99997,0.004,287.94,nan,4,1
0.600,hall_mission,9x4.5,pi5,-0.001,-0.033,-0.034,0.005,-0.003,0.006,0.009,0.07,-0.01,94.75,0.0017,0.0005,0.0006,0.0012,1447,0.872,22.2,2.1,2.6,22.6,25.2,1.00,25.17,0.99997,0.004,287.94,nan,4,1
0.652,hall_mission,9x4.5,pi5,-0.002,-0.034,-0.033,0.005,-0.003,0.006,0.009,0.07,-0.00,94.74,0.0015,0.0007,0.0005,0.0013,1447,0.872,22.2,2.1,2.6,22.6,25.2,1.00,25.17,0.99997,0.005,287.94,nan,4,1
0.700,hall_mission,9x4.5,pi5,-0.002,-0.034,-0.032,0.005,-0.004,0.007,0.009,0.07,-0.00,94.74,0.0016,0.0005,0.0000,0.0019,1089,0.658,16.8,1.6,1.9,22.6,24.5,0.98,25.17,0.99997,0.005,295.27,25.20,4,1
0.748,hall_mission,9x4.5,pi5,-0.003,-0.034,-0.032,0.005,-0.004,0.006,0.009,0.07,-0.00,94.74,0.0017,0.0005,0.0004,0.0015,1447,0.872,22.2,2.1,2.6,22.6,25.2,1.00,25.17,0.99997,0.005,287.94,25.20,4,1
0.800,hall_mission,9x4.5,pi5,-0.003,-0.034,-0.031,0.005,-0.004,0.006,0.009,0.07,-0.00,94.74,0.0017,0.0004,0.0007,0.0012,1447,0.872,22.2,2.1,2.6,22.6,25.2,1.00,25.17,0.99996,0.006,287.94,25.20,4,1
0.852,hall_mission,9x4.5,pi5,-0.004,-0.034,-0.031,0.004,-0.004,0.006,0.009,0.08,-0.00,94.74,0.0017,0.0004,0.0005,0.0014,1447,0.872,22.2,2.1,2.6,22.6,25.2,1.00,25.17,0.99996,0.006,287.94,25.20,4,1
0.900,hall_mission,9x4.5,pi5,-0.004,-0.033,-0.030,0.004,-0.004,0.006,0.008,0.08,-0.01,94.75,0.0018,0.0002,0.0002,0.0017,1447,0.872,22.2,2.1,2.6,22.6,25.2,1.00,25.17,0.99996,0.006,287.93,25.20,4,1
0.944,hall_mission,9x4.5,pi5,-0.005,-0.032,-0.030,0.003,-0.003,0.006,0.008,0.08,-0.01,94.75,0.0016,0.0003,0.0005,0.0016,1447,0.872,22.2,2.1,2.6,22.6,25.2,1.00,25.17,0.99996,0.007,287.94,25.20,4,1
0.992,hall_mission,9x4.5,pi5,-0.006,-0.031,-0.029,0.002,-0.002,0.007,0.007,0.08,-0.02,94.76,0.0017,0.0002,0.0005,0.0016,1447,0.872,22.2,2.1,2.6,22.6,25.2,1.00,25.17,0.99995,0.007,287.94,25.20,4,1
1.044,hall_mission,9x4.5,pi5,-0.007,-0.030,-0.029,0.001,-0.001,0.007,0.007,0.08,-0.02,94.76,0.0015,0.0005,0.0008,0.0012,1447,0.872,22.2,2.1,2.6,22.6,25.2,1.00,25.17,0.99995,0.007,287.93,25.20,4,1
1.092,hall_mission,9x4.5,pi5,-0.009,-0.029,-0.028,0.000,0.000,0.007,0.007,0.08,-0.02,94.76,0.0019,0.0001,0.0004,0.0016,1447,0.872,22.2,2.1,2.6,22.6,25.2,1.00,25.17,0.99995,0.008,287.92,25.20,4,1
1.144,hall_mission,9x4.5,pi5,-0.010,-0.029,-0.027,-0.001,0.000,0.008,0.008,0.08,-0.03,94.76,0.0016,0.0004,0.0006,0.0014,1447,0.872,22.2,2.1,2.6,22.6,25.2,1.00,25.17,0.99995,0.008,287.93,25.20,4,1
1.192,hall_mission,9x4.5,pi5,-0.012,-0.028,-0.026,-0.002,0.001,0.008,0.009,0.09,-0.03,94.76,0.0015,0.0005,0.0007,0.0012,1447,0.872,22.2,2.1,2.6,22.6,25.2,1.00,25.17,0.99994,0.008,287.93,25.20,4,1
1.244,hall_mission,9x4.5,pi5,-0.014,-0.027,-0.025,-0.003,0.001,0.009,0.009,0.09,-0.03,94.77,0.0017,0.0003,0.0011,0.0010,1447,0.872,22.2,2.1,2.6,22.6,25.2,1.00,25.17,0.99994,0.009,287.93,25.20,4,1
1.292,hall_mission,9x4.5,pi5,-0.015,-0.027,-0.024,-0.004,0.001,0.009,0.010,0.09,-0.03,94.76,0.0020,0.0000,0.0009,0.0011,1089,0.658,16.8,1.6,1.9,22.6,24.5,0.98,25.17,0.99994,0.009,295.25,25.20,4,1
1.344,hall_mission,9x4.5,pi5,-0.017,-0.027,-0.024,-0.005,0.001,0.010,0.011,0.09,-0.03,94.76,0.0017,0.0002,0.0008,0.0012,1447,0.872,22.2,2.1,2.6,22.6,25.2,1.00,25.17,0.99994,0.009,287.93,25.20,4,1
1.392,hall_mission,9x4.5,pi5,-0.019,-0.026,-0.023,-0.006,0.000,0.010,0.011,0.10,-0.03,94.76,0.0016,0.0005,0.0006,0.0013,1447,0.872,22.2,2.1,2.6,22.6,25.2,1.00,25.17,0.99994,0.010,287.92,25.20,4,1
1.444,hall_mission,9x4.5,pi5,-0.020,-0.026,-0.022,-0.007,-0.000,0.010,0.012,0.10,-0.02,94.76,0.0018,0.0003,0.0005,0.0014,1447,0.872,22.2,2.1,2.6,22.6,25.2,1.00,25.17,0.99993,0.010,287.92,25.20,4,1
1.492,hall_mission,9x4.5,pi5,-0.022,-0.026,-0.022,-0.008,-0.001,0.010,0.013,0.10,-0.02,94.75,0.0019,0.0002,0.0007,0.0013,1447,0.872,22.2,2.1,2.6,22.6,25.2,1.00,25.17,0.99993,0.010,287.92,25.20,4,1
1.544,hall_mission,9x4.5,pi5,-0.023,-0.026,-0.021,-0.009,-0.001,0.011,0.014,0.10,-0.02,94.75,0.0020,0.0000,0.0007,0.0013,1447,0.872,22.2,2.1,2.6,22.6,25.2,1.00,25.17,0.99993,0.011,287.92,25.20,4,1
1.592,hall_mission,9x4.5,pi5,-0.025,-0.026,-0.021,-0.009,-0.002,0.011,0.014,0.11,-0.01,94.75,0.0019,0.0000,0.0006,0.0014,1447,0.872,22.2,2.1,2.6,22.6,25.2,1.00,25.17,0.99993,0.011,287.92,25.20,4,1
1.644,hall_mission,9x4.5,pi5,-0.026,-0.026,-0.020,-0.010,-0.002,0.011,0.015,0.11,-0.01,94.75,0.0018,0.0001,0.0003,0.0017,1447,0.872,22.2,2.1,2.6,22.6,25.2,1.00,25.17,0.99992,0.011,287.92,25.20,4,1
1.692,hall_mission,9x4.5,pi5,-0.027,-0.027,-0.019,-0.011,-0.003,0.012,0.016,0.11,-0.01,94.75,0.0017,0.0001,0.0001,0.0021,1447,0.872,22.2,2.1,2.6,22.6,25.2,1.00,25.17,0.99992,0.012,287.91,25.20,4,1
1.744,hall_mission,9x4.5,pi5,-0.028,-0.027,-0.018,-0.011,-0.004,0.012,0.017,0.11,-0.01,94.75,0.0015,0.0004,0.0001,0.0020,1447,0.872,22.2,2.1,2.6,22.6,25.2,1.00,25.17,0.99992,0.012,287.91,25.20,4,1
1.796,hall_mission,9x4.5,pi5,-0.029,-0.028,-0.017,-0.011,-0.004,0.012,0.017,0.11,-0.00,94.75,0.0015,0.0004,0.0001,0.0020,1447,0.872,22.2,2.1,2.6,22.6,25.2,1.00,25.17,0.99992,0.013,287.91,25.20,4,1
1.844,hall_mission,9x4.5,pi5,-0.030,-0.028,-0.016,-0.012,-0.004,0.012,0.017,0.11,-0.00,94.75,0.0019,0.0000,0.0003,0.0018,1447,0.872,22.2,2.1,2.6,22.6,25.2,1.00,25.17,0.99991,0.013,287.91,25.20,4,1
1.892,hall_mission,9x4.5,pi5,-0.031,-0.028,-0.015,-0.011,-0.004,0.013,0.018,0.10,-0.00,94.75,0.0015,0.0004,0.0004,0.0017,1447,0.872,22.2,2.1,2.6,22.6,25.2,1.00,25.17,0.99991,0.013,287.92,25.20,4,1
1.944,hall_mission,9x4.5,pi5,-0.031,-0.028,-0.014,-0.011,-0.004,0.013,0.018,0.10,-0.00,94.75,0.0019,0.0000,0.0002,0.0018,1447,0.872,22.2,2.1,2.6,22.6,25.2,1.00,25.17,0.99991,0.014,287.91,25.20,4,1
1.992,hall_mission,9x4.5,pi5,-0.032,-0.028,-0.013,-0.010,-0.004,0.014,0.018,0.09,-0.00,94.76,0.0015,0.0005,0.0003,0.0018,1447,0.872,22.2,2.1,2.6,22.6,25.2,1.00,25.17,0.99991,0.014,287.91,25.20,4,1
2.044,hall_mission,9x4.5,pi5,-0.032,-0.028,-0.012,-0.010,-0.003,0.014,0.018,0.09,-0.00,94.76,0.0019,0.0001,0.0005,0.0015,1447,0.872,22.2,2.1,2.6,22.6,25.2,1.00,25.17,0.99991,0.014,287.90,25.20,14,2
2.092,hall_mission,9x4.5,pi5,-0.032,-0.027,-0.010,-0.009,-0.003,0.015,0.018,0.08,-0.01,94.76,0.0014,0.0006,0.0006,0.0013,1447,0.872,22.2,2.1,2.6,22.6,25.2,1.00,25.17,0.99990,0.015,287.91,25.20,14,2
2.144,hall_mission,9x4.5,pi5,-0.032,-0.027,-0.009,-0.009,-0.003,0.015,0.018,0.08,-0.01,94.76,0.0014,0.0006,0.0005,0.0015,1447,0.872,22.2,2.1,2.6,22.6,25.2,1.00,25.17,0.99990,0.015,287.91,25.20,14,2
2.192,hall_mission,9x4.5,pi5,-0.032,-0.027,-0.008,-0.008,-0.002,0.015,0.017,0.07,-0.01,94.76,0.0017,0.0002,0.0004,0.0016,1447,0.872,22.2,2.1,2.6,22.6,25.2,1.00,25.17,0.99990,0.015,287.91,25.20,14,2
2.244,hall_mission,9x4.5,pi5,-0.032,-0.027,-0.007,-0.007,-0.002,0.016,0.017,0.07,-0.01,94.77,0.0017,0.0003,0.0004,0.0016,1447,0.872,22.2,2.1,2.6,22.6,25.2,1.00,25.17,0.99990,0.016,287.91,25.20,14,2
2.292,hall_mission,9x4.5,pi5,-0.032,-0.027,-0.005,-0.006,-0.001,0.016,0.017,0.07,-0.01,94.77,0.0016,0.0004,0.0009,0.0011,1447,0.872,22.2,2.1,2.6,22.6,25.2,1.00,25.17,0.99989,0.016,287.90,25.20,14,2
2.344,hall_mission,9x4.5,pi5,-0.031,-0.027,-0.004,-0.006,-0.001,0.016,0.017,0.07,-0.01,94.77,0.0015,0.0005,0.0002,0.0017,1447,0.872,22.2,2.1,2.6,22.6,25.2,1.00,25.17,0.99989,0.016,287.91,25.20,14,2
2.392,hall_mission,9x4.5,pi5,-0.031,-0.027,-0.004,-0.005,-0.001,0.016,0.017,0.06,-0.01,94.77,0.0019,0.0000,0.0006,0.0014,1089,0.658,16.8,1.6,1.9,22.6,24.5,0.98,25.17,0.99989,0.017,295.23,25.20,14,2
2.444,hall_mission,9x4.5,pi5,-0.031,-0.027,-0.004,-0.004,-0.001,0.016,0.017,0.06,-0.01,94.77,0.0019,0.0000,0.0005,0.0016,1447,0.872,22.2,2.1,2.6,22.6,25.2,1.00,25.17,0.99989,0.017,287.90,25.20,14,2
2.496,hall_mission,9x4.5,pi5,-0.030,-0.027,-0.004,-0.004,-0.001,0.016,0.016,0.06,-0.01,94.77,0.0012,0.0007,0.0008,0.0013,1447,0.872,22.2,2.1,2.6,22.6,25.2,1.00,25.17,0.99988,0.017,287.90,25.20,14,2
2.544,hall_mission,9x4.5,pi5,-0.030,-0.027,-0.004,-0.004,-0.001,0.015,0.016,0.06,-0.01,94.77,0.0012,0.0007,0.0007,0.0013,1447,0.872,22.2,2.1,2.6,22.6,25.2,1.00,25.17,0.99988,0.018,287.90,25.20,14,2
2.592,hall_mission,9x4.5,pi5,-0.030,-0.028,-0.005,-0.003,-0.001,0.015,0.015,0.06,-0.01,94.77,0.0015,0.0006,0.0006,0.0014,1447,0.872,22.2,2.1,2.6,22.6,25.2,1.00,25.17,0.99988,0.018,287.90,25.20,14,2
2.644,hall_mission,9x4.5,pi5,-0.030,-0.028,-0.006,-0.003,-0.002,0.014,0.015,0.06,-0.01,94.77,0.0016,0.0005,0.0005,0.0014,1447,0.872,22.2,2.1,2.6,22.6,25.2,1.00,25.17,0.99988,0.018,287.90,25.20,14,2
2.696,hall_mission,9x4.5,pi5,-0.030,-0.029,-0.007,-0.003,-0.002,0.014,0.014,0.06,-0.01,94.77,0.0018,0.0003,0.0006,0.0013,1447,0.872,22.2,2.1,2.6,22.6,25.2,1.00,25.17,0.99988,0.019,287.90,25.20,14,2
2.744,hall_mission,9x4.5,pi5,-0.030,-0.029,-0.008,-0.002,-0.003,0.013,0.014,0.06,-0.00,94.76,0.0017,0.0004,0.0007,0.0012,1447,0.872,22.2,2.1,2.6,22.6,25.2,1.00,25.17,0.99987,0.019,287.90,25.20,14,2
2.792,hall_mission,9x4.5,pi5,-0.030,-0.030,-0.009,-0.002,-0.003,0.013,0.013,0.07,-0.00,94.76,0.0015,0.0005,0.0006,0.0013,1447,0.872,22.2,2.1,2.6,22.6,25.2,1.00,25.17,0.99987,0.019,287.89,25.20,14,2
2.844,hall_mission,9x4.5,pi5,-0.030,-0.030,-0.010,-0.002,-0.003,0.012,0.013,0.07,-0.00,94.76,0.0014,0.0007,0.0006,0.0014,1447,0.872,22.2,2.1,2.6,22.6,25.2,1.00,25.17,0.99987,0.020,287.90,25.20,14,2
2.892,hall_mission,9x4.5,pi5,-0.029,-0.030,-0.011,-0.002,-0.003,0.011,0.012,0.07,-0.00,94.76,0.0017,0.0003,0.0007,0.0013,1447,0.872,22.2,2.1,2.6,22.6,25.2,1.00,25.17,0.99987,0.020,287.89,25.20,14,2
2.944,hall_mission,9x4.5,pi5,-0.029,-0.030,-0.012,-0.002,-0.003,0.011,0.011,0.06,-0.00,94.76,0.0016,0.0003,0.0005,0.0016,1447,0.872,22.2,2.1,2.6,22.6,25.2,1.00,25.17,0.99986,0.021,287.89,25.20,14,2
2.992,hall_mission,9x4.5,pi5,-0.029,-0.030,-0.013,-0.002,-0.003,0.010,0.011,0.07,-0.00,94.76,0.0014,0.0006,0.0004,0.0016,1447,0.872,22.2,2.1,2.6,22.6,25.2,1.00,25.17,0.99986,0.021,287.89,25.20,14,2
3.044,hall_mission,9x4.5,pi5,-0.029,-0.030,-0.014,-0.002,-0.003,0.009,0.010,0.07,-0.00,94.76,0.0005,0.0000,0.0029,0.0091,1119,0.696,17.8,1.7,2.1,22.6,24.7,0.98,25.17,0.99986,0.021,293.11,25.20,14,2
3.096,hall_mission,9x4.5,pi5,-0.029,-0.030,-0.016,-0.002,-0.004,0.009,0.010,0.07,-0.00,94.76,0.0000,0.0027,0.0013,0.0065,1112,0.687,17.5,1.7,2.1,22.6,24.7,0.98,25.17,0.99986,0.022,293.65,25.20,14,2
3.144,hall_mission,9x4.5,pi5,-0.029,-0.030,-0.017,-0.002,-0.004,0.008,0.009,0.07,0.00,94.76,0.0000,0.0048,0.0000,0.0048,751,0.470,12.0,1.2,1.4,22.6,24.0,0.96,25.17,0.99985,0.022,301.48,25.20,14,2
3.192,hall_mission,9x4.5,pi5,-0.029,-0.031,-0.019,-0.002,-0.005,0.007,0.009,0.07,0.00,94.76,0.0000,0.0044,0.0003,0.0052,1110,0.684,17.4,1.7,2.1,22.6,24.7,0.98,25.17,0.99985,0.022,293.78,25.20,14,2
3.244,hall_mission,9x4.5,pi5,-0.029,-0.031,-0.020,-0.003,-0.005,0.006,0.008,0.07,0.00,94.75,0.0000,0.0049,0.0003,0.0058,1114,0.689,17.6,1.7,2.1,22.6,24.7,0.98,25.17,0.99985,0.023,293.50,25.20,14,2
3.292,hall_mission,9x4.5,pi5,-0.030,-0.031,-0.022,-0.003,-0.005,0.005,0.008,0.08,0.00,94.75,0.0000,0.0032,0.0017,0.0083,1122,0.700,17.8,1.7,2.1,22.6,24.7,0.98,25.17,0.99985,0.023,292.94,25.20,14,2
3.344,hall_mission,9x4.5,pi5,-0.030,-0.032,-0.023,-0.003,-0.005,0.004,0.008,0.08,0.00,94.75,0.0000,0.0006,0.0039,0.0124,1136,0.718,18.3,1.8,2.2,22.6,24.8,0.99,25.17,0.99985,0.023,291.90,25.20,14,2
3.392,hall_mission,9x4.5,pi5,-0.030,-0.032,-0.025,-0.004,-0.006,0.003,0.007,0.08,0.00,94.75,0.0002,0.0000,0.0052,0.0158,1151,0.739,18.8,1.9,2.3,22.6,24.9,0.99,25.17,0.99984,0.024,290.68,25.20,14,2
3.444,hall_mission,9x4.5,pi5,-0.030,-0.032,-0.026,-0.004,-0.006,0.003,0.007,0.08,0.00,94.75,0.0012,0.0000,0.0064,0.0188,1170,0.763,19.5,2.0,2.5,22.6,25.1,1.00,25.17,0.99984,0.024,289.27,25.20,14,2
3.492,hall_mission,9x4.5,pi5,-0.030,-0.033,-0.029,-0.004,-0.007,0.001,0.008,0.08,0.00,94.75,0.0005,0.0000,0.0099,0.0223,1193,0.795,20.3,2.1,2.6,22.6,25.2,1.00,25.17,0.99984,0.024,287.42,25.20,14,2
3.544,hall_mission,9x4.5,pi5,-0.030,-0.033,-0.030,-0.004,-0.008,0.001,0.009,0.08,0.01,94.74,0.0012,0.0000,0.0139,0.0261,1224,0.838,21.4,2.3,2.8,22.6,25.4,1.01,25.17,0.99984,0.025,284.91,25.20,14,2
3.592,hall_mission,9x4.5,pi5,-0.030,-0.034,-0.031,-0.004,-0.009,-0.001,0.010,0.09,0.01,94.74,0.0002,0.0000,0.0186,0.0307,1254,0.883,22.5,2.5,3.1,22.6,25.7,1.02,25.17,0.99983,0.025,282.17,25.20,14,2
3.644,hall_mission,9x4.5,pi5,-0.030,-0.035,-0.033,-0.004,-0.010,-0.001,0.011,0.09,0.01,94.74,0.0000,0.0003,0.0229,0.0359,1288,0.935,23.8,2.7,3.4,22.6,26.0,1.03,25.17,0.99983,0.025,278.98,25.20,14,2
3.692,hall_mission,9x4.5,pi5,-0.030,-0.036,-0.035,-0.005,-0.011,-0.002,0.013,0.09,0.02,94.73,0.0002,0.0000,0.0281,0.0411,1326,0.995,25.4,3.0,3.7,22.6,26.3,1.05,25.17,0.99983,0.026,275.28,25.19,14,2
3.744,hall_mission,9x4.5,pi5,-0.030,-0.037,-0.036,-0.005,-0.012,-0.003,0.013,0.09,0.02,94.73,0.0000,0.0002,0.0349,0.0480,1375,1.076,27.4,3.4,4.2,22.6,26.8,1.07,25.17,0.99983,0.026,270.18,25.19,14,2
3.792,hall_mission,9x4.5,pi5,-0.031,-0.038,-0.037,-0.006,-0.013,-0.003,0.015,0.10,0.02,94.73,0.0000,0.0001,0.0410,0.0547,1421,1.156,29.5,3.8,4.7,22.6,27.3,1.09,25.17,0.99982,0.027,265.11,25.19,14,2
3.844,hall_mission,9x4.5,pi5,-0.031,-0.038,-0.038,-0.006,-0.014,-0.004,0.016,0.10,0.02,94.73,0.0000,0.0005,0.0472,0.0617,1471,1.246,31.8,4.3,5.3,22.6,27.9,1.11,25.17,0.99982,0.027,259.46,25.19,14,2
3.892,hall_mission,9x4.5,pi5,-0.031,-0.039,-0.040,-0.007,-0.014,-0.005,0.017,0.10,0.03,94.73,0.0005,0.0000,0.0547,0.0690,1524,1.347,34.3,4.8,6.0,22.6,28.6,1.14,25.16,0.99982,0.027,253.05,25.19,14,2
3.944,hall_mission,9x4.5,pi5,-0.032,-0.039,-0.041,-0.007,-0.015,-0.005,0.017,0.10,0.03,94.73,0.0000,0.0004,0.0641,0.0785,1592,1.483,37.8,5.6,7.0,22.6,29.6,1.18,25.16,0.99982,0.028,244.50,25.19,14,2
3.992,hall_mission,9x4.5,pi5,-0.032,-0.040,-0.041,-0.007,-0.015,-0.005,0.018,0.10,0.03,94.73,0.0000,0.0009,0.0724,0.0869,1655,1.613,41.1,6.4,8.0,22.6,30.6,1.22,25.16,0.99981,0.028,236.51,25.19,14,2
4.044,hall_mission,9x4.5,pi5,-0.032,-0.040,-0.042,-0.007,-0.016,-0.005,0.018,0.10,0.03,94.73,0.0000,0.0002,0.0824,0.0958,1721,1.761,44.9,7.4,9.2,22.6,31.8,1.27,25.16,0.99981,0.029,227.46,25.19,14,2
4.092,hall_mission,9x4.5,pi5,-0.031,-0.040,-0.042,-0.006,-0.016,-0.005,0.018,0.09,0.03,94.73,0.0030,0.0035,0.0889,0.1023,2149,2.111,53.8,8.7,10.9,22.6,33.5,1.33,25.16,0.99981,0.029,216.10,25.19,14,2
4.144,hall_mission,9x4.5,pi5,-0.031,-0.040,-0.042,-0.006,-0.016,-0.005,0.018,0.09,0.03,94.73,0.0085,0.0099,0.0951,0.1081,2236,2.269,57.8,9.7,12.1,22.6,34.7,1.38,25.16,0.99980,0.030,208.86,25.19,14,2
4.192,hall_mission,9x4.5,pi5,-0.030,-0.041,-0.042,-0.005,-0.016,-0.005,0.018,0.08,0.03,94.73,0.0137,0.0155,0.1001,0.1140,2314,2.418,61.6,10.6,13.2,22.6,35.8,1.42,25.16,0.99980,0.030,202.23,25.19,14,2
4.244,hall_mission,9x4.5,pi5,-0.030,-0.040,-0.041,-0.004,-0.016,-0.005,0.018,0.08,0.03,94.73,0.0193,0.0211,0.1061,0.1194,2396,2.579,65.7,11.6,14.5,22.6,37.1,1.47,25.15,0.99980,0.031,195.37,25.19,14,2
4.292,hall_mission,9x4.5,pi5,-0.029,-0.040,-0.041,-0.003,-0.016,-0.004,0.017,0.08,0.03,94.74,0.0250,0.0272,0.1129,0.1246,2482,2.754,70.2,12.7,15.9,22.6,38.5,1.53,25.15,0.99979,0.031,188.21,25.19,14,2
4.344,hall_mission,9x4.5,pi5,-0.028,-0.040,-0.040,-0.002,-0.016,-0.004,0.017,0.07,0.03,94.74,0.0323,0.0344,0.1201,0.1319,2588,2.977,75.9,14.2,17.7,22.6,40.3,1.60,25.15,0.99979,0.032,179.58,25.19,14,2
4.396,hall_mission,9x4.5,pi5,-0.026,-0.039,-0.039,-0.000,-0.016,-0.003,0.016,0.07,0.03,94.74,0.0384,0.0414,0.1270,0.1380,2682,3.184,81.2,15.6,19.5,22.6,42.1,1.67,25.15,0.99979,0.032,171.98,25.19,14,2
4.444,hall_mission,9x4.5,pi5,-0.025,-0.039,-0.039,0.001,-0.015,-0.003,0.015,0.06,0.03,94.75,0.0454,0.0478,0.1345,0.1441,2780,3.406,86.8,17.2,21.5,22.6,44.1,1.75,25.15,0.99978,0.033,164.26,25.19,14,2
4.492,hall_mission,9x4.5,pi5,-0.024,-0.038,-0.038,0.002,-0.014,-0.003,0.015,0.06,0.03,94.75,0.0521,0.0553,0.1415,0.1512,2882,3.647,93.0,18.9,23.7,22.6,46.3,1.84,25.14,0.99978,0.033,156.42,25.19,14,2
4.544,hall_mission,9x4.5,pi5,-0.023,-0.037,-0.037,0.003,-0.014,-0.002,0.015,0.06,0.03,94.75,0.0603,0.0640,0.1502,0.1596,3005,3.949,100.7,21.2,26.5,22.6,49.1,1.96,25.14,0.99977,0.034,147.27,25.19,14,2
4.592,hall_mission,9x4.5,pi5,-0.022,-0.036,-0.036,0.003,-0.014,-0.002,0.014,0.05,0.02,94.75,0.0682,0.0711,0.1578,0.1672,3115,4.229,107.8,23.4,29.3,22.6,51.9,2.06,25.14,0.99977,0.035,139.44,25.19,14,2
4.644,hall_mission,9x4.5,pi5,-0.022,-0.036,-0.035,0.004,-0.013,-0.001,0.014,0.06,0.02,94.75,0.0759,0.0791,0.1662,0.1744,3229,4.529,115.4,25.9,32.3,22.6,54.9,2.19,25.13,0.99976,0.036,131.71,25.19,14,2
4.696,hall_mission,9x4.5,pi5,-0.021,-0.034,-0.034,0.004,-0.013,-0.001,0.013,0.06,0.02,94.75,0.0855,0.0883,0.1757,0.1838,3365,4.902,125.0,29.0,36.3,22.6,58.9,2.34,25.13,0.99976,0.037,122.89,25.19,14,2
4.744,hall_mission,9x4.5,pi5,-0.020,-0.034,-0.034,0.005,-0.012,-0.001,0.013,0.06,0.02,94.75,0.0936,0.0968,0.1841,0.1919,3485,5.245,133.7,32.0,40.0,22.6,62.6,2.49,25.12,0.99975,0.037,115.54,25.19,14,2
4.792,hall_mission,9x4.5,pi5,-0.019,-0.033,-0.033,0.005,-0.012,-0.000,0.013,0.06,0.02,94.75,0.1022,0.1054,0.1929,0.2002,3609,5.612,143.1,35.3,44.1,22.6,66.7,2.66,25.12,0.99975,0.038,108.37,25.19,14,2
4.844,hall_mission,9x4.5,pi5,-0.019,-0.033,-0.033,0.006,-0.012,-0.000,0.013,0.06,0.02,94.75,0.1105,0.1146,0.2015,0.2093,3737,6.002,153.0,38.9,48.7,22.6,71.3,2.84,25.11,0.99974,0.039,101.44,25.19,14,2
4.892,hall_mission,9x4.5,pi5,-0.018,-0.033,-0.033,0.007,-0.012,-0.000,0.014,0.06,0.02,94.75,0.1194,0.1227,0.2114,0.2186,3868,6.422,163.7,43.0,53.8,22.6,76.4,3.04,25.11,0.99973,0.040,94.66,25.19,14,2
4.944,hall_mission,9x4.5,pi5,-0.017,-0.032,-0.033,0.007,-0.012,-0.000,0.014,0.06,0.02,94.75,0.1287,0.1335,0.2228,0.2306,4026,6.947,177.1,48.3,60.4,22.6,83.0,3.31,25.10,0.99973,0.041,87.08,25.19,14,2
4.992,hall_mission,9x4.5,pi5,-0.015,-0.032,-0.032,0.009,-0.012,-0.000,0.015,0.05,0.02,94.75,0.1372,0.1423,0.2333,0.2411,4164,7.428,189.4,53.4,66.7,22.6,89.3,3.56,25.09,0.99972,0.043,80.90,25.19,14,2
5.044,hall_mission,9x4.5,pi5,-0.014,-0.032,-0.032,0.009,-0.013,-0.000,0.016,0.05,0.02,94.75,0.1455,0.1514,0.2440,0.2523,4307,7.941,202.4,58.9,73.6,22.6,96.2,3.84,25.08,0.99971,0.044,75.03,25.19,14,2
5.092,hall_mission,9x4.5,pi5,-0.013,-0.033,-0.032,0.010,-0.013,-0.000,0.017,0.05,0.03,94.75,0.1544,0.1606,0.2550,0.2636,4453,8.483,216.3,65.0,81.2,22.6,103.8,4.14,25.07,0.99970,0.045,69.51,25.19,14,2
5.144,hall_mission,9x4.5,pi5,-0.012,-0.033,-0.033,0.011,-0.013,-0.000,0.017,0.05,0.03,94.75,0.1645,0.1722,0.2682,0.2771,4628,9.157,233.4,72.8,91.0,22.6,113.6,4.53,25.06,0.99969,0.047,63.50,25.19,14,2
5.192,hall_mission,9x4.5,pi5,-0.011,-0.033,-0.033,0.011,-0.014,-0.000,0.018,0.05,0.03,94.75,0.1738,0.1821,0.2795,0.2891,4783,9.772,249.1,80.2,100.3,22.6,122.9,4.90,25.05,0.99968,0.049,58.70,25.19,14,2
5.244,hall_mission,9x4.5,pi5,-0.010,-0.034,-0.033,0.012,-0.014,0.000,0.018,0.05,0.03,94.75,0.1832,0.1923,0.2914,0.3013,4941,10.422,265.7,88.3,110.3,22.6,132.9,5.31,25.04,0.99966,0.051,54.22,25.19,14,2
5.292,hall_mission,9x4.5,pi5,-0.008,-0.034,-0.033,0.013,-0.014,0.000,0.019,0.05,0.03,94.75,0.1929,0.2027,0.3038,0.3134,5102,11.108,283.2,97.0,121.3,22.6,143.9,5.75,25.02,0.99965,0.053,50.06,25.19,14,2
5.344,hall_mission,9x4.5,pi5,-0.007,-0.034,-0.033,0.013,-0.015,0.000,0.020,0.05,0.03,94.75,0.2043,0.2156,0.3183,0.3279,5296,11.957,304.8,108.3,135.4,22.6,158.0,6.32,25.01,0.99964,0.055,45.58,25.19,14,2
5.392,hall_mission,9x4.5,pi5,-0.006,-0.035,-0.033,0.014,-0.015,0.001,0.021,0.05,0.03,94.75,0.2147,0.2264,0.3308,0.3410,5465,12.728,324.5,118.8,148.5,22.6,171.1,6.85,24.99,0.99962,0.057,42.04,25.19,14,2
5.444,hall_mission,9x4.5,pi5,-0.005,-0.036,-0.033,0.014,-0.016,0.001,0.021,0.05,0.03,94.75,0.2248,0.2378,0.3437,0.3544,5639,13.542,345.2,130.3,162.9,22.6,185.5,7.43,24.97,0.99960,0.060,38.75,25.19,14,2
5.492,hall_mission,9x4.5,pi5,-0.004,-0.036,-0.034,0.015,-0.016,0.001,0.022,0.04,0.03,94.75,0.2353,0.2495,0.3571,0.3678,5816,14.399,367.1,142.8,178.5,22.6,201.1,8.06,24.95,0.99959,0.062,35.72,25.19,14,2
5.544,hall_mission,9x4.5,pi5,-0.004,-0.037,-0.034,0.015,-0.017,0.001,0.023,0.04,0.03,94.75,0.2482,0.2632,0.3721,0.3844,6027,15.453,393.9,158.6,198.3,22.6,220.9,8.86,24.93,0.99956,0.066,32.49,25.19,14,2
5.592,hall_mission,9x4.5,pi5,-0.003,-0.037,-0.034,0.016,-0.017,0.001,0.023,0.04,0.03,94.75,0.2590,0.2757,0.3861,0.3979,6211,16.405,418.2,173.4,216.7,22.6,239.3,9.61,24.91,0.99954,0.069,29.96,25.19,14,2
5.644,hall_mission,9x4.5,pi5,-0.002,-0.037,-0.035,0.016,-0.017,0.001,0.023,0.04,0.03,94.75,0.2711,0.2873,0.4002,0.4123,6400,17.409,443.8,189.4,236.7,22.6,259.3,10.42,24.88,0.99952,0.073,27.62,25.19,14,2
5.692,hall_mission,9x4.5,pi5,-0.001,-0.037,-0.035,0.016,-0.017,0.001,0.023,0.04,0.03,94.75,0.2825,0.3000,0.4144,0.4268,6591,18.457,470.5,206.6,258.3,22.6,280.9,11.30,24.86,0.99949,0.076,25.47,25.18,14,2
5.744,hall_mission,9x4.5,pi5,-0.001,-0.037,-0.036,0.017,-0.016,0.001,0.023,0.04,0.03,94.75,0.2968,0.3148,0.4317,0.4434,6820,19.746,503.4,228.4,285.5,22.6,308.1,12.41,24.82,0.99946,0.081,23.19,25.18,14,2
5.792,hall_mission,9x4.5,pi5,0.000,-0.036,-0.037,0.017,-0.015,0.001,0.023,0.04,0.03,94.75,0.3089,0.3280,0.4466,0.4583,7019,20.910,533.1,248.8,311.0,22.6,333.6,13.46,24.79,0.99943,0.085,21.39,25.18,14,2
5.844,hall_mission,9x4.5,pi5,0.000,-0.035,-0.037,0.017,-0.015,0.001,0.022,0.04,0.02,94.76,0.3216,0.3408,0.4615,0.4739,7223,22.130,564.2,270.7,338.4,22.6,361.0,14.58,24.76,0.99940,0.090,19.74,25.18,14,2
5.892,hall_mission,9x4.5,pi5,0.001,-0.034,-0.037,0.017,-0.013,0.002,0.021,0.04,0.02,94.76,0.3346,0.3541,0.4773,0.4890,7430,23.408,596.7,294.3,367.9,22.6,390.5,15.80,24.72,0.99936,0.096,18.22,25.18,14,2
5.944,hall_mission,9x4.5,pi5,0.001,-0.033,-0.038,0.016,-0.013,0.002,0.021,0.04,0.01,94.76,0.3504,0.3698,0.4953,0.5073,7676,24.969,636.5,324.0,405.0,22.6,427.6,17.33,24.67,0.99932,0.102,16.61,25.18,14,2
5.992,hall_mission,9x4.5,pi5,0.000,-0.032,-0.038,0.016,-0.011,0.002,0.020,0.04,0.01,94.77,0.3643,0.3834,0.5115,0.5232,7891,26.379,672.5,351.6,439.6,22.6,462.2,18.76,24.63,0.99928,0.108,15.34,25.18,14,2
6.044,hall_mission,9x4.5,pi5,0.000,-0.030,-0.038,0.016,-0.010,0.002,0.019,0.04,0.00,94.77,0.3691,0.3887,0.5192,0.5307,7983,27.001,688.3,364.2,455.3,22.6,477.9,19.42,24.61,0.99923,0.115,14.82,25.18,14,2
6.092,hall_mission,9x4.5,pi5,-0.001,-0.029,-0.039,0.015,-0.008,0.002,0.017,0.04,-0.00,94.77,0.3730,0.3917,0.5248,0.5364,8049,27.457,699.9,373.6,467.0,22.6,489.6,19.91,24.60,0.99919,0.121,14.45,25.18,14,2
6.136,hall_mission,9x4.5,pi5,-0.001,-0.027,-0.039,0.013,-0.006,0.001,0.015,0.04,-0.02,94.77,0.3794,0.3930,0.5322,0.5383,8111,27.875,710.6,382.1,477.6,22.6,500.2,20.35,24.58,0.99915,0.128,14.14,25.18,14,2
6.188,hall_mission,9x4.5,pi5,-0.002,-0.026,-0.040,0.008,-0.003,-0.002,0.009,0.04,-0.11,94.67,0.3907,0.3944,0.5378,0.5359,8169,28.234,719.8,388.7,485.9,22.6,508.5,20.70,24.57,0.99910,0.135,13.90,25.18,14,2
6.236,hall_mission,9x4.5,pi5,-0.003,-0.024,-0.040,0.006,-0.002,-0.005,0.008,0.05,-0.23,94.48,0.4042,0.4033,0.5320,0.5346,8224,28.523,727.1,392.9,491.1,22.6,513.7,20.91,24.57,0.99905,0.142,13.76,25.18,14,2
6.288,hall_mission,9x4.5,pi5,-0.004,-0.023,-0.041,0.006,0.003,-0.015,0.016,0.08,-0.39,93.90,0.4220,0.4206,0.5243,0.5216,8276,28.739,732.6,394.5,493.1,22.6,515.7,21.00,24.56,0.99900,0.149,13.70,25.18,14,2
6.336,hall_mission,9x4.5,pi5,-0.004,-0.021,-0.042,0.006,0.006,-0.024,0.026,0.10,-0.46,93.35,0.4399,0.4384,0.5097,0.5095,8309,28.847,735.4,394.3,492.9,22.6,515.5,20.99,24.56,0.99895,0.156,13.70,25.18,14,2
6.388,hall_mission,9x4.5,pi5,-0.005,-0.020,-0.045,0.005,0.011,-0.040,0.042,0.13,-0.53,92.36,0.4587,0.4579,0.4944,0.4936,8334,28.945,737.9,394.7,493.3,22.6,515.9,21.01,24.56,0.99890,0.164,13.69,25.18,14,2
6.436,hall_mission,9x4.5,pi5,-0.006,-0.019,-0.047,0.004,0.015,-0.053,0.055,0.14,-0.54,91.63,0.4752,0.4741,0.4811,0.4799,8355,29.061,740.8,396.5,495.6,22.6,518.2,21.10,24.56,0.99886,0.170,13.63,25.18,14,2
6.488,hall_mission,9x4.5,pi5,-0.006,-0.017,-0.053,0.003,0.021,-0.075,0.078,0.16,-0.52,90.52,0.4906,0.4892,0.4682,0.4678,8375,29.208,744.6,399.7,499.6,22.6,522.2,21.27,24.55,0.99880,0.178,13.52,25.18,14,2
6.536,hall_mission,9x4.5,pi5,-0.007,-0.015,-0.057,0.003,0.024,-0.089,0.092,0.16,-0.49,89.80,0.5010,0.5006,0.4588,0.4589,8388,29.327,747.6,402.7,503.4,22.6,526.0,21.43,24.55,0.99876,0.185,13.42,25.18,14,2
6.588,hall_mission,9x4.5,pi5,-0.007,-0.014,-0.064,0.003,0.027,-0.110,0.114,0.16,-0.43,88.83,0.5089,0.5091,0.4524,0.4515,8397,29.424,750.1,405.4,506.7,22.6,529.3,21.57,24.54,0.99870,0.193,13.33,25.18,14,2
6.636,hall_mission,9x4.5,pi5,-0.007,-0.012,-0.070,0.003,0.029,-0.126,0.129,0.15,-0.39,88.27,0.5132,0.5138,0.4483,0.4486,8404,29.495,751.9,407.3,509.1,22.6,531.7,21.67,24.54,0.99866,0.200,13.27,25.18,14,2
6.688,hall_mission,9x4.5,pi5,-0.007,-0.010,-0.081,0.003,0.032,-0.150,0.154,0.14,-0.32,87.58,0.5153,0.5155,0.4477,0.4473,8411,29.553,753.4,408.7,510.8,22.6,533.4,21.74,24.54,0.99860,0.207,13.22,25.18,14,2
6.736,hall_mission,9x4.5,pi5,-0.007,-0.008,-0.089,0.003,0.033,-0.165,0.169,0.13,-0.27,87.23,0.5149,0.5153,0.4486,0.4487,8417,29.590,754.3,409.3,511.7,22.6,534.3,21.78,24.53,0.99856,0.215,13.20,25.18,14,2
6.788,hall_mission,9x4.5,pi5,-0.006,-0.006,-0.101,0.004,0.034,-0.186,0.189,0.12,-0.20,86.85,0.5127,0.5129,0.4514,0.4521,8423,29.615,755.0,409.6,511.9,22.6,534.5,21.79,24.53,0.99850,0.222,13.19,25.18,14,2
6.836,hall_mission,9x4.5,pi5,-0.005,-0.004,-0.111,0.005,0.034,-0.201,0.204,0.11,-0.16,86.70,0.5095,0.5095,0.4555,0.4558,8427,29.630,755.3,409.5,511.8,22.6,534.4,21.78,24.53,0.99846,0.229,13.20,25.18,14,2
6.888,hall_mission,9x4.5,pi5,-0.004,-0.002,-0.127,0.007,0.034,-0.224,0.227,0.11,-0.10,86.61,0.5048,0.5052,0.4606,0.4611,8432,29.643,755.7,409.3,511.6,22.6,534.2,21.78,24.53,0.99840,0.237,13.20,25.18,14,2
6.936,hall_mission,9x4.5,pi5,-0.003,-0.000,-0.137,0.008,0.033,-0.238,0.241,0.11,-0.06,86.63,0.5006,0.5005,0.4655,0.4662,8436,29.656,756.0,409.3,511.6,22.6,534.2,21.77,24.53,0.99835,0.244,13.20,25.18,14,2
6.988,hall_mission,9x4.5,pi5,-0.002,0.002,-0.153,0.009,0.032,-0.257,0.260,0.12,-0.01,86.74,0.4957,0.4958,0.4711,0.4714,8441,29.674,756.5,409.4,511.7,22.6,534.3,21.78,24.53,0.99830,0.252,13.20,25.18,14,2
7.036,hall_mission,9x4.5,pi5,-0.001,0.003,-0.165,0.009,0.031,-0.271,0.273,0.13,0.02,86.86,0.4916,0.4918,0.4764,0.4754,8445,29.698,757.1,409.7,512.1,22.6,534.7,21.80,24.53,0.99825,0.259,13.18,25.18,14,2
7.088,hall_mission,9x4.5,pi5,0.000,0.005,-0.186,0.009,0.029,-0.292,0.294,0.14,0.06,87.09,0.4875,0.4880,0.4804,0.4805,8450,29.725,757.8,410.2,512.7,22.6,535.3,21.82,24.53,0.99820,0.267,13.17,25.18,14,2
7.136,hall_mission,9x4.5,pi5,0.001,0.007,-0.200,0.010,0.027,-0.305,0.306,0.15,0.08,87.27,0.4846,0.4849,0.4838,0.4843,8454,29.752,758.5,410.7,513.4,22.6,536.0,21.85,24.53,0.99815,0.274,13.15,25.18,14,2
7.188,hall_mission,9x4.5,pi5,0.001,0.008,-0.219,0.010,0.025,-0.322,0.323,0.16,0.11,87.54,0.4823,0.4821,0.4869,0.4875,8458,29.783,759.3,411.4,514.2,22.6,536.8,21.88,24.53,0.99810,0.282,13.13,25.18,14,2
7.236,hall_mission,9x4.5,pi5,0.001,0.009,-0.234,0.009,0.023,-0.334,0.335,0.17,0.13,87.72,0.4804,0.4807,0.4895,0.4893,8462,29.813,760.0,412.0,515.0,22.6,537.6,21.92,24.53,0.99805,0.289,13.11,25.18,14,2
7.288,hall_mission,9x4.5,pi5,0.002,0.010,-0.259,0.009,0.020,-0.354,0.354,0.18,0.15,87.97,0.4792,0.4797,0.4910,0.4913,8467,29.847,760.9,412.7,515.9,22.6,538.5,21.96,24.52,0.99800,0.297,13.08,25.18,14,2
7.336,hall_mission,9x4.5,pi5,0.002,0.010,-0.275,0.009,0.018,-0.365,0.366,0.19,0.16,88.12,0.4793,0.4787,0.4919,0.4923,8470,29.873,761.5,413.3,516.6,22.6,539.2,21.99,24.52,0.99795,0.304,13.07,25.18,14,2
7.388,hall_mission,9x4.5,pi5,0.002,0.011,-0.299,0.008,0.015,-0.382,0.382,0.19,0.17,88.33,0.4789,0.4790,0.4926,0.4926,8473,29.894,762.1,413.7,517.2,22.6,539.8,22.01,24.52,0.99790,0.312,13.05,25.18,14,2
7.436,hall_mission,9x4.5,pi5,0.002,0.011,-0.316,0.007,0.013,-0.393,0.393,0.19,0.17,88.45,0.4793,0.4794,0.4929,0.4922,8476,29.915,762.6,414.2,517.7,22.6,540.3,22.03,24.52,0.99785,0.319,13.04,25.18,14,2
7.480,hall_mission,9x4.5,pi5,0.001,0.011,-0.333,0.007,0.011,-0.404,0.404,0.19,0.17,88.54,0.4799,0.4802,0.4924,0.4924,8480,29.940,763.3,414.7,518.3,22.6,540.9,22.06,24.52,0.99780,0.325,13.02,25.18,14,2
7.532,hall_mission,9x4.5,pi5,0.001,0.012,-0.362,0.006,0.009,-0.421,0.421,0.19,0.17,88.66,0.4809,0.4813,0.4918,0.4919,8484,29.966,763.9,415.2,519.0,22.6,541.6,22.09,24.52,0.99775,0.333,13.00,25.18,14,2
7.580,hall_mission,9x4.5,pi5,0.000,0.012,-0.380,0.005,0.007,-0.431,0.431,0.19,0.16,88.73,0.4817,0.4825,0.4914,0.4913,8487,29.990,764.5,415.7,519.6,22.6,542.2,22.11,24.52,0.99770,0.341,12.99,25.18,14,2
7.632,hall_mission,9x4.5,pi5,-0.001,0.012,-0.405,0.004,0.004,-0.446,0.446,0.18,0.16,88.79,0.4828,0.4837,0.4907,0.4905,8491,30.013,765.1,416.1,520.2,22.6,542.8,22.14,24.52,0.99765,0.348,12.97,25.18,14,2
7.672,hall_mission,9x4.5,pi5,-0.002,0.012,-0.424,0.003,0.003,-0.456,0.456,0.17,0.15,88.83,0.4845,0.4839,0.4898,0.4903,8493,30.032,765.6,416.5,520.6,22.6,543.2,22.16,24.52,0.99761,0.354,12.96,25.18,14,2
7.724,hall_mission,9x4.5,pi5,-0.003,0.012,-0.443,0.002,0.002,-0.466,0.466,0.16,0.15,88.85,0.4853,0.4853,0.4893,0.4895,8496,30.052,766.1,416.9,521.2,22.6,543.8,22.18,24.51,0.99755,0.362,12.94,25.17,14,2
7.772,hall_mission,9x4.5,pi5,-0.005,0.012,-0.474,0.001,0.000,-0.481,0.481,0.15,0.14,88.87,0.4867,0.4858,0.4891,0.4885,8499,30.072,766.6,417.3,521.7,22.6,544.3,22.20,24.51,0.99750,0.370,12.93,25.17,14,2
7.824,hall_mission,9x4.5,pi5,-0.006,0.013,-0.493,0.000,-0.000,-0.491,0.491,0.13,0.13,88.88,0.4875,0.4867,0.4884,0.4884,8503,30.097,767.2,417.8,522.3,22.6,544.9,22.23,24.51,0.99745,0.377,12.91,25.17,14,2
7.872,hall_mission,9x4.5,pi5,-0.007,0.013,-0.521,-0.001,-0.001,-0.503,0.503,0.11,0.12,88.89,0.4875,0.4882,0.4885,0.4876,8506,30.118,767.8,418.3,522.9,22.6,545.5,22.25,24.51,0.99740,0.385,12.90,25.17,14,2
7.924,hall_mission,9x4.5,pi5,-0.008,0.014,-0.541,-0.001,-0.001,-0.512,0.512,0.10,0.12,88.89,0.4885,0.4886,0.4876,0.4880,8509,30.140,768.3,418.7,523.4,22.6,546.0,22.28,24.51,0.99735,0.393,12.88,25.17,14,2
7.972,hall_mission,9x4.5,pi5,-0.010,0.014,-0.573,-0.001,-0.003,-0.526,0.526,0.08,0.13,88.90,0.4888,0.4892,0.4878,0.4878,8512,30.161,768.9,419.2,524.0,22.6,546.6,22.30,24.51,0.99730,0.400,12.87,25.17,14,2
8.024,hall_mission,9x4.5,pi5,-0.011,0.014,-0.594,-0.001,-0.003,-0.535,0.535,0.06,0.13,88.90,0.4893,0.4898,0.4878,0.4879,8516,30.191,769.7,419.8,524.8,22.6,547.4,22.34,24.51,0.99724,0.408,12.85,25.17,14,2
8.072,hall_mission,9x4.5,pi5,-0.013,0.014,-0.624,-0.002,-0.004,-0.546,0.546,0.04,0.13,88.90,0.4898,0.4898,0.4881,0.4878,8519,30.210,770.1,420.2,525.3,22.6,547.9,22.36,24.51,0.99719,0.415,12.84,25.17,14,2
8.124,hall_mission,9x4.5,pi5,-0.014,0.013,-0.645,-0.001,-0.005,-0.555,0.555,0.03,0.13,88.91,0.4900,0.4899,0.4881,0.4880,8521,30.224,770.5,420.5,525.6,22.6,548.2,22.37,24.51,0.99714,0.423,12.83,25.17,14,2
8.172,hall_mission,9x4.5,pi5,-0.016,0.013,-0.680,-0.001,-0.007,-0.568,0.568,0.01,0.13,88.92,0.4901,0.4902,0.4882,0.4881,8523,30.239,770.9,420.8,526.0,22.6,548.6,22.39,24.50,0.99709,0.430,12.82,25.17,14,2
8.224,hall_mission,9x4.5,pi5,-0.017,0.012,-0.703,-0.001,-0.008,-0.576,0.576,-0.00,0.13,88.93,0.4902,0.4904,0.4887,0.4880,8525,30.255,771.3,421.2,526.5,22.6,549.1,22.41,24.50,0.99704,0.438,12.81,25.17,14,2
8.272,hall_mission,9x4.5,pi5,-0.019,0.011,-0.735,-0.001,-0.009,-0.587,0.587,-0.02,0.12,88.94,0.4908,0.4899,0.4887,0.4885,8527,30.269,771.7,421.5,526.8,22.6,549.4,22.42,24.50,0.99699,0.446,12.80,25.17,14,2
8.324,hall_mission,9x4.5,pi5,-0.020,0.010,-0.758,-0.001,-0.010,-0.594,0.594,-0.03,0.11,88.96,0.4904,0.4903,0.4885,0.4892,8529,30.285,772.1,421.8,527.2,22.6,549.8,22.44,24.50,0.99693,0.453,12.78,25.17,14,2
8.372,hall_mission,9x4.5,pi5,-0.021,0.009,-0.796,0.000,-0.011,-0.606,0.606,-0.05,0.10,88.98,0.4907,0.4900,0.4888,0.4894,8531,30.298,772.4,422.1,527.6,22.6,550.2,22.46,24.50,0.99688,0.461,12.78,25.17,14,2
8.424,hall_mission,9x4.5,pi5,-0.021,0.008,-0.820,0.001,-0.012,-0.613,0.613,-0.06,0.09,88.99,0.4903,0.4905,0.4892,0.4895,8533,30.312,772.7,422.3,527.9,22.6,550.5,22.47,24.50,0.99683,0.469,12.77,25.17,14,2
8.472,hall_mission,9x4.5,pi5,-0.022,0.006,-0.855,0.003,-0.014,-0.623,0.623,-0.07,0.08,89.01,0.4902,0.4905,0.4894,0.4898,8535,30.324,773.0,422.6,528.2,22.6,550.8,22.48,24.50,0.99678,0.476,12.76,25.17,14,2
8.524,hall_mission,9x4.5,pi5,-0.022,0.005,-0.880,0.003,-0.014,-0.630,0.631,-0.08,0.06,89.03,0.4903,0.4904,0.4896,0.4900,8536,30.332,773.3,422.8,528.5,22.6,551.1,22.49,24.50,0.99672,0.484,12.75,25.17,14,2
8.572,hall_mission,9x4.5,pi5,-0.023,0.003,-0.920,0.004,-0.015,-0.641,0.642,-0.08,0.04,89.05,0.4904,0.4903,0.4904,0.4895,8538,30.344,773.6,423.0,528.8,22.6,551.4,22.51,24.50,0.99667,0.491,12.74,25.17,14,2
8.624,hall_mission,9x4.5,pi5,-0.024,0.002,-0.946,0.005,-0.015,-0.648,0.648,-0.08,0.03,89.07,0.4906,0.4904,0.4906,0.4898,8540,30.363,774.0,423.4,529.3,22.6,551.9,22.53,24.50,0.99662,0.499,12.73,25.17,14,2
8.672,hall_mission,9x4.5,pi5,-0.024,0.001,-0.982,0.005,-0.015,-0.657,0.657,-0.09,0.01,89.09,0.4903,0.4910,0.4908,0.4900,8542,30.378,774.4,423.7,529.7,22.6,552.3,22.55,24.50,0.99657,0.507,12.72,25.17,14,2
8.724,hall_mission,9x4.5,pi5,-0.024,0.000,-1.008,0.006,-0.015,-0.663,0.663,-0.09,-0.00,89.11,0.4869,0.4874,0.4872,0.4868,8493,30.027,765.5,416.4,520.5,22.6,543.1,22.16,24.51,0.99652,0.515,12.94,25.17,14,2
8.772,hall_mission,9x4.5,pi5,-0.025,-0.001,-1.050,0.007,-0.015,-0.669,0.669,-0.09,-0.02,89.13,0.4815,0.4822,0.4817,0.4817,8416,29.486,751.7,405.2,506.5,22.6,529.1,21.57,24.52,0.99647,0.522,13.29,25.17,14,2
8.824,hall_mission,9x4.5,pi5,-0.025,-0.002,-1.077,0.007,-0.015,-0.665,0.665,-0.09,-0.03,89.14,0.4776,0.4776,0.4771,0.4775,8353,29.046,740.5,396.2,495.2,22.6,517.8,21.10,24.54,0.99642,0.529,13.59,25.17,14,2
8.872,hall_mission,9x4.5,pi5,-0.025,-0.004,-1.113,0.008,-0.014,-0.652,0.653,-0.09,-0.04,89.16,0.4746,0.4756,0.4755,0.4742,8317,28.797,734.1,391.1,488.8,22.6,511.4,20.84,24.54,0.99637,0.536,13.76,25.17,14,2
8.924,hall_mission,9x4.5,pi5,-0.025,-0.005,-1.139,0.008,-0.014,-0.639,0.640,-0.10,-0.05,89.17,0.4737,0.4733,0.4726,0.4738,8294,28.635,730.0,387.8,484.7,22.6,507.3,20.67,24.55,0.99632,0.543,13.87,25.17,14,2
8.972,hall_mission,9x4.5,pi5,-0.025,-0.006,-1.179,0.009,-0.013,-0.614,0.615,-0.09,-0.06,89.18,0.4726,0.4724,0.4725,0.4718,8279,28.533,727.4,385.7,482.1,22.6,504.7,20.56,24.55,0.99628,0.550,13.94,25.17,14,2
9.024,hall_mission,9x4.5,pi5,-0.025,-0.007,-1.203,0.009,-0.013,-0.598,0.598,-0.09,-0.07,89.19,0.4717,0.4719,0.4714,0.4713,8268,28.457,725.4,384.2,480.2,22.6,502.8,20.48,24.55,0.99623,0.557,14.00,25.17,14,2
9.072,hall_mission,9x4.5,pi5,-0.025,-0.008,-1.235,0.010,-0.013,-0.574,0.574,-0.09,-0.08,89.21,0.4719,0.4710,0.4712,0.4707,8263,28.421,724.5,383.4,479.3,22.6,501.9,20.44,24.56,0.99618,0.564,14.02,25.17,14,2
9.124,hall_mission,9x4.5,pi5,-0.026,-0.009,-1.257,0.010,-0.012,-0.556,0.557,-0.09,-0.09,89.22,0.4714,0.4712,0.4705,0.4710,8260,28.403,724.1,383.1,478.8,22.6,501.4,20.42,24.56,0.99613,0.571,14.04,25.17,14,2
9.172,hall_mission,9x4.5,pi5,-0.026,-0.011,-1.290,0.010,-0.012,-0.529,0.529,-0.09,-0.10,89.23,0.4709,0.4715,0.4710,0.4703,8259,28.395,723.9,382.9,478.6,22.6,501.2,20.41,24.56,0.99609,0.578,14.04,25.17,14,2
9.224,hall_mission,9x4.5,pi5,-0.026,-0.011,-1.310,0.011,-0.011,-0.513,0.513,-0.09,-0.10,89.24,0.4711,0.4714,0.4711,0.4702,8259,28.394,723.8,382.9,478.6,22.6,501.2,20.41,24.55,0.99604,0.585,14.04,25.17,14,2
9.272,hall_mission,9x4.5,pi5,-0.026,-0.012,-1.337,0.011,-0.011,-0.491,0.491,-0.10,-0.11,89.25,0.4714,0.4711,0.4708,0.4706,8259,28.399,724.0,383.0,478.8,22.6,501.4,20.42,24.55,0.99599,0.592,14.03,25.17,14,2
9.324,hall_mission,9x4.5,pi5,-0.026,-0.013,-1.355,0.012,-0.010,-0.476,0.476,-0.10,-0.12,89.26,0.4715,0.4712,0.4708,0.4709,8261,28.410,724.3,383.2,479.0,22.6,501.6,20.43,24.55,0.99594,0.599,14.03,25.17,14,2
9.372,hall_mission,9x4.5,pi5,-0.026,-0.014,-1.382,0.012,-0.009,-0.453,0.453,-0.09,-0.13,89.28,0.4711,0.4717,0.4711,0.4709,8262,28.419,724.5,383.4,479.3,22.6,501.9,20.44,24.55,0.99590,0.606,14.02,25.17,14,2
9.424,hall_mission,9x4.5,pi5,-0.026,-0.014,-1.399,0.012,-0.008,-0.440,0.440,-0.09,-0.13,89.29,0.4717,0.4712,0.4710,0.4713,8264,28.432,724.8,383.7,479.6,22.6,502.2,20.45,24.55,0.99585,0.613,14.01,25.17,14,2
9.472,hall_mission,9x4.5,pi5,-0.027,-0.014,-1.420,0.013,-0.006,-0.422,0.422,-0.09,-0.14,89.32,0.4717,0.4712,0.4715,0.4711,8265,28.439,725.0,383.8,479.8,22.6,502.4,20.46,24.55,0.99580,0.620,14.00,25.17,14,2
9.520,hall_mission,9x4.5,pi5,-0.027,-0.014,-1.435,0.013,-0.006,-0.410,0.410,-0.09,-0.14,89.33,0.4719,0.4711,0.4711,0.4717,8266,28.444,725.1,383.9,479.9,22.6,502.5,20.47,24.55,0.99576,0.626,14.00,25.17,14,2
9.572,hall_mission,9x4.5,pi5,-0.027,-0.014,-1.458,0.013,-0.004,-0.392,0.392,-0.09,-0.14,89.36,0.4716,0.4715,0.4717,0.4713,8267,28.451,725.3,384.0,480.1,22.6,502.7,20.47,24.55,0.99571,0.634,13.99,25.17,14,2
9.624,hall_mission,9x4.5,pi5,-0.027,-0.014,-1.472,0.013,-0.003,-0.381,0.381,-0.09,-0.13,89.37,0.4714,0.4715,0.4717,0.4713,8266,28.447,725.2,384.0,480.0,22.6,502.6,20.47,24.55,0.99566,0.641,13.99,25.17,14,2
9.672,hall_mission,9x4.5,pi5,-0.027,-0.013,-1.491,0.012,-0.001,-0.367,0.367,-0.10,-0.12,89.40,0.4715,0.4710,0.4713,0.4717,8265,28.439,725.0,383.8,479.8,22.6,502.4,20.46,24.55,0.99561,0.648,14.00,25.17,14,2
9.724,hall_mission,9x4.5,pi5,-0.027,-0.013,-1.504,0.013,-0.001,-0.357,0.357,-0.10,-0.12,89.41,0.4708,0.4715,0.4710,0.4718,8263,28.425,724.6,383.5,479.4,22.6,502.0,20.45,24.55,0.99556,0.655,14.01,25.17,14,2
9.768,hall_mission,9x4.5,pi5,-0.011,0.007,-1.720,0.015,0.002,-0.197,0.198,0.03,0.16,89.62,0.4683,0.4688,0.4688,0.4690,8227,28.174,718.2,378.5,473.1,22.6,495.7,20.18,24.56,0.99552,0.661,14.19,25.17,14,2
9.816,hall_mission,9x4.5,pi5,-0.010,0.006,-1.734,0.014,-0.000,-0.187,0.188,0.03,0.16,89.63,0.4687,0.4684,0.4688,0.4687,8225,28.165,718.0,378.3,472.9,22.6,495.5,20.18,24.56,0.99548,0.668,14.19,25.17,14,2
9.868,hall_mission,9x4.5,pi5,-0.010,0.006,-1.742,0.013,-0.001,-0.181,0.181,0.03,0.15,89.64,0.4684,0.4685,0.4688,0.4685,8224,28.158,717.8,378.1,472.7,22.6,495.3,20.17,24.56,0.99543,0.675,14.20,25.17,14,2
9.916,hall_mission,9x4.5,pi5,-0.009,0.006,-1.753,0.012,-0.002,-0.173,0.173,0.03,0.14,89.65,0.4686,0.4682,0.4684,0.4687,8223,28.150,717.6,378.0,472.5,22.6,495.1,20.16,24.56,0.99538,0.681,14.20,25.17,14,2
9.968,hall_mission,9x4.5,pi5,-0.008,0.006,-1.760,0.012,-0.003,-0.167,0.167,0.04,0.13,89.65,0.4680,0.4685,0.4683,0.4685,8221,28.135,717.2,377.7,472.1,22.6,494.7,20.14,24.56,0.99534,0.688,14.21,25.16,14,2
10.016,hall_mission,9x4.5,pi5,-0.007,0.005,-1.772,0.011,-0.005,-0.158,0.159,0.04,0.12,89.66,0.4678,0.4685,0.4686,0.4679,8219,28.122,716.9,377.4,471.8,22.6,494.4,20.13,24.56,0.99529,0.695,14.22,25.16,14,2
10.068,hall_mission,9x4.5,pi5,-0.006,0.004,-1.780,0.011,-0.005,-0.153,0.153,0.04,0.11,89.67,0.4685,0.4675,0.4682,0.4681,8217,28.110,716.6,377.2,471.5,22.6,494.1,20.12,24.56,0.99524,0.702,14.23,25.16,14,2
10.116,hall_mission,9x4.5,pi5,-0.005,0.004,-1.789,0.011,-0.006,-0.145,0.146,0.04,0.09,89.68,0.4681,0.4680,0.4684,0.4679,8218,28.112,716.7,377.2,471.5,22.6,494.1,20.12,24.56,0.99520,0.709,14.23,25.16,14,2
10.168,hall_mission,9x4.5,pi5,-0.004,0.003,-1.795,0.010,-0.007,-0.140,0.141,0.04,0.08,89.68,0.4679,0.4684,0.4682,0.4682,8218,28.118,716.8,377.3,471.7,22.6,494.3,20.13,24.56,0.99515,0.716,14.22,25.16,14,2
10.216,hall_mission,9x4.5,pi5,-0.003,0.002,-1.805,0.009,-0.007,-0.132,0.133,0.05,0.07,89.69,0.4687,0.4676,0.4684,0.4680,8219,28.120,716.8,377.4,471.7,22.6,494.3,20.13,24.56,0.99511,0.722,14.22,25.16,14,2
10.268,hall_mission,9x4.5,pi5,-0.003,0.001,-1.811,0.009,-0.008,-0.128,0.128,0.05,0.06,89.70,0.4684,0.4680,0.4680,0.4685,8220,28.126,717.0,377.5,471.9,22.6,494.5,20.14,24.55,0.99506,0.730,14.21,25.16,14,2
10.316,hall_mission,9x4.5,pi5,-0.002,0.000,-1.818,0.008,-0.008,-0.121,0.122,0.06,0.04,89.71,0.4685,0.4681,0.4681,0.4686,8221,28.133,717.2,377.6,472.1,22.6,494.7,20.15,24.55,0.99501,0.736,14.21,25.16,14,2
10.368,hall_mission,9x4.5,pi5,-0.002,-0.000,-1.823,0.008,-0.008,-0.117,0.118,0.06,0.04,89.71,0.4683,0.4687,0.4685,0.4684,8223,28.149,717.6,378.0,472.4,22.6,495.0,20.16,24.55,0.99496,0.743,14.19,25.16,14,2
10.416,hall_mission,9x4.5,pi5,-0.001,-0.001,-1.831,0.007,-0.008,-0.112,0.113,0.06,0.02,89.72,0.4496,0.5155,0.4469,0.5063,8384,29.349,748.2,404.2,505.2,22.6,527.8,21.53,24.51,0.99492,0.750,13.29,25.16,14,2
10.468,hall_mission,9x4.5,pi5,-0.001,-0.002,-1.835,0.007,-0.007,-0.126,0.126,0.09,-0.44,89.73,0.4875,0.4893,0.4628,0.4597,8315,28.802,734.2,391.5,489.4,22.6,512.0,20.87,24.53,0.99487,0.758,13.71,25.16,14,2
10.516,hall_mission,9x4.5,pi5,-0.000,-0.002,-1.843,0.006,0.006,-0.141,0.141,0.18,-2.61,89.79,0.4953,0.4866,0.4549,0.4471,8259,28.435,724.9,384.5,480.6,22.6,503.2,20.50,24.54,0.99482,0.764,13.96,25.16,14,2
10.568,hall_mission,9x4.5,pi5,0.000,-0.002,-1.849,0.005,0.027,-0.144,0.146,0.25,-4.23,89.87,0.4955,0.4846,0.4542,0.4395,8223,28.193,718.7,379.7,474.7,22.6,497.3,20.26,24.55,0.99477,0.772,14.13,25.16,14,2
10.616,hall_mission,9x4.5,pi5,0.001,0.001,-1.859,0.003,0.081,-0.138,0.160,0.33,-6.32,90.09,0.4930,0.4800,0.4532,0.4418,8202,28.039,714.8,376.5,470.6,22.6,493.2,20.09,24.55,0.99473,0.778,14.24,25.16,14,2
10.668,hall_mission,9x4.5,pi5,0.001,0.006,-1.865,0.001,0.124,-0.131,0.180,0.37,-7.37,90.30,0.4865,0.4762,0.4567,0.4463,8193,27.967,713.0,374.7,468.4,22.6,491.0,20.00,24.56,0.99468,0.785,14.31,25.16,14,2
10.716,hall_mission,9x4.5,pi5,0.002,0.015,-1.872,-0.002,0.190,-0.118,0.224,0.39,-8.43,90.69,0.4802,0.4720,0.4608,0.4528,8193,27.957,712.7,374.3,467.9,22.6,490.5,19.97,24.56,0.99463,0.792,14.32,25.16,14,2
10.768,hall_mission,9x4.5,pi5,0.002,0.024,-1.877,-0.004,0.240,-0.108,0.263,0.38,-8.86,91.00,0.4735,0.4676,0.4658,0.4606,8200,27.992,713.6,374.8,468.5,22.6,491.1,20.00,24.55,0.99459,0.799,14.30,25.16,14,2
10.816,hall_mission,9x4.5,pi5,0.003,0.044,-1.884,-0.008,0.321,-0.093,0.334,0.34,-9.17,91.48,0.4675,0.4645,0.4713,0.4665,8208,28.049,715.1,376.0,469.9,22.6,492.5,20.06,24.55,0.99454,0.806,14.26,25.16,14,2
10.868,hall_mission,9x4.5,pi5,0.003,0.060,-1.888,-0.010,0.371,-0.085,0.380,0.31,-9.21,91.81,0.4633,0.4610,0.4758,0.4728,8219,28.127,717.0,377.6,472.0,22.6,494.6,20.15,24.55,0.99449,0.813,14.20,25.16,14,2
10.916,hall_mission,9x4.5,pi5,0.003,0.086,-1.892,-0.014,0.437,-0.075,0.444,0.26,-9.09,92.25,0.4602,0.4587,0.4788,0.4776,8228,28.192,718.7,379.0,473.7,22.6,496.3,20.22,24.55,0.99445,0.819,14.15,25.16,14,2
10.968,hall_mission,9x4.5,pi5,0.004,0.107,-1.895,-0.016,0.482,-0.069,0.487,0.23,-8.92,92.51,0.4576,0.4576,0.4811,0.4809,8235,28.241,720.0,380.1,475.1,22.6,497.7,20.28,24.55,0.99440,0.826,14.10,25.16,14,2
11.016,hall_mission,9x4.5,pi5,0.004,0.145,-1.898,-0.020,0.547,-0.061,0.551,0.18,-8.60,92.83,0.4560,0.4578,0.4825,0.4823,8240,28.281,721.0,380.9,476.1,22.6,498.7,20.32,24.54,0.99435,0.833,14.07,25.16,14,2
11.068,hall_mission,9x4.5,pi5,0.003,0.170,-1.901,-0.022,0.584,-0.057,0.588,0.16,-8.36,92.99,0.4565,0.4580,0.4828,0.4828,8246,28.319,721.9,381.7,477.1,22.6,499.7,20.36,24.54,0.99430,0.840,14.04,25.16,14,2
11.116,hall_mission,9x4.5,pi5,0.003,0.209,-1.903,-0.024,0.631,-0.053,0.634,0.14,-7.98,93.16,0.4575,0.4591,0.4817,0.4828,8249,28.339,722.4,382.0,477.5,22.6,500.1,20.38,24.54,0.99426,0.847,14.03,25.16,14,2
11.168,hall_mission,9x4.5,pi5,0.003,0.238,-1.905,-0.025,0.661,-0.051,0.664,0.13,-7.72,93.21,0.4598,0.4604,0.4800,0.4815,8251,28.350,722.7,382.2,477.7,22.6,500.3,20.39,24.54,0.99421,0.854,14.02,25.16,14,2
11.216,hall_mission,9x4.5,pi5,0.003,0.286,-1.908,-0.026,0.703,-0.048,0.705,0.14,-7.35,93.21,0.4607,0.4633,0.4778,0.4798,8251,28.346,722.6,382.1,477.6,22.6,500.2,20.38,24.54,0.99416,0.861,14.03,25.16,14,2
11.268,hall_mission,9x4.5,pi5,0.003,0.318,-1.909,-0.027,0.726,-0.047,0.728,0.14,-7.12,93.18,0.4632,0.4655,0.4755,0.4772,8250,28.340,722.5,381.9,477.3,22.6,499.9,20.37,24.54,0.99412,0.868,14.03,25.16,14,2
11.316,hall_mission,9x4.5,pi5,0.003,0.363,-1.911,-0.027,0.753,-0.046,0.755,0.16,-6.80,93.07,0.4655,0.4677,0.4733,0.4746,8249,28.329,722.2,381.6,477.0,22.6,499.6,20.36,24.54,0.99407,0.875,14.04,25.16,14,2
11.360,hall_mission,9x4.5,pi5,0.003,0.395,-1.913,-0.027,0.770,-0.045,0.772,0.17,-6.62,92.98,0.4671,0.4700,0.4711,0.4727,8248,28.323,722.0,381.5,476.8,22.6,499.4,20.35,24.54,0.99403,0.881,14.05,25.16,14,2
11.412,hall_mission,9x4.5,pi5,0.003,0.449,-1.915,-0.026,0.793,-0.045,0.795,0.21,-6.36,92.82,0.4696,0.4717,0.4688,0.4705,8247,28.316,721.9,381.3,476.7,22.6,499.3,20.35,24.54,0.99398,0.888,14.05,25.16,14,2
11.460,hall_mission,9x4.5,pi5,0.004,0.482,-1.916,-0.026,0.805,-0.044,0.806,0.23,-6.22,92.70,0.4715,0.4733,0.4667,0.4691,8247,28.313,721.8,381.3,476.6,22.6,499.2,20.34,24.54,0.99393,0.895,14.05,25.16,14,2
11.512,hall_mission,9x4.5,pi5,0.005,0.530,-1.918,-0.025,0.819,-0.043,0.820,0.26,-6.03,92.52,0.4727,0.4750,0.4657,0.4668,8246,28.308,721.7,381.2,476.5,22.6,499.1,20.34,24.54,0.99389,0.902,14.05,25.16,14,2
11.560,hall_mission,9x4.5,pi5,0.005,0.564,-1.920,-0.025,0.827,-0.043,0.829,0.29,-5.93,92.42,0.4739,0.4757,0.4640,0.4663,8245,28.302,721.5,381.1,476.4,22.6,499.0,20.33,24.54,0.99384,0.909,14.05,25.16,14,2
11.612,hall_mission,9x4.5,pi5,0.006,0.619,-1.923,-0.024,0.839,-0.042,0.840,0.32,-5.80,92.30,0.4743,0.4761,0.4638,0.4650,8242,28.284,721.0,380.7,475.9,22.6,498.5,20.32,24.54,0.99379,0.916,14.07,25.16,14,2
11.660,hall_mission,9x4.5,pi5,0.007,0.654,-1.924,-0.024,0.845,-0.042,0.846,0.34,-5.74,92.23,0.4741,0.4765,0.4630,0.4653,8241,28.273,720.8,380.5,475.6,22.6,498.2,20.30,24.54,0.99375,0.922,14.07,25.16,14,2
11.712,hall_mission,9x4.5,pi5,0.008,0.702,-1.927,-0.024,0.852,-0.041,0.853,0.36,-5.66,92.18,0.4745,0.4755,0.4638,0.4647,8240,28.267,720.6,380.4,475.5,22.6,498.1,20.30,24.54,0.99370,0.930,14.08,25.16,14,2
11.760,hall_mission,9x4.5,pi5,0.009,0.736,-1.928,-0.024,0.856,-0.040,0.857,0.38,-5.61,92.16,0.4734,0.4753,0.4641,0.4655,8239,28.262,720.5,380.3,475.4,22.6,498.0,20.29,24.54,0.99365,0.936,14.08,25.16,14,2
11.812,hall_mission,9x4.5,pi5,0.010,0.791,-1.931,-0.024,0.862,-0.039,0.863,0.39,-5.56,92.18,0.4725,0.4744,0.4644,0.4667,8238,28.253,720.3,380.1,475.1,22.6,497.7,20.28,24.54,0.99360,0.944,14.09,25.16,14,2
11.860,hall_mission,9x4.5,pi5,0.011,0.825,-1.933,-0.024,0.864,-0.038,0.865,0.40,-5.54,92.21,0.4720,0.4729,0.4654,0.4675,8237,28.249,720.1,380.0,475.0,22.6,497.6,20.28,24.54,0.99356,0.950,14.09,25.16,14,2
11.912,hall_mission,9x4.5,pi5,0.012,0.872,-1.935,-0.024,0.867,-0.037,0.868,0.41,-5.52,92.28,0.4703,0.4724,0.4671,0.4679,8237,28.246,720.1,379.9,474.9,22.6,497.5,20.28,24.54,0.99351,0.957,14.09,25.16,14,2
11.960,hall_mission,9x4.5,pi5,0.013,0.906,-1.936,-0.024,0.868,-0.036,0.869,0.41,-5.51,92.33,0.4693,0.4714,0.4681,0.4690,8237,28.245,720.1,379.9,474.9,22.6,497.5,20.27,24.54,0.99347,0.964,14.09,25.15,14,2
12.012,hall_mission,9x4.5,pi5,0.014,0.959,-1.938,-0.025,0.870,-0.035,0.871,0.41,-5.52,92.43,0.4683,0.4704,0.4691,0.4700,8237,28.246,720.1,379.9,474.9,22.6,497.5,20.28,24.54,0.99342,0.971,14.09,25.15,14,2
12.060,hall_mission,9x4.5,pi5,0.014,0.992,-1.940,-0.025,0.871,-0.034,0.872,0.41,-5.52,92.50,0.4677,0.4693,0.4699,0.4709,8237,28.245,720.0,379.9,474.9,22.6,497.5,20.27,24.54,0.99337,0.978,14.09,25.15,14,2
12.112,hall_mission,9x4.5,pi5,0.015,1.038,-1.942,-0.026,0.872,-0.033,0.873,0.40,-5.54,92.61,0.4666,0.4687,0.4707,0.4716,8236,28.239,719.9,379.8,474.7,22.6,497.3,20.27,24.54,0.99332,0.985,14.09,25.15,14,2
12.160,hall_mission,9x4.5,pi5,0.015,1.071,-1.943,-0.027,0.873,-0.033,0.874,0.40,-5.55,92.69,0.4665,0.4676,0.4707,0.4726,8235,28.234,719.8,379.7,474.6,22.6,497.2,20.26,24.54,0.99328,0.992,14.09,25.15,14,2
12.212,hall_mission,9x4.5,pi5,0.016,1.124,-1.946,-0.028,0.875,-0.031,0.876,0.39,-5.58,92.80,0.4657,0.4672,0.4711,0.4727,8234,28.222,719.5,379.4,474.3,22.6,496.9,20.25,24.54,0.99323,0.999,14.10,25.15,14,2
12.260,hall_mission,9x4.5,pi5,0.016,1.157,-1.948,-0.028,0.876,-0.030,0.876,0.38,-5.60,92.87,0.4652,0.4672,0.4717,0.4726,8233,28.217,719.3,379.3,474.2,22.6,496.8,20.25,24.54,0.99318,1.005,14.10,25.15,14,2
12.312,hall_mission,9x4.5,pi5,0.015,1.203,-1.950,-0.030,0.877,-0.029,0.878,0.38,-5.63,92.99,0.4651,0.4666,0.4717,0.4728,8232,28.210,719.1,379.2,474.0,22.6,496.6,20.24,24.54,0.99313,1.013,14.11,25.15,14,2
12.360,hall_mission,9x4.5,pi5,0.014,1.236,-1.952,-0.031,0.878,-0.028,0.879,0.36,-5.65,93.06,0.4566,0.4409,0.4835,0.4959,8234,28.266,720.6,381.1,476.4,22.6,499.0,20.34,24.53,0.99309,1.019,14.04,25.15,14,2
12.412,hall_mission,9x4.5,pi5,0.012,1.288,-1.954,-0.033,0.880,-0.032,0.881,0.08,-5.68,93.12,0.4054,0.4087,0.5269,0.5317,8219,28.448,725.2,390.6,488.2,22.6,510.8,20.83,24.52,0.99304,1.027,13.70,25.15,14,2
12.460,hall_mission,9x4.5,pi5,0.011,1.321,-1.956,-0.031,0.882,-0.039,0.883,-0.28,-5.66,93.02,0.3817,0.3850,0.5489,0.5489,8189,28.517,727.0,397.3,496.7,22.6,519.3,21.19,24.51,0.99299,1.034,13.47,25.15,14,2
12.512,hall_mission,9x4.5,pi5,0.009,1.367,-1.960,-0.025,0.884,-0.047,0.886,-0.80,-5.64,92.54,0.3745,0.3812,0.5516,0.5494,8160,28.375,723.4,395.5,494.3,22.6,516.9,21.09,24.51,0.99294,1.041,13.53,25.15,14,2
12.560,hall_mission,9x4.5,pi5,0.008,1.400,-1.962,-0.018,0.886,-0.050,0.887,-1.07,-5.62,91.97,0.3834,0.3894,0.5406,0.5387,8144,28.124,717.0,387.7,484.6,22.6,507.2,20.68,24.52,0.99290,1.048,13.80,25.15,14,2
12.612,hall_mission,9x4.5,pi5,0.007,1.454,-1.967,-0.003,0.887,-0.048,0.888,-1.30,-5.63,90.75,0.4021,0.4069,0.5202,0.5205,8136,27.849,709.9,377.8,472.2,22.6,494.8,20.17,24.54,0.99285,1.055,14.15,25.15,14,2
12.660,hall_mission,9x4.5,pi5,0.007,1.487,-1.969,0.008,0.888,-0.045,0.889,-1.35,-5.64,89.75,0.4227,0.4278,0.5003,0.4990,8136,27.675,705.5,370.9,463.6,22.6,486.2,19.81,24.55,0.99280,1.061,14.41,25.15,14,2
12.712,hall_mission,9x4.5,pi5,0.007,1.534,-1.973,0.023,0.888,-0.039,0.890,-1.31,-5.69,88.07,0.4468,0.4503,0.4773,0.4771,8142,27.615,704.0,367.6,459.5,22.6,482.1,19.64,24.55,0.99276,1.068,14.53,25.15,14,2
12.760,hall_mission,9x4.5,pi5,0.009,1.568,-1.976,0.034,0.889,-0.033,0.890,-1.23,-5.73,86.88,0.4672,0.4701,0.4589,0.4578,8151,27.663,705.2,368.3,460.3,22.6,482.9,19.67,24.55,0.99271,1.075,14.51,25.15,14,2
12.812,hall_mission,9x4.5,pi5,0.012,1.622,-1.980,0.051,0.889,-0.025,0.891,-1.05,-5.79,85.12,0.4860,0.4881,0.4412,0.4418,8162,27.779,708.2,371.4,464.3,22.6,486.9,19.84,24.54,0.99266,1.082,14.38,25.15,14,2
12.860,hall_mission,9x4.5,pi5,0.014,1.656,-1.982,0.062,0.890,-0.021,0.892,-0.91,-5.82,84.00,0.4993,0.5009,0.4292,0.4295,8169,27.888,711.0,374.9,468.6,22.6,491.2,20.02,24.54,0.99262,1.088,14.25,25.15,14,2
12.912,hall_mission,9x4.5,pi5,0.019,1.704,-1.984,0.075,0.890,-0.016,0.894,-0.68,-5.87,82.49,0.5089,0.5104,0.4203,0.4206,8173,27.985,713.4,378.1,472.7,22.6,495.3,20.19,24.53,0.99257,1.096,14.13,25.15,14,2
12.960,hall_mission,9x4.5,pi5,0.022,1.738,-1.985,0.084,0.891,-0.014,0.895,-0.53,-5.89,81.62,0.5270,0.5383,0.4077,0.3894,8182,28.265,720.6,388.2,485.3,22.6,507.9,20.72,24.52,0.99253,1.102,13.77,25.15,14,2
13.012,hall_mission,9x4.5,pi5,0.029,1.792,-1.987,0.096,0.893,-0.019,0.899,-0.06,-5.93,80.59,0.5722,0.5771,0.3535,0.3542,8161,28.796,734.1,412.2,515.2,22.6,537.8,21.97,24.48,0.99247,1.110,12.98,25.15,14,2
13.060,hall_mission,9x4.5,pi5,0.034,1.826,-1.989,0.101,0.896,-0.031,0.902,0.42,-5.91,80.21,0.5925,0.5916,0.3281,0.3320,8115,28.918,737.2,423.0,528.7,22.6,551.3,22.54,24.46,0.99242,1.117,12.66,25.15,14,2
13.112,hall_mission,9x4.5,pi5,0.040,1.874,-1.992,0.101,0.900,-0.047,0.907,1.09,-5.85,80.20,0.5893,0.5874,0.3247,0.3300,8069,28.594,728.9,416.0,520.0,22.6,542.6,22.17,24.47,0.99237,1.125,12.87,25.15,14,2
13.160,hall_mission,9x4.5,pi5,0.045,1.909,-1.994,0.098,0.903,-0.053,0.910,1.44,-5.81,80.60,0.5707,0.5712,0.3375,0.3436,8039,28.062,715.4,398.8,498.5,22.6,521.1,21.27,24.50,0.99232,1.132,13.41,25.15,14,2
13.212,hall_mission,9x4.5,pi5,0.052,1.965,-1.998,0.088,0.907,-0.052,0.912,1.75,-5.78,81.72,0.5442,0.5443,0.3635,0.3681,8028,27.525,701.7,379.1,473.8,22.6,496.4,20.24,24.53,0.99227,1.139,14.09,25.15,14,2
13.260,hall_mission,9x4.5,pi5,0.056,2.000,-2.000,0.080,0.908,-0.046,0.913,1.85,-5.78,82.76,0.5175,0.5168,0.3915,0.3971,8038,27.228,694.1,366.0,457.6,22.6,480.2,19.56,24.55,0.99223,1.146,14.58,25.15,14,2
13.312,hall_mission,9x4.5,pi5,0.060,2.049,-2.002,0.067,0.909,-0.033,0.913,1.85,-5.82,84.61,0.4880,0.4889,0.4251,0.4279,8064,27.153,692.2,359.7,449.7,22.6,472.3,19.23,24.56,0.99218,1.153,14.83,25.15,14,2
13.360,hall_mission,9x4.5,pi5,0.062,2.084,-2.003,0.058,0.910,-0.022,0.912,1.79,-5.86,85.95,0.4647,0.4650,0.4533,0.4556,8095,27.282,695.5,360.7,450.8,22.6,473.4,19.28,24.56,0.99214,1.159,14.79,25.15,14,2
13.412,hall_mission,9x4.5,pi5,0.065,2.141,-2.004,0.042,0.911,-0.006,0.912,1.61,-5.93,87.99,0.4433,0.4437,0.4803,0.4808,8130,27.544,702.2,366.4,458.0,22.6,480.6,19.58,24.55,0.99209,1.166,14.56,25.15,14,2
13.460,hall_mission,9x4.5,pi5,0.066,2.176,-2.003,0.033,0.912,0.001,0.913,1.47,-5.98,89.30,0.4275,0.4284,0.4984,0.5004,8154,27.787,708.4,372.9,466.1,22.6,488.7,19.92,24.54,0.99205,1.172,14.31,25.15,14,2
13.512,hall_mission,9x4.5,pi5,0.067,2.226,-2.002,0.020,0.915,0.007,0.915,1.24,-6.05,91.11,0.4151,0.4169,0.5133,0.5137,8169,27.989,713.5,378.9,473.6,22.6,496.2,20.23,24.53,0.99200,1.180,14.09,25.15,14,2
13.560,hall_mission,9x4.5,pi5,0.068,2.262,-2.002,0.012,0.916,0.009,0.917,1.09,-6.08,92.16,0.4086,0.4104,0.5207,0.5218,8178,28.116,716.8,382.7,478.4,22.6,501.0,20.43,24.52,0.99195,1.186,13.95,25.15,14,2
13.612,hall_mission,9x4.5,pi5,0.067,2.320,-2.000,0.000,0.920,0.010,0.920,0.87,-6.12,93.47,0.4047,0.4210,0.5275,0.5126,8194,28.206,719.0,384.2,480.3,22.6,502.9,20.51,24.52,0.99191,1.193,13.90,25.15,14,2
13.660,hall_mission,9x4.5,pi5,0.066,2.356,-1.999,-0.007,0.922,0.009,0.922,0.82,-6.13,94.17,0.4515,0.4545,0.4794,0.4800,8192,27.954,712.6,374.4,467.9,22.6,490.5,20.00,24.53,0.99186,1.200,14.26,25.15,14,2
13.712,hall_mission,9x4.5,pi5,0.065,2.407,-1.998,-0.017,0.924,0.005,0.925,1.17,-6.10,95.08,0.4927,0.4934,0.4380,0.4395,8186,27.959,712.8,375.4,469.3,22.6,491.9,20.05,24.53,0.99181,1.207,14.22,25.15,14,2
13.760,hall_mission,9x4.5,pi5,0.064,2.443,-1.998,-0.027,0.926,0.003,0.926,1.46,-6.08,95.71,0.5106,0.5109,0.4166,0.4236,8179,28.028,714.5,379.1,473.9,22.6,496.5,20.25,24.52,0.99177,1.214,14.08,25.15,14,2
13.812,hall_mission,9x4.5,pi5,0.061,2.502,-1.997,-0.047,0.926,0.002,0.927,1.81,-6.06,96.83,0.5138,0.5131,0.4157,0.4193,8179,28.053,715.2,380.1,475.1,22.6,497.7,20.30,24.52,0.99172,1.221,14.04,25.15,14,2
13.860,hall_mission,9x4.5,pi5,0.058,2.538,-1.997,-0.061,0.926,0.004,0.928,1.95,-6.06,97.71,0.5066,0.5055,0.4231,0.4284,8186,28.035,714.7,378.5,473.1,22.6,495.7,20.21,24.52,0.99167,1.228,14.10,25.15,14,2
13.912,hall_mission,9x4.5,pi5,0.054,2.588,-1.997,-0.082,0.924,0.006,0.928,2.02,-6.10,99.20,0.4913,0.4924,0.4388,0.4425,8191,27.987,713.5,375.8,469.8,22.6,492.4,20.08,24.53,0.99163,1.235,14.20,25.15,14,2
13.960,hall_mission,9x4.5,pi5,0.050,2.625,-1.996,-0.097,0.923,0.007,0.928,1.98,-6.12,100.27,0.4767,0.4765,0.4553,0.4578,8195,27.970,713.0,374.5,468.2,22.6,490.8,20.01,24.53,0.99158,1.241,14.24,25.14,14,2
14.012,hall_mission,9x4.5,pi5,0.042,2.682,-1.996,-0.121,0.922,0.009,0.929,1.84,-6.18,101.92,0.4592,0.4617,0.4730,0.4739,8201,28.003,713.9,375.1,468.9,22.6,491.5,20.04,24.53,0.99153,1.248,14.22,25.14,14,2
14.056,hall_mission,9x4.5,pi5,0.037,2.719,-1.996,-0.135,0.921,0.009,0.931,1.70,-6.21,103.00,0.4479,0.4485,0.4847,0.4875,8204,28.050,715.1,376.6,470.7,22.6,493.3,20.12,24.53,0.99149,1.254,14.17,25.14,14,2
14.108,hall_mission,9x4.5,pi5,0.031,2.755,-1.995,-0.148,0.920,0.009,0.932,1.55,-6.25,104.03,0.4356,0.4377,0.4970,0.4990,8206,28.119,716.8,379.0,473.7,22.6,496.3,20.24,24.52,0.99144,1.262,14.08,25.14,14,2
14.156,hall_mission,9x4.5,pi5,0.022,2.806,-1.995,-0.165,0.920,0.009,0.935,1.30,-6.28,105.44,0.4281,0.4300,0.5050,0.5063,8207,28.168,718.1,380.9,476.1,22.6,498.7,20.34,24.52,0.99140,1.268,14.01,25.14,14,2
14.208,hall_mission,9x4.5,pi5,0.015,2.843,-1.994,-0.176,0.920,0.008,0.937,1.14,-6.30,106.26,0.4230,0.4255,0.5098,0.5107,8206,28.192,718.7,382.1,477.6,22.6,500.2,20.40,24.52,0.99135,1.275,13.96,25.14,14,2
14.256,hall_mission,9x4.5,pi5,0.002,2.902,-1.995,-0.192,0.921,0.007,0.940,0.92,-6.31,107.27,0.4355,0.4510,0.5004,0.4841,8212,28.134,717.2,378.8,473.5,22.6,496.1,20.23,24.52,0.99130,1.282,14.08,25.14,14,2
14.308,hall_mission,9x4.5,pi5,-0.006,2.939,-1.995,-0.201,0.921,0.005,0.943,0.95,-6.31,107.84,0.4878,0.4938,0.4418,0.4445,8202,28.053,715.2,377.0,471.3,22.6,493.9,20.14,24.52,0.99126,1.289,14.14,25.14,14,2
14.356,hall_mission,9x4.5,pi5,-0.018,2.990,-1.995,-0.216,0.921,-0.001,0.946,1.37,-6.24,108.68,0.5184,0.5176,0.4113,0.4160,8184,28.123,716.9,382.2,477.7,22.6,500.3,20.41,24.51,0.99121,1.296,13.96,25.14,14,2
14.408,hall_mission,9x4.5,pi5,-0.027,3.027,-1.996,-0.229,0.919,-0.005,0.947,1.67,-6.20,109.35,0.5262,0.5264,0.4010,0.4059,8171,28.125,717.0,384.1,480.1,22.6,502.7,20.51,24.51,0.99116,1.303,13.89,25.14,14,2
14.456,hall_mission,9x4.5,pi5,-0.044,3.085,-1.997,-0.252,0.914,-0.006,0.948,1.98,-6.17,110.60,0.5215,0.5196,0.4056,0.4114,8165,28.032,714.6,381.1,476.3,22.6,498.9,20.35,24.52,0.99112,1.310,13.99,25.14,14,2
14.508,hall_mission,9x4.5,pi5,-0.055,3.122,-1.998,-0.268,0.910,-0.005,0.948,2.08,-6.17,111.60,0.5054,0.5062,0.4214,0.4254,8167,27.915,711.6,376.2,470.3,22.6,492.9,20.10,24.52,0.99107,1.317,14.17,25.14,14,2
14.556,hall_mission,9x4.5,pi5,-0.071,3.172,-1.999,-0.291,0.903,-0.002,0.949,2.09,-6.19,113.30,0.4878,0.4887,0.4395,0.4431,8169,27.831,709.5,372.5,465.7,22.6,488.3,19.91,24.53,0.99102,1.323,14.31,25.14,14,2
14.608,hall_mission,9x4.5,pi5,-0.084,3.208,-2.000,-0.307,0.898,-0.000,0.949,2.02,-6.21,114.51,0.4680,0.4692,0.4602,0.4628,8173,27.812,709.0,371.2,464.0,22.6,486.6,19.84,24.53,0.99098,1.330,14.35,25.14,14,2
14.656,hall_mission,9x4.5,pi5,-0.106,3.265,-2.001,-0.333,0.889,0.003,0.949,1.89,-6.25,116.35,0.4820,0.4932,0.4519,0.4381,8191,27.976,713.2,375.3,469.2,22.6,491.8,20.05,24.52,0.99093,1.337,14.20,25.14,14,2
14.704,hall_mission,9x4.5,pi5,-0.121,3.300,-2.001,-0.349,0.884,0.003,0.950,2.03,-6.23,117.59,0.5248,0.5299,0.4028,0.4068,8188,28.240,719.9,386.4,482.9,22.6,505.5,20.63,24.50,0.99088,1.344,13.80,25.14,14,2
14.756,hall_mission,9x4.5,pi5,-0.143,3.349,-2.002,-0.374,0.874,-0.004,0.951,2.50,-6.13,119.64,0.5454,0.5439,0.3792,0.3882,8161,28.293,721.3,392.1,490.2,22.6,512.8,20.93,24.50,0.99083,1.351,13.60,25.14,14,2
14.808,hall_mission,9x4.5,pi5,-0.159,3.384,-2.003,-0.394,0.865,-0.008,0.951,2.78,-6.08,121.20,0.5383,0.5370,0.3850,0.3917,8144,28.098,716.3,386.6,483.3,22.6,505.9,20.64,24.50,0.99078,1.358,13.79,25.14,14,2
14.856,hall_mission,9x4.5,pi5,-0.188,3.439,-2.004,-0.429,0.847,-0.009,0.949,3.00,-6.06,123.85,0.5179,0.5179,0.4032,0.4113,8137,27.835,709.6,377.0,471.2,22.6,493.8,20.14,24.52,0.99074,1.365,14.13,25.14,14,2
14.904,hall_mission,9x4.5,pi5,-0.206,3.473,-2.005,-0.450,0.834,-0.007,0.948,3.01,-6.09,125.78,0.4912,0.4926,0.4313,0.4356,8139,27.652,704.9,369.5,461.8,22.6,484.4,19.75,24.53,0.99070,1.371,14.41,25.14,14,2
14.956,hall_mission,9x4.5,pi5,-0.234,3.518,-2.006,-0.480,0.815,-0.002,0.946,2.85,-6.16,128.82,0.4636,0.4613,0.4609,0.4671,8147,27.632,704.4,367.6,459.5,22.6,482.1,19.65,24.53,0.99065,1.378,14.48,25.14,14,2
15.008,hall_mission,9x4.5,pi5,-0.255,3.550,-2.006,-0.501,0.801,0.002,0.945,2.65,-6.22,130.85,0.4346,0.4362,0.4913,0.4938,8158,27.778,708.1,371.9,464.9,22.6,487.5,19.88,24.53,0.99060,1.385,14.32,25.14,14,2
15.056,hall_mission,9x4.5,pi5,-0.291,3.600,-2.006,-0.533,0.780,0.006,0.944,2.27,-6.31,133.78,0.4146,0.4146,0.5125,0.5162,8165,27.969,713.0,378.7,473.4,22.6,496.0,20.23,24.51,0.99056,1.392,14.07,25.14,14,2
15.108,hall_mission,9x4.5,pi5,-0.314,3.630,-2.006,-0.552,0.767,0.007,0.945,1.99,-6.35,135.59,0.3967,0.3985,0.5309,0.5323,8167,28.157,717.8,385.9,482.4,22.6,505.0,20.61,24.50,0.99051,1.399,13.81,25.14,14,2
15.156,hall_mission,9x4.5,pi5,-0.348,3.671,-2.006,-0.576,0.751,0.005,0.946,1.55,-6.39,138.00,0.3870,0.3878,0.5407,0.5420,8164,28.263,720.5,390.6,488.2,22.6,510.8,20.85,24.49,0.99046,1.406,13.65,25.14,14,2
15.208,hall_mission,9x4.5,pi5,-0.373,3.699,-2.005,-0.592,0.740,0.004,0.948,1.26,-6.40,139.37,0.3808,0.3836,0.5456,0.5460,8158,28.291,721.2,392.5,490.6,22.6,513.2,20.95,24.49,0.99041,1.414,13.58,25.14,14,2
15.256,hall_mission,9x4.5,pi5,-0.415,3.744,-2.005,-0.614,0.725,0.001,0.950,0.87,-6.38,141.05,0.3812,0.3835,0.5442,0.5458,8153,28.254,720.3,391.6,489.5,22.6,512.1,20.91,24.49,0.99036,1.420,13.61,25.14,14,2
15.308,hall_mission,9x4.5,pi5,-0.441,3.771,-2.005,-0.627,0.717,0.000,0.952,0.63,-6.36,141.91,0.3854,0.3888,0.5394,0.5404,8151,28.167,718.1,388.5,485.6,22.6,508.2,20.74,24.50,0.99031,1.428,13.71,25.14,14,2
15.356,hall_mission,9x4.5,pi5,-0.479,3.809,-2.005,-0.641,0.706,-0.000,0.954,0.33,-6.32,142.84,0.3940,0.3949,0.5317,0.5330,8149,28.061,715.3,384.4,480.6,22.6,503.2,20.53,24.50,0.99027,1.434,13.85,25.14,14,2
15.408,hall_mission,9x4.5,pi5,-0.506,3.835,-2.005,-0.651,0.700,0.000,0.955,0.16,-6.29,143.24,0.4032,0.4061,0.5216,0.5226,8149,27.949,712.5,379.9,474.9,22.6,497.5,20.30,24.51,0.99022,1.442,14.01,25.14,14,2
15.456,hall_mission,9x4.5,pi5,-0.549,3.877,-2.006,-0.662,0.691,0.002,0.957,-0.04,-6.26,143.55,0.4337,0.4560,0.4968,0.4702,8161,27.771,708.0,371.3,464.1,22.6,486.7,19.85,24.52,0.99017,1.448,14.33,25.14,14,2
15.508,hall_mission,9x4.5,pi5,-0.577,3.904,-2.006,-0.669,0.687,0.001,0.958,0.10,-6.24,143.63,0.5213,0.5279,0.4017,0.4038,8153,27.999,713.8,381.4,476.8,22.6,499.4,20.38,24.51,0.99013,1.455,13.96,25.14,14,2
15.556,hall_mission,9x4.5,pi5,-0.615,3.941,-2.006,-0.680,0.678,-0.007,0.960,0.84,-6.12,143.87,0.5711,0.5682,0.3510,0.3567,8126,28.505,726.7,405.2,506.5,22.6,529.1,21.63,24.47,0.99008,1.462,13.15,25.14,14,2
15.608,hall_mission,9x4.5,pi5,-0.643,3.967,-2.007,-0.689,0.668,-0.017,0.960,1.36,-6.03,144.28,0.5853,0.5819,0.3309,0.3387,8089,28.593,728.9,413.4,516.8,22.6,539.4,22.06,24.45,0.99002,1.470,12.89,25.14,14,2
15.656,hall_mission,9x4.5,pi5,-0.688,4.008,-2.008,-0.707,0.647,-0.029,0.959,1.94,-5.93,145.42,0.5740,0.5741,0.3371,0.3438,8060,28.239,719.9,403.1,503.8,22.6,526.4,21.51,24.47,0.98998,1.477,13.22,25.14,14,2
15.708,hall_mission,9x4.5,pi5,-0.716,4.033,-2.009,-0.718,0.631,-0.031,0.957,2.19,-5.89,146.53,0.5503,0.5489,0.3587,0.3672,8046,27.713,706.5,384.1,480.2,22.6,502.8,20.52,24.50,0.98993,1.484,13.86,25.14,14,2
15.756,hall_mission,9x4.5,pi5,-0.756,4.067,-2.010,-0.734,0.606,-0.028,0.952,2.35,-5.88,148.65,0.5219,0.5198,0.3883,0.3960,8050,27.338,696.9,368.9,461.1,22.6,483.7,19.72,24.52,0.98988,1.491,14.42,25.14,14,2
15.808,hall_mission,9x4.5,pi5,-0.785,4.090,-2.012,-0.744,0.587,-0.021,0.947,2.31,-5.91,150.29,0.4881,0.4889,0.4253,0.4289,8068,27.182,693.0,360.3,450.4,22.6,473.0,19.28,24.54,0.98984,1.498,14.75,25.14,14,2
15.856,hall_mission,9x4.5,pi5,-0.832,4.126,-2.013,-0.758,0.557,-0.007,0.941,2.09,-5.99,152.91,0.4603,0.4611,0.4564,0.4605,8094,27.277,695.4,360.5,450.7,22.6,473.3,19.29,24.54,0.98979,1.504,14.74,25.14,14,2
15.908,hall_mission,9x4.5,pi5,-0.861,4.147,-2.013,-0.767,0.539,0.001,0.937,1.86,-6.05,154.69,0.4343,0.4359,0.4872,0.4896,8125,27.547,702.3,367.1,458.9,22.6,481.5,19.63,24.53,0.98975,1.511,14.48,25.14,14,2
15.956,hall_mission,9x4.5,pi5,-0.903,4.175,-2.012,-0.778,0.516,0.010,0.933,1.48,-6.14,157.25,0.4088,0.3737,0.5216,0.5516,8157,28.185,718.5,388.3,485.4,22.6,508.0,20.74,24.49,0.98970,1.518,13.71,25.13,14,2
16.008,hall_mission,9x4.5,pi5,-0.933,4.195,-2.012,-0.786,0.501,0.007,0.932,1.00,-6.24,158.79,0.3023,0.3001,0.6204,0.6273,8137,29.839,760.7,457.0,571.2,22.6,593.8,24.35,24.38,0.98964,1.526,11.67,25.13,14,2
16.056,hall_mission,9x4.5,pi5,-0.982,4.225,-2.012,-0.800,0.487,-0.031,0.937,-0.26,-6.24,160.50,0.2420,0.2470,0.6694,0.6653,8041,30.829,785.9,507.5,634.3,22.6,656.9,27.03,24.30,0.98958,1.535,10.52,25.13,14,2
16.104,hall_mission,9x4.5,pi5,-1.013,4.244,-2.013,-0.807,0.486,-0.069,0.945,-1.11,-6.16,161.05,0.2171,0.2276,0.6744,0.6667,7904,30.401,775.0,505.8,632.2,22.6,654.8,26.94,24.30,0.98952,1.544,10.55,25.13,14,2
16.156,hall_mission,9x4.5,pi5,-1.057,4.271,-2.018,-0.812,0.494,-0.113,0.957,-2.14,-5.99,160.87,0.2230,0.2363,0.6455,0.6429,7766,28.865,735.9,461.3,576.7,22.6,599.3,24.59,24.37,0.98946,1.553,11.56,25.13,14,2
16.204,hall_mission,9x4.5,pi5,-1.089,4.290,-2.023,-0.812,0.503,-0.128,0.964,-2.61,-5.89,160.10,0.2520,0.2652,0.6070,0.6063,7703,27.354,697.3,410.7,513.4,22.6,536.0,21.92,24.45,0.98941,1.560,12.97,25.13,14,2
16.256,hall_mission,9x4.5,pi5,-1.139,4.323,-2.031,-0.805,0.521,-0.121,0.966,-3.00,-5.81,158.14,0.2988,0.3097,0.5609,0.5604,7701,26.126,666.0,364.7,455.8,22.6,478.4,19.51,24.53,0.98937,1.567,14.57,25.13,14,2
16.308,hall_mission,9x4.5,pi5,-1.170,4.345,-2.035,-0.797,0.533,-0.099,0.964,-3.08,-5.82,156.42,0.3540,0.3613,0.5158,0.5163,7764,25.645,653.8,339.1,423.8,22.6,446.4,18.17,24.57,0.98932,1.573,15.64,25.13,14,2
16.356,hall_mission,9x4.5,pi5,-1.213,4.376,-2.039,-0.784,0.550,-0.057,0.960,-2.99,-5.93,153.44,0.4042,0.4096,0.4786,0.4785,7850,25.763,656.8,333.1,416.4,22.6,439.0,17.86,24.57,0.98928,1.579,15.91,25.13,14,2
16.408,hall_mission,9x4.5,pi5,-1.243,4.399,-2.040,-0.775,0.562,-0.027,0.957,-2.83,-6.03,151.33,0.4530,0.4570,0.4428,0.4428,7939,26.242,669.0,340.3,425.3,22.6,447.9,18.24,24.56,0.98924,1.585,15.58,25.13,14,2
16.456,hall_mission,9x4.5,pi5,-1.289,4.437,-2.039,-0.759,0.582,0.012,0.957,-2.48,-6.21,148.16,0.4908,0.4936,0.4161,0.4164,8016,26.878,685.2,355.1,443.9,22.6,466.5,19.01,24.54,0.98920,1.592,14.95,25.13,14,2
16.508,hall_mission,9x4.5,pi5,-1.317,4.462,-2.037,-0.751,0.595,0.028,0.958,-2.21,-6.32,146.14,0.5218,0.5237,0.3943,0.3944,8079,27.535,701.9,372.8,465.9,22.6,488.5,19.93,24.51,0.98915,1.599,14.25,25.13,14,2
16.556,hall_mission,9x4.5,pi5,-1.357,4.498,-2.033,-0.742,0.612,0.040,0.962,-1.78,-6.46,143.41,0.5405,0.5420,0.3805,0.3802,8112,27.958,712.7,385.3,481.6,22.6,504.2,20.59,24.49,0.98910,1.605,13.80,25.13,14,2
16.608,hall_mission,9x4.5,pi5,-1.384,4.524,-2.030,-0.736,0.624,0.042,0.966,-1.51,-6.52,141.83,0.5511,0.5525,0.3717,0.3725,8128,28.211,719.2,393.2,491.5,22.6,514.1,21.00,24.48,0.98905,1.613,13.53,25.13,14,2
16.656,hall_mission,9x4.5,pi5,-1.428,4.566,-2.024,-0.729,0.642,0.041,0.972,-1.12,-6.58,139.89,0.5535,0.5553,0.3705,0.3705,8136,28.296,721.4,395.6,494.5,22.6,517.1,21.13,24.47,0.98901,1.620,13.44,25.13,14,2
16.708,hall_mission,9x4.5,pi5,-1.455,4.594,-2.021,-0.725,0.652,0.039,0.976,-0.89,-6.59,138.90,0.5510,0.5514,0.3745,0.3746,8141,28.275,720.8,394.0,492.5,22.6,515.1,21.05,24.48,0.98896,1.627,13.50,25.13,14,2
16.756,hall_mission,9x4.5,pi5,-1.493,4.633,-2.017,-0.721,0.664,0.037,0.981,-0.60,-6.59,137.83,0.5430,0.5448,0.3815,0.3831,8145,28.189,718.6,390.1,487.6,22.6,510.2,20.84,24.48,0.98891,1.634,13.63,25.13,14,2
16.804,hall_mission,9x4.5,pi5,-1.520,4.661,-2.015,-0.718,0.672,0.035,0.984,-0.44,-6.57,137.39,0.5329,0.5345,0.3917,0.3942,8148,28.075,715.7,385.1,481.3,22.6,503.9,20.58,24.49,0.98886,1.641,13.80,25.13,14,2
16.856,hall_mission,9x4.5,pi5,-1.563,4.706,-2.011,-0.715,0.682,0.033,0.989,-0.26,-6.55,137.07,0.5121,0.4991,0.4152,0.4298,8159,27.866,710.4,375.4,469.2,22.6,491.8,20.07,24.50,0.98882,1.648,14.15,25.13,14,2
16.908,hall_mission,9x4.5,pi5,-1.590,4.735,-2.009,-0.714,0.688,0.032,0.992,-0.31,-6.53,137.03,0.4531,0.4564,0.4717,0.4762,8163,27.751,707.4,370.1,462.7,22.6,485.3,19.80,24.51,0.98877,1.655,14.34,25.13,14,2
16.956,hall_mission,9x4.5,pi5,-1.628,4.775,-2.007,-0.710,0.697,0.030,0.995,-0.69,-6.48,137.03,0.4205,0.4245,0.5075,0.5054,8165,27.909,711.5,376.2,470.3,22.6,492.9,20.12,24.50,0.98872,1.661,14.12,25.13,14,2
17.008,hall_mission,9x4.5,pi5,-1.655,4.804,-2.005,-0.706,0.704,0.029,0.998,-0.96,-6.45,136.95,0.4047,0.4090,0.5227,0.5221,8167,28.061,715.4,382.0,477.5,22.6,500.1,20.42,24.49,0.98867,1.669,13.90,25.13,14,2
17.056,hall_mission,9x4.5,pi5,-1.697,4.851,-2.003,-0.697,0.717,0.027,1.001,-1.28,-6.42,136.60,0.4027,0.4088,0.5238,0.5242,8171,28.100,716.4,383.1,478.8,22.6,501.4,20.47,24.49,0.98863,1.675,13.87,25.13,14,2
17.108,hall_mission,9x4.5,pi5,-1.724,4.881,-2.001,-0.690,0.726,0.028,1.002,-1.40,-6.41,136.19,0.4119,0.4169,0.5168,0.5168,8181,28.091,716.1,381.4,476.7,22.6,499.3,20.39,24.49,0.98858,1.682,13.93,25.13,14,2
17.156,hall_mission,9x4.5,pi5,-1.760,4.923,-1.999,-0.680,0.739,0.028,1.004,-1.46,-6.41,135.33,0.4252,0.4292,0.5051,0.5045,8187,28.037,714.8,378.3,472.9,22.6,495.5,20.23,24.50,0.98853,1.689,14.03,25.13,14,2
17.204,hall_mission,9x4.5,pi5,-1.785,4.953,-1.998,-0.672,0.747,0.028,1.005,-1.43,-6.42,134.63,0.4406,0.4436,0.4903,0.4910,8193,27.994,713.6,375.9,469.8,22.6,492.4,20.10,24.50,0.98849,1.696,14.12,25.13,14,2
17.256,hall_mission,9x4.5,pi5,-1.825,5.001,-1.996,-0.659,0.760,0.028,1.006,-1.30,-6.44,133.45,0.4565,0.4600,0.4752,0.4752,8198,27.983,713.4,374.7,468.4,22.6,491.0,20.04,24.50,0.98844,1.703,14.16,25.13,14,2
17.308,hall_mission,9x4.5,pi5,-1.850,5.032,-1.995,-0.651,0.768,0.028,1.007,-1.19,-6.46,132.63,0.4716,0.4744,0.4609,0.4616,8204,28.020,714.3,375.4,469.3,22.6,491.9,20.08,24.50,0.98839,1.710,14.14,25.13,14,2
17.356,hall_mission,9x4.5,pi5,-1.883,5.076,-1.994,-0.641,0.778,0.027,1.009,-0.98,-6.49,131.41,0.4827,0.4858,0.4502,0.4510,8208,28.070,715.6,376.9,471.1,22.6,493.7,20.15,24.50,0.98835,1.716,14.08,25.13,14,2
17.408,hall_mission,9x4.5,pi5,-1.907,5.107,-1.993,-0.635,0.785,0.027,1.010,-0.83,-6.51,130.65,0.4925,0.4944,0.4415,0.4421,8211,28.123,716.9,378.6,473.3,22.6,495.9,20.24,24.49,0.98830,1.724,14.02,25.13,14,2
17.456,hall_mission,9x4.5,pi5,-1.945,5.157,-1.992,-0.626,0.794,0.025,1.011,-0.61,-6.54,129.61,0.4984,0.4997,0.4358,0.4371,8213,28.164,718.0,380.0,475.0,22.6,497.6,20.32,24.49,0.98825,1.730,13.97,25.13,14,2
17.508,hall_mission,9x4.5,pi5,-1.968,5.189,-1.991,-0.621,0.799,0.024,1.012,-0.47,-6.55,129.02,0.5014,0.5029,0.4330,0.4341,8214,28.192,718.7,380.9,476.1,22.6,498.7,20.36,24.49,0.98821,1.737,13.93,25.13,14,2
17.556,hall_mission,9x4.5,pi5,-2.000,5.233,-1.990,-0.615,0.804,0.023,1.013,-0.28,-6.57,128.28,0.5019,0.5034,0.4324,0.4341,8215,28.202,719.0,381.1,476.4,22.6,499.0,20.38,24.49,0.98816,1.744,13.92,25.13,14,2
17.604,hall_mission,9x4.5,pi5,-2.023,5.265,-1.990,-0.611,0.808,0.022,1.013,-0.17,-6.57,127.90,0.5005,0.5022,0.4344,0.4351,8216,28.201,718.9,381.0,476.2,22.6,498.8,20.37,24.49,0.98811,1.751,13.93,25.13,14,2
17.656,hall_mission,9x4.5,pi5,-2.060,5.315,-1.990,-0.607,0.812,0.021,1.014,-0.04,-6.59,127.50,0.4974,0.4988,0.4372,0.4386,8216,28.183,718.5,380.2,475.3,22.6,497.9,20.33,24.49,0.98807,1.758,13.95,25.13,14,2
17.708,hall_mission,9x4.5,pi5,-2.083,5.347,-1.990,-0.605,0.815,0.020,1.015,0.04,-6.60,127.32,0.4938,0.4748,0.4427,0.4617,8220,28.156,717.8,378.7,473.4,22.6,496.0,20.25,24.49,0.98802,1.765,14.01,25.13,14,2
17.756,hall_mission,9x4.5,pi5,-2.115,5.391,-1.990,-0.603,0.817,0.017,1.016,-0.01,-6.62,127.17,0.4377,0.4403,0.4955,0.4973,8211,28.142,717.4,379.3,474.1,22.6,496.7,20.28,24.49,0.98797,1.772,13.99,25.13,14,2
17.808,hall_mission,9x4.5,pi5,-2.139,5.422,-1.990,-0.601,0.820,0.012,1.017,-0.32,-6.60,127.04,0.3995,0.4021,0.5325,0.5310,8191,28.306,721.6,388.6,485.8,22.6,508.4,20.77,24.48,0.98792,1.779,13.66,25.13,14,2
17.856,hall_mission,9x4.5,pi5,-2.176,5.473,-1.991,-0.594,0.827,0.001,1.019,-0.85,-6.56,126.63,0.3822,0.3901,0.5436,0.5428,8168,28.311,721.7,392.0,490.0,22.6,512.6,20.95,24.47,0.98788,1.786,13.54,25.13,14,2
17.908,hall_mission,9x4.5,pi5,-2.199,5.505,-1.992,-0.587,0.833,-0.003,1.020,-1.13,-6.54,126.14,0.3854,0.3906,0.5396,0.5381,8150,28.150,717.6,387.9,484.8,22.6,507.4,20.73,24.48,0.98783,1.793,13.68,25.13,14,2
17.956,hall_mission,9x4.5,pi5,-2.231,5.551,-1.994,-0.575,0.843,-0.004,1.020,-1.39,-6.52,125.06,0.3973,0.4038,0.5264,0.5247,8144,27.956,712.7,380.9,476.1,22.6,498.7,20.37,24.49,0.98778,1.800,13.93,25.13,14,2
18.004,hall_mission,9x4.5,pi5,-2.253,5.584,-1.995,-0.564,0.850,-0.003,1.020,-1.46,-6.53,124.15,0.4163,0.4211,0.5076,0.5071,8144,27.783,708.3,374.0,467.5,22.6,490.1,20.01,24.50,0.98774,1.806,14.17,25.13,14,2
18.056,hall_mission,9x4.5,pi5,-2.287,5.638,-1.997,-0.547,0.861,0.001,1.020,-1.43,-6.56,122.57,0.4386,0.4430,0.4858,0.4859,8149,27.687,705.8,369.6,462.0,22.6,484.6,19.78,24.50,0.98769,1.813,14.34,25.13,14,2
18.108,hall_mission,9x4.5,pi5,-2.308,5.672,-1.998,-0.535,0.868,0.004,1.020,-1.34,-6.59,121.43,0.4610,0.4640,0.4654,0.4657,8158,27.710,706.4,369.1,461.4,22.6,484.0,19.75,24.50,0.98764,1.820,14.35,25.13,14,2
18.156,hall_mission,9x4.5,pi5,-2.337,5.720,-2.000,-0.521,0.878,0.009,1.021,-1.13,-6.64,119.71,0.4784,0.4817,0.4494,0.4489,8167,27.788,708.4,371.1,463.9,22.6,486.5,19.86,24.50,0.98760,1.827,14.28,25.13,14,2
18.208,hall_mission,9x4.5,pi5,-2.357,5.756,-2.001,-0.511,0.884,0.012,1.021,-0.96,-6.67,118.60,0.4941,0.4961,0.4346,0.4354,8173,27.889,711.0,374.3,467.9,22.6,490.5,20.02,24.50,0.98755,1.834,14.16,25.13,14,2
18.256,hall_mission,9x4.5,pi5,-2.388,5.812,-2.002,-0.497,0.894,0.015,1.023,-0.70,-6.71,117.06,0.4956,0.4856,0.4337,0.4469,8179,27.906,711.4,374.2,467.8,22.6,490.4,20.02,24.49,0.98750,1.840,14.16,25.13,14,2
18.308,hall_mission,9x4.5,pi5,-2.406,5.848,-2.003,-0.488,0.900,0.016,1.024,-0.65,-6.71,116.14,0.4608,0.4640,0.4671,0.4705,8181,27.867,710.4,372.3,465.4,22.6,488.0,19.92,24.50,0.98746,1.848,14.23,25.13,14,2
18.356,hall_mission,9x4.5,pi5,-2.432,5.898,-2.004,-0.476,0.908,0.016,1.025,-0.84,-6.68,114.82,0.4435,0.4488,0.4857,0.4840,8180,27.887,710.9,373.3,466.7,22.6,489.3,19.97,24.50,0.98741,1.854,14.19,25.13,14,2
18.404,hall_mission,9x4.5,pi5,-2.450,5.935,-2.004,-0.465,0.914,0.017,1.026,-0.99,-6.66,113.91,0.4401,0.4444,0.4895,0.4885,8182,27.914,711.6,374.2,467.8,22.6,490.4,20.02,24.49,0.98737,1.861,14.16,25.13,14,2
18.456,hall_mission,9x4.5,pi5,-2.479,5.993,-2.005,-0.446,0.924,0.020,1.026,-1.11,-6.66,112.47,0.4447,0.4508,0.4849,0.4839,8188,27.939,712.2,374.3,467.9,22.6,490.5,20.03,24.49,0.98732,1.868,14.15,25.13,14,2
18.508,hall_mission,9x4.5,pi5,-2.496,6.030,-2.005,-0.434,0.930,0.023,1.026,-1.13,-6.66,111.46,0.4565,0.4610,0.4747,0.4742,8196,27.969,713.0,374.4,468.1,22.6,490.7,20.03,24.49,0.98727,1.875,14.15,25.13,14,2
18.556,hall_mission,9x4.5,pi5,-2.519,6.082,-2.005,-0.416,0.938,0.024,1.027,-1.05,-6.68,109.91,0.4686,0.4722,0.4635,0.4630,8199,27.988,713.5,374.7,468.4,22.6,491.0,20.05,24.49,0.98723,1.881,14.14,25.13,14,2
18.604,hall_mission,9x4.5,pi5,-2.535,6.119,-2.005,-0.404,0.944,0.025,1.027,-0.96,-6.69,108.88,0.4802,0.4833,0.4522,0.4523,8202,28.025,714.4,375.8,469.8,22.6,492.4,20.11,24.49,0.98718,1.888,14.09,25.13,14,2
18.656,hall_mission,9x4.5,pi5,-2.560,6.179,-2.005,-0.385,0.953,0.024,1.029,-0.76,-6.71,107.42,0.4913,0.4935,0.4411,0.4427,8204,28.074,715.7,377.6,472.0,22.6,494.6,20.20,24.49,0.98713,1.895,14.03,25.13,14,2
18.708,hall_mission,9x4.5,pi5,-2.575,6.217,-2.004,-0.375,0.959,0.024,1.030,-0.63,-6.72,106.52,0.4991,0.5015,0.4344,0.4338,8205,28.119,716.8,379.3,474.1,22.6,496.7,20.29,24.48,0.98708,1.902,13.97,25.13,14,2
18.756,hall_mission,9x4.5,pi5,-2.595,6.271,-2.003,-0.361,0.966,0.023,1.031,-0.42,-6.73,105.33,0.4986,0.4836,0.4356,0.4517,8207,28.094,716.2,377.9,472.4,22.6,495.0,20.22,24.48,0.98704,1.909,14.01,25.13,14,2
18.804,hall_mission,9x4.5,pi5,-2.609,6.309,-2.003,-0.352,0.970,0.021,1.032,-0.40,-6.72,104.64,0.4550,0.4570,0.4770,0.4797,8204,28.031,714.6,375.8,469.7,22.6,492.3,20.11,24.49,0.98699,1.915,14.09,25.13,14,2
18.856,hall_mission,9x4.5,pi5,-2.632,6.371,-2.002,-0.336,0.978,0.016,1.034,-0.68,-6.66,103.64,0.4269,0.4326,0.5039,0.5028,8195,28.079,715.8,378.9,473.6,22.6,496.2,20.27,24.48,0.98695,1.923,13.98,25.13,14,2
18.908,hall_mission,9x4.5,pi5,-2.645,6.410,-2.001,-0.324,0.983,0.014,1.035,-0.89,-6.62,102.90,0.4198,0.4244,0.5113,0.5094,8190,28.096,716.2,380.3,475.4,22.6,498.0,20.34,24.48,0.98690,1.930,13.93,25.13,14,2
18.956,hall_mission,9x4.5,pi5,-2.663,6.465,-2.000,-0.305,0.988,0.013,1.035,-1.10,-6.59,101.62,0.4237,0.4303,0.5070,0.5046,8193,28.080,715.8,379.3,474.1,22.6,496.7,20.29,24.48,0.98685,1.936,13.96,25.12,14,2
19.008,hall_mission,9x4.5,pi5,-2.675,6.504,-1.999,-0.291,0.993,0.014,1.034,-1.16,-6.58,100.65,0.4381,0.4418,0.4937,0.4938,8200,28.052,715.1,377.3,471.6,22.6,494.2,20.18,24.48,0.98680,1.943,14.03,25.12,14,2
19.056,hall_mission,9x4.5,pi5,-2.694,6.567,-1.997,-0.267,0.999,0.014,1.034,-1.13,-6.58,99.07,0.4526,0.4571,0.4805,0.4785,8204,28.033,714.7,375.9,469.9,22.6,492.5,20.11,24.49,0.98676,1.950,14.08,25.12,14,2
19.108,hall_mission,9x4.5,pi5,-2.704,6.607,-1.996,-0.251,1.003,0.014,1.034,-1.04,-6.58,97.98,0.4693,0.4731,0.4632,0.4640,8208,28.046,715.0,375.9,469.9,22.6,492.5,20.11,24.49,0.98671,1.957,14.08,25.12,14,2
19.156,hall_mission,9x4.5,pi5,-2.717,6.663,-1.995,-0.231,1.008,0.014,1.034,-0.84,-6.60,96.34,0.4789,0.4675,0.4558,0.4690,8213,28.084,716.0,376.8,471.0,22.6,493.6,20.16,24.48,0.98666,1.964,14.05,25.12,14,2
19.204,hall_mission,9x4.5,pi5,-2.726,6.703,-1.994,-0.217,1.010,0.014,1.034,-0.79,-6.59,95.28,0.4517,0.4543,0.4820,0.4842,8217,28.127,717.0,377.9,472.4,22.6,495.0,20.22,24.48,0.98662,1.970,14.01,25.12,14,2
19.256,hall_mission,9x4.5,pi5,-2.738,6.766,-1.992,-0.194,1.015,0.011,1.033,-0.94,-6.54,93.67,0.4368,0.4434,0.4969,0.4946,8215,28.161,717.9,379.6,474.5,22.6,497.1,20.31,24.48,0.98657,1.978,13.94,25.12,14,2
19.304,hall_mission,9x4.5,pi5,-2.745,6.806,-1.992,-0.178,1.017,0.010,1.032,-1.06,-6.51,92.54,0.4386,0.4426,0.4953,0.4947,8213,28.147,717.6,379.2,474.0,22.6,496.6,20.29,24.48,0.98653,1.984,13.96,25.12,14,2
19.356,hall_mission,9x4.5,pi5,-2.754,6.862,-1.991,-0.154,1.018,0.010,1.030,-1.13,-6.49,90.73,0.4471,0.4539,0.4865,0.4846,8217,28.135,717.2,378.2,472.8,22.6,495.4,20.24,24.48,0.98648,1.991,13.99,25.12,14,2
19.408,hall_mission,9x4.5,pi5,-2.759,6.902,-1.990,-0.136,1.019,0.009,1.028,-1.11,-6.49,89.47,0.4627,0.4672,0.4714,0.4714,8219,28.121,716.9,377.4,471.8,22.6,494.4,20.19,24.48,0.98643,1.998,14.02,25.12,14,2
19.456,hall_mission,9x4.5,pi5,-2.766,6.965,-1.989,-0.109,1.019,0.008,1.025,-0.97,-6.51,87.56,0.4767,0.4817,0.4579,0.4565,8219,28.133,717.2,377.8,472.3,22.6,494.9,20.22,24.48,0.98638,2.005,14.00,25.12,14,2
19.508,hall_mission,9x4.5,pi5,-2.769,7.004,-1.988,-0.092,1.019,0.007,1.023,-0.83,-6.52,86.31,0.4915,0.4951,0.4428,0.4432,8219,28.175,718.3,379.6,474.5,22.6,497.1,20.31,24.48,0.98633,2.012,13.94,25.12,14,2
19.556,hall_mission,9x4.5,pi5,-2.772,7.059,-1.987,-0.070,1.019,0.005,1.021,-0.58,-6.54,84.55,0.4967,0.4807,0.4394,0.4561,8219,28.167,718.1,379.2,474.0,22.6,496.6,20.29,24.48,0.98629,2.019,13.95,25.12,14,2
19.600,hall_mission,9x4.5,pi5,-2.774,7.099,-1.986,-0.056,1.019,0.003,1.020,-0.53,-6.53,83.47,0.4566,0.4602,0.4774,0.4784,8218,28.124,717.0,377.6,472.0,22.6,494.6,20.21,24.48,0.98625,2.025,14.01,25.12,14,2
19.648,hall_mission,9x4.5,pi5,-2.775,7.161,-1.985,-0.031,1.018,-0.002,1.018,-0.78,-6.46,81.87,0.4312,0.4376,0.5016,0.4999,8210,28.157,717.8,380.1,475.1,22.6,497.7,20.33,24.47,0.98620,2.032,13.92,25.12,14,2
19.700,hall_mission,9x4.5,pi5,-2.775,7.200,-1.985,-0.014,1.016,-0.004,1.016,-0.96,-6.42,80.73,0.4247,0.4299,0.5076,0.5060,8202,28.148,717.6,380.7,475.9,22.6,498.5,20.37,24.47,0.98615,2.039,13.89,25.12,14,2
19.748,hall_mission,9x4.5,pi5,-2.774,7.255,-1.985,0.012,1.011,-0.004,1.011,-1.14,-6.39,78.88,0.4314,0.4362,0.5006,0.5003,8203,28.113,716.7,379.2,474.0,22.6,496.6,20.29,24.48,0.98611,2.045,13.95,25.12,14,2
19.800,hall_mission,9x4.5,pi5,-2.772,7.293,-1.984,0.031,1.008,-0.004,1.008,-1.18,-6.39,77.56,0.4457,0.4516,0.4876,0.4845,8206,28.066,715.5,376.9,471.1,22.6,493.7,20.17,24.48,0.98606,2.052,14.03,25.12,14,2
19.848,hall_mission,9x4.5,pi5,-2.769,7.332,-1.984,0.050,1.003,-0.003,1.005,-1.13,-6.40,75.49,0.4629,0.4674,0.4705,0.4687,8207,28.043,714.9,375.8,469.8,22.6,492.4,20.11,24.48,0.98602,2.059,14.07,25.12,14,2
19.900,hall_mission,9x4.5,pi5,-2.763,7.393,-1.984,0.081,0.996,-0.003,1.000,-1.00,-6.42,74.11,0.4813,0.4847,0.4521,0.4516,8208,28.068,715.5,376.7,470.9,22.6,493.5,20.16,24.48,0.98597,2.066,14.03,25.12,14,2
19.948,hall_mission,9x4.5,pi5,-2.756,7.446,-1.985,0.106,0.990,-0.004,0.996,-0.73,-6.45,72.11,0.4906,0.4806,0.4435,0.4549,8207,28.074,715.7,377.1,471.3,22.6,493.9,20.18,24.48,0.98592,2.073,14.02,25.12,14,2
20.000,hall_mission,9x4.5,pi5,-2.750,7.484,-1.985,0.123,0.986,-0.003,0.994,-0.65,-6.44,70.86,0.4630,0.4659,0.4696,0.4714,8209,28.053,715.1,376.0,470.0,22.6,492.6,20.13,24.48,0.98587,2.080,14.06,25.12,14,2
20.048,hall_mission,9x4.5,pi5,-2.739,7.544,-1.985,0.150,0.979,-0.004,0.990,-0.75,-6.40,69.04,0.4499,0.4556,0.4828,0.4809,8206,28.053,715.2,376.4,470.5,22.6,493.1,20.15,24.48,0.98583,2.086,14.04,25.12,14,2
20.100,hall_mission,9x4.5,pi5,-2.732,7.582,-1.986,0.168,0.974,-0.004,0.988,-0.81,-6.38,67.82,0.4512,0.4542,0.4823,0.4813,8205,28.046,715.0,376.2,470.3,22.6,492.9,20.14,24.48,0.98578,2.094,14.05,25.12,14,2
20.148,hall_mission,9x4.5,pi5,-2.723,7.620,-1.987,0.186,0.969,-0.002,0.986,-0.82,-6.37,65.95,0.4577,0.4633,0.4755,0.4738,8210,28.068,715.5,376.4,470.5,22.6,493.1,20.15,24.48,0.98574,2.100,14.04,25.12,14,2
20.200,hall_mission,9x4.5,pi5,-2.711,7.673,-1.987,0.211,0.961,-0.000,0.984,-0.76,-6.37,64.71,0.4711,0.4741,0.4627,0.4631,8213,28.082,715.9,376.6,470.8,22.6,493.4,20.16,24.48,0.98569,2.107,14.03,25.12,14,2
20.248,hall_mission,9x4.5,pi5,-2.695,7.734,-1.987,0.238,0.952,0.000,0.981,-0.61,-6.37,62.87,0.4723,0.4587,0.4638,0.4770,8215,28.101,716.4,377.1,471.3,22.6,493.9,20.18,24.47,0.98564,2.114,14.01,25.12,14,2
20.300,hall_mission,9x4.5,pi5,-2.684,7.771,-1.988,0.255,0.947,-0.001,0.980,-0.68,-6.34,61.67,0.4295,0.4334,0.5022,0.5054,8211,28.179,718.4,380.9,476.1,22.6,498.7,20.38,24.47,0.98559,2.121,13.88,25.12,14,2
20.344,hall_mission,9x4.5,pi5,-2.673,7.808,-1.988,0.272,0.940,-0.004,0.978,-0.89,-6.27,60.42,0.4120,0.4194,0.5195,0.5163,8199,28.216,719.3,383.9,479.9,22.6,502.5,20.54,24.46,0.98555,2.127,13.77,25.12,14,2
20.396,hall_mission,9x4.5,pi5,-2.656,7.860,-1.988,0.299,0.928,-0.008,0.975,-1.20,-6.17,58.37,0.4129,0.4191,0.5171,0.5154,8188,28.134,717.2,382.1,477.6,22.6,500.2,20.44,24.47,0.98550,2.134,13.83,25.12,14,2
20.444,hall_mission,9x4.5,pi5,-2.643,7.896,-1.988,0.318,0.917,-0.008,0.971,-1.31,-6.13,56.87,0.4246,0.4333,0.5046,0.5020,8189,28.038,714.8,378.2,472.7,22.6,495.3,20.24,24.47,0.98546,2.141,13.97,25.12,14,2
20.496,hall_mission,9x4.5,pi5,-2.621,7.954,-1.989,0.350,0.899,-0.007,0.965,-1.32,-6.11,54.45,0.4475,0.4519,0.4833,0.4822,8190,27.951,712.5,374.4,468.1,22.6,490.7,20.05,24.48,0.98541,2.148,14.10,25.12,14,2
20.544,hall_mission,9x4.5,pi5,-2.606,7.989,-1.989,0.370,0.887,-0.006,0.961,-1.23,-6.11,52.77,0.4682,0.4731,0.4628,0.4613,8192,27.940,712.3,373.8,467.2,22.6,489.8,20.01,24.48,0.98536,2.155,14.13,25.12,14,2
20.596,hall_mission,9x4.5,pi5,-2.583,8.037,-1.989,0.396,0.869,-0.006,0.955,-0.98,-6.12,50.28,0.4902,0.4937,0.4411,0.4409,8194,28.007,714.0,376.2,470.3,22.6,492.9,20.14,24.47,0.98532,2.162,14.04,25.12,14,2
20.644,hall_mission,9x4.5,pi5,-2.566,8.071,-1.989,0.414,0.858,-0.006,0.952,-0.77,-6.13,48.69,0.5063,0.5106,0.4252,0.4239,8195,28.109,716.6,380.2,475.3,22.6,497.9,20.35,24.47,0.98527,2.168,13.89,25.12,14,2
20.696,hall_mission,9x4.5,pi5,-2.538,8.124,-1.988,0.439,0.840,-0.007,0.948,-0.43,-6.14,46.50,0.5202,0.5228,0.4108,0.4116,8192,28.207,719.1,384.5,480.6,22.6,503.2,20.57,24.46,0.98522,2.176,13.74,25.12,14,2
20.748,hall_mission,9x4.5,pi5,-2.519,8.157,-1.988,0.454,0.830,-0.008,0.946,-0.19,-6.14,45.21,0.5287,0.5298,0.4021,0.4038,8189,28.264,720.5,387.2,484.1,22.6,506.7,20.72,24.45,0.98517,2.183,13.64,25.12,14,2
20.796,hall_mission,9x4.5,pi5,-2.492,8.202,-1.988,0.473,0.818,-0.010,0.945,0.12,-6.13,43.58,0.5311,0.5120,0.4011,0.4191,8185,28.166,718.0,383.9,479.8,22.6,502.4,20.54,24.46,0.98513,2.190,13.76,25.12,14,2
20.844,hall_mission,9x4.5,pi5,-2.472,8.234,-1.988,0.485,0.810,-0.011,0.944,0.20,-6.11,42.70,0.4740,0.4797,0.4537,0.4545,8180,27.865,710.4,372.5,465.6,22.6,488.2,19.95,24.48,0.98508,2.196,14.17,25.12,14,2
20.896,hall_mission,9x4.5,pi5,-2.439,8.285,-1.988,0.505,0.797,-0.014,0.944,-0.09,-6.01,41.54,0.4365,0.4387,0.4929,0.4918,8172,27.869,710.5,373.6,467.0,22.6,489.6,20.01,24.47,0.98503,2.203,14.13,25.12,14,2
20.944,hall_mission,9x4.5,pi5,-2.417,8.317,-1.988,0.519,0.786,-0.015,0.942,-0.34,-5.96,40.76,0.4175,0.4257,0.5086,0.5073,8170,27.949,712.5,377.2,471.5,22.6,494.1,20.19,24.47,0.98499,2.210,13.99,25.11,14,2
20.996,hall_mission,9x4.5,pi5,-2.386,8.360,-1.988,0.538,0.769,-0.013,0.939,-0.62,-5.88,39.43,0.4194,0.4236,0.5097,0.5082,8176,27.995,713.7,378.2,472.8,22.6,495.4,20.25,24.47,0.98494,2.217,13.96,25.11,14,2
21.044,hall_mission,9x4.5,pi5,-2.364,8.391,-1.987,0.552,0.756,-0.010,0.936,-0.70,-5.86,38.42,0.4277,0.4348,0.5019,0.4993,8186,28.003,713.9,377.1,471.4,22.6,494.0,20.19,24.47,0.98489,2.224,13.99,25.11,14,2
21.096,hall_mission,9x4.5,pi5,-2.326,8.439,-1.987,0.574,0.734,-0.007,0.932,-0.71,-5.83,36.77,0.4451,0.4491,0.4852,0.4862,8193,27.977,713.2,375.2,468.9,22.6,491.5,20.09,24.47,0.98485,2.231,14.07,25.11,14,2
21.144,hall_mission,9x4.5,pi5,-2.302,8.468,-1.987,0.587,0.720,-0.006,0.929,-0.63,-5.83,35.61,0.4610,0.4654,0.4711,0.4694,8198,27.978,713.2,374.5,468.2,22.6,490.8,20.06,24.47,0.98480,2.237,14.09,25.11,14,2
21.196,hall_mission,9x4.5,pi5,-2.267,8.508,-1.987,0.605,0.702,-0.004,0.927,-0.44,-5.82,33.84,0.4787,0.4812,0.4541,0.4542,8202,28.023,714.4,375.7,469.6,22.6,492.2,20.12,24.47,0.98475,2.244,14.04,25.11,14,2
21.240,hall_mission,9x4.5,pi5,-2.242,8.536,-1.986,0.617,0.690,-0.004,0.926,-0.28,-5.82,32.70,0.4905,0.4936,0.4431,0.4417,8205,28.083,715.9,377.7,472.1,22.6,494.7,20.22,24.47,0.98471,2.250,13.97,25.11,14,2
21.288,hall_mission,9x4.5,pi5,-2.216,8.564,-1.986,0.628,0.678,-0.004,0.925,-0.11,-5.81,31.62,0.5017,0.5032,0.4318,0.4326,8206,28.142,717.4,380.0,475.0,22.6,497.6,20.34,24.46,0.98467,2.257,13.89,25.11,14,2
21.340,hall_mission,9x4.5,pi5,-2.174,8.606,-1.986,0.644,0.661,-0.004,0.923,0.16,-5.80,30.15,0.5089,0.5111,0.4250,0.4243,8206,28.195,718.8,382.1,477.6,22.6,500.2,20.45,24.46,0.98462,2.264,13.81,25.11,14,2
21.388,hall_mission,9x4.5,pi5,-2.147,8.632,-1.985,0.653,0.651,-0.005,0.922,0.33,-5.79,29.29,0.5129,0.5142,0.4201,0.4217,8205,28.215,719.3,383.0,478.8,22.6,501.4,20.50,24.46,0.98457,2.271,13.78,25.11,14,2
21.440,hall_mission,9x4.5,pi5,-2.110,8.667,-1.986,0.664,0.639,-0.006,0.921,0.58,-5.77,28.23,0.5137,0.5149,0.4205,0.4198,8205,28.217,719.3,383.2,479.0,22.6,501.6,20.51,24.46,0.98452,2.278,13.77,25.11,14,2
21.488,hall_mission,9x4.5,pi5,-2.083,8.692,-1.986,0.671,0.631,-0.006,0.921,0.72,-5.76,27.67,0.5113,0.5134,0.4211,0.4226,8203,28.193,718.7,382.4,478.0,22.6,500.6,20.47,24.46,0.98448,2.285,13.80,25.11,14,2
21.540,hall_mission,9x4.5,pi5,-2.039,8.731,-1.987,0.680,0.620,-0.007,0.920,0.92,-5.74,27.06,0.5070,0.5095,0.4257,0.4260,8202,28.157,717.8,381.1,476.4,22.6,499.0,20.40,24.46,0.98443,2.292,13.84,25.11,14,2
21.588,hall_mission,9x4.5,pi5,-2.011,8.755,-1.987,0.685,0.613,-0.006,0.920,1.02,-5.74,26.78,0.5024,0.5038,0.4303,0.4314,8201,28.114,716.7,379.5,474.4,22.6,497.0,20.32,24.46,0.98438,2.299,13.90,25.11,14,2
21.640,hall_mission,9x4.5,pi5,-1.973,8.788,-1.988,0.692,0.606,-0.006,0.920,1.15,-5.74,26.55,0.4799,0.4514,0.4584,0.4780,8200,28.007,714.0,375.4,469.2,22.6,491.8,20.10,24.47,0.98433,2.306,14.05,25.11,14,2
21.688,hall_mission,9x4.5,pi5,-1.945,8.811,-1.988,0.696,0.601,-0.008,0.920,1.00,-5.75,26.47,0.3881,0.3920,0.5389,0.5451,8187,28.411,724.3,393.3,491.7,22.6,514.3,21.04,24.44,0.98429,2.313,13.42,25.11,14,2
21.740,hall_mission,9x4.5,pi5,-1.900,8.848,-1.990,0.706,0.590,-0.024,0.920,0.20,-5.64,26.16,0.3318,0.3397,0.5915,0.5864,8134,28.949,738.0,421.8,527.2,22.6,549.8,22.54,24.39,0.98423,2.321,12.53,25.11,14,2
21.788,hall_mission,9x4.5,pi5,-1.871,8.870,-1.991,0.714,0.579,-0.040,0.920,-0.38,-5.53,25.65,0.3143,0.3235,0.6005,0.5950,8076,28.853,735.5,425.3,531.7,22.6,554.3,22.73,24.39,0.98418,2.328,12.42,25.11,14,2
21.840,hall_mission,9x4.5,pi5,-1.831,8.901,-1.994,0.726,0.557,-0.056,0.916,-1.05,-5.40,24.30,0.3237,0.3321,0.5830,0.5821,8031,28.267,720.6,407.9,509.8,22.6,532.4,21.81,24.41,0.98413,2.336,12.94,25.11,14,2
21.888,hall_mission,9x4.5,pi5,-1.802,8.922,-1.997,0.734,0.538,-0.061,0.912,-1.33,-5.33,23.00,0.3469,0.3574,0.5564,0.5537,8007,27.594,703.5,384.4,480.4,22.6,503.0,20.57,24.45,0.98408,2.342,13.72,25.11,14,2
21.940,hall_mission,9x4.5,pi5,-1.754,8.954,-2.002,0.746,0.503,-0.056,0.902,-1.55,-5.28,20.58,0.3832,0.3929,0.5213,0.5176,8009,27.084,690.4,364.1,455.1,22.6,477.7,19.51,24.48,0.98404,2.349,14.46,25.11,14,2
21.988,hall_mission,9x4.5,pi5,-1.725,8.972,-2.004,0.753,0.481,-0.047,0.895,-1.54,-5.29,18.74,0.4215,0.4272,0.4861,0.4865,8032,26.944,686.9,355.6,444.5,22.6,467.1,19.07,24.49,0.98400,2.356,14.80,25.11,14,2
22.040,hall_mission,9x4.5,pi5,-1.683,8.997,-2.007,0.762,0.449,-0.030,0.885,-1.32,-5.35,15.80,0.4592,0.4645,0.4541,0.4525,8065,27.079,690.3,356.6,445.8,22.6,468.4,19.12,24.49,0.98395,2.362,14.76,25.11,14,2
22.088,hall_mission,9x4.5,pi5,-1.653,9.013,-2.008,0.767,0.427,-0.018,0.878,-1.11,-5.40,13.83,0.4904,0.4933,0.4272,0.4278,8096,27.375,697.9,364.3,455.3,22.6,477.9,19.52,24.48,0.98391,2.369,14.45,25.11,14,2
22.140,hall_mission,9x4.5,pi5,-1.604,9.037,-2.009,0.775,0.395,-0.005,0.870,-0.72,-5.48,11.00,0.5155,0.5190,0.4068,0.4044,8121,27.727,706.8,374.9,468.6,22.6,491.2,20.08,24.46,0.98386,2.376,14.05,25.11,14,2
22.188,hall_mission,9x4.5,pi5,-1.574,9.051,-2.010,0.780,0.377,-0.001,0.867,-0.45,-5.51,9.26,0.5325,0.5336,0.3916,0.3905,8130,27.957,712.7,382.8,478.5,22.6,501.1,20.50,24.45,0.98381,2.382,13.77,25.11,14,2
22.240,hall_mission,9x4.5,pi5,-1.531,9.069,-2.010,0.787,0.354,0.001,0.863,-0.04,-5.55,6.99,0.5418,0.5437,0.3821,0.3815,8133,28.102,716.4,388.2,485.3,22.6,507.9,20.78,24.44,0.98376,2.390,13.58,25.11,14,2
22.288,hall_mission,9x4.5,pi5,-1.501,9.081,-2.010,0.791,0.339,0.001,0.861,0.20,-5.56,5.72,0.5448,0.5462,0.3782,0.3795,8132,28.136,717.3,389.7,487.2,22.6,509.8,20.86,24.44,0.98372,2.397,13.53,25.11,14,2
22.340,hall_mission,9x4.5,pi5,-1.452,9.100,-2.010,0.797,0.319,0.001,0.859,0.54,-5.56,4.21,0.5422,0.5443,0.3814,0.3809,8132,28.104,716.4,388.4,485.5,22.6,508.1,20.79,24.44,0.98367,2.404,13.57,25.11,14,2
22.388,hall_mission,9x4.5,pi5,-1.421,9.112,-2.010,0.800,0.309,0.001,0.858,0.72,-5.56,3.47,0.5372,0.5375,0.3864,0.3879,8133,28.030,714.6,385.4,481.7,22.6,504.3,20.63,24.44,0.98362,2.411,13.67,25.11,14,2
22.440,hall_mission,9x4.5,pi5,-1.378,9.127,-2.010,0.804,0.296,0.002,0.857,0.96,-5.56,2.72,0.5533,0.5738,0.3816,0.3496,8166,28.635,730.0,405.1,506.3,22.6,528.9,21.67,24.41,0.98357,2.418,13.02,25.11,14,2
22.488,hall_mission,9x4.5,pi5,-1.347,9.138,-2.010,0.808,0.289,-0.003,0.858,1.32,-5.58,2.48,0.6203,0.6291,0.3020,0.2985,8136,29.857,761.1,457.8,572.3,22.6,594.9,24.45,24.33,0.98351,2.426,11.54,25.11,14,2
22.540,hall_mission,9x4.5,pi5,-1.298,9.156,-2.011,0.815,0.286,-0.041,0.865,2.38,-5.48,2.73,0.6514,0.6524,0.2535,0.2610,8022,30.193,769.7,484.7,605.9,22.6,628.5,25.88,24.29,0.98345,2.435,10.90,25.11,14,2
22.588,hall_mission,9x4.5,pi5,-1.254,9.171,-2.014,0.819,0.297,-0.081,0.875,3.42,-5.31,3.98,0.6442,0.6375,0.2470,0.2592,7911,29.345,748.1,464.1,580.1,22.6,602.7,24.78,24.32,0.98340,2.443,11.38,25.11,14,2
22.640,hall_mission,9x4.5,pi5,-1.223,9.183,-2.018,0.819,0.310,-0.099,0.882,3.93,-5.25,5.38,0.6059,0.6052,0.2715,0.2842,7835,27.904,711.4,417.1,521.4,22.6,544.0,22.30,24.39,0.98334,2.451,12.65,25.11,14,2
22.688,hall_mission,9x4.5,pi5,-1.191,9.196,-2.022,0.817,0.326,-0.103,0.886,4.27,-5.24,7.19,0.5629,0.5620,0.3124,0.3224,7809,26.700,680.6,374.0,467.4,22.6,490.0,20.04,24.46,0.98330,2.458,14.07,25.11,14,2
22.740,hall_mission,9x4.5,pi5,-1.141,9.219,-2.028,0.809,0.354,-0.084,0.887,4.48,-5.34,10.47,0.5146,0.5140,0.3658,0.3741,7841,26.052,664.1,345.2,431.6,22.6,454.2,18.53,24.50,0.98325,2.464,15.21,25.11,14,2
22.788,hall_mission,9x4.5,pi5,-1.111,9.235,-2.031,0.802,0.372,-0.062,0.887,4.44,-5.48,12.91,0.4727,0.4727,0.4177,0.4230,7904,26.070,664.6,338.0,422.5,22.6,445.1,18.16,24.51,0.98321,2.470,15.53,25.11,14,2
22.840,hall_mission,9x4.5,pi5,-1.068,9.259,-2.033,0.793,0.398,-0.027,0.887,4.20,-5.74,16.72,0.4324,0.4331,0.4684,0.4715,7975,26.508,675.8,346.0,432.5,22.6,455.1,18.57,24.50,0.98317,2.477,15.18,25.11,14,2
22.888,hall_mission,9x4.5,pi5,-1.037,9.277,-2.033,0.786,0.417,-0.006,0.890,3.95,-5.93,19.23,0.4023,0.4032,0.5073,0.5090,8034,27.115,691.2,362.1,452.6,22.6,475.2,19.41,24.48,0.98313,2.483,14.52,25.11,14,2
22.940,hall_mission,9x4.5,pi5,-0.988,9.308,-2.032,0.778,0.447,0.015,0.897,3.49,-6.19,22.79,0.3784,0.3774,0.5381,0.5396,8077,27.723,706.7,380.5,475.7,22.6,498.3,20.38,24.45,0.98308,2.490,13.83,25.10,14,2
22.988,hall_mission,9x4.5,pi5,-0.958,9.329,-2.031,0.773,0.465,0.020,0.903,3.17,-6.34,24.92,0.3614,0.3627,0.5563,0.5573,8092,28.088,716.0,393.0,491.3,22.6,513.9,21.04,24.43,0.98303,2.497,13.40,25.10,14,2
23.040,hall_mission,9x4.5,pi5,-0.916,9.359,-2.029,0.769,0.488,0.021,0.911,2.68,-6.49,27.68,0.3516,0.3540,0.5659,0.5666,8093,28.265,720.6,399.9,499.8,22.6,522.4,21.40,24.42,0.98298,2.505,13.17,25.10,14,2
23.088,hall_mission,9x4.5,pi5,-0.886,9.382,-2.028,0.766,0.504,0.020,0.917,2.37,-6.55,29.18,0.3504,0.3521,0.5672,0.5673,8090,28.264,720.5,400.3,500.4,22.6,523.0,21.42,24.41,0.98293,2.512,13.16,25.10,14,2
23.140,hall_mission,9x4.5,pi5,-0.838,9.419,-2.026,0.763,0.526,0.017,0.927,1.97,-6.59,30.92,0.3545,0.3579,0.5621,0.5619,8087,28.152,717.7,396.2,495.2,22.6,517.8,21.21,24.42,0.98288,2.519,13.29,25.10,14,2
23.188,hall_mission,9x4.5,pi5,-0.809,9.443,-2.026,0.762,0.538,0.017,0.933,1.73,-6.59,31.75,0.3645,0.3664,0.5519,0.5536,8087,27.995,713.7,389.9,487.4,22.6,510.0,20.88,24.43,0.98283,2.526,13.50,25.10,14,2
23.240,hall_mission,9x4.5,pi5,-0.767,9.477,-2.025,0.761,0.552,0.017,0.940,1.45,-6.56,32.53,0.3778,0.3805,0.5400,0.5394,8092,27.821,709.3,382.5,478.1,22.6,500.7,20.49,24.44,0.98278,2.533,13.76,25.10,14,2
23.288,hall_mission,9x4.5,pi5,-0.737,9.502,-2.024,0.760,0.560,0.019,0.944,1.30,-6.54,32.78,0.3928,0.3952,0.5258,0.5266,8101,27.705,706.3,376.6,470.8,22.6,493.4,20.18,24.45,0.98274,2.540,13.96,25.10,14,2
23.340,hall_mission,9x4.5,pi5,-0.689,9.541,-2.023,0.759,0.570,0.025,0.950,1.13,-6.50,32.82,0.4153,0.4328,0.5071,0.4921,8126,27.623,704.2,370.0,462.5,22.6,485.1,19.83,24.46,0.98269,2.547,14.21,25.10,14,2
23.388,hall_mission,9x4.5,pi5,-0.659,9.566,-2.021,0.759,0.576,0.027,0.953,1.14,-6.48,32.69,0.4699,0.4739,0.4518,0.4547,8137,27.574,702.9,366.6,458.2,22.6,480.8,19.65,24.46,0.98265,2.553,14.34,25.10,14,2
23.440,hall_mission,9x4.5,pi5,-0.617,9.602,-2.020,0.758,0.584,0.029,0.957,1.48,-6.43,32.44,0.5087,0.5094,0.4156,0.4181,8143,27.790,708.4,374.4,468.0,22.6,490.6,20.07,24.45,0.98260,2.560,14.04,25.10,14,2
23.488,hall_mission,9x4.5,pi5,-0.587,9.627,-2.019,0.756,0.590,0.029,0.960,1.75,-6.40,32.36,0.5250,0.5257,0.3989,0.4030,8146,27.960,712.8,380.9,476.1,22.6,498.7,20.40,24.44,0.98255,2.567,13.81,25.10,14,2
23.540,hall_mission,9x4.5,pi5,-0.540,9.668,-2.018,0.751,0.603,0.029,0.963,2.07,-6.38,32.49,0.5276,0.5286,0.3968,0.4001,8148,28.004,713.9,382.3,477.9,22.6,500.5,20.48,24.44,0.98250,2.574,13.75,25.10,14,2
23.588,hall_mission,9x4.5,pi5,-0.510,9.694,-2.018,0.746,0.612,0.029,0.966,2.20,-6.37,32.77,0.5216,0.5219,0.4041,0.4071,8153,27.968,713.0,380.2,475.2,22.6,497.8,20.37,24.44,0.98246,2.581,13.83,25.10,14,2
23.640,hall_mission,9x4.5,pi5,-0.469,9.730,-2.017,0.740,0.625,0.031,0.969,2.27,-6.38,33.47,0.5181,0.5282,0.4111,0.4010,8167,28.069,715.6,382.4,478.0,22.6,500.6,20.48,24.44,0.98241,2.588,13.75,25.10,14,2
23.684,hall_mission,9x4.5,pi5,-0.440,9.757,-2.017,0.734,0.634,0.031,0.971,2.35,-6.40,34.10,0.5368,0.5385,0.3908,0.3921,8166,28.229,719.6,388.9,486.1,22.6,508.7,20.83,24.43,0.98237,2.594,13.52,25.10,14,2
23.732,hall_mission,9x4.5,pi5,-0.394,9.800,-2.017,0.725,0.651,0.027,0.974,2.63,-6.39,35.35,0.5424,0.5407,0.3837,0.3885,8155,28.218,719.3,389.8,487.3,22.6,509.9,20.88,24.43,0.98232,2.601,13.49,25.10,14,2
23.784,hall_mission,9x4.5,pi5,-0.365,9.827,-2.017,0.717,0.662,0.024,0.976,2.80,-6.39,36.40,0.5305,0.5312,0.3933,0.3981,8147,28.032,714.6,383.5,479.4,22.6,502.0,20.55,24.44,0.98227,2.608,13.71,25.10,14,2
23.832,hall_mission,9x4.5,pi5,-0.326,9.866,-2.017,0.704,0.679,0.023,0.979,2.91,-6.43,38.28,0.5120,0.5123,0.4114,0.4162,8143,27.817,709.1,375.5,469.4,22.6,492.0,20.12,24.45,0.98223,2.615,13.99,25.10,14,2
23.884,hall_mission,9x4.5,pi5,-0.298,9.895,-2.018,0.695,0.692,0.024,0.981,2.89,-6.48,39.68,0.4878,0.4883,0.4367,0.4398,8146,27.677,705.6,369.6,462.0,22.6,484.6,19.81,24.46,0.98218,2.622,14.21,25.10,14,2
23.932,hall_mission,9x4.5,pi5,-0.254,9.941,-2.017,0.679,0.711,0.027,0.984,2.73,-6.57,41.91,0.4654,0.4663,0.4609,0.4621,8153,27.675,705.5,368.5,460.6,22.6,483.2,19.76,24.46,0.98213,2.628,14.25,25.10,14,2
23.984,hall_mission,9x4.5,pi5,-0.227,9.971,-2.017,0.670,0.723,0.030,0.986,2.57,-6.63,43.40,0.4436,0.4449,0.4835,0.4853,8163,27.772,708.0,371.1,463.9,22.6,486.5,19.89,24.45,0.98209,2.635,14.15,25.10,14,2
24.032,hall_mission,9x4.5,pi5,-0.189,10.013,-2.016,0.658,0.739,0.032,0.990,2.28,-6.72,45.55,0.4274,0.4287,0.5013,0.5022,8171,27.913,711.6,375.6,469.5,22.6,492.1,20.13,24.45,0.98204,2.642,13.99,25.10,14,2
24.084,hall_mission,9x4.5,pi5,-0.162,10.044,-2.016,0.650,0.750,0.033,0.993,2.07,-6.77,46.86,0.4147,0.4158,0.5151,0.5156,8177,28.055,715.2,380.4,475.5,22.6,498.1,20.38,24.44,0.98199,2.649,13.81,25.10,14,2
24.132,hall_mission,9x4.5,pi5,-0.120,10.094,-2.014,0.639,0.765,0.032,0.998,1.75,-6.82,48.60,0.4121,0.4284,0.5183,0.5046,8185,28.078,715.8,380.3,475.3,22.6,497.9,20.38,24.44,0.98195,2.656,13.82,25.10,14,2
24.184,hall_mission,9x4.5,pi5,-0.094,10.126,-2.013,0.633,0.774,0.031,1.001,1.67,-6.83,49.60,0.4493,0.4525,0.4790,0.4824,8184,27.904,711.3,373.4,466.8,22.6,489.4,20.02,24.45,0.98190,2.663,14.06,25.10,14,2
24.232,hall_mission,9x4.5,pi5,-0.058,10.171,-2.012,0.624,0.787,0.029,1.005,1.82,-6.81,50.95,0.4709,0.4709,0.4585,0.4623,8182,27.871,710.5,372.4,465.5,22.6,488.1,19.97,24.45,0.98186,2.669,14.10,25.10,14,2
24.284,hall_mission,9x4.5,pi5,-0.032,10.204,-2.011,0.616,0.797,0.029,1.008,1.95,-6.80,51.82,0.4790,0.4798,0.4509,0.4541,8187,27.917,711.7,373.6,467.0,22.6,489.6,20.03,24.45,0.98181,2.676,14.05,25.10,14,2
24.332,hall_mission,9x4.5,pi5,0.009,10.258,-2.010,0.601,0.813,0.031,1.012,2.06,-6.81,53.16,0.4789,0.4787,0.4521,0.4567,8195,27.974,713.1,374.7,468.4,22.6,491.0,20.09,24.44,0.98176,2.683,14.01,25.10,14,2
24.384,hall_mission,9x4.5,pi5,0.034,10.292,-2.009,0.592,0.823,0.033,1.014,2.07,-6.82,54.07,0.4726,0.4725,0.4607,0.4634,8206,28.033,714.6,375.7,469.6,22.6,492.2,20.14,24.44,0.98171,2.690,13.98,25.10,14,2
24.432,hall_mission,9x4.5,pi5,0.068,10.340,-2.008,0.578,0.837,0.034,1.018,1.99,-6.84,55.46,0.4638,0.4645,0.4697,0.4727,8211,28.072,715.6,376.4,470.5,22.6,493.1,20.18,24.44,0.98167,2.697,13.95,25.10,14,2
24.476,hall_mission,9x4.5,pi5,0.092,10.376,-2.006,0.568,0.847,0.034,1.020,1.90,-6.86,56.37,0.4557,0.4564,0.4792,0.4806,8215,28.110,716.6,377.4,471.8,22.6,494.4,20.23,24.44,0.98163,2.703,13.91,25.10,14,2
24.524,hall_mission,9x4.5,pi5,0.115,10.411,-2.005,0.558,0.857,0.033,1.023,1.77,-6.88,57.25,0.4474,0.4483,0.4869,0.4897,8217,28.147,717.6,378.6,473.3,22.6,495.9,20.29,24.44,0.98158,2.709,13.87,25.10,14,2
24.576,hall_mission,9x4.5,pi5,0.152,10.469,-2.003,0.544,0.871,0.031,1.028,1.55,-6.89,58.48,0.4397,0.4418,0.4952,0.4960,8219,28.185,718.5,380.0,475.0,22.6,497.6,20.36,24.43,0.98153,2.716,13.82,25.10,14,2
24.628,hall_mission,9x4.5,pi5,0.174,10.505,-2.002,0.536,0.879,0.029,1.030,1.40,-6.90,59.21,0.4466,0.4593,0.4899,0.4785,8224,28.183,718.5,379.1,473.9,22.6,496.5,20.32,24.44,0.98148,2.724,13.85,25.10,14,2
24.676,hall_mission,9x4.5,pi5,0.205,10.557,-2.000,0.526,0.889,0.026,1.034,1.36,-6.88,60.19,0.4783,0.4829,0.4545,0.4570,8219,28.135,717.3,378.0,472.4,22.6,495.0,20.26,24.44,0.98144,2.730,13.89,25.10,14,2
24.724,hall_mission,9x4.5,pi5,0.227,10.593,-2.000,0.518,0.897,0.022,1.036,1.50,-6.85,60.84,0.4972,0.4971,0.4359,0.4398,8209,28.130,717.1,379.1,473.9,22.6,496.5,20.32,24.43,0.98139,2.737,13.84,25.10,14,2
24.776,hall_mission,9x4.5,pi5,0.262,10.653,-1.998,0.504,0.909,0.017,1.039,1.72,-6.82,61.89,0.5007,0.5019,0.4311,0.4349,8204,28.120,716.9,379.4,474.3,22.6,496.9,20.34,24.43,0.98135,2.744,13.83,25.10,14,2
24.824,hall_mission,9x4.5,pi5,0.283,10.691,-1.998,0.493,0.916,0.017,1.041,1.80,-6.81,62.68,0.4967,0.4962,0.4359,0.4401,8205,28.100,716.4,378.5,473.1,22.6,495.7,20.29,24.43,0.98130,2.751,13.86,25.10,14,2
24.876,hall_mission,9x4.5,pi5,0.311,10.744,-1.997,0.478,0.926,0.017,1.042,1.83,-6.81,63.99,0.4854,0.4863,0.4475,0.4508,8209,28.083,715.9,377.2,471.5,22.6,494.1,20.22,24.44,0.98125,2.758,13.91,25.10,14,2
24.924,hall_mission,9x4.5,pi5,0.331,10.782,-1.996,0.466,0.933,0.017,1.043,1.78,-6.82,64.92,0.4734,0.4741,0.4605,0.4627,8212,28.074,715.7,376.5,470.6,22.6,493.2,20.18,24.44,0.98121,2.764,13.93,25.10,14,2
24.976,hall_mission,9x4.5,pi5,0.361,10.843,-1.995,0.449,0.944,0.016,1.045,1.65,-6.84,66.35,0.4602,0.4609,0.4731,0.4770,8213,28.088,716.0,376.8,471.0,22.6,493.6,20.20,24.44,0.98116,2.772,13.92,25.09,14,2
25.024,hall_mission,9x4.5,pi5,0.380,10.881,-1.994,0.438,0.950,0.016,1.046,1.53,-6.86,67.29,0.4493,0.4503,0.4847,0.4875,8215,28.124,717.0,378.0,472.5,22.6,495.1,20.26,24.43,0.98111,2.778,13.88,25.09,14,2
25.076,hall_mission,9x4.5,pi5,0.405,10.935,-1.993,0.424,0.958,0.014,1.047,1.31,-6.88,68.61,0.4392,0.4421,0.4947,0.4965,8217,28.177,718.3,379.8,474.8,22.6,497.4,20.36,24.43,0.98106,2.785,13.81,25.09,14,2
25.124,hall_mission,9x4.5,pi5,0.422,10.974,-1.992,0.415,0.963,0.013,1.049,1.15,-6.89,69.40,0.4341,0.4354,0.5005,0.5028,8219,28.220,719.4,381.4,476.7,22.6,499.3,20.44,24.43,0.98102,2.792,13.76,25.09,14,2
25.176,hall_mission,9x4.5,pi5,0.449,11.037,-1.990,0.402,0.971,0.012,1.051,0.92,-6.90,70.44,0.4298,0.4327,0.5045,0.5063,8221,28.254,720.3,382.5,478.1,22.6,500.7,20.50,24.43,0.98097,2.799,13.71,25.09,14,2
25.224,hall_mission,9x4.5,pi5,0.465,11.077,-1.988,0.395,0.976,0.011,1.053,0.78,-6.90,71.01,0.4390,0.4506,0.4986,0.4866,8226,28.226,719.6,380.6,475.7,22.6,498.3,20.40,24.43,0.98092,2.806,13.78,25.09,14,2
25.276,hall_mission,9x4.5,pi5,0.487,11.132,-1.986,0.386,0.982,0.007,1.055,0.78,-6.90,71.71,0.4769,0.4814,0.4563,0.4593,8223,28.158,717.8,378.3,472.9,22.6,495.5,20.28,24.43,0.98088,2.813,13.86,25.09,14,2
25.328,hall_mission,9x4.5,pi5,0.503,11.172,-1.985,0.378,0.986,0.003,1.056,0.96,-6.87,72.16,0.4997,0.5006,0.4330,0.4381,8214,28.182,718.4,380.4,475.6,22.6,498.2,20.39,24.43,0.98083,2.820,13.78,25.09,14,2
25.376,hall_mission,9x4.5,pi5,0.526,11.236,-1.983,0.364,0.993,-0.001,1.057,1.22,-6.84,72.93,0.5056,0.5068,0.4271,0.4308,8210,28.192,718.7,381.5,476.8,22.6,499.4,20.45,24.43,0.98078,2.827,13.75,25.09,14,2
25.424,hall_mission,9x4.5,pi5,0.540,11.276,-1.982,0.353,0.997,-0.002,1.058,1.35,-6.82,73.55,0.5036,0.5031,0.4296,0.4345,8211,28.181,718.4,380.8,476.1,22.6,498.7,20.41,24.43,0.98074,2.833,13.77,25.09,14,2
25.476,hall_mission,9x4.5,pi5,0.559,11.333,-1.982,0.337,1.003,-0.002,1.058,1.42,-6.82,74.63,0.4929,0.4951,0.4400,0.4439,8216,28.160,717.9,379.4,474.2,22.6,496.8,20.34,24.43,0.98069,2.841,13.82,25.09,14,2
25.524,hall_mission,9x4.5,pi5,0.572,11.374,-1.981,0.325,1.007,-0.002,1.058,1.40,-6.83,75.43,0.5224,0.4319,0.4913,0.4244,8209,28.201,718.9,382.0,477.5,22.6,500.1,20.48,24.42,0.98064,2.847,13.73,25.09,14,2
25.576,hall_mission,9x4.5,pi5,0.592,11.439,-1.981,0.306,1.012,-0.007,1.057,1.20,-5.91,76.72,0.4445,0.4560,0.4883,0.4805,8206,28.063,715.4,376.8,471.0,22.6,493.6,20.20,24.43,0.98059,2.854,13.91,25.09,14,2
25.624,hall_mission,9x4.5,pi5,0.604,11.480,-1.981,0.294,1.005,-0.010,1.047,0.91,-4.31,77.56,0.4211,0.4297,0.5038,0.5130,8200,28.146,717.5,380.9,476.2,22.6,498.8,20.42,24.42,0.98055,2.861,13.76,25.09,14,2
25.676,hall_mission,9x4.5,pi5,0.619,11.535,-1.981,0.275,0.976,-0.015,1.014,0.57,-1.67,78.66,0.3902,0.4091,0.5272,0.5360,8181,28.250,720.2,387.7,484.6,22.6,507.2,20.78,24.41,0.98050,2.868,13.52,25.09,14,2
25.725,hall_mission,9x4.5,pi5,0.629,11.574,-1.982,0.261,0.942,-0.021,0.978,0.41,-0.09,79.21,0.3742,0.3909,0.5406,0.5502,8157,28.287,721.1,392.3,490.4,22.6,513.0,21.02,24.41,0.98045,2.875,13.37,25.09,14,2
25.757,hall_mission,9x4.5,pi5,0.639,11.611,-1.983,0.246,0.900,-0.026,0.933,0.29,1.25,79.56,0.3639,0.3802,0.5492,0.5581,8141,28.320,721.9,395.8,494.7,22.6,517.3,21.20,24.40,0.98042,2.880,13.25,25.09,14,2
25.773,hall_mission,9x4.5,pi5,0.645,11.632,-1.984,0.238,0.871,-0.029,0.903,0.25,1.83,79.67,0.3605,0.3764,0.5520,0.5602,8133,28.311,721.7,396.5,495.6,22.6,518.2,21.24,24.40,0.98040,2.882,13.23,25.09,14,2
25.825,hall_mission,9x4.5,pi5,0.653,11.666,-1.985,0.223,0.818,-0.033,0.848,0.17,2.79,79.70,0.3600,0.3731,0.5509,0.5590,8111,28.165,718.0,393.6,492.0,22.6,514.6,21.09,24.40,0.98035,2.890,13.32,25.09,14,2
25.873,hall_mission,9x4.5,pi5,0.664,11.708,-1.987,0.202,0.738,-0.034,0.766,0.09,3.83,79.34,0.3709,0.3809,0.5406,0.5469,8098,27.916,711.7,385.5,481.8,22.6,504.4,20.66,24.42,0.98031,2.896,13.60,25.09,14,2
25.925,hall_mission,9x4.5,pi5,0.671,11.735,-1.989,0.188,0.679,-0.032,0.705,0.04,4.29,78.84,0.3894,0.3981,0.5225,0.5280,8093,27.644,704.7,375.3,469.2,22.6,491.8,20.13,24.43,0.98026,2.903,13.95,25.09,14,2
25.973,hall_mission,9x4.5,pi5,0.681,11.772,-1.991,0.164,0.582,-0.028,0.606,-0.05,4.68,77.80,0.3808,0.4901,0.4470,0.5543,8217,28.456,725.4,391.2,488.9,22.6,511.5,20.96,24.41,0.98021,2.910,13.40,25.09,14,2
26.025,hall_mission,9x4.5,pi5,0.687,11.791,-1.993,0.150,0.523,-0.035,0.546,-0.11,3.95,76.98,0.4852,0.5038,0.4462,0.4329,8202,28.078,715.8,378.0,472.5,22.6,495.1,20.27,24.43,0.98016,2.917,13.86,25.09,14,2
26.073,hall_mission,9x4.5,pi5,0.693,11.814,-1.996,0.136,0.462,-0.046,0.483,-0.14,0.88,75.82,0.5372,0.5289,0.4011,0.3934,8175,28.225,719.5,387.6,484.4,22.6,507.0,20.77,24.41,0.98012,2.924,13.52,25.09,14,2
26.125,hall_mission,9x4.5,pi5,0.698,11.829,-1.998,0.130,0.437,-0.053,0.459,-0.02,-1.39,75.21,0.5582,0.5451,0.3831,0.3618,8130,28.225,719.5,393.5,491.9,22.6,514.5,21.08,24.40,0.98007,2.932,13.32,25.09,14,2
26.173,hall_mission,9x4.5,pi5,0.704,11.850,-2.002,0.127,0.429,-0.059,0.452,0.21,-4.42,74.68,0.5599,0.5472,0.3749,0.3568,8096,28.060,715.3,391.4,489.3,22.6,511.9,20.98,24.40,0.98002,2.938,13.39,25.09,14,2
26.225,hall_mission,9x4.5,pi5,0.708,11.864,-2.005,0.129,0.440,-0.057,0.462,0.37,-6.02,74.60,0.5504,0.5394,0.3790,0.3648,8077,27.815,709.1,384.2,480.2,22.6,502.8,20.59,24.41,0.97997,2.946,13.63,25.09,14,2
26.273,hall_mission,9x4.5,pi5,0.715,11.885,-2.009,0.134,0.470,-0.049,0.491,0.55,-7.81,74.88,0.5358,0.5260,0.3906,0.3797,8072,27.590,703.3,375.9,469.9,22.6,492.5,20.16,24.43,0.97992,2.952,13.92,25.09,14,2
26.325,hall_mission,9x4.5,pi5,0.720,11.901,-2.011,0.138,0.499,-0.041,0.519,0.63,-8.63,75.29,0.5168,0.5091,0.4086,0.3999,8080,27.438,699.5,368.9,461.1,22.6,483.7,19.79,24.44,0.97988,2.959,14.19,25.09,14,2
26.373,hall_mission,9x4.5,pi5,0.728,11.931,-2.014,0.145,0.552,-0.024,0.572,0.65,-9.44,76.15,0.5043,0.5109,0.4221,0.4020,8098,27.503,701.1,369.0,461.3,22.6,483.9,19.80,24.44,0.97983,2.966,14.18,25.09,14,2
26.425,hall_mission,9x4.5,pi5,0.734,11.952,-2.015,0.149,0.588,-0.012,0.607,0.73,-9.73,76.86,0.5252,0.5215,0.4007,0.3983,8121,27.790,708.4,377.4,471.7,22.6,494.3,20.24,24.42,0.97978,2.973,13.87,25.09,14,2
26.473,hall_mission,9x4.5,pi5,0.742,11.986,-2.016,0.153,0.640,-0.000,0.658,1.02,-9.90,78.15,0.5298,0.5257,0.3967,0.3975,8136,27.929,712.0,380.9,476.2,22.6,498.8,20.43,24.42,0.97974,2.980,13.74,25.09,14,2
26.525,hall_mission,9x4.5,pi5,0.748,12.012,-2.016,0.153,0.677,0.006,0.694,1.18,-9.89,79.19,0.5202,0.5182,0.4077,0.4078,8151,27.928,712.0,378.9,473.7,22.6,496.3,20.32,24.42,0.97969,2.987,13.81,25.09,14,2
26.573,hall_mission,9x4.5,pi5,0.758,12.058,-2.015,0.148,0.734,0.015,0.749,1.28,-9.76,80.99,0.5045,0.5026,0.4238,0.4263,8162,27.869,710.5,375.0,468.8,22.6,491.4,20.12,24.43,0.97965,2.993,13.95,25.09,14,2
26.625,hall_mission,9x4.5,pi5,0.764,12.089,-2.014,0.143,0.768,0.019,0.781,1.26,-9.63,82.30,0.4829,0.4828,0.4459,0.4484,8173,27.833,709.5,372.2,465.2,22.6,487.8,19.97,24.43,0.97960,3.000,14.06,25.09,14,2
26.673,hall_mission,9x4.5,pi5,0.772,12.136,-2.013,0.135,0.812,0.024,0.823,1.13,-9.38,84.36,0.4635,0.4640,0.4665,0.4689,8183,27.879,710.7,372.5,465.7,22.6,488.3,19.99,24.43,0.97955,3.007,14.04,25.09,14,2
26.725,hall_mission,9x4.5,pi5,0.777,12.172,-2.012,0.128,0.840,0.027,0.850,0.99,-9.20,85.72,0.4447,0.4459,0.4868,0.4884,8194,27.990,713.6,375.5,469.4,22.6,492.0,20.15,24.42,0.97950,3.014,13.93,25.09,14,2
26.773,hall_mission,9x4.5,pi5,0.785,12.231,-2.010,0.116,0.882,0.029,0.890,0.75,-8.92,87.67,0.4310,0.4318,0.5010,0.5036,8200,28.099,716.3,379.2,473.9,22.6,496.5,20.34,24.42,0.97946,3.021,13.80,25.09,14,2
26.825,hall_mission,9x4.5,pi5,0.790,12.269,-2.009,0.109,0.905,0.029,0.912,0.58,-8.73,88.86,0.4192,0.4217,0.5128,0.5144,8202,28.193,718.7,382.7,478.3,22.6,500.9,20.52,24.41,0.97941,3.028,13.67,25.09,14,2
26.873,hall_mission,9x4.5,pi5,0.795,12.325,-2.007,0.099,0.933,0.027,0.939,0.35,-8.44,90.42,0.4131,0.4154,0.5188,0.5206,8201,28.242,720.0,384.7,480.9,22.6,503.5,20.63,24.41,0.97936,3.034,13.60,25.09,14,2
26.925,hall_mission,9x4.5,pi5,0.798,12.365,-2.006,0.092,0.951,0.026,0.956,0.21,-8.26,91.30,0.4233,0.3187,0.5901,0.5332,8192,28.885,736.4,411.2,514.0,22.6,536.6,22.02,24.37,0.97931,3.042,12.74,25.09,14,2
26.973,hall_mission,9x4.5,pi5,0.803,12.432,-2.005,0.082,0.977,0.005,0.980,-0.02,-7.08,92.24,0.2650,0.2604,0.6706,0.6582,8151,31.191,795.1,509.2,636.4,22.6,659.0,27.22,24.21,0.97925,3.051,10.31,25.08,14,2
27.025,hall_mission,9x4.5,pi5,0.806,12.474,-2.005,0.078,0.984,-0.042,0.988,-0.33,-5.28,92.37,0.1748,0.1905,0.7180,0.7266,7991,32.957,840.2,596.3,745.4,22.6,768.0,31.91,24.07,0.97917,3.062,8.79,25.08,14,2
27.073,hall_mission,9x4.5,pi5,0.810,12.533,-2.010,0.077,0.972,-0.134,0.984,-0.69,-2.27,91.43,0.1415,0.1725,0.7084,0.7220,7753,31.852,812.0,575.9,719.9,22.6,742.5,30.81,24.10,0.97911,3.072,9.10,25.08,14,2
27.125,hall_mission,9x4.5,pi5,0.812,12.575,-2.017,0.079,0.945,-0.189,0.967,-0.88,-0.40,90.00,0.1524,0.1903,0.6654,0.6698,7513,28.897,736.7,486.7,608.4,22.6,631.0,26.03,24.24,0.97904,3.081,10.78,25.08,14,2
27.173,hall_mission,9x4.5,pi5,0.817,12.637,-2.032,0.086,0.876,-0.224,0.909,-1.18,1.85,86.76,0.1995,0.2300,0.6041,0.6151,7407,26.261,669.5,400.2,500.3,22.6,522.9,21.45,24.38,0.97899,3.088,13.08,25.08,14,2
27.225,hall_mission,9x4.5,pi5,0.820,12.673,-2.042,0.089,0.824,-0.208,0.854,-1.37,2.96,84.03,0.2708,0.2905,0.5397,0.5493,7413,24.403,622.1,332.3,415.4,22.6,438.0,17.89,24.49,0.97895,3.094,15.68,25.08,14,2
27.273,hall_mission,9x4.5,pi5,0.825,12.718,-2.054,0.093,0.744,-0.152,0.765,-1.66,4.03,79.35,0.3110,0.3954,0.4395,0.5498,7577,24.549,625.8,320.1,400.1,22.6,422.7,17.25,24.51,0.97891,3.100,16.26,25.08,14,2
27.325,hall_mission,9x4.5,pi5,0.828,12.746,-2.060,0.094,0.685,-0.108,0.700,-2.06,3.57,76.05,0.4099,0.4395,0.4517,0.4363,7728,24.884,634.4,314.5,393.2,22.6,415.8,16.96,24.51,0.97887,3.106,16.53,25.08,14,2
27.369,hall_mission,9x4.5,pi5,0.832,12.771,-2.064,0.099,0.632,-0.065,0.643,-2.59,1.85,72.77,0.4731,0.4810,0.4109,0.3998,7828,25.622,653.2,330.4,413.0,22.6,435.6,17.79,24.49,0.97884,3.111,15.76,25.08,14,2
27.417,hall_mission,9x4.5,pi5,0.838,12.806,-2.067,0.116,0.572,-0.014,0.584,-2.94,-1.32,68.04,0.5249,0.5234,0.3833,0.3575,7916,26.610,678.4,357.4,446.8,22.6,469.4,19.20,24.45,0.97879,3.118,14.60,25.08,14,2
27.469,hall_mission,9x4.5,pi5,0.843,12.826,-2.066,0.134,0.550,0.005,0.566,-2.87,-3.32,65.10,0.5572,0.5406,0.3601,0.3462,7970,27.286,695.6,377.0,471.3,22.6,493.9,20.23,24.41,0.97874,3.125,13.86,25.08,14,2
27.517,hall_mission,9x4.5,pi5,0.851,12.852,-2.064,0.167,0.536,0.020,0.562,-2.54,-5.75,61.11,0.5430,0.5349,0.3756,0.3587,7999,27.288,695.6,373.4,466.7,22.6,489.3,20.04,24.42,0.97870,3.131,13.99,25.08,14,2
27.569,hall_mission,9x4.5,pi5,0.859,12.870,-2.061,0.194,0.536,0.031,0.571,-2.31,-6.94,58.73,0.5319,0.5277,0.3881,0.3736,8033,27.350,697.2,371.5,464.4,22.6,487.0,19.94,24.42,0.97865,3.138,14.06,25.08,14,2
27.617,hall_mission,9x4.5,pi5,0.874,12.899,-2.056,0.243,0.547,0.048,0.601,-1.90,-8.21,55.53,0.5310,0.5257,0.3928,0.3817,8068,27.537,702.0,374.3,467.9,22.6,490.5,20.09,24.42,0.97861,3.145,13.95,25.08,14,2
27.669,hall_mission,9x4.5,pi5,0.885,12.919,-2.052,0.275,0.559,0.058,0.625,-1.59,-8.77,53.62,0.5323,0.5296,0.3943,0.3861,8109,27.805,708.8,379.6,474.5,22.6,497.1,20.37,24.41,0.97856,3.152,13.76,25.08,14,2
27.717,hall_mission,9x4.5,pi5,0.903,12.947,-2.047,0.320,0.579,0.068,0.665,-1.08,-9.27,51.10,0.5351,0.5323,0.3939,0.3885,8136,28.000,713.8,383.8,479.7,22.6,502.3,20.59,24.40,0.97851,3.159,13.61,25.08,14,2
27.761,hall_mission,9x4.5,pi5,0.918,12.969,-2.042,0.352,0.595,0.072,0.695,-0.75,-9.43,49.66,0.5357,0.5348,0.3938,0.3904,8153,28.122,716.9,386.3,482.9,22.6,505.5,20.72,24.40,0.97847,3.165,13.53,25.08,14,2
27.813,hall_mission,9x4.5,pi5,0.945,13.006,-2.035,0.401,0.622,0.074,0.744,-0.29,-9.47,47.84,0.5358,0.5346,0.3955,0.3935,8171,28.225,719.5,388.1,485.1,22.6,507.7,20.81,24.39,0.97842,3.172,13.46,25.08,14,2
27.861,hall_mission,9x4.5,pi5,0.963,13.031,-2.031,0.430,0.640,0.074,0.774,-0.03,-9.40,46.86,0.5330,0.5327,0.3992,0.3974,8181,28.258,720.4,388.1,485.1,22.6,507.7,20.81,24.39,0.97837,3.179,13.46,25.08,14,2
27.913,hall_mission,9x4.5,pi5,0.991,13.067,-2.025,0.466,0.663,0.072,0.814,0.30,-9.21,45.73,0.5273,0.5287,0.4035,0.4048,8188,28.249,720.1,386.7,483.3,22.6,505.9,20.74,24.40,0.97832,3.186,13.51,25.08,14,2
27.961,hall_mission,9x4.5,pi5,1.012,13.094,-2.021,0.490,0.679,0.071,0.841,0.46,-9.04,45.19,0.5219,0.5219,0.4105,0.4117,8194,28.221,719.4,384.8,481.0,22.6,503.6,20.64,24.40,0.97828,3.193,13.57,25.08,14,2
28.013,hall_mission,9x4.5,pi5,1.048,13.139,-2.016,0.524,0.703,0.067,0.879,0.64,-8.76,44.65,0.5137,0.5143,0.4192,0.4206,8201,28.193,718.7,382.7,478.4,22.6,501.0,20.53,24.40,0.97823,3.200,13.65,25.08,14,2
28.061,hall_mission,9x4.5,pi5,1.072,13.168,-2.012,0.542,0.717,0.066,0.901,0.72,-8.57,44.45,0.5048,0.5075,0.4279,0.4292,8207,28.171,718.2,381.1,476.3,22.6,498.9,20.44,24.40,0.97818,3.207,13.70,25.08,14,2
28.113,hall_mission,9x4.5,pi5,1.107,13.210,-2.008,0.565,0.734,0.063,0.929,0.79,-8.28,44.35,0.4968,0.4983,0.4370,0.4388,8212,28.151,717.6,379.6,474.4,22.6,497.0,20.37,24.41,0.97813,3.214,13.75,25.08,14,2
28.161,hall_mission,9x4.5,pi5,1.132,13.241,-2.005,0.580,0.745,0.061,0.946,0.82,-8.10,44.39,0.4883,0.4912,0.4458,0.4470,8217,28.152,717.7,378.9,473.6,22.6,496.2,20.33,24.41,0.97809,3.221,13.78,25.08,14,2
28.213,hall_mission,9x4.5,pi5,1.173,13.292,-2.000,0.600,0.761,0.058,0.970,0.83,-7.85,44.55,0.4811,0.4833,0.4540,0.4558,8224,28.173,718.2,378.8,473.5,22.6,496.1,20.33,24.41,0.97804,3.228,13.78,25.08,14,2
28.261,hall_mission,9x4.5,pi5,1.200,13.324,-1.997,0.610,0.769,0.056,0.983,0.83,-7.70,44.71,0.4747,0.4776,0.4609,0.4626,8230,28.200,718.9,379.1,473.8,22.6,496.4,20.34,24.41,0.97800,3.235,13.77,25.08,14,2
28.313,hall_mission,9x4.5,pi5,1.237,13.369,-1.993,0.622,0.779,0.053,0.999,0.81,-7.49,44.98,0.4697,0.4719,0.4666,0.4689,8235,28.230,719.7,379.6,474.5,22.6,497.1,20.37,24.40,0.97795,3.242,13.75,25.08,14,2
28.361,hall_mission,9x4.5,pi5,1.263,13.402,-1.991,0.630,0.785,0.050,1.008,0.79,-7.37,45.17,0.4653,0.4684,0.4710,0.4734,8238,28.255,720.3,380.1,475.1,22.6,497.7,20.40,24.40,0.97790,3.248,13.73,25.08,14,2
28.413,hall_mission,9x4.5,pi5,1.305,13.455,-1.987,0.639,0.794,0.046,1.020,0.76,-7.21,45.44,0.4629,0.4646,0.4742,0.4771,8241,28.276,720.8,380.6,475.7,22.6,498.3,20.42,24.40,0.97785,3.256,13.71,25.08,14,2
28.461,hall_mission,9x4.5,pi5,1.332,13.489,-1.985,0.644,0.798,0.043,1.026,0.74,-7.12,45.61,0.4604,0.4635,0.4770,0.4785,8243,28.292,721.2,380.9,476.2,22.6,498.8,20.44,24.40,0.97781,3.262,13.70,25.08,14,2
28.513,hall_mission,9x4.5,pi5,1.369,13.535,-1.982,0.649,0.803,0.039,1.034,0.70,-7.00,45.81,0.4599,0.4620,0.4782,0.4794,8243,28.295,721.3,381.0,476.3,22.6,498.9,20.45,24.40,0.97776,3.269,13.69,25.08,14,2
28.561,hall_mission,9x4.5,pi5,1.395,13.569,-1.980,0.653,0.806,0.036,1.037,0.68,-6.94,45.92,0.4593,0.4623,0.4784,0.4797,8244,28.299,721.4,381.1,476.4,22.6,499.0,20.45,24.40,0.97771,3.276,13.69,25.08,14,2
28.613,hall_mission,9x4.5,pi5,1.437,13.622,-1.977,0.657,0.809,0.032,1.042,0.65,-6.86,46.02,0.4597,0.4630,0.4776,0.4797,8245,28.308,721.7,381.3,476.6,22.6,499.2,20.46,24.40,0.97766,3.283,13.68,25.08,14,2
28.661,hall_mission,9x4.5,pi5,1.463,13.655,-1.975,0.659,0.810,0.029,1.045,0.64,-6.82,46.07,0.4665,0.4823,0.4740,0.4590,8251,28.348,722.7,382.1,477.6,22.6,500.2,20.50,24.40,0.97762,3.290,13.65,25.08,14,2
28.713,hall_mission,9x4.5,pi5,1.500,13.701,-1.973,0.661,0.812,0.022,1.047,0.82,-6.78,46.12,0.5055,0.5104,0.4297,0.4336,8242,28.406,724.2,385.7,482.2,22.6,504.8,20.69,24.39,0.97757,3.297,13.53,25.08,14,2
28.761,hall_mission,9x4.5,pi5,1.526,13.734,-1.972,0.662,0.814,0.014,1.049,1.09,-6.74,46.24,0.5259,0.5274,0.4085,0.4115,8221,28.434,724.9,389.7,487.1,22.6,509.7,20.90,24.38,0.97752,3.304,13.39,25.08,14,2
28.813,hall_mission,9x4.5,pi5,1.567,13.787,-1.971,0.659,0.820,0.003,1.052,1.48,-6.69,46.64,0.5308,0.5306,0.4008,0.4052,8199,28.345,722.6,389.0,486.3,22.6,508.9,20.87,24.39,0.97747,3.311,13.41,25.08,14,2
28.861,hall_mission,9x4.5,pi5,1.593,13.820,-1.971,0.654,0.825,-0.000,1.053,1.68,-6.68,47.10,0.5242,0.5244,0.4061,0.4102,8190,28.222,719.5,385.3,481.7,22.6,504.3,20.67,24.39,0.97742,3.318,13.54,25.08,14,2
28.913,hall_mission,9x4.5,pi5,1.628,13.867,-1.971,0.647,0.832,-0.003,1.054,1.84,-6.67,48.05,0.5104,0.5111,0.4190,0.4235,8187,28.079,715.8,380.0,475.1,22.6,497.7,20.40,24.40,0.97738,3.325,13.72,25.08,14,2
28.961,hall_mission,9x4.5,pi5,1.653,13.900,-1.971,0.641,0.838,-0.003,1.055,1.86,-6.68,48.82,0.4949,0.4955,0.4352,0.4382,8186,27.975,713.2,376.0,469.9,22.6,492.5,20.18,24.40,0.97733,3.332,13.87,25.08,14,2
29.013,hall_mission,9x4.5,pi5,1.692,13.955,-1.971,0.630,0.847,-0.003,1.056,1.85,-6.71,50.13,0.5025,0.5130,0.4317,0.4206,8200,28.143,717.5,380.8,476.0,22.6,498.6,20.44,24.40,0.97728,3.339,13.69,25.08,14,2
29.061,hall_mission,9x4.5,pi5,1.716,13.989,-1.972,0.622,0.854,-0.004,1.056,2.03,-6.71,51.10,0.5288,0.5330,0.3994,0.4052,8195,28.323,722.0,388.7,485.9,22.6,508.5,20.85,24.38,0.97724,3.346,13.42,25.08,14,2
29.113,hall_mission,9x4.5,pi5,1.750,14.037,-1.972,0.609,0.865,-0.009,1.057,2.42,-6.68,52.80,0.5368,0.5369,0.3923,0.3968,8182,28.314,721.8,390.1,487.7,22.6,510.3,20.93,24.38,0.97718,3.353,13.37,25.08,14,2
29.161,hall_mission,9x4.5,pi5,1.773,14.072,-1.972,0.597,0.873,-0.012,1.058,2.62,-6.67,54.12,0.5273,0.5261,0.4004,0.4065,8174,28.147,717.5,384.5,480.7,22.6,503.3,20.64,24.39,0.97714,3.360,13.56,25.08,14,2
29.213,hall_mission,9x4.5,pi5,1.808,14.128,-1.973,0.574,0.888,-0.012,1.058,2.75,-6.71,56.38,0.5057,0.5063,0.4215,0.4262,8171,27.944,712.4,376.8,471.0,22.6,493.6,20.23,24.40,0.97709,3.367,13.83,25.08,14,2
29.261,hall_mission,9x4.5,pi5,1.830,14.164,-1.973,0.559,0.898,-0.011,1.058,2.72,-6.76,58.00,0.4834,0.4824,0.4445,0.4496,8172,27.831,709.5,372.1,465.2,22.6,487.8,19.98,24.41,0.97705,3.374,14.00,25.08,14,2
29.313,hall_mission,9x4.5,pi5,1.859,14.215,-1.974,0.538,0.911,-0.009,1.058,2.55,-6.85,60.53,0.4575,0.4584,0.4716,0.4737,8177,27.839,709.7,371.8,464.8,22.6,487.4,19.97,24.41,0.97700,3.381,14.01,25.08,14,2
29.361,hall_mission,9x4.5,pi5,1.879,14.252,-1.975,0.523,0.920,-0.007,1.059,2.37,-6.92,62.19,0.4371,0.4379,0.4923,0.4952,8182,27.937,712.2,375.1,468.9,22.6,491.5,20.14,24.40,0.97695,3.387,13.89,25.08,14,2
29.413,hall_mission,9x4.5,pi5,1.910,14.312,-1.975,0.500,0.934,-0.005,1.059,2.04,-7.00,64.56,0.4184,0.4207,0.5109,0.5134,8185,28.078,715.8,380.3,475.4,22.6,498.0,20.41,24.39,0.97690,3.394,13.70,25.08,14,2
29.461,hall_mission,9x4.5,pi5,1.929,14.349,-1.975,0.487,0.942,-0.005,1.061,1.81,-7.05,65.99,0.4072,0.4080,0.5229,0.5251,8184,28.182,718.4,384.5,480.7,22.6,503.3,20.64,24.39,0.97686,3.401,13.55,25.08,14,2
29.513,hall_mission,9x4.5,pi5,1.954,14.403,-1.976,0.471,0.953,-0.006,1.063,1.45,-7.09,67.86,0.3987,0.4009,0.5302,0.5325,8181,28.240,719.9,387.4,484.2,22.6,506.8,20.79,24.38,0.97681,3.408,13.45,25.08,14,2
29.561,hall_mission,9x4.5,pi5,1.971,14.442,-1.976,0.460,0.960,-0.007,1.064,1.23,-7.11,68.89,0.3963,0.3981,0.5326,0.5345,8178,28.248,720.1,388.1,485.1,22.6,507.7,20.82,24.38,0.97676,3.415,13.43,25.08,14,2
29.613,hall_mission,9x4.5,pi5,1.999,14.504,-1.977,0.445,0.969,-0.008,1.067,0.93,-7.11,70.11,0.3977,0.4000,0.5312,0.5323,8177,28.222,719.5,387.1,483.9,22.6,506.5,20.78,24.38,0.97671,3.422,13.46,25.08,14,2
29.661,hall_mission,9x4.5,pi5,2.015,14.544,-1.977,0.438,0.975,-0.007,1.069,0.76,-7.11,70.71,0.4026,0.4045,0.5264,0.5277,8177,28.170,718.1,385.0,481.3,22.6,503.9,20.66,24.38,0.97667,3.429,13.53,25.08,14,2
29.713,hall_mission,9x4.5,pi5,2.038,14.599,-1.977,0.429,0.982,-0.007,1.071,0.55,-7.10,71.30,0.4098,0.4129,0.5193,0.5198,8179,28.105,716.5,382.2,477.7,22.6,500.3,20.51,24.39,0.97662,3.436,13.63,25.08,14,2
29.761,hall_mission,9x4.5,pi5,2.054,14.639,-1.977,0.423,0.986,-0.006,1.073,0.43,-7.09,71.52,0.4187,0.4215,0.5103,0.5121,8182,28.052,715.1,379.6,474.5,22.6,497.1,20.38,24.39,0.97657,3.443,13.72,25.08,14,2
29.813,hall_mission,9x4.5,pi5,2.079,14.703,-1.977,0.415,0.992,-0.005,1.076,0.31,-7.06,71.61,0.4290,0.4320,0.5012,0.5020,8188,28.020,714.3,377.6,472.0,22.6,494.6,20.27,24.39,0.97652,3.450,13.79,25.08,14,2
29.861,hall_mission,9x4.5,pi5,2.095,14.744,-1.977,0.412,0.995,-0.003,1.077,0.24,-7.05,71.56,0.4390,0.4415,0.4916,0.4941,8195,28.018,714.3,376.5,470.7,22.6,493.3,20.22,24.40,0.97648,3.457,13.82,25.08,14,2
29.913,hall_mission,9x4.5,pi5,2.116,14.800,-1.976,0.407,0.998,-0.001,1.078,0.18,-7.04,71.33,0.4486,0.4516,0.4834,0.4845,8202,28.032,714.6,376.1,470.1,22.6,492.7,20.20,24.40,0.97643,3.464,13.84,25.08,14,2
29.961,hall_mission,9x4.5,pi5,2.132,14.840,-1.976,0.405,1.000,-0.000,1.079,0.15,-7.03,71.13,0.4569,0.4598,0.4763,0.4772,8210,28.067,715.5,376.5,470.6,22.6,493.2,20.22,24.40,0.97638,3.470,13.83,25.07,14,2
30.013,hall_mission,9x4.5,pi5,2.156,14.904,-1.975,0.402,1.003,0.001,1.081,0.13,-7.02,70.76,0.4646,0.4673,0.4694,0.4709,8217,28.109,716.6,377.2,471.4,22.6,494.0,20.25,24.39,0.97633,3.478,13.80,25.07,14,2
30.061,hall_mission,9x4.5,pi5,2.172,14.944,-1.975,0.401,1.004,0.002,1.081,0.13,-7.01,70.51,0.4703,0.4728,0.4649,0.4658,8223,28.148,717.6,377.9,472.4,22.6,495.0,20.29,24.39,0.97629,3.484,13.77,25.07,14,2
30.113,hall_mission,9x4.5,pi5,2.194,15.000,-1.974,0.400,1.006,0.002,1.082,0.13,-7.01,70.15,0.4748,0.4773,0.4609,0.4621,8227,28.182,718.4,378.7,473.4,22.6,496.0,20.34,24.39,0.97624,3.491,13.74,25.07,14,2
30.161,hall_mission,9x4.5,pi5,2.209,15.040,-1.973,0.399,1.007,0.002,1.083,0.13,-7.01,69.92,0.4778,0.4799,0.4587,0.4596,8231,28.211,719.2,379.4,474.2,22.6,496.8,20.37,24.39,0.97620,3.498,13.72,25.07,14,2
30.213,hall_mission,9x4.5,pi5,2.235,15.104,-1.972,0.399,1.008,0.002,1.084,0.14,-7.01,69.63,0.4801,0.4813,0.4573,0.4583,8234,28.237,719.8,380.0,475.0,22.6,497.6,20.40,24.39,0.97615,3.505,13.70,25.07,14,2
30.261,hall_mission,9x4.5,pi5,2.250,15.143,-1.972,0.399,1.008,0.002,1.084,0.15,-7.01,69.48,0.4802,0.4824,0.4567,0.4583,8236,28.254,720.3,380.3,475.4,22.6,498.0,20.42,24.39,0.97610,3.512,13.68,25.07,14,2
30.313,hall_mission,9x4.5,pi5,2.273,15.199,-1.971,0.399,1.009,0.001,1.085,0.16,-7.02,69.30,0.4800,0.4822,0.4577,0.4586,8239,28.273,720.8,380.7,475.9,22.6,498.5,20.44,24.39,0.97605,3.519,13.67,25.07,14,2
30.361,hall_mission,9x4.5,pi5,2.289,15.238,-1.970,0.399,1.010,0.001,1.086,0.16,-7.02,69.22,0.4895,0.5016,0.4504,0.4383,8244,28.357,722.9,383.4,479.2,22.6,501.8,20.58,24.38,0.97601,3.526,13.57,25.07,14,2
30.413,hall_mission,9x4.5,pi5,2.315,15.302,-1.970,0.399,1.011,-0.006,1.087,0.40,-7.03,69.19,0.5261,0.5316,0.4084,0.4103,8232,28.523,727.1,391.8,489.8,22.6,512.4,21.03,24.37,0.97596,3.533,13.29,25.07,14,2
30.461,hall_mission,9x4.5,pi5,2.331,15.342,-1.970,0.398,1.014,-0.014,1.089,0.71,-7.01,69.32,0.5447,0.5440,0.3885,0.3920,8206,28.552,727.9,396.5,495.6,22.6,518.2,21.27,24.36,0.97591,3.540,13.13,25.07,14,2
30.513,hall_mission,9x4.5,pi5,2.354,15.398,-1.971,0.392,1.018,-0.023,1.091,1.14,-6.97,69.84,0.5441,0.5440,0.3854,0.3895,8183,28.414,724.4,394.0,492.5,22.6,515.1,21.14,24.36,0.97586,3.547,13.21,25.07,14,2
30.561,hall_mission,9x4.5,pi5,2.370,15.438,-1.971,0.385,1.021,-0.026,1.091,1.34,-6.95,70.42,0.5333,0.5328,0.3943,0.3990,8171,28.200,718.9,387.1,483.9,22.6,506.5,20.78,24.37,0.97581,3.554,13.44,25.07,14,2
30.613,hall_mission,9x4.5,pi5,2.394,15.503,-1.973,0.372,1.026,-0.028,1.091,1.50,-6.94,71.60,0.5141,0.5154,0.4125,0.4159,8165,27.973,713.1,378.8,473.5,22.6,496.1,20.35,24.39,0.97576,3.561,13.73,25.07,14,2
30.661,hall_mission,9x4.5,pi5,2.409,15.544,-1.974,0.363,1.029,-0.026,1.091,1.52,-6.95,72.55,0.4959,0.4950,0.4313,0.4358,8165,27.841,709.7,373.4,466.8,22.6,489.4,20.06,24.39,0.97572,3.568,13.92,25.07,14,2
30.713,hall_mission,9x4.5,pi5,2.429,15.601,-1.975,0.348,1.033,-0.023,1.090,1.44,-6.98,74.12,0.4741,0.4757,0.4534,0.4563,8171,27.801,708.7,371.1,463.9,22.6,486.5,19.94,24.40,0.97567,3.575,14.00,25.07,14,2
30.761,hall_mission,9x4.5,pi5,2.442,15.643,-1.976,0.338,1.036,-0.020,1.090,1.34,-7.00,75.22,0.4574,0.4585,0.4720,0.4739,8179,27.855,710.1,372.1,465.2,22.6,487.8,19.99,24.40,0.97563,3.581,13.97,25.07,14,2
30.813,hall_mission,9x4.5,pi5,2.463,15.709,-1.977,0.323,1.040,-0.015,1.089,1.14,-7.04,76.82,0.4419,0.4439,0.4880,0.4905,8188,27.959,712.8,375.1,468.8,22.6,491.4,20.15,24.39,0.97558,3.588,13.86,25.07,14,2
30.861,hall_mission,9x4.5,pi5,2.475,15.750,-1.977,0.314,1.043,-0.013,1.089,0.99,-7.06,77.82,0.4320,0.4330,0.4991,0.5020,8194,28.055,715.2,378.1,472.6,22.6,495.2,20.31,24.39,0.97553,3.595,13.75,25.07,14,2
30.913,hall_mission,9x4.5,pi5,2.492,15.809,-1.978,0.302,1.046,-0.011,1.089,0.76,-7.09,79.16,0.4239,0.4263,0.5079,0.5090,8199,28.134,717.2,380.7,475.9,22.6,498.5,20.45,24.38,0.97548,3.602,13.65,25.07,14,2
30.961,hall_mission,9x4.5,pi5,2.503,15.850,-1.978,0.295,1.048,-0.010,1.089,0.62,-7.10,79.93,0.4204,0.4230,0.5124,0.5121,8201,28.179,718.4,382.2,477.7,22.6,500.3,20.52,24.38,0.97544,3.609,13.60,25.07,14,2
31.013,hall_mission,9x4.5,pi5,2.520,15.917,-1.978,0.284,1.052,-0.009,1.090,0.43,-7.11,80.85,0.4208,0.4221,0.5125,0.5133,8204,28.204,719.0,382.7,478.4,22.6,501.0,20.55,24.38,0.97539,3.616,13.58,25.07,14,2
31.061,hall_mission,9x4.5,pi5,2.530,15.959,-1.978,0.277,1.054,-0.009,1.090,0.32,-7.12,81.32,0.4229,0.4246,0.5099,0.5121,8207,28.206,719.1,382.4,478.1,22.6,500.7,20.54,24.38,0.97534,3.623,13.59,25.07,14,2
31.113,hall_mission,9x4.5,pi5,2.544,16.018,-1.978,0.270,1.057,-0.008,1.091,0.18,-7.12,81.81,0.4271,0.4297,0.5059,0.5075,8210,28.193,718.7,381.5,476.9,22.6,499.5,20.49,24.38,0.97529,3.630,13.62,25.07,14,2
31.161,hall_mission,9x4.5,pi5,2.554,16.060,-1.978,0.265,1.058,-0.008,1.091,0.10,-7.12,82.01,0.4322,0.4355,0.5008,0.5020,8211,28.168,718.1,380.3,475.4,22.6,498.0,20.43,24.38,0.97525,3.637,13.66,25.07,14,2
31.213,hall_mission,9x4.5,pi5,2.569,16.127,-1.978,0.258,1.061,-0.008,1.092,0.01,-7.12,82.14,0.4394,0.4417,0.4947,0.4951,8212,28.139,717.3,379.0,473.8,22.6,496.4,20.36,24.38,0.97520,3.644,13.71,25.07,14,2
31.261,hall_mission,9x4.5,pi5,2.578,16.169,-1.978,0.255,1.062,-0.007,1.092,-0.04,-7.11,82.14,0.4461,0.4479,0.4884,0.4889,8213,28.122,716.9,378.2,472.7,22.6,495.3,20.31,24.38,0.97515,3.651,13.74,25.07,14,2
31.313,hall_mission,9x4.5,pi5,2.591,16.228,-1.979,0.251,1.063,-0.006,1.092,-0.09,-7.12,82.02,0.4521,0.4555,0.4812,0.4831,8216,28.119,716.8,377.7,472.1,22.6,494.7,20.29,24.38,0.97510,3.658,13.75,25.07,14,2
31.361,hall_mission,9x4.5,pi5,2.600,16.270,-1.979,0.249,1.063,-0.006,1.092,-0.11,-7.12,81.90,0.4586,0.4606,0.4759,0.4776,8218,28.123,716.9,377.6,472.0,22.6,494.6,20.28,24.38,0.97506,3.664,13.76,25.07,14,2
31.413,hall_mission,9x4.5,pi5,2.615,16.337,-1.979,0.246,1.064,-0.005,1.093,-0.12,-7.13,81.66,0.4637,0.4662,0.4713,0.4720,8221,28.135,717.2,377.7,472.1,22.6,494.7,20.29,24.38,0.97501,3.671,13.75,25.07,14,2
31.461,hall_mission,9x4.5,pi5,2.624,16.379,-1.980,0.245,1.065,-0.004,1.093,-0.12,-7.13,81.49,0.4678,0.4704,0.4671,0.4686,8223,28.150,717.6,378.0,472.5,22.6,495.1,20.31,24.38,0.97496,3.678,13.74,25.07,14,2
31.513,hall_mission,9x4.5,pi5,2.637,16.438,-1.980,0.244,1.066,-0.003,1.094,-0.11,-7.14,81.24,0.4717,0.4735,0.4643,0.4650,8225,28.164,718.0,378.3,472.9,22.6,495.5,20.32,24.38,0.97492,3.685,13.73,25.07,14,2
31.561,hall_mission,9x4.5,pi5,2.646,16.481,-1.980,0.243,1.067,-0.003,1.094,-0.11,-7.15,81.08,0.4892,0.5040,0.4513,0.4315,8231,28.275,720.8,382.0,477.5,22.6,500.1,20.52,24.37,0.97487,3.692,13.60,25.07,14,2
31.613,hall_mission,9x4.5,pi5,2.660,16.549,-1.981,0.240,1.070,-0.010,1.096,0.24,-7.16,80.94,0.5444,0.5509,0.3868,0.3887,8212,28.632,729.9,398.9,498.7,22.6,521.3,21.41,24.35,0.97482,3.699,13.03,25.07,14,2
31.661,hall_mission,9x4.5,pi5,2.668,16.592,-1.981,0.236,1.073,-0.021,1.098,0.68,-7.11,81.03,0.5734,0.5715,0.3544,0.3601,8171,28.807,734.4,411.4,514.2,22.6,536.8,22.07,24.33,0.97477,3.707,12.64,25.07,14,2
31.713,hall_mission,9x4.5,pi5,2.680,16.653,-1.983,0.225,1.077,-0.037,1.101,1.30,-7.03,81.61,0.5748,0.5730,0.3469,0.3527,8127,28.595,729.0,408.6,510.8,22.6,533.4,21.92,24.33,0.97472,3.714,12.72,25.07,14,2
31.761,hall_mission,9x4.5,pi5,2.688,16.696,-1.985,0.213,1.080,-0.043,1.102,1.59,-6.99,82.33,0.5595,0.5594,0.3566,0.3640,8098,28.171,718.2,395.5,494.3,22.6,516.9,21.23,24.35,0.97467,3.721,13.14,25.07,14,2
31.813,hall_mission,9x4.5,pi5,2.700,16.767,-1.989,0.192,1.083,-0.045,1.101,1.81,-6.95,83.87,0.5342,0.5348,0.3804,0.3862,8085,27.710,706.4,379.0,473.7,22.6,496.3,20.36,24.38,0.97462,3.728,13.70,25.07,14,2
31.853,hall_mission,9x4.5,pi5,2.707,16.811,-1.991,0.177,1.084,-0.041,1.099,1.84,-6.95,85.13,0.5128,0.5123,0.4021,0.4088,8086,27.468,700.2,369.3,461.6,22.6,484.2,19.85,24.39,0.97458,3.734,14.05,25.07,14,2
31.905,hall_mission,9x4.5,pi5,2.712,16.855,-1.993,0.162,1.085,-0.035,1.097,1.79,-6.96,86.53,0.4832,0.4847,0.4345,0.4373,8099,27.357,697.4,363.1,453.9,22.6,476.5,19.53,24.40,0.97454,3.741,14.28,25.07,14,2
31.953,hall_mission,9x4.5,pi5,2.720,16.916,-1.995,0.141,1.085,-0.024,1.094,1.59,-7.01,88.75,0.4591,0.4609,0.4613,0.4640,8119,27.443,699.6,363.8,454.8,22.6,477.4,19.57,24.40,0.97449,3.747,14.25,25.06,14,2
32.005,hall_mission,9x4.5,pi5,2.725,16.969,-1.996,0.123,1.085,-0.015,1.092,1.39,-7.04,90.39,0.4381,0.4383,0.4859,0.4894,8143,27.656,705.0,369.1,461.4,22.6,484.0,19.84,24.39,0.97445,3.754,14.05,25.06,14,2
32.053,hall_mission,9x4.5,pi5,2.730,17.030,-1.997,0.104,1.085,-0.007,1.090,1.13,-7.08,92.37,0.4294,0.4492,0.4981,0.4807,8163,27.806,708.8,372.3,465.4,22.6,488.0,20.01,24.39,0.97440,3.760,13.93,25.06,14,2
32.105,hall_mission,9x4.5,pi5,2.733,17.073,-1.997,0.091,1.085,-0.003,1.089,1.09,-7.08,93.69,0.4731,0.4759,0.4544,0.4577,8176,27.838,709.7,371.8,464.8,22.6,487.4,19.99,24.39,0.97435,3.767,13.95,25.06,14,2
32.153,hall_mission,9x4.5,pi5,2.736,17.135,-1.996,0.071,1.085,-0.001,1.087,1.35,-7.02,95.62,0.4958,0.4938,0.4329,0.4394,8180,27.929,712.0,375.0,468.8,22.6,491.4,20.16,24.38,0.97431,3.774,13.83,25.06,14,2
32.205,hall_mission,9x4.5,pi5,2.738,17.178,-1.996,0.055,1.084,0.000,1.085,1.54,-6.99,96.96,0.4990,0.4985,0.4312,0.4349,8185,27.985,713.4,376.6,470.7,22.6,493.3,20.24,24.38,0.97426,3.781,13.77,25.06,14,2
32.253,hall_mission,9x4.5,pi5,2.739,17.248,-1.996,0.025,1.081,0.004,1.082,1.71,-6.98,99.08,0.4915,0.4905,0.4385,0.4454,8194,28.006,713.9,376.1,470.2,22.6,492.8,20.21,24.38,0.97421,3.788,13.79,25.06,14,2
32.305,hall_mission,9x4.5,pi5,2.739,17.292,-1.995,0.006,1.079,0.006,1.079,1.72,-6.99,100.55,0.4755,0.4761,0.4562,0.4602,8202,28.011,714.1,375.3,469.1,22.6,491.7,20.17,24.38,0.97417,3.795,13.82,25.06,14,2
32.353,hall_mission,9x4.5,pi5,2.737,17.353,-1.994,-0.021,1.076,0.007,1.076,1.62,-7.01,102.80,0.4599,0.4591,0.4730,0.4771,8205,28.034,714.7,375.8,469.7,22.6,492.3,20.20,24.38,0.97412,3.801,13.80,25.06,14,2
32.405,hall_mission,9x4.5,pi5,2.735,17.396,-1.993,-0.041,1.073,0.007,1.074,1.47,-7.04,104.28,0.4416,0.4434,0.4912,0.4935,8208,28.102,716.4,378.1,472.6,22.6,495.2,20.32,24.37,0.97407,3.809,13.71,25.06,14,2
32.453,hall_mission,9x4.5,pi5,2.729,17.465,-1.992,-0.071,1.069,0.005,1.071,1.18,-7.07,106.51,0.4295,0.4289,0.5042,0.5072,8208,28.175,718.3,381.0,476.3,22.6,498.9,20.47,24.37,0.97403,3.815,13.61,25.06,14,2
32.505,hall_mission,9x4.5,pi5,2.725,17.508,-1.991,-0.088,1.066,0.004,1.070,0.99,-7.08,107.65,0.4173,0.4194,0.5155,0.5172,8207,28.249,720.1,384.2,480.2,22.6,502.8,20.64,24.36,0.97398,3.822,13.50,25.06,14,2
32.553,hall_mission,9x4.5,pi5,2.717,17.567,-1.990,-0.110,1.063,0.002,1.069,0.67,-7.08,109.33,0.4118,0.4124,0.5211,0.5236,8205,28.291,721.2,386.2,482.7,22.6,505.3,20.74,24.36,0.97393,3.829,13.43,25.06,14,2
32.605,hall_mission,9x4.5,pi5,2.711,17.610,-1.989,-0.125,1.061,0.000,1.069,0.46,-7.07,110.27,0.4077,0.4107,0.5240,0.5255,8201,28.294,721.3,386.7,483.4,22.6,506.0,20.77,24.36,0.97388,3.836,13.41,25.06,14,2
32.653,hall_mission,9x4.5,pi5,2.699,17.677,-1.988,-0.146,1.058,-0.002,1.068,0.18,-7.05,111.41,0.4140,0.4286,0.5187,0.5062,8200,28.177,718.3,382.2,477.8,22.6,500.4,20.54,24.36,0.97384,3.843,13.56,25.06,14,2
32.705,hall_mission,9x4.5,pi5,2.692,17.719,-1.988,-0.158,1.056,-0.004,1.068,0.13,-7.03,111.99,0.4551,0.4592,0.4744,0.4776,8196,27.971,713.1,374.5,468.2,22.6,490.8,20.13,24.38,0.97379,3.850,13.84,25.06,14,2
32.753,hall_mission,9x4.5,pi5,2.680,17.778,-1.987,-0.175,1.053,-0.006,1.068,0.32,-6.97,112.76,0.4808,0.4807,0.4502,0.4533,8191,27.946,712.4,374.3,467.8,22.6,490.4,20.12,24.38,0.97374,3.857,13.85,25.06,14,2
32.805,hall_mission,9x4.5,pi5,2.671,17.820,-1.987,-0.188,1.050,-0.007,1.067,0.46,-6.93,113.28,0.4921,0.4924,0.4383,0.4423,8191,27.991,713.6,376.0,470.0,22.6,492.6,20.21,24.37,0.97369,3.864,13.78,25.06,14,2
32.853,hall_mission,9x4.5,pi5,2.655,17.887,-1.987,-0.210,1.043,-0.004,1.064,0.61,-6.89,114.14,0.4940,0.4928,0.4378,0.4423,8197,28.037,714.8,377.0,471.2,22.6,493.8,20.26,24.37,0.97365,3.870,13.75,25.06,14,2
32.905,hall_mission,9x4.5,pi5,2.645,17.928,-1.987,-0.224,1.038,-0.002,1.062,0.65,-6.87,114.79,0.4873,0.4890,0.4454,0.4478,8207,28.079,715.8,377.3,471.6,22.6,494.2,20.28,24.37,0.97360,3.878,13.73,25.06,14,2
32.953,hall_mission,9x4.5,pi5,2.629,17.985,-1.986,-0.243,1.031,0.000,1.059,0.60,-6.86,115.85,0.4802,0.4797,0.4538,0.4578,8214,28.103,716.4,377.3,471.6,22.6,494.2,20.28,24.37,0.97355,3.884,13.73,25.06,14,2
33.005,hall_mission,9x4.5,pi5,2.617,18.026,-1.985,-0.257,1.026,0.001,1.058,0.53,-6.86,116.60,0.4684,0.4709,0.4658,0.4679,8220,28.130,717.1,377.6,472.0,22.6,494.6,20.30,24.37,0.97351,3.891,13.72,25.06,14,2
33.053,hall_mission,9x4.5,pi5,2.597,18.090,-1.984,-0.277,1.018,0.001,1.055,0.36,-6.86,117.73,0.4573,0.4684,0.4793,0.4696,8226,28.174,718.2,378.6,473.2,22.6,495.8,20.35,24.37,0.97346,3.898,13.68,25.06,14,2
33.105,hall_mission,9x4.5,pi5,2.584,18.129,-1.983,-0.288,1.013,0.000,1.054,0.28,-6.85,118.46,0.4983,0.4995,0.4410,0.4364,8227,28.259,720.4,381.8,477.2,22.6,499.8,20.52,24.36,0.97341,3.905,13.57,25.06,14,2
33.153,hall_mission,9x4.5,pi5,2.565,18.185,-1.982,-0.306,1.007,-0.006,1.052,0.62,-6.78,119.62,0.5321,0.5338,0.3992,0.4062,8214,28.456,725.4,391.6,489.5,22.6,512.1,21.03,24.35,0.97336,3.912,13.24,25.06,14,2
33.205,hall_mission,9x4.5,pi5,2.551,18.224,-1.982,-0.320,1.000,-0.013,1.050,0.93,-6.70,120.54,0.5439,0.5453,0.3852,0.3895,8187,28.441,725.1,394.7,493.3,22.6,515.9,21.20,24.34,0.97331,3.919,13.13,25.06,14,2
33.253,hall_mission,9x4.5,pi5,2.527,18.286,-1.982,-0.345,0.987,-0.021,1.045,1.29,-6.62,122.24,0.5381,0.5370,0.3879,0.3968,8172,28.261,720.5,389.4,486.8,22.6,509.4,20.92,24.35,0.97327,3.926,13.31,25.06,14,2
33.305,hall_mission,9x4.5,pi5,2.511,18.324,-1.982,-0.362,0.976,-0.022,1.041,1.41,-6.59,123.59,0.5182,0.5186,0.4084,0.4132,8167,28.020,714.3,380.4,475.5,22.6,498.1,20.45,24.36,0.97322,3.933,13.61,25.06,14,2
33.353,hall_mission,9x4.5,pi5,2.488,18.377,-1.982,-0.386,0.960,-0.022,1.035,1.42,-6.58,125.85,0.4961,0.4947,0.4305,0.4368,8166,27.844,709.8,373.5,466.9,22.6,489.5,20.08,24.37,0.97317,3.940,13.86,25.06,14,2
33.405,hall_mission,9x4.5,pi5,2.471,18.415,-1.982,-0.403,0.948,-0.021,1.031,1.32,-6.59,127.46,0.4688,0.4707,0.4581,0.4621,8172,27.801,708.7,371.0,463.8,22.6,486.4,19.95,24.38,0.97313,3.947,13.95,25.06,14,2
33.453,hall_mission,9x4.5,pi5,2.442,18.474,-1.982,-0.429,0.930,-0.017,1.024,1.07,-6.62,129.90,0.4483,0.4477,0.4812,0.4846,8179,27.877,710.7,373.0,466.3,22.6,488.9,20.06,24.37,0.97308,3.954,13.88,25.06,14,2
33.505,hall_mission,9x4.5,pi5,2.423,18.510,-1.982,-0.444,0.919,-0.015,1.021,0.86,-6.64,131.47,0.4273,0.4291,0.5025,0.5046,8185,28.016,714.2,377.8,472.2,22.6,494.8,20.31,24.36,0.97303,3.961,13.70,25.06,14,2
33.553,hall_mission,9x4.5,pi5,2.395,18.561,-1.982,-0.464,0.905,-0.013,1.017,0.52,-6.65,133.67,0.4225,0.4342,0.5077,0.5000,8189,28.041,714.8,378.3,472.9,22.6,495.5,20.34,24.36,0.97299,3.967,13.68,25.06,14,2
33.605,hall_mission,9x4.5,pi5,2.375,18.596,-1.982,-0.477,0.896,-0.012,1.015,0.43,-6.63,134.99,0.4503,0.4536,0.4803,0.4819,8195,27.974,713.1,374.8,468.5,22.6,491.1,20.15,24.37,0.97294,3.974,13.81,25.06,14,2
33.653,hall_mission,9x4.5,pi5,2.341,18.652,-1.981,-0.499,0.879,-0.011,1.011,0.52,-6.58,136.84,0.4663,0.4645,0.4648,0.4714,8198,27.980,713.3,374.6,468.2,22.6,490.8,20.14,24.37,0.97289,3.981,13.81,25.06,14,2
33.705,hall_mission,9x4.5,pi5,2.319,18.687,-1.981,-0.512,0.868,-0.009,1.008,0.59,-6.54,138.03,0.4687,0.4688,0.4640,0.4674,8205,28.025,714.4,375.5,469.3,22.6,491.9,20.19,24.37,0.97284,3.988,13.78,25.06,14,2
33.753,hall_mission,9x4.5,pi5,2.288,18.734,-1.980,-0.531,0.851,-0.006,1.003,0.62,-6.51,139.80,0.4655,0.4647,0.4679,0.4735,8215,28.094,716.2,376.9,471.1,22.6,493.7,20.26,24.36,0.97280,3.995,13.73,25.06,14,2
33.805,hall_mission,9x4.5,pi5,2.265,18.767,-1.980,-0.544,0.839,-0.004,1.000,0.58,-6.51,140.96,0.4570,0.4575,0.4778,0.4818,8224,28.165,718.0,378.5,473.1,22.6,495.7,20.35,24.36,0.97275,4.002,13.67,25.06,14,2
33.849,hall_mission,9x4.5,pi5,2.241,18.800,-1.979,-0.557,0.826,-0.003,0.997,0.50,-6.50,142.09,0.4496,0.4490,0.4860,0.4901,8226,28.204,719.0,379.7,474.7,22.6,497.3,20.41,24.36,0.97271,4.008,13.63,25.06,14,2
33.897,hall_mission,9x4.5,pi5,2.202,18.851,-1.979,-0.577,0.807,-0.004,0.993,0.32,-6.50,143.69,0.4404,0.4418,0.4952,0.4974,8226,28.237,719.9,381.1,476.3,22.6,498.9,20.49,24.36,0.97266,4.014,13.58,25.06,14,2
33.949,hall_mission,9x4.5,pi5,2.178,18.882,-1.978,-0.589,0.796,-0.005,0.991,0.18,-6.49,144.67,0.4342,0.4336,0.5022,0.5043,8225,28.267,720.6,382.5,478.1,22.6,500.7,20.56,24.35,0.97261,4.022,13.53,25.05,14,2
33.997,hall_mission,9x4.5,pi5,2.142,18.926,-1.978,-0.605,0.782,-0.007,0.989,-0.06,-6.48,145.97,0.4277,0.4309,0.5070,0.5079,8222,28.275,720.8,383.2,479.0,22.6,501.6,20.60,24.35,0.97257,4.028,13.50,25.05,14,2
34.049,hall_mission,9x4.5,pi5,2.116,18.957,-1.978,-0.615,0.773,-0.009,0.988,-0.22,-6.46,146.71,0.4253,0.4297,0.5095,0.5079,8218,28.256,720.3,383.0,478.8,22.6,501.4,20.59,24.35,0.97252,4.036,13.51,25.05,14,2
34.097,hall_mission,9x4.5,pi5,2.074,19.005,-1.978,-0.629,0.760,-0.010,0.987,-0.39,-6.44,147.62,0.4540,0.4598,0.4831,0.4749,8215,28.108,716.6,377.4,471.7,22.6,494.3,20.29,24.36,0.97247,4.042,13.70,25.05,14,2
34.149,hall_mission,9x4.5,pi5,2.048,19.035,-1.978,-0.637,0.753,-0.013,0.986,-0.27,-6.41,148.13,0.4943,0.4963,0.4361,0.4420,8204,28.092,716.1,378.2,472.8,22.6,495.4,20.34,24.36,0.97242,4.049,13.67,25.05,14,2
34.197,hall_mission,9x4.5,pi5,2.010,19.077,-1.978,-0.649,0.740,-0.018,0.985,0.08,-6.32,148.95,0.5130,0.5137,0.4180,0.4208,8193,28.137,717.3,381.6,477.0,22.6,499.6,20.51,24.35,0.97238,4.056,13.55,25.05,14,2
34.249,hall_mission,9x4.5,pi5,1.983,19.106,-1.978,-0.658,0.729,-0.020,0.983,0.29,-6.28,149.61,0.5170,0.5159,0.4119,0.4190,8186,28.122,716.9,381.9,477.3,22.6,499.9,20.53,24.35,0.97233,4.063,13.54,25.05,14,2
34.297,hall_mission,9x4.5,pi5,1.940,19.152,-1.979,-0.672,0.709,-0.019,0.977,0.49,-6.23,150.80,0.5090,0.5095,0.4208,0.4247,8187,28.066,715.5,379.6,474.5,22.6,497.1,20.41,24.36,0.97228,4.070,13.62,25.05,14,2
34.349,hall_mission,9x4.5,pi5,1.912,19.180,-1.980,-0.681,0.696,-0.018,0.974,0.54,-6.21,151.72,0.4954,0.4951,0.4349,0.4395,8190,27.999,713.8,376.4,470.5,22.6,493.1,20.24,24.36,0.97224,4.077,13.73,25.05,14,2
34.397,hall_mission,9x4.5,pi5,1.873,19.218,-1.981,-0.692,0.677,-0.016,0.968,0.50,-6.21,153.26,0.4790,0.4808,0.4511,0.4547,8193,27.959,712.7,374.4,468.1,22.6,490.7,20.14,24.36,0.97219,4.084,13.80,25.05,14,2
34.449,hall_mission,9x4.5,pi5,1.845,19.244,-1.981,-0.700,0.663,-0.014,0.965,0.41,-6.21,154.33,0.4637,0.4631,0.4684,0.4715,8197,27.972,713.1,374.4,468.0,22.6,490.6,20.14,24.36,0.97214,4.091,13.80,25.05,14,2
34.497,hall_mission,9x4.5,pi5,1.799,19.285,-1.982,-0.713,0.642,-0.012,0.960,0.22,-6.22,155.93,0.4487,0.4509,0.4830,0.4851,8201,28.022,714.4,375.9,469.9,22.6,492.5,20.22,24.36,0.97210,4.097,13.75,25.05,14,2
34.549,hall_mission,9x4.5,pi5,1.770,19.310,-1.982,-0.720,0.630,-0.011,0.957,0.07,-6.22,156.96,0.4453,0.4627,0.4887,0.4722,8205,28.048,715.0,376.4,470.5,22.6,493.1,20.24,24.36,0.97205,4.104,13.73,25.05,14,2
34.597,hall_mission,9x4.5,pi5,1.728,19.344,-1.982,-0.730,0.614,-0.010,0.954,0.04,-6.21,158.39,0.4864,0.4901,0.4458,0.4473,8207,28.081,715.9,377.4,471.7,22.6,494.3,20.29,24.36,0.97200,4.111,13.69,25.05,14,2
34.649,hall_mission,9x4.5,pi5,1.698,19.367,-1.982,-0.738,0.602,-0.012,0.952,0.25,-6.15,159.34,0.5120,0.5108,0.4188,0.4258,8199,28.163,718.0,381.7,477.2,22.6,499.8,20.52,24.35,0.97195,4.118,13.54,25.05,14,2
34.697,hall_mission,9x4.5,pi5,1.650,19.404,-1.982,-0.750,0.579,-0.015,0.947,0.60,-6.07,160.91,0.5151,0.5151,0.4154,0.4200,8193,28.150,717.6,382.1,477.6,22.6,500.2,20.55,24.35,0.97191,4.125,13.53,25.05,14,2
34.749,hall_mission,9x4.5,pi5,1.619,19.426,-1.982,-0.757,0.563,-0.015,0.943,0.76,-6.04,162.08,0.5068,0.5057,0.4234,0.4300,8194,28.090,716.1,379.6,474.4,22.6,497.0,20.41,24.35,0.97186,4.132,13.61,25.05,14,2
34.797,hall_mission,9x4.5,pi5,1.575,19.457,-1.982,-0.767,0.538,-0.013,0.937,0.85,-6.02,164.01,0.4907,0.4918,0.4398,0.4442,8196,28.019,714.3,376.4,470.5,22.6,493.1,20.25,24.36,0.97181,4.139,13.72,25.05,14,2
34.849,hall_mission,9x4.5,pi5,1.544,19.477,-1.982,-0.773,0.521,-0.013,0.932,0.82,-6.01,165.38,0.4725,0.4716,0.4587,0.4641,8198,27.978,713.2,374.6,468.2,22.6,490.8,20.15,24.36,0.97177,4.146,13.79,25.05,14,2
34.897,hall_mission,9x4.5,pi5,1.493,19.509,-1.983,-0.784,0.492,-0.012,0.926,0.67,-6.02,167.46,0.4542,0.4549,0.4779,0.4803,8199,27.999,713.8,375.2,469.0,22.6,491.6,20.18,24.36,0.97172,4.152,13.77,25.05,14,2
34.949,hall_mission,9x4.5,pi5,1.460,19.527,-1.983,-0.790,0.475,-0.011,0.922,0.53,-6.03,168.81,0.4384,0.4376,0.4945,0.4972,8200,28.069,715.6,377.8,472.3,22.6,494.9,20.32,24.35,0.97167,4.159,13.67,25.05,14,2
34.997,hall_mission,9x4.5,pi5,1.415,19.552,-1.984,-0.798,0.453,-0.011,0.918,0.27,-6.04,170.72,0.4249,0.4269,0.5066,0.5091,8200,28.138,717.3,380.7,475.8,22.6,498.4,20.47,24.35,0.97163,4.166,13.57,25.05,14,2
35.049,hall_mission,9x4.5,pi5,1.382,19.569,-1.984,-0.804,0.438,-0.011,0.915,0.08,-6.04,171.87,0.4061,0.3840,0.5322,0.5485,8212,28.543,727.6,395.3,494.1,22.6,516.7,21.24,24.32,0.97158,4.173,13.08,25.05,14,2
35.097,hall_mission,9x4.5,pi5,1.329,19.595,-1.985,-0.813,0.417,-0.021,0.914,-0.46,-6.08,173.30,0.3378,0.3392,0.5904,0.5959,8185,29.306,747.1,429.6,537.0,22.6,559.6,23.06,24.27,0.97152,4.181,12.05,25.05,14,2
35.149,hall_mission,9x4.5,pi5,1.295,19.611,-1.986,-0.819,0.409,-0.040,0.916,-1.08,-6.04,173.94,0.2977,0.3018,0.6211,0.6201,8102,29.581,754.1,450.9,563.7,22.6,586.3,24.19,24.24,0.97147,4.189,11.48,25.05,14,2
35.197,hall_mission,9x4.5,pi5,1.248,19.632,-1.989,-0.827,0.405,-0.070,0.923,-1.97,-5.95,174.20,0.2870,0.2951,0.6201,0.6158,8020,29.118,742.3,442.6,553.2,22.6,575.8,23.75,24.25,0.97141,4.197,11.69,25.05,14,2
35.249,hall_mission,9x4.5,pi5,1.215,19.647,-1.993,-0.831,0.406,-0.085,0.928,-2.45,-5.89,173.88,0.3006,0.3086,0.5962,0.5961,7961,28.244,720.0,415.5,519.4,22.6,542.0,22.31,24.29,0.97136,4.205,12.45,25.05,14,2
35.297,hall_mission,9x4.5,pi5,1.161,19.672,-2.000,-0.833,0.414,-0.091,0.935,-2.92,-5.84,172.73,0.3271,0.3342,0.5668,0.5652,7931,27.398,698.4,386.2,482.7,22.6,505.3,20.76,24.34,0.97131,4.212,13.37,25.05,14,2
35.349,hall_mission,9x4.5,pi5,1.127,19.688,-2.005,-0.832,0.421,-0.085,0.936,-3.08,-5.84,171.58,0.3642,0.3704,0.5305,0.5297,7936,26.802,683.3,362.4,452.9,22.6,475.5,19.51,24.37,0.97127,4.219,14.23,25.05,14,2
35.397,hall_mission,9x4.5,pi5,1.080,19.711,-2.010,-0.829,0.432,-0.065,0.937,-3.14,-5.90,169.45,0.4012,0.4068,0.4976,0.4981,7968,26.626,678.8,351.5,439.3,22.6,461.9,18.94,24.39,0.97122,4.225,14.66,25.05,14,2
35.449,hall_mission,9x4.5,pi5,1.046,19.728,-2.014,-0.826,0.441,-0.048,0.938,-3.08,-5.98,167.86,0.4402,0.4436,0.4658,0.4664,8013,26.743,681.7,350.2,437.8,22.6,460.4,18.87,24.39,0.97118,4.231,14.71,25.05,14,2
35.497,hall_mission,9x4.5,pi5,0.993,19.756,-2.017,-0.821,0.455,-0.021,0.939,-2.89,-6.11,165.39,0.4711,0.4743,0.4412,0.4416,8057,27.048,689.5,356.4,445.5,22.6,468.1,19.20,24.38,0.97114,4.238,14.46,25.05,14,2
35.549,hall_mission,9x4.5,pi5,0.960,19.775,-2.018,-0.819,0.465,-0.007,0.941,-2.72,-6.21,163.78,0.4992,0.5001,0.4200,0.4206,8099,27.447,699.7,366.6,458.3,22.6,480.9,19.74,24.37,0.97109,4.245,14.06,25.05,14,2
35.597,hall_mission,9x4.5,pi5,0.914,19.801,-2.019,-0.816,0.477,0.005,0.945,-2.43,-6.35,161.53,0.5165,0.5182,0.4055,0.4061,8123,27.739,707.2,375.1,468.9,22.6,491.5,20.18,24.35,0.97104,4.251,13.75,25.05,14,2
35.649,hall_mission,9x4.5,pi5,0.881,19.821,-2.019,-0.814,0.486,0.011,0.949,-2.23,-6.42,160.19,0.5283,0.5298,0.3952,0.3967,8136,27.947,712.5,381.6,477.0,22.6,499.6,20.52,24.34,0.97099,4.258,13.52,25.05,14,2
35.697,hall_mission,9x4.5,pi5,0.829,19.853,-2.019,-0.813,0.499,0.015,0.954,-1.94,-6.51,158.50,0.5332,0.5347,0.3913,0.3927,8143,28.046,715.0,384.6,480.8,22.6,503.4,20.69,24.34,0.97095,4.265,13.42,25.05,14,2
35.749,hall_mission,9x4.5,pi5,0.795,19.874,-2.018,-0.813,0.507,0.016,0.958,-1.76,-6.55,157.59,0.5196,0.5027,0.4091,0.4256,8162,27.932,712.1,377.6,472.0,22.6,494.6,20.31,24.35,0.97090,4.272,13.66,25.05,14,2
35.797,hall_mission,9x4.5,pi5,0.749,19.904,-2.018,-0.814,0.516,0.015,0.964,-1.81,-6.57,156.53,0.4608,0.4662,0.4623,0.4668,8159,27.712,706.5,369.2,461.5,22.6,484.1,19.87,24.36,0.97086,4.279,13.96,25.05,14,2
35.849,hall_mission,9x4.5,pi5,0.716,19.926,-2.017,-0.813,0.525,0.013,0.968,-2.08,-6.55,155.89,0.4272,0.4319,0.4983,0.4980,8156,27.795,708.6,372.9,466.1,22.6,488.7,20.07,24.35,0.97081,4.286,13.83,25.05,14,2
35.897,hall_mission,9x4.5,pi5,0.663,19.961,-2.016,-0.809,0.542,0.014,0.974,-2.50,-6.53,154.87,0.4145,0.4210,0.5111,0.5094,8158,27.895,711.1,376.6,470.7,22.6,493.3,20.26,24.35,0.97076,4.292,13.69,25.05,14,2
35.949,hall_mission,9x4.5,pi5,0.631,19.984,-2.016,-0.805,0.555,0.016,0.978,-2.70,-6.54,154.07,0.4172,0.4232,0.5095,0.5087,8168,27.946,712.4,377.3,471.7,22.6,494.3,20.30,24.35,0.97071,4.299,13.67,25.04,14,2
35.997,hall_mission,9x4.5,pi5,0.586,20.018,-2.014,-0.798,0.574,0.020,0.984,-2.84,-6.57,152.69,0.4289,0.4335,0.5001,0.4996,8180,27.959,712.8,376.2,470.3,22.6,492.9,20.24,24.35,0.97067,4.306,13.71,25.04,14,2
36.049,hall_mission,9x4.5,pi5,0.554,20.042,-2.013,-0.793,0.589,0.022,0.988,-2.84,-6.60,151.66,0.4457,0.4491,0.4847,0.4850,8189,27.946,712.4,374.5,468.1,22.6,490.7,20.15,24.35,0.97062,4.313,13.77,25.04,14,2
36.097,hall_mission,9x4.5,pi5,0.504,20.083,-2.011,-0.784,0.612,0.024,0.995,-2.72,-6.67,150.03,0.4620,0.4651,0.4697,0.4699,8197,27.971,713.1,374.4,468.0,22.6,490.6,20.15,24.35,0.97057,4.320,13.77,25.04,14,2
36.149,hall_mission,9x4.5,pi5,0.473,20.109,-2.010,-0.778,0.626,0.025,0.999,-2.58,-6.71,148.92,0.4788,0.4811,0.4543,0.4549,8205,28.042,714.9,376.1,470.1,22.6,492.7,20.24,24.35,0.97053,4.327,13.71,25.04,14,2
36.197,hall_mission,9x4.5,pi5,0.430,20.146,-2.007,-0.771,0.644,0.025,1.005,-2.33,-6.77,147.31,0.4913,0.4939,0.4421,0.4431,8210,28.116,716.8,378.4,473.0,22.6,495.6,20.36,24.34,0.97048,4.333,13.62,25.04,14,2
36.249,hall_mission,9x4.5,pi5,0.400,20.174,-2.006,-0.766,0.656,0.024,1.009,-2.13,-6.80,146.32,0.5018,0.5039,0.4322,0.4331,8213,28.187,718.6,380.9,476.1,22.6,498.7,20.49,24.34,0.97043,4.340,13.53,25.04,14,2
36.297,hall_mission,9x4.5,pi5,0.351,20.218,-2.004,-0.759,0.673,0.022,1.015,-1.84,-6.84,144.98,0.5084,0.5097,0.4261,0.4271,8213,28.230,719.7,382.6,478.2,22.6,500.8,20.58,24.33,0.97039,4.347,13.48,25.04,14,2
36.349,hall_mission,9x4.5,pi5,0.321,20.246,-2.003,-0.756,0.682,0.021,1.018,-1.65,-6.85,144.21,0.5011,0.4905,0.4344,0.4469,8219,28.193,718.7,380.2,475.3,22.6,497.9,20.46,24.34,0.97034,4.354,13.56,25.04,14,2
36.397,hall_mission,9x4.5,pi5,0.279,20.286,-2.001,-0.752,0.694,0.017,1.023,-1.58,-6.85,143.25,0.4627,0.4667,0.4689,0.4730,8214,28.088,716.0,376.7,470.9,22.6,493.5,20.27,24.34,0.97029,4.361,13.68,25.04,14,2
36.449,hall_mission,9x4.5,pi5,0.249,20.315,-2.000,-0.749,0.703,0.014,1.027,-1.72,-6.83,142.65,0.4412,0.4450,0.4918,0.4912,8206,28.085,716.0,377.7,472.1,22.6,494.7,20.32,24.34,0.97024,4.368,13.64,25.04,14,2
36.497,hall_mission,9x4.5,pi5,0.201,20.362,-1.999,-0.741,0.718,0.011,1.032,-1.94,-6.81,141.69,0.4342,0.4391,0.4979,0.4973,8204,28.098,716.3,378.6,473.2,22.6,495.8,20.37,24.34,0.97020,4.375,13.61,25.04,14,2
36.549,hall_mission,9x4.5,pi5,0.171,20.392,-1.998,-0.736,0.728,0.011,1.035,-2.03,-6.81,140.98,0.4378,0.4427,0.4949,0.4946,8209,28.117,716.8,378.6,473.3,22.6,495.9,20.37,24.34,0.97015,4.382,13.61,25.04,14,2
36.597,hall_mission,9x4.5,pi5,0.130,20.434,-1.997,-0.727,0.742,0.012,1.039,-2.07,-6.82,139.80,0.4471,0.4511,0.4867,0.4867,8215,28.126,717.0,378.1,472.6,22.6,495.2,20.35,24.34,0.97010,4.388,13.63,25.04,14,2
36.649,hall_mission,9x4.5,pi5,0.100,20.465,-1.996,-0.720,0.753,0.013,1.042,-2.03,-6.83,138.96,0.4515,0.4414,0.4854,0.4969,8228,28.227,719.6,380.5,475.6,22.6,498.2,20.47,24.33,0.97005,4.396,13.54,25.04,14,2
36.697,hall_mission,9x4.5,pi5,0.055,20.515,-1.995,-0.709,0.770,0.010,1.047,-2.09,-6.84,137.62,0.4211,0.4262,0.5125,0.5147,8225,28.341,722.5,385.4,481.7,22.6,504.3,20.73,24.33,0.97001,4.402,13.37,25.04,14,2
36.749,hall_mission,9x4.5,pi5,0.026,20.547,-1.994,-0.701,0.781,0.006,1.050,-2.27,-6.82,136.64,0.4088,0.4154,0.5241,0.5224,8211,28.339,722.4,387.2,484.0,22.6,506.6,20.83,24.32,0.96996,4.410,13.31,25.04,14,2
37.816,hall_mission,9x4.5,pi5,-0.013,20.593,-1.993,-0.687,0.799,0.002,1.053,-2.50,-6.80,134.95,0.4134,0.4193,0.5185,0.5172,8203,28.239,719.9,384.3,480.4,22.6,503.0,20.67,24.33,0.96894,4.559,13.39,25.04,14,2
37.868,hall_mission,9x4.5,pi5,-0.040,20.626,-1.993,-0.676,0.811,0.001,1.056,-2.57,-6.81,133.67,0.4284,0.4345,0.5026,0.5021,8200,28.101,716.4,379.2,474.0,22.6,496.6,20.41,24.33,0.96889,4.566,13.56,25.04,14,2
37.916,hall_mission,9x4.5,pi5,-0.083,20.680,-1.992,-0.656,0.831,-0.000,1.059,-2.53,-6.84,131.59,0.4482,0.4517,0.4836,0.4835,8198,28.003,713.9,375.5,469.4,22.6,492.0,20.22,24.33,0.96884,4.573,13.69,25.04,14,2
37.960,hall_mission,9x4.5,pi5,-0.109,20.714,-1.992,-0.644,0.843,-0.000,1.061,-2.42,-6.88,130.15,0.4656,0.4701,0.4660,0.4654,8198,27.980,713.3,374.6,468.2,22.6,490.8,20.17,24.33,0.96880,4.579,13.72,25.04,14,2
38.017,hall_mission,9x4.5,pi5,-0.135,20.748,-1.992,-0.632,0.855,-0.000,1.063,-2.26,-6.92,128.70,0.4844,0.4878,0.4472,0.4479,8199,28.020,714.3,376.0,470.0,22.6,492.6,20.25,24.33,0.96875,4.586,13.67,25.04,14,2
38.071,hall_mission,9x4.5,pi5,-0.170,20.797,-1.992,-0.616,0.869,0.000,1.066,-1.96,-6.98,126.60,0.5009,0.5044,0.4306,0.4315,8200,28.101,716.4,379.2,474.0,22.6,496.6,20.42,24.32,0.96870,4.594,13.55,25.04,14,2
38.117,hall_mission,9x4.5,pi5,-0.194,20.832,-1.992,-0.605,0.879,-0.000,1.067,-1.75,-7.01,125.30,0.5131,0.5148,0.4190,0.4203,8199,28.178,718.3,382.4,478.0,22.6,500.6,20.59,24.32,0.96865,4.600,13.44,25.04,14,2
38.168,hall_mission,9x4.5,pi5,-0.232,20.889,-1.992,-0.589,0.893,-0.001,1.070,-1.42,-7.04,123.56,0.5077,0.4944,0.4253,0.4411,8203,28.121,716.9,379.5,474.4,22.6,497.0,20.43,24.32,0.96860,4.607,13.54,25.04,14,2
38.216,hall_mission,9x4.5,pi5,-0.255,20.924,-1.992,-0.580,0.900,-0.002,1.071,-1.36,-7.04,122.55,0.4636,0.4674,0.4657,0.4706,8199,27.986,713.4,374.7,468.4,22.6,491.0,20.18,24.33,0.96856,4.614,13.71,25.04,14,2
38.268,hall_mission,9x4.5,pi5,-0.287,20.975,-1.992,-0.565,0.911,-0.005,1.072,-1.59,-7.00,121.11,0.4392,0.4437,0.4918,0.4908,8192,27.994,713.7,375.9,469.9,22.6,492.5,20.24,24.33,0.96851,4.621,13.67,25.04,14,2
38.316,hall_mission,9x4.5,pi5,-0.309,21.011,-1.992,-0.553,0.919,-0.005,1.073,-1.77,-6.98,120.13,0.4325,0.4384,0.4979,0.4966,8192,28.022,714.4,377.1,471.4,22.6,494.0,20.31,24.33,0.96847,4.628,13.62,25.04,14,2
38.368,hall_mission,9x4.5,pi5,-0.343,21.070,-1.992,-0.530,0.933,-0.002,1.073,-1.94,-6.97,118.55,0.4381,0.4445,0.4932,0.4919,8200,28.052,715.1,377.2,471.4,22.6,494.0,20.31,24.33,0.96842,4.635,13.62,25.04,14,2
38.416,hall_mission,9x4.5,pi5,-0.363,21.107,-1.992,-0.515,0.941,0.000,1.073,-1.95,-6.98,117.43,0.4507,0.4550,0.4822,0.4820,8209,28.070,715.6,376.7,470.9,22.6,493.5,20.29,24.33,0.96837,4.641,13.63,25.04,14,2
38.468,hall_mission,9x4.5,pi5,-0.391,21.159,-1.991,-0.494,0.952,0.002,1.073,-1.85,-7.02,115.68,0.4659,0.4697,0.4685,0.4673,8214,28.085,716.0,376.7,470.8,22.6,493.4,20.28,24.33,0.96832,4.648,13.64,25.04,14,2
38.516,hall_mission,9x4.5,pi5,-0.410,21.197,-1.991,-0.479,0.960,0.002,1.073,-1.72,-7.05,114.50,0.4800,0.4831,0.4538,0.4553,8217,28.124,717.0,377.8,472.2,22.6,494.8,20.34,24.32,0.96828,4.655,13.60,25.04,14,2
38.564,hall_mission,9x4.5,pi5,-0.439,21.259,-1.990,-0.458,0.972,0.002,1.074,-1.47,-7.10,112.80,0.4922,0.4949,0.4431,0.4425,8219,28.175,718.3,379.6,474.5,22.6,497.1,20.44,24.32,0.96823,4.662,13.53,25.04,14,2
38.616,hall_mission,9x4.5,pi5,-0.457,21.297,-1.989,-0.445,0.979,0.002,1.075,-1.28,-7.12,111.75,0.5026,0.5046,0.4322,0.4330,8217,28.221,719.4,381.6,477.0,22.6,499.6,20.55,24.32,0.96818,4.669,13.46,25.04,14,2
38.668,hall_mission,9x4.5,pi5,-0.481,21.352,-1.989,-0.429,0.988,-0.000,1.077,-0.98,-7.14,110.33,0.6411,0.6156,0.3584,0.2522,8199,30.399,775.0,470.2,587.8,22.6,610.4,25.25,24.18,0.96812,4.678,10.95,25.04,14,2
38.716,hall_mission,9x4.5,pi5,-0.497,21.391,-1.989,-0.420,0.995,-0.021,1.080,-0.57,-6.79,109.65,0.8675,0.8709,0.0577,0.0353,8069,41.910,1068.4,942.2,1177.7,22.6,1200.3,51.31,23.39,0.96801,4.694,5.39,25.04,14,2
38.764,hall_mission,9x4.5,pi5,-0.524,21.455,-1.996,-0.415,1.011,-0.247,1.121,0.33,-4.79,110.03,0.8285,0.8425,0.0081,0.0000,7159,38.428,979.7,845.0,1056.2,22.6,1078.8,45.80,23.56,0.96791,4.708,6.04,25.04,14,2
38.816,hall_mission,9x4.5,pi5,-0.540,21.495,-2.010,-0.414,1.004,-0.406,1.159,0.81,-3.07,111.53,0.7397,0.7348,0.0000,0.0268,6515,30.915,788.1,605.9,757.4,22.6,780.0,32.56,23.95,0.96783,4.719,8.49,25.04,14,2
38.868,hall_mission,9x4.5,pi5,-0.563,21.550,-2.037,-0.408,0.962,-0.512,1.163,1.60,-0.52,115.40,0.6815,0.6860,0.0000,0.0550,6229,27.299,695.9,497.9,622.4,22.6,645.0,26.73,24.13,0.96776,4.729,10.34,25.04,14,2
38.916,hall_mission,9x4.5,pi5,-0.579,21.588,-2.060,-0.400,0.916,-0.515,1.124,2.14,1.00,118.85,0.6600,0.6705,0.0000,0.0665,6137,26.130,666.1,464.1,580.1,22.6,602.7,24.93,24.18,0.96771,4.737,11.09,25.04,14,2
38.964,hall_mission,9x4.5,pi5,-0.604,21.642,-2.096,-0.382,0.826,-0.464,1.021,2.92,2.81,125.16,0.6629,0.6671,0.0000,0.0673,6138,26.120,665.9,463.7,579.6,22.6,602.2,24.90,24.18,0.96765,4.745,11.10,25.04,14,2
39.016,hall_mission,9x4.5,pi5,-0.619,21.673,-2.116,-0.367,0.762,-0.423,0.946,3.42,3.63,130.07,0.6688,0.6743,0.0000,0.0632,6171,26.529,676.3,475.5,594.3,22.6,616.9,25.53,24.16,0.96759,4.754,10.82,25.04,14,2
39.068,hall_mission,9x4.5,pi5,-0.640,21.709,-2.140,-0.342,0.668,-0.371,0.837,4.10,4.27,138.47,0.5888,0.5936,0.0926,0.1391,6557,22.863,582.9,350.7,438.4,22.6,461.0,18.92,24.36,0.96755,4.760,14.60,25.04,14,2
39.108,hall_mission,9x4.5,pi5,-0.653,21.732,-2.155,-0.322,0.601,-0.317,0.752,4.44,4.31,144.66,0.5048,0.5077,0.2035,0.2251,6655,20.305,517.6,261.2,326.5,22.6,349.1,14.25,24.50,0.96752,4.764,19.39,25.04,14,2
39.160,hall_mission,9x4.5,pi5,-0.673,21.761,-2.172,-0.287,0.505,-0.166,0.604,4.70,3.86,154.42,0.4044,0.4064,0.3543,0.3580,6952,20.173,514.3,230.2,287.8,22.6,310.4,12.64,24.55,0.96749,4.769,21.85,25.04,14,2
39.208,hall_mission,9x4.5,pi5,-0.684,21.775,-2.176,-0.265,0.451,-0.063,0.527,4.74,3.38,160.97,0.3178,0.3183,0.4847,0.4844,7249,22.484,573.2,280.5,350.6,22.6,373.2,15.25,24.47,0.96745,4.774,18.11,25.04,14,2
39.260,hall_mission,9x4.5,pi5,-0.699,21.792,-2.175,-0.233,0.378,0.041,0.446,4.69,2.59,170.42,0.2341,0.2353,0.5989,0.5982,7472,26.135,666.3,389.5,486.8,22.6,509.4,20.97,24.30,0.96740,4.781,13.18,25.04,14,2
39.308,hall_mission,9x4.5,pi5,-0.708,21.801,-2.171,-0.210,0.327,0.068,0.394,4.60,2.10,176.21,0.0000,0.0029,0.8414,0.8408,7180,38.860,990.6,860.0,1074.9,22.6,1097.5,46.65,23.53,0.96730,4.796,5.92,25.04,14,2
39.360,hall_mission,9x4.5,pi5,-0.720,21.810,-2.167,-0.169,0.237,-0.091,0.305,4.34,1.44,-176.68,0.0019,0.0000,0.7811,0.7835,6751,34.175,871.2,708.6,885.7,22.6,908.3,38.20,23.78,0.96721,4.809,7.23,25.04,14,2
39.412,hall_mission,9x4.5,pi5,-0.726,21.813,-2.170,-0.145,0.186,-0.192,0.305,4.10,1.08,-173.11,0.0072,0.0000,0.7316,0.7311,6401,30.386,774.6,592.8,741.0,22.6,763.6,31.86,23.97,0.96713,4.820,8.67,25.04,14,2
39.460,hall_mission,9x4.5,pi5,-0.733,21.813,-2.181,-0.118,0.128,-0.257,0.311,3.67,0.64,-169.29,0.0087,0.0000,0.7047,0.7035,6209,28.446,725.2,536.4,670.5,22.6,693.1,28.81,24.06,0.96707,4.829,9.59,25.04,14,2
39.508,hall_mission,9x4.5,pi5,-0.737,21.812,-2.192,-0.102,0.093,-0.266,0.300,3.36,0.44,-167.66,0.0081,0.0000,0.6935,0.6911,6121,27.624,704.2,513.2,641.5,22.6,664.1,27.56,24.10,0.96701,4.838,10.02,25.04,14,2
39.560,hall_mission,9x4.5,pi5,-0.742,21.808,-2.209,-0.080,0.046,-0.252,0.269,2.90,0.29,-166.49,0.0049,0.0000,0.6892,0.6878,6082,27.344,697.1,505.7,632.2,22.6,654.8,27.16,24.11,0.96694,4.847,10.17,25.04,14,2
39.612,hall_mission,9x4.5,pi5,-0.745,21.804,-2.219,-0.069,0.021,-0.237,0.247,2.60,0.28,-166.53,0.0020,0.0000,0.6887,0.6878,6069,27.314,696.3,505.2,631.5,22.6,654.1,27.13,24.11,0.96688,4.857,10.18,25.04,14,2
39.652,hall_mission,9x4.5,pi5,-0.747,21.800,-2.229,-0.058,-0.001,-0.220,0.228,2.28,0.33,-167.34,0.0000,0.0001,0.6892,0.6876,6064,27.319,696.4,505.5,631.9,22.6,654.5,27.15,24.11,0.96683,4.864,10.17,25.04,14,2
39.704,hall_mission,9x4.5,pi5,-0.750,21.793,-2.241,-0.045,-0.026,-0.197,0.204,1.88,0.48,-169.51,0.0000,0.0034,0.6867,0.6857,6060,27.181,692.9,501.3,626.7,22.6,649.3,26.93,24.11,0.96676,4.873,10.25,25.04,14,2
39.752,hall_mission,9x4.5,pi5,-0.752,21.788,-2.248,-0.036,-0.041,-0.181,0.189,1.59,0.61,-171.82,0.0000,0.0060,0.6847,0.6857,6062,27.123,691.4,499.5,624.3,22.6,646.9,26.83,24.12,0.96670,4.882,10.29,25.04,14,2
39.804,hall_mission,9x4.5,pi5,-0.755,21.780,-2.259,-0.022,-0.059,-0.154,0.166,1.17,0.83,-176.46,0.0000,0.0085,0.6851,0.6847,6069,27.115,691.2,498.9,623.7,22.6,646.3,26.80,24.12,0.96664,4.891,10.30,25.04,14,2
39.852,hall_mission,9x4.5,pi5,-0.756,21.775,-2.264,-0.014,-0.067,-0.137,0.153,0.89,0.96,179.67,0.0000,0.0101,0.6855,0.6857,6080,27.169,692.6,500.3,625.3,22.6,647.9,26.87,24.11,0.96658,4.900,10.27,25.04,14,2
39.896,hall_mission,9x4.5,pi5,-0.757,21.770,-2.269,-0.005,-0.073,-0.121,0.142,0.62,1.08,175.20,0.0000,0.0114,0.6869,0.6858,6090,27.229,694.1,501.8,627.2,22.6,649.8,26.95,24.11,0.96652,4.908,10.24,25.04,14,2
39.948,hall_mission,9x4.5,pi5,-0.759,21.764,-2.274,0.007,-0.079,-0.101,0.129,0.22,1.21,167.36,0.0462,0.0579,0.6413,0.6411,6457,24.947,636.0,423.1,528.8,22.6,551.4,22.75,24.24,0.96647,4.916,12.13,25.04,14,2
39.996,hall_mission,9x4.5,pi5,-0.759,21.760,-2.277,0.015,-0.082,-0.079,0.115,-0.03,1.25,161.41,0.1462,0.1542,0.5525,0.5528,6526,21.274,542.3,302.2,377.7,22.6,400.3,16.39,24.43,0.96643,4.921,16.84,25.03,14,2
40.048,hall_mission,9x4.5,pi5,-0.760,21.754,-2.278,0.026,-0.084,0.026,0.092,-0.34,1.21,151.75,0.2757,0.2776,0.4630,0.4618,6789,19.942,508.4,237.8,297.2,22.6,319.8,13.04,24.53,0.96640,4.926,21.16,25.03,14,2
40.096,hall_mission,9x4.5,pi5,-0.760,21.750,-2.274,0.032,-0.085,0.120,0.150,-0.50,1.12,145.03,0.3948,0.3954,0.3871,0.3868,7101,20.990,535.1,243.4,304.2,22.6,326.8,13.33,24.52,0.96637,4.930,20.70,25.03,14,2
40.148,hall_mission,9x4.5,pi5,-0.760,21.746,-2.262,0.040,-0.086,0.241,0.259,-0.69,0.95,134.95,0.5090,0.5094,0.3138,0.3125,7393,23.592,601.4,305.1,381.3,22.6,403.9,16.54,24.42,0.96633,4.936,16.68,25.03,14,2
40.196,hall_mission,9x4.5,pi5,-0.759,21.743,-2.250,0.046,-0.086,0.298,0.314,-0.78,0.83,128.47,0.5940,0.5949,0.2560,0.2555,7595,26.520,676.1,391.1,488.8,22.6,511.4,21.06,24.29,0.96628,4.943,13.10,25.03,14,2
40.248,hall_mission,9x4.5,pi5,-0.757,21.739,-2.225,0.056,-0.086,0.318,0.334,-0.87,0.63,119.48,0.6521,0.6976,0.1507,0.2916,7926,30.894,787.6,519.4,649.3,22.6,671.9,27.90,24.08,0.96622,4.953,9.89,25.03,14,2
40.296,hall_mission,9x4.5,pi5,-0.756,21.737,-2.211,0.061,-0.085,0.275,0.294,-0.74,-0.24,114.16,0.6827,0.7186,0.1721,0.1868,7811,31.357,799.4,552.1,690.1,22.6,712.7,29.67,24.03,0.96615,4.962,9.30,25.03,14,2
40.348,hall_mission,9x4.5,pi5,-0.753,21.736,-2.194,0.061,-0.066,0.196,0.216,-0.69,-3.29,107.39,0.7006,0.7100,0.1729,0.1304,7643,31.044,791.4,554.9,693.6,22.6,716.2,29.82,24.02,0.96608,4.972,9.25,25.03,14,2
40.396,hall_mission,9x4.5,pi5,-0.751,21.736,-2.186,0.056,-0.034,0.144,0.158,-0.61,-5.61,103.71,0.7035,0.6820,0.1712,0.1115,7478,29.971,764.0,528.7,660.9,22.6,683.5,28.40,24.06,0.96601,4.982,9.71,25.03,14,2
40.448,hall_mission,9x4.5,pi5,-0.749,21.740,-2.177,0.043,0.046,0.088,0.108,-0.26,-8.67,99.40,0.6733,0.6639,0.1761,0.1171,7341,28.430,724.8,483.9,604.8,22.6,627.4,26.00,24.13,0.96595,4.991,10.61,25.03,14,2
40.496,hall_mission,9x4.5,pi5,-0.748,21.747,-2.174,0.033,0.107,0.074,0.135,0.06,-10.16,97.30,0.6473,0.6383,0.1893,0.1422,7292,27.140,691.9,441.9,552.4,22.6,575.0,23.76,24.20,0.96590,4.998,11.61,25.03,14,2
40.548,hall_mission,9x4.5,pi5,-0.747,21.761,-2.170,0.019,0.199,0.082,0.216,0.57,-11.58,95.19,0.6184,0.6077,0.2117,0.1837,7308,26.016,663.2,400.6,500.7,22.6,523.3,21.57,24.27,0.96585,5.006,12.78,25.03,14,2
40.596,hall_mission,9x4.5,pi5,-0.747,21.775,-2.166,0.008,0.265,0.103,0.285,0.89,-12.06,94.44,0.5878,0.5837,0.2429,0.2269,7380,25.366,646.7,370.6,463.2,22.6,485.8,19.98,24.31,0.96580,5.012,13.80,25.03,14,2
40.648,hall_mission,9x4.5,pi5,-0.748,21.803,-2.159,-0.011,0.367,0.153,0.398,1.26,-12.26,94.13,0.5602,0.5555,0.2835,0.2779,7510,25.158,641.4,349.7,437.1,22.6,459.7,18.88,24.35,0.96576,5.019,14.60,25.03,14,2
40.696,hall_mission,9x4.5,pi5,-0.750,21.825,-2.152,-0.023,0.426,0.189,0.467,1.40,-12.17,94.39,0.5342,0.5317,0.3251,0.3231,7644,25.278,644.4,339.3,424.1,22.6,446.7,18.34,24.36,0.96572,5.025,15.03,25.03,14,2
40.744,hall_mission,9x4.5,pi5,-0.752,21.860,-2.139,-0.042,0.503,0.238,0.558,1.46,-11.85,95.31,0.5106,0.5084,0.3660,0.3667,7780,25.648,653.8,337.2,421.5,22.6,444.1,18.23,24.37,0.96568,5.031,15.12,25.03,14,2
40.796,hall_mission,9x4.5,pi5,-0.756,21.894,-2.126,-0.059,0.565,0.272,0.630,1.40,-11.53,96.27,0.4850,0.4859,0.4067,0.4091,7907,26.161,666.9,341.2,426.5,22.6,449.1,18.44,24.36,0.96563,5.037,14.95,25.03,14,2
40.848,hall_mission,9x4.5,pi5,-0.761,21.937,-2.109,-0.079,0.631,0.300,0.703,1.23,-11.08,97.70,0.4654,0.4658,0.4436,0.4460,8030,26.856,684.6,352.4,440.5,22.6,463.1,19.03,24.34,0.96559,5.044,14.49,25.03,14,2
40.896,hall_mission,9x4.5,pi5,-0.765,21.970,-2.096,-0.093,0.675,0.312,0.749,1.08,-10.74,98.78,0.4489,0.4501,0.4716,0.4727,8112,27.405,698.6,363.3,454.1,22.6,476.7,19.60,24.32,0.96554,5.050,14.06,25.03,14,2
40.948,hall_mission,9x4.5,pi5,-0.773,22.019,-2.076,-0.112,0.731,0.316,0.805,0.81,-10.22,100.37,0.4344,0.4365,0.4929,0.4957,8171,27.871,710.5,373.9,467.4,22.6,490.0,20.16,24.31,0.96549,5.057,13.67,25.03,14,2
40.996,hall_mission,9x4.5,pi5,-0.779,22.056,-2.063,-0.126,0.768,0.313,0.839,0.64,-9.88,101.35,0.4251,0.4281,0.5075,0.5097,8210,28.208,719.1,382.1,477.6,22.6,500.2,20.59,24.29,0.96545,5.064,13.38,25.03,14,2
41.048,hall_mission,9x4.5,pi5,-0.789,22.117,-2.042,-0.145,0.820,0.299,0.885,0.39,-9.37,102.63,0.4199,0.4222,0.5164,0.5193,8237,28.451,725.3,388.2,485.2,22.6,507.8,20.91,24.28,0.96540,5.071,13.18,25.03,14,2
41.096,hall_mission,9x4.5,pi5,-0.796,22.156,-2.030,-0.155,0.848,0.287,0.909,0.26,-9.05,103.33,0.4177,0.4208,0.5203,0.5225,8250,28.562,728.1,390.9,488.6,22.6,511.2,21.06,24.28,0.96535,5.078,13.08,25.03,14,2
41.140,hall_mission,9x4.5,pi5,-0.807,22.213,-2.014,-0.168,0.883,0.269,0.938,0.08,-8.59,104.12,0.4187,0.4220,0.5204,0.5221,8257,28.603,729.2,391.6,489.5,22.6,512.1,21.10,24.28,0.96531,5.085,13.06,25.03,14,2
41.188,hall_mission,9x4.5,pi5,-0.815,22.253,-2.004,-0.176,0.904,0.256,0.955,-0.00,-8.32,104.48,0.4220,0.4259,0.5166,0.5200,8261,28.608,729.3,391.2,489.0,22.6,511.6,21.07,24.28,0.96526,5.091,13.07,25.03,14,2
41.240,hall_mission,9x4.5,pi5,-0.828,22.319,-1.989,-0.187,0.931,0.234,0.978,-0.10,-7.95,104.79,0.4282,0.4314,0.5122,0.5128,8262,28.565,728.2,389.4,486.7,22.6,509.3,20.98,24.28,0.96521,5.099,13.13,25.03,14,2
41.288,hall_mission,9x4.5,pi5,-0.837,22.361,-1.980,-0.193,0.945,0.220,0.990,-0.14,-7.73,104.85,0.4346,0.4381,0.5046,0.5070,8261,28.514,726.9,387.5,484.3,22.6,506.9,20.88,24.28,0.96516,5.105,13.19,25.03,14,2
41.340,hall_mission,9x4.5,pi5,-0.849,22.419,-1.969,-0.199,0.962,0.202,1.003,-0.18,-7.45,104.77,0.4430,0.4454,0.4964,0.4992,8260,28.463,725.6,385.6,482.0,22.6,504.6,20.78,24.28,0.96511,5.113,13.26,25.03,14,2
41.388,hall_mission,9x4.5,pi5,-0.857,22.461,-1.962,-0.202,0.971,0.190,1.010,-0.19,-7.30,104.62,0.4501,0.4530,0.4889,0.4918,8259,28.429,724.7,384.3,480.3,22.6,502.9,20.71,24.29,0.96507,5.119,13.30,25.03,14,2
41.440,hall_mission,9x4.5,pi5,-0.871,22.527,-1.952,-0.207,0.983,0.173,1.020,-0.19,-7.11,104.28,0.4579,0.4605,0.4822,0.4833,8259,28.408,724.2,383.4,479.3,22.6,501.9,20.67,24.29,0.96502,5.127,13.33,25.03,14,2
41.488,hall_mission,9x4.5,pi5,-0.880,22.568,-1.946,-0.209,0.989,0.163,1.024,-0.18,-7.00,104.01,0.4641,0.4668,0.4758,0.4773,8259,28.402,724.1,383.1,478.9,22.6,501.5,20.65,24.29,0.96497,5.133,13.34,25.03,14,2
41.540,hall_mission,9x4.5,pi5,-0.893,22.626,-1.939,-0.211,0.995,0.150,1.028,-0.16,-6.88,103.57,0.4693,0.4730,0.4696,0.4720,8259,28.399,724.0,383.0,478.7,22.6,501.3,20.64,24.29,0.96492,5.141,13.34,25.03,14,2
41.588,hall_mission,9x4.5,pi5,-0.902,22.667,-1.934,-0.212,0.998,0.141,1.030,-0.14,-6.81,103.27,0.4744,0.4762,0.4663,0.4670,8259,28.400,724.0,383.1,478.8,22.6,501.4,20.65,24.29,0.96488,5.147,13.34,25.03,14,2
41.640,hall_mission,9x4.5,pi5,-0.916,22.732,-1.927,-0.212,1.002,0.127,1.033,-0.12,-6.75,102.84,0.4773,0.4800,0.4626,0.4639,8259,28.400,724.0,383.1,478.9,22.6,501.5,20.65,24.29,0.96483,5.155,13.33,25.03,14,2
41.688,hall_mission,9x4.5,pi5,-0.925,22.773,-1.923,-0.213,1.005,0.119,1.034,-0.10,-6.71,102.57,0.4794,0.4817,0.4602,0.4620,8257,28.393,723.8,383.0,478.8,22.6,501.4,20.65,24.29,0.96478,5.161,13.33,25.03,14,2
41.740,hall_mission,9x4.5,pi5,-0.937,22.830,-1.919,-0.213,1.007,0.108,1.035,-0.09,-6.68,102.22,0.4725,0.4620,0.4691,0.4801,8258,28.395,723.9,383.0,478.7,22.6,501.3,20.64,24.28,0.96473,5.168,13.34,25.03,14,2
41.788,hall_mission,9x4.5,pi5,-0.946,22.871,-1.916,-0.212,1.009,0.100,1.036,-0.22,-6.66,101.99,0.4331,0.4369,0.5039,0.5076,8251,28.449,725.2,386.2,482.8,22.6,505.4,20.82,24.28,0.96469,5.175,13.23,25.03,14,2
41.840,hall_mission,9x4.5,pi5,-0.960,22.937,-1.912,-0.209,1.012,0.082,1.037,-0.64,-6.59,101.53,0.4099,0.4154,0.5260,0.5246,8230,28.476,725.9,390.1,487.7,22.6,510.3,21.02,24.27,0.96464,5.183,13.09,25.03,14,2
41.888,hall_mission,9x4.5,pi5,-0.968,22.977,-1.910,-0.203,1.014,0.072,1.037,-0.91,-6.55,101.08,0.4051,0.4100,0.5287,0.5281,8216,28.419,724.5,389.8,487.3,22.6,509.9,21.01,24.27,0.96459,5.189,13.10,25.03,14,2
41.940,hall_mission,9x4.5,pi5,-0.979,23.034,-1.907,-0.193,1.016,0.061,1.036,-1.18,-6.52,100.15,0.4489,0.4954,0.4920,0.4416,8237,28.300,721.5,382.1,477.6,22.6,500.2,20.60,24.28,0.96454,5.197,13.36,25.03,14,2
41.988,hall_mission,9x4.5,pi5,-0.986,23.075,-1.906,-0.184,1.019,0.047,1.036,-0.73,-6.56,99.45,0.6036,0.6125,0.3275,0.3259,8207,29.773,759.0,445.4,556.8,22.6,579.4,23.96,24.18,0.96449,5.204,11.49,25.02,14,2
42.040,hall_mission,9x4.5,pi5,-0.997,23.141,-1.905,-0.183,1.024,-0.009,1.041,0.88,-6.38,98.88,0.7421,0.6598,0.2332,0.1883,8040,32.262,822.4,564.9,706.2,22.6,728.8,30.38,23.99,0.96441,5.215,9.06,25.02,14,2
42.088,hall_mission,9x4.5,pi5,-1.004,23.182,-1.908,-0.192,1.026,-0.070,1.046,1.52,-5.55,99.15,0.7569,0.7101,0.1536,0.1476,7840,33.042,842.3,614.3,767.9,22.6,790.5,33.06,23.91,0.96434,5.225,8.32,25.02,14,2
42.140,hall_mission,9x4.5,pi5,-1.014,23.239,-1.916,-0.208,1.013,-0.166,1.047,1.83,-3.17,100.83,0.7149,0.7256,0.1215,0.1394,7598,31.643,806.7,581.4,726.7,22.6,749.3,31.27,23.96,0.96426,5.236,8.80,25.02,14,2
42.188,hall_mission,9x4.5,pi5,-1.022,23.279,-1.925,-0.216,0.987,-0.219,1.034,1.92,-1.45,102.79,0.6738,0.6950,0.1223,0.1533,7391,29.291,746.7,511.5,639.3,22.6,661.9,27.49,24.07,0.96420,5.245,10.01,25.02,14,2
42.240,hall_mission,9x4.5,pi5,-1.035,23.341,-1.944,-0.224,0.920,-0.252,0.979,2.01,0.87,106.87,0.6301,0.6309,0.1584,0.1886,7259,26.516,676.0,422.6,528.3,22.6,550.9,22.75,24.22,0.96415,5.253,12.09,25.02,14,2
42.288,hall_mission,9x4.5,pi5,-1.044,23.376,-1.956,-0.224,0.867,-0.237,0.926,2.13,2.05,110.22,0.5774,0.5925,0.2076,0.2304,7259,24.874,634.1,364.4,455.5,22.6,478.1,19.67,24.31,0.96410,5.259,13.99,25.02,14,2
42.340,hall_mission,9x4.5,pi5,-1.056,23.421,-1.971,-0.219,0.787,-0.181,0.837,2.37,3.26,115.97,0.5266,0.5358,0.2769,0.2917,7343,23.781,606.2,317.2,396.4,22.6,419.0,17.19,24.38,0.96406,5.265,16.00,25.02,14,2
42.388,hall_mission,9x4.5,pi5,-1.064,23.450,-1.979,-0.213,0.728,-0.128,0.769,2.56,3.75,120.14,0.4794,0.4857,0.3475,0.3563,7480,23.668,603.4,298.2,372.8,22.6,395.4,16.20,24.41,0.96403,5.271,16.98,25.02,14,2
42.440,hall_mission,9x4.5,pi5,-1.075,23.490,-1.987,-0.199,0.632,-0.039,0.664,2.87,4.09,126.63,0.4285,0.4345,0.4252,0.4311,7663,24.447,623.2,305.9,382.4,22.6,405.0,16.60,24.40,0.96399,5.277,16.57,25.02,14,2
42.488,hall_mission,9x4.5,pi5,-1.082,23.512,-1.989,-0.188,0.573,0.008,0.603,3.07,4.12,130.95,0.3943,0.3987,0.4804,0.4846,7803,25.510,650.3,329.2,411.5,22.6,434.1,17.82,24.36,0.96395,5.282,15.44,25.02,14,2
42.540,hall_mission,9x4.5,pi5,-1.091,23.537,-1.987,-0.170,0.491,0.054,0.523,3.35,3.98,137.20,0.3584,0.3611,0.5328,0.5351,7910,26.708,680.9,362.1,452.6,22.6,475.2,19.55,24.31,0.96390,5.289,14.07,25.02,14,2
42.588,hall_mission,9x4.5,pi5,-1.096,23.551,-1.984,-0.158,0.434,0.071,0.467,3.50,3.80,141.08,0.3207,0.3223,0.5790,0.5824,7971,27.923,711.8,401.7,502.1,22.6,524.7,21.64,24.25,0.96385,5.296,12.71,25.02,14,2
42.640,hall_mission,9x4.5,pi5,-1.104,23.569,-1.978,-0.136,0.345,0.069,0.378,3.63,3.44,146.29,0.2845,0.2843,0.6171,0.6209,7980,28.957,738.2,441.1,551.4,22.6,574.0,23.73,24.18,0.96379,5.305,11.58,25.02,14,2
42.688,hall_mission,9x4.5,pi5,-1.108,23.578,-1.975,-0.123,0.293,0.054,0.322,3.65,3.18,149.25,0.2533,0.2532,0.6434,0.6460,7940,29.598,754.5,470.6,588.3,22.6,610.9,25.31,24.14,0.96374,5.313,10.86,25.02,14,2
42.740,hall_mission,9x4.5,pi5,-1.113,23.586,-1.972,-0.105,0.224,0.022,0.248,3.58,2.80,152.78,0.2311,0.2312,0.6573,0.6576,7872,29.775,759.0,484.9,606.1,22.6,628.7,26.07,24.11,0.96368,5.322,10.54,25.02,14,2
42.784,hall_mission,9x4.5,pi5,-1.116,23.589,-1.972,-0.093,0.178,-0.002,0.201,3.47,2.57,154.50,0.2193,0.2186,0.6590,0.6592,7796,29.538,753.0,483.9,604.8,22.6,627.4,26.02,24.11,0.96362,5.329,10.57,25.02,14,2
42.836,hall_mission,9x4.5,pi5,-1.118,23.591,-1.972,-0.081,0.137,-0.024,0.161,3.32,2.36,155.69,0.2184,0.2176,0.6501,0.6510,7727,28.949,738.0,468.5,585.6,22.6,608.2,25.20,24.14,0.96356,5.338,10.91,25.02,14,2
42.884,hall_mission,9x4.5,pi5,-1.120,23.590,-1.975,-0.064,0.078,-0.046,0.111,3.03,2.10,156.51,0.2250,0.2251,0.6365,0.6372,7679,28.256,720.3,447.3,559.1,22.6,581.7,24.07,24.17,0.96351,5.346,11.42,25.02,14,2
42.932,hall_mission,9x4.5,pi5,-1.121,23.589,-1.977,-0.054,0.046,-0.051,0.088,2.81,1.96,156.44,0.2410,0.2418,0.6181,0.6164,7655,27.486,700.7,420.8,526.0,22.6,548.6,22.66,24.21,0.96346,5.353,12.13,25.02,14,2
42.984,hall_mission,9x4.5,pi5,-1.122,23.585,-1.981,-0.042,0.008,-0.045,0.062,2.47,1.78,155.51,0.2650,0.2660,0.5947,0.5944,7665,26.828,683.9,395.1,493.8,22.6,516.4,21.29,24.25,0.96341,5.361,12.91,25.02,14,2
43.036,hall_mission,9x4.5,pi5,-1.123,23.581,-1.983,-0.035,-0.015,-0.033,0.050,2.24,1.69,154.40,0.2966,0.2973,0.5685,0.5679,7703,26.308,670.7,371.4,464.2,22.6,486.8,20.04,24.29,0.96336,5.368,13.71,25.02,14,2
43.084,hall_mission,9x4.5,pi5,-1.123,23.574,-1.985,-0.024,-0.047,-0.003,0.053,1.90,1.58,152.12,0.3266,0.3275,0.5472,0.5453,7762,26.132,666.2,357.8,447.3,22.6,469.9,19.33,24.31,0.96332,5.374,14.22,25.02,14,2
43.132,hall_mission,9x4.5,pi5,-1.124,23.569,-1.985,-0.019,-0.063,0.019,0.069,1.68,1.51,150.26,0.3578,0.3593,0.5244,0.5248,7833,26.147,666.6,349.9,437.3,22.6,459.9,18.91,24.32,0.96327,5.380,14.53,25.02,14,2
43.184,hall_mission,9x4.5,pi5,-1.124,23.562,-1.984,-0.012,-0.083,0.049,0.097,1.38,1.41,147.12,0.3901,0.3907,0.5053,0.5045,7921,26.408,673.2,349.0,436.2,22.6,458.8,18.86,24.33,0.96323,5.387,14.57,25.02,14,2
43.236,hall_mission,9x4.5,pi5,-1.124,23.557,-1.982,-0.007,-0.094,0.068,0.117,1.19,1.35,144.86,0.4201,0.4210,0.4848,0.4843,7992,26.681,680.2,350.5,438.2,22.6,460.8,18.94,24.32,0.96318,5.393,14.50,25.02,14,2
43.284,hall_mission,9x4.5,pi5,-1.124,23.548,-1.976,-0.001,-0.109,0.091,0.142,0.94,1.25,141.32,0.4424,0.4436,0.4714,0.4700,8054,27.023,688.9,355.8,444.8,22.6,467.4,19.22,24.31,0.96314,5.400,14.29,25.02,14,2
43.336,hall_mission,9x4.5,pi5,-1.124,23.543,-1.972,0.003,-0.117,0.100,0.154,0.79,1.18,138.93,0.4651,0.4656,0.4566,0.4559,8112,27.393,698.3,362.9,453.6,22.6,476.2,19.59,24.30,0.96309,5.407,14.02,25.02,14,2
43.384,hall_mission,9x4.5,pi5,-1.124,23.536,-1.966,0.007,-0.125,0.107,0.165,0.60,1.08,135.38,0.4781,0.4785,0.4486,0.4479,8148,27.657,705.0,368.5,460.6,22.6,483.2,19.89,24.29,0.96305,5.413,13.81,25.02,14,2
43.436,hall_mission,9x4.5,pi5,-1.124,23.531,-1.961,0.010,-0.129,0.109,0.169,0.49,1.02,133.07,0.4890,0.4882,0.4421,0.4407,8173,27.855,710.1,373.0,466.3,22.6,488.9,20.13,24.29,0.96300,5.420,13.65,25.02,14,2
43.484,hall_mission,9x4.5,pi5,-1.124,23.523,-1.955,0.014,-0.134,0.106,0.172,0.36,0.93,129.75,0.4930,0.4924,0.4405,0.4388,8190,27.984,713.4,375.9,469.8,22.6,492.4,20.28,24.28,0.96296,5.427,13.54,25.02,14,2
43.533,hall_mission,9x4.5,pi5,-1.123,23.518,-1.951,0.016,-0.136,0.103,0.172,0.28,0.87,127.65,0.5001,0.5002,0.4344,0.4336,8203,28.106,716.5,379.0,473.7,22.6,496.3,20.45,24.28,0.96291,5.433,13.43,25.02,14,2
43.585,hall_mission,9x4.5,pi5,-1.123,23.511,-1.945,0.019,-0.138,0.096,0.169,0.19,0.79,124.67,0.5008,0.5007,0.4347,0.4339,8209,28.150,717.6,379.9,474.9,22.6,497.5,20.50,24.27,0.96286,5.440,13.40,25.02,14,2
43.637,hall_mission,9x4.5,pi5,-1.122,23.507,-1.942,0.021,-0.138,0.091,0.167,0.14,0.74,122.81,0.4951,0.4953,0.4410,0.4399,8214,28.151,717.7,379.3,474.1,22.6,496.7,20.46,24.27,0.96281,5.448,13.42,25.02,14,2
43.685,hall_mission,9x4.5,pi5,-1.121,23.500,-1.937,0.023,-0.138,0.083,0.163,0.08,0.68,120.21,0.4879,0.4865,0.4487,0.4489,8216,28.135,717.2,378.3,472.9,22.6,495.5,20.41,24.28,0.96277,5.454,13.45,25.02,14,2
43.737,hall_mission,9x4.5,pi5,-1.120,23.495,-1.934,0.025,-0.138,0.077,0.160,0.05,0.65,118.57,0.4795,0.4798,0.4569,0.4562,8217,28.123,716.9,377.7,472.1,22.6,494.7,20.38,24.28,0.96272,5.461,13.47,25.02,14,2
43.785,hall_mission,9x4.5,pi5,-1.119,23.490,-1.930,0.027,-0.137,0.070,0.156,0.01,0.61,116.22,0.4730,0.4725,0.4642,0.4630,8219,28.121,716.9,377.4,471.8,22.6,494.4,20.36,24.28,0.96267,5.468,13.48,25.02,14,2
43.833,hall_mission,9x4.5,pi5,-1.119,23.485,-1.927,0.028,-0.136,0.065,0.153,-0.01,0.58,114.69,0.4692,0.4690,0.4676,0.4673,8220,28.129,717.1,377.6,471.9,22.6,494.5,20.37,24.28,0.96263,5.475,13.48,25.02,14,2
43.885,hall_mission,9x4.5,pi5,-1.118,23.479,-1.924,0.029,-0.134,0.058,0.149,-0.03,0.55,112.45,0.4638,0.4637,0.4734,0.4727,8222,28.145,717.5,377.9,472.4,22.6,495.0,20.39,24.27,0.96258,5.482,13.46,25.02,14,2
43.937,hall_mission,9x4.5,pi5,-1.117,23.476,-1.922,0.030,-0.132,0.054,0.146,-0.05,0.54,110.96,0.4603,0.4602,0.4768,0.4771,8225,28.170,718.1,378.5,473.1,22.6,495.7,20.42,24.27,0.96253,5.489,13.44,25.02,14,2
43.985,hall_mission,9x4.5,pi5,-1.116,23.471,-1.919,0.030,-0.130,0.049,0.142,-0.07,0.52,108.75,0.4574,0.4570,0.4808,0.4798,8227,28.187,718.6,379.0,473.7,22.6,496.3,20.45,24.27,0.96248,5.495,13.42,25.01,14,2
44.037,hall_mission,9x4.5,pi5,-1.116,23.467,-1.917,0.031,-0.129,0.045,0.140,-0.08,0.52,107.26,0.4569,0.4569,0.4811,0.4806,8228,28.199,718.9,379.2,474.0,22.6,496.6,20.46,24.27,0.96243,5.503,13.41,25.01,14,2
44.085,hall_mission,9x4.5,pi5,-1.114,23.462,-1.915,0.032,-0.126,0.039,0.136,-0.10,0.51,105.01,0.4557,0.4552,0.4825,0.4824,8230,28.214,719.3,379.6,474.5,22.6,497.1,20.48,24.27,0.96239,5.509,13.40,25.01,14,2
44.137,hall_mission,9x4.5,pi5,-1.114,23.459,-1.913,0.033,-0.125,0.035,0.134,-0.11,0.51,103.49,0.4557,0.4548,0.4828,0.4831,8232,28.226,719.6,379.9,474.8,22.6,497.4,20.50,24.27,0.96234,5.516,13.39,25.01,14,2
44.185,hall_mission,9x4.5,pi5,-1.112,23.454,-1.911,0.033,-0.124,0.031,0.132,-0.13,0.50,101.19,0.4549,0.4544,0.4837,0.4836,8233,28.238,719.9,380.1,475.1,22.6,497.7,20.51,24.27,0.96229,5.523,13.38,25.01,14,2
44.237,hall_mission,9x4.5,pi5,-1.111,23.450,-1.910,0.034,-0.122,0.027,0.130,-0.14,0.50,99.63,0.4565,0.4566,0.4818,0.4820,8234,28.236,719.8,380.0,475.0,22.6,497.6,20.50,24.27,0.96224,5.530,13.38,25.01,14,2
44.285,hall_mission,9x4.5,pi5,-1.109,23.445,-1.908,0.035,-0.121,0.022,0.128,-0.16,0.50,97.28,0.4568,0.4565,0.4821,0.4817,8234,28.242,720.0,380.1,475.1,22.6,497.7,20.51,24.27,0.96220,5.537,13.38,25.01,14,2
44.337,hall_mission,9x4.5,pi5,-1.108,23.441,-1.907,0.036,-0.121,0.018,0.127,-0.17,0.49,95.70,0.5737,0.5735,0.3643,0.3643,8230,29.155,743.3,417.5,521.9,22.6,544.5,22.49,24.21,0.96214,5.545,12.20,25.01,14,2
44.385,hall_mission,9x4.5,pi5,-1.105,23.436,-1.906,0.037,-0.120,-0.014,0.126,-0.18,0.48,93.56,0.7846,0.7851,0.1382,0.1382,8122,36.607,933.2,728.1,910.1,22.6,932.7,39.35,23.70,0.96206,5.557,6.97,25.01,14,2
44.429,hall_mission,9x4.5,pi5,-1.103,23.433,-1.908,0.038,-0.120,-0.113,0.169,-0.18,0.48,92.83,0.8788,0.8789,0.0000,0.0002,7444,42.014,1071.1,967.7,1209.6,22.6,1232.2,52.90,23.29,0.96195,5.572,5.19,25.01,14,2
44.477,hall_mission,9x4.5,pi5,-1.101,23.427,-1.925,0.040,-0.121,-0.380,0.401,-0.16,0.47,93.55,0.7960,0.7957,0.0000,0.0001,6843,35.221,897.9,741.8,927.3,22.6,949.9,40.12,23.68,0.96186,5.585,6.84,25.01,14,2
44.529,hall_mission,9x4.5,pi5,-1.099,23.424,-1.943,0.042,-0.121,-0.487,0.503,-0.13,0.46,95.19,0.7269,0.7267,0.0000,0.0000,6342,30.024,765.4,583.0,728.8,22.6,751.4,31.39,23.94,0.96178,5.596,8.74,25.01,14,2
44.581,hall_mission,9x4.5,pi5,-1.096,23.419,-1.976,0.043,-0.120,-0.539,0.554,-0.08,0.44,99.08,0.6975,0.6977,0.0000,0.0000,6130,27.955,712.6,523.4,654.3,22.6,676.9,28.16,24.03,0.96172,5.606,9.74,25.01,14,2
44.629,hall_mission,9x4.5,pi5,-1.093,23.416,-2.000,0.043,-0.119,-0.534,0.549,-0.04,0.43,102.53,0.6578,0.6577,0.0275,0.0266,6395,25.725,655.8,450.3,562.9,22.6,585.5,24.24,24.15,0.96166,5.613,11.31,25.01,14,2
44.677,hall_mission,9x4.5,pi5,-1.090,23.411,-2.039,0.044,-0.116,-0.476,0.492,0.03,0.41,108.82,0.5664,0.5660,0.1190,0.1187,6397,21.413,545.9,315.1,393.9,22.6,416.5,17.09,24.37,0.96162,5.619,16.04,25.01,14,2
44.729,hall_mission,9x4.5,pi5,-1.087,23.408,-2.059,0.045,-0.114,-0.389,0.408,0.07,0.39,113.56,0.4806,0.4811,0.2333,0.2333,6609,19.521,497.7,239.6,299.5,22.6,322.1,13.15,24.48,0.96159,5.624,20.84,25.01,14,2
44.777,hall_mission,9x4.5,pi5,-1.084,23.403,-2.080,0.045,-0.111,-0.231,0.260,0.15,0.36,121.11,0.4148,0.4146,0.3407,0.3408,6907,19.982,509.4,228.1,285.1,22.6,307.7,12.56,24.50,0.96156,5.628,21.83,25.01,14,2
44.829,hall_mission,9x4.5,pi5,-1.082,23.400,-2.088,0.045,-0.109,-0.120,0.169,0.20,0.34,126.22,0.3531,0.3524,0.4455,0.4454,7217,21.873,557.6,262.2,327.8,22.6,350.4,14.33,24.45,0.96153,5.633,19.13,25.01,14,2
44.877,hall_mission,9x4.5,pi5,-1.078,23.395,-2.091,0.045,-0.106,0.012,0.115,0.27,0.30,133.67,0.3062,0.3064,0.5271,0.5267,7471,24.301,619.5,322.4,403.0,22.6,425.6,17.48,24.35,0.96149,5.638,15.69,25.01,14,2
44.929,hall_mission,9x4.5,pi5,-1.076,23.392,-2.088,0.045,-0.104,0.058,0.127,0.31,0.26,138.32,0.2243,0.3351,0.5702,0.6421,7852,28.190,718.6,425.2,531.5,22.6,554.1,22.91,24.19,0.96144,5.646,11.97,25.01,14,2
44.977,hall_mission,9x4.5,pi5,-1.074,23.388,-2.082,0.043,-0.100,0.059,0.124,0.13,-0.93,144.53,0.2414,0.2528,0.6262,0.6536,7861,29.106,742.0,460.5,575.7,22.6,598.3,24.79,24.13,0.96138,5.654,11.06,25.01,14,2
45.029,hall_mission,9x4.5,pi5,-1.072,23.385,-2.077,0.034,-0.091,0.042,0.106,0.03,-2.73,148.07,0.2392,0.2102,0.6580,0.6513,7805,29.415,749.9,478.0,597.6,22.6,620.2,25.73,24.10,0.96132,5.663,10.65,25.01,14,2
45.077,hall_mission,9x4.5,pi5,-1.071,23.382,-2.072,-0.003,-0.062,0.011,0.063,-0.26,-5.64,152.41,0.2352,0.1983,0.6609,0.6436,7731,29.045,740.4,471.6,589.5,22.6,612.1,25.39,24.11,0.96126,5.672,10.80,25.01,14,2
45.129,hall_mission,9x4.5,pi5,-1.072,23.380,-2.069,-0.040,-0.037,-0.002,0.054,-0.55,-7.28,154.65,0.2385,0.2045,0.6425,0.6337,7662,28.250,720.2,448.6,560.7,22.6,583.3,24.15,24.15,0.96120,5.680,11.35,25.01,14,2
45.177,hall_mission,9x4.5,pi5,-1.077,23.381,-2.067,-0.103,0.004,-0.005,0.103,-1.03,-9.06,157.07,0.2507,0.2237,0.6248,0.6134,7639,27.490,700.8,422.6,528.2,22.6,550.8,22.77,24.19,0.96115,5.687,12.03,25.01,14,2
45.229,hall_mission,9x4.5,pi5,-1.083,23.382,-2.066,-0.151,0.035,0.003,0.155,-1.32,-9.81,158.10,0.2714,0.2548,0.5991,0.5908,7651,26.782,682.8,394.8,493.5,22.6,516.1,21.30,24.23,0.96110,5.695,12.87,25.01,14,2
45.277,hall_mission,9x4.5,pi5,-1.098,23.387,-2.063,-0.231,0.085,0.031,0.248,-1.66,-10.41,158.90,0.2980,0.2879,0.5742,0.5685,7696,26.355,671.9,373.8,467.3,22.6,489.9,20.19,24.27,0.96106,5.701,13.57,25.01,14,2
45.329,hall_mission,9x4.5,pi5,-1.111,23.392,-2.061,-0.279,0.116,0.054,0.307,-1.79,-10.55,159.00,0.3312,0.3271,0.5493,0.5439,7779,26.226,668.6,359.4,449.3,22.6,471.9,19.43,24.29,0.96101,5.708,14.10,25.01,14,2
45.377,hall_mission,9x4.5,pi5,-1.125,23.399,-2.057,-0.326,0.147,0.079,0.366,-1.86,-10.52,158.64,0.3636,0.3621,0.5262,0.5228,7863,26.312,670.8,352.5,440.6,22.6,463.2,19.06,24.30,0.96097,5.714,14.37,25.01,14,2
45.429,hall_mission,9x4.5,pi5,-1.150,23.410,-2.051,-0.388,0.188,0.112,0.445,-1.82,-10.38,158.16,0.3971,0.3971,0.5025,0.5014,7948,26.541,676.6,350.7,438.4,22.6,461.0,18.97,24.30,0.96092,5.721,14.44,25.01,14,2
45.477,hall_mission,9x4.5,pi5,-1.183,23.425,-2.041,-0.453,0.232,0.142,0.528,-1.68,-10.07,157.18,0.4250,0.4269,0.4840,0.4838,8026,26.892,685.6,354.4,443.0,22.6,465.6,19.16,24.30,0.96088,5.727,14.30,25.01,14,2
45.529,hall_mission,9x4.5,pi5,-1.206,23.436,-2.034,-0.491,0.259,0.155,0.576,-1.55,-9.83,156.44,0.4520,0.4514,0.4678,0.4694,8103,27.337,696.9,361.8,452.3,22.6,474.9,19.56,24.28,0.96083,5.734,14.01,25.01,14,2
45.577,hall_mission,9x4.5,pi5,-1.241,23.454,-2.024,-0.540,0.293,0.166,0.636,-1.34,-9.42,155.28,0.4680,0.4687,0.4591,0.4587,8153,27.672,705.4,368.4,460.5,22.6,483.1,19.90,24.27,0.96079,5.740,13.76,25.01,14,2
45.629,hall_mission,9x4.5,pi5,-1.268,23.468,-2.017,-0.571,0.315,0.169,0.674,-1.20,-9.13,154.52,0.6377,0.6317,0.3527,0.2372,8170,30.460,776.5,475.9,594.8,22.6,617.4,25.62,24.10,0.96073,5.749,10.69,25.01,14,2
45.681,hall_mission,9x4.5,pi5,-1.313,23.491,-2.007,-0.627,0.351,0.087,0.724,-0.27,-8.06,153.91,0.8740,0.8831,0.0432,0.0119,7999,42.487,1083.1,968.7,1210.8,22.6,1233.4,52.98,23.28,0.96060,5.767,5.17,25.01,14,2
45.729,hall_mission,9x4.5,pi5,-1.343,23.507,-2.006,-0.669,0.369,-0.091,0.769,0.56,-6.47,154.56,0.8154,0.8294,0.0103,0.0000,7072,37.377,952.8,810.0,1012.5,22.6,1035.1,43.95,23.55,0.96050,5.781,6.23,25.01,14,2
45.781,hall_mission,9x4.5,pi5,-1.393,23.532,-2.021,-0.704,0.363,-0.322,0.854,1.62,-3.39,157.65,0.7492,0.7340,0.0000,0.0299,6557,31.255,796.8,615.7,769.6,22.6,792.2,33.19,23.87,0.96042,5.792,8.25,25.01,14,2
45.829,hall_mission,9x4.5,pi5,-1.419,23.545,-2.033,-0.703,0.347,-0.373,0.868,2.18,-1.64,160.33,0.6845,0.6925,0.0000,0.0567,6270,27.639,704.6,507.2,633.9,22.6,656.5,27.30,24.05,0.96036,5.801,10.03,25.01,14,2
45.877,hall_mission,9x4.5,pi5,-1.470,23.566,-2.061,-0.676,0.300,-0.379,0.831,3.05,0.99,166.04,0.6635,0.6717,0.0000,0.0711,6170,26.319,671.0,468.5,585.7,22.6,608.3,25.23,24.11,0.96031,5.809,10.85,25.01,14,2
45.929,hall_mission,9x4.5,pi5,-1.500,23.577,-2.079,-0.645,0.264,-0.350,0.780,3.56,2.42,170.60,0.6643,0.6668,0.0000,0.0749,6170,26.215,668.3,465.1,581.3,22.6,603.9,25.04,24.12,0.96024,5.818,10.93,25.01,14,2
45.977,hall_mission,9x4.5,pi5,-1.540,23.589,-2.102,-0.588,0.212,-0.302,0.694,4.25,3.95,178.51,0.6611,0.6677,0.0095,0.0754,6555,26.394,672.9,463.6,579.4,22.6,602.0,24.96,24.12,0.96019,5.826,10.96,25.00,14,2
46.029,hall_mission,9x4.5,pi5,-1.565,23.595,-2.116,-0.539,0.174,-0.268,0.627,4.64,4.55,-175.53,0.6031,0.6100,0.0831,0.1284,6595,23.614,602.0,372.5,465.6,22.6,488.2,20.12,24.26,0.96014,5.833,13.60,25.00,14,2
46.077,hall_mission,9x4.5,pi5,-1.599,23.602,-2.134,-0.456,0.124,-0.176,0.504,5.03,4.83,-165.78,0.5637,0.5671,0.1532,0.1752,6720,22.324,569.1,322.2,402.8,22.6,425.4,17.48,24.34,0.96010,5.839,15.66,25.00,14,2
46.129,hall_mission,9x4.5,pi5,-1.617,23.604,-2.141,-0.404,0.099,-0.098,0.428,5.17,4.62,-158.17,0.5347,0.5380,0.2245,0.2282,6960,22.266,567.6,300.8,376.0,22.6,398.6,16.35,24.37,0.96006,5.845,16.73,25.00,14,2
46.181,hall_mission,9x4.5,pi5,-1.637,23.605,-2.144,-0.334,0.072,0.013,0.342,5.25,4.06,-148.06,0.5140,0.5178,0.2795,0.2787,7194,22.773,580.5,296.3,370.4,22.6,393.0,16.12,24.38,0.96002,5.850,16.97,25.00,14,2
46.229,hall_mission,9x4.5,pi5,-1.648,23.605,-2.142,-0.285,0.057,0.085,0.303,5.27,3.53,-140.62,0.5049,0.5059,0.3224,0.3198,7423,23.678,603.6,305.0,381.2,22.6,403.8,16.57,24.37,0.95999,5.856,16.51,25.00,14,2
46.277,hall_mission,9x4.5,pi5,-1.661,23.604,-2.132,-0.212,0.038,0.177,0.279,5.25,2.63,-129.25,0.4993,0.4994,0.3564,0.3539,7625,24.661,628.7,318.4,398.0,22.6,420.6,17.28,24.35,0.95995,5.861,15.84,25.00,14,2
46.329,hall_mission,9x4.5,pi5,-1.666,23.603,-2.123,-0.168,0.029,0.219,0.277,5.19,2.00,-121.57,0.4819,0.4813,0.4006,0.3985,7819,25.596,652.5,330.5,413.2,22.6,435.8,17.91,24.33,0.95991,5.868,15.27,25.00,14,2
46.377,hall_mission,9x4.5,pi5,-1.669,23.601,-2.107,-0.111,0.020,0.256,0.280,5.00,1.06,-110.01,0.4340,0.4335,0.4651,0.4640,7943,26.286,670.1,341.5,426.8,22.6,449.4,18.49,24.31,0.95986,5.874,14.80,25.00,14,2
46.429,hall_mission,9x4.5,pi5,-1.669,23.599,-2.094,-0.073,0.014,0.268,0.278,4.81,0.46,-102.41,0.3674,0.3666,0.5439,0.5417,8026,27.495,700.9,378.1,472.6,22.6,495.2,20.42,24.25,0.95982,5.881,13.40,25.00,14,2
46.477,hall_mission,9x4.5,pi5,-1.666,23.596,-2.074,-0.017,0.008,0.257,0.258,4.41,-0.32,-91.47,0.3044,0.3041,0.6106,0.6089,8056,29.061,740.8,436.0,545.0,22.6,567.6,23.49,24.16,0.95976,5.888,11.64,25.00,14,2
46.529,hall_mission,9x4.5,pi5,-1.663,23.594,-2.062,0.016,0.005,0.230,0.230,4.09,-0.75,-84.68,0.2427,0.2415,0.6661,0.6643,8008,30.612,780.4,502.7,628.3,22.6,650.9,27.07,24.05,0.95970,5.898,10.10,25.00,14,2
46.577,hall_mission,9x4.5,pi5,-1.655,23.591,-2.049,0.058,0.001,0.167,0.177,3.58,-1.21,-75.50,0.1954,0.1944,0.6977,0.6965,7897,31.477,802.5,548.1,685.2,22.6,707.8,29.52,23.98,0.95963,5.907,9.26,25.00,14,2
46.629,hall_mission,9x4.5,pi5,-1.649,23.589,-2.042,0.085,-0.001,0.111,0.140,3.22,-1.42,-70.17,0.1333,0.1972,0.7032,0.7324,7832,32.269,822.6,584.2,730.2,22.6,752.8,31.48,23.92,0.95956,5.918,8.69,25.00,14,2
46.677,hall_mission,9x4.5,pi5,-1.636,23.586,-2.037,0.123,-0.006,0.013,0.124,2.35,-2.35,-63.50,0.1337,0.1551,0.7052,0.7193,7641,31.362,799.5,567.3,709.2,22.6,731.8,30.56,23.94,0.95949,5.928,8.95,25.00,14,2
46.729,hall_mission,9x4.5,pi5,-1.627,23.585,-2.037,0.143,-0.016,-0.036,0.148,1.78,-3.45,-59.94,0.1439,0.1298,0.7005,0.6855,7447,29.854,761.1,527.6,659.5,22.6,682.1,28.41,24.01,0.95942,5.938,9.62,25.00,14,2
46.781,hall_mission,9x4.5,pi5,-1.613,23.581,-2.041,0.172,-0.043,-0.076,0.193,0.97,-5.18,-55.82,0.1571,0.1357,0.6707,0.6650,7334,28.342,722.5,481.8,602.3,22.6,624.9,25.95,24.08,0.95936,5.947,10.53,25.00,14,2
46.821,hall_mission,9x4.5,pi5,-1.602,23.577,-2.045,0.193,-0.070,-0.085,0.222,0.51,-6.11,-53.83,0.1728,0.1522,0.6503,0.6402,7286,27.204,693.5,445.0,556.3,22.6,578.9,23.98,24.14,0.95931,5.953,11.40,25.00,14,2
46.869,hall_mission,9x4.5,pi5,-1.591,23.572,-2.049,0.214,-0.099,-0.077,0.248,0.11,-6.81,-52.40,0.1978,0.1831,0.6201,0.6145,7287,26.091,665.1,405.3,506.6,22.6,529.2,21.87,24.20,0.95926,5.960,12.50,25.00,14,2
46.921,hall_mission,9x4.5,pi5,-1.570,23.561,-2.054,0.246,-0.150,-0.039,0.291,-0.36,-7.45,-51.17,0.2334,0.2252,0.5909,0.5849,7355,25.333,645.8,371.8,464.7,22.6,487.3,20.09,24.26,0.95922,5.967,13.60,25.00,14,2
46.969,hall_mission,9x4.5,pi5,-1.556,23.553,-2.056,0.265,-0.182,-0.004,0.321,-0.58,-7.65,-50.90,0.2721,0.2670,0.5641,0.5590,7456,25.007,637.5,349.9,437.3,22.6,459.9,18.93,24.29,0.95917,5.973,14.43,25.00,14,2
47.021,hall_mission,9x4.5,pi5,-1.535,23.537,-2.055,0.288,-0.227,0.051,0.370,-0.78,-7.75,-51.13,0.3146,0.3133,0.5356,0.5330,7580,24.981,636.8,335.5,419.3,22.6,441.9,18.18,24.31,0.95913,5.980,15.03,25.00,14,2
47.069,hall_mission,9x4.5,pi5,-1.519,23.525,-2.052,0.304,-0.258,0.090,0.408,-0.83,-7.71,-51.63,0.3543,0.3543,0.5125,0.5116,7712,25.301,645.0,332.3,415.4,22.6,438.0,18.01,24.32,0.95909,5.985,15.17,25.00,14,2
47.121,hall_mission,9x4.5,pi5,-1.494,23.502,-2.044,0.325,-0.306,0.143,0.469,-0.81,-7.56,-52.74,0.3944,0.3952,0.4921,0.4911,7857,25.903,660.3,337.6,422.0,22.6,444.6,18.29,24.31,0.95905,5.992,14.94,25.00,14,2
47.169,hall_mission,9x4.5,pi5,-1.477,23.487,-2.037,0.337,-0.335,0.169,0.504,-0.75,-7.43,-53.64,0.4252,0.4256,0.4761,0.4756,7964,26.462,674.6,345.6,432.0,22.6,454.6,18.71,24.29,0.95900,5.998,14.60,25.00,14,2
47.221,hall_mission,9x4.5,pi5,-1.454,23.462,-2.025,0.352,-0.373,0.193,0.548,-0.64,-7.19,-55.11,0.4528,0.4540,0.4602,0.4598,8052,26.993,688.1,354.9,443.7,22.6,466.3,19.20,24.28,0.95896,6.005,14.23,25.00,14,2
47.269,hall_mission,9x4.5,pi5,-1.437,23.444,-2.016,0.362,-0.399,0.203,0.576,-0.54,-7.03,-56.11,0.4742,0.4761,0.4476,0.4475,8120,27.464,700.1,364.6,455.7,22.6,478.3,19.71,24.26,0.95891,6.011,13.86,25.00,14,2
47.321,hall_mission,9x4.5,pi5,-1.409,23.413,-2.002,0.375,-0.438,0.206,0.612,-0.38,-6.76,-57.54,0.4922,0.4944,0.4367,0.4370,8173,27.881,710.8,374.0,467.5,22.6,490.1,20.21,24.25,0.95887,6.018,13.52,25.00,14,2
47.369,hall_mission,9x4.5,pi5,-1.392,23.392,-1.993,0.382,-0.459,0.203,0.631,-0.28,-6.59,-58.41,0.5035,0.5059,0.4291,0.4298,8203,28.137,717.3,380.2,475.3,22.6,497.9,20.54,24.24,0.95882,6.025,13.30,25.00,14,2
47.421,hall_mission,9x4.5,pi5,-1.367,23.362,-1.981,0.391,-0.487,0.194,0.654,-0.13,-6.33,-59.53,0.5095,0.5105,0.4251,0.4282,8221,28.288,721.2,383.8,479.8,22.6,502.4,20.73,24.23,0.95877,6.032,13.18,25.00,14,2
47.469,hall_mission,9x4.5,pi5,-1.350,23.339,-1.973,0.396,-0.504,0.186,0.668,-0.06,-6.16,-60.14,0.5083,0.5088,0.4293,0.4303,8233,28.353,722.8,384.8,481.0,22.6,503.6,20.78,24.23,0.95872,6.039,13.14,25.00,14,2
47.521,hall_mission,9x4.5,pi5,-1.322,23.303,-1.961,0.403,-0.529,0.172,0.687,-0.00,-5.93,-60.85,0.5040,0.5066,0.4340,0.4343,8241,28.383,723.6,384.9,481.2,22.6,503.8,20.79,24.23,0.95867,6.046,13.14,25.00,14,2
47.569,hall_mission,9x4.5,pi5,-1.305,23.279,-1.955,0.406,-0.542,0.162,0.697,0.02,-5.80,-61.21,0.5011,0.5027,0.4370,0.4389,8244,28.385,723.6,384.5,480.6,22.6,503.2,20.77,24.23,0.95863,6.053,13.15,25.00,14,2
47.621,hall_mission,9x4.5,pi5,-1.281,23.245,-1.947,0.408,-0.559,0.149,0.708,0.05,-5.63,-61.58,0.4968,0.4991,0.4415,0.4430,8246,28.377,723.4,383.9,479.9,22.6,502.5,20.74,24.23,0.95858,6.060,13.17,25.00,14,2
47.669,hall_mission,9x4.5,pi5,-1.264,23.221,-1.941,0.410,-0.569,0.140,0.715,0.07,-5.53,-61.74,0.4930,0.4951,0.4463,0.4463,8248,28.368,723.2,383.4,479.2,22.6,501.8,20.71,24.23,0.95853,6.067,13.18,25.00,14,2
47.721,hall_mission,9x4.5,pi5,-1.236,23.182,-1.934,0.412,-0.583,0.127,0.725,0.10,-5.40,-61.85,0.4884,0.4911,0.4501,0.4514,8249,28.359,722.9,382.9,478.6,22.6,501.2,20.68,24.23,0.95848,6.074,13.20,25.00,14,2
47.769,hall_mission,9x4.5,pi5,-1.219,23.158,-1.929,0.412,-0.591,0.119,0.730,0.11,-5.33,-61.85,0.4849,0.4867,0.4544,0.4552,8249,28.352,722.8,382.5,478.1,22.6,500.7,20.66,24.23,0.95844,6.081,13.21,25.00,14,2
47.821,hall_mission,9x4.5,pi5,-1.195,23.123,-1.924,0.413,-0.599,0.106,0.736,0.10,-5.25,-61.79,0.3735,0.2640,0.6247,0.6290,8286,30.787,784.9,474.8,593.5,22.6,616.1,25.58,24.08,0.95837,6.090,10.67,25.00,14,2
47.869,hall_mission,9x4.5,pi5,-1.178,23.099,-1.921,0.415,-0.608,0.060,0.738,-0.51,-4.96,-61.97,0.0778,0.0482,0.8530,0.8709,8136,41.530,1058.7,922.8,1153.5,22.6,1176.1,50.39,23.34,0.95826,6.105,5.42,25.00,14,2
47.921,hall_mission,9x4.5,pi5,-1.151,23.059,-1.925,0.402,-0.631,-0.203,0.775,-1.87,-3.17,-63.79,0.0083,0.0000,0.8230,0.8369,7119,37.978,968.2,830.1,1037.6,22.6,1060.2,45.12,23.50,0.95815,6.121,6.05,25.00,14,2
47.969,hall_mission,9x4.5,pi5,-1.135,23.033,-1.937,0.377,-0.635,-0.362,0.822,-2.63,-1.57,-66.27,0.0000,0.0308,0.7550,0.7295,6566,31.312,798.2,617.4,771.8,22.6,794.4,33.31,23.85,0.95808,6.131,8.19,25.00,14,2
48.021,hall_mission,9x4.5,pi5,-1.115,22.998,-1.963,0.325,-0.616,-0.461,0.835,-3.79,0.78,-71.56,0.0000,0.0587,0.6819,0.6923,6266,27.554,702.4,504.5,630.6,22.6,653.2,27.18,24.03,0.95801,6.141,10.04,25.00,14,2
48.069,hall_mission,9x4.5,pi5,-1.103,22.974,-1.985,0.281,-0.589,-0.462,0.800,-4.50,2.17,-75.94,0.0000,0.0693,0.6651,0.6710,6167,26.338,671.4,469.3,586.6,22.6,609.2,25.29,24.09,0.95796,6.149,10.79,25.00,14,2
48.121,hall_mission,9x4.5,pi5,-1.088,22.938,-2.018,0.207,-0.529,-0.414,0.703,-5.42,3.76,-83.63,0.0000,0.0710,0.6668,0.6674,6167,26.289,670.2,467.7,584.6,22.6,607.2,25.21,24.09,0.95790,6.157,10.82,25.00,14,2
48.169,hall_mission,9x4.5,pi5,-1.081,22.919,-2.037,0.160,-0.482,-0.376,0.632,-5.95,4.41,-89.46,0.0160,0.0791,0.6570,0.6606,6552,26.085,665.0,453.9,567.4,22.6,590.0,24.47,24.11,0.95784,6.165,11.15,25.00,14,2
48.221,hall_mission,9x4.5,pi5,-1.076,22.895,-2.060,0.098,-0.408,-0.319,0.527,-6.55,4.76,-99.18,0.0915,0.1296,0.6006,0.6046,6601,23.447,597.7,366.9,458.6,22.6,481.2,19.84,24.25,0.95780,6.172,13.75,25.00,14,2
48.269,hall_mission,9x4.5,pi5,-1.075,22.882,-2.073,0.060,-0.353,-0.257,0.441,-6.76,4.60,-106.21,0.1611,0.1777,0.5617,0.5639,6739,22.292,568.3,319.8,399.7,22.6,422.3,17.36,24.32,0.95776,6.178,15.71,25.00,14,2
48.321,hall_mission,9x4.5,pi5,-1.075,22.865,-2.086,0.012,-0.268,-0.129,0.298,-6.81,3.90,-117.34,0.2303,0.2330,0.5340,0.5355,6987,22.330,569.3,300.6,375.7,22.6,398.3,16.36,24.35,0.95772,6.184,16.68,25.00,14,2
48.369,hall_mission,9x4.5,pi5,-1.077,22.858,-2.090,-0.012,-0.217,-0.047,0.223,-6.71,3.23,-125.07,0.2833,0.2806,0.5169,0.5179,7226,22.947,585.0,299.3,374.2,22.6,396.8,16.29,24.36,0.95768,6.189,16.74,25.00,14,2
48.421,hall_mission,9x4.5,pi5,-1.081,22.852,-2.088,-0.038,-0.150,0.055,0.164,-6.41,2.11,-136.99,0.3305,0.3221,0.5048,0.5042,7454,23.824,607.3,306.9,383.6,22.6,406.2,16.68,24.34,0.95764,6.195,16.35,25.00,14,2
48.469,hall_mission,9x4.5,pi5,-1.085,22.850,-2.083,-0.052,-0.105,0.114,0.164,-6.14,1.38,-145.09,0.3631,0.3569,0.4975,0.4994,7654,24.808,632.4,320.5,400.7,22.6,423.3,17.40,24.32,0.95760,6.200,15.67,25.00,14,2
48.521,hall_mission,9x4.5,pi5,-1.091,22.851,-2.070,-0.070,-0.038,0.183,0.199,-5.66,0.36,-157.39,0.3904,0.3866,0.4962,0.4962,7844,25.869,659.5,337.8,422.3,22.6,444.9,18.31,24.29,0.95756,6.207,14.89,25.00,14,2
48.569,hall_mission,9x4.5,pi5,-1.095,22.853,-2.059,-0.077,0.001,0.211,0.224,-5.27,-0.26,-165.65,0.4089,0.4047,0.4952,0.4954,7970,26.616,678.5,350.9,438.6,22.6,461.2,19.00,24.27,0.95752,6.213,14.35,25.00,14,2
48.621,hall_mission,9x4.5,pi5,-1.101,22.860,-2.043,-0.085,0.050,0.233,0.253,-4.58,-1.06,-178.08,0.4220,0.4176,0.4953,0.4953,8065,27.203,693.5,361.5,451.9,22.6,474.5,19.56,24.26,0.95747,6.220,13.94,25.00,14,2
48.669,hall_mission,9x4.5,pi5,-1.105,22.866,-2.031,-0.088,0.081,0.240,0.268,-4.07,-1.50,173.63,0.4296,0.4264,0.4963,0.4973,8135,27.653,705.0,370.1,462.6,22.6,485.2,20.01,24.24,0.95742,6.226,13.62,25.00,14,2
48.721,hall_mission,9x4.5,pi5,-1.111,22.878,-2.012,-0.091,0.125,0.239,0.284,-3.26,-1.99,161.19,0.4353,0.4315,0.4986,0.4996,8191,28.024,714.4,377.3,471.7,22.6,494.3,20.40,24.23,0.95738,6.234,13.37,25.00,14,2
48.769,hall_mission,9x4.5,pi5,-1.115,22.887,-2.001,-0.091,0.149,0.233,0.291,-2.71,-2.21,152.92,0.4377,0.4340,0.5003,0.5016,8222,28.236,719.8,381.6,477.0,22.6,499.6,20.62,24.22,0.95733,6.240,13.22,25.00,14,2
48.821,hall_mission,9x4.5,pi5,-1.120,22.900,-1.986,-0.090,0.176,0.221,0.296,-1.90,-2.38,140.54,0.4533,0.4504,0.4865,0.4890,8242,28.307,721.6,381.7,477.1,22.6,499.7,20.63,24.22,0.95728,6.247,13.21,25.00,14,2
48.869,hall_mission,9x4.5,pi5,-1.124,22.910,-1.976,-0.089,0.192,0.208,0.297,-1.40,-2.38,132.34,0.5750,0.5720,0.3655,0.3674,8245,29.237,745.3,418.9,523.6,22.6,546.2,22.60,24.16,0.95723,6.255,12.06,25.00,14,2
48.921,hall_mission,9x4.5,pi5,-1.129,22.927,-1.962,-0.088,0.214,0.143,0.272,-0.70,-2.27,120.52,0.7484,0.7961,0.1319,0.2036,8245,36.373,927.2,706.3,882.9,22.6,905.5,38.22,23.69,0.95714,6.268,7.13,25.00,14,2
48.969,hall_mission,9x4.5,pi5,-1.133,22.937,-1.958,-0.089,0.228,0.024,0.246,-0.09,-2.61,113.48,0.8579,0.8897,0.0000,0.0230,7491,41.706,1063.2,954.0,1192.6,22.6,1215.2,52.21,23.27,0.95702,6.284,5.22,24.99,14,2
49.021,hall_mission,9x4.5,pi5,-1.138,22.953,-1.963,-0.100,0.258,-0.223,0.355,0.92,-3.94,104.84,0.7912,0.7858,0.0257,0.0000,6882,34.770,886.4,724.1,905.1,22.6,927.7,39.21,23.66,0.95693,6.297,6.95,24.99,14,2
49.069,hall_mission,9x4.5,pi5,-1.142,22.965,-1.975,-0.114,0.285,-0.346,0.462,1.55,-4.93,100.31,0.7249,0.7059,0.0501,0.0000,6441,29.482,751.6,560.7,700.8,22.6,723.4,30.23,23.93,0.95686,6.307,9.01,24.99,14,2
49.121,hall_mission,9x4.5,pi5,-1.150,22.986,-2.003,-0.138,0.332,-0.400,0.538,2.49,-6.19,95.01,0.6835,0.6848,0.0548,0.0000,6231,27.326,696.6,498.7,623.4,22.6,646.0,26.88,24.03,0.95680,6.316,10.14,24.99,14,2
49.169,hall_mission,9x4.5,pi5,-1.157,23.001,-2.022,-0.153,0.362,-0.387,0.552,3.03,-6.73,92.37,0.6855,0.6764,0.0479,0.0000,6183,27.062,689.9,492.4,615.5,22.6,638.1,26.54,24.04,0.95674,6.325,10.26,24.99,14,2
49.221,hall_mission,9x4.5,pi5,-1.167,23.023,-2.048,-0.176,0.407,-0.352,0.566,3.70,-7.13,89.67,0.6993,0.6204,0.0778,0.0000,6138,25.923,660.8,458.5,573.2,22.6,595.8,24.73,24.09,0.95668,6.333,11.02,24.99,14,2
49.269,hall_mission,9x4.5,pi5,-1.175,23.041,-2.064,-0.192,0.438,-0.318,0.574,3.53,-6.56,88.73,0.6822,0.6738,0.0515,0.0000,6175,26.886,685.4,487.0,608.8,22.6,631.4,26.25,24.05,0.95662,6.342,10.37,24.99,14,2
49.321,hall_mission,9x4.5,pi5,-1.190,23.071,-2.088,-0.211,0.472,-0.277,0.587,2.59,-4.56,88.56,0.6882,0.7080,0.0157,0.0000,6190,28.065,715.5,524.9,656.1,22.6,678.7,28.29,23.99,0.95655,6.352,9.63,24.99,14,2
49.369,hall_mission,9x4.5,pi5,-1.200,23.091,-2.100,-0.218,0.481,-0.268,0.592,1.95,-3.01,89.27,0.6870,0.7064,0.0000,0.0075,6151,27.930,712.0,522.0,652.5,22.6,675.1,28.14,23.99,0.95649,6.361,9.68,24.99,14,2
49.421,hall_mission,9x4.5,pi5,-1.214,23.118,-2.118,-0.221,0.475,-0.259,0.585,1.17,-0.79,91.57,0.6827,0.6837,0.0000,0.0224,6107,27.068,690.0,496.0,620.0,22.6,642.6,26.74,24.03,0.95642,6.370,10.18,24.99,14,2
49.469,hall_mission,9x4.5,pi5,-1.225,23.137,-2.129,-0.220,0.459,-0.243,0.564,0.84,0.47,93.88,0.6200,0.6337,0.0536,0.0800,6459,24.237,617.9,400.4,500.5,22.6,523.1,21.63,24.19,0.95638,6.377,12.59,24.99,14,2
49.521,hall_mission,9x4.5,pi5,-1.241,23.165,-2.145,-0.212,0.420,-0.171,0.501,0.55,1.97,98.35,0.5576,0.5678,0.1364,0.1571,6574,21.782,555.3,315.1,393.9,22.6,416.5,17.13,24.32,0.95633,6.383,15.90,24.99,14,2
49.569,hall_mission,9x4.5,pi5,-1.251,23.180,-2.151,-0.204,0.390,-0.094,0.450,0.45,2.70,101.85,0.5033,0.5107,0.2265,0.2377,6789,20.844,531.4,267.7,334.7,22.6,357.3,14.65,24.39,0.95630,6.388,18.59,24.99,14,2
49.621,hall_mission,9x4.5,pi5,-1.264,23.198,-2.153,-0.190,0.346,0.033,0.397,0.40,3.41,107.61,0.4543,0.4609,0.3177,0.3213,7065,21.195,540.3,254.1,317.7,22.6,340.3,13.94,24.41,0.95627,6.393,19.54,24.99,14,2
49.669,hall_mission,9x4.5,pi5,-1.272,23.208,-2.150,-0.178,0.314,0.120,0.381,0.43,3.70,111.64,0.4256,0.4305,0.3872,0.3887,7346,22.501,573.6,270.7,338.4,22.6,361.0,14.80,24.39,0.95624,6.397,18.39,24.99,14,2
49.721,hall_mission,9x4.5,pi5,-1.284,23.221,-2.137,-0.156,0.260,0.230,0.381,0.54,3.94,117.72,0.3957,0.3998,0.4564,0.4581,7629,24.308,619.7,304.7,380.9,22.6,403.5,16.58,24.33,0.95620,6.403,16.42,24.99,14,2
49.769,hall_mission,9x4.5,pi5,-1.290,23.227,-2.125,-0.141,0.226,0.274,0.382,0.66,3.99,121.68,0.3661,0.3702,0.5106,0.5125,7808,25.828,658.4,340.8,426.0,22.6,448.6,18.48,24.28,0.95615,6.409,14.73,24.99,14,2
49.821,hall_mission,9x4.5,pi5,-1.297,23.233,-2.106,-0.117,0.179,0.301,0.370,0.83,3.91,127.26,0.2953,0.3999,0.5406,0.5903,8050,28.160,717.9,400.6,500.7,22.6,523.3,21.64,24.18,0.95610,6.417,12.58,24.99,14,2
49.869,hall_mission,9x4.5,pi5,-1.302,23.235,-2.092,-0.100,0.147,0.292,0.341,0.92,2.98,130.64,0.3276,0.3225,0.5823,0.6032,8084,28.777,733.6,421.4,526.8,22.6,549.4,22.75,24.15,0.95605,6.424,11.96,24.99,14,2
49.921,hall_mission,9x4.5,pi5,-1.307,23.236,-2.071,-0.086,0.111,0.257,0.293,1.27,0.02,135.01,0.3178,0.2975,0.6099,0.6048,8064,29.041,740.3,434.2,542.8,22.6,565.4,23.43,24.13,0.95600,6.432,11.61,24.99,14,2
49.969,hall_mission,9x4.5,pi5,-1.310,23.235,-2.060,-0.091,0.102,0.233,0.270,1.37,-2.12,137.44,0.3142,0.2854,0.6164,0.6031,8025,28.919,737.2,434.2,542.7,22.6,565.3,23.43,24.13,0.95594,6.440,11.61,24.99,14,2
50.021,hall_mission,9x4.5,pi5,-1.315,23.233,-2.046,-0.116,0.104,0.204,0.256,1.24,-4.90,140.36,0.3137,0.2883,0.6076,0.5994,7988,28.572,728.4,425.0,531.3,22.6,553.9,22.94,24.14,0.95589,6.448,11.86,24.99,14,2
50.069,hall_mission,9x4.5,pi5,-1.319,23.233,-2.037,-0.143,0.114,0.189,0.263,1.04,-6.31,141.84,0.3206,0.2986,0.5972,0.5868,7966,28.171,718.1,411.9,514.9,22.6,537.5,22.25,24.16,0.95584,6.455,12.23,24.99,14,2
50.121,hall_mission,9x4.5,pi5,-1.329,23.234,-2.025,-0.196,0.140,0.176,0.298,0.68,-7.81,143.41,0.3328,0.3185,0.5802,0.5709,7964,27.771,708.0,396.7,495.9,22.6,518.5,21.44,24.19,0.95579,6.463,12.69,24.99,14,2
50.169,hall_mission,9x4.5,pi5,-1.338,23.236,-2.018,-0.232,0.161,0.174,0.331,0.44,-8.45,144.07,0.3503,0.3396,0.5614,0.5556,7980,27.509,701.3,384.5,480.6,22.6,503.2,20.79,24.20,0.95574,6.469,13.09,24.99,14,2
50.217,hall_mission,9x4.5,pi5,-1.348,23.240,-2.010,-0.268,0.184,0.175,0.369,0.24,-8.86,144.44,0.4935,0.4999,0.4674,0.3352,7941,26.639,679.1,354.9,443.6,22.6,466.2,19.22,24.25,0.95570,6.475,14.15,24.99,14,2
50.265,hall_mission,9x4.5,pi5,-1.366,23.247,-2.000,-0.320,0.218,0.170,0.423,0.61,-8.79,144.83,0.7637,0.7573,0.1512,0.1237,7940,34.744,885.7,670.6,838.3,22.6,860.9,36.26,23.74,0.95562,6.487,7.50,24.99,14,2
50.313,hall_mission,9x4.5,pi5,-1.381,23.254,-1.995,-0.365,0.240,0.094,0.447,1.30,-7.64,145.69,0.8605,0.8429,0.0117,0.0000,7289,39.783,1014.2,889.8,1112.3,22.6,1134.9,48.56,23.37,0.95551,6.502,5.60,24.99,14,2
50.365,hall_mission,9x4.5,pi5,-1.409,23.267,-1.996,-0.436,0.256,-0.147,0.526,2.08,-5.22,148.72,0.7895,0.7707,0.0000,0.0157,6785,34.076,868.7,703.9,879.8,22.6,902.4,38.10,23.68,0.95542,6.515,7.14,24.99,14,2
50.417,hall_mission,9x4.5,pi5,-1.429,23.276,-2.005,-0.461,0.246,-0.256,0.582,2.50,-3.53,151.87,0.7047,0.7153,0.0000,0.0412,6369,29.043,740.4,549.3,686.6,22.6,709.2,29.63,23.94,0.95535,6.525,9.18,24.99,14,2
50.465,hall_mission,9x4.5,pi5,-1.460,23.287,-2.024,-0.471,0.217,-0.311,0.605,2.98,-1.08,157.98,0.6785,0.6838,0.0000,0.0573,6218,27.138,691.8,493.1,616.4,22.6,639.0,26.60,24.03,0.95529,6.534,10.22,24.99,14,2
50.513,hall_mission,9x4.5,pi5,-1.481,23.294,-2.040,-0.464,0.189,-0.307,0.587,3.27,0.33,162.86,0.6718,0.6748,0.0000,0.0620,6179,26.638,679.1,478.6,598.3,22.6,620.9,25.82,24.05,0.95523,6.542,10.53,24.99,14,2
50.565,hall_mission,9x4.5,pi5,-1.515,23.301,-2.063,-0.433,0.138,-0.267,0.527,3.64,1.94,171.25,0.6108,0.6183,0.0668,0.1172,6553,23.879,608.7,383.4,479.3,22.6,501.9,20.74,24.20,0.95518,6.549,13.11,24.99,14,2
50.617,hall_mission,9x4.5,pi5,-1.534,23.304,-2.076,-0.404,0.108,-0.217,0.471,3.81,2.65,177.46,0.5665,0.5717,0.1420,0.1700,6687,22.358,570.0,325.7,407.1,22.6,429.7,17.69,24.29,0.95514,6.556,15.37,24.99,14,2
50.665,hall_mission,9x4.5,pi5,-1.558,23.306,-2.088,-0.357,0.070,-0.115,0.382,3.89,3.17,-172.51,0.5374,0.5425,0.2073,0.2185,6889,22.097,563.3,301.2,376.5,22.6,399.1,16.40,24.33,0.95510,6.561,16.57,24.99,14,2
50.717,hall_mission,9x4.5,pi5,-1.572,23.306,-2.093,-0.322,0.049,-0.034,0.327,3.88,3.23,-165.47,0.5157,0.5208,0.2666,0.2678,7125,22.512,573.9,294.0,367.5,22.6,390.1,16.02,24.34,0.95506,6.567,16.96,24.99,14,2
50.765,hall_mission,9x4.5,pi5,-1.592,23.304,-2.092,-0.262,0.021,0.087,0.277,3.84,3.04,-154.53,0.5057,0.5080,0.3110,0.3110,7360,23.389,596.2,301.2,376.5,22.6,399.1,16.40,24.33,0.95503,6.572,16.57,24.99,14,2
50.817,hall_mission,9x4.5,pi5,-1.602,23.302,-2.087,-0.225,0.008,0.149,0.270,3.81,2.79,-147.05,0.4996,0.5024,0.3519,0.3492,7604,24.564,626.2,317.3,396.6,22.6,419.2,17.25,24.30,0.95498,6.578,15.76,24.99,14,2
50.865,hall_mission,9x4.5,pi5,-1.612,23.298,-2.075,-0.174,-0.006,0.215,0.277,3.78,2.31,-135.65,0.4971,0.4983,0.3786,0.3768,7777,25.495,649.9,331.8,414.7,22.6,437.3,18.01,24.28,0.95494,6.584,15.09,24.99,14,2
50.917,hall_mission,9x4.5,pi5,-1.617,23.295,-2.064,-0.139,-0.013,0.248,0.284,3.74,1.95,-127.97,0.4910,0.4917,0.4044,0.4024,7917,26.265,669.6,343.9,429.9,22.6,452.5,18.65,24.26,0.95490,6.590,14.57,24.99,14,2
50.965,hall_mission,9x4.5,pi5,-1.622,23.290,-2.044,-0.087,-0.020,0.278,0.292,3.65,1.37,-116.41,0.4545,0.4561,0.4554,0.4531,8024,26.805,683.3,351.2,439.0,22.6,461.6,19.04,24.25,0.95486,6.596,14.28,24.98,14,2
51.017,hall_mission,9x4.5,pi5,-1.624,23.287,-2.031,-0.056,-0.022,0.283,0.289,3.56,0.98,-108.75,0.3947,0.3945,0.5267,0.5245,8102,27.701,706.2,376.4,470.5,22.6,493.1,20.37,24.21,0.95481,6.604,13.34,24.98,14,2
51.065,hall_mission,9x4.5,pi5,-1.623,23.283,-2.012,-0.017,-0.023,0.272,0.273,3.35,0.43,-97.61,0.3322,0.3322,0.5915,0.5902,8122,28.927,737.4,422.5,528.1,22.6,550.7,22.82,24.14,0.95476,6.611,11.91,24.98,14,2
51.113,hall_mission,9x4.5,pi5,-1.621,23.281,-2.000,0.009,-0.023,0.248,0.250,3.17,0.11,-90.59,0.2727,0.2728,0.6459,0.6452,8088,30.271,771.7,480.0,600.1,22.6,622.7,25.90,24.04,0.95470,6.619,10.49,24.98,14,2
51.165,hall_mission,9x4.5,pi5,-1.617,23.277,-1.984,0.046,-0.020,0.183,0.190,2.87,-0.27,-80.95,0.2181,0.2186,0.6870,0.6869,7994,31.405,800.6,535.3,669.1,22.6,691.7,28.88,23.95,0.95463,6.629,9.41,24.98,14,2
51.217,hall_mission,9x4.5,pi5,-1.613,23.275,-1.976,0.067,-0.017,0.129,0.146,2.65,-0.45,-75.25,0.1386,0.2289,0.6985,0.7275,7932,32.414,826.3,579.5,724.4,22.6,747.0,31.28,23.88,0.95456,6.640,8.68,24.98,14,2
51.265,hall_mission,9x4.5,pi5,-1.607,23.274,-1.971,0.093,-0.015,0.037,0.101,2.05,-1.42,-67.99,0.1484,0.1671,0.7016,0.7219,7734,31.621,806.1,569.1,711.3,22.6,733.9,30.71,23.90,0.95449,6.650,8.84,24.98,14,2
51.313,hall_mission,9x4.5,pi5,-1.602,23.272,-1.971,0.109,-0.022,-0.021,0.113,1.69,-2.72,-64.03,0.1560,0.1360,0.7044,0.6930,7554,30.443,776.1,540.4,675.5,22.6,698.1,29.16,23.94,0.95442,6.659,9.32,24.98,14,2
51.365,hall_mission,9x4.5,pi5,-1.593,23.269,-1.976,0.139,-0.050,-0.083,0.169,1.17,-4.88,-59.33,0.1639,0.1347,0.6801,0.6727,7417,28.985,738.9,498.2,622.8,22.6,645.4,26.88,24.01,0.95436,6.668,10.10,24.98,14,2
51.413,hall_mission,9x4.5,pi5,-1.586,23.266,-1.981,0.160,-0.076,-0.100,0.203,0.83,-6.10,-56.98,0.1783,0.1502,0.6536,0.6474,7337,27.589,703.3,454.5,568.1,22.6,590.7,24.53,24.08,0.95430,6.676,11.07,24.98,14,2
51.465,hall_mission,9x4.5,pi5,-1.576,23.261,-1.988,0.192,-0.120,-0.096,0.246,0.35,-7.41,-54.52,0.2022,0.1813,0.6251,0.6166,7322,26.350,671.7,411.4,514.2,22.6,536.8,22.23,24.15,0.95425,6.684,12.22,24.98,14,2
51.517,hall_mission,9x4.5,pi5,-1.567,23.254,-1.993,0.214,-0.154,-0.076,0.275,0.07,-7.96,-53.52,0.2343,0.2216,0.5937,0.5885,7368,25.488,649.8,376.1,470.1,22.6,492.7,20.36,24.21,0.95420,6.691,13.34,24.98,14,2
51.566,hall_mission,9x4.5,pi5,-1.552,23.241,-1.999,0.248,-0.210,-0.025,0.326,-0.27,-8.38,-52.83,0.2696,0.2632,0.5667,0.5630,7457,25.096,639.8,353.0,441.2,22.6,463.8,19.13,24.24,0.95416,6.697,14.19,24.98,14,2
51.618,hall_mission,9x4.5,pi5,-1.541,23.231,-2.000,0.268,-0.244,0.013,0.362,-0.41,-8.47,-52.84,0.3118,0.3106,0.5407,0.5366,7592,25.125,640.5,339.5,424.4,22.6,447.0,18.42,24.26,0.95411,6.704,14.74,24.98,14,2
51.666,hall_mission,9x4.5,pi5,-1.524,23.214,-1.999,0.293,-0.289,0.067,0.417,-0.52,-8.42,-53.39,0.3518,0.3515,0.5162,0.5149,7718,25.385,647.1,334.7,418.4,22.6,441.0,18.17,24.27,0.95407,6.710,14.94,24.98,14,2
51.714,hall_mission,9x4.5,pi5,-1.511,23.201,-1.995,0.309,-0.321,0.103,0.457,-0.52,-8.32,-54.03,0.3893,0.3901,0.4958,0.4931,7840,25.830,658.5,336.8,421.0,22.6,443.6,18.28,24.27,0.95403,6.716,14.85,24.98,14,2
51.766,hall_mission,9x4.5,pi5,-1.489,23.176,-1.987,0.332,-0.370,0.148,0.519,-0.44,-8.09,-55.25,0.4244,0.4270,0.4735,0.4737,7950,26.362,672.0,343.5,429.4,22.6,452.0,18.64,24.25,0.95399,6.722,14.57,24.98,14,2
51.818,hall_mission,9x4.5,pi5,-1.475,23.158,-1.980,0.345,-0.399,0.167,0.553,-0.35,-7.92,-56.16,0.4559,0.4576,0.4570,0.4568,8054,27.006,688.5,355.2,444.0,22.6,466.6,19.25,24.24,0.95394,6.729,14.10,24.98,14,2
51.866,hall_mission,9x4.5,pi5,-1.453,23.132,-1.969,0.363,-0.437,0.183,0.597,-0.19,-7.63,-57.54,0.4787,0.4793,0.4437,0.4444,8122,27.487,700.7,365.2,456.5,22.6,479.1,19.78,24.22,0.95390,6.735,13.72,24.98,14,2
51.914,hall_mission,9x4.5,pi5,-1.437,23.113,-1.960,0.374,-0.462,0.188,0.623,-0.07,-7.43,-58.41,0.4946,0.4962,0.4341,0.4345,8171,27.873,710.6,374.0,467.6,22.6,490.2,20.25,24.21,0.95385,6.742,13.40,24.98,14,2
51.966,hall_mission,9x4.5,pi5,-1.411,23.079,-1.947,0.390,-0.499,0.186,0.660,0.08,-7.13,-59.59,0.5060,0.5080,0.4267,0.4279,8204,28.157,717.8,380.9,476.1,22.6,498.7,20.61,24.19,0.95380,6.749,13.16,24.98,14,2
52.018,hall_mission,9x4.5,pi5,-1.394,23.056,-1.939,0.399,-0.520,0.181,0.680,0.17,-6.93,-60.25,0.5124,0.5143,0.4234,0.4254,8229,28.363,723.1,385.8,482.2,22.6,504.8,20.87,24.19,0.95375,6.756,13.00,24.98,14,2
52.066,hall_mission,9x4.5,pi5,-1.370,23.024,-1.928,0.410,-0.546,0.170,0.703,0.28,-6.65,-61.04,0.5143,0.5157,0.4243,0.4248,8242,28.457,725.5,387.8,484.7,22.6,507.3,20.98,24.18,0.95371,6.763,12.93,24.98,14,2
52.118,hall_mission,9x4.5,pi5,-1.352,23.000,-1.921,0.416,-0.563,0.161,0.718,0.34,-6.48,-61.42,0.4016,0.2941,0.5893,0.6033,8275,29.983,764.4,444.0,555.0,22.6,577.6,23.97,24.09,0.95365,6.771,11.32,24.98,14,2
52.166,hall_mission,9x4.5,pi5,-1.324,22.959,-1.911,0.426,-0.591,0.098,0.735,-0.43,-5.95,-62.11,0.1012,0.0753,0.8322,0.8483,8162,40.109,1022.5,864.3,1080.4,22.6,1103.0,47.14,23.40,0.95354,6.786,5.75,24.98,14,2
52.218,hall_mission,9x4.5,pi5,-1.306,22.933,-1.910,0.425,-0.616,-0.052,0.750,-1.42,-4.72,-63.40,0.0060,0.0000,0.8358,0.8514,7210,39.085,996.4,867.1,1083.9,22.6,1106.5,47.31,23.39,0.95343,6.802,5.73,24.98,14,2
52.266,hall_mission,9x4.5,pi5,-1.282,22.895,-1.921,0.398,-0.641,-0.302,0.813,-2.74,-2.30,-67.24,0.0000,0.0311,0.7677,0.7363,6638,32.041,816.8,639.4,799.2,22.6,821.8,34.57,23.77,0.95335,6.813,7.84,24.98,14,2
52.314,hall_mission,9x4.5,pi5,-1.266,22.868,-1.937,0.364,-0.639,-0.400,0.837,-3.59,-0.67,-70.92,0.0000,0.0534,0.6874,0.7045,6312,28.135,717.2,521.6,652.1,22.6,674.7,28.15,23.96,0.95329,6.822,9.63,24.98,14,2
52.366,hall_mission,9x4.5,pi5,-1.244,22.825,-1.969,0.295,-0.609,-0.428,0.801,-4.74,1.55,-77.76,0.0000,0.0675,0.6697,0.6742,6189,26.588,677.8,476.4,595.5,22.6,618.1,25.72,24.04,0.95323,6.831,10.54,24.98,14,2
52.418,hall_mission,9x4.5,pi5,-1.233,22.799,-1.990,0.248,-0.578,-0.405,0.748,-5.44,2.72,-83.10,0.2087,0.4037,0.4035,0.3912,6531,18.359,468.0,207.2,259.0,22.6,281.6,11.51,24.46,0.95320,6.835,23.55,24.98,14,2
52.466,hall_mission,9x4.5,pi5,-1.222,22.767,-2.016,0.185,-0.522,-0.316,0.638,-5.80,3.51,-91.67,0.7387,0.6930,0.0000,0.0172,6325,29.342,748.0,561.8,702.2,22.6,724.8,30.33,23.90,0.95313,6.845,8.94,24.98,14,2
52.514,hall_mission,9x4.5,pi5,-1.217,22.747,-2.031,0.141,-0.476,-0.295,0.577,-5.33,3.41,-96.66,0.7329,0.6779,0.0000,0.0193,6257,28.627,729.8,541.2,676.5,22.6,699.1,29.22,23.93,0.95307,6.854,9.28,24.98,14,2
52.566,hall_mission,9x4.5,pi5,-1.214,22.720,-2.054,0.082,-0.399,-0.308,0.510,-4.47,3.18,-102.69,0.6834,0.7030,0.0000,0.0177,6162,27.734,707.0,515.3,644.1,22.6,666.7,27.81,23.97,0.95300,6.864,9.75,24.98,14,2
52.614,hall_mission,9x4.5,pi5,-1.214,22.706,-2.069,0.055,-0.353,-0.302,0.467,-3.98,3.14,-105.81,0.6830,0.6895,0.0000,0.0185,6115,27.256,694.8,501.7,627.1,22.6,649.7,27.08,23.99,0.95294,6.872,10.01,24.98,14,2
52.666,hall_mission,9x4.5,pi5,-1.216,22.691,-2.087,0.026,-0.292,-0.279,0.405,-3.37,3.22,-109.20,0.7015,0.6456,0.0000,0.0401,6101,26.544,676.7,480.2,600.2,22.6,622.8,25.92,24.03,0.95288,6.881,10.46,24.98,14,2
52.718,hall_mission,9x4.5,pi5,-1.218,22.682,-2.099,0.010,-0.251,-0.257,0.359,-3.09,3.37,-110.64,0.4086,0.4225,0.2675,0.2914,6470,17.839,454.8,197.2,246.5,22.6,269.1,10.99,24.47,0.95285,6.885,24.65,24.98,14,2
52.766,hall_mission,9x4.5,pi5,-1.223,22.673,-2.114,-0.007,-0.190,-0.151,0.242,-3.06,3.66,-112.01,0.0907,0.0932,0.6327,0.6304,6676,24.923,635.4,410.5,513.2,22.6,535.8,22.20,24.14,0.95280,6.892,12.21,24.98,14,2
52.818,hall_mission,9x4.5,pi5,-1.226,22.669,-2.118,-0.017,-0.152,-0.093,0.179,-3.12,3.68,-113.24,0.0000,0.0108,0.7341,0.7294,6417,30.432,775.8,593.8,742.2,22.6,764.8,32.08,23.84,0.95273,6.903,8.45,24.98,14,2
52.866,hall_mission,9x4.5,pi5,-1.230,22.667,-2.124,-0.032,-0.091,-0.130,0.162,-3.31,3.59,-116.43,0.0000,0.0155,0.7119,0.7117,6289,29.024,739.9,552.2,690.2,22.6,712.8,29.81,23.91,0.95266,6.913,9.09,24.98,14,2
52.918,hall_mission,9x4.5,pi5,-1.234,22.668,-2.129,-0.041,-0.049,-0.150,0.163,-3.43,3.47,-119.43,0.0000,0.0170,0.6995,0.6996,6206,28.167,718.1,527.5,659.4,22.6,682.0,28.48,23.95,0.95259,6.923,9.51,24.98,14,2
52.966,hall_mission,9x4.5,pi5,-1.240,22.673,-2.138,-0.052,0.011,-0.154,0.163,-3.56,3.17,-125.17,0.0000,0.0142,0.6966,0.6940,6165,27.859,710.2,519.1,648.9,22.6,671.5,28.02,23.96,0.95253,6.932,9.67,24.97,14,2
53.014,hall_mission,9x4.5,pi5,-1.244,22.678,-2.143,-0.057,0.046,-0.149,0.166,-3.60,2.89,-129.78,0.0000,0.0097,0.6954,0.6945,6146,27.815,709.1,518.4,648.0,22.6,670.6,27.99,23.96,0.95247,6.941,9.68,24.97,14,2
53.066,hall_mission,9x4.5,pi5,-1.249,22.687,-2.151,-0.062,0.090,-0.138,0.176,-3.57,2.35,-137.85,0.0000,0.0057,0.6961,0.6940,6132,27.800,708.7,518.5,648.1,22.6,670.7,27.99,23.96,0.95240,6.950,9.68,24.97,14,2
53.118,hall_mission,9x4.5,pi5,-1.252,22.694,-2.155,-0.063,0.119,-0.131,0.187,-3.49,1.92,-144.00,0.0542,0.0533,0.6442,0.6424,6484,25.104,640.0,426.7,533.4,22.6,556.0,23.06,24.11,0.95234,6.958,11.74,24.97,14,2
53.166,hall_mission,9x4.5,pi5,-1.258,22.709,-2.162,-0.062,0.155,-0.089,0.189,-3.26,1.21,-154.25,0.1169,0.1111,0.5927,0.5921,6552,22.877,583.2,351.8,439.8,22.6,462.4,19.09,24.23,0.95230,6.965,14.19,24.97,14,2
53.218,hall_mission,9x4.5,pi5,-1.261,22.719,-2.164,-0.061,0.172,-0.031,0.185,-3.04,0.72,-161.64,0.1847,0.1774,0.5546,0.5531,6758,22.054,562.2,310.5,388.1,22.6,410.7,16.91,24.29,0.95226,6.971,16.02,24.97,14,2
53.266,hall_mission,9x4.5,pi5,-1.266,22.733,-2.162,-0.058,0.189,0.072,0.210,-2.63,0.05,-173.34,0.2417,0.2347,0.5293,0.5296,6996,22.229,566.7,296.3,370.4,22.6,393.0,16.16,24.31,0.95222,6.976,16.75,24.97,14,2
53.318,hall_mission,9x4.5,pi5,-1.269,22.744,-2.156,-0.056,0.198,0.147,0.253,-2.33,-0.33,178.53,0.2939,0.2880,0.5118,0.5104,7246,22.915,584.2,296.2,370.2,22.6,392.8,16.16,24.31,0.95219,6.981,16.76,24.97,14,2
53.366,hall_mission,9x4.5,pi5,-1.273,22.761,-2.141,-0.053,0.208,0.250,0.330,-1.86,-0.79,166.02,0.3344,0.3306,0.5014,0.5022,7479,23.914,609.6,307.4,384.2,22.6,406.8,16.74,24.30,0.95215,6.987,16.17,24.97,14,2
53.418,hall_mission,9x4.5,pi5,-1.276,22.772,-2.127,-0.051,0.213,0.299,0.371,-1.54,-1.00,157.53,0.3708,0.3675,0.4973,0.4975,7713,25.123,640.5,325.5,406.8,22.6,429.4,17.70,24.27,0.95211,6.993,15.30,24.97,14,2
53.466,hall_mission,9x4.5,pi5,-1.279,22.786,-2.105,-0.049,0.218,0.346,0.412,-1.07,-1.21,144.66,0.3948,0.3924,0.4945,0.4957,7873,26.030,663.6,340.4,425.5,22.6,448.1,18.49,24.24,0.95206,6.999,14.65,24.97,14,2
53.518,hall_mission,9x4.5,pi5,-1.281,22.796,-2.088,-0.048,0.220,0.366,0.429,-0.77,-1.26,136.05,0.4401,0.4379,0.4666,0.4670,7997,26.640,679.1,348.3,435.4,22.6,458.0,18.90,24.23,0.95202,7.006,14.32,24.97,14,2
53.566,hall_mission,9x4.5,pi5,-1.284,22.812,-2.060,-0.046,0.220,0.375,0.437,-0.37,-1.24,123.18,0.5087,0.5068,0.4090,0.4105,8082,27.401,698.5,367.1,458.9,22.6,481.5,19.90,24.20,0.95197,7.012,13.61,24.97,14,2
53.614,hall_mission,9x4.5,pi5,-1.286,22.822,-2.043,-0.046,0.219,0.365,0.428,-0.14,-1.17,114.78,0.5820,0.5813,0.3407,0.3421,8122,28.725,732.3,414.4,518.0,22.6,540.6,22.41,24.12,0.95192,7.019,12.08,24.97,14,2
53.666,hall_mission,9x4.5,pi5,-1.288,22.834,-2.021,-0.045,0.217,0.328,0.396,0.13,-1.01,102.79,0.6527,0.6519,0.2658,0.2678,8093,30.519,778.0,489.2,611.5,22.6,634.1,26.42,24.00,0.95186,7.028,10.25,24.97,14,2
53.718,hall_mission,9x4.5,pi5,-1.289,22.843,-2.007,-0.044,0.214,0.282,0.357,0.25,-0.88,95.40,0.7033,0.7044,0.1998,0.2023,7991,32.111,818.6,563.3,704.1,22.6,726.7,30.43,23.88,0.95179,7.039,8.89,24.97,14,2
53.766,hall_mission,9x4.5,pi5,-1.292,22.856,-1.990,-0.044,0.209,0.178,0.278,0.37,-0.68,85.50,0.7295,0.7305,0.1508,0.1530,7824,32.792,836.0,605.7,757.1,22.6,779.7,32.74,23.81,0.95171,7.049,8.27,24.97,14,2
53.818,hall_mission,9x4.5,pi5,-1.294,22.864,-1.984,-0.044,0.205,0.104,0.234,0.41,-0.55,79.79,0.7310,0.7557,0.0634,0.1786,7697,33.285,848.5,632.0,790.0,22.6,812.6,34.19,23.77,0.95163,7.061,7.91,24.97,14,2
53.866,hall_mission,9x4.5,pi5,-1.296,22.875,-1.982,-0.044,0.200,-0.006,0.205,0.61,-1.11,72.66,0.7225,0.7399,0.0747,0.1247,7455,31.885,812.8,600.6,750.8,22.6,773.4,32.47,23.82,0.95156,7.071,8.33,24.97,14,2
53.918,hall_mission,9x4.5,pi5,-1.298,22.882,-1.985,-0.043,0.202,-0.070,0.218,0.63,-2.22,68.85,0.7102,0.7049,0.1006,0.0898,7251,30.086,767.0,550.3,687.9,22.6,710.5,29.73,23.90,0.95149,7.082,9.10,24.97,14,2
53.966,hall_mission,9x4.5,pi5,-1.301,22.895,-1.995,-0.032,0.223,-0.129,0.260,0.52,-4.35,64.49,0.6802,0.6773,0.1218,0.0872,7109,28.264,720.5,495.5,619.4,22.6,642.0,26.76,23.99,0.95143,7.090,10.11,24.97,14,2
54.018,hall_mission,9x4.5,pi5,-1.302,22.903,-2.002,-0.018,0.245,-0.138,0.282,0.43,-5.70,62.41,0.7101,0.6538,0.1605,0.0000,6598,28.167,718.0,503.7,629.6,22.6,652.2,27.20,23.98,0.95136,7.100,9.94,24.97,14,2
54.066,hall_mission,9x4.5,pi5,-1.302,22.917,-2.013,0.009,0.283,-0.137,0.315,-0.02,-6.55,60.50,0.7151,0.6884,0.1114,0.0000,6564,29.006,739.4,536.4,670.5,22.6,693.1,28.97,23.92,0.95130,7.109,9.33,24.97,14,2
54.118,hall_mission,9x4.5,pi5,-1.301,22.929,-2.021,0.032,0.309,-0.144,0.342,-0.34,-6.06,60.05,0.7183,0.7226,0.0561,0.0000,6499,29.878,761.7,571.1,713.9,22.6,736.5,30.86,23.87,0.95123,7.120,8.76,24.97,14,2
54.166,hall_mission,9x4.5,pi5,-1.297,22.950,-2.034,0.067,0.337,-0.175,0.386,-0.60,-4.49,60.67,0.7135,0.7323,0.0231,0.0000,6397,29.860,761.2,575.5,719.4,22.6,742.0,31.10,23.86,0.95116,7.129,8.69,24.97,14,2
54.218,hall_mission,9x4.5,pi5,-1.293,22.964,-2.043,0.082,0.345,-0.197,0.406,-0.61,-3.24,61.96,0.7114,0.7171,0.0000,0.0049,6269,29.148,743.1,557.0,696.3,22.6,718.9,30.09,23.89,0.95108,7.140,8.98,24.97,14,2
54.266,hall_mission,9x4.5,pi5,-1.287,22.984,-2.057,0.095,0.344,-0.220,0.419,-0.40,-1.41,65.20,0.6906,0.6925,0.0000,0.0251,6177,27.656,705.0,512.1,640.1,22.6,662.7,27.66,23.96,0.95102,7.149,9.78,24.97,14,2
54.318,hall_mission,9x4.5,pi5,-1.282,22.998,-2.067,0.097,0.334,-0.220,0.412,-0.14,-0.31,68.20,0.6753,0.6857,0.0000,0.0363,6138,26.965,687.4,491.4,614.2,22.6,636.8,26.54,23.99,0.95096,7.158,10.19,24.97,14,2
54.366,hall_mission,9x4.5,pi5,-1.274,23.019,-2.082,0.091,0.309,-0.197,0.377,0.34,1.06,73.86,0.6474,0.6505,0.0296,0.0702,6497,25.438,648.5,436.4,545.4,22.6,568.0,23.59,24.08,0.95091,7.165,11.46,24.97,14,2
54.418,hall_mission,9x4.5,pi5,-1.269,23.032,-2.091,0.084,0.287,-0.169,0.344,0.70,1.74,78.37,0.5568,0.5609,0.1350,0.1660,6573,21.645,551.8,310.7,388.4,22.6,411.0,16.93,24.28,0.95087,7.171,15.97,24.97,14,2
54.466,hall_mission,9x4.5,pi5,-1.264,23.047,-2.099,0.071,0.255,-0.076,0.275,1.17,2.35,85.93,0.4805,0.4846,0.2487,0.2624,6782,20.275,516.9,249.5,311.9,22.6,334.5,13.72,24.38,0.95083,7.176,19.70,24.97,14,2
54.514,hall_mission,9x4.5,pi5,-1.260,23.057,-2.100,0.063,0.231,0.017,0.240,1.39,2.50,91.28,0.4206,0.4231,0.3532,0.3591,7071,20.910,533.1,243.6,304.5,22.6,327.1,13.42,24.38,0.95080,7.180,20.15,24.97,14,2
54.566,hall_mission,9x4.5,pi5,-1.256,23.070,-2.093,0.050,0.192,0.160,0.255,1.65,2.48,99.43,0.3743,0.3762,0.4419,0.4442,7363,22.670,577.9,275.0,343.7,22.6,366.3,15.05,24.34,0.95077,7.185,17.95,24.97,14,2
54.614,hall_mission,9x4.5,pi5,-1.254,23.076,-2.084,0.043,0.167,0.228,0.286,1.78,2.38,104.77,0.3386,0.3395,0.5122,0.5130,7604,24.732,630.5,323.5,404.3,22.6,426.9,17.60,24.26,0.95073,7.191,15.36,24.97,14,2
54.666,hall_mission,9x4.5,pi5,-1.252,23.083,-2.066,0.034,0.132,0.282,0.313,1.94,2.14,112.37,0.3072,0.3079,0.5697,0.5700,7791,26.774,682.5,378.9,473.6,22.6,496.2,20.53,24.17,0.95068,7.198,13.16,24.97,14,2
54.710,hall_mission,9x4.5,pi5,-1.251,23.087,-2.051,0.027,0.107,0.295,0.315,2.01,1.96,117.05,0.2479,0.3390,0.5884,0.6400,8011,29.085,741.5,441.7,552.2,22.6,574.8,23.88,24.07,0.95063,7.205,11.32,24.97,14,2
54.762,hall_mission,9x4.5,pi5,-1.250,23.090,-2.029,0.017,0.070,0.262,0.272,1.95,0.77,123.26,0.2642,0.2742,0.6257,0.6491,8003,29.633,755.4,464.9,581.2,22.6,603.8,25.12,24.03,0.95057,7.214,10.75,24.97,14,2
54.810,hall_mission,9x4.5,pi5,-1.250,23.091,-2.016,0.007,0.056,0.230,0.236,1.99,-1.01,126.79,0.2658,0.2427,0.6492,0.6407,7949,29.652,755.9,471.6,589.6,22.6,612.2,25.48,24.02,0.95051,7.222,10.60,24.97,14,2
54.858,hall_mission,9x4.5,pi5,-1.251,23.091,-2.002,-0.021,0.054,0.186,0.195,1.87,-3.94,131.15,0.2653,0.2315,0.6473,0.6370,7886,29.296,746.8,464.8,581.0,22.6,603.6,25.12,24.03,0.95046,7.230,10.76,24.97,14,2
54.910,hall_mission,9x4.5,pi5,-1.253,23.092,-1.993,-0.050,0.064,0.162,0.181,1.64,-5.65,133.46,0.2675,0.2379,0.6324,0.6289,7835,28.687,731.3,447.0,558.8,22.6,581.4,24.16,24.06,0.95040,7.239,11.18,24.97,14,2
54.962,hall_mission,9x4.5,pi5,-1.259,23.095,-1.982,-0.106,0.096,0.139,0.199,1.17,-7.54,136.06,0.2781,0.2550,0.6176,0.6079,7805,27.988,713.5,423.6,529.5,22.6,552.1,22.91,24.10,0.95035,7.247,11.79,24.96,14,2
55.010,hall_mission,9x4.5,pi5,-1.265,23.098,-1.976,-0.145,0.121,0.134,0.232,0.83,-8.39,137.28,0.2947,0.2783,0.5974,0.5894,7809,27.450,699.8,402.6,503.3,22.6,525.9,21.79,24.13,0.95030,7.254,12.39,24.96,14,2
55.062,hall_mission,9x4.5,pi5,-1.277,23.104,-1.968,-0.199,0.160,0.139,0.291,0.37,-9.13,138.38,0.3173,0.3094,0.5736,0.5676,7839,27.028,689.0,383.0,478.8,22.6,501.4,20.75,24.16,0.95025,7.261,13.01,24.96,14,2
55.110,hall_mission,9x4.5,pi5,-1.288,23.111,-1.962,-0.236,0.190,0.147,0.337,0.12,-9.36,138.71,0.3426,0.3397,0.5517,0.5474,7888,26.850,684.5,370.3,462.9,22.6,485.5,20.08,24.18,0.95020,7.267,13.45,24.96,14,2
55.162,hall_mission,9x4.5,pi5,-1.308,23.125,-1.951,-0.293,0.238,0.165,0.412,-0.14,-9.44,138.70,0.3739,0.3717,0.5293,0.5265,7960,26.904,685.9,363.4,454.2,22.6,476.8,19.71,24.19,0.95015,7.274,13.70,24.96,14,2
55.210,hall_mission,9x4.5,pi5,-1.323,23.135,-1.945,-0.325,0.268,0.176,0.457,-0.24,-9.36,138.43,0.3958,0.4060,0.5108,0.4944,7980,26.742,681.7,354.5,443.1,22.6,465.7,19.24,24.20,0.95011,7.280,14.04,24.96,14,2
55.258,hall_mission,9x4.5,pi5,-1.346,23.152,-1.934,-0.368,0.309,0.186,0.515,-0.12,-9.12,137.81,0.6791,0.6403,0.3100,0.1961,8048,30.737,783.6,501.3,626.6,22.6,649.2,27.09,23.97,0.95005,7.289,9.97,24.96,14,2
55.310,hall_mission,9x4.5,pi5,-1.365,23.167,-1.927,-0.403,0.339,0.137,0.544,0.73,-8.33,137.76,0.8666,0.8654,0.0387,0.0165,7909,41.413,1055.7,931.7,1164.6,22.6,1187.2,51.07,23.25,0.94993,7.306,5.29,24.96,14,2
55.358,hall_mission,9x4.5,pi5,-1.398,23.192,-1.926,-0.473,0.373,-0.114,0.613,2.01,-5.93,139.37,0.8084,0.8393,0.0038,0.0000,7059,37.474,955.3,814.4,1017.9,22.6,1040.5,44.38,23.45,0.94983,7.320,6.08,24.96,14,2
55.410,hall_mission,9x4.5,pi5,-1.421,23.208,-1.934,-0.504,0.371,-0.250,0.674,2.63,-4.02,141.66,0.7409,0.7301,0.0000,0.0331,6525,30.824,785.8,602.4,753.0,22.6,775.6,32.59,23.80,0.94975,7.331,8.28,24.96,14,2
55.462,hall_mission,9x4.5,pi5,-1.455,23.231,-1.953,-0.522,0.341,-0.336,0.708,3.45,-1.20,146.62,0.6920,0.6867,0.0000,0.0595,6286,27.717,706.6,508.9,636.1,22.6,658.7,27.50,23.95,0.94969,7.341,9.81,24.96,14,2
55.510,hall_mission,9x4.5,pi5,-1.480,23.246,-1.970,-0.519,0.308,-0.341,0.693,3.93,0.48,150.76,0.6667,0.6790,0.0000,0.0698,6204,26.667,679.8,478.3,597.8,22.6,620.4,25.85,24.00,0.94963,7.349,10.44,24.96,14,2
55.562,hall_mission,9x4.5,pi5,-1.520,23.265,-1.996,-0.494,0.242,-0.306,0.629,4.50,2.54,158.11,0.6715,0.6733,0.0000,0.0701,6202,26.638,679.1,477.3,596.7,22.6,619.3,25.80,24.00,0.94957,7.358,10.46,24.96,14,2
55.610,hall_mission,9x4.5,pi5,-1.543,23.274,-2.010,-0.467,0.197,-0.276,0.577,4.81,3.52,163.71,0.6159,0.6220,0.0645,0.1211,6591,24.172,616.2,390.5,488.2,22.6,510.8,21.16,24.14,0.94952,7.365,12.75,24.96,14,2
55.658,hall_mission,9x4.5,pi5,-1.572,23.284,-2.028,-0.418,0.136,-0.204,0.485,5.09,4.37,173.01,0.5727,0.5777,0.1369,0.1666,6701,22.626,576.8,333.5,416.8,22.6,439.4,18.13,24.23,0.94948,7.371,14.88,24.96,14,2
55.710,hall_mission,9x4.5,pi5,-1.591,23.288,-2.036,-0.379,0.098,-0.131,0.413,5.15,4.53,179.68,0.5387,0.5431,0.2071,0.2175,6891,22.132,564.2,302.2,377.7,22.6,400.3,16.49,24.28,0.94944,7.377,16.36,24.96,14,2
55.762,hall_mission,9x4.5,pi5,-1.616,23.291,-2.043,-0.313,0.047,-0.003,0.316,5.12,4.35,-169.82,0.5189,0.5229,0.2685,0.2697,7158,22.716,579.1,297.9,372.4,22.6,395.0,16.26,24.29,0.94940,7.382,16.59,24.96,14,2
55.810,hall_mission,9x4.5,pi5,-1.629,23.291,-2.043,-0.270,0.022,0.070,0.280,5.08,4.04,-162.57,0.5073,0.5103,0.3134,0.3119,7386,23.550,600.4,304.3,380.4,22.6,403.0,16.60,24.28,0.94936,7.388,16.25,24.96,14,2
55.858,hall_mission,9x4.5,pi5,-1.643,23.290,-2.037,-0.211,-0.008,0.156,0.262,5.02,3.40,-151.43,0.5004,0.5027,0.3495,0.3466,7590,24.495,624.5,316.3,395.4,22.6,418.0,17.23,24.26,0.94932,7.393,15.65,24.96,14,2
55.910,hall_mission,9x4.5,pi5,-1.651,23.288,-2.030,-0.170,-0.024,0.202,0.265,4.97,2.90,-143.89,0.4957,0.4977,0.3786,0.3748,7762,25.399,647.5,329.9,412.4,22.6,435.0,17.95,24.24,0.94928,7.400,15.03,24.96,14,2
55.962,hall_mission,9x4.5,pi5,-1.658,23.284,-2.014,-0.106,-0.045,0.252,0.277,4.86,2.11,-132.48,0.4960,0.4967,0.4005,0.3975,7922,26.331,671.2,345.9,432.4,22.6,455.0,18.79,24.21,0.94924,7.406,14.35,24.96,14,2
56.010,hall_mission,9x4.5,pi5,-1.661,23.281,-2.003,-0.069,-0.054,0.270,0.284,4.74,1.56,-124.83,0.4933,0.4934,0.4174,0.4154,8026,26.946,686.9,356.5,445.7,22.6,468.3,19.36,24.19,0.94919,7.412,13.93,24.96,14,2
56.058,hall_mission,9x4.5,pi5,-1.661,23.276,-1.986,-0.021,-0.064,0.282,0.289,4.49,0.77,-113.35,0.4602,0.4602,0.4613,0.4589,8102,27.329,696.7,361.6,452.0,22.6,474.6,19.62,24.18,0.94915,7.419,13.74,24.96,14,2
56.110,hall_mission,9x4.5,pi5,-1.660,23.272,-1.974,0.011,-0.069,0.279,0.288,4.27,0.27,-105.78,0.4006,0.4007,0.5269,0.5248,8147,27.976,713.2,381.3,476.6,22.6,499.2,20.67,24.15,0.94910,7.426,13.05,24.96,14,2
56.162,hall_mission,9x4.5,pi5,-1.654,23.266,-1.955,0.057,-0.074,0.256,0.272,3.86,-0.38,-94.78,0.3346,0.3335,0.5942,0.5925,8153,29.146,743.0,427.2,534.0,22.6,556.6,23.12,24.08,0.94904,7.434,11.67,24.96,14,2
56.210,hall_mission,9x4.5,pi5,-1.649,23.263,-1.945,0.083,-0.076,0.227,0.253,3.55,-0.73,-87.87,0.2753,0.2750,0.6470,0.6445,8106,30.361,774.0,481.4,601.8,22.6,624.4,26.02,23.99,0.94899,7.442,10.36,24.96,14,2
56.258,hall_mission,9x4.5,pi5,-1.640,23.258,-1.934,0.116,-0.078,0.166,0.217,3.07,-1.11,-78.41,0.2248,0.2245,0.6833,0.6814,8006,31.264,797.0,528.5,660.6,22.6,683.2,28.57,23.91,0.94892,7.451,9.44,24.96,14,2
56.310,hall_mission,9x4.5,pi5,-1.633,23.254,-1.929,0.136,-0.078,0.112,0.193,2.75,-1.27,-72.84,0.1540,0.2279,0.6972,0.7231,7963,32.360,825.0,574.8,718.6,22.6,741.2,31.09,23.84,0.94885,7.462,8.67,24.96,14,2
56.362,hall_mission,9x4.5,pi5,-1.620,23.249,-1.926,0.165,-0.081,0.011,0.184,2.04,-2.18,-65.76,0.1540,0.1703,0.6987,0.7183,7743,31.491,802.8,563.4,704.2,22.6,726.8,30.47,23.86,0.94877,7.473,8.85,24.96,14,2
56.410,hall_mission,9x4.5,pi5,-1.611,23.245,-1.928,0.181,-0.090,-0.041,0.207,1.64,-3.34,-61.90,0.1596,0.1427,0.7007,0.6911,7571,30.358,773.9,535.8,669.8,22.6,692.4,28.97,23.90,0.94871,7.482,9.30,24.96,14,2
56.462,hall_mission,9x4.5,pi5,-1.598,23.239,-1.935,0.206,-0.115,-0.091,0.253,1.10,-5.20,-57.34,0.1678,0.1418,0.6788,0.6694,7440,28.948,738.0,495.0,618.8,22.6,641.4,26.76,23.97,0.94865,7.491,10.07,24.96,14,2
56.510,hall_mission,9x4.5,pi5,-1.588,23.234,-1.941,0.226,-0.139,-0.108,0.287,0.76,-6.24,-55.07,0.1814,0.1579,0.6504,0.6468,7363,27.590,703.4,452.4,565.4,22.6,588.0,24.47,24.03,0.94859,7.499,11.01,24.96,14,2
56.562,hall_mission,9x4.5,pi5,-1.569,23.224,-1.952,0.260,-0.185,-0.101,0.335,0.30,-7.33,-52.71,0.2058,0.1880,0.6227,0.6155,7346,26.370,672.3,409.9,512.4,22.6,535.0,22.20,24.10,0.94854,7.507,12.14,24.96,14,2
56.610,hall_mission,9x4.5,pi5,-1.557,23.216,-1.957,0.281,-0.215,-0.080,0.363,0.04,-7.77,-51.76,0.2348,0.2247,0.5957,0.5886,7389,25.603,652.7,378.2,472.8,22.6,495.4,20.51,24.15,0.94849,7.513,13.14,24.96,14,2
56.658,hall_mission,9x4.5,pi5,-1.538,23.202,-1.964,0.308,-0.257,-0.035,0.403,-0.25,-8.11,-51.14,0.2697,0.2651,0.5678,0.5641,7472,25.192,642.2,354.9,443.7,22.6,466.3,19.28,24.19,0.94845,7.519,13.98,24.96,14,2
56.710,hall_mission,9x4.5,pi5,-1.524,23.190,-1.966,0.326,-0.287,0.002,0.434,-0.37,-8.17,-51.18,0.3102,0.3099,0.5395,0.5372,7581,25.067,639.0,338.5,423.2,22.6,445.8,18.41,24.21,0.94840,7.526,14.64,24.96,14,2
56.762,hall_mission,9x4.5,pi5,-1.500,23.169,-1.966,0.352,-0.333,0.063,0.488,-0.44,-8.12,-51.75,0.3536,0.3538,0.5147,0.5134,7722,25.385,647.1,334.2,417.8,22.6,440.4,18.18,24.22,0.94836,7.532,14.82,24.96,14,2
56.810,hall_mission,9x4.5,pi5,-1.484,23.155,-1.963,0.366,-0.360,0.097,0.523,-0.42,-8.02,-52.39,0.3905,0.3915,0.4940,0.4921,7839,25.812,658.0,336.2,420.3,22.6,442.9,18.29,24.22,0.94832,7.538,14.73,24.96,14,2
56.858,hall_mission,9x4.5,pi5,-1.462,23.132,-1.957,0.384,-0.397,0.135,0.569,-0.33,-7.83,-53.59,0.4236,0.4250,0.4748,0.4740,7946,26.339,671.5,343.2,429.0,22.6,451.6,18.65,24.21,0.94828,7.544,14.44,24.96,14,2
56.910,hall_mission,9x4.5,pi5,-1.445,23.115,-1.951,0.396,-0.421,0.155,0.599,-0.23,-7.67,-54.48,0.4538,0.4547,0.4566,0.4568,8035,26.875,685.1,352.6,440.7,22.6,463.3,19.15,24.19,0.94823,7.551,14.06,24.96,14,2
56.958,hall_mission,9x4.5,pi5,-1.418,23.086,-1.939,0.413,-0.458,0.173,0.641,-0.07,-7.43,-55.82,0.4762,0.4770,0.4432,0.4447,8104,27.365,697.6,362.7,453.4,22.6,476.0,19.69,24.17,0.94819,7.557,13.68,24.96,14,2
57.010,hall_mission,9x4.5,pi5,-1.400,23.067,-1.931,0.423,-0.480,0.177,0.664,0.05,-7.26,-56.67,0.4935,0.4957,0.4339,0.4342,8163,27.820,709.2,373.0,466.2,22.6,488.8,20.23,24.16,0.94814,7.564,13.31,24.96,14,2
57.058,hall_mission,9x4.5,pi5,-1.375,23.038,-1.920,0.436,-0.508,0.175,0.692,0.20,-7.00,-57.79,0.5050,0.5060,0.4270,0.4288,8197,28.105,716.5,379.7,474.6,22.6,497.2,20.59,24.15,0.94809,7.571,13.08,24.96,14,2
57.110,hall_mission,9x4.5,pi5,-1.356,23.017,-1.912,0.444,-0.525,0.171,0.709,0.29,-6.83,-58.42,0.5112,0.5125,0.4245,0.4251,8221,28.302,721.5,384.4,480.5,22.6,503.1,20.84,24.14,0.94804,7.578,12.92,24.96,14,2
57.162,hall_mission,9x4.5,pi5,-1.326,22.982,-1.900,0.456,-0.550,0.159,0.733,0.40,-6.59,-59.15,0.5140,0.5140,0.4245,0.4260,8240,28.438,725.0,387.3,484.1,22.6,506.7,20.99,24.13,0.94799,7.585,12.83,24.96,14,2
57.210,hall_mission,9x4.5,pi5,-1.306,22.960,-1.893,0.463,-0.564,0.151,0.745,0.45,-6.44,-59.49,0.4357,0.3135,0.5519,0.5862,8272,29.487,751.7,424.3,530.4,22.6,553.0,22.97,24.07,0.94794,7.593,11.72,24.96,14,2
57.258,hall_mission,9x4.5,pi5,-1.278,22.927,-1.885,0.473,-0.586,0.089,0.758,-0.45,-5.94,-60.21,0.1181,0.0824,0.8270,0.8295,8162,39.335,1002.8,833.2,1041.4,22.6,1064.0,45.47,23.40,0.94784,7.607,5.92,24.96,14,2
57.310,hall_mission,9x4.5,pi5,-1.258,22.904,-1.883,0.473,-0.610,-0.062,0.774,-1.50,-4.75,-61.57,0.0083,0.0000,0.8579,0.8582,7323,40.292,1027.2,907.5,1134.3,22.6,1156.9,49.72,23.27,0.94772,7.624,5.41,24.96,14,2
57.362,hall_mission,9x4.5,pi5,-1.227,22.864,-1.897,0.441,-0.636,-0.339,0.844,-2.84,-2.37,-65.54,0.0000,0.0279,0.7729,0.7391,6655,32.323,824.0,648.4,810.5,22.6,833.1,35.14,23.71,0.94764,7.636,7.66,24.96,14,2
57.402,hall_mission,9x4.5,pi5,-1.209,22.839,-1.913,0.404,-0.633,-0.424,0.862,-3.71,-0.79,-69.29,0.0000,0.2487,0.6509,0.5611,6367,24.452,623.4,388.5,485.6,22.6,508.2,21.06,24.13,0.94760,7.641,12.78,24.96,14,2
57.454,hall_mission,9x4.5,pi5,-1.193,22.814,-1.932,0.362,-0.616,-0.414,0.826,-3.99,0.76,-73.59,0.7221,0.6617,0.0121,0.0587,6703,28.193,718.7,516.7,645.8,22.6,668.4,27.94,23.92,0.94753,7.651,9.63,24.96,14,2
57.502,hall_mission,9x4.5,pi5,-1.174,22.781,-1.957,0.309,-0.574,-0.361,0.745,-2.87,2.18,-79.34,0.7186,0.7041,0.0000,0.0367,6363,29.108,742.0,551.8,689.8,22.6,712.4,29.85,23.86,0.94746,7.661,9.01,24.96,14,2
57.555,hall_mission,9x4.5,pi5,-1.163,22.759,-1.974,0.275,-0.535,-0.374,0.709,-2.10,2.88,-82.20,0.6687,0.7025,0.0000,0.0524,6234,27.426,699.2,502.2,627.7,22.6,650.3,27.16,23.94,0.94740,7.670,9.91,24.96,14,2
57.603,hall_mission,9x4.5,pi5,-1.148,22.729,-2.001,0.234,-0.464,-0.359,0.632,-1.33,4.03,-85.17,0.6842,0.6689,0.0000,0.0594,6193,26.843,684.3,484.7,605.9,22.6,628.5,26.22,23.97,0.94734,7.678,10.26,24.96,14,2
57.655,hall_mission,9x4.5,pi5,-1.140,22.713,-2.017,0.214,-0.416,-0.335,0.575,-1.00,4.70,-86.32,0.6821,0.6721,0.0000,0.0580,6192,26.869,685.0,485.6,607.0,22.6,629.6,26.27,23.97,0.94728,7.687,10.24,24.96,14,2
57.703,hall_mission,9x4.5,pi5,-1.131,22.694,-2.038,0.190,-0.344,-0.299,0.494,-0.75,5.49,-86.84,0.6766,0.6851,0.0000,0.0531,6201,27.090,690.6,492.4,615.5,22.6,638.1,26.64,23.96,0.94722,7.696,10.10,24.96,14,2
57.755,hall_mission,9x4.5,pi5,-1.125,22.684,-2.051,0.175,-0.290,-0.276,0.437,-0.71,5.87,-86.39,0.6822,0.6883,0.0000,0.0466,6209,27.346,697.1,500.5,625.6,22.6,648.2,27.07,23.94,0.94715,7.705,9.94,24.96,14,2
57.803,hall_mission,9x4.5,pi5,-1.117,22.673,-2.069,0.150,-0.204,-0.245,0.352,-0.72,6.18,-84.49,0.6891,0.6892,0.0000,0.0388,6209,27.566,702.7,507.7,634.6,22.6,657.2,27.46,23.93,0.94709,7.714,9.79,24.96,14,2
57.855,hall_mission,9x4.5,pi5,-1.113,22.669,-2.079,0.133,-0.152,-0.229,0.305,-0.75,6.23,-82.43,0.6939,0.6928,0.0000,0.0286,6203,27.797,708.6,515.6,644.5,22.6,667.1,27.89,23.92,0.94703,7.724,9.64,24.96,14,2
57.903,hall_mission,9x4.5,pi5,-1.108,22.667,-2.092,0.107,-0.082,-0.212,0.251,-0.76,6.08,-78.12,0.6952,0.6959,0.0000,0.0205,6190,27.907,711.4,519.7,649.6,22.6,672.2,28.11,23.91,0.94696,7.733,9.57,24.96,14,2
57.955,hall_mission,9x4.5,pi5,-1.106,22.668,-2.100,0.087,-0.036,-0.202,0.223,-0.72,5.86,-74.45,0.6958,0.6980,0.0000,0.0120,6169,27.962,712.8,522.3,652.8,22.6,675.4,28.25,23.91,0.94689,7.742,9.52,24.96,14,2
58.003,hall_mission,9x4.5,pi5,-1.104,22.674,-2.113,0.053,0.028,-0.189,0.198,-0.58,5.39,-67.74,0.6759,0.6777,0.0209,0.0258,6507,26.961,687.3,484.8,606.0,22.6,628.6,26.23,23.97,0.94684,7.751,10.25,24.95,14,2
58.055,hall_mission,9x4.5,pi5,-1.104,22.680,-2.120,0.032,0.062,-0.173,0.187,-0.45,5.01,-62.52,0.6114,0.6101,0.0919,0.0907,6520,23.600,601.6,376.9,471.1,22.6,493.7,20.45,24.14,0.94679,7.758,13.14,24.95,14,2
58.103,hall_mission,9x4.5,pi5,-1.105,22.690,-2.129,0.004,0.097,-0.105,0.143,-0.20,4.36,-53.75,0.5667,0.5649,0.1563,0.1506,6646,22.104,563.5,320.6,400.7,22.6,423.3,17.47,24.23,0.94675,7.764,15.39,24.95,14,2
58.155,hall_mission,9x4.5,pi5,-1.107,22.698,-2.131,-0.013,0.115,-0.032,0.120,-0.01,3.90,-47.43,0.5358,0.5343,0.2211,0.2160,6894,21.978,560.3,296.7,370.9,22.6,393.5,16.22,24.27,0.94671,7.769,16.58,24.95,14,2
58.203,hall_mission,9x4.5,pi5,-1.112,22.712,-2.129,-0.038,0.136,0.093,0.170,0.28,3.24,-37.43,0.5180,0.5156,0.2728,0.2687,7140,22.549,574.8,293.8,367.2,22.6,389.8,16.06,24.27,0.94667,7.775,16.74,24.95,14,2
58.255,hall_mission,9x4.5,pi5,-1.116,22.721,-2.123,-0.052,0.146,0.164,0.226,0.47,2.81,-30.50,0.5053,0.5025,0.3177,0.3156,7380,23.438,597.5,300.9,376.1,22.6,398.7,16.44,24.26,0.94663,7.780,16.35,24.95,14,2
58.303,hall_mission,9x4.5,pi5,-1.122,22.734,-2.109,-0.069,0.156,0.245,0.299,0.72,2.21,-19.83,0.4996,0.4974,0.3530,0.3500,7593,24.474,623.9,315.1,393.9,22.6,416.5,17.19,24.24,0.94660,7.786,15.64,24.95,14,2
58.355,hall_mission,9x4.5,pi5,-1.127,22.743,-2.096,-0.080,0.161,0.288,0.339,0.86,1.83,-12.60,0.4984,0.4958,0.3820,0.3805,7798,25.610,652.9,333.6,417.0,22.6,439.6,18.16,24.21,0.94655,7.792,14.80,24.95,14,2
58.403,hall_mission,9x4.5,pi5,-1.137,22.758,-2.072,-0.095,0.165,0.331,0.382,0.98,1.29,-1.64,0.4981,0.4958,0.4009,0.4000,7937,26.427,673.7,347.8,434.7,22.6,457.3,18.91,24.18,0.94651,7.798,14.21,24.95,14,2
58.455,hall_mission,9x4.5,pi5,-1.143,22.766,-2.056,-0.102,0.167,0.344,0.395,1.02,0.96,5.72,0.4967,0.4936,0.4174,0.4164,8042,27.060,689.8,358.9,448.6,22.6,471.2,19.50,24.17,0.94646,7.805,13.78,24.95,14,2
58.503,hall_mission,9x4.5,pi5,-1.151,22.778,-2.033,-0.109,0.168,0.348,0.401,1.00,0.51,16.78,0.4660,0.4647,0.4588,0.4559,8119,27.445,699.7,363.9,454.9,22.6,477.5,19.77,24.16,0.94642,7.811,13.60,24.95,14,2
58.555,hall_mission,9x4.5,pi5,-1.158,22.786,-2.017,-0.113,0.168,0.341,0.396,0.94,0.25,24.10,0.4108,0.4084,0.5209,0.5192,8170,28.057,715.3,381.4,476.8,22.6,499.4,20.70,24.13,0.94637,7.819,12.98,24.95,14,2
58.603,hall_mission,9x4.5,pi5,-1.168,22.798,-1.992,-0.117,0.166,0.313,0.373,0.80,-0.07,34.76,0.3514,0.3501,0.5806,0.5796,8179,28.997,739.2,418.0,522.5,22.6,545.1,22.64,24.07,0.94632,7.826,11.87,24.95,14,2
58.655,hall_mission,9x4.5,pi5,-1.174,22.806,-1.979,-0.117,0.165,0.283,0.348,0.69,-0.23,41.50,0.2902,0.2895,0.6363,0.6361,8144,30.235,770.8,471.8,589.8,22.6,612.4,25.54,23.98,0.94626,7.835,10.52,24.95,14,2
58.703,hall_mission,9x4.5,pi5,-1.182,22.815,-1.962,-0.117,0.162,0.224,0.300,0.50,-0.40,50.75,0.2423,0.2409,0.6733,0.6729,8062,31.128,793.5,516.9,646.2,22.6,668.8,27.97,23.91,0.94620,7.844,9.60,24.95,14,2
58.755,hall_mission,9x4.5,pi5,-1.188,22.822,-1.953,-0.116,0.160,0.171,0.262,0.38,-0.47,56.23,0.2009,0.2008,0.6941,0.6938,7918,31.414,800.8,543.6,679.5,22.6,702.1,29.42,23.87,0.94612,7.854,9.13,24.95,14,2
58.803,hall_mission,9x4.5,pi5,-1.196,22.833,-1.943,-0.113,0.157,0.080,0.209,0.20,-0.54,63.28,0.1240,0.1878,0.7049,0.7738,7921,33.659,858.1,630.5,788.2,22.6,810.8,34.18,23.72,0.94605,7.865,7.86,24.95,14,2
58.855,hall_mission,9x4.5,pi5,-1.201,22.839,-1.942,-0.108,0.156,-0.000,0.190,-0.32,-1.16,67.11,0.0437,0.0539,0.7928,0.8293,7664,37.176,947.7,784.0,980.1,22.6,1002.7,42.73,23.46,0.94595,7.879,6.28,24.95,14,2
58.903,hall_mission,9x4.5,pi5,-1.207,22.848,-1.947,-0.088,0.165,-0.164,0.249,-1.46,-3.07,71.27,0.0179,0.0000,0.7921,0.7977,6900,35.229,898.1,739.7,924.7,22.6,947.3,40.24,23.54,0.94586,7.892,6.67,24.95,14,2
58.927,hall_mission,9x4.5,pi5,-1.209,22.853,-1.952,-0.074,0.175,-0.236,0.303,-1.81,-3.75,72.20,0.0281,0.0000,0.7551,0.7641,6681,32.579,830.5,655.9,819.8,22.6,842.4,35.58,23.68,0.94582,7.897,7.55,24.95,14,2
58.963,hall_mission,9x4.5,pi5,-1.212,22.860,-1.965,-0.045,0.197,-0.318,0.377,-2.45,-5.08,73.43,0.0380,0.0000,0.7309,0.7027,6407,29.512,752.4,563.5,704.4,22.6,727.0,30.51,23.83,0.94577,7.905,8.80,24.95,14,2
59.011,hall_mission,9x4.5,pi5,-1.212,22.868,-1.981,-0.014,0.223,-0.347,0.412,-2.93,-6.21,73.90,0.1105,0.0000,0.6895,0.6056,6168,25.397,647.5,439.2,549.0,22.6,571.6,23.79,24.03,0.94571,7.912,11.29,24.95,14,2
59.063,hall_mission,9x4.5,pi5,-1.211,22.882,-2.004,0.027,0.260,-0.311,0.406,-2.59,-6.40,73.35,0.0798,0.0011,0.6690,0.6616,6547,26.452,674.3,465.3,581.6,22.6,604.2,25.19,23.99,0.94565,7.921,10.66,24.95,14,2
59.111,hall_mission,9x4.5,pi5,-1.208,22.894,-2.019,0.051,0.282,-0.274,0.397,-2.07,-5.63,72.20,0.1246,0.0838,0.6005,0.6175,6601,23.735,605.1,376.1,470.2,22.6,492.8,20.42,24.13,0.94561,7.928,13.14,24.95,14,2
59.163,hall_mission,9x4.5,pi5,-1.200,22.914,-2.038,0.078,0.303,-0.186,0.364,-1.40,-3.87,69.51,0.1853,0.1804,0.5496,0.5519,6749,21.922,558.8,306.8,383.5,22.6,406.1,16.75,24.24,0.94557,7.933,16.02,24.95,14,2
59.215,hall_mission,9x4.5,pi5,-1.194,22.927,-2.046,0.088,0.305,-0.108,0.335,-1.20,-2.65,67.24,0.2608,0.2692,0.4913,0.5043,6961,21.358,544.5,269.8,337.2,22.6,359.8,14.81,24.30,0.94553,7.939,18.13,24.95,14,2
59.263,hall_mission,9x4.5,pi5,-1.186,22.945,-2.050,0.096,0.297,0.009,0.313,-1.11,-1.05,63.36,0.3005,0.3612,0.4289,0.5273,7295,22.776,580.6,286.4,358.0,22.6,380.6,15.68,24.27,0.94550,7.944,17.11,24.95,14,2
59.311,hall_mission,9x4.5,pi5,-1.180,22.957,-2.049,0.099,0.287,0.079,0.313,-1.39,-0.89,60.60,0.3522,0.3768,0.4783,0.4733,7522,23.834,607.6,299.5,374.4,22.6,397.0,16.37,24.25,0.94546,7.949,16.39,24.95,14,2
59.363,hall_mission,9x4.5,pi5,-1.169,22.976,-2.040,0.112,0.270,0.164,0.335,-2.12,-2.31,56.32,0.3998,0.4100,0.4702,0.4606,7740,25.020,637.8,318.3,397.9,22.6,420.5,17.36,24.22,0.94542,7.955,15.46,24.95,14,2
59.411,hall_mission,9x4.5,pi5,-1.163,22.986,-2.032,0.128,0.265,0.201,0.356,-2.46,-3.60,53.41,0.4442,0.4462,0.4529,0.4373,7885,25.885,659.9,333.3,416.7,22.6,439.3,18.15,24.20,0.94538,7.961,14.78,24.95,14,2
59.463,hall_mission,9x4.5,pi5,-1.152,23.001,-2.017,0.160,0.265,0.233,0.388,-2.58,-5.42,49.08,0.4879,0.4864,0.4255,0.4102,7992,26.696,680.6,351.2,439.0,22.6,461.6,19.10,24.17,0.94533,7.968,14.05,24.95,14,2
59.511,hall_mission,9x4.5,pi5,-1.144,23.011,-2.006,0.189,0.270,0.244,0.410,-2.44,-6.42,46.29,0.5229,0.5198,0.4004,0.3871,8064,27.433,699.3,370.7,463.3,22.6,485.9,20.13,24.14,0.94529,7.974,13.33,24.95,14,2
59.563,hall_mission,9x4.5,pi5,-1.128,23.028,-1.988,0.242,0.285,0.245,0.447,-2.00,-7.53,42.38,0.5519,0.5484,0.3769,0.3662,8113,28.099,716.3,390.7,488.4,22.6,511.0,21.20,24.10,0.94524,7.981,12.65,24.95,14,2
59.615,hall_mission,9x4.5,pi5,-1.116,23.039,-1.977,0.278,0.298,0.238,0.471,-1.62,-8.01,40.03,0.5705,0.5671,0.3592,0.3514,8130,28.514,726.9,405.0,506.3,22.6,528.9,21.96,24.08,0.94518,7.989,12.21,24.95,14,2
59.663,hall_mission,9x4.5,pi5,-1.096,23.056,-1.963,0.329,0.318,0.221,0.508,-1.04,-8.42,37.01,0.5790,0.5764,0.3497,0.3441,8133,28.704,731.7,412.1,515.2,22.6,537.8,22.34,24.07,0.94513,7.996,12.01,24.95,14,2
59.715,hall_mission,9x4.5,pi5,-1.081,23.069,-1.953,0.364,0.334,0.208,0.536,-0.67,-8.52,35.37,0.5806,0.5778,0.3467,0.3430,8129,28.713,732.0,413.0,516.3,22.6,538.9,22.39,24.07,0.94508,8.004,11.98,24.95,14,2
59.763,hall_mission,9x4.5,pi5,-1.052,23.092,-1.940,0.417,0.359,0.187,0.581,-0.21,-8.48,33.46,0.5750,0.5742,0.3495,0.3486,8126,28.604,729.2,409.1,511.3,22.6,533.9,22.18,24.07,0.94503,8.011,12.09,24.95,14,2
59.811,hall_mission,9x4.5,pi5,-1.032,23.107,-1.932,0.448,0.375,0.176,0.610,0.04,-8.38,32.55,0.5654,0.5655,0.3584,0.3576,8125,28.425,724.6,402.1,502.6,22.6,525.2,21.81,24.08,0.94498,8.018,12.30,24.95,14,2
59.863,hall_mission,9x4.5,pi5,-1.003,23.129,-1.923,0.486,0.396,0.162,0.648,0.31,-8.14,31.69,0.5519,0.5522,0.3711,0.3721,8127,28.205,719.0,393.2,491.5,22.6,514.1,21.33,24.10,0.94493,8.026,12.57,24.95,14,2
59.911,hall_mission,9x4.5,pi5,-0.980,23.146,-1.917,0.511,0.410,0.154,0.673,0.43,-7.95,31.42,0.5372,0.5386,0.3861,0.3873,8134,28.040,714.8,385.7,482.1,22.6,504.7,20.93,24.11,0.94488,8.032,12.81,24.95,14,2
59.963,hall_mission,9x4.5,pi5,-0.942,23.174,-1.908,0.545,0.431,0.145,0.710,0.53,-7.67,31.39,0.5220,0.5222,0.4040,0.4052,8149,27.947,712.4,379.9,474.9,22.6,497.5,20.63,24.12,0.94483,8.040,13.00,24.94,14,2
60.015,hall_mission,9x4.5,pi5,-0.917,23.192,-1.903,0.564,0.443,0.141,0.730,0.56,-7.49,31.57,0.5054,0.5079,0.4215,0.4235,8166,27.918,711.7,376.4,470.5,22.6,493.1,20.44,24.12,0.94479,8.047,13.12,24.94,14,2
60.063,hall_mission,9x4.5,pi5,-0.881,23.219,-1.896,0.586,0.458,0.136,0.756,0.56,-7.23,32.05,0.4927,0.4943,0.4368,0.4395,8185,27.957,712.7,375.4,469.3,22.6,491.9,20.39,24.12,0.94474,8.053,13.15,24.94,14,2
60.115,hall_mission,9x4.5,pi5,-0.855,23.239,-1.891,0.599,0.468,0.133,0.772,0.53,-7.07,32.47,0.4803,0.4820,0.4525,0.4544,8206,28.049,715.1,376.3,470.4,22.6,493.0,20.44,24.12,0.94469,8.060,13.12,24.94,14,2
60.163,hall_mission,9x4.5,pi5,-0.813,23.272,-1.883,0.618,0.483,0.125,0.794,0.48,-6.84,33.18,0.4914,0.3920,0.5244,0.4682,8230,28.408,724.2,387.2,484.0,22.6,506.6,21.02,24.10,0.94464,8.067,12.75,24.94,14,2
60.211,hall_mission,9x4.5,pi5,-0.786,23.292,-1.878,0.628,0.491,0.112,0.805,0.33,-6.08,33.63,0.3489,0.3552,0.5901,0.5795,8222,29.331,747.7,425.7,532.1,22.6,554.7,23.07,24.04,0.94459,8.074,11.62,24.94,14,2
60.263,hall_mission,9x4.5,pi5,-0.747,23.322,-1.874,0.632,0.493,0.072,0.804,-0.17,-3.57,33.88,0.2614,0.3689,0.5843,0.6344,8133,29.583,754.2,446.2,557.7,22.6,580.3,24.17,24.01,0.94453,8.083,11.09,24.94,14,2
60.311,hall_mission,9x4.5,pi5,-0.720,23.343,-1.872,0.624,0.483,0.040,0.790,-0.60,-2.50,33.61,0.3484,0.3807,0.5470,0.5534,8062,27.824,709.3,386.4,483.0,22.6,505.6,20.97,24.10,0.94449,8.090,12.78,24.94,14,2
60.363,hall_mission,9x4.5,pi5,-0.677,23.376,-1.872,0.608,0.460,0.022,0.763,-0.78,-2.58,32.72,0.4170,0.4320,0.4881,0.4870,8043,27.017,688.8,357.1,446.4,22.6,469.0,19.42,24.15,0.94444,8.096,13.80,24.94,14,2
60.411,hall_mission,9x4.5,pi5,-0.651,23.396,-1.872,0.600,0.448,0.023,0.749,-0.71,-3.14,31.99,0.4652,0.4692,0.4481,0.4467,8061,27.059,689.8,356.4,445.5,22.6,468.1,19.38,24.15,0.94440,8.103,13.83,24.94,14,2
60.463,hall_mission,9x4.5,pi5,-0.615,23.422,-1.873,0.595,0.435,0.031,0.738,-0.45,-4.11,30.87,0.4992,0.4971,0.4221,0.4182,8088,27.367,697.7,365.0,456.2,22.6,478.8,19.84,24.14,0.94435,8.110,13.51,24.94,14,2
60.511,hall_mission,9x4.5,pi5,-0.590,23.441,-1.873,0.595,0.430,0.036,0.734,-0.25,-4.70,30.22,0.5165,0.5130,0.4087,0.4051,8112,27.652,704.9,373.0,466.3,22.6,488.9,20.27,24.12,0.94431,8.116,13.22,24.94,14,2
60.563,hall_mission,9x4.5,pi5,-0.550,23.470,-1.872,0.600,0.427,0.041,0.737,0.03,-5.42,29.48,0.5242,0.5210,0.4037,0.4006,8135,27.867,710.4,378.6,473.3,22.6,495.9,20.56,24.12,0.94426,8.123,13.03,24.94,14,2
60.611,hall_mission,9x4.5,pi5,-0.524,23.487,-1.871,0.605,0.428,0.043,0.743,0.19,-5.78,29.16,0.5240,0.5216,0.4058,0.4028,8151,27.968,713.0,380.4,475.5,22.6,498.1,20.66,24.11,0.94421,8.130,12.97,24.94,14,2
60.663,hall_mission,9x4.5,pi5,-0.488,23.513,-1.870,0.616,0.433,0.044,0.754,0.37,-6.18,28.96,0.5180,0.5173,0.4116,0.4114,8166,28.010,714.0,380.1,475.1,22.6,497.7,20.64,24.11,0.94416,8.137,12.98,24.94,14,2
60.715,hall_mission,9x4.5,pi5,-0.462,23.531,-1.869,0.624,0.437,0.044,0.763,0.45,-6.35,28.99,0.5095,0.5091,0.4222,0.4216,8181,28.032,714.6,379.0,473.7,22.6,496.3,20.58,24.11,0.94411,8.144,13.02,24.94,14,2
60.763,hall_mission,9x4.5,pi5,-0.420,23.561,-1.867,0.637,0.447,0.043,0.780,0.51,-6.52,29.26,0.4997,0.5003,0.4330,0.4326,8193,28.044,714.9,377.8,472.3,22.6,494.9,20.52,24.11,0.94406,8.151,13.05,24.94,14,2
60.811,hall_mission,9x4.5,pi5,-0.393,23.580,-1.865,0.646,0.453,0.042,0.790,0.52,-6.59,29.55,0.4901,0.4906,0.4439,0.4442,8205,28.070,715.6,377.3,471.6,22.6,494.2,20.49,24.12,0.94402,8.157,13.07,24.94,14,2
60.863,hall_mission,9x4.5,pi5,-0.354,23.607,-1.863,0.658,0.462,0.040,0.805,0.51,-6.63,30.11,0.4891,0.5008,0.4466,0.4364,8219,28.188,718.6,380.1,475.1,22.6,497.7,20.64,24.11,0.94397,8.165,12.98,24.94,14,2
60.911,hall_mission,9x4.5,pi5,-0.327,23.626,-1.861,0.666,0.469,0.038,0.815,0.63,-6.62,30.55,0.5168,0.5200,0.4182,0.4203,8228,28.398,724.0,387.3,484.1,22.6,506.7,21.03,24.10,0.94392,8.171,12.74,24.94,14,2
60.963,hall_mission,9x4.5,pi5,-0.282,23.659,-1.858,0.676,0.483,0.029,0.831,1.00,-6.54,31.39,0.5304,0.5304,0.4047,0.4083,8223,28.482,726.1,391.4,489.3,22.6,511.9,21.25,24.09,0.94387,8.179,12.60,24.94,14,2
61.011,hall_mission,9x4.5,pi5,-0.254,23.680,-1.856,0.680,0.494,0.022,0.840,1.23,-6.48,32.13,0.5282,0.5269,0.4069,0.4103,8217,28.419,724.5,389.6,487.0,22.6,509.6,21.15,24.09,0.94382,8.186,12.66,24.94,14,2
61.063,hall_mission,9x4.5,pi5,-0.215,23.710,-1.855,0.682,0.510,0.016,0.852,1.46,-6.40,33.49,0.5147,0.5150,0.4189,0.4233,8216,28.291,721.2,384.7,480.8,22.6,503.4,20.89,24.10,0.94377,8.193,12.82,24.94,14,2
61.115,hall_mission,9x4.5,pi5,-0.187,23.733,-1.854,0.682,0.522,0.012,0.859,1.53,-6.36,34.55,0.4970,0.4967,0.4370,0.4410,8215,28.167,718.1,379.8,474.7,22.6,497.3,20.63,24.11,0.94372,8.200,12.98,24.94,14,2
61.163,hall_mission,9x4.5,pi5,-0.143,23.770,-1.853,0.679,0.543,0.007,0.869,1.51,-6.32,36.27,0.4791,0.4788,0.4550,0.4592,8216,28.114,716.7,377.5,471.8,22.6,494.4,20.51,24.11,0.94368,8.207,13.06,24.94,14,2
61.211,hall_mission,9x4.5,pi5,-0.116,23.794,-1.853,0.676,0.555,0.005,0.875,1.44,-6.30,37.46,0.4611,0.4628,0.4733,0.4757,8219,28.128,717.1,377.6,472.0,22.6,494.6,20.51,24.11,0.94363,8.213,13.05,24.94,14,2
61.263,hall_mission,9x4.5,pi5,-0.079,23.828,-1.853,0.671,0.572,0.002,0.882,1.25,-6.28,39.21,0.4453,0.4472,0.4895,0.4918,8223,28.191,718.7,379.7,474.6,22.6,497.2,20.62,24.11,0.94358,8.220,12.98,24.94,14,2
61.315,hall_mission,9x4.5,pi5,-0.053,23.853,-1.852,0.668,0.582,-0.000,0.886,1.11,-6.27,40.32,0.4335,0.4351,0.5023,0.5039,8226,28.274,720.8,382.6,478.2,22.6,500.8,20.78,24.10,0.94353,8.228,12.88,24.94,14,2
61.363,hall_mission,9x4.5,pi5,-0.011,23.894,-1.852,0.662,0.598,-0.004,0.892,0.88,-6.26,41.81,0.4262,0.4273,0.5094,0.5122,8227,28.334,722.3,384.8,481.0,22.6,503.6,20.90,24.10,0.94349,8.234,12.81,24.94,14,2
61.411,hall_mission,9x4.5,pi5,0.014,23.919,-1.852,0.659,0.607,-0.007,0.896,0.72,-6.25,42.67,0.4214,0.4237,0.5143,0.5158,8228,28.371,723.3,386.2,482.8,22.6,505.4,20.97,24.10,0.94344,8.241,12.76,24.94,14,2
61.463,hall_mission,9x4.5,pi5,0.050,23.956,-1.852,0.655,0.618,-0.010,0.901,0.51,-6.23,43.73,0.4204,0.4227,0.5155,0.5169,8229,28.386,723.6,386.7,483.4,22.6,506.0,21.00,24.09,0.94339,8.248,12.74,24.94,14,2
61.515,hall_mission,9x4.5,pi5,0.076,23.982,-1.852,0.653,0.625,-0.013,0.904,0.38,-6.22,44.28,0.4229,0.4244,0.5136,0.5153,8231,28.387,723.7,386.4,483.0,22.6,505.6,20.98,24.09,0.94334,8.256,12.75,24.94,14,2
61.563,hall_mission,9x4.5,pi5,0.116,24.024,-1.852,0.650,0.635,-0.016,0.909,0.21,-6.21,44.89,0.4266,0.4291,0.5104,0.5109,8234,28.375,723.4,385.5,481.9,22.6,504.5,20.94,24.10,0.94329,8.262,12.78,24.94,14,2
61.611,hall_mission,9x4.5,pi5,0.141,24.051,-1.852,0.648,0.640,-0.018,0.911,0.12,-6.20,45.17,0.4320,0.4345,0.5050,0.5059,8236,28.351,722.7,384.3,480.4,22.6,503.0,20.87,24.10,0.94325,8.269,12.82,24.94,14,2
61.663,hall_mission,9x4.5,pi5,0.177,24.089,-1.851,0.647,0.646,-0.021,0.915,0.02,-6.19,45.37,0.4486,0.4599,0.4911,0.4789,8239,28.286,721.1,381.2,476.5,22.6,499.1,20.71,24.10,0.94320,8.276,12.92,24.94,14,2
61.715,hall_mission,9x4.5,pi5,0.202,24.115,-1.851,0.646,0.651,-0.024,0.917,0.10,-6.20,45.44,0.4921,0.4962,0.4430,0.4458,8235,28.284,721.0,381.8,477.2,22.6,499.8,20.74,24.10,0.94315,8.284,12.90,24.94,14,2
61.763,hall_mission,9x4.5,pi5,0.241,24.159,-1.852,0.642,0.659,-0.033,0.921,0.47,-6.16,45.58,0.5178,0.5172,0.4182,0.4212,8225,28.371,723.3,386.6,483.3,22.6,505.9,21.00,24.09,0.94310,8.290,12.74,24.94,14,2
61.811,hall_mission,9x4.5,pi5,0.266,24.186,-1.852,0.638,0.665,-0.038,0.922,0.71,-6.13,45.80,0.5262,0.5257,0.4080,0.4122,8216,28.397,723.9,388.9,486.1,22.6,508.7,21.12,24.09,0.94305,8.297,12.67,24.94,14,2
61.863,hall_mission,9x4.5,pi5,0.300,24.224,-1.853,0.631,0.674,-0.041,0.924,0.98,-6.11,46.37,0.5224,0.5240,0.4103,0.4145,8213,28.352,722.8,387.4,484.3,22.6,506.9,21.04,24.09,0.94300,8.304,12.71,24.94,14,2
61.915,hall_mission,9x4.5,pi5,0.324,24.251,-1.853,0.624,0.682,-0.042,0.925,1.07,-6.11,46.91,0.5129,0.5127,0.4211,0.4252,8215,28.274,720.8,384.0,480.0,22.6,502.6,20.86,24.10,0.94295,8.312,12.82,24.94,14,2
61.963,hall_mission,9x4.5,pi5,0.362,24.296,-1.854,0.613,0.694,-0.044,0.927,1.11,-6.12,47.94,0.4992,0.4997,0.4351,0.4386,8218,28.200,718.9,380.7,475.9,22.6,498.5,20.68,24.10,0.94291,8.318,12.93,24.93,14,2
62.011,hall_mission,9x4.5,pi5,0.386,24.324,-1.855,0.606,0.701,-0.044,0.928,1.07,-6.13,48.73,0.4848,0.4852,0.4507,0.4528,8222,28.164,718.0,378.8,473.4,22.6,496.0,20.58,24.10,0.94286,8.325,12.99,24.93,14,2
62.063,hall_mission,9x4.5,pi5,0.418,24.364,-1.855,0.596,0.711,-0.044,0.929,0.95,-6.16,49.99,0.4694,0.4706,0.4665,0.4683,8226,28.174,718.2,378.5,473.1,22.6,495.7,20.56,24.10,0.94281,8.332,13.00,24.93,14,2
62.107,hall_mission,9x4.5,pi5,0.441,24.393,-1.856,0.589,0.718,-0.044,0.930,0.84,-6.19,50.85,0.4584,0.4596,0.4780,0.4802,8231,28.215,719.3,379.5,474.3,22.6,496.9,20.62,24.10,0.94277,8.338,12.97,24.93,14,2
62.155,hall_mission,9x4.5,pi5,0.463,24.422,-1.856,0.583,0.725,-0.044,0.931,0.72,-6.21,51.67,0.4493,0.4492,0.4884,0.4907,8236,28.275,720.8,381.2,476.5,22.6,499.1,20.71,24.10,0.94272,8.345,12.91,24.93,14,2
62.207,hall_mission,9x4.5,pi5,0.499,24.469,-1.857,0.574,0.735,-0.045,0.934,0.53,-6.24,52.82,0.4408,0.4422,0.4969,0.4984,8239,28.329,722.2,383.0,478.7,22.6,501.3,20.81,24.09,0.94267,8.352,12.85,24.93,14,2
62.255,hall_mission,9x4.5,pi5,0.521,24.499,-1.858,0.569,0.740,-0.045,0.935,0.40,-6.25,53.50,0.4365,0.4378,0.5017,0.5029,8241,28.366,723.1,384.2,480.3,22.6,502.9,20.87,24.09,0.94263,8.359,12.81,24.93,14,2
62.307,hall_mission,9x4.5,pi5,0.551,24.541,-1.859,0.563,0.748,-0.046,0.937,0.22,-6.27,54.37,0.4340,0.4364,0.5037,0.5052,8243,28.390,723.7,384.9,481.2,22.6,503.8,20.91,24.09,0.94258,8.366,12.78,24.93,14,2
62.355,hall_mission,9x4.5,pi5,0.573,24.572,-1.860,0.559,0.752,-0.047,0.939,0.10,-6.28,54.83,0.4349,0.4364,0.5037,0.5048,8245,28.400,724.0,385.1,481.4,22.6,504.0,20.92,24.09,0.94253,8.373,12.78,24.93,14,2
62.407,hall_mission,9x4.5,pi5,0.608,24.621,-1.861,0.555,0.759,-0.048,0.941,-0.04,-6.29,55.36,0.4374,0.4388,0.5014,0.5026,8246,28.395,723.9,384.7,480.9,22.6,503.5,20.90,24.09,0.94248,8.380,12.79,24.93,14,2
62.455,hall_mission,9x4.5,pi5,0.630,24.652,-1.862,0.552,0.763,-0.048,0.943,-0.12,-6.30,55.60,0.4453,0.4615,0.4950,0.4789,8248,28.349,722.7,382.6,478.2,22.6,500.8,20.79,24.09,0.94243,8.387,12.86,24.93,14,2
62.507,hall_mission,9x4.5,pi5,0.660,24.696,-1.864,0.550,0.769,-0.052,0.946,-0.03,-6.31,55.85,0.4976,0.5016,0.4382,0.4405,8237,28.327,722.1,383.2,478.9,22.6,501.5,20.82,24.09,0.94238,8.394,12.84,24.93,14,2
62.555,hall_mission,9x4.5,pi5,0.682,24.727,-1.866,0.547,0.774,-0.057,0.949,0.27,-6.28,56.05,0.5288,0.5281,0.4058,0.4095,8217,28.426,724.7,390.0,487.4,22.6,510.0,21.18,24.08,0.94234,8.401,12.62,24.93,14,2
62.607,hall_mission,9x4.5,pi5,0.717,24.779,-1.870,0.539,0.784,-0.066,0.954,0.74,-6.23,56.56,0.5388,0.5387,0.3920,0.3970,8196,28.422,724.6,392.6,490.7,22.6,513.3,21.32,24.08,0.94229,8.408,12.53,24.93,14,2
62.655,hall_mission,9x4.5,pi5,0.739,24.811,-1.872,0.531,0.791,-0.069,0.955,0.98,-6.20,57.09,0.5341,0.5345,0.3940,0.4007,8184,28.297,721.4,389.1,486.4,22.6,509.0,21.14,24.08,0.94224,8.415,12.64,24.93,14,2
62.707,hall_mission,9x4.5,pi5,0.769,24.857,-1.876,0.519,0.801,-0.069,0.957,1.19,-6.17,58.21,0.5204,0.5202,0.4086,0.4129,8180,28.118,716.8,382.6,478.2,22.6,500.8,20.79,24.09,0.94219,8.422,12.85,24.93,14,2
62.755,hall_mission,9x4.5,pi5,0.789,24.890,-1.878,0.508,0.809,-0.068,0.958,1.23,-6.17,59.13,0.5032,0.5026,0.4255,0.4307,8180,27.978,713.3,377.0,471.2,22.6,493.8,20.49,24.10,0.94214,8.429,13.04,24.93,14,2
62.807,hall_mission,9x4.5,pi5,0.822,24.944,-1.882,0.491,0.821,-0.064,0.959,1.18,-6.19,60.69,0.4827,0.4832,0.4477,0.4497,8184,27.911,711.5,373.7,467.1,22.6,489.7,20.32,24.10,0.94209,8.436,13.15,24.93,14,2
62.855,hall_mission,9x4.5,pi5,0.841,24.978,-1.884,0.481,0.828,-0.060,0.959,1.09,-6.20,61.79,0.4650,0.4660,0.4656,0.4685,8191,27.930,712.0,373.5,466.9,22.6,489.5,20.31,24.10,0.94205,8.442,13.15,24.93,14,2
62.907,hall_mission,9x4.5,pi5,0.867,25.026,-1.887,0.466,0.838,-0.056,0.960,0.89,-6.23,63.45,0.4483,0.4502,0.4836,0.4852,8199,28.013,714.1,375.8,469.7,22.6,492.3,20.43,24.10,0.94200,8.449,13.08,24.93,14,2
62.955,hall_mission,9x4.5,pi5,0.885,25.060,-1.889,0.456,0.844,-0.053,0.961,0.74,-6.25,64.51,0.4376,0.4373,0.4960,0.4979,8204,28.099,716.3,378.5,473.1,22.6,495.7,20.57,24.10,0.94195,8.456,12.98,24.93,14,2
63.007,hall_mission,9x4.5,pi5,0.913,25.116,-1.892,0.442,0.853,-0.050,0.962,0.50,-6.27,65.97,0.4273,0.4294,0.5060,0.5069,8208,28.178,718.3,381.2,476.5,22.6,499.1,20.72,24.09,0.94190,8.463,12.89,24.93,14,2
63.055,hall_mission,9x4.5,pi5,0.930,25.151,-1.894,0.434,0.859,-0.049,0.963,0.34,-6.28,66.82,0.4290,0.4397,0.5043,0.4972,8209,28.155,717.7,380.0,475.1,22.6,497.7,20.66,24.09,0.94186,8.470,12.93,24.93,14,2
63.107,hall_mission,9x4.5,pi5,0.954,25.200,-1.897,0.423,0.866,-0.048,0.965,0.26,-6.28,67.91,0.4555,0.4605,0.4761,0.4780,8209,28.065,715.4,376.4,470.5,22.6,493.1,20.46,24.10,0.94181,8.477,13.05,24.93,14,2
63.155,hall_mission,9x4.5,pi5,0.970,25.236,-1.899,0.416,0.871,-0.048,0.966,0.35,-6.26,68.57,0.4718,0.4736,0.4614,0.4630,8208,28.052,715.1,376.0,470.1,22.6,492.7,20.44,24.10,0.94176,8.484,13.06,24.93,14,2
63.207,hall_mission,9x4.5,pi5,0.995,25.293,-1.902,0.402,0.878,-0.046,0.967,0.50,-6.24,69.53,0.4788,0.4786,0.4543,0.4585,8210,28.070,715.6,376.6,470.7,22.6,493.3,20.47,24.10,0.94171,8.491,13.04,24.93,14,2
63.255,hall_mission,9x4.5,pi5,1.011,25.328,-1.903,0.392,0.883,-0.043,0.967,0.57,-6.23,70.19,0.4785,0.4773,0.4562,0.4599,8215,28.107,716.5,377.3,471.6,22.6,494.2,20.51,24.10,0.94167,8.497,13.02,24.93,14,2
63.307,hall_mission,9x4.5,pi5,1.032,25.378,-1.906,0.378,0.890,-0.039,0.967,0.59,-6.24,71.21,0.4723,0.4740,0.4630,0.4646,8223,28.151,717.7,378.0,472.6,22.6,495.2,20.55,24.09,0.94162,8.504,12.99,24.93,14,2
63.355,hall_mission,9x4.5,pi5,1.046,25.414,-1.908,0.367,0.894,-0.037,0.967,0.55,-6.25,71.91,0.4664,0.4670,0.4687,0.4727,8227,28.175,718.3,378.5,473.1,22.6,495.7,20.58,24.09,0.94157,8.511,12.98,24.93,14,2
63.407,hall_mission,9x4.5,pi5,1.068,25.472,-1.910,0.351,0.901,-0.036,0.968,0.44,-6.26,72.94,0.4590,0.4597,0.4771,0.4796,8228,28.193,718.7,379.0,473.8,22.6,496.4,20.60,24.09,0.94152,8.518,12.96,24.93,14,2
63.455,hall_mission,9x4.5,pi5,1.082,25.508,-1.912,0.342,0.905,-0.035,0.968,0.34,-6.27,73.59,0.4530,0.4535,0.4833,0.4856,8229,28.209,719.1,379.6,474.5,22.6,497.1,20.64,24.09,0.94148,8.525,12.94,24.93,14,2
63.507,hall_mission,9x4.5,pi5,1.100,25.559,-1.914,0.330,0.911,-0.035,0.969,0.18,-6.29,74.51,0.4474,0.4488,0.4888,0.4906,8229,28.229,719.6,380.3,475.4,22.6,498.0,20.67,24.09,0.94143,8.532,12.91,24.93,14,2
63.555,hall_mission,9x4.5,pi5,1.112,25.595,-1.915,0.322,0.914,-0.034,0.970,0.07,-6.29,75.05,0.4445,0.4454,0.4917,0.4941,8229,28.244,720.0,380.9,476.1,22.6,498.7,20.70,24.09,0.94138,8.539,12.89,24.93,14,2
63.607,hall_mission,9x4.5,pi5,1.132,25.654,-1.917,0.311,0.920,-0.034,0.971,-0.09,-6.30,75.75,0.4425,0.4441,0.4937,0.4954,8229,28.251,720.2,381.2,476.5,22.6,499.1,20.72,24.09,0.94133,8.546,12.88,24.93,14,2
63.655,hall_mission,9x4.5,pi5,1.144,25.690,-1.918,0.305,0.923,-0.033,0.972,-0.19,-6.31,76.13,0.4426,0.4440,0.4943,0.4950,8230,28.257,720.4,381.3,476.6,22.6,499.2,20.73,24.09,0.94129,8.553,12.88,24.93,14,2
63.707,hall_mission,9x4.5,pi5,1.161,25.742,-1.920,0.297,0.926,-0.032,0.973,-0.33,-6.32,76.57,0.4434,0.4463,0.4929,0.4938,8232,28.260,720.4,381.2,476.5,22.6,499.1,20.72,24.09,0.94124,8.560,12.88,24.93,14,2
63.755,hall_mission,9x4.5,pi5,1.172,25.779,-1.921,0.293,0.929,-0.032,0.974,-0.41,-6.32,76.79,0.4528,0.4681,0.4862,0.4692,8231,28.220,719.4,379.6,474.5,22.6,497.1,20.64,24.09,0.94119,8.566,12.93,24.93,14,2
63.807,hall_mission,9x4.5,pi5,1.191,25.837,-1.923,0.286,0.932,-0.034,0.976,-0.31,-6.33,77.04,0.4987,0.5035,0.4343,0.4377,8224,28.248,720.1,381.8,477.3,22.6,499.9,20.76,24.08,0.94114,8.574,12.85,24.93,14,2
63.855,hall_mission,9x4.5,pi5,1.202,25.874,-1.925,0.281,0.935,-0.039,0.977,-0.05,-6.30,77.25,0.5249,0.5250,0.4076,0.4120,8207,28.331,722.2,387.4,484.3,22.6,506.9,21.06,24.07,0.94109,8.580,12.67,24.93,14,2
63.907,hall_mission,9x4.5,pi5,1.218,25.925,-1.927,0.271,0.938,-0.044,0.977,0.36,-6.26,77.78,0.5326,0.5315,0.3978,0.4027,8190,28.301,721.5,388.6,485.8,22.6,508.4,21.12,24.07,0.94104,8.588,12.63,24.93,14,2
63.955,hall_mission,9x4.5,pi5,1.230,25.961,-1.929,0.262,0.940,-0.046,0.977,0.56,-6.24,78.32,0.4766,0.3539,0.5189,0.5148,8188,28.300,721.4,388.2,485.3,22.6,507.9,21.10,24.07,0.94100,8.595,12.64,24.93,14,2
64.007,hall_mission,9x4.5,pi5,1.247,26.019,-1.932,0.246,0.946,-0.077,0.980,0.13,-5.64,79.12,0.1022,0.0909,0.8214,0.8284,8111,38.989,993.9,823.7,1029.6,22.6,1052.2,45.06,23.35,0.94089,8.610,5.92,24.92,14,2
64.055,hall_mission,9x4.5,pi5,1.258,26.056,-1.937,0.242,0.949,-0.203,1.000,-0.59,-4.29,78.92,0.0009,0.0000,0.8557,0.8627,7305,40.358,1028.8,910.7,1138.4,22.6,1161.0,50.04,23.20,0.94078,8.625,5.33,24.92,14,2
64.107,hall_mission,9x4.5,pi5,1.273,26.107,-1.955,0.246,0.934,-0.443,1.062,-1.56,-1.85,76.73,0.0000,0.0353,0.7537,0.7423,6623,31.758,809.6,630.0,787.5,22.6,810.1,34.21,23.68,0.94069,8.637,7.79,24.92,14,2
64.155,hall_mission,9x4.5,pi5,1.284,26.142,-1.975,0.250,0.901,-0.532,1.076,-2.20,-0.24,74.15,0.0000,0.0602,0.6868,0.6963,6304,27.871,710.5,513.1,641.4,22.6,664.0,27.82,23.87,0.94063,8.646,9.58,24.92,14,2
64.207,hall_mission,9x4.5,pi5,1.302,26.195,-2.013,0.253,0.824,-0.547,1.021,-3.11,1.89,68.96,0.0000,0.0705,0.6665,0.6739,6187,26.492,675.4,473.3,591.6,22.6,614.2,25.67,23.93,0.94057,8.655,10.39,24.92,14,2
64.255,hall_mission,9x4.5,pi5,1.314,26.224,-2.037,0.253,0.765,-0.517,0.958,-3.67,2.98,64.73,0.0000,0.0693,0.6676,0.6694,6170,26.367,672.2,470.1,587.6,22.6,610.2,25.49,23.94,0.94051,8.663,10.46,24.92,14,2
64.307,hall_mission,9x4.5,pi5,1.330,26.261,-2.068,0.250,0.675,-0.463,0.855,-4.42,4.02,57.31,0.0000,0.0625,0.6724,0.6765,6189,26.720,681.2,480.8,601.0,22.6,623.6,26.07,23.92,0.94045,8.672,10.22,24.92,14,2
64.355,hall_mission,9x4.5,pi5,1.341,26.284,-2.087,0.245,0.606,-0.426,0.780,-4.83,4.33,51.66,0.0417,0.0933,0.6385,0.6420,6562,25.127,640.6,423.0,528.7,22.6,551.3,22.96,24.01,0.94040,8.679,11.61,24.92,14,2
64.407,hall_mission,9x4.5,pi5,1.359,26.313,-2.114,0.231,0.496,-0.353,0.652,-5.28,4.26,42.23,0.1172,0.1439,0.5862,0.5867,6629,22.846,582.4,345.7,432.2,22.6,454.8,18.84,24.13,0.94035,8.686,14.14,24.92,14,2
64.455,hall_mission,9x4.5,pi5,1.369,26.327,-2.128,0.219,0.434,-0.282,0.561,-5.41,3.88,35.42,0.1845,0.1926,0.5500,0.5509,6788,22.049,562.1,307.9,384.9,22.6,407.5,16.84,24.19,0.94032,8.691,15.82,24.92,14,2
64.507,hall_mission,9x4.5,pi5,1.382,26.342,-2.141,0.198,0.354,-0.164,0.437,-5.39,3.00,24.65,0.2553,0.2547,0.5197,0.5189,7044,22.186,565.6,290.3,362.9,22.6,385.5,15.92,24.22,0.94028,8.697,16.74,24.92,14,2
64.555,hall_mission,9x4.5,pi5,1.391,26.349,-2.145,0.183,0.302,-0.079,0.362,-5.26,2.32,17.18,0.3364,0.3328,0.4727,0.4712,7278,22.463,572.7,276.8,345.9,22.6,368.5,15.20,24.24,0.94024,8.702,17.53,24.92,14,2
64.607,hall_mission,9x4.5,pi5,1.403,26.358,-2.145,0.158,0.229,0.041,0.281,-4.97,1.29,5.78,0.4265,0.4226,0.4131,0.4127,7502,23.435,597.4,287.2,358.9,22.6,381.5,15.75,24.23,0.94021,8.707,16.92,24.92,14,2
64.655,hall_mission,9x4.5,pi5,1.410,26.361,-2.140,0.142,0.187,0.100,0.255,-4.72,0.65,-1.79,0.6637,0.6657,0.1968,0.2005,7689,29.366,748.6,488.0,610.0,22.6,632.6,26.46,23.90,0.94015,8.716,10.07,24.92,14,2
64.707,hall_mission,9x4.5,pi5,1.419,26.363,-2.131,0.119,0.127,0.067,0.187,-4.24,-0.20,-12.37,0.8366,0.8381,0.0041,0.0000,7158,38.561,983.0,849.9,1062.3,22.6,1084.9,46.56,23.30,0.94004,8.731,5.72,24.92,14,2
64.755,hall_mission,9x4.5,pi5,1.424,26.362,-2.129,0.103,0.079,-0.091,0.159,-3.87,-0.67,-18.21,0.7670,0.7659,0.0115,0.0000,6671,33.010,841.5,671.3,839.1,22.6,861.7,36.51,23.60,0.93995,8.743,7.30,24.92,14,2
64.807,hall_mission,9x4.5,pi5,1.431,26.358,-2.138,0.083,0.018,-0.247,0.261,-3.28,-1.20,-25.22,0.7233,0.7206,0.0139,0.0000,6357,29.739,758.1,573.1,716.3,22.6,738.9,31.10,23.76,0.93988,8.753,8.57,24.92,14,2
64.855,hall_mission,9x4.5,pi5,1.435,26.353,-2.148,0.074,-0.011,-0.281,0.291,-2.88,-1.42,-28.86,0.7021,0.6998,0.0125,0.0000,6200,28.247,720.1,530.3,662.9,22.6,685.5,28.76,23.83,0.93982,8.763,9.26,24.92,14,2
64.907,hall_mission,9x4.5,pi5,1.440,26.346,-2.164,0.064,-0.045,-0.287,0.297,-2.33,-1.56,-32.94,0.6924,0.6905,0.0097,0.0000,6120,27.570,702.8,511.5,639.4,22.6,662.0,27.74,23.86,0.93975,8.772,9.60,24.92,14,2
64.955,hall_mission,9x4.5,pi5,1.444,26.340,-2.176,0.058,-0.065,-0.277,0.290,-1.99,-1.53,-34.79,0.6913,0.6892,0.0040,0.0000,6091,27.459,700.0,509.0,636.3,22.6,658.9,27.61,23.87,0.93969,8.781,9.64,24.92,14,2
65.007,hall_mission,9x4.5,pi5,1.450,26.329,-2.194,0.051,-0.090,-0.253,0.274,-1.56,-1.34,-36.28,0.6905,0.6892,0.0000,0.0003,6075,27.420,699.0,508.4,635.5,22.6,658.1,27.57,23.87,0.93962,8.790,9.66,24.92,14,2
65.055,hall_mission,9x4.5,pi5,1.454,26.321,-2.204,0.047,-0.103,-0.237,0.263,-1.32,-1.14,-36.43,0.6873,0.6867,0.0000,0.0035,6066,27.235,694.3,502.9,628.6,22.6,651.2,27.27,23.87,0.93956,8.799,9.76,24.92,14,2
65.107,hall_mission,9x4.5,pi5,1.459,26.311,-2.217,0.042,-0.115,-0.214,0.246,-1.01,-0.78,-35.42,0.6847,0.6852,0.0000,0.0070,6064,27.108,691.1,498.9,623.7,22.6,646.3,27.06,23.88,0.93950,8.808,9.84,24.92,14,2
65.155,hall_mission,9x4.5,pi5,1.463,26.304,-2.225,0.038,-0.120,-0.195,0.233,-0.85,-0.53,-33.94,0.6848,0.6842,0.0000,0.0096,6070,27.092,690.7,498.2,622.7,22.6,645.3,27.02,23.88,0.93944,8.817,9.85,24.92,14,2
65.207,hall_mission,9x4.5,pi5,1.469,26.293,-2.236,0.031,-0.125,-0.166,0.210,-0.64,-0.14,-30.53,0.6853,0.6851,0.0000,0.0110,6081,27.149,692.1,499.6,624.5,22.6,647.1,27.10,23.88,0.93937,8.826,9.82,24.92,14,2
65.255,hall_mission,9x4.5,pi5,1.473,26.286,-2.242,0.027,-0.126,-0.149,0.197,-0.52,0.10,-27.46,0.6863,0.6871,0.0000,0.0107,6090,27.246,694.6,502.3,627.9,22.6,650.5,27.25,23.87,0.93931,8.835,9.77,24.92,14,2
65.307,hall_mission,9x4.5,pi5,1.478,26.277,-2.249,0.018,-0.125,-0.128,0.180,-0.37,0.41,-21.71,0.6874,0.6887,0.0000,0.0102,6098,27.337,696.9,504.9,631.2,22.6,653.8,27.39,23.87,0.93924,8.844,9.72,24.92,14,2
65.355,hall_mission,9x4.5,pi5,1.482,26.271,-2.253,0.012,-0.123,-0.115,0.169,-0.27,0.59,-17.11,0.6883,0.6891,0.0000,0.0102,6103,27.383,698.1,506.2,632.8,22.6,655.4,27.46,23.87,0.93918,8.853,9.69,24.92,14,2
65.407,hall_mission,9x4.5,pi5,1.487,26.262,-2.259,0.001,-0.118,-0.093,0.151,-0.12,0.79,-9.07,0.6274,0.6284,0.0634,0.0716,6473,24.309,619.7,402.1,502.6,22.6,525.2,21.85,24.03,0.93913,8.861,12.18,24.92,14,2
65.455,hall_mission,9x4.5,pi5,1.490,26.257,-2.261,-0.006,-0.115,-0.056,0.128,-0.03,0.89,-3.04,0.5783,0.5790,0.1277,0.1325,6569,22.366,570.2,334.3,417.9,22.6,440.5,18.25,24.14,0.93909,8.867,14.58,24.92,14,2
65.507,hall_mission,9x4.5,pi5,1.493,26.251,-2.260,-0.016,-0.111,0.034,0.117,0.10,0.95,6.77,0.5433,0.5439,0.1967,0.1978,6801,21.880,557.8,301.3,376.6,22.6,399.2,16.50,24.19,0.93905,8.872,16.13,24.92,14,2
65.555,hall_mission,9x4.5,pi5,1.495,26.247,-2.256,-0.022,-0.109,0.110,0.156,0.19,0.96,13.71,0.5222,0.5225,0.2521,0.2527,7048,22.273,567.8,293.0,366.2,22.6,388.8,16.06,24.21,0.93901,8.878,16.56,24.92,14,2
65.607,hall_mission,9x4.5,pi5,1.498,26.241,-2.243,-0.031,-0.105,0.227,0.252,0.32,0.93,24.54,0.4932,0.4931,0.3157,0.3159,7296,22.846,582.4,288.6,360.7,22.6,383.3,15.83,24.21,0.93898,8.883,16.81,24.92,14,2
65.655,hall_mission,9x4.5,pi5,1.500,26.238,-2.232,-0.037,-0.104,0.287,0.307,0.42,0.89,31.96,0.4426,0.4424,0.3980,0.3973,7522,23.596,601.5,290.9,363.6,22.6,386.2,15.95,24.21,0.93894,8.888,16.68,24.92,14,2
65.707,hall_mission,9x4.5,pi5,1.503,26.233,-2.211,-0.044,-0.102,0.350,0.367,0.56,0.80,43.11,0.3765,0.3765,0.4942,0.4939,7742,25.253,643.8,326.9,408.6,22.6,431.2,17.85,24.15,0.93890,8.895,14.90,24.92,14,2
65.755,hall_mission,9x4.5,pi5,1.504,26.230,-2.194,-0.049,-0.100,0.376,0.392,0.65,0.73,50.37,0.3133,0.3133,0.5745,0.5747,7867,27.260,694.9,388.6,485.7,22.6,508.3,21.13,24.05,0.93885,8.901,12.59,24.92,14,2
65.807,hall_mission,9x4.5,pi5,1.506,26.225,-2.165,-0.057,-0.099,0.371,0.388,0.77,0.61,60.64,0.2506,0.2506,0.6433,0.6434,7911,29.428,750.2,467.3,584.1,22.6,606.7,25.36,23.93,0.93879,8.910,10.49,24.92,14,2
65.855,hall_mission,9x4.5,pi5,1.507,26.222,-2.149,-0.062,-0.098,0.339,0.358,0.83,0.52,66.89,0.2027,0.2027,0.6860,0.6852,7871,30.888,787.4,528.0,660.0,22.6,682.6,28.65,23.83,0.93873,8.919,9.28,24.92,14,2
65.907,hall_mission,9x4.5,pi5,1.508,26.219,-2.129,-0.069,-0.097,0.269,0.294,0.90,0.40,75.13,0.1636,0.1635,0.7073,0.7069,7742,31.415,800.9,560.5,700.6,22.6,723.2,30.42,23.77,0.93865,8.930,8.74,24.92,14,2
65.955,hall_mission,9x4.5,pi5,1.509,26.216,-2.118,-0.073,-0.096,0.212,0.244,0.93,0.32,79.80,0.1428,0.1415,0.7094,0.7091,7603,31.094,792.7,560.6,700.7,22.6,723.3,30.43,23.77,0.93859,8.939,8.74,24.92,14,2
66.007,hall_mission,9x4.5,pi5,1.509,26.212,-2.106,-0.080,-0.095,0.130,0.180,0.96,0.23,85.51,0.1355,0.1354,0.6972,0.6979,7469,30.136,768.3,536.1,670.1,22.6,692.7,29.09,23.81,0.93852,8.949,9.14,24.91,14,2
66.055,hall_mission,9x4.5,pi5,1.509,26.210,-2.102,-0.083,-0.095,0.090,0.155,0.96,0.18,88.47,0.1104,0.2004,0.6584,0.7223,7562,30.196,769.8,529.8,662.3,22.6,684.9,28.75,23.82,0.93845,8.958,9.25,24.91,14,2
66.107,hall_mission,9x4.5,pi5,1.508,26.206,-2.100,-0.086,-0.092,0.034,0.130,0.37,-1.05,91.68,0.1565,0.1842,0.6516,0.6605,7422,28.100,716.4,465.7,582.1,22.6,604.7,25.28,23.92,0.93839,8.967,10.52,24.91,14,2
66.155,hall_mission,9x4.5,pi5,1.508,26.204,-2.100,-0.084,-0.079,0.017,0.117,-0.15,-2.81,93.09,0.2002,0.1916,0.6337,0.6128,7369,26.607,678.3,416.5,520.6,22.6,543.2,22.63,24.00,0.93834,8.974,11.75,24.91,14,2
66.207,hall_mission,9x4.5,pi5,1.506,26.203,-2.101,-0.076,-0.035,0.030,0.089,-0.78,-5.68,94.26,0.2432,0.2227,0.5922,0.5843,7384,25.464,649.2,373.7,467.1,22.6,489.7,20.34,24.07,0.93829,8.981,13.07,24.91,14,2
66.255,hall_mission,9x4.5,pi5,1.506,26.204,-2.101,-0.070,0.005,0.057,0.091,-1.05,-7.32,94.50,0.2825,0.2628,0.5666,0.5495,7453,24.913,635.1,346.7,433.4,22.6,456.0,18.91,24.11,0.93825,8.988,14.06,24.91,14,2
66.307,hall_mission,9x4.5,pi5,1.506,26.209,-2.098,-0.062,0.072,0.108,0.144,-1.27,-9.17,94.21,0.3270,0.3113,0.5356,0.5227,7580,24.891,634.5,332.1,415.1,22.6,437.7,18.13,24.14,0.93821,8.994,14.66,24.91,14,2
66.355,hall_mission,9x4.5,pi5,1.506,26.216,-2.094,-0.055,0.125,0.147,0.201,-1.32,-10.01,93.67,0.3668,0.3551,0.5104,0.4993,7707,25.185,642.0,328.4,410.5,22.6,433.1,17.94,24.14,0.93817,9.000,14.81,24.91,14,2
66.407,hall_mission,9x4.5,pi5,1.506,26.232,-2.084,-0.044,0.216,0.205,0.301,-1.24,-10.78,92.49,0.4053,0.3992,0.4846,0.4772,7833,25.680,654.7,332.0,414.9,22.6,437.5,18.13,24.14,0.93812,9.006,14.66,24.91,14,2
66.455,hall_mission,9x4.5,pi5,1.507,26.245,-2.075,-0.037,0.274,0.235,0.362,-1.13,-11.03,91.56,0.4588,0.3903,0.4986,0.4236,7851,25.803,657.8,334.4,418.0,22.6,440.6,18.26,24.13,0.93808,9.012,14.55,24.91,14,2
66.507,hall_mission,9x4.5,pi5,1.508,26.269,-2.061,-0.026,0.352,0.270,0.445,-0.92,-10.11,90.05,0.4524,0.4395,0.4603,0.4595,7998,26.634,679.0,348.0,435.0,22.6,457.6,18.98,24.11,0.93804,9.018,14.00,24.91,14,2
66.555,hall_mission,9x4.5,pi5,1.510,26.289,-2.049,-0.019,0.398,0.286,0.491,-0.77,-8.46,89.02,0.4565,0.4597,0.4569,0.4650,8093,27.269,695.2,360.4,450.5,22.6,473.1,19.64,24.09,0.93799,9.025,13.53,24.91,14,2
66.607,hall_mission,9x4.5,pi5,1.512,26.324,-2.030,-0.009,0.448,0.294,0.535,-0.65,-5.70,87.49,0.4568,0.4657,0.4622,0.4720,8160,27.725,706.8,369.5,461.9,22.6,484.5,20.12,24.08,0.93794,9.032,13.20,24.91,14,2
66.651,hall_mission,9x4.5,pi5,1.513,26.348,-2.018,-0.003,0.462,0.290,0.546,-0.64,-4.00,86.50,0.4562,0.4668,0.4666,0.4790,8204,28.024,714.4,375.5,469.4,22.6,492.0,20.45,24.07,0.93790,9.038,12.99,24.91,14,2
66.699,hall_mission,9x4.5,pi5,1.515,26.381,-2.001,0.005,0.465,0.278,0.542,-0.69,-1.87,85.02,0.4513,0.4628,0.4750,0.4865,8229,28.207,719.1,379.4,474.3,22.6,496.9,20.65,24.06,0.93786,9.044,12.86,24.91,14,2
66.751,hall_mission,9x4.5,pi5,1.516,26.405,-1.990,0.010,0.457,0.266,0.529,-0.75,-0.74,84.03,0.4483,0.4573,0.4821,0.4916,8243,28.311,721.7,381.8,477.2,22.6,499.8,20.78,24.05,0.93781,9.052,12.78,24.91,14,2
66.799,hall_mission,9x4.5,pi5,1.518,26.440,-1.974,0.017,0.429,0.245,0.494,-0.87,0.57,82.49,0.4436,0.4517,0.4897,0.4961,8249,28.375,723.4,383.5,479.3,22.6,501.9,20.87,24.05,0.93776,9.058,12.73,24.91,14,2
66.851,hall_mission,9x4.5,pi5,1.520,26.461,-1.965,0.021,0.405,0.231,0.467,-0.95,1.22,81.42,0.4424,0.4494,0.4925,0.4976,8252,28.400,724.0,384.1,480.1,22.6,502.7,20.90,24.05,0.93771,9.066,12.70,24.91,14,2
66.903,hall_mission,9x4.5,pi5,1.522,26.487,-1.953,0.026,0.366,0.213,0.425,-1.07,1.92,79.71,0.4404,0.4456,0.4955,0.5005,8252,28.418,724.5,384.7,480.9,22.6,503.5,20.94,24.05,0.93766,9.073,12.68,24.91,14,2
66.951,hall_mission,9x4.5,pi5,1.524,26.503,-1.945,0.029,0.336,0.201,0.392,-1.15,2.24,78.50,0.4402,0.4450,0.4969,0.4996,8251,28.412,724.3,384.6,480.8,22.6,503.4,20.93,24.05,0.93761,9.080,12.69,24.91,14,2
66.999,hall_mission,9x4.5,pi5,1.526,26.518,-1.938,0.032,0.304,0.189,0.359,-1.25,2.55,76.58,0.4398,0.4437,0.4981,0.4999,8251,28.410,724.3,384.7,480.8,22.6,503.4,20.93,24.05,0.93757,9.086,12.68,24.91,14,2
67.051,hall_mission,9x4.5,pi5,1.529,26.538,-1.928,0.036,0.252,0.171,0.307,-1.31,2.65,75.23,0.4743,0.4786,0.4629,0.4652,8249,28.328,722.2,381.6,477.0,22.6,499.6,20.77,24.05,0.93752,9.093,12.78,24.91,14,2
67.099,hall_mission,9x4.5,pi5,1.532,26.551,-1.920,0.039,0.207,0.149,0.258,-1.38,2.71,73.19,0.5589,0.5613,0.3765,0.3787,8228,28.915,737.1,408.1,510.1,22.6,532.7,22.19,24.01,0.93747,9.101,11.97,24.91,14,2
67.151,hall_mission,9x4.5,pi5,1.535,26.559,-1.916,0.041,0.175,0.122,0.217,-1.39,2.69,72.04,0.6216,0.6222,0.3064,0.3084,8167,29.933,763.1,456.9,571.1,22.6,593.7,24.81,23.93,0.93741,9.109,10.70,24.91,14,2
67.199,hall_mission,9x4.5,pi5,1.539,26.568,-1.912,0.044,0.125,0.067,0.148,-1.36,2.62,70.97,0.6400,0.6409,0.2754,0.2766,8074,30.045,765.9,472.7,590.9,22.6,613.5,25.66,23.90,0.93735,9.117,10.34,24.91,14,2
67.251,hall_mission,9x4.5,pi5,1.541,26.571,-1.911,0.045,0.096,0.034,0.111,-1.31,2.55,70.79,0.6302,0.6304,0.2711,0.2717,7967,29.244,745.5,453.7,567.2,22.6,589.8,24.64,23.93,0.93729,9.126,10.77,24.91,14,2
67.299,hall_mission,9x4.5,pi5,1.545,26.573,-1.913,0.046,0.058,0.004,0.074,-1.18,2.43,71.32,0.6046,0.6060,0.2871,0.2886,7905,28.221,719.4,421.2,526.5,22.6,549.1,22.89,23.99,0.93724,9.133,11.59,24.91,14,2
67.351,hall_mission,9x4.5,pi5,1.548,26.573,-1.915,0.046,0.034,-0.005,0.058,-1.07,2.33,72.15,0.5698,0.5694,0.3196,0.3199,7878,27.202,693.5,385.0,481.3,22.6,503.9,20.96,24.04,0.93719,9.140,12.66,24.91,14,2
67.403,hall_mission,9x4.5,pi5,1.552,26.571,-1.919,0.047,0.000,0.001,0.047,-0.89,2.18,73.97,0.5312,0.5320,0.3593,0.3598,7891,26.572,677.4,359.1,448.8,22.6,471.4,19.57,24.09,0.93714,9.147,13.56,24.91,14,2
67.451,hall_mission,9x4.5,pi5,1.554,26.569,-1.921,0.046,-0.019,0.014,0.052,-0.76,2.08,75.46,0.4987,0.4979,0.3983,0.3989,7933,26.416,673.4,347.8,434.8,22.6,457.4,18.98,24.10,0.93710,9.153,13.98,24.91,14,2
67.499,hall_mission,9x4.5,pi5,1.557,26.565,-1.922,0.046,-0.042,0.036,0.072,-0.58,1.91,77.94,0.4687,0.4683,0.4356,0.4359,7986,26.574,677.5,347.1,433.9,22.6,456.5,18.94,24.10,0.93706,9.159,14.01,24.91,14,2
67.551,hall_mission,9x4.5,pi5,1.560,26.561,-1.921,0.045,-0.058,0.050,0.089,-0.46,1.80,79.65,0.4412,0.4410,0.4703,0.4709,8040,26.927,686.5,354.0,442.5,22.6,465.1,19.30,24.09,0.93701,9.166,13.74,24.91,14,2
67.599,hall_mission,9x4.5,pi5,1.563,26.553,-1.919,0.043,-0.079,0.066,0.112,-0.31,1.62,82.15,0.4214,0.4209,0.4965,0.4966,8083,27.325,696.6,363.9,454.9,22.6,477.5,19.83,24.08,0.93697,9.173,13.38,24.91,14,2
67.651,hall_mission,9x4.5,pi5,1.565,26.547,-1.918,0.042,-0.091,0.071,0.123,-0.22,1.49,83.70,0.4058,0.4052,0.5166,0.5173,8118,27.708,706.4,374.5,468.1,22.6,490.7,20.40,24.06,0.93692,9.180,13.01,24.91,14,2
67.699,hall_mission,9x4.5,pi5,1.567,26.539,-1.915,0.040,-0.105,0.072,0.134,-0.11,1.30,85.77,0.3971,0.3955,0.5282,0.5291,8136,27.941,712.3,381.4,476.7,22.6,499.3,20.76,24.05,0.93687,9.186,12.78,24.91,14,2
67.751,hall_mission,9x4.5,pi5,1.569,26.533,-1.913,0.039,-0.114,0.068,0.138,-0.05,1.16,86.95,0.3668,0.4473,0.5192,0.5808,8369,29.714,757.5,421.2,526.5,22.6,549.1,22.89,23.98,0.93682,9.194,11.59,24.91,14,2
67.799,hall_mission,9x4.5,pi5,1.571,26.526,-1.911,0.038,-0.121,0.043,0.134,-0.08,-0.49,88.36,0.4037,0.4008,0.5437,0.5468,8299,29.122,742.4,406.8,508.5,22.6,531.1,22.12,24.01,0.93677,9.201,11.99,24.91,14,2
67.851,hall_mission,9x4.5,pi5,1.574,26.516,-1.910,0.037,-0.111,0.008,0.118,-0.07,-2.54,89.08,0.4092,0.3934,0.5424,0.5286,8222,28.542,727.6,393.9,492.4,22.6,515.0,21.43,24.03,0.93672,9.209,12.37,24.91,14,2
67.899,hall_mission,9x4.5,pi5,1.576,26.509,-1.911,0.037,-0.074,-0.005,0.083,-0.10,-5.60,89.82,0.4147,0.3961,0.5324,0.5185,8179,28.167,718.1,384.7,480.9,22.6,503.5,20.94,24.04,0.93667,9.215,12.66,24.91,14,2
67.951,hall_mission,9x4.5,pi5,1.578,26.506,-1.911,0.037,-0.033,-0.007,0.050,-0.13,-7.28,90.12,0.4228,0.4046,0.5215,0.5067,8156,27.922,711.8,377.9,472.4,22.6,495.0,20.58,24.05,0.93662,9.223,12.88,24.91,14,2
67.999,hall_mission,9x4.5,pi5,1.580,26.506,-1.912,0.037,0.050,-0.001,0.062,-0.17,-9.15,90.33,0.4301,0.4164,0.5094,0.4981,8151,27.804,708.8,373.9,467.4,22.6,490.0,20.37,24.06,0.93657,9.229,13.02,24.91,14,2
68.051,hall_mission,9x4.5,pi5,1.582,26.510,-1.913,0.037,0.108,0.006,0.115,-0.18,-9.97,90.34,0.4402,0.4292,0.4984,0.4886,8160,27.794,708.6,372.4,465.5,22.6,488.1,20.29,24.06,0.93653,9.236,13.07,24.91,14,2
68.099,hall_mission,9x4.5,pi5,1.585,26.521,-1.913,0.037,0.194,0.017,0.199,-0.18,-10.70,90.21,0.4492,0.4410,0.4888,0.4814,8174,27.852,710.0,372.7,465.9,22.6,488.5,20.31,24.06,0.93648,9.243,13.06,24.91,14,2
68.151,hall_mission,9x4.5,pi5,1.586,26.533,-1.912,0.038,0.257,0.025,0.261,-0.16,-10.92,90.06,0.4584,0.4523,0.4795,0.4750,8191,27.945,712.4,374.1,467.6,22.6,490.2,20.38,24.06,0.93643,9.250,13.01,24.91,14,2
68.199,hall_mission,9x4.5,pi5,1.588,26.559,-1.911,0.037,0.355,0.034,0.358,-0.12,-10.96,89.81,0.4649,0.4620,0.4728,0.4701,8208,28.051,715.1,376.0,470.0,22.6,492.6,20.48,24.05,0.93639,9.256,12.94,24.91,14,2
68.251,hall_mission,9x4.5,pi5,1.589,26.578,-1.910,0.037,0.413,0.039,0.416,-0.08,-10.84,89.63,0.4715,0.4698,0.4679,0.4656,8226,28.172,718.2,378.4,473.0,22.6,495.6,20.61,24.05,0.93634,9.263,12.86,24.91,14,2
68.299,hall_mission,9x4.5,pi5,1.590,26.601,-1.908,0.037,0.468,0.042,0.471,-0.05,-10.64,89.46,0.4756,0.4752,0.4642,0.4632,8239,28.261,720.4,380.3,475.3,22.6,497.9,20.71,24.04,0.93629,9.270,12.80,24.91,14,2
68.351,hall_mission,9x4.5,pi5,1.591,26.636,-1.906,0.036,0.540,0.044,0.543,-0.01,-10.24,89.24,0.4785,0.4792,0.4612,0.4622,8249,28.335,722.3,381.8,477.3,22.6,499.9,20.79,24.04,0.93624,9.277,12.75,24.91,14,2
68.399,hall_mission,9x4.5,pi5,1.591,26.664,-1.905,0.035,0.587,0.045,0.590,0.01,-9.93,89.12,0.4807,0.4809,0.4602,0.4616,8257,28.393,723.8,383.1,478.8,22.6,501.4,20.86,24.04,0.93619,9.284,12.71,24.91,14,2
68.451,hall_mission,9x4.5,pi5,1.591,26.713,-1.902,0.033,0.654,0.043,0.657,0.02,-9.44,89.00,0.4808,0.4822,0.4604,0.4617,8264,28.438,725.0,384.0,480.0,22.6,502.6,20.91,24.04,0.93614,9.291,12.68,24.91,14,2
68.499,hall_mission,9x4.5,pi5,1.591,26.759,-1.900,0.031,0.706,0.040,0.707,0.01,-8.96,88.95,0.4802,0.4820,0.4609,0.4628,8267,28.457,725.5,384.3,480.4,22.6,503.0,20.93,24.04,0.93610,9.298,12.66,24.91,14,2
68.551,hall_mission,9x4.5,pi5,1.591,26.794,-1.899,0.029,0.738,0.038,0.739,0.00,-8.64,88.95,0.4787,0.4812,0.4626,0.4637,8268,28.463,725.6,384.4,480.5,22.6,503.1,20.93,24.04,0.93605,9.305,12.66,24.91,14,2
68.599,hall_mission,9x4.5,pi5,1.590,26.851,-1.897,0.027,0.783,0.032,0.784,-0.03,-8.20,88.99,0.4772,0.4795,0.4637,0.4655,8267,28.454,725.4,384.2,480.2,22.6,502.8,20.92,24.04,0.93600,9.312,12.66,24.91,14,2
68.651,hall_mission,9x4.5,pi5,1.589,26.889,-1.896,0.026,0.807,0.029,0.808,-0.05,-7.93,89.04,0.4751,0.4778,0.4656,0.4668,8264,28.432,724.8,383.7,479.7,22.6,502.3,20.90,24.04,0.93595,9.319,12.68,24.91,14,2
68.699,hall_mission,9x4.5,pi5,1.589,26.942,-1.896,0.024,0.836,0.024,0.837,-0.09,-7.56,89.13,0.4733,0.4759,0.4667,0.4684,8260,28.407,724.2,383.2,479.0,22.6,501.6,20.87,24.04,0.93590,9.326,12.69,24.91,14,2
68.751,hall_mission,9x4.5,pi5,1.588,26.981,-1.896,0.023,0.854,0.021,0.854,-0.12,-7.35,89.20,0.4717,0.4738,0.4679,0.4700,8258,28.387,723.7,382.8,478.5,22.6,501.1,20.85,24.04,0.93585,9.333,12.71,24.91,14,2
68.799,hall_mission,9x4.5,pi5,1.587,27.044,-1.896,0.022,0.877,0.016,0.877,-0.15,-7.06,89.31,0.4699,0.4727,0.4692,0.4711,8255,28.372,723.3,382.5,478.1,22.6,500.7,20.83,24.04,0.93581,9.340,12.72,24.91,14,2
68.851,hall_mission,9x4.5,pi5,1.587,27.083,-1.896,0.022,0.889,0.013,0.889,-0.18,-6.90,89.38,0.4688,0.4713,0.4700,0.4721,8253,28.355,722.8,382.1,477.6,22.6,500.2,20.81,24.04,0.93576,9.347,12.73,24.91,14,2
68.899,hall_mission,9x4.5,pi5,1.586,27.139,-1.896,0.022,0.903,0.010,0.903,-0.21,-6.69,89.48,0.4674,0.4708,0.4707,0.4726,8251,28.341,722.5,381.8,477.3,22.6,499.9,20.80,24.04,0.93571,9.354,12.74,24.91,14,2
68.951,hall_mission,9x4.5,pi5,1.586,27.178,-1.897,0.021,0.911,0.007,0.911,-0.22,-6.58,89.54,0.4675,0.4693,0.4709,0.4732,8248,28.323,722.0,381.5,476.8,22.6,499.4,20.78,24.04,0.93566,9.361,12.75,24.91,14,2
68.999,hall_mission,9x4.5,pi5,1.586,27.242,-1.898,0.022,0.921,0.004,0.921,-0.24,-6.44,89.61,0.4666,0.4694,0.4707,0.4734,8246,28.304,721.6,381.1,476.4,22.6,499.0,20.76,24.04,0.93561,9.368,12.76,24.90,14,2
69.051,hall_mission,9x4.5,pi5,1.586,27.281,-1.899,0.022,0.926,0.002,0.926,-0.25,-6.36,89.65,0.4665,0.4692,0.4711,0.4726,8243,28.286,721.1,380.7,475.9,22.6,498.5,20.74,24.04,0.93557,9.375,12.77,24.90,14,2
69.099,hall_mission,9x4.5,pi5,1.586,27.336,-1.901,0.023,0.931,-0.000,0.931,-0.26,-6.27,89.69,0.4669,0.4689,0.4712,0.4716,8240,28.270,720.7,380.4,475.5,22.6,498.1,20.72,24.04,0.93552,9.381,12.78,24.90,14,2
69.151,hall_mission,9x4.5,pi5,1.587,27.375,-1.902,0.024,0.934,-0.002,0.935,-0.25,-6.23,89.70,0.4667,0.4697,0.4699,0.4719,8239,28.257,720.4,380.1,475.2,22.6,497.8,20.71,24.04,0.93547,9.389,12.79,24.90,14,2
69.199,hall_mission,9x4.5,pi5,1.587,27.437,-1.904,0.024,0.938,-0.004,0.938,-0.25,-6.19,89.72,0.4675,0.4694,0.4696,0.4711,8237,28.245,720.1,379.9,474.9,22.6,497.5,20.70,24.04,0.93542,9.395,12.79,24.90,14,2
69.251,hall_mission,9x4.5,pi5,1.588,27.476,-1.905,0.025,0.940,-0.005,0.940,-0.24,-6.17,89.72,0.4674,0.4702,0.4692,0.4705,8235,28.233,719.7,379.6,474.6,22.6,497.2,20.68,24.04,0.93537,9.402,12.80,24.90,14,2
69.299,hall_mission,9x4.5,pi5,1.588,27.529,-1.907,0.026,0.941,-0.006,0.942,-0.23,-6.15,89.73,0.4675,0.4706,0.4684,0.4704,8234,28.226,719.6,379.5,474.4,22.6,497.0,20.68,24.04,0.93533,9.409,12.80,24.90,14,2
69.351,hall_mission,9x4.5,pi5,1.589,27.568,-1.908,0.026,0.942,-0.007,0.943,-0.23,-6.15,89.73,0.4683,0.4705,0.4680,0.4698,8233,28.216,719.3,379.3,474.1,22.6,496.7,20.67,24.04,0.93528,9.416,12.81,24.90,14,2
69.399,hall_mission,9x4.5,pi5,1.590,27.628,-1.911,0.027,0.943,-0.008,0.944,-0.22,-6.15,89.72,0.4685,0.4709,0.4683,0.4688,8232,28.213,719.2,379.3,474.1,22.6,496.7,20.66,24.04,0.93523,9.423,12.81,24.90,14,2
69.451,hall_mission,9x4.5,pi5,1.591,27.666,-1.912,0.027,0.944,-0.009,0.945,-0.21,-6.16,89.72,0.4691,0.4708,0.4673,0.4693,8232,28.215,719.3,379.3,474.1,22.6,496.7,20.66,24.04,0.93518,9.430,12.81,24.90,14,2
69.499,hall_mission,9x4.5,pi5,1.592,27.704,-1.913,0.027,0.945,-0.009,0.945,-0.20,-6.17,89.72,0.4688,0.4716,0.4673,0.4690,8233,28.220,719.4,379.4,474.2,22.6,496.8,20.67,24.04,0.93514,9.437,12.80,24.90,14,2
69.551,hall_mission,9x4.5,pi5,1.593,27.757,-1.914,0.027,0.946,-0.009,0.946,-0.18,-6.19,89.73,0.4693,0.4713,0.4676,0.4687,8234,28.224,719.5,379.5,474.3,22.6,496.9,20.68,24.03,0.93509,9.444,12.80,24.90,14,2
70.614,hall_mission,9x4.5,pi5,1.593,27.794,-1.915,0.027,0.946,-0.010,0.947,-0.18,-6.20,89.73,0.4695,0.4712,0.4676,0.4686,8234,28.225,719.5,379.5,474.4,22.6,497.0,20.68,24.03,0.93407,9.591,12.78,24.90,14,2
70.667,hall_mission,9x4.5,pi5,1.594,27.855,-1.917,0.027,0.948,-0.011,0.948,-0.17,-6.23,89.75,0.4688,0.4718,0.4669,0.4695,8234,28.225,719.5,379.5,474.4,22.6,497.0,20.68,24.03,0.93402,9.598,12.77,24.90,14,2
70.715,hall_mission,9x4.5,pi5,1.595,27.893,-1.918,0.027,0.949,-0.011,0.949,-0.16,-6.24,89.76,0.4694,0.4709,0.4676,0.4691,8234,28.227,719.6,379.5,474.4,22.6,497.0,20.69,24.03,0.93397,9.604,12.77,24.90,14,2
70.767,hall_mission,9x4.5,pi5,1.596,27.946,-1.920,0.028,0.950,-0.012,0.951,-0.16,-6.27,89.79,0.4810,0.4934,0.4593,0.4440,8237,28.274,720.8,381.1,476.4,22.6,499.0,20.77,24.02,0.93392,9.612,12.72,24.90,14,2
70.815,hall_mission,9x4.5,pi5,1.598,27.984,-1.920,0.028,0.951,-0.014,0.952,-0.03,-6.29,89.82,0.5223,0.5257,0.4123,0.4146,8227,28.442,725.1,389.2,486.5,22.6,509.1,21.21,24.01,0.93388,9.618,12.46,24.90,14,2
70.867,hall_mission,9x4.5,pi5,1.599,28.045,-1.922,0.025,0.955,-0.025,0.955,0.46,-6.26,90.05,0.5465,0.5452,0.3854,0.3896,8197,28.520,727.1,396.4,495.5,22.6,518.1,21.59,24.00,0.93382,9.626,12.24,24.90,14,2
70.915,hall_mission,9x4.5,pi5,1.600,28.083,-1.924,0.020,0.957,-0.033,0.957,0.81,-6.23,90.40,0.5483,0.5473,0.3798,0.3844,8172,28.402,724.1,395.0,493.8,22.6,516.4,21.52,24.00,0.93378,9.633,12.28,24.90,14,2
70.967,hall_mission,9x4.5,pi5,1.601,28.137,-1.927,0.009,0.958,-0.038,0.959,1.20,-6.20,91.30,0.5371,0.5366,0.3879,0.3941,8157,28.163,718.0,387.5,484.4,22.6,507.0,21.11,24.01,0.93372,9.640,12.51,24.90,14,2
71.014,hall_mission,9x4.5,pi5,1.601,28.175,-1.929,-0.001,0.959,-0.039,0.960,1.36,-6.19,92.12,0.5196,0.5193,0.4053,0.4094,8149,27.920,711.8,378.8,473.5,22.6,496.1,20.65,24.02,0.93368,9.647,12.79,24.90,14,2
71.066,hall_mission,9x4.5,pi5,1.600,28.237,-1.933,-0.018,0.959,-0.038,0.960,1.45,-6.20,93.64,0.4976,0.4971,0.4269,0.4317,8148,27.741,707.2,371.8,464.8,22.6,487.4,20.28,24.03,0.93363,9.654,13.02,24.90,14,2
71.115,hall_mission,9x4.5,pi5,1.599,28.275,-1.935,-0.030,0.959,-0.034,0.960,1.42,-6.22,94.78,0.4766,0.4776,0.4490,0.4519,8155,27.700,706.2,369.3,461.6,22.6,484.2,20.14,24.04,0.93359,9.660,13.11,24.90,14,2
71.167,hall_mission,9x4.5,pi5,1.596,28.329,-1.938,-0.046,0.959,-0.029,0.960,1.29,-6.27,96.57,0.4666,0.4796,0.4611,0.4519,8170,27.795,708.6,371.0,463.8,22.6,486.4,20.24,24.04,0.93354,9.667,13.05,24.90,14,2
71.215,hall_mission,9x4.5,pi5,1.593,28.368,-1.939,-0.058,0.958,-0.024,0.960,1.28,-6.27,97.78,0.4909,0.4941,0.4378,0.4400,8183,27.936,712.2,374.9,468.7,22.6,491.3,20.45,24.03,0.93349,9.674,12.92,24.90,14,2
71.267,hall_mission,9x4.5,pi5,1.587,28.430,-1.941,-0.078,0.957,-0.019,0.960,1.50,-6.25,99.66,0.5023,0.5014,0.4275,0.4333,8189,28.029,714.5,377.8,472.2,22.6,494.8,20.60,24.02,0.93344,9.681,12.82,24.90,14,2
71.315,hall_mission,9x4.5,pi5,1.583,28.468,-1.941,-0.093,0.955,-0.018,0.960,1.66,-6.24,101.00,0.4973,0.4982,0.4330,0.4378,8195,28.045,714.9,377.6,472.0,22.6,494.6,20.59,24.02,0.93340,9.688,12.82,24.90,14,2
71.367,hall_mission,9x4.5,pi5,1.575,28.521,-1.942,-0.116,0.952,-0.015,0.959,1.77,-6.25,103.12,0.4854,0.4838,0.4470,0.4521,8203,28.039,714.8,376.3,470.3,22.6,492.9,20.52,24.02,0.93335,9.695,12.87,24.90,14,2
71.415,hall_mission,9x4.5,pi5,1.565,28.581,-1.942,-0.143,0.947,-0.013,0.957,1.73,-6.29,105.34,0.4684,0.4689,0.4642,0.4680,8207,28.042,714.9,375.8,469.8,22.6,492.4,20.49,24.03,0.93330,9.701,12.88,24.90,14,2
71.467,hall_mission,9x4.5,pi5,1.557,28.619,-1.942,-0.160,0.943,-0.013,0.957,1.64,-6.32,106.82,0.4511,0.4509,0.4828,0.4860,8212,28.096,716.3,377.4,471.7,22.6,494.3,20.58,24.02,0.93325,9.708,12.83,24.90,14,2
71.515,hall_mission,9x4.5,pi5,1.548,28.656,-1.942,-0.177,0.940,-0.013,0.957,1.51,-6.35,108.26,0.4365,0.4362,0.4981,0.5004,8213,28.168,718.1,380.1,475.1,22.6,497.7,20.72,24.02,0.93320,9.715,12.74,24.90,14,2
71.567,hall_mission,9x4.5,pi5,1.535,28.707,-1.942,-0.200,0.935,-0.015,0.956,1.26,-6.39,110.27,0.4236,0.4236,0.5105,0.5131,8212,28.243,720.0,383.3,479.1,22.6,501.7,20.89,24.01,0.93315,9.722,12.63,24.90,14,2
71.615,hall_mission,9x4.5,pi5,1.524,28.744,-1.942,-0.215,0.932,-0.016,0.957,1.07,-6.42,111.48,0.4145,0.4164,0.5190,0.5202,8209,28.294,721.3,385.6,482.0,22.6,504.6,21.02,24.01,0.93311,9.729,12.56,24.90,14,2
71.667,hall_mission,9x4.5,pi5,1.506,28.802,-1.942,-0.237,0.927,-0.019,0.958,0.78,-6.44,113.06,0.4160,0.4323,0.5182,0.5033,8208,28.218,719.4,382.8,478.4,22.6,501.0,20.87,24.01,0.93306,9.736,12.65,24.90,14,2
71.715,hall_mission,9x4.5,pi5,1.489,28.853,-1.942,-0.255,0.924,-0.022,0.959,0.72,-6.43,114.34,0.4568,0.4604,0.4743,0.4770,8203,28.021,714.3,375.5,469.4,22.6,492.0,20.48,24.02,0.93301,9.743,12.88,24.90,14,2
71.767,hall_mission,9x4.5,pi5,1.476,28.889,-1.943,-0.268,0.921,-0.024,0.959,0.87,-6.39,115.13,0.4852,0.4841,0.4464,0.4509,8197,27.997,713.7,375.5,469.3,22.6,491.9,20.48,24.02,0.93296,9.750,12.89,24.90,14,2
71.815,hall_mission,9x4.5,pi5,1.454,28.947,-1.943,-0.290,0.914,-0.024,0.959,1.11,-6.35,116.33,0.4936,0.4944,0.4371,0.4412,8195,28.026,714.5,376.8,471.0,22.6,493.6,20.55,24.02,0.93292,9.757,12.84,24.90,14,2
71.867,hall_mission,9x4.5,pi5,1.440,28.982,-1.944,-0.305,0.909,-0.023,0.959,1.21,-6.34,117.20,0.4928,0.4931,0.4383,0.4439,8202,28.065,715.5,377.5,471.8,22.6,494.4,20.58,24.02,0.93287,9.764,12.82,24.90,14,2
71.915,hall_mission,9x4.5,pi5,1.425,29.018,-1.944,-0.320,0.903,-0.020,0.958,1.25,-6.34,118.59,0.4858,0.4853,0.4479,0.4514,8210,28.089,716.1,377.3,471.6,22.6,494.2,20.58,24.02,0.93282,9.770,12.82,24.90,14,2
71.967,hall_mission,9x4.5,pi5,1.403,29.067,-1.945,-0.341,0.894,-0.018,0.957,1.21,-6.35,119.57,0.4739,0.4738,0.4600,0.4640,8215,28.098,716.3,377.0,471.2,22.6,493.8,20.56,24.02,0.93277,9.777,12.83,24.90,14,2
72.015,hall_mission,9x4.5,pi5,1.387,29.102,-1.945,-0.356,0.888,-0.017,0.957,1.12,-6.36,120.57,0.4618,0.4626,0.4724,0.4755,8217,28.113,716.7,377.3,471.6,22.6,494.2,20.58,24.02,0.93273,9.784,12.82,24.89,14,2
72.067,hall_mission,9x4.5,pi5,1.360,29.157,-1.946,-0.379,0.878,-0.017,0.956,0.93,-6.38,122.03,0.4502,0.4507,0.4845,0.4872,8218,28.145,717.5,378.4,473.0,22.6,495.6,20.64,24.02,0.93268,9.791,12.78,24.89,14,2
72.115,hall_mission,9x4.5,pi5,1.342,29.191,-1.947,-0.392,0.872,-0.017,0.956,0.78,-6.39,122.96,0.4405,0.4425,0.4935,0.4959,8218,28.175,718.3,379.7,474.7,22.6,497.3,20.71,24.01,0.93263,9.798,12.74,24.89,14,2
72.167,hall_mission,9x4.5,pi5,1.316,29.238,-1.948,-0.408,0.865,-0.018,0.957,0.54,-6.40,124.24,0.4339,0.4350,0.5006,0.5025,8216,28.200,718.9,381.0,476.2,22.6,498.8,20.77,24.01,0.93258,9.805,12.70,24.89,14,2
72.215,hall_mission,9x4.5,pi5,1.297,29.272,-1.949,-0.419,0.861,-0.018,0.958,0.38,-6.40,124.98,0.4299,0.4311,0.5045,0.5059,8214,28.209,719.1,381.6,477.0,22.6,499.6,20.81,24.01,0.93253,9.812,12.67,24.89,14,2
72.267,hall_mission,9x4.5,pi5,1.266,29.326,-1.951,-0.435,0.855,-0.019,0.960,0.15,-6.40,125.92,0.4283,0.4295,0.5056,0.5070,8211,28.195,718.8,381.5,476.9,22.6,499.5,20.80,24.01,0.93248,9.819,12.68,24.89,14,2
72.315,hall_mission,9x4.5,pi5,1.246,29.361,-1.952,-0.443,0.853,-0.019,0.961,0.01,-6.40,126.42,0.4286,0.4308,0.5050,0.5055,8208,28.175,718.3,381.0,476.2,22.6,498.8,20.78,24.01,0.93244,9.825,12.69,24.89,14,2
72.367,hall_mission,9x4.5,pi5,1.219,29.408,-1.954,-0.454,0.850,-0.018,0.964,-0.16,-6.38,126.99,0.4893,0.4337,0.5092,0.4383,8211,28.157,717.8,380.0,475.0,22.6,497.6,20.72,24.01,0.93239,9.833,12.72,24.89,14,2
72.415,hall_mission,9x4.5,pi5,1.198,29.442,-1.956,-0.460,0.848,-0.023,0.966,-0.20,-5.83,127.27,0.5316,0.5244,0.4004,0.4101,8196,28.295,721.3,387.5,484.4,22.6,507.0,21.13,24.00,0.93234,9.839,12.48,24.89,14,2
72.467,hall_mission,9x4.5,pi5,1.166,29.497,-1.959,-0.462,0.834,-0.039,0.954,-0.08,-3.49,127.83,0.5660,0.5754,0.3520,0.3603,8150,28.659,730.6,408.2,510.3,22.6,532.9,22.24,23.96,0.93229,9.847,11.86,24.89,14,2
72.515,hall_mission,9x4.5,pi5,1.146,29.530,-1.962,-0.454,0.813,-0.052,0.933,0.03,-0.87,128.86,0.5729,0.5847,0.3312,0.3503,8097,28.536,727.5,410.1,512.7,22.6,535.3,22.34,23.96,0.93224,9.854,11.80,24.89,14,2
72.567,hall_mission,9x4.5,pi5,1.119,29.574,-1.967,-0.433,0.769,-0.065,0.885,0.10,0.67,129.88,0.5596,0.5708,0.3402,0.3571,8055,28.042,714.9,395.9,494.9,22.6,517.5,21.58,23.98,0.93219,9.862,12.22,24.89,14,2
72.615,hall_mission,9x4.5,pi5,1.091,29.621,-1.973,-0.395,0.703,-0.066,0.809,0.23,2.48,131.89,0.5352,0.5459,0.3632,0.3772,8033,27.498,701.0,377.4,471.7,22.6,494.3,20.59,24.01,0.93214,9.868,12.80,24.89,14,2
72.667,hall_mission,9x4.5,pi5,1.075,29.648,-1.977,-0.366,0.657,-0.061,0.754,0.34,3.38,133.49,0.5036,0.5134,0.3961,0.4075,8030,27.095,690.7,361.9,452.3,22.6,474.9,19.76,24.04,0.93209,9.875,13.34,24.89,14,2
72.715,hall_mission,9x4.5,pi5,1.060,29.672,-1.980,-0.335,0.608,-0.051,0.696,0.46,4.04,135.23,0.4753,0.4825,0.4292,0.4383,8047,27.001,688.3,356.0,445.0,22.6,467.6,19.44,24.05,0.93205,9.881,13.55,24.89,14,2
72.767,hall_mission,9x4.5,pi5,1.043,29.703,-1.983,-0.289,0.539,-0.035,0.613,0.66,4.69,137.96,0.4470,0.4522,0.4634,0.4697,8072,27.134,691.7,357.8,447.3,22.6,469.9,19.54,24.04,0.93200,9.888,13.48,24.89,14,2
72.815,hall_mission,9x4.5,pi5,1.027,29.732,-1.985,-0.234,0.461,-0.018,0.518,0.87,5.00,140.64,0.4246,0.4295,0.4899,0.4953,8097,27.390,698.2,364.6,455.8,22.6,478.4,19.91,24.03,0.93196,9.895,13.24,24.89,14,2
72.867,hall_mission,9x4.5,pi5,1.019,29.747,-1.986,-0.200,0.413,-0.011,0.459,0.99,5.07,142.32,0.3463,0.4354,0.4917,0.6066,8245,29.080,741.3,412.8,516.0,22.6,538.6,22.48,23.95,0.93190,9.902,11.72,24.89,14,2
72.915,hall_mission,9x4.5,pi5,1.012,29.764,-1.987,-0.154,0.350,-0.031,0.383,0.68,3.64,144.47,0.3089,0.3039,0.6147,0.6417,8206,30.306,772.6,467.1,583.8,22.6,606.4,25.41,23.87,0.93185,9.910,10.37,24.89,14,2
72.967,hall_mission,9x4.5,pi5,1.008,29.774,-1.988,-0.129,0.315,-0.067,0.347,0.19,1.54,145.45,0.2513,0.2355,0.6814,0.6667,8082,31.252,796.7,519.6,649.5,22.6,672.1,28.26,23.78,0.93178,9.920,9.32,24.89,14,2
73.015,hall_mission,9x4.5,pi5,1.004,29.788,-1.995,-0.114,0.290,-0.137,0.340,-0.76,-1.79,146.03,0.2316,0.2097,0.6851,0.6610,7910,30.532,778.4,510.3,637.9,22.6,660.5,27.76,23.79,0.93172,9.929,9.49,24.89,14,2
73.067,hall_mission,9x4.5,pi5,1.002,29.797,-2.002,-0.118,0.291,-0.170,0.357,-1.36,-3.76,145.77,0.2386,0.2163,0.6467,0.6378,7736,28.682,731.2,457.5,571.8,22.6,594.4,24.89,23.88,0.93166,9.938,10.58,24.89,14,2
73.115,hall_mission,9x4.5,pi5,0.999,29.806,-2.010,-0.130,0.303,-0.184,0.377,-1.82,-5.37,145.01,0.2647,0.2486,0.6100,0.5941,7656,27.015,688.7,403.1,503.8,22.6,526.4,21.96,23.97,0.93161,9.945,11.99,24.89,14,2
73.167,hall_mission,9x4.5,pi5,0.994,29.820,-2.021,-0.154,0.329,-0.173,0.403,-2.28,-7.19,143.06,0.3082,0.2980,0.5604,0.5488,7649,25.740,656.2,356.1,445.1,22.6,467.7,19.45,24.04,0.93156,9.951,13.54,24.89,14,2
73.215,hall_mission,9x4.5,pi5,0.986,29.839,-2.033,-0.186,0.369,-0.125,0.432,-2.44,-8.39,140.37,0.3554,0.3496,0.5164,0.5083,7701,25.246,643.6,331.5,414.4,22.6,437.0,18.15,24.08,0.93152,9.957,14.51,24.89,14,2
73.267,hall_mission,9x4.5,pi5,0.979,29.853,-2.038,-0.207,0.397,-0.087,0.456,-2.40,-8.92,138.33,0.4089,0.4053,0.4755,0.4684,7803,25.443,648.6,326.6,408.2,22.6,430.8,17.88,24.09,0.93148,9.963,14.72,24.89,14,2
73.315,hall_mission,9x4.5,pi5,0.971,29.869,-2.041,-0.227,0.426,-0.050,0.485,-2.27,-9.29,136.18,0.4528,0.4522,0.4424,0.4368,7898,25.971,662.1,335.0,418.8,22.6,441.4,18.33,24.07,0.93144,9.969,14.36,24.89,14,2
73.367,hall_mission,9x4.5,pi5,0.958,29.893,-2.042,-0.256,0.470,-0.005,0.535,-1.95,-9.61,132.96,0.4929,0.4928,0.4125,0.4086,7980,26.658,679.6,351.2,439.0,22.6,461.6,19.20,24.05,0.93139,9.976,13.72,24.89,14,2
73.415,hall_mission,9x4.5,pi5,0.940,29.926,-2.041,-0.288,0.522,0.028,0.597,-1.57,-9.71,129.95,0.5216,0.5207,0.3920,0.3893,8041,27.286,695.6,368.0,460.0,22.6,482.6,20.09,24.02,0.93135,9.982,13.10,24.89,14,2
73.467,hall_mission,9x4.5,pi5,0.927,29.949,-2.039,-0.308,0.555,0.040,0.636,-1.31,-9.67,128.15,0.5414,0.5418,0.3771,0.3755,8085,27.807,708.9,382.8,478.6,22.6,501.2,20.88,24.00,0.93130,9.990,12.61,24.89,14,2
73.515,hall_mission,9x4.5,pi5,0.908,29.984,-2.035,-0.334,0.599,0.048,0.688,-0.95,-9.51,125.86,0.5509,0.5519,0.3696,0.3689,8105,28.074,715.7,390.8,488.4,22.6,511.0,21.31,23.98,0.93125,9.996,12.35,24.89,14,2
73.567,hall_mission,9x4.5,pi5,0.893,30.011,-2.032,-0.351,0.629,0.050,0.722,-0.75,-9.34,124.63,0.5536,0.5547,0.3674,0.3691,8118,28.188,718.6,393.7,492.1,22.6,514.7,21.46,23.98,0.93120,10.004,12.26,24.89,14,2
73.615,hall_mission,9x4.5,pi5,0.876,30.039,-2.029,-0.368,0.657,0.051,0.754,-0.50,-9.04,123.24,0.5507,0.5514,0.3720,0.3735,8127,28.194,718.8,392.6,490.8,22.6,513.4,21.41,23.98,0.93115,10.011,12.29,24.89,14,2
73.667,hall_mission,9x4.5,pi5,0.849,30.086,-2.024,-0.391,0.697,0.051,0.801,-0.39,-8.82,122.61,0.5424,0.5436,0.3814,0.3827,8137,28.128,717.1,388.8,485.9,22.6,508.5,21.20,23.99,0.93110,10.018,12.41,24.89,14,2
73.715,hall_mission,9x4.5,pi5,0.831,30.118,-2.021,-0.405,0.719,0.051,0.827,-0.31,-8.60,122.20,0.5316,0.5335,0.3931,0.3939,8144,28.034,714.7,384.0,480.0,22.6,502.6,20.95,23.99,0.93105,10.025,12.56,24.89,14,2
73.767,hall_mission,9x4.5,pi5,0.805,30.162,-2.017,-0.421,0.746,0.050,0.858,-0.25,-8.27,121.93,0.5188,0.5204,0.4066,0.4087,8152,27.943,712.3,379.3,474.1,22.6,496.7,20.69,24.00,0.93100,10.032,12.72,24.89,14,2
73.815,hall_mission,9x4.5,pi5,0.774,30.215,-2.012,-0.438,0.772,0.051,0.889,-0.24,-7.96,122.00,0.5064,0.5080,0.4202,0.4228,8163,27.904,711.3,376.2,470.3,22.6,492.9,20.53,24.00,0.93096,10.039,12.82,24.89,14,2
73.867,hall_mission,9x4.5,pi5,0.755,30.249,-2.010,-0.446,0.786,0.052,0.905,-0.26,-7.77,122.19,0.4934,0.4954,0.4350,0.4376,8177,27.912,711.6,374.7,468.3,22.6,490.9,20.45,24.01,0.93091,10.046,12.87,24.89,14,2
73.915,hall_mission,9x4.5,pi5,0.727,30.297,-2.006,-0.457,0.802,0.053,0.925,-0.31,-7.52,122.63,0.4824,0.4846,0.4475,0.4501,8190,27.948,712.5,374.4,468.1,22.6,490.7,20.44,24.01,0.93086,10.052,12.87,24.89,14,2
73.967,hall_mission,9x4.5,pi5,0.706,30.332,-2.003,-0.463,0.812,0.053,0.936,-0.35,-7.37,122.98,0.4656,0.4546,0.4693,0.4794,8205,28.035,714.7,375.8,469.7,22.6,492.3,20.51,24.00,0.93081,10.059,12.83,24.89,14,2
74.015,hall_mission,9x4.5,pi5,0.674,30.387,-2.000,-0.472,0.826,0.048,0.952,-0.62,-7.18,123.49,0.4197,0.4244,0.5107,0.5144,8206,28.213,719.2,382.8,478.6,22.6,501.2,20.89,23.99,0.93077,10.066,12.59,24.88,14,2
74.067,hall_mission,9x4.5,pi5,0.653,30.422,-1.998,-0.475,0.834,0.041,0.961,-0.94,-7.05,123.73,0.3928,0.3972,0.5374,0.5376,8191,28.373,723.3,391.3,489.2,22.6,511.8,21.34,23.98,0.93072,10.073,12.33,24.88,14,2
74.115,hall_mission,9x4.5,pi5,0.632,30.457,-1.996,-0.476,0.843,0.034,0.969,-1.25,-6.93,123.81,0.3835,0.3894,0.5438,0.5439,8175,28.362,723.0,393.1,491.3,22.6,513.9,21.44,23.97,0.93067,10.080,12.27,24.88,14,2
74.167,hall_mission,9x4.5,pi5,0.604,30.507,-1.994,-0.474,0.855,0.026,0.978,-1.59,-6.79,123.58,0.3875,0.3939,0.5387,0.5377,8165,28.228,719.6,389.0,486.3,22.6,508.9,21.22,23.98,0.93062,10.088,12.39,24.88,14,2
74.215,hall_mission,9x4.5,pi5,0.573,30.563,-1.992,-0.466,0.867,0.022,0.985,-1.77,-6.68,122.94,0.4001,0.4053,0.5251,0.5265,8162,28.062,715.4,382.8,478.5,22.6,501.1,20.89,23.99,0.93057,10.094,12.59,24.88,14,2
74.267,hall_mission,9x4.5,pi5,0.553,30.599,-1.992,-0.460,0.875,0.021,0.989,-1.81,-6.63,122.32,0.4181,0.4226,0.5083,0.5081,8162,27.903,711.3,376.4,470.5,22.6,493.1,20.54,24.00,0.93052,10.101,12.80,24.88,14,2
74.315,hall_mission,9x4.5,pi5,0.527,30.650,-1.990,-0.451,0.885,0.021,0.993,-1.77,-6.60,121.17,0.4366,0.4399,0.4907,0.4912,8167,27.828,709.4,372.7,465.9,22.6,488.5,20.35,24.01,0.93048,10.108,12.92,24.88,14,2
74.367,hall_mission,9x4.5,pi5,0.509,30.686,-1.990,-0.445,0.891,0.022,0.996,-1.69,-6.59,120.32,0.4554,0.4588,0.4727,0.4738,8175,27.828,709.4,371.6,464.5,22.6,487.1,20.29,24.01,0.93043,10.115,12.96,24.88,14,2
74.415,hall_mission,9x4.5,pi5,0.480,30.745,-1.988,-0.434,0.900,0.024,1.000,-1.52,-6.60,118.99,0.4717,0.4735,0.4583,0.4597,8184,27.886,710.9,372.8,465.9,22.6,488.5,20.35,24.01,0.93038,10.121,12.92,24.88,14,2
74.467,hall_mission,9x4.5,pi5,0.463,30.782,-1.987,-0.428,0.905,0.025,1.002,-1.39,-6.61,118.13,0.4852,0.4873,0.4463,0.4469,8193,27.981,713.3,375.3,469.1,22.6,491.7,20.49,24.00,0.93033,10.128,12.83,24.88,14,2
74.519,hall_mission,9x4.5,pi5,0.439,30.834,-1.986,-0.420,0.913,0.025,1.005,-1.18,-6.63,116.92,0.4952,0.4972,0.4368,0.4382,8199,28.062,715.4,377.7,472.1,22.6,494.7,20.62,24.00,0.93028,10.136,12.75,24.88,14,2
74.567,hall_mission,9x4.5,pi5,0.423,30.871,-1.985,-0.414,0.917,0.025,1.007,-1.04,-6.64,116.20,0.5009,0.5032,0.4316,0.4326,8203,28.120,716.9,379.5,474.4,22.6,497.0,20.71,23.99,0.93024,10.142,12.69,24.88,14,2
74.615,hall_mission,9x4.5,pi5,0.398,30.931,-1.984,-0.406,0.924,0.024,1.009,-0.85,-6.65,115.29,0.5038,0.5061,0.4292,0.4301,8206,28.157,717.8,380.6,475.8,22.6,498.4,20.77,23.99,0.93019,10.149,12.65,24.88,14,2
74.667,hall_mission,9x4.5,pi5,0.383,30.969,-1.983,-0.402,0.927,0.023,1.011,-0.74,-6.65,114.80,0.5043,0.5064,0.4292,0.4303,8210,28.183,718.5,381.2,476.4,22.6,499.0,20.80,23.99,0.93014,10.156,12.64,24.88,14,2
74.719,hall_mission,9x4.5,pi5,0.362,31.021,-1.982,-0.397,0.931,0.022,1.012,-0.58,-6.65,114.25,0.5027,0.5040,0.4316,0.4327,8212,28.187,718.6,380.9,476.2,22.6,498.8,20.79,23.99,0.93009,10.163,12.64,24.88,14,2
74.767,hall_mission,9x4.5,pi5,0.347,31.059,-1.981,-0.394,0.933,0.020,1.014,-0.50,-6.66,114.00,0.4905,0.4776,0.4457,0.4588,8218,28.143,717.5,378.4,472.9,22.6,495.5,20.65,23.99,0.93005,10.170,12.73,24.88,14,2
74.815,hall_mission,9x4.5,pi5,0.323,31.119,-1.980,-0.390,0.938,0.015,1.015,-0.65,-6.67,113.74,0.4414,0.4455,0.4902,0.4939,8212,28.127,717.0,378.5,473.2,22.6,495.8,20.66,23.99,0.93000,10.177,12.72,24.88,14,2
74.867,hall_mission,9x4.5,pi5,0.309,31.157,-1.979,-0.386,0.941,0.009,1.017,-0.93,-6.64,113.53,0.4119,0.4159,0.5196,0.5189,8195,28.203,719.0,383.9,479.9,22.6,502.5,20.95,23.98,0.92995,10.184,12.54,24.88,14,2
74.915,hall_mission,9x4.5,pi5,0.289,31.210,-1.979,-0.376,0.946,0.003,1.018,-1.33,-6.62,113.02,0.4017,0.4067,0.5278,0.5271,8184,28.218,719.4,386.0,482.5,22.6,505.1,21.06,23.98,0.92990,10.191,12.48,24.88,14,2
74.967,hall_mission,9x4.5,pi5,0.275,31.248,-1.978,-0.368,0.950,0.001,1.019,-1.52,-6.61,112.51,0.4048,0.4106,0.5239,0.5229,8180,28.151,717.7,383.9,479.8,22.6,502.4,20.95,23.98,0.92985,10.198,12.54,24.88,14,2
75.011,hall_mission,9x4.5,pi5,0.261,31.286,-1.978,-0.358,0.955,0.001,1.020,-1.64,-6.62,111.86,0.4158,0.4202,0.5135,0.5134,8183,28.075,715.7,380.4,475.6,22.6,498.2,20.77,23.99,0.92981,10.204,12.65,24.88,14,2
75.063,hall_mission,9x4.5,pi5,0.240,31.347,-1.977,-0.342,0.962,0.001,1.021,-1.69,-6.64,110.66,0.4323,0.4367,0.4974,0.4973,8186,27.984,713.4,376.4,470.5,22.6,493.1,20.55,23.99,0.92976,10.211,12.78,24.88,14,2
75.111,hall_mission,9x4.5,pi5,0.227,31.386,-1.976,-0.331,0.967,0.001,1.022,-1.64,-6.67,109.75,0.4497,0.4526,0.4810,0.4817,8191,27.948,712.5,374.3,467.9,22.6,490.5,20.44,24.00,0.92971,10.218,12.85,24.88,14,2
75.163,hall_mission,9x4.5,pi5,0.209,31.441,-1.976,-0.317,0.973,0.003,1.024,-1.51,-6.71,108.31,0.4673,0.4698,0.4653,0.4646,8198,27.979,713.3,374.5,468.2,22.6,490.8,20.45,24.00,0.92967,10.225,12.84,24.88,14,2
75.211,hall_mission,9x4.5,pi5,0.198,31.480,-1.975,-0.307,0.978,0.003,1.025,-1.38,-6.74,107.35,0.4811,0.4840,0.4512,0.4526,8205,28.044,714.9,376.3,470.3,22.6,492.9,20.54,23.99,0.92962,10.231,12.79,24.88,14,2
75.263,hall_mission,9x4.5,pi5,0.180,31.543,-1.974,-0.293,0.984,0.004,1.027,-1.16,-6.77,105.97,0.4930,0.4958,0.4405,0.4408,8209,28.118,716.8,378.6,473.3,22.6,495.9,20.67,23.99,0.92957,10.238,12.71,24.88,14,2
75.311,hall_mission,9x4.5,pi5,0.169,31.583,-1.973,-0.285,0.988,0.004,1.028,-1.01,-6.80,105.12,0.5010,0.5030,0.4328,0.4340,8212,28.176,718.3,380.6,475.7,22.6,498.3,20.78,23.99,0.92952,10.245,12.64,24.88,14,2
75.363,hall_mission,9x4.5,pi5,0.155,31.639,-1.972,-0.274,0.993,0.003,1.031,-0.79,-6.82,104.02,0.5054,0.5082,0.4285,0.4291,8213,28.216,719.3,382.0,477.5,22.6,500.1,20.85,23.98,0.92947,10.252,12.59,24.88,14,2
75.411,hall_mission,9x4.5,pi5,0.145,31.680,-1.972,-0.268,0.997,0.002,1.032,-0.66,-6.82,103.41,0.5076,0.5091,0.4266,0.4280,8214,28.229,719.6,382.5,478.1,22.6,500.7,20.88,23.98,0.92943,10.259,12.58,24.88,14,2
75.463,hall_mission,9x4.5,pi5,0.129,31.744,-1.972,-0.259,1.002,0.001,1.035,-0.47,-6.83,102.69,0.5067,0.5078,0.4273,0.4296,8214,28.223,719.5,382.2,477.7,22.6,500.3,20.86,23.98,0.92938,10.266,12.59,24.88,14,2
75.511,hall_mission,9x4.5,pi5,0.120,31.785,-1.972,-0.254,1.005,0.000,1.036,-0.37,-6.83,102.33,0.5033,0.5053,0.4307,0.4322,8214,28.206,719.1,381.4,476.8,22.6,499.4,20.82,23.98,0.92933,10.273,12.61,24.88,14,2
75.563,hall_mission,9x4.5,pi5,0.107,31.842,-1.972,-0.248,1.009,-0.001,1.038,-0.24,-6.83,101.99,0.4987,0.5005,0.4357,0.4365,8214,28.176,718.3,380.3,475.3,22.6,497.9,20.76,23.98,0.92928,10.280,12.65,24.88,14,2
75.611,hall_mission,9x4.5,pi5,0.098,31.882,-1.972,-0.244,1.011,-0.001,1.040,-0.17,-6.83,101.86,0.4937,0.4952,0.4401,0.4423,8214,28.149,717.6,379.2,474.0,22.6,496.6,20.70,23.98,0.92923,10.287,12.68,24.88,14,2
75.663,hall_mission,9x4.5,pi5,0.084,31.948,-1.972,-0.239,1.014,-0.001,1.042,-0.09,-6.82,101.81,0.4878,0.4892,0.4461,0.4484,8215,28.129,717.1,378.3,472.9,22.6,495.5,20.66,23.99,0.92918,10.294,12.71,24.88,14,2
75.711,hall_mission,9x4.5,pi5,0.076,31.988,-1.972,-0.236,1.015,-0.001,1.042,-0.05,-6.82,101.85,0.4820,0.4842,0.4518,0.4539,8216,28.119,716.8,377.8,472.2,22.6,494.8,20.63,23.99,0.92914,10.300,12.72,24.88,14,2
75.763,hall_mission,9x4.5,pi5,0.065,32.045,-1.973,-0.233,1.017,-0.001,1.043,-0.01,-6.82,101.98,0.4770,0.4784,0.4579,0.4593,8219,28.127,717.0,377.7,472.1,22.6,494.7,20.62,23.99,0.92909,10.308,12.73,24.88,14,2
75.811,hall_mission,9x4.5,pi5,0.057,32.086,-1.972,-0.231,1.018,-0.001,1.044,0.01,-6.83,102.10,0.4721,0.4746,0.4625,0.4642,8222,28.142,717.4,377.9,472.3,22.6,494.9,20.63,23.99,0.92904,10.314,12.72,24.88,14,2
75.859,hall_mission,9x4.5,pi5,0.044,32.150,-1.972,-0.228,1.020,-0.001,1.045,0.04,-6.83,102.32,0.4691,0.4703,0.4668,0.4682,8225,28.160,717.9,378.2,472.7,22.6,495.3,20.65,23.98,0.92900,10.321,12.71,24.88,14,2
75.911,hall_mission,9x4.5,pi5,0.037,32.191,-1.972,-0.227,1.021,-0.000,1.046,0.05,-6.83,102.48,0.4655,0.4677,0.4702,0.4719,8228,28.183,718.5,378.6,473.3,22.6,495.9,20.68,23.98,0.92895,10.328,12.69,24.88,14,2
75.963,hall_mission,9x4.5,pi5,0.026,32.248,-1.972,-0.226,1.022,-0.001,1.046,0.06,-6.84,102.70,0.4635,0.4653,0.4726,0.4746,8231,28.203,719.0,379.1,473.8,22.6,496.4,20.70,23.98,0.92890,10.335,12.68,24.88,14,2
76.011,hall_mission,9x4.5,pi5,0.018,32.288,-1.971,-0.225,1.022,-0.001,1.047,0.07,-6.85,102.83,0.4619,0.4643,0.4745,0.4759,8232,28.218,719.3,379.4,474.3,22.6,496.9,20.72,23.98,0.92885,10.342,12.66,24.87,14,2
76.063,hall_mission,9x4.5,pi5,0.005,32.353,-1.971,-0.225,1.024,-0.001,1.048,0.07,-6.86,103.01,0.4617,0.4631,0.4757,0.4767,8235,28.237,719.8,379.8,474.8,22.6,497.4,20.74,23.98,0.92880,10.349,12.65,24.87,14,2
76.111,hall_mission,9x4.5,pi5,-0.003,32.394,-1.971,-0.225,1.024,-0.001,1.049,0.07,-6.87,103.10,0.4617,0.4630,0.4761,0.4770,8237,28.251,720.2,380.1,475.1,22.6,497.7,20.76,23.98,0.92876,10.355,12.64,24.87,14,2
76.163,hall_mission,9x4.5,pi5,-0.015,32.451,-1.970,-0.226,1.025,-0.002,1.050,0.07,-6.88,103.21,0.4617,0.4636,0.4758,0.4768,8238,28.254,720.3,380.1,475.2,22.6,497.8,20.76,23.98,0.92871,10.363,12.64,24.87,14,2
76.211,hall_mission,9x4.5,pi5,-0.024,32.492,-1.970,-0.227,1.026,-0.002,1.051,0.07,-6.89,103.26,0.4625,0.4640,0.4752,0.4762,8238,28.253,720.2,380.1,475.1,22.6,497.7,20.76,23.98,0.92866,10.369,12.64,24.87,14,2
76.263,hall_mission,9x4.5,pi5,-0.038,32.558,-1.971,-0.228,1.028,-0.004,1.053,0.07,-6.90,103.31,0.4559,0.4447,0.4834,0.4941,8238,28.289,721.2,381.5,476.8,22.6,499.4,20.83,23.98,0.92861,10.377,12.59,24.87,14,2
76.311,hall_mission,9x4.5,pi5,-0.047,32.600,-1.971,-0.229,1.029,-0.007,1.055,-0.05,-6.91,103.31,0.4182,0.4217,0.5161,0.5194,8228,28.396,723.9,387.2,483.9,22.6,506.5,21.14,23.97,0.92856,10.383,12.41,24.87,14,2
76.363,hall_mission,9x4.5,pi5,-0.059,32.658,-1.972,-0.228,1.032,-0.015,1.057,-0.47,-6.88,103.13,0.3974,0.4019,0.5347,0.5343,8203,28.409,724.2,391.2,489.0,22.6,511.6,21.35,23.96,0.92851,10.391,12.28,24.87,14,2
76.411,hall_mission,9x4.5,pi5,-0.067,32.699,-1.973,-0.224,1.034,-0.021,1.059,-0.75,-6.86,102.83,0.3939,0.3984,0.5360,0.5347,8184,28.305,721.6,389.6,486.9,22.6,509.5,21.27,23.96,0.92846,10.397,12.33,24.87,14,2
76.463,hall_mission,9x4.5,pi5,-0.081,32.766,-1.975,-0.215,1.038,-0.024,1.060,-1.05,-6.83,102.08,0.4017,0.4072,0.5266,0.5248,8174,28.135,717.2,384.1,480.1,22.6,502.7,20.97,23.97,0.92841,10.405,12.50,24.87,14,2
76.511,hall_mission,9x4.5,pi5,-0.089,32.808,-1.976,-0.207,1.040,-0.025,1.060,-1.16,-6.82,101.38,0.4163,0.4209,0.5111,0.5108,8169,27.966,712.9,378.0,472.5,22.6,495.1,20.65,23.98,0.92837,10.411,12.70,24.87,14,2
76.563,hall_mission,9x4.5,pi5,-0.099,32.866,-1.978,-0.194,1.042,-0.023,1.060,-1.20,-6.83,100.12,0.4347,0.4394,0.4922,0.4925,8168,27.844,709.8,373.2,466.5,22.6,489.1,20.39,23.99,0.92832,10.418,12.86,24.87,14,2
76.611,hall_mission,9x4.5,pi5,-0.106,32.908,-1.979,-0.185,1.043,-0.021,1.060,-1.17,-6.84,99.18,0.4529,0.4564,0.4750,0.4759,8173,27.821,709.2,371.6,464.4,22.6,487.0,20.30,23.99,0.92827,10.425,12.91,24.87,14,2
76.655,hall_mission,9x4.5,pi5,-0.116,32.974,-1.981,-0.170,1.045,-0.016,1.059,-1.04,-6.88,97.71,0.4675,0.4719,0.4611,0.4614,8180,27.854,710.1,372.1,465.1,22.6,487.7,20.33,23.99,0.92823,10.431,12.89,24.87,14,2
76.707,hall_mission,9x4.5,pi5,-0.122,33.016,-1.981,-0.161,1.046,-0.013,1.058,-0.92,-6.90,96.73,0.4835,0.4865,0.4462,0.4481,8188,27.943,712.4,374.5,468.1,22.6,490.7,20.46,23.98,0.92818,10.438,12.81,24.87,14,2
76.759,hall_mission,9x4.5,pi5,-0.129,33.074,-1.981,-0.149,1.048,-0.011,1.058,-0.72,-6.94,95.36,0.4958,0.4971,0.4358,0.4373,8195,28.034,714.7,377.2,471.5,22.6,494.1,20.61,23.98,0.92813,10.445,12.72,24.87,14,2
76.807,hall_mission,9x4.5,pi5,-0.134,33.116,-1.981,-0.141,1.049,-0.009,1.059,-0.59,-6.96,94.53,0.5031,0.5043,0.4297,0.4304,8200,28.112,716.6,379.6,474.5,22.6,497.1,20.73,23.97,0.92809,10.452,12.64,24.87,14,2
76.855,hall_mission,9x4.5,pi5,-0.141,33.183,-1.980,-0.130,1.051,-0.008,1.059,-0.40,-6.98,93.47,0.4987,0.4901,0.4343,0.4465,8208,28.110,716.6,378.5,473.1,22.6,495.7,20.68,23.98,0.92804,10.458,12.68,24.87,14,2
76.907,hall_mission,9x4.5,pi5,-0.145,33.225,-1.980,-0.123,1.053,-0.008,1.060,-0.43,-6.98,92.86,0.4616,0.4653,0.4695,0.4737,8209,28.058,715.3,376.2,470.2,22.6,492.8,20.55,23.98,0.92799,10.465,12.75,24.87,14,2
76.955,hall_mission,9x4.5,pi5,-0.151,33.284,-1.979,-0.113,1.055,-0.010,1.062,-0.68,-6.96,91.99,0.4422,0.4470,0.4907,0.4895,8206,28.081,715.9,377.5,471.9,22.6,494.5,20.62,23.98,0.92795,10.472,12.71,24.87,14,2
77.007,hall_mission,9x4.5,pi5,-0.155,33.326,-1.978,-0.103,1.057,-0.011,1.062,-0.85,-6.94,91.37,0.4361,0.4401,0.4972,0.4962,8207,28.117,716.8,378.8,473.5,22.6,496.1,20.69,23.97,0.92790,10.479,12.66,24.87,14,2
77.059,hall_mission,9x4.5,pi5,-0.159,33.394,-1.977,-0.086,1.059,-0.009,1.063,-1.01,-6.94,90.32,0.4393,0.4448,0.4940,0.4935,8215,28.152,717.7,379.2,474.0,22.6,496.6,20.72,23.97,0.92785,10.486,12.65,24.87,14,2
77.107,hall_mission,9x4.5,pi5,-0.162,33.437,-1.976,-0.074,1.060,-0.008,1.063,-1.05,-6.94,89.55,0.4487,0.4529,0.4862,0.4857,8222,28.168,718.1,378.9,473.6,22.6,496.2,20.70,23.97,0.92780,10.493,12.66,24.87,14,2
77.155,hall_mission,9x4.5,pi5,-0.164,33.497,-1.975,-0.057,1.062,-0.008,1.063,-1.01,-6.95,88.32,0.4595,0.4633,0.4759,0.4757,8225,28.167,718.1,378.4,473.0,22.6,495.6,20.67,23.97,0.92775,10.500,12.67,24.87,14,2
77.207,hall_mission,9x4.5,pi5,-0.165,33.539,-1.974,-0.045,1.062,-0.008,1.063,-0.94,-6.96,87.48,0.4722,0.4746,0.4640,0.4642,8227,28.179,718.4,378.6,473.3,22.6,495.9,20.68,23.97,0.92770,10.507,12.67,24.87,14,2
77.255,hall_mission,9x4.5,pi5,-0.166,33.608,-1.973,-0.027,1.064,-0.009,1.064,-0.78,-6.98,86.24,0.4817,0.4849,0.4541,0.4548,8229,28.208,719.1,379.5,474.4,22.6,497.0,20.73,23.97,0.92766,10.513,12.63,24.87,14,2
77.307,hall_mission,9x4.5,pi5,-0.166,33.651,-1.972,-0.016,1.065,-0.010,1.065,-0.65,-6.99,85.46,0.4908,0.4933,0.4457,0.4464,8231,28.252,720.2,381.0,476.2,22.6,498.8,20.81,23.97,0.92761,10.521,12.59,24.87,14,2
77.355,hall_mission,9x4.5,pi5,-0.165,33.693,-1.971,-0.006,1.066,-0.010,1.066,-0.45,-6.99,84.40,0.4961,0.4995,0.4402,0.4407,8233,28.287,721.1,382.2,477.7,22.6,500.3,20.88,23.97,0.92756,10.527,12.55,24.87,14,2
77.407,hall_mission,9x4.5,pi5,-0.164,33.753,-1.970,0.007,1.066,-0.012,1.066,-0.32,-6.99,83.78,0.5007,0.5020,0.4360,0.4375,8231,28.298,721.4,382.8,478.5,22.6,501.1,20.91,23.96,0.92751,10.534,12.53,24.87,14,2
77.455,hall_mission,9x4.5,pi5,-0.161,33.821,-1.969,0.019,1.067,-0.012,1.067,-0.13,-6.98,83.02,0.5023,0.5018,0.4360,0.4346,8226,28.266,720.6,382.3,477.8,22.6,500.4,20.88,23.96,0.92746,10.541,12.54,24.87,14,2
77.507,hall_mission,9x4.5,pi5,-0.160,33.864,-1.969,0.026,1.067,-0.012,1.068,-0.02,-6.94,82.61,0.5009,0.5009,0.4362,0.4353,8221,28.229,719.6,381.4,476.8,22.6,499.4,20.84,23.97,0.92741,10.548,12.57,24.87,14,2
77.555,hall_mission,9x4.5,pi5,-0.157,33.923,-1.969,0.034,1.067,-0.012,1.067,0.11,-6.79,82.17,0.4987,0.4980,0.4384,0.4374,8218,28.192,718.7,380.4,475.5,22.6,498.1,20.78,23.97,0.92737,10.555,12.60,24.87,14,2
77.607,hall_mission,9x4.5,pi5,-0.155,33.966,-1.969,0.039,1.066,-0.012,1.067,0.19,-6.62,81.97,0.4943,0.4946,0.4411,0.4418,8215,28.158,717.8,379.4,474.2,22.6,496.8,20.73,23.97,0.92732,10.562,12.63,24.87,14,2
77.655,hall_mission,9x4.5,pi5,-0.152,34.034,-1.969,0.044,1.061,-0.011,1.062,0.28,-6.28,81.81,0.4890,0.4913,0.4458,0.4453,8214,28.130,717.1,378.4,473.1,22.6,495.7,20.68,23.97,0.92727,10.569,12.66,24.87,14,2
77.707,hall_mission,9x4.5,pi5,-0.150,34.077,-1.969,0.047,1.057,-0.010,1.058,0.32,-6.02,81.77,0.4849,0.4856,0.4501,0.4506,8213,28.111,716.6,377.7,472.1,22.6,494.7,20.64,23.97,0.92722,10.576,12.68,24.87,14,2
77.755,hall_mission,9x4.5,pi5,-0.147,34.136,-1.969,0.050,1.048,-0.009,1.049,0.37,-5.58,81.81,0.4798,0.4818,0.4550,0.4549,8214,28.106,716.5,377.4,471.7,22.6,494.3,20.62,23.97,0.92718,10.583,12.69,24.87,14,2
77.807,hall_mission,9x4.5,pi5,-0.145,34.178,-1.969,0.051,1.039,-0.009,1.040,0.39,-5.28,81.88,0.4751,0.4774,0.4591,0.4601,8215,28.102,716.4,377.1,471.4,22.6,494.0,20.61,23.97,0.92713,10.590,12.70,24.87,14,2
77.855,hall_mission,9x4.5,pi5,-0.141,34.244,-1.968,0.051,1.022,-0.009,1.023,0.41,-4.82,82.03,0.4711,0.4740,0.4622,0.4648,8216,28.104,716.5,377.1,471.4,22.6,494.0,20.61,23.97,0.92708,10.596,12.70,24.87,14,2
77.907,hall_mission,9x4.5,pi5,-0.138,34.284,-1.968,0.051,1.009,-0.008,1.010,0.41,-4.51,82.15,0.4676,0.4708,0.4664,0.4676,8217,28.110,716.6,377.2,471.5,22.6,494.1,20.61,23.97,0.92703,10.603,12.70,24.87,14,2
77.955,hall_mission,9x4.5,pi5,-0.135,34.340,-1.968,0.051,0.988,-0.009,0.990,0.41,-4.07,82.32,0.4584,0.4522,0.4773,0.4846,8217,28.126,717.0,377.8,472.2,22.6,494.8,20.65,23.97,0.92699,10.610,12.68,24.87,14,2
78.007,hall_mission,9x4.5,pi5,-0.133,34.379,-1.968,0.050,0.972,-0.011,0.973,0.34,-3.78,82.42,0.4184,0.4224,0.5134,0.5160,8210,28.255,720.3,384.0,480.0,22.6,502.6,20.98,23.96,0.92694,10.617,12.47,24.87,14,2
78.055,hall_mission,9x4.5,pi5,-0.129,34.439,-1.968,0.050,0.943,-0.019,0.945,0.11,-3.35,82.38,0.4038,0.4129,0.5252,0.5230,8191,28.222,719.5,385.3,481.6,22.6,504.2,21.05,23.95,0.92689,10.624,12.43,24.87,14,2
78.107,hall_mission,9x4.5,pi5,-0.127,34.476,-1.969,0.050,0.923,-0.022,0.925,0.01,-3.08,82.20,0.4217,0.4257,0.5062,0.5077,8177,27.990,713.5,377.8,472.2,22.6,494.8,20.65,23.97,0.92684,10.631,12.67,24.87,14,2
78.155,hall_mission,9x4.5,pi5,-0.124,34.525,-1.970,0.051,0.893,-0.023,0.895,-0.02,-2.71,81.70,0.4363,0.4396,0.4915,0.4928,8174,27.877,710.7,373.8,467.2,22.6,489.8,20.43,23.97,0.92679,10.638,12.81,24.87,14,2
78.207,hall_mission,9x4.5,pi5,-0.121,34.559,-1.971,0.052,0.871,-0.022,0.872,-0.00,-2.48,81.28,0.4436,0.4462,0.4849,0.4862,8175,27.861,710.3,372.9,466.1,22.6,488.7,20.39,23.97,0.92674,10.645,12.83,24.87,14,2
78.255,hall_mission,9x4.5,pi5,-0.119,34.592,-1.971,0.052,0.847,-0.020,0.849,0.02,-2.28,80.81,0.4464,0.4485,0.4831,0.4845,8182,27.897,711.2,373.5,466.8,22.6,489.4,20.42,23.97,0.92670,10.651,12.81,24.87,14,2
78.307,hall_mission,9x4.5,pi5,-0.116,34.643,-1.972,0.052,0.809,-0.015,0.811,0.05,-2.00,80.02,0.4457,0.4471,0.4855,0.4870,8192,27.970,713.0,375.0,468.8,22.6,491.4,20.50,23.97,0.92665,10.658,12.76,24.87,14,2
78.323,hall_mission,9x4.5,pi5,-0.115,34.655,-1.972,0.052,0.799,-0.014,0.801,0.06,-1.92,79.74,0.4458,0.4477,0.4856,0.4867,8194,27.984,713.4,375.3,469.1,22.6,491.7,20.52,23.97,0.92663,10.661,12.75,24.87,14,2
78.379,hall_mission,9x4.5,pi5,-0.111,34.705,-1.972,0.051,0.757,-0.012,0.759,0.09,-1.67,78.75,0.4301,0.4316,0.5024,0.5031,8199,28.097,716.3,379.2,474.0,22.6,496.6,20.72,23.96,0.92658,10.668,12.62,24.87,14,2
78.431,hall_mission,9x4.5,pi5,-0.109,34.733,-1.972,0.050,0.733,-0.014,0.735,0.11,-1.53,78.05,0.4068,0.4096,0.5239,0.5252,8192,28.235,719.8,385.6,482.0,22.6,504.6,21.07,23.95,0.92653,10.676,12.41,24.87,14,2
78.479,hall_mission,9x4.5,pi5,-0.107,34.771,-1.973,0.049,0.699,-0.020,0.701,0.12,-1.35,76.78,0.3942,0.3968,0.5341,0.5365,8178,28.272,720.7,389.0,486.2,22.6,508.8,21.25,23.95,0.92648,10.682,12.31,24.87,14,2
78.527,hall_mission,9x4.5,pi5,-0.105,34.796,-1.973,0.048,0.675,-0.024,0.677,0.13,-1.23,75.75,0.3925,0.3947,0.5351,0.5359,8166,28.204,719.0,387.8,484.8,22.6,507.4,21.19,23.95,0.92644,10.689,12.34,24.87,14,2
78.579,hall_mission,9x4.5,pi5,-0.102,34.834,-1.974,0.046,0.636,-0.026,0.638,0.14,-1.09,73.90,0.3979,0.4000,0.5291,0.5296,8160,28.093,716.2,384.2,480.3,22.6,502.9,21.00,23.95,0.92639,10.696,12.45,24.87,14,2
78.631,hall_mission,9x4.5,pi5,-0.100,34.857,-1.974,0.045,0.612,-0.026,0.615,0.15,-1.00,72.48,0.4101,0.4126,0.5161,0.5170,8157,27.944,712.4,378.7,473.3,22.6,495.9,20.70,23.96,0.92634,10.704,12.63,24.87,14,2
78.679,hall_mission,9x4.5,pi5,-0.097,34.888,-1.975,0.044,0.580,-0.025,0.582,0.16,-0.88,70.13,0.4229,0.4247,0.5042,0.5042,8158,27.849,709.9,374.7,468.4,22.6,491.0,20.49,23.97,0.92629,10.710,12.76,24.87,14,2
78.731,hall_mission,9x4.5,pi5,-0.095,34.909,-1.975,0.042,0.558,-0.024,0.560,0.17,-0.82,68.46,0.4376,0.4394,0.4901,0.4903,8163,27.800,708.7,372.1,465.2,22.6,487.8,20.35,23.97,0.92624,10.717,12.85,24.87,14,2
78.779,hall_mission,9x4.5,pi5,-0.092,34.940,-1.976,0.040,0.522,-0.020,0.524,0.17,-0.73,65.84,0.4501,0.4515,0.4783,0.4793,8170,27.804,708.8,371.4,464.2,22.6,486.8,20.31,23.97,0.92620,10.724,12.87,24.87,14,2
78.831,hall_mission,9x4.5,pi5,-0.090,34.959,-1.976,0.039,0.501,-0.017,0.503,0.18,-0.67,64.07,0.4634,0.4644,0.4664,0.4672,8177,27.838,709.7,371.7,464.6,22.6,487.2,20.33,23.97,0.92615,10.731,12.86,24.87,14,2
78.879,hall_mission,9x4.5,pi5,-0.087,34.983,-1.977,0.037,0.472,-0.014,0.474,0.18,-0.60,61.44,0.4717,0.4731,0.4591,0.4593,8184,27.888,710.9,372.8,466.0,22.6,488.6,20.38,23.97,0.92610,10.737,12.82,24.87,14,2
78.927,hall_mission,9x4.5,pi5,-0.085,35.000,-1.977,0.036,0.452,-0.013,0.454,0.18,-0.56,59.71,0.4784,0.4803,0.4529,0.4533,8190,27.941,712.3,374.1,467.6,22.6,490.2,20.45,23.97,0.92606,10.744,12.78,24.87,14,2
78.979,hall_mission,9x4.5,pi5,-0.082,35.025,-1.977,0.033,0.421,-0.010,0.423,0.18,-0.51,57.22,0.4828,0.4839,0.4501,0.4498,8197,27.994,713.7,375.3,469.2,22.6,491.8,20.52,23.96,0.92601,10.751,12.74,24.86,14,2
79.027,hall_mission,9x4.5,pi5,-0.081,35.039,-1.976,0.032,0.403,-0.009,0.404,0.18,-0.48,55.63,0.4862,0.4871,0.4473,0.4473,8201,28.033,714.6,376.3,470.4,22.6,493.0,20.57,23.96,0.92596,10.757,12.70,24.86,14,2
79.071,hall_mission,9x4.5,pi5,-0.079,35.053,-1.976,0.030,0.385,-0.009,0.386,0.17,-0.46,54.11,0.4856,0.4868,0.4476,0.4485,8203,28.048,715.0,376.6,470.7,22.6,493.3,20.59,23.96,0.92592,10.763,12.69,24.86,14,2
79.123,hall_mission,9x4.5,pi5,-0.077,35.072,-1.976,0.028,0.361,-0.008,0.362,0.17,-0.42,51.95,0.4835,0.4850,0.4503,0.4507,8207,28.067,715.5,376.8,471.0,22.6,493.6,20.60,23.96,0.92587,10.771,12.68,24.86,14,2
79.171,hall_mission,9x4.5,pi5,-0.075,35.084,-1.976,0.026,0.344,-0.007,0.345,0.16,-0.40,50.58,0.4808,0.4812,0.4539,0.4539,8208,28.066,715.5,376.6,470.8,22.6,493.4,20.59,23.96,0.92582,10.777,12.69,24.86,14,2
79.223,hall_mission,9x4.5,pi5,-0.073,35.103,-1.977,0.024,0.319,-0.007,0.319,0.16,-0.38,48.63,0.4782,0.4792,0.4556,0.4571,8209,28.066,715.5,376.5,470.6,22.6,493.2,20.59,23.96,0.92577,10.784,12.69,24.86,14,2
79.271,hall_mission,9x4.5,pi5,-0.072,35.113,-1.977,0.022,0.303,-0.007,0.304,0.15,-0.37,47.38,0.4742,0.4757,0.4596,0.4607,8209,28.061,715.4,376.3,470.4,22.6,493.0,20.57,23.96,0.92573,10.791,12.70,24.86,14,2
79.323,hall_mission,9x4.5,pi5,-0.071,35.128,-1.977,0.020,0.283,-0.008,0.284,0.14,-0.36,45.58,0.4710,0.4720,0.4633,0.4640,8210,28.061,715.4,376.2,470.3,22.6,492.9,20.57,23.96,0.92568,10.798,12.70,24.86,14,2
79.371,hall_mission,9x4.5,pi5,-0.070,35.137,-1.977,0.018,0.269,-0.008,0.270,0.14,-0.35,44.42,0.4673,0.4685,0.4669,0.4675,8210,28.059,715.3,376.1,470.2,22.6,492.8,20.57,23.96,0.92563,10.804,12.70,24.86,14,2
79.423,hall_mission,9x4.5,pi5,-0.068,35.152,-1.977,0.016,0.248,-0.008,0.249,0.13,-0.34,42.71,0.4660,0.4661,0.4689,0.4694,8210,28.063,715.4,376.2,470.3,22.6,492.9,20.57,23.96,0.92558,10.812,12.70,24.86,14,2
79.471,hall_mission,9x4.5,pi5,-0.067,35.161,-1.977,0.015,0.236,-0.008,0.237,0.13,-0.34,41.58,0.4626,0.4640,0.4717,0.4722,8211,28.067,715.5,376.3,470.4,22.6,493.0,20.58,23.96,0.92554,10.818,12.69,24.86,14,2
79.523,hall_mission,9x4.5,pi5,-0.066,35.173,-1.978,0.014,0.220,-0.008,0.220,0.12,-0.34,39.91,0.4613,0.4614,0.4741,0.4740,8212,28.077,715.8,376.6,470.7,22.6,493.3,20.59,23.96,0.92549,10.825,12.68,24.86,14,2
79.571,hall_mission,9x4.5,pi5,-0.064,35.181,-1.978,0.013,0.209,-0.008,0.210,0.11,-0.33,38.79,0.4594,0.4594,0.4759,0.4761,8212,28.079,715.8,376.7,470.8,22.6,493.4,20.60,23.96,0.92544,10.832,12.68,24.86,14,2
79.619,hall_mission,9x4.5,pi5,-0.062,35.194,-1.978,0.013,0.193,-0.008,0.194,0.11,-0.33,37.11,0.4593,0.4599,0.4757,0.4760,8212,28.081,715.9,376.7,470.9,22.6,493.5,20.60,23.96,0.92540,10.838,12.68,24.86,14,2
79.663,hall_mission,9x4.5,pi5,-0.060,35.202,-1.978,0.012,0.184,-0.008,0.184,0.10,-0.32,35.98,0.4586,0.4578,0.4775,0.4771,8212,28.085,716.0,376.8,471.0,22.6,493.6,20.61,23.96,0.92536,10.845,12.67,24.86,14,2
79.715,hall_mission,9x4.5,pi5,-0.058,35.210,-1.979,0.012,0.175,-0.008,0.175,0.09,-0.31,34.85,0.4572,0.4568,0.4787,0.4783,8212,28.086,716.0,376.9,471.1,22.6,493.7,20.61,23.95,0.92531,10.852,12.67,24.86,14,2
79.763,hall_mission,9x4.5,pi5,-0.055,35.220,-1.979,0.012,0.163,-0.008,0.164,0.08,-0.28,33.12,0.4559,0.4560,0.4797,0.4792,8212,28.085,716.0,376.9,471.1,22.6,493.7,20.61,23.95,0.92526,10.858,12.67,24.86,14,2
79.815,hall_mission,9x4.5,pi5,-0.053,35.228,-1.979,0.012,0.155,-0.008,0.156,0.07,-0.27,31.96,0.4573,0.4566,0.4783,0.4782,8210,28.073,715.7,376.6,470.8,22.6,493.4,20.60,23.95,0.92521,10.865,12.68,24.86,14,2
79.863,hall_mission,9x4.5,pi5,-0.049,35.240,-1.980,0.012,0.143,-0.008,0.144,0.05,-0.23,30.19,0.4569,0.4569,0.4781,0.4782,8209,28.066,715.5,376.5,470.6,22.6,493.2,20.59,23.95,0.92516,10.872,12.68,24.86,14,2
79.915,hall_mission,9x4.5,pi5,-0.047,35.247,-1.981,0.012,0.137,-0.008,0.137,0.04,-0.21,28.99,0.4573,0.4580,0.4774,0.4772,8208,28.056,715.2,376.2,470.3,22.6,492.9,20.58,23.95,0.92511,10.879,12.69,24.86,14,2
79.963,hall_mission,9x4.5,pi5,-0.044,35.256,-1.982,0.012,0.127,-0.008,0.128,0.01,-0.17,27.18,0.4579,0.4582,0.4772,0.4764,8207,28.050,715.1,376.1,470.2,22.6,492.8,20.57,23.95,0.92507,10.886,12.69,24.86,14,2
80.015,hall_mission,9x4.5,pi5,-0.042,35.262,-1.983,0.012,0.120,-0.007,0.121,-0.01,-0.14,25.96,0.4600,0.4598,0.4749,0.4745,8206,28.038,714.8,375.8,469.8,22.6,492.4,20.55,23.95,0.92502,10.893,12.70,24.86,14,2
80.063,hall_mission,9x4.5,pi5,-0.038,35.272,-1.984,0.010,0.110,-0.007,0.111,-0.05,-0.10,24.12,0.4600,0.4605,0.4746,0.4739,8205,28.031,714.6,375.7,469.6,22.6,492.2,20.55,23.95,0.92497,10.899,12.70,24.86,14,2
80.115,hall_mission,9x4.5,pi5,-0.036,35.278,-1.985,0.010,0.104,-0.006,0.104,-0.07,-0.07,22.89,0.4610,0.4611,0.4736,0.4730,8204,28.023,714.4,375.5,469.4,22.6,492.0,20.54,23.95,0.92492,10.906,12.71,24.86,14,2
80.163,hall_mission,9x4.5,pi5,-0.033,35.285,-1.987,0.009,0.095,-0.006,0.095,-0.11,-0.04,21.04,0.4611,0.4610,0.4737,0.4725,8203,28.015,714.2,375.3,469.1,22.6,491.7,20.53,23.95,0.92488,10.913,12.71,24.86,14,2
80.215,hall_mission,9x4.5,pi5,-0.031,35.289,-1.988,0.008,0.088,-0.005,0.089,-0.13,-0.02,19.81,0.4624,0.4627,0.4713,0.4717,8202,28.008,714.0,375.1,468.9,22.6,491.5,20.52,23.95,0.92483,10.920,12.72,24.86,14,2
80.263,hall_mission,9x4.5,pi5,-0.028,35.297,-1.989,0.006,0.078,-0.004,0.079,-0.17,0.01,17.97,0.4616,0.4631,0.4712,0.4720,8201,28.002,713.9,375.0,468.8,22.6,491.4,20.51,23.95,0.92478,10.927,12.72,24.86,14,2
80.315,hall_mission,9x4.5,pi5,-0.026,35.301,-1.990,0.005,0.072,-0.004,0.072,-0.19,0.03,16.75,0.4623,0.4627,0.4717,0.4710,8200,27.996,713.7,374.9,468.7,22.6,491.3,20.51,23.95,0.92473,10.934,12.72,24.86,14,2
80.363,hall_mission,9x4.5,pi5,-0.024,35.306,-1.991,0.003,0.064,-0.003,0.064,-0.22,0.04,14.92,0.4620,0.4618,0.4714,0.4722,8199,27.989,713.5,374.8,468.5,22.6,491.1,20.50,23.95,0.92469,10.940,12.73,24.86,14,2
80.415,hall_mission,9x4.5,pi5,-0.022,35.310,-1.992,0.002,0.059,-0.002,0.059,-0.24,0.05,13.71,0.4625,0.4630,0.4711,0.4705,8198,27.983,713.4,374.6,468.3,22.6,490.9,20.49,23.95,0.92464,10.947,12.73,24.86,14,2
80.467,hall_mission,9x4.5,pi5,-0.020,35.315,-1.994,0.000,0.050,-0.001,0.050,-0.28,0.06,11.89,0.4621,0.4624,0.4714,0.4710,8197,27.975,713.2,374.5,468.1,22.6,490.7,20.49,23.95,0.92459,10.954,12.73,24.86,14,2
80.515,hall_mission,9x4.5,pi5,-0.018,35.319,-1.995,-0.001,0.045,-0.001,0.045,-0.30,0.06,10.69,0.4632,0.4633,0.4697,0.4703,8196,27.967,713.0,374.3,467.9,22.6,490.5,20.48,23.95,0.92454,10.961,12.74,24.86,14,2
80.563,hall_mission,9x4.5,pi5,-0.015,35.323,-1.996,-0.003,0.038,0.000,0.038,-0.33,0.06,8.90,0.4621,0.4625,0.4716,0.4703,8196,27.967,713.0,374.3,467.9,22.6,490.5,20.48,23.95,0.92450,10.968,12.74,24.86,14,2
80.615,hall_mission,9x4.5,pi5,-0.014,35.325,-1.997,-0.004,0.033,0.001,0.034,-0.35,0.06,7.71,0.4625,0.4621,0.4705,0.4714,8196,27.967,713.0,374.3,467.9,22.6,490.5,20.48,23.95,0.92445,10.975,12.73,24.86,14,2
80.663,hall_mission,9x4.5,pi5,-0.011,35.329,-1.998,-0.005,0.026,0.002,0.027,-0.37,0.06,5.93,0.4607,0.4614,0.4721,0.4725,8197,27.974,713.1,374.5,468.1,22.6,490.7,20.49,23.95,0.92440,10.981,12.73,24.86,14,2
80.715,hall_mission,9x4.5,pi5,-0.009,35.331,-1.999,-0.006,0.022,0.003,0.023,-0.39,0.06,4.75,0.4604,0.4608,0.4730,0.4732,8200,27.993,713.6,374.9,468.6,22.6,491.2,20.51,23.95,0.92436,10.988,12.71,24.86,14,2
80.763,hall_mission,9x4.5,pi5,-0.008,35.334,-1.999,-0.008,0.016,0.004,0.018,-0.42,0.06,2.97,0.4598,0.4600,0.4743,0.4741,8202,28.012,714.1,375.3,469.1,22.6,491.7,20.53,23.95,0.92431,10.995,12.70,24.86,14,2
80.815,hall_mission,9x4.5,pi5,-0.006,35.335,-1.998,-0.009,0.011,0.005,0.015,-0.43,0.06,1.78,0.4610,0.4611,0.4737,0.4735,8206,28.037,714.8,375.8,469.7,22.6,492.3,20.56,23.95,0.92426,11.002,12.68,24.86,14,2
80.863,hall_mission,9x4.5,pi5,-0.004,35.337,-1.998,-0.010,0.005,0.006,0.013,-0.45,0.05,0.00,0.4606,0.4607,0.4739,0.4748,8209,28.058,715.3,376.2,470.3,22.6,492.9,20.58,23.95,0.92421,11.008,12.67,24.86,14,2
80.915,hall_mission,9x4.5,pi5,-0.003,35.338,-1.997,-0.011,0.001,0.006,0.013,-0.47,0.05,-1.31,0.4606,0.4612,0.4748,0.4744,8213,28.082,715.9,376.7,470.9,22.6,493.5,20.61,23.95,0.92416,11.016,12.65,24.86,14,2
80.963,hall_mission,9x4.5,pi5,-0.002,35.339,-1.996,-0.013,-0.004,0.006,0.015,-0.48,0.04,-2.98,0.4604,0.4607,0.4754,0.4751,8215,28.098,716.3,377.0,471.3,22.6,493.9,20.63,23.94,0.92412,11.022,12.64,24.86,14,2
81.015,hall_mission,9x4.5,pi5,-0.002,35.340,-1.996,-0.015,-0.007,0.005,0.017,-0.49,0.03,-4.18,0.4614,0.4623,0.4742,0.4741,8216,28.106,716.5,377.2,471.4,22.6,494.0,20.63,23.94,0.92407,11.029,12.63,24.85,14,2
81.063,hall_mission,9x4.5,pi5,-0.001,35.341,-1.994,-0.017,-0.012,0.004,0.021,-0.51,0.01,-5.98,0.4619,0.4614,0.4748,0.4744,8218,28.116,716.8,377.4,471.7,22.6,494.3,20.64,23.94,0.92402,11.036,12.63,24.85,14,2
81.115,hall_mission,9x4.5,pi5,-0.001,35.342,-1.994,-0.018,-0.015,0.004,0.024,-0.51,-0.01,-7.18,0.4618,0.4621,0.4743,0.4747,8219,28.125,717.0,377.5,471.9,22.6,494.5,20.66,23.94,0.92397,11.043,12.62,24.85,14,2
81.163,hall_mission,9x4.5,pi5,-0.000,35.343,-1.993,-0.019,-0.019,0.003,0.027,-0.53,-0.03,-8.98,0.4615,0.4616,0.4748,0.4750,8219,28.128,717.1,377.6,472.0,22.6,494.6,20.66,23.94,0.92393,11.050,12.61,24.85,14,2
81.215,hall_mission,9x4.5,pi5,-0.000,35.343,-1.992,-0.020,-0.021,0.002,0.030,-0.53,-0.05,-10.19,0.4625,0.4630,0.4738,0.4736,8220,28.129,717.1,377.6,472.0,22.6,494.6,20.66,23.94,0.92388,11.057,12.61,24.85,14,2
81.263,hall_mission,9x4.5,pi5,0.000,35.343,-1.991,-0.022,-0.025,0.001,0.034,-0.54,-0.08,-11.99,0.4623,0.4624,0.4746,0.4736,8219,28.127,717.0,377.6,472.0,22.6,494.6,20.66,23.94,0.92383,11.063,12.61,24.85,14,2
81.315,hall_mission,9x4.5,pi5,0.000,35.343,-1.991,-0.023,-0.028,0.000,0.036,-0.55,-0.10,-13.20,0.4621,0.4626,0.4739,0.4741,8219,28.122,716.9,377.5,471.8,22.6,494.4,20.65,23.94,0.92378,11.071,12.62,24.85,14,2
81.363,hall_mission,9x4.5,pi5,0.000,35.342,-1.990,-0.024,-0.031,-0.001,0.039,-0.56,-0.13,-15.00,0.4624,0.4614,0.4742,0.4748,8219,28.124,717.0,377.5,471.9,22.6,494.5,20.66,23.94,0.92374,11.077,12.61,24.85,14,2
81.415,hall_mission,9x4.5,pi5,0.001,35.341,-1.990,-0.024,-0.034,-0.001,0.041,-0.55,-0.15,-16.20,0.4634,0.4624,0.4738,0.4732,8219,28.122,716.9,377.5,471.8,22.6,494.4,20.65,23.94,0.92369,11.084,12.61,24.85,14,2
81.463,hall_mission,9x4.5,pi5,0.001,35.340,-1.990,-0.024,-0.037,-0.002,0.045,-0.56,-0.18,-18.00,0.4624,0.4623,0.4741,0.4737,8218,28.117,716.8,377.4,471.7,22.6,494.3,20.65,23.94,0.92364,11.091,12.62,24.85,14,2
81.515,hall_mission,9x4.5,pi5,0.002,35.339,-1.990,-0.024,-0.039,-0.002,0.046,-0.55,-0.20,-19.20,0.4621,0.4624,0.4740,0.4737,8217,28.110,716.6,377.2,471.5,22.6,494.1,20.64,23.94,0.92359,11.098,12.62,24.85,14,2
81.563,hall_mission,9x4.5,pi5,0.002,35.338,-1.990,-0.024,-0.042,-0.003,0.049,-0.55,-0.22,-21.00,0.4624,0.4608,0.4742,0.4744,8215,28.099,716.3,377.0,471.3,22.6,493.9,20.63,23.94,0.92355,11.105,12.63,24.85,14,2
81.615,hall_mission,9x4.5,pi5,0.003,35.337,-1.990,-0.024,-0.044,-0.004,0.051,-0.55,-0.23,-22.20,0.4626,0.4622,0.4734,0.4730,8213,28.085,716.0,376.7,470.9,22.6,493.5,20.61,23.94,0.92350,11.112,12.64,24.85,14,2
81.663,hall_mission,9x4.5,pi5,0.004,35.335,-1.991,-0.024,-0.047,-0.004,0.053,-0.54,-0.25,-24.00,0.4620,0.4618,0.4734,0.4737,8212,28.078,715.8,376.6,470.7,22.6,493.3,20.61,23.94,0.92345,11.118,12.64,24.85,14,2
81.715,hall_mission,9x4.5,pi5,0.005,35.334,-1.991,-0.024,-0.048,-0.004,0.054,-0.53,-0.26,-25.20,0.4614,0.4623,0.4735,0.4737,8212,28.076,715.7,376.5,470.7,22.6,493.3,20.61,23.94,0.92340,11.125,12.64,24.85,14,2
81.763,hall_mission,9x4.5,pi5,0.006,35.332,-1.991,-0.024,-0.050,-0.004,0.055,-0.53,-0.27,-27.00,0.4618,0.4608,0.4740,0.4743,8212,28.078,715.8,376.6,470.7,22.6,493.3,20.61,23.94,0.92335,11.132,12.64,24.85,14,2
81.815,hall_mission,9x4.5,pi5,0.006,35.330,-1.992,-0.024,-0.051,-0.003,0.056,-0.53,-0.28,-28.20,0.4627,0.4619,0.4731,0.4731,8212,28.074,715.7,376.5,470.6,22.6,493.2,20.60,23.94,0.92330,11.139,12.64,24.85,14,2
81.867,hall_mission,9x4.5,pi5,0.008,35.328,-1.992,-0.024,-0.052,-0.004,0.058,-0.52,-0.29,-30.00,0.4617,0.4622,0.4735,0.4733,8211,28.071,715.6,376.4,470.5,22.6,493.1,20.60,23.94,0.92326,11.146,12.64,24.85,14,2
81.915,hall_mission,9x4.5,pi5,0.009,35.326,-1.992,-0.024,-0.053,-0.003,0.058,-0.52,-0.30,-31.20,0.4618,0.4618,0.4733,0.4737,8211,28.070,715.6,376.4,470.5,22.6,493.1,20.60,23.94,0.92321,11.153,12.64,24.85,14,2
81.963,hall_mission,9x4.5,pi5,0.010,35.324,-1.993,-0.023,-0.054,-0.003,0.059,-0.52,-0.31,-33.00,0.4614,0.4608,0.4739,0.4742,8210,28.064,715.4,376.3,470.4,22.6,493.0,20.60,23.94,0.92316,11.159,12.64,24.85,14,2
82.015,hall_mission,9x4.5,pi5,0.011,35.322,-1.993,-0.023,-0.055,-0.003,0.060,-0.52,-0.32,-34.20,0.4623,0.4620,0.4724,0.4735,8209,28.059,715.3,376.2,470.2,22.6,492.8,20.59,23.94,0.92311,11.166,12.64,24.85,14,2
82.063,hall_mission,9x4.5,pi5,0.013,35.319,-1.994,-0.023,-0.056,-0.003,0.061,-0.52,-0.32,-36.00,0.4618,0.4615,0.4729,0.4738,8209,28.056,715.2,376.1,470.2,22.6,492.8,20.59,23.94,0.92307,11.173,12.64,24.85,14,2
82.115,hall_mission,9x4.5,pi5,0.014,35.316,-1.994,-0.022,-0.057,-0.003,0.061,-0.52,-0.33,-37.20,0.4613,0.4620,0.4731,0.4733,8208,28.048,715.0,376.0,470.0,22.6,492.6,20.58,23.94,0.92302,11.180,12.65,24.85,14,2
82.163,hall_mission,9x4.5,pi5,0.016,35.313,-1.994,-0.022,-0.058,-0.003,0.062,-0.52,-0.33,-39.00,0.4611,0.4610,0.4734,0.4740,8207,28.045,715.0,375.9,469.9,22.6,492.5,20.58,23.94,0.92297,11.187,12.65,24.85,14,2
82.215,hall_mission,9x4.5,pi5,0.017,35.311,-1.995,-0.022,-0.059,-0.003,0.063,-0.52,-0.33,-40.20,0.4623,0.4619,0.4728,0.4726,8207,28.044,714.9,375.9,469.9,22.6,492.5,20.57,23.94,0.92292,11.194,12.65,24.85,14,2
82.267,hall_mission,9x4.5,pi5,0.019,35.306,-1.996,-0.022,-0.060,-0.002,0.064,-0.52,-0.33,-42.01,0.4616,0.4620,0.4727,0.4733,8207,28.043,714.9,375.9,469.9,22.6,492.5,20.57,23.94,0.92287,11.201,12.65,24.85,14,2
82.315,hall_mission,9x4.5,pi5,0.020,35.303,-1.996,-0.023,-0.061,-0.002,0.065,-0.51,-0.33,-43.20,0.4618,0.4612,0.4736,0.4728,8206,28.039,714.8,375.8,469.7,22.6,492.3,20.57,23.94,0.92283,11.208,12.65,24.85,14,2
82.363,hall_mission,9x4.5,pi5,0.021,35.298,-1.997,-0.023,-0.062,-0.001,0.066,-0.51,-0.33,-45.00,0.4607,0.4610,0.4732,0.4741,8205,28.033,714.6,375.7,469.6,22.6,492.2,20.56,23.93,0.92278,11.214,12.65,24.85,14,2
82.415,hall_mission,9x4.5,pi5,0.021,35.295,-1.998,-0.024,-0.063,-0.001,0.067,-0.50,-0.33,-46.20,0.4623,0.4614,0.4722,0.4728,8204,28.022,714.4,375.5,469.3,22.6,491.9,20.55,23.93,0.92273,11.221,12.66,24.85,14,2
82.467,hall_mission,9x4.5,pi5,0.022,35.289,-1.999,-0.025,-0.064,-0.001,0.069,-0.49,-0.33,-48.01,0.4619,0.4610,0.4724,0.4731,8203,28.015,714.2,375.3,469.1,22.6,491.7,20.54,23.93,0.92268,11.228,12.66,24.85,14,2
82.515,hall_mission,9x4.5,pi5,0.022,35.285,-1.999,-0.025,-0.064,0.000,0.069,-0.47,-0.32,-49.21,0.4615,0.4611,0.4731,0.4729,8204,28.020,714.3,375.4,469.3,22.6,491.9,20.55,23.93,0.92264,11.235,12.66,24.85,14,2
82.567,hall_mission,9x4.5,pi5,0.022,35.280,-1.999,-0.026,-0.064,0.001,0.070,-0.45,-0.32,-51.00,0.4608,0.4611,0.4728,0.4742,8205,28.030,714.6,375.6,469.5,22.6,492.1,20.56,23.93,0.92259,11.242,12.65,24.85,14,2
82.615,hall_mission,9x4.5,pi5,0.022,35.276,-1.999,-0.027,-0.064,0.001,0.070,-0.44,-0.31,-52.21,0.4619,0.4620,0.4724,0.4731,8207,28.041,714.8,375.8,469.8,22.6,492.4,20.57,23.93,0.92254,11.249,12.64,24.85,14,2
82.663,hall_mission,9x4.5,pi5,0.022,35.271,-1.999,-0.028,-0.064,0.002,0.070,-0.41,-0.31,-54.01,0.4615,0.4616,0.4732,0.4735,8208,28.051,715.1,376.0,470.0,22.6,492.6,20.59,23.93,0.92250,11.255,12.64,24.85,14,2
82.715,hall_mission,9x4.5,pi5,0.022,35.267,-1.999,-0.028,-0.064,0.002,0.070,-0.40,-0.30,-55.21,0.4622,0.4612,0.4734,0.4734,8210,28.062,715.4,376.3,470.3,22.6,492.9,20.60,23.93,0.92245,11.262,12.63,24.85,14,2
82.767,hall_mission,9x4.5,pi5,0.022,35.262,-1.998,-0.029,-0.063,0.002,0.069,-0.37,-0.30,-57.01,0.4610,0.4618,0.4738,0.4741,8211,28.073,715.7,376.5,470.6,22.6,493.2,20.61,23.93,0.92240,11.269,12.62,24.85,14,2
82.815,hall_mission,9x4.5,pi5,0.021,35.259,-1.998,-0.029,-0.062,0.002,0.069,-0.35,-0.30,-58.21,0.4622,0.4627,0.4727,0.4736,8213,28.085,716.0,376.7,470.9,22.6,493.5,20.62,23.93,0.92235,11.276,12.61,24.85,14,2
82.863,hall_mission,9x4.5,pi5,0.021,35.253,-1.997,-0.030,-0.061,0.002,0.068,-0.33,-0.30,-60.01,0.4623,0.4618,0.4734,0.4741,8215,28.097,716.3,377.0,471.2,22.6,493.8,20.64,23.93,0.92231,11.283,12.60,24.85,14,2
82.915,hall_mission,9x4.5,pi5,0.021,35.250,-1.996,-0.030,-0.060,0.001,0.067,-0.32,-0.30,-61.22,0.4637,0.4637,0.4723,0.4727,8218,28.114,716.7,377.3,471.6,22.6,494.2,20.65,23.93,0.92226,11.290,12.59,24.85,14,2
82.967,hall_mission,9x4.5,pi5,0.020,35.246,-1.995,-0.029,-0.058,0.001,0.065,-0.29,-0.30,-63.02,0.4632,0.4635,0.4730,0.4735,8220,28.134,717.2,377.7,472.1,22.6,494.7,20.68,23.93,0.92221,11.297,12.57,24.85,14,2
83.015,hall_mission,9x4.5,pi5,0.020,35.243,-1.993,-0.029,-0.057,0.000,0.064,-0.28,-0.30,-64.21,0.4639,0.4634,0.4734,0.4732,8223,28.151,717.7,378.0,472.5,22.6,495.1,20.70,23.93,0.92216,11.303,12.56,24.84,14,2
83.067,hall_mission,9x4.5,pi5,0.019,35.238,-1.991,-0.029,-0.054,-0.001,0.062,-0.26,-0.30,-66.01,0.4629,0.4630,0.4749,0.4738,8226,28.172,718.2,378.5,473.1,22.6,495.7,20.72,23.92,0.92211,11.311,12.55,24.84,14,2
83.115,hall_mission,9x4.5,pi5,0.019,35.236,-1.990,-0.029,-0.053,-0.002,0.060,-0.25,-0.30,-67.20,0.4623,0.4627,0.4752,0.4750,8228,28.185,718.5,378.8,473.4,22.6,496.0,20.73,23.92,0.92206,11.317,12.54,24.84,14,2
83.163,hall_mission,9x4.5,pi5,0.018,35.232,-1.988,-0.029,-0.051,-0.003,0.058,-0.24,-0.31,-68.99,0.4619,0.4618,0.4756,0.4763,8229,28.195,718.8,379.0,473.7,22.6,496.3,20.75,23.92,0.92202,11.324,12.53,24.84,14,2
83.215,hall_mission,9x4.5,pi5,0.017,35.229,-1.987,-0.029,-0.049,-0.004,0.057,-0.23,-0.32,-70.19,0.4632,0.4625,0.4751,0.4750,8230,28.201,718.9,379.1,473.8,22.6,496.4,20.75,23.92,0.92197,11.331,12.52,24.84,14,2
83.267,hall_mission,9x4.5,pi5,0.015,35.225,-1.985,-0.029,-0.047,-0.006,0.056,-0.22,-0.33,-71.99,0.4628,0.4625,0.4750,0.4758,8231,28.207,719.1,379.2,474.0,22.6,496.6,20.76,23.92,0.92192,11.338,12.52,24.84,14,2
83.315,hall_mission,9x4.5,pi5,0.014,35.223,-1.984,-0.029,-0.046,-0.007,0.055,-0.21,-0.34,-73.19,0.4623,0.4628,0.4754,0.4756,8231,28.208,719.1,379.2,474.0,22.6,496.6,20.76,23.92,0.92187,11.345,12.52,24.84,14,2
83.363,hall_mission,9x4.5,pi5,0.013,35.219,-1.982,-0.030,-0.044,-0.009,0.054,-0.19,-0.35,-74.99,0.4621,0.4622,0.4761,0.4757,8231,28.209,719.1,379.3,474.1,22.6,496.7,20.76,23.92,0.92183,11.351,12.52,24.84,14,2
83.415,hall_mission,9x4.5,pi5,0.011,35.216,-1.982,-0.030,-0.043,-0.010,0.053,-0.17,-0.36,-76.20,0.4636,0.4629,0.4747,0.4747,8230,28.201,718.9,379.1,473.8,22.6,496.4,20.75,23.92,0.92178,11.359,12.52,24.84,14,2
83.467,hall_mission,9x4.5,pi5,0.009,35.211,-1.981,-0.029,-0.042,-0.012,0.053,-0.15,-0.37,-78.00,0.4628,0.4630,0.4745,0.4747,8227,28.181,718.4,378.7,473.3,22.6,495.9,20.73,23.92,0.92173,11.366,12.53,24.84,14,2
83.515,hall_mission,9x4.5,pi5,0.008,35.208,-1.981,-0.029,-0.042,-0.012,0.052,-0.13,-0.37,-79.21,0.4627,0.4630,0.4744,0.4747,8226,28.173,718.2,378.5,473.1,22.6,495.7,20.72,23.92,0.92168,11.372,12.54,24.84,14,2
83.567,hall_mission,9x4.5,pi5,0.006,35.204,-1.981,-0.029,-0.041,-0.013,0.052,-0.10,-0.37,-81.02,0.4626,0.4624,0.4745,0.4748,8224,28.162,717.9,378.3,472.9,22.6,495.5,20.71,23.92,0.92163,11.379,12.54,24.84,14,2
83.615,hall_mission,9x4.5,pi5,0.005,35.201,-1.981,-0.029,-0.040,-0.014,0.052,-0.08,-0.37,-82.23,0.4634,0.4633,0.4738,0.4734,8223,28.153,717.7,378.1,472.6,22.6,495.2,20.70,23.92,0.92158,11.386,12.55,24.84,14,2
83.663,hall_mission,9x4.5,pi5,0.003,35.195,-1.981,-0.028,-0.040,-0.014,0.051,-0.05,-0.37,-84.05,0.4630,0.4628,0.4739,0.4740,8222,28.146,717.5,378.0,472.4,22.6,495.0,20.70,23.92,0.92154,11.393,12.55,24.84,14,2
83.715,hall_mission,9x4.5,pi5,0.002,35.192,-1.982,-0.027,-0.039,-0.014,0.050,-0.03,-0.36,-85.26,0.4629,0.4628,0.4738,0.4739,8221,28.139,717.3,377.8,472.2,22.6,494.8,20.69,23.92,0.92149,11.400,12.56,24.84,14,2
83.767,hall_mission,9x4.5,pi5,0.001,35.188,-1.982,-0.026,-0.039,-0.014,0.049,-0.01,-0.35,-87.07,0.4624,0.4624,0.4743,0.4738,8219,28.127,717.0,377.6,472.0,22.6,494.6,20.68,23.92,0.92144,11.407,12.56,24.84,14,2
83.815,hall_mission,9x4.5,pi5,-0.000,35.185,-1.983,-0.026,-0.038,-0.014,0.048,0.00,-0.34,-88.27,0.4634,0.4629,0.4729,0.4734,8218,28.119,716.8,377.4,471.7,22.6,494.3,20.67,23.92,0.92139,11.414,12.57,24.84,14,2
83.863,hall_mission,9x4.5,pi5,-0.002,35.180,-1.984,-0.024,-0.037,-0.014,0.046,0.03,-0.32,-90.09,0.4623,0.4628,0.4730,0.4739,8216,28.105,716.5,377.1,471.4,22.6,494.0,20.65,23.92,0.92135,11.420,12.57,24.84,14,2
83.915,hall_mission,9x4.5,pi5,-0.002,35.177,-1.985,-0.023,-0.036,-0.014,0.045,0.04,-0.31,-91.29,0.4623,0.4626,0.4733,0.4734,8214,28.092,716.1,376.9,471.1,22.6,493.7,20.64,23.92,0.92130,11.427,12.58,24.84,14,2
83.967,hall_mission,9x4.5,pi5,-0.003,35.173,-1.986,-0.022,-0.035,-0.013,0.043,0.05,-0.29,-93.10,0.4620,0.4620,0.4733,0.4738,8213,28.083,715.9,376.7,470.8,22.6,493.4,20.63,23.92,0.92125,11.434,12.59,24.84,14,2
84.015,hall_mission,9x4.5,pi5,-0.003,35.170,-1.987,-0.020,-0.033,-0.013,0.041,0.06,-0.28,-94.31,0.4629,0.4626,0.4728,0.4726,8212,28.076,715.7,376.5,470.6,22.6,493.2,20.62,23.92,0.92120,11.441,12.59,24.84,14,2
84.063,hall_mission,9x4.5,pi5,-0.004,35.166,-1.988,-0.018,-0.032,-0.012,0.039,0.07,-0.27,-96.11,0.4620,0.4623,0.4730,0.4733,8211,28.068,715.5,376.4,470.5,22.6,493.1,20.61,23.92,0.92116,11.448,12.59,24.84,14,2
84.115,hall_mission,9x4.5,pi5,-0.004,35.163,-1.989,-0.017,-0.031,-0.011,0.037,0.08,-0.26,-97.32,0.4622,0.4619,0.4731,0.4732,8210,28.065,715.4,376.3,470.4,22.6,493.0,20.61,23.92,0.92111,11.455,12.60,24.84,14,2
84.167,hall_mission,9x4.5,pi5,-0.004,35.160,-1.990,-0.015,-0.029,-0.010,0.035,0.08,-0.25,-99.12,0.4615,0.4618,0.4733,0.4737,8210,28.062,715.4,376.3,470.3,22.6,492.9,20.61,23.92,0.92106,11.462,12.60,24.84,14,2
84.215,hall_mission,9x4.5,pi5,-0.004,35.157,-1.991,-0.014,-0.028,-0.010,0.033,0.08,-0.24,-100.32,0.4624,0.4623,0.4726,0.4725,8208,28.050,715.1,376.0,470.0,22.6,492.6,20.60,23.92,0.92101,11.468,12.60,24.84,14,2
84.267,hall_mission,9x4.5,pi5,-0.004,35.153,-1.993,-0.012,-0.027,-0.009,0.031,0.07,-0.24,-102.13,0.4621,0.4615,0.4730,0.4726,8206,28.038,714.8,375.8,469.7,22.6,492.3,20.58,23.92,0.92096,11.475,12.61,24.84,14,2
84.315,hall_mission,9x4.5,pi5,-0.003,35.150,-1.994,-0.011,-0.026,-0.008,0.029,0.07,-0.23,-103.33,0.4615,0.4615,0.4724,0.4734,8205,28.027,714.5,375.6,469.4,22.6,492.0,20.57,23.92,0.92092,11.482,12.62,24.84,14,2
84.363,hall_mission,9x4.5,pi5,-0.003,35.147,-1.996,-0.010,-0.025,-0.007,0.027,0.06,-0.23,-105.13,0.4609,0.4609,0.4730,0.4737,8203,28.017,714.2,375.4,469.2,22.6,491.8,20.56,23.92,0.92087,11.489,12.62,24.84,14,2
84.415,hall_mission,9x4.5,pi5,-0.003,35.144,-1.997,-0.009,-0.024,-0.006,0.026,0.06,-0.22,-106.34,0.4621,0.4615,0.4722,0.4724,8202,28.010,714.0,375.2,469.0,22.6,491.6,20.55,23.92,0.92082,11.496,12.63,24.84,14,2
84.467,hall_mission,9x4.5,pi5,-0.003,35.141,-1.998,-0.008,-0.023,-0.005,0.025,0.05,-0.22,-108.14,0.4612,0.4617,0.4722,0.4729,8201,28.005,713.9,375.1,468.9,22.6,491.5,20.55,23.92,0.92077,11.503,12.63,24.84,14,2
84.515,hall_mission,9x4.5,pi5,-0.003,35.138,-1.999,-0.007,-0.022,-0.004,0.024,0.05,-0.21,-109.34,0.4629,0.4625,0.4710,0.4713,8201,27.997,713.7,374.9,468.7,22.6,491.3,20.54,23.92,0.92073,11.509,12.63,24.84,14,2
84.567,hall_mission,9x4.5,pi5,-0.003,35.135,-2.001,-0.007,-0.021,-0.003,0.022,0.04,-0.21,-111.14,0.4622,0.4619,0.4716,0.4718,8200,27.995,713.7,374.9,468.6,22.6,491.2,20.54,23.92,0.92068,11.516,12.63,24.84,14,2
84.611,hall_mission,9x4.5,pi5,-0.003,35.132,-2.002,-0.006,-0.021,-0.002,0.022,0.04,-0.20,-112.34,0.4621,0.4626,0.4718,0.4713,8201,28.000,713.8,375.0,468.7,22.6,491.3,20.54,23.92,0.92063,11.522,12.63,24.84,14,2
84.659,hall_mission,9x4.5,pi5,-0.003,35.129,-2.003,-0.006,-0.019,-0.000,0.020,0.03,-0.19,-114.13,0.4610,0.4611,0.4729,0.4730,8202,28.006,713.9,375.1,468.9,22.6,491.5,20.55,23.92,0.92059,11.529,12.62,24.84,14,2
84.711,hall_mission,9x4.5,pi5,-0.003,35.127,-2.003,-0.006,-0.018,0.001,0.019,0.03,-0.19,-115.32,0.4606,0.4615,0.4727,0.4735,8203,28.013,714.1,375.3,469.1,22.6,491.7,20.56,23.92,0.92054,11.536,12.62,24.84,14,2
84.759,hall_mission,9x4.5,pi5,-0.004,35.124,-2.003,-0.005,-0.017,0.002,0.018,0.03,-0.19,-117.11,0.4598,0.4602,0.4743,0.4744,8204,28.025,714.4,375.5,469.4,22.6,492.0,20.57,23.92,0.92049,11.543,12.61,24.84,14,2
84.811,hall_mission,9x4.5,pi5,-0.004,35.122,-2.004,-0.005,-0.016,0.002,0.017,0.02,-0.18,-118.31,0.4598,0.4600,0.4751,0.4744,8206,28.039,714.8,375.8,469.8,22.6,492.4,20.59,23.91,0.92044,11.550,12.60,24.84,14,2
84.859,hall_mission,9x4.5,pi5,-0.004,35.119,-2.004,-0.005,-0.015,0.003,0.016,0.03,-0.17,-120.11,0.4594,0.4595,0.4756,0.4751,8208,28.049,715.0,376.1,470.1,22.6,492.7,20.60,23.91,0.92040,11.556,12.59,24.84,14,2
84.911,hall_mission,9x4.5,pi5,-0.005,35.117,-2.004,-0.004,-0.014,0.003,0.015,0.03,-0.17,-121.32,0.4606,0.4609,0.4742,0.4741,8208,28.052,715.1,376.1,470.1,22.6,492.7,20.60,23.91,0.92035,11.563,12.59,24.84,14,2
84.959,hall_mission,9x4.5,pi5,-0.005,35.114,-2.003,-0.004,-0.013,0.004,0.014,0.03,-0.17,-123.14,0.4605,0.4610,0.4746,0.4742,8210,28.062,715.4,376.3,470.4,22.6,493.0,20.62,23.91,0.92030,11.570,12.58,24.84,14,2
85.011,hall_mission,9x4.5,pi5,-0.006,35.113,-2.003,-0.004,-0.012,0.004,0.013,0.03,-0.16,-124.36,0.4613,0.4613,0.4740,0.4741,8211,28.073,715.7,376.5,470.6,22.6,493.2,20.63,23.91,0.92025,11.577,12.57,24.83,14,2
85.059,hall_mission,9x4.5,pi5,-0.006,35.110,-2.002,-0.003,-0.011,0.004,0.012,0.04,-0.16,-126.18,0.4612,0.4613,0.4746,0.4742,8214,28.089,716.1,376.8,471.0,22.6,493.6,20.64,23.91,0.92021,11.584,12.56,24.83,14,2
85.107,hall_mission,9x4.5,pi5,-0.006,35.108,-2.002,-0.002,-0.011,0.004,0.012,0.04,-0.16,-127.40,0.4627,0.4629,0.4730,0.4732,8215,28.096,716.3,376.9,471.2,22.6,493.8,20.65,23.91,0.92016,11.590,12.55,24.83,14,2
85.159,hall_mission,9x4.5,pi5,-0.007,35.105,-2.001,-0.002,-0.010,0.004,0.011,0.04,-0.16,-129.24,0.4628,0.4624,0.4736,0.4731,8216,28.104,716.5,377.1,471.4,22.6,494.0,20.66,23.91,0.92011,11.597,12.55,24.83,14,2
85.211,hall_mission,9x4.5,pi5,-0.007,35.103,-2.001,-0.001,-0.010,0.003,0.010,0.04,-0.15,-130.46,0.4630,0.4628,0.4734,0.4730,8217,28.109,716.6,377.2,471.5,22.6,494.1,20.67,23.91,0.92006,11.605,12.54,24.83,14,2
85.259,hall_mission,9x4.5,pi5,-0.008,35.100,-2.000,-0.000,-0.010,0.003,0.010,0.04,-0.15,-132.29,0.4626,0.4628,0.4733,0.4737,8218,28.116,716.8,377.4,471.7,22.6,494.3,20.67,23.91,0.92002,11.611,12.54,24.83,14,2
85.311,hall_mission,9x4.5,pi5,-0.008,35.098,-1.999,0.000,-0.009,0.002,0.009,0.04,-0.14,-133.50,0.4640,0.4636,0.4728,0.4720,8217,28.113,716.7,377.3,471.6,22.6,494.2,20.67,23.91,0.91997,11.618,12.54,24.83,14,2
85.359,hall_mission,9x4.5,pi5,-0.008,35.096,-1.999,0.001,-0.009,0.001,0.009,0.03,-0.14,-135.32,0.4632,0.4632,0.4732,0.4725,8216,28.105,716.5,377.1,471.4,22.6,494.0,20.66,23.91,0.91992,11.625,12.54,24.83,14,2
85.411,hall_mission,9x4.5,pi5,-0.009,35.094,-1.999,0.002,-0.008,0.001,0.009,0.03,-0.13,-136.53,0.4626,0.4635,0.4726,0.4730,8215,28.096,716.2,376.9,471.2,22.6,493.8,20.65,23.91,0.91987,11.632,12.55,24.83,14,2
85.459,hall_mission,9x4.5,pi5,-0.010,35.091,-1.999,0.002,-0.008,0.000,0.008,0.02,-0.13,-138.35,0.4624,0.4624,0.4737,0.4729,8214,28.091,716.1,376.8,471.0,22.6,493.6,20.65,23.91,0.91982,11.639,12.55,24.83,14,2
85.511,hall_mission,9x4.5,pi5,-0.010,35.090,-1.999,0.002,-0.007,0.000,0.007,0.02,-0.12,-139.55,0.4632,0.4632,0.4724,0.4723,8213,28.083,715.9,376.7,470.8,22.6,493.4,20.64,23.91,0.91977,11.646,12.55,24.83,14,2
85.559,hall_mission,9x4.5,pi5,-0.011,35.087,-1.999,0.002,-0.006,-0.000,0.007,0.02,-0.12,-141.36,0.4626,0.4627,0.4734,0.4725,8213,28.082,715.9,376.7,470.8,22.6,493.4,20.64,23.91,0.91973,11.652,12.55,24.83,14,2
85.603,hall_mission,9x4.5,pi5,-0.012,35.086,-1.999,0.003,-0.006,-0.000,0.007,0.01,-0.11,-142.56,0.4631,0.4625,0.4723,0.4731,8213,28.080,715.9,376.6,470.8,22.6,493.4,20.64,23.91,0.91969,11.658,12.55,24.83,14,2
85.655,hall_mission,9x4.5,pi5,-0.013,35.084,-1.999,0.003,-0.006,-0.000,0.006,0.01,-0.11,-143.76,0.4615,0.4619,0.4737,0.4741,8213,28.084,715.9,376.7,470.9,22.6,493.5,20.64,23.91,0.91964,11.665,12.55,24.83,14,2
85.703,hall_mission,9x4.5,pi5,-0.013,35.082,-1.998,0.004,-0.005,-0.000,0.006,0.01,-0.09,-145.56,0.4618,0.4615,0.4740,0.4741,8214,28.091,716.1,376.8,471.1,22.6,493.7,20.65,23.91,0.91959,11.672,12.54,24.83,14,2
85.755,hall_mission,9x4.5,pi5,-0.014,35.081,-1.998,0.004,-0.004,-0.000,0.006,0.01,-0.09,-146.76,0.4608,0.4610,0.4749,0.4750,8215,28.099,716.3,377.0,471.3,22.6,493.9,20.66,23.90,0.91954,11.679,12.54,24.83,14,2
85.803,hall_mission,9x4.5,pi5,-0.014,35.079,-1.998,0.005,-0.003,-0.000,0.006,0.01,-0.08,-148.57,0.4605,0.4609,0.4755,0.4752,8216,28.109,716.6,377.2,471.6,22.6,494.2,20.67,23.90,0.91950,11.686,12.53,24.83,14,2
85.855,hall_mission,9x4.5,pi5,-0.015,35.079,-1.997,0.006,-0.003,-0.000,0.007,0.02,-0.08,-149.78,0.4606,0.4606,0.4752,0.4758,8217,28.111,716.6,377.3,471.6,22.6,494.2,20.68,23.90,0.91945,11.693,12.53,24.83,14,2
85.895,hall_mission,9x4.5,pi5,-0.015,35.078,-1.997,0.007,-0.002,-0.001,0.007,0.01,-0.08,-151.00,0.4618,0.4619,0.4741,0.4741,8216,28.105,716.5,377.1,471.4,22.6,494.0,20.67,23.90,0.91941,11.698,12.53,24.83,14,2
85.947,hall_mission,9x4.5,pi5,-0.015,35.076,-1.997,0.009,-0.001,-0.001,0.010,0.02,-0.08,-152.83,0.4613,0.4614,0.4742,0.4751,8216,28.107,716.5,377.2,471.5,22.6,494.1,20.67,23.90,0.91936,11.706,12.53,24.83,14,2
85.995,hall_mission,9x4.5,pi5,-0.014,35.076,-1.997,0.011,-0.000,-0.001,0.011,0.02,-0.08,-154.05,0.4624,0.4622,0.4736,0.4740,8217,28.109,716.6,377.2,471.5,22.6,494.1,20.67,23.90,0.91931,11.712,12.53,24.83,14,2
86.047,hall_mission,9x4.5,pi5,-0.014,35.075,-1.997,0.013,0.001,-0.001,0.013,0.02,-0.09,-155.88,0.4615,0.4619,0.4743,0.4747,8217,28.114,716.7,377.3,471.7,22.6,494.3,20.68,23.90,0.91926,11.719,12.52,24.83,14,2
86.095,hall_mission,9x4.5,pi5,-0.014,35.074,-1.996,0.014,0.001,-0.001,0.014,0.02,-0.10,-157.11,0.4624,0.4620,0.4741,0.4741,8218,28.119,716.8,377.4,471.8,22.6,494.4,20.68,23.90,0.91922,11.726,12.52,24.83,14,2
86.147,hall_mission,9x4.5,pi5,-0.014,35.073,-1.996,0.015,0.001,-0.002,0.015,0.02,-0.12,-158.95,0.4620,0.4615,0.4747,0.4745,8219,28.123,716.9,377.5,471.9,22.6,494.5,20.69,23.90,0.91917,11.733,12.51,24.83,14,2
86.195,hall_mission,9x4.5,pi5,-0.014,35.072,-1.995,0.016,0.001,-0.002,0.016,0.02,-0.13,-160.17,0.4632,0.4631,0.4731,0.4733,8219,28.123,716.9,377.5,471.9,22.6,494.5,20.69,23.90,0.91912,11.740,12.51,24.83,14,2
86.247,hall_mission,9x4.5,pi5,-0.014,35.071,-1.995,0.016,0.001,-0.002,0.016,0.02,-0.15,-162.01,0.4627,0.4631,0.4738,0.4733,8219,28.126,717.0,377.5,471.9,22.6,494.5,20.69,23.90,0.91907,11.747,12.51,24.83,14,2
86.295,hall_mission,9x4.5,pi5,-0.015,35.071,-1.995,0.016,0.001,-0.003,0.016,0.03,-0.15,-163.24,0.4633,0.4635,0.4737,0.4726,8220,28.130,717.1,377.6,472.0,22.6,494.6,20.70,23.90,0.91902,11.753,12.51,24.83,14,2
86.347,hall_mission,9x4.5,pi5,-0.016,35.069,-1.994,0.016,0.001,-0.003,0.016,0.03,-0.16,-165.07,0.4627,0.4630,0.4738,0.4736,8220,28.131,717.1,377.6,472.0,22.6,494.6,20.70,23.90,0.91897,11.761,12.51,24.83,14,2
86.395,hall_mission,9x4.5,pi5,-0.017,35.068,-1.994,0.015,0.000,-0.004,0.016,0.03,-0.16,-166.29,0.4644,0.4636,0.4724,0.4726,8220,28.130,717.1,377.6,472.0,22.6,494.6,20.70,23.90,0.91893,11.767,12.51,24.83,14,2
86.447,hall_mission,9x4.5,pi5,-0.018,35.067,-1.993,0.015,0.000,-0.004,0.015,0.03,-0.16,-168.11,0.4637,0.4634,0.4733,0.4727,8220,28.132,717.2,377.7,472.1,22.6,494.7,20.70,23.90,0.91888,11.774,12.50,24.83,14,2
86.495,hall_mission,9x4.5,pi5,-0.019,35.067,-1.993,0.015,0.000,-0.004,0.015,0.03,-0.15,-169.33,0.4637,0.4639,0.4729,0.4728,8221,28.135,717.2,377.7,472.1,22.6,494.7,20.70,23.90,0.91883,11.781,12.50,24.83,14,2
86.547,hall_mission,9x4.5,pi5,-0.020,35.066,-1.993,0.014,0.000,-0.005,0.015,0.03,-0.14,-171.14,0.4627,0.4630,0.4737,0.4736,8220,28.131,717.1,377.6,472.1,22.6,494.7,20.70,23.90,0.91878,11.788,12.50,24.83,14,2
86.595,hall_mission,9x4.5,pi5,-0.021,35.066,-1.993,0.014,0.000,-0.005,0.015,0.03,-0.13,-172.35,0.4636,0.4641,0.4724,0.4727,8219,28.124,717.0,377.5,471.9,22.6,494.5,20.69,23.90,0.91874,11.795,12.50,24.83,14,2
86.647,hall_mission,9x4.5,pi5,-0.022,35.065,-1.993,0.014,0.001,-0.005,0.015,0.04,-0.12,-174.16,0.4634,0.4629,0.4732,0.4732,8219,28.124,717.0,377.5,471.9,22.6,494.5,20.69,23.90,0.91869,11.802,12.50,24.83,14,2
86.695,hall_mission,9x4.5,pi5,-0.023,35.065,-1.992,0.014,0.001,-0.006,0.015,0.04,-0.11,-175.36,0.4636,0.4627,0.4734,0.4730,8219,28.123,716.9,377.5,471.8,22.6,494.4,20.69,23.90,0.91864,11.808,12.50,24.83,14,2
86.747,hall_mission,9x4.5,pi5,-0.025,35.065,-1.993,0.014,0.001,-0.006,0.015,0.05,-0.09,-177.16,0.4617,0.4627,0.4745,0.4735,8218,28.115,716.7,377.3,471.7,22.6,494.3,20.68,23.90,0.91859,11.815,12.51,24.83,14,2
86.795,hall_mission,9x4.5,pi5,-0.026,35.064,-1.993,0.014,0.001,-0.006,0.015,0.05,-0.08,-178.36,0.4629,0.4634,0.4727,0.4730,8216,28.103,716.4,377.1,471.3,22.6,493.9,20.67,23.90,0.91855,11.822,12.51,24.83,14,2
86.847,hall_mission,9x4.5,pi5,-0.027,35.064,-1.994,0.014,0.001,-0.006,0.016,0.06,-0.07,179.84,0.4622,0.4625,0.4734,0.4734,8214,28.092,716.1,376.9,471.1,22.6,493.7,20.66,23.90,0.91850,11.829,12.52,24.83,14,2
86.895,hall_mission,9x4.5,pi5,-0.028,35.064,-1.994,0.015,0.000,-0.006,0.016,0.06,-0.06,178.64,0.4627,0.4622,0.4732,0.4732,8213,28.085,716.0,376.7,470.9,22.6,493.5,20.65,23.90,0.91845,11.836,12.52,24.83,14,2
86.947,hall_mission,9x4.5,pi5,-0.030,35.063,-1.995,0.015,-0.000,-0.006,0.016,0.07,-0.04,176.85,0.4613,0.4617,0.4742,0.4737,8212,28.079,715.8,376.6,470.8,22.6,493.4,20.65,23.90,0.91840,11.843,12.53,24.83,14,2
86.995,hall_mission,9x4.5,pi5,-0.031,35.063,-1.995,0.016,-0.001,-0.006,0.017,0.07,-0.03,175.65,0.4627,0.4623,0.4727,0.4730,8212,28.074,715.7,376.5,470.6,22.6,493.2,20.64,23.90,0.91835,11.849,12.53,24.83,14,2
87.047,hall_mission,9x4.5,pi5,-0.032,35.062,-1.996,0.016,-0.002,-0.005,0.017,0.07,-0.02,173.85,0.4617,0.4621,0.4734,0.4734,8211,28.072,715.6,376.5,470.6,22.6,493.2,20.64,23.89,0.91830,11.857,12.53,24.83,14,2
87.095,hall_mission,9x4.5,pi5,-0.033,35.061,-1.996,0.017,-0.002,-0.005,0.018,0.06,-0.01,172.65,0.4621,0.4621,0.4731,0.4733,8211,28.072,715.6,376.5,470.6,22.6,493.2,20.64,23.89,0.91826,11.863,12.53,24.83,14,2
87.147,hall_mission,9x4.5,pi5,-0.034,35.061,-1.997,0.018,-0.003,-0.004,0.019,0.06,-0.00,170.85,0.4609,0.4619,0.4743,0.4738,8212,28.079,715.8,376.6,470.8,22.6,493.4,20.65,23.89,0.91821,11.870,12.52,24.83,14,2
87.195,hall_mission,9x4.5,pi5,-0.035,35.061,-1.997,0.019,-0.004,-0.004,0.020,0.05,0.00,169.65,0.4627,0.4622,0.4732,0.4729,8213,28.080,715.8,376.6,470.8,22.6,493.4,20.65,23.89,0.91816,11.877,12.52,24.83,14,2
87.247,hall_mission,9x4.5,pi5,-0.036,35.060,-1.997,0.020,-0.004,-0.003,0.021,0.05,0.01,167.85,0.4620,0.4619,0.4735,0.4736,8213,28.083,715.9,376.7,470.9,22.6,493.5,20.65,23.89,0.91811,11.884,12.52,24.83,14,2
87.295,hall_mission,9x4.5,pi5,-0.036,35.060,-1.997,0.021,-0.005,-0.003,0.022,0.04,0.01,166.65,0.4619,0.4624,0.4738,0.4729,8213,28.083,715.9,376.7,470.8,22.6,493.4,20.65,23.89,0.91807,11.891,12.52,24.83,14,2
87.347,hall_mission,9x4.5,pi5,-0.037,35.059,-1.998,0.022,-0.006,-0.003,0.023,0.03,0.01,164.85,0.4618,0.4610,0.4748,0.4734,8212,28.080,715.9,376.6,470.8,22.6,493.4,20.65,23.89,0.91802,11.898,12.52,24.83,14,2
87.395,hall_mission,9x4.5,pi5,-0.038,35.059,-1.998,0.022,-0.006,-0.003,0.023,0.03,0.01,163.65,0.4628,0.4622,0.4728,0.4729,8211,28.072,715.6,376.4,470.6,22.6,493.2,20.64,23.89,0.91797,11.904,12.52,24.83,14,2
87.447,hall_mission,9x4.5,pi5,-0.039,35.058,-1.999,0.023,-0.006,-0.002,0.024,0.02,0.01,161.85,0.4615,0.4622,0.4740,0.4728,8211,28.069,715.6,376.4,470.5,22.6,493.1,20.64,23.89,0.91792,11.911,12.52,24.83,14,2
87.495,hall_mission,9x4.5,pi5,-0.040,35.058,-1.999,0.023,-0.006,-0.002,0.024,0.02,0.01,160.65,0.4621,0.4621,0.4732,0.4731,8210,28.065,715.5,376.3,470.4,22.6,493.0,20.64,23.89,0.91788,11.918,12.52,24.83,14,2
87.547,hall_mission,9x4.5,pi5,-0.042,35.057,-2.000,0.023,-0.006,-0.002,0.024,0.01,0.02,158.85,0.4613,0.4612,0.4743,0.4733,8209,28.060,715.3,376.2,470.3,22.6,492.9,20.63,23.89,0.91783,11.925,12.53,24.83,14,2
87.595,hall_mission,9x4.5,pi5,-0.043,35.057,-2.000,0.023,-0.007,-0.001,0.024,0.01,0.02,157.65,0.4622,0.4625,0.4725,0.4729,8209,28.058,715.3,376.2,470.2,22.6,492.8,20.63,23.89,0.91778,11.932,12.53,24.83,14,2
87.647,hall_mission,9x4.5,pi5,-0.045,35.056,-2.000,0.023,-0.007,-0.001,0.024,0.00,0.03,155.84,0.4623,0.4613,0.4732,0.4733,8210,28.061,715.4,376.2,470.3,22.6,492.9,20.63,23.89,0.91773,11.939,12.52,24.83,14,2
87.695,hall_mission,9x4.5,pi5,-0.046,35.055,-2.001,0.023,-0.008,-0.001,0.024,-0.00,0.04,154.64,0.4621,0.4620,0.4732,0.4727,8209,28.055,715.2,376.1,470.1,22.6,492.7,20.62,23.89,0.91769,11.945,12.53,24.83,14,2
87.747,hall_mission,9x4.5,pi5,-0.048,35.054,-2.002,0.023,-0.008,-0.000,0.025,-0.02,0.05,152.84,0.4612,0.4612,0.4736,0.4737,8208,28.050,715.1,376.0,470.0,22.6,492.6,20.62,23.89,0.91764,11.952,12.53,24.83,14,2
87.795,hall_mission,9x4.5,pi5,-0.050,35.053,-2.002,0.023,-0.009,0.000,0.025,-0.03,0.06,151.64,0.4626,0.4620,0.4718,0.4731,8207,28.044,714.9,375.9,469.9,22.6,492.5,20.61,23.89,0.91759,11.959,12.53,24.83,14,2
87.847,hall_mission,9x4.5,pi5,-0.052,35.052,-2.003,0.023,-0.009,0.001,0.025,-0.05,0.07,149.84,0.4616,0.4618,0.4729,0.4732,8207,28.041,714.8,375.8,469.8,22.6,492.4,20.61,23.89,0.91754,11.966,12.53,24.83,14,2
87.895,hall_mission,9x4.5,pi5,-0.053,35.051,-2.003,0.023,-0.009,0.001,0.025,-0.06,0.08,148.64,0.4619,0.4619,0.4729,0.4728,8207,28.043,714.9,375.9,469.8,22.6,492.4,20.61,23.89,0.91749,11.973,12.53,24.83,14,2
87.947,hall_mission,9x4.5,pi5,-0.055,35.050,-2.003,0.024,-0.010,0.002,0.026,-0.08,0.09,146.84,0.4614,0.4610,0.4738,0.4734,8208,28.049,715.0,376.0,470.0,22.6,492.6,20.62,23.89,0.91744,11.980,12.53,24.83,14,2
87.995,hall_mission,9x4.5,pi5,-0.057,35.050,-2.003,0.024,-0.010,0.002,0.026,-0.09,0.09,145.64,0.4625,0.4624,0.4725,0.4726,8209,28.055,715.2,376.1,470.1,22.6,492.7,20.63,23.89,0.91740,11.986,12.52,24.82,14,2
88.047,hall_mission,9x4.5,pi5,-0.058,35.049,-2.003,0.024,-0.010,0.002,0.027,-0.12,0.10,143.84,0.4619,0.4619,0.4732,0.4733,8210,28.062,715.4,376.3,470.3,22.6,492.9,20.64,23.89,0.91735,11.994,12.51,24.82,14,2
88.095,hall_mission,9x4.5,pi5,-0.060,35.048,-2.003,0.025,-0.010,0.003,0.027,-0.13,0.11,142.64,0.4618,0.4626,0.4732,0.4731,8211,28.073,715.7,376.5,470.6,22.6,493.2,20.65,23.89,0.91730,12.000,12.51,24.82,14,2
88.147,hall_mission,9x4.5,pi5,-0.061,35.048,-2.003,0.026,-0.010,0.003,0.028,-0.15,0.11,140.84,0.4619,0.4611,0.4741,0.4739,8212,28.079,715.8,376.6,470.8,22.6,493.4,20.66,23.89,0.91725,12.007,12.50,24.82,14,2
88.195,hall_mission,9x4.5,pi5,-0.062,35.048,-2.003,0.027,-0.010,0.003,0.028,-0.16,0.12,139.64,0.4628,0.4622,0.4730,0.4729,8212,28.076,715.8,376.5,470.7,22.6,493.3,20.65,23.89,0.91721,12.014,12.50,24.82,14,2
88.247,hall_mission,9x4.5,pi5,-0.063,35.047,-2.003,0.028,-0.010,0.003,0.029,-0.18,0.12,137.85,0.4618,0.4618,0.4730,0.4740,8211,28.071,715.6,376.5,470.6,22.6,493.2,20.65,23.89,0.91716,12.021,12.50,24.82,14,2
88.295,hall_mission,9x4.5,pi5,-0.064,35.047,-2.003,0.028,-0.010,0.003,0.030,-0.19,0.12,136.65,0.4619,0.4620,0.4731,0.4734,8210,28.064,715.4,376.3,470.4,22.6,493.0,20.64,23.88,0.91711,12.027,12.51,24.82,14,2
88.347,hall_mission,9x4.5,pi5,-0.065,35.046,-2.004,0.029,-0.010,0.003,0.031,-0.20,0.13,134.85,0.4616,0.4606,0.4738,0.4740,8209,28.054,715.2,376.1,470.1,22.6,492.7,20.63,23.88,0.91706,12.035,12.51,24.82,14,2
88.666,hall_mission,9x4.5,pi5,-0.066,35.046,-2.004,0.030,-0.010,0.003,0.031,-0.21,0.12,133.65,0.4623,0.4621,0.4730,0.4724,8208,28.050,715.1,376.0,470.0,22.6,492.6,20.62,23.88,0.91676,12.078,12.51,24.82,14,2
88.717,hall_mission,9x4.5,pi5,-0.066,35.045,-2.004,0.030,-0.011,0.003,0.032,-0.22,0.12,131.85,0.4620,0.4614,0.4735,0.4731,8208,28.053,715.2,376.1,470.1,22.6,492.7,20.63,23.88,0.91671,12.085,12.51,24.82,14,2
88.765,hall_mission,9x4.5,pi5,-0.067,35.045,-2.004,0.031,-0.011,0.003,0.033,-0.23,0.12,130.65,0.4617,0.4622,0.4730,0.4732,8209,28.057,715.3,376.2,470.2,22.6,492.8,20.64,23.88,0.91666,12.092,12.50,24.82,14,2
88.817,hall_mission,9x4.5,pi5,-0.067,35.044,-2.004,0.032,-0.012,0.003,0.034,-0.24,0.11,128.85,0.4610,0.4613,0.4738,0.4739,8209,28.056,715.2,376.2,470.2,22.6,492.8,20.64,23.88,0.91661,12.099,12.50,24.82,14,2
88.866,hall_mission,9x4.5,pi5,-0.067,35.043,-2.005,0.033,-0.012,0.004,0.035,-0.24,0.11,127.66,0.4624,0.4622,0.4728,0.4725,8208,28.052,715.1,376.1,470.1,22.6,492.7,20.63,23.88,0.91657,12.106,12.50,24.82,14,2
88.918,hall_mission,9x4.5,pi5,-0.066,35.042,-2.005,0.034,-0.013,0.004,0.037,-0.25,0.10,125.86,0.4615,0.4620,0.4732,0.4732,8209,28.053,715.2,376.1,470.1,22.6,492.7,20.63,23.88,0.91652,12.113,12.50,24.82,14,2
88.966,hall_mission,9x4.5,pi5,-0.066,35.042,-2.005,0.035,-0.013,0.004,0.038,-0.26,0.09,124.66,0.4620,0.4619,0.4727,0.4732,8208,28.052,715.1,376.0,470.1,22.6,492.7,20.63,23.88,0.91647,12.119,12.50,24.82,14,2
89.018,hall_mission,9x4.5,pi5,-0.064,35.040,-2.006,0.037,-0.014,0.004,0.040,-0.26,0.07,122.86,0.4611,0.4610,0.4738,0.4735,8207,28.043,714.9,375.9,469.9,22.6,492.5,20.62,23.88,0.91642,12.126,12.51,24.82,14,2
89.065,hall_mission,9x4.5,pi5,-0.063,35.040,-2.006,0.038,-0.014,0.004,0.041,-0.26,0.05,121.66,0.4623,0.4618,0.4723,0.4727,8206,28.035,714.7,375.7,469.6,22.6,492.2,20.61,23.88,0.91638,12.133,12.51,24.82,14,2
89.117,hall_mission,9x4.5,pi5,-0.061,35.039,-2.006,0.039,-0.015,0.004,0.042,-0.26,0.03,119.86,0.4614,0.4616,0.4730,0.4730,8205,28.031,714.6,375.6,469.6,22.6,492.2,20.61,23.88,0.91633,12.140,12.51,24.82,14,2
89.165,hall_mission,9x4.5,pi5,-0.060,35.038,-2.007,0.040,-0.015,0.005,0.043,-0.25,0.01,118.66,0.4619,0.4616,0.4729,0.4727,8206,28.033,714.7,375.7,469.6,22.6,492.2,20.61,23.88,0.91628,12.147,12.51,24.82,14,2
89.217,hall_mission,9x4.5,pi5,-0.058,35.037,-2.007,0.041,-0.015,0.005,0.044,-0.24,-0.01,116.86,0.4608,0.4612,0.4736,0.4736,8206,28.036,714.7,375.7,469.7,22.6,492.3,20.62,23.88,0.91623,12.154,12.51,24.82,14,2
89.265,hall_mission,9x4.5,pi5,-0.056,35.036,-2.007,0.042,-0.015,0.005,0.045,-0.23,-0.03,115.67,0.4618,0.4625,0.4724,0.4727,8207,28.040,714.8,375.8,469.8,22.6,492.4,20.62,23.88,0.91619,12.160,12.50,24.82,14,2
89.317,hall_mission,9x4.5,pi5,-0.054,35.036,-2.007,0.042,-0.016,0.006,0.046,-0.22,-0.06,113.87,0.4615,0.4618,0.4728,0.4737,8208,28.050,715.1,376.0,470.0,22.6,492.6,20.63,23.88,0.91614,12.167,12.50,24.82,14,2
89.365,hall_mission,9x4.5,pi5,-0.053,35.035,-2.007,0.043,-0.016,0.006,0.046,-0.20,-0.07,112.67,0.4620,0.4617,0.4733,0.4730,8209,28.056,715.2,376.1,470.2,22.6,492.8,20.64,23.88,0.91609,12.174,12.49,24.82,14,2
89.417,hall_mission,9x4.5,pi5,-0.051,35.035,-2.006,0.042,-0.015,0.006,0.045,-0.18,-0.10,110.88,0.4613,0.4611,0.4737,0.4743,8210,28.066,715.5,376.4,470.4,22.6,493.0,20.65,23.88,0.91604,12.181,12.48,24.82,14,2
89.465,hall_mission,9x4.5,pi5,-0.049,35.034,-2.006,0.042,-0.015,0.006,0.045,-0.17,-0.11,109.68,0.4622,0.4625,0.4729,0.4730,8211,28.072,715.6,376.4,470.6,22.6,493.2,20.66,23.88,0.91599,12.188,12.48,24.82,14,2
89.517,hall_mission,9x4.5,pi5,-0.048,35.034,-2.006,0.041,-0.015,0.006,0.044,-0.15,-0.12,107.88,0.4622,0.4615,0.4740,0.4732,8213,28.082,715.9,376.7,470.8,22.6,493.4,20.67,23.87,0.91594,12.195,12.47,24.82,14,2
89.565,hall_mission,9x4.5,pi5,-0.047,35.034,-2.005,0.040,-0.015,0.006,0.044,-0.14,-0.13,106.68,0.4619,0.4625,0.4733,0.4737,8214,28.092,716.1,376.9,471.1,22.6,493.7,20.68,23.87,0.91590,12.201,12.46,24.82,14,2
89.617,hall_mission,9x4.5,pi5,-0.044,35.034,-2.004,0.039,-0.015,0.006,0.043,-0.13,-0.14,104.89,0.4614,0.4617,0.4744,0.4743,8215,28.102,716.4,377.1,471.3,22.6,493.9,20.69,23.87,0.91585,12.209,12.46,24.82,14,2
89.665,hall_mission,9x4.5,pi5,-0.043,35.034,-2.004,0.039,-0.015,0.006,0.042,-0.12,-0.15,103.69,0.4627,0.4627,0.4731,0.4736,8216,28.106,716.5,377.1,471.4,22.6,494.0,20.69,23.87,0.91580,12.215,12.45,24.82,14,2
89.717,hall_mission,9x4.5,pi5,-0.041,35.034,-2.003,0.038,-0.014,0.005,0.041,-0.10,-0.15,101.90,0.4622,0.4621,0.4739,0.4738,8217,28.108,716.6,377.2,471.5,22.6,494.1,20.70,23.87,0.91575,12.222,12.45,24.82,14,2
89.765,hall_mission,9x4.5,pi5,-0.039,35.034,-2.003,0.038,-0.014,0.005,0.041,-0.09,-0.16,100.70,0.4627,0.4622,0.4735,0.4738,8217,28.111,716.6,377.3,471.6,22.6,494.2,20.70,23.87,0.91571,12.229,12.45,24.82,14,2
89.817,hall_mission,9x4.5,pi5,-0.037,35.036,-2.002,0.037,-0.013,0.005,0.040,-0.08,-0.16,98.91,0.4615,0.4619,0.4741,0.4748,8217,28.115,716.7,377.3,471.7,22.6,494.3,20.71,23.87,0.91566,12.236,12.44,24.82,14,2
89.865,hall_mission,9x4.5,pi5,-0.035,35.036,-2.002,0.037,-0.013,0.004,0.039,-0.06,-0.16,97.71,0.4629,0.4626,0.4739,0.4728,8217,28.109,716.6,377.2,471.5,22.6,494.1,20.70,23.87,0.91561,12.243,12.45,24.82,14,2
89.917,hall_mission,9x4.5,pi5,-0.033,35.038,-2.002,0.036,-0.012,0.004,0.038,-0.05,-0.15,95.91,0.4622,0.4620,0.4741,0.4737,8216,28.106,716.5,377.1,471.4,22.6,494.0,20.70,23.87,0.91556,12.250,12.45,24.82,14,2
89.965,hall_mission,9x4.5,pi5,-0.032,35.038,-2.002,0.035,-0.012,0.003,0.037,-0.03,-0.15,94.72,0.4620,0.4624,0.4732,0.4742,8215,28.097,716.3,377.0,471.2,22.6,493.8,20.69,23.87,0.91552,12.256,12.45,24.82,14,2
90.017,hall_mission,9x4.5,pi5,-0.029,35.040,-2.002,0.034,-0.012,0.003,0.036,-0.02,-0.13,92.92,0.4612,0.4615,0.4742,0.4743,8213,28.087,716.0,376.8,471.0,22.6,493.6,20.68,23.87,0.91547,12.263,12.46,24.82,14,2
90.065,hall_mission,9x4.5,pi5,-0.028,35.041,-2.002,0.034,-0.011,0.002,0.035,-0.00,-0.12,91.72,0.4657,0.4659,0.4694,0.4698,8212,28.072,715.6,376.4,470.5,22.6,493.1,20.66,23.87,0.91542,12.270,12.47,24.82,14,2
90.117,hall_mission,9x4.5,pi5,-0.026,35.043,-2.002,0.033,-0.011,0.001,0.034,0.01,-0.11,89.93,0.3163,0.3184,0.6185,0.6162,8206,30.004,764.9,454.8,568.5,22.6,591.1,24.89,23.74,0.91536,12.279,10.34,24.82,14,2
90.165,hall_mission,9x4.5,pi5,-0.025,35.044,-2.003,0.032,-0.011,-0.024,0.042,0.05,-0.08,88.56,0.1141,0.1166,0.7989,0.7972,8052,37.186,948.0,756.9,946.2,22.6,968.8,41.69,23.24,0.91527,12.291,6.18,24.82,14,2
90.217,hall_mission,9x4.5,pi5,-0.022,35.046,-2.010,0.030,-0.011,-0.203,0.206,0.14,-0.06,85.28,0.0006,0.0008,0.8413,0.8403,7531,39.046,995.4,859.8,1074.7,22.6,1097.3,47.58,23.06,0.91515,12.307,5.41,24.82,14,2
90.265,hall_mission,9x4.5,pi5,-0.021,35.047,-2.022,0.028,-0.010,-0.349,0.350,0.20,-0.06,81.98,0.0008,0.0000,0.7695,0.7710,6660,33.247,847.6,679.9,849.9,22.6,872.5,37.34,23.37,0.91507,12.319,6.89,24.81,14,2
90.317,hall_mission,9x4.5,pi5,-0.019,35.049,-2.048,0.024,-0.009,-0.479,0.480,0.28,-0.06,75.44,0.0015,0.0000,0.7219,0.7222,6313,29.689,756.9,573.1,716.3,22.6,738.9,31.38,23.55,0.91499,12.330,8.20,24.81,14,2
90.365,hall_mission,9x4.5,pi5,-0.018,35.050,-2.070,0.022,-0.009,-0.511,0.512,0.33,-0.05,70.16,0.0292,0.0271,0.6699,0.6696,6490,26.538,676.5,472.1,590.1,22.6,612.7,25.84,23.71,0.91494,12.338,9.96,24.81,14,2
90.417,hall_mission,9x4.5,pi5,-0.017,35.052,-2.107,0.017,-0.008,-0.485,0.486,0.39,-0.04,61.09,0.0878,0.0858,0.6070,0.6072,6462,23.303,594.1,370.8,463.5,22.6,486.1,20.36,23.87,0.91489,12.345,12.64,24.81,14,2
90.465,hall_mission,9x4.5,pi5,-0.016,35.053,-2.128,0.015,-0.007,-0.423,0.423,0.41,-0.01,54.42,0.1465,0.1461,0.5651,0.5650,6588,21.900,558.3,318.1,397.6,22.6,420.2,17.54,23.96,0.91485,12.350,14.67,24.81,14,2
90.517,hall_mission,9x4.5,pi5,-0.016,35.055,-2.152,0.011,-0.006,-0.302,0.303,0.41,0.04,43.71,0.2076,0.2075,0.5326,0.5325,6796,21.540,549.1,290.3,362.9,22.6,385.5,16.06,24.00,0.91481,12.356,16.02,24.81,14,2
90.565,hall_mission,9x4.5,pi5,-0.016,35.056,-2.164,0.009,-0.005,-0.209,0.210,0.40,0.08,36.22,0.2595,0.2596,0.5142,0.5137,7038,22.037,561.8,285.8,357.2,22.6,379.8,15.82,24.01,0.91477,12.361,16.27,24.81,14,2
90.617,hall_mission,9x4.5,pi5,-0.016,35.057,-2.174,0.005,-0.004,-0.071,0.072,0.36,0.14,24.59,0.3089,0.3090,0.5027,0.5033,7317,23.112,589.2,295.8,369.8,22.6,392.4,16.35,23.99,0.91474,12.367,15.73,24.81,14,2
90.665,hall_mission,9x4.5,pi5,-0.016,35.059,-2.175,0.003,-0.003,0.001,0.004,0.32,0.17,16.66,0.3448,0.3449,0.4968,0.4961,7530,24.105,614.5,308.7,385.9,22.6,408.5,17.04,23.97,0.91470,12.372,15.10,24.81,14,2
90.717,hall_mission,9x4.5,pi5,-0.017,35.060,-2.171,-0.001,-0.002,0.081,0.081,0.26,0.21,4.58,0.3739,0.3741,0.4919,0.4921,7709,25.042,638.4,322.9,403.6,22.6,426.2,17.80,23.95,0.91465,12.378,14.46,24.81,14,2
90.765,hall_mission,9x4.5,pi5,-0.018,35.061,-2.165,-0.003,-0.002,0.123,0.123,0.21,0.22,-3.54,0.3944,0.3950,0.4915,0.4908,7853,25.876,659.6,337.0,421.3,22.6,443.9,18.55,23.93,0.91461,12.384,13.87,24.81,14,2
90.817,hall_mission,9x4.5,pi5,-0.019,35.063,-2.152,-0.007,-0.000,0.168,0.168,0.15,0.22,-15.77,0.4105,0.4118,0.4921,0.4928,7981,26.663,679.7,351.2,439.1,22.6,461.7,19.31,23.90,0.91457,12.391,13.32,24.81,14,2
90.865,hall_mission,9x4.5,pi5,-0.020,35.064,-2.142,-0.008,0.001,0.184,0.185,0.11,0.21,-23.94,0.4337,0.4343,0.4809,0.4806,8062,27.106,691.0,358.1,447.6,22.6,470.2,19.68,23.89,0.91452,12.397,13.07,24.81,14,2
90.917,hall_mission,9x4.5,pi5,-0.022,35.066,-2.128,-0.010,0.002,0.194,0.195,0.06,0.19,-36.14,0.4916,0.4916,0.4304,0.4305,8115,27.495,700.9,366.5,458.1,22.6,480.7,20.13,23.88,0.91447,12.404,12.78,24.81,14,2
90.965,hall_mission,9x4.5,pi5,-0.023,35.068,-2.118,-0.011,0.003,0.192,0.192,0.03,0.16,-44.13,0.5572,0.5565,0.3681,0.3678,8135,28.330,722.2,397.0,496.3,22.6,518.9,21.78,23.83,0.91443,12.411,11.81,24.81,14,2
91.017,hall_mission,9x4.5,pi5,-0.024,35.071,-2.103,-0.012,0.005,0.167,0.167,0.00,0.12,-55.63,0.6237,0.6231,0.2974,0.2966,8103,29.664,756.2,454.1,567.7,22.6,590.3,24.87,23.74,0.91437,12.420,10.34,24.81,14,2
91.065,hall_mission,9x4.5,pi5,-0.025,35.072,-2.095,-0.013,0.006,0.135,0.136,-0.01,0.08,-62.78,0.6716,0.6711,0.2369,0.2369,8015,30.872,787.0,512.1,640.1,22.6,662.7,28.03,23.64,0.91430,12.428,9.17,24.81,14,2
91.117,hall_mission,9x4.5,pi5,-0.026,35.075,-2.087,-0.013,0.007,0.072,0.073,-0.01,0.03,-72.46,0.7047,0.7044,0.1847,0.1837,7874,31.731,808.9,560.2,700.3,22.6,722.9,30.68,23.56,0.91423,12.439,8.38,24.81,14,2
91.165,hall_mission,9x4.5,pi5,-0.027,35.076,-2.084,-0.013,0.007,0.017,0.022,-0.00,-0.00,-78.11,0.7108,0.7405,0.1067,0.2086,7834,32.729,834.3,600.2,750.3,22.6,772.9,32.90,23.49,0.91416,12.449,7.81,24.81,14,2
91.217,hall_mission,9x4.5,pi5,-0.028,35.078,-2.086,-0.011,0.004,-0.086,0.087,0.22,-0.85,-85.25,0.7063,0.7265,0.1134,0.1470,7568,31.376,799.9,573.7,717.1,22.6,739.7,31.43,23.54,0.91408,12.460,8.18,24.81,14,2
91.265,hall_mission,9x4.5,pi5,-0.028,35.078,-2.090,-0.009,-0.006,-0.137,0.137,0.25,-2.19,-89.12,0.7038,0.6925,0.1321,0.1116,7375,29.913,762.6,535.2,669.0,22.6,691.6,29.31,23.60,0.91402,12.469,8.77,24.81,14,2
91.317,hall_mission,9x4.5,pi5,-0.029,35.077,-2.101,-0.006,-0.039,-0.178,0.182,0.25,-4.58,-93.64,0.6743,0.6696,0.1491,0.1096,7240,28.277,720.9,486.6,608.3,22.6,630.9,26.64,23.68,0.91395,12.478,9.65,24.81,14,2
91.365,hall_mission,9x4.5,pi5,-0.029,35.075,-2.110,-0.008,-0.073,-0.185,0.199,0.26,-6.00,-95.86,0.6466,0.6413,0.1681,0.1283,7174,26.816,683.6,440.2,550.2,22.6,572.8,24.11,23.75,0.91390,12.486,10.66,24.81,14,2
91.417,hall_mission,9x4.5,pi5,-0.030,35.067,-2.124,-0.013,-0.139,-0.160,0.212,0.34,-7.61,-98.11,0.6181,0.6090,0.1957,0.1641,7183,25.603,652.7,396.9,496.1,22.6,518.7,21.77,23.82,0.91385,12.493,11.80,24.81,14,2
91.465,hall_mission,9x4.5,pi5,-0.031,35.059,-2.131,-0.017,-0.184,-0.126,0.224,0.43,-8.33,-98.98,0.5891,0.5836,0.2276,0.2059,7253,24.891,634.5,365.6,457.0,22.6,479.6,20.09,23.87,0.91380,12.500,12.79,24.81,14,2
91.517,hall_mission,9x4.5,pi5,-0.032,35.045,-2.139,-0.024,-0.248,-0.065,0.257,0.56,-8.92,-99.47,0.5601,0.5552,0.2661,0.2552,7363,24.502,624.6,341.0,426.3,22.6,448.9,18.77,23.91,0.91376,12.506,13.69,24.81,14,2
91.561,hall_mission,9x4.5,pi5,-0.033,35.032,-2.143,-0.028,-0.293,-0.017,0.294,0.63,-9.09,-99.35,0.5373,0.5347,0.3036,0.2978,7496,24.604,627.2,330.8,413.5,22.6,436.1,18.22,23.93,0.91372,12.511,14.10,24.81,14,2
91.609,hall_mission,9x4.5,pi5,-0.035,35.007,-2.143,-0.034,-0.362,0.059,0.368,0.65,-9.09,-98.64,0.5142,0.5120,0.3444,0.3414,7637,24.911,635.1,326.4,408.0,22.6,430.6,17.99,23.94,0.91368,12.517,14.28,24.81,14,2
91.661,hall_mission,9x4.5,pi5,-0.036,34.989,-2.140,-0.036,-0.403,0.100,0.417,0.63,-9.00,-97.91,0.4897,0.4896,0.3855,0.3842,7770,25.377,646.9,328.1,410.1,22.6,432.7,18.08,23.93,0.91364,12.523,14.21,24.81,14,2
91.709,hall_mission,9x4.5,pi5,-0.039,34.961,-2.134,-0.040,-0.458,0.147,0.483,0.53,-8.76,-96.57,0.4712,0.4707,0.4195,0.4201,7888,25.963,661.9,335.9,419.9,22.6,442.5,18.50,23.92,0.91359,12.529,13.89,24.81,14,2
91.761,hall_mission,9x4.5,pi5,-0.041,34.939,-2.128,-0.041,-0.496,0.172,0.526,0.43,-8.56,-95.60,0.4541,0.4540,0.4521,0.4520,7999,26.639,679.1,348.0,435.0,22.6,457.6,19.14,23.90,0.91355,12.536,13.42,24.81,14,2
91.809,hall_mission,9x4.5,pi5,-0.045,34.901,-2.116,-0.043,-0.551,0.197,0.587,0.28,-8.23,-94.12,0.4407,0.4414,0.4748,0.4753,8072,27.151,692.2,358.5,448.2,22.6,470.8,19.71,23.88,0.91350,12.542,13.03,24.81,14,2
91.861,hall_mission,9x4.5,pi5,-0.047,34.875,-2.107,-0.043,-0.583,0.204,0.619,0.17,-7.99,-93.19,0.4297,0.4310,0.4922,0.4939,8125,27.567,702.8,368.0,460.0,22.6,482.6,20.22,23.87,0.91346,12.549,12.70,24.81,14,2
91.909,hall_mission,9x4.5,pi5,-0.049,34.838,-2.095,-0.043,-0.624,0.207,0.658,0.03,-7.64,-91.95,0.4235,0.4250,0.5033,0.5051,8161,27.869,710.5,375.1,468.9,22.6,491.5,20.60,23.85,0.91341,12.556,12.47,24.81,14,2
91.961,hall_mission,9x4.5,pi5,-0.051,34.810,-2.087,-0.043,-0.650,0.204,0.683,-0.04,-7.41,-91.24,0.4206,0.4222,0.5107,0.5112,8190,28.098,716.3,380.4,475.6,22.6,498.2,20.89,23.85,0.91336,12.563,12.29,24.81,14,2
92.009,hall_mission,9x4.5,pi5,-0.053,34.764,-2.073,-0.042,-0.687,0.196,0.716,-0.14,-7.08,-90.40,0.4207,0.4226,0.5123,0.5136,8206,28.214,719.3,382.9,478.7,22.6,501.3,21.02,23.84,0.91331,12.570,12.21,24.81,14,2
92.057,hall_mission,9x4.5,pi5,-0.055,34.734,-2.066,-0.042,-0.707,0.190,0.733,-0.18,-6.88,-89.99,0.4232,0.4254,0.5107,0.5129,8217,28.273,720.8,383.8,479.8,22.6,502.4,21.07,23.84,0.91327,12.576,12.18,24.81,14,2
92.109,hall_mission,9x4.5,pi5,-0.056,34.692,-2.055,-0.041,-0.732,0.180,0.755,-0.23,-6.60,-89.58,0.4282,0.4301,0.5070,0.5087,8224,28.290,721.2,383.5,479.4,22.6,502.0,21.06,23.84,0.91322,12.584,12.19,24.81,14,2
92.161,hall_mission,9x4.5,pi5,-0.057,34.661,-2.048,-0.040,-0.747,0.172,0.767,-0.24,-6.43,-89.44,0.4343,0.4366,0.5013,0.5031,8228,28.283,721.0,382.6,478.3,22.6,500.9,21.01,23.84,0.91317,12.591,12.22,24.81,14,2
92.209,hall_mission,9x4.5,pi5,-0.059,34.610,-2.038,-0.039,-0.768,0.159,0.785,-0.25,-6.22,-89.38,0.4406,0.4433,0.4952,0.4970,8231,28.268,720.6,381.6,477.1,22.6,499.7,20.96,23.84,0.91312,12.598,12.25,24.81,14,2
92.213,hall_mission,9x4.5,pi5,-0.059,34.610,-2.038,-0.039,-0.768,0.159,0.785,-0.25,-6.22,-89.38,0.4411,0.4439,0.4948,0.4963,8231,28.265,720.6,381.5,476.9,22.6,499.5,20.95,23.84,0.91311,12.598,12.25,24.81,14,2
92.233,hall_mission,9x4.5,pi5,-0.060,34.597,-2.035,-0.039,-0.772,0.156,0.789,-0.25,-6.16,-89.40,0.4629,0.4307,0.5120,0.4768,8254,28.434,724.9,385.2,481.5,22.6,504.1,21.15,23.84,0.91310,12.601,12.14,24.81,14,2
92.281,hall_mission,9x4.5,pi5,-0.061,34.565,-2.029,-0.038,-0.783,0.145,0.797,-0.24,-5.90,-89.49,0.4661,0.4396,0.4998,0.4755,8248,28.364,723.1,383.1,478.9,22.6,501.5,21.04,23.84,0.91305,12.608,12.20,24.80,14,2
92.329,hall_mission,9x4.5,pi5,-0.063,34.513,-2.021,-0.037,-0.790,0.124,0.800,-0.12,-3.88,-89.71,0.4597,0.4564,0.4815,0.4795,8235,28.243,720.0,380.1,475.1,22.6,497.7,20.87,23.84,0.91300,12.614,12.30,24.80,14,2
92.381,hall_mission,9x4.5,pi5,-0.064,34.482,-2.017,-0.035,-0.778,0.115,0.788,-0.04,-2.10,-89.89,0.4577,0.4689,0.4654,0.4825,8225,28.171,718.2,378.5,473.2,22.6,495.8,20.79,23.85,0.91295,12.621,12.34,24.80,14,2
92.433,hall_mission,9x4.5,pi5,-0.065,34.439,-2.012,-0.032,-0.743,0.105,0.752,0.06,0.42,-90.19,0.4607,0.4743,0.4617,0.4753,8216,28.107,716.5,377.2,471.5,22.6,494.1,20.72,23.85,0.91290,12.628,12.39,24.80,14,2
92.481,hall_mission,9x4.5,pi5,-0.065,34.410,-2.008,-0.030,-0.707,0.100,0.714,0.09,1.80,-90.39,0.4657,0.4757,0.4584,0.4710,8212,28.075,715.7,376.5,470.7,22.6,493.3,20.68,23.85,0.91286,12.635,12.41,24.80,14,2
92.533,hall_mission,9x4.5,pi5,-0.066,34.369,-2.003,-0.026,-0.633,0.092,0.640,0.11,3.31,-90.68,0.4363,0.5123,0.4216,0.5041,8224,28.300,721.4,383.8,479.8,22.6,502.4,21.08,23.84,0.91281,12.642,12.18,24.80,14,2
92.581,hall_mission,9x4.5,pi5,-0.066,34.346,-2.000,-0.023,-0.582,0.082,0.588,0.10,3.17,-90.85,0.4713,0.4800,0.4582,0.4639,8221,28.141,717.4,377.9,472.4,22.6,495.0,20.76,23.84,0.91276,12.649,12.36,24.80,14,2
92.633,hall_mission,9x4.5,pi5,-0.067,34.318,-1.997,-0.020,-0.524,0.071,0.529,0.02,1.17,-91.08,0.4781,0.4740,0.4617,0.4579,8215,28.100,716.3,377.1,471.4,22.6,494.0,20.71,23.85,0.91271,12.656,12.39,24.80,14,2
92.681,hall_mission,9x4.5,pi5,-0.067,34.301,-1.995,-0.018,-0.496,0.066,0.501,-0.03,-0.47,-91.21,0.4800,0.4716,0.4643,0.4544,8210,28.067,715.5,376.5,470.6,22.6,493.2,20.68,23.85,0.91266,12.663,12.41,24.80,14,2
92.733,hall_mission,9x4.5,pi5,-0.067,34.275,-1.992,-0.017,-0.476,0.060,0.480,-0.08,-2.70,-91.35,0.4798,0.4703,0.4642,0.4549,8206,28.041,714.8,375.9,469.9,22.6,492.5,20.65,23.85,0.91261,12.670,12.42,24.80,14,2
92.781,hall_mission,9x4.5,pi5,-0.068,34.260,-1.991,-0.017,-0.475,0.058,0.479,-0.11,-3.92,-91.43,0.4787,0.4695,0.4649,0.4555,8203,28.021,714.3,375.5,469.4,22.6,492.0,20.63,23.85,0.91257,12.676,12.43,24.80,14,2
92.833,hall_mission,9x4.5,pi5,-0.068,34.238,-1.990,-0.018,-0.487,0.057,0.490,-0.14,-5.33,-91.50,0.4760,0.4696,0.4653,0.4571,8202,28.010,714.1,375.2,469.1,22.6,491.7,20.62,23.85,0.91252,12.683,12.44,24.80,14,2
92.881,hall_mission,9x4.5,pi5,-0.069,34.221,-1.989,-0.018,-0.501,0.057,0.505,-0.15,-6.01,-91.52,0.4742,0.4692,0.4653,0.4598,8204,28.019,714.3,375.4,469.2,22.6,491.8,20.62,23.85,0.91247,12.690,12.44,24.80,14,2
92.933,hall_mission,9x4.5,pi5,-0.070,34.193,-1.988,-0.020,-0.531,0.057,0.535,-0.17,-6.72,-91.54,0.4717,0.4696,0.4665,0.4618,8207,28.043,714.9,375.8,469.8,22.6,492.4,20.65,23.85,0.91242,12.697,12.42,24.80,14,2
92.981,hall_mission,9x4.5,pi5,-0.071,34.174,-1.987,-0.021,-0.553,0.057,0.556,-0.17,-7.03,-91.54,0.4713,0.4684,0.4673,0.4637,8211,28.068,715.5,376.3,470.4,22.6,493.0,20.68,23.84,0.91238,12.704,12.40,24.80,14,2
93.033,hall_mission,9x4.5,pi5,-0.072,34.145,-1.985,-0.023,-0.585,0.057,0.588,-0.18,-7.31,-91.54,0.4697,0.4685,0.4681,0.4656,8216,28.099,716.3,377.0,471.2,22.6,493.8,20.71,23.84,0.91233,12.711,12.38,24.80,14,2
93.081,hall_mission,9x4.5,pi5,-0.073,34.122,-1.984,-0.024,-0.608,0.057,0.611,-0.18,-7.40,-91.53,0.4690,0.4680,0.4691,0.4669,8220,28.126,717.0,377.5,471.9,22.6,494.5,20.74,23.84,0.91228,12.717,12.36,24.80,14,2
93.133,hall_mission,9x4.5,pi5,-0.075,34.084,-1.982,-0.026,-0.645,0.056,0.648,-0.18,-7.42,-91.52,0.4682,0.4679,0.4688,0.4691,8223,28.151,717.6,378.0,472.5,22.6,495.1,20.77,23.84,0.91223,12.725,12.35,24.80,14,2
93.181,hall_mission,9x4.5,pi5,-0.076,34.058,-1.981,-0.027,-0.667,0.055,0.669,-0.18,-7.39,-91.51,0.4677,0.4680,0.4697,0.4695,8227,28.175,718.3,378.5,473.1,22.6,495.7,20.79,23.84,0.91218,12.731,12.33,24.80,14,2
93.233,hall_mission,9x4.5,pi5,-0.078,34.020,-1.979,-0.029,-0.696,0.054,0.698,-0.17,-7.29,-91.51,0.4676,0.4680,0.4699,0.4704,8230,28.200,718.9,379.0,473.7,22.6,496.3,20.82,23.84,0.91213,12.738,12.31,24.80,14,2
93.281,hall_mission,9x4.5,pi5,-0.079,33.992,-1.978,-0.030,-0.715,0.052,0.718,-0.17,-7.20,-91.51,0.4671,0.4687,0.4701,0.4709,8233,28.219,719.4,379.4,474.2,22.6,496.8,20.84,23.84,0.91209,12.745,12.30,24.80,14,2
93.333,hall_mission,9x4.5,pi5,-0.081,33.944,-1.976,-0.032,-0.744,0.050,0.746,-0.16,-7.05,-91.52,0.4672,0.4690,0.4697,0.4715,8236,28.236,719.8,379.7,474.6,22.6,497.2,20.86,23.84,0.91204,12.752,12.29,24.80,14,2
93.381,hall_mission,9x4.5,pi5,-0.083,33.913,-1.974,-0.033,-0.760,0.048,0.762,-0.16,-6.95,-91.53,0.4675,0.4692,0.4698,0.4715,8238,28.253,720.3,380.1,475.1,22.6,497.7,20.88,23.83,0.91199,12.759,12.28,24.80,14,2
93.433,hall_mission,9x4.5,pi5,-0.086,33.869,-1.972,-0.035,-0.781,0.046,0.783,-0.14,-6.79,-91.56,0.4676,0.4699,0.4700,0.4714,8241,28.272,720.7,380.4,475.6,22.6,498.2,20.90,23.83,0.91194,12.766,12.26,24.80,14,2
93.481,hall_mission,9x4.5,pi5,-0.088,33.836,-1.970,-0.035,-0.794,0.043,0.796,-0.14,-6.68,-91.57,0.4685,0.4699,0.4699,0.4714,8244,28.292,721.2,380.8,476.0,22.6,498.6,20.92,23.83,0.91189,12.773,12.25,24.80,14,2
93.533,hall_mission,9x4.5,pi5,-0.090,33.783,-1.968,-0.036,-0.812,0.040,0.814,-0.12,-6.54,-91.61,0.4686,0.4705,0.4705,0.4705,8245,28.303,721.5,381.1,476.3,22.6,498.9,20.93,23.83,0.91184,12.780,12.24,24.80,14,2
93.581,hall_mission,9x4.5,pi5,-0.092,33.750,-1.966,-0.036,-0.822,0.037,0.824,-0.12,-6.45,-91.63,0.4691,0.4706,0.4691,0.4717,8247,28.313,721.8,381.3,476.6,22.6,499.2,20.95,23.83,0.91180,12.786,12.23,24.80,14,2
93.633,hall_mission,9x4.5,pi5,-0.094,33.702,-1.963,-0.037,-0.835,0.034,0.836,-0.11,-6.33,-91.66,0.4691,0.4712,0.4698,0.4710,8249,28.326,722.1,381.5,476.9,22.6,499.5,20.96,23.83,0.91175,12.794,12.22,24.80,14,2
93.677,hall_mission,9x4.5,pi5,-0.095,33.667,-1.962,-0.037,-0.843,0.031,0.844,-0.11,-6.26,-91.68,0.4688,0.4718,0.4697,0.4708,8249,28.330,722.2,381.6,477.0,22.6,499.6,20.97,23.83,0.91170,12.800,12.22,24.80,14,2
93.725,hall_mission,9x4.5,pi5,-0.096,33.633,-1.961,-0.037,-0.850,0.028,0.851,-0.11,-6.19,-91.71,0.4729,0.3997,0.5321,0.4802,8263,28.617,729.5,391.3,489.1,22.6,511.7,21.49,23.81,0.91166,12.807,11.92,24.80,14,2
93.777,hall_mission,9x4.5,pi5,-0.099,33.577,-1.959,-0.037,-0.859,0.009,0.859,-0.19,-5.05,-91.83,0.3456,0.3556,0.5926,0.5799,8222,29.362,748.5,426.9,533.6,22.6,556.2,23.41,23.76,0.91160,12.815,10.94,24.80,14,2
93.825,hall_mission,9x4.5,pi5,-0.100,33.542,-1.959,-0.037,-0.854,-0.015,0.855,-0.36,-3.38,-92.16,0.2957,0.3060,0.6202,0.6284,8137,29.853,761.0,457.5,571.8,22.6,594.4,25.08,23.71,0.91154,12.823,10.21,24.80,14,2
93.877,hall_mission,9x4.5,pi5,-0.102,33.494,-1.961,-0.040,-0.826,-0.056,0.829,-0.54,-0.75,-93.33,0.2758,0.2975,0.6172,0.6312,8034,29.366,748.6,450.7,563.4,22.6,586.0,24.71,23.72,0.91149,12.831,10.37,24.80,14,2
93.925,hall_mission,9x4.5,pi5,-0.103,33.461,-1.964,-0.042,-0.793,-0.078,0.798,-0.64,0.80,-94.59,0.2903,0.3113,0.5945,0.6039,7955,28.298,721.4,418.3,522.9,22.6,545.5,22.95,23.77,0.91143,12.838,11.16,24.80,14,2
93.977,hall_mission,9x4.5,pi5,-0.106,33.413,-1.970,-0.044,-0.721,-0.090,0.727,-0.83,2.62,-97.16,0.3269,0.3436,0.5536,0.5644,7913,27.167,692.6,379.4,474.3,22.6,496.9,20.85,23.83,0.91138,12.845,12.28,24.80,14,2
94.025,hall_mission,9x4.5,pi5,-0.107,33.386,-1.974,-0.044,-0.668,-0.083,0.675,-0.96,3.50,-99.24,0.3702,0.3838,0.5144,0.5222,7921,26.561,677.1,354.9,443.6,22.6,466.2,19.53,23.87,0.91134,12.852,13.11,24.80,14,2
94.077,hall_mission,9x4.5,pi5,-0.110,33.353,-1.979,-0.044,-0.591,-0.062,0.595,-1.20,4.38,-102.69,0.4202,0.4291,0.4722,0.4793,7958,26.424,673.6,344.9,431.1,22.6,453.7,19.00,23.89,0.91130,12.858,13.48,24.80,14,2
94.125,hall_mission,9x4.5,pi5,-0.112,33.332,-1.981,-0.043,-0.533,-0.043,0.537,-1.36,4.73,-105.09,0.4631,0.4690,0.4388,0.4432,8006,26.699,680.6,349.4,436.8,22.6,459.4,19.24,23.88,0.91125,12.864,13.31,24.80,14,2
94.177,hall_mission,9x4.5,pi5,-0.114,33.306,-1.983,-0.039,-0.442,-0.016,0.444,-1.60,4.98,-108.63,0.5015,0.5065,0.4080,0.4118,8056,27.211,693.7,363.0,453.8,22.6,476.4,19.97,23.86,0.91120,12.871,12.82,24.80,14,2
94.217,hall_mission,9x4.5,pi5,-0.116,33.292,-1.983,-0.036,-0.385,-0.006,0.387,-1.74,5.00,-110.87,0.4871,0.5807,0.3466,0.4512,8193,28.558,728.0,398.4,497.9,22.6,520.5,21.87,23.80,0.91116,12.877,11.70,24.80,14,2
94.269,hall_mission,9x4.5,pi5,-0.118,33.278,-1.983,-0.031,-0.309,-0.013,0.311,-1.76,3.74,-113.84,0.5477,0.5549,0.3813,0.3799,8186,28.537,727.5,398.5,498.1,22.6,520.7,21.88,23.80,0.91111,12.885,11.70,24.79,14,2
94.317,hall_mission,9x4.5,pi5,-0.120,33.270,-1.983,-0.032,-0.268,-0.023,0.271,-1.77,1.68,-115.51,0.5624,0.5545,0.3752,0.3643,8160,28.498,726.5,400.5,500.6,22.6,523.2,21.99,23.79,0.91106,12.892,11.64,24.79,14,2
94.369,hall_mission,9x4.5,pi5,-0.123,33.260,-1.984,-0.045,-0.233,-0.033,0.240,-1.57,-1.67,-117.55,0.5621,0.5550,0.3775,0.3522,8125,28.308,721.7,397.5,496.8,22.6,519.4,21.83,23.80,0.91101,12.899,11.73,24.79,14,2
94.417,hall_mission,9x4.5,pi5,-0.126,33.255,-1.984,-0.059,-0.230,-0.036,0.240,-1.34,-3.64,-118.61,0.5793,0.5935,0.3654,0.3037,8107,28.794,734.0,418.7,523.4,22.6,546.0,22.98,23.76,0.91096,12.906,11.14,24.79,14,2
94.469,hall_mission,9x4.5,pi5,-0.132,33.247,-1.986,-0.087,-0.246,-0.053,0.266,-0.46,-5.98,-119.68,0.6666,0.6643,0.2609,0.2328,8044,30.781,784.7,505.1,631.4,22.6,654.0,27.69,23.62,0.91089,12.916,9.24,24.79,14,2
94.517,hall_mission,9x4.5,pi5,-0.137,33.240,-1.989,-0.108,-0.272,-0.089,0.306,0.44,-6.99,-119.84,0.7038,0.6900,0.2034,0.1863,7895,31.467,802.2,547.9,684.9,22.6,707.5,30.04,23.55,0.91083,12.925,8.52,24.79,14,2
94.569,hall_mission,9x4.5,pi5,-0.148,33.224,-1.996,-0.135,-0.331,-0.154,0.389,1.69,-7.92,-119.02,0.6900,0.6732,0.1863,0.1791,7696,30.104,767.4,515.2,644.0,22.6,666.6,28.24,23.60,0.91076,12.935,9.06,24.79,14,2
94.617,hall_mission,9x4.5,pi5,-0.155,33.212,-2.003,-0.146,-0.373,-0.178,0.438,2.33,-8.25,-117.75,0.6446,0.6400,0.2061,0.2058,7580,28.084,715.9,450.7,563.3,22.6,585.9,24.71,23.71,0.91070,12.943,10.35,24.79,14,2
94.669,hall_mission,9x4.5,pi5,-0.167,33.191,-2.014,-0.152,-0.430,-0.177,0.489,2.89,-8.49,-114.88,0.5898,0.5858,0.2530,0.2578,7544,26.106,665.5,381.1,476.4,22.6,499.0,20.95,23.82,0.91065,12.950,12.21,24.79,14,2
94.717,hall_mission,9x4.5,pi5,-0.176,33.173,-2.021,-0.152,-0.469,-0.153,0.516,3.04,-8.55,-112.47,0.5378,0.5335,0.3104,0.3163,7586,25.035,638.2,336.9,421.1,22.6,443.7,18.57,23.89,0.91061,12.956,13.78,24.79,14,2
94.769,hall_mission,9x4.5,pi5,-0.189,33.140,-2.030,-0.146,-0.525,-0.090,0.552,2.97,-8.58,-108.38,0.4844,0.4831,0.3793,0.3828,7700,24.914,635.1,319.0,398.8,22.6,421.4,17.62,23.92,0.91057,12.962,14.52,24.79,14,2
94.817,hall_mission,9x4.5,pi5,-0.197,33.117,-2.033,-0.140,-0.557,-0.048,0.576,2.79,-8.58,-105.49,0.4421,0.4398,0.4380,0.4416,7816,25.430,648.3,324.5,405.7,22.6,428.3,17.91,23.91,0.91053,12.968,14.28,24.79,14,2
94.869,hall_mission,9x4.5,pi5,-0.208,33.082,-2.035,-0.128,-0.601,0.001,0.614,2.37,-8.55,-101.18,0.4016,0.4014,0.4926,0.4942,7918,26.285,670.1,344.6,430.8,22.6,453.4,18.99,23.88,0.91048,12.974,13.47,24.79,14,2
94.917,hall_mission,9x4.5,pi5,-0.214,33.055,-2.034,-0.119,-0.632,0.026,0.643,2.05,-8.50,-98.44,0.3733,0.3730,0.5309,0.5331,7992,27.145,692.0,368.7,460.8,22.6,483.4,20.28,23.84,0.91044,12.981,12.61,24.79,14,2
94.969,hall_mission,9x4.5,pi5,-0.224,33.009,-2.030,-0.104,-0.679,0.045,0.688,1.55,-8.37,-94.73,0.3507,0.3520,0.5598,0.5611,8041,27.872,710.5,391.0,488.8,22.6,511.4,21.48,23.80,0.91039,12.988,11.90,24.79,14,2
95.017,hall_mission,9x4.5,pi5,-0.229,32.979,-2.028,-0.094,-0.707,0.048,0.715,1.24,-8.25,-92.59,0.3388,0.3392,0.5743,0.5754,8055,28.230,719.7,403.3,504.2,22.6,526.8,22.15,23.78,0.91034,12.995,11.55,24.79,14,2
95.069,hall_mission,9x4.5,pi5,-0.235,32.935,-2.024,-0.081,-0.743,0.047,0.749,0.83,-8.01,-89.95,0.3332,0.3355,0.5791,0.5806,8058,28.351,722.8,407.7,509.7,22.6,532.3,22.39,23.78,0.91028,13.003,11.42,24.79,14,2
95.117,hall_mission,9x4.5,pi5,-0.239,32.901,-2.022,-0.072,-0.766,0.044,0.771,0.60,-7.83,-88.58,0.3364,0.3382,0.5757,0.5778,8057,28.281,721.0,405.1,506.3,22.6,528.9,22.24,23.78,0.91023,13.010,11.49,24.79,14,2
95.169,hall_mission,9x4.5,pi5,-0.243,32.847,-2.018,-0.058,-0.799,0.042,0.802,0.33,-7.56,-87.11,0.3457,0.3485,0.5668,0.5675,8058,28.093,716.2,397.5,496.9,22.6,519.5,21.84,23.79,0.91018,13.017,11.71,24.79,14,2
95.217,hall_mission,9x4.5,pi5,-0.246,32.812,-2.017,-0.051,-0.816,0.041,0.819,0.20,-7.38,-86.48,0.3590,0.3619,0.5535,0.5552,8062,27.882,710.8,388.7,485.9,22.6,508.5,21.36,23.80,0.91013,13.024,11.97,24.79,14,2
95.269,hall_mission,9x4.5,pi5,-0.248,32.762,-2.015,-0.042,-0.837,0.043,0.839,0.06,-7.13,-86.01,0.3764,0.3798,0.5376,0.5387,8073,27.690,705.9,379.8,474.7,22.6,497.3,20.88,23.82,0.91008,13.031,12.24,24.79,14,2
95.317,hall_mission,9x4.5,pi5,-0.250,32.726,-2.013,-0.036,-0.849,0.046,0.851,0.00,-6.99,-85.96,0.3944,0.3976,0.5217,0.5235,8090,27.595,703.5,373.8,467.2,22.6,489.8,20.56,23.83,0.91004,13.038,12.43,24.79,14,2
95.369,hall_mission,9x4.5,pi5,-0.252,32.667,-2.010,-0.029,-0.866,0.052,0.868,-0.05,-6.79,-86.18,0.4141,0.4173,0.5054,0.5071,8114,27.589,703.3,370.3,462.9,22.6,485.5,20.37,23.83,0.90999,13.045,12.55,24.79,14,2
95.417,hall_mission,9x4.5,pi5,-0.253,32.630,-2.008,-0.025,-0.875,0.056,0.877,-0.06,-6.68,-86.49,0.4311,0.4344,0.4910,0.4932,8136,27.632,704.4,369.1,461.4,22.6,484.0,20.31,23.83,0.90994,13.051,12.59,24.79,14,2
95.469,hall_mission,9x4.5,pi5,-0.255,32.578,-2.006,-0.020,-0.885,0.061,0.888,-0.05,-6.54,-87.08,0.4477,0.4506,0.4776,0.4793,8155,27.708,706.4,369.5,461.9,22.6,484.5,20.33,23.83,0.90989,13.058,12.57,24.79,14,2
95.517,hall_mission,9x4.5,pi5,-0.256,32.540,-2.004,-0.018,-0.892,0.063,0.894,-0.03,-6.47,-87.53,0.4606,0.4632,0.4672,0.4689,8173,27.806,708.8,371.1,463.8,22.6,486.4,20.41,23.83,0.90985,13.065,12.52,24.79,14,2
95.565,hall_mission,9x4.5,pi5,-0.257,32.480,-2.001,-0.014,-0.901,0.065,0.903,-0.00,-6.38,-88.22,0.4709,0.4733,0.4593,0.4603,8187,27.904,711.4,373.1,466.4,22.6,489.0,20.52,23.83,0.90980,13.071,12.45,24.79,14,2
95.617,hall_mission,9x4.5,pi5,-0.258,32.442,-1.999,-0.013,-0.906,0.065,0.908,0.02,-6.32,-88.66,0.4792,0.4817,0.4530,0.4535,8199,28.004,713.9,375.4,469.2,22.6,491.8,20.64,23.82,0.90975,13.078,12.38,24.79,14,2
95.669,hall_mission,9x4.5,pi5,-0.260,32.389,-1.996,-0.011,-0.912,0.064,0.914,0.05,-6.26,-89.25,0.4848,0.4866,0.4484,0.4498,8207,28.071,715.6,377.0,471.2,22.6,493.8,20.73,23.82,0.90970,13.085,12.32,24.79,14,2
95.717,hall_mission,9x4.5,pi5,-0.261,32.351,-1.994,-0.010,-0.916,0.063,0.918,0.06,-6.23,-89.59,0.4879,0.4888,0.4463,0.4482,8214,28.122,716.9,378.1,472.7,22.6,495.3,20.79,23.82,0.90966,13.092,12.29,24.79,14,2
95.769,hall_mission,9x4.5,pi5,-0.262,32.289,-1.991,-0.008,-0.922,0.060,0.924,0.08,-6.19,-90.00,0.4889,0.4899,0.4469,0.4473,8220,28.167,718.1,379.1,473.9,22.6,496.5,20.85,23.82,0.90961,13.099,12.25,24.79,14,2
95.817,hall_mission,9x4.5,pi5,-0.263,32.251,-1.989,-0.007,-0.926,0.058,0.927,0.09,-6.17,-90.20,0.4875,0.4901,0.4477,0.4490,8224,28.193,718.7,379.6,474.5,22.6,497.1,20.87,23.81,0.90956,13.106,12.24,24.79,14,2
95.869,hall_mission,9x4.5,pi5,-0.263,32.197,-1.987,-0.006,-0.930,0.055,0.932,0.09,-6.14,-90.41,0.4853,0.4886,0.4498,0.4514,8227,28.208,719.1,379.7,474.6,22.6,497.2,20.88,23.81,0.90951,13.113,12.23,24.79,14,2
95.917,hall_mission,9x4.5,pi5,-0.263,32.158,-1.985,-0.005,-0.933,0.053,0.934,0.09,-6.13,-90.49,0.4838,0.4852,0.4523,0.4545,8230,28.219,719.4,379.8,474.7,22.6,497.3,20.89,23.81,0.90946,13.120,12.23,24.79,14,2
95.969,hall_mission,9x4.5,pi5,-0.264,32.096,-1.982,-0.004,-0.937,0.048,0.938,0.08,-6.11,-90.53,0.4802,0.4827,0.4562,0.4574,8232,28.227,719.6,379.8,474.7,22.6,497.3,20.89,23.81,0.90941,13.127,12.23,24.79,14,2
96.017,hall_mission,9x4.5,pi5,-0.264,32.057,-1.980,-0.004,-0.939,0.046,0.940,0.07,-6.11,-90.52,0.4778,0.4792,0.4598,0.4601,8234,28.231,719.7,379.8,474.7,22.6,497.3,20.88,23.81,0.90937,13.133,12.23,24.79,14,2
96.069,hall_mission,9x4.5,pi5,-0.264,32.003,-1.977,-0.003,-0.942,0.042,0.943,0.05,-6.10,-90.45,0.4742,0.4764,0.4628,0.4638,8235,28.235,719.8,379.8,474.7,22.6,497.3,20.88,23.81,0.90932,13.141,12.23,24.79,14,2
96.113,hall_mission,9x4.5,pi5,-0.264,31.965,-1.976,-0.003,-0.944,0.039,0.945,0.03,-6.10,-90.38,0.4774,0.4925,0.4607,0.4478,8239,28.287,721.1,381.2,476.5,22.6,499.1,20.96,23.81,0.90927,13.147,12.18,24.79,14,2
96.161,hall_mission,9x4.5,pi5,-0.264,31.927,-1.974,-0.003,-0.946,0.035,0.947,0.14,-6.10,-90.29,0.5117,0.5147,0.4246,0.4255,8233,28.385,723.6,386.1,482.7,22.6,505.3,21.23,23.80,0.90923,13.153,12.03,24.79,14,2
96.209,hall_mission,9x4.5,pi5,-0.264,31.866,-1.972,0.000,-0.949,0.023,0.949,0.53,-6.07,-89.99,0.5308,0.5296,0.4038,0.4073,8215,28.432,724.8,390.5,488.1,22.6,510.7,21.46,23.79,0.90918,13.160,11.89,24.79,14,2
96.261,hall_mission,9x4.5,pi5,-0.264,31.828,-1.971,0.005,-0.950,0.016,0.951,0.79,-6.05,-89.62,0.5330,0.5324,0.3988,0.4031,8199,28.363,723.1,389.9,487.3,22.6,509.9,21.43,23.79,0.90913,13.168,11.91,24.78,14,2
96.313,hall_mission,9x4.5,pi5,-0.264,31.775,-1.970,0.014,-0.951,0.011,0.952,1.08,-6.03,-88.78,0.5237,0.5234,0.4071,0.4105,8190,28.209,719.1,384.9,481.1,22.6,503.7,21.16,23.80,0.90908,13.175,12.06,24.78,14,2
96.361,hall_mission,9x4.5,pi5,-0.263,31.738,-1.970,0.023,-0.951,0.008,0.952,1.18,-6.03,-88.05,0.5086,0.5097,0.4211,0.4243,8186,28.059,715.3,379.4,474.3,22.6,496.9,20.87,23.81,0.90903,13.182,12.23,24.78,14,2
96.413,hall_mission,9x4.5,pi5,-0.261,31.678,-1.969,0.037,-0.951,0.006,0.952,1.23,-6.05,-86.74,0.4900,0.4917,0.4395,0.4422,8185,27.946,712.4,375.0,468.7,22.6,491.3,20.63,23.82,0.90898,13.189,12.37,24.78,14,2
96.461,hall_mission,9x4.5,pi5,-0.259,31.641,-1.969,0.047,-0.950,0.006,0.951,1.21,-6.08,-85.78,0.4737,0.4743,0.4562,0.4598,8187,27.912,711.5,373.3,466.6,22.6,489.2,20.54,23.82,0.90894,13.195,12.43,24.78,14,2
96.513,hall_mission,9x4.5,pi5,-0.255,31.589,-1.970,0.061,-0.949,0.007,0.951,1.10,-6.12,-84.31,0.4574,0.4577,0.4731,0.4769,8191,27.938,712.2,373.8,467.3,22.6,489.9,20.57,23.82,0.90889,13.202,12.41,24.78,14,2
96.561,hall_mission,9x4.5,pi5,-0.252,31.552,-1.970,0.071,-0.948,0.007,0.951,1.00,-6.16,-83.35,0.4439,0.4463,0.4866,0.4890,8194,27.988,713.5,375.5,469.4,22.6,492.0,20.66,23.81,0.90884,13.209,12.35,24.78,14,2
96.609,hall_mission,9x4.5,pi5,-0.246,31.493,-1.970,0.085,-0.948,0.007,0.951,0.81,-6.20,-82.01,0.4352,0.4363,0.4970,0.4981,8196,28.050,715.1,377.6,472.0,22.6,494.6,20.77,23.81,0.90879,13.215,12.28,24.78,14,2
96.661,hall_mission,9x4.5,pi5,-0.242,31.456,-1.971,0.094,-0.947,0.008,0.952,0.68,-6.23,-81.21,0.4287,0.4297,0.5038,0.5049,8199,28.106,716.5,379.6,474.5,22.6,497.1,20.88,23.81,0.90874,13.223,12.22,24.78,14,2
96.713,hall_mission,9x4.5,pi5,-0.234,31.405,-1.970,0.105,-0.948,0.007,0.953,0.50,-6.26,-80.20,0.4390,0.4533,0.4952,0.4814,8205,28.069,715.6,377.2,471.5,22.6,494.1,20.75,23.81,0.90869,13.230,12.29,24.78,14,2
96.761,hall_mission,9x4.5,pi5,-0.229,31.368,-1.970,0.112,-0.948,0.006,0.955,0.57,-6.27,-79.63,0.4789,0.4846,0.4507,0.4538,8201,28.020,714.3,375.7,469.7,22.6,492.3,20.67,23.81,0.90865,13.236,12.34,24.78,14,2
96.809,hall_mission,9x4.5,pi5,-0.219,31.309,-1.970,0.128,-0.948,0.001,0.956,0.91,-6.24,-78.76,0.5050,0.5028,0.4265,0.4312,8192,28.063,715.4,378.7,473.4,22.6,496.0,20.83,23.81,0.90860,13.243,12.24,24.78,14,2
96.861,hall_mission,9x4.5,pi5,-0.212,31.272,-1.970,0.139,-0.947,-0.001,0.957,1.13,-6.23,-78.10,0.5117,0.5103,0.4190,0.4232,8188,28.085,716.0,380.2,475.3,22.6,497.9,20.91,23.80,0.90855,13.250,12.20,24.78,14,2
96.913,hall_mission,9x4.5,pi5,-0.201,31.221,-1.970,0.158,-0.944,-0.001,0.957,1.34,-6.23,-76.92,0.5060,0.5059,0.4243,0.4288,8191,28.066,715.5,379.0,473.8,22.6,496.4,20.85,23.81,0.90850,13.257,12.23,24.78,14,2
96.961,hall_mission,9x4.5,pi5,-0.193,31.185,-1.970,0.172,-0.942,0.000,0.957,1.39,-6.24,-76.03,0.4950,0.4949,0.4365,0.4397,8195,28.028,714.5,376.9,471.2,22.6,493.8,20.74,23.81,0.90845,13.264,12.30,24.78,14,2
97.013,hall_mission,9x4.5,pi5,-0.178,31.126,-1.970,0.195,-0.938,0.001,0.958,1.36,-6.27,-74.55,0.4798,0.4798,0.4523,0.4552,8198,27.996,713.7,375.2,469.0,22.6,491.6,20.64,23.81,0.90841,13.271,12.35,24.78,14,2
97.061,hall_mission,9x4.5,pi5,-0.169,31.090,-1.970,0.209,-0.935,0.001,0.958,1.28,-6.29,-73.53,0.4649,0.4663,0.4675,0.4696,8202,28.008,714.0,375.1,468.9,22.6,491.5,20.64,23.81,0.90836,13.277,12.35,24.78,14,2
97.113,hall_mission,9x4.5,pi5,-0.154,31.039,-1.969,0.228,-0.932,0.002,0.960,1.09,-6.33,-72.00,0.4516,0.4517,0.4823,0.4840,8207,28.064,715.4,376.7,470.9,22.6,493.5,20.73,23.81,0.90831,13.285,12.30,24.78,14,2
97.161,hall_mission,9x4.5,pi5,-0.144,31.003,-1.969,0.240,-0.930,0.002,0.961,0.94,-6.35,-71.03,0.4406,0.4420,0.4929,0.4952,8211,28.129,717.1,378.8,473.5,22.6,496.1,20.84,23.80,0.90826,13.291,12.24,24.78,14,2
97.209,hall_mission,9x4.5,pi5,-0.126,30.945,-1.968,0.259,-0.928,0.001,0.963,0.70,-6.37,-69.71,0.4328,0.4343,0.5011,0.5028,8213,28.181,718.4,380.7,475.8,22.6,498.4,20.94,23.80,0.90822,13.298,12.18,24.78,14,2
97.261,hall_mission,9x4.5,pi5,-0.114,30.908,-1.967,0.269,-0.927,0.000,0.965,0.55,-6.38,-68.93,0.4273,0.4297,0.5066,0.5078,8214,28.222,719.5,382.2,477.7,22.6,500.3,21.02,23.80,0.90817,13.305,12.13,24.78,14,2
97.313,hall_mission,9x4.5,pi5,-0.098,30.857,-1.967,0.282,-0.925,-0.001,0.967,0.33,-6.39,-67.96,0.4259,0.4274,0.5088,0.5097,8215,28.245,720.1,382.9,478.6,22.6,501.2,21.06,23.80,0.90812,13.312,12.10,24.78,14,2
97.361,hall_mission,9x4.5,pi5,-0.086,30.821,-1.966,0.291,-0.925,-0.001,0.969,0.20,-6.39,-67.45,0.4263,0.4288,0.5080,0.5092,8217,28.253,720.3,382.9,478.7,22.6,501.3,21.07,23.80,0.90807,13.319,12.10,24.78,14,2
97.413,hall_mission,9x4.5,pi5,-0.066,30.762,-1.965,0.302,-0.924,-0.002,0.972,0.03,-6.38,-66.87,0.4296,0.4320,0.5052,0.5062,8219,28.248,720.1,382.4,478.0,22.6,500.6,21.04,23.80,0.90802,13.326,12.12,24.78,14,2
97.461,hall_mission,9x4.5,pi5,-0.053,30.726,-1.965,0.308,-0.924,-0.003,0.974,-0.06,-6.38,-66.62,0.4340,0.4362,0.5013,0.5019,8221,28.233,719.7,381.6,477.0,22.6,499.6,20.99,23.80,0.90797,13.333,12.14,24.78,14,2
97.513,hall_mission,9x4.5,pi5,-0.035,30.675,-1.964,0.315,-0.924,-0.004,0.976,-0.18,-6.37,-66.39,0.4396,0.4420,0.4954,0.4969,8223,28.215,719.3,380.6,475.8,22.6,498.4,20.94,23.80,0.90792,13.340,12.17,24.78,14,2
97.561,hall_mission,9x4.5,pi5,-0.022,30.639,-1.964,0.320,-0.924,-0.005,0.978,-0.24,-6.37,-66.34,0.4456,0.4472,0.4900,0.4914,8224,28.200,718.9,379.9,474.8,22.6,497.4,20.90,23.80,0.90787,13.347,12.19,24.78,14,2
97.609,hall_mission,9x4.5,pi5,-0.001,30.580,-1.963,0.326,-0.924,-0.006,0.980,-0.30,-6.37,-66.36,0.4511,0.4530,0.4845,0.4859,8225,28.189,718.6,379.2,474.0,22.6,496.6,20.87,23.80,0.90783,13.353,12.21,24.78,14,2
97.661,hall_mission,9x4.5,pi5,0.012,30.544,-1.963,0.329,-0.924,-0.006,0.981,-0.33,-6.37,-66.44,0.4567,0.4590,0.4791,0.4800,8226,28.183,718.5,378.8,473.5,22.6,496.1,20.85,23.80,0.90778,13.361,12.22,24.78,14,2
97.709,hall_mission,9x4.5,pi5,0.030,30.493,-1.963,0.332,-0.925,-0.006,0.983,-0.37,-6.37,-66.60,0.4625,0.4627,0.4746,0.4753,8227,28.181,718.4,378.7,473.3,22.6,495.9,20.84,23.80,0.90773,13.367,12.23,24.78,14,2
97.761,hall_mission,9x4.5,pi5,0.043,30.456,-1.964,0.335,-0.925,-0.007,0.984,-0.39,-6.37,-66.73,0.4659,0.4680,0.4701,0.4713,8228,28.183,718.5,378.7,473.3,22.6,495.9,20.84,23.80,0.90768,13.374,12.23,24.78,14,2
97.809,hall_mission,9x4.5,pi5,0.063,30.398,-1.964,0.337,-0.926,-0.007,0.986,-0.40,-6.38,-66.94,0.4691,0.4713,0.4670,0.4681,8229,28.190,718.6,378.8,473.5,22.6,496.1,20.84,23.80,0.90763,13.381,12.22,24.78,14,2
97.861,hall_mission,9x4.5,pi5,0.076,30.361,-1.964,0.337,-0.927,-0.007,0.987,-0.41,-6.39,-67.08,0.4720,0.4736,0.4649,0.4652,8230,28.195,718.8,378.9,473.6,22.6,496.2,20.85,23.80,0.90758,13.388,12.22,24.78,14,2
97.913,hall_mission,9x4.5,pi5,0.093,30.309,-1.965,0.338,-0.928,-0.007,0.988,-0.40,-6.40,-67.26,0.4733,0.4755,0.4629,0.4642,8230,28.202,718.9,379.1,473.8,22.6,496.4,20.86,23.80,0.90753,13.395,12.21,24.78,14,2
97.961,hall_mission,9x4.5,pi5,0.105,30.272,-1.966,0.338,-0.929,-0.007,0.989,-0.40,-6.41,-67.37,0.4744,0.4762,0.4619,0.4634,8230,28.201,718.9,379.1,473.8,22.6,496.4,20.86,23.80,0.90749,13.402,12.21,24.78,14,2
98.009,hall_mission,9x4.5,pi5,0.125,30.213,-1.967,0.339,-0.931,-0.007,0.990,-0.39,-6.42,-67.50,0.4744,0.4767,0.4617,0.4628,8230,28.198,718.9,379.0,473.8,22.6,496.4,20.86,23.80,0.90744,13.408,12.21,24.78,14,2
98.061,hall_mission,9x4.5,pi5,0.137,30.176,-1.968,0.339,-0.931,-0.007,0.991,-0.38,-6.43,-67.57,0.4744,0.4761,0.4619,0.4629,8228,28.189,718.6,378.8,473.5,22.6,496.1,20.85,23.80,0.90739,13.416,12.21,24.78,14,2
98.113,hall_mission,9x4.5,pi5,0.153,30.125,-1.969,0.339,-0.933,-0.007,0.992,-0.37,-6.45,-67.63,0.4740,0.4751,0.4625,0.4633,8227,28.177,718.3,378.6,473.2,22.6,495.8,20.84,23.80,0.90734,13.423,12.22,24.78,14,2
98.161,hall_mission,9x4.5,pi5,0.165,30.088,-1.970,0.339,-0.933,-0.007,0.993,-0.36,-6.46,-67.66,0.4723,0.4749,0.4630,0.4641,8224,28.162,717.9,378.3,472.8,22.6,495.4,20.82,23.80,0.90730,13.429,12.23,24.78,14,2
98.213,hall_mission,9x4.5,pi5,0.184,30.029,-1.972,0.339,-0.934,-0.007,0.994,-0.35,-6.47,-67.67,0.4720,0.4730,0.4634,0.4655,8223,28.150,717.6,378.0,472.5,22.6,495.1,20.81,23.80,0.90724,13.437,12.24,24.78,14,2
98.261,hall_mission,9x4.5,pi5,0.196,29.992,-1.973,0.339,-0.935,-0.006,0.995,-0.34,-6.49,-67.67,0.4706,0.4723,0.4647,0.4660,8222,28.143,717.4,377.8,472.3,22.6,494.9,20.80,23.80,0.90720,13.443,12.24,24.78,14,2
98.313,hall_mission,9x4.5,pi5,0.213,29.940,-1.975,0.339,-0.936,-0.005,0.996,-0.33,-6.50,-67.65,0.4697,0.4711,0.4657,0.4670,8222,28.140,717.4,377.8,472.2,22.6,494.8,20.79,23.80,0.90715,13.450,12.24,24.78,14,2
98.361,hall_mission,9x4.5,pi5,0.224,29.903,-1.976,0.339,-0.937,-0.005,0.996,-0.33,-6.51,-67.62,0.4686,0.4703,0.4664,0.4679,8220,28.132,717.2,377.6,472.0,22.6,494.6,20.79,23.80,0.90710,13.457,12.25,24.78,14,2
98.409,hall_mission,9x4.5,pi5,0.243,29.843,-1.978,0.340,-0.938,-0.004,0.998,-0.33,-6.53,-67.58,0.4682,0.4693,0.4671,0.4688,8221,28.136,717.3,377.7,472.1,22.6,494.7,20.79,23.80,0.90706,13.464,12.24,24.78,14,2
98.461,hall_mission,9x4.5,pi5,0.255,29.806,-1.979,0.340,-0.939,-0.003,0.998,-0.32,-6.54,-67.56,0.4669,0.4694,0.4676,0.4697,8222,28.140,717.4,377.8,472.2,22.6,494.8,20.79,23.80,0.90701,13.471,12.24,24.78,14,2
98.509,hall_mission,9x4.5,pi5,0.271,29.754,-1.980,0.340,-0.940,-0.003,0.999,-0.32,-6.56,-67.52,0.4681,0.4718,0.4672,0.4666,8223,28.147,717.5,377.9,472.4,22.6,495.0,20.80,23.79,0.90696,13.477,12.23,24.78,14,2
98.561,hall_mission,9x4.5,pi5,0.282,29.717,-1.980,0.340,-0.940,-0.002,1.000,-0.29,-6.57,-67.49,0.4741,0.4759,0.4611,0.4628,8223,28.152,717.7,378.1,472.6,22.6,495.2,20.81,23.79,0.90691,13.484,12.23,24.78,14,2
98.613,hall_mission,9x4.5,pi5,0.300,29.658,-1.981,0.341,-0.941,-0.002,1.001,-0.22,-6.58,-67.42,0.4773,0.4782,0.4580,0.4603,8223,28.155,717.7,378.2,472.8,22.6,495.4,20.82,23.79,0.90686,13.492,12.22,24.78,14,2
98.661,hall_mission,9x4.5,pi5,0.312,29.621,-1.981,0.342,-0.941,-0.002,1.001,-0.16,-6.59,-67.35,0.4773,0.4790,0.4580,0.4600,8225,28.169,718.1,378.5,473.1,22.6,495.7,20.84,23.79,0.90681,13.498,12.21,24.78,14,2
98.713,hall_mission,9x4.5,pi5,0.328,29.570,-1.981,0.344,-0.941,-0.001,1.002,-0.10,-6.61,-67.21,0.4764,0.4776,0.4596,0.4617,8228,28.188,718.6,378.9,473.6,22.6,496.2,20.86,23.79,0.90676,13.505,12.20,24.78,14,2
98.761,hall_mission,9x4.5,pi5,0.340,29.533,-1.981,0.346,-0.941,-0.001,1.002,-0.08,-6.62,-67.09,0.4738,0.4760,0.4623,0.4636,8229,28.195,718.8,379.0,473.7,22.6,496.3,20.86,23.79,0.90672,13.512,12.20,24.78,14,2
98.813,hall_mission,9x4.5,pi5,0.359,29.474,-1.981,0.349,-0.941,-0.001,1.004,-0.08,-6.64,-66.88,0.4715,0.4728,0.4648,0.4669,8231,28.202,718.9,379.0,473.8,22.6,496.4,20.87,23.79,0.90667,13.519,12.19,24.78,14,2
98.861,hall_mission,9x4.5,pi5,0.371,29.436,-1.981,0.351,-0.941,-0.002,1.005,-0.08,-6.65,-66.73,0.4687,0.4706,0.4680,0.4687,8230,28.200,718.9,379.0,473.7,22.6,496.3,20.86,23.79,0.90662,13.526,12.19,24.78,14,2
98.913,hall_mission,9x4.5,pi5,0.389,29.384,-1.981,0.354,-0.941,-0.003,1.006,-0.10,-6.67,-66.50,0.4664,0.4680,0.4702,0.4713,8230,28.199,718.9,379.0,473.7,22.6,496.3,20.86,23.79,0.90657,13.533,12.19,24.78,14,2
98.961,hall_mission,9x4.5,pi5,0.402,29.346,-1.981,0.357,-0.942,-0.003,1.007,-0.12,-6.68,-66.35,0.4648,0.4662,0.4715,0.4736,8231,28.204,719.0,379.1,473.9,22.6,496.5,20.87,23.79,0.90652,13.540,12.19,24.78,14,2
99.009,hall_mission,9x4.5,pi5,0.423,29.286,-1.981,0.360,-0.943,-0.003,1.009,-0.15,-6.69,-66.15,0.4631,0.4650,0.4732,0.4746,8231,28.204,719.0,379.1,473.9,22.6,496.5,20.87,23.79,0.90648,13.546,12.19,24.78,14,2
99.061,hall_mission,9x4.5,pi5,0.436,29.248,-1.981,0.362,-0.944,-0.003,1.011,-0.17,-6.70,-66.03,0.4618,0.4645,0.4747,0.4750,8230,28.203,719.0,379.1,473.9,22.6,496.5,20.87,23.79,0.90643,13.553,12.19,24.78,14,2
99.113,hall_mission,9x4.5,pi5,0.455,29.194,-1.981,0.365,-0.945,-0.004,1.013,-0.20,-6.70,-65.88,0.4625,0.4667,0.4740,0.4725,8230,28.197,718.8,379.0,473.7,22.6,496.3,20.86,23.79,0.90638,13.561,12.19,24.78,14,2
99.161,hall_mission,9x4.5,pi5,0.469,29.156,-1.982,0.367,-0.946,-0.004,1.015,-0.19,-6.71,-65.80,0.4684,0.4710,0.4671,0.4688,8228,28.184,718.5,378.7,473.3,22.6,495.9,20.85,23.79,0.90633,13.567,12.20,24.78,14,2
99.213,hall_mission,9x4.5,pi5,0.492,29.094,-1.982,0.371,-0.948,-0.005,1.018,-0.15,-6.71,-65.68,0.4728,0.4741,0.4628,0.4650,8226,28.169,718.1,378.4,473.0,22.6,495.6,20.83,23.79,0.90628,13.574,12.20,24.78,14,2
99.261,hall_mission,9x4.5,pi5,0.506,29.055,-1.983,0.374,-0.949,-0.005,1.020,-0.12,-6.71,-65.60,0.4736,0.4757,0.4616,0.4632,8224,28.159,717.9,378.2,472.8,22.6,495.4,20.83,23.79,0.90623,13.581,12.21,24.77,14,2
99.313,hall_mission,9x4.5,pi5,0.526,29.001,-1.983,0.377,-0.950,-0.005,1.022,-0.08,-6.71,-65.44,0.4740,0.4746,0.4618,0.4638,8224,28.159,717.9,378.2,472.8,22.6,495.4,20.82,23.79,0.90618,13.588,12.21,24.77,14,2
99.361,hall_mission,9x4.5,pi5,0.541,28.963,-1.984,0.380,-0.950,-0.005,1.023,-0.07,-6.71,-65.32,0.4718,0.4742,0.4635,0.4649,8225,28.163,718.0,378.3,472.9,22.6,495.5,20.83,23.79,0.90614,13.595,12.20,24.77,14,2
99.413,hall_mission,9x4.5,pi5,0.564,28.900,-1.984,0.384,-0.951,-0.004,1.025,-0.08,-6.71,-65.12,0.4701,0.4719,0.4652,0.4675,8226,28.169,718.1,378.4,472.9,22.6,495.5,20.83,23.79,0.90609,13.602,12.20,24.77,14,2
99.461,hall_mission,9x4.5,pi5,0.579,28.861,-1.984,0.387,-0.951,-0.004,1.027,-0.09,-6.71,-64.98,0.4683,0.4697,0.4676,0.4690,8225,28.166,718.0,378.3,472.9,22.6,495.5,20.83,23.79,0.90604,13.608,12.20,24.77,14,2
99.513,hall_mission,9x4.5,pi5,0.600,28.807,-1.985,0.390,-0.952,-0.004,1.029,-0.11,-6.71,-64.77,0.4662,0.4677,0.4693,0.4714,8226,28.168,718.1,378.3,472.9,22.6,495.5,20.83,23.79,0.90599,13.616,12.20,24.77,14,2
99.557,hall_mission,9x4.5,pi5,0.615,28.768,-1.985,0.393,-0.952,-0.004,1.030,-0.13,-6.71,-64.64,0.4644,0.4667,0.4716,0.4720,8226,28.169,718.1,378.4,473.0,22.6,495.6,20.83,23.79,0.90595,13.622,12.20,24.77,14,2
99.605,hall_mission,9x4.5,pi5,0.630,28.730,-1.985,0.395,-0.953,-0.004,1.031,-0.15,-6.71,-64.51,0.4634,0.4652,0.4725,0.4736,8226,28.172,718.2,378.5,473.1,22.6,495.7,20.84,23.78,0.90590,13.628,12.19,24.77,14,2
99.657,hall_mission,9x4.5,pi5,0.654,28.668,-1.986,0.398,-0.953,-0.004,1.033,-0.18,-6.71,-64.34,0.4626,0.4645,0.4731,0.4747,8227,28.177,718.3,378.6,473.2,22.6,495.8,20.85,23.78,0.90585,13.635,12.19,24.77,14,2
99.705,hall_mission,9x4.5,pi5,0.670,28.629,-1.986,0.400,-0.954,-0.004,1.034,-0.20,-6.71,-64.24,0.4618,0.4647,0.4737,0.4751,8228,28.185,718.5,378.7,473.4,22.6,496.0,20.86,23.78,0.90581,13.642,12.18,24.77,14,2
99.757,hall_mission,9x4.5,pi5,0.691,28.575,-1.986,0.402,-0.954,-0.003,1.036,-0.22,-6.71,-64.12,0.4621,0.4645,0.4736,0.4752,8228,28.190,718.6,378.8,473.5,22.6,496.1,20.86,23.78,0.90576,13.649,12.18,24.77,14,2
99.805,hall_mission,9x4.5,pi5,0.706,28.536,-1.986,0.403,-0.955,-0.003,1.036,-0.23,-6.72,-64.06,0.4625,0.4649,0.4736,0.4748,8230,28.197,718.8,379.0,473.7,22.6,496.3,20.87,23.78,0.90571,13.656,12.17,24.77,14,2
99.857,hall_mission,9x4.5,pi5,0.730,28.474,-1.986,0.405,-0.956,-0.003,1.038,-0.25,-6.72,-64.00,0.4631,0.4656,0.4735,0.4740,8231,28.207,719.1,379.2,474.0,22.6,496.6,20.88,23.78,0.90566,13.663,12.17,24.77,14,2
99.905,hall_mission,9x4.5,pi5,0.746,28.435,-1.986,0.406,-0.956,-0.003,1.039,-0.26,-6.73,-63.97,0.5516,0.5013,0.4624,0.3595,8226,28.608,729.3,395.6,494.5,22.6,517.1,21.77,23.75,0.90561,13.670,11.67,24.77,14,2
99.957,hall_mission,9x4.5,pi5,0.767,28.380,-1.985,0.408,-0.958,-0.021,1.041,-0.06,-5.87,-63.80,0.7041,0.6989,0.2261,0.2296,8168,32.680,833.1,566.7,708.4,22.6,731.0,31.14,23.47,0.90554,13.680,8.16,24.77,14,2
100.005,hall_mission,9x4.5,pi5,0.783,28.341,-1.987,0.410,-0.954,-0.079,1.041,0.24,-4.31,-63.19,0.7873,0.7977,0.0983,0.1091,7927,36.540,931.5,741.6,927.0,22.6,949.6,40.97,23.18,0.90544,13.693,6.20,24.77,14,2
100.057,hall_mission,9x4.5,pi5,0.809,28.280,-1.996,0.408,-0.926,-0.249,1.042,0.64,-1.70,-60.91,0.7869,0.8002,0.0215,0.0532,7454,35.651,908.8,738.4,923.0,22.6,945.6,40.79,23.18,0.90535,13.707,6.22,24.77,14,2
100.105,hall_mission,9x4.5,pi5,0.825,28.243,-2.008,0.401,-0.891,-0.355,1.039,0.92,-0.05,-58.33,0.7378,0.7416,0.0126,0.0623,7065,31.590,805.3,613.2,766.5,22.6,789.1,33.73,23.39,0.90527,13.717,7.53,24.77,14,2
100.157,hall_mission,9x4.5,pi5,0.846,28.194,-2.032,0.383,-0.823,-0.439,1.009,1.50,2.00,-53.02,0.6546,0.6633,0.0583,0.1114,6823,26.618,678.6,457.2,571.5,22.6,594.1,25.12,23.65,0.90521,13.726,10.11,24.77,14,2
100.205,hall_mission,9x4.5,pi5,0.861,28.162,-2.051,0.366,-0.768,-0.438,0.957,1.93,3.01,-48.68,0.5768,0.5861,0.1363,0.1755,6776,23.093,588.7,343.3,429.1,22.6,451.7,18.95,23.84,0.90517,13.732,13.40,24.77,14,2
100.257,hall_mission,9x4.5,pi5,0.882,28.117,-2.079,0.333,-0.678,-0.347,0.832,2.52,3.90,-41.34,0.5070,0.5117,0.2391,0.2590,6929,21.473,547.4,276.5,345.7,22.6,368.3,15.38,23.94,0.90513,13.737,16.50,24.77,14,2
100.305,hall_mission,9x4.5,pi5,0.895,28.092,-2.092,0.312,-0.624,-0.259,0.744,2.85,4.13,-36.09,0.4452,0.4506,0.3375,0.3461,7156,21.563,549.7,257.7,322.1,22.6,344.7,14.38,23.97,0.90510,13.742,17.65,24.77,14,2
100.357,hall_mission,9x4.5,pi5,0.910,28.062,-2.104,0.279,-0.549,-0.134,0.631,3.27,4.10,-28.01,0.3857,0.3890,0.4339,0.4372,7396,22.825,581.9,276.9,346.1,22.6,368.7,15.40,23.94,0.90506,13.747,16.48,24.77,14,2
100.405,hall_mission,9x4.5,pi5,0.920,28.044,-2.108,0.255,-0.497,-0.059,0.562,3.52,3.93,-22.68,0.3407,0.3421,0.5086,0.5100,7598,24.648,628.3,321.1,401.3,22.6,423.9,17.76,23.87,0.90502,13.753,14.29,24.77,14,2
100.457,hall_mission,9x4.5,pi5,0.933,28.019,-2.108,0.214,-0.416,0.018,0.469,3.81,3.53,-15.07,0.3033,0.3047,0.5671,0.5686,7751,26.534,676.4,374.4,468.0,22.6,490.6,20.63,23.78,0.90497,13.760,12.30,24.77,14,2
100.505,hall_mission,9x4.5,pi5,0.940,28.007,-2.105,0.189,-0.367,0.041,0.415,3.94,3.21,-10.39,0.2374,0.3325,0.5709,0.6532,7933,28.715,732.0,436.8,546.0,22.6,568.6,24.01,23.68,0.90492,13.767,10.57,24.77,14,2
100.557,hall_mission,9x4.5,pi5,0.947,27.993,-2.100,0.154,-0.301,0.033,0.339,3.65,1.69,-4.22,0.2670,0.2628,0.6180,0.6409,7914,28.987,739.0,449.9,562.4,22.6,585.0,24.73,23.66,0.90486,13.776,10.26,24.77,14,2
100.605,hall_mission,9x4.5,pi5,0.951,27.985,-2.097,0.139,-0.260,0.018,0.295,3.28,-0.32,-0.74,0.2669,0.2406,0.6401,0.6282,7868,28.943,737.8,453.3,566.6,22.6,589.2,24.91,23.65,0.90481,13.784,10.19,24.77,14,2
100.657,hall_mission,9x4.5,pi5,0.956,27.977,-2.093,0.145,-0.204,-0.004,0.250,2.41,-3.50,3.60,0.2658,0.2334,0.6371,0.6226,7806,28.545,727.7,444.7,555.9,22.6,578.5,24.44,23.67,0.90475,13.792,10.38,24.77,14,2
100.705,hall_mission,9x4.5,pi5,0.960,27.973,-2.092,0.165,-0.175,-0.011,0.241,1.71,-5.28,5.94,0.2678,0.2410,0.6253,0.6146,7770,28.060,715.3,430.2,537.8,22.6,560.4,23.66,23.69,0.90469,13.800,10.72,24.77,14,2
100.757,hall_mission,9x4.5,pi5,0.968,27.969,-2.091,0.209,-0.141,-0.012,0.252,0.64,-7.21,8.65,0.2802,0.2626,0.6072,0.5949,7756,27.422,699.1,407.6,509.4,22.6,532.0,22.42,23.73,0.90464,13.807,11.31,24.77,14,2
100.801,hall_mission,9x4.5,pi5,0.976,27.968,-2.091,0.248,-0.121,-0.005,0.276,-0.01,-8.06,9.95,0.2621,0.1372,0.6874,0.6389,7685,29.483,751.6,490.4,613.1,22.6,635.7,26.95,23.59,0.90459,13.815,9.41,24.77,14,2
100.849,hall_mission,9x4.5,pi5,0.994,27.966,-2.090,0.322,-0.095,-0.041,0.339,-0.88,-8.07,10.97,0.0662,0.0000,0.8217,0.8071,7217,37.073,945.1,790.9,988.6,22.6,1011.2,43.81,23.08,0.90449,13.828,5.79,24.77,14,2
100.901,hall_mission,9x4.5,pi5,1.008,27.966,-2.093,0.377,-0.085,-0.154,0.416,-1.37,-7.07,10.61,0.0327,0.0000,0.7738,0.7825,6832,34.012,867.1,699.3,874.1,22.6,896.7,38.59,23.24,0.90439,13.841,6.57,24.77,14,2
100.953,hall_mission,9x4.5,pi5,1.033,27.965,-2.104,0.430,-0.082,-0.276,0.517,-1.90,-4.95,8.44,0.0000,0.0056,0.7413,0.7414,6468,31.111,793.1,614.5,768.2,22.6,790.8,33.82,23.38,0.90431,13.853,7.50,24.77,14,2
101.001,hall_mission,9x4.5,pi5,1.052,27.964,-2.116,0.449,-0.086,-0.326,0.562,-2.25,-3.44,6.00,0.0000,0.0326,0.6981,0.7014,6264,28.265,720.5,528.2,660.3,22.6,682.9,29.03,23.53,0.90425,13.862,8.73,24.77,14,2
101.049,hall_mission,9x4.5,pi5,1.085,27.961,-2.140,0.453,-0.102,-0.340,0.576,-2.82,-1.39,1.04,0.0000,0.0503,0.6749,0.6818,6173,26.902,685.8,487.7,609.6,22.6,632.2,26.80,23.59,0.90419,13.870,9.46,24.77,14,2
101.101,hall_mission,9x4.5,pi5,1.106,27.958,-2.154,0.442,-0.116,-0.322,0.559,-3.20,-0.27,-3.05,0.0000,0.0563,0.6714,0.6747,6156,26.584,677.7,478.0,597.5,22.6,620.1,26.27,23.61,0.90413,13.879,9.65,24.77,14,2
101.153,hall_mission,9x4.5,pi5,1.133,27.952,-2.173,0.413,-0.137,-0.284,0.520,-3.71,0.94,-10.27,0.0000,0.0552,0.6745,0.6776,6174,26.778,682.7,483.5,604.4,22.6,627.0,26.57,23.60,0.90406,13.888,9.54,24.77,14,2
101.201,hall_mission,9x4.5,pi5,1.152,27.946,-2.184,0.386,-0.153,-0.257,0.488,-3.99,1.43,-15.80,0.0674,0.1120,0.6159,0.6192,6558,24.020,612.3,387.8,484.7,22.6,507.3,21.36,23.75,0.90401,13.895,11.87,24.77,14,2
101.249,hall_mission,9x4.5,pi5,1.177,27.935,-2.199,0.335,-0.173,-0.179,0.417,-4.25,1.69,-24.98,0.1572,0.1790,0.5536,0.5574,6677,21.847,556.9,309.8,387.2,22.6,409.8,17.16,23.88,0.90398,13.901,14.77,24.76,14,2
101.301,hall_mission,9x4.5,pi5,1.191,27.928,-2.204,0.303,-0.182,-0.099,0.367,-4.28,1.58,-31.53,0.2675,0.2730,0.4830,0.4856,6901,20.827,530.9,257.3,321.6,22.6,344.2,14.36,23.96,0.90394,13.906,17.64,24.76,14,2
101.353,hall_mission,9x4.5,pi5,1.208,27.916,-2.205,0.259,-0.189,0.026,0.322,-4.17,1.18,-41.66,0.3853,0.3861,0.4118,0.4140,7221,21.722,553.8,256.5,320.6,22.6,343.2,14.32,23.96,0.90391,13.911,17.69,24.76,14,2
101.401,hall_mission,9x4.5,pi5,1.218,27.907,-2.201,0.228,-0.192,0.106,0.317,-4.03,0.85,-48.43,0.4866,0.4858,0.3472,0.3479,7475,23.682,603.7,299.3,374.1,22.6,396.7,16.60,23.89,0.90387,13.916,15.26,24.76,14,2
101.449,hall_mission,9x4.5,pi5,1.230,27.892,-2.187,0.181,-0.196,0.190,0.327,-3.78,0.37,-58.23,0.5712,0.5713,0.2867,0.2880,7655,26.155,666.8,371.0,463.7,22.6,486.3,20.45,23.78,0.90383,13.922,12.39,24.76,14,2
101.501,hall_mission,9x4.5,pi5,1.235,27.883,-2.176,0.151,-0.197,0.206,0.323,-3.60,0.09,-64.32,0.6391,0.6382,0.2307,0.2313,7735,28.544,727.7,452.3,565.4,22.6,588.0,24.87,23.65,0.90377,13.931,10.19,24.76,14,2
101.553,hall_mission,9x4.5,pi5,1.241,27.869,-2.160,0.110,-0.198,0.188,0.294,-3.30,-0.24,-72.51,0.6795,0.6787,0.1876,0.1878,7714,30.055,766.2,511.6,639.5,22.6,662.1,28.12,23.55,0.90370,13.940,9.01,24.76,14,2
101.601,hall_mission,9x4.5,pi5,1.243,27.860,-2.150,0.082,-0.198,0.155,0.264,-3.09,-0.39,-77.23,0.6721,0.7378,0.1220,0.2222,7789,31.621,806.1,562.9,703.6,22.6,726.2,30.95,23.46,0.90363,13.950,8.18,24.76,14,2
101.653,hall_mission,9x4.5,pi5,1.244,27.845,-2.138,0.043,-0.198,0.071,0.215,-2.32,-1.56,-83.02,0.6886,0.7075,0.1427,0.1715,7630,30.652,781.4,541.6,677.0,22.6,699.6,29.77,23.50,0.90356,13.960,8.51,24.76,14,2
101.701,hall_mission,9x4.5,pi5,1.244,27.836,-2.134,0.026,-0.207,0.028,0.210,-1.79,-3.14,-86.03,0.6901,0.6686,0.1650,0.1491,7494,29.353,748.3,505.4,631.8,22.6,654.4,27.78,23.56,0.90350,13.969,9.12,24.76,14,2
101.749,hall_mission,9x4.5,pi5,1.242,27.821,-2.132,0.009,-0.237,-0.005,0.237,-1.02,-5.74,-89.40,0.6552,0.6535,0.1847,0.1550,7406,27.976,713.2,462.5,578.1,22.6,600.7,25.43,23.63,0.90344,13.977,9.96,24.76,14,2
101.801,hall_mission,9x4.5,pi5,1.240,27.810,-2.131,0.001,-0.269,-0.009,0.269,-0.57,-7.20,-90.96,0.6293,0.6194,0.2098,0.1822,7378,26.686,680.3,418.3,522.9,22.6,545.5,23.02,23.70,0.90338,13.985,11.00,24.76,14,2
101.853,hall_mission,9x4.5,pi5,1.237,27.788,-2.129,-0.007,-0.333,0.014,0.333,0.02,-8.80,-92.37,0.5995,0.5886,0.2413,0.2219,7416,25.776,657.1,381.8,477.3,22.6,499.9,21.04,23.76,0.90333,13.992,12.03,24.76,14,2
101.901,hall_mission,9x4.5,pi5,1.234,27.772,-2.127,-0.009,-0.376,0.042,0.379,0.34,-9.49,-92.77,0.5701,0.5642,0.2760,0.2638,7499,25.346,646.1,357.7,447.1,22.6,469.7,19.74,23.80,0.90329,13.998,12.83,24.76,14,2
101.953,hall_mission,9x4.5,pi5,1.231,27.746,-2.122,-0.010,-0.438,0.090,0.448,0.69,-10.08,-92.71,0.5436,0.5375,0.3177,0.3116,7630,25.354,646.4,343.7,429.6,22.6,452.2,18.99,23.82,0.90324,14.005,13.33,24.76,14,2
102.001,hall_mission,9x4.5,pi5,1.229,27.725,-2.117,-0.009,-0.483,0.125,0.499,0.82,-10.26,-92.32,0.5195,0.5149,0.3564,0.3536,7753,25.601,652.6,338.7,423.4,22.6,446.0,18.72,23.83,0.90320,14.011,13.53,24.76,14,2
102.053,hall_mission,9x4.5,pi5,1.226,27.687,-2.105,-0.005,-0.553,0.174,0.580,0.90,-10.30,-91.35,0.4944,0.4928,0.3956,0.3944,7873,26.014,663.2,339.9,424.8,22.6,447.4,18.78,23.82,0.90316,14.017,13.48,24.76,14,2
102.101,hall_mission,9x4.5,pi5,1.225,27.660,-2.096,-0.001,-0.595,0.199,0.628,0.88,-10.21,-90.53,0.5029,0.4278,0.4596,0.4003,7921,26.250,669.2,342.9,428.6,22.6,451.2,18.94,23.82,0.90311,14.023,13.36,24.76,14,2
102.153,hall_mission,9x4.5,pi5,1.224,27.620,-2.081,0.006,-0.649,0.224,0.687,0.75,-8.82,-89.19,0.4315,0.4422,0.4825,0.4676,8042,26.958,687.2,354.9,443.6,22.6,466.2,19.59,23.80,0.90307,14.030,12.92,24.76,14,2
102.201,hall_mission,9x4.5,pi5,1.223,27.590,-2.070,0.011,-0.677,0.233,0.716,0.58,-7.00,-88.33,0.4091,0.4169,0.5047,0.5123,8111,27.591,703.4,370.8,463.4,22.6,486.0,20.45,23.77,0.90302,14.036,12.38,24.76,14,2
102.253,hall_mission,9x4.5,pi5,1.223,27.541,-2.053,0.017,-0.695,0.229,0.732,0.44,-4.15,-87.25,0.3792,0.3972,0.5329,0.5437,8147,28.130,717.1,387.4,484.3,22.6,506.9,21.35,23.74,0.90297,14.044,11.85,24.76,14,2
102.301,hall_mission,9x4.5,pi5,1.223,27.510,-2.042,0.021,-0.690,0.218,0.724,0.41,-2.45,-86.74,0.3642,0.3789,0.5509,0.5615,8156,28.443,725.1,398.8,498.4,22.6,521.0,21.96,23.73,0.90292,14.051,11.52,24.76,14,2
102.353,hall_mission,9x4.5,pi5,1.225,27.467,-2.029,0.025,-0.666,0.198,0.695,0.42,-0.36,-86.40,0.3509,0.3662,0.5635,0.5722,8146,28.589,728.8,405.8,507.3,22.6,529.9,22.35,23.71,0.90287,14.058,11.32,24.76,14,2
103.366,hall_mission,9x4.5,pi5,1.226,27.439,-2.020,0.027,-0.638,0.182,0.665,0.44,0.73,-86.48,0.3495,0.3612,0.5648,0.5736,8133,28.539,727.6,405.6,507.0,22.6,529.6,22.33,23.71,0.90182,14.207,11.31,24.76,14,2
103.418,hall_mission,9x4.5,pi5,1.228,27.397,-2.008,0.029,-0.583,0.161,0.606,0.45,1.97,-87.08,0.3511,0.3610,0.5634,0.5708,8123,28.446,725.2,403.2,504.0,22.6,526.6,22.21,23.71,0.90177,14.215,11.37,24.76,14,2
103.466,hall_mission,9x4.5,pi5,1.229,27.374,-2.001,0.031,-0.543,0.150,0.564,0.44,2.58,-87.80,0.3587,0.3663,0.5571,0.5625,8117,28.279,720.9,397.4,496.7,22.6,519.3,21.90,23.72,0.90172,14.222,11.54,24.76,14,2
103.514,hall_mission,9x4.5,pi5,1.231,27.345,-1.992,0.033,-0.484,0.137,0.504,0.38,3.21,-89.32,0.3679,0.3742,0.5484,0.5533,8114,28.117,716.8,391.3,489.1,22.6,511.7,21.57,23.73,0.90167,14.229,11.71,24.76,14,2
103.566,hall_mission,9x4.5,pi5,1.232,27.327,-1.987,0.034,-0.440,0.130,0.460,0.31,3.49,-90.60,0.3839,0.3884,0.5343,0.5383,8118,27.928,712.0,383.3,479.1,22.6,501.7,21.13,23.74,0.90162,14.236,11.95,24.76,14,2
103.618,hall_mission,9x4.5,pi5,1.235,27.303,-1.978,0.036,-0.370,0.123,0.392,0.17,3.72,-92.85,0.3988,0.4021,0.5218,0.5249,8128,27.833,709.5,378.2,472.7,22.6,495.3,20.86,23.75,0.90157,14.243,12.11,24.76,14,2
103.666,hall_mission,9x4.5,pi5,1.236,27.291,-1.974,0.038,-0.327,0.120,0.351,0.06,3.79,-94.54,0.4135,0.4165,0.5100,0.5115,8142,27.797,708.6,374.9,468.6,22.6,491.2,20.68,23.75,0.90152,14.250,12.21,24.76,14,2
103.714,hall_mission,9x4.5,pi5,1.239,27.278,-1.967,0.040,-0.270,0.117,0.297,-0.12,3.77,-97.26,0.4263,0.4288,0.5000,0.5009,8158,27.822,709.3,373.7,467.1,22.6,489.7,20.62,23.75,0.90148,14.256,12.25,24.76,14,2
103.766,hall_mission,9x4.5,pi5,1.241,27.271,-1.963,0.041,-0.231,0.115,0.261,-0.24,3.70,-99.17,0.4462,0.4484,0.4826,0.4838,8176,27.857,710.2,372.7,465.8,22.6,488.4,20.56,23.76,0.90143,14.263,12.28,24.76,14,2
103.818,hall_mission,9x4.5,pi5,1.244,27.263,-1.956,0.043,-0.171,0.100,0.203,-0.39,3.39,-102.09,0.5036,0.5647,0.3949,0.4497,8364,29.472,751.3,412.0,515.0,22.6,537.6,22.69,23.69,0.90137,14.271,11.13,24.76,14,2
103.866,hall_mission,9x4.5,pi5,1.246,27.260,-1.953,0.044,-0.139,0.069,0.161,-0.24,1.97,-103.92,0.6181,0.6415,0.3258,0.3049,8282,30.730,783.4,474.4,592.9,22.6,615.5,26.10,23.59,0.90132,14.279,9.68,24.76,14,2
103.918,hall_mission,9x4.5,pi5,1.249,27.258,-1.951,0.043,-0.120,0.002,0.128,0.33,-1.34,-106.04,0.6834,0.6792,0.2485,0.2264,8091,31.565,804.7,530.9,663.6,22.6,686.2,29.21,23.49,0.90125,14.289,8.64,24.76,14,2
103.966,hall_mission,9x4.5,pi5,1.251,27.257,-1.952,0.041,-0.128,-0.052,0.144,0.83,-3.49,-106.86,0.6939,0.6740,0.2230,0.1916,7892,30.911,788.0,526.6,658.3,22.6,680.9,28.97,23.50,0.90118,14.298,8.71,24.76,14,2
104.018,hall_mission,9x4.5,pi5,1.253,27.253,-1.959,0.036,-0.170,-0.117,0.210,1.52,-6.18,-107.04,0.6635,0.6510,0.2248,0.1979,7727,29.216,744.8,478.5,598.1,22.6,620.7,26.33,23.58,0.90112,14.307,9.59,24.76,14,2
104.066,hall_mission,9x4.5,pi5,1.255,27.249,-1.966,0.032,-0.209,-0.135,0.251,1.85,-7.53,-106.49,0.6226,0.6123,0.2475,0.2287,7633,27.408,698.7,420.1,525.2,22.6,547.8,23.14,23.68,0.90107,14.315,10.91,24.76,14,2
104.118,hall_mission,9x4.5,pi5,1.257,27.239,-1.975,0.028,-0.271,-0.126,0.300,2.12,-8.93,-104.80,0.5760,0.5638,0.2897,0.2783,7622,25.972,662.1,367.8,459.7,22.6,482.3,20.30,23.76,0.90102,14.321,12.43,24.76,14,2
104.166,hall_mission,9x4.5,pi5,1.257,27.229,-1.981,0.027,-0.317,-0.100,0.333,2.16,-9.54,-103.21,0.5310,0.5239,0.3380,0.3314,7681,25.372,646.8,338.6,423.2,22.6,445.8,18.73,23.81,0.90098,14.327,13.47,24.76,14,2
104.218,hall_mission,9x4.5,pi5,1.259,27.208,-1.988,0.026,-0.391,-0.043,0.394,2.02,-10.08,-100.37,0.4873,0.4825,0.3915,0.3890,7775,25.362,646.5,327.0,408.7,22.6,431.3,18.10,23.83,0.90093,14.334,13.94,24.75,14,2
104.266,hall_mission,9x4.5,pi5,1.260,27.192,-1.989,0.027,-0.437,-0.006,0.438,1.83,-10.26,-98.30,0.4532,0.4493,0.4392,0.4370,7878,25.842,658.8,332.5,415.7,22.6,438.3,18.40,23.82,0.90089,14.340,13.71,24.75,14,2
104.314,hall_mission,9x4.5,pi5,1.261,27.165,-1.989,0.029,-0.501,0.037,0.503,1.45,-10.33,-95.16,0.4241,0.4222,0.4794,0.4785,7970,26.512,675.9,346.8,433.5,22.6,456.1,19.17,23.79,0.90085,14.346,13.16,24.75,14,2
104.366,hall_mission,9x4.5,pi5,1.261,27.142,-1.988,0.031,-0.546,0.058,0.550,1.17,-10.28,-93.14,0.4004,0.3988,0.5135,0.5133,8049,27.255,694.8,365.7,457.1,22.6,479.7,20.19,23.76,0.90080,14.353,12.50,24.75,14,2
104.418,hall_mission,9x4.5,pi5,1.262,27.102,-1.983,0.036,-0.616,0.078,0.622,0.76,-10.07,-90.38,0.3823,0.3829,0.5357,0.5370,8092,27.779,708.2,380.7,475.9,22.6,498.5,21.00,23.74,0.90075,14.360,12.01,24.75,14,2
104.466,hall_mission,9x4.5,pi5,1.263,27.073,-1.980,0.039,-0.657,0.084,0.664,0.51,-9.86,-88.78,0.4039,0.3267,0.5783,0.5246,8077,28.012,714.1,391.7,489.7,22.6,512.3,21.60,23.72,0.90070,14.367,11.68,24.75,14,2
104.514,hall_mission,9x4.5,pi5,1.265,27.031,-1.976,0.044,-0.708,0.083,0.715,0.32,-8.34,-86.82,0.3482,0.3533,0.5744,0.5636,8098,28.344,722.6,402.4,503.0,22.6,525.6,22.18,23.70,0.90065,14.374,11.37,24.75,14,2
104.566,hall_mission,9x4.5,pi5,1.266,26.999,-1.973,0.047,-0.733,0.076,0.738,0.17,-6.46,-85.84,0.3350,0.3459,0.5736,0.5848,8098,28.546,727.7,410.5,513.1,22.6,535.7,22.62,23.69,0.90060,14.381,11.15,24.75,14,2
104.618,hall_mission,9x4.5,pi5,1.268,26.946,-1.968,0.050,-0.742,0.062,0.747,0.07,-3.52,-84.94,0.3224,0.3430,0.5780,0.5916,8082,28.587,728.8,414.1,517.6,22.6,540.2,22.81,23.68,0.90054,14.389,11.06,24.75,14,2
104.666,hall_mission,9x4.5,pi5,1.269,26.913,-1.966,0.050,-0.732,0.052,0.735,0.06,-1.78,-84.73,0.3225,0.3406,0.5790,0.5872,8061,28.441,725.0,410.9,513.6,22.6,536.2,22.64,23.69,0.90049,14.396,11.14,24.75,14,2
104.714,hall_mission,9x4.5,pi5,1.271,26.868,-1.964,0.049,-0.699,0.041,0.702,0.09,0.33,-84.97,0.3259,0.3421,0.5738,0.5832,8046,28.260,720.4,405.7,507.1,22.6,529.7,22.36,23.69,0.90044,14.403,11.28,24.75,14,2
104.766,hall_mission,9x4.5,pi5,1.273,26.838,-1.963,0.047,-0.666,0.036,0.669,0.11,1.42,-85.50,0.3421,0.3558,0.5578,0.5664,8035,27.875,710.6,391.9,489.8,22.6,512.4,21.61,23.72,0.90039,14.411,11.67,24.75,14,2
104.818,hall_mission,9x4.5,pi5,1.275,26.794,-1.961,0.044,-0.602,0.033,0.605,0.12,2.69,-86.88,0.4194,0.4306,0.4832,0.4893,8037,26.971,687.6,356.1,445.2,22.6,467.8,19.68,23.77,0.90034,14.417,12.81,24.75,14,2
104.866,hall_mission,9x4.5,pi5,1.276,26.770,-1.960,0.043,-0.558,0.032,0.560,0.14,3.18,-87.81,0.4890,0.5512,0.3494,0.4582,8128,27.972,713.1,383.3,479.1,22.6,501.7,21.14,23.73,0.90030,14.424,11.92,24.75,14,2
104.918,hall_mission,9x4.5,pi5,1.278,26.739,-1.959,0.042,-0.495,0.022,0.497,0.22,2.33,-89.18,0.4929,0.5071,0.4216,0.4251,8124,27.609,703.8,369.7,462.2,22.6,484.8,20.41,23.75,0.90025,14.431,12.35,24.75,14,2
104.966,hall_mission,9x4.5,pi5,1.279,26.720,-1.959,0.041,-0.462,0.020,0.464,0.02,0.61,-89.95,0.4770,0.4667,0.4529,0.4519,8131,27.535,701.9,365.8,457.3,22.6,479.9,20.20,23.76,0.90020,14.438,12.48,24.75,14,2
105.018,hall_mission,9x4.5,pi5,1.281,26.693,-1.959,0.037,-0.435,0.023,0.438,-0.29,-2.22,-90.98,0.4586,0.4503,0.4766,0.4651,8139,27.582,703.2,366.8,458.4,22.6,481.0,20.25,23.75,0.90015,14.445,12.45,24.75,14,2
105.066,hall_mission,9x4.5,pi5,1.281,26.676,-1.958,0.033,-0.435,0.026,0.437,-0.46,-3.88,-91.66,0.4546,0.4443,0.4836,0.4705,8147,27.653,705.0,368.4,460.5,22.6,483.1,20.34,23.75,0.90011,14.451,12.39,24.75,14,2
105.110,hall_mission,9x4.5,pi5,1.282,26.660,-1.958,0.027,-0.445,0.031,0.447,-0.59,-5.28,-92.35,0.4561,0.4467,0.4829,0.4711,8161,27.741,707.2,370.1,462.6,22.6,485.2,20.43,23.75,0.90007,14.457,12.33,24.75,14,2
105.158,hall_mission,9x4.5,pi5,1.282,26.636,-1.956,0.017,-0.472,0.038,0.474,-0.66,-6.87,-93.45,0.4614,0.4539,0.4782,0.4676,8176,27.838,709.7,371.8,464.8,22.6,487.4,20.53,23.74,0.90002,14.463,12.28,24.75,14,2
105.210,hall_mission,9x4.5,pi5,1.281,26.617,-1.955,0.008,-0.498,0.042,0.499,-0.65,-7.62,-94.20,0.4697,0.4633,0.4696,0.4623,8190,27.928,712.0,373.5,466.9,22.6,489.5,20.62,23.74,0.89997,14.470,12.22,24.75,14,2
105.258,hall_mission,9x4.5,pi5,1.280,26.584,-1.952,-0.006,-0.546,0.047,0.548,-0.56,-8.37,-95.33,0.4773,0.4728,0.4614,0.4566,8202,28.013,714.1,375.3,469.2,22.6,491.8,20.72,23.74,0.89993,14.477,12.16,24.75,14,2
105.310,hall_mission,9x4.5,pi5,1.278,26.561,-1.951,-0.015,-0.579,0.049,0.581,-0.47,-8.67,-96.06,0.4849,0.4821,0.4541,0.4502,8214,28.108,716.5,377.6,471.9,22.6,494.5,20.84,23.73,0.89988,14.484,12.09,24.75,14,2
105.358,hall_mission,9x4.5,pi5,1.276,26.527,-1.948,-0.027,-0.625,0.050,0.628,-0.32,-8.89,-97.08,0.4902,0.4892,0.4485,0.4457,8222,28.182,718.4,379.4,474.3,22.6,496.9,20.94,23.73,0.89983,14.491,12.03,24.75,14,2
105.410,hall_mission,9x4.5,pi5,1.273,26.500,-1.946,-0.036,-0.658,0.051,0.661,-0.22,-8.92,-97.70,0.4950,0.4939,0.4442,0.4425,8229,28.248,720.1,381.1,476.4,22.6,499.0,21.03,23.73,0.89978,14.498,11.98,24.75,14,2
105.458,hall_mission,9x4.5,pi5,1.269,26.454,-1.943,-0.048,-0.709,0.050,0.712,-0.08,-8.84,-98.50,0.4966,0.4971,0.4419,0.4415,8234,28.295,721.3,382.2,477.8,22.6,500.4,21.09,23.73,0.89973,14.505,11.94,24.75,14,2
105.510,hall_mission,9x4.5,pi5,1.266,26.423,-1.941,-0.056,-0.739,0.049,0.742,0.01,-8.74,-98.94,0.4970,0.4982,0.4419,0.4415,8240,28.334,722.3,383.1,478.8,22.6,501.4,21.14,23.72,0.89968,14.512,11.92,24.75,14,2
105.558,hall_mission,9x4.5,pi5,1.261,26.377,-1.939,-0.065,-0.777,0.046,0.781,0.10,-8.52,-99.47,0.4966,0.4968,0.4430,0.4431,8243,28.352,722.8,383.3,479.2,22.6,501.8,21.15,23.72,0.89963,14.519,11.91,24.75,14,2
105.610,hall_mission,9x4.5,pi5,1.257,26.343,-1.938,-0.071,-0.803,0.044,0.807,0.15,-8.36,-99.73,0.4938,0.4948,0.4451,0.4463,8245,28.351,722.8,383.1,478.9,22.6,501.5,21.14,23.72,0.89958,14.526,11.91,24.75,14,2
105.658,hall_mission,9x4.5,pi5,1.251,26.286,-1.936,-0.079,-0.840,0.041,0.845,0.20,-8.10,-99.99,0.4900,0.4926,0.4482,0.4493,8245,28.343,722.5,382.7,478.3,22.6,500.9,21.12,23.72,0.89954,14.533,11.93,24.75,14,2
105.710,hall_mission,9x4.5,pi5,1.247,26.249,-1.934,-0.084,-0.861,0.038,0.865,0.22,-7.92,-100.10,0.4867,0.4882,0.4518,0.4534,8246,28.331,722.2,382.2,477.7,22.6,500.3,21.09,23.72,0.89948,14.540,11.94,24.75,14,2
105.758,hall_mission,9x4.5,pi5,1.242,26.196,-1.933,-0.089,-0.886,0.035,0.891,0.24,-7.66,-100.17,0.4825,0.4849,0.4556,0.4570,8245,28.317,721.9,381.7,477.1,22.6,499.7,21.06,23.73,0.89944,14.546,11.96,24.75,14,2
105.810,hall_mission,9x4.5,pi5,1.238,26.158,-1.932,-0.092,-0.902,0.032,0.908,0.23,-7.50,-100.17,0.4631,0.4521,0.4782,0.4868,8246,28.321,722.0,381.7,477.2,22.6,499.8,21.07,23.72,0.89939,14.554,11.95,24.75,14,2
105.858,hall_mission,9x4.5,pi5,1.231,26.095,-1.931,-0.097,-0.925,0.023,0.930,-0.07,-7.27,-100.17,0.4154,0.4221,0.5172,0.5216,8231,28.429,724.7,388.1,485.1,22.6,507.7,21.41,23.71,0.89934,14.560,11.76,24.75,14,2
105.910,hall_mission,9x4.5,pi5,1.226,26.056,-1.931,-0.103,-0.937,0.014,0.942,-0.41,-7.10,-100.28,0.3924,0.3961,0.5396,0.5406,8204,28.485,726.2,394.1,492.6,22.6,515.2,21.73,23.70,0.89929,14.568,11.58,24.75,14,2
105.958,hall_mission,9x4.5,pi5,1.219,26.000,-1.932,-0.114,-0.949,0.004,0.956,-0.87,-6.87,-100.75,0.3853,0.3931,0.5430,0.5417,8184,28.396,723.9,393.2,491.5,22.6,514.1,21.69,23.71,0.89924,14.575,11.61,24.75,14,2
106.010,hall_mission,9x4.5,pi5,1.213,25.960,-1.932,-0.125,-0.955,-0.001,0.963,-1.08,-6.73,-101.29,0.3948,0.4004,0.5322,0.5332,8175,28.218,719.4,387.3,484.2,22.6,506.8,21.37,23.71,0.89919,14.582,11.78,24.75,14,2
106.058,hall_mission,9x4.5,pi5,1.203,25.897,-1.933,-0.143,-0.961,-0.004,0.972,-1.26,-6.58,-102.41,0.4097,0.4157,0.5174,0.5167,8171,28.033,714.6,380.4,475.5,22.6,498.1,20.99,23.73,0.89914,14.589,11.99,24.75,14,2
106.102,hall_mission,9x4.5,pi5,1.196,25.858,-1.934,-0.156,-0.963,-0.004,0.976,-1.28,-6.50,-103.33,0.4274,0.4321,0.4995,0.5008,8172,27.911,711.5,375.3,469.2,22.6,491.8,20.72,23.73,0.89910,14.595,12.15,24.75,14,2
106.154,hall_mission,9x4.5,pi5,1.184,25.803,-1.934,-0.173,-0.964,-0.003,0.979,-1.21,-6.43,-104.87,0.4487,0.4530,0.4798,0.4801,8178,27.864,710.3,372.6,465.7,22.6,488.3,20.57,23.74,0.89905,14.602,12.23,24.75,14,2
106.202,hall_mission,9x4.5,pi5,1.175,25.764,-1.934,-0.185,-0.964,-0.001,0.981,-1.12,-6.40,-105.94,0.4674,0.4707,0.4623,0.4635,8187,27.903,711.3,373.0,466.3,22.6,488.9,20.60,23.74,0.89900,14.608,12.22,24.75,14,2
106.254,hall_mission,9x4.5,pi5,1.160,25.702,-1.934,-0.203,-0.962,0.001,0.983,-0.94,-6.37,-107.53,0.4840,0.4877,0.4473,0.4475,8196,27.997,713.7,375.5,469.4,22.6,492.0,20.73,23.73,0.89895,14.615,12.14,24.74,14,2
106.302,hall_mission,9x4.5,pi5,1.150,25.664,-1.934,-0.214,-0.961,0.001,0.984,-0.80,-6.36,-108.53,0.4964,0.4990,0.4360,0.4367,8202,28.086,716.0,378.3,472.9,22.6,495.5,20.88,23.73,0.89891,14.622,12.05,24.74,14,2
106.354,hall_mission,9x4.5,pi5,1.135,25.611,-1.934,-0.228,-0.959,0.001,0.986,-0.58,-6.35,-109.88,0.5048,0.5078,0.4279,0.4286,8206,28.166,718.0,381.0,476.2,22.6,498.8,21.03,23.72,0.89886,14.629,11.96,24.74,14,2
106.402,hall_mission,9x4.5,pi5,1.124,25.574,-1.934,-0.237,-0.958,0.000,0.987,-0.44,-6.34,-110.65,0.5100,0.5115,0.4235,0.4250,8209,28.215,719.3,382.6,478.2,22.6,500.8,21.11,23.72,0.89881,14.636,11.92,24.74,14,2
106.454,hall_mission,9x4.5,pi5,1.105,25.514,-1.934,-0.251,-0.956,-0.001,0.988,-0.25,-6.33,-111.60,0.5069,0.4943,0.4283,0.4418,8213,28.180,718.4,380.5,475.7,22.6,498.3,21.00,23.72,0.89876,14.643,11.98,24.74,14,2
106.502,hall_mission,9x4.5,pi5,1.093,25.477,-1.934,-0.258,-0.955,-0.003,0.989,-0.27,-6.32,-112.11,0.4669,0.4698,0.4653,0.4687,8211,28.070,715.6,376.4,470.5,22.6,493.1,20.78,23.73,0.89871,14.650,12.11,24.74,14,2
106.554,hall_mission,9x4.5,pi5,1.075,25.425,-1.933,-0.270,-0.952,-0.007,0.990,-0.54,-6.28,-112.83,0.4411,0.4455,0.4920,0.4908,8207,28.088,716.1,377.8,472.2,22.6,494.8,20.85,23.73,0.89866,14.657,12.06,24.74,14,2
106.602,hall_mission,9x4.5,pi5,1.062,25.389,-1.933,-0.280,-0.949,-0.008,0.990,-0.72,-6.26,-113.35,0.4314,0.4369,0.5009,0.4999,8205,28.125,717.0,379.4,474.3,22.6,496.9,20.94,23.72,0.89862,14.663,12.01,24.74,14,2
106.654,hall_mission,9x4.5,pi5,1.041,25.331,-1.933,-0.297,-0.943,-0.009,0.989,-0.90,-6.24,-114.27,0.4330,0.4380,0.5004,0.4989,8210,28.149,717.6,379.8,474.7,22.6,497.3,20.96,23.72,0.89857,14.671,12.00,24.74,14,2
106.702,hall_mission,9x4.5,pi5,1.027,25.295,-1.933,-0.308,-0.939,-0.008,0.988,-0.96,-6.24,-114.97,0.4412,0.4451,0.4926,0.4929,8216,28.153,717.7,379.1,473.9,22.6,496.5,20.93,23.72,0.89852,14.677,12.02,24.74,14,2
106.754,hall_mission,9x4.5,pi5,1.008,25.245,-1.933,-0.325,-0.932,-0.008,0.987,-0.94,-6.26,-116.12,0.4529,0.4564,0.4824,0.4812,8219,28.140,717.4,378.1,472.6,22.6,495.2,20.87,23.72,0.89847,14.684,12.05,24.74,14,2
106.802,hall_mission,9x4.5,pi5,0.993,25.209,-1.934,-0.336,-0.927,-0.008,0.986,-0.88,-6.27,-116.93,0.4646,0.4675,0.4701,0.4713,8221,28.138,717.3,377.7,472.2,22.6,494.8,20.85,23.73,0.89842,14.691,12.06,24.74,14,2
106.854,hall_mission,9x4.5,pi5,0.969,25.153,-1.934,-0.353,-0.920,-0.009,0.985,-0.74,-6.30,-118.14,0.4767,0.4785,0.4591,0.4596,8223,28.156,717.8,378.2,472.8,22.6,495.4,20.88,23.72,0.89837,14.698,12.04,24.74,14,2
106.902,hall_mission,9x4.5,pi5,0.953,25.118,-1.934,-0.363,-0.915,-0.010,0.985,-0.63,-6.31,-118.92,0.4854,0.4877,0.4505,0.4504,8224,28.182,718.4,379.2,474.0,22.6,496.6,20.93,23.72,0.89833,14.705,12.01,24.74,14,2
106.954,hall_mission,9x4.5,pi5,0.930,25.070,-1.934,-0.376,-0.910,-0.011,0.985,-0.46,-6.34,-120.00,0.4927,0.4951,0.4427,0.4437,8224,28.214,719.3,380.4,475.5,22.6,498.1,21.00,23.72,0.89828,14.712,11.97,24.74,14,2
107.002,hall_mission,9x4.5,pi5,0.914,25.036,-1.935,-0.385,-0.906,-0.012,0.985,-0.33,-6.35,-120.64,0.4969,0.4996,0.4385,0.4392,8224,28.234,719.8,381.2,476.5,22.6,499.1,21.04,23.72,0.89823,14.719,11.94,24.74,14,2
107.046,hall_mission,9x4.5,pi5,0.897,25.001,-1.935,-0.393,-0.903,-0.012,0.985,-0.21,-6.36,-121.21,0.4991,0.5015,0.4362,0.4375,8224,28.246,720.1,381.7,477.1,22.6,499.7,21.07,23.72,0.89819,14.725,11.93,24.74,14,2
107.094,hall_mission,9x4.5,pi5,0.869,24.946,-1.936,-0.405,-0.899,-0.013,0.986,-0.04,-6.37,-121.89,0.5001,0.5011,0.4362,0.4369,8224,28.249,720.2,381.8,477.2,22.6,499.8,21.07,23.72,0.89814,14.731,11.93,24.74,14,2
107.146,hall_mission,9x4.5,pi5,0.852,24.912,-1.936,-0.411,-0.897,-0.013,0.987,0.07,-6.38,-122.25,0.4977,0.5005,0.4377,0.4386,8225,28.248,720.1,381.6,477.0,22.6,499.6,21.06,23.72,0.89809,14.739,11.93,24.74,14,2
107.198,hall_mission,9x4.5,pi5,0.827,24.864,-1.937,-0.418,-0.895,-0.014,0.988,0.20,-6.38,-122.63,0.4959,0.4963,0.4409,0.4417,8226,28.237,719.8,381.0,476.3,22.6,498.9,21.04,23.72,0.89804,14.746,11.95,24.74,14,2
107.246,hall_mission,9x4.5,pi5,0.809,24.830,-1.938,-0.423,-0.894,-0.014,0.989,0.27,-6.39,-122.79,0.4912,0.4935,0.4445,0.4455,8226,28.220,719.4,380.4,475.5,22.6,498.1,21.00,23.72,0.89799,14.752,11.97,24.74,14,2
107.294,hall_mission,9x4.5,pi5,0.780,24.776,-1.939,-0.429,-0.892,-0.015,0.990,0.36,-6.39,-122.92,0.4872,0.4891,0.4483,0.4501,8226,28.202,718.9,379.7,474.6,22.6,497.2,20.96,23.72,0.89794,14.759,11.99,24.74,14,2
107.346,hall_mission,9x4.5,pi5,0.762,24.742,-1.940,-0.433,-0.891,-0.015,0.991,0.40,-6.39,-122.94,0.4879,0.4152,0.5125,0.4592,8227,28.288,721.1,383.0,478.8,22.6,501.4,21.14,23.71,0.89789,14.766,11.88,24.74,14,2
107.398,hall_mission,9x4.5,pi5,0.736,24.694,-1.941,-0.436,-0.889,-0.026,0.990,0.33,-5.20,-122.98,0.3645,0.3749,0.5702,0.5579,8200,28.820,734.7,408.1,510.1,22.6,532.7,22.50,23.67,0.89784,14.774,11.16,24.74,14,2
107.446,hall_mission,9x4.5,pi5,0.718,24.661,-1.942,-0.434,-0.879,-0.042,0.981,0.19,-3.55,-123.21,0.3162,0.3271,0.5990,0.6082,8138,29.312,747.2,435.8,544.7,22.6,567.3,24.01,23.63,0.89779,14.782,10.46,24.74,14,2
107.498,hall_mission,9x4.5,pi5,0.690,24.608,-1.947,-0.418,-0.843,-0.075,0.944,0.03,-0.99,-124.14,0.2961,0.3163,0.6010,0.6154,8060,29.043,740.4,434.9,543.6,22.6,566.2,23.96,23.63,0.89773,14.790,10.48,24.74,14,2
107.546,hall_mission,9x4.5,pi5,0.673,24.576,-1.950,-0.401,-0.808,-0.089,0.907,-0.05,0.52,-125.20,0.3038,0.3228,0.5888,0.5966,7998,28.344,722.6,414.9,518.6,22.6,541.2,22.87,23.66,0.89768,14.797,10.98,24.74,14,2
107.598,hall_mission,9x4.5,pi5,0.651,24.535,-1.956,-0.370,-0.749,-0.095,0.841,-0.22,2.29,-127.40,0.3254,0.3419,0.5619,0.5724,7961,27.581,703.1,389.6,487.0,22.6,509.6,21.50,23.70,0.89763,14.804,11.68,24.74,14,2
107.646,hall_mission,9x4.5,pi5,0.637,24.508,-1.960,-0.344,-0.701,-0.091,0.787,-0.34,3.16,-129.23,0.3582,0.3712,0.5315,0.5398,7958,27.004,688.4,367.5,459.4,22.6,482.0,20.31,23.74,0.89758,14.811,12.37,24.74,14,2
107.698,hall_mission,9x4.5,pi5,0.617,24.469,-1.967,-0.299,-0.621,-0.073,0.693,-0.57,4.06,-132.36,0.4009,0.4100,0.4945,0.5008,7978,26.682,680.2,352.4,440.5,22.6,463.1,19.49,23.76,0.89753,14.817,12.88,24.74,14,2
107.746,hall_mission,9x4.5,pi5,0.607,24.448,-1.970,-0.269,-0.569,-0.057,0.632,-0.74,4.42,-134.60,0.4402,0.4483,0.4613,0.4660,8013,26.737,681.6,350.0,437.6,22.6,460.2,19.36,23.76,0.89749,14.824,12.97,24.74,14,2
107.798,hall_mission,9x4.5,pi5,0.594,24.424,-1.973,-0.227,-0.498,-0.035,0.549,-0.99,4.71,-138.01,0.4797,0.4858,0.4291,0.4333,8056,27.077,690.3,357.7,447.2,22.6,469.8,19.78,23.75,0.89744,14.830,12.69,24.74,14,2
107.846,hall_mission,9x4.5,pi5,0.586,24.409,-1.974,-0.197,-0.448,-0.023,0.490,-1.14,4.76,-140.21,0.5094,0.5139,0.4050,0.4077,8086,27.459,700.0,368.9,461.2,22.6,483.8,20.38,23.73,0.89740,14.837,12.32,24.74,14,2
107.894,hall_mission,9x4.5,pi5,0.576,24.389,-1.975,-0.150,-0.372,-0.011,0.401,-1.34,4.69,-143.27,0.5315,0.5347,0.3861,0.3887,8104,27.802,708.8,380.2,475.2,22.6,497.8,20.99,23.71,0.89735,14.843,11.96,24.74,14,2
107.946,hall_mission,9x4.5,pi5,0.572,24.380,-1.975,-0.122,-0.327,-0.008,0.349,-1.43,4.56,-145.08,0.5472,0.5481,0.3733,0.3745,8111,28.047,715.0,388.9,486.2,22.6,508.8,21.47,23.70,0.89730,14.851,11.69,24.74,14,2
107.998,hall_mission,9x4.5,pi5,0.568,24.370,-1.975,-0.085,-0.267,-0.006,0.280,-1.51,4.31,-147.39,0.5530,0.5550,0.3676,0.3678,8113,28.158,717.8,393.1,491.4,22.6,514.0,21.69,23.69,0.89725,14.858,11.57,24.74,14,2
108.046,hall_mission,9x4.5,pi5,0.566,24.365,-1.975,-0.060,-0.227,-0.007,0.235,-1.52,4.10,-148.63,0.5363,0.6524,0.3179,0.3875,8296,30.129,768.1,449.0,561.2,22.6,583.8,24.74,23.60,0.89719,14.866,10.15,24.74,14,2
108.098,hall_mission,9x4.5,pi5,0.566,24.361,-1.975,-0.024,-0.170,-0.051,0.179,-0.85,2.38,-149.92,0.6458,0.6762,0.2784,0.2674,8201,31.304,798.0,507.8,634.8,22.6,657.4,27.97,23.50,0.89712,14.875,8.97,24.74,14,2
108.146,hall_mission,9x4.5,pi5,0.567,24.359,-1.978,-0.012,-0.149,-0.098,0.179,-0.07,0.24,-150.26,0.6939,0.6761,0.2327,0.2178,8029,31.468,802.2,534.0,667.5,22.6,690.1,29.41,23.46,0.89706,14.885,8.53,24.74,14,2
108.194,hall_mission,9x4.5,pi5,0.568,24.358,-1.985,-0.015,-0.145,-0.162,0.219,1.22,-3.05,-149.83,0.6844,0.6567,0.2222,0.2041,7837,30.157,768.8,503.4,629.2,22.6,651.8,27.72,23.51,0.89700,14.893,9.05,24.74,14,2
108.246,hall_mission,9x4.5,pi5,0.568,24.356,-1.992,-0.030,-0.158,-0.191,0.250,1.95,-4.95,-148.90,0.6342,0.6246,0.2412,0.2238,7679,27.999,713.8,437.5,546.9,22.6,569.5,24.11,23.62,0.89694,14.902,10.40,24.74,14,2
108.294,hall_mission,9x4.5,pi5,0.567,24.351,-2.006,-0.065,-0.197,-0.193,0.283,2.65,-7.14,-146.62,0.5923,0.5734,0.2795,0.2650,7630,26.350,671.7,381.0,476.3,22.6,498.9,21.04,23.71,0.89689,14.908,11.92,24.74,14,2
108.346,hall_mission,9x4.5,pi5,0.564,24.346,-2.014,-0.091,-0.227,-0.170,0.298,2.89,-8.22,-144.62,0.5358,0.5263,0.3326,0.3231,7657,25.314,645.3,339.1,423.9,22.6,446.5,18.78,23.78,0.89685,14.915,13.36,24.74,14,2
108.398,hall_mission,9x4.5,pi5,0.557,24.335,-2.023,-0.129,-0.275,-0.119,0.326,2.92,-9.36,-141.12,0.4885,0.4791,0.3905,0.3858,7751,25.215,642.8,324.2,405.3,22.6,427.9,17.98,23.80,0.89680,14.921,13.95,24.74,14,2
108.446,hall_mission,9x4.5,pi5,0.551,24.325,-2.028,-0.155,-0.312,-0.078,0.357,2.77,-9.86,-138.60,0.4490,0.4412,0.4422,0.4388,7851,25.659,654.1,329.0,411.2,22.6,433.8,18.23,23.79,0.89676,14.927,13.76,24.74,14,2
108.498,hall_mission,9x4.5,pi5,0.538,24.304,-2.031,-0.198,-0.374,-0.022,0.423,2.39,-10.32,-134.78,0.4117,0.4075,0.4890,0.4882,7942,26.393,672.8,345.8,432.3,22.6,454.9,19.14,23.77,0.89672,14.933,13.11,24.74,14,2
108.546,hall_mission,9x4.5,pi5,0.528,24.289,-2.031,-0.224,-0.414,0.004,0.470,2.07,-10.45,-132.33,0.3861,0.3825,0.5239,0.5230,8011,27.142,691.9,366.1,457.7,22.6,480.3,20.24,23.73,0.89667,14.940,12.39,24.74,14,2
108.598,hall_mission,9x4.5,pi5,0.513,24.263,-2.029,-0.259,-0.470,0.027,0.537,1.57,-10.47,-128.96,0.3663,0.3638,0.5505,0.5489,8062,27.802,708.8,385.6,482.0,22.6,504.6,21.29,23.70,0.89662,14.947,11.78,24.74,14,2
108.646,hall_mission,9x4.5,pi5,0.500,24.243,-2.026,-0.282,-0.510,0.035,0.584,1.25,-10.37,-127.00,0.3546,0.3540,0.5642,0.5626,8083,28.158,717.8,396.9,496.1,22.6,518.7,21.90,23.68,0.89657,14.954,11.45,24.74,14,2
108.698,hall_mission,9x4.5,pi5,0.478,24.205,-2.022,-0.317,-0.571,0.039,0.654,0.85,-10.10,-124.56,0.3501,0.3506,0.5692,0.5683,8093,28.311,721.7,401.7,502.1,22.6,524.7,22.16,23.67,0.89652,14.961,11.31,24.74,14,2
108.746,hall_mission,9x4.5,pi5,0.463,24.179,-2.019,-0.337,-0.605,0.040,0.694,0.63,-9.87,-123.27,0.3521,0.3542,0.5666,0.5668,8099,28.304,721.6,400.7,500.9,22.6,523.5,22.11,23.68,0.89647,14.968,11.34,24.74,14,2
108.794,hall_mission,9x4.5,pi5,0.440,24.140,-2.016,-0.363,-0.650,0.040,0.745,0.39,-9.47,-121.87,0.3601,0.3620,0.5592,0.5600,8105,28.209,719.1,396.2,495.2,22.6,517.8,21.86,23.68,0.89642,14.975,11.47,24.74,14,2
108.846,hall_mission,9x4.5,pi5,0.422,24.111,-2.013,-0.379,-0.679,0.040,0.778,0.28,-9.20,-121.25,0.3727,0.3752,0.5474,0.5485,8114,28.071,715.6,389.5,486.8,22.6,509.4,21.50,23.69,0.89637,14.983,11.66,24.74,14,2
108.898,hall_mission,9x4.5,pi5,0.393,24.061,-2.008,-0.402,-0.718,0.041,0.824,0.19,-8.80,-120.76,0.3887,0.3907,0.5329,0.5348,8126,27.944,712.4,382.8,478.6,22.6,501.2,21.14,23.70,0.89632,14.990,11.86,24.74,14,2
108.946,hall_mission,9x4.5,pi5,0.374,24.028,-2.005,-0.414,-0.740,0.043,0.849,0.18,-8.54,-120.67,0.4037,0.4076,0.5195,0.5206,8141,27.879,710.7,378.2,472.8,22.6,495.4,20.89,23.71,0.89627,14.996,12.00,24.74,14,2
108.994,hall_mission,9x4.5,pi5,0.346,23.982,-2.001,-0.429,-0.766,0.046,0.879,0.19,-8.18,-120.82,0.4204,0.4229,0.5054,0.5075,8159,27.870,710.5,375.5,469.4,22.6,492.0,20.74,23.72,0.89623,15.003,12.08,24.74,14,2
109.046,hall_mission,9x4.5,pi5,0.326,23.947,-1.998,-0.438,-0.782,0.048,0.898,0.21,-7.97,-121.07,0.4372,0.4393,0.4918,0.4936,8179,27.916,711.7,374.6,468.2,22.6,490.8,20.70,23.72,0.89618,15.010,12.11,24.74,14,2
109.098,hall_mission,9x4.5,pi5,0.294,23.891,-1.993,-0.451,-0.804,0.050,0.923,0.26,-7.68,-121.57,0.4513,0.4542,0.4795,0.4814,8196,27.981,713.3,374.9,468.6,22.6,491.2,20.71,23.72,0.89613,15.017,12.10,24.74,14,2
109.146,hall_mission,9x4.5,pi5,0.273,23.856,-1.990,-0.457,-0.816,0.051,0.937,0.30,-7.51,-121.96,0.4624,0.4659,0.4703,0.4718,8210,28.063,715.4,376.2,470.3,22.6,492.9,20.79,23.71,0.89608,15.024,12.06,24.74,14,2
109.194,hall_mission,9x4.5,pi5,0.244,23.805,-1.986,-0.466,-0.830,0.051,0.953,0.36,-7.29,-122.57,0.4719,0.4748,0.4622,0.4649,8222,28.148,717.6,378.0,472.5,22.6,495.1,20.88,23.71,0.89603,15.030,12.00,24.74,14,2
109.246,hall_mission,9x4.5,pi5,0.223,23.769,-1.983,-0.471,-0.838,0.049,0.962,0.40,-7.16,-122.97,0.4853,0.4996,0.4538,0.4392,8237,28.298,721.4,382.0,477.5,22.6,500.1,21.10,23.70,0.89598,15.038,11.88,24.73,14,2
109.298,hall_mission,9x4.5,pi5,0.190,23.711,-1.978,-0.477,-0.850,0.042,0.976,0.64,-7.00,-123.47,0.5267,0.5308,0.4076,0.4115,8233,28.529,727.3,391.9,489.9,22.6,512.5,21.63,23.69,0.89593,15.045,11.58,24.73,14,2
109.346,hall_mission,9x4.5,pi5,0.169,23.674,-1.975,-0.479,-0.858,0.032,0.983,0.94,-6.89,-123.67,0.5481,0.5478,0.3859,0.3895,8213,28.645,730.2,399.2,499.0,22.6,521.6,22.03,23.67,0.89588,15.052,11.37,24.73,14,2
109.394,hall_mission,9x4.5,pi5,0.140,23.622,-1.972,-0.478,-0.869,0.019,0.992,1.35,-6.74,-123.61,0.5511,0.5512,0.3796,0.3838,8193,28.574,728.4,399.1,498.9,22.6,521.5,22.03,23.67,0.89583,15.059,11.37,24.73,14,2
109.446,hall_mission,9x4.5,pi5,0.120,23.585,-1.971,-0.475,-0.877,0.013,0.998,1.56,-6.66,-123.32,0.5417,0.5426,0.3865,0.3910,8179,28.366,723.1,392.6,490.7,22.6,513.3,21.67,23.68,0.89578,15.066,11.56,24.73,14,2
109.498,hall_mission,9x4.5,pi5,0.088,23.525,-1.968,-0.467,-0.889,0.007,1.004,1.72,-6.57,-122.53,0.5255,0.5258,0.4024,0.4067,8174,28.138,717.3,384.1,480.2,22.6,502.8,21.22,23.70,0.89573,15.074,11.81,24.73,14,2
109.546,hall_mission,9x4.5,pi5,0.069,23.488,-1.967,-0.460,-0.896,0.005,1.007,1.74,-6.53,-121.81,0.5068,0.5077,0.4212,0.4248,8174,27.973,713.1,377.5,471.9,22.6,494.5,20.86,23.71,0.89568,15.080,12.01,24.73,14,2
109.590,hall_mission,9x4.5,pi5,0.050,23.450,-1.967,-0.453,-0.902,0.005,1.010,1.71,-6.51,-120.97,0.4891,0.4911,0.4401,0.4418,8180,27.909,711.5,374.2,467.7,22.6,490.3,20.68,23.71,0.89564,15.086,12.11,24.73,14,2
109.638,hall_mission,9x4.5,pi5,0.024,23.398,-1.966,-0.443,-0.910,0.006,1.012,1.59,-6.50,-119.59,0.4719,0.4733,0.4581,0.4610,8188,27.917,711.7,373.4,466.7,22.6,489.3,20.63,23.71,0.89560,15.093,12.14,24.73,14,2
109.690,hall_mission,9x4.5,pi5,0.006,23.360,-1.965,-0.436,-0.915,0.007,1.014,1.47,-6.51,-118.64,0.4552,0.4572,0.4758,0.4784,8197,27.980,713.3,374.7,468.4,22.6,491.0,20.71,23.71,0.89555,15.100,12.09,24.73,14,2
109.738,hall_mission,9x4.5,pi5,-0.022,23.300,-1.964,-0.425,-0.923,0.008,1.016,1.27,-6.53,-117.27,0.4434,0.4451,0.4896,0.4904,8203,28.061,715.4,377.1,471.4,22.6,494.0,20.84,23.71,0.89550,15.106,12.02,24.73,14,2
109.790,hall_mission,9x4.5,pi5,-0.039,23.262,-1.963,-0.419,-0.927,0.008,1.017,1.14,-6.54,-116.41,0.4338,0.4362,0.4993,0.5009,8209,28.149,717.6,379.8,474.8,22.6,497.4,20.98,23.70,0.89545,15.114,11.93,24.73,14,2
109.838,hall_mission,9x4.5,pi5,-0.062,23.209,-1.963,-0.411,-0.933,0.008,1.019,0.93,-6.56,-115.29,0.4287,0.4309,0.5050,0.5064,8212,28.202,719.0,381.6,477.0,22.6,499.6,21.08,23.70,0.89540,15.120,11.88,24.73,14,2
109.890,hall_mission,9x4.5,pi5,-0.078,23.171,-1.962,-0.406,-0.936,0.007,1.020,0.81,-6.57,-114.66,0.4263,0.4288,0.5081,0.5085,8215,28.239,719.9,382.6,478.3,22.6,500.9,21.14,23.70,0.89535,15.127,11.84,24.73,14,2
109.938,hall_mission,9x4.5,pi5,-0.104,23.110,-1.961,-0.399,-0.942,0.006,1.023,0.64,-6.58,-113.91,0.4272,0.4293,0.5078,0.5082,8218,28.252,720.2,382.8,478.5,22.6,501.1,21.15,23.70,0.89530,15.134,11.84,24.73,14,2
109.990,hall_mission,9x4.5,pi5,-0.120,23.072,-1.961,-0.395,-0.945,0.006,1.024,0.54,-6.59,-113.54,0.4301,0.4322,0.5049,0.5057,8219,28.245,720.0,382.3,477.9,22.6,500.5,21.12,23.70,0.89525,15.141,11.85,24.73,14,2
110.038,hall_mission,9x4.5,pi5,-0.142,23.018,-1.961,-0.391,-0.948,0.004,1.026,0.42,-6.60,-113.17,0.4339,0.4368,0.5002,0.5022,8220,28.221,719.4,381.3,476.7,22.6,499.3,21.07,23.70,0.89521,15.148,11.88,24.73,14,2
110.091,hall_mission,9x4.5,pi5,-0.158,22.980,-1.961,-0.389,-0.951,0.004,1.027,0.35,-6.60,-113.03,0.4402,0.4416,0.4952,0.4961,8220,28.193,718.7,380.2,475.2,22.6,497.8,21.00,23.70,0.89516,15.155,11.92,24.73,14,2
110.139,hall_mission,9x4.5,pi5,-0.183,22.918,-1.961,-0.385,-0.954,0.002,1.029,0.28,-6.61,-112.96,0.4456,0.4473,0.4898,0.4904,8220,28.172,718.2,379.3,474.1,22.6,496.7,20.95,23.70,0.89511,15.162,11.94,24.73,14,2
110.183,hall_mission,9x4.5,pi5,-0.199,22.880,-1.961,-0.384,-0.956,0.002,1.030,0.25,-6.61,-112.99,0.4636,0.4779,0.4741,0.4585,8224,28.160,717.9,378.3,472.9,22.6,495.5,20.90,23.70,0.89507,15.168,11.97,24.73,14,2
110.235,hall_mission,9x4.5,pi5,-0.221,22.825,-1.962,-0.381,-0.960,-0.003,1.033,0.52,-6.62,-113.05,0.5099,0.5148,0.4208,0.4255,8213,28.253,720.3,383.6,479.5,22.6,502.1,21.19,23.69,0.89502,15.175,11.81,24.73,14,2
110.283,hall_mission,9x4.5,pi5,-0.236,22.787,-1.962,-0.377,-0.963,-0.009,1.034,0.83,-6.59,-112.99,0.5339,0.5344,0.3974,0.4001,8194,28.349,722.7,390.0,487.5,22.6,510.1,21.54,23.68,0.89497,15.182,11.62,24.73,14,2
110.335,hall_mission,9x4.5,pi5,-0.260,22.724,-1.963,-0.368,-0.969,-0.016,1.037,1.24,-6.56,-112.61,0.5399,0.5384,0.3884,0.3939,8175,28.298,721.4,390.5,488.2,22.6,510.8,21.57,23.68,0.89492,15.189,11.60,24.73,14,2
110.383,hall_mission,9x4.5,pi5,-0.275,22.685,-1.964,-0.360,-0.973,-0.018,1.038,1.43,-6.55,-112.15,0.5320,0.5326,0.3946,0.3996,8169,28.178,718.3,386.5,483.1,22.6,505.7,21.35,23.69,0.89487,15.196,11.72,24.73,14,2
110.435,hall_mission,9x4.5,pi5,-0.295,22.631,-1.965,-0.346,-0.979,-0.018,1.039,1.57,-6.55,-111.15,0.5171,0.5173,0.4096,0.4144,8167,28.007,714.0,379.9,474.9,22.6,497.5,20.99,23.70,0.89482,15.203,11.92,24.73,14,2
110.483,hall_mission,9x4.5,pi5,-0.309,22.592,-1.966,-0.336,-0.983,-0.017,1.039,1.58,-6.56,-110.31,0.4997,0.5001,0.4276,0.4315,8168,27.886,710.9,374.8,468.5,22.6,491.1,20.72,23.71,0.89477,15.210,12.07,24.73,14,2
110.535,hall_mission,9x4.5,pi5,-0.330,22.528,-1.967,-0.319,-0.990,-0.014,1.040,1.49,-6.60,-108.91,0.4806,0.4807,0.4481,0.4512,8175,27.842,709.8,372.2,465.3,22.6,487.9,20.57,23.71,0.89472,15.217,12.16,24.73,14,2
110.583,hall_mission,9x4.5,pi5,-0.342,22.489,-1.968,-0.309,-0.993,-0.011,1.040,1.39,-6.62,-107.91,0.4636,0.4651,0.4667,0.4676,8184,27.880,710.7,372.6,465.7,22.6,488.3,20.59,23.71,0.89468,15.223,12.14,24.73,14,2
110.627,hall_mission,9x4.5,pi5,-0.354,22.449,-1.969,-0.299,-0.997,-0.008,1.041,1.26,-6.65,-106.93,0.4985,0.4297,0.5006,0.4345,8185,27.987,713.5,376.7,470.9,22.6,493.5,20.82,23.70,0.89463,15.229,12.01,24.73,14,2
110.679,hall_mission,9x4.5,pi5,-0.370,22.394,-1.969,-0.285,-1.001,-0.009,1.040,1.08,-5.75,-105.45,0.5005,0.4977,0.4312,0.4355,8190,28.019,714.3,377.2,471.6,22.6,494.2,20.85,23.70,0.89458,15.237,11.99,24.73,14,2
110.727,hall_mission,9x4.5,pi5,-0.381,22.355,-1.969,-0.274,-0.995,-0.011,1.032,0.99,-4.17,-104.40,0.5161,0.5275,0.4079,0.4119,8185,28.162,717.9,383.7,479.7,22.6,502.3,21.20,23.69,0.89454,15.243,11.79,24.73,14,2
110.779,hall_mission,9x4.5,pi5,-0.396,22.293,-1.970,-0.250,-0.963,-0.017,0.995,0.87,-1.60,-102.64,0.5256,0.5359,0.3913,0.4066,8170,28.173,718.2,386.1,482.6,22.6,505.2,21.33,23.69,0.89449,15.251,11.72,24.73,14,2
110.827,hall_mission,9x4.5,pi5,-0.406,22.256,-1.971,-0.233,-0.929,-0.019,0.958,0.83,-0.06,-101.30,0.5182,0.5291,0.3973,0.4112,8157,28.016,714.2,381.6,476.9,22.6,499.5,21.08,23.69,0.89444,15.257,11.86,24.73,14,2
110.879,hall_mission,9x4.5,pi5,-0.417,22.208,-1.973,-0.208,-0.868,-0.019,0.892,0.82,1.79,-99.05,0.4986,0.5113,0.4153,0.4282,8149,27.799,708.7,374.0,467.5,22.6,490.1,20.67,23.71,0.89439,15.264,12.09,24.73,14,2
110.927,hall_mission,9x4.5,pi5,-0.424,22.176,-1.974,-0.189,-0.816,-0.018,0.838,0.85,2.71,-97.43,0.4784,0.4877,0.4379,0.4485,8145,27.658,705.1,368.8,461.1,22.6,483.7,20.39,23.71,0.89434,15.271,12.26,24.73,14,2
110.979,hall_mission,9x4.5,pi5,-0.434,22.131,-1.976,-0.160,-0.727,-0.013,0.745,0.95,3.68,-94.91,0.4549,0.4624,0.4638,0.4718,8147,27.635,704.5,367.7,459.6,22.6,482.2,20.33,23.72,0.89429,15.278,12.29,24.73,14,2
111.027,hall_mission,9x4.5,pi5,-0.440,22.106,-1.978,-0.143,-0.669,-0.010,0.684,1.02,4.11,-93.24,0.4351,0.4414,0.4859,0.4916,8151,27.713,706.5,370.3,462.9,22.6,485.5,20.48,23.71,0.89425,15.284,12.21,24.73,14,2
111.079,hall_mission,9x4.5,pi5,-0.447,22.076,-1.979,-0.120,-0.587,-0.005,0.599,1.14,4.48,-90.85,0.4170,0.4233,0.5050,0.5095,8154,27.842,709.8,375.1,468.9,22.6,491.5,20.74,23.70,0.89420,15.291,12.05,24.73,14,2
111.127,hall_mission,9x4.5,pi5,-0.451,22.058,-1.980,-0.106,-0.529,-0.003,0.539,1.21,4.59,-89.40,0.4061,0.4096,0.5178,0.5215,8155,27.957,712.7,379.5,474.4,22.6,497.0,20.98,23.70,0.89415,15.298,11.91,24.73,14,2
111.179,hall_mission,9x4.5,pi5,-0.457,22.035,-1.981,-0.084,-0.438,-0.006,0.446,1.28,4.54,-87.48,0.3666,0.4536,0.4989,0.5764,8301,29.192,744.2,409.3,511.6,22.6,534.2,22.59,23.65,0.89410,15.306,11.06,24.73,14,2
111.227,hall_mission,9x4.5,pi5,-0.460,22.023,-1.982,-0.072,-0.385,-0.023,0.393,1.16,3.45,-86.44,0.4073,0.4020,0.5340,0.5398,8256,28.760,733.2,398.1,497.6,22.6,520.2,21.98,23.67,0.89405,15.313,11.37,24.72,14,2
111.279,hall_mission,9x4.5,pi5,-0.464,22.011,-1.985,-0.057,-0.335,-0.042,0.343,0.92,0.16,-85.22,0.4083,0.3967,0.5391,0.5241,8202,28.375,723.4,389.9,487.4,22.6,510.0,21.54,23.68,0.89400,15.320,11.60,24.72,14,2
111.327,hall_mission,9x4.5,pi5,-0.467,22.003,-1.987,-0.047,-0.321,-0.048,0.328,0.69,-2.16,-84.61,0.4139,0.3951,0.5313,0.5182,8167,28.090,716.1,383.2,479.0,22.6,501.6,21.17,23.69,0.89395,15.327,11.80,24.72,14,2
111.379,hall_mission,9x4.5,pi5,-0.470,21.990,-1.991,-0.033,-0.328,-0.048,0.333,0.34,-5.12,-83.96,0.4191,0.4010,0.5233,0.5090,8145,27.872,710.5,377.4,471.7,22.6,494.3,20.86,23.70,0.89390,15.334,11.98,24.72,14,2
111.427,hall_mission,9x4.5,pi5,-0.472,21.982,-1.994,-0.024,-0.348,-0.044,0.352,0.11,-6.65,-83.69,0.4244,0.4103,0.5134,0.5018,8136,27.738,707.1,373.3,466.6,22.6,489.2,20.64,23.70,0.89385,15.340,12.10,24.72,14,2
111.479,hall_mission,9x4.5,pi5,-0.474,21.966,-1.997,-0.014,-0.391,-0.034,0.392,-0.17,-8.32,-83.51,0.4321,0.4214,0.5035,0.4934,8138,27.684,705.8,370.9,463.6,22.6,486.2,20.51,23.71,0.89381,15.347,12.18,24.72,14,2
111.527,hall_mission,9x4.5,pi5,-0.476,21.953,-1.998,-0.008,-0.428,-0.025,0.429,-0.32,-9.08,-83.51,0.4400,0.4323,0.4946,0.4863,8148,27.702,706.2,370.3,462.9,22.6,485.5,20.48,23.71,0.89376,15.354,12.20,24.72,14,2
111.579,hall_mission,9x4.5,pi5,-0.477,21.927,-2.000,0.001,-0.493,-0.010,0.494,-0.48,-9.79,-83.65,0.4481,0.4438,0.4851,0.4797,8161,27.754,707.5,370.6,463.3,22.6,485.9,20.49,23.71,0.89371,15.361,12.19,24.72,14,2
111.627,hall_mission,9x4.5,pi5,-0.478,21.907,-2.001,0.006,-0.537,-0.001,0.537,-0.54,-10.04,-83.81,0.4557,0.4530,0.4778,0.4742,8175,27.832,709.5,371.8,464.7,22.6,487.3,20.56,23.71,0.89366,15.367,12.15,24.72,14,2
111.679,hall_mission,9x4.5,pi5,-0.479,21.876,-2.002,0.012,-0.597,0.009,0.597,-0.60,-10.18,-84.13,0.4633,0.4616,0.4718,0.4686,8192,27.938,712.2,373.7,467.2,22.6,489.8,20.66,23.70,0.89361,15.374,12.08,24.72,14,2
111.727,hall_mission,9x4.5,pi5,-0.479,21.851,-2.001,0.016,-0.639,0.016,0.639,-0.61,-10.15,-84.36,0.4699,0.4672,0.4668,0.4648,8205,28.024,714.4,375.4,469.3,22.6,491.9,20.76,23.70,0.89357,15.381,12.03,24.72,14,2
111.779,hall_mission,9x4.5,pi5,-0.479,21.806,-2.001,0.020,-0.702,0.023,0.703,-0.61,-9.98,-84.70,0.4734,0.4736,0.4628,0.4617,8214,28.093,716.2,376.9,471.1,22.6,493.7,20.83,23.70,0.89352,15.388,11.98,24.72,14,2
111.827,hall_mission,9x4.5,pi5,-0.479,21.776,-2.001,0.023,-0.740,0.026,0.740,-0.60,-9.81,-84.92,0.4763,0.4773,0.4595,0.4605,8222,28.148,717.6,378.1,472.6,22.6,495.2,20.90,23.69,0.89347,15.395,11.95,24.72,14,2
111.879,hall_mission,9x4.5,pi5,-0.478,21.730,-2.000,0.025,-0.788,0.029,0.789,-0.58,-9.51,-85.21,0.4782,0.4801,0.4583,0.4590,8229,28.200,718.9,379.2,473.9,22.6,496.5,20.96,23.69,0.89342,15.402,11.91,24.72,14,2
111.927,hall_mission,9x4.5,pi5,-0.478,21.695,-1.999,0.027,-0.819,0.031,0.820,-0.56,-9.29,-85.37,0.4798,0.4806,0.4575,0.4590,8234,28.234,719.8,379.9,474.9,22.6,497.5,21.00,23.69,0.89338,15.408,11.89,24.72,14,2
111.979,hall_mission,9x4.5,pi5,-0.478,21.637,-1.997,0.028,-0.864,0.032,0.865,-0.54,-8.94,-85.56,0.4789,0.4818,0.4582,0.4591,8238,28.260,720.4,380.4,475.5,22.6,498.1,21.03,23.69,0.89332,15.416,11.87,24.72,14,2
112.027,hall_mission,9x4.5,pi5,-0.477,21.599,-1.996,0.029,-0.888,0.032,0.889,-0.52,-8.72,-85.65,0.4789,0.4808,0.4587,0.4603,8240,28.277,720.9,380.7,475.9,22.6,498.5,21.04,23.69,0.89328,15.422,11.86,24.72,14,2
112.079,hall_mission,9x4.5,pi5,-0.478,21.545,-1.995,0.029,-0.919,0.031,0.920,-0.50,-8.39,-85.73,0.4771,0.4801,0.4601,0.4617,8242,28.284,721.0,380.8,476.0,22.6,498.6,21.05,23.69,0.89323,15.430,11.86,24.72,14,2
112.127,hall_mission,9x4.5,pi5,-0.478,21.506,-1.994,0.029,-0.937,0.030,0.938,-0.49,-8.19,-85.76,0.4761,0.4783,0.4618,0.4630,8242,28.286,721.1,380.8,476.0,22.6,498.6,21.05,23.69,0.89318,15.436,11.86,24.72,14,2
112.179,hall_mission,9x4.5,pi5,-0.479,21.441,-1.992,0.029,-0.963,0.028,0.964,-0.45,-7.92,-85.75,0.4913,0.4990,0.4494,0.4394,8242,28.337,722.4,382.9,478.6,22.6,501.2,21.16,23.68,0.89313,15.443,11.79,24.72,14,2
112.227,hall_mission,9x4.5,pi5,-0.480,21.400,-1.991,0.029,-0.977,0.023,0.977,-0.25,-7.75,-85.70,0.5214,0.5258,0.4117,0.4170,8230,28.461,725.6,389.5,486.9,22.6,509.5,21.52,23.67,0.89308,15.450,11.59,24.72,14,2
112.279,hall_mission,9x4.5,pi5,-0.480,21.342,-1.990,0.033,-0.993,0.013,0.994,0.21,-7.48,-85.40,0.5371,0.5383,0.3952,0.3986,8206,28.469,725.8,393.1,491.4,22.6,514.0,21.72,23.67,0.89303,15.458,11.49,24.72,14,2
112.327,hall_mission,9x4.5,pi5,-0.481,21.300,-1.990,0.038,-1.003,0.007,1.004,0.48,-7.33,-85.01,0.5370,0.5357,0.3929,0.3993,8190,28.356,722.9,390.7,488.4,22.6,511.0,21.59,23.67,0.89298,15.464,11.56,24.72,14,2
112.379,hall_mission,9x4.5,pi5,-0.481,21.232,-1.989,0.049,-1.015,0.003,1.016,0.76,-7.13,-84.10,0.5243,0.5253,0.4043,0.4092,8184,28.186,718.5,384.8,481.0,22.6,503.6,21.27,23.68,0.89293,15.472,11.73,24.72,14,2
112.427,hall_mission,9x4.5,pi5,-0.481,21.189,-1.989,0.058,-1.020,0.001,1.022,0.86,-7.02,-83.31,0.5085,0.5089,0.4200,0.4247,8180,28.022,714.3,378.7,473.3,22.6,495.9,20.93,23.69,0.89288,15.478,11.92,24.72,14,2
112.479,hall_mission,9x4.5,pi5,-0.480,21.129,-1.989,0.071,-1.026,0.001,1.028,0.89,-6.90,-81.93,0.4880,0.4906,0.4402,0.4438,8182,27.917,711.7,374.3,467.9,22.6,490.5,20.70,23.70,0.89283,15.485,12.05,24.72,14,2
112.527,hall_mission,9x4.5,pi5,-0.478,21.087,-1.989,0.081,-1.028,0.002,1.031,0.85,-6.84,-80.92,0.4716,0.4722,0.4579,0.4623,8187,27.905,711.4,373.1,466.4,22.6,489.0,20.63,23.70,0.89279,15.492,12.09,24.72,14,2
112.579,hall_mission,9x4.5,pi5,-0.474,21.019,-1.988,0.097,-1.031,0.004,1.035,0.72,-6.78,-79.38,0.4542,0.4561,0.4766,0.4787,8193,27.954,712.6,374.3,467.8,22.6,490.4,20.70,23.70,0.89274,15.499,12.05,24.72,14,2
112.627,hall_mission,9x4.5,pi5,-0.471,20.977,-1.988,0.106,-1.031,0.005,1.037,0.61,-6.74,-78.39,0.4425,0.4431,0.4896,0.4919,8198,28.032,714.6,376.6,470.8,22.6,493.4,20.82,23.69,0.89269,15.506,11.97,24.72,14,2
112.679,hall_mission,9x4.5,pi5,-0.466,20.918,-1.987,0.119,-1.032,0.006,1.038,0.43,-6.71,-77.01,0.4319,0.4342,0.5000,0.5022,8203,28.112,716.7,379.2,474.0,22.6,496.6,20.97,23.69,0.89264,15.513,11.89,24.72,14,2
112.727,hall_mission,9x4.5,pi5,-0.462,20.876,-1.987,0.128,-1.032,0.005,1.040,0.30,-6.69,-76.19,0.4344,0.4564,0.4998,0.4792,8208,28.102,716.4,378.1,472.6,22.6,495.2,20.90,23.69,0.89259,15.519,11.93,24.72,14,2
112.779,hall_mission,9x4.5,pi5,-0.454,20.810,-1.987,0.141,-1.031,0.003,1.041,0.42,-6.65,-75.11,0.4905,0.4951,0.4390,0.4440,8204,28.074,715.7,377.6,472.0,22.6,494.6,20.88,23.69,0.89254,15.527,11.94,24.72,14,2
112.827,hall_mission,9x4.5,pi5,-0.449,20.768,-1.987,0.152,-1.030,-0.002,1.041,0.73,-6.58,-74.37,0.5215,0.5201,0.4086,0.4143,8189,28.179,718.4,383.8,479.7,22.6,502.3,21.21,23.68,0.89250,15.533,11.75,24.72,14,2
112.879,hall_mission,9x4.5,pi5,-0.440,20.711,-1.987,0.170,-1.027,-0.007,1.040,1.19,-6.50,-73.08,0.5289,0.5284,0.3991,0.4043,8175,28.175,718.3,385.5,481.9,22.6,504.5,21.31,23.68,0.89245,15.541,11.70,24.72,14,2
112.927,hall_mission,9x4.5,pi5,-0.434,20.671,-1.987,0.185,-1.022,-0.008,1.039,1.40,-6.47,-72.04,0.5224,0.5208,0.4045,0.4122,8172,28.084,715.9,382.2,477.8,22.6,500.4,21.13,23.68,0.89240,15.547,11.80,24.72,14,2
112.979,hall_mission,9x4.5,pi5,-0.421,20.607,-1.987,0.211,-1.013,-0.007,1.035,1.55,-6.45,-70.25,0.5045,0.5053,0.4233,0.4272,8174,27.950,712.5,376.7,470.9,22.6,493.5,20.83,23.69,0.89235,15.554,11.96,24.72,14,2
113.027,hall_mission,9x4.5,pi5,-0.413,20.567,-1.988,0.228,-1.007,-0.006,1.032,1.54,-6.46,-68.93,0.4993,0.5128,0.4320,0.4187,8183,28.020,714.3,378.3,472.9,22.6,495.5,20.92,23.69,0.89230,15.561,11.91,24.72,14,2
113.079,hall_mission,9x4.5,pi5,-0.400,20.512,-1.989,0.253,-0.997,-0.005,1.029,1.71,-6.45,-66.79,0.5300,0.5337,0.3976,0.4012,8181,28.249,720.2,387.6,484.5,22.6,507.1,21.42,23.67,0.89225,15.568,11.63,24.72,14,2
113.127,hall_mission,9x4.5,pi5,-0.389,20.474,-1.989,0.272,-0.989,-0.008,1.026,1.95,-6.39,-65.22,0.5395,0.5361,0.3866,0.3963,8167,28.237,719.8,389.1,486.3,22.6,508.9,21.50,23.67,0.89220,15.575,11.59,24.72,14,2
113.179,hall_mission,9x4.5,pi5,-0.370,20.413,-1.990,0.306,-0.974,-0.010,1.020,2.24,-6.34,-62.56,0.5256,0.5251,0.3997,0.4061,8160,28.047,715.0,382.4,478.0,22.6,500.6,21.14,23.68,0.89215,15.582,11.79,24.72,14,2
113.227,hall_mission,9x4.5,pi5,-0.358,20.375,-1.991,0.328,-0.962,-0.010,1.016,2.31,-6.33,-60.62,0.5027,0.5036,0.4222,0.4275,8158,27.841,709.8,374.5,468.1,22.6,490.7,20.71,23.69,0.89211,15.589,12.03,24.71,14,2
113.279,hall_mission,9x4.5,pi5,-0.339,20.324,-1.991,0.359,-0.943,-0.008,1.009,2.26,-6.37,-57.55,0.4754,0.4736,0.4505,0.4573,8161,27.737,707.1,369.9,462.4,22.6,485.0,20.46,23.70,0.89206,15.596,12.17,24.71,14,2
113.327,hall_mission,9x4.5,pi5,-0.324,20.289,-1.992,0.381,-0.930,-0.006,1.005,2.13,-6.41,-55.46,0.4491,0.4475,0.4779,0.4840,8167,27.791,708.5,371.2,464.1,22.6,486.7,20.54,23.70,0.89201,15.602,12.13,24.71,14,2
113.379,hall_mission,9x4.5,pi5,-0.298,20.233,-1.992,0.415,-0.909,-0.003,0.999,1.79,-6.48,-52.42,0.4228,0.4238,0.5056,0.5077,8172,27.954,712.6,377.1,471.4,22.6,494.0,20.85,23.69,0.89196,15.609,11.95,24.71,14,2
113.427,hall_mission,9x4.5,pi5,-0.281,20.198,-1.992,0.435,-0.896,-0.002,0.996,1.52,-6.53,-50.51,0.4137,0.4240,0.5151,0.5079,8175,28.012,714.1,379.0,473.7,22.6,496.3,20.96,23.68,0.89191,15.616,11.89,24.71,14,2
113.479,hall_mission,9x4.5,pi5,-0.255,20.151,-1.992,0.461,-0.880,-0.001,0.994,1.29,-6.52,-47.91,0.4372,0.4391,0.4920,0.4937,8180,27.920,711.8,374.7,468.3,22.6,490.9,20.72,23.69,0.89186,15.623,12.02,24.71,14,2
113.527,hall_mission,9x4.5,pi5,-0.237,20.117,-1.992,0.479,-0.868,0.001,0.992,1.28,-6.50,-46.31,0.4491,0.4489,0.4798,0.4854,8185,27.912,711.6,373.7,467.1,22.6,489.7,20.67,23.69,0.89182,15.630,12.05,24.71,14,2
113.579,hall_mission,9x4.5,pi5,-0.205,20.065,-1.992,0.507,-0.848,0.005,0.988,1.26,-6.46,-44.03,0.4505,0.4512,0.4806,0.4834,8194,27.970,713.0,374.8,468.5,22.6,491.1,20.73,23.69,0.89177,15.637,12.01,24.71,14,2
113.627,hall_mission,9x4.5,pi5,-0.185,20.033,-1.991,0.524,-0.835,0.008,0.986,1.21,-6.45,-42.58,0.4472,0.4465,0.4857,0.4894,8205,28.062,715.4,376.9,471.2,22.6,493.8,20.85,23.69,0.89172,15.643,11.95,24.71,14,2
113.679,hall_mission,9x4.5,pi5,-0.155,19.989,-1.991,0.547,-0.816,0.010,0.983,1.05,-6.45,-40.53,0.4395,0.4396,0.4949,0.4970,8212,28.147,717.5,379.3,474.1,22.6,496.7,20.98,23.68,0.89167,15.651,11.87,24.71,14,2
113.727,hall_mission,9x4.5,pi5,-0.133,19.958,-1.990,0.563,-0.804,0.010,0.981,0.91,-6.44,-39.26,0.4321,0.4323,0.5020,0.5052,8214,28.202,719.0,381.3,476.6,22.6,499.2,21.08,23.68,0.89162,15.657,11.81,24.71,14,2
113.779,hall_mission,9x4.5,pi5,-0.097,19.910,-1.989,0.586,-0.784,0.008,0.979,0.66,-6.43,-37.53,0.4245,0.4265,0.5094,0.5109,8213,28.241,719.9,383.0,478.7,22.6,501.3,21.17,23.67,0.89157,15.664,11.76,24.71,14,2
113.827,hall_mission,9x4.5,pi5,-0.074,19.881,-1.988,0.600,-0.773,0.007,0.978,0.48,-6.42,-36.52,0.4214,0.4213,0.5125,0.5158,8212,28.264,720.5,384.1,480.1,22.6,502.7,21.23,23.67,0.89153,15.671,11.72,24.71,14,2
113.879,hall_mission,9x4.5,pi5,-0.040,19.841,-1.988,0.617,-0.759,0.005,0.978,0.21,-6.40,-35.23,0.4184,0.4202,0.5151,0.5167,8210,28.266,720.6,384.4,480.5,22.6,503.1,21.25,23.67,0.89148,15.678,11.71,24.71,14,2
113.927,hall_mission,9x4.5,pi5,-0.016,19.812,-1.987,0.628,-0.749,0.004,0.977,0.04,-6.38,-34.53,0.4193,0.4205,0.5143,0.5162,8210,28.259,720.4,384.2,480.2,22.6,502.8,21.24,23.67,0.89143,15.685,11.72,24.71,14,2
113.979,hall_mission,9x4.5,pi5,0.023,19.768,-1.987,0.642,-0.736,0.003,0.977,-0.20,-6.35,-33.71,0.4217,0.4238,0.5119,0.5129,8210,28.236,719.8,383.2,479.0,22.6,501.6,21.19,23.67,0.89138,15.692,11.75,24.71,14,2
114.027,hall_mission,9x4.5,pi5,0.048,19.740,-1.986,0.650,-0.729,0.002,0.977,-0.33,-6.33,-33.31,0.4263,0.4279,0.5073,0.5090,8210,28.207,719.1,382.0,477.5,22.6,500.1,21.12,23.67,0.89133,15.699,11.78,24.71,14,2
114.079,hall_mission,9x4.5,pi5,0.083,19.702,-1.986,0.660,-0.720,0.001,0.976,-0.51,-6.31,-32.92,0.4317,0.4341,0.5022,0.5026,8211,28.173,718.2,380.6,475.7,22.6,498.3,21.05,23.68,0.89128,15.706,11.82,24.71,14,2
114.127,hall_mission,9x4.5,pi5,0.108,19.675,-1.985,0.666,-0.714,0.001,0.977,-0.61,-6.30,-32.77,0.4385,0.4394,0.4953,0.4975,8212,28.144,717.5,379.3,474.1,22.6,496.7,20.98,23.68,0.89123,15.713,11.86,24.71,14,2
114.179,hall_mission,9x4.5,pi5,0.149,19.631,-1.985,0.674,-0.707,0.000,0.977,-0.72,-6.29,-32.69,0.4448,0.4467,0.4895,0.4901,8213,28.123,716.9,378.3,472.9,22.6,495.5,20.92,23.68,0.89118,15.720,11.89,24.71,14,2
114.227,hall_mission,9x4.5,pi5,0.175,19.605,-1.985,0.679,-0.703,0.000,0.977,-0.78,-6.29,-32.72,0.4507,0.4530,0.4829,0.4850,8215,28.115,716.7,377.7,472.2,22.6,494.8,20.89,23.68,0.89114,15.727,11.91,24.71,14,2
114.279,hall_mission,9x4.5,pi5,0.212,19.567,-1.985,0.685,-0.698,0.001,0.978,-0.85,-6.29,-32.84,0.4575,0.4586,0.4778,0.4785,8218,28.121,716.9,377.6,472.0,22.6,494.6,20.88,23.68,0.89109,15.734,11.91,24.71,14,2
114.327,hall_mission,9x4.5,pi5,0.239,19.540,-1.985,0.689,-0.696,0.001,0.979,-0.89,-6.29,-32.96,0.4620,0.4640,0.4728,0.4741,8220,28.128,717.1,377.6,472.0,22.6,494.6,20.89,23.68,0.89104,15.740,11.91,24.71,14,2
114.379,hall_mission,9x4.5,pi5,0.282,19.497,-1.985,0.694,-0.692,0.001,0.981,-0.91,-6.30,-33.16,0.4667,0.4684,0.4686,0.4700,8222,28.142,717.4,377.8,472.3,22.6,494.9,20.90,23.68,0.89099,15.748,11.90,24.71,14,2
114.427,hall_mission,9x4.5,pi5,0.309,19.470,-1.985,0.698,-0.691,0.002,0.982,-0.91,-6.30,-33.30,0.4913,0.5100,0.4508,0.4222,8225,28.264,720.5,382.3,477.9,22.6,500.5,21.14,23.67,0.89094,15.754,11.76,24.71,14,2
114.479,hall_mission,9x4.5,pi5,0.347,19.433,-1.985,0.703,-0.688,-0.007,0.984,-0.47,-6.30,-33.41,0.5681,0.5752,0.3604,0.3627,8196,28.929,737.5,413.0,516.2,22.6,538.8,22.81,23.62,0.89089,15.762,10.90,24.71,14,2
114.527,hall_mission,9x4.5,pi5,0.375,19.406,-1.985,0.709,-0.684,-0.023,0.986,0.11,-6.21,-33.25,0.6090,0.6073,0.3141,0.3186,8133,29.398,749.4,439.9,549.8,22.6,572.4,24.28,23.58,0.89083,15.770,10.24,24.71,14,2
114.579,hall_mission,9x4.5,pi5,0.419,19.364,-1.988,0.723,-0.670,-0.056,0.988,0.96,-6.04,-32.40,0.6169,0.6139,0.2947,0.3029,8058,29.226,745.1,442.3,552.8,22.6,575.4,24.41,23.57,0.89077,15.778,10.19,24.71,14,2
114.627,hall_mission,9x4.5,pi5,0.448,19.338,-1.990,0.733,-0.656,-0.070,0.987,1.41,-5.93,-31.37,0.5991,0.5967,0.3020,0.3141,7999,28.472,725.8,419.9,524.8,22.6,547.4,23.19,23.61,0.89072,15.785,10.72,24.71,14,2
114.679,hall_mission,9x4.5,pi5,0.489,19.303,-1.994,0.747,-0.632,-0.079,0.981,1.81,-5.82,-29.18,0.5638,0.5640,0.3333,0.3414,7964,27.527,701.8,387.2,484.0,22.6,506.6,21.41,23.66,0.89067,15.793,11.61,24.71,14,2
114.727,hall_mission,9x4.5,pi5,0.518,19.279,-1.998,0.756,-0.613,-0.075,0.976,1.91,-5.80,-27.37,0.5278,0.5260,0.3696,0.3797,7966,26.927,686.5,363.5,454.3,22.6,476.9,20.12,23.70,0.89063,15.799,12.35,24.71,14,2
114.779,hall_mission,9x4.5,pi5,0.566,19.242,-2.003,0.769,-0.579,-0.056,0.964,1.85,-5.83,-24.30,0.4868,0.4868,0.4163,0.4210,7995,26.710,680.9,351.3,439.2,22.6,461.8,19.47,23.72,0.89058,15.806,12.77,24.71,14,2
114.827,hall_mission,9x4.5,pi5,0.597,19.220,-2.005,0.776,-0.558,-0.041,0.957,1.70,-5.87,-22.14,0.4540,0.4524,0.4550,0.4603,8033,26.867,684.9,352.4,440.6,22.6,463.2,19.53,23.72,0.89054,15.812,12.73,24.71,14,2
114.879,hall_mission,9x4.5,pi5,0.640,19.192,-2.007,0.786,-0.529,-0.022,0.948,1.37,-5.96,-18.90,0.4218,0.4230,0.4928,0.4956,8076,27.264,695.0,362.5,453.1,22.6,475.7,20.07,23.70,0.89049,15.819,12.38,24.71,14,2
114.927,hall_mission,9x4.5,pi5,0.671,19.172,-2.008,0.793,-0.509,-0.012,0.943,1.11,-6.01,-16.84,0.4005,0.3994,0.5182,0.5222,8101,27.637,704.5,374.0,467.4,22.6,490.0,20.69,23.68,0.89044,15.825,12.01,24.71,14,2
114.979,hall_mission,9x4.5,pi5,0.722,19.143,-2.008,0.805,-0.480,-0.003,0.937,0.70,-6.08,-14.04,0.3818,0.3835,0.5389,0.5398,8114,27.948,712.5,384.5,480.7,22.6,503.3,21.27,23.66,0.89039,15.832,11.69,24.71,14,2
115.027,hall_mission,9x4.5,pi5,0.754,19.126,-2.008,0.812,-0.464,-0.002,0.935,0.42,-6.10,-12.41,0.3622,0.3364,0.5680,0.5823,8133,28.659,730.6,410.4,513.0,22.6,535.6,22.67,23.62,0.89034,15.840,10.96,24.71,14,2
115.079,hall_mission,9x4.5,pi5,0.799,19.102,-2.009,0.823,-0.445,-0.015,0.935,-0.33,-6.17,-10.47,0.2840,0.2831,0.6312,0.6372,8083,29.891,762.0,465.5,581.9,22.6,604.5,25.69,23.53,0.89028,15.848,9.67,24.71,14,2
115.127,hall_mission,9x4.5,pi5,0.832,19.086,-2.010,0.831,-0.436,-0.041,0.939,-1.06,-6.12,-9.66,0.2470,0.2511,0.6569,0.6579,8002,30.301,772.5,491.2,614.0,22.6,636.6,27.10,23.49,0.89022,15.857,9.17,24.71,14,2
115.179,hall_mission,9x4.5,pi5,0.885,19.061,-2.014,0.842,-0.433,-0.086,0.951,-2.05,-5.98,-9.34,0.2374,0.2474,0.6485,0.6448,7876,29.398,749.4,470.0,587.5,22.6,610.1,25.94,23.52,0.89016,15.866,9.58,24.71,14,2
115.227,hall_mission,9x4.5,pi5,0.918,19.045,-2.018,0.846,-0.436,-0.104,0.957,-2.56,-5.88,-9.73,0.2556,0.2651,0.6190,0.6174,7800,28.130,717.1,429.6,537.0,22.6,559.6,23.72,23.59,0.89010,15.873,10.47,24.70,14,2
115.279,hall_mission,9x4.5,pi5,0.966,19.022,-2.025,0.847,-0.445,-0.108,0.963,-3.05,-5.79,-11.14,0.2923,0.3012,0.5781,0.5771,7769,26.854,684.6,384.4,480.5,22.6,503.1,21.26,23.66,0.89005,15.880,11.68,24.70,14,2
115.327,hall_mission,9x4.5,pi5,0.999,19.005,-2.030,0.845,-0.453,-0.096,0.963,-3.21,-5.77,-12.52,0.3358,0.3430,0.5383,0.5383,7794,26.152,666.7,354.8,443.5,22.6,466.1,19.66,23.71,0.89001,15.887,12.64,24.70,14,2
115.379,hall_mission,9x4.5,pi5,1.053,18.977,-2.036,0.839,-0.467,-0.060,0.962,-3.25,-5.84,-15.04,0.3861,0.3904,0.4971,0.4977,7851,25.923,660.8,339.0,423.8,22.6,446.4,18.81,23.74,0.88996,15.893,13.21,24.70,14,2
115.427,hall_mission,9x4.5,pi5,1.087,18.958,-2.038,0.834,-0.476,-0.034,0.961,-3.16,-5.92,-16.90,0.4298,0.4333,0.4641,0.4639,7923,26.155,666.8,339.0,423.7,22.6,446.3,18.80,23.74,0.88992,15.899,13.21,24.70,14,2
115.479,hall_mission,9x4.5,pi5,1.133,18.931,-2.040,0.827,-0.490,-0.001,0.962,-2.94,-6.08,-19.78,0.4708,0.4743,0.4340,0.4336,8001,26.686,680.3,349.5,436.9,22.6,459.5,19.37,23.72,0.88987,15.906,12.82,24.70,14,2
115.527,hall_mission,9x4.5,pi5,1.166,18.911,-2.040,0.823,-0.500,0.017,0.963,-2.74,-6.19,-21.65,0.5011,0.5036,0.4110,0.4116,8054,27.183,693.0,362.2,452.8,22.6,475.4,20.06,23.70,0.88983,15.912,12.38,24.70,14,2
115.579,hall_mission,9x4.5,pi5,1.218,18.877,-2.038,0.818,-0.516,0.035,0.968,-2.41,-6.34,-24.25,0.5246,0.5263,0.3933,0.3937,8093,27.646,704.8,375.4,469.2,22.6,491.8,20.77,23.68,0.88978,15.919,11.95,24.70,14,2
115.627,hall_mission,9x4.5,pi5,1.251,18.856,-2.037,0.815,-0.526,0.040,0.971,-2.18,-6.42,-25.78,0.5372,0.5391,0.3827,0.3835,8109,27.903,711.3,383.4,479.3,22.6,501.9,21.21,23.66,0.88973,15.926,11.71,24.70,14,2
115.675,hall_mission,9x4.5,pi5,1.295,18.825,-2.034,0.812,-0.539,0.043,0.976,-1.86,-6.50,-27.71,0.5434,0.5450,0.3784,0.3791,8121,28.055,715.2,387.9,484.9,22.6,507.5,21.45,23.65,0.88969,15.932,11.57,24.70,14,2
115.727,hall_mission,9x4.5,pi5,1.327,18.803,-2.032,0.810,-0.548,0.043,0.979,-1.67,-6.54,-28.74,0.5390,0.5233,0.3852,0.4037,8141,28.003,713.9,383.2,479.1,22.6,501.7,21.20,23.66,0.88963,15.940,11.71,24.70,14,2
115.779,hall_mission,9x4.5,pi5,1.378,18.766,-2.029,0.808,-0.560,0.041,0.984,-1.65,-6.55,-29.92,0.4839,0.4883,0.4376,0.4419,8142,27.648,704.8,368.9,461.1,22.6,483.7,20.42,23.69,0.88959,15.947,12.16,24.70,14,2
115.827,hall_mission,9x4.5,pi5,1.409,18.743,-2.027,0.805,-0.569,0.041,0.987,-1.85,-6.54,-30.57,0.4539,0.4573,0.4717,0.4703,8148,27.644,704.7,367.9,459.9,22.6,482.5,20.37,23.69,0.88954,15.953,12.19,24.70,14,2
115.879,hall_mission,9x4.5,pi5,1.453,18.709,-2.024,0.800,-0.583,0.042,0.991,-2.15,-6.54,-31.53,0.4379,0.4431,0.4882,0.4877,8162,27.780,708.2,371.5,464.4,22.6,487.0,20.57,23.68,0.88949,15.960,12.07,24.70,14,2
115.927,hall_mission,9x4.5,pi5,1.484,18.685,-2.022,0.794,-0.594,0.045,0.993,-2.30,-6.55,-32.21,0.4362,0.4413,0.4925,0.4912,8177,27.898,711.2,374.1,467.7,22.6,490.3,20.71,23.68,0.88944,15.967,11.99,24.70,14,2
115.979,hall_mission,9x4.5,pi5,1.532,18.646,-2.019,0.785,-0.612,0.049,0.996,-2.40,-6.58,-33.34,0.4431,0.4472,0.4879,0.4876,8194,27.991,713.6,375.6,469.5,22.6,492.1,20.79,23.67,0.88939,15.974,11.94,24.70,14,2
116.027,hall_mission,9x4.5,pi5,1.563,18.621,-2.016,0.778,-0.624,0.050,0.999,-2.39,-6.60,-34.15,0.4534,0.4568,0.4796,0.4798,8207,28.056,715.2,376.4,470.4,22.6,493.0,20.83,23.67,0.88935,15.980,11.91,24.70,14,2
116.079,hall_mission,9x4.5,pi5,1.604,18.586,-2.013,0.769,-0.640,0.050,1.002,-2.30,-6.65,-35.42,0.4652,0.4692,0.4685,0.4693,8217,28.107,716.5,377.1,471.4,22.6,494.0,20.87,23.67,0.88930,15.988,11.89,24.70,14,2
116.127,hall_mission,9x4.5,pi5,1.634,18.560,-2.010,0.763,-0.651,0.049,1.005,-2.19,-6.69,-36.27,0.4763,0.4795,0.4586,0.4593,8223,28.154,717.7,378.2,472.8,22.6,495.4,20.93,23.67,0.88925,15.994,11.86,24.70,14,2
116.179,hall_mission,9x4.5,pi5,1.681,18.517,-2.006,0.755,-0.668,0.046,1.009,-1.98,-6.74,-37.49,0.4870,0.4888,0.4489,0.4503,8227,28.208,719.1,379.8,474.7,22.6,497.3,21.02,23.67,0.88920,16.001,11.81,24.70,14,2
116.227,hall_mission,9x4.5,pi5,1.710,18.490,-2.004,0.750,-0.678,0.043,1.012,-1.83,-6.76,-38.25,0.4941,0.4958,0.4424,0.4434,8229,28.251,720.2,381.2,476.5,22.6,499.1,21.09,23.66,0.88915,16.008,11.76,24.70,14,2
116.279,hall_mission,9x4.5,pi5,1.750,18.450,-2.000,0.744,-0.691,0.040,1.016,-1.61,-6.79,-39.26,0.4986,0.5015,0.4374,0.4387,8231,28.289,721.2,382.5,478.1,22.6,500.7,21.16,23.66,0.88910,16.015,11.72,24.70,14,2
116.327,hall_mission,9x4.5,pi5,1.778,18.422,-1.998,0.740,-0.699,0.037,1.019,-1.46,-6.80,-39.84,0.4964,0.4826,0.4415,0.4579,8239,28.301,721.5,381.8,477.3,22.6,499.9,21.13,23.66,0.88906,16.022,11.74,24.70,14,2
116.379,hall_mission,9x4.5,pi5,1.824,18.375,-1.995,0.735,-0.712,0.030,1.024,-1.48,-6.80,-40.58,0.4500,0.4529,0.4853,0.4882,8232,28.238,719.9,380.3,475.4,22.6,498.0,21.04,23.66,0.88901,16.029,11.79,24.70,14,2
116.427,hall_mission,9x4.5,pi5,1.852,18.346,-1.993,0.731,-0.721,0.024,1.026,-1.67,-6.77,-41.07,0.4251,0.4298,0.5093,0.5085,8219,28.266,720.6,383.2,479.0,22.6,501.6,21.20,23.66,0.88896,16.036,11.70,24.70,14,2
116.479,hall_mission,9x4.5,pi5,1.891,18.304,-1.991,0.723,-0.734,0.018,1.030,-1.96,-6.74,-41.96,0.4169,0.4211,0.5164,0.5153,8208,28.249,720.2,384.1,480.1,22.6,502.7,21.25,23.66,0.88891,16.043,11.67,24.70,14,2
116.527,hall_mission,9x4.5,pi5,1.919,18.274,-1.991,0.716,-0.743,0.015,1.032,-2.09,-6.73,-42.69,0.4225,0.4248,0.5114,0.5131,8215,28.269,720.7,383.8,479.8,22.6,502.4,21.24,23.66,0.88886,16.050,11.68,24.70,14,2
116.579,hall_mission,9x4.5,pi5,1.963,18.226,-1.989,0.703,-0.760,0.013,1.035,-2.19,-6.74,-43.97,0.4132,0.4086,0.5241,0.5257,8215,28.379,723.5,388.3,485.4,22.6,508.0,21.48,23.65,0.88881,16.057,11.54,24.70,14,2
116.627,hall_mission,9x4.5,pi5,1.990,18.195,-1.989,0.694,-0.770,0.010,1.037,-2.38,-6.74,-44.97,0.3918,0.3994,0.5378,0.5395,8204,28.465,725.7,393.3,491.6,22.6,514.2,21.75,23.64,0.88876,16.064,11.40,24.70,14,2
116.679,hall_mission,9x4.5,pi5,2.027,18.150,-1.988,0.678,-0.788,0.003,1.039,-2.68,-6.71,-46.75,0.3932,0.3994,0.5353,0.5363,8188,28.336,722.4,390.2,487.8,22.6,510.4,21.59,23.64,0.88871,16.071,11.49,24.70,14,2
116.727,hall_mission,9x4.5,pi5,2.052,18.118,-1.988,0.665,-0.800,0.001,1.041,-2.79,-6.71,-48.14,0.4068,0.4141,0.5223,0.5191,8181,28.132,717.2,382.9,478.7,22.6,501.3,21.19,23.66,0.88866,16.078,11.70,24.70,14,2
116.779,hall_mission,9x4.5,pi5,2.092,18.065,-1.987,0.642,-0.822,-0.001,1.043,-2.80,-6.75,-50.47,0.4306,0.4368,0.4973,0.4972,8180,27.942,712.3,375.6,469.5,22.6,492.1,20.79,23.67,0.88861,16.085,11.92,24.70,14,2
116.827,hall_mission,9x4.5,pi5,2.116,18.031,-1.987,0.628,-0.835,-0.000,1.044,-2.71,-6.80,-52.12,0.4549,0.4604,0.4743,0.4729,8182,27.874,710.6,372.5,465.7,22.6,488.3,20.63,23.67,0.88856,16.092,12.02,24.70,14,2
116.879,hall_mission,9x4.5,pi5,2.149,17.983,-1.987,0.607,-0.852,0.001,1.046,-2.46,-6.88,-54.63,0.4806,0.4845,0.4495,0.4496,8188,27.931,712.1,374.1,467.6,22.6,490.2,20.71,23.67,0.88851,16.099,11.97,24.70,14,2
116.927,hall_mission,9x4.5,pi5,2.171,17.948,-1.986,0.592,-0.864,0.002,1.047,-2.24,-6.93,-56.25,0.5004,0.5037,0.4308,0.4301,8191,28.043,714.9,378.1,472.6,22.6,495.2,20.93,23.66,0.88847,16.105,11.84,24.70,14,2
116.979,hall_mission,9x4.5,pi5,2.206,17.891,-1.986,0.571,-0.881,0.002,1.050,-1.87,-7.00,-58.52,0.5170,0.5192,0.4139,0.4153,8192,28.171,718.2,383.1,478.9,22.6,501.5,21.20,23.65,0.88842,16.113,11.69,24.70,14,2
117.027,hall_mission,9x4.5,pi5,2.227,17.854,-1.986,0.559,-0.891,0.002,1.052,-1.62,-7.03,-59.87,0.5266,0.5287,0.4043,0.4052,8190,28.255,720.3,386.7,483.4,22.6,506.0,21.40,23.65,0.88837,16.119,11.58,24.70,14,2
117.079,hall_mission,9x4.5,pi5,2.256,17.803,-1.986,0.543,-0.905,-0.001,1.055,-1.25,-7.06,-61.60,0.5315,0.5337,0.3983,0.4002,8186,28.284,721.0,388.4,485.6,22.6,508.2,21.49,23.65,0.88832,16.127,11.53,24.70,14,2
117.127,hall_mission,9x4.5,pi5,2.276,17.765,-1.985,0.534,-0.913,-0.002,1.057,-1.03,-7.06,-62.53,0.5321,0.5336,0.3983,0.3989,8183,28.272,720.7,388.3,485.4,22.6,508.0,21.48,23.65,0.88827,16.133,11.53,24.70,14,2
117.179,hall_mission,9x4.5,pi5,2.308,17.705,-1.985,0.520,-0.925,-0.002,1.061,-0.73,-7.06,-63.61,0.5285,0.5303,0.4009,0.4031,8183,28.228,719.6,386.6,483.3,22.6,505.9,21.39,23.65,0.88822,16.141,11.58,24.70,14,2
117.227,hall_mission,9x4.5,pi5,2.327,17.667,-1.985,0.513,-0.931,-0.003,1.063,-0.57,-7.05,-64.12,0.5145,0.5013,0.4175,0.4304,8186,28.053,715.2,379.2,474.0,22.6,496.6,20.99,23.66,0.88817,16.147,11.80,24.70,14,2
117.279,hall_mission,9x4.5,pi5,2.354,17.614,-1.986,0.505,-0.939,-0.005,1.066,-0.61,-7.02,-64.65,0.4597,0.4636,0.4671,0.4718,8180,27.857,710.2,372.1,465.2,22.6,487.8,20.61,23.67,0.88812,16.154,12.02,24.70,14,2
117.327,hall_mission,9x4.5,pi5,2.374,17.575,-1.986,0.497,-0.945,-0.006,1.068,-0.82,-6.98,-64.95,0.4302,0.4348,0.4982,0.4974,8175,27.915,711.6,375.1,468.9,22.6,491.5,20.77,23.67,0.88808,16.161,11.93,24.70,14,2
117.379,hall_mission,9x4.5,pi5,2.404,17.514,-1.987,0.484,-0.954,-0.006,1.069,-1.14,-6.93,-65.51,0.4168,0.4219,0.5113,0.5105,8175,28.002,713.8,378.7,473.3,22.6,495.9,20.96,23.66,0.88803,16.168,11.82,24.70,14,2
117.427,hall_mission,9x4.5,pi5,2.423,17.476,-1.987,0.473,-0.959,-0.005,1.070,-1.29,-6.91,-66.01,0.4168,0.4227,0.5109,0.5111,8178,28.025,714.4,379.1,473.9,22.6,496.5,20.99,23.66,0.88798,16.175,11.80,24.70,14,2
117.479,hall_mission,9x4.5,pi5,2.449,17.422,-1.987,0.458,-0.967,-0.001,1.069,-1.39,-6.90,-66.95,0.4270,0.4309,0.5033,0.5031,8188,28.033,714.6,378.0,472.5,22.6,495.1,20.93,23.66,0.88793,16.182,11.83,24.70,14,2
117.523,hall_mission,9x4.5,pi5,2.467,17.384,-1.988,0.446,-0.971,0.001,1.069,-1.39,-6.90,-67.69,0.4353,0.4273,0.4973,0.5073,8199,28.095,716.2,379.1,473.9,22.6,496.5,20.99,23.66,0.88789,16.188,11.80,24.70,14,2
117.571,hall_mission,9x4.5,pi5,2.484,17.346,-1.988,0.435,-0.976,0.002,1.069,-1.42,-6.90,-68.51,0.4122,0.4161,0.5191,0.5207,8202,28.247,720.1,384.8,481.0,22.6,503.6,21.30,23.65,0.88784,16.195,11.63,24.70,14,2
117.623,hall_mission,9x4.5,pi5,2.510,17.284,-1.988,0.414,-0.985,-0.000,1.068,-1.66,-6.87,-69.94,0.4034,0.4072,0.5278,0.5270,8192,28.266,720.6,386.8,483.5,22.6,506.1,21.41,23.64,0.88779,16.202,11.57,24.70,14,2
117.671,hall_mission,9x4.5,pi5,2.526,17.246,-1.988,0.400,-0.990,-0.002,1.067,-1.82,-6.85,-71.05,0.4080,0.4147,0.5214,0.5200,8188,28.171,718.2,383.6,479.5,22.6,502.1,21.23,23.65,0.88774,16.209,11.66,24.70,14,2
117.723,hall_mission,9x4.5,pi5,2.547,17.191,-1.989,0.377,-0.997,-0.002,1.066,-1.94,-6.85,-72.96,0.4224,0.4133,0.5101,0.5198,8193,28.153,717.7,382.2,477.8,22.6,500.4,21.16,23.65,0.88769,16.216,11.70,24.70,14,2
117.771,hall_mission,9x4.5,pi5,2.562,17.152,-1.989,0.360,-1.003,-0.002,1.065,-2.00,-6.85,-74.36,0.4001,0.4037,0.5304,0.5305,8190,28.282,721.0,387.9,484.8,22.6,507.4,21.46,23.64,0.88764,16.223,11.53,24.70,14,2
117.823,hall_mission,9x4.5,pi5,2.584,17.088,-1.991,0.331,-1.011,-0.005,1.064,-2.28,-6.80,-76.70,0.3924,0.4018,0.5344,0.5324,8176,28.239,719.9,387.9,484.9,22.6,507.5,21.46,23.64,0.88759,16.230,11.53,24.70,14,2
117.871,hall_mission,9x4.5,pi5,2.597,17.049,-1.992,0.310,-1.016,-0.006,1.062,-2.43,-6.78,-78.44,0.4059,0.4123,0.5208,0.5205,8171,28.066,715.5,381.7,477.2,22.6,499.8,21.13,23.65,0.88754,16.237,11.71,24.70,14,2
117.923,hall_mission,9x4.5,pi5,2.614,16.992,-1.993,0.279,-1.022,-0.005,1.059,-2.48,-6.79,-81.29,0.4290,0.4363,0.4978,0.4955,8168,27.861,710.3,374.0,467.5,22.6,490.1,20.71,23.66,0.88749,16.244,11.95,24.70,14,2
117.971,hall_mission,9x4.5,pi5,2.624,16.952,-1.994,0.256,-1.025,-0.004,1.057,-2.41,-6.83,-83.29,0.4556,0.4613,0.4710,0.4709,8168,27.778,708.1,370.6,463.2,22.6,485.8,20.53,23.67,0.88745,16.250,12.06,24.70,14,2
118.023,hall_mission,9x4.5,pi5,2.639,16.887,-1.995,0.219,-1.031,-0.001,1.054,-2.16,-6.90,-86.33,0.4828,0.4890,0.4449,0.4428,8171,27.834,709.6,372.4,465.5,22.6,488.1,20.62,23.67,0.88740,16.257,12.00,24.70,14,2
118.071,hall_mission,9x4.5,pi5,2.647,16.846,-1.996,0.197,-1.033,0.000,1.052,-1.93,-6.94,-88.29,0.5064,0.5095,0.4220,0.4221,8173,27.968,713.0,377.6,471.9,22.6,494.5,20.90,23.66,0.88735,16.264,11.84,24.70,14,2
118.123,hall_mission,9x4.5,pi5,2.656,16.789,-1.997,0.167,-1.037,0.001,1.050,-1.53,-7.00,-91.04,0.5140,0.5049,0.4142,0.4276,8175,27.996,713.7,378.4,473.0,22.6,495.6,20.95,23.66,0.88730,16.271,11.81,24.70,14,2
118.171,hall_mission,9x4.5,pi5,2.662,16.748,-1.998,0.148,-1.039,0.002,1.050,-1.40,-6.99,-92.70,0.4817,0.4847,0.4467,0.4478,8176,27.856,710.1,372.6,465.8,22.6,488.4,20.64,23.66,0.88725,16.278,11.99,24.70,14,2
118.223,hall_mission,9x4.5,pi5,2.671,16.682,-1.998,0.116,-1.042,0.004,1.048,-1.48,-6.94,-95.03,0.4616,0.4693,0.4668,0.4636,8177,27.836,709.6,371.7,464.6,22.6,487.2,20.59,23.67,0.88721,16.285,12.02,24.69,14,2
118.271,hall_mission,9x4.5,pi5,2.675,16.641,-1.999,0.095,-1.042,0.006,1.046,-1.56,-6.90,-96.54,0.4604,0.4652,0.4690,0.4686,8184,27.887,710.9,372.7,465.9,22.6,488.5,20.64,23.66,0.88716,16.291,11.98,24.69,14,2
118.323,hall_mission,9x4.5,pi5,2.679,16.583,-1.999,0.065,-1.041,0.011,1.043,-1.58,-6.88,-98.78,0.4666,0.4727,0.4639,0.4628,8195,27.958,712.7,374.1,467.7,22.6,490.3,20.72,23.66,0.88711,16.298,11.94,24.69,14,2
118.371,hall_mission,9x4.5,pi5,2.681,16.542,-2.000,0.043,-1.040,0.014,1.041,-1.52,-6.88,-100.24,0.4785,0.4818,0.4541,0.4536,8202,28.021,714.3,375.7,469.6,22.6,492.2,20.80,23.66,0.88706,16.305,11.89,24.69,14,2
118.423,hall_mission,9x4.5,pi5,2.682,16.476,-2.000,0.009,-1.038,0.015,1.038,-1.33,-6.89,-102.37,0.4896,0.4955,0.4429,0.4408,8204,28.079,715.8,377.7,472.1,22.6,494.7,20.91,23.65,0.88701,16.312,11.83,24.69,14,2
118.471,hall_mission,9x4.5,pi5,2.682,16.435,-2.000,-0.011,-1.036,0.015,1.036,-1.17,-6.90,-103.70,0.5014,0.5041,0.4311,0.4318,8203,28.126,717.0,379.7,474.7,22.6,497.3,21.02,23.65,0.88697,16.319,11.76,24.69,14,2
118.523,hall_mission,9x4.5,pi5,2.680,16.377,-2.000,-0.038,-1.034,0.014,1.035,-0.88,-6.90,-105.53,0.5012,0.4924,0.4315,0.4429,8202,28.084,715.9,378.2,472.8,22.6,495.4,20.94,23.65,0.88692,16.326,11.81,24.69,14,2
118.571,hall_mission,9x4.5,pi5,2.677,16.336,-2.000,-0.056,-1.033,0.013,1.035,-0.80,-6.87,-106.63,0.4678,0.4711,0.4629,0.4652,8198,27.980,713.3,374.6,468.2,22.6,490.8,20.75,23.66,0.88687,16.332,11.92,24.69,14,2
118.623,hall_mission,9x4.5,pi5,2.672,16.271,-2.001,-0.085,-1.030,0.011,1.033,-0.93,-6.80,-108.19,0.4487,0.4528,0.4816,0.4821,8192,27.958,712.7,374.5,468.2,22.6,490.8,20.74,23.66,0.88682,16.339,11.92,24.69,14,2
118.671,hall_mission,9x4.5,pi5,2.667,16.230,-2.001,-0.103,-1.027,0.011,1.032,-1.04,-6.75,-109.23,0.4576,0.4835,0.4724,0.4525,8194,27.965,712.9,374.5,468.1,22.6,490.7,20.74,23.66,0.88677,16.346,11.92,24.69,14,2
118.723,hall_mission,9x4.5,pi5,2.660,16.172,-2.002,-0.130,-1.021,0.010,1.030,-0.81,-6.74,-110.80,0.5171,0.5256,0.4108,0.4110,8189,28.184,718.5,384.0,480.0,22.6,502.6,21.26,23.64,0.88672,16.353,11.63,24.69,14,2
118.771,hall_mission,9x4.5,pi5,2.654,16.132,-2.002,-0.146,-1.018,0.004,1.029,-0.39,-6.73,-111.73,0.5526,0.5523,0.3761,0.3772,8166,28.437,724.9,397.2,496.5,22.6,519.1,21.98,23.62,0.88667,16.360,11.25,24.69,14,2
118.823,hall_mission,9x4.5,pi5,2.643,16.067,-2.003,-0.167,-1.016,-0.008,1.030,0.32,-6.72,-112.76,0.5650,0.5650,0.3581,0.3609,8133,28.457,725.5,402.4,503.0,22.6,525.6,22.26,23.61,0.88662,16.368,11.10,24.69,14,2
118.871,hall_mission,9x4.5,pi5,2.635,16.026,-2.005,-0.176,-1.016,-0.014,1.031,0.73,-6.70,-113.15,0.5621,0.5629,0.3567,0.3607,8109,28.284,721.0,398.6,498.2,22.6,520.8,22.05,23.62,0.88657,16.375,11.21,24.69,14,2
118.923,hall_mission,9x4.5,pi5,2.625,15.970,-2.007,-0.184,-1.017,-0.018,1.033,1.19,-6.66,-113.25,0.5501,0.5499,0.3681,0.3709,8097,28.004,713.9,389.1,486.3,22.6,508.9,21.54,23.63,0.88652,16.382,11.48,24.69,14,2
118.971,hall_mission,9x4.5,pi5,2.618,15.929,-2.009,-0.187,-1.018,-0.018,1.035,1.41,-6.64,-113.03,0.5324,0.5339,0.3842,0.3874,8092,27.736,707.1,379.0,473.8,22.6,496.4,20.99,23.65,0.88647,16.389,11.77,24.69,14,2
119.015,hall_mission,9x4.5,pi5,2.606,15.864,-2.011,-0.188,-1.019,-0.013,1.036,1.60,-6.63,-112.34,0.5143,0.5024,0.4025,0.4187,8093,27.477,700.5,368.7,460.9,22.6,483.5,20.43,23.67,0.88643,16.394,12.10,24.69,14,2
119.067,hall_mission,9x4.5,pi5,2.599,15.823,-2.012,-0.187,-1.020,-0.008,1.037,1.55,-6.65,-111.72,0.4540,0.4571,0.4636,0.4660,8103,27.334,696.8,361.7,452.1,22.6,474.7,20.05,23.68,0.88638,16.401,12.32,24.69,14,2
119.116,hall_mission,9x4.5,pi5,2.589,15.766,-2.014,-0.187,-1.021,-0.002,1.038,1.16,-6.66,-110.74,0.4148,0.4183,0.5056,0.5046,8112,27.568,702.8,369.7,462.1,22.6,484.7,20.48,23.66,0.88634,16.408,12.06,24.69,14,2
119.168,hall_mission,9x4.5,pi5,2.582,15.725,-2.014,-0.188,-1.021,0.000,1.038,0.85,-6.67,-110.20,0.3912,0.3953,0.5291,0.5295,8119,27.846,709.9,379.9,474.9,22.6,497.5,21.04,23.65,0.88629,16.415,11.74,24.69,14,2
119.216,hall_mission,9x4.5,pi5,2.572,15.660,-2.014,-0.192,-1.021,0.003,1.038,0.45,-6.67,-109.67,0.3830,0.3891,0.5377,0.5367,8123,27.971,713.1,384.3,480.3,22.6,502.9,21.28,23.64,0.88624,16.422,11.61,24.69,14,2
119.268,hall_mission,9x4.5,pi5,2.566,15.619,-2.014,-0.197,-1.020,0.005,1.038,0.25,-6.67,-109.55,0.3875,0.3912,0.5346,0.5346,8129,27.970,713.0,383.5,479.4,22.6,502.0,21.23,23.64,0.88619,16.429,11.63,24.69,14,2
119.320,hall_mission,9x4.5,pi5,2.556,15.562,-2.014,-0.204,-1.017,0.008,1.038,0.05,-6.67,-109.70,0.3983,0.4026,0.5250,0.5246,8138,27.911,711.5,379.9,474.9,22.6,497.5,21.04,23.65,0.88614,16.436,11.74,24.69,14,2
119.368,hall_mission,9x4.5,pi5,2.550,15.521,-2.013,-0.209,-1.016,0.010,1.037,-0.02,-6.67,-110.00,0.4132,0.4158,0.5120,0.5121,8147,27.841,709.8,375.9,469.9,22.6,492.5,20.82,23.65,0.88609,16.443,11.86,24.69,14,2
119.416,hall_mission,9x4.5,pi5,2.538,15.456,-2.012,-0.219,-1.013,0.014,1.036,-0.04,-6.68,-110.68,0.4281,0.4320,0.4982,0.4977,8158,27.809,708.9,373.1,466.4,22.6,489.0,20.67,23.66,0.88604,16.449,11.95,24.69,14,2
119.468,hall_mission,9x4.5,pi5,2.530,15.416,-2.011,-0.225,-1.011,0.016,1.036,-0.01,-6.68,-111.25,0.4457,0.4478,0.4826,0.4830,8169,27.811,709.0,371.7,464.7,22.6,487.3,20.60,23.66,0.88600,16.456,11.99,24.69,14,2
119.520,hall_mission,9x4.5,pi5,2.518,15.359,-2.010,-0.234,-1.008,0.019,1.035,0.08,-6.70,-112.19,0.4604,0.4638,0.4692,0.4693,8182,27.872,710.5,372.4,465.5,22.6,488.1,20.63,23.66,0.88595,16.463,11.97,24.69,14,2
119.568,hall_mission,9x4.5,pi5,2.509,15.319,-2.009,-0.240,-1.006,0.021,1.035,0.16,-6.71,-112.84,0.4726,0.4751,0.4584,0.4592,8192,27.943,712.4,373.9,467.4,22.6,490.0,20.72,23.65,0.88590,16.470,11.92,24.69,14,2
119.616,hall_mission,9x4.5,pi5,2.495,15.255,-2.007,-0.249,-1.004,0.023,1.034,0.29,-6.72,-113.77,0.4823,0.4841,0.4499,0.4513,8200,28.017,714.2,375.8,469.7,22.6,492.3,20.82,23.65,0.88585,16.476,11.86,24.69,14,2
119.668,hall_mission,9x4.5,pi5,2.485,15.214,-2.005,-0.255,-1.002,0.023,1.034,0.36,-6.72,-114.34,0.4893,0.4911,0.4440,0.4449,8207,28.083,715.9,377.5,471.9,22.6,494.5,20.91,23.65,0.88580,16.484,11.81,24.69,14,2
119.720,hall_mission,9x4.5,pi5,2.471,15.158,-2.004,-0.262,-1.001,0.023,1.035,0.46,-6.73,-115.09,0.4888,0.4761,0.4460,0.4597,8211,28.090,716.1,377.2,471.5,22.6,494.1,20.90,23.65,0.88575,16.491,11.81,24.69,14,2
119.768,hall_mission,9x4.5,pi5,2.461,15.118,-2.003,-0.267,-1.000,0.022,1.036,0.42,-6.73,-115.53,0.4508,0.4539,0.4813,0.4845,8211,28.085,716.0,377.1,471.3,22.6,493.9,20.89,23.65,0.88571,16.497,11.82,24.69,14,2
119.820,hall_mission,9x4.5,pi5,2.444,15.053,-2.001,-0.278,-0.998,0.017,1.036,0.10,-6.69,-116.19,0.4270,0.4325,0.5050,0.5037,8203,28.132,717.2,380.1,475.1,22.6,497.7,21.05,23.64,0.88566,16.504,11.73,24.69,14,2
119.868,hall_mission,9x4.5,pi5,2.432,15.013,-2.000,-0.286,-0.996,0.014,1.036,-0.12,-6.66,-116.72,0.4212,0.4250,0.5104,0.5099,8196,28.133,717.2,381.0,476.2,22.6,498.8,21.10,23.64,0.88561,16.511,11.70,24.69,14,2
119.916,hall_mission,9x4.5,pi5,2.416,14.957,-2.000,-0.299,-0.991,0.012,1.035,-0.35,-6.63,-117.69,0.4235,0.4301,0.5073,0.5058,8197,28.110,716.6,380.0,475.0,22.6,497.6,21.05,23.64,0.88556,16.518,11.73,24.69,14,2
119.968,hall_mission,9x4.5,pi5,2.404,14.918,-1.999,-0.309,-0.986,0.013,1.033,-0.43,-6.62,-118.45,0.4355,0.4400,0.4963,0.4960,8200,28.070,715.6,377.9,472.3,22.6,494.9,20.93,23.65,0.88551,16.525,11.79,24.69,14,2
120.020,hall_mission,9x4.5,pi5,2.384,14.855,-1.998,-0.326,-0.978,0.012,1.031,-0.44,-6.62,-119.72,0.4496,0.4539,0.4830,0.4817,8202,28.029,714.5,376.0,469.9,22.6,492.5,20.83,23.65,0.88546,16.532,11.85,24.69,14,2
120.068,hall_mission,9x4.5,pi5,2.371,14.816,-1.997,-0.337,-0.972,0.012,1.029,-0.40,-6.62,-120.62,0.4639,0.4667,0.4686,0.4695,8204,28.021,714.3,375.4,469.2,22.6,491.8,20.80,23.65,0.88542,16.539,11.86,24.69,14,2
120.116,hall_mission,9x4.5,pi5,2.351,14.762,-1.997,-0.352,-0.965,0.011,1.027,-0.27,-6.63,-121.98,0.4759,0.4796,0.4569,0.4567,8206,28.041,714.8,376.0,470.0,22.6,492.6,20.83,23.65,0.88537,16.545,11.85,24.69,14,2
120.168,hall_mission,9x4.5,pi5,2.337,14.723,-1.996,-0.362,-0.960,0.011,1.026,-0.16,-6.64,-122.85,0.4876,0.4903,0.4451,0.4465,8207,28.084,715.9,377.5,471.8,22.6,494.4,20.91,23.64,0.88532,16.552,11.80,24.69,14,2
120.216,hall_mission,9x4.5,pi5,2.312,14.662,-1.995,-0.377,-0.953,0.010,1.025,0.03,-6.64,-124.06,0.4950,0.4983,0.4380,0.4387,8209,28.128,717.1,379.0,473.8,22.6,496.4,21.00,23.64,0.88527,16.559,11.75,24.68,14,2
120.268,hall_mission,9x4.5,pi5,2.297,14.624,-1.995,-0.386,-0.949,0.010,1.024,0.16,-6.65,-124.77,0.5012,0.5026,0.4325,0.4340,8210,28.162,717.9,380.3,475.4,22.6,498.0,21.06,23.64,0.88522,16.566,11.71,24.68,14,2
120.316,hall_mission,9x4.5,pi5,2.275,14.572,-1.994,-0.396,-0.943,0.009,1.023,0.34,-6.65,-125.66,0.5032,0.5051,0.4313,0.4312,8211,28.187,718.6,381.1,476.3,22.6,498.9,21.11,23.64,0.88517,16.573,11.69,24.68,14,2
120.368,hall_mission,9x4.5,pi5,2.258,14.534,-1.994,-0.403,-0.940,0.009,1.023,0.45,-6.65,-126.14,0.5032,0.5049,0.4310,0.4320,8213,28.193,718.7,381.2,476.5,22.6,499.1,21.11,23.64,0.88512,16.580,11.68,24.68,14,2
120.420,hall_mission,9x4.5,pi5,2.232,14.474,-1.993,-0.413,-0.935,0.008,1.023,0.59,-6.65,-126.69,0.5004,0.5033,0.4343,0.4337,8215,28.194,718.8,380.9,476.1,22.6,498.7,21.10,23.64,0.88507,16.587,11.69,24.68,14,2
120.468,hall_mission,9x4.5,pi5,2.215,14.437,-1.992,-0.419,-0.933,0.008,1.023,0.67,-6.65,-126.94,0.4977,0.4990,0.4368,0.4384,8216,28.181,718.4,380.2,475.3,22.6,497.9,21.06,23.64,0.88503,16.594,11.71,24.68,14,2
120.520,hall_mission,9x4.5,pi5,2.191,14.384,-1.992,-0.426,-0.931,0.007,1.024,0.76,-6.65,-127.16,0.4919,0.4952,0.4425,0.4427,8217,28.166,718.0,379.4,474.3,22.6,496.9,21.02,23.64,0.88498,16.601,11.73,24.68,14,2
120.568,hall_mission,9x4.5,pi5,2.174,14.347,-1.991,-0.430,-0.929,0.007,1.024,0.81,-6.65,-127.22,0.4882,0.4893,0.4471,0.4482,8219,28.157,717.8,378.9,473.6,22.6,496.2,20.99,23.64,0.88493,16.608,11.75,24.68,14,2
120.616,hall_mission,9x4.5,pi5,2.145,14.287,-1.990,-0.437,-0.928,0.006,1.025,0.86,-6.66,-127.22,0.4824,0.4854,0.4526,0.4531,8221,28.159,717.9,378.6,473.2,22.6,495.8,20.97,23.64,0.88488,16.614,11.76,24.68,14,2
120.668,hall_mission,9x4.5,pi5,2.127,14.250,-1.990,-0.440,-0.927,0.006,1.026,0.88,-6.66,-127.16,0.4777,0.4801,0.4576,0.4587,8223,28.162,717.9,378.4,473.0,22.6,495.6,20.96,23.64,0.88483,16.621,11.76,24.68,14,2
120.720,hall_mission,9x4.5,pi5,2.102,14.198,-1.988,-0.445,-0.925,0.006,1.027,0.90,-6.67,-127.02,0.4735,0.4756,0.4621,0.4639,8227,28.183,718.5,378.7,473.4,22.6,496.0,20.98,23.64,0.88478,16.629,11.75,24.68,14,2
120.768,hall_mission,9x4.5,pi5,2.083,14.161,-1.987,-0.448,-0.925,0.005,1.027,0.90,-6.67,-126.91,0.4601,0.4464,0.4795,0.4894,8228,28.210,719.2,379.7,474.6,22.6,497.2,21.03,23.64,0.88473,16.635,11.72,24.68,14,2
120.820,hall_mission,9x4.5,pi5,2.053,14.101,-1.986,-0.454,-0.924,0.000,1.029,0.62,-6.68,-126.78,0.4122,0.4176,0.5196,0.5234,8219,28.371,723.3,387.4,484.3,22.6,506.9,21.46,23.62,0.88468,16.642,11.49,24.68,14,2
120.868,hall_mission,9x4.5,pi5,2.034,14.064,-1.985,-0.459,-0.922,-0.006,1.030,0.32,-6.65,-126.81,0.3923,0.3959,0.5394,0.5398,8199,28.450,725.3,393.3,491.6,22.6,514.2,21.78,23.61,0.88463,16.649,11.32,24.68,14,2
120.912,hall_mission,9x4.5,pi5,2.015,14.027,-1.985,-0.465,-0.920,-0.013,1.031,0.03,-6.62,-127.01,0.3828,0.3711,0.5512,0.5578,8183,28.567,728.3,400.2,500.2,22.6,522.8,22.15,23.60,0.88459,16.656,11.13,24.68,14,2
120.960,hall_mission,9x4.5,pi5,1.987,13.975,-1.985,-0.477,-0.914,-0.022,1.031,-0.44,-6.57,-127.66,0.3480,0.3512,0.5778,0.5786,8157,28.840,735.2,414.6,518.2,22.6,540.8,22.94,23.58,0.88454,16.663,10.74,24.68,14,2
121.012,hall_mission,9x4.5,pi5,1.967,13.938,-1.986,-0.488,-0.908,-0.033,1.031,-0.84,-6.49,-128.42,0.3345,0.3405,0.5863,0.5837,8118,28.776,733.6,417.0,521.2,22.6,543.8,23.07,23.58,0.88448,16.671,10.68,24.68,14,2
121.060,hall_mission,9x4.5,pi5,1.933,13.879,-1.987,-0.508,-0.894,-0.046,1.029,-1.34,-6.36,-130.07,0.3390,0.3465,0.5759,0.5750,8087,28.410,724.3,406.4,508.1,22.6,530.7,22.49,23.59,0.88443,16.678,10.95,24.68,14,2
121.112,hall_mission,9x4.5,pi5,1.912,13.844,-1.989,-0.523,-0.882,-0.049,1.026,-1.57,-6.30,-131.52,0.3598,0.3704,0.5516,0.5491,8067,27.845,709.9,386.6,483.3,22.6,505.9,21.41,23.62,0.88438,16.685,11.51,24.68,14,2
121.160,hall_mission,9x4.5,pi5,1.880,13.794,-1.991,-0.543,-0.862,-0.048,1.020,-1.71,-6.25,-134.12,0.3916,0.3995,0.5203,0.5195,8067,27.433,699.4,370.3,462.9,22.6,485.5,20.53,23.65,0.88434,16.692,12.00,24.68,14,2
121.212,hall_mission,9x4.5,pi5,1.856,13.760,-1.992,-0.558,-0.846,-0.042,1.014,-1.68,-6.25,-136.06,0.4291,0.4359,0.4859,0.4842,8083,27.258,694.9,361.3,451.7,22.6,474.3,20.04,23.66,0.88429,16.698,12.29,24.68,14,2
121.260,hall_mission,9x4.5,pi5,1.817,13.707,-1.994,-0.582,-0.820,-0.028,1.006,-1.48,-6.29,-139.09,0.4633,0.4683,0.4550,0.4550,8106,27.356,697.4,362.2,452.7,22.6,475.3,20.09,23.66,0.88424,16.705,12.26,24.68,14,2
121.312,hall_mission,9x4.5,pi5,1.791,13.675,-1.994,-0.596,-0.804,-0.021,1.001,-1.28,-6.33,-141.10,0.5045,0.5320,0.4214,0.3937,8142,27.883,710.8,378.3,472.8,22.6,495.4,20.96,23.64,0.88419,16.712,11.75,24.68,14,2
121.360,hall_mission,9x4.5,pi5,1.755,13.631,-1.994,-0.615,-0.783,-0.020,0.996,-0.62,-6.44,-143.91,0.5901,0.5952,0.3334,0.3299,8131,29.012,739.6,424.8,530.9,22.6,553.5,23.49,23.56,0.88414,16.719,10.48,24.68,14,2
121.412,hall_mission,9x4.5,pi5,1.728,13.601,-1.994,-0.629,-0.773,-0.036,0.997,0.11,-6.46,-145.45,0.6420,0.6393,0.2735,0.2751,8064,30.005,764.9,472.4,590.5,22.6,613.1,26.11,23.48,0.88408,16.728,9.43,24.68,14,2
121.460,hall_mission,9x4.5,pi5,1.683,13.553,-1.997,-0.645,-0.765,-0.078,1.004,1.21,-6.41,-146.97,0.6513,0.6474,0.2487,0.2551,7964,29.860,761.2,478.2,597.7,22.6,620.3,26.43,23.47,0.88402,16.736,9.32,24.68,14,2
121.512,hall_mission,9x4.5,pi5,1.655,13.523,-2.000,-0.652,-0.765,-0.100,1.010,1.81,-6.34,-147.40,0.6333,0.6320,0.2509,0.2584,7863,28.864,735.8,450.8,563.5,22.6,586.1,24.92,23.52,0.88396,16.745,9.88,24.68,14,2
121.560,hall_mission,9x4.5,pi5,1.616,13.482,-2.006,-0.655,-0.768,-0.116,1.016,2.46,-6.22,-147.16,0.6041,0.6043,0.2729,0.2796,7814,27.769,707.9,414.3,517.9,22.6,540.5,22.93,23.58,0.88391,16.752,10.74,24.68,14,2
121.612,hall_mission,9x4.5,pi5,1.588,13.452,-2.011,-0.654,-0.772,-0.115,1.018,2.72,-6.18,-146.50,0.5669,0.5671,0.3090,0.3155,7805,26.778,682.7,377.4,471.8,22.6,494.4,20.92,23.64,0.88386,16.759,11.77,24.68,14,2
121.660,hall_mission,9x4.5,pi5,1.544,13.403,-2.018,-0.648,-0.778,-0.092,1.017,2.90,-6.17,-144.90,0.5307,0.5327,0.3495,0.3540,7835,26.266,669.6,354.2,442.7,22.6,465.3,19.66,23.67,0.88381,16.766,12.52,24.68,14,2
121.712,hall_mission,9x4.5,pi5,1.517,13.372,-2.021,-0.643,-0.782,-0.070,1.015,2.90,-6.21,-143.55,0.4957,0.4972,0.3940,0.3986,7903,26.219,668.4,344.0,430.0,22.6,452.6,19.11,23.69,0.88377,16.772,12.88,24.68,14,2
121.760,hall_mission,9x4.5,pi5,1.480,13.329,-2.024,-0.634,-0.788,-0.037,1.012,2.80,-6.30,-141.27,0.4844,0.5009,0.4196,0.4038,7987,26.703,680.7,352.1,440.2,22.6,462.8,19.55,23.68,0.88372,16.778,12.59,24.68,14,2
121.812,hall_mission,9x4.5,pi5,1.455,13.297,-2.025,-0.627,-0.793,-0.015,1.011,2.89,-6.34,-139.64,0.5107,0.5148,0.3978,0.4021,8048,27.239,694.4,365.3,456.6,22.6,479.2,20.26,23.65,0.88367,16.785,12.15,24.68,14,2
121.860,hall_mission,9x4.5,pi5,1.415,13.246,-2.024,-0.613,-0.805,0.008,1.012,3.24,-6.38,-137.01,0.5171,0.5165,0.3990,0.4045,8090,27.534,701.9,371.4,464.2,22.6,486.8,20.59,23.64,0.88363,16.792,11.95,24.68,14,2
121.912,hall_mission,9x4.5,pi5,1.391,13.213,-2.023,-0.601,-0.816,0.017,1.013,3.42,-6.43,-135.11,0.5054,0.5035,0.4155,0.4225,8125,27.644,704.7,371.0,463.8,22.6,486.4,20.57,23.64,0.88358,16.799,11.96,24.68,14,2
121.960,hall_mission,9x4.5,pi5,1.359,13.166,-2.021,-0.583,-0.832,0.027,1.016,3.53,-6.56,-132.09,0.4840,0.4839,0.4400,0.4454,8148,27.679,705.6,369.3,461.6,22.6,484.2,20.48,23.65,0.88353,16.805,12.02,24.68,14,2
122.012,hall_mission,9x4.5,pi5,1.336,13.131,-2.018,-0.569,-0.845,0.031,1.019,3.48,-6.66,-130.02,0.4585,0.4581,0.4685,0.4731,8166,27.764,707.8,370.3,462.9,22.6,485.5,20.53,23.65,0.88348,16.812,11.98,24.68,14,2
122.060,hall_mission,9x4.5,pi5,1.302,13.075,-2.015,-0.545,-0.866,0.034,1.024,3.27,-6.83,-126.94,0.4349,0.4362,0.4939,0.4970,8180,27.932,712.1,375.2,469.0,22.6,491.6,20.80,23.64,0.88344,16.819,11.83,24.68,14,2
122.112,hall_mission,9x4.5,pi5,1.281,13.039,-2.013,-0.531,-0.879,0.034,1.027,3.06,-6.93,-124.99,0.4141,0.4145,0.5162,0.5191,8187,28.136,717.3,382.4,478.0,22.6,500.6,21.19,23.63,0.88339,16.826,11.61,24.68,14,2
122.164,hall_mission,9x4.5,pi5,1.253,12.988,-2.010,-0.512,-0.897,0.031,1.033,2.69,-7.05,-122.29,0.3980,0.3985,0.5325,0.5346,8185,28.292,721.2,388.8,486.0,22.6,508.6,21.54,23.61,0.88334,16.833,11.42,24.68,14,2
122.212,hall_mission,9x4.5,pi5,1.234,12.951,-2.008,-0.499,-0.909,0.028,1.037,2.43,-7.11,-120.70,0.3967,0.4109,0.5335,0.5233,8189,28.258,720.4,387.0,483.8,22.6,506.4,21.44,23.62,0.88329,16.840,11.47,24.68,14,2
122.256,hall_mission,9x4.5,pi5,1.205,12.891,-2.005,-0.479,-0.926,0.023,1.043,2.24,-7.14,-118.66,0.4278,0.4309,0.5009,0.5035,8184,27.997,713.7,377.2,471.5,22.6,494.1,20.91,23.63,0.88325,16.846,11.76,24.67,14,2
122.304,hall_mission,9x4.5,pi5,1.187,12.852,-2.004,-0.466,-0.937,0.021,1.047,2.28,-7.13,-117.45,0.4507,0.4503,0.4788,0.4828,8182,27.890,711.0,373.2,466.4,22.6,489.0,20.69,23.64,0.88320,16.853,11.89,24.67,14,2
122.356,hall_mission,9x4.5,pi5,1.163,12.797,-2.002,-0.447,-0.951,0.021,1.051,2.36,-7.13,-115.77,0.4612,0.4611,0.4697,0.4727,8189,27.922,711.8,373.4,466.8,22.6,489.4,20.70,23.64,0.88315,16.860,11.88,24.67,14,2
122.404,hall_mission,9x4.5,pi5,1.147,12.758,-2.000,-0.433,-0.961,0.024,1.054,2.37,-7.13,-114.69,0.4624,0.4628,0.4695,0.4734,8202,28.008,714.0,375.2,469.0,22.6,491.6,20.80,23.63,0.88310,16.866,11.82,24.67,14,2
122.456,hall_mission,9x4.5,pi5,1.122,12.694,-1.997,-0.409,-0.977,0.027,1.059,2.29,-7.16,-113.11,0.4582,0.4600,0.4758,0.4786,8218,28.122,716.9,377.6,471.9,22.6,494.5,20.93,23.63,0.88305,16.873,11.75,24.67,14,2
122.504,hall_mission,9x4.5,pi5,1.107,12.653,-1.996,-0.394,-0.986,0.028,1.062,2.18,-7.17,-112.10,0.4529,0.4534,0.4830,0.4854,8226,28.189,718.6,379.2,474.0,22.6,496.6,21.02,23.63,0.88301,16.880,11.70,24.67,14,2
122.556,hall_mission,9x4.5,pi5,1.088,12.596,-1.994,-0.374,-0.998,0.027,1.066,1.97,-7.19,-110.67,0.4454,0.4466,0.4909,0.4927,8229,28.237,719.8,380.6,475.8,22.6,498.4,21.10,23.63,0.88296,16.887,11.65,24.67,14,2
122.604,hall_mission,9x4.5,pi5,1.075,12.555,-1.992,-0.361,-1.006,0.025,1.069,1.80,-7.20,-109.79,0.4390,0.4414,0.4968,0.4986,8230,28.268,720.6,381.8,477.3,22.6,499.9,21.16,23.62,0.88291,16.894,11.62,24.67,14,2
122.656,hall_mission,9x4.5,pi5,1.055,12.489,-1.990,-0.341,-1.017,0.022,1.073,1.54,-7.20,-108.62,0.4345,0.4368,0.5018,0.5027,8230,28.292,721.2,382.8,478.5,22.6,501.1,21.21,23.62,0.88286,16.901,11.59,24.67,14,2
122.704,hall_mission,9x4.5,pi5,1.043,12.447,-1.989,-0.330,-1.023,0.020,1.075,1.36,-7.20,-107.94,0.4323,0.4343,0.5042,0.5048,8229,28.305,721.6,383.3,479.2,22.6,501.8,21.24,23.62,0.88281,16.908,11.57,24.67,14,2
122.756,hall_mission,9x4.5,pi5,1.027,12.389,-1.987,-0.317,-1.031,0.018,1.078,1.11,-7.19,-107.11,0.4316,0.4341,0.5049,0.5050,8229,28.306,721.6,383.4,479.3,22.6,501.9,21.25,23.62,0.88276,16.915,11.57,24.67,14,2
122.804,hall_mission,9x4.5,pi5,1.016,12.348,-1.986,-0.308,-1.035,0.016,1.080,0.96,-7.18,-106.67,0.4330,0.4352,0.5025,0.5048,8229,28.295,721.3,383.0,478.8,22.6,501.4,21.23,23.62,0.88271,16.922,11.58,24.67,14,2
122.856,hall_mission,9x4.5,pi5,0.998,12.281,-1.985,-0.297,-1.041,0.014,1.082,0.75,-7.16,-106.18,0.4355,0.4385,0.4998,0.5014,8228,28.271,720.7,382.2,477.7,22.6,500.3,21.18,23.62,0.88266,16.929,11.60,24.67,14,2
122.904,hall_mission,9x4.5,pi5,0.988,12.240,-1.985,-0.291,-1.044,0.012,1.084,0.64,-7.15,-105.96,0.4394,0.4419,0.4964,0.4968,8226,28.235,719.8,381.1,476.3,22.6,498.9,21.12,23.62,0.88261,16.936,11.63,24.67,14,2
122.956,hall_mission,9x4.5,pi5,0.972,12.182,-1.985,-0.284,-1.048,0.011,1.086,0.49,-7.14,-105.77,0.4441,0.4466,0.4911,0.4925,8224,28.205,719.0,380.0,475.0,22.6,497.6,21.07,23.62,0.88256,16.943,11.66,24.67,14,2
123.004,hall_mission,9x4.5,pi5,0.961,12.140,-1.985,-0.281,-1.050,0.010,1.086,0.41,-7.13,-105.72,0.4486,0.4513,0.4865,0.4876,8223,28.181,718.4,379.2,474.0,22.6,496.6,21.02,23.62,0.88252,16.949,11.69,24.67,14,2
123.056,hall_mission,9x4.5,pi5,0.944,12.074,-1.985,-0.276,-1.052,0.009,1.088,0.32,-7.13,-105.73,0.4533,0.4566,0.4816,0.4824,8223,28.163,718.0,378.6,473.2,22.6,495.8,20.99,23.63,0.88247,16.957,11.71,24.67,14,2
123.104,hall_mission,9x4.5,pi5,0.933,12.032,-1.985,-0.274,-1.053,0.008,1.089,0.28,-7.12,-105.78,0.4581,0.4603,0.4772,0.4781,8222,28.151,717.7,378.2,472.7,22.6,495.3,20.96,23.63,0.88242,16.963,11.72,24.67,14,2
123.156,hall_mission,9x4.5,pi5,0.918,11.974,-1.985,-0.271,-1.055,0.008,1.089,0.23,-7.12,-105.91,0.4619,0.4649,0.4731,0.4737,8222,28.146,717.5,377.9,472.4,22.6,495.0,20.95,23.63,0.88237,16.970,11.72,24.67,14,2
123.204,hall_mission,9x4.5,pi5,0.907,11.932,-1.986,-0.270,-1.056,0.008,1.090,0.20,-7.12,-106.01,0.4654,0.4680,0.4695,0.4710,8223,28.149,717.6,378.0,472.5,22.6,495.1,20.95,23.63,0.88232,16.977,11.72,24.67,14,2
123.256,hall_mission,9x4.5,pi5,0.889,11.865,-1.986,-0.269,-1.057,0.008,1.091,0.18,-7.13,-106.18,0.4683,0.4709,0.4673,0.4680,8225,28.163,718.0,378.2,472.8,22.6,495.4,20.97,23.62,0.88227,16.984,11.71,24.67,14,2
123.304,hall_mission,9x4.5,pi5,0.878,11.824,-1.986,-0.268,-1.058,0.008,1.091,0.17,-7.13,-106.28,0.4704,0.4728,0.4654,0.4663,8226,28.174,718.2,378.5,473.1,22.6,495.7,20.98,23.62,0.88222,16.991,11.71,24.67,14,2
123.356,hall_mission,9x4.5,pi5,0.862,11.765,-1.986,-0.268,-1.059,0.008,1.092,0.15,-7.13,-106.43,0.4716,0.4745,0.4641,0.4652,8228,28.186,718.5,378.7,473.4,22.6,496.0,21.00,23.62,0.88217,16.998,11.70,24.67,14,2
123.404,hall_mission,9x4.5,pi5,0.850,11.723,-1.986,-0.268,-1.060,0.008,1.093,0.15,-7.13,-106.51,0.5033,0.4350,0.5000,0.4329,8213,28.180,718.4,380.6,475.8,22.6,498.4,21.10,23.62,0.88213,17.005,11.64,24.67,14,2
123.456,hall_mission,9x4.5,pi5,0.831,11.656,-1.986,-0.268,-1.059,0.002,1.092,0.12,-6.06,-106.62,0.4543,0.4581,0.4802,0.4772,8208,28.058,715.3,376.4,470.4,22.6,493.0,20.87,23.63,0.88208,17.012,11.77,24.67,14,2
123.504,hall_mission,9x4.5,pi5,0.819,11.614,-1.986,-0.265,-1.048,-0.001,1.081,0.07,-4.42,-106.72,0.4403,0.4465,0.4877,0.4936,8202,28.055,715.2,377.1,471.3,22.6,493.9,20.91,23.63,0.88203,17.018,11.74,24.67,14,2
123.556,hall_mission,9x4.5,pi5,0.803,11.556,-1.987,-0.257,-1.015,-0.004,1.047,0.00,-1.81,-106.96,0.4194,0.4358,0.5002,0.5104,8194,28.085,716.0,379.4,474.2,22.6,496.8,21.03,23.62,0.88198,17.025,11.67,24.67,14,2
123.604,hall_mission,9x4.5,pi5,0.791,11.516,-1.987,-0.248,-0.980,-0.006,1.010,-0.03,-0.27,-107.21,0.4598,0.4773,0.4592,0.4665,8183,27.880,710.7,372.6,465.8,22.6,488.4,20.67,23.63,0.88193,17.032,11.88,24.67,14,2
123.656,hall_mission,9x4.5,pi5,0.774,11.457,-1.988,-0.228,-0.906,-0.017,0.935,0.02,1.59,-107.62,0.5761,0.5866,0.3382,0.3522,8147,28.858,735.7,416.4,520.6,22.6,543.2,23.05,23.56,0.88188,17.040,10.65,24.67,14,2
123.704,hall_mission,9x4.5,pi5,0.764,11.423,-1.989,-0.212,-0.853,-0.040,0.880,0.11,2.53,-107.63,0.6397,0.6471,0.2631,0.2790,8060,30.080,766.8,475.7,594.7,22.6,617.3,26.31,23.46,0.88182,17.048,9.33,24.67,14,2
123.756,hall_mission,9x4.5,pi5,0.751,11.379,-1.993,-0.187,-0.772,-0.085,0.799,0.27,3.56,-106.87,0.6534,0.6600,0.2329,0.2484,7936,30.005,764.9,486.9,608.7,22.6,631.3,26.93,23.44,0.88176,17.057,9.11,24.67,14,2
123.804,hall_mission,9x4.5,pi5,0.743,11.351,-1.997,-0.168,-0.712,-0.111,0.740,0.40,4.02,-105.77,0.6327,0.6371,0.2415,0.2536,7828,28.793,734.0,451.9,564.9,22.6,587.5,25.00,23.50,0.88170,17.065,9.82,24.67,14,2
123.856,hall_mission,9x4.5,pi5,0.731,11.313,-2.006,-0.139,-0.616,-0.127,0.644,0.61,4.43,-103.27,0.5899,0.5943,0.2766,0.2856,7761,27.188,693.1,398.1,497.7,22.6,520.3,22.06,23.59,0.88165,17.072,11.13,24.67,14,2
123.904,hall_mission,9x4.5,pi5,0.725,11.293,-2.012,-0.121,-0.558,-0.118,0.583,0.76,4.55,-101.14,0.5452,0.5474,0.3241,0.3300,7762,26.133,666.2,357.9,447.3,22.6,469.9,19.87,23.65,0.88160,17.079,12.35,24.67,14,2
123.956,hall_mission,9x4.5,pi5,0.717,11.268,-2.019,-0.098,-0.481,-0.088,0.499,1.00,4.55,-97.48,0.4958,0.4979,0.3811,0.3850,7810,25.674,654.5,334.6,418.3,22.6,440.9,18.61,23.69,0.88156,17.085,13.18,24.67,14,2
124.004,hall_mission,9x4.5,pi5,0.713,11.254,-2.023,-0.083,-0.429,-0.062,0.441,1.15,4.43,-94.86,0.3826,0.4664,0.4398,0.5376,8051,27.257,694.8,365.5,456.9,22.6,479.5,20.28,23.64,0.88151,17.091,12.10,24.67,14,2
124.056,hall_mission,9x4.5,pi5,0.707,11.235,-2.027,-0.062,-0.353,-0.060,0.363,0.96,2.40,-91.10,0.2899,0.2679,0.6215,0.6466,8049,29.742,758.2,463.7,579.7,22.6,602.3,25.65,23.48,0.88145,17.100,9.56,24.67,14,2
124.104,hall_mission,9x4.5,pi5,0.704,11.226,-2.030,-0.052,-0.323,-0.092,0.340,0.49,0.04,-89.05,0.1952,0.1716,0.7174,0.7043,7913,32.160,819.8,572.9,716.1,22.6,738.7,31.71,23.30,0.88138,17.110,7.74,24.67,14,2
124.156,hall_mission,9x4.5,pi5,0.700,11.213,-2.037,-0.047,-0.314,-0.172,0.361,-0.51,-3.43,-87.06,0.1522,0.1140,0.7407,0.7160,7676,32.297,823.3,599.4,749.2,22.6,771.8,33.19,23.25,0.88130,17.121,7.39,24.67,14,2
124.204,hall_mission,9x4.5,pi5,0.697,11.204,-2.045,-0.048,-0.329,-0.226,0.402,-1.13,-5.38,-86.56,0.1447,0.1058,0.7090,0.6979,7438,30.362,774.0,546.5,683.1,22.6,705.7,30.23,23.34,0.88123,17.131,8.11,24.67,14,2
124.256,hall_mission,9x4.5,pi5,0.692,11.187,-2.062,-0.057,-0.375,-0.268,0.465,-1.88,-7.63,-87.04,0.1650,0.1339,0.6595,0.6499,7261,27.542,702.1,459.0,573.8,22.6,596.4,25.39,23.49,0.88117,17.139,9.66,24.66,14,2
124.304,hall_mission,9x4.5,pi5,0.688,11.174,-2.073,-0.065,-0.411,-0.259,0.490,-2.19,-8.67,-88.09,0.2038,0.1857,0.6121,0.5972,7226,25.419,648.0,386.8,483.4,22.6,506.0,21.44,23.60,0.88112,17.146,11.44,24.66,14,2
124.356,hall_mission,9x4.5,pi5,0.683,11.152,-2.087,-0.080,-0.463,-0.207,0.513,-2.43,-9.70,-90.55,0.2608,0.2540,0.5544,0.5480,7293,24.029,612.6,331.1,413.9,22.6,436.5,18.42,23.69,0.88108,17.152,13.31,24.66,14,2
124.404,hall_mission,9x4.5,pi5,0.678,11.133,-2.095,-0.092,-0.499,-0.151,0.530,-2.43,-10.11,-92.63,0.3214,0.3200,0.5093,0.5036,7427,23.720,604.7,306.0,382.5,22.6,405.1,17.07,23.73,0.88104,17.158,14.37,24.66,14,2
124.456,hall_mission,9x4.5,pi5,0.670,11.099,-2.102,-0.113,-0.556,-0.055,0.570,-2.23,-10.46,-96.16,0.3886,0.3888,0.4666,0.4627,7617,24.279,619.0,305.1,381.4,22.6,404.0,17.02,23.74,0.88100,17.164,14.40,24.66,14,2
124.504,hall_mission,9x4.5,pi5,0.664,11.075,-2.103,-0.128,-0.591,-0.002,0.605,-1.98,-10.58,-98.64,0.4434,0.4442,0.4327,0.4289,7771,25.146,641.1,319.2,399.0,22.6,421.6,17.78,23.71,0.88096,17.169,13.79,24.66,14,2
124.556,hall_mission,9x4.5,pi5,0.654,11.038,-2.100,-0.151,-0.641,0.056,0.661,-1.52,-10.60,-102.32,0.4917,0.4925,0.4006,0.3992,7897,26.146,666.5,341.9,427.4,22.6,450.0,19.01,23.68,0.88092,17.176,12.90,24.66,14,2
124.604,hall_mission,9x4.5,pi5,0.646,11.009,-2.097,-0.168,-0.676,0.083,0.702,-1.19,-10.53,-104.64,0.5250,0.5266,0.3792,0.3778,7987,27.028,689.0,364.8,456.1,22.6,478.7,20.25,23.64,0.88087,17.182,12.10,24.66,14,2
124.656,hall_mission,9x4.5,pi5,0.632,10.960,-2.088,-0.195,-0.732,0.106,0.765,-0.71,-10.33,-107.75,0.5503,0.5501,0.3635,0.3625,8051,27.748,707.4,384.9,481.1,22.6,503.7,21.34,23.61,0.88082,17.189,11.49,24.66,14,2
124.704,hall_mission,9x4.5,pi5,0.622,10.927,-2.082,-0.212,-0.765,0.111,0.801,-0.42,-10.13,-109.53,0.5616,0.5623,0.3554,0.3549,8079,28.110,716.6,395.5,494.4,22.6,517.0,21.92,23.59,0.88077,17.196,11.18,24.66,14,2
124.756,hall_mission,9x4.5,pi5,0.608,10.878,-2.074,-0.234,-0.807,0.112,0.848,-0.07,-9.79,-111.69,0.5646,0.5664,0.3529,0.3549,8096,28.264,720.5,399.5,499.4,22.6,522.0,22.14,23.58,0.88072,17.204,11.07,24.66,14,2
124.804,hall_mission,9x4.5,pi5,0.596,10.842,-2.068,-0.249,-0.835,0.110,0.878,0.11,-9.53,-112.78,0.5612,0.5633,0.3580,0.3595,8107,28.269,720.7,398.2,497.8,22.6,520.4,22.07,23.58,0.88067,17.211,11.10,24.66,14,2
124.856,hall_mission,9x4.5,pi5,0.577,10.782,-2.060,-0.269,-0.873,0.106,0.920,0.30,-9.15,-113.93,0.5525,0.5544,0.3684,0.3697,8118,28.179,718.4,393.2,491.6,22.6,514.2,21.80,23.59,0.88062,17.218,11.24,24.66,14,2
124.904,hall_mission,9x4.5,pi5,0.564,10.743,-2.055,-0.281,-0.894,0.103,0.943,0.37,-8.90,-114.40,0.5406,0.5432,0.3804,0.3831,8126,28.052,715.1,387.1,483.9,22.6,506.5,21.46,23.60,0.88057,17.225,11.42,24.66,14,2
124.948,hall_mission,9x4.5,pi5,0.551,10.704,-2.050,-0.291,-0.912,0.101,0.963,0.41,-8.66,-114.65,0.5280,0.5313,0.3941,0.3960,8135,27.944,712.4,381.7,477.1,22.6,499.7,21.17,23.61,0.88053,17.231,11.57,24.66,14,2
125.000,hall_mission,9x4.5,pi5,0.532,10.647,-2.044,-0.303,-0.934,0.100,0.987,0.42,-8.34,-114.69,0.5135,0.5162,0.4112,0.4126,8149,27.879,710.7,377.1,471.4,22.6,494.0,20.92,23.62,0.88047,17.238,11.71,24.66,14,2
125.048,hall_mission,9x4.5,pi5,0.517,10.607,-2.040,-0.311,-0.948,0.099,1.002,0.41,-8.15,-114.55,0.4997,0.5033,0.4265,0.4283,8165,27.872,710.5,374.8,468.5,22.6,491.1,20.79,23.62,0.88043,17.245,11.78,24.66,14,2
125.100,hall_mission,9x4.5,pi5,0.494,10.541,-2.033,-0.322,-0.965,0.098,1.022,0.35,-7.90,-114.15,0.4784,0.4659,0.4523,0.4659,8182,27.877,710.7,372.6,465.8,22.6,488.4,20.68,23.62,0.88038,17.252,11.85,24.66,14,2
125.149,hall_mission,9x4.5,pi5,0.479,10.500,-2.029,-0.328,-0.974,0.095,1.032,0.15,-7.77,-113.82,0.4225,0.4282,0.5046,0.5088,8187,28.051,715.1,378.9,473.6,22.6,496.2,21.02,23.61,0.88033,17.258,11.65,24.66,14,2
125.201,hall_mission,9x4.5,pi5,0.458,10.442,-2.024,-0.339,-0.984,0.086,1.044,-0.40,-7.55,-113.46,0.3880,0.3947,0.5401,0.5382,8177,28.310,721.7,390.7,488.4,22.6,511.0,21.66,23.59,0.88028,17.266,11.31,24.66,14,2
125.221,hall_mission,9x4.5,pi5,0.449,10.417,-2.022,-0.345,-0.987,0.081,1.048,-0.58,-7.48,-113.42,0.3814,0.3874,0.5448,0.5463,8172,28.371,723.3,393.7,492.2,22.6,514.8,21.82,23.59,0.88026,17.269,11.22,24.66,14,2
125.253,hall_mission,9x4.5,pi5,0.442,10.400,-2.020,-0.349,-0.989,0.077,1.051,-0.75,-7.41,-113.42,0.3757,0.3826,0.5502,0.5490,8164,28.379,723.5,395.2,494.1,22.6,516.7,21.91,23.58,0.88023,17.273,11.18,24.66,14,2
125.305,hall_mission,9x4.5,pi5,0.417,10.334,-2.016,-0.367,-0.992,0.067,1.059,-1.12,-7.23,-113.73,0.4183,0.3475,0.5872,0.5006,8149,28.349,722.7,396.1,495.1,22.6,517.7,21.95,23.58,0.88017,17.281,11.15,24.66,14,2
125.353,hall_mission,9x4.5,pi5,0.400,10.293,-2.013,-0.379,-0.991,0.058,1.063,-1.13,-6.58,-114.20,0.3983,0.3939,0.5280,0.5317,8143,27.996,713.7,382.7,478.3,22.6,500.9,21.22,23.60,0.88013,17.287,11.54,24.66,14,2
125.405,hall_mission,9x4.5,pi5,0.375,10.236,-2.010,-0.388,-0.977,0.051,1.053,-0.86,-4.10,-115.25,0.4128,0.4185,0.5048,0.5153,8142,27.791,708.5,374.7,468.3,22.6,490.9,20.79,23.62,0.88008,17.294,11.78,24.66,14,2
125.453,hall_mission,9x4.5,pi5,0.358,10.197,-2.008,-0.387,-0.955,0.049,1.031,-0.68,-2.27,-116.10,0.3938,0.4765,0.4439,0.5381,8144,27.854,710.1,376.8,471.0,22.6,493.6,20.91,23.61,0.88003,17.301,11.71,24.66,14,2
125.505,hall_mission,9x4.5,pi5,0.330,10.137,-2.006,-0.375,-0.901,0.042,0.977,-0.59,-1.04,-117.50,0.4432,0.4674,0.4681,0.4755,8152,27.676,705.5,368.7,460.9,22.6,483.5,20.46,23.63,0.87998,17.308,11.96,24.66,14,2
125.553,hall_mission,9x4.5,pi5,0.312,10.102,-2.004,-0.367,-0.867,0.041,0.943,-0.65,-1.57,-118.46,0.4695,0.4749,0.4566,0.4567,8164,27.756,707.6,370.2,462.7,22.6,485.3,20.54,23.62,0.87994,17.314,11.91,24.66,14,2
125.605,hall_mission,9x4.5,pi5,0.289,10.055,-2.002,-0.362,-0.829,0.041,0.906,-0.66,-3.02,-119.86,0.4866,0.4874,0.4467,0.4400,8175,27.864,710.3,373.1,466.3,22.6,488.9,20.70,23.62,0.87989,17.322,11.82,24.66,14,2
125.653,hall_mission,9x4.5,pi5,0.273,10.024,-2.000,-0.363,-0.810,0.041,0.888,-0.60,-4.02,-120.74,0.4890,0.4746,0.4479,0.4510,8182,27.893,711.1,373.3,466.6,22.6,489.2,20.71,23.62,0.87984,17.328,11.82,24.66,14,2
125.705,hall_mission,9x4.5,pi5,0.247,9.975,-1.997,-0.370,-0.791,0.040,0.874,-0.63,-5.29,-121.96,0.4545,0.4509,0.4803,0.4779,8186,27.911,711.5,373.5,466.9,22.6,489.5,20.72,23.62,0.87979,17.335,11.81,24.66,14,2
125.753,hall_mission,9x4.5,pi5,0.230,9.945,-1.996,-0.378,-0.785,0.038,0.872,-0.78,-5.95,-122.76,0.4364,0.4363,0.4988,0.4917,8185,27.963,712.9,375.8,469.7,22.6,492.3,20.85,23.61,0.87974,17.342,11.74,24.66,14,2
125.805,hall_mission,9x4.5,pi5,0.207,9.904,-1.994,-0.395,-0.781,0.037,0.876,-0.97,-6.69,-124.05,0.4338,0.4333,0.5009,0.4960,8187,27.997,713.7,376.7,470.9,22.6,493.5,20.90,23.61,0.87969,17.349,11.71,24.66,14,2
125.853,hall_mission,9x4.5,pi5,0.189,9.874,-1.992,-0.410,-0.780,0.038,0.882,-1.03,-7.05,-125.00,0.4402,0.4410,0.4942,0.4909,8195,28.020,714.3,376.5,470.7,22.6,493.3,20.89,23.61,0.87965,17.355,11.71,24.66,14,2
125.905,hall_mission,9x4.5,pi5,0.160,9.826,-1.990,-0.437,-0.780,0.039,0.895,-1.01,-7.44,-126.53,0.4534,0.4537,0.4822,0.4794,8204,28.036,714.7,376.0,470.0,22.6,492.6,20.86,23.61,0.87960,17.363,11.73,24.66,14,2
125.953,hall_mission,9x4.5,pi5,0.140,9.796,-1.988,-0.454,-0.782,0.039,0.905,-0.93,-7.61,-127.60,0.4661,0.4681,0.4694,0.4665,8209,28.054,715.2,376.0,470.0,22.6,492.6,20.86,23.61,0.87955,17.369,11.72,24.66,14,2
126.005,hall_mission,9x4.5,pi5,0.108,9.747,-1.985,-0.483,-0.786,0.038,0.923,-0.74,-7.76,-129.21,0.4806,0.4818,0.4546,0.4540,8213,28.094,716.2,377.2,471.5,22.6,494.1,20.93,23.61,0.87950,17.376,11.69,24.66,14,2
126.053,hall_mission,9x4.5,pi5,0.090,9.722,-1.984,-0.496,-0.788,0.037,0.932,-0.59,-7.81,-130.24,0.4913,0.4934,0.4438,0.4433,8215,28.150,717.6,379.0,473.8,22.6,496.4,21.03,23.61,0.87945,17.383,11.63,24.66,14,2
126.105,hall_mission,9x4.5,pi5,0.055,9.672,-1.982,-0.523,-0.793,0.035,0.951,-0.34,-7.82,-131.67,0.5006,0.5025,0.4343,0.4350,8218,28.211,719.2,381.2,476.5,22.6,499.1,21.14,23.60,0.87940,17.390,11.57,24.66,14,2
126.153,hall_mission,9x4.5,pi5,0.032,9.640,-1.980,-0.538,-0.797,0.033,0.962,-0.18,-7.79,-132.52,0.5038,0.4992,0.4315,0.4380,8218,28.215,719.3,381.3,476.6,22.6,499.2,21.15,23.60,0.87936,17.397,11.56,24.66,14,2
126.205,hall_mission,9x4.5,pi5,-0.001,9.595,-1.978,-0.558,-0.802,0.031,0.977,-0.03,-7.72,-133.61,0.4882,0.4896,0.4465,0.4488,8220,28.167,718.1,379.1,473.8,22.6,496.4,21.03,23.61,0.87930,17.404,11.63,24.66,14,2
126.253,hall_mission,9x4.5,pi5,-0.025,9.563,-1.977,-0.571,-0.805,0.030,0.987,-0.03,-7.64,-134.25,0.5049,0.4422,0.4943,0.4276,8205,28.124,717.0,379.3,474.2,22.6,496.8,21.05,23.60,0.87926,17.411,11.62,24.65,14,2
126.305,hall_mission,9x4.5,pi5,-0.065,9.510,-1.975,-0.589,-0.806,0.024,0.999,0.01,-6.46,-135.13,0.4540,0.4593,0.4819,0.4740,8206,28.043,714.9,376.0,470.1,22.6,492.7,20.87,23.61,0.87921,17.418,11.72,24.65,14,2
126.353,hall_mission,9x4.5,pi5,-0.090,9.478,-1.975,-0.592,-0.799,0.020,0.995,0.04,-4.76,-135.72,0.4453,0.4535,0.4795,0.4907,8205,28.057,715.2,376.7,470.9,22.6,493.5,20.90,23.61,0.87916,17.424,11.70,24.65,14,2
126.405,hall_mission,9x4.5,pi5,-0.125,9.433,-1.974,-0.582,-0.775,0.017,0.970,0.10,-2.06,-136.65,0.4358,0.4490,0.4858,0.4975,8202,28.063,715.4,377.4,471.7,22.6,494.3,20.94,23.61,0.87911,17.431,11.68,24.65,14,2
126.453,hall_mission,9x4.5,pi5,-0.150,9.402,-1.973,-0.565,-0.750,0.015,0.939,0.12,-0.47,-137.33,0.4237,0.4373,0.4965,0.5093,8197,28.093,716.2,379.2,474.0,22.6,496.6,21.04,23.60,0.87906,17.438,11.62,24.65,14,2
126.505,hall_mission,9x4.5,pi5,-0.187,9.356,-1.973,-0.524,-0.696,0.011,0.872,0.08,1.46,-138.47,0.4126,0.4249,0.5081,0.5182,8186,28.097,716.3,380.9,476.1,22.6,498.7,21.13,23.60,0.87901,17.445,11.57,24.65,14,2
126.553,hall_mission,9x4.5,pi5,-0.208,9.329,-1.972,-0.492,-0.658,0.009,0.822,0.02,2.43,-139.35,0.4097,0.4199,0.5114,0.5208,8179,28.076,715.7,381.0,476.3,22.6,498.9,21.14,23.60,0.87897,17.452,11.56,24.65,14,2
126.605,hall_mission,9x4.5,pi5,-0.235,9.295,-1.972,-0.443,-0.600,0.008,0.745,-0.10,3.50,-140.89,0.4084,0.4169,0.5147,0.5209,8175,28.068,715.5,381.2,476.5,22.6,499.1,21.15,23.60,0.87892,17.459,11.56,24.65,14,2
126.653,hall_mission,9x4.5,pi5,-0.252,9.273,-1.972,-0.405,-0.557,0.008,0.689,-0.20,3.98,-142.06,0.4107,0.4188,0.5133,0.5177,8175,28.043,714.9,380.3,475.3,22.6,497.9,21.10,23.60,0.87887,17.466,11.58,24.65,14,2
126.705,hall_mission,9x4.5,pi5,-0.276,9.241,-1.972,-0.343,-0.487,0.009,0.596,-0.38,4.44,-144.04,0.4144,0.4225,0.5103,0.5139,8177,28.027,714.5,379.4,474.2,22.6,496.8,21.05,23.60,0.87882,17.473,11.61,24.65,14,2
126.753,hall_mission,9x4.5,pi5,-0.288,9.225,-1.972,-0.304,-0.445,0.010,0.539,-0.51,4.59,-145.49,0.4227,0.4287,0.5042,0.5061,8179,27.988,713.5,377.5,471.9,22.6,494.5,20.95,23.60,0.87877,17.479,11.67,24.65,14,2
126.805,hall_mission,9x4.5,pi5,-0.302,9.204,-1.971,-0.251,-0.387,0.011,0.461,-0.70,4.66,-147.84,0.4298,0.4347,0.4983,0.5000,8183,27.973,713.1,376.4,470.5,22.6,493.1,20.89,23.61,0.87872,17.487,11.70,24.65,14,2
126.853,hall_mission,9x4.5,pi5,-0.309,9.192,-1.970,-0.214,-0.347,0.012,0.408,-0.83,4.62,-149.49,0.4387,0.4404,0.4923,0.4931,8189,27.976,713.2,375.7,469.6,22.6,492.2,20.85,23.61,0.87867,17.493,11.72,24.65,14,2
126.905,hall_mission,9x4.5,pi5,-0.318,9.176,-1.969,-0.158,-0.287,0.014,0.328,-1.00,4.45,-152.08,0.4444,0.4474,0.4863,0.4882,8195,27.999,713.8,375.7,469.6,22.6,492.2,20.85,23.61,0.87862,17.500,11.72,24.65,14,2
126.953,hall_mission,9x4.5,pi5,-0.321,9.168,-1.969,-0.125,-0.252,0.015,0.282,-1.10,4.29,-153.85,0.4522,0.4549,0.4799,0.4809,8201,28.015,714.2,375.6,469.5,22.6,492.1,20.84,23.61,0.87858,17.507,11.72,24.65,14,2
127.005,hall_mission,9x4.5,pi5,-0.323,9.159,-1.968,-0.083,-0.206,0.015,0.223,-1.23,3.99,-156.54,0.4574,0.4596,0.4763,0.4759,8206,28.040,714.8,375.9,469.9,22.6,492.5,20.86,23.61,0.87853,17.514,11.71,24.65,14,2
127.053,hall_mission,9x4.5,pi5,-0.323,9.155,-1.967,-0.054,-0.176,0.015,0.185,-1.29,3.77,-158.34,0.4625,0.4636,0.4728,0.4714,8210,28.063,715.4,376.3,470.3,22.6,492.9,20.88,23.60,0.87848,17.520,11.70,24.65,14,2
127.105,hall_mission,9x4.5,pi5,-0.321,9.150,-1.966,-0.013,-0.132,0.015,0.133,-1.36,3.40,-161.03,0.4654,0.4656,0.4704,0.4702,8215,28.093,716.2,376.8,471.0,22.6,493.6,20.91,23.60,0.87843,17.528,11.68,24.65,14,2
127.153,hall_mission,9x4.5,pi5,-0.318,9.149,-1.965,0.010,-0.106,0.015,0.108,-1.38,3.15,-162.81,0.4689,0.4695,0.4672,0.4669,8218,28.113,716.7,377.2,471.6,22.6,494.2,20.94,23.60,0.87838,17.534,11.66,24.65,14,2
127.205,hall_mission,9x4.5,pi5,-0.313,9.148,-1.964,0.038,-0.075,0.014,0.085,-1.39,2.77,-165.44,0.4705,0.4692,0.4676,0.4660,8221,28.133,717.2,377.6,472.0,22.6,494.6,20.96,23.60,0.87833,17.541,11.65,24.65,14,2
127.253,hall_mission,9x4.5,pi5,-0.308,9.149,-1.963,0.056,-0.054,0.013,0.079,-1.38,2.53,-167.17,0.4710,0.4702,0.4667,0.4660,8223,28.148,717.6,378.0,472.4,22.6,495.0,20.98,23.60,0.87829,17.548,11.64,24.65,14,2
127.305,hall_mission,9x4.5,pi5,-0.300,9.151,-1.961,0.080,-0.026,0.011,0.085,-1.33,2.17,-169.70,0.4687,0.4698,0.4685,0.4674,8225,28.163,717.9,378.2,472.8,22.6,495.4,20.99,23.60,0.87824,17.555,11.63,24.65,14,2
127.353,hall_mission,9x4.5,pi5,-0.295,9.153,-1.961,0.093,-0.011,0.010,0.094,-1.29,1.94,-171.37,0.4703,0.4698,0.4680,0.4667,8226,28.171,718.2,378.4,473.0,22.6,495.6,21.00,23.60,0.87819,17.562,11.63,24.65,14,2
127.405,hall_mission,9x4.5,pi5,-0.287,9.156,-1.959,0.108,0.008,0.008,0.109,-1.22,1.63,-173.82,0.4685,0.4678,0.4699,0.4688,8227,28.177,718.3,378.5,473.1,22.6,495.7,21.01,23.60,0.87814,17.569,11.62,24.65,14,2
127.453,hall_mission,9x4.5,pi5,-0.281,9.158,-1.959,0.117,0.020,0.006,0.119,-1.16,1.43,-175.44,0.4734,0.4718,0.4651,0.4649,8228,28.182,718.4,378.6,473.3,22.6,495.9,21.01,23.60,0.87809,17.575,11.62,24.65,14,2
127.505,hall_mission,9x4.5,pi5,-0.272,9.163,-1.958,0.128,0.036,0.003,0.133,-1.07,1.17,-177.81,0.4768,0.4759,0.4612,0.4608,8226,28.174,718.2,378.6,473.2,22.6,495.8,21.01,23.60,0.87804,17.583,11.62,24.65,14,2
127.553,hall_mission,9x4.5,pi5,-0.266,9.165,-1.957,0.133,0.044,0.002,0.140,-1.01,1.01,-179.35,0.4719,0.4712,0.4662,0.4655,8226,28.170,718.1,378.4,473.0,22.6,495.6,21.00,23.60,0.87800,17.589,11.62,24.65,14,2
127.601,hall_mission,9x4.5,pi5,-0.258,9.170,-1.956,0.138,0.053,-0.001,0.148,-0.92,0.80,178.39,0.4640,0.4635,0.4736,0.4734,8225,28.166,718.0,378.3,472.9,22.6,495.5,21.00,23.60,0.87795,17.596,11.62,24.65,14,2
127.653,hall_mission,9x4.5,pi5,-0.252,9.173,-1.955,0.140,0.059,-0.003,0.152,-0.86,0.68,176.91,0.4588,0.4584,0.4789,0.4777,8223,28.156,717.8,378.3,472.8,22.6,495.4,21.00,23.60,0.87790,17.603,11.62,24.65,14,2
127.705,hall_mission,9x4.5,pi5,-0.244,9.178,-1.955,0.142,0.067,-0.005,0.157,-0.77,0.52,174.67,0.4546,0.4541,0.4827,0.4821,8221,28.156,717.8,378.4,473.0,22.6,495.6,21.00,23.60,0.87785,17.610,11.62,24.65,14,2
127.753,hall_mission,9x4.5,pi5,-0.239,9.181,-1.954,0.143,0.070,-0.007,0.159,-0.72,0.43,173.17,0.4548,0.4535,0.4825,0.4826,8221,28.156,717.8,378.5,473.1,22.6,495.7,21.01,23.60,0.87780,17.617,11.62,24.65,14,2
127.805,hall_mission,9x4.5,pi5,-0.232,9.185,-1.954,0.142,0.075,-0.008,0.160,-0.64,0.31,170.88,0.4531,0.4526,0.4844,0.4834,8221,28.160,717.9,378.6,473.2,22.6,495.8,21.01,23.60,0.87775,17.624,11.61,24.65,14,2
127.849,hall_mission,9x4.5,pi5,-0.227,9.188,-1.954,0.141,0.077,-0.009,0.161,-0.60,0.25,169.34,0.4538,0.4534,0.4833,0.4831,8222,28.159,717.8,378.5,473.2,22.6,495.8,21.01,23.60,0.87771,17.630,11.61,24.65,14,2
127.897,hall_mission,9x4.5,pi5,-0.220,9.193,-1.953,0.138,0.079,-0.010,0.159,-0.54,0.17,166.98,0.4529,0.4529,0.4841,0.4838,8222,28.165,718.0,378.7,473.4,22.6,496.0,21.02,23.60,0.87766,17.637,11.61,24.65,14,2
127.949,hall_mission,9x4.5,pi5,-0.217,9.196,-1.953,0.136,0.081,-0.011,0.158,-0.51,0.12,165.39,0.5240,0.5236,0.4124,0.4132,8221,28.403,724.1,388.5,485.6,22.6,508.2,21.55,23.58,0.87761,17.644,11.32,24.65,14,2
127.997,hall_mission,9x4.5,pi5,-0.211,9.200,-1.953,0.132,0.081,-0.033,0.159,-0.47,0.07,163.19,0.6759,0.6753,0.2539,0.2531,8166,31.657,807.0,526.0,657.5,22.6,680.1,29.12,23.35,0.87754,17.653,8.37,24.65,14,2
128.049,hall_mission,9x4.5,pi5,-0.208,9.203,-1.955,0.130,0.082,-0.088,0.177,-0.45,0.04,162.23,0.7663,0.7654,0.1287,0.1288,7916,34.965,891.4,681.4,851.8,22.6,874.4,37.87,23.09,0.87745,17.666,6.44,24.65,14,2
128.097,hall_mission,9x4.5,pi5,-0.202,9.207,-1.965,0.126,0.083,-0.235,0.280,-0.42,0.02,162.14,0.7713,0.7700,0.0769,0.0774,7577,34.415,877.3,686.0,857.5,22.6,880.1,38.13,23.08,0.87737,17.677,6.40,24.65,14,2
128.149,hall_mission,9x4.5,pi5,-0.199,9.210,-1.976,0.124,0.084,-0.318,0.352,-0.40,0.01,163.05,0.7249,0.7257,0.0786,0.0791,7260,31.082,792.4,585.1,731.4,22.6,754.0,32.43,23.25,0.87729,17.688,7.52,24.65,14,2
128.197,hall_mission,9x4.5,pi5,-0.194,9.213,-1.997,0.120,0.084,-0.380,0.408,-0.38,0.02,165.78,0.6594,0.6598,0.1164,0.1167,7058,27.186,693.0,461.9,577.4,22.6,600.0,25.58,23.46,0.87723,17.696,9.53,24.65,14,2
128.249,hall_mission,9x4.5,pi5,-0.191,9.216,-2.013,0.118,0.084,-0.375,0.402,-0.37,0.03,168.35,0.5847,0.5849,0.1852,0.1857,7015,23.973,611.1,354.5,443.1,22.6,465.7,19.71,23.63,0.87719,17.703,12.37,24.65,14,2
128.297,hall_mission,9x4.5,pi5,-0.186,9.220,-2.037,0.114,0.083,-0.297,0.328,-0.36,0.06,173.02,0.5213,0.5213,0.2637,0.2637,7122,22.566,575.3,296.2,370.2,22.6,392.8,16.56,23.73,0.87715,17.708,14.72,24.65,14,2
128.349,hall_mission,9x4.5,pi5,-0.183,9.222,-2.048,0.111,0.082,-0.226,0.265,-0.34,0.07,176.49,0.4181,0.5303,0.3457,0.3822,7507,23.881,608.8,303.5,379.3,22.6,401.9,16.95,23.71,0.87711,17.714,14.38,24.65,14,2
128.397,hall_mission,9x4.5,pi5,-0.180,9.226,-2.059,0.105,0.080,-0.145,0.197,0.37,-1.15,-178.08,0.4360,0.4114,0.4280,0.4425,7657,24.420,622.5,305.6,382.0,22.6,404.6,17.07,23.71,0.87707,17.719,14.28,24.65,14,2
128.449,hall_mission,9x4.5,pi5,-0.178,9.229,-2.064,0.092,0.073,-0.097,0.152,1.18,-2.94,-174.50,0.3878,0.3677,0.4983,0.5024,7796,25.636,653.5,334.8,418.5,22.6,441.1,18.64,23.66,0.87703,17.726,13.07,24.65,14,2
128.497,hall_mission,9x4.5,pi5,-0.177,9.232,-2.067,0.049,0.050,-0.042,0.082,2.01,-5.75,-169.44,0.3585,0.3277,0.5460,0.5443,7870,26.689,680.4,366.1,457.6,22.6,480.2,20.34,23.61,0.87698,17.732,11.98,24.65,14,2
128.549,hall_mission,9x4.5,pi5,-0.178,9.233,-2.067,0.009,0.027,-0.023,0.036,2.25,-7.38,-166.36,0.3291,0.3017,0.5795,0.5760,7906,27.532,701.9,394.4,493.0,22.6,515.6,21.88,23.57,0.87693,17.740,11.14,24.65,14,2
128.597,hall_mission,9x4.5,pi5,-0.183,9.233,-2.065,-0.058,-0.013,-0.007,0.060,2.21,-9.25,-162.33,0.3147,0.2927,0.5938,0.5885,7918,27.912,711.6,407.7,509.6,22.6,532.2,22.60,23.54,0.87688,17.747,10.78,24.65,14,2
128.649,hall_mission,9x4.5,pi5,-0.189,9.231,-2.064,-0.111,-0.046,0.001,0.120,2.05,-10.09,-160.06,0.3133,0.2950,0.5951,0.5882,7925,27.958,712.7,408.7,510.8,22.6,533.4,22.66,23.54,0.87682,17.754,10.75,24.65,14,2
128.697,hall_mission,9x4.5,pi5,-0.205,9.224,-2.061,-0.200,-0.101,0.014,0.224,1.73,-10.84,-157.31,0.3178,0.3040,0.5884,0.5849,7937,27.891,711.0,404.6,505.8,22.6,528.4,22.44,23.55,0.87677,17.762,10.86,24.65,14,2
128.749,hall_mission,9x4.5,pi5,-0.218,9.218,-2.059,-0.254,-0.135,0.022,0.289,1.50,-11.06,-155.91,0.3269,0.3194,0.5781,0.5754,7954,27.748,707.4,397.0,496.2,22.6,518.8,22.02,23.56,0.87672,17.769,11.06,24.65,14,2
128.797,hall_mission,9x4.5,pi5,-0.240,9.206,-2.056,-0.329,-0.182,0.035,0.377,1.20,-11.07,-154.39,0.3400,0.3365,0.5659,0.5639,7978,27.622,704.2,389.1,486.4,22.6,509.0,21.59,23.57,0.87667,17.776,11.28,24.65,14,2
128.849,hall_mission,9x4.5,pi5,-0.259,9.195,-2.053,-0.379,-0.213,0.044,0.437,1.03,-10.93,-153.73,0.3590,0.3563,0.5509,0.5496,8012,27.537,702.0,381.5,476.9,22.6,499.5,21.18,23.58,0.87662,17.783,11.50,24.65,14,2
128.897,hall_mission,9x4.5,pi5,-0.293,9.175,-2.048,-0.453,-0.260,0.060,0.526,0.85,-10.57,-153.21,0.3773,0.3765,0.5357,0.5357,8047,27.506,701.2,375.9,469.9,22.6,492.5,20.87,23.59,0.87658,17.790,11.67,24.65,14,2
128.949,hall_mission,9x4.5,pi5,-0.317,9.161,-2.045,-0.495,-0.286,0.069,0.576,0.77,-10.27,-153.12,0.3978,0.3982,0.5193,0.5198,8082,27.516,701.5,371.7,464.6,22.6,487.2,20.64,23.60,0.87653,17.797,11.80,24.65,14,2
128.997,hall_mission,9x4.5,pi5,-0.354,9.140,-2.039,-0.549,-0.319,0.081,0.640,0.71,-9.78,-153.27,0.4159,0.4178,0.5047,0.5063,8117,27.601,703.6,370.4,463.0,22.6,485.6,20.57,23.60,0.87648,17.803,11.84,24.65,14,2
129.049,hall_mission,9x4.5,pi5,-0.381,9.124,-2.035,-0.583,-0.340,0.087,0.681,0.70,-9.44,-153.52,0.4348,0.4367,0.4911,0.4922,8154,27.748,707.4,371.3,464.1,22.6,486.7,20.62,23.60,0.87643,17.810,11.81,24.65,14,2
129.097,hall_mission,9x4.5,pi5,-0.428,9.096,-2.028,-0.632,-0.370,0.093,0.738,0.70,-8.95,-154.04,0.4502,0.4514,0.4792,0.4815,8181,27.880,710.7,372.9,466.2,22.6,488.8,20.71,23.60,0.87638,17.817,11.76,24.65,14,2
129.149,hall_mission,9x4.5,pi5,-0.459,9.078,-2.024,-0.659,-0.386,0.095,0.770,0.72,-8.63,-154.43,0.4622,0.4661,0.4695,0.4704,8202,28.009,714.0,375.2,468.9,22.6,491.5,20.83,23.59,0.87633,17.824,11.69,24.65,14,2
129.197,hall_mission,9x4.5,pi5,-0.503,9.051,-2.018,-0.692,-0.406,0.095,0.808,0.74,-8.19,-155.04,0.4724,0.4751,0.4614,0.4637,8218,28.121,716.9,377.4,471.8,22.6,494.4,20.96,23.59,0.87629,17.830,11.62,24.65,14,2
129.249,hall_mission,9x4.5,pi5,-0.535,9.031,-2.013,-0.713,-0.418,0.094,0.832,0.75,-7.92,-155.43,0.4800,0.4829,0.4559,0.4576,8232,28.224,719.5,379.7,474.7,22.6,497.3,21.08,23.59,0.87624,17.838,11.55,24.64,14,2
129.297,hall_mission,9x4.5,pi5,-0.587,8.999,-2.007,-0.741,-0.435,0.089,0.864,0.76,-7.56,-155.96,0.4847,0.4872,0.4520,0.4544,8239,28.282,721.0,381.1,476.4,22.6,499.0,21.16,23.58,0.87619,17.844,11.50,24.64,14,2
129.349,hall_mission,9x4.5,pi5,-0.621,8.978,-2.003,-0.756,-0.444,0.086,0.881,0.76,-7.34,-156.27,0.4872,0.4899,0.4510,0.4516,8244,28.323,722.0,382.1,477.6,22.6,500.2,21.21,23.58,0.87614,17.851,11.47,24.64,14,2
129.397,hall_mission,9x4.5,pi5,-0.668,8.950,-1.998,-0.773,-0.454,0.080,0.901,0.75,-7.06,-156.64,0.4878,0.4908,0.4500,0.4520,8247,28.347,722.6,382.6,478.2,22.6,500.8,21.24,23.58,0.87609,17.858,11.46,24.64,14,2
129.449,hall_mission,9x4.5,pi5,-0.702,8.929,-1.995,-0.784,-0.460,0.076,0.912,0.73,-6.89,-156.83,0.4869,0.4902,0.4514,0.4527,8250,28.363,723.1,382.9,478.6,22.6,501.2,21.26,23.58,0.87604,17.865,11.45,24.64,14,2
129.489,hall_mission,9x4.5,pi5,-0.736,8.908,-1.991,-0.794,-0.465,0.072,0.923,0.72,-6.75,-156.97,0.4862,0.4884,0.4529,0.4542,8251,28.367,723.2,382.9,478.6,22.6,501.2,21.26,23.58,0.87600,17.871,11.45,24.64,14,2
129.541,hall_mission,9x4.5,pi5,-0.791,8.876,-1.986,-0.806,-0.471,0.065,0.936,0.69,-6.57,-157.11,0.4836,0.4862,0.4554,0.4566,8252,28.366,723.1,382.7,478.4,22.6,501.0,21.25,23.58,0.87595,17.878,11.45,24.64,14,2
129.589,hall_mission,9x4.5,pi5,-0.825,8.855,-1.984,-0.812,-0.474,0.061,0.942,0.67,-6.47,-157.15,0.4812,0.4836,0.4577,0.4594,8252,28.361,723.0,382.5,478.1,22.6,500.7,21.24,23.58,0.87590,17.885,11.46,24.64,14,2
129.641,hall_mission,9x4.5,pi5,-0.872,8.827,-1.980,-0.819,-0.477,0.055,0.950,0.64,-6.35,-157.16,0.4782,0.4807,0.4604,0.4624,8251,28.351,722.8,382.2,477.7,22.6,500.3,21.22,23.58,0.87585,17.892,11.47,24.64,14,2
129.689,hall_mission,9x4.5,pi5,-0.906,8.807,-1.977,-0.824,-0.479,0.051,0.954,0.62,-6.29,-157.13,0.4751,0.4785,0.4637,0.4644,8251,28.345,722.6,382.0,477.5,22.6,500.1,21.21,23.58,0.87580,17.899,11.47,24.64,14,2
129.741,hall_mission,9x4.5,pi5,-0.960,8.774,-1.974,-0.829,-0.481,0.045,0.959,0.58,-6.21,-157.06,0.4731,0.4754,0.4666,0.4667,8251,28.344,722.6,381.9,477.4,22.6,500.0,21.21,23.58,0.87575,17.906,11.47,24.64,14,2
129.789,hall_mission,9x4.5,pi5,-0.994,8.754,-1.972,-0.831,-0.481,0.041,0.962,0.56,-6.18,-157.00,0.4711,0.4731,0.4685,0.4688,8250,28.338,722.4,381.8,477.2,22.6,499.8,21.20,23.58,0.87571,17.913,11.48,24.64,14,2
129.841,hall_mission,9x4.5,pi5,-1.041,8.727,-1.969,-0.834,-0.482,0.037,0.964,0.54,-6.14,-156.90,0.4687,0.4718,0.4703,0.4706,8250,28.337,722.4,381.7,477.2,22.6,499.8,21.20,23.58,0.87565,17.920,11.48,24.64,14,2
129.889,hall_mission,9x4.5,pi5,-1.075,8.707,-1.968,-0.836,-0.482,0.033,0.966,0.52,-6.12,-156.83,0.4683,0.4694,0.4713,0.4720,8249,28.329,722.2,381.6,477.0,22.6,499.6,21.19,23.58,0.87561,17.926,11.48,24.64,14,2
129.941,hall_mission,9x4.5,pi5,-1.128,8.676,-1.966,-0.839,-0.482,0.029,0.968,0.51,-6.11,-156.74,0.4667,0.4691,0.4717,0.4735,8248,28.324,722.1,381.5,476.9,22.6,499.5,21.18,23.58,0.87556,17.934,11.48,24.64,14,2
129.989,hall_mission,9x4.5,pi5,-1.162,8.656,-1.965,-0.840,-0.482,0.026,0.969,0.50,-6.11,-156.69,0.4663,0.4682,0.4728,0.4734,8248,28.319,721.9,381.4,476.8,22.6,499.4,21.18,23.58,0.87551,17.940,11.48,24.64,14,2
130.041,hall_mission,9x4.5,pi5,-1.209,8.629,-1.963,-0.842,-0.482,0.023,0.971,0.49,-6.11,-156.62,0.4653,0.4686,0.4729,0.4737,8247,28.316,721.9,381.3,476.7,22.6,499.3,21.18,23.58,0.87546,17.948,11.48,24.64,14,2
130.089,hall_mission,9x4.5,pi5,-1.243,8.609,-1.963,-0.843,-0.482,0.020,0.972,0.48,-6.11,-156.58,0.4663,0.4675,0.4728,0.4736,8246,28.307,721.6,381.2,476.5,22.6,499.1,21.17,23.58,0.87541,17.954,11.49,24.64,14,2
130.141,hall_mission,9x4.5,pi5,-1.296,8.579,-1.962,-0.845,-0.482,0.017,0.973,0.48,-6.12,-156.55,0.4656,0.4686,0.4726,0.4731,8245,28.300,721.4,381.0,476.3,22.6,498.9,21.16,23.58,0.87536,17.961,11.49,24.64,14,2
130.189,hall_mission,9x4.5,pi5,-1.330,8.559,-1.962,-0.846,-0.482,0.015,0.974,0.47,-6.13,-156.53,0.4664,0.4683,0.4719,0.4727,8243,28.285,721.1,380.7,475.9,22.6,498.5,21.14,23.58,0.87531,17.968,11.50,24.64,14,2
130.241,hall_mission,9x4.5,pi5,-1.377,8.533,-1.961,-0.847,-0.481,0.012,0.975,0.47,-6.15,-156.52,0.4665,0.4687,0.4719,0.4716,8240,28.269,720.7,380.4,475.5,22.6,498.1,21.12,23.58,0.87526,17.975,11.51,24.64,14,2
130.293,hall_mission,9x4.5,pi5,-1.410,8.514,-1.961,-0.848,-0.481,0.011,0.975,0.46,-6.16,-156.52,0.4668,0.4692,0.4701,0.4722,8239,28.260,720.4,380.2,475.2,22.6,497.8,21.11,23.58,0.87521,17.982,11.51,24.64,14,2
130.341,hall_mission,9x4.5,pi5,-1.464,8.484,-1.962,-0.850,-0.480,0.009,0.976,0.46,-6.18,-156.53,0.4677,0.4692,0.4704,0.4709,8238,28.255,720.3,380.1,475.1,22.6,497.7,21.11,23.58,0.87517,17.989,11.51,24.64,14,2
130.389,hall_mission,9x4.5,pi5,-1.497,8.466,-1.962,-0.851,-0.479,0.008,0.976,0.46,-6.19,-156.55,0.4679,0.4697,0.4694,0.4708,8237,28.247,720.1,379.9,474.9,22.6,497.5,21.10,23.58,0.87512,17.996,11.52,24.64,14,2
130.441,hall_mission,9x4.5,pi5,-1.543,8.441,-1.962,-0.852,-0.478,0.007,0.976,0.47,-6.21,-156.57,0.4682,0.4700,0.4692,0.4702,8236,28.241,719.9,379.8,474.8,22.6,497.4,21.09,23.58,0.87507,18.003,11.52,24.64,14,2
130.489,hall_mission,9x4.5,pi5,-1.576,8.424,-1.963,-0.852,-0.477,0.006,0.976,0.47,-6.22,-156.58,0.4689,0.4700,0.4684,0.4703,8236,28.238,719.9,379.8,474.7,22.6,497.3,21.09,23.58,0.87502,18.010,11.52,24.64,14,2
130.541,hall_mission,9x4.5,pi5,-1.628,8.395,-1.963,-0.853,-0.475,0.005,0.976,0.48,-6.25,-156.60,0.4683,0.4711,0.4686,0.4695,8236,28.237,719.8,379.7,474.7,22.6,497.3,21.09,23.58,0.87497,18.017,11.52,24.64,14,2
130.589,hall_mission,9x4.5,pi5,-1.661,8.378,-1.964,-0.854,-0.474,0.004,0.976,0.48,-6.27,-156.62,0.4687,0.4709,0.4683,0.4694,8235,28.234,719.8,379.7,474.6,22.6,497.2,21.09,23.58,0.87492,18.023,11.52,24.64,14,2
130.641,hall_mission,9x4.5,pi5,-1.707,8.354,-1.964,-0.855,-0.473,0.003,0.977,0.49,-6.29,-156.64,0.4691,0.4708,0.4682,0.4691,8235,28.229,719.6,379.6,474.5,22.6,497.1,21.08,23.58,0.87487,18.030,11.52,24.64,14,2
130.689,hall_mission,9x4.5,pi5,-1.740,8.336,-1.965,-0.856,-0.472,0.003,0.977,0.49,-6.31,-156.65,0.4685,0.4712,0.4684,0.4688,8234,28.223,719.5,379.5,474.3,22.6,496.9,21.08,23.58,0.87483,18.037,11.53,24.64,14,2
130.741,hall_mission,9x4.5,pi5,-1.793,8.308,-1.966,-0.857,-0.472,0.002,0.979,0.50,-6.34,-156.66,0.4801,0.4917,0.4592,0.4471,8238,28.281,721.0,381.2,476.4,22.6,499.0,21.17,23.57,0.87477,18.044,11.47,24.64,14,2
130.789,hall_mission,9x4.5,pi5,-1.827,8.291,-1.967,-0.859,-0.472,-0.002,0.980,0.66,-6.36,-156.64,0.5152,0.5209,0.4182,0.4202,8225,28.376,723.4,386.9,483.6,22.6,506.2,21.48,23.56,0.87473,18.051,11.31,24.64,14,2
130.841,hall_mission,9x4.5,pi5,-1.873,8.266,-1.968,-0.860,-0.475,-0.011,0.983,1.11,-6.35,-156.43,0.5376,0.5366,0.3941,0.3981,8196,28.399,724.0,391.7,489.6,22.6,512.2,21.75,23.56,0.87467,18.058,11.17,24.64,14,2
130.893,hall_mission,9x4.5,pi5,-1.907,8.248,-1.970,-0.860,-0.480,-0.017,0.985,1.41,-6.34,-156.10,0.5389,0.5380,0.3897,0.3940,8175,28.292,721.2,390.2,487.8,22.6,510.4,21.66,23.56,0.87462,18.066,11.21,24.64,14,2
130.941,hall_mission,9x4.5,pi5,-1.961,8.218,-1.973,-0.857,-0.491,-0.020,0.988,1.73,-6.34,-155.27,0.5394,0.5482,0.3916,0.3808,8173,28.352,722.8,392.9,491.1,22.6,513.7,21.81,23.55,0.87457,18.073,11.13,24.64,14,2
130.989,hall_mission,9x4.5,pi5,-1.995,8.199,-1.975,-0.854,-0.499,-0.023,0.990,1.97,-6.35,-154.51,0.5573,0.5605,0.3667,0.3710,8156,28.485,726.2,400.4,500.5,22.6,523.1,22.22,23.54,0.87452,18.080,10.93,24.64,14,2
131.041,hall_mission,9x4.5,pi5,-2.041,8.172,-1.978,-0.848,-0.515,-0.029,0.993,2.44,-6.30,-152.95,0.5581,0.5568,0.3628,0.3700,8128,28.299,721.4,396.8,496.0,22.6,518.5,22.02,23.55,0.87447,18.087,11.03,24.64,14,2
131.089,hall_mission,9x4.5,pi5,-2.074,8.151,-1.980,-0.842,-0.528,-0.031,0.995,2.67,-6.29,-151.64,0.5413,0.5413,0.3776,0.3838,8114,27.975,713.2,385.6,482.0,22.6,504.6,21.41,23.56,0.87442,18.094,11.34,24.64,14,2
131.133,hall_mission,9x4.5,pi5,-2.107,8.130,-1.983,-0.834,-0.543,-0.031,0.996,2.80,-6.30,-150.14,0.5701,0.4917,0.4169,0.3621,8103,27.869,710.5,383.1,478.9,22.6,501.5,21.28,23.57,0.87438,18.100,11.41,24.64,14,2
131.185,hall_mission,9x4.5,pi5,-2.158,8.095,-1.986,-0.819,-0.566,-0.029,0.996,2.67,-5.58,-147.53,0.5433,0.5468,0.3767,0.3746,8105,27.973,713.1,386.8,483.5,22.6,506.1,21.48,23.56,0.87433,18.107,11.30,24.64,14,2
131.233,hall_mission,9x4.5,pi5,-2.190,8.073,-1.988,-0.802,-0.576,-0.029,0.987,2.41,-4.10,-145.54,0.4901,0.5995,0.3433,0.4088,8106,28.158,717.8,394.4,493.0,22.6,515.6,21.89,23.55,0.87428,18.114,11.09,24.63,14,2
131.285,hall_mission,9x4.5,pi5,-2.232,8.040,-1.991,-0.765,-0.578,-0.034,0.959,2.41,-2.58,-142.26,0.5247,0.5268,0.3829,0.4037,8093,27.653,705.0,375.7,469.6,22.6,492.2,20.87,23.58,0.87423,18.121,11.63,24.63,14,2
131.333,hall_mission,9x4.5,pi5,-2.260,8.017,-1.993,-0.734,-0.578,-0.033,0.935,2.68,-2.73,-139.92,0.4977,0.4988,0.4136,0.4284,8095,27.410,698.8,365.8,457.2,22.6,479.8,20.34,23.60,0.87418,18.128,11.93,24.63,14,2
131.381,hall_mission,9x4.5,pi5,-2.303,7.979,-1.996,-0.687,-0.584,-0.024,0.902,2.97,-3.65,-136.27,0.4697,0.4651,0.4504,0.4568,8108,27.369,697.7,362.5,453.1,22.6,475.7,20.16,23.60,0.87414,18.134,12.04,24.63,14,2
131.433,hall_mission,9x4.5,pi5,-2.328,7.956,-1.997,-0.661,-0.592,-0.018,0.888,3.00,-4.39,-133.82,0.4390,0.4311,0.4865,0.4902,8125,27.544,702.2,367.1,458.9,22.6,481.5,20.41,23.59,0.87409,18.141,11.89,24.63,14,2
131.485,hall_mission,9x4.5,pi5,-2.361,7.922,-1.998,-0.630,-0.610,-0.011,0.877,2.82,-5.43,-130.26,0.4098,0.4039,0.5180,0.5181,8136,27.825,709.4,376.8,471.1,22.6,493.7,20.94,23.58,0.87404,18.148,11.59,24.63,14,2
131.533,hall_mission,9x4.5,pi5,-2.383,7.898,-1.998,-0.611,-0.625,-0.008,0.874,2.59,-6.00,-128.04,0.3981,0.4041,0.5304,0.5196,8144,27.951,712.6,380.7,475.9,22.6,498.5,21.15,23.57,0.87399,18.155,11.47,24.63,14,2
131.585,hall_mission,9x4.5,pi5,-2.418,7.857,-1.998,-0.586,-0.653,-0.004,0.877,2.32,-6.61,-125.02,0.4213,0.4193,0.5067,0.5070,8152,27.828,709.4,374.8,468.5,22.6,491.1,20.83,23.58,0.87394,18.162,11.65,24.63,14,2
131.633,hall_mission,9x4.5,pi5,-2.439,7.831,-1.997,-0.572,-0.671,-0.000,0.882,2.26,-6.89,-123.19,0.4338,0.4302,0.4952,0.4979,8162,27.826,709.4,373.3,466.6,22.6,489.2,20.75,23.58,0.87390,18.168,11.69,24.63,14,2
131.685,hall_mission,9x4.5,pi5,-2.468,7.793,-1.996,-0.553,-0.698,0.006,0.891,2.17,-7.18,-120.64,0.4357,0.4348,0.4955,0.4954,8178,27.918,711.7,374.9,468.6,22.6,491.2,20.83,23.58,0.87385,18.175,11.64,24.63,14,2
131.733,hall_mission,9x4.5,pi5,-2.488,7.764,-1.996,-0.539,-0.718,0.011,0.898,2.06,-7.32,-119.06,0.4336,0.4325,0.4994,0.5006,8195,28.053,715.1,378.0,472.5,22.6,495.1,21.00,23.57,0.87380,18.182,11.55,24.63,14,2
131.785,hall_mission,9x4.5,pi5,-2.520,7.717,-1.993,-0.519,-0.750,0.016,0.912,1.84,-7.45,-116.86,0.4285,0.4275,0.5060,0.5079,8208,28.186,718.5,381.4,476.8,22.6,499.4,21.19,23.57,0.87375,18.189,11.45,24.63,14,2
131.833,hall_mission,9x4.5,pi5,-2.539,7.685,-1.992,-0.507,-0.770,0.017,0.922,1.66,-7.49,-115.53,0.4238,0.4219,0.5114,0.5144,8214,28.268,720.6,383.9,479.9,22.6,502.5,21.33,23.56,0.87370,18.196,11.37,24.63,14,2
131.885,hall_mission,9x4.5,pi5,-2.565,7.640,-1.990,-0.491,-0.796,0.016,0.935,1.36,-7.50,-113.76,0.4181,0.4187,0.5169,0.5183,8216,28.316,721.9,385.7,482.1,22.6,504.7,21.42,23.56,0.87365,18.203,11.32,24.63,14,2
131.929,hall_mission,9x4.5,pi5,-2.583,7.607,-1.989,-0.481,-0.814,0.015,0.945,1.14,-7.48,-112.74,0.4223,0.4362,0.5145,0.4997,8219,28.258,720.4,382.9,478.6,22.6,501.2,21.27,23.56,0.87361,18.209,11.40,24.63,14,2
131.977,hall_mission,9x4.5,pi5,-2.612,7.552,-1.987,-0.466,-0.840,0.012,0.961,1.04,-7.40,-111.43,0.4610,0.4640,0.4716,0.4746,8213,28.086,716.0,376.7,470.9,22.6,493.5,20.94,23.57,0.87356,18.216,11.58,24.63,14,2
132.029,hall_mission,9x4.5,pi5,-2.630,7.517,-1.987,-0.456,-0.855,0.009,0.969,1.16,-7.30,-110.62,0.4878,0.4865,0.4451,0.4497,8206,28.065,715.5,377.0,471.2,22.6,493.8,20.95,23.57,0.87351,18.223,11.57,24.63,14,2
132.077,hall_mission,9x4.5,pi5,-2.654,7.467,-1.986,-0.440,-0.875,0.007,0.979,1.33,-7.17,-109.36,0.4951,0.4954,0.4372,0.4407,8203,28.082,715.9,378.0,472.5,22.6,495.1,21.00,23.57,0.87346,18.230,11.54,24.63,14,2
132.129,hall_mission,9x4.5,pi5,-2.670,7.431,-1.986,-0.427,-0.888,0.008,0.986,1.39,-7.10,-108.45,0.4925,0.4933,0.4393,0.4444,8207,28.099,716.3,378.1,472.6,22.6,495.2,21.01,23.57,0.87341,18.237,11.54,24.63,14,2
132.177,hall_mission,9x4.5,pi5,-2.696,7.372,-1.986,-0.405,-0.907,0.010,0.993,1.38,-7.00,-106.99,0.4839,0.4852,0.4492,0.4527,8212,28.102,716.4,377.5,471.9,22.6,494.5,20.98,23.57,0.87337,18.243,11.56,24.63,14,2
132.229,hall_mission,9x4.5,pi5,-2.711,7.334,-1.986,-0.391,-0.918,0.011,0.998,1.31,-6.95,-105.98,0.4723,0.4719,0.4620,0.4655,8215,28.095,716.2,376.9,471.1,22.6,493.7,20.95,23.57,0.87332,18.251,11.57,24.63,14,2
132.277,hall_mission,9x4.5,pi5,-2.731,7.282,-1.986,-0.371,-0.932,0.011,1.003,1.13,-6.89,-104.43,0.4592,0.4608,0.4752,0.4768,8216,28.109,716.6,377.3,471.6,22.6,494.2,20.97,23.57,0.87327,18.257,11.56,24.63,14,2
132.329,hall_mission,9x4.5,pi5,-2.745,7.244,-1.986,-0.359,-0.940,0.010,1.006,0.98,-6.85,-103.43,0.4537,0.4690,0.4821,0.4683,8220,28.140,717.4,378.0,472.4,22.6,495.0,21.00,23.57,0.87322,18.264,11.54,24.63,14,2
132.377,hall_mission,9x4.5,pi5,-2.766,7.184,-1.985,-0.338,-0.952,0.009,1.010,0.96,-6.77,-101.99,0.4853,0.4887,0.4481,0.4510,8220,28.159,717.8,378.8,473.5,22.6,496.1,21.05,23.57,0.87317,18.271,11.51,24.63,14,2
132.429,hall_mission,9x4.5,pi5,-2.778,7.145,-1.985,-0.325,-0.958,0.007,1.012,1.10,-6.70,-101.01,0.5035,0.5029,0.4292,0.4352,8212,28.182,718.4,380.8,476.1,22.6,498.7,21.16,23.56,0.87312,18.278,11.45,24.63,14,2
132.477,hall_mission,9x4.5,pi5,-2.794,7.092,-1.986,-0.304,-0.967,0.004,1.013,1.30,-6.61,-99.42,0.5039,0.5040,0.4285,0.4328,8206,28.150,717.6,380.3,475.4,22.6,498.0,21.13,23.56,0.87307,18.285,11.46,24.63,14,2
132.529,hall_mission,9x4.5,pi5,-2.805,7.054,-1.986,-0.287,-0.972,0.004,1.013,1.37,-6.57,-98.27,0.4946,0.4949,0.4370,0.4430,8207,28.106,716.5,378.4,473.0,22.6,495.6,21.03,23.57,0.87302,18.292,11.52,24.63,14,2
132.577,hall_mission,9x4.5,pi5,-2.822,6.992,-1.986,-0.260,-0.978,0.005,1.012,1.35,-6.55,-96.42,0.4807,0.4813,0.4521,0.4555,8208,28.061,715.4,376.5,470.6,22.6,493.2,20.93,23.57,0.87298,18.299,11.58,24.63,14,2
132.629,hall_mission,9x4.5,pi5,-2.831,6.954,-1.987,-0.243,-0.982,0.005,1.012,1.27,-6.54,-95.16,0.4644,0.4641,0.4687,0.4722,8207,28.040,714.8,375.8,469.7,22.6,492.3,20.89,23.57,0.87293,18.306,11.60,24.63,14,2
132.677,hall_mission,9x4.5,pi5,-2.843,6.900,-1.987,-0.220,-0.987,0.004,1.011,1.07,-6.54,-93.28,0.4488,0.4502,0.4843,0.4859,8206,28.062,715.4,376.7,470.9,22.6,493.5,20.94,23.57,0.87288,18.312,11.57,24.63,14,2
132.729,hall_mission,9x4.5,pi5,-2.851,6.861,-1.987,-0.204,-0.990,0.004,1.011,0.91,-6.54,-92.09,0.4474,0.4586,0.4862,0.4772,8206,28.057,715.2,376.5,470.6,22.6,493.2,20.93,23.57,0.87283,18.319,11.57,24.63,14,2
132.777,hall_mission,9x4.5,pi5,-2.862,6.798,-1.988,-0.181,-0.995,0.004,1.011,0.89,-6.51,-90.41,0.4713,0.4754,0.4599,0.4626,8206,28.036,714.7,375.7,469.7,22.6,492.3,20.89,23.57,0.87278,18.326,11.60,24.63,14,2
132.829,hall_mission,9x4.5,pi5,-2.869,6.759,-1.989,-0.165,-0.998,0.004,1.011,0.98,-6.47,-89.30,0.4841,0.4853,0.4477,0.4512,8203,28.037,714.7,376.3,470.3,22.6,492.9,20.91,23.57,0.87273,18.333,11.58,24.63,14,2
132.877,hall_mission,9x4.5,pi5,-2.877,6.704,-1.990,-0.143,-1.000,0.004,1.010,1.14,-6.43,-87.61,0.4844,0.4839,0.4471,0.4527,8202,28.032,714.6,376.1,470.1,22.6,492.7,20.91,23.57,0.87269,18.340,11.58,24.63,14,2
132.929,hall_mission,9x4.5,pi5,-2.882,6.665,-1.990,-0.125,-1.001,0.006,1.009,1.18,-6.41,-86.44,0.4765,0.4758,0.4561,0.4610,8206,28.042,714.9,375.9,469.9,22.6,492.5,20.90,23.57,0.87264,18.347,11.59,24.63,14,2
132.977,hall_mission,9x4.5,pi5,-2.888,6.602,-1.991,-0.097,-1.002,0.007,1.007,1.11,-6.41,-84.66,0.4643,0.4660,0.4681,0.4713,8208,28.046,715.0,375.9,469.9,22.6,492.5,20.89,23.57,0.87259,18.353,11.59,24.63,14,2
133.029,hall_mission,9x4.5,pi5,-2.891,6.563,-1.992,-0.080,-1.003,0.008,1.006,1.01,-6.41,-83.49,0.4522,0.4524,0.4807,0.4841,8207,28.057,715.3,376.5,470.6,22.6,493.2,20.93,23.57,0.87254,18.360,11.57,24.63,14,2
133.077,hall_mission,9x4.5,pi5,-2.894,6.508,-1.993,-0.057,-1.003,0.007,1.004,0.80,-6.42,-81.82,0.4408,0.4422,0.4926,0.4935,8205,28.087,716.0,377.9,472.3,22.6,494.9,21.00,23.57,0.87249,18.367,11.53,24.63,14,2
133.129,hall_mission,9x4.5,pi5,-2.895,6.469,-1.993,-0.041,-1.003,0.007,1.004,0.64,-6.42,-80.78,0.4316,0.4326,0.5010,0.5032,8203,28.121,716.9,379.5,474.4,22.6,497.0,21.09,23.56,0.87244,18.374,11.48,24.63,14,2
133.177,hall_mission,9x4.5,pi5,-2.895,6.407,-1.994,-0.018,-1.003,0.006,1.003,0.38,-6.42,-79.40,0.4253,0.4269,0.5072,0.5083,8200,28.141,717.4,380.7,475.9,22.6,498.5,21.16,23.56,0.87239,18.381,11.44,24.63,14,2
133.229,hall_mission,9x4.5,pi5,-2.894,6.368,-1.995,-0.005,-1.002,0.006,1.002,0.22,-6.41,-78.60,0.4337,0.4486,0.4998,0.4851,8199,28.045,715.0,377.1,471.4,22.6,494.0,20.96,23.57,0.87234,18.388,11.55,24.62,14,2
133.277,hall_mission,9x4.5,pi5,-2.892,6.314,-1.996,0.012,-1.002,0.004,1.002,0.27,-6.38,-77.58,0.4788,0.4830,0.4500,0.4533,8191,27.951,712.6,374.4,467.9,22.6,490.5,20.81,23.57,0.87230,18.395,11.63,24.62,14,2
133.329,hall_mission,9x4.5,pi5,-2.891,6.276,-1.997,0.026,-1.002,0.001,1.002,0.49,-6.33,-76.90,0.5083,0.5077,0.4199,0.4253,8177,27.992,713.6,378.0,472.5,22.6,495.1,21.01,23.56,0.87225,18.402,11.52,24.62,14,2
133.377,hall_mission,9x4.5,pi5,-2.887,6.214,-1.999,0.050,-0.999,-0.001,1.000,0.82,-6.26,-75.74,0.5156,0.5148,0.4119,0.4165,8168,27.999,713.8,379.4,474.2,22.6,496.8,21.09,23.56,0.87220,18.408,11.48,24.62,14,2
133.429,hall_mission,9x4.5,pi5,-2.883,6.175,-2.000,0.066,-0.997,-0.000,0.999,0.97,-6.23,-74.83,0.5106,0.5090,0.4163,0.4227,8168,27.950,712.5,377.5,471.9,22.6,494.5,20.99,23.56,0.87215,18.415,11.53,24.62,14,2
133.477,hall_mission,9x4.5,pi5,-2.877,6.121,-2.002,0.090,-0.992,0.003,0.996,1.04,-6.21,-73.28,0.4972,0.4977,0.4304,0.4343,8171,27.888,711.0,374.6,468.2,22.6,490.8,20.83,23.57,0.87210,18.422,11.62,24.62,14,2
133.529,hall_mission,9x4.5,pi5,-2.872,6.083,-2.002,0.108,-0.988,0.005,0.994,1.01,-6.21,-72.14,0.4809,0.4797,0.4474,0.4525,8175,27.839,709.7,372.1,465.2,22.6,487.8,20.69,23.57,0.87205,18.429,11.69,24.62,14,2
133.577,hall_mission,9x4.5,pi5,-2.862,6.021,-2.003,0.135,-0.982,0.007,0.991,0.86,-6.22,-70.38,0.4635,0.4647,0.4651,0.4684,8179,27.846,709.9,371.9,464.8,22.6,487.4,20.68,23.57,0.87201,18.436,11.70,24.62,14,2
133.621,hall_mission,9x4.5,pi5,-2.855,5.983,-2.004,0.151,-0.978,0.009,0.990,0.72,-6.23,-69.21,0.4505,0.4503,0.4795,0.4823,8182,27.892,711.0,373.2,466.5,22.6,489.1,20.75,23.57,0.87197,18.442,11.66,24.62,14,2
133.673,hall_mission,9x4.5,pi5,-2.848,5.946,-2.004,0.166,-0.974,0.010,0.988,0.56,-6.24,-68.08,0.4359,0.4380,0.4938,0.4960,8186,27.970,713.0,375.8,469.8,22.6,492.4,20.89,23.56,0.87192,18.449,11.58,24.62,14,2
133.717,hall_mission,9x4.5,pi5,-2.837,5.893,-2.004,0.185,-0.970,0.011,0.987,0.29,-6.24,-66.52,0.4281,0.4288,0.5026,0.5050,8189,28.038,714.8,378.2,472.8,22.6,495.4,21.03,23.56,0.87187,18.455,11.50,24.62,14,2
133.769,hall_mission,9x4.5,pi5,-2.828,5.855,-2.004,0.197,-0.967,0.012,0.987,0.11,-6.24,-65.60,0.4204,0.4235,0.5101,0.5109,8190,28.097,716.3,380.4,475.4,22.6,498.0,21.14,23.56,0.87182,18.462,11.44,24.62,14,2
133.817,hall_mission,9x4.5,pi5,-2.814,5.795,-2.004,0.215,-0.963,0.012,0.987,-0.13,-6.23,-64.43,0.4183,0.4203,0.5131,0.5136,8192,28.129,717.1,381.4,476.8,22.6,499.4,21.20,23.55,0.87177,18.469,11.41,24.62,14,2
133.869,hall_mission,9x4.5,pi5,-2.805,5.758,-2.003,0.224,-0.961,0.012,0.987,-0.27,-6.22,-63.80,0.4185,0.4207,0.5128,0.5137,8193,28.138,717.3,381.6,477.0,22.6,499.6,21.21,23.55,0.87172,18.476,11.40,24.62,14,2
133.917,hall_mission,9x4.5,pi5,-2.792,5.706,-2.003,0.236,-0.958,0.012,0.987,-0.45,-6.21,-63.09,0.4218,0.4231,0.5095,0.5122,8196,28.138,717.3,381.2,476.5,22.6,499.1,21.19,23.55,0.87168,18.482,11.41,24.62,14,2
133.969,hall_mission,9x4.5,pi5,-2.783,5.669,-2.003,0.244,-0.956,0.012,0.987,-0.55,-6.21,-62.76,0.4258,0.4292,0.5061,0.5062,8199,28.118,716.8,380.0,475.1,22.6,497.7,21.13,23.56,0.87163,18.490,11.44,24.62,14,2
134.017,hall_mission,9x4.5,pi5,-2.767,5.610,-2.002,0.254,-0.954,0.012,0.988,-0.68,-6.20,-62.46,0.4323,0.4342,0.4997,0.5016,8201,28.095,716.2,378.9,473.6,22.6,496.2,21.06,23.56,0.87158,18.496,11.48,24.62,14,2
134.069,hall_mission,9x4.5,pi5,-2.757,5.574,-2.002,0.260,-0.953,0.012,0.988,-0.74,-6.20,-62.37,0.4389,0.4414,0.4934,0.4945,8203,28.074,715.7,377.7,472.1,22.6,494.7,21.00,23.56,0.87153,18.503,11.51,24.62,14,2
134.117,hall_mission,9x4.5,pi5,-2.743,5.522,-2.001,0.266,-0.952,0.012,0.989,-0.81,-6.20,-62.37,0.4460,0.4476,0.4865,0.4890,8206,28.069,715.6,377.1,471.4,22.6,494.0,20.97,23.56,0.87148,18.510,11.53,24.62,14,2
134.169,hall_mission,9x4.5,pi5,-2.732,5.486,-2.000,0.271,-0.951,0.013,0.989,-0.85,-6.20,-62.43,0.4530,0.4545,0.4809,0.4821,8210,28.080,715.8,376.9,471.1,22.6,493.7,20.96,23.56,0.87143,18.517,11.53,24.62,14,2
134.217,hall_mission,9x4.5,pi5,-2.716,5.428,-1.999,0.277,-0.950,0.013,0.990,-0.89,-6.21,-62.60,0.4586,0.4605,0.4753,0.4771,8214,28.097,716.3,377.0,471.3,22.6,493.9,20.96,23.56,0.87138,18.524,11.53,24.62,14,2
134.269,hall_mission,9x4.5,pi5,-2.705,5.391,-1.999,0.280,-0.950,0.013,0.990,-0.90,-6.22,-62.74,0.4640,0.4660,0.4706,0.4721,8219,28.120,716.9,377.4,471.7,22.6,494.3,20.98,23.56,0.87133,18.531,11.52,24.62,14,2
134.313,hall_mission,9x4.5,pi5,-2.694,5.355,-1.998,0.283,-0.949,0.013,0.991,-0.91,-6.23,-62.90,0.4737,0.4870,0.4631,0.4493,8220,28.145,717.5,378.2,472.8,22.6,495.4,21.03,23.56,0.87129,18.537,11.49,24.62,14,2
134.361,hall_mission,9x4.5,pi5,-2.679,5.304,-1.997,0.287,-0.949,0.011,0.992,-0.75,-6.25,-63.10,0.5116,0.5158,0.4211,0.4229,8214,28.270,720.7,384.1,480.1,22.6,502.7,21.35,23.55,0.87124,18.544,11.32,24.62,14,2
134.413,hall_mission,9x4.5,pi5,-2.668,5.267,-1.996,0.291,-0.949,0.005,0.992,-0.48,-6.23,-63.14,0.5360,0.5355,0.3952,0.3997,8196,28.380,723.5,391.0,488.7,22.6,511.3,21.73,23.54,0.87119,18.551,11.12,24.62,14,2
134.461,hall_mission,9x4.5,pi5,-2.650,5.209,-1.996,0.300,-0.946,-0.004,0.993,-0.08,-6.20,-62.91,0.5396,0.5402,0.3890,0.3928,8178,28.328,722.2,391.3,489.1,22.6,511.7,21.74,23.53,0.87114,18.558,11.11,24.62,14,2
134.513,hall_mission,9x4.5,pi5,-2.639,5.173,-1.996,0.308,-0.943,-0.007,0.992,0.13,-6.18,-62.54,0.5324,0.5323,0.3943,0.3998,8168,28.177,718.3,386.5,483.1,22.6,505.7,21.48,23.54,0.87109,18.565,11.25,24.62,14,2
134.561,hall_mission,9x4.5,pi5,-2.622,5.122,-1.996,0.319,-0.937,-0.008,0.990,0.31,-6.16,-61.67,0.5186,0.5188,0.4087,0.4121,8166,28.017,714.2,380.4,475.5,22.6,498.1,21.15,23.55,0.87104,18.572,11.42,24.62,14,2
134.613,hall_mission,9x4.5,pi5,-2.610,5.087,-1.996,0.328,-0.933,-0.008,0.989,0.35,-6.16,-60.91,0.5004,0.5005,0.4268,0.4309,8167,27.882,710.8,374.8,468.5,22.6,491.1,20.85,23.56,0.87099,18.579,11.59,24.62,14,2
134.661,hall_mission,9x4.5,pi5,-2.590,5.030,-1.996,0.343,-0.924,-0.006,0.986,0.31,-6.17,-59.61,0.4822,0.4839,0.4453,0.4488,8173,27.838,709.7,372.3,465.3,22.6,487.9,20.71,23.56,0.87095,18.585,11.66,24.62,14,2
134.705,hall_mission,9x4.5,pi5,-2.577,4.995,-1.996,0.352,-0.919,-0.004,0.984,0.25,-6.18,-58.68,0.4684,0.4683,0.4616,0.4642,8182,27.868,710.4,372.3,465.4,22.6,488.0,20.71,23.56,0.87091,18.591,11.66,24.62,14,2
134.753,hall_mission,9x4.5,pi5,-2.563,4.960,-1.995,0.361,-0.914,-0.001,0.983,0.10,-6.20,-57.27,0.4538,0.4552,0.4770,0.4792,8191,27.945,712.4,374.1,467.6,22.6,490.2,20.81,23.56,0.87086,18.598,11.61,24.62,14,2
134.805,hall_mission,9x4.5,pi5,-2.543,4.912,-1.995,0.373,-0.907,0.001,0.981,-0.02,-6.22,-56.37,0.4416,0.4435,0.4906,0.4918,8200,28.041,714.8,376.8,471.0,22.6,493.6,20.95,23.56,0.87081,18.605,11.52,24.62,14,2
134.857,hall_mission,9x4.5,pi5,-2.520,4.857,-1.993,0.385,-0.900,0.002,0.979,-0.19,-6.23,-55.13,0.4338,0.4348,0.5000,0.5008,8207,28.133,717.2,379.5,474.4,22.6,497.0,21.10,23.55,0.87076,18.612,11.44,24.62,14,2
134.905,hall_mission,9x4.5,pi5,-2.505,4.823,-1.992,0.393,-0.897,0.003,0.979,-0.31,-6.25,-54.42,0.4299,0.4298,0.5039,0.5071,8211,28.195,718.8,381.4,476.7,22.6,499.3,21.20,23.55,0.87071,18.619,11.39,24.62,14,2
134.953,hall_mission,9x4.5,pi5,-2.490,4.789,-1.991,0.399,-0.893,0.002,0.979,-0.48,-6.26,-53.53,0.4271,0.4295,0.5064,0.5086,8215,28.229,719.6,382.3,477.9,22.6,500.5,21.26,23.55,0.87066,18.625,11.36,24.62,14,2
135.005,hall_mission,9x4.5,pi5,-2.468,4.742,-1.990,0.408,-0.889,0.002,0.979,-0.58,-6.26,-53.06,0.4284,0.4301,0.5061,0.5078,8218,28.245,720.0,382.5,478.2,22.6,500.8,21.27,23.55,0.87061,18.633,11.35,24.62,14,2
135.057,hall_mission,9x4.5,pi5,-2.443,4.688,-1.989,0.417,-0.886,0.002,0.979,-0.71,-6.27,-52.55,0.4314,0.4336,0.5037,0.5044,8220,28.243,720.0,382.1,477.6,22.6,500.2,21.24,23.55,0.87056,18.640,11.36,24.62,14,2
135.105,hall_mission,9x4.5,pi5,-2.427,4.654,-1.988,0.422,-0.885,0.001,0.980,-0.78,-6.28,-52.33,0.4360,0.4377,0.4991,0.5007,8222,28.228,719.6,381.3,476.6,22.6,499.2,21.20,23.55,0.87051,18.647,11.39,24.62,14,2
135.153,hall_mission,9x4.5,pi5,-2.411,4.620,-1.987,0.426,-0.883,0.000,0.981,-0.86,-6.28,-52.15,0.4407,0.4431,0.4946,0.4953,8222,28.207,719.1,380.4,475.4,22.6,498.0,21.15,23.55,0.87047,18.653,11.41,24.62,14,2
135.205,hall_mission,9x4.5,pi5,-2.388,4.572,-1.987,0.431,-0.882,-0.000,0.982,-0.90,-6.29,-52.12,0.4470,0.4487,0.4880,0.4902,8223,28.188,718.6,379.5,474.4,22.6,497.0,21.10,23.55,0.87042,18.660,11.44,24.62,14,2
135.253,hall_mission,9x4.5,pi5,-2.361,4.518,-1.986,0.437,-0.882,-0.001,0.984,-0.94,-6.30,-52.18,0.4521,0.4547,0.4837,0.4836,8223,28.173,718.2,378.8,473.5,22.6,496.1,21.07,23.55,0.87037,18.667,11.46,24.61,14,2
135.305,hall_mission,9x4.5,pi5,-2.344,4.484,-1.986,0.440,-0.882,-0.001,0.985,-0.95,-6.31,-52.26,0.4584,0.4595,0.4770,0.4793,8224,28.165,718.0,378.4,473.0,22.6,495.6,21.05,23.55,0.87032,18.674,11.47,24.61,14,2
135.357,hall_mission,9x4.5,pi5,-2.321,4.435,-1.986,0.443,-0.882,-0.001,0.987,-0.95,-6.32,-52.44,0.4627,0.4650,0.4728,0.4738,8224,28.161,717.9,378.2,472.8,22.6,495.4,21.04,23.55,0.87027,18.681,11.47,24.61,14,2
135.405,hall_mission,9x4.5,pi5,-2.304,4.401,-1.987,0.446,-0.882,-0.001,0.988,-0.95,-6.33,-52.57,0.4672,0.4682,0.4684,0.4706,8225,28.165,718.0,378.3,472.8,22.6,495.4,21.04,23.55,0.87022,18.688,11.47,24.61,14,2
135.453,hall_mission,9x4.5,pi5,-2.277,4.346,-1.987,0.449,-0.882,-0.001,0.990,-0.95,-6.34,-52.78,0.4698,0.4716,0.4664,0.4668,8226,28.169,718.1,378.4,473.0,22.6,495.6,21.04,23.55,0.87018,18.695,11.47,24.61,14,2
135.505,hall_mission,9x4.5,pi5,-2.260,4.312,-1.987,0.451,-0.882,-0.001,0.991,-0.94,-6.34,-52.91,0.4724,0.4738,0.4629,0.4659,8227,28.177,718.3,378.6,473.2,22.6,495.8,21.05,23.55,0.87012,18.702,11.46,24.61,14,2
135.553,hall_mission,9x4.5,pi5,-2.236,4.265,-1.987,0.454,-0.882,-0.001,0.992,-0.92,-6.35,-53.09,0.4736,0.4756,0.4625,0.4635,8228,28.185,718.5,378.7,473.4,22.6,496.0,21.06,23.55,0.87008,18.708,11.45,24.61,14,2
135.605,hall_mission,9x4.5,pi5,-2.218,4.231,-1.988,0.455,-0.882,-0.000,0.992,-0.91,-6.36,-53.19,0.4750,0.4759,0.4616,0.4630,8229,28.193,718.7,378.9,473.6,22.6,496.2,21.07,23.55,0.87003,18.715,11.45,24.61,14,2
135.649,hall_mission,9x4.5,pi5,-2.201,4.197,-1.988,0.457,-0.882,-0.000,0.993,-0.91,-6.37,-53.27,0.4750,0.4763,0.4615,0.4628,8229,28.197,718.8,379.0,473.7,22.6,496.3,21.08,23.55,0.86998,18.722,11.44,24.61,14,2
135.697,hall_mission,9x4.5,pi5,-2.174,4.142,-1.988,0.459,-0.882,0.000,0.994,-0.90,-6.39,-53.37,0.4751,0.4759,0.4617,0.4631,8230,28.200,718.9,379.1,473.8,22.6,496.4,21.08,23.55,0.86994,18.728,11.44,24.61,14,2
135.749,hall_mission,9x4.5,pi5,-2.156,4.108,-1.989,0.461,-0.882,0.000,0.995,-0.89,-6.40,-53.41,0.4741,0.4755,0.4616,0.4644,8229,28.196,718.8,379.0,473.7,22.6,496.3,21.08,23.55,0.86989,18.735,11.44,24.61,14,2
135.801,hall_mission,9x4.5,pi5,-2.132,4.061,-1.989,0.463,-0.882,0.000,0.996,-0.88,-6.41,-53.44,0.4725,0.4753,0.4631,0.4647,8229,28.195,718.8,378.9,473.6,22.6,496.2,21.07,23.55,0.86984,18.742,11.44,24.61,14,2
135.849,hall_mission,9x4.5,pi5,-2.114,4.027,-1.990,0.464,-0.882,0.000,0.997,-0.86,-6.42,-53.45,0.4721,0.4737,0.4641,0.4655,8229,28.189,718.6,378.8,473.5,22.6,496.1,21.07,23.55,0.86979,18.749,11.45,24.61,14,2
135.897,hall_mission,9x4.5,pi5,-2.086,3.972,-1.991,0.467,-0.882,0.000,0.998,-0.85,-6.44,-53.43,0.4713,0.4723,0.4645,0.4671,8228,28.183,718.5,378.6,473.3,22.6,495.9,21.06,23.55,0.86974,18.756,11.45,24.61,14,2
135.949,hall_mission,9x4.5,pi5,-2.068,3.939,-1.991,0.468,-0.881,0.000,0.998,-0.85,-6.45,-53.42,0.4695,0.4720,0.4658,0.4678,8227,28.177,718.3,378.5,473.2,22.6,495.8,21.05,23.55,0.86969,18.763,11.45,24.61,14,2
136.001,hall_mission,9x4.5,pi5,-2.042,3.891,-1.992,0.471,-0.881,0.001,0.999,-0.85,-6.46,-53.38,0.4692,0.4704,0.4668,0.4686,8227,28.177,718.3,378.5,473.1,22.6,495.7,21.05,23.55,0.86964,18.770,11.45,24.61,14,2
136.049,hall_mission,9x4.5,pi5,-2.024,3.857,-1.992,0.472,-0.881,0.001,0.999,-0.85,-6.48,-53.35,0.4679,0.4704,0.4676,0.4692,8227,28.178,718.3,378.5,473.2,22.6,495.8,21.06,23.55,0.86959,18.777,11.45,24.61,14,2
136.101,hall_mission,9x4.5,pi5,-1.994,3.803,-1.993,0.475,-0.881,0.002,1.000,-0.86,-6.49,-53.31,0.4678,0.4693,0.4680,0.4701,8228,28.183,718.5,378.6,473.3,22.6,495.9,21.06,23.55,0.86954,18.784,11.44,24.61,14,2
136.149,hall_mission,9x4.5,pi5,-1.975,3.769,-1.993,0.476,-0.881,0.002,1.001,-0.87,-6.50,-53.28,0.4673,0.4691,0.4688,0.4702,8228,28.185,718.5,378.7,473.3,22.6,495.9,21.06,23.55,0.86950,18.790,11.44,24.61,14,2
137.268,hall_mission,9x4.5,pi5,-1.949,3.722,-1.994,0.478,-0.881,0.002,1.002,-0.87,-6.52,-53.24,0.4670,0.4690,0.4692,0.4706,8230,28.196,718.8,378.9,473.6,22.6,496.2,21.08,23.54,0.86840,18.945,11.42,24.61,14,2
137.316,hall_mission,9x4.5,pi5,-1.931,3.688,-1.994,0.480,-0.881,0.002,1.003,-0.87,-6.53,-53.22,0.4664,0.4693,0.4698,0.4704,8231,28.201,718.9,379.0,473.8,22.6,496.4,21.09,23.54,0.86836,18.951,11.41,24.61,14,2
137.368,hall_mission,9x4.5,pi5,-1.901,3.633,-1.994,0.482,-0.882,0.002,1.005,-0.88,-6.54,-53.19,0.4677,0.4681,0.4693,0.4711,8232,28.208,719.1,379.1,473.9,22.6,496.5,21.10,23.54,0.86831,18.959,11.40,24.61,14,2
137.416,hall_mission,9x4.5,pi5,-1.882,3.598,-1.994,0.483,-0.882,0.002,1.005,-0.88,-6.55,-53.17,0.4670,0.4690,0.4695,0.4709,8232,28.211,719.2,379.2,474.0,22.6,496.6,21.10,23.54,0.86826,18.965,11.40,24.61,14,2
137.464,hall_mission,9x4.5,pi5,-1.856,3.550,-1.994,0.484,-0.883,0.002,1.007,-0.87,-6.57,-53.15,0.4671,0.4689,0.4695,0.4709,8232,28.211,719.2,379.2,474.0,22.6,496.6,21.10,23.54,0.86821,18.972,11.40,24.61,14,2
137.516,hall_mission,9x4.5,pi5,-1.838,3.515,-1.994,0.485,-0.884,0.002,1.008,-0.87,-6.57,-53.15,0.4671,0.4693,0.4697,0.4704,8233,28.217,719.3,379.3,474.1,22.6,496.7,21.11,23.54,0.86816,18.979,11.40,24.61,14,2
137.564,hall_mission,9x4.5,pi5,-1.808,3.460,-1.994,0.487,-0.884,0.002,1.010,-0.86,-6.59,-53.14,0.4680,0.4689,0.4689,0.4709,8233,28.217,719.3,379.3,474.1,22.6,496.7,21.11,23.54,0.86812,18.986,11.40,24.61,14,2
137.616,hall_mission,9x4.5,pi5,-1.789,3.425,-1.994,0.488,-0.885,0.002,1.011,-0.85,-6.60,-53.14,0.4676,0.4695,0.4690,0.4703,8232,28.211,719.2,379.2,474.0,22.6,496.6,21.10,23.54,0.86806,18.993,11.40,24.61,14,2
137.664,hall_mission,9x4.5,pi5,-1.762,3.376,-1.994,0.490,-0.886,0.001,1.012,-0.83,-6.61,-53.14,0.4683,0.4691,0.4689,0.4701,8232,28.212,719.2,379.2,474.0,22.6,496.6,21.10,23.54,0.86802,18.999,11.40,24.61,14,2
137.716,hall_mission,9x4.5,pi5,-1.742,3.341,-1.994,0.491,-0.886,0.001,1.013,-0.83,-6.61,-53.14,0.4683,0.4694,0.4685,0.4701,8232,28.209,719.1,379.2,473.9,22.6,496.5,21.10,23.54,0.86797,19.007,11.40,24.61,14,2
137.768,hall_mission,9x4.5,pi5,-1.711,3.285,-1.994,0.494,-0.887,0.001,1.015,-0.82,-6.62,-53.14,0.4685,0.4695,0.4686,0.4696,8232,28.208,719.1,379.1,473.9,22.6,496.5,21.10,23.53,0.86792,19.014,11.40,24.61,14,2
137.816,hall_mission,9x4.5,pi5,-1.692,3.250,-1.994,0.495,-0.888,0.001,1.017,-0.81,-6.63,-53.15,0.4679,0.4703,0.4684,0.4696,8231,28.207,719.1,379.1,473.9,22.6,496.5,21.10,23.53,0.86787,19.020,11.40,24.61,14,2
137.864,hall_mission,9x4.5,pi5,-1.664,3.201,-1.995,0.497,-0.889,0.001,1.019,-0.80,-6.64,-53.15,0.4688,0.4696,0.4679,0.4697,8230,28.201,718.9,379.0,473.7,22.6,496.3,21.09,23.53,0.86782,19.027,11.40,24.61,14,2
137.916,hall_mission,9x4.5,pi5,-1.645,3.165,-1.995,0.498,-0.890,0.001,1.020,-0.79,-6.64,-53.15,0.4684,0.4696,0.4678,0.4696,8229,28.189,718.6,378.8,473.4,22.6,496.0,21.08,23.53,0.86777,19.034,11.41,24.61,14,2
137.968,hall_mission,9x4.5,pi5,-1.613,3.108,-1.996,0.501,-0.891,0.001,1.022,-0.78,-6.65,-53.15,0.4676,0.4704,0.4678,0.4693,8228,28.181,718.4,378.6,473.3,22.6,495.9,21.07,23.53,0.86772,19.041,11.41,24.61,14,2
138.016,hall_mission,9x4.5,pi5,-1.593,3.073,-1.996,0.502,-0.891,0.001,1.023,-0.77,-6.66,-53.15,0.4676,0.4703,0.4679,0.4692,8227,28.176,718.3,378.5,473.1,22.6,495.7,21.06,23.53,0.86767,19.048,11.41,24.61,14,2
138.068,hall_mission,9x4.5,pi5,-1.564,3.024,-1.997,0.504,-0.892,0.001,1.024,-0.75,-6.66,-53.15,0.4681,0.4697,0.4677,0.4693,8226,28.171,718.2,378.4,473.0,22.6,495.6,21.06,23.53,0.86762,19.055,11.41,24.61,14,2
138.116,hall_mission,9x4.5,pi5,-1.544,2.988,-1.997,0.506,-0.892,0.001,1.025,-0.75,-6.67,-53.15,0.4679,0.4698,0.4680,0.4690,8226,28.168,718.1,378.3,472.9,22.6,495.5,21.06,23.53,0.86758,19.062,11.41,24.61,14,2
138.168,hall_mission,9x4.5,pi5,-1.512,2.932,-1.998,0.508,-0.892,0.002,1.027,-0.74,-6.67,-53.15,0.4683,0.4694,0.4673,0.4698,8226,28.171,718.1,378.4,473.0,22.6,495.6,21.06,23.53,0.86753,19.069,11.41,24.61,14,2
138.216,hall_mission,9x4.5,pi5,-1.491,2.897,-1.998,0.509,-0.892,0.002,1.028,-0.74,-6.68,-53.15,0.4678,0.4700,0.4675,0.4695,8226,28.170,718.1,378.4,473.0,22.6,495.6,21.06,23.53,0.86748,19.075,11.41,24.61,14,2
138.264,hall_mission,9x4.5,pi5,-1.462,2.847,-1.999,0.511,-0.893,0.002,1.029,-0.74,-6.69,-53.15,0.4681,0.4697,0.4681,0.4691,8227,28.177,718.3,378.5,473.1,22.6,495.7,21.07,23.53,0.86743,19.082,11.41,24.61,14,2
138.316,hall_mission,9x4.5,pi5,-1.442,2.812,-1.999,0.513,-0.893,0.003,1.030,-0.74,-6.69,-53.15,0.4680,0.4698,0.4683,0.4691,8228,28.181,718.4,378.6,473.3,22.6,495.9,21.07,23.53,0.86738,19.089,11.40,24.61,14,2
138.364,hall_mission,9x4.5,pi5,-1.409,2.755,-1.999,0.515,-0.894,0.003,1.031,-0.74,-6.70,-53.15,0.4681,0.4699,0.4677,0.4697,8229,28.187,718.6,378.7,473.4,22.6,496.0,21.08,23.53,0.86733,19.096,11.40,24.61,14,2
138.416,hall_mission,9x4.5,pi5,-1.388,2.719,-1.999,0.516,-0.894,0.003,1.032,-0.74,-6.71,-53.15,0.4681,0.4699,0.4683,0.4693,8229,28.192,718.7,378.8,473.5,22.6,496.1,21.08,23.53,0.86728,19.103,11.39,24.61,14,2
138.468,hall_mission,9x4.5,pi5,-1.359,2.669,-1.999,0.518,-0.895,0.003,1.034,-0.73,-6.72,-53.15,0.4683,0.4698,0.4684,0.4694,8230,28.199,718.9,379.0,473.7,22.6,496.3,21.09,23.53,0.86723,19.110,11.39,24.61,14,2
138.516,hall_mission,9x4.5,pi5,-1.338,2.634,-1.999,0.520,-0.895,0.003,1.035,-0.74,-6.72,-53.15,0.4677,0.4706,0.4681,0.4698,8231,28.207,719.1,379.1,473.9,22.6,496.5,21.10,23.53,0.86719,19.117,11.38,24.61,14,2
138.568,hall_mission,9x4.5,pi5,-1.304,2.577,-1.998,0.522,-0.895,0.003,1.036,-0.73,-6.73,-53.14,0.4686,0.4698,0.4684,0.4698,8233,28.216,719.3,379.3,474.1,22.6,496.7,21.11,23.53,0.86714,19.124,11.38,24.61,14,2
138.616,hall_mission,9x4.5,pi5,-1.283,2.541,-1.998,0.523,-0.896,0.003,1.037,-0.73,-6.73,-53.14,0.4681,0.4705,0.4685,0.4698,8234,28.225,719.5,379.5,474.4,22.6,497.0,21.12,23.53,0.86709,19.131,11.37,24.61,14,2
138.664,hall_mission,9x4.5,pi5,-1.253,2.491,-1.997,0.525,-0.896,0.003,1.039,-0.73,-6.74,-53.14,0.4683,0.4703,0.4685,0.4701,8235,28.229,719.6,379.6,474.5,22.6,497.1,21.13,23.53,0.86704,19.137,11.37,24.61,14,2
138.716,hall_mission,9x4.5,pi5,-1.232,2.455,-1.997,0.527,-0.896,0.003,1.040,-0.73,-6.75,-53.13,0.4680,0.4705,0.4682,0.4705,8235,28.233,719.7,379.7,474.6,22.6,497.2,21.13,23.53,0.86699,19.144,11.36,24.61,14,2
138.768,hall_mission,9x4.5,pi5,-1.198,2.398,-1.997,0.529,-0.897,0.002,1.041,-0.72,-6.75,-53.13,0.4682,0.4706,0.4681,0.4706,8236,28.236,719.8,379.7,474.6,22.6,497.2,21.13,23.53,0.86694,19.152,11.36,24.61,14,2
138.816,hall_mission,9x4.5,pi5,-1.177,2.362,-1.997,0.530,-0.898,0.002,1.042,-0.72,-6.76,-53.13,0.4687,0.4700,0.4690,0.4696,8236,28.237,719.8,379.7,474.6,22.6,497.2,21.13,23.53,0.86689,19.158,11.36,24.61,14,2
138.868,hall_mission,9x4.5,pi5,-1.147,2.312,-1.996,0.531,-0.898,0.002,1.044,-0.71,-6.76,-53.13,0.4690,0.4699,0.4683,0.4705,8237,28.244,720.0,379.9,474.8,22.6,497.4,21.14,23.53,0.86684,19.165,11.35,24.61,14,2
138.916,hall_mission,9x4.5,pi5,-1.125,2.275,-1.995,0.533,-0.899,0.001,1.045,-0.71,-6.77,-53.13,0.4687,0.4702,0.4685,0.4705,8237,28.248,720.1,380.0,474.9,22.6,497.5,21.15,23.53,0.86679,19.172,11.35,24.61,14,2
138.968,hall_mission,9x4.5,pi5,-1.091,2.218,-1.995,0.534,-0.900,0.001,1.046,-0.71,-6.78,-53.12,0.4694,0.4697,0.4681,0.4710,8239,28.256,720.3,380.1,475.1,22.6,497.7,21.16,23.53,0.86674,19.179,11.34,24.61,14,2
139.016,hall_mission,9x4.5,pi5,-1.070,2.181,-1.994,0.536,-0.900,0.000,1.047,-0.70,-6.78,-53.12,0.4688,0.4705,0.4690,0.4703,8240,28.264,720.5,380.3,475.4,22.6,498.0,21.17,23.53,0.86670,19.186,11.34,24.61,14,2
139.068,hall_mission,9x4.5,pi5,-1.040,2.131,-1.994,0.537,-0.901,-0.000,1.049,-0.69,-6.79,-53.12,0.4685,0.4710,0.4693,0.4700,8241,28.272,720.7,380.4,475.6,22.6,498.2,21.18,23.52,0.86665,19.193,11.33,24.61,14,2
139.116,hall_mission,9x4.5,pi5,-1.018,2.095,-1.993,0.538,-0.901,-0.001,1.049,-0.68,-6.79,-53.12,0.4687,0.4708,0.4687,0.4706,8241,28.273,720.8,380.5,475.6,22.6,498.2,21.18,23.52,0.86660,19.200,11.33,24.61,14,2
139.160,hall_mission,9x4.5,pi5,-0.997,2.058,-1.993,0.539,-0.901,-0.001,1.050,-0.67,-6.80,-53.12,0.4692,0.4704,0.4681,0.4714,8241,28.275,720.8,380.5,475.6,22.6,498.2,21.18,23.52,0.86656,19.206,11.33,24.61,14,2
139.208,hall_mission,9x4.5,pi5,-0.962,2.000,-1.992,0.541,-0.902,-0.002,1.052,-0.66,-6.80,-53.12,0.4684,0.4712,0.4692,0.4703,8242,28.277,720.9,380.5,475.7,22.6,498.3,21.18,23.52,0.86651,19.212,11.33,24.61,14,2
139.260,hall_mission,9x4.5,pi5,-0.941,1.964,-1.992,0.542,-0.902,-0.002,1.053,-0.66,-6.81,-53.12,0.4688,0.4708,0.4690,0.4706,8242,28.281,721.0,380.6,475.8,22.6,498.4,21.19,23.52,0.86646,19.220,11.32,24.61,14,2
139.308,hall_mission,9x4.5,pi5,-0.911,1.913,-1.991,0.543,-0.903,-0.003,1.054,-0.66,-6.81,-53.11,0.4686,0.4713,0.4694,0.4702,8243,28.289,721.2,380.8,476.0,22.6,498.6,21.20,23.52,0.86641,19.226,11.32,24.60,14,2
139.360,hall_mission,9x4.5,pi5,-0.889,1.877,-1.990,0.544,-0.904,-0.003,1.055,-0.66,-6.82,-53.11,0.4694,0.4706,0.4690,0.4708,8244,28.295,721.3,380.9,476.1,22.6,498.7,21.20,23.52,0.86636,19.233,11.31,24.60,14,2
139.408,hall_mission,9x4.5,pi5,-0.855,1.818,-1.990,0.546,-0.905,-0.004,1.057,-0.65,-6.83,-53.11,0.4691,0.4708,0.4694,0.4703,8244,28.292,721.3,380.8,476.1,22.6,498.7,21.20,23.52,0.86631,19.240,11.32,24.60,14,2
139.460,hall_mission,9x4.5,pi5,-0.834,1.781,-1.989,0.547,-0.906,-0.005,1.058,-0.65,-6.83,-53.11,0.4689,0.4710,0.4688,0.4710,8244,28.294,721.3,380.9,476.1,22.6,498.7,21.20,23.52,0.86626,19.247,11.31,24.60,14,2
139.508,hall_mission,9x4.5,pi5,-0.803,1.729,-1.989,0.548,-0.907,-0.005,1.060,-0.64,-6.84,-53.11,0.4688,0.4711,0.4690,0.4708,8244,28.292,721.3,380.8,476.1,22.6,498.7,21.20,23.52,0.86621,19.254,11.31,24.60,14,2
139.560,hall_mission,9x4.5,pi5,-0.782,1.692,-1.989,0.549,-0.908,-0.006,1.061,-0.63,-6.84,-53.10,0.4690,0.4708,0.4692,0.4706,8244,28.292,721.2,380.8,476.0,22.6,498.6,21.20,23.52,0.86616,19.261,11.31,24.60,14,2
139.608,hall_mission,9x4.5,pi5,-0.746,1.633,-1.988,0.551,-0.909,-0.006,1.063,-0.62,-6.84,-53.10,0.4687,0.4710,0.4696,0.4702,8243,28.290,721.2,380.8,476.0,22.6,498.6,21.20,23.52,0.86612,19.268,11.31,24.60,14,2
139.660,hall_mission,9x4.5,pi5,-0.724,1.597,-1.988,0.552,-0.910,-0.006,1.064,-0.62,-6.84,-53.10,0.4689,0.4707,0.4686,0.4711,8242,28.283,721.0,380.7,475.8,22.6,498.4,21.19,23.52,0.86607,19.275,11.32,24.60,14,2
139.708,hall_mission,9x4.5,pi5,-0.693,1.545,-1.988,0.554,-0.910,-0.007,1.065,-0.61,-6.84,-53.10,0.4685,0.4710,0.4698,0.4698,8242,28.279,720.9,380.6,475.7,22.6,498.3,21.19,23.52,0.86602,19.282,11.32,24.60,14,2
139.760,hall_mission,9x4.5,pi5,-0.671,1.509,-1.988,0.555,-0.910,-0.007,1.066,-0.60,-6.84,-53.10,0.4686,0.4708,0.4683,0.4712,8241,28.272,720.7,380.4,475.5,22.6,498.1,21.18,23.52,0.86597,19.289,11.32,24.60,14,2
139.808,hall_mission,9x4.5,pi5,-0.636,1.451,-1.989,0.557,-0.910,-0.008,1.067,-0.60,-6.85,-53.10,0.4687,0.4707,0.4688,0.4705,8240,28.269,720.7,380.4,475.5,22.6,498.1,21.18,23.52,0.86592,19.295,11.32,24.60,14,2
139.860,hall_mission,9x4.5,pi5,-0.613,1.415,-1.989,0.558,-0.910,-0.008,1.067,-0.60,-6.85,-53.10,0.4686,0.4708,0.4686,0.4706,8240,28.264,720.5,380.3,475.3,22.6,497.9,21.17,23.52,0.86587,19.303,11.32,24.60,14,2
139.908,hall_mission,9x4.5,pi5,-0.582,1.365,-1.989,0.559,-0.909,-0.008,1.068,-0.59,-6.85,-53.10,0.4688,0.4703,0.4689,0.4701,8238,28.252,720.2,380.0,475.0,22.6,497.6,21.16,23.52,0.86582,19.309,11.33,24.60,14,2
139.960,hall_mission,9x4.5,pi5,-0.560,1.329,-1.990,0.560,-0.909,-0.008,1.068,-0.59,-6.86,-53.10,0.4686,0.4704,0.4687,0.4701,8237,28.245,720.0,379.9,474.9,22.6,497.5,21.15,23.52,0.86577,19.316,11.33,24.60,14,2
140.008,hall_mission,9x4.5,pi5,-0.524,1.272,-1.990,0.562,-0.909,-0.008,1.068,-0.59,-6.87,-53.10,0.4679,0.4709,0.4687,0.4700,8236,28.238,719.9,379.7,474.7,22.6,497.3,21.14,23.52,0.86572,19.323,11.34,24.60,14,2
140.060,hall_mission,9x4.5,pi5,-0.502,1.236,-1.991,0.563,-0.908,-0.008,1.069,-0.60,-6.88,-53.10,0.4694,0.4695,0.4682,0.4704,8236,28.238,719.9,379.7,474.7,22.6,497.3,21.14,23.52,0.86567,19.330,11.33,24.60,14,2
140.108,hall_mission,9x4.5,pi5,-0.471,1.186,-1.991,0.564,-0.908,-0.007,1.069,-0.59,-6.89,-53.10,0.4682,0.4708,0.4687,0.4698,8236,28.239,719.9,379.8,474.7,22.6,497.3,21.14,23.52,0.86563,19.337,11.33,24.60,14,2
140.160,hall_mission,9x4.5,pi5,-0.448,1.151,-1.992,0.565,-0.908,-0.007,1.069,-0.59,-6.90,-53.10,0.4688,0.4694,0.4689,0.4688,8230,28.200,718.9,379.0,473.7,22.6,496.3,21.10,23.52,0.86558,19.344,11.35,24.60,14,2
140.208,hall_mission,9x4.5,pi5,-0.412,1.094,-1.992,0.566,-0.908,-0.006,1.070,-0.59,-6.89,-53.10,0.4689,0.4687,0.4687,0.4686,8226,28.173,718.2,378.4,473.0,22.6,495.6,21.07,23.52,0.86553,19.351,11.37,24.60,14,2
140.252,hall_mission,9x4.5,pi5,-0.390,1.058,-1.992,0.567,-0.907,-0.005,1.070,-0.58,-6.83,-53.10,0.4695,0.4678,0.4684,0.4685,8224,28.158,717.8,378.1,472.7,22.6,495.3,21.06,23.52,0.86549,19.357,11.38,24.60,14,2
140.300,hall_mission,9x4.5,pi5,-0.367,1.022,-1.992,0.567,-0.906,-0.003,1.069,-0.58,-6.71,-53.10,0.4687,0.4685,0.4688,0.4679,8223,28.149,717.6,377.9,472.4,22.6,495.0,21.05,23.52,0.86544,19.363,11.38,24.60,14,2
140.352,hall_mission,9x4.5,pi5,-0.335,0.972,-1.992,0.566,-0.904,-0.002,1.067,-0.58,-6.45,-53.10,0.4681,0.4692,0.4683,0.4683,8223,28.147,717.6,377.9,472.4,22.6,495.0,21.04,23.52,0.86539,19.371,11.38,24.60,14,2
140.400,hall_mission,9x4.5,pi5,-0.313,0.937,-1.992,0.565,-0.901,-0.001,1.064,-0.58,-6.23,-53.10,0.4683,0.4690,0.4676,0.4690,8223,28.151,717.7,378.0,472.5,22.6,495.1,21.05,23.52,0.86534,19.377,11.38,24.60,14,2
140.452,hall_mission,9x4.5,pi5,-0.277,0.880,-1.992,0.561,-0.894,0.001,1.055,-0.59,-5.85,-53.10,0.4684,0.4691,0.4676,0.4691,8224,28.156,717.8,378.1,472.6,22.6,495.2,21.06,23.52,0.86529,19.384,11.37,24.60,14,2
140.500,hall_mission,9x4.5,pi5,-0.254,0.845,-1.991,0.557,-0.888,0.001,1.048,-0.59,-5.57,-53.11,0.4679,0.4697,0.4678,0.4689,8224,28.159,717.9,378.2,472.7,22.6,495.3,21.06,23.52,0.86524,19.391,11.37,24.60,14,2
140.552,hall_mission,9x4.5,pi5,-0.224,0.795,-1.991,0.550,-0.878,0.002,1.036,-0.59,-5.14,-53.11,0.4760,0.4596,0.4606,0.4744,8211,28.073,715.7,376.5,470.7,22.6,493.3,20.97,23.52,0.86519,19.398,11.42,24.60,14,2
140.600,hall_mission,9x4.5,pi5,-0.202,0.760,-1.990,0.543,-0.870,0.002,1.025,-0.75,-4.82,-53.10,0.4654,0.4701,0.4675,0.4677,8211,28.069,715.6,376.3,470.4,22.6,493.0,20.96,23.52,0.86515,19.405,11.42,24.60,14,2
140.652,hall_mission,9x4.5,pi5,-0.168,0.705,-1.990,0.527,-0.855,0.003,1.005,-1.29,-4.29,-53.10,0.4650,0.4701,0.4680,0.4672,8210,28.058,715.3,376.1,470.2,22.6,492.8,20.95,23.52,0.86510,19.412,11.43,24.60,14,2
140.700,hall_mission,9x4.5,pi5,-0.147,0.671,-1.989,0.514,-0.846,0.004,0.989,-1.67,-3.94,-53.11,0.4652,0.4702,0.4677,0.4679,8212,28.078,715.8,376.5,470.7,22.6,493.3,20.97,23.52,0.86505,19.418,11.42,24.60,14,2
140.752,hall_mission,9x4.5,pi5,-0.120,0.624,-1.989,0.489,-0.833,0.005,0.966,-2.12,-3.44,-53.11,0.4643,0.4710,0.4675,0.4682,8212,28.077,715.8,376.5,470.6,22.6,493.2,20.97,23.52,0.86500,19.425,11.42,24.60,14,2
140.800,hall_mission,9x4.5,pi5,-0.102,0.591,-1.988,0.469,-0.823,0.006,0.947,-2.33,-3.13,-53.11,0.4654,0.4702,0.4680,0.4680,8214,28.091,716.1,376.8,471.0,22.6,493.6,20.99,23.52,0.86495,19.432,11.41,24.60,14,2
140.852,hall_mission,9x4.5,pi5,-0.074,0.539,-1.988,0.434,-0.807,0.007,0.916,-2.52,-2.71,-53.12,0.4656,0.4699,0.4676,0.4682,8213,28.083,715.9,376.6,470.8,22.6,493.4,20.98,23.52,0.86490,19.439,11.41,24.60,14,2
140.900,hall_mission,9x4.5,pi5,-0.058,0.507,-1.988,0.412,-0.796,0.007,0.896,-2.58,-2.46,-53.12,0.4662,0.4693,0.4677,0.4682,8214,28.085,716.0,376.7,470.8,22.6,493.4,20.98,23.52,0.86486,19.446,11.41,24.60,14,2
140.952,hall_mission,9x4.5,pi5,-0.038,0.462,-1.988,0.379,-0.779,0.007,0.866,-2.58,-2.11,-53.12,0.4656,0.4696,0.4671,0.4689,8213,28.081,715.9,376.6,470.7,22.6,493.3,20.98,23.52,0.86481,19.453,11.41,24.60,14,2
141.000,hall_mission,9x4.5,pi5,-0.024,0.431,-1.988,0.356,-0.766,0.008,0.845,-2.54,-1.91,-53.11,0.4664,0.4686,0.4676,0.4684,8213,28.079,715.8,376.5,470.7,22.6,493.3,20.97,23.52,0.86476,19.459,11.41,24.60,14,2
141.052,hall_mission,9x4.5,pi5,-0.005,0.383,-1.988,0.320,-0.744,0.008,0.810,-2.43,-1.63,-53.10,0.4664,0.4685,0.4678,0.4683,8212,28.077,715.8,376.5,470.6,22.6,493.2,20.97,23.52,0.86471,19.467,11.41,24.60,14,2
141.100,hall_mission,9x4.5,pi5,0.005,0.354,-1.988,0.298,-0.729,0.008,0.788,-2.33,-1.47,-53.09,0.4659,0.4689,0.4677,0.4684,8212,28.074,715.7,376.4,470.6,22.6,493.2,20.97,23.52,0.86466,19.473,11.41,24.60,14,2
141.152,hall_mission,9x4.5,pi5,0.019,0.313,-1.988,0.268,-0.708,0.008,0.757,-2.16,-1.24,-53.08,0.4664,0.4682,0.4673,0.4689,8212,28.074,715.7,376.4,470.6,22.6,493.2,20.97,23.52,0.86461,19.480,11.41,24.60,14,2
141.200,hall_mission,9x4.5,pi5,0.028,0.285,-1.988,0.248,-0.691,0.008,0.735,-2.04,-1.11,-53.06,0.4665,0.4680,0.4674,0.4686,8211,28.065,715.4,376.3,470.3,22.6,492.9,20.96,23.52,0.86456,19.487,11.42,24.60,14,2
141.252,hall_mission,9x4.5,pi5,0.040,0.242,-1.989,0.219,-0.664,0.024,0.699,-1.84,-0.94,-53.04,0.4141,0.4151,0.4146,0.4162,7448,23.094,588.7,280.9,351.1,22.6,373.7,15.78,23.67,0.86453,19.492,15.16,24.60,14,2
141.300,hall_mission,9x4.5,pi5,0.047,0.216,-1.987,0.202,-0.645,0.081,0.680,-1.71,-0.84,-53.03,0.4267,0.4280,0.4270,0.4291,7632,24.248,618.1,302.2,377.7,22.6,400.3,16.93,23.64,0.86449,19.498,14.13,24.59,14,2
141.352,hall_mission,9x4.5,pi5,0.056,0.181,-1.981,0.181,-0.618,0.154,0.662,-1.53,-0.70,-53.01,0.4379,0.4387,0.4379,0.4399,7790,25.262,644.0,321.3,401.7,22.6,424.3,17.97,23.61,0.86445,19.504,13.31,24.59,14,2
141.400,hall_mission,9x4.5,pi5,0.061,0.158,-1.975,0.167,-0.599,0.191,0.650,-1.41,-0.62,-53.00,0.4464,0.4473,0.4467,0.4482,7914,26.071,664.6,336.9,421.1,22.6,443.7,18.82,23.58,0.86440,19.510,12.71,24.59,14,2
141.452,hall_mission,9x4.5,pi5,0.069,0.121,-1.961,0.145,-0.568,0.228,0.629,-1.25,-0.52,-52.98,0.4510,0.4516,0.4512,0.4523,7978,26.494,675.4,345.1,431.4,22.6,454.0,19.26,23.57,0.86436,19.516,12.42,24.59,14,2
141.500,hall_mission,9x4.5,pi5,0.073,0.100,-1.951,0.133,-0.549,0.243,0.615,-1.15,-0.46,-52.97,0.4562,0.4569,0.4558,0.4578,8052,26.988,688.0,354.8,443.5,22.6,466.1,19.79,23.55,0.86431,19.522,12.08,24.59,14,2
141.552,hall_mission,9x4.5,pi5,0.079,0.072,-1.937,0.117,-0.523,0.255,0.593,-1.00,-0.38,-52.95,0.4558,0.4565,0.4556,0.4570,8046,26.948,687.0,354.0,442.5,22.6,465.1,19.75,23.55,0.86427,19.529,12.11,24.59,14,2
141.600,hall_mission,9x4.5,pi5,0.082,0.052,-1.926,0.106,-0.504,0.262,0.578,-0.91,-0.33,-52.94,0.4596,0.4603,0.4589,0.4611,8100,27.311,696.2,361.2,451.5,22.6,474.1,20.14,23.54,0.86422,19.535,11.87,24.59,14,2
141.652,hall_mission,9x4.5,pi5,0.087,0.023,-1.908,0.091,-0.474,0.266,0.551,-0.78,-0.27,-52.93,0.4582,0.4582,0.4576,0.4589,8074,27.142,691.9,357.8,447.3,22.6,469.9,19.96,23.55,0.86417,19.542,11.98,24.59,14,2
141.700,hall_mission,9x4.5,pi5,0.090,0.006,-1.896,0.082,-0.456,0.270,0.536,-0.70,-0.24,-52.92,0.4608,0.4619,0.4607,0.4621,8120,27.450,699.8,364.0,454.9,22.6,477.5,20.29,23.54,0.86413,19.549,11.78,24.59,14,2
141.752,hall_mission,9x4.5,pi5,0.093,-0.016,-1.881,0.070,-0.430,0.271,0.513,-0.60,-0.20,-52.90,0.4589,0.4586,0.4583,0.4593,8082,27.196,693.3,358.9,448.6,22.6,471.2,20.02,23.54,0.86408,19.555,11.94,24.59,14,2
141.800,hall_mission,9x4.5,pi5,0.095,-0.031,-1.869,0.063,-0.413,0.272,0.498,-0.54,-0.18,-52.89,0.4615,0.4616,0.4608,0.4626,8124,27.473,700.4,364.4,455.5,22.6,478.1,20.32,23.54,0.86403,19.562,11.77,24.59,14,2
141.852,hall_mission,9x4.5,pi5,0.098,-0.054,-1.851,0.052,-0.385,0.272,0.474,-0.45,-0.16,-52.88,0.4586,0.4594,0.4582,0.4598,8085,27.216,693.8,359.3,449.1,22.6,471.7,20.04,23.54,0.86399,19.569,11.93,24.59,14,2
141.900,hall_mission,9x4.5,pi5,0.100,-0.068,-1.840,0.046,-0.368,0.274,0.461,-0.40,-0.15,-52.87,0.4616,0.4621,0.4616,0.4618,8126,27.489,700.8,364.7,455.9,22.6,478.5,20.33,23.53,0.86394,19.575,11.75,24.59,14,2
141.952,hall_mission,9x4.5,pi5,0.103,-0.086,-1.824,0.039,-0.346,0.273,0.442,-0.33,-0.13,-52.86,0.4586,0.4594,0.4583,0.4598,8086,27.217,693.8,359.3,449.2,22.6,471.8,20.04,23.54,0.86389,19.582,11.93,24.59,14,2
142.000,hall_mission,9x4.5,pi5,0.104,-0.098,-1.813,0.035,-0.330,0.274,0.431,-0.30,-0.13,-52.85,0.4616,0.4617,0.4612,0.4624,8125,27.483,700.6,364.6,455.8,22.6,478.4,20.33,23.53,0.86385,19.588,11.76,24.59,14,2
142.052,hall_mission,9x4.5,pi5,0.106,-0.116,-1.796,0.028,-0.306,0.274,0.412,-0.25,-0.12,-52.83,0.4591,0.4590,0.4584,0.4597,8086,27.223,694.0,359.4,449.3,22.6,471.9,20.05,23.54,0.86380,19.595,11.92,24.59,14,2
142.100,hall_mission,9x4.5,pi5,0.107,-0.127,-1.785,0.024,-0.292,0.276,0.402,-0.22,-0.11,-52.82,0.4615,0.4621,0.4612,0.4623,8126,27.490,700.8,364.8,455.9,22.6,478.5,20.34,23.53,0.86375,19.601,11.75,24.59,14,2
142.152,hall_mission,9x4.5,pi5,0.109,-0.141,-1.769,0.019,-0.273,0.275,0.387,-0.19,-0.10,-52.81,0.4586,0.4595,0.4586,0.4595,8086,27.222,694.0,359.4,449.3,22.6,471.9,20.05,23.54,0.86371,19.608,11.92,24.59,14,2
142.200,hall_mission,9x4.5,pi5,0.109,-0.151,-1.758,0.015,-0.260,0.276,0.379,-0.17,-0.10,-52.79,0.4617,0.4616,0.4612,0.4622,8125,27.479,700.5,364.5,455.7,22.6,478.3,20.32,23.53,0.86366,19.614,11.76,24.59,14,2
142.252,hall_mission,9x4.5,pi5,0.110,-0.167,-1.741,0.010,-0.240,0.275,0.365,-0.13,-0.09,-52.77,0.4585,0.4595,0.4587,0.4595,8086,27.221,694.0,359.4,449.3,22.6,471.9,20.05,23.54,0.86361,19.621,11.92,24.59,14,2
142.300,hall_mission,9x4.5,pi5,0.110,-0.176,-1.730,0.007,-0.229,0.277,0.359,-0.11,-0.08,-52.76,0.4614,0.4619,0.4612,0.4627,8126,27.490,700.8,364.8,455.9,22.6,478.5,20.34,23.53,0.86357,19.628,11.75,24.59,14,2
142.352,hall_mission,9x4.5,pi5,0.111,-0.188,-1.714,0.003,-0.213,0.275,0.348,-0.08,-0.07,-52.74,0.4588,0.4590,0.4591,0.4593,8086,27.221,693.9,359.4,449.3,22.6,471.9,20.05,23.54,0.86352,19.635,11.92,24.59,14,2
142.400,hall_mission,9x4.5,pi5,0.111,-0.196,-1.703,0.001,-0.203,0.276,0.343,-0.06,-0.07,-52.73,0.4616,0.4616,0.4614,0.4621,8124,27.478,700.5,364.5,455.6,22.6,478.2,20.32,23.53,0.86347,19.641,11.75,24.59,14,2
142.452,hall_mission,9x4.5,pi5,0.112,-0.209,-1.686,-0.002,-0.186,0.276,0.333,-0.03,-0.06,-52.71,0.4590,0.4590,0.4588,0.4593,8086,27.219,693.9,359.4,449.2,22.6,471.8,20.04,23.54,0.86343,19.648,11.92,24.59,14,2
142.500,hall_mission,9x4.5,pi5,0.112,-0.216,-1.675,-0.004,-0.177,0.277,0.329,-0.01,-0.05,-52.70,0.4613,0.4619,0.4610,0.4622,8123,27.471,700.3,364.4,455.5,22.6,478.1,20.32,23.53,0.86338,19.654,11.75,24.59,14,2
142.552,hall_mission,9x4.5,pi5,0.113,-0.226,-1.660,-0.006,-0.164,0.276,0.321,0.01,-0.03,-52.68,0.4588,0.4591,0.4590,0.4588,8084,27.208,693.6,359.2,449.0,22.6,471.6,20.03,23.54,0.86333,19.661,11.92,24.59,14,2
142.592,hall_mission,9x4.5,pi5,0.113,-0.233,-1.650,-0.007,-0.155,0.277,0.317,0.03,-0.02,-52.67,0.4603,0.4619,0.4605,0.4617,8116,27.423,699.1,363.4,454.3,22.6,476.9,20.27,23.53,0.86329,19.666,11.78,24.59,14,2
142.644,hall_mission,9x4.5,pi5,0.114,-0.243,-1.632,-0.009,-0.141,0.277,0.311,0.05,-0.00,-52.65,0.4599,0.4598,0.4594,0.4604,8098,27.302,696.0,361.0,451.3,22.6,473.9,20.13,23.54,0.86325,19.673,11.86,24.59,14,2
142.692,hall_mission,9x4.5,pi5,0.114,-0.249,-1.621,-0.010,-0.133,0.277,0.307,0.06,0.01,-52.65,0.4621,0.4626,0.4623,0.4625,8135,27.547,702.3,365.9,457.4,22.6,480.0,20.40,23.53,0.86320,19.679,11.70,24.59,14,2
142.744,hall_mission,9x4.5,pi5,0.114,-0.256,-1.605,-0.011,-0.121,0.275,0.300,0.08,0.04,-52.63,0.4591,0.4590,0.4589,0.4594,8087,27.226,694.1,359.5,449.4,22.6,472.0,20.05,23.54,0.86315,19.686,11.91,24.59,14,2
142.788,hall_mission,9x4.5,pi5,0.115,-0.261,-1.594,-0.012,-0.113,0.276,0.298,0.09,0.05,-52.62,0.4620,0.4616,0.4614,0.4622,8126,27.490,700.8,364.8,455.9,22.6,478.5,20.34,23.53,0.86311,19.692,11.74,24.59,14,2
142.840,hall_mission,9x4.5,pi5,0.116,-0.266,-1.583,-0.012,-0.105,0.274,0.294,0.10,0.06,-52.61,0.4586,0.4596,0.4593,0.4589,8087,27.227,694.1,359.5,449.4,22.6,472.0,20.05,23.54,0.86306,19.699,11.90,24.59,14,2
142.888,hall_mission,9x4.5,pi5,0.117,-0.273,-1.564,-0.013,-0.094,0.276,0.291,0.11,0.08,-52.60,0.4620,0.4618,0.4618,0.4619,8127,27.499,701.0,364.9,456.2,22.6,478.8,20.35,23.53,0.86302,19.705,11.73,24.59,14,2
142.936,hall_mission,9x4.5,pi5,0.118,-0.277,-1.553,-0.013,-0.087,0.275,0.288,0.11,0.10,-52.59,0.4589,0.4586,0.4581,0.4592,8081,27.189,693.1,358.8,448.5,22.6,471.1,20.01,23.54,0.86297,19.712,11.93,24.59,14,2
142.988,hall_mission,9x4.5,pi5,0.119,-0.282,-1.536,-0.013,-0.077,0.276,0.287,0.11,0.12,-52.57,0.4622,0.4619,0.4618,0.4622,8129,27.512,701.4,365.2,456.5,22.6,479.1,20.36,23.53,0.86292,19.719,11.72,24.59,14,2
143.036,hall_mission,9x4.5,pi5,0.120,-0.286,-1.525,-0.013,-0.071,0.271,0.281,0.11,0.13,-52.57,0.5115,0.5119,0.5113,0.5120,8849,32.601,831.1,471.1,588.8,22.6,611.4,26.18,23.35,0.86287,19.727,9.11,24.59,14,2
143.088,hall_mission,9x4.5,pi5,0.122,-0.291,-1.510,-0.014,-0.060,0.168,0.179,0.10,0.15,-52.55,0.4995,0.4993,0.4989,0.4999,8671,31.303,798.0,443.2,554.0,22.6,576.6,24.64,23.40,0.86281,19.735,9.68,24.59,14,2
143.136,hall_mission,9x4.5,pi5,0.123,-0.294,-1.504,-0.014,-0.054,0.113,0.126,0.09,0.17,-52.54,0.4839,0.4847,0.4848,0.4840,8453,29.747,758.3,410.6,513.2,22.6,535.8,22.85,23.45,0.86276,19.742,10.44,24.59,14,2
143.188,hall_mission,9x4.5,pi5,0.124,-0.298,-1.500,-0.015,-0.046,0.066,0.082,0.08,0.19,-52.52,0.4772,0.4775,0.4772,0.4776,8352,29.040,740.3,396.0,495.0,22.6,517.6,22.05,23.48,0.86270,19.750,10.82,24.59,14,2
143.236,hall_mission,9x4.5,pi5,0.125,-0.300,-1.499,-0.016,-0.041,0.046,0.063,0.07,0.20,-52.52,0.4719,0.4720,0.4723,0.4716,8273,28.495,726.4,384.9,481.2,22.6,503.8,21.44,23.49,0.86266,19.756,11.12,24.59,14,2
143.288,hall_mission,9x4.5,pi5,0.125,-0.304,-1.498,-0.017,-0.033,0.028,0.047,0.06,0.22,-52.50,0.4697,0.4702,0.4700,0.4701,8245,28.302,721.5,381.0,476.3,22.6,498.9,21.23,23.50,0.86260,19.764,11.24,24.58,14,2
143.340,hall_mission,9x4.5,pi5,0.125,-0.307,-1.499,-0.018,-0.029,0.023,0.041,0.06,0.23,-52.49,0.4683,0.4684,0.4684,0.4684,8222,28.140,717.4,377.8,472.2,22.6,494.8,21.05,23.50,0.86255,19.771,11.33,24.58,14,2
143.388,hall_mission,9x4.5,pi5,0.125,-0.310,-1.499,-0.020,-0.023,0.018,0.036,0.05,0.25,-52.47,0.4678,0.4676,0.4678,0.4680,8213,28.080,715.8,376.6,470.7,22.6,493.3,20.99,23.51,0.86251,19.777,11.36,24.58,14,2
143.440,hall_mission,9x4.5,pi5,0.125,-0.313,-1.500,-0.022,-0.019,0.017,0.033,0.06,0.26,-52.45,0.4677,0.4673,0.4673,0.4679,8209,28.057,715.2,376.1,470.1,22.6,492.7,20.96,23.51,0.86246,19.784,11.38,24.58,14,2
143.488,hall_mission,9x4.5,pi5,0.125,-0.316,-1.501,-0.023,-0.013,0.015,0.031,0.06,0.28,-52.43,0.4668,0.4675,0.4676,0.4671,8205,28.026,714.5,375.5,469.4,22.6,492.0,20.93,23.51,0.86241,19.791,11.39,24.58,14,2
143.540,hall_mission,9x4.5,pi5,0.125,-0.318,-1.501,-0.025,-0.010,0.014,0.030,0.07,0.30,-52.42,0.4673,0.4672,0.4670,0.4676,8206,28.031,714.6,375.6,469.5,22.6,492.1,20.93,23.51,0.86236,19.798,11.39,24.58,14,2
143.588,hall_mission,9x4.5,pi5,0.125,-0.321,-1.502,-0.026,-0.005,0.014,0.030,0.08,0.31,-52.40,0.4671,0.4671,0.4670,0.4672,8203,28.014,714.2,375.2,469.0,22.6,491.6,20.91,23.51,0.86231,19.805,11.40,24.58,14,2
143.640,hall_mission,9x4.5,pi5,0.124,-0.323,-1.503,-0.027,-0.002,0.014,0.030,0.09,0.33,-52.39,0.4672,0.4672,0.4674,0.4672,8205,28.028,714.5,375.5,469.4,22.6,492.0,20.93,23.51,0.86226,19.812,11.39,24.58,14,2
143.688,hall_mission,9x4.5,pi5,0.124,-0.325,-1.504,-0.029,0.003,0.013,0.032,0.11,0.34,-52.37,0.4673,0.4668,0.4668,0.4675,8203,28.014,714.2,375.2,469.0,22.6,491.6,20.92,23.51,0.86222,19.818,11.40,24.58,14,2
143.736,hall_mission,9x4.5,pi5,0.124,-0.326,-1.504,-0.030,0.007,0.013,0.033,0.12,0.35,-52.36,0.4670,0.4675,0.4673,0.4674,8206,28.032,714.6,375.6,469.5,22.6,492.1,20.94,23.51,0.86217,19.825,11.39,24.58,14,2
143.788,hall_mission,9x4.5,pi5,0.123,-0.327,-1.505,-0.031,0.011,0.012,0.035,0.14,0.37,-52.34,0.4668,0.4676,0.4672,0.4673,8205,28.024,714.4,375.4,469.3,22.6,491.9,20.93,23.51,0.86212,19.832,11.39,24.58,14,2
143.836,hall_mission,9x4.5,pi5,0.123,-0.328,-1.505,-0.032,0.014,0.012,0.037,0.15,0.38,-52.33,0.4672,0.4675,0.4669,0.4678,8207,28.038,714.8,375.7,469.6,22.6,492.2,20.94,23.50,0.86207,19.838,11.38,24.58,14,2
143.888,hall_mission,9x4.5,pi5,0.122,-0.329,-1.505,-0.033,0.019,0.012,0.040,0.16,0.39,-52.31,0.4671,0.4675,0.4674,0.4673,8207,28.037,714.8,375.7,469.6,22.6,492.2,20.94,23.50,0.86202,19.846,11.38,24.58,14,2
143.936,hall_mission,9x4.5,pi5,0.121,-0.330,-1.505,-0.034,0.022,0.012,0.042,0.17,0.40,-52.30,0.4672,0.4677,0.4676,0.4674,8208,28.049,715.0,375.9,469.9,22.6,492.5,20.96,23.50,0.86198,19.852,11.37,24.58,14,2
143.988,hall_mission,9x4.5,pi5,0.120,-0.330,-1.505,-0.035,0.026,0.012,0.045,0.18,0.41,-52.28,0.4676,0.4673,0.4678,0.4672,8208,28.049,715.1,375.9,469.9,22.6,492.5,20.96,23.50,0.86192,19.859,11.37,24.58,14,2
144.040,hall_mission,9x4.5,pi5,0.119,-0.330,-1.505,-0.036,0.029,0.011,0.048,0.19,0.41,-52.27,0.4673,0.4676,0.4675,0.4674,8208,28.048,715.0,375.9,469.9,22.6,492.5,20.95,23.50,0.86187,19.866,11.37,24.58,14,2
144.088,hall_mission,9x4.5,pi5,0.116,-0.330,-1.505,-0.038,0.033,0.011,0.051,0.20,0.41,-52.25,0.4674,0.4675,0.4669,0.4679,8208,28.044,714.9,375.8,469.8,22.6,492.4,20.95,23.50,0.86183,19.873,11.37,24.58,14,2
144.136,hall_mission,9x4.5,pi5,0.115,-0.330,-1.505,-0.039,0.036,0.010,0.054,0.21,0.41,-52.24,0.4678,0.4669,0.4671,0.4676,8207,28.040,714.8,375.8,469.7,22.6,492.3,20.95,23.50,0.86178,19.880,11.37,24.58,14,2
144.188,hall_mission,9x4.5,pi5,0.113,-0.330,-1.505,-0.040,0.039,0.010,0.056,0.23,0.40,-52.22,0.4673,0.4675,0.4676,0.4672,8207,28.040,714.8,375.8,469.7,22.6,492.3,20.95,23.50,0.86173,19.887,11.37,24.58,14,2
144.240,hall_mission,9x4.5,pi5,0.112,-0.330,-1.505,-0.040,0.041,0.010,0.058,0.24,0.40,-52.21,0.4674,0.4674,0.4672,0.4676,8208,28.044,714.9,375.8,469.8,22.6,492.4,20.95,23.50,0.86168,19.894,11.37,24.58,14,2
144.288,hall_mission,9x4.5,pi5,0.110,-0.329,-1.505,-0.040,0.044,0.010,0.060,0.25,0.39,-52.19,0.4674,0.4676,0.4678,0.4671,8208,28.050,715.1,376.0,470.0,22.6,492.6,20.96,23.50,0.86163,19.900,11.36,24.58,14,2
144.340,hall_mission,9x4.5,pi5,0.109,-0.329,-1.505,-0.040,0.046,0.009,0.062,0.27,0.39,-52.18,0.4677,0.4672,0.4674,0.4676,8208,28.046,715.0,375.9,469.9,22.6,492.5,20.95,23.50,0.86158,19.907,11.37,24.58,14,2
144.388,hall_mission,9x4.5,pi5,0.107,-0.328,-1.504,-0.040,0.048,0.009,0.063,0.28,0.39,-52.16,0.4677,0.4670,0.4673,0.4676,8208,28.045,714.9,375.9,469.8,22.6,492.4,20.95,23.50,0.86154,19.914,11.37,24.58,14,2
144.440,hall_mission,9x4.5,pi5,0.106,-0.328,-1.505,-0.040,0.050,0.009,0.064,0.29,0.39,-52.15,0.4675,0.4671,0.4675,0.4673,8207,28.037,714.8,375.7,469.6,22.6,492.2,20.95,23.50,0.86149,19.921,11.37,24.58,14,2
144.488,hall_mission,9x4.5,pi5,0.104,-0.327,-1.505,-0.039,0.052,0.008,0.066,0.30,0.39,-52.14,0.4670,0.4676,0.4677,0.4671,8206,28.036,714.7,375.7,469.6,22.6,492.2,20.94,23.50,0.86144,19.928,11.37,24.58,14,2
144.536,hall_mission,9x4.5,pi5,0.104,-0.325,-1.504,-0.039,0.054,0.008,0.067,0.31,0.39,-52.12,0.4670,0.4675,0.4672,0.4676,8206,28.035,714.7,375.7,469.6,22.6,492.2,20.94,23.50,0.86139,19.934,11.37,24.58,14,2
144.588,hall_mission,9x4.5,pi5,0.102,-0.324,-1.504,-0.038,0.056,0.008,0.069,0.32,0.39,-52.10,0.4674,0.4673,0.4677,0.4672,8207,28.043,714.9,375.8,469.8,22.6,492.4,20.95,23.50,0.86134,19.941,11.36,24.58,14,2
144.636,hall_mission,9x4.5,pi5,0.102,-0.322,-1.504,-0.038,0.058,0.008,0.070,0.32,0.40,-52.09,0.4677,0.4670,0.4674,0.4674,8207,28.041,714.8,375.8,469.7,22.6,492.3,20.95,23.50,0.86130,19.948,11.36,24.58,14,2
144.688,hall_mission,9x4.5,pi5,0.101,-0.320,-1.504,-0.037,0.061,0.008,0.071,0.32,0.40,-52.08,0.4673,0.4676,0.4673,0.4674,8208,28.045,714.9,375.9,469.8,22.6,492.4,20.95,23.50,0.86125,19.955,11.36,24.58,14,2
144.736,hall_mission,9x4.5,pi5,0.100,-0.318,-1.503,-0.036,0.062,0.008,0.072,0.32,0.39,-52.07,0.4669,0.4679,0.4673,0.4675,8207,28.042,714.9,375.8,469.8,22.6,492.4,20.95,23.50,0.86120,19.962,11.36,24.58,14,2
144.788,hall_mission,9x4.5,pi5,0.100,-0.316,-1.503,-0.035,0.064,0.007,0.073,0.32,0.39,-52.05,0.4682,0.4668,0.4672,0.4675,8208,28.046,715.0,375.9,469.8,22.6,492.4,20.96,23.50,0.86115,19.969,11.36,24.58,14,2
144.836,hall_mission,9x4.5,pi5,0.100,-0.314,-1.503,-0.034,0.065,0.007,0.074,0.31,0.39,-52.04,0.4673,0.4675,0.4674,0.4674,8207,28.042,714.9,375.8,469.7,22.6,492.3,20.95,23.50,0.86110,19.975,11.36,24.58,14,2
144.888,hall_mission,9x4.5,pi5,0.100,-0.311,-1.503,-0.033,0.067,0.007,0.075,0.30,0.39,-52.02,0.4674,0.4675,0.4674,0.4675,8208,28.044,714.9,375.8,469.8,22.6,492.4,20.95,23.50,0.86105,19.982,11.36,24.58,14,2
144.940,hall_mission,9x4.5,pi5,0.100,-0.308,-1.503,-0.032,0.068,0.007,0.075,0.29,0.39,-52.01,0.4677,0.4671,0.4674,0.4674,8207,28.043,714.9,375.8,469.8,22.6,492.4,20.95,23.50,0.86100,19.989,11.36,24.58,14,2
144.988,hall_mission,9x4.5,pi5,0.101,-0.305,-1.502,-0.031,0.069,0.007,0.076,0.28,0.39,-51.99,0.4675,0.4675,0.4674,0.4676,8209,28.052,715.1,376.0,470.0,22.6,492.6,20.96,23.50,0.86095,19.996,11.35,24.58,14,2
145.036,hall_mission,9x4.5,pi5,0.101,-0.303,-1.502,-0.030,0.070,0.006,0.077,0.27,0.40,-51.98,0.4679,0.4668,0.4678,0.4672,8208,28.045,715.0,375.9,469.8,22.6,492.4,20.96,23.50,0.86091,20.003,11.35,24.58,14,2
145.088,hall_mission,9x4.5,pi5,0.102,-0.299,-1.501,-0.029,0.072,0.006,0.078,0.25,0.40,-51.96,0.4673,0.4675,0.4679,0.4673,8209,28.054,715.2,376.0,470.0,22.6,492.6,20.97,23.50,0.86086,20.010,11.35,24.58,14,2
145.140,hall_mission,9x4.5,pi5,0.102,-0.296,-1.501,-0.029,0.073,0.006,0.079,0.23,0.41,-51.95,0.4676,0.4671,0.4675,0.4675,8208,28.047,715.0,375.9,469.9,22.6,492.5,20.96,23.50,0.86081,20.017,11.35,24.58,14,2
145.188,hall_mission,9x4.5,pi5,0.103,-0.292,-1.500,-0.028,0.075,0.006,0.080,0.20,0.41,-51.93,0.4680,0.4671,0.4679,0.4673,8210,28.059,715.3,376.2,470.2,22.6,492.8,20.97,23.50,0.86076,20.023,11.34,24.58,14,2
145.236,hall_mission,9x4.5,pi5,0.103,-0.289,-1.500,-0.027,0.075,0.006,0.080,0.19,0.41,-51.92,0.4674,0.4676,0.4680,0.4671,8209,28.054,715.2,376.1,470.1,22.6,492.7,20.97,23.50,0.86071,20.030,11.34,24.58,14,2
145.288,hall_mission,9x4.5,pi5,0.104,-0.284,-1.499,-0.027,0.077,0.006,0.082,0.16,0.40,-51.90,0.4675,0.4677,0.4674,0.4679,8211,28.067,715.5,376.3,470.4,22.6,493.0,20.98,23.49,0.86066,20.037,11.34,24.57,14,2
145.340,hall_mission,9x4.5,pi5,0.104,-0.281,-1.499,-0.026,0.078,0.006,0.083,0.14,0.40,-51.88,0.4676,0.4673,0.4678,0.4675,8210,28.059,715.3,376.1,470.2,22.6,492.8,20.97,23.49,0.86061,20.044,11.34,24.57,14,2
145.388,hall_mission,9x4.5,pi5,0.105,-0.276,-1.498,-0.026,0.079,0.006,0.083,0.10,0.39,-51.86,0.4670,0.4682,0.4676,0.4679,8212,28.072,715.6,376.4,470.5,22.6,493.1,20.99,23.49,0.86057,20.051,11.33,24.57,14,2
145.440,hall_mission,9x4.5,pi5,0.105,-0.273,-1.497,-0.026,0.079,0.008,0.084,0.08,0.39,-51.85,0.4134,0.4129,0.4137,0.4128,7422,22.931,584.6,277.9,347.4,22.6,370.0,15.64,23.65,0.86053,20.056,15.20,24.57,14,2
145.488,hall_mission,9x4.5,pi5,0.105,-0.268,-1.494,-0.026,0.078,0.091,0.123,0.05,0.38,-51.83,0.4256,0.4258,0.4256,0.4259,7603,24.064,613.5,298.7,373.4,22.6,396.0,16.77,23.62,0.86049,20.061,14.18,24.57,14,2
145.540,hall_mission,9x4.5,pi5,0.105,-0.265,-1.489,-0.026,0.078,0.144,0.166,0.03,0.37,-51.82,0.4387,0.4386,0.4387,0.4389,7792,25.275,644.3,321.6,402.0,22.6,424.6,18.00,23.58,0.86045,20.068,13.21,24.57,14,2
145.588,hall_mission,9x4.5,pi5,0.106,-0.261,-1.478,-0.026,0.077,0.195,0.211,0.01,0.37,-51.80,0.4475,0.4472,0.4479,0.4472,7918,26.101,665.4,337.5,421.8,22.6,444.4,18.87,23.56,0.86041,20.074,12.60,24.57,14,2
145.640,hall_mission,9x4.5,pi5,0.106,-0.258,-1.469,-0.026,0.076,0.218,0.233,-0.00,0.37,-51.79,0.4510,0.4511,0.4516,0.4507,7971,26.454,674.4,344.3,430.4,22.6,453.0,19.24,23.55,0.86036,20.080,12.36,24.57,14,2
145.688,hall_mission,9x4.5,pi5,0.106,-0.254,-1.453,-0.027,0.075,0.243,0.256,-0.02,0.37,-51.77,0.4564,0.4566,0.4566,0.4564,8049,26.972,687.6,354.5,443.1,22.6,465.7,19.79,23.53,0.86032,20.086,12.01,24.57,14,2
145.740,hall_mission,9x4.5,pi5,0.105,-0.251,-1.442,-0.027,0.074,0.251,0.263,-0.03,0.37,-51.76,0.4565,0.4563,0.4563,0.4566,8049,26.968,687.5,354.4,443.0,22.6,465.6,19.79,23.53,0.86027,20.093,12.01,24.57,14,2
145.788,hall_mission,9x4.5,pi5,0.105,-0.248,-1.426,-0.028,0.073,0.261,0.272,-0.05,0.37,-51.74,0.4598,0.4606,0.4601,0.4604,8103,27.334,696.8,361.7,452.1,22.6,474.7,20.19,23.52,0.86022,20.099,11.77,24.57,14,2
145.840,hall_mission,9x4.5,pi5,0.104,-0.245,-1.415,-0.029,0.072,0.263,0.274,-0.05,0.37,-51.73,0.4582,0.4581,0.4583,0.4580,8073,27.135,691.7,357.7,447.1,22.6,469.7,19.97,23.52,0.86018,20.106,11.90,24.57,14,2
145.888,hall_mission,9x4.5,pi5,0.102,-0.241,-1.397,-0.030,0.071,0.267,0.278,-0.06,0.36,-51.72,0.4615,0.4611,0.4613,0.4611,8118,27.433,699.4,363.6,454.5,22.6,477.1,20.29,23.51,0.86013,20.112,11.71,24.57,14,2
145.936,hall_mission,9x4.5,pi5,0.101,-0.238,-1.386,-0.031,0.070,0.267,0.278,-0.06,0.36,-51.71,0.4579,0.4586,0.4585,0.4580,8075,27.146,692.0,357.9,447.4,22.6,470.0,19.98,23.52,0.86009,20.119,11.89,24.57,14,2
145.989,hall_mission,9x4.5,pi5,0.099,-0.235,-1.371,-0.032,0.069,0.270,0.281,-0.06,0.35,-51.69,0.4616,0.4617,0.4619,0.4611,8123,27.471,700.3,364.4,455.5,22.6,478.1,20.33,23.51,0.86004,20.126,11.69,24.57,14,2
146.037,hall_mission,9x4.5,pi5,0.098,-0.232,-1.360,-0.032,0.068,0.269,0.280,-0.06,0.34,-51.68,0.4592,0.4587,0.4593,0.4585,8085,27.210,693.7,359.2,449.0,22.6,471.6,20.05,23.52,0.85999,20.132,11.85,24.57,14,2
146.085,hall_mission,9x4.5,pi5,0.096,-0.229,-1.343,-0.034,0.067,0.271,0.281,-0.05,0.33,-51.66,0.4613,0.4620,0.4618,0.4614,8124,27.473,700.4,364.4,455.5,22.6,478.1,20.34,23.51,0.85995,20.138,11.68,24.57,14,2
146.133,hall_mission,9x4.5,pi5,0.094,-0.227,-1.332,-0.034,0.066,0.271,0.281,-0.05,0.33,-51.65,0.4593,0.4582,0.4591,0.4583,8082,27.189,693.1,358.8,448.5,22.6,471.1,20.03,23.52,0.85990,20.145,11.86,24.57,14,2
146.181,hall_mission,9x4.5,pi5,0.093,-0.225,-1.321,-0.035,0.065,0.273,0.283,-0.04,0.32,-51.64,0.4617,0.4612,0.4616,0.4613,8121,27.457,700.0,364.1,455.1,22.6,477.7,20.32,23.51,0.85986,20.151,11.69,24.57,14,2
146.233,hall_mission,9x4.5,pi5,0.091,-0.223,-1.306,-0.036,0.064,0.272,0.282,-0.03,0.31,-51.63,0.4586,0.4581,0.4588,0.4580,8077,27.157,692.3,358.1,447.7,22.6,470.3,20.00,23.52,0.85981,20.158,11.88,24.57,14,2
146.281,hall_mission,9x4.5,pi5,0.088,-0.219,-1.289,-0.036,0.062,0.275,0.284,-0.01,0.30,-51.61,0.4609,0.4614,0.4611,0.4609,8116,27.420,699.0,363.4,454.2,22.6,476.8,20.28,23.51,0.85976,20.164,11.71,24.57,14,2
146.333,hall_mission,9x4.5,pi5,0.087,-0.218,-1.278,-0.036,0.061,0.275,0.284,-0.00,0.29,-51.60,0.4597,0.4585,0.4589,0.4592,8087,27.223,694.0,359.5,449.3,22.6,471.9,20.07,23.52,0.85972,20.171,11.84,24.57,14,2
146.381,hall_mission,9x4.5,pi5,0.085,-0.215,-1.263,-0.036,0.061,0.276,0.285,0.01,0.29,-51.58,0.4616,0.4617,0.4618,0.4616,8124,27.479,700.5,364.5,455.7,22.6,478.3,20.35,23.51,0.85967,20.177,11.67,24.57,14,2
146.433,hall_mission,9x4.5,pi5,0.083,-0.213,-1.252,-0.036,0.060,0.275,0.284,0.02,0.28,-51.57,0.4588,0.4591,0.4591,0.4592,8086,27.222,694.0,359.4,449.3,22.6,471.9,20.07,23.52,0.85962,20.184,11.83,24.57,14,2
146.481,hall_mission,9x4.5,pi5,0.081,-0.211,-1.242,-0.036,0.059,0.276,0.284,0.04,0.27,-51.55,0.4614,0.4616,0.4614,0.4620,8124,27.474,700.4,364.4,455.5,22.6,478.1,20.34,23.51,0.85958,20.190,11.67,24.57,14,2
146.533,hall_mission,9x4.5,pi5,0.079,-0.208,-1.224,-0.035,0.058,0.275,0.283,0.04,0.27,-51.54,0.4591,0.4588,0.4588,0.4593,8086,27.217,693.8,359.3,449.2,22.6,471.8,20.06,23.52,0.85953,20.197,11.83,24.57,14,2
146.581,hall_mission,9x4.5,pi5,0.076,-0.205,-1.209,-0.035,0.057,0.276,0.285,0.06,0.26,-51.53,0.4619,0.4612,0.4614,0.4618,8123,27.469,700.3,364.3,455.4,22.6,478.0,20.34,23.51,0.85948,20.204,11.67,24.57,14,2
146.633,hall_mission,9x4.5,pi5,0.074,-0.203,-1.199,-0.035,0.057,0.275,0.283,0.06,0.25,-51.52,0.4590,0.4590,0.4588,0.4591,8085,27.213,693.7,359.3,449.1,22.6,471.7,20.06,23.52,0.85944,20.210,11.84,24.57,14,2
146.681,hall_mission,9x4.5,pi5,0.071,-0.200,-1.181,-0.034,0.056,0.276,0.284,0.08,0.24,-51.50,0.4616,0.4615,0.4614,0.4616,8122,27.465,700.2,364.3,455.3,22.6,477.9,20.33,23.51,0.85939,20.217,11.68,24.57,14,2
146.733,hall_mission,9x4.5,pi5,0.070,-0.198,-1.171,-0.034,0.055,0.276,0.283,0.08,0.24,-51.49,0.4591,0.4590,0.4589,0.4590,8085,27.216,693.8,359.3,449.1,22.6,471.7,20.06,23.51,0.85934,20.224,11.83,24.57,14,2
146.781,hall_mission,9x4.5,pi5,0.068,-0.196,-1.155,-0.033,0.054,0.277,0.284,0.10,0.23,-51.48,0.4615,0.4619,0.4619,0.4613,8124,27.475,700.4,364.5,455.6,22.6,478.2,20.34,23.51,0.85930,20.230,11.67,24.57,14,2
146.833,hall_mission,9x4.5,pi5,0.067,-0.195,-1.144,-0.032,0.053,0.276,0.283,0.11,0.22,-51.47,0.4586,0.4593,0.4593,0.4587,8085,27.213,693.7,359.3,449.1,22.6,471.7,20.06,23.51,0.85925,20.237,11.83,24.57,14,2
146.881,hall_mission,9x4.5,pi5,0.065,-0.193,-1.126,-0.030,0.052,0.277,0.283,0.12,0.22,-51.45,0.4617,0.4615,0.4612,0.4622,8124,27.474,700.4,364.4,455.6,22.6,478.2,20.34,23.51,0.85920,20.243,11.67,24.57,14,2
146.933,hall_mission,9x4.5,pi5,0.065,-0.192,-1.115,-0.029,0.051,0.276,0.282,0.12,0.22,-51.44,0.4595,0.4583,0.4593,0.4587,8085,27.212,693.7,359.2,449.0,22.6,471.6,20.06,23.51,0.85916,20.250,11.83,24.57,14,2
146.981,hall_mission,9x4.5,pi5,0.064,-0.190,-1.100,-0.027,0.050,0.277,0.283,0.13,0.23,-51.42,0.4620,0.4612,0.4617,0.4617,8124,27.478,700.5,364.5,455.6,22.6,478.2,20.35,23.50,0.85911,20.256,11.66,24.57,14,2
147.033,hall_mission,9x4.5,pi5,0.064,-0.189,-1.089,-0.026,0.050,0.276,0.282,0.13,0.23,-51.41,0.4591,0.4587,0.4590,0.4591,8085,27.213,693.7,359.3,449.1,22.6,471.7,20.06,23.51,0.85906,20.263,11.83,24.57,14,2
147.081,hall_mission,9x4.5,pi5,0.063,-0.186,-1.071,-0.024,0.049,0.277,0.282,0.13,0.24,-51.39,0.4619,0.4612,0.4618,0.4616,8124,27.474,700.4,364.4,455.6,22.6,478.2,20.34,23.50,0.85902,20.270,11.66,24.57,14,2
147.133,hall_mission,9x4.5,pi5,0.063,-0.185,-1.060,-0.023,0.049,0.277,0.282,0.13,0.25,-51.38,0.4592,0.4587,0.4589,0.4591,8085,27.212,693.7,359.2,449.1,22.6,471.7,20.06,23.51,0.85897,20.276,11.83,24.57,14,2
147.181,hall_mission,9x4.5,pi5,0.063,-0.183,-1.044,-0.022,0.049,0.278,0.283,0.12,0.26,-51.36,0.4619,0.4614,0.4620,0.4615,8124,27.479,700.5,364.5,455.7,22.6,478.3,20.35,23.50,0.85892,20.283,11.66,24.57,14,2
147.233,hall_mission,9x4.5,pi5,0.062,-0.181,-1.033,-0.021,0.049,0.277,0.282,0.11,0.27,-51.35,0.4587,0.4590,0.4586,0.4593,8084,27.208,693.6,359.2,449.0,22.6,471.6,20.06,23.51,0.85887,20.290,11.83,24.57,14,2
147.281,hall_mission,9x4.5,pi5,0.062,-0.178,-1.015,-0.020,0.049,0.278,0.283,0.11,0.28,-51.34,0.4616,0.4613,0.4616,0.4616,8122,27.464,700.1,364.2,455.3,22.6,477.9,20.33,23.50,0.85883,20.296,11.66,24.57,14,2
147.333,hall_mission,9x4.5,pi5,0.061,-0.177,-1.004,-0.020,0.049,0.277,0.282,0.10,0.28,-51.33,0.4585,0.4591,0.4590,0.4588,8084,27.203,693.5,359.1,448.8,22.6,471.4,20.05,23.51,0.85878,20.303,11.83,24.57,14,2
147.381,hall_mission,9x4.5,pi5,0.061,-0.174,-0.989,-0.019,0.049,0.278,0.283,0.09,0.28,-51.31,0.4615,0.4614,0.4617,0.4614,8122,27.461,700.1,364.2,455.2,22.6,477.8,20.33,23.50,0.85874,20.309,11.66,24.57,14,2
147.433,hall_mission,9x4.5,pi5,0.061,-0.172,-0.978,-0.019,0.049,0.277,0.282,0.08,0.29,-51.30,0.4590,0.4586,0.4588,0.4588,8083,27.200,693.4,359.0,448.8,22.6,471.4,20.05,23.51,0.85869,20.316,11.83,24.57,14,2
147.481,hall_mission,9x4.5,pi5,0.060,-0.169,-0.961,-0.018,0.049,0.278,0.283,0.07,0.29,-51.29,0.4613,0.4617,0.4615,0.4615,8121,27.458,700.0,364.1,455.2,22.6,477.8,20.33,23.50,0.85864,20.322,11.66,24.57,14,2
147.533,hall_mission,9x4.5,pi5,0.059,-0.168,-0.950,-0.018,0.049,0.278,0.283,0.07,0.29,-51.28,0.4586,0.4593,0.4593,0.4586,8085,27.213,693.8,359.3,449.1,22.6,471.7,20.06,23.51,0.85859,20.329,11.82,24.57,14,2
147.585,hall_mission,9x4.5,pi5,0.058,-0.165,-0.934,-0.018,0.049,0.280,0.284,0.06,0.28,-51.26,0.4619,0.4616,0.4620,0.4615,8125,27.485,700.7,364.7,455.8,22.6,478.4,20.36,23.50,0.85855,20.336,11.65,24.57,14,2
147.633,hall_mission,9x4.5,pi5,0.058,-0.164,-0.922,-0.018,0.048,0.278,0.283,0.05,0.28,-51.26,0.4589,0.4591,0.4589,0.4592,8086,27.220,693.9,359.4,449.2,22.6,471.8,20.07,23.51,0.85850,20.342,11.81,24.57,14,2
147.681,hall_mission,9x4.5,pi5,0.056,-0.161,-0.904,-0.018,0.048,0.279,0.284,0.05,0.27,-51.24,0.4617,0.4618,0.4621,0.4615,8126,27.487,700.7,364.7,455.9,22.6,478.5,20.36,23.50,0.85846,20.349,11.64,24.57,14,2
147.733,hall_mission,9x4.5,pi5,0.055,-0.159,-0.893,-0.019,0.048,0.279,0.283,0.05,0.27,-51.23,0.4587,0.4593,0.4592,0.4588,8086,27.218,693.9,359.4,449.2,22.6,471.8,20.07,23.51,0.85841,20.356,11.81,24.57,14,2
147.781,hall_mission,9x4.5,pi5,0.054,-0.157,-0.877,-0.019,0.047,0.280,0.284,0.05,0.26,-51.22,0.4620,0.4616,0.4620,0.4615,8126,27.487,700.7,364.7,455.9,22.6,478.5,20.36,23.50,0.85836,20.362,11.64,24.57,14,2
147.833,hall_mission,9x4.5,pi5,0.053,-0.156,-0.866,-0.019,0.047,0.279,0.283,0.05,0.25,-51.21,0.4596,0.4583,0.4592,0.4586,8085,27.209,693.6,359.2,449.0,22.6,471.6,20.06,23.51,0.85831,20.369,11.81,24.57,14,2
147.881,hall_mission,9x4.5,pi5,0.051,-0.153,-0.849,-0.019,0.046,0.279,0.284,0.05,0.24,-51.19,0.4612,0.4619,0.4612,0.4618,8122,27.465,700.2,364.3,455.3,22.6,477.9,20.34,23.50,0.85827,20.375,11.65,24.57,14,2
147.933,hall_mission,9x4.5,pi5,0.050,-0.151,-0.838,-0.019,0.046,0.279,0.283,0.05,0.24,-51.19,0.4592,0.4585,0.4587,0.4590,8083,27.202,693.5,359.0,448.8,22.6,471.4,20.05,23.51,0.85822,20.382,11.82,24.57,14,2
147.981,hall_mission,9x4.5,pi5,0.048,-0.148,-0.822,-0.019,0.046,0.280,0.284,0.06,0.23,-51.17,0.4610,0.4621,0.4616,0.4615,8123,27.466,700.2,364.3,455.3,22.6,477.9,20.34,23.50,0.85817,20.388,11.65,24.57,14,2
148.033,hall_mission,9x4.5,pi5,0.047,-0.146,-0.811,-0.019,0.046,0.279,0.283,0.06,0.22,-51.16,0.4586,0.4590,0.4585,0.4593,8083,27.202,693.5,359.0,448.8,22.6,471.4,20.05,23.51,0.85813,20.395,11.81,24.57,14,2
148.081,hall_mission,9x4.5,pi5,0.046,-0.142,-0.794,-0.019,0.047,0.280,0.284,0.06,0.21,-51.14,0.4615,0.4613,0.4615,0.4616,8122,27.460,700.0,364.2,455.2,22.6,477.8,20.33,23.50,0.85808,20.402,11.65,24.57,14,2
148.133,hall_mission,9x4.5,pi5,0.045,-0.140,-0.783,-0.018,0.047,0.279,0.284,0.06,0.20,-51.13,0.4590,0.4586,0.4589,0.4590,8084,27.206,693.6,359.1,448.9,22.6,471.5,20.06,23.51,0.85803,20.408,11.81,24.57,14,2
148.181,hall_mission,9x4.5,pi5,0.043,-0.137,-0.767,-0.018,0.047,0.281,0.285,0.06,0.18,-51.11,0.4617,0.4613,0.4616,0.4618,8123,27.471,700.3,364.4,455.5,22.6,478.1,20.35,23.50,0.85799,20.415,11.64,24.57,14,2
148.233,hall_mission,9x4.5,pi5,0.042,-0.134,-0.756,-0.018,0.047,0.279,0.284,0.06,0.16,-51.10,0.4587,0.4590,0.4593,0.4588,8085,27.211,693.7,359.2,449.0,22.6,471.6,20.06,23.51,0.85794,20.422,11.80,24.57,14,2
148.277,hall_mission,9x4.5,pi5,0.041,-0.132,-0.745,-0.017,0.046,0.281,0.285,0.05,0.15,-51.09,0.4620,0.4613,0.4617,0.4618,8125,27.479,700.5,364.5,455.7,22.6,478.3,20.36,23.50,0.85790,20.427,11.64,24.57,14,2
148.329,hall_mission,9x4.5,pi5,0.040,-0.128,-0.726,-0.016,0.046,0.279,0.283,0.05,0.13,-51.08,0.4594,0.4600,0.4596,0.4599,8096,27.288,695.7,360.8,450.9,22.6,473.5,20.15,23.50,0.85785,20.434,11.75,24.56,14,2
148.377,hall_mission,9x4.5,pi5,0.039,-0.126,-0.715,-0.015,0.046,0.279,0.283,0.04,0.12,-51.07,0.4622,0.4622,0.4626,0.4619,8132,27.531,701.8,365.6,457.0,22.6,479.6,20.41,23.49,0.85780,20.441,11.60,24.56,14,2
148.425,hall_mission,9x4.5,pi5,0.038,-0.123,-0.699,-0.014,0.045,0.277,0.281,0.03,0.11,-51.05,0.4585,0.4591,0.4591,0.4587,8083,27.201,693.4,359.0,448.8,22.6,471.4,20.05,23.51,0.85776,20.447,11.81,24.56,14,2
148.477,hall_mission,9x4.5,pi5,0.037,-0.121,-0.688,-0.014,0.045,0.278,0.282,0.03,0.10,-51.04,0.4611,0.4625,0.4615,0.4624,8128,27.501,701.1,365.0,456.2,22.6,478.8,20.38,23.50,0.85771,20.454,11.62,24.56,14,2
148.529,hall_mission,9x4.5,pi5,0.036,-0.117,-0.670,-0.013,0.044,0.276,0.280,0.02,0.08,-51.03,0.4592,0.4588,0.4593,0.4590,8087,27.225,694.0,359.5,449.4,22.6,472.0,20.08,23.50,0.85766,20.461,11.79,24.56,14,2
148.577,hall_mission,9x4.5,pi5,0.034,-0.115,-0.659,-0.013,0.043,0.277,0.281,0.01,0.07,-51.02,0.4613,0.4620,0.4618,0.4618,8125,27.484,700.6,364.6,455.8,22.6,478.4,20.36,23.50,0.85762,20.467,11.63,24.56,14,2
148.625,hall_mission,9x4.5,pi5,0.033,-0.113,-0.644,-0.013,0.042,0.276,0.279,0.00,0.06,-51.01,0.4587,0.4585,0.4590,0.4582,8080,27.176,692.8,358.5,448.2,22.6,470.8,20.03,23.50,0.85757,20.473,11.82,24.56,14,2
148.677,hall_mission,9x4.5,pi5,0.031,-0.112,-0.633,-0.013,0.041,0.277,0.280,0.00,0.05,-51.00,0.4618,0.4617,0.4614,0.4620,8125,27.484,700.6,364.6,455.8,22.6,478.4,20.36,23.49,0.85752,20.480,11.62,24.56,14,2
148.729,hall_mission,9x4.5,pi5,0.029,-0.110,-0.615,-0.013,0.039,0.275,0.278,-0.00,0.03,-50.99,0.4621,0.4622,0.4624,0.4618,8131,27.522,701.6,365.4,456.8,22.6,479.4,20.40,23.49,0.85747,20.487,11.60,24.56,14,2
148.777,hall_mission,9x4.5,pi5,0.027,-0.108,-0.604,-0.013,0.038,0.273,0.275,0.00,0.03,-50.99,0.4642,0.4639,0.4641,0.4638,8158,27.704,706.3,369.0,461.3,22.6,483.9,20.60,23.49,0.85743,20.494,11.49,24.56,14,2
148.825,hall_mission,9x4.5,pi5,0.025,-0.107,-0.589,-0.014,0.036,0.266,0.269,0.01,0.02,-50.98,0.4655,0.4653,0.4653,0.4652,8177,27.838,709.7,371.7,464.6,22.6,487.2,20.75,23.48,0.85738,20.500,11.41,24.56,14,2
148.877,hall_mission,9x4.5,pi5,0.023,-0.105,-0.579,-0.014,0.036,0.259,0.262,0.02,0.01,-50.97,0.4661,0.4667,0.4663,0.4664,8193,27.941,712.3,373.8,467.2,22.6,489.8,20.86,23.48,0.85733,20.507,11.34,24.56,14,2
148.929,hall_mission,9x4.5,pi5,0.020,-0.103,-0.563,-0.014,0.034,0.246,0.249,0.04,0.00,-50.96,0.4667,0.4673,0.4668,0.4671,8201,27.999,713.8,374.9,468.7,22.6,491.3,20.93,23.48,0.85728,20.514,11.31,24.56,14,2
148.977,hall_mission,9x4.5,pi5,0.018,-0.102,-0.554,-0.014,0.033,0.238,0.241,0.05,-0.01,-50.95,0.4676,0.4671,0.4674,0.4672,8206,28.036,714.7,375.7,469.6,22.6,492.2,20.97,23.47,0.85723,20.521,11.28,24.56,14,2
149.025,hall_mission,9x4.5,pi5,0.015,-0.100,-0.541,-0.014,0.033,0.226,0.229,0.07,-0.02,-50.94,0.4677,0.4674,0.4673,0.4679,8210,28.059,715.3,376.1,470.2,22.6,492.8,20.99,23.47,0.85719,20.527,11.27,24.56,14,2
149.077,hall_mission,9x4.5,pi5,0.014,-0.098,-0.533,-0.014,0.032,0.218,0.220,0.08,-0.03,-50.93,0.4676,0.4678,0.4676,0.4678,8212,28.074,715.7,376.4,470.6,22.6,493.2,21.01,23.47,0.85714,20.534,11.26,24.56,14,2
149.129,hall_mission,9x4.5,pi5,0.011,-0.096,-0.520,-0.013,0.032,0.204,0.207,0.10,-0.05,-50.92,0.4677,0.4678,0.4678,0.4678,8213,28.080,715.8,376.6,470.7,22.6,493.3,21.02,23.47,0.85709,20.542,11.26,24.56,14,2
149.177,hall_mission,9x4.5,pi5,0.009,-0.095,-0.513,-0.013,0.031,0.196,0.199,0.11,-0.06,-50.91,0.4681,0.4673,0.4678,0.4679,8213,28.079,715.8,376.5,470.7,22.6,493.3,21.02,23.47,0.85704,20.548,11.26,24.56,14,2
149.229,hall_mission,9x4.5,pi5,0.007,-0.094,-0.503,-0.012,0.030,0.185,0.188,0.12,-0.07,-50.90,0.4683,0.4671,0.4679,0.4679,8213,28.081,715.9,376.6,470.7,22.6,493.3,21.02,23.47,0.85699,20.555,11.25,24.56,14,2
149.277,hall_mission,9x4.5,pi5,0.006,-0.093,-0.496,-0.011,0.029,0.178,0.181,0.13,-0.08,-50.89,0.4679,0.4674,0.4682,0.4676,8213,28.081,715.9,376.6,470.7,22.6,493.3,21.02,23.47,0.85694,20.562,11.25,24.56,14,2
149.329,hall_mission,9x4.5,pi5,0.004,-0.092,-0.486,-0.009,0.028,0.167,0.169,0.14,-0.09,-50.88,0.4678,0.4676,0.4677,0.4679,8213,28.081,715.9,376.6,470.7,22.6,493.3,21.02,23.47,0.85689,20.569,11.25,24.56,14,2
149.377,hall_mission,9x4.5,pi5,0.003,-0.092,-0.480,-0.008,0.027,0.160,0.163,0.15,-0.10,-50.87,0.4680,0.4675,0.4677,0.4681,8214,28.085,716.0,376.7,470.8,22.6,493.4,21.02,23.47,0.85685,20.576,11.25,24.56,14,2
149.429,hall_mission,9x4.5,pi5,0.002,-0.091,-0.471,-0.007,0.026,0.151,0.154,0.16,-0.10,-50.86,0.4680,0.4677,0.4680,0.4678,8214,28.091,716.1,376.8,471.0,22.6,493.6,21.03,23.47,0.85680,20.583,11.24,24.56,14,2
149.477,hall_mission,9x4.5,pi5,0.001,-0.090,-0.466,-0.006,0.025,0.145,0.148,0.17,-0.10,-50.85,0.4678,0.4681,0.4679,0.4679,8215,28.095,716.2,376.9,471.1,22.6,493.7,21.03,23.47,0.85675,20.589,11.24,24.56,14,2
149.529,hall_mission,9x4.5,pi5,-0.000,-0.090,-0.457,-0.005,0.024,0.136,0.138,0.18,-0.10,-50.85,0.4683,0.4677,0.4683,0.4676,8216,28.100,716.3,377.0,471.2,22.6,493.8,21.04,23.47,0.85670,20.596,11.24,24.56,14,2
149.577,hall_mission,9x4.5,pi5,-0.001,-0.089,-0.452,-0.004,0.024,0.131,0.133,0.18,-0.09,-50.84,0.4682,0.4678,0.4681,0.4678,8216,28.102,716.4,377.0,471.3,22.6,493.9,21.04,23.47,0.85665,20.603,11.23,24.56,14,2
149.629,hall_mission,9x4.5,pi5,-0.002,-0.089,-0.445,-0.002,0.023,0.123,0.125,0.19,-0.09,-50.83,0.4679,0.4680,0.4680,0.4679,8215,28.097,716.3,376.9,471.1,22.6,493.7,21.04,23.47,0.85660,20.610,11.24,24.56,14,2
149.677,hall_mission,9x4.5,pi5,-0.002,-0.088,-0.441,-0.002,0.022,0.118,0.120,0.19,-0.09,-50.82,0.4680,0.4678,0.4678,0.4679,8214,28.089,716.1,376.7,470.9,22.6,493.5,21.03,23.47,0.85655,20.617,11.24,24.56,14,2
149.729,hall_mission,9x4.5,pi5,-0.003,-0.088,-0.435,-0.000,0.022,0.110,0.112,0.20,-0.08,-50.81,0.4686,0.4685,0.4683,0.4688,8224,28.156,717.8,378.1,472.6,22.6,495.2,21.10,23.47,0.85650,20.624,11.20,24.56,18,2
149.777,hall_mission,9x4.5,pi5,-0.003,-0.088,-0.431,0.001,0.021,0.105,0.107,0.20,-0.08,-50.80,0.4625,0.4621,0.4603,0.4642,8133,27.540,702.1,365.8,457.2,22.6,479.8,20.43,23.49,0.85646,20.630,11.57,24.56,18,2
149.829,hall_mission,9x4.5,pi5,-0.003,-0.087,-0.426,0.002,0.020,0.106,0.108,0.15,-0.14,-50.79,0.4541,0.4535,0.4545,0.4531,8010,26.711,680.9,349.4,436.7,22.6,459.3,19.53,23.51,0.85641,20.637,12.10,24.56,18,2
149.877,hall_mission,9x4.5,pi5,-0.003,-0.087,-0.423,0.003,0.019,0.116,0.118,0.09,-0.20,-50.78,0.4492,0.4487,0.4494,0.4488,7941,26.254,669.3,340.4,425.5,22.6,448.1,19.05,23.53,0.85637,20.643,12.41,24.56,18,2
149.929,hall_mission,9x4.5,pi5,-0.003,-0.088,-0.416,0.004,0.016,0.147,0.148,0.01,-0.28,-50.77,0.4394,0.4391,0.4399,0.4390,7801,25.332,645.8,322.7,403.3,22.6,425.9,18.08,23.56,0.85632,20.649,13.07,24.56,18,2
149.977,hall_mission,9x4.5,pi5,-0.002,-0.088,-0.410,0.005,0.014,0.173,0.174,-0.03,-0.32,-50.77,0.4360,0.4355,0.4365,0.4357,7751,25.012,637.6,316.6,395.7,22.6,418.3,17.75,23.57,0.85628,20.655,13.31,24.56,18,2
150.029,hall_mission,9x4.5,pi5,-0.002,-0.088,-0.400,0.006,0.011,0.220,0.220,-0.08,-0.36,-50.76,0.4296,0.4298,0.4306,0.4297,7665,24.456,623.4,306.1,382.6,22.6,405.2,17.18,23.58,0.85624,20.661,13.75,24.56,18,2
150.077,hall_mission,9x4.5,pi5,-0.001,-0.088,-0.390,0.006,0.008,0.259,0.259,-0.10,-0.37,-50.75,0.4278,0.4272,0.4279,0.4281,7632,24.251,618.2,302.2,377.8,22.6,400.4,16.97,23.59,0.85621,20.666,13.92,24.56,18,2
150.129,hall_mission,9x4.5,pi5,0.000,-0.088,-0.371,0.007,0.005,0.329,0.329,-0.13,-0.37,-50.74,0.4162,0.4163,0.4173,0.4162,7469,23.226,592.1,283.3,354.1,22.6,376.7,15.95,23.62,0.85617,20.671,14.81,24.56,18,2
150.177,hall_mission,9x4.5,pi5,0.001,-0.088,-0.357,0.008,0.003,0.377,0.377,-0.14,-0.37,-50.74,0.4140,0.4139,0.4149,0.4144,7438,23.030,587.1,279.7,349.6,22.6,372.2,15.76,23.62,0.85613,20.676,14.99,24.56,18,2
150.229,hall_mission,9x4.5,pi5,0.003,-0.089,-0.332,0.008,-0.000,0.451,0.451,-0.15,-0.36,-50.73,0.4115,0.4108,0.4124,0.4113,7397,22.778,580.7,275.1,343.9,22.6,366.5,15.51,23.63,0.85610,20.682,15.23,24.56,18,2
150.277,hall_mission,9x4.5,pi5,0.004,-0.089,-0.312,0.008,-0.002,0.507,0.507,-0.16,-0.35,-50.73,0.4215,0.4211,0.4219,0.4222,7545,23.698,604.1,291.9,364.9,22.6,387.5,16.42,23.60,0.85606,20.687,14.39,24.56,18,2
150.329,hall_mission,9x4.5,pi5,0.006,-0.090,-0.275,0.009,-0.006,0.579,0.579,-0.17,-0.33,-50.72,0.4262,0.4270,0.4271,0.4273,7620,24.175,616.3,300.8,376.0,22.6,398.6,16.90,23.59,0.85602,20.692,13.98,24.55,18,2
150.377,hall_mission,9x4.5,pi5,0.007,-0.091,-0.249,0.009,-0.007,0.611,0.611,-0.17,-0.32,-50.72,0.4336,0.4348,0.4346,0.4350,7730,24.877,634.2,314.0,392.5,22.6,415.1,17.61,23.57,0.85598,20.698,13.41,24.55,18,2
