t,x,y,z,qw,qx,qy,qz
1791098264.992,-0.0000,0.0000,0.2041,1.00000,-0.00000,-0.00000,0.00000
1791098265.138,-0.0000,0.0000,0.2042,1.00000,-0.00000,-0.00000,0.00000
1791098265.193,-0.0000,0.0000,0.2043,1.00000,-0.00000,-0.00000,0.00000
1791098265.252,-0.0000,0.0000,0.2044,1.00000,-0.00000,-0.00000,0.00000
1791098265.312,-0.0000,0.0000,0.2044,1.00000,-0.00000,-0.00000,0.00000
1791098265.372,-0.0000,0.0000,0.2045,1.00000,-0.00000,-0.00000,0.00000
1791098265.432,-0.0000,0.0000,0.2046,1.00000,-0.00000,-0.00000,0.00000
1791098265.492,-0.0000,0.0000,0.2046,1.00000,-0.00000,-0.00000,0.00000
1791098267.096,-0.0000,0.0000,0.2046,1.00000,-0.00000,-0.00000,0.00000
1791098267.154,-0.0000,0.0000,0.2047,1.00000,-0.00000,-0.00000,0.00000
1791098267.211,-0.0000,0.0000,0.2048,1.00000,-0.00000,-0.00000,0.00000
1791098267.270,-0.0000,0.0000,0.2048,1.00000,-0.00000,-0.00000,0.00000
1791098267.331,-0.0000,0.0000,0.2049,1.00000,-0.00000,-0.00000,0.00000
1791098267.391,-0.0000,0.0000,0.2049,1.00000,-0.00000,-0.00000,0.00000
1791098267.451,-0.0000,0.0000,0.2050,1.00000,-0.00000,-0.00000,0.00000
1791098267.509,-0.0000,0.0000,0.2050,1.00000,-0.00000,-0.00000,0.00000
1791098267.569,-0.0000,0.0000,0.2051,1.00000,-0.00000,-0.00000,0.00000
1791098267.629,-0.0000,0.0000,0.2052,1.00000,-0.00000,-0.00000,0.00000
1791098267.689,-0.0000,0.0000,0.2052,1.00000,-0.00000,-0.00000,0.00000
1791098267.749,-0.0000,0.0000,0.2053,1.00000,-0.00000,-0.00000,0.00000
1791098267.810,-0.0000,0.0000,0.2053,1.00000,-0.00000,-0.00000,0.00000
1791098267.869,-0.0000,0.0000,0.2054,1.00000,-0.00000,-0.00000,0.00000
1791098267.929,-0.0000,0.0000,0.2055,1.00000,-0.00000,-0.00000,0.00000
1791098267.989,-0.0000,0.0000,0.2055,1.00000,-0.00000,-0.00000,0.00000
1791098268.049,-0.0000,0.0000,0.2056,1.00000,-0.00000,-0.00000,0.00000
1791098268.109,-0.0000,0.0000,0.2056,1.00000,-0.00000,-0.00000,0.00000
1791098268.169,-0.0000,0.0000,0.2057,1.00000,-0.00000,-0.00000,0.00000
1791098268.229,-0.0000,0.0000,0.2058,1.00000,-0.00000,-0.00000,0.00000
1791098268.289,-0.0000,0.0000,0.2058,1.00000,-0.00000,-0.00000,0.00000
1791098268.349,-0.0000,0.0000,0.2059,1.00000,-0.00000,-0.00000,0.00000
1791098268.409,-0.0000,0.0000,0.2059,1.00000,-0.00000,-0.00000,0.00000
1791098268.469,-0.0000,0.0000,0.2060,1.00000,-0.00000,-0.00000,0.00000
1791098268.529,-0.0000,0.0000,0.2061,1.00000,-0.00000,-0.00000,0.00000
1791098268.589,-0.0000,0.0000,0.2061,1.00000,-0.00000,-0.00000,0.00000
1791098268.649,-0.0000,0.0000,0.2062,1.00000,-0.00000,-0.00000,0.00000
1791098268.708,-0.0000,0.0000,0.2062,1.00000,-0.00000,-0.00000,0.00000
1791098268.768,-0.0000,0.0000,0.2063,1.00000,-0.00000,-0.00000,0.00000
1791098268.829,-0.0000,0.0000,0.2064,1.00000,-0.00000,-0.00000,0.00000
1791098268.889,-0.0000,0.0000,0.2064,1.00000,-0.00000,-0.00000,0.00000
1791098268.949,-0.0000,0.0000,0.2065,1.00000,-0.00000,-0.00000,0.00000
1791098269.009,-0.0000,0.0000,0.2065,1.00000,-0.00000,-0.00000,0.00000
1791098269.069,-0.0000,0.0000,0.2066,1.00000,-0.00000,-0.00000,0.00000
1791098269.129,-0.0000,0.0000,0.2067,1.00000,-0.00000,-0.00000,0.00000
1791098269.189,-0.0000,0.0000,0.2067,1.00000,-0.00000,-0.00000,0.00000
1791098269.249,-0.0000,0.0000,0.2068,1.00000,-0.00000,-0.00000,0.00000
1791098269.310,-0.0000,0.0000,0.2068,1.00000,-0.00000,-0.00000,0.00000
1791098269.369,-0.0000,0.0000,0.2069,1.00000,-0.00000,-0.00000,0.00000
1791098269.429,-0.0000,0.0000,0.2070,1.00000,-0.00000,-0.00000,0.00000
1791098269.489,-0.0000,0.0000,0.2070,1.00000,-0.00000,-0.00000,0.00000
1791098269.549,-0.0000,0.0000,0.2071,1.00000,-0.00000,-0.00000,0.00000
1791098269.610,-0.0000,0.0000,0.2071,1.00000,-0.00000,-0.00000,0.00000
1791098269.669,-0.0000,0.0000,0.2072,1.00000,-0.00000,-0.00000,0.00000
1791098269.729,-0.0000,0.0000,0.2073,1.00000,-0.00000,-0.00000,0.00000
1791098269.789,-0.0000,0.0000,0.2073,1.00000,-0.00000,-0.00000,0.00000
1791098269.848,-0.0000,0.0000,0.2074,1.00000,-0.00000,-0.00000,0.00000
1791098269.909,-0.0000,0.0000,0.2074,1.00000,-0.00000,-0.00000,0.00000
1791098269.969,-0.0000,0.0000,0.2075,1.00000,-0.00000,-0.00000,0.00000
1791098270.029,-0.0000,0.0000,0.2076,1.00000,-0.00000,-0.00000,0.00000
1791098270.088,-0.0000,0.0000,0.2076,1.00000,-0.00000,-0.00000,0.00000
1791098270.148,-0.0000,0.0000,0.2077,1.00000,-0.00000,-0.00000,0.00000
1791098270.209,-0.0000,0.0000,0.2077,1.00000,-0.00000,-0.00000,0.00000
1791098270.269,-0.0000,0.0000,0.2078,1.00000,-0.00000,-0.00000,0.00000
1791098270.331,-0.0000,0.0000,0.2079,1.00000,-0.00000,-0.00000,0.00000
1791098270.392,-0.0000,0.0000,0.2079,1.00000,-0.00000,-0.00000,0.00000
1791098270.451,-0.0000,0.0000,0.2080,1.00000,-0.00000,-0.00000,0.00000
1791098270.512,-0.0000,0.0000,0.2080,1.00000,-0.00000,-0.00000,0.00000
1791098270.572,-0.0000,0.0000,0.2081,1.00000,-0.00000,-0.00000,0.00000
1791098270.632,-0.0000,0.0000,0.2082,1.00000,-0.00000,-0.00000,0.00000
1791098270.691,-0.0000,0.0000,0.2082,1.00000,-0.00000,-0.00000,0.00000
1791098270.751,-0.0000,0.0000,0.2083,1.00000,-0.00000,-0.00000,0.00000
1791098270.811,-0.0000,0.0000,0.2083,1.00000,-0.00000,-0.00000,0.00000
1791098270.871,-0.0000,0.0000,0.2084,1.00000,-0.00000,-0.00000,0.00000
1791098270.931,-0.0000,0.0000,0.2085,1.00000,-0.00000,-0.00000,0.00000
1791098270.991,-0.0000,0.0000,0.2085,1.00000,-0.00000,-0.00000,0.00000
1791098271.052,-0.0000,0.0000,0.2086,1.00000,-0.00000,-0.00000,0.00000
1791098271.112,-0.0000,0.0000,0.2086,1.00000,-0.00000,-0.00000,0.00000
1791098271.171,-0.0000,0.0000,0.2087,1.00000,-0.00000,-0.00000,0.00000
1791098271.231,-0.0000,0.0000,0.2088,1.00000,-0.00000,-0.00000,0.00000
1791098271.291,-0.0000,0.0000,0.2088,1.00000,-0.00000,-0.00000,0.00000
1791098271.351,-0.0000,0.0000,0.2089,1.00000,0.00000,-0.00000,0.00000
1791098271.411,0.0000,0.0000,0.2089,1.00000,-0.00000,0.00000,0.00000
1791098271.471,-0.0000,0.0000,0.2090,1.00000,-0.00000,-0.00000,-0.00000
1791098271.531,-0.0000,0.0000,0.2091,1.00000,-0.00000,-0.00000,-0.00000
1791098271.591,-0.0000,0.0000,0.2091,1.00000,-0.00000,-0.00000,0.00000
1791098271.651,-0.0000,0.0000,0.2092,1.00000,-0.00000,-0.00000,-0.00000
1791098271.712,-0.0000,0.0000,0.2092,1.00000,-0.00000,-0.00000,0.00000
1791098271.772,-0.0000,0.0000,0.2093,1.00000,-0.00000,-0.00000,-0.00000
1791098271.831,-0.0000,0.0000,0.2094,1.00000,-0.00000,-0.00000,0.00000
1791098271.891,-0.0000,0.0000,0.2094,1.00000,-0.00000,-0.00000,0.00000
1791098271.951,-0.0000,0.0000,0.2095,1.00000,-0.00000,-0.00000,0.00000
1791098272.011,-0.0000,0.0000,0.2095,1.00000,-0.00000,-0.00000,-0.00000
1791098272.071,-0.0000,0.0000,0.2096,1.00000,-0.00000,-0.00000,-0.00000
1791098272.131,-0.0000,0.0000,0.2097,1.00000,-0.00000,-0.00000,-0.00000
1791098272.191,-0.0000,0.0000,0.2097,1.00000,-0.00000,-0.00000,-0.00000
1791098272.251,-0.0000,0.0000,0.2098,1.00000,-0.00000,-0.00000,-0.00000
1791098272.311,-0.0000,0.0000,0.2098,1.00000,-0.00000,-0.00000,-0.00000
1791098272.371,-0.0000,0.0000,0.2099,1.00000,-0.00000,-0.00000,-0.00000
1791098272.431,-0.0000,0.0000,0.2100,1.00000,-0.00000,-0.00000,0.00000
1791098272.491,0.0000,0.0000,0.2100,1.00000,-0.00000,0.00000,0.00000
1791098272.551,0.0000,0.0000,0.2101,1.00000,-0.00000,0.00000,0.00000
1791098272.611,0.0000,0.0000,0.2101,1.00000,-0.00000,0.00000,0.00000
1791098272.672,0.0000,0.0000,0.2102,1.00000,-0.00000,0.00000,0.00000
1791098272.731,0.0000,0.0000,0.2103,1.00000,-0.00000,0.00000,0.00000
1791098272.791,0.0000,0.0000,0.2103,1.00000,-0.00000,0.00000,0.00000
1791098272.851,0.0000,0.0000,0.2104,1.00000,-0.00000,0.00000,0.00000
1791098272.911,0.0000,0.0000,0.2104,1.00000,-0.00000,0.00000,0.00000
1791098272.971,0.0000,0.0000,0.2105,1.00000,-0.00000,0.00000,0.00000
1791098273.031,0.0000,0.0000,0.2106,1.00000,-0.00000,0.00000,0.00000
1791098273.091,0.0000,0.0000,0.2106,1.00000,-0.00000,0.00000,0.00000
1791098273.151,0.0000,0.0000,0.2107,1.00000,-0.00000,0.00000,0.00000
1791098273.211,0.0000,0.0000,0.2107,1.00000,-0.00000,0.00000,0.00000
1791098273.272,0.0000,0.0000,0.2108,1.00000,-0.00000,0.00000,0.00000
1791098273.331,0.0000,0.0000,0.2109,1.00000,-0.00000,0.00000,0.00000
1791098273.391,0.0000,0.0000,0.2109,1.00000,-0.00000,0.00000,0.00000
1791098273.451,0.0000,0.0000,0.2110,1.00000,-0.00000,0.00000,0.00000
1791098273.511,0.0000,0.0000,0.2110,1.00000,-0.00000,0.00000,0.00000
1791098273.572,0.0000,0.0000,0.2111,1.00000,-0.00000,0.00000,0.00000
1791098273.631,0.0000,0.0000,0.2112,1.00000,-0.00000,0.00000,0.00000
1791098273.691,0.0000,0.0000,0.2112,1.00000,-0.00000,0.00000,0.00000
1791098273.751,0.0000,0.0000,0.2113,1.00000,-0.00000,0.00000,0.00000
1791098273.811,0.0000,0.0000,0.2113,1.00000,-0.00000,0.00000,0.00000
1791098273.871,0.0000,0.0000,0.2114,1.00000,-0.00000,0.00000,0.00000
1791098273.931,0.0000,0.0000,0.2115,1.00000,-0.00000,0.00000,0.00000
1791098273.991,0.0000,0.0000,0.2115,1.00000,-0.00000,0.00000,0.00000
1791098274.051,0.0000,0.0000,0.2116,1.00000,-0.00000,0.00000,0.00000
1791098274.111,0.0000,0.0000,0.2116,1.00000,-0.00000,0.00000,0.00000
1791098274.171,0.0000,0.0000,0.2117,1.00000,-0.00000,0.00000,0.00000
1791098274.231,0.0000,0.0000,0.2118,1.00000,-0.00000,0.00000,0.00000
1791098274.292,0.0000,0.0000,0.2118,1.00000,-0.00000,0.00000,0.00000
1791098274.352,0.0000,0.0000,0.2119,1.00000,-0.00000,0.00000,0.00000
1791098274.412,0.0000,0.0000,0.2119,1.00000,-0.00000,0.00000,0.00000
1791098274.472,0.0000,0.0000,0.2120,1.00000,-0.00000,0.00000,0.00000
1791098274.532,0.0000,0.0000,0.2121,1.00000,-0.00000,0.00000,0.00000
1791098274.591,0.0000,0.0000,0.2121,1.00000,-0.00000,0.00000,0.00000
1791098274.651,0.0000,0.0000,0.2122,1.00000,-0.00000,0.00000,0.00000
1791098274.711,0.0000,0.0000,0.2122,1.00000,-0.00000,0.00000,0.00000
1791098274.772,0.0000,0.0000,0.2123,1.00000,-0.00000,0.00000,0.00000
1791098274.831,0.0000,0.0000,0.2124,1.00000,-0.00000,0.00000,0.00000
1791098274.887,0.0000,0.0000,0.2124,1.00000,-0.00000,0.00000,0.00000
1791098274.947,0.0000,0.0000,0.2125,1.00000,-0.00000,0.00000,0.00000
1791098275.008,0.0000,0.0000,0.2125,1.00000,-0.00000,0.00000,0.00000
1791098275.067,0.0000,0.0000,0.2126,1.00000,-0.00000,0.00000,0.00000
1791098275.127,0.0000,0.0000,0.2127,1.00000,-0.00000,0.00000,0.00000
1791098275.187,0.0000,0.0000,0.2127,1.00000,-0.00000,0.00000,0.00000
1791098275.247,0.0000,0.0000,0.2128,1.00000,-0.00000,0.00000,0.00000
1791098275.307,0.0000,0.0000,0.2128,1.00000,-0.00000,0.00000,0.00000
1791098275.367,0.0000,0.0000,0.2129,1.00000,-0.00000,0.00000,0.00000
1791098275.427,0.0000,0.0000,0.2130,1.00000,-0.00000,0.00000,0.00000
1791098275.487,0.0000,-0.0000,0.2130,1.00000,-0.00000,0.00009,0.00007
1791098275.554,0.0001,-0.0002,0.2133,1.00000,-0.00000,0.00079,0.00090
1791098275.614,0.0003,-0.0006,0.2138,0.99999,0.00011,0.00232,0.00386
1791098275.675,0.0006,-0.0010,0.2148,0.99995,0.00034,0.00356,0.00975
1791098275.734,0.0011,-0.0014,0.2166,0.99983,0.00057,0.00429,0.01787
1791098275.794,0.0019,-0.0018,0.2196,0.99962,0.00074,0.00452,0.02726
1791098275.854,0.0029,-0.0022,0.2237,0.99931,0.00083,0.00439,0.03698
1791098275.914,0.0042,-0.0027,0.2290,0.99892,0.00083,0.00401,0.04620
1791098275.974,0.0058,-0.0032,0.2357,0.99852,0.00078,0.00347,0.05428
1791098276.034,0.0074,-0.0036,0.2437,0.99814,0.00070,0.00288,0.06082
1791098276.094,0.0092,-0.0041,0.2530,0.99784,0.00065,0.00226,0.06565
1791098276.154,0.0110,-0.0046,0.2637,0.99763,0.00060,0.00168,0.06875
1791098276.214,0.0129,-0.0051,0.2756,0.99753,0.00062,0.00110,0.07029
1791098276.275,0.0147,-0.0056,0.2888,0.99751,0.00068,0.00058,0.07047
1791098276.334,0.0164,-0.0061,0.3032,0.99757,0.00080,0.00012,0.06960
1791098276.394,0.0181,-0.0067,0.3188,0.99769,0.00096,-0.00029,0.06798
1791098276.455,0.0196,-0.0072,0.3355,0.99783,0.00113,-0.00063,0.06589
1791098276.514,0.0210,-0.0079,0.3533,0.99797,0.00128,-0.00093,0.06360
1791098276.574,0.0222,-0.0085,0.3722,0.99812,0.00141,-0.00116,0.06132
1791098276.634,0.0233,-0.0093,0.3921,0.99824,0.00151,-0.00134,0.05921
1791098276.694,0.0242,-0.0101,0.4131,0.99835,0.00158,-0.00147,0.05737
1791098276.754,0.0250,-0.0110,0.4350,0.99844,0.00161,-0.00154,0.05587
1791098276.814,0.0256,-0.0119,0.4578,0.99850,0.00161,-0.00158,0.05472
1791098276.873,0.0260,-0.0128,0.4784,0.99854,0.00160,-0.00156,0.05401
1791098276.933,0.0263,-0.0139,0.5030,0.99857,0.00156,-0.00154,0.05347
1791098276.993,0.0266,-0.0150,0.5285,0.99858,0.00148,-0.00148,0.05320
1791098277.053,0.0267,-0.0160,0.5514,0.99859,0.00137,-0.00145,0.05314
1791098277.112,0.0267,-0.0172,0.5785,0.99858,0.00119,-0.00137,0.05321
1791098277.173,0.0266,-0.0184,0.6065,0.99857,0.00099,-0.00131,0.05338
1791098277.232,0.0264,-0.0196,0.6354,0.99856,0.00079,-0.00129,0.05362
1791098277.292,0.0261,-0.0208,0.6650,0.99855,0.00057,-0.00130,0.05387
1791098277.352,0.0258,-0.0220,0.6955,0.99853,0.00037,-0.00135,0.05411
1791098277.412,0.0254,-0.0231,0.7268,0.99852,0.00016,-0.00139,0.05432
1791098277.473,0.0249,-0.0242,0.7588,0.99851,-0.00005,-0.00142,0.05448
1791098277.532,0.0243,-0.0252,0.7916,0.99851,-0.00025,-0.00141,0.05459
1791098277.593,0.0237,-0.0261,0.8252,0.99850,-0.00044,-0.00139,0.05466
1791098277.652,0.0230,-0.0270,0.8595,0.99850,-0.00063,-0.00134,0.05467
1791098277.712,0.0222,-0.0277,0.8944,0.99851,-0.00081,-0.00124,0.05464
1791098277.773,0.0214,-0.0284,0.9301,0.99851,-0.00098,-0.00113,0.05457
1791098277.832,0.0206,-0.0289,0.9665,0.99851,-0.00112,-0.00097,0.05447
1791098277.892,0.0197,-0.0293,1.0034,0.99852,-0.00122,-0.00079,0.05435
1791098277.952,0.0189,-0.0296,1.0411,0.99853,-0.00129,-0.00061,0.05422
1791098278.012,0.0180,-0.0298,1.0793,0.99854,-0.00134,-0.00042,0.05408
1791098278.073,0.0171,-0.0299,1.1181,0.99854,-0.00141,-0.00024,0.05393
1791098278.132,0.0163,-0.0299,1.1575,0.99855,-0.00144,-0.00008,0.05378
1791098278.192,0.0155,-0.0298,1.1970,0.99856,-0.00148,0.00004,0.05363
1791098278.253,0.0148,-0.0296,1.2360,0.99857,-0.00150,0.00015,0.05348
1791098278.312,0.0141,-0.0293,1.2740,0.99858,-0.00152,0.00025,0.05333
1791098278.373,0.0135,-0.0288,1.3105,0.99858,-0.00152,0.00036,0.05317
1791098278.432,0.0129,-0.0284,1.3456,0.99859,-0.00154,0.00044,0.05301
1791098278.492,0.0124,-0.0278,1.3791,0.99860,-0.00155,0.00053,0.05284
1791098278.552,0.0120,-0.0272,1.4112,0.99861,-0.00157,0.00061,0.05266
1791098278.612,0.0116,-0.0264,1.4418,0.99862,-0.00159,0.00071,0.05246
1791098278.672,0.0113,-0.0257,1.4710,0.99863,-0.00161,0.00080,0.05226
1791098278.732,0.0110,-0.0248,1.4990,0.99864,-0.00160,0.00086,0.05205
1791098278.793,0.0109,-0.0239,1.5257,0.99865,-0.00160,0.00093,0.05184
1791098278.852,0.0108,-0.0230,1.5514,0.99867,-0.00158,0.00094,0.05162
1791098278.913,0.0107,-0.0219,1.5760,0.99868,-0.00159,0.00093,0.05139
1791098278.972,0.0107,-0.0209,1.5997,0.99869,-0.00161,0.00087,0.05117
1791098279.032,0.0108,-0.0198,1.6225,0.99870,-0.00164,0.00078,0.05095
1791098279.093,0.0109,-0.0186,1.6444,0.99871,-0.00166,0.00066,0.05074
1791098279.152,0.0111,-0.0174,1.6655,0.99872,-0.00170,0.00052,0.05054
1791098279.212,0.0113,-0.0161,1.6858,0.99873,-0.00171,0.00036,0.05036
1791098279.272,0.0114,-0.0149,1.7053,0.99874,-0.00169,0.00021,0.05018
1791098279.332,0.0116,-0.0135,1.7241,0.99875,-0.00164,-0.00002,0.05002
1791098279.392,0.0118,-0.0122,1.7421,0.99875,-0.00153,-0.00027,0.04987
1791098279.452,0.0119,-0.0108,1.7594,0.99876,-0.00139,-0.00053,0.04972
1791098279.513,0.0120,-0.0094,1.7760,0.99877,-0.00123,-0.00082,0.04957
1791098279.573,0.0120,-0.0080,1.7918,0.99878,-0.00104,-0.00112,0.04942
1791098279.632,0.0119,-0.0067,1.8070,0.99878,-0.00083,-0.00138,0.04928
1791098279.692,0.0118,-0.0054,1.8216,0.99879,-0.00064,-0.00161,0.04914
1791098279.752,0.0115,-0.0041,1.8355,0.99880,-0.00047,-0.00178,0.04900
1791098279.812,0.0111,-0.0028,1.8488,0.99880,-0.00036,-0.00190,0.04887
1791098279.872,0.0106,-0.0017,1.8615,0.99881,-0.00029,-0.00193,0.04875
1791098279.932,0.0101,-0.0006,1.8736,0.99882,-0.00025,-0.00189,0.04863
1791098279.992,0.0094,0.0005,1.8852,0.99882,-0.00024,-0.00180,0.04852
1791098280.052,0.0086,0.0015,1.8962,0.99883,-0.00024,-0.00169,0.04842
1791098280.112,0.0078,0.0024,1.9067,0.99883,-0.00027,-0.00156,0.04833
1791098280.172,0.0069,0.0033,1.9167,0.99883,-0.00025,-0.00143,0.04823
1791098280.232,0.0060,0.0042,1.9261,0.99884,-0.00022,-0.00130,0.04815
1791098280.293,0.0050,0.0050,1.9351,0.99884,-0.00019,-0.00117,0.04806
1791098280.352,0.0041,0.0057,1.9436,0.99885,-0.00014,-0.00105,0.04798
1791098280.412,0.0031,0.0065,1.9517,0.99885,-0.00010,-0.00090,0.04790
1791098280.472,0.0021,0.0071,1.9594,0.99886,-0.00006,-0.00077,0.04782
1791098280.532,0.0011,0.0078,1.9667,0.99886,-0.00005,-0.00066,0.04774
1791098280.592,0.0001,0.0084,1.9742,0.99886,-0.00001,0.00388,0.04763
1791098280.653,-0.0004,0.0090,1.9827,0.99862,-0.00013,0.02309,0.04710
1791098280.713,0.0007,0.0096,1.9918,0.99799,-0.00014,0.04381,0.04571
1791098280.773,0.0047,0.0103,2.0005,0.99725,-0.00007,0.06008,0.04334
1791098280.832,0.0126,0.0112,2.0086,0.99668,-0.00003,0.07087,0.04011
1791098280.892,0.0248,0.0122,2.0159,0.99637,-0.00005,0.07700,0.03630
1791098280.952,0.0415,0.0134,2.0222,0.99631,-0.00010,0.07953,0.03225
1791098281.012,0.0625,0.0146,2.0278,0.99643,-0.00018,0.07955,0.02827
1791098281.072,0.0876,0.0160,2.0328,0.99666,-0.00026,0.07791,0.02462
1791098281.132,0.1166,0.0174,2.0372,0.99693,-0.00031,0.07525,0.02149
1791098281.192,0.1488,0.0188,2.0413,0.99722,-0.00030,0.07203,0.01898
1791098281.252,0.1840,0.0203,2.0451,0.99750,-0.00026,0.06861,0.01713
1791098281.312,0.2217,0.0218,2.0486,0.99774,-0.00014,0.06524,0.01588
1791098281.373,0.2616,0.0233,2.0521,0.99796,0.00005,0.06205,0.01515
1791098281.433,0.3032,0.0247,2.0554,0.99814,0.00027,0.05915,0.01483
1791098281.492,0.3463,0.0261,2.0587,0.99829,0.00055,0.05660,0.01476
1791098281.549,0.3846,0.0272,2.0616,0.99839,0.00083,0.05468,0.01481
1791098281.610,0.4297,0.0285,2.0648,0.99849,0.00120,0.05280,0.01487
1791098281.670,0.4757,0.0296,2.0680,0.99857,0.00154,0.05127,0.01484
1791098281.729,0.5222,0.0307,2.0712,0.99864,0.00188,0.05005,0.01463
1791098281.789,0.5694,0.0315,2.0744,0.99869,0.00218,0.04911,0.01419
1791098281.849,0.6169,0.0322,2.0774,0.99874,0.00247,0.04836,0.01350
1791098281.910,0.6648,0.0328,2.0805,0.99877,0.00270,0.04783,0.01256
1791098281.970,0.7129,0.0331,2.0834,0.99880,0.00289,0.04745,0.01141
1791098282.030,0.7613,0.0333,2.0863,0.99883,0.00305,0.04723,0.01010
1791098282.091,0.8099,0.0333,2.0892,0.99885,0.00315,0.04715,0.00868
1791098282.150,0.8587,0.0331,2.0919,0.99885,0.00323,0.04720,0.00721
1791098282.210,0.9077,0.0327,2.0946,0.99886,0.00329,0.04733,0.00576
1791098282.270,0.9568,0.0322,2.0973,0.99885,0.00332,0.04753,0.00438
1791098282.330,1.0061,0.0314,2.0998,0.99885,0.00332,0.04777,0.00310
1791098282.390,1.0556,0.0305,2.1023,0.99884,0.00329,0.04804,0.00196
1791098282.449,1.1053,0.0294,2.1047,0.99883,0.00326,0.04833,0.00098
1791098282.510,1.1552,0.0282,2.1071,0.99881,0.00303,0.04863,0.00019
1791098282.571,1.2053,0.0269,2.1095,0.99881,-0.00033,0.04884,0.00051
1791098282.630,1.2556,0.0256,2.1125,0.99880,-0.00528,0.04863,0.00373
1791098282.690,1.3062,0.0249,2.1160,0.99873,-0.00955,0.04838,0.01079
1791098282.750,1.3570,0.0248,2.1196,0.99853,-0.01224,0.04827,0.02153
1791098282.810,1.4078,0.0257,2.1230,0.99812,-0.01350,0.04835,0.03509
1791098282.870,1.4587,0.0276,2.1259,0.99746,-0.01370,0.04862,0.05026
1791098282.930,1.5097,0.0304,2.1284,0.99654,-0.01318,0.04900,0.06579
1791098282.989,1.5607,0.0341,2.1303,0.99545,-0.01218,0.04943,0.08058
1791098283.050,1.6118,0.0388,2.1319,0.99429,-0.01095,0.04984,0.09375
1791098283.110,1.6630,0.0442,2.1332,0.99319,-0.00950,0.05029,0.10470
1791098283.170,1.7144,0.0502,2.1346,0.99236,-0.00494,0.05105,0.11220
1791098283.230,1.7661,0.0567,2.1370,0.99211,0.00123,0.05137,0.11439
1791098283.290,1.8182,0.0630,2.1403,0.99252,0.00641,0.05143,0.11050
1791098283.350,1.8706,0.0689,2.1439,0.99351,0.00986,0.05138,0.10099
1791098283.410,1.9232,0.0742,2.1472,0.99480,0.01173,0.05140,0.08710
1791098283.470,1.9761,0.0786,2.1497,0.99611,0.01232,0.05158,0.07044
1791098283.530,2.0292,0.0822,2.1513,0.99719,0.01202,0.05189,0.05266
1791098283.590,2.0824,0.0849,2.1520,0.99795,0.01113,0.05227,0.03523
1791098283.650,2.1359,0.0868,2.1522,0.99838,0.00994,0.05264,0.01933
1791098283.710,2.1896,0.0880,2.1522,0.99854,0.00862,0.05291,0.00580
1791098283.770,2.2436,0.0885,2.1521,0.99855,0.00743,0.05311,-0.00492
1791098283.830,2.2978,0.0885,2.1521,0.99846,0.00919,0.05298,-0.01338
1791098283.890,2.3522,0.0878,2.1524,0.99830,0.01335,0.05252,-0.02167
1791098283.950,2.4069,0.0861,2.1528,0.99800,0.01705,0.05210,-0.03142
1791098284.009,2.4616,0.0833,2.1532,0.99753,0.01936,0.05191,-0.04313
1791098284.070,2.5163,0.0791,2.1534,0.99684,0.02032,0.05197,-0.05651
1791098284.130,2.5712,0.0737,2.1535,0.99592,0.02021,0.05219,-0.07077
1791098284.190,2.6260,0.0669,2.1535,0.99481,0.01933,0.05250,-0.08501
1791098284.247,2.6735,0.0601,2.1535,0.99375,0.01826,0.05279,-0.09668
1791098284.307,2.7284,0.0512,2.1535,0.99251,0.01680,0.05308,-0.10874
1791098284.367,2.7833,0.0413,2.1536,0.99136,0.01529,0.05332,-0.11886
1791098284.427,2.8383,0.0305,2.1536,0.99037,0.01458,0.05336,-0.12692
1791098284.487,2.8933,0.0189,2.1540,0.98938,0.01796,0.05236,-0.13441
1791098284.547,2.9484,0.0064,2.1546,0.98810,0.02217,0.05110,-0.14336
1791098284.607,3.0032,-0.0074,2.1555,0.98635,0.02525,0.05018,-0.15476
1791098284.667,3.0577,-0.0226,2.1562,0.98408,0.02682,0.04971,-0.16851
1791098284.727,3.1118,-0.0392,2.1567,0.98132,0.02719,0.04960,-0.18388
1791098284.786,3.1655,-0.0572,2.1570,0.97820,0.02687,0.04972,-0.19983
1791098284.847,3.2188,-0.0765,2.1571,0.97473,0.02892,0.04881,-0.21607
1791098284.907,3.2716,-0.0974,2.1574,0.97049,0.03363,0.04642,-0.23423
1791098284.967,3.3236,-0.1199,2.1581,0.96509,0.03750,0.04435,-0.25540
1791098285.027,3.3747,-0.1443,2.1588,0.95841,0.03957,0.04320,-0.27933
1791098285.087,3.4246,-0.1706,2.1593,0.95060,0.03984,0.04298,-0.30483
1791098285.147,3.4734,-0.1987,2.1595,0.94205,0.03890,0.04341,-0.33038
1791098285.207,3.5210,-0.2285,2.1594,0.93328,0.03704,0.04426,-0.35449
1791098285.267,3.5675,-0.2599,2.1592,0.92488,0.03468,0.04528,-0.37596
1791098285.327,3.6131,-0.2927,2.1591,0.91738,0.03212,0.04623,-0.39402
1791098285.387,3.6579,-0.3267,2.1591,0.91117,0.02953,0.04710,-0.40826
1791098285.447,3.7020,-0.3618,2.1593,0.90647,0.02712,0.04783,-0.41867
1791098285.507,3.7455,-0.3978,2.1595,0.90332,0.02497,0.04843,-0.42550
1791098285.567,3.7886,-0.4344,2.1597,0.90160,0.02313,0.04894,-0.42918
1791098285.627,3.8313,-0.4716,2.1598,0.90101,0.02259,0.04899,-0.43044
1791098285.687,3.8736,-0.5094,2.1600,0.90035,0.02736,0.04575,-0.43189
1791098285.747,3.9154,-0.5479,2.1609,0.89806,0.03322,0.04162,-0.43664
1791098285.807,3.9561,-0.5873,2.1626,0.89335,0.03763,0.03831,-0.44615
1791098285.867,3.9955,-0.6279,2.1646,0.88612,0.04043,0.03609,-0.46027
1791098285.927,4.0333,-0.6694,2.1665,0.87677,0.04160,0.03515,-0.47782
1791098285.987,4.0695,-0.7119,2.1676,0.86594,0.04127,0.03552,-0.49717
1791098286.047,4.1042,-0.7554,2.1679,0.85442,0.04014,0.03669,-0.51673
1791098286.107,4.1373,-0.7997,2.1676,0.84307,0.03850,0.03828,-0.53506
1791098286.167,4.1692,-0.8449,2.1675,0.83336,0.03293,0.04298,-0.55008
1791098286.227,4.2004,-0.8910,2.1695,0.82775,0.02359,0.04854,-0.55849
1791098286.287,4.2317,-0.9377,2.1747,0.82765,0.01486,0.05277,-0.55856
1791098286.347,4.2636,-0.9845,2.1822,0.83302,0.00828,0.05528,-0.55042
1791098286.407,4.2964,-1.0310,2.1899,0.84272,0.00437,0.05659,-0.53536
1791098286.467,4.3302,-1.0769,2.1961,0.85515,0.00288,0.05723,-0.51520
1791098286.527,4.3649,-1.1220,2.1996,0.86870,0.00325,0.05751,-0.49197
1791098286.587,4.4005,-1.1663,2.2005,0.88198,0.00484,0.05758,-0.46773
1791098286.647,4.4370,-1.2098,2.1996,0.89400,0.00710,0.05740,-0.44432
1791098286.707,4.4745,-1.2527,2.1977,0.90415,0.00961,0.05698,-0.42329
1791098286.766,4.5128,-1.2951,2.1955,0.91220,0.01204,0.05629,-0.40569
1791098286.827,4.5519,-1.3372,2.1935,0.91814,0.01424,0.05546,-0.39209
1791098286.887,4.5917,-1.3790,2.1917,0.92216,0.01615,0.05455,-0.38260
1791098286.947,4.6321,-1.4207,2.1901,0.92450,0.01767,0.05364,-0.37697
1791098287.007,4.6728,-1.4623,2.1886,0.92547,0.01878,0.05287,-0.37465
1791098287.067,4.7139,-1.5038,2.1872,0.92563,0.01702,0.05323,-0.37428
1791098287.127,4.7554,-1.5451,2.1860,0.92590,0.01346,0.05420,-0.37362
1791098287.187,4.7973,-1.5861,2.1850,0.92691,0.01040,0.05502,-0.37108
1791098287.247,4.8399,-1.6266,2.1840,0.92888,0.00847,0.05553,-0.36609
1791098287.307,4.8831,-1.6665,2.1829,0.93171,0.00767,0.05573,-0.35882
1791098287.367,4.9269,-1.7057,2.1819,0.93511,0.00778,0.05570,-0.34986
1791098287.427,4.9714,-1.7443,2.1809,0.93875,0.00854,0.05555,-0.33998
1791098287.487,5.0165,-1.7823,2.1799,0.94232,0.00971,0.05533,-0.32997
1791098287.546,5.0621,-1.8198,2.1789,0.94556,0.01108,0.05505,-0.32055
1791098287.607,5.1081,-1.8569,2.1779,0.94834,0.01248,0.05475,-0.31225
1791098287.667,5.1546,-1.8937,2.1770,0.95056,0.01384,0.05446,-0.30543
1791098287.727,5.2014,-1.9301,2.1762,0.95220,0.01506,0.05420,-0.30024
1791098287.787,5.2485,-1.9664,2.1753,0.95331,0.01612,0.05400,-0.29668
1791098287.847,5.2959,-2.0026,2.1746,0.95394,0.01700,0.05384,-0.29463
1791098287.907,5.3434,-2.0387,2.1739,0.95426,0.01619,0.05430,-0.29355
1791098287.967,5.3913,-2.0746,2.1736,0.95490,0.01180,0.05531,-0.29149
1791098288.027,5.4395,-2.1103,2.1739,0.95634,0.00740,0.05629,-0.28669
1791098288.087,5.4884,-2.1453,2.1745,0.95873,0.00432,0.05697,-0.27853
1791098288.147,5.5378,-2.1794,2.1750,0.96188,0.00268,0.05739,-0.26736
1791098288.207,5.5879,-2.2127,2.1753,0.96547,0.00235,0.05761,-0.25405
1791098288.267,5.6385,-2.2450,2.1753,0.96912,0.00295,0.05770,-0.23973
1791098288.327,5.6897,-2.2765,2.1750,0.97253,0.00415,0.05770,-0.22548
1791098288.387,5.7415,-2.3071,2.1744,0.97549,0.00566,0.05760,-0.21228
1791098288.447,5.7938,-2.3370,2.1736,0.97798,0.00579,0.05756,-0.20052
1791098288.507,5.8465,-2.3661,2.1727,0.98023,0.00333,0.05769,-0.18921
1791098288.567,5.8998,-2.3945,2.1716,0.98244,0.00098,0.05786,-0.17739
1791098288.627,5.9536,-2.4218,2.1704,0.98463,-0.00041,0.05799,-0.16477
1791098288.687,6.0079,-2.4480,2.1690,0.98673,-0.00074,0.05804,-0.15164
1791098288.747,6.0627,-2.4731,2.1674,0.98865,-0.00031,0.05808,-0.13858
1791098288.807,6.1180,-2.4972,2.1659,0.99030,0.00066,0.05803,-0.12624
1791098288.867,6.1738,-2.5203,2.1643,0.99165,0.00179,0.05793,-0.11519
1791098288.927,6.2300,-2.5425,2.1628,0.99271,0.00258,0.05780,-0.10577
1791098288.987,6.2865,-2.5639,2.1615,0.99361,0.00011,0.05761,-0.09703
1791098289.047,6.3435,-2.5843,2.1604,0.99452,-0.00323,0.05737,-0.08738
1791098289.107,6.4009,-2.6036,2.1595,0.99545,-0.00566,0.05716,-0.07601
1791098289.167,6.4586,-2.6216,2.1586,0.99636,-0.00683,0.05703,-0.06299
1791098289.227,6.5165,-2.6382,2.1576,0.99715,-0.00692,0.05697,-0.04896
1791098289.287,6.5748,-2.6536,2.1567,0.99775,-0.00614,0.05694,-0.03475
1791098289.347,6.6333,-2.6676,2.1558,0.99815,-0.00610,0.05677,-0.02095
1791098289.407,6.6920,-2.6804,2.1550,0.99836,-0.00836,0.05628,-0.00693
1791098289.467,6.7510,-2.6919,2.1544,0.99835,-0.01040,0.05585,0.00800
1791098289.527,6.8100,-2.7019,2.1537,0.99810,-0.01149,0.05565,0.02385
1791098289.587,6.8692,-2.7104,2.1532,0.99758,-0.01141,0.05562,0.04006
1791098289.647,6.9284,-2.7174,2.1527,0.99683,-0.01052,0.05574,0.05584
1791098289.707,6.9876,-2.7231,2.1524,0.99591,-0.00918,0.05590,0.07042
1791098289.765,7.0390,-2.7269,2.1523,0.99502,-0.01007,0.05559,0.08213
1791098289.825,7.0984,-2.7302,2.1523,0.99380,-0.01327,0.05462,0.09589
1791098289.885,7.1577,-2.7319,2.1527,0.99224,-0.01597,0.05389,0.11092
1791098289.945,7.2168,-2.7320,2.1530,0.99026,-0.01759,0.05346,0.12736
1791098290.005,7.2757,-2.7305,2.1532,0.98788,-0.01817,0.05335,0.14460
1791098290.065,7.3344,-2.7273,2.1535,0.98523,-0.01732,0.05362,0.16171
1791098290.125,7.3927,-2.7226,2.1538,0.98245,-0.01611,0.05392,0.17783
1791098290.185,7.4509,-2.7163,2.1541,0.97956,-0.01719,0.05339,0.19317
1791098290.245,7.5088,-2.7086,2.1544,0.97641,-0.01882,0.05267,0.20854
1791098290.305,7.5662,-2.6994,2.1545,0.97294,-0.01974,0.05227,0.22421
1791098290.366,7.6233,-2.6886,2.1546,0.96919,-0.01971,0.05218,0.23991
1791098290.426,7.6799,-2.6763,2.1546,0.96530,-0.01959,0.05202,0.25515
1791098290.485,7.7360,-2.6626,2.1547,0.96108,-0.02247,0.05035,0.27073
1791098290.545,7.7879,-2.6484,2.1551,0.95646,-0.02557,0.04847,0.28666
1791098290.605,7.8427,-2.6315,2.1556,0.95063,-0.02767,0.04709,0.30550
1791098290.666,7.8965,-2.6128,2.1560,0.94394,-0.02831,0.04652,0.32560
1791098290.725,7.9494,-2.5925,2.1565,0.93669,-0.02780,0.04656,0.34593
1791098290.785,8.0012,-2.5706,2.1568,0.92930,-0.02638,0.04709,0.36536
1791098290.845,8.0522,-2.5471,2.1572,0.92222,-0.02457,0.04785,0.38290
1791098290.906,8.1023,-2.5223,2.1577,0.91588,-0.02254,0.04867,0.39784
1791098290.965,8.1517,-2.4963,2.1584,0.91060,-0.02082,0.04930,0.40982
1791098291.026,8.2006,-2.4692,2.1591,0.90622,-0.02200,0.04819,0.41947
1791098291.086,8.2487,-2.4411,2.1601,0.90190,-0.02498,0.04590,0.42878
1791098291.145,8.2959,-2.4118,2.1610,0.89688,-0.02749,0.04390,0.43922
1791098291.205,8.3420,-2.3814,2.1618,0.89094,-0.02882,0.04275,0.45118
1791098291.266,8.3869,-2.3497,2.1624,0.88417,-0.02907,0.04235,0.46433
1791098291.325,8.4307,-2.3170,2.1628,0.87690,-0.02855,0.04246,0.47795
1791098291.384,8.4677,-2.2878,2.1632,0.87051,-0.02755,0.04291,0.48950
1791098291.443,8.5094,-2.2532,2.1636,0.86344,-0.02618,0.04357,0.50188
1791098291.504,8.5501,-2.2176,2.1641,0.85706,-0.02465,0.04432,0.51271
1791098291.563,8.5901,-2.1813,2.1646,0.85166,-0.02311,0.04510,0.52163
1791098291.624,8.6293,-2.1444,2.1651,0.84742,-0.02167,0.04586,0.52850
1791098291.684,8.6680,-2.1068,2.1657,0.84437,-0.02039,0.04659,0.53334
1791098291.743,8.7062,-2.0686,2.1663,0.84246,-0.01935,0.04721,0.53633
1791098291.800,8.7415,-2.0326,2.1668,0.84159,-0.01859,0.04775,0.53768
1791098291.859,8.7790,-1.9937,2.1675,0.84090,-0.02154,0.04575,0.53882
1791098291.919,8.8160,-1.9541,2.1690,0.83852,-0.02750,0.04046,0.54267
1791098291.979,8.8520,-1.9138,2.1718,0.83297,-0.03260,0.03553,0.55121
1791098292.039,8.8866,-1.8728,2.1754,0.82389,-0.03599,0.03194,0.56470
1791098292.100,8.9195,-1.8310,2.1791,0.81165,-0.03791,0.02980,0.58214
1791098292.159,8.9505,-1.7886,2.1821,0.79712,-0.03823,0.02948,0.60189
1791098292.220,8.9795,-1.7457,2.1840,0.78136,-0.03752,0.03040,0.62221
1791098292.279,9.0067,-1.7022,2.1849,0.76553,-0.03619,0.03208,0.64158
1791098292.339,9.0323,-1.6582,2.1852,0.75069,-0.03462,0.03398,0.65887
1791098292.400,9.0565,-1.6136,2.1852,0.73772,-0.03291,0.03590,0.67335
1791098292.459,9.0795,-1.5686,2.1851,0.72719,-0.03123,0.03768,0.68469
1791098292.519,9.1014,-1.5230,2.1851,0.71937,-0.02972,0.03919,0.69289
1791098292.579,9.1225,-1.4770,2.1850,0.71423,-0.02845,0.04048,0.69816
1791098292.639,9.1429,-1.4305,2.1849,0.71185,-0.02596,0.04330,0.70051
1791098292.700,9.1629,-1.3835,2.1862,0.71394,-0.01853,0.04916,0.69823
1791098292.759,9.1833,-1.3359,2.1902,0.72199,-0.01053,0.05457,0.68967
1791098292.820,9.2047,-1.2880,2.1960,0.73577,-0.00455,0.05832,0.67470
1791098292.880,9.2276,-1.2401,2.2019,0.75383,-0.00132,0.06057,0.65427
1791098292.939,9.2520,-1.1925,2.2065,0.77416,-0.00057,0.06172,0.62997
1791098293.000,9.2780,-1.1453,2.2088,0.79479,-0.00169,0.06215,0.60370
1791098293.059,9.3055,-1.0986,2.2092,0.81410,-0.00395,0.06206,0.57739
1791098293.119,9.3344,-1.0522,2.2083,0.83101,-0.00672,0.06151,0.55281
1791098293.179,9.3648,-1.0060,2.2070,0.84491,-0.00957,0.06055,0.53138
1791098293.239,9.3964,-0.9600,2.2058,0.85566,-0.01221,0.05928,0.51399
1791098293.300,9.4291,-0.9140,2.2047,0.86336,-0.01450,0.05788,0.50104
1791098293.359,9.4627,-0.8681,2.2037,0.86834,-0.01639,0.05648,0.49247
1791098293.419,9.4970,-0.8221,2.2026,0.87099,-0.01791,0.05518,0.48787
1791098293.479,9.5319,-0.7762,2.2014,0.87175,-0.01902,0.05407,0.48659
1791098293.540,9.5671,-0.7302,2.1998,0.87114,-0.01919,0.05364,0.48772
1791098293.600,9.6026,-0.6842,2.1981,0.87022,-0.01642,0.05471,0.48934
1791098293.659,9.6387,-0.6383,2.1964,0.87006,-0.01337,0.05607,0.48957
1791098293.720,9.6753,-0.5926,2.1947,0.87123,-0.01112,0.05710,0.48742
1791098293.779,9.7127,-0.5471,2.1929,0.87380,-0.00995,0.05769,0.48274
1791098293.843,9.7483,-0.5051,2.1911,0.87731,-0.00898,0.05822,0.47629
1791098293.903,9.7873,-0.4604,2.1892,0.88239,-0.00616,0.05940,0.46671
1791098293.962,9.8272,-0.4162,2.1876,0.88891,-0.00360,0.06045,0.45406
1791098294.022,9.8681,-0.3727,2.1860,0.89654,-0.00231,0.06112,0.43871
1791098294.082,9.9102,-0.3300,2.1843,0.90471,-0.00228,0.06139,0.42158
1791098294.142,9.9534,-0.2881,2.1824,0.91277,-0.00314,0.06138,0.40383
1791098294.202,9.9975,-0.2469,2.1802,0.92019,-0.00457,0.06116,0.38665
1791098294.262,10.0426,-0.2063,2.1779,0.92661,-0.00633,0.06074,0.37104
1791098294.322,10.0886,-0.1664,2.1756,0.93187,-0.00788,0.06022,0.35768
1791098294.383,10.1354,-0.1271,2.1735,0.93623,-0.00652,0.06041,0.34610
1791098294.442,10.1829,-0.0883,2.1714,0.94022,-0.00419,0.06089,0.33505
1791098294.502,10.2313,-0.0503,2.1692,0.94414,-0.00251,0.06125,0.32379
1791098294.562,10.2805,-0.0132,2.1669,0.94804,-0.00178,0.06141,0.31218
1791098294.622,10.3306,0.0229,2.1645,0.95180,-0.00190,0.06134,0.30051
1791098294.685,10.3781,0.0559,2.1622,0.95508,-0.00263,0.06112,0.28997
1791098294.746,10.4297,0.0905,2.1599,0.95821,-0.00376,0.06074,0.27953
1791098294.805,10.4819,0.1242,2.1578,0.96086,-0.00502,0.06028,0.27035
1791098294.865,10.5348,0.1573,2.1558,0.96316,-0.00397,0.06027,0.26205
1791098294.925,10.5884,0.1897,2.1542,0.96548,-0.00140,0.06043,0.25337
1791098294.985,10.6425,0.2212,2.1528,0.96801,0.00064,0.06058,0.24349
1791098295.045,10.6973,0.2516,2.1514,0.97074,0.00169,0.06065,0.23234
1791098295.105,10.7527,0.2811,2.1500,0.97354,0.00178,0.06061,0.22033
1791098295.165,10.8087,0.3094,2.1486,0.97623,0.00131,0.06050,0.20811
1791098295.225,10.8653,0.3368,2.1473,0.97866,0.00034,0.06036,0.19640
1791098295.285,10.9223,0.3632,2.1461,0.98075,-0.00102,0.06014,0.18580
1791098295.345,10.9799,0.3888,2.1450,0.98243,-0.00242,0.05990,0.17675
1791098295.405,11.0378,0.4137,2.1440,0.98372,-0.00371,0.05964,0.16950
1791098295.465,11.0961,0.4379,2.1433,0.98475,-0.00249,0.05964,0.16344
1791098295.525,11.1548,0.4615,2.1429,0.98578,0.00036,0.05970,0.15706
1791098295.585,11.2139,0.4842,2.1427,0.98698,0.00269,0.05975,0.14933
1791098295.645,11.2733,0.5059,2.1426,0.98833,0.00404,0.05981,0.14004
1791098295.705,11.3331,0.5266,2.1425,0.98978,0.00439,0.05957,0.12952
1791098295.765,11.3933,0.5461,2.1426,0.99182,0.00413,0.04697,0.11859
1791098295.825,11.4528,0.5646,2.1431,0.99379,0.00373,0.02410,0.10852
1791098295.885,11.5103,0.5818,2.1439,0.99491,0.00363,0.00219,0.10071
1791098295.945,11.5644,0.5977,2.1452,0.99523,0.00384,-0.01506,0.09636
1791098296.918,11.5815,0.6027,2.1457,0.99520,0.00392,-0.01969,0.09582
1791098296.977,11.6296,0.6168,2.1475,0.99479,0.00418,-0.03056,0.09720
1791098297.038,11.6726,0.6294,2.1492,0.99398,0.00434,-0.03750,0.10286
1791098297.098,11.7104,0.6408,2.1508,0.99284,0.00433,-0.04133,0.11202
1791098297.158,11.7430,0.6508,2.1525,0.99193,0.00258,-0.02990,0.12321
1791098297.218,11.7716,0.6598,2.1549,0.99104,-0.00064,-0.00147,0.13354
1791098297.278,11.7983,0.6682,2.1578,0.98970,-0.00281,0.02712,0.14051
1791098297.338,11.8251,0.6765,2.1610,0.98843,-0.00396,0.04999,0.14312
1791098297.398,11.8535,0.6851,2.1640,0.98771,-0.00444,0.06629,0.14145
1791098297.458,11.8846,0.6941,2.1662,0.98769,-0.00464,0.07685,0.13620
1791098297.518,11.9187,0.7035,2.1675,0.98825,-0.00463,0.08295,0.12833
1791098297.578,11.9562,0.7133,2.1678,0.98929,-0.00213,0.08583,0.11804
1791098297.638,11.9970,0.7233,2.1673,0.99072,0.00123,0.08632,0.10495
1791098297.698,12.0412,0.7333,2.1663,0.99234,0.00365,0.08534,0.08927
1791098297.758,12.0883,0.7429,2.1648,0.99391,0.00492,0.08344,0.07178
1791098297.817,12.1382,0.7520,2.1630,0.99526,0.00522,0.08101,0.05359
1791098297.878,12.1905,0.7604,2.1609,0.99627,0.00478,0.07835,0.03584
1791098297.938,12.2449,0.7682,2.1588,0.99694,0.00400,0.07564,0.01955
1791098297.998,12.3011,0.7753,2.1566,0.99731,0.00301,0.07298,0.00545
1791098298.058,12.3588,0.7818,2.1545,0.99751,0.00213,0.07027,-0.00600
1791098298.118,12.4177,0.7877,2.1533,0.99836,-0.00013,0.05571,-0.01297
1791098298.178,12.4771,0.7932,2.1560,0.99949,-0.00410,0.02999,-0.01033
1791098298.238,12.5351,0.7987,2.1644,0.99995,-0.00718,0.00467,0.00472
1791098298.298,12.5900,0.8044,2.1766,0.99933,-0.00936,-0.01593,0.03149
1791098298.358,12.6403,0.8103,2.1889,0.99721,-0.01036,-0.03053,0.06728
1791098298.417,12.6855,0.8164,2.1981,0.99329,-0.01123,-0.03802,0.10863
1791098298.478,12.7256,0.8225,2.2032,0.98799,-0.01880,-0.02295,0.15165
1791098298.536,12.7570,0.8283,2.2048,0.98183,-0.02577,-0.00093,0.18801
1791098298.596,12.7907,0.8361,2.2044,0.97318,-0.03118,0.02405,0.22665
1791098298.656,12.8235,0.8458,2.2028,0.96392,-0.03442,0.04354,0.26035
1791098298.716,12.8563,0.8579,2.2003,0.95480,-0.03677,0.05696,0.28940
1791098298.775,12.8900,0.8726,2.1969,0.94625,-0.03740,0.06580,0.31446
1791098298.836,12.9249,0.8901,2.1927,0.93851,-0.03651,0.07122,0.33585
1791098298.902,12.9614,0.9105,2.1880,0.93179,-0.03458,0.07413,0.35366
1791098298.961,12.9994,0.9336,2.1832,0.92623,-0.03215,0.07517,0.36798
1791098299.021,13.0390,0.9592,2.1783,0.92191,-0.02963,0.07486,0.37894
1791098299.081,13.0801,0.9871,2.1736,0.91881,-0.02721,0.07366,0.38680
1791098299.142,13.1226,1.0168,2.1691,0.91684,-0.02511,0.07191,0.39191
1791098299.202,13.1662,1.0482,2.1647,0.91585,-0.02340,0.06986,0.39471
1791098299.261,13.2109,1.0811,2.1605,0.91564,-0.02192,0.06776,0.39565
1791098299.321,13.2565,1.1151,2.1565,0.91600,-0.02072,0.06569,0.39522
1791098299.381,13.3027,1.1500,2.1527,0.91673,-0.01975,0.06374,0.39388
1791098299.441,13.3496,1.1857,2.1490,0.91766,-0.01902,0.06197,0.39204
1791098299.501,13.3968,1.2221,2.1456,0.91863,-0.01847,0.06041,0.39004
1791098299.561,13.4445,1.2590,2.1424,0.91954,-0.01806,0.05906,0.38812
1791098299.621,13.4924,1.2962,2.1395,0.92031,-0.01781,0.05791,0.38647
1791098299.681,13.5405,1.3338,2.1368,0.92091,-0.01763,0.05697,0.38519
1791098299.742,13.5887,1.3717,2.1343,0.92132,-0.01754,0.05623,0.38433
1791098299.801,13.6370,1.4098,2.1321,0.92155,-0.01747,0.05569,0.38386
1791098299.862,13.6853,1.4481,2.1302,0.92180,-0.01559,0.05609,0.38327
1791098299.921,13.7338,1.4864,2.1290,0.92267,-0.01192,0.05706,0.38115
1791098299.981,13.7827,1.5247,2.1284,0.92454,-0.00874,0.05794,0.37656
1791098300.041,13.8319,1.5626,2.1280,0.92741,-0.00667,0.05858,0.36937
1791098300.101,13.8816,1.6000,2.1278,0.93105,-0.00572,0.05892,0.36005
1791098300.161,13.9318,1.6370,2.1275,0.93513,-0.00513,0.05921,0.34930
1791098300.221,13.9825,1.6733,2.1273,0.93968,-0.00147,0.06010,0.33673
1791098300.282,14.0339,1.7089,2.1274,0.94496,0.00252,0.06099,0.32145
1791098300.341,14.0862,1.7434,2.1277,0.95087,0.00513,0.06165,0.30336
1791098300.401,14.1393,1.7766,2.1279,0.95703,0.00609,0.06206,0.28322
1791098300.461,14.1932,1.8087,2.1281,0.96298,0.00571,0.06228,0.26222
1791098300.521,14.2480,1.8394,2.1280,0.96834,0.00441,0.06231,0.24170
1791098300.582,14.3035,1.8689,2.1279,0.97287,0.00255,0.06218,0.22282
1791098300.641,14.3598,1.8974,2.1278,0.97648,0.00050,0.06194,0.20650
1791098300.701,14.4167,1.9249,2.1278,0.97921,-0.00155,0.06156,0.19329
1791098300.762,14.4741,1.9516,2.1278,0.98113,-0.00345,0.06114,0.18340
1791098300.821,14.5321,1.9777,2.1278,0.98237,-0.00510,0.06071,0.17677
1791098300.881,14.5904,2.0032,2.1279,0.98304,-0.00648,0.06029,0.17307
1791098300.941,14.6491,2.0282,2.1278,0.98327,-0.00755,0.05990,0.17184
1791098301.001,14.7080,2.0529,2.1277,0.98316,-0.00841,0.05958,0.17253
1791098301.061,14.7671,2.0773,2.1274,0.98281,-0.00905,0.05932,0.17457
1791098301.121,14.8264,2.1014,2.1270,0.98231,-0.00949,0.05913,0.17742
1791098301.182,14.8858,2.1254,2.1266,0.98173,-0.00978,0.05901,0.18062
1791098301.241,14.9454,2.1493,2.1261,0.98115,-0.00997,0.05895,0.18379
1791098301.301,15.0051,2.1731,2.1256,0.98060,-0.01010,0.05893,0.18666
1791098301.361,15.0648,2.1969,2.1251,0.98014,-0.01015,0.05897,0.18905
1791098301.421,15.1246,2.2206,2.1247,0.97979,-0.01017,0.05900,0.19088
1791098301.481,15.1846,2.2442,2.1243,0.97954,-0.01018,0.05906,0.19212
1791098301.541,15.2446,2.2679,2.1240,0.97945,-0.00893,0.05943,0.19254
1791098301.601,15.3048,2.2914,2.1242,0.97979,-0.00489,0.05992,0.19080
1791098301.661,15.3652,2.3147,2.1252,0.98074,-0.00094,0.06029,0.18578
1791098301.721,15.4259,2.3373,2.1264,0.98230,0.00185,0.06052,0.17728
1791098301.782,15.4870,2.3591,2.1278,0.98427,0.00330,0.06064,0.16591
1791098301.841,15.5484,2.3800,2.1290,0.98640,0.00371,0.06074,0.15265
1791098301.901,15.6100,2.3999,2.1299,0.98847,0.00328,0.06080,0.13866
1791098301.961,15.6719,2.4190,2.1306,0.99029,0.00233,0.06085,0.12500
1791098302.021,15.7340,2.4372,2.1310,0.99178,0.00115,0.06088,0.11256
1791098302.081,15.7964,2.4547,2.1313,0.99293,-0.00013,0.06088,0.10194
1791098302.141,15.8591,2.4715,2.1316,0.99376,-0.00128,0.06083,0.09350
1791098302.201,15.9219,2.4878,2.1318,0.99432,-0.00233,0.06080,0.08736
1791098302.261,15.9849,2.5035,2.1320,0.99466,-0.00332,0.06072,0.08342
1791098302.321,16.0481,2.5188,2.1321,0.99482,-0.00416,0.06066,0.08142
1791098302.382,16.1115,2.5338,2.1323,0.99486,-0.00484,0.06061,0.08102
1791098302.442,16.1750,2.5485,2.1324,0.99479,-0.00535,0.06059,0.08184
1791098302.502,16.2386,2.5630,2.1324,0.99465,-0.00573,0.06060,0.08347
1791098302.562,16.3023,2.5773,2.1324,0.99447,-0.00599,0.06062,0.08557
1791098302.622,16.3661,2.5915,2.1323,0.99427,-0.00611,0.06069,0.08781
1791098302.682,16.4300,2.6055,2.1321,0.99407,-0.00619,0.06077,0.08998
1791098302.741,16.4940,2.6195,2.1320,0.99392,-0.00444,0.06113,0.09150
1791098302.801,16.5582,2.6333,2.1325,0.99405,0.00126,0.06110,0.09021
1791098302.861,16.6227,2.6465,2.1341,0.99456,0.00684,0.06080,0.08430
1791098302.921,16.6874,2.6588,2.1362,0.99541,0.01077,0.06046,0.07339
1791098302.982,16.7523,2.6698,2.1385,0.99641,0.01275,0.06017,0.05823
1791098303.042,16.8086,2.6784,2.1401,0.99719,0.01329,0.06010,0.04270
1791098303.102,16.8735,2.6870,2.1414,0.99783,0.01276,0.06016,0.02346
1791098303.162,16.9385,2.6942,2.1419,0.99810,0.01166,0.06030,0.00425
1791098303.222,17.0034,2.7003,2.1419,0.99802,0.01055,0.06042,-0.01366
1791098303.282,17.0684,2.7052,2.1416,0.99765,0.01302,0.05983,-0.03063
1791098303.342,17.1333,2.7087,2.1412,0.99696,0.01664,0.05902,-0.04802
1791098303.402,17.1981,2.7107,2.1406,0.99588,0.01925,0.05849,-0.06650
1791098303.462,17.2628,2.7110,2.1398,0.99440,0.02040,0.05825,-0.08582
1791098303.522,17.3272,2.7095,2.1390,0.99253,0.02035,0.05825,-0.10521
1791098303.582,17.3914,2.7063,2.1382,0.99041,0.01929,0.05842,-0.12373
1791098303.642,17.4554,2.7016,2.1374,0.98818,0.01771,0.05864,-0.14051
1791098303.702,17.5192,2.6953,2.1369,0.98605,0.01583,0.05883,-0.15490
1791098303.762,17.5829,2.6877,2.1365,0.98417,0.01385,0.05901,-0.16651
1791098303.822,17.6463,2.6790,2.1362,0.98267,0.01226,0.05907,-0.17527
1791098303.882,17.7097,2.6692,2.1361,0.98144,0.01347,0.05837,-0.18218
1791098303.942,17.7728,2.6584,2.1361,0.98020,0.01568,0.05743,-0.18884
1791098304.002,17.8356,2.6465,2.1361,0.97876,0.01731,0.05673,-0.19625
1791098304.062,17.8981,2.6335,2.1359,0.97704,0.01801,0.05632,-0.20469
1791098304.122,17.9601,2.6192,2.1356,0.97507,0.01796,0.05621,-0.21391
1791098304.182,18.0217,2.6038,2.1352,0.97294,0.01721,0.05631,-0.22341
1791098304.242,18.0830,2.5874,2.1349,0.97077,0.01654,0.05641,-0.23272
1791098304.301,18.1439,2.5700,2.1348,0.96837,0.01965,0.05500,-0.24260
1791098304.362,18.2044,2.5513,2.1353,0.96525,0.02393,0.05287,-0.25482
1791098304.422,18.2642,2.5314,2.1363,0.96107,0.02716,0.05119,-0.27017
1791098304.482,18.3231,2.5099,2.1374,0.95580,0.02872,0.05028,-0.28826
1791098304.542,18.3811,2.4868,2.1385,0.94963,0.02891,0.05007,-0.30800
1791098304.602,18.4381,2.4623,2.1395,0.94290,0.02803,0.05038,-0.32804
1791098304.662,18.4941,2.4364,2.1402,0.93606,0.02654,0.05102,-0.34709
1791098304.722,18.5493,2.4092,2.1409,0.92956,0.02506,0.05151,-0.36420
1791098304.782,18.6036,2.3808,2.1415,0.92341,0.02588,0.05063,-0.37957
1791098304.841,18.6570,2.3512,2.1420,0.91732,0.02744,0.04941,-0.39411
1791098304.902,18.7095,2.3204,2.1423,0.91113,0.02839,0.04864,-0.40825
1791098304.961,18.7609,2.2884,2.1425,0.90489,0.02850,0.04841,-0.42193
1791098305.021,18.8046,2.2598,2.1426,0.89958,0.02807,0.04850,-0.43314
1791098305.081,18.8540,2.2257,2.1428,0.89380,0.02709,0.04889,-0.44497
1791098305.141,18.9026,2.1906,2.1431,0.88862,0.02582,0.04943,-0.45525
1791098305.201,18.9503,2.1545,2.1436,0.88422,0.02434,0.05000,-0.46374
1791098305.261,18.9973,2.1176,2.1442,0.88068,0.02365,0.05015,-0.47045
1791098305.321,19.0435,2.0800,2.1450,0.87743,0.02589,0.04819,-0.47658
1791098305.381,19.0890,2.0415,2.1460,0.87357,0.02855,0.04602,-0.48367
1791098305.440,19.1334,2.0023,2.1472,0.86864,0.03054,0.04432,-0.49251
1791098305.501,19.1766,1.9621,2.1483,0.86261,0.03151,0.04344,-0.50301
1791098305.561,19.2186,1.9211,2.1493,0.85575,0.03160,0.04330,-0.51460
1791098305.621,19.2594,1.8794,2.1501,0.84848,0.03113,0.04364,-0.52651
1791098305.681,19.2991,1.8368,2.1509,0.84127,0.03024,0.04430,-0.53795
1791098305.741,19.3376,1.7936,2.1516,0.83445,0.03001,0.04434,-0.54847
1791098305.801,19.3752,1.7496,2.1523,0.82747,0.03245,0.04193,-0.55900
1791098305.860,19.4115,1.7050,2.1533,0.81951,0.03504,0.03930,-0.57064
1791098305.921,19.4464,1.6596,2.1543,0.81024,0.03679,0.03755,-0.58373
1791098305.981,19.4797,1.6135,2.1553,0.79989,0.03739,0.03684,-0.59785
1791098306.041,19.5114,1.5668,2.1562,0.78892,0.03727,0.03689,-0.61225
1791098306.101,19.5416,1.5194,2.1570,0.77800,0.03654,0.03749,-0.62609
1791098306.161,19.5702,1.4715,2.1579,0.76773,0.03543,0.03847,-0.63864
1791098306.220,19.5976,1.4229,2.1588,0.75870,0.03391,0.03992,-0.64933
1791098306.281,19.6238,1.3739,2.1603,0.75226,0.02899,0.04423,-0.65674
1791098306.341,19.6494,1.3242,2.1636,0.75015,0.02262,0.04887,-0.65907
1791098306.401,19.6750,1.2741,2.1686,0.75299,0.01721,0.05245,-0.65571
1791098306.461,19.7010,1.2238,2.1742,0.76033,0.01353,0.05473,-0.64708
1791098306.521,19.7275,1.1735,2.1793,0.77099,0.01163,0.05605,-0.63427
1791098306.581,19.7548,1.1233,2.1831,0.78353,0.01121,0.05672,-0.61866
1791098306.640,19.7829,1.0735,2.1853,0.79659,0.01186,0.05698,-0.60171
1791098306.700,19.8117,1.0239,2.1861,0.80905,0.01319,0.05691,-0.58483
1791098306.761,19.8413,0.9744,2.1860,0.82011,0.01481,0.05661,-0.56920
1791098306.820,19.8716,0.9250,2.1853,0.82930,0.01652,0.05612,-0.55573
1791098306.881,19.9025,0.8757,2.1844,0.83642,0.01812,0.05549,-0.54497
1791098306.941,19.9340,0.8264,2.1835,0.84167,0.01807,0.05568,-0.53681
1791098306.997,19.9639,0.7804,2.1827,0.84589,0.01477,0.05732,-0.53006
1791098307.057,19.9967,0.7312,2.1818,0.85075,0.01112,0.05918,-0.52211
1791098307.117,20.0306,0.6824,2.1809,0.85645,0.00861,0.06051,-0.51259
1791098307.177,20.0655,0.6340,2.1796,0.86297,0.00750,0.06121,-0.50148
1791098307.237,20.1015,0.5861,2.1782,0.86995,0.00755,0.06137,-0.48925
1791098307.296,20.1387,0.5387,2.1768,0.87692,0.00843,0.06113,-0.47665
1791098307.357,20.1770,0.4918,2.1753,0.88347,0.00983,0.06060,-0.46444
1791098307.417,20.2162,0.4453,2.1739,0.88926,0.01149,0.05989,-0.45331
1791098307.476,20.2563,0.3992,2.1726,0.89409,0.01323,0.05907,-0.44377
1791098307.537,20.2971,0.3533,2.1715,0.89796,0.01391,0.05866,-0.43593
1791098307.597,20.3386,0.3077,2.1707,0.90141,0.01184,0.05922,-0.42873
1791098307.657,20.3807,0.2625,2.1700,0.90504,0.00958,0.05996,-0.42097
1791098307.717,20.4237,0.2178,2.1695,0.90908,0.00811,0.06043,-0.41214
1791098307.777,20.4676,0.1737,2.1688,0.91346,0.00758,0.06060,-0.40232
1791098307.836,20.5122,0.1302,2.1682,0.91802,0.00700,0.06078,-0.39177
1791098307.897,20.5578,0.0873,2.1677,0.92300,0.00402,0.06149,-0.37984
1791098307.957,20.6043,0.0453,2.1677,0.92862,0.00123,0.06210,-0.36580
1791098308.016,20.6518,0.0043,2.1677,0.93478,-0.00030,0.06245,-0.34970
1791098308.077,20.7004,-0.0356,2.1678,0.94112,-0.00046,0.06249,-0.33226
1791098308.141,20.7467,-0.0719,2.1679,0.94683,0.00027,0.06236,-0.31564
1791098308.201,20.7971,-0.1097,2.1680,0.95239,0.00174,0.06207,-0.29848
1791098308.261,20.8484,-0.1466,2.1680,0.95716,0.00356,0.06166,-0.28290
1791098308.321,20.9005,-0.1825,2.1682,0.96104,0.00499,0.06124,-0.26950
1791098308.381,20.9533,-0.2177,2.1684,0.96433,0.00286,0.06139,-0.25747
1791098308.441,21.0068,-0.2519,2.1687,0.96749,-0.00031,0.06176,-0.24525
1791098308.501,21.0611,-0.2849,2.1690,0.97073,-0.00256,0.06206,-0.23201
1791098308.561,21.1161,-0.3168,2.1691,0.97401,-0.00333,0.06226,-0.21778
1791098308.621,21.1719,-0.3473,2.1691,0.97718,-0.00297,0.06233,-0.20306
1791098308.681,21.2284,-0.3766,2.1690,0.98007,-0.00181,0.06230,-0.18862
1791098308.741,21.2855,-0.4047,2.1690,0.98257,-0.00022,0.06218,-0.17519
1791098308.801,21.3433,-0.4318,2.1691,0.98461,0.00163,0.06191,-0.16343
1791098308.861,21.4018,-0.4580,2.1708,0.98609,0.00612,0.05283,-0.15746
1791098308.921,21.4612,-0.4839,2.1839,0.98517,0.01051,0.03143,-0.16838
1791098308.981,21.5197,-0.5097,2.2103,0.98028,0.01363,0.00772,-0.19698
1791098309.041,21.5750,-0.5351,2.2412,0.97076,0.01588,-0.01446,-0.23909
1791098309.101,21.6258,-0.5597,2.2704,0.95572,0.01712,-0.03222,-0.29202
1791098309.161,21.6710,-0.5833,2.2959,0.93384,0.01764,-0.04436,-0.35449
1791098309.227,21.7105,-0.6054,2.3179,0.90348,0.01776,-0.05091,-0.42523
1791098309.287,21.7442,-0.6259,2.3342,0.86428,0.01743,-0.05156,-0.50006
1791098309.347,21.7731,-0.6445,2.3416,0.81780,0.01709,-0.04824,-0.57323
1791098309.408,21.7975,-0.6612,2.3410,0.76735,0.01706,-0.04381,-0.63950
1791098309.467,21.8176,-0.6760,2.3372,0.71806,0.01709,-0.03927,-0.69466
1791098309.527,21.8331,-0.6886,2.3413,0.67798,0.01691,-0.03451,-0.73408
1791098309.587,21.8445,-0.6992,2.3540,0.64896,0.01636,-0.02961,-0.76007
1791098309.647,21.8528,-0.7082,2.3698,0.63051,0.01522,-0.02506,-0.77563
1791098309.707,21.8587,-0.7160,2.3855,0.62234,0.01335,-0.02127,-0.78234
1791098309.767,21.8625,-0.7227,2.3999,0.62431,0.01082,-0.01827,-0.78089
1791098309.830,21.8647,-0.7282,2.4120,0.63509,0.00799,-0.01601,-0.77223
1791098309.890,21.8658,-0.7332,2.4235,0.65573,0.00469,-0.01407,-0.75485
1791098309.950,21.8660,-0.7373,2.4336,0.68494,0.00133,-0.01248,-0.72849
1791098310.010,21.8656,-0.7407,2.4422,0.72155,-0.00185,-0.01113,-0.69227
1791098310.069,21.8649,-0.7430,2.4485,0.75810,-0.00432,-0.01010,-0.65205
1791098310.129,21.8638,-0.7449,2.4545,0.80400,-0.00672,-0.00897,-0.59452
1791098310.189,21.8625,-0.7459,2.4573,0.85039,-0.00829,-0.00780,-0.52602
1791098310.249,21.8612,-0.7463,2.4529,0.89305,-0.00900,-0.00652,-0.44981
1791098310.309,21.8599,-0.7461,2.4404,0.92881,-0.00928,-0.00526,-0.37039
1791098310.369,21.8586,-0.7454,2.4227,0.95609,-0.00939,-0.00413,-0.29288
1791098310.429,21.8573,-0.7440,2.4044,0.97497,-0.00733,0.00059,-0.22222
1791098310.490,21.8564,-0.7422,2.3903,0.98646,-0.00278,0.02409,-0.16220
1791098310.549,21.8574,-0.7405,2.3812,0.99196,0.00076,0.05398,-0.11449
1791098310.609,21.8623,-0.7395,2.3757,0.99371,0.00417,0.07890,-0.07940
1791098310.669,21.8725,-0.7394,2.3719,0.99383,0.00763,0.09532,-0.05622
1791098310.729,21.8884,-0.7401,2.3673,0.99360,0.01102,0.10363,-0.04358
1791098310.789,21.9099,-0.7417,2.3605,0.99348,0.01402,0.10596,-0.03976
1791098310.849,21.9367,-0.7444,2.3506,0.99346,0.01614,0.10461,-0.04287
1791098310.909,21.9681,-0.7482,2.3376,0.99340,0.01708,0.10128,-0.05099
1791098310.969,22.0039,-0.7531,2.3218,0.99318,0.01692,0.09709,-0.06226
1791098311.026,22.0408,-0.7588,2.3056,0.99279,0.01603,0.09287,-0.07413
1791098311.085,22.0837,-0.7659,2.2873,0.99219,0.01456,0.08832,-0.08690
1791098311.145,22.1297,-0.7741,2.2691,0.99151,0.01285,0.08381,-0.09858
1791098311.205,22.1785,-0.7832,2.2515,0.99087,0.01110,0.07948,-0.10834
1791098311.265,22.2295,-0.7931,2.2349,0.99037,0.00949,0.07543,-0.11574
1791098311.324,22.2752,-0.8022,2.2215,0.99010,0.00826,0.07222,-0.12009
1791098311.384,22.3295,-0.8131,2.2072,0.99001,0.00708,0.06891,-0.12283
1791098311.444,22.3851,-0.8245,2.1941,0.99014,0.00615,0.06608,-0.12337
1791098311.504,22.4416,-0.8361,2.1822,0.99046,0.00545,0.06370,-0.12210
1791098311.564,22.4990,-0.8479,2.1713,0.99090,0.00490,0.06177,-0.11947
1791098311.624,22.5569,-0.8598,2.1614,0.99142,0.00451,0.06025,-0.11593
1791098311.683,22.6153,-0.8718,2.1524,0.99195,0.00428,0.05907,-0.11192
1791098311.744,22.6741,-0.8838,2.1442,0.99246,0.00413,0.05820,-0.10780
1791098311.804,22.7331,-0.8957,2.1368,0.99292,0.00401,0.05761,-0.10385
1791098311.864,22.7924,-0.9076,2.1300,0.99330,0.00397,0.05721,-0.10029
1791098311.924,22.8518,-0.9194,2.1239,0.99363,0.00355,0.05702,-0.09716
1791098311.984,22.9114,-0.9310,2.1185,0.99399,0.00022,0.05687,-0.09350
1791098312.044,22.9712,-0.9423,2.1142,0.99451,-0.00382,0.05667,-0.08786
1791098312.103,23.0312,-0.9530,2.1105,0.99520,-0.00676,0.05656,-0.07964
1791098312.164,23.0915,-0.9629,2.1079,0.99587,0.00043,0.05608,-0.07139
1791098312.224,23.1520,-0.9726,2.1081,0.99613,0.01362,0.05174,-0.06973
1791098312.283,23.2126,-0.9829,2.1136,0.99611,0.01749,0.03403,-0.07942
1791098312.344,23.2721,-0.9942,2.1249,0.99457,0.01689,0.01063,-0.10213
1791098312.403,23.3285,-1.0061,2.1395,0.99043,0.01528,-0.01036,-0.13676
1791098312.464,23.3806,-1.0183,2.1540,0.98309,0.01385,-0.02582,-0.18075
1791098312.524,23.4277,-1.0302,2.1652,0.97216,0.01274,-0.03581,-0.23122
1791098312.584,23.4696,-1.0417,2.1715,0.95756,0.01208,-0.04143,-0.28498
1791098312.644,23.5063,-1.0524,2.1729,0.93979,0.01204,-0.04396,-0.33871
1791098312.704,23.5380,-1.0623,2.1706,0.91986,0.01244,-0.04446,-0.38951
1791098312.764,23.5646,-1.0712,2.1663,0.89918,0.01302,-0.04353,-0.43521
1791098312.824,23.5866,-1.0790,2.1620,0.87949,0.01346,-0.04157,-0.47391
1791098312.883,23.6042,-1.0857,2.1590,0.86256,0.01355,-0.03891,-0.50428
1791098312.949,23.6177,-1.0915,2.1581,0.84982,0.01316,-0.03585,-0.52570
1791098313.009,23.6276,-1.0964,2.1593,0.84212,0.01231,-0.03262,-0.53816
1791098313.069,23.6345,-1.1004,2.1619,0.83972,0.01107,-0.02938,-0.54212
1791098313.129,23.6388,-1.1037,2.1649,0.84228,0.00957,-0.02628,-0.53832
1791098313.189,23.6410,-1.1064,2.1673,0.84907,0.00795,-0.02344,-0.52770
1791098313.249,23.6414,-1.1086,2.1683,0.85911,0.00632,-0.02084,-0.51134
1791098313.309,23.6405,-1.1102,2.1674,0.87130,0.00479,-0.01850,-0.49038
1791098313.369,23.6384,-1.1115,2.1646,0.88461,0.00340,-0.01636,-0.46602
1791098313.429,23.6354,-1.1124,2.1602,0.89817,0.00218,-0.01445,-0.43941
1791098313.489,23.6317,-1.1129,2.1545,0.91125,0.00114,-0.01273,-0.41166
1791098313.549,23.6274,-1.1131,2.1483,0.92337,0.00032,-0.01119,-0.38375
1791098313.609,23.6227,-1.1131,2.1418,0.93426,-0.00035,-0.00987,-0.35647
1791098313.669,23.6176,-1.1127,2.1354,0.94383,-0.00085,-0.00875,-0.33032
1791098313.729,23.6123,-1.1122,2.1294,0.95212,-0.00123,-0.00781,-0.30562
1791098313.789,23.6069,-1.1114,2.1237,0.95920,-0.00150,-0.00703,-0.28264
1791098313.850,23.6014,-1.1105,2.1185,0.96523,-0.00171,-0.00643,-0.26132
1791098313.909,23.5958,-1.1094,2.1138,0.97043,-0.00186,-0.00596,-0.24129
1791098313.969,23.5902,-1.1081,2.1095,0.97500,-0.00196,-0.00560,-0.22214
1791098314.029,23.5847,-1.1067,2.1056,0.97906,-0.00202,-0.00534,-0.20347
1791098314.089,23.5791,-1.1052,2.1021,0.98272,-0.00207,-0.00515,-0.18503
1791098314.149,23.5736,-1.1035,2.0989,0.98601,-0.00213,-0.00502,-0.16658
1791098314.209,23.5681,-1.1018,2.0962,0.98899,-0.00219,-0.00496,-0.14791
1791098314.269,23.5626,-1.1000,2.0937,0.99164,-0.00224,-0.00495,-0.12896
1791098314.329,23.5572,-1.0981,2.0916,0.99395,-0.00230,-0.00494,-0.10966
1791098314.389,23.5518,-1.0961,2.0897,0.99593,-0.00235,-0.00493,-0.09000
1791098314.449,23.5464,-1.0940,2.0882,0.99753,-0.00238,-0.00493,-0.07002
1791098314.509,23.5410,-1.0919,2.0871,0.99874,-0.00240,-0.00490,-0.04985
1791098314.569,23.5356,-1.0898,2.0878,0.99941,-0.00236,-0.00485,-0.03402
1791098314.627,23.5309,-1.0878,2.0958,0.99946,-0.00224,-0.00479,-0.03247
1791098314.687,23.5253,-1.0855,2.1186,0.99881,-0.00196,-0.00470,-0.04849
1791098314.747,23.5197,-1.0831,2.1493,0.99675,-0.00157,-0.00459,-0.08044
1791098314.807,23.5140,-1.0808,2.1813,0.99206,-0.00112,-0.00447,-0.12571
1791098314.867,23.5085,-1.0784,2.2108,0.98331,-0.00062,-0.00439,-0.18191
1791098314.927,23.5030,-1.0761,2.2332,0.96961,-0.00007,-0.00432,-0.24462
1791098314.987,23.4977,-1.0740,2.2454,0.95101,0.00052,-0.00430,-0.30913
1791098315.047,23.4925,-1.0719,2.2484,0.92856,0.00113,-0.00426,-0.37116
1791098315.107,23.4874,-1.0699,2.2455,0.90417,0.00173,-0.00394,-0.42715
1791098315.167,23.4823,-1.0680,2.2414,0.88016,0.00651,0.00875,-0.47455
1791098315.227,23.4779,-1.0671,2.2387,0.85826,0.01846,0.03115,-0.51193
1791098315.287,23.4750,-1.0684,2.2379,0.84000,0.02932,0.05201,-0.53929
1791098315.347,23.4743,-1.0734,2.2379,0.82654,0.03643,0.06736,-0.55764
1791098315.407,23.4760,-1.0827,2.2378,0.81823,0.03987,0.07708,-0.56831
1791098315.467,23.4803,-1.0965,2.2364,0.81463,0.04070,0.08205,-0.57270
1791098315.527,23.4872,-1.1146,2.2330,0.81490,0.04012,0.08351,-0.57215
1791098315.587,23.4965,-1.1369,2.2275,0.81798,0.03898,0.08257,-0.56795
1791098315.647,23.5082,-1.1628,2.2200,0.82285,0.03770,0.08013,-0.56131
1791098315.707,23.5221,-1.1921,2.2111,0.82860,0.03645,0.07681,-0.55335
1791098315.767,23.5381,-1.2244,2.2014,0.83451,0.03506,0.07313,-0.54500
1791098315.827,23.5559,-1.2594,2.1915,0.83969,0.03503,0.06753,-0.53771
1791098315.887,23.5754,-1.2973,2.1875,0.83926,0.03497,0.04744,-0.54053
1791098315.947,23.5958,-1.3382,2.1986,0.82824,0.02961,0.02112,-0.55919
1791098316.007,23.6150,-1.3799,2.2197,0.80676,0.02205,-0.00531,-0.59045
1791098316.067,23.6318,-1.4202,2.2427,0.77551,0.01364,-0.02842,-0.63055
1791098316.127,23.6455,-1.4575,2.2635,0.73432,0.00539,-0.04584,-0.67723
1791098316.187,23.6560,-1.4907,2.2811,0.68230,-0.00149,-0.05695,-0.72885
1791098316.247,23.6634,-1.5192,2.2949,0.61927,-0.00638,-0.06170,-0.78273
1791098316.307,23.6685,-1.5430,2.3025,0.54620,-0.00881,-0.06113,-0.83537
1791098316.367,23.6717,-1.5622,2.3029,-0.46435,0.00896,0.05795,0.88371
1791098316.427,23.6737,-1.5770,2.2969,-0.37518,0.00741,0.05408,0.92534
1791098316.487,23.6748,-1.5879,2.2859,-0.28035,0.00477,0.05014,0.95857
1791098316.547,23.6753,-1.5951,2.2716,-0.18177,0.00163,0.04626,0.98225
1791098316.607,23.6753,-1.5990,2.2557,-0.08280,-0.00155,0.04242,0.99566
1791098316.667,23.6749,-1.5997,2.2399,0.01185,-0.00437,0.03855,0.99918
1791098316.727,23.6743,-1.5977,2.2264,0.09762,-0.00651,0.03468,0.99460
1791098316.787,23.6735,-1.5932,2.2171,0.17120,-0.00786,0.03087,0.98472
1791098316.847,23.6725,-1.5865,2.2131,0.23074,-0.01395,0.02576,0.97257
1791098316.907,23.6710,-1.5779,2.2142,0.27604,-0.02854,0.02282,0.96045
1791098316.967,23.6680,-1.5676,2.2185,0.30832,-0.04370,0.02174,0.95003
1791098317.023,23.6639,-1.5581,2.2227,0.32586,-0.05321,0.02099,0.94369
1791098317.083,23.6565,-1.5447,2.2271,0.33893,-0.06099,0.01981,0.93862
1791098317.143,23.6463,-1.5295,2.2291,0.34381,-0.06507,0.01827,0.93660
1791098317.204,23.6334,-1.5128,2.2277,0.34221,-0.06645,0.01678,0.93712
1791098317.263,23.6177,-1.4948,2.2228,0.33581,-0.06606,0.01564,0.93948
1791098317.323,23.5995,-1.4756,2.2149,0.32619,-0.06462,0.01487,0.94297
1791098317.383,23.5789,-1.4554,2.2047,0.31477,-0.06263,0.01430,0.94699
1791098317.443,23.5560,-1.4343,2.1932,0.30275,-0.06034,0.01397,0.95106
1791098317.504,23.5310,-1.4124,2.1812,0.29119,-0.05786,0.01388,0.95481
1791098317.563,23.5041,-1.3899,2.1693,0.28089,-0.05537,0.01394,0.95804
1791098317.624,23.4756,-1.3668,2.1580,0.27241,-0.05298,0.01400,0.96062
1791098317.683,23.4456,-1.3432,2.1474,0.26592,-0.05089,0.01372,0.96255
1791098317.744,23.4143,-1.3193,2.1377,0.26126,-0.04912,0.01330,0.96392
1791098317.804,23.3820,-1.2951,2.1287,0.25824,-0.04759,0.01299,0.96482
1791098317.864,23.3488,-1.2707,2.1206,0.25661,-0.04631,0.01283,0.96532
1791098317.923,23.3148,-1.2462,2.1132,0.25613,-0.04527,0.01278,0.96550
1791098317.983,23.2801,-1.2215,2.1066,0.25653,-0.04445,0.01278,0.96543
1791098318.043,23.2449,-1.1968,2.1013,0.25528,-0.04344,0.00708,0.96586
1791098318.103,23.2084,-1.1722,2.1055,0.24043,-0.03157,-0.00880,0.97011
1791098318.163,23.1711,-1.1492,2.1250,0.20690,-0.01304,-0.02417,0.97798
1791098318.223,23.1344,-1.1293,2.1523,0.15796,0.00651,-0.03745,0.98671
1791098318.283,23.1001,-1.1134,2.1796,0.09642,0.02372,-0.04710,0.99394
1791098318.343,23.0691,-1.1018,2.2038,0.02338,0.03679,-0.05250,0.99767
1791098318.404,23.0423,-1.0942,2.2245,-0.06043,0.04469,-0.05418,0.99570
1791098318.463,23.0201,-1.0903,2.2402,-0.15237,0.04708,-0.05250,0.98580
1791098318.523,23.0024,-1.0892,2.2489,-0.24910,0.04494,-0.04907,0.96619
1791098318.584,22.9888,-1.0902,2.2504,-0.34745,0.04019,-0.04541,0.93573
1791098318.643,22.9791,-1.0927,2.2457,-0.44461,0.03456,-0.04219,0.89406
1791098318.703,22.9730,-1.0964,2.2364,0.53814,-0.02915,0.03936,-0.84143
1791098318.763,22.9701,-1.1009,2.2243,0.62605,-0.02384,0.03671,-0.77855
1791098318.823,22.9700,-1.1061,2.2106,0.70677,-0.01871,0.03403,-0.70638
1791098318.883,22.9723,-1.1116,2.1965,0.77909,-0.01390,0.03122,-0.62598
1791098318.943,22.9768,-1.1174,2.1827,0.84212,-0.00950,0.02827,-0.53846
1791098319.003,22.9830,-1.1233,2.1696,0.89519,-0.00567,0.02518,-0.44494
1791098319.063,22.9904,-1.1292,2.1576,0.93752,-0.00242,0.02200,-0.34723
1791098319.124,22.9990,-1.1352,2.1488,0.96744,0.00124,0.01976,-0.25232
1791098319.183,23.0088,-1.1414,2.1508,0.98475,0.00927,0.02717,-0.17159
1791098319.243,23.0205,-1.1486,2.1675,0.99300,0.01764,0.03993,-0.10974
1791098319.304,23.0347,-1.1572,2.1912,0.99634,0.02451,0.05132,-0.06383
1791098319.363,23.0514,-1.1672,2.2150,0.99734,0.02988,0.05849,-0.03166
1791098319.423,23.0710,-1.1787,2.2366,0.99759,0.03280,0.05992,-0.01241
1791098319.483,23.0933,-1.1917,2.2552,0.99860,0.02567,0.04602,-0.00538
1791098319.543,23.1171,-1.2056,2.2716,0.99945,0.01709,0.02589,-0.01130
1791098319.604,23.1413,-1.2198,2.2874,0.99947,0.01011,0.00632,-0.03040
1791098319.663,23.1644,-1.2339,2.3020,0.99803,0.00531,-0.00971,-0.06182
1791098319.723,23.1855,-1.2474,2.3130,0.99443,0.00179,-0.02145,-0.10319
1791098319.783,23.2041,-1.2600,2.3171,0.98808,-0.00113,-0.02890,-0.15119
1791098319.843,23.2200,-1.2716,2.3131,0.97874,-0.00327,-0.03308,-0.20239
1791098319.903,23.2333,-1.2820,2.3020,0.96660,-0.00447,-0.03515,-0.25384
1791098319.963,23.2438,-1.2909,2.2862,0.95231,-0.00491,-0.03579,-0.30298
1791098320.023,23.2516,-1.2983,2.2685,0.93706,-0.00422,-0.03319,-0.34755
1791098320.083,23.2570,-1.3042,2.2516,0.92247,0.00531,-0.01429,-0.38578
1791098320.143,23.2610,-1.3098,2.2368,0.90889,0.01815,0.01052,-0.41651
1791098320.203,23.2648,-1.3164,2.2242,0.89714,0.02826,0.03252,-0.43963
1791098320.264,23.2696,-1.3254,2.2131,0.88810,0.03448,0.04902,-0.45573
1791098320.323,23.2760,-1.3375,2.2029,0.88210,0.03745,0.06011,-0.46571
1791098320.381,23.2831,-1.3507,2.1943,0.87926,0.03820,0.06605,-0.47020
1791098320.441,23.2934,-1.3691,2.1841,0.87764,0.04019,0.06657,-0.47296
1791098320.501,23.3059,-1.3913,2.1772,0.87272,0.04185,0.04918,-0.48393
1791098320.561,23.3196,-1.4176,2.1822,0.85895,0.03763,0.02607,-0.51001
1791098320.621,23.3329,-1.4464,2.1979,0.83510,0.03050,0.00308,-0.54925
1791098320.681,23.3442,-1.4755,2.2167,0.80120,0.02217,-0.01697,-0.59775
1791098320.741,23.3530,-1.5034,2.2345,0.75671,0.01359,-0.03211,-0.65281
1791098320.801,23.3592,-1.5289,2.2490,0.70140,0.00580,-0.04118,-0.71155
1791098320.861,23.3631,-1.5514,2.2575,0.63594,-0.00035,-0.04431,-0.77046
1791098320.921,23.3652,-1.5706,2.2587,0.56130,-0.00432,-0.04370,-0.82645
1791098320.981,23.3660,-1.5865,2.2534,-0.47867,0.00629,0.04153,0.87699
1791098321.041,23.3659,-1.5991,2.2428,-0.38946,0.00669,0.03889,0.92020
1791098321.101,23.3653,-1.6086,2.2287,-0.29518,0.00601,0.03621,0.95474
1791098321.161,23.3644,-1.6152,2.2126,-0.19746,0.00469,0.03354,0.97973
1791098321.221,23.3634,-1.6192,2.1960,-0.09926,0.00309,0.03092,0.99458
1791098321.281,23.3625,-1.6208,2.1804,-0.00502,0.00153,0.02832,0.99959
1791098321.341,23.3617,-1.6203,2.1674,0.08079,0.00023,0.02574,0.99640
1791098321.401,23.3612,-1.6179,2.1587,0.15481,-0.00091,0.02310,0.98767
1791098321.461,23.3608,-1.6139,2.1556,0.21500,-0.01087,0.01998,0.97635
1791098321.521,23.3600,-1.6083,2.1578,0.26116,-0.02905,0.02078,0.96463
1791098321.581,23.3575,-1.6010,2.1632,0.29437,-0.04613,0.02270,0.95431
1791098321.641,23.3525,-1.5916,2.1697,0.31618,-0.05866,0.02362,0.94659
1791098321.701,23.3446,-1.5801,2.1750,0.32831,-0.06632,0.02326,0.94195
1791098321.761,23.3337,-1.5665,2.1778,0.33253,-0.07001,0.02206,0.94023
1791098321.821,23.3198,-1.5510,2.1771,0.33054,-0.07096,0.02062,0.94089
1791098321.881,23.3031,-1.5337,2.1730,0.32402,-0.07017,0.01947,0.94324
1791098321.941,23.2837,-1.5150,2.1659,0.31455,-0.06839,0.01869,0.94659
1791098322.001,23.2617,-1.4950,2.1566,0.30361,-0.06601,0.01829,0.95033
1791098322.061,23.2374,-1.4738,2.1462,0.29248,-0.06334,0.01812,0.95400
1791098322.121,23.2109,-1.4515,2.1353,0.28219,-0.06059,0.01805,0.95727
1791098322.181,23.1825,-1.4283,2.1245,0.27347,-0.05786,0.01800,0.95997
1791098322.241,23.1523,-1.4042,2.1144,0.26676,-0.05529,0.01786,0.96201
1791098322.301,23.1208,-1.3795,2.1051,0.26217,-0.05300,0.01757,0.96341
1791098322.361,23.0878,-1.3542,2.0981,0.25480,-0.04913,0.00704,0.96572
1791098322.421,23.0529,-1.3288,2.1025,0.23200,-0.03422,-0.01090,0.97205
1791098322.481,23.0167,-1.3052,2.1219,0.19084,-0.01448,-0.02734,0.98113
1791098322.541,22.9810,-1.2851,2.1476,0.13484,0.00578,-0.04081,0.99001
1791098322.601,22.9476,-1.2690,2.1728,0.06643,0.02311,-0.05058,0.99624
1791098322.661,22.9174,-1.2572,2.1937,-0.00692,0.03108,-0.04912,0.99829
1791098322.721,22.8911,-1.2494,2.2115,-0.06703,0.03176,-0.04059,0.99642
1791098322.782,22.8690,-1.2447,2.2298,-0.11225,0.03193,-0.03262,0.99263
1791098322.841,22.8507,-1.2424,2.2472,-0.14365,0.03240,-0.02590,0.98876
1791098322.901,22.8359,-1.2416,2.2629,-0.16195,0.03436,-0.02163,0.98596
1791098322.961,22.8243,-1.2419,2.2743,-0.17331,0.03643,-0.02075,0.98398
1791098323.021,22.8158,-1.2430,2.2802,-0.19331,0.03688,-0.02119,0.98021
1791098323.081,22.8107,-1.2450,2.2879,-0.22701,0.03670,-0.02173,0.97296
1791098323.141,22.8090,-1.2479,2.2970,-0.27315,0.03571,-0.02181,0.96106
1791098323.201,22.8101,-1.2513,2.3059,-0.33052,0.03365,-0.02131,0.94296
1791098323.261,22.8138,-1.2551,2.3143,-0.39792,0.03042,-0.02042,0.91669
1791098323.321,22.8197,-1.2592,2.3219,-0.47369,0.02615,-0.01932,0.88009
1791098323.381,22.8274,-1.2633,2.3269,0.55429,-0.02115,0.01815,-0.83185
1791098323.441,22.8361,-1.2673,2.3263,0.63557,-0.01607,0.01705,-0.77169
1791098323.501,22.8457,-1.2713,2.3191,0.71388,-0.01152,0.01608,-0.69999
1791098323.561,22.8557,-1.2752,2.3058,0.78618,-0.00771,0.01514,-0.61776
1791098323.621,22.8660,-1.2790,2.2880,0.85009,-0.00459,0.01405,-0.52642
1791098323.681,22.8766,-1.2828,2.2674,0.90385,-0.00210,0.01275,-0.42766
1791098323.741,22.8873,-1.2866,2.2455,0.94615,-0.00017,0.01129,-0.32354
1791098323.801,22.8980,-1.2903,2.2238,0.97591,0.00124,0.00972,-0.21793
1791098323.861,22.9087,-1.2941,2.2041,0.99319,0.00218,0.00811,-0.11623
1791098323.921,22.9193,-1.2979,2.1884,0.99969,0.00272,0.00656,-0.02371
1791098323.981,22.9297,-1.3016,2.1786,0.99843,0.00292,0.00518,0.05576
1791098324.041,22.9400,-1.3054,2.1757,0.99271,0.00380,0.00846,0.12020
1791098324.101,22.9503,-1.3090,2.1792,0.98528,0.00124,0.02296,0.16942
1791098324.161,22.9618,-1.3123,2.1867,0.97800,-0.00451,0.04112,0.20444
1791098324.221,22.9753,-1.3144,2.1954,0.97233,-0.01051,0.05534,0.22674
1791098324.281,22.9915,-1.3148,2.2040,0.96998,-0.01545,0.05253,0.23692
1791098324.341,23.0101,-1.3133,2.2135,0.97131,-0.01490,0.03953,0.23404
1791098324.401,23.0300,-1.3101,2.2249,0.97571,-0.01075,0.02400,0.21750
1791098324.461,23.0503,-1.3059,2.2378,0.98223,-0.00498,0.00911,0.18739
1791098324.521,23.0699,-1.3016,2.2509,0.98950,0.00112,-0.00347,0.14446
1791098324.581,23.0881,-1.2976,2.2626,0.99588,0.00645,-0.01324,0.08944
1791098324.641,23.1043,-1.2943,2.2708,0.99945,0.01000,-0.01962,0.02473
1791098324.701,23.1186,-1.2918,2.2717,0.99866,0.01150,-0.02242,-0.04527
1791098324.761,23.1307,-1.2900,2.2643,0.99290,0.01203,-0.02297,-0.11610
1791098324.821,23.1408,-1.2888,2.2507,0.98259,0.01230,-0.02236,-0.18403
1791098324.881,23.1487,-1.2882,2.2338,0.96895,0.01245,-0.02112,-0.24603
1791098324.947,23.1547,-1.2881,2.2170,0.95379,0.01322,-0.01427,-0.29984
1791098325.007,23.1590,-1.2886,2.2028,0.93874,0.02067,0.00664,-0.34393
1791098325.067,23.1630,-1.2907,2.1915,0.92484,0.02904,0.02975,-0.37807
1791098325.127,23.1679,-1.2954,2.1825,0.91332,0.03461,0.04868,-0.40285
1791098325.187,23.1746,-1.3034,2.1748,0.90498,0.03698,0.06190,-0.41930
1791098325.247,23.1837,-1.3149,2.1673,0.89999,0.03701,0.06986,-0.42868
1791098325.307,23.1953,-1.3299,2.1593,0.89799,0.03568,0.07383,-0.43231
1791098325.367,23.2096,-1.3483,2.1504,0.89836,0.03383,0.07500,-0.43150
1791098325.427,23.2265,-1.3696,2.1404,0.90038,0.03196,0.07428,-0.42752
1791098325.487,23.2459,-1.3937,2.1303,0.90204,0.03555,0.06642,-0.42502
1791098325.547,23.2677,-1.4213,2.1283,0.89814,0.03820,0.04330,-0.43590
1791098325.607,23.2903,-1.4523,2.1403,0.88549,0.03541,0.01629,-0.46303
1791098325.667,23.3114,-1.4847,2.1601,0.86391,0.02968,-0.00998,-0.50268
1791098325.727,23.3295,-1.5166,2.1808,0.83328,0.02243,-0.03212,-0.55146
1791098325.787,23.3439,-1.5466,2.1994,0.79285,0.01458,-0.04821,-0.60733
1791098325.847,23.3544,-1.5736,2.2147,0.74200,0.00707,-0.05748,-0.66790
1791098325.907,23.3615,-1.5971,2.2242,0.68115,0.00099,-0.06004,-0.72968
1791098325.967,23.3658,-1.6167,2.2267,0.61104,-0.00296,-0.05839,-0.78944
1791098326.027,23.3680,-1.6324,2.2224,0.53269,-0.00471,-0.05496,-0.84451
1791098326.087,23.3686,-1.6443,2.2128,-0.44735,0.00471,0.05105,0.89289
1791098326.147,23.3680,-1.6526,2.1995,-0.35642,0.00356,0.04711,0.93313
1791098326.207,23.3666,-1.6575,2.1839,-0.26129,0.00169,0.04325,0.96429
1791098326.267,23.3647,-1.6595,2.1675,-0.16350,-0.00051,0.03947,0.98575
1791098326.327,23.3624,-1.6586,2.1512,-0.06603,-0.00271,0.03576,0.99717
1791098326.387,23.3599,-1.6554,2.1364,0.02682,-0.00457,0.03213,0.99911
1791098326.446,23.3573,-1.6500,2.1246,0.11079,-0.00591,0.02861,0.99341
1791098326.507,23.3546,-1.6428,2.1172,0.18276,-0.00698,0.02511,0.98281
1791098326.567,23.3519,-1.6340,2.1153,0.24095,-0.01637,0.02178,0.97016
1791098326.627,23.3485,-1.6237,2.1183,0.28537,-0.03241,0.02228,0.95761
1791098326.687,23.3435,-1.6118,2.1242,0.31715,-0.04706,0.02377,0.94691
1791098326.747,23.3362,-1.5980,2.1309,0.33785,-0.05758,0.02443,0.93912
1791098326.808,23.3263,-1.5822,2.1364,0.34918,-0.06392,0.02402,0.93456
1791098326.867,23.3137,-1.5645,2.1392,0.35288,-0.06689,0.02295,0.93299
1791098326.927,23.2985,-1.5451,2.1386,0.35061,-0.06756,0.02176,0.93383
1791098326.987,23.2808,-1.5242,2.1346,0.34402,-0.06679,0.02086,0.93635
1791098327.047,23.2607,-1.5019,2.1277,0.33466,-0.06518,0.02031,0.93986
1791098327.107,23.2384,-1.4784,2.1187,0.32397,-0.06309,0.02007,0.94375
1791098327.167,23.2141,-1.4538,2.1085,0.31319,-0.06078,0.02004,0.94753
1791098327.227,23.1879,-1.4282,2.0978,0.30330,-0.05842,0.02005,0.95089
1791098327.287,23.1599,-1.4018,2.0872,0.29498,-0.05609,0.02007,0.95364
1791098327.347,23.1304,-1.3745,2.0773,0.28864,-0.05391,0.02002,0.95571
1791098327.407,23.0997,-1.3466,2.0680,0.28433,-0.05201,0.01964,0.95711
1791098327.467,23.0676,-1.3180,2.0615,0.27640,-0.04883,0.00794,0.95977
1791098327.527,23.0335,-1.2894,2.0671,0.25243,-0.03487,-0.01066,0.96693
1791098327.586,23.0027,-1.2661,2.0842,0.21683,-0.01873,-0.02565,0.97569
1791098327.641,22.9697,-1.2439,2.1080,0.16706,0.00060,-0.03557,0.98531
1791098327.702,22.9362,-1.2236,2.1303,0.11734,0.01603,-0.02746,0.99258
1791098327.762,22.9056,-1.2066,2.1523,0.08203,0.02739,-0.01844,0.99608
1791098327.821,22.8787,-1.1921,2.1737,0.06017,0.03751,-0.01233,0.99741
1791098327.882,22.8560,-1.1795,2.1930,0.05116,0.04557,-0.00939,0.99761
1791098327.942,22.8376,-1.1685,2.2100,0.05481,0.05101,-0.00890,0.99715
1791098328.002,22.8237,-1.1589,2.2250,0.07107,0.05360,-0.00999,0.99598
1791098328.062,22.8143,-1.1509,2.2384,0.09988,0.05349,-0.01181,0.99349
1791098328.122,22.8089,-1.1446,2.2508,0.14107,0.05106,-0.01358,0.98859
1791098328.182,22.8073,-1.1400,2.2622,0.19429,0.04682,-0.01469,0.97972
1791098328.242,22.8086,-1.1374,2.2729,0.25873,0.04142,-0.01489,0.96495
1791098328.302,22.8123,-1.1365,2.2809,0.33156,0.03543,-0.01403,0.94266
1791098328.362,22.8174,-1.1371,2.2832,0.40916,0.02961,-0.01226,0.91190
1791098328.421,22.8234,-1.1390,2.2784,0.48840,0.02457,-0.00982,0.87222
1791098328.482,22.8299,-1.1419,2.2674,0.56665,0.02040,-0.00705,0.82367
1791098328.542,22.8368,-1.1456,2.2516,0.64179,0.01687,-0.00430,0.76668
1791098328.602,22.8438,-1.1499,2.2328,0.71213,0.01380,-0.00177,0.70191
1791098328.662,22.8510,-1.1547,2.2125,0.77637,0.01103,0.00042,0.63018
1791098328.722,22.8582,-1.1597,2.1918,0.83344,0.00853,0.00218,0.55254
1791098328.782,22.8653,-1.1648,2.1720,0.88188,0.00631,0.00352,0.47143
1791098328.842,22.8725,-1.1698,2.1540,0.92046,0.00434,0.00439,0.39078
1791098328.902,22.8796,-1.1747,2.1393,0.94909,0.00266,0.00490,0.31497
1791098328.962,22.8866,-1.1794,2.1290,0.96882,0.00129,0.00507,0.24770
1791098329.021,22.8937,-1.1837,2.1239,0.98147,-0.00125,0.00627,0.19152
1791098329.082,22.9008,-1.1875,2.1261,0.98849,-0.01200,0.01848,0.14968
1791098330.083,22.9091,-1.1898,2.1388,0.99122,-0.02333,0.03547,0.12525
1791098330.143,22.9195,-1.1895,2.1586,0.99137,-0.03190,0.05064,0.11666
1791098330.203,22.9325,-1.1867,2.1787,0.99081,-0.02981,0.05307,0.12078
1791098330.263,22.9479,-1.1817,2.1955,0.98949,-0.02232,0.04245,0.13643
1791098330.323,22.9646,-1.1753,2.2074,0.98637,-0.01617,0.02686,0.16152
1791098330.383,22.9817,-1.1682,2.2124,0.98108,-0.01246,0.01167,0.19285
1791098330.443,22.9983,-1.1607,2.2101,0.97369,-0.01352,0.00475,0.22743
1791098330.503,23.0139,-1.1528,2.2023,0.96426,-0.02303,0.01421,0.26358
1791098330.563,23.0291,-1.1438,2.1907,0.95293,-0.03230,0.02825,0.30013
1791098330.623,23.0443,-1.1330,2.1768,0.94035,-0.03819,0.04115,0.33555
1791098330.683,23.0603,-1.1196,2.1621,0.92742,-0.04082,0.05128,0.36825
1791098330.744,23.0775,-1.1032,2.1475,0.91510,-0.04093,0.05837,0.39686
1791098330.803,23.0961,-1.0836,2.1339,0.90426,-0.03937,0.06273,0.42051
1791098330.863,23.1164,-1.0610,2.1214,0.89549,-0.03690,0.06488,0.43878
1791098330.923,23.1384,-1.0355,2.1102,0.88909,-0.03414,0.06532,0.45175
1791098330.983,23.1619,-1.0074,2.0999,0.88511,-0.03148,0.06461,0.45981
1791098331.043,23.1869,-0.9771,2.0905,0.88332,-0.02910,0.06318,0.46358
1791098331.103,23.2133,-0.9449,2.0817,0.88336,-0.02712,0.06138,0.46386
1791098331.163,23.2408,-0.9111,2.0732,0.88479,-0.02555,0.05945,0.46148
1791098331.223,23.2694,-0.8760,2.0651,0.88713,-0.02437,0.05752,0.45728
1791098331.283,23.2990,-0.8399,2.0572,0.88995,-0.02350,0.05573,0.45202
1791098331.343,23.3294,-0.8028,2.0499,0.89300,-0.02133,0.04914,0.44686
1791098331.403,23.3602,-0.7652,2.0444,0.89481,-0.01540,0.02779,0.44531
1791098331.463,23.3905,-0.7280,2.0416,0.89310,-0.01494,0.01552,0.44934
1791098331.523,23.4194,-0.6917,2.0401,0.88909,-0.01711,0.01852,0.45704
1791098331.583,23.4471,-0.6560,2.0385,0.88435,-0.01955,0.02650,0.46566
1791098331.643,23.4740,-0.6206,2.0363,0.87998,-0.02131,0.03456,0.47326
1791098331.703,23.5006,-0.5851,2.0338,0.87668,-0.02243,0.04114,0.47879
1791098331.763,23.5272,-0.5491,2.0309,0.87476,-0.02303,0.04598,0.48182
1791098331.823,23.5541,-0.5125,2.0280,0.87424,-0.02332,0.04924,0.48242
1791098331.883,23.5815,-0.4752,2.0250,0.87496,-0.02343,0.05124,0.48091
1791098331.943,23.6095,-0.4372,2.0221,0.87662,-0.02349,0.05228,0.47775
1791098332.003,23.6381,-0.3984,2.0193,0.87891,-0.02350,0.05268,0.47348
1791098332.063,23.6673,-0.3589,2.0166,0.88179,-0.02139,0.05348,0.46810
1791098332.123,23.6973,-0.3189,2.0145,0.88568,-0.01768,0.05447,0.46074
1791098332.183,23.7282,-0.2786,2.0129,0.89073,-0.01457,0.05508,0.45095
1791098332.243,23.7600,-0.2381,2.0117,0.89672,-0.01256,0.05525,0.43896
1791098332.303,23.7929,-0.1978,2.0108,0.90320,-0.01167,0.05502,0.42552
1791098332.363,23.8269,-0.1576,2.0102,0.90969,-0.01175,0.05450,0.41153
1791098332.423,23.8617,-0.1177,2.0097,0.91574,-0.01245,0.05384,0.39794
1791098332.483,23.8975,-0.0780,2.0095,0.92106,-0.01354,0.05311,0.38554
1791098332.543,23.9340,-0.0385,2.0094,0.92547,-0.01477,0.05239,0.37489
1791098332.603,23.9712,0.0007,2.0097,0.92891,-0.01600,0.05171,0.36633
1791098332.663,24.0090,0.0399,2.0101,0.93140,-0.01715,0.05110,0.35999
1791098332.724,24.0473,0.0790,2.0108,0.93303,-0.01814,0.05058,0.35575
1791098332.783,24.0860,0.1180,2.0117,0.93393,-0.01899,0.05018,0.35340
1791098332.843,24.1250,0.1570,2.0128,0.93432,-0.01858,0.05034,0.35237
1791098332.903,24.1644,0.1960,2.0144,0.93484,-0.01551,0.05114,0.35103
1791098332.963,24.2043,0.2348,2.0164,0.93601,-0.01240,0.05199,0.34789
1791098333.024,24.2448,0.2733,2.0188,0.93805,-0.01023,0.05258,0.34234
1791098333.079,24.2831,0.3087,2.0211,0.94065,-0.00919,0.05291,0.33511
1791098333.139,24.3248,0.3461,2.0236,0.94394,-0.00896,0.05307,0.32569
1791098333.199,24.3671,0.3829,2.0262,0.94746,-0.00940,0.05310,0.31530
1791098333.258,24.4043,0.4144,2.0285,0.95045,-0.01009,0.05305,0.30615
1791098333.318,24.4478,0.4503,2.0312,0.95364,-0.01113,0.05292,0.29606
1791098333.378,24.4917,0.4857,2.0339,0.95639,-0.01234,0.05274,0.28704
1791098333.438,24.5362,0.5208,2.0367,0.95862,-0.01354,0.05254,0.27947
1791098333.498,24.5810,0.5555,2.0395,0.96032,-0.01465,0.05235,0.27355
1791098333.558,24.6263,0.5901,2.0425,0.96152,-0.01563,0.05217,0.26929
1791098333.618,24.6719,0.6245,2.0455,0.96227,-0.01630,0.05209,0.26656
1791098333.678,24.7178,0.6587,2.0488,0.96292,-0.01364,0.05271,0.26424
1791098333.738,24.7642,0.6927,2.0526,0.96401,-0.00926,0.05338,0.26028
1791098333.798,24.8110,0.7262,2.0568,0.96583,-0.00565,0.05388,0.25344
1791098333.858,24.8584,0.7588,2.0611,0.96837,-0.00344,0.05412,0.24356
1791098333.918,24.9064,0.7906,2.0652,0.97138,-0.00249,0.05421,0.23124
1791098333.978,24.9550,0.8214,2.0692,0.97457,-0.00261,0.05420,0.21743
1791098334.038,25.0041,0.8513,2.0728,0.97763,-0.00342,0.05413,0.20321
1791098334.098,25.0537,0.8802,2.0762,0.98037,-0.00468,0.05398,0.18956
1791098334.158,25.1037,0.9084,2.0794,0.98267,-0.00612,0.05381,0.17729
1791098334.218,25.1542,0.9358,2.0825,0.98449,-0.00736,0.05363,0.16690
1791098334.278,25.2050,0.9626,2.0854,0.98596,-0.00641,0.05361,0.15800
1791098334.338,25.2563,0.9888,2.0884,0.98729,-0.00461,0.05368,0.14954
1791098334.398,25.3079,1.0142,2.0911,0.98856,-0.00319,0.05376,0.14090
1791098334.458,25.3598,1.0387,2.0936,0.98979,-0.00266,0.05385,0.13196
1791098334.518,25.4122,1.0623,2.0960,0.99095,-0.00281,0.05389,0.12293
1791098334.578,25.4649,1.0851,2.0982,0.99199,-0.00347,0.05390,0.11417
1791098334.638,25.5179,1.1072,2.1004,0.99289,-0.00438,0.05391,0.10608
1791098334.698,25.5712,1.1285,2.1025,0.99361,-0.00547,0.05390,0.09897
1791098334.758,25.6249,1.1492,2.1046,0.99418,-0.00657,0.05389,0.09306
1791098334.818,25.6788,1.1695,2.1067,0.99459,-0.00759,0.05388,0.08845
1791098334.878,25.7330,1.1893,2.1087,0.99488,-0.00854,0.05386,0.08512
1791098334.938,25.7874,1.2087,2.1107,0.99507,-0.00841,0.05400,0.08279
1791098334.998,25.8421,1.2278,2.1129,0.99533,-0.00495,0.05401,0.07991
1791098335.058,25.8970,1.2464,2.1155,0.99573,-0.00117,0.05396,0.07483
1791098335.118,25.9523,1.2641,2.1184,0.99631,0.00079,0.05342,0.06715
1791098335.178,26.0079,1.2810,2.1234,0.99708,-0.00607,0.04090,0.06427
1791098335.238,26.0636,1.2977,2.1407,0.99659,-0.01379,0.01950,0.07895
1791098335.298,26.1177,1.3147,2.1704,0.99359,-0.02040,-0.00280,0.11116
1791098335.358,26.1681,1.3323,2.2035,0.98705,-0.02525,-0.02279,0.15675
1791098335.418,26.2136,1.3502,2.2344,0.97581,-0.02810,-0.03800,0.21345
1791098335.478,26.2534,1.3683,2.2619,0.95830,-0.02933,-0.04760,0.28023
1791098335.538,26.2873,1.3862,2.2859,0.93263,-0.02933,-0.05179,0.35589
1791098335.598,26.3155,1.4036,2.3049,0.89746,-0.02843,-0.05076,0.43724
1791098335.658,26.3387,1.4201,2.3168,0.85211,-0.02724,-0.04609,0.52062
1791098335.718,26.3574,1.4355,2.3211,0.79663,-0.02645,-0.03999,0.60256
1791098335.778,26.3723,1.4498,2.3187,0.73258,-0.02598,-0.03385,0.67934
1791098335.838,26.3838,1.4630,2.3121,0.66439,-0.02565,-0.02797,0.74642
1791098335.898,26.3914,1.4750,2.3134,0.60409,-0.02536,-0.02223,0.79620
1791098335.958,26.3954,1.4861,2.3258,0.55560,-0.02466,-0.01693,0.83091
1791098336.018,26.3968,1.4964,2.3427,0.51849,-0.02316,-0.01237,0.85468
1791098336.075,26.3963,1.5056,2.3589,0.49401,-0.02087,-0.00910,0.86916
1791098336.134,26.3944,1.5150,2.3753,0.47875,-0.01761,-0.00662,0.87775
1791098336.194,26.3913,1.5239,2.3903,0.47492,-0.01380,-0.00503,0.87990
1791098336.254,26.3874,1.5325,2.4039,0.48240,-0.00978,-0.00419,0.87589
1791098336.314,26.3830,1.5406,2.4158,0.50077,-0.00589,-0.00395,0.86555
1791098336.374,26.3784,1.5482,2.4261,0.52947,-0.00236,-0.00411,0.84832
1791098336.434,26.3738,1.5551,2.4350,0.56769,0.00063,-0.00453,0.82323
1791098336.494,26.3694,1.5614,2.4426,0.61434,0.00303,-0.00503,0.78902
1791098336.554,26.3652,1.5668,2.4490,0.66783,0.00483,-0.00547,0.74428
1791098336.614,26.3612,1.5715,2.4530,0.72510,0.00599,-0.00573,0.68859
1791098336.676,26.3575,1.5754,2.4515,0.78243,0.00657,-0.00577,0.62268
1791098336.734,26.3540,1.5786,2.4433,0.83669,0.00688,-0.00556,0.54760
1791098336.794,26.3507,1.5811,2.4289,0.88536,0.00719,-0.00514,0.46482
1791098336.854,26.3475,1.5829,2.4098,0.92609,0.00753,-0.00460,0.37720
1791098336.914,26.3444,1.5841,2.3881,0.95722,0.00791,-0.00399,0.28923
1791098336.974,26.3414,1.5847,2.3666,0.97852,0.00829,-0.00338,0.20597
1791098337.034,26.3385,1.5846,2.3482,0.99123,0.00860,-0.00279,0.13182
1791098337.094,26.3357,1.5838,2.3346,0.99753,0.00882,-0.00226,0.06967
1791098337.154,26.3328,1.5823,2.3259,0.99974,0.00894,-0.00185,0.02072
1791098337.214,26.3301,1.5803,2.3213,0.99985,0.00827,-0.00034,-0.01511
1791098337.274,26.3276,1.5779,2.3200,0.99911,0.00191,0.01716,-0.03846
1791098337.334,26.3264,1.5753,2.3199,0.99779,-0.00253,0.04252,-0.05099
1791098337.394,26.3281,1.5730,2.3184,0.99639,-0.00486,0.06480,-0.05469
1791098337.454,26.3337,1.5709,2.3140,0.99538,-0.00604,0.08079,-0.05153
1791098337.514,26.3440,1.5690,2.3061,0.99492,-0.00646,0.09058,-0.04343
1791098337.573,26.3591,1.5674,2.2949,0.99489,-0.00622,0.09547,-0.03224
1791098337.634,26.3793,1.5661,2.2810,0.99547,-0.00584,0.09284,-0.01954
1791098337.694,26.4041,1.5651,2.2652,0.99733,-0.00521,0.07262,-0.00631
1791098337.754,26.4320,1.5645,2.2485,0.99879,-0.00506,0.04838,0.00692
1791098337.811,26.4574,1.5643,2.2340,0.99938,-0.00531,0.02947,0.01831
1791098337.872,26.4869,1.5645,2.2181,0.99942,-0.00583,0.01172,0.03147
1791098337.931,26.5153,1.5650,2.2032,0.99897,-0.00640,-0.00165,0.04494
1791098337.991,26.5418,1.5660,2.1895,0.99817,-0.00695,-0.01128,0.05904
1791098338.051,26.5659,1.5674,2.1771,0.99707,-0.00742,-0.01788,0.07396
1791098338.111,26.5872,1.5690,2.1657,0.99568,-0.00780,-0.02215,0.08985
1791098338.171,26.6055,1.5710,2.1554,0.99395,-0.00806,-0.02464,0.10675
1791098338.231,26.6210,1.5732,2.1461,0.99186,-0.00818,-0.02580,0.12446
1791098338.291,26.6336,1.5757,2.1384,0.98974,-0.00809,-0.02594,0.14026
1791098338.351,26.6434,1.5782,2.1333,0.98834,-0.00770,-0.02537,0.14993
1791098338.411,26.6507,1.5810,2.1313,0.98815,-0.00702,-0.02430,0.15136
1791098338.471,26.6558,1.5837,2.1314,0.98921,-0.00610,-0.02289,0.14456
1791098338.528,26.6587,1.5863,2.1322,0.99102,-0.00509,-0.02136,0.13188
1791098338.587,26.6602,1.5891,2.1326,0.99335,-0.00395,-0.01965,0.11334
1791098338.647,26.6603,1.5918,2.1317,0.99562,-0.00280,-0.01790,0.09172
1791098338.707,26.6592,1.5944,2.1294,0.99748,-0.00174,-0.01613,0.06906
1791098338.767,26.6571,1.5969,2.1260,0.99878,-0.00081,-0.01437,0.04714
1791098338.827,26.6541,1.5993,2.1221,0.99955,-0.00002,-0.01261,0.02733
1791098338.887,26.6505,1.6014,2.1181,0.99989,0.00062,-0.01087,0.01055
1791098338.947,26.6464,1.6034,2.1154,1.00000,0.00041,0.00010,-0.00266
1791098339.007,26.6426,1.6052,2.1147,0.99957,0.00078,0.02657,-0.01219
1791098339.067,26.6409,1.6069,2.1153,0.99845,0.00108,0.05264,-0.01828
1791098339.127,26.6429,1.6082,2.1160,0.99715,0.00127,0.07232,-0.02141
1791098339.187,26.6497,1.6094,2.1164,0.99612,0.00140,0.08515,-0.02218
1791098339.248,26.6619,1.6102,2.1161,0.99550,0.00151,0.09228,-0.02126
1791098339.307,26.6795,1.6107,2.1151,0.99528,0.00161,0.09512,-0.01923
1791098339.367,26.7024,1.6110,2.1135,0.99535,0.00171,0.09490,-0.01664
1791098339.427,26.7304,1.6110,2.1114,0.99560,0.00183,0.09265,-0.01390
1791098339.487,26.7629,1.6108,2.1091,0.99595,0.00187,0.08917,-0.01134
1791098339.547,26.7995,1.6104,2.1066,0.99633,0.00182,0.08505,-0.00915
1791098339.607,26.8397,1.6099,2.1042,0.99671,0.00163,0.08067,-0.00744
1791098339.668,26.8830,1.6092,2.1020,0.99706,0.00136,0.07634,-0.00624
1791098339.727,26.9287,1.6085,2.1000,0.99737,0.00101,0.07224,-0.00551
1791098339.787,26.9767,1.6077,2.0982,0.99764,0.00060,0.06848,-0.00518
1791098339.847,27.0263,1.6069,2.0968,0.99786,0.00017,0.06514,-0.00515
1791098339.907,27.0773,1.6061,2.0956,0.99805,-0.00024,0.06224,-0.00532
1791098339.967,27.1294,1.6053,2.0947,0.99820,-0.00059,0.05978,-0.00560
1791098340.028,27.1824,1.6046,2.0941,0.99831,-0.00089,0.05775,-0.00590
1791098340.087,27.2360,1.6040,2.0936,0.99841,-0.00116,0.05610,-0.00618
1791098340.147,27.2901,1.6035,2.0933,0.99847,-0.00135,0.05482,-0.00638
1791098340.207,27.3446,1.6031,2.0932,0.99853,-0.00144,0.05384,-0.00649
1791098340.267,27.3994,1.6028,2.0932,0.99856,-0.00148,0.05315,-0.00650
1791098340.327,27.4544,1.6026,2.0932,0.99859,-0.00147,0.05266,-0.00643
1791098340.387,27.5095,1.6024,2.0934,0.99861,-0.00143,0.05236,-0.00631
1791098340.447,27.5648,1.6024,2.0936,0.99862,-0.00136,0.05221,-0.00615
1791098340.507,27.6202,1.6024,2.0938,0.99862,-0.00128,0.05218,-0.00598
1791098340.567,27.6757,1.6025,2.0940,0.99862,-0.00121,0.05227,-0.00581
1791098340.627,27.7312,1.6027,2.0943,0.99861,-0.00111,0.05242,-0.00568
1791098340.687,27.7869,1.6029,2.0946,0.99860,-0.00101,0.05260,-0.00560
1791098340.748,27.8427,1.6031,2.0948,0.99859,-0.00092,0.05279,-0.00556
1791098340.807,27.8986,1.6034,2.0951,0.99858,-0.00086,0.05302,-0.00557
1791098340.867,27.9547,1.6037,2.0954,0.99857,-0.00083,0.05325,-0.00564
1791098340.927,28.0108,1.6040,2.0958,0.99855,-0.00018,0.05349,-0.00586
1791098340.988,28.0672,1.6043,2.0965,0.99854,0.00389,0.05333,-0.00753
1791098341.047,28.1237,1.6042,2.0979,0.99849,0.00861,0.05288,-0.01230
1791098341.107,28.1803,1.6035,2.0997,0.99833,0.01228,0.05249,-0.02077
1791098341.168,28.2370,1.6019,2.1017,0.99800,0.01440,0.05226,-0.03257
1791098341.227,28.2937,1.5994,2.1035,0.99742,0.01525,0.05225,-0.04671
1791098341.287,28.3503,1.5957,2.1049,0.99659,0.01509,0.05242,-0.06197
1791098341.347,28.4069,1.5911,2.1060,0.99549,0.01581,0.05229,-0.07750
1791098341.408,28.4633,1.5854,2.1068,0.99408,0.01875,0.05161,-0.09379
1791098341.467,28.5197,1.5784,2.1073,0.99224,0.02131,0.05105,-0.11133
1791098341.527,28.5757,1.5701,2.1077,0.98997,0.02267,0.05085,-0.12986
1791098341.587,28.6315,1.5603,2.1081,0.98732,0.02279,0.05096,-0.14863
1791098341.647,28.6870,1.5490,2.1084,0.98442,0.02216,0.05127,-0.16670
1791098341.707,28.7423,1.5363,2.1089,0.98150,0.02089,0.05170,-0.18317
1791098341.768,28.7973,1.5224,2.1095,0.97875,0.01920,0.05219,-0.19736
1791098341.827,28.8521,1.5073,2.1102,0.97636,0.01779,0.05250,-0.20893
1791098341.888,28.9068,1.4912,2.1112,0.97419,0.01950,0.05173,-0.21883
1791098341.947,28.9612,1.4741,2.1123,0.97193,0.02201,0.05072,-0.22867
1791098342.004,29.0116,1.4569,2.1133,0.96954,0.02371,0.05006,-0.23860
1791098342.063,29.0652,1.4374,2.1142,0.96662,0.02450,0.04972,-0.25013
1791098342.123,29.1183,1.4166,2.1149,0.96342,0.02438,0.04973,-0.26221
1791098342.183,29.1710,1.3946,2.1157,0.96008,0.02356,0.05003,-0.27421
1791098342.243,29.2231,1.3715,2.1164,0.95679,0.02233,0.05045,-0.28550
1791098342.303,29.2749,1.3474,2.1171,0.95375,0.02084,0.05093,-0.29553
1791098342.363,29.3263,1.3224,2.1179,0.95111,0.01930,0.05142,-0.30392
1791098342.423,29.3775,1.2966,2.1187,0.94900,0.01785,0.05184,-0.31048
1791098342.484,29.4284,1.2702,2.1195,0.94745,0.01652,0.05222,-0.31518
1791098342.543,29.4792,1.2432,2.1204,0.94665,0.01404,0.04624,-0.31863
1791098342.603,29.5295,1.2160,2.1219,0.94582,0.00846,0.02569,-0.32356
1791098342.664,29.5781,1.1894,2.1245,0.94313,0.00202,0.00393,-0.33240
1791098342.723,29.6239,1.1642,2.1278,0.93811,-0.00349,-0.01407,-0.34602
1791098342.784,29.6661,1.1411,2.1312,0.93103,-0.00756,-0.02718,-0.36384
1791098342.843,29.7040,1.1206,2.1341,0.92240,-0.01014,-0.03594,-0.38443
1791098342.903,29.7377,1.1030,2.1359,0.91282,-0.01143,-0.04121,-0.40611
1791098342.963,29.7670,1.0882,2.1366,0.90300,-0.01174,-0.04391,-0.42723
1791098343.023,29.7921,1.0764,2.1368,0.89372,-0.01114,-0.04259,-0.44647
1791098343.083,29.8134,1.0673,2.1383,0.88685,-0.00617,-0.02047,-0.46156
1791098343.143,29.8322,1.0599,2.1432,0.88342,0.00030,0.00946,-0.46850
1791098343.203,29.8504,1.0526,2.1517,0.88412,0.00542,0.03617,-0.46582
1791098343.263,29.8697,1.0442,2.1621,0.88900,0.00892,0.05610,-0.45437
1791098343.323,29.8908,1.0341,2.1716,0.89718,0.01109,0.06950,-0.43602
1791098343.384,29.9143,1.0220,2.1786,0.90732,0.01256,0.07767,-0.41301
1791098343.443,29.9405,1.0080,2.1821,0.91806,0.01386,0.08201,-0.38762
1791098343.503,29.9694,0.9919,2.1825,0.92829,0.01515,0.08368,-0.36199
1791098343.563,30.0012,0.9741,2.1807,0.93730,0.01636,0.08345,-0.33799
1791098343.623,30.0359,0.9544,2.1777,0.94471,0.01734,0.08192,-0.31703
1791098343.683,30.0733,0.9331,2.1742,0.95044,0.01799,0.07952,-0.30001
1791098343.743,30.1131,0.9103,2.1705,0.95459,0.01830,0.07660,-0.28734
1791098343.803,30.1551,0.8862,2.1668,0.95732,0.01823,0.07349,-0.27893
1791098343.863,30.1989,0.8611,2.1632,0.95887,0.01784,0.07047,-0.27439
1791098343.923,30.2443,0.8350,2.1596,0.95945,0.01720,0.06766,-0.27309
1791098343.983,30.2910,0.8082,2.1560,0.95930,0.01642,0.06514,-0.27428
1791098344.043,30.3387,0.7807,2.1524,0.95863,0.01558,0.06294,-0.27718
1791098344.103,30.3872,0.7528,2.1487,0.95763,0.01473,0.06109,-0.28107
1791098344.163,30.4365,0.7244,2.1451,0.95664,0.01190,0.06023,-0.28474
1791098344.223,30.4864,0.6959,2.1421,0.95622,0.00752,0.05985,-0.28636
1791098344.283,30.5370,0.6675,2.1397,0.95674,0.00382,0.05949,-0.28479
1791098344.343,30.5883,0.6394,2.1377,0.95824,0.00135,0.05910,-0.27980
1791098344.403,30.6402,0.6119,2.1359,0.96054,0.00012,0.05869,-0.27189
1791098344.464,30.6927,0.5850,2.1341,0.96333,-0.00013,0.05832,-0.26190
1791098344.523,30.7458,0.5587,2.1322,0.96630,0.00032,0.05800,-0.25082
1791098344.583,30.7994,0.5331,2.1302,0.96915,0.00122,0.05770,-0.23961
1791098344.643,30.8534,0.5081,2.1281,0.97171,0.00232,0.05744,-0.22908
1791098344.703,30.9077,0.4836,2.1260,0.97385,0.00351,0.05719,-0.21984
1791098344.763,30.9625,0.4595,2.1240,0.97554,0.00468,0.05695,-0.21229
1791098344.823,31.0175,0.4358,2.1220,0.97677,0.00578,0.05673,-0.20658
1791098344.883,31.0728,0.4124,2.1202,0.97758,0.00676,0.05656,-0.20270
1791098344.943,31.1283,0.3892,2.1184,0.97809,0.00625,0.05678,-0.20021
1791098345.003,31.1841,0.3663,2.1171,0.97866,0.00261,0.05724,-0.19733
1791098345.063,31.2403,0.3439,2.1162,0.97961,-0.00105,0.05773,-0.19245
1791098345.123,31.2968,0.3222,2.1155,0.98102,-0.00360,0.05811,-0.18494
1791098345.180,31.3462,0.3041,2.1150,0.98257,-0.00475,0.05836,-0.17644
1791098345.241,31.4035,0.2840,2.1144,0.98455,-0.00509,0.05856,-0.16497
1791098345.300,31.4612,0.2649,2.1137,0.98654,-0.00465,0.05867,-0.15256
1791098345.361,31.5193,0.2467,2.1130,0.98838,-0.00369,0.05874,-0.14017
1791098345.420,31.5778,0.2293,2.1123,0.98995,-0.00248,0.05876,-0.12861
1791098345.480,31.6366,0.2127,2.1116,0.99122,-0.00114,0.05871,-0.11849
1791098345.540,31.6958,0.1967,2.1110,0.99218,0.00016,0.05863,-0.11021
1791098345.596,31.7512,0.1823,2.1105,0.99282,0.00129,0.05851,-0.10429
1791098345.657,31.8109,0.1673,2.1100,0.99328,0.00234,0.05840,-0.09987
1791098345.716,31.8707,0.1527,2.1095,0.99354,0.00324,0.05827,-0.09728
1791098345.776,31.9308,0.1384,2.1091,0.99365,0.00397,0.05817,-0.09624
1791098345.837,31.9911,0.1243,2.1087,0.99363,0.00456,0.05808,-0.09643
1791098345.896,32.0514,0.1105,2.1082,0.99353,0.00503,0.05803,-0.09750
1791098345.957,32.1120,0.0967,2.1078,0.99337,0.00541,0.05802,-0.09911
1791098346.016,32.1726,0.0831,2.1073,0.99318,0.00573,0.05805,-0.10099
1791098346.076,32.2333,0.0695,2.1068,0.99298,0.00598,0.05810,-0.10288
1791098346.136,32.2942,0.0560,2.1063,0.99279,0.00618,0.05818,-0.10461
1791098346.196,32.3551,0.0425,2.1058,0.99263,0.00632,0.05827,-0.10607
1791098346.256,32.4161,0.0290,2.1054,0.99250,0.00642,0.05838,-0.10718
1791098346.316,32.4773,0.0154,2.1050,0.99241,0.00648,0.05848,-0.10795
1791098346.376,32.5385,0.0019,2.1047,0.99236,0.00649,0.05857,-0.10837
1791098346.436,32.5998,-0.0117,2.1044,0.99236,0.00566,0.05878,-0.10833
1791098346.496,32.6613,-0.0253,2.1045,0.99254,0.00203,0.05895,-0.10669
1791098346.556,32.7230,-0.0386,2.1051,0.99300,-0.00178,0.05902,-0.10225
1791098346.616,32.7849,-0.0513,2.1060,0.99374,-0.00458,0.05904,-0.09471
1791098346.677,32.8470,-0.0633,2.1069,0.99465,-0.00613,0.05905,-0.08449
1791098346.736,32.9092,-0.0745,2.1076,0.99559,-0.00663,0.05914,-0.07247
1791098346.793,32.9633,-0.0835,2.1081,0.99633,-0.00640,0.05927,-0.06138
1791098346.853,33.0258,-0.0931,2.1083,0.99703,-0.00567,0.05945,-0.04869
1791098346.913,33.0884,-0.1019,2.1084,0.99753,-0.00464,0.05966,-0.03692
1791098346.973,33.1512,-0.1100,2.1083,0.99785,-0.00352,0.05983,-0.02669
1791098347.033,33.2142,-0.1175,2.1081,0.99803,-0.00317,0.05993,-0.01824
1791098347.093,33.2773,-0.1243,2.1081,0.99814,-0.00557,0.05977,-0.01053
1791098347.153,33.3406,-0.1303,2.1082,0.99819,-0.00828,0.05958,-0.00230
1791098347.213,33.4039,-0.1354,2.1082,0.99815,-0.01017,0.05947,0.00703
1791098347.273,33.4674,-0.1395,2.1082,0.99802,-0.01098,0.05942,0.01737
1791098347.333,33.5310,-0.1425,2.1082,0.99777,-0.01100,0.05944,0.02825
1791098347.393,33.5946,-0.1444,2.1083,0.99741,-0.01036,0.05952,0.03907
1791098347.453,33.6583,-0.1453,2.1085,0.99697,-0.00933,0.05960,0.04921
1791098347.513,33.7220,-0.1454,2.1087,0.99649,-0.00814,0.05966,0.05819
1791098347.573,33.7858,-0.1446,2.1091,0.99603,-0.00690,0.05971,0.06566
1791098347.633,33.8497,-0.1431,2.1095,0.99565,-0.00575,0.05955,0.07148
1791098347.693,33.9136,-0.1410,2.1100,0.99541,-0.00466,0.05849,0.07563
1791098347.753,33.9774,-0.1385,2.1105,0.99533,-0.00362,0.05641,0.07823
1791098347.813,34.0411,-0.1355,2.1109,0.99540,-0.00272,0.05347,0.07949
1791098347.873,34.1044,-0.1323,2.1113,0.99557,-0.00193,0.04994,0.07966
1791098347.933,34.1672,-0.1288,2.1117,0.99581,-0.00129,0.04609,0.07902
1791098347.993,34.2291,-0.1253,2.1120,0.99607,-0.00073,0.04210,0.07786
1791098348.053,34.2900,-0.1216,2.1123,0.99635,-0.00029,0.03811,0.07641
1791098348.113,34.3496,-0.1180,2.1127,0.99660,0.00002,0.03424,0.07491
1791098348.173,34.4079,-0.1144,2.1131,0.99678,-0.00114,0.03041,0.07415
1791098348.234,34.4646,-0.1109,2.1141,0.99678,-0.00273,0.02659,0.07562
1791098348.293,34.5195,-0.1072,2.1153,0.99656,-0.00305,0.02323,0.07947
1791098348.353,34.5726,-0.1034,2.1165,0.99618,-0.00279,0.02034,0.08486
1791098348.413,34.6237,-0.0996,2.1175,0.99567,-0.00240,0.01780,0.09121
1791098348.473,34.6727,-0.0957,2.1183,0.99503,-0.00202,0.01558,0.09834
1791098348.716,34.6823,-0.0949,2.1184,0.99488,-0.00196,0.01517,0.09987
1791098348.773,34.7289,-0.0910,2.1190,0.99405,-0.00169,0.01328,0.10805
1791098348.833,34.7734,-0.0872,2.1198,0.99295,-0.00151,0.01164,0.11792
1791098348.893,34.8160,-0.0834,2.1209,0.99140,-0.00138,0.01021,0.13047
1791098348.953,34.8565,-0.0796,2.1223,0.98923,-0.00126,0.00898,0.14605
1791098349.013,34.8951,-0.0759,2.1238,0.98635,-0.00117,0.00791,0.16445
1791098349.073,34.9318,-0.0723,2.1252,0.98271,-0.00107,0.00704,0.18500
1791098349.133,34.9666,-0.0687,2.1265,0.97834,-0.00100,0.00629,0.20690
1791098349.193,34.9997,-0.0653,2.1277,0.97332,-0.00092,0.00564,0.22937
1791098349.253,35.0310,-0.0618,2.1286,0.96779,-0.00089,0.00511,0.25169
1791098349.313,35.0607,-0.0585,2.1293,0.96191,-0.00087,0.00464,0.27332
1791098349.373,35.0888,-0.0552,2.1300,0.95584,-0.00088,0.00428,0.29387
1791098349.433,35.1153,-0.0520,2.1305,0.94969,-0.00091,0.00397,0.31316
1791098349.491,35.1372,-0.0492,2.1309,0.94439,-0.00094,0.00375,0.32881
1791098349.552,35.1612,-0.0461,2.1314,0.93834,-0.00097,0.00354,0.34571
1791098349.611,35.1838,-0.0431,2.1318,0.93235,-0.00103,0.00339,0.36155
1791098349.671,35.2052,-0.0400,2.1323,0.92640,-0.00109,0.00327,0.37651
1791098349.732,35.2255,-0.0370,2.1328,0.92047,-0.00116,0.00319,0.39080
1791098349.791,35.2446,-0.0341,2.1332,0.91448,-0.00123,0.00312,0.40461
1791098349.851,35.2627,-0.0312,2.1337,0.90839,-0.00130,0.00307,0.41811
1791098349.911,35.2798,-0.0282,2.1342,0.90214,-0.00138,0.00302,0.43143
1791098349.971,35.2960,-0.0253,2.1347,0.89568,-0.00144,0.00295,0.44468
1791098350.031,35.3093,-0.0228,2.1351,0.88989,-0.00149,0.00283,0.45617
1791098350.091,35.3239,-0.0199,2.1356,0.88295,-0.00152,0.00265,0.46946
1791098350.151,35.3376,-0.0170,2.1361,0.87571,-0.00155,0.00240,0.48283
1791098350.211,35.3506,-0.0141,2.1366,0.86814,-0.00155,0.00207,0.49632
1791098350.271,35.3628,-0.0113,2.1371,0.86023,-0.00155,0.00168,0.50991
1791098350.327,35.3736,-0.0086,2.1375,0.85255,-0.00156,0.00126,0.52264
1791098350.387,35.3844,-0.0058,2.1379,0.84402,-0.00159,0.00078,0.53631
1791098350.447,35.3946,-0.0031,2.1383,0.83521,-0.00163,0.00028,0.54993
1791098350.507,35.4041,-0.0004,2.1387,0.82614,-0.00171,-0.00020,0.56346
1791098350.567,35.4128,0.0022,2.1390,0.81685,-0.00182,-0.00066,0.57685
1791098350.627,35.4210,0.0047,2.1392,0.80735,-0.00190,-0.00109,0.59008
1791098350.687,35.4284,0.0071,2.1393,0.79767,-0.00200,-0.00148,0.60309
1791098350.747,35.4353,0.0094,2.1394,0.78783,-0.00211,-0.00180,0.61589
1791098350.807,35.4415,0.0116,2.1394,0.77782,-0.00223,-0.00209,0.62848
1791098350.867,35.4471,0.0136,2.1393,0.76766,-0.00236,-0.00235,0.64085
1791098350.927,35.4522,0.0156,2.1390,0.75736,-0.00251,-0.00258,0.65299
1791098350.987,35.4567,0.0175,2.1387,0.74692,-0.00265,-0.00282,0.66490
1791098351.047,35.4606,0.0192,2.1383,0.73636,-0.00276,-0.00301,0.67657
1791098351.107,35.4640,0.0209,2.1378,0.72564,-0.00290,-0.00323,0.68806
1791098351.167,35.4669,0.0224,2.1372,0.71473,-0.00302,-0.00342,0.69939
1791098351.227,35.4693,0.0238,2.1366,0.70361,-0.00313,-0.00358,0.71057
1791098351.287,35.4713,0.0251,2.1360,0.69229,-0.00324,-0.00372,0.72160
1791098351.347,35.4727,0.0263,2.1355,0.68077,-0.00336,-0.00382,0.73248
1791098351.407,35.4738,0.0274,2.1349,0.66903,-0.00349,-0.00388,0.74322
1791098351.467,35.4744,0.0284,2.1345,0.65711,-0.00364,-0.00392,0.75378
1791098351.527,35.4746,0.0293,2.1342,0.64500,-0.00381,-0.00393,0.76416
1791098351.587,35.4744,0.0301,2.1339,0.63271,-0.00401,-0.00391,0.77437
1791098351.647,35.4739,0.0308,2.1337,0.62025,-0.00422,-0.00388,0.78438
1791098351.707,35.4730,0.0314,2.1336,0.60764,-0.00442,-0.00384,0.79419
1791098351.767,35.4717,0.0320,2.1336,0.59488,-0.00461,-0.00378,0.80379
1791098351.827,35.4701,0.0325,2.1337,0.58197,-0.00475,-0.00371,0.81319
1791098351.887,35.4682,0.0329,2.1339,0.56892,-0.00488,-0.00363,0.82237
1791098351.947,35.4660,0.0333,2.1341,0.55575,-0.00497,-0.00358,0.83133
1791098352.007,35.4636,0.0337,2.1343,0.54242,-0.00502,-0.00352,0.84009
1791098352.067,35.4608,0.0340,2.1346,0.52896,-0.00506,-0.00347,0.84862
1791098352.127,35.4579,0.0343,2.1348,0.51538,-0.00510,-0.00347,0.85694
1791098352.187,35.4546,0.0346,2.1351,0.50166,-0.00512,-0.00345,0.86504
1791098352.247,35.4512,0.0348,2.1353,0.48782,-0.00515,-0.00345,0.87292
1791098352.307,35.4476,0.0350,2.1356,0.47386,-0.00519,-0.00345,0.88058
1791098352.367,35.4437,0.0351,2.1359,0.45979,-0.00519,-0.00348,0.88801
1791098352.427,35.4397,0.0351,2.1361,0.44558,-0.00518,-0.00352,0.89522
1791098352.487,35.4355,0.0351,2.1363,0.43128,-0.00517,-0.00358,0.90220
1791098352.547,35.4312,0.0351,2.1365,0.41687,-0.00514,-0.00365,0.90894
1791098352.607,35.4266,0.0349,2.1367,0.40235,-0.00510,-0.00371,0.91546
1791098352.667,35.4220,0.0347,2.1368,0.38774,-0.00504,-0.00376,0.92175
1791098352.727,35.4172,0.0344,2.1369,0.37304,-0.00497,-0.00379,0.92779
1791098352.787,35.4124,0.0339,2.1370,0.35824,-0.00485,-0.00377,0.93361
1791098352.847,35.4074,0.0334,2.1370,0.34336,-0.00472,-0.00372,0.93918
1791098352.907,35.4023,0.0328,2.1370,0.32840,-0.00456,-0.00363,0.94452
1791098352.967,35.3972,0.0321,2.1369,0.31336,-0.00437,-0.00352,0.94962
1791098353.027,35.3921,0.0313,2.1368,0.29823,-0.00422,-0.00340,0.95448
1791098353.087,35.3869,0.0305,2.1366,0.28303,-0.00407,-0.00326,0.95910
1791098353.147,35.3818,0.0295,2.1365,0.26777,-0.00394,-0.00309,0.96347
1791098353.207,35.3766,0.0285,2.1363,0.25242,-0.00382,-0.00293,0.96761
1791098353.267,35.3715,0.0274,2.1362,0.23702,-0.00372,-0.00280,0.97149
1791098353.327,35.3664,0.0262,2.1361,0.22159,-0.00362,-0.00265,0.97513
1791098353.387,35.3613,0.0250,2.1361,0.20614,-0.00355,-0.00254,0.97851
1791098353.447,35.3563,0.0238,2.1362,0.19070,-0.00351,-0.00245,0.98164
1791098353.507,35.3513,0.0225,2.1364,0.17522,-0.00349,-0.00238,0.98452
1791098353.569,35.3464,0.0212,2.1367,0.15969,-0.00351,-0.00231,0.98716
1791098353.627,35.3415,0.0198,2.1372,0.14407,-0.00356,-0.00222,0.98956
1791098353.687,35.3366,0.0185,2.1378,0.12840,-0.00363,-0.00212,0.99171
1791098353.747,35.3318,0.0170,2.1385,0.11267,-0.00369,-0.00198,0.99362
1791098353.807,35.3271,0.0156,2.1394,0.09687,-0.00375,-0.00180,0.99529
1791098353.867,35.3224,0.0142,2.1404,0.08104,-0.00379,-0.00162,0.99670
1791098353.927,35.3176,0.0127,2.1415,0.06519,-0.00378,-0.00141,0.99786
1791098353.987,35.3130,0.0113,2.1427,0.04932,-0.00373,-0.00120,0.99878
1791098354.047,35.3083,0.0099,2.1439,0.03345,-0.00367,-0.00099,0.99943
1791098354.107,35.3037,0.0085,2.1452,0.01759,-0.00355,-0.00079,0.99984
1791098354.167,35.2992,0.0072,2.1465,0.00174,-0.00342,-0.00062,0.99999
1791098354.227,35.2947,0.0059,2.1478,-0.01410,-0.00325,-0.00045,0.99990
1791098354.287,35.2902,0.0046,2.1491,-0.02991,-0.00307,-0.00031,0.99955
1791098354.347,35.2859,0.0034,2.1503,-0.04568,-0.00292,-0.00021,0.99895
1791098354.407,35.2816,0.0023,2.1516,-0.06144,-0.00278,-0.00014,0.99811
1791098354.467,35.2774,0.0012,2.1528,-0.07715,-0.00267,-0.00010,0.99702
1791098354.527,35.2732,0.0002,2.1539,-0.09282,-0.00258,-0.00011,0.99568
1791098354.587,35.2692,-0.0009,2.1549,-0.10846,-0.00248,-0.00014,0.99410
1791098354.647,35.2652,-0.0018,2.1559,-0.12406,-0.00241,-0.00021,0.99227
1791098354.707,35.2614,-0.0028,2.1569,-0.13962,-0.00234,-0.00030,0.99020
1791098354.767,35.2576,-0.0037,2.1577,-0.15513,-0.00228,-0.00040,0.98789
1791098354.827,35.2539,-0.0046,2.1584,-0.17061,-0.00220,-0.00047,0.98534
1791098354.887,35.2503,-0.0055,2.1591,-0.18604,-0.00212,-0.00055,0.98254
1791098354.947,35.2468,-0.0065,2.1596,-0.20137,-0.00204,-0.00061,0.97951
1791098355.005,35.2438,-0.0073,2.1600,-0.21458,-0.00197,-0.00067,0.97670
1791098355.065,35.2405,-0.0082,2.1603,-0.22973,-0.00190,-0.00072,0.97325
1791098355.125,35.2372,-0.0092,2.1605,-0.24482,-0.00183,-0.00074,0.96957
1791098355.185,35.2341,-0.0102,2.1607,-0.25988,-0.00175,-0.00077,0.96564
1791098355.245,35.2310,-0.0112,2.1608,-0.27493,-0.00170,-0.00076,0.96146
1791098355.304,35.2281,-0.0122,2.1609,-0.29001,-0.00165,-0.00076,0.95702
1791098355.364,35.2252,-0.0132,2.1610,-0.30507,-0.00160,-0.00074,0.95233
1791098355.425,35.2225,-0.0143,2.1610,-0.32009,-0.00156,-0.00072,0.94738
1791098355.485,35.2198,-0.0154,2.1611,-0.33507,-0.00153,-0.00069,0.94219
1791098355.545,35.2172,-0.0165,2.1612,-0.34995,-0.00150,-0.00067,0.93677
1791098355.605,35.2147,-0.0176,2.1613,-0.36474,-0.00144,-0.00067,0.93111
1791098355.665,35.2122,-0.0187,2.1615,-0.37939,-0.00136,-0.00069,0.92524
1791098355.725,35.2099,-0.0198,2.1617,-0.39392,-0.00127,-0.00074,0.91914
1791098355.784,35.2076,-0.0209,2.1620,-0.40830,-0.00119,-0.00078,0.91285
1791098355.845,35.2055,-0.0220,2.1623,-0.42253,-0.00111,-0.00081,0.90635
1791098355.905,35.2034,-0.0232,2.1626,-0.43663,-0.00104,-0.00082,0.89964
1791098355.964,35.2014,-0.0243,2.1629,-0.45059,-0.00095,-0.00083,0.89273
1791098356.030,35.1995,-0.0255,2.1633,-0.46440,-0.00087,-0.00081,0.88562
1791098356.091,35.1977,-0.0267,2.1636,-0.47809,-0.00077,-0.00076,0.87831
1791098356.151,35.1960,-0.0278,2.1640,-0.49168,-0.00071,-0.00074,0.87078
1791098356.211,35.1944,-0.0290,2.1644,0.50519,0.00063,0.00072,-0.86301
1791098356.271,35.1929,-0.0301,2.1648,0.51864,0.00060,0.00071,-0.85499
1791098356.330,35.1916,-0.0311,2.1652,0.53025,0.00061,0.00072,-0.84784
1791098356.390,35.1902,-0.0323,2.1657,0.54354,0.00064,0.00075,-0.83938
1791098356.450,35.1889,-0.0334,2.1661,0.55671,0.00073,0.00083,-0.83071
1791098356.510,35.1877,-0.0345,2.1667,0.56976,0.00085,0.00092,-0.82181
1791098356.570,35.1866,-0.0357,2.1672,0.58268,0.00097,0.00102,-0.81270
1791098356.630,35.1855,-0.0368,2.1678,0.59546,0.00109,0.00111,-0.80338
1791098356.691,35.1844,-0.0381,2.1685,0.60807,0.00118,0.00117,-0.79388
1791098356.750,35.1834,-0.0393,2.1692,0.62050,0.00122,0.00117,-0.78420
1791098356.810,35.1825,-0.0406,2.1699,0.63276,0.00122,0.00118,-0.77435
1791098356.870,35.1816,-0.0419,2.1706,0.64482,0.00115,0.00116,-0.76433
1791098356.930,35.1807,-0.0432,2.1715,0.65667,0.00105,0.00108,-0.75418
1791098356.990,35.1799,-0.0446,2.1723,0.66834,0.00095,0.00099,-0.74386
1791098357.050,35.1792,-0.0459,2.1732,0.67981,0.00087,0.00088,-0.73339
1791098357.110,35.1785,-0.0473,2.1741,0.69108,0.00080,0.00077,-0.72277
1791098357.170,35.1778,-0.0487,2.1750,0.70217,0.00074,0.00065,-0.71201
1791098357.230,35.1772,-0.0500,2.1760,0.71309,0.00068,0.00051,-0.70107
1791098357.290,35.1766,-0.0513,2.1769,0.72382,0.00062,0.00039,-0.68999
1791098357.350,35.1760,-0.0526,2.1779,0.73437,0.00056,0.00028,-0.67875
1791098357.410,35.1754,-0.0538,2.1788,0.74475,0.00049,0.00019,-0.66734
1791098357.470,35.1749,-0.0550,2.1797,0.75495,0.00039,0.00013,-0.65578
1791098357.530,35.1744,-0.0562,2.1805,0.76497,0.00029,0.00010,-0.64407
1791098357.590,35.1739,-0.0573,2.1813,0.77481,0.00018,0.00008,-0.63219
1791098357.650,35.1735,-0.0583,2.1821,0.78447,0.00010,0.00009,-0.62017
1791098357.710,35.1730,-0.0593,2.1828,0.79394,0.00003,0.00012,-0.60799
1791098357.770,35.1727,-0.0602,2.1835,0.80323,-0.00001,0.00018,-0.59567
1791098357.830,35.1723,-0.0611,2.1842,0.81233,-0.00005,0.00023,-0.58320
1791098357.890,35.1720,-0.0619,2.1849,0.82124,-0.00011,0.00022,-0.57059
1791098357.950,35.1717,-0.0627,2.1856,0.82994,-0.00017,0.00017,-0.55785
1791098358.010,35.1714,-0.0634,2.1862,0.83846,-0.00025,0.00013,-0.54497
1791098358.070,35.1712,-0.0641,2.1868,0.84677,-0.00037,0.00007,-0.53196
1791098358.130,35.1710,-0.0647,2.1873,0.85488,-0.00052,0.00003,-0.51883
1791098358.190,35.1709,-0.0652,2.1878,0.86278,-0.00068,-0.00001,-0.50557
1791098358.250,35.1708,-0.0657,2.1883,0.87048,-0.00088,-0.00004,-0.49220
1791098358.310,35.1707,-0.0661,2.1887,0.87797,-0.00107,-0.00006,-0.47872
1791098358.370,35.1706,-0.0664,2.1891,0.88525,-0.00126,-0.00008,-0.46512
1791098358.430,35.1706,-0.0666,2.1894,0.89231,-0.00148,-0.00008,-0.45141
1791098358.490,35.1707,-0.0666,2.1897,0.89916,-0.00169,-0.00007,-0.43761
1791098358.550,35.1707,-0.0666,2.1900,0.90580,-0.00189,-0.00006,-0.42371
1791098358.610,35.1709,-0.0665,2.1903,0.91222,-0.00204,-0.00009,-0.40970
1791098358.670,35.1710,-0.0662,2.1906,0.91842,-0.00215,-0.00011,-0.39559
1791098358.731,35.1712,-0.0658,2.1909,0.92441,-0.00225,-0.00013,-0.38140
1791098358.790,35.1715,-0.0653,2.1911,0.93018,-0.00234,-0.00012,-0.36710
1791098358.850,35.1718,-0.0647,2.1914,0.93573,-0.00245,-0.00010,-0.35271
1791098358.910,35.1721,-0.0640,2.1916,0.94106,-0.00255,-0.00009,-0.33823
1791098358.970,35.1724,-0.0631,2.1918,0.94616,-0.00263,-0.00005,-0.32368
1791098359.030,35.1728,-0.0621,2.1920,0.95105,-0.00269,0.00004,-0.30904
1791098359.090,35.1732,-0.0610,2.1921,0.95570,-0.00273,0.00014,-0.29432
1791098359.150,35.1737,-0.0598,2.1922,0.96013,-0.00270,0.00027,-0.27955
1791098359.210,35.1742,-0.0585,2.1924,0.96433,-0.00263,0.00041,-0.26470
1791098359.270,35.1747,-0.0572,2.1924,0.96830,-0.00250,0.00056,-0.24978
1791098359.330,35.1753,-0.0557,2.1925,0.97204,-0.00236,0.00074,-0.23482
1791098359.390,35.1759,-0.0542,2.1925,0.97555,-0.00221,0.00091,-0.21978
1791098359.450,35.1766,-0.0527,2.1924,0.97882,-0.00202,0.00107,-0.20470
1791098359.510,35.1774,-0.0511,2.1924,0.98186,-0.00181,0.00122,-0.18957
1791098359.570,35.1782,-0.0495,2.1923,0.98467,-0.00161,0.00135,-0.17439
1791098359.631,35.1791,-0.0480,2.1922,0.98725,-0.00144,0.00144,-0.15915
1791098359.690,35.1800,-0.0464,2.1922,0.98959,-0.00129,0.00150,-0.14387
1791098359.750,35.1810,-0.0449,2.1922,0.99170,-0.00117,0.00154,-0.12857
1791098359.810,35.1820,-0.0434,2.1922,0.99357,-0.00106,0.00156,-0.11320
1791098359.870,35.1831,-0.0419,2.1923,0.99520,-0.00096,0.00159,-0.09782
1791098359.930,35.1842,-0.0405,2.1924,0.99660,-0.00082,0.00157,-0.08241
1791098359.990,35.1854,-0.0391,2.1926,0.99775,-0.00066,0.00152,-0.06697
1791098360.050,35.1866,-0.0378,2.1928,0.99867,-0.00052,0.00145,-0.05150
1791098360.110,35.1878,-0.0365,2.1931,0.99935,-0.00038,0.00133,-0.03603
1791098360.170,35.1890,-0.0353,2.1934,0.99979,-0.00023,0.00122,-0.02054
1791098360.230,35.1903,-0.0341,2.1937,0.99999,-0.00009,0.00104,-0.00504
1791098360.290,35.1915,-0.0330,2.1945,0.99993,0.00025,0.00078,0.01181
1791098360.350,35.1928,-0.0321,2.2013,0.99921,0.00102,0.00061,0.03973
1791098360.410,35.1940,-0.0312,2.2204,0.99638,0.00183,0.00068,0.08501
1791098360.470,35.1952,-0.0306,2.2487,0.98927,0.00250,0.00087,0.14607
1791098360.530,35.1964,-0.0302,2.2796,0.97558,0.00300,0.00106,0.21964
1791098360.590,35.1977,-0.0299,2.3078,0.95329,0.00329,0.00114,0.30204
1791098360.650,35.1990,-0.0299,2.3294,0.92108,0.00336,0.00105,0.38936
1791098360.710,35.2003,-0.0300,2.3427,0.87827,0.00332,0.00081,0.47816
1791098360.770,35.2017,-0.0303,2.3481,0.82480,0.00316,0.00053,0.56542
1791098360.830,35.2032,-0.0306,2.3471,0.76114,0.00291,0.00024,0.64858
1791098360.890,35.2046,-0.0311,2.3413,0.68814,0.00262,0.00001,0.72557
1791098360.950,35.2061,-0.0316,2.3325,0.60690,0.00225,-0.00017,0.79478
1791098361.010,35.2076,-0.0322,2.3219,0.51862,0.00186,-0.00025,0.85500
1791098361.070,35.2091,-0.0329,2.3106,0.42513,0.00145,-0.00027,0.90513
1791098361.130,35.2106,-0.0335,2.2997,0.33014,0.00102,-0.00024,0.94393
1791098361.190,35.2121,-0.0342,2.2907,0.23859,0.00060,-0.00015,0.97112
1791098361.250,35.2135,-0.0348,2.2852,0.15521,0.00020,-0.00005,0.98788
1791098361.310,35.2148,-0.0354,2.2843,0.08348,-0.00069,0.00037,0.99651
1791098361.370,35.2159,-0.0359,2.2891,0.02530,-0.01219,0.00251,0.99960
1791098361.430,35.2160,-0.0362,2.2984,-0.01913,-0.03256,0.00174,0.99928
1791098361.490,35.2137,-0.0364,2.3098,-0.05064,-0.05184,-0.00026,0.99737
1791098361.550,35.2080,-0.0368,2.3208,-0.07060,-0.06605,-0.00162,0.99531
1791098361.610,35.1984,-0.0375,2.3292,-0.08067,-0.07467,-0.00183,0.99394
1791098361.670,35.1848,-0.0387,2.3338,-0.08266,-0.07867,-0.00124,0.99347
1791098361.733,35.1685,-0.0402,2.3342,-0.07883,-0.07954,-0.00052,0.99371
1791098361.792,35.1475,-0.0421,2.3305,-0.07033,-0.07857,0.00006,0.99442
1791098361.852,35.1230,-0.0442,2.3233,-0.05897,-0.07646,0.00023,0.99533
1791098361.913,35.0953,-0.0464,2.3135,-0.04633,-0.07373,0.00009,0.99620
1791098361.972,35.0645,-0.0487,2.3022,-0.03373,-0.07067,-0.00023,0.99693
1791098362.033,35.0310,-0.0510,2.2902,-0.02221,-0.06752,-0.00062,0.99747
1791098362.093,34.9950,-0.0534,2.2782,-0.01249,-0.06443,-0.00103,0.99784
1791098362.153,34.9570,-0.0557,2.2664,-0.00494,-0.06151,-0.00136,0.99809
1791098362.213,34.9171,-0.0580,2.2552,0.00033,-0.05886,-0.00161,0.99826
1791098362.273,34.8757,-0.0602,2.2447,0.00343,-0.05651,-0.00179,0.99839
1791098362.333,34.8330,-0.0624,2.2349,0.00464,-0.05449,-0.00190,0.99850
1791098363.300,34.8039,-0.0639,2.2288,0.00457,-0.05331,-0.00192,0.99857
1791098363.360,34.7595,-0.0661,2.2203,0.00345,-0.04836,-0.00177,0.99882
1791098363.420,34.7146,-0.0682,2.2129,0.00147,-0.02798,-0.00078,0.99961
1791098363.480,34.6706,-0.0703,2.2065,-0.00100,-0.00482,0.00019,0.99999
1791098363.540,34.6291,-0.0722,2.2006,-0.00364,0.01455,0.00079,0.99989
1791098363.600,34.5911,-0.0740,2.1951,-0.00619,0.02858,0.00107,0.99957
1791098363.661,34.5574,-0.0755,2.1903,-0.00848,0.02500,0.00085,0.99965
1791098363.720,34.5275,-0.0769,2.1863,-0.01040,0.00566,0.00000,0.99993
1791098363.780,34.4999,-0.0782,2.1827,-0.01191,-0.01517,-0.00082,0.99981
1791098363.840,34.4730,-0.0795,2.1793,-0.01300,-0.03240,-0.00144,0.99939
1791098363.901,34.4456,-0.0808,2.1761,-0.01372,-0.04514,-0.00189,0.99888
1791098363.960,34.4169,-0.0822,2.1729,-0.01413,-0.05390,-0.00222,0.99844
1791098364.021,34.3864,-0.0837,2.1696,-0.01432,-0.05950,-0.00241,0.99812
1791098364.081,34.3537,-0.0854,2.1663,-0.01434,-0.06273,-0.00251,0.99792
1791098364.141,34.3188,-0.0871,2.1629,-0.01428,-0.06423,-0.00255,0.99783
1791098364.200,34.2817,-0.0890,2.1595,-0.01419,-0.06454,-0.00256,0.99781
1791098364.260,34.2425,-0.0911,2.1561,-0.01411,-0.06406,-0.00252,0.99784
1791098364.320,34.2014,-0.0932,2.1528,-0.01407,-0.06308,-0.00247,0.99791
1791098364.380,34.1586,-0.0954,2.1496,-0.01409,-0.06182,-0.00240,0.99799
1791098364.440,34.1142,-0.0977,2.1465,-0.01417,-0.06042,-0.00232,0.99807
1791098364.500,34.0685,-0.1001,2.1436,-0.01431,-0.05900,-0.00222,0.99815
1791098364.560,34.0216,-0.1026,2.1408,-0.01449,-0.05762,-0.00213,0.99823
1791098364.620,33.9737,-0.1050,2.1383,-0.01471,-0.05633,-0.00203,0.99830
1791098364.680,33.9249,-0.1076,2.1361,-0.01495,-0.05519,-0.00195,0.99836
1791098364.743,33.8787,-0.1100,2.1342,-0.01518,-0.05428,-0.00192,0.99841
1791098364.803,33.8287,-0.1126,2.1324,-0.01544,-0.05321,-0.00193,0.99846
1791098364.862,33.7781,-0.1152,2.1314,-0.01695,-0.04018,-0.00289,0.99904
1791098364.923,33.7278,-0.1179,2.1325,-0.02347,-0.01726,-0.00448,0.99957
1791098364.983,33.6794,-0.1208,2.1360,-0.03734,0.00446,-0.00544,0.99928
1791098365.043,33.6344,-0.1239,2.1410,-0.05851,0.02141,-0.00595,0.99804
1791098365.103,33.5937,-0.1271,2.1462,-0.08533,0.03317,-0.00620,0.99578
1791098365.163,33.5577,-0.1304,2.1502,-0.11545,0.04047,-0.00644,0.99247
1791098365.223,33.5267,-0.1336,2.1525,-0.14639,0.04436,-0.00678,0.98821
1791098365.291,33.5006,-0.1365,2.1534,-0.17595,0.04580,-0.00721,0.98331
1791098365.350,33.4793,-0.1393,2.1538,-0.20235,0.03881,-0.00797,0.97851
1791098365.410,33.4620,-0.1419,2.1549,-0.22426,0.01293,-0.01295,0.97436
1791098365.471,33.4469,-0.1450,2.1567,-0.24123,-0.01538,-0.01772,0.97018
1791098365.530,33.4320,-0.1493,2.1589,-0.25315,-0.03934,-0.01958,0.96643
1791098365.590,33.4157,-0.1555,2.1626,-0.25772,-0.05762,-0.01362,0.96440
1791098365.651,33.3965,-0.1633,2.1696,-0.25191,-0.06923,-0.00464,0.96526
1791098365.710,33.3735,-0.1723,2.1798,-0.23524,-0.07552,0.00355,0.96899
1791098365.771,33.3466,-0.1818,2.1906,-0.20930,-0.07798,0.00942,0.97469
1791098365.830,33.3163,-0.1912,2.1994,-0.17670,-0.07828,0.01276,0.98106
1791098365.890,33.2828,-0.2001,2.2046,-0.14042,-0.07755,0.01385,0.98695
1791098365.951,33.2465,-0.2083,2.2062,-0.10343,-0.07638,0.01337,0.99161
1791098366.011,33.2076,-0.2156,2.2052,-0.06837,-0.07483,0.01193,0.99478
1791098366.071,33.1661,-0.2220,2.2028,-0.03732,-0.07295,0.01002,0.99659
1791098366.130,33.1223,-0.2275,2.1999,-0.01162,-0.07074,0.00805,0.99739
1791098366.190,33.0764,-0.2322,2.1973,0.00808,-0.06832,0.00618,0.99761
1791098366.251,33.0286,-0.2361,2.1948,0.02179,-0.06585,0.00459,0.99758
1791098366.311,32.9793,-0.2393,2.1925,0.02996,-0.06349,0.00331,0.99753
1791098366.371,32.9287,-0.2420,2.1901,0.03338,-0.06137,0.00231,0.99755
1791098366.430,32.8772,-0.2442,2.1875,0.03302,-0.05949,0.00160,0.99768
1791098366.491,32.8249,-0.2461,2.1845,0.02991,-0.05794,0.00111,0.99787
1791098366.550,32.7720,-0.2476,2.1812,0.02505,-0.05668,0.00082,0.99808
1791098366.610,32.7185,-0.2489,2.1776,0.01933,-0.05568,0.00067,0.99826
1791098366.671,32.6647,-0.2500,2.1738,0.01348,-0.05488,0.00058,0.99840
1791098366.731,32.6104,-0.2509,2.1700,0.00804,-0.05425,0.00052,0.99849
1791098366.791,32.5559,-0.2517,2.1662,0.00339,-0.05377,0.00050,0.99855
1791098366.850,32.5012,-0.2524,2.1626,-0.00026,-0.05339,0.00048,0.99857
1791098366.910,32.4462,-0.2530,2.1591,-0.00284,-0.05309,0.00044,0.99859
1791098366.971,32.3911,-0.2536,2.1557,-0.00442,-0.05285,0.00035,0.99859
1791098367.031,32.3358,-0.2541,2.1526,-0.00512,-0.05267,0.00024,0.99860
1791098367.090,32.2803,-0.2546,2.1498,-0.00510,-0.05253,0.00009,0.99861
1791098367.150,32.2248,-0.2551,2.1471,-0.00456,-0.05246,-0.00008,0.99861
1791098367.217,32.1691,-0.2555,2.1447,-0.00365,-0.05241,-0.00012,0.99862
1791098367.277,32.1133,-0.2560,2.1427,-0.00182,-0.05234,0.00239,0.99863
1791098367.338,32.0574,-0.2562,2.1413,0.00229,-0.05202,0.00614,0.99862
1791098367.397,32.0014,-0.2560,2.1405,0.00930,-0.05179,0.00922,0.99857
1791098367.457,31.9453,-0.2552,2.1400,0.01905,-0.05167,0.01113,0.99842
1791098367.517,31.8892,-0.2535,2.1396,0.03078,-0.05175,0.01201,0.99811
1791098367.577,31.8332,-0.2511,2.1392,0.04351,-0.05197,0.01215,0.99763
1791098367.637,31.7771,-0.2478,2.1387,0.05623,-0.05230,0.01162,0.99698
1791098367.697,31.7210,-0.2437,2.1382,0.06808,-0.05267,0.01066,0.99623
1791098367.757,31.6650,-0.2389,2.1376,0.07842,-0.05305,0.00950,0.99546
1791098367.817,31.6088,-0.2335,2.1370,0.08693,-0.05333,0.00863,0.99475
1791098367.877,31.5526,-0.2275,2.1365,0.09450,-0.05298,0.01102,0.99405
1791098367.937,31.4964,-0.2207,2.1363,0.10284,-0.05240,0.01443,0.99321
1791098367.997,31.4402,-0.2131,2.1362,0.11288,-0.05198,0.01698,0.99210
1791098368.057,31.3842,-0.2043,2.1361,0.12464,-0.05182,0.01826,0.99068
1791098368.117,31.3283,-0.1944,2.1358,0.13758,-0.05190,0.01849,0.98896
1791098368.177,31.2726,-0.1834,2.1355,0.15088,-0.05216,0.01790,0.98701
1791098368.237,31.2170,-0.1714,2.1352,0.16373,-0.05251,0.01681,0.98496
1791098368.297,31.1616,-0.1583,2.1350,0.17539,-0.05285,0.01543,0.98296
1791098368.357,31.1062,-0.1445,2.1348,0.18538,-0.05318,0.01398,0.98113
1791098368.417,31.0510,-0.1298,2.1347,0.19339,-0.05344,0.01260,0.97958
1791098368.477,30.9957,-0.1145,2.1346,0.19935,-0.05364,0.01132,0.97839
1791098368.537,30.9405,-0.0987,2.1346,0.20334,-0.05380,0.01020,0.97758
1791098368.597,30.8853,-0.0824,2.1347,0.20559,-0.05392,0.00928,0.97711
1791098368.657,30.8300,-0.0658,2.1349,0.20640,-0.05404,0.00858,0.97694
1791098368.717,30.7748,-0.0488,2.1352,0.20611,-0.05413,0.00804,0.97700
1791098368.777,30.7194,-0.0316,2.1355,0.20506,-0.05423,0.00759,0.97722
1791098368.837,30.6640,-0.0143,2.1358,0.20355,-0.05434,0.00726,0.97753
1791098368.897,30.6086,0.0033,2.1361,0.20187,-0.05447,0.00703,0.97787
1791098368.957,30.5530,0.0209,2.1365,0.20022,-0.05458,0.00690,0.97821
1791098369.017,30.4974,0.0387,2.1368,0.19875,-0.05471,0.00688,0.97850
1791098369.077,30.4417,0.0566,2.1371,0.19756,-0.05481,0.00693,0.97873
1791098369.137,30.3859,0.0745,2.1374,0.19669,-0.05492,0.00703,0.97890
1791098369.197,30.3300,0.0925,2.1377,0.19615,-0.05502,0.00715,0.97900
1791098369.257,30.2741,0.1107,2.1379,0.19590,-0.05514,0.00730,0.97905
1791098369.317,30.2180,0.1289,2.1380,0.19590,-0.05527,0.00743,0.97904
1791098369.377,30.1619,0.1472,2.1381,0.19608,-0.05539,0.00755,0.97899
1791098369.437,30.1057,0.1656,2.1381,0.19640,-0.05553,0.00769,0.97892
1791098369.497,30.0493,0.1841,2.1380,0.19680,-0.05568,0.00779,0.97883
1791098369.557,29.9929,0.2027,2.1379,0.19722,-0.05582,0.00790,0.97874
1791098369.617,29.9364,0.2215,2.1376,0.19763,-0.05595,0.00805,0.97865
1791098369.677,29.8799,0.2403,2.1373,0.19816,-0.05598,0.00863,0.97853
1791098369.737,29.8232,0.2594,2.1370,0.19901,-0.05596,0.00941,0.97835
1791098369.797,29.7664,0.2786,2.1366,0.20027,-0.05598,0.01008,0.97809
1791098369.857,29.7097,0.2980,2.1362,0.20190,-0.05607,0.01045,0.97774
1791098369.917,29.6528,0.3177,2.1359,0.20380,-0.05621,0.01063,0.97734
1791098369.977,29.5959,0.3377,2.1355,0.20581,-0.05636,0.01067,0.97691
1791098370.037,29.5390,0.3580,2.1352,0.20779,-0.05652,0.01062,0.97648
1791098370.097,29.4820,0.3784,2.1349,0.20962,-0.05666,0.01050,0.97608
1791098370.157,29.4249,0.3991,2.1346,0.21121,-0.05679,0.01034,0.97573
1791098370.217,29.3678,0.4201,2.1343,0.21252,-0.05685,0.01021,0.97545
1791098370.277,29.3106,0.4412,2.1340,0.21364,-0.05681,0.01048,0.97520
1791098370.337,29.2533,0.4625,2.1337,0.21483,-0.05669,0.01098,0.97494
1791098370.397,29.1960,0.4841,2.1335,0.21622,-0.05658,0.01135,0.97464
1791098370.457,29.1387,0.5059,2.1331,0.21785,-0.05651,0.01156,0.97428
1791098370.517,29.0814,0.5280,2.1328,0.21966,-0.05648,0.01161,0.97387
1791098370.577,29.0241,0.5503,2.1324,0.22155,-0.05650,0.01156,0.97344
1791098370.637,28.9668,0.5728,2.1319,0.22340,-0.05651,0.01144,0.97302
1791098370.694,28.9171,0.5925,2.1315,0.22489,-0.05654,0.01130,0.97268
1791098370.754,28.8598,0.6154,2.1311,0.22642,-0.05659,0.01111,0.97232
1791098370.814,28.8025,0.6385,2.1306,0.22769,-0.05665,0.01097,0.97202
1791098370.874,28.7452,0.6617,2.1301,0.22869,-0.05668,0.01092,0.97179
1791098370.934,28.6879,0.6851,2.1296,0.22941,-0.05675,0.01084,0.97161
1791098370.994,28.6306,0.7087,2.1290,0.22989,-0.05680,0.01078,0.97150
1791098371.055,28.5732,0.7324,2.1290,0.23180,-0.04852,0.01077,0.97149
1791098371.114,28.5162,0.7563,2.1330,0.24245,-0.02670,0.00981,0.96975
1791098371.175,28.4607,0.7800,2.1462,0.26767,-0.00382,0.00795,0.96347
1791098371.234,28.4084,0.8030,2.1684,0.30775,0.01637,0.00660,0.95130
1791098371.294,28.3608,0.8248,2.1941,0.35945,0.03184,0.00588,0.93260
1791098371.355,28.3182,0.8447,2.2167,0.41829,0.04121,0.00538,0.90736
1791098371.415,28.2804,0.8628,2.2321,0.47990,0.04536,0.00527,0.87613
1791098371.474,28.2474,0.8788,2.2395,0.54020,0.04641,0.00582,0.84023
1791098371.534,28.2187,0.8926,2.2406,0.59579,0.04581,0.00691,0.80180
1791098371.594,28.1944,0.9043,2.2381,0.64437,0.04418,0.00820,0.76339
1791098371.654,28.1743,0.9137,2.2350,0.68478,0.03251,0.01343,0.72790
1791098371.714,28.1577,0.9218,2.2331,0.71643,0.00985,0.02773,0.69704
1791098371.774,28.1441,0.9302,2.2326,0.73990,-0.01297,0.04113,0.67133
1791098371.834,28.1329,0.9406,2.2327,0.75635,-0.03162,0.04985,0.65149
1791098371.899,28.1235,0.9542,2.2327,0.76707,-0.04506,0.05405,0.63769
1791098371.956,28.1161,0.9704,2.2327,0.77200,-0.05021,0.04997,0.63166
1791098372.015,28.1092,0.9924,2.2398,0.76809,-0.04606,0.03488,0.63773
1791098372.075,28.1024,1.0179,2.2552,0.75355,-0.03773,0.01615,0.65611
1791098372.135,28.0951,1.0449,2.2747,0.72851,-0.02878,-0.00246,0.68443
1791098372.195,28.0868,1.0717,2.2944,0.69319,-0.02085,-0.01832,0.72022
1791098372.255,28.0771,1.0969,2.3120,0.64722,-0.01434,-0.03009,0.76157
1791098372.315,28.0661,1.1197,2.3271,0.58981,-0.00951,-0.03735,0.80662
1791098372.375,28.0538,1.1396,2.3382,0.52170,-0.00656,-0.03987,0.85217
1791098372.435,28.0409,1.1566,2.3423,0.44525,-0.00535,-0.03870,0.89455
1791098372.495,28.0276,1.1707,2.3386,0.36405,-0.00530,-0.03605,0.93067
1791098372.555,28.0141,1.1822,2.3288,0.28277,-0.00570,-0.03319,0.95860
1791098372.615,28.0005,1.1912,2.3164,0.20633,-0.00610,-0.03043,0.97799
1791098372.675,27.9869,1.1976,2.3049,0.13882,-0.00621,-0.02779,0.98991
1791098372.735,27.9734,1.2016,2.2967,0.08305,-0.00936,-0.02297,0.99624
1791098372.795,27.9599,1.2037,2.2932,0.04038,-0.02685,-0.01511,0.99871
1791098372.855,27.9451,1.2046,2.2929,0.01010,-0.04908,-0.00893,0.99870
1791098372.915,27.9278,1.2048,2.2937,-0.00908,-0.06722,-0.00414,0.99769
1791098372.976,27.9071,1.2048,2.2933,-0.01877,-0.07928,-0.00023,0.99668
1791098373.035,27.8827,1.2046,2.2905,-0.02070,-0.08602,0.00300,0.99607
1791098373.095,27.8544,1.2044,2.2847,-0.01672,-0.08888,0.00534,0.99589
1791098373.155,27.8224,1.2046,2.2759,-0.00861,-0.08916,0.00675,0.99596
1791098373.215,27.7867,1.2051,2.2646,0.00191,-0.08691,0.00735,0.99619
1791098373.275,27.7477,1.2060,2.2517,0.01311,-0.06918,0.00628,0.99750
1791098373.335,27.7067,1.2074,2.2382,0.02309,-0.04415,0.00484,0.99875
1791098373.395,27.6652,1.2090,2.2251,0.03020,-0.02105,0.00378,0.99932
1791098373.455,27.6249,1.2109,2.2131,0.03320,-0.00259,0.00323,0.99944
1791098373.515,27.5869,1.2129,2.2026,0.03135,0.01118,0.00297,0.99944
1791098373.575,27.5521,1.2149,2.1933,0.02451,0.02087,0.00280,0.99948
1791098373.635,27.5209,1.2170,2.1851,0.01288,0.02731,0.00253,0.99954
1791098373.695,27.4935,1.2191,2.1776,-0.00307,0.03126,0.00212,0.99950
1791098373.755,27.4700,1.2212,2.1706,-0.02257,0.03326,0.00152,0.99919
1791098373.815,27.4503,1.2234,2.1639,-0.04481,0.03384,0.00080,0.99842
1791098373.875,27.4341,1.2255,2.1575,-0.06896,0.03336,-0.00002,0.99706
1791098373.935,27.4211,1.2277,2.1512,-0.09419,0.03209,-0.00088,0.99504
1791098373.995,27.4112,1.2299,2.1462,-0.11866,0.01872,-0.00083,0.99276
1791098374.055,27.4033,1.2320,2.1446,-0.13735,-0.01051,0.00034,0.99047
1791098374.115,27.3950,1.2340,2.1478,-0.14601,-0.03882,0.00274,0.98852
1791098374.175,27.3844,1.2355,2.1548,-0.14373,-0.06070,0.00510,0.98774
1791098374.235,27.3700,1.2367,2.1633,-0.13167,-0.07548,0.00714,0.98839
1791098374.295,27.3514,1.2377,2.1707,-0.11210,-0.08423,0.00850,0.99008
1791098374.355,27.3286,1.2385,2.1752,-0.08763,-0.08864,0.00900,0.99216
1791098374.415,27.3016,1.2394,2.1764,-0.06084,-0.09016,0.00864,0.99403
1791098374.475,27.2705,1.2403,2.1747,-0.03410,-0.08978,0.00762,0.99535
1791098374.535,27.2355,1.2416,2.1711,-0.00937,-0.08807,0.00628,0.99605
1791098374.595,27.1969,1.2431,2.1666,0.01195,-0.08536,0.00487,0.99627
1791098374.655,27.1549,1.2449,2.1617,0.02902,-0.07256,0.00429,0.99693
1791098374.715,27.1105,1.2470,2.1573,0.04082,-0.04749,0.00247,0.99803
1791098374.775,27.0657,1.2493,2.1537,0.04684,-0.02260,0.00097,0.99865
1791098374.835,27.0221,1.2516,2.1510,0.04687,-0.00222,0.00012,0.99890
1791098374.895,26.9810,1.2538,2.1489,0.04106,0.01303,-0.00022,0.99907
1791098374.955,26.9434,1.2557,2.1472,0.03007,0.02375,-0.00030,0.99927
1791098375.015,26.9098,1.2575,2.1455,0.01673,0.02954,0.00040,0.99942
1791098375.075,26.8802,1.2592,2.1444,0.00553,0.01505,0.00038,0.99987
1791098375.135,26.8535,1.2608,2.1434,-0.00383,-0.00948,-0.00228,0.99995
1791098375.195,26.8279,1.2621,2.1422,-0.01282,-0.03221,-0.00513,0.99939
1791098375.254,26.8053,1.2629,2.1409,-0.02089,-0.04775,-0.00703,0.99862
1791098375.314,26.7777,1.2632,2.1389,-0.03062,-0.06070,-0.00836,0.99765
1791098375.374,26.7478,1.2629,2.1365,-0.04053,-0.06910,-0.00885,0.99675
1791098375.434,26.7151,1.2617,2.1338,-0.05020,-0.07397,-0.00873,0.99596
1791098375.494,26.6795,1.2598,2.1310,-0.05920,-0.07623,-0.00824,0.99530
1791098375.554,26.6409,1.2572,2.1282,-0.06716,-0.07664,-0.00756,0.99477
1791098375.614,26.5996,1.2538,2.1253,-0.07383,-0.07580,-0.00683,0.99436
1791098375.674,26.5557,1.2498,2.1226,-0.07910,-0.07418,-0.00613,0.99408
1791098375.734,26.5095,1.2452,2.1200,-0.08296,-0.07211,-0.00553,0.99393
1791098375.794,26.4612,1.2401,2.1175,-0.08552,-0.06980,-0.00507,0.99387
1791098375.854,26.4113,1.2346,2.1153,-0.08697,-0.06745,-0.00474,0.99391
1791098375.915,26.3599,1.2286,2.1133,-0.08750,-0.06518,-0.00449,0.99402
1791098375.974,26.3072,1.2224,2.1115,-0.08752,-0.06306,-0.00516,0.99415
1791098376.034,26.2536,1.2158,2.1103,-0.08860,-0.06041,-0.00909,0.99419
1791098376.094,26.1991,1.2086,2.1098,-0.09238,-0.05792,-0.01324,0.99395
1791098376.154,26.1442,1.2005,2.1098,-0.09956,-0.05578,-0.01632,0.99333
1791098376.215,26.0890,1.1915,2.1100,-0.10983,-0.05420,-0.01804,0.99231
1791098376.272,26.0410,1.1828,2.1102,-0.12058,-0.05327,-0.01855,0.99110
1791098376.332,25.9857,1.1717,2.1104,-0.13413,-0.05263,-0.01835,0.98939
1791098376.392,25.9305,1.1596,2.1104,-0.14786,-0.05233,-0.01757,0.98747
1791098376.452,25.8754,1.1466,2.1104,-0.16080,-0.05227,-0.01649,0.98546
1791098376.512,25.8203,1.1327,2.1103,-0.17221,-0.05235,-0.01526,0.98355
1791098376.572,25.7654,1.1180,2.1102,-0.18163,-0.05250,-0.01397,0.98187
1791098376.632,25.7106,1.1026,2.1102,-0.18895,-0.05257,-0.01325,0.98049
1791098376.692,25.6559,1.0866,2.1104,-0.19522,-0.05184,-0.01533,0.97927
1791098376.752,25.6012,1.0699,2.1109,-0.20192,-0.05097,-0.01796,0.97791
1791098376.812,25.5469,1.0523,2.1114,-0.20983,-0.05038,-0.01990,0.97624
1791098376.872,25.4928,1.0337,2.1119,-0.21901,-0.05016,-0.02087,0.97421
1791098376.933,25.4391,1.0142,2.1123,-0.22906,-0.05023,-0.02102,0.97189
1791098376.992,25.3858,0.9937,2.1128,-0.23936,-0.05051,-0.02052,0.96940
1791098377.052,25.3328,0.9723,2.1134,-0.24930,-0.05086,-0.01978,0.96689
1791098377.112,25.2800,0.9500,2.1140,-0.25833,-0.05128,-0.01883,0.96451
1791098377.172,25.2276,0.9270,2.1147,-0.26607,-0.05173,-0.01770,0.96240
1791098377.239,25.1753,0.9033,2.1154,-0.27229,-0.05217,-0.01657,0.96066
1791098377.299,25.1231,0.8790,2.1161,-0.27694,-0.05257,-0.01552,0.95932
1791098377.359,25.0711,0.8542,2.1169,-0.28008,-0.05290,-0.01462,0.95841
1791098377.419,25.0191,0.8290,2.1177,-0.28189,-0.05318,-0.01388,0.95787
1791098377.479,24.9672,0.8034,2.1185,-0.28260,-0.05343,-0.01331,0.95766
1791098377.539,24.9152,0.7775,2.1195,-0.28287,-0.04848,-0.01185,0.95786
1791098377.599,24.8636,0.7515,2.1214,-0.28568,-0.02847,-0.00787,0.95787
1791098377.659,24.8134,0.7260,2.1250,-0.29389,-0.00671,-0.00284,0.95581
1791098377.719,24.7659,0.7018,2.1300,-0.30841,0.01148,0.00161,0.95118
1791098377.779,24.7222,0.6794,2.1356,-0.32864,0.02480,0.00488,0.94412
1791098377.839,24.6826,0.6593,2.1406,-0.35315,0.03368,0.00687,0.93494
1791098377.899,24.6475,0.6417,2.1444,-0.38000,0.03902,0.00778,0.92413
1791098377.959,24.6168,0.6267,2.1468,-0.40712,0.04172,0.00786,0.91239
1791098378.019,24.5903,0.6142,2.1480,-0.43269,0.04248,0.00738,0.90051
1791098378.079,24.5678,0.6041,2.1485,-0.45531,0.04186,0.00659,0.88932
1791098378.139,24.5491,0.5964,2.1487,-0.47413,0.04023,0.00569,0.87952
1791098378.199,24.5338,0.5909,2.1490,-0.48877,0.03777,0.00483,0.87158
1791098378.259,24.5216,0.5872,2.1506,-0.49863,0.02097,0.00274,0.86656
1791098378.319,24.5115,0.5847,2.1560,0.50072,0.00958,0.00218,-0.86555
1791098378.379,24.5014,0.5819,2.1655,-0.49317,-0.03849,-0.00637,0.86906
1791098378.439,24.4898,0.5775,2.1771,-0.47665,-0.06059,-0.00941,0.87695
1791098378.499,24.4755,0.5708,2.1881,-0.45310,-0.07564,-0.01149,0.88817
1791098378.559,24.4582,0.5617,2.1963,-0.42490,-0.08476,-0.01317,0.90117
1791098378.619,24.4375,0.5501,2.2009,-0.39452,-0.08953,-0.01478,0.91440
1791098378.679,24.4132,0.5362,2.2023,-0.36431,-0.09122,-0.01638,0.92665
1791098378.739,24.3854,0.5199,2.2014,-0.33631,-0.09075,-0.01786,0.93720
1791098378.799,24.3540,0.5016,2.1994,-0.31206,-0.08874,-0.01904,0.94572
1791098378.859,24.3193,0.4812,2.1970,-0.29253,-0.08573,-0.01978,0.95220
1791098378.919,24.2814,0.4591,2.1945,-0.27808,-0.08216,-0.02009,0.95683
1791098378.979,24.2410,0.4355,2.1920,-0.26861,-0.07842,-0.01999,0.95984
1791098379.039,24.1982,0.4105,2.1896,-0.26361,-0.07479,-0.01955,0.96153
1791098379.099,24.1536,0.3845,2.1870,-0.26236,-0.07139,-0.01885,0.96214
1791098379.159,24.1073,0.3576,2.1844,-0.26398,-0.06836,-0.01803,0.96193
1791098379.219,24.0599,0.3300,2.1815,-0.26761,-0.06570,-0.01717,0.96113
1791098379.279,24.0114,0.3018,2.1786,-0.27240,-0.06340,-0.01640,0.95995
1791098379.339,23.9620,0.2731,2.1757,-0.27765,-0.06147,-0.01568,0.95859
1791098379.399,23.9121,0.2440,2.1728,-0.28278,-0.05985,-0.01503,0.95720
1791098379.459,23.8616,0.2145,2.1702,-0.28697,-0.05911,-0.01284,0.95603
1791098379.519,23.8105,0.1849,2.1684,-0.28863,-0.05882,-0.00875,0.95559
1791098379.579,23.7590,0.1554,2.1674,-0.28672,-0.05858,-0.00522,0.95621
1791098379.639,23.7068,0.1262,2.1670,-0.28116,-0.05825,-0.00287,0.95789
1791098379.699,23.6542,0.0974,2.1669,-0.27254,-0.05790,-0.00174,0.96040
1791098379.766,23.6010,0.0693,2.1668,-0.26182,-0.05754,-0.00160,0.96340
1791098379.827,23.5474,0.0419,2.1667,-0.25010,-0.05723,-0.00212,0.96652
1791098379.887,23.4934,0.0150,2.1666,-0.23839,-0.05699,-0.00306,0.96949
1791098379.947,23.4391,-0.0113,2.1663,-0.22754,-0.05677,-0.00420,0.97210
1791098380.007,23.3845,-0.0371,2.1661,-0.21817,-0.05657,-0.00542,0.97426
1791098380.066,23.3295,-0.0626,2.1659,-0.21064,-0.05639,-0.00659,0.97591
1791098380.126,23.2744,-0.0876,2.1658,-0.20508,-0.05622,-0.00766,0.97710
1791098380.186,23.2190,-0.1124,2.1658,-0.20145,-0.05609,-0.00860,0.97785
1791098380.247,23.1635,-0.1370,2.1658,-0.19953,-0.05596,-0.00935,0.97825
1791098380.306,23.1078,-0.1615,2.1658,-0.19903,-0.05587,-0.00997,0.97835
1791098380.364,23.0595,-0.1826,2.1659,-0.19944,-0.05594,-0.01011,0.97826
1791098380.424,23.0035,-0.2069,2.1662,-0.19955,-0.05643,-0.00703,0.97824
1791098380.484,22.9473,-0.2309,2.1671,-0.19750,-0.05695,-0.00305,0.97864
1791098380.544,22.8909,-0.2544,2.1682,-0.19230,-0.05730,0.00011,0.97966
1791098380.604,22.8341,-0.2771,2.1695,-0.18396,-0.05752,0.00196,0.98125
1791098380.664,22.7769,-0.2991,2.1707,-0.17317,-0.05765,0.00262,0.98320
1791098380.724,22.7195,-0.3201,2.1717,-0.16089,-0.05776,0.00239,0.98528
1791098380.783,22.6694,-0.3377,2.1724,-0.14986,-0.05782,0.00166,0.98701
1791098380.842,22.6114,-0.3572,2.1731,-0.13737,-0.05360,0.00135,0.98907
1791098380.902,22.5534,-0.3759,2.1738,-0.12428,-0.03378,0.00333,0.99167
1791098380.962,22.4968,-0.3935,2.1749,-0.10907,-0.01140,0.00529,0.99395
1791098381.022,22.4429,-0.4097,2.1762,-0.09109,0.00759,0.00681,0.99579
1791098381.082,22.3928,-0.4244,2.1775,-0.07071,0.02164,0.00787,0.99723
1791098381.142,22.3473,-0.4375,2.1786,-0.04899,0.03119,0.00860,0.99828
1791098381.202,22.3067,-0.4491,2.1794,-0.02726,0.03711,0.00908,0.99890
1791098381.262,22.2712,-0.4593,2.1799,-0.00679,0.04022,0.00941,0.99912
1791098381.322,22.2407,-0.4682,2.1801,0.01138,0.04126,0.00955,0.99904
1791098381.382,22.2149,-0.4759,2.1806,0.02653,0.03607,0.00885,0.99896
1791098381.442,22.1932,-0.4825,2.1825,0.03815,0.00969,0.00754,0.99920
1791098381.502,22.1736,-0.4883,2.1852,0.04636,-0.02076,0.00599,0.99869
1791098381.562,22.1539,-0.4931,2.1883,0.05148,-0.04610,0.00433,0.99760
1791098381.623,22.1323,-0.4972,2.1909,0.05396,-0.06450,0.00269,0.99645
1791098381.682,22.1078,-0.5007,2.1929,0.05435,-0.07668,0.00120,0.99557
1791098381.742,22.0796,-0.5035,2.1941,0.05318,-0.08389,0.00001,0.99506
1791098381.802,22.0475,-0.5059,2.1945,0.05099,-0.08745,-0.00090,0.99486
1791098381.862,22.0116,-0.5079,2.1941,0.04824,-0.08840,-0.00154,0.99491
1791098381.922,21.9719,-0.5096,2.1932,0.04534,-0.08756,-0.00195,0.99513
1791098381.982,21.9288,-0.5110,2.1918,0.04257,-0.08559,-0.00224,0.99542
1791098382.038,21.8857,-0.5121,2.1902,0.04032,-0.08315,-0.00239,0.99572
1791098382.098,21.8368,-0.5132,2.1883,0.03837,-0.08019,-0.00250,0.99604
1791098382.158,21.7855,-0.5142,2.1863,0.03697,-0.07711,-0.00255,0.99633
1791098382.218,21.7321,-0.5151,2.1842,0.03612,-0.07409,-0.00253,0.99659
1791098382.278,21.6770,-0.5160,2.1822,0.03576,-0.07126,-0.00252,0.99681
1791098382.338,21.6204,-0.5168,2.1803,0.03583,-0.06871,-0.00239,0.99699
1791098382.398,21.5627,-0.5175,2.1786,0.03670,-0.06638,-0.00027,0.99712
1791098382.458,21.5039,-0.5180,2.1774,0.03973,-0.06387,0.00383,0.99716
1791098382.518,21.4445,-0.5180,2.1768,0.04584,-0.06170,0.00745,0.99701
1791098382.578,21.3845,-0.5174,2.1764,0.05503,-0.05991,0.00987,0.99664
1791098382.638,21.3242,-0.5158,2.1763,0.06662,-0.05857,0.01115,0.99600
1791098382.698,21.2637,-0.5134,2.1760,0.07963,-0.05760,0.01144,0.99509
1791098382.758,21.2032,-0.5100,2.1757,0.09298,-0.05698,0.01112,0.99397
1791098382.818,21.1427,-0.5057,2.1753,0.10570,-0.05660,0.01037,0.99273
1791098382.878,21.0821,-0.5005,2.1749,0.11705,-0.05641,0.00936,0.99148
1791098382.939,21.0217,-0.4946,2.1745,0.12678,-0.05609,0.00950,0.99030
1791098382.998,20.9613,-0.4879,2.1743,0.13647,-0.05468,0.01371,0.98904
1791098383.058,20.9010,-0.4801,2.1745,0.14799,-0.05325,0.01815,0.98739
1791098383.118,20.8411,-0.4711,2.1749,0.16206,-0.05228,0.02127,0.98517
1791098383.178,20.7817,-0.4606,2.1752,0.17834,-0.05183,0.02275,0.98234
1791098383.238,20.7227,-0.4486,2.1754,0.19617,-0.05133,0.02424,0.97893
1791098383.298,20.6644,-0.4350,2.1757,0.21617,-0.04955,0.02817,0.97469
1791098383.358,20.6068,-0.4196,2.1761,0.23894,-0.04784,0.03156,0.96934
1791098383.418,20.5502,-0.4023,2.1766,0.26399,-0.04691,0.03342,0.96280
1791098383.478,20.4946,-0.3830,2.1769,0.29008,-0.04665,0.03393,0.95526
1791098383.538,20.4402,-0.3618,2.1771,0.31568,-0.04713,0.03302,0.94712
1791098383.598,20.3868,-0.3388,2.1771,0.33938,-0.04802,0.03111,0.93891
1791098383.660,20.3379,-0.3158,2.1770,0.35923,-0.04799,0.03040,0.93152
1791098383.718,20.2830,-0.2878,2.1768,0.37990,-0.04701,0.03123,0.92330
1791098383.778,20.2327,-0.2600,2.1765,0.39792,-0.04635,0.03173,0.91570
1791098383.838,20.1835,-0.2307,2.1759,0.41469,-0.04613,0.03158,0.90824
1791098383.898,20.1355,-0.1999,2.1752,0.42999,-0.04632,0.03071,0.90112
1791098383.958,20.0885,-0.1678,2.1745,0.44347,-0.04675,0.02942,0.89458
1791098384.018,20.0425,-0.1345,2.1741,0.45488,-0.04729,0.02788,0.88886
1791098384.078,19.9973,-0.1001,2.1737,0.46406,-0.04790,0.02620,0.88412
1791098384.138,19.9529,-0.0647,2.1735,0.47103,-0.04845,0.02463,0.88044
1791098384.198,19.9092,-0.0285,2.1733,0.47589,-0.04899,0.02320,0.87783
1791098384.258,19.8660,0.0085,2.1733,0.47890,-0.04950,0.02195,0.87620
1791098384.318,19.8233,0.0460,2.1733,0.48036,-0.04995,0.02097,0.87540
1791098384.378,19.7809,0.0842,2.1733,0.48059,-0.05037,0.02018,0.87526
1791098384.438,19.7389,0.1228,2.1733,0.47996,-0.05071,0.01959,0.87560
1791098384.498,19.6971,0.1618,2.1732,0.47877,-0.05102,0.01913,0.87625
1791098384.558,19.6555,0.2012,2.1732,0.47731,-0.05120,0.01892,0.87704
1791098384.618,19.6140,0.2410,2.1731,0.47588,-0.05115,0.01932,0.87781
1791098384.678,19.5727,0.2811,2.1736,0.47641,-0.04783,0.02437,0.87758
1791098384.738,19.5318,0.3219,2.1755,0.48165,-0.04276,0.03076,0.87478
1791098384.798,19.4919,0.3636,2.1792,0.49290,-0.03810,0.03593,0.86851
1791098384.858,19.4533,0.4062,2.1837,0.50981,-0.03485,0.03917,0.85869
1791098384.918,19.4165,0.4496,2.1882,0.53086,-0.03324,0.04068,0.84583
1791098384.978,19.3816,0.4939,2.1916,0.55407,-0.03313,0.04085,0.83080
1791098385.038,19.3485,0.5388,2.1936,0.57746,-0.03403,0.04017,0.81472
1791098385.098,19.3172,0.5844,2.1945,0.59935,-0.03555,0.03886,0.79875
1791098385.158,19.2875,0.6307,2.1948,0.61856,-0.03729,0.03725,0.78397
1791098385.218,19.2593,0.6776,2.1948,0.63430,-0.03940,0.03522,0.77128
1791098385.275,19.2340,0.7220,2.1955,0.64454,-0.04399,0.03009,0.76271
1791098385.330,19.2093,0.7671,2.1982,0.64895,-0.04875,0.02317,0.75891
1791098385.390,19.1829,0.8161,2.2034,0.64669,-0.05266,0.01653,0.76075
1791098385.450,19.1560,0.8652,2.2097,0.63781,-0.05508,0.01183,0.76813
1791098385.510,19.1285,0.9144,2.2155,0.62363,-0.05642,0.00925,0.77963
1791098385.570,19.1002,0.9632,2.2194,0.60577,-0.05713,0.00849,0.79354
1791098385.630,19.0710,1.0117,2.2210,0.58599,-0.05744,0.00904,0.80823
1791098385.690,19.0410,1.0598,2.2206,0.56598,-0.05747,0.01041,0.82235
1791098385.750,19.0102,1.1076,2.2188,0.54721,-0.05723,0.01219,0.83495
1791098385.810,18.9785,1.1551,2.2164,0.53084,-0.05674,0.01410,0.84545
1791098385.870,18.9461,1.2025,2.2137,0.51760,-0.05609,0.01587,0.85363
1791098385.930,18.9130,1.2499,2.2110,0.50771,-0.05566,0.01694,0.85956
1791098385.990,18.8793,1.2972,2.2084,0.49999,-0.05668,0.01472,0.86405
1791098386.050,18.8448,1.3444,2.2059,0.49274,-0.05810,0.01188,0.86815
1791098386.110,18.8095,1.3912,2.2031,0.48490,-0.05920,0.00985,0.87251
1791098386.170,18.7732,1.4376,2.2002,0.47616,-0.05985,0.00890,0.87727
1791098386.230,18.7358,1.4836,2.1971,0.46673,-0.06008,0.00888,0.88231
1791098386.290,18.6975,1.5292,2.1942,0.45705,-0.06001,0.00955,0.88736
1791098386.350,18.6583,1.5744,2.1913,0.44768,-0.05969,0.01065,0.89214
1791098386.410,18.6181,1.6192,2.1887,0.43910,-0.05920,0.01195,0.89641
1791098386.471,18.5772,1.6637,2.1864,0.43171,-0.05864,0.01332,0.90001
1791098386.530,18.5357,1.7080,2.1843,0.42564,-0.05826,0.01415,0.90290
1791098386.590,18.4934,1.7521,2.1826,0.41987,-0.05897,0.01186,0.90559
1791098386.650,18.4505,1.7959,2.1815,0.41296,-0.05988,0.00897,0.90873
1791098386.710,18.4068,1.8393,2.1806,0.40423,-0.06052,0.00695,0.91263
1791098386.770,18.3622,1.8820,2.1799,0.39359,-0.06111,0.00520,0.91724
1791098386.830,18.3166,1.9240,2.1795,0.38044,-0.06198,0.00168,0.92273
1791098386.890,18.2700,1.9651,2.1795,0.36436,-0.06264,-0.00118,0.92915
1791098386.950,18.2222,2.0052,2.1797,0.34572,-0.06303,-0.00256,0.93621
1791098387.010,18.1734,2.0441,2.1799,0.32554,-0.06311,-0.00250,0.94341
1791098387.070,18.1234,2.0817,2.1800,0.30511,-0.06296,-0.00133,0.95023
1791098387.130,18.0725,2.1183,2.1800,0.28568,-0.06265,0.00048,0.95628
1791098387.190,18.0206,2.1538,2.1800,0.26830,-0.06219,0.00264,0.96132
1791098387.250,17.9680,2.1884,2.1801,0.25372,-0.06166,0.00484,0.96530
1791098387.310,17.9146,2.2222,2.1804,0.24231,-0.06105,0.00693,0.96825
1791098387.370,17.8606,2.2554,2.1807,0.23414,-0.06042,0.00879,0.97028
1791098387.430,17.8061,2.2880,2.1810,0.22886,-0.06004,0.00970,0.97156
1791098387.490,17.7511,2.3202,2.1814,0.22482,-0.06011,0.00713,0.97252
1791098387.550,17.6957,2.3518,2.1819,0.22007,-0.06034,0.00396,0.97361
1791098387.610,17.6398,2.3825,2.1824,0.21356,-0.06051,0.00165,0.97505
1791098387.670,17.5834,2.4124,2.1826,0.20514,-0.06059,0.00049,0.97686
1791098387.728,17.5341,2.4374,2.1827,0.19654,-0.06063,-0.00003,0.97862
1791098387.788,17.4767,2.4654,2.1827,0.18486,-0.06080,-0.00259,0.98088
1791098387.848,17.4188,2.4921,2.1829,0.17068,-0.06089,-0.00563,0.98343
1791098387.908,17.3604,2.5176,2.1831,0.15411,-0.06095,-0.00753,0.98614
1791098387.967,17.3014,2.5416,2.1834,0.13532,-0.06090,-0.01025,0.98887
1791098388.027,17.2418,2.5639,2.1838,0.11379,-0.06051,-0.01401,0.99156
1791098388.087,17.1818,2.5843,2.1842,0.08959,-0.06024,-0.01639,0.99402
1791098388.148,17.1213,2.6027,2.1845,0.06367,-0.06018,-0.01711,0.99601
1791098388.208,17.0604,2.6191,2.1847,0.03746,-0.06024,-0.01642,0.99735
1791098388.268,16.9992,2.6334,2.1847,0.01245,-0.06039,-0.01478,0.99799
1791098388.327,16.9377,2.6459,2.1846,-0.01020,-0.06031,-0.01321,0.99804
1791098388.387,16.8760,2.6566,2.1845,-0.03088,-0.05959,-0.01477,0.99764
1791098388.448,16.8140,2.6655,2.1841,-0.05071,-0.05882,-0.01697,0.99684
1791098388.508,16.7521,2.6725,2.1835,-0.07017,-0.05834,-0.01819,0.99566
1791098388.568,16.6902,2.6776,2.1826,-0.08910,-0.05812,-0.01822,0.99416
1791098388.627,16.6283,2.6807,2.1815,-0.10698,-0.05806,-0.01744,0.99241
1791098388.687,16.5664,2.6820,2.1805,-0.12319,-0.05813,-0.01596,0.99055
1791098388.748,16.5047,2.6817,2.1795,-0.13753,-0.05783,-0.01557,0.98869
1791098388.807,16.4430,2.6797,2.1786,-0.15110,-0.05680,-0.01748,0.98673
1791098388.868,16.3816,2.6761,2.1778,-0.16482,-0.05591,-0.01902,0.98455
1791098388.927,16.3204,2.6709,2.1770,-0.17756,-0.05643,-0.01555,0.98237
1791098388.988,16.2594,2.6642,2.1767,-0.18711,-0.05735,-0.01007,0.98061
1791098389.048,16.1984,2.6564,2.1770,-0.19214,-0.05808,-0.00503,0.97963
1791098389.108,16.1374,2.6481,2.1777,-0.19243,-0.05852,-0.00115,0.97956
1791098389.168,16.0763,2.6394,2.1784,-0.18850,-0.05880,0.00147,0.98031
1791098389.224,16.0233,2.6317,2.1787,-0.18245,-0.05896,0.00266,0.98144
1791098389.285,15.9619,2.6229,2.1787,-0.17424,-0.05867,0.00070,0.98295
1791098389.345,15.9005,2.6140,2.1783,-0.16709,-0.05811,-0.00281,0.98422
1791098389.405,15.8391,2.6048,2.1777,-0.16272,-0.05758,-0.00609,0.98497
1791098389.465,15.7778,2.5951,2.1769,-0.16178,-0.05716,-0.00851,0.98513
1791098389.525,15.7165,2.5848,2.1759,-0.16416,-0.05691,-0.01012,0.98474
1791098389.585,15.6554,2.5738,2.1747,-0.16927,-0.05684,-0.01089,0.98387
1791098389.645,15.5944,2.5622,2.1733,-0.17629,-0.05690,-0.01110,0.98263
1791098389.705,15.5336,2.5498,2.1717,-0.18432,-0.05706,-0.01088,0.98115
1791098389.765,15.4730,2.5368,2.1700,-0.19255,-0.05729,-0.01037,0.97956
1791098389.825,15.4124,2.5232,2.1681,-0.20031,-0.05752,-0.00981,0.97799
1791098389.885,15.3520,2.5090,2.1662,-0.20713,-0.05772,-0.00934,0.97656
1791098389.945,15.2916,2.4942,2.1643,-0.21291,-0.05767,-0.00976,0.97532
1791098390.005,15.2313,2.4788,2.1626,-0.21878,-0.05669,-0.01268,0.97404
1791098390.065,15.1711,2.4627,2.1612,-0.22596,-0.05566,-0.01565,0.97242
1791098390.125,15.1113,2.4457,2.1599,-0.23488,-0.05489,-0.01780,0.97031
1791098390.185,15.0518,2.4277,2.1586,-0.24530,-0.05452,-0.01886,0.96773
1791098390.245,14.9928,2.4086,2.1574,-0.25660,-0.05446,-0.01908,0.96479
1791098390.305,14.9342,2.3886,2.1562,-0.26802,-0.05462,-0.01870,0.96168
1791098390.361,14.8799,2.3689,2.1551,-0.27816,-0.05491,-0.01799,0.95880
1791098390.421,14.8221,2.3470,2.1539,-0.28790,-0.05527,-0.01702,0.95591
1791098390.481,14.7647,2.3243,2.1528,-0.29611,-0.05566,-0.01593,0.95340
1791098390.541,14.7075,2.3008,2.1517,-0.30257,-0.05601,-0.01495,0.95136
1791098390.601,14.6506,2.2767,2.1507,-0.30727,-0.05635,-0.01405,0.94985
1791098390.661,14.5939,2.2519,2.1497,-0.31031,-0.05663,-0.01326,0.94885
1791098390.721,14.5373,2.2267,2.1487,-0.31191,-0.05685,-0.01268,0.94832
1791098390.781,14.4809,2.2009,2.1478,-0.31234,-0.05703,-0.01220,0.94818
1791098390.841,14.4246,2.1748,2.1470,-0.31189,-0.05715,-0.01188,0.94832
1791098390.901,14.3683,2.1483,2.1461,-0.31087,-0.05727,-0.01164,0.94865
1791098390.961,14.3121,2.1216,2.1453,-0.30957,-0.05730,-0.01184,0.94907
1791098391.021,14.2559,2.0944,2.1448,-0.30907,-0.05626,-0.01470,0.94926
1791098391.079,14.2073,2.0705,2.1448,-0.31053,-0.05486,-0.01790,0.94881
1791098391.139,14.1515,2.0423,2.1453,-0.31535,-0.05323,-0.02171,0.94723
1791098391.199,14.0962,2.0133,2.1466,-0.32468,-0.05047,-0.02670,0.94410
1791098391.259,14.0416,1.9832,2.1487,-0.33913,-0.04763,-0.03109,0.93902
1791098391.319,13.9880,1.9517,2.1512,-0.35829,-0.04546,-0.03414,0.93188
1791098391.379,13.9357,1.9190,2.1537,-0.38084,-0.04438,-0.03547,0.92289
1791098391.439,13.8848,1.8849,2.1555,-0.40498,-0.04429,-0.03546,0.91256
1791098391.500,13.8354,1.8496,2.1567,-0.42891,-0.04494,-0.03444,0.90157
1791098391.559,13.7873,1.8130,2.1575,-0.45038,-0.04787,-0.03032,0.89104
1791098391.619,13.7402,1.7754,2.1594,-0.46611,-0.05195,-0.02248,0.88292
1791098391.679,13.6934,1.7368,2.1636,-0.47403,-0.05524,-0.01488,0.87865
1791098391.739,13.6466,1.6978,2.1697,-0.47391,-0.05729,-0.00889,0.87866
1791098391.799,13.5994,1.6588,2.1763,-0.46671,-0.05847,-0.00493,0.88246
1791098391.859,13.5518,1.6200,2.1820,-0.45398,-0.05915,-0.00286,0.88904
1791098391.919,13.5039,1.5818,2.1858,-0.43755,-0.05957,-0.00230,0.89721
1791098391.979,13.4555,1.5441,2.1876,-0.41904,-0.06013,-0.00167,0.90597
1791098392.039,13.4067,1.5070,2.1876,-0.39851,-0.06152,0.00214,0.91510
1791098392.099,13.3571,1.4708,2.1865,-0.37567,-0.06293,0.00568,0.92460
1791098392.159,13.3066,1.4356,2.1847,-0.35098,-0.06406,0.00767,0.93416
1791098392.219,13.2550,1.4016,2.1825,-0.32555,-0.06475,0.00797,0.94327
1791098392.279,13.2023,1.3688,2.1802,-0.30070,-0.06507,0.00696,0.95147
1791098392.339,13.1485,1.3371,2.1779,-0.27775,-0.06507,0.00518,0.95843
1791098392.399,13.0937,1.3066,2.1759,-0.25774,-0.06480,0.00300,0.96403
1791098392.461,13.0417,1.2789,2.1743,-0.24188,-0.06455,0.00272,0.96815
1791098392.521,12.9851,1.2503,2.1728,-0.22679,-0.06450,0.00440,0.97180
1791098392.582,12.9278,1.2227,2.1713,-0.21266,-0.06450,0.00577,0.97498
1791098392.641,12.8696,1.1963,2.1696,-0.19904,-0.06443,0.00623,0.97785
1791098392.701,12.8108,1.1711,2.1677,-0.18599,-0.06424,0.00579,0.98043
1791098392.761,12.7512,1.1471,2.1659,-0.17383,-0.06396,0.00470,0.98269
1791098392.822,12.6910,1.1241,2.1642,-0.16290,-0.06358,0.00320,0.98459
1791098392.882,12.6302,1.1021,2.1626,-0.15353,-0.06314,0.00151,0.98612
1791098392.941,12.5689,1.0809,2.1613,-0.14591,-0.06270,-0.00020,0.98731
1791098393.001,12.5072,1.0604,2.1601,-0.14011,-0.06228,-0.00183,0.98817
1791098393.062,12.4452,1.0404,2.1591,-0.13606,-0.06190,-0.00331,0.98876
1791098393.121,12.3829,1.0209,2.1582,-0.13359,-0.06160,-0.00459,0.98911
1791098393.182,12.3203,1.0018,2.1573,-0.13245,-0.06135,-0.00566,0.98927
1791098393.241,12.2575,0.9829,2.1566,-0.13236,-0.06118,-0.00650,0.98929
1791098393.301,12.1946,0.9642,2.1559,-0.13303,-0.06107,-0.00714,0.98920
1791098393.361,12.1316,0.9456,2.1551,-0.13418,-0.06100,-0.00763,0.98905
1791098393.421,12.0684,0.9271,2.1544,-0.13557,-0.06096,-0.00798,0.98886
1791098393.482,12.0052,0.9087,2.1536,-0.13701,-0.06095,-0.00826,0.98866
1791098393.541,11.9419,0.8903,2.1528,-0.13836,-0.06097,-0.00847,0.98847
1791098393.601,11.8785,0.8719,2.1520,-0.13951,-0.06097,-0.00862,0.98830
1791098393.662,11.8150,0.8535,2.1514,-0.14064,-0.05105,-0.00750,0.98872
1791098393.721,11.7522,0.8353,2.1510,-0.14225,-0.02909,-0.00500,0.98939
1791098393.781,11.6914,0.8175,2.1508,-0.14495,-0.00725,-0.00252,0.98941
1791098393.841,11.6339,0.8007,2.1509,-0.14879,0.01021,0.00011,0.98882
1791098393.902,11.5807,0.7850,2.1520,-0.14970,0.02279,0.00315,0.98846
1791098393.961,11.5325,0.7708,2.1556,-0.14296,0.03138,0.00567,0.98922
1791098394.021,11.4896,0.7582,2.1617,-0.12701,0.03662,0.00759,0.99120
1791098394.081,11.4518,0.7473,2.1688,-0.10275,0.03925,0.00892,0.99389
1791098394.142,11.4191,0.7379,2.1749,-0.07239,0.03984,0.00989,0.99653
1791098394.201,11.3909,0.7300,2.1790,-0.03871,0.03876,0.01054,0.99844
1791098394.261,11.3669,0.7233,2.1818,-0.00597,0.02049,0.00736,0.99975
1791098394.321,11.3459,0.7176,2.1866,0.01882,-0.01074,0.00045,0.99977
1791098394.382,11.3254,0.7123,2.1963,0.03100,-0.03954,-0.00721,0.99871
1791098394.441,11.3030,0.7069,2.2104,0.02983,-0.06143,-0.01361,0.99757
1791098394.501,11.2776,0.7009,2.2259,0.01689,-0.07594,-0.01861,0.99680
1791098394.561,11.2488,0.6942,2.2393,-0.00518,-0.08431,-0.02226,0.99618
1791098394.622,11.2165,0.6865,2.2481,-0.03338,-0.08846,-0.02433,0.99522
1791098394.681,11.1811,0.6777,2.2515,-0.06475,-0.09010,-0.02481,0.99352
1791098394.741,11.1426,0.6676,2.2502,-0.09655,-0.09022,-0.02406,0.99094
1791098394.801,11.1010,0.6561,2.2457,-0.12645,-0.08924,-0.02248,0.98769
1791098394.861,11.0564,0.6431,2.2394,-0.15273,-0.08740,-0.02050,0.98418
1791098394.922,11.0091,0.6286,2.2325,-0.17429,-0.08486,-0.01850,0.98086
1791098394.981,10.9593,0.6129,2.2256,-0.19068,-0.08188,-0.01665,0.97809
1791098395.042,10.9072,0.5959,2.2189,-0.20194,-0.07872,-0.01513,0.97611
1791098395.101,10.8534,0.5778,2.2124,-0.20854,-0.07558,-0.01395,0.97499
1791098395.159,10.8055,0.5615,2.2070,-0.21100,-0.07302,-0.01322,0.97466
1791098395.219,10.7492,0.5419,2.2010,-0.21086,-0.07032,-0.01266,0.97490
1791098395.279,10.6918,0.5217,2.1949,-0.20834,-0.06793,-0.01227,0.97562
1791098395.339,10.6337,0.5010,2.1890,-0.20455,-0.06576,-0.01320,0.97656
1791098395.399,10.5751,0.4797,2.1835,-0.20171,-0.06291,-0.01717,0.97727
1791098396.386,10.5357,0.4652,2.1801,-0.20136,-0.06112,-0.01993,0.97740
1791098396.445,10.4766,0.4426,2.1757,-0.20390,-0.05881,-0.02315,0.97695
1791098396.506,10.4176,0.4191,2.1720,-0.21023,-0.04883,-0.02123,0.97620
1791098396.565,10.3593,0.3950,2.1688,-0.21980,-0.02677,-0.01432,0.97507
1791098396.626,10.3031,0.3710,2.1658,-0.23128,-0.00747,-0.00815,0.97282
1791098396.685,10.2500,0.3477,2.1632,-0.24347,-0.00987,-0.00942,0.96981
1791098396.746,10.1997,0.3252,2.1606,-0.25544,-0.02159,-0.01285,0.96650
1791098396.806,10.1513,0.3028,2.1580,-0.26640,-0.03415,-0.01586,0.96313
1791098396.866,10.1041,0.2802,2.1554,-0.27645,-0.04379,-0.01992,0.95982
1791098396.925,10.0573,0.2569,2.1530,-0.28684,-0.05028,-0.02438,0.95635
1791098396.986,10.0107,0.2324,2.1506,-0.29834,-0.05473,-0.02760,0.95249
1791098397.046,9.9641,0.2066,2.1481,-0.31093,-0.05776,-0.02932,0.94822
1791098397.106,9.9172,0.1793,2.1456,-0.32410,-0.05977,-0.02979,0.94366
1791098397.166,9.8701,0.1504,2.1430,-0.33712,-0.06104,-0.02935,0.93902
1791098397.226,9.8227,0.1201,2.1406,-0.34930,-0.06173,-0.02833,0.93455
1791098397.285,9.7749,0.0883,2.1383,-0.36007,-0.06197,-0.02696,0.93047
1791098397.346,9.7269,0.0553,2.1361,-0.36917,-0.06162,-0.02601,0.92695
1791098397.406,9.6786,0.0211,2.1340,-0.37701,-0.06018,-0.02598,0.92389
1791098397.466,9.6303,-0.0141,2.1323,-0.38456,-0.04667,-0.02041,0.92169
1791098397.526,9.5825,-0.0496,2.1308,-0.39235,-0.02512,-0.01109,0.91941
1791098397.586,9.5365,-0.0843,2.1295,-0.40057,-0.00497,-0.00230,0.91625
1791098397.646,9.4931,-0.1171,2.1284,-0.40970,0.01091,0.00444,0.91214
1791098397.706,9.4530,-0.1472,2.1275,-0.42039,0.02250,0.00908,0.90702
1791098397.766,9.4165,-0.1743,2.1267,-0.43293,0.03039,0.01196,0.90084
1791098397.826,9.3839,-0.1980,2.1260,-0.44739,0.03537,0.01342,0.89354
1791098397.886,9.3550,-0.2183,2.1251,-0.46360,0.03813,0.01382,0.88512
1791098397.946,9.3298,-0.2353,2.1242,-0.48123,0.03923,0.01344,0.87561
1791098398.005,9.3082,-0.2492,2.1232,-0.49989,0.03907,0.01254,0.86512
1791098398.066,9.2897,-0.2601,2.1221,0.51915,-0.03800,-0.01128,-0.85376
1791098398.126,9.2743,-0.2683,2.1209,0.53867,-0.03627,-0.00980,-0.84168
1791098398.186,9.2615,-0.2741,2.1198,0.55810,-0.03408,-0.00822,-0.82904
1791098398.246,9.2512,-0.2777,2.1186,0.57717,-0.03155,-0.00665,-0.81599
1791098398.306,9.2430,-0.2795,2.1175,0.59574,-0.02881,-0.00515,-0.80265
1791098398.366,9.2368,-0.2797,2.1164,0.61367,-0.02596,-0.00377,-0.78912
1791098398.425,9.2321,-0.2787,2.1155,0.63093,-0.02313,-0.00256,-0.77549
1791098398.486,9.2289,-0.2765,2.1147,0.64753,-0.02037,-0.00149,-0.76177
1791098398.546,9.2269,-0.2735,2.1140,0.66350,-0.01774,-0.00058,-0.74797
1791098398.606,9.2259,-0.2698,2.1135,0.67888,-0.01533,0.00019,-0.73409
1791098398.665,9.2257,-0.2657,2.1131,0.69362,-0.01311,0.00081,-0.72023
1791098398.723,9.2262,-0.2615,2.1130,0.70667,-0.01127,0.00130,-0.70745
1791098398.782,9.2273,-0.2569,2.1130,0.72012,-0.00954,0.00170,-0.69378
1791098398.842,9.2288,-0.2521,2.1133,0.73327,-0.00804,0.00200,-0.67989
1791098398.902,9.2308,-0.2474,2.1137,0.74631,-0.00678,0.00225,-0.66556
1791098398.962,9.2330,-0.2427,2.1142,0.75928,-0.00572,0.00241,-0.65074
1791098399.020,9.2351,-0.2387,2.1147,0.77048,-0.00496,0.00250,-0.63745
1791098399.080,9.2378,-0.2342,2.1153,0.78332,-0.00425,0.00258,-0.62160
1791098399.140,9.2406,-0.2299,2.1163,0.79559,-0.00370,0.00263,-0.60581
1791098399.200,9.2435,-0.2257,2.1197,0.80372,-0.00332,0.00268,-0.59499
1791098399.260,9.2466,-0.2218,2.1302,0.80378,-0.00308,0.00266,-0.59492
1791098399.320,9.2499,-0.2180,2.1485,0.79463,-0.00292,0.00259,-0.60708
1791098399.380,9.2532,-0.2143,2.1711,0.77689,-0.00286,0.00245,-0.62963
1791098399.440,9.2566,-0.2109,2.1926,0.75192,-0.00286,0.00229,-0.65925
1791098399.500,9.2600,-0.2076,2.2088,0.72149,-0.00283,0.00217,-0.69241
1791098399.560,9.2634,-0.2046,2.2192,0.68763,0.00989,0.00527,-0.72598
1791098399.620,9.2663,-0.2024,2.2250,0.65233,0.03482,0.01299,-0.75703
1791098399.680,9.2679,-0.2024,2.2278,0.61809,0.05703,0.02176,-0.78374
1791098399.740,9.2674,-0.2058,2.2288,0.58734,0.07280,0.02967,-0.80551
1791098399.800,9.2641,-0.2135,2.2290,0.56169,0.08229,0.03559,-0.82247
1791098399.860,9.2578,-0.2259,2.2285,0.54175,0.08680,0.03938,-0.83512
1791098399.920,9.2484,-0.2429,2.2274,0.52746,0.08765,0.04140,-0.84403
1791098399.980,9.2360,-0.2643,2.2254,0.51838,0.08603,0.04202,-0.84977
1791098400.040,9.2210,-0.2899,2.2227,0.51380,0.08295,0.04157,-0.85288
1791098400.100,9.2035,-0.3191,2.2192,0.51287,0.07913,0.04037,-0.85386
1791098400.160,9.1840,-0.3516,2.2149,0.51465,0.07505,0.03871,-0.85323
1791098400.220,9.1627,-0.3869,2.2101,0.51827,0.07102,0.03680,-0.85147
1791098400.280,9.1400,-0.4246,2.2049,0.52292,0.06721,0.03482,-0.84902
1791098400.340,9.1160,-0.4643,2.1996,0.52792,0.06370,0.03295,-0.84626
1791098400.400,9.0910,-0.5058,2.1943,0.53278,0.06051,0.03124,-0.84351
1791098400.460,9.0652,-0.5486,2.1893,0.53711,0.05765,0.02979,-0.84101
1791098400.520,9.0389,-0.5927,2.1847,0.54072,0.05514,0.02858,-0.83890
1791098400.580,9.0120,-0.6377,2.1804,0.54351,0.05300,0.02759,-0.83728
1791098400.640,8.9848,-0.6834,2.1764,0.54547,0.05120,0.02682,-0.83614
1791098400.699,8.9610,-0.7236,2.1733,0.54655,0.04991,0.02629,-0.83552
1791098400.759,8.9335,-0.7703,2.1702,0.54721,0.04869,0.02582,-0.83518
1791098400.819,8.9058,-0.8175,2.1674,0.54735,0.04768,0.02553,-0.83515
1791098400.880,8.8781,-0.8650,2.1650,0.54713,0.04689,0.02544,-0.83535
1791098400.939,8.8504,-0.9127,2.1629,0.54667,0.04632,0.02536,-0.83568
1791098400.999,8.8227,-0.9606,2.1612,0.54609,0.04596,0.02532,-0.83608
1791098401.059,8.7950,-1.0088,2.1597,0.54549,0.04573,0.02533,-0.83648
1791098401.120,8.7674,-1.0570,2.1586,0.54495,0.04561,0.02538,-0.83684
1791098401.180,8.7399,-1.1055,2.1576,0.54450,0.04559,0.02544,-0.83713
1791098401.239,8.7124,-1.1540,2.1569,0.54419,0.04559,0.02553,-0.83734
1791098401.296,8.6868,-1.1995,2.1564,0.54401,0.04565,0.02561,-0.83745
1791098401.355,8.6594,-1.2483,2.1560,0.54393,0.04573,0.02573,-0.83749
1791098401.415,8.6321,-1.2972,2.1557,0.54396,0.04581,0.02585,-0.83746
1791098401.475,8.6048,-1.3463,2.1556,0.54408,0.04594,0.02596,-0.83738
1791098401.535,8.5776,-1.3955,2.1556,0.54425,0.04608,0.02609,-0.83725
1791098401.595,8.5503,-1.4448,2.1556,0.54445,0.04627,0.02617,-0.83711
1791098401.655,8.5232,-1.4942,2.1557,0.54467,0.04648,0.02627,-0.83695
1791098401.716,8.4960,-1.5439,2.1558,0.54489,0.04671,0.02638,-0.83679
1791098401.775,8.4688,-1.5936,2.1559,0.54509,0.04697,0.02647,-0.83664
1791098401.835,8.4417,-1.6435,2.1561,0.54527,0.04722,0.02659,-0.83651
1791098401.901,8.4145,-1.6936,2.1563,0.54542,0.04744,0.02673,-0.83639
1791098401.959,8.3855,-1.7472,2.1567,0.54506,0.04894,0.02494,-0.83660
1791098402.020,8.3581,-1.7976,2.1576,0.54286,0.05113,0.02131,-0.83799
1791098402.079,8.3302,-1.8480,2.1589,0.53800,0.05296,0.01818,-0.84109
1791098402.139,8.3017,-1.8983,2.1604,0.53023,0.05468,0.01533,-0.84595
1791098402.199,8.2724,-1.9483,2.1621,0.51898,0.05670,0.01097,-0.85283
1791098402.259,8.2419,-1.9979,2.1641,0.50400,0.05823,0.00739,-0.86171
1791098402.319,8.2144,-2.0404,2.1658,-0.48839,-0.05847,-0.00539,0.87065
1791098402.378,8.1815,-2.0886,2.1676,-0.46779,-0.04490,0.00006,0.88270
1791098402.439,8.1480,-2.1351,2.1695,-0.44360,-0.02894,0.00759,0.89573
1791098402.499,8.1145,-2.1793,2.1716,-0.41607,-0.03094,0.01124,0.90873
1791098402.558,8.0808,-2.2208,2.1733,-0.38657,-0.03926,0.01111,0.92136
1791098402.619,8.0465,-2.2601,2.1744,-0.35674,-0.04773,0.00872,0.93294
1791098402.678,8.0112,-2.2975,2.1751,-0.32830,-0.05447,0.00511,0.94299
1791098402.739,7.9744,-2.3334,2.1756,-0.30256,-0.05913,0.00210,0.95129
1791098402.799,7.9361,-2.3682,2.1758,-0.27936,-0.06241,0.00168,0.95815
1791098402.859,7.8961,-2.4018,2.1757,-0.25810,-0.06450,0.00157,0.96396
1791098402.919,7.8543,-2.4344,2.1752,-0.23855,-0.06558,0.00095,0.96891
1791098402.978,7.8108,-2.4659,2.1744,-0.22086,-0.06585,-0.00009,0.97308
1791098403.038,7.7657,-2.4964,2.1736,-0.20535,-0.06552,-0.00161,0.97649
1791098403.097,7.7252,-2.5221,2.1730,-0.19387,-0.06484,-0.00319,0.97888
1791098403.156,7.6773,-2.5511,2.1724,-0.18263,-0.06397,-0.00328,0.98109
1791098403.216,7.6281,-2.5793,2.1721,-0.17205,-0.06304,-0.00084,0.98307
1791098403.276,7.5776,-2.6065,2.1720,-0.16088,-0.06214,0.00133,0.98501
1791098403.336,7.5262,-2.6325,2.1718,-0.14869,-0.06125,0.00251,0.98698
1791098403.396,7.4738,-2.6574,2.1715,-0.13569,-0.06037,0.00267,0.98891
1791098403.456,7.4205,-2.6812,2.1712,-0.12248,-0.05958,0.00207,0.99068
1791098403.516,7.3666,-2.7037,2.1709,-0.10973,-0.05881,0.00109,0.99222
1791098403.576,7.3120,-2.7253,2.1707,-0.09724,-0.05807,0.00270,0.99356
1791098403.636,7.2568,-2.7456,2.1707,-0.08388,-0.05732,0.00556,0.99481
1791098403.696,7.2011,-2.7647,2.1708,-0.06911,-0.05677,0.00755,0.99596
1791098403.756,7.1450,-2.7823,2.1708,-0.05316,-0.05639,0.00837,0.99696
1791098403.817,7.0886,-2.7984,2.1709,-0.03673,-0.05616,0.00815,0.99771
1791098403.876,7.0318,-2.8131,2.1710,-0.02071,-0.05603,0.00715,0.99819
1791098403.936,6.9747,-2.8264,2.1711,-0.00574,-0.05575,0.00672,0.99841
1791098403.996,6.9174,-2.8385,2.1711,0.00880,-0.05516,0.00863,0.99840
1791098404.056,6.8599,-2.8491,2.1712,0.02367,-0.05460,0.01082,0.99817
1791098404.116,6.8023,-2.8583,2.1711,0.03903,-0.05421,0.01201,0.99769
1791098404.176,6.7447,-2.8660,2.1709,0.05446,-0.05407,0.01197,0.99698
1791098404.236,6.6870,-2.8721,2.1707,0.06936,-0.05405,0.01120,0.99606
1791098404.296,6.6294,-2.8768,2.1704,0.08306,-0.05410,0.00988,0.99503
1791098404.357,6.5717,-2.8802,2.1702,0.09504,-0.05421,0.00837,0.99396
1791098404.417,6.5140,-2.8825,2.1700,0.10497,-0.05424,0.00699,0.99297
1791098404.476,6.4562,-2.8838,2.1699,0.11378,-0.05355,0.00903,0.99202
1791098404.536,6.3985,-2.8839,2.1699,0.12338,-0.05245,0.01253,0.99089
1791098404.596,6.3410,-2.8828,2.1701,0.13485,-0.05159,0.01518,0.98941
1791098404.656,6.2837,-2.8802,2.1700,0.14826,-0.05109,0.01653,0.98749
1791098404.716,6.2267,-2.8761,2.1698,0.16300,-0.05092,0.01675,0.98517
1791098404.774,6.1776,-2.8714,2.1694,0.17615,-0.05099,0.01621,0.98291
1791098404.834,6.1213,-2.8647,2.1688,0.19091,-0.05122,0.01505,0.98016
1791098404.894,6.0690,-2.8573,2.1682,0.20358,-0.05150,0.01361,0.97761
1791098404.954,6.0133,-2.8483,2.1674,0.21541,-0.05183,0.01201,0.97507
1791098405.014,5.9577,-2.8383,2.1666,0.22504,-0.05209,0.01048,0.97290
1791098405.074,5.9023,-2.8274,2.1659,0.23235,-0.05232,0.00923,0.97118
1791098405.134,5.8471,-2.8158,2.1651,0.23738,-0.05254,0.00813,0.96996
1791098405.194,5.7920,-2.8035,2.1643,0.24037,-0.05277,0.00712,0.96922
1791098405.254,5.7370,-2.7906,2.1635,0.24162,-0.05294,0.00635,0.96890
1791098405.314,5.6820,-2.7772,2.1627,0.24153,-0.05312,0.00577,0.96892
1791098405.374,5.6270,-2.7634,2.1618,0.24047,-0.05328,0.00530,0.96918
1791098405.434,5.5720,-2.7493,2.1610,0.23882,-0.05345,0.00500,0.96958
1791098405.496,5.5207,-2.7358,2.1602,0.23703,-0.05359,0.00480,0.97001
1791098405.556,5.4657,-2.7210,2.1594,0.23543,-0.05346,0.00620,0.97040
1791098405.616,5.4107,-2.7059,2.1591,0.23572,-0.05238,0.00971,0.97036
1791098405.677,5.3557,-2.6902,2.1592,0.23902,-0.05135,0.01291,0.96957
1791098405.736,5.3010,-2.6738,2.1597,0.24555,-0.05061,0.01517,0.96794
1791098405.796,5.2466,-2.6565,2.1601,0.25478,-0.05026,0.01633,0.96555
1791098405.856,5.1925,-2.6384,2.1606,0.26579,-0.05026,0.01663,0.96258
1791098405.923,5.1389,-2.6194,2.1608,0.27757,-0.05048,0.01637,0.95924
1791098405.983,5.0856,-2.5996,2.1609,0.28914,-0.05088,0.01568,0.95580
1791098406.043,5.0327,-2.5790,2.1608,0.29975,-0.05132,0.01487,0.95252
1791098406.103,4.9800,-2.5577,2.1608,0.30884,-0.05179,0.01398,0.94960
1791098406.163,4.9276,-2.5356,2.1607,0.31611,-0.05227,0.01302,0.94719
1791098406.223,4.8753,-2.5130,2.1608,0.32147,-0.05270,0.01212,0.94537
1791098406.283,4.8232,-2.4899,2.1608,0.32500,-0.05308,0.01136,0.94415
1791098406.343,4.7711,-2.4662,2.1610,0.32692,-0.05337,0.01078,0.94348
1791098406.403,4.7191,-2.4422,2.1612,0.32750,-0.05363,0.01034,0.94327
1791098406.463,4.6671,-2.4178,2.1615,0.32708,-0.05383,0.01004,0.94341
1791098406.523,4.6152,-2.3930,2.1618,0.32596,-0.05397,0.00991,0.94379
1791098406.583,4.5632,-2.3680,2.1621,0.32445,-0.05410,0.00981,0.94430
1791098406.643,4.5112,-2.3427,2.1624,0.32280,-0.05419,0.00982,0.94486
1791098406.703,4.4591,-2.3171,2.1626,0.32120,-0.05428,0.00987,0.94540
1791098406.763,4.4071,-2.2914,2.1628,0.31980,-0.05435,0.00993,0.94587
1791098406.823,4.3550,-2.2654,2.1631,0.31867,-0.05446,0.01002,0.94625
1791098406.881,4.3098,-2.2426,2.1632,0.31794,-0.05455,0.01007,0.94649
1791098406.941,4.2576,-2.2163,2.1634,0.31740,-0.05467,0.01017,0.94666
1791098407.001,4.2053,-2.1897,2.1635,0.31715,-0.05479,0.01028,0.94673
1791098407.061,4.1530,-2.1629,2.1636,0.31716,-0.05486,0.01051,0.94673
1791098407.121,4.1007,-2.1360,2.1637,0.31734,-0.05495,0.01065,0.94666
1791098407.180,4.0483,-2.1088,2.1637,0.31765,-0.05510,0.01070,0.94654
1791098407.240,3.9959,-2.0814,2.1637,0.31804,-0.05527,0.01074,0.94641
1791098407.301,3.9433,-2.0539,2.1637,0.31844,-0.05545,0.01073,0.94626
1791098407.361,3.8908,-2.0262,2.1636,0.31884,-0.05563,0.01075,0.94611
1791098407.421,3.8381,-1.9983,2.1635,0.31921,-0.05578,0.01077,0.94598
1791098407.480,3.7854,-1.9703,2.1634,0.31952,-0.05593,0.01078,0.94586
1791098407.541,3.7326,-1.9420,2.1632,0.31979,-0.05605,0.01085,0.94577
1791098407.602,3.6797,-1.9137,2.1631,0.31999,-0.05616,0.01095,0.94569
1791098407.660,3.6268,-1.8851,2.1629,0.32014,-0.05626,0.01106,0.94563
1791098407.721,3.5737,-1.8564,2.1628,0.32025,-0.05635,0.01123,0.94559
1791098407.781,3.5206,-1.8276,2.1626,0.32033,-0.05640,0.01136,0.94556
1791098407.841,3.4674,-1.7985,2.1625,0.32038,-0.05646,0.01149,0.94554
1791098407.901,3.4142,-1.7693,2.1623,0.32041,-0.05651,0.01160,0.94552
1791098407.961,3.3608,-1.7400,2.1621,0.32044,-0.05655,0.01171,0.94551
1791098408.021,3.3074,-1.7104,2.1620,0.32048,-0.05660,0.01183,0.94549
1791098408.081,3.2540,-1.6808,2.1618,0.32052,-0.05663,0.01193,0.94547
1791098408.141,3.2005,-1.6509,2.1615,0.32057,-0.05662,0.01209,0.94546
1791098408.201,3.1469,-1.6210,2.1613,0.32063,-0.05661,0.01225,0.94543
1791098408.261,3.0933,-1.5908,2.1610,0.32069,-0.05665,0.01230,0.94541
1791098408.321,3.0397,-1.5605,2.1606,0.32075,-0.05670,0.01235,0.94538
1791098408.381,2.9861,-1.5301,2.1602,0.32083,-0.05677,0.01237,0.94535
1791098408.441,2.9324,-1.4995,2.1598,0.32091,-0.05685,0.01242,0.94532
1791098408.501,2.8786,-1.4688,2.1593,0.32099,-0.05693,0.01246,0.94529
1791098408.561,2.8249,-1.4380,2.1588,0.32108,-0.05701,0.01252,0.94525
1791098408.621,2.7711,-1.4070,2.1583,0.32117,-0.05707,0.01257,0.94522
1791098408.681,2.7172,-1.3759,2.1577,0.32126,-0.05712,0.01261,0.94518
1791098408.741,2.6633,-1.3447,2.1572,0.32135,-0.05717,0.01266,0.94515
1791098408.801,2.6094,-1.3133,2.1567,0.32145,-0.05723,0.01271,0.94511
1791098408.861,2.5554,-1.2819,2.1562,0.32154,-0.05730,0.01274,0.94508
1791098408.921,2.5014,-1.2503,2.1558,0.32163,-0.05735,0.01279,0.94504
1791098408.981,2.4473,-1.2186,2.1553,0.32172,-0.05742,0.01283,0.94501
1791098409.041,2.3932,-1.1868,2.1550,0.32181,-0.05747,0.01289,0.94497
1791098409.101,2.3390,-1.1549,2.1546,0.32189,-0.05750,0.01294,0.94494
1791098409.161,2.2848,-1.1229,2.1543,0.32198,-0.05753,0.01300,0.94491
1791098409.220,2.2305,-1.0907,2.1541,0.32206,-0.05755,0.01311,0.94488
1791098409.288,2.1762,-1.0585,2.1539,0.32215,-0.05756,0.01328,0.94484
1791098409.348,2.1219,-1.0261,2.1538,0.32224,-0.05758,0.01337,0.94481
1791098409.408,2.0675,-0.9937,2.1538,0.32232,-0.05764,0.01343,0.94478
1791098409.467,2.0131,-0.9611,2.1538,0.32240,-0.05769,0.01347,0.94475
1791098409.528,1.9586,-0.9284,2.1539,0.32248,-0.05772,0.01355,0.94472
1791098409.587,1.9042,-0.8956,2.1540,0.32257,-0.05773,0.01361,0.94469
1791098409.647,1.8497,-0.8627,2.1542,0.32265,-0.05772,0.01373,0.94466
1791098409.707,1.7951,-0.8297,2.1545,0.32274,-0.05770,0.01383,0.94463
1791098409.767,1.7406,-0.7966,2.1548,0.32282,-0.05768,0.01391,0.94460
1791098409.828,1.6860,-0.7634,2.1552,0.32290,-0.05764,0.01400,0.94457
1791098409.887,1.6315,-0.7300,2.1556,0.32297,-0.05764,0.01404,0.94455
1791098409.947,1.5769,-0.6966,2.1561,0.32304,-0.05763,0.01407,0.94452
1791098410.008,1.5223,-0.6631,2.1566,0.32311,-0.05767,0.01411,0.94450
1791098410.067,1.4677,-0.6295,2.1571,0.32317,-0.05774,0.01413,0.94447
1791098410.128,1.4132,-0.5958,2.1576,0.32324,-0.05783,0.01415,0.94444
1791098410.187,1.3586,-0.5620,2.1581,0.32330,-0.05794,0.01419,0.94441
1791098410.247,1.3039,-0.5281,2.1585,0.32337,-0.05805,0.01424,0.94438
1791098410.307,1.2493,-0.4941,2.1590,0.32344,-0.05815,0.01428,0.94435
1791098410.367,1.1947,-0.4601,2.1594,0.32353,-0.05788,0.01427,0.94434
1791098410.424,1.1509,-0.4328,2.1596,0.32361,-0.05703,0.01403,0.94437
1791098410.484,1.0963,-0.3987,2.1599,0.32371,-0.05516,0.01337,0.94445
1791098410.544,1.0419,-0.3646,2.1600,0.32384,-0.05252,0.01244,0.94457
1791098410.604,0.9878,-0.3307,2.1601,0.32397,-0.04937,0.01133,0.94471
1791098410.664,0.9341,-0.2971,2.1602,0.32411,-0.04591,0.01014,0.94485
1791098410.724,0.8810,-0.2639,2.1602,0.32423,-0.04240,0.00844,0.94499
1791098410.784,0.8288,-0.2314,2.1602,0.32422,-0.03945,0.00303,0.94515
1791098410.844,0.7773,-0.1998,2.1602,0.32417,-0.03666,-0.00311,0.94528
1791098410.904,0.7266,-0.1696,2.1602,0.32414,-0.03381,-0.00820,0.94537
1791098410.960,0.6800,-0.1429,2.1601,0.32414,-0.03111,-0.01164,0.94542
1791098411.020,0.6310,-0.1161,2.1600,0.32417,-0.02820,-0.01402,0.94547
1791098411.080,0.5829,-0.0913,2.1598,0.32423,-0.02536,-0.01531,0.94552
1791098411.140,0.5359,-0.0685,2.1596,0.32429,-0.02260,-0.01577,0.94556
1791098411.200,0.4900,-0.0476,2.1594,0.32436,-0.02001,-0.01561,0.94559
1791098411.260,0.4454,-0.0286,2.1592,0.32442,-0.01759,-0.01503,0.94563
1791098411.320,0.4021,-0.0114,2.1590,0.32447,-0.01536,-0.01415,0.94567
1791098411.380,0.3602,0.0041,2.1588,0.32451,-0.01332,-0.01307,0.94570
1791098411.440,0.3199,0.0182,2.1567,0.32453,-0.01145,-0.01187,0.94573
1791098411.500,0.2812,0.0309,2.1496,0.32453,-0.00981,-0.01071,0.94576
1791098411.560,0.2442,0.0424,2.1387,0.32452,-0.00839,-0.00962,0.94579
1791098411.621,0.2088,0.0528,2.1256,0.32450,-0.00714,-0.00858,0.94582
1791098411.680,0.1750,0.0622,2.1112,0.32447,-0.00606,-0.00758,0.94585
1791098411.740,0.1429,0.0707,2.0960,0.32443,-0.00511,-0.00663,0.94587
1791098411.799,0.1122,0.0783,2.0805,0.32439,-0.00429,-0.00575,0.94590
1791098411.860,0.0832,0.0851,2.0647,0.32435,-0.00363,-0.00493,0.94592
1791098411.920,0.0556,0.0913,2.0489,0.32431,-0.00309,-0.00419,0.94594
1791098411.980,0.0295,0.0969,2.0330,0.32426,-0.00265,-0.00352,0.94596
1791098412.040,0.0047,0.1020,2.0171,0.32422,-0.00232,-0.00295,0.94597
1791098412.100,-0.0187,0.1067,2.0011,0.32418,-0.00206,-0.00244,0.94599
1791098412.160,-0.0407,0.1109,1.9852,0.32414,-0.00183,-0.00202,0.94601
1791098412.220,-0.0616,0.1148,1.9692,0.32410,-0.00164,-0.00170,0.94602
1791098412.280,-0.0813,0.1183,1.9532,0.32406,-0.00148,-0.00142,0.94604
1791098412.340,-0.0999,0.1216,1.9372,0.32402,-0.00135,-0.00118,0.94605
1791098412.400,-0.1174,0.1247,1.9213,0.32398,-0.00121,-0.00094,0.94606
1791098412.460,-0.1339,0.1275,1.9052,0.32394,-0.00105,-0.00071,0.94608
1791098412.520,-0.1494,0.1301,1.8892,0.32390,-0.00090,-0.00049,0.94609
1791098412.580,-0.1641,0.1325,1.8732,0.32385,-0.00072,-0.00026,0.94611
1791098412.640,-0.1778,0.1348,1.8572,0.32379,-0.00052,-0.00008,0.94613
1791098412.700,-0.1908,0.1369,1.8411,0.32374,-0.00030,0.00007,0.94615
1791098412.760,-0.2013,0.1387,1.8272,0.32370,-0.00011,0.00018,0.94616
1791098412.820,-0.2128,0.1406,1.8111,0.32365,0.00010,0.00030,0.94618
1791098412.879,-0.2235,0.1424,1.7950,0.32360,0.00034,0.00038,0.94619
1791098412.939,-0.2336,0.1441,1.7790,0.32355,0.00056,0.00046,0.94621
1791098412.997,-0.2417,0.1455,1.7652,0.32351,0.00075,0.00047,0.94622
1791098413.057,-0.2505,0.1471,1.7492,0.32346,0.00094,0.00046,0.94624
1791098413.117,-0.2587,0.1485,1.7332,0.32342,0.00114,0.00038,0.94626
1791098413.177,-0.2663,0.1499,1.7172,0.32338,0.00133,0.00028,0.94627
1791098413.237,-0.2733,0.1512,1.7032,0.32333,0.00152,0.00013,0.94628
1791098413.297,-0.2797,0.1523,1.6949,0.32329,0.00170,-0.00001,0.94630
1791098413.357,-0.2856,0.1534,1.6904,0.32325,0.00184,-0.00020,0.94631
1791098413.417,-0.2910,0.1543,1.6881,0.32321,0.00197,-0.00037,0.94632
1791098413.477,-0.2960,0.1551,1.6867,0.32317,0.00211,-0.00051,0.94634
1791098413.537,-0.3005,0.1557,1.6858,0.32313,0.00227,-0.00061,0.94635
1791098413.597,-0.3046,0.1563,1.6851,0.32309,0.00244,-0.00064,0.94637
1791098413.657,-0.3083,0.1567,1.6844,0.32304,0.00264,-0.00062,0.94638
1791098413.717,-0.3116,0.1570,1.6837,0.32299,0.00284,-0.00057,0.94640
1791098413.777,-0.3145,0.1571,1.6831,0.32294,0.00305,-0.00049,0.94641
1791098413.837,-0.3171,0.1572,1.6824,0.32289,0.00327,-0.00041,0.94643
1791098413.897,-0.3193,0.1571,1.6817,0.32284,0.00347,-0.00032,0.94645
1791098413.957,-0.3211,0.1570,1.6810,0.32279,0.00367,-0.00024,0.94646
1791098414.017,-0.3226,0.1567,1.6802,0.32274,0.00384,-0.00018,0.94648
1791098414.077,-0.3238,0.1564,1.6795,0.32269,0.00400,-0.00012,0.94650
1791098414.137,-0.3246,0.1560,1.6788,0.32264,0.00413,-0.00004,0.94651
1791098414.197,-0.3251,0.1556,1.6781,0.32259,0.00422,0.00007,0.94653
1791098414.257,-0.3253,0.1551,1.6774,0.32254,0.00427,0.00019,0.94655
1791098414.317,-0.3252,0.1545,1.6767,0.32249,0.00430,0.00034,0.94656
1791098414.377,-0.3248,0.1539,1.6761,0.32244,0.00432,0.00050,0.94658
1791098414.437,-0.3242,0.1533,1.6754,0.32239,0.00435,0.00066,0.94660
1791098414.497,-0.3233,0.1526,1.6747,0.32235,0.00439,0.00082,0.94661
1791098414.557,-0.3221,0.1520,1.6741,0.32230,0.00445,0.00094,0.94663
1791098414.617,-0.3208,0.1513,1.6734,0.32225,0.00450,0.00103,0.94664
1791098414.677,-0.3191,0.1507,1.6728,0.32220,0.00458,0.00110,0.94666
1791098414.737,-0.3173,0.1501,1.6721,0.32215,0.00466,0.00115,0.94668
1791098414.797,-0.3153,0.1495,1.6715,0.32210,0.00469,0.00117,0.94669
1791098414.857,-0.3130,0.1489,1.6708,0.32204,0.00473,0.00117,0.94671
1791098414.917,-0.3106,0.1483,1.6702,0.32199,0.00473,0.00113,0.94673
1791098414.977,-0.3080,0.1477,1.6696,0.32194,0.00472,0.00108,0.94675
1791098415.037,-0.3052,0.1471,1.6689,0.32190,0.00471,0.00098,0.94676
1791098415.097,-0.3023,0.1465,1.6683,0.32185,0.00469,0.00085,0.94678
1791098415.157,-0.2992,0.1459,1.6677,0.32181,0.00467,0.00069,0.94679
1791098415.217,-0.2961,0.1453,1.6670,0.32176,0.00467,0.00049,0.94681
1791098415.277,-0.2928,0.1446,1.6664,0.32172,0.00466,0.00027,0.94682
1791098415.337,-0.2894,0.1439,1.6658,0.32167,0.00460,0.00002,0.94684
1791098415.397,-0.2859,0.1432,1.6652,0.32162,0.00453,-0.00022,0.94686
1791098415.453,-0.2826,0.1424,1.6647,0.32157,0.00444,-0.00047,0.94687
1791098415.513,-0.2790,0.1415,1.6641,0.32152,0.00431,-0.00075,0.94689
1791098415.573,-0.2753,0.1406,1.6636,0.32147,0.00416,-0.00102,0.94691
1791098415.633,-0.2717,0.1395,1.6619,0.32142,0.00399,-0.00126,0.94693
1791098415.693,-0.2681,0.1383,1.6555,0.32136,0.00386,-0.00151,0.94695
1791098415.753,-0.2645,0.1371,1.6450,0.32130,0.00376,-0.00173,0.94697
1791098415.813,-0.2609,0.1358,1.6320,0.32124,0.00371,-0.00191,0.94699
1791098415.873,-0.2574,0.1343,1.6176,0.32118,0.00366,-0.00207,0.94701
1791098415.933,-0.2540,0.1328,1.6025,0.32112,0.00363,-0.00219,0.94703
1791098415.993,-0.2505,0.1311,1.5869,0.32106,0.00361,-0.00229,0.94705
1791098416.053,-0.2471,0.1293,1.5711,0.32100,0.00359,-0.00233,0.94707
1791098416.113,-0.2438,0.1274,1.5553,0.32094,0.00353,-0.00233,0.94709
1791098416.173,-0.2405,0.1254,1.5393,0.32089,0.00345,-0.00227,0.94711
1791098416.233,-0.2372,0.1233,1.5233,0.32084,0.00338,-0.00218,0.94713
1791098416.295,-0.2342,0.1213,1.5084,0.32079,0.00334,-0.00210,0.94714
1791098416.355,-0.2310,0.1191,1.4923,0.32074,0.00329,-0.00197,0.94716
1791098416.415,-0.2278,0.1168,1.4761,0.32070,0.00327,-0.00184,0.94718
1791098416.475,-0.2247,0.1145,1.4599,0.32065,0.00326,-0.00169,0.94719
1791098416.531,-0.2218,0.1123,1.4448,0.32061,0.00325,-0.00153,0.94721
1791098416.591,-0.2187,0.1099,1.4285,0.32056,0.00323,-0.00138,0.94722
1791098416.651,-0.2157,0.1076,1.4123,0.32052,0.00321,-0.00125,0.94724
1791098416.711,-0.2126,0.1052,1.3960,0.32047,0.00316,-0.00113,0.94725
1791098416.771,-0.2096,0.1028,1.3797,0.32041,0.00313,-0.00101,0.94727
1791098416.832,-0.2066,0.1005,1.3635,0.32036,0.00309,-0.00090,0.94729
1791098416.891,-0.2036,0.0982,1.3472,0.32031,0.00305,-0.00077,0.94731
1791098416.951,-0.2006,0.0959,1.3309,0.32026,0.00300,-0.00063,0.94732
1791098417.012,-0.1976,0.0937,1.3146,0.32022,0.00300,-0.00051,0.94734
1791098417.071,-0.1947,0.0915,1.2983,0.32017,0.00304,-0.00043,0.94735
1791098417.131,-0.1917,0.0893,1.2821,0.32013,0.00309,-0.00040,0.94737
1791098417.191,-0.1888,0.0872,1.2657,0.32008,0.00319,-0.00039,0.94739
1791098417.251,-0.1858,0.0851,1.2494,0.32003,0.00330,-0.00043,0.94740
1791098417.311,-0.1828,0.0831,1.2332,0.31998,0.00339,-0.00051,0.94742
1791098417.371,-0.1798,0.0811,1.2168,0.31993,0.00347,-0.00061,0.94744
1791098417.431,-0.1768,0.0791,1.2005,0.31987,0.00353,-0.00071,0.94745
1791098417.491,-0.1738,0.0771,1.1842,0.31982,0.00354,-0.00083,0.94747
1791098417.551,-0.1708,0.0751,1.1679,0.31976,0.00354,-0.00092,0.94749
1791098417.612,-0.1677,0.0731,1.1515,0.31971,0.00354,-0.00100,0.94751
1791098417.671,-0.1647,0.0711,1.1351,0.31965,0.00351,-0.00108,0.94753
1791098417.732,-0.1616,0.0691,1.1188,0.31960,0.00344,-0.00114,0.94755
1791098417.791,-0.1585,0.0670,1.1024,0.31954,0.00338,-0.00119,0.94756
1791098417.851,-0.1555,0.0649,1.0860,0.31949,0.00333,-0.00123,0.94758
1791098417.911,-0.1524,0.0629,1.0696,0.31944,0.00325,-0.00121,0.94760
1791098417.971,-0.1494,0.0608,1.0533,0.31939,0.00319,-0.00119,0.94762
1791098418.031,-0.1464,0.0587,1.0369,0.31934,0.00313,-0.00113,0.94763
1791098418.091,-0.1434,0.0566,1.0206,0.31929,0.00307,-0.00108,0.94765
1791098418.152,-0.1404,0.0544,1.0042,0.31924,0.00299,-0.00101,0.94767
1791098418.211,-0.1374,0.0523,0.9878,0.31920,0.00289,-0.00093,0.94768
1791098418.271,-0.1345,0.0503,0.9714,0.31915,0.00276,-0.00089,0.94770
1791098418.331,-0.1316,0.0482,0.9551,0.31910,0.00261,-0.00088,0.94772
1791098418.391,-0.1287,0.0461,0.9386,0.31905,0.00241,-0.00088,0.94773
1791098418.457,-0.1259,0.0441,0.9222,0.31899,0.00222,-0.00088,0.94775
1791098418.516,-0.1231,0.0421,0.9058,0.31894,0.00205,-0.00090,0.94777
1791098418.576,-0.1204,0.0401,0.8895,0.31888,0.00187,-0.00093,0.94779
1791098418.636,-0.1178,0.0381,0.8733,0.31882,0.00172,-0.00096,0.94781
1791098418.696,-0.1152,0.0362,0.8571,0.31876,0.00156,-0.00102,0.94783
1791098418.757,-0.1128,0.0343,0.8409,0.31870,0.00139,-0.00106,0.94786
1791098418.817,-0.1104,0.0324,0.8247,0.31863,0.00122,-0.00104,0.94788
1791098418.877,-0.1081,0.0306,0.8085,0.31857,0.00112,-0.00102,0.94790
1791098418.937,-0.1059,0.0288,0.7924,0.31850,0.00104,-0.00096,0.94792
1791098418.997,-0.1038,0.0270,0.7766,0.31845,0.00097,-0.00085,0.94794
1791098419.057,-0.1018,0.0252,0.7613,0.31839,0.00092,-0.00068,0.94796
1791098419.117,-0.0999,0.0235,0.7467,0.31834,0.00086,-0.00050,0.94798
1791098419.176,-0.0980,0.0219,0.7328,0.31829,0.00078,-0.00029,0.94799
1791098419.237,-0.0962,0.0203,0.7197,0.31824,0.00071,-0.00008,0.94801
1791098419.297,-0.0945,0.0188,0.7073,0.31819,0.00060,0.00012,0.94803
1791098419.357,-0.0929,0.0174,0.6956,0.31814,0.00049,0.00030,0.94804
1791098419.416,-0.0913,0.0160,0.6847,0.31809,0.00038,0.00046,0.94806
1791098419.477,-0.0898,0.0148,0.6743,0.31804,0.00033,0.00061,0.94808
1791098419.537,-0.0883,0.0137,0.6646,0.31799,0.00029,0.00073,0.94809
1791098419.597,-0.0870,0.0127,0.6555,0.31793,0.00029,0.00083,0.94811
1791098419.657,-0.0856,0.0119,0.6469,0.31788,0.00033,0.00092,0.94813
1791098419.717,-0.0843,0.0111,0.6388,0.31782,0.00039,0.00101,0.94815
1791098419.777,-0.0830,0.0104,0.6312,0.31777,0.00046,0.00109,0.94817
1791098419.837,-0.0818,0.0098,0.6241,0.31772,0.00053,0.00114,0.94819
1791098419.897,-0.0806,0.0094,0.6174,0.31767,0.00060,0.00119,0.94820
1791098419.957,-0.0794,0.0090,0.6112,0.31762,0.00058,0.00118,0.94822
1791098420.017,-0.0782,0.0087,0.6050,0.31757,-0.00020,0.00086,0.94824
1791098420.077,-0.0771,0.0085,0.5980,0.31752,-0.00115,0.00040,0.94825
1791098420.137,-0.0761,0.0084,0.5892,0.31747,-0.00189,-0.00002,0.94827
1791098420.197,-0.0752,0.0082,0.5779,0.31741,-0.00236,-0.00033,0.94829
1791098420.257,-0.0746,0.0082,0.5632,0.31734,-0.00260,-0.00056,0.94831
1791098420.317,-0.0742,0.0081,0.5448,0.31727,-0.00269,-0.00073,0.94833
1791098420.377,-0.0739,0.0081,0.5221,0.31719,-0.00266,-0.00088,0.94836
1791098420.437,-0.0739,0.0080,0.4947,0.31709,-0.00258,-0.00101,0.94839
1791098420.496,-0.0740,0.0080,0.4626,0.31698,-0.00244,-0.00113,0.94843
1791098420.556,-0.0742,0.0080,0.4271,0.31686,-0.00229,-0.00124,0.94847
1791098420.616,-0.0746,0.0079,0.3895,0.31673,-0.00212,-0.00137,0.94851
1791098420.677,-0.0751,0.0078,0.3505,0.31659,-0.00196,-0.00152,0.94856
1791098420.737,-0.0757,0.0076,0.3111,0.31644,-0.00182,-0.00163,0.94861
1791098420.797,-0.0764,0.0074,0.2720,0.31629,-0.00171,-0.00176,0.94866
1791098420.857,-0.0772,0.0071,0.2335,0.31613,-0.00165,-0.00188,0.94871
1791098420.917,-0.0774,0.0071,0.2261,0.31610,-0.00163,-0.00190,0.94872
1791098420.977,-0.0774,0.0071,0.2261,0.31610,-0.00163,-0.00190,0.94872
1791098421.037,-0.0774,0.0071,0.2262,0.31610,-0.00163,-0.00190,0.94872
1791098421.096,-0.0774,0.0071,0.2262,0.31610,-0.00163,-0.00190,0.94872
1791098421.157,-0.0774,0.0071,0.2263,0.31610,-0.00163,-0.00189,0.94872
1791098421.217,-0.0774,0.0071,0.2263,0.31610,-0.00163,-0.00188,0.94872
1791098421.277,-0.0774,0.0071,0.2264,0.31610,-0.00162,-0.00185,0.94872
1791098421.337,-0.0774,0.0071,0.2264,0.31610,-0.00160,-0.00180,0.94872
1791098421.397,-0.0773,0.0071,0.2265,0.31610,-0.00159,-0.00175,0.94872
1791098421.457,-0.0773,0.0071,0.2265,0.31610,-0.00157,-0.00169,0.94872
1791098421.517,-0.0773,0.0072,0.2266,0.31610,-0.00154,-0.00162,0.94872
1791098421.577,-0.0773,0.0072,0.2266,0.31610,-0.00152,-0.00155,0.94872
1791098421.637,-0.0773,0.0072,0.2267,0.31610,-0.00149,-0.00147,0.94872
1791098421.697,-0.0772,0.0073,0.2267,0.31610,-0.00146,-0.00138,0.94872
1791098421.757,-0.0772,0.0073,0.2267,0.31610,-0.00143,-0.00129,0.94872
1791098421.817,-0.0772,0.0073,0.2268,0.31610,-0.00140,-0.00120,0.94873
1791098421.877,-0.0771,0.0074,0.2268,0.31610,-0.00126,-0.00106,0.94873
1791098421.936,-0.0770,0.0074,0.2268,0.31610,-0.00108,-0.00091,0.94873
1791098421.997,-0.0769,0.0074,0.2269,0.31610,-0.00093,-0.00078,0.94873
1791098422.056,-0.0768,0.0075,0.2269,0.31610,-0.00080,-0.00067,0.94873
1791098422.117,-0.0768,0.0075,0.2269,0.31610,-0.00069,-0.00058,0.94873
1791098422.178,-0.0767,0.0075,0.2269,0.31610,-0.00059,-0.00050,0.94873
1791098422.237,-0.0767,0.0075,0.2269,0.31610,-0.00051,-0.00043,0.94873
1791098422.297,-0.0766,0.0075,0.2269,0.31610,-0.00044,-0.00037,0.94873
1791098422.357,-0.0766,0.0076,0.2269,0.31610,-0.00038,-0.00032,0.94873
1791098422.417,-0.0766,0.0076,0.2269,0.31610,-0.00032,-0.00027,0.94873
1791098422.478,-0.0766,0.0076,0.2270,0.31610,-0.00028,-0.00023,0.94873
1791098422.537,-0.0765,0.0076,0.2270,0.31610,-0.00024,-0.00020,0.94873
1791098422.597,-0.0765,0.0076,0.2270,0.31610,-0.00021,-0.00017,0.94873
1791098422.657,-0.0765,0.0076,0.2270,0.31610,-0.00018,-0.00015,0.94873
1791098422.717,-0.0765,0.0076,0.2270,0.31610,-0.00015,-0.00013,0.94873
1791098422.778,-0.0765,0.0076,0.2270,0.31610,-0.00013,-0.00011,0.94873
1791098422.837,-0.0765,0.0076,0.2270,0.31610,-0.00011,-0.00009,0.94873
1791098422.897,-0.0765,0.0076,0.2270,0.31610,-0.00010,-0.00008,0.94873
1791098422.957,-0.0765,0.0076,0.2270,0.31610,-0.00008,-0.00007,0.94873
1791098423.017,-0.0764,0.0076,0.2270,0.31610,-0.00007,-0.00006,0.94873
1791098423.077,-0.0764,0.0076,0.2270,0.31610,-0.00006,-0.00005,0.94873
1791098423.137,-0.0764,0.0076,0.2270,0.31610,-0.00005,-0.00005,0.94873
1791098423.197,-0.0764,0.0076,0.2270,0.31610,-0.00005,-0.00004,0.94873
1791098423.257,-0.0764,0.0076,0.2270,0.31610,-0.00004,-0.00003,0.94873
1791098423.318,-0.0764,0.0076,0.2270,0.31610,-0.00003,-0.00003,0.94873
1791098423.378,-0.0764,0.0076,0.2270,0.31610,-0.00003,-0.00002,0.94873
1791098423.437,-0.0764,0.0076,0.2270,0.31610,-0.00003,-0.00002,0.94873
1791098423.497,-0.0764,0.0076,0.2270,0.31610,-0.00002,-0.00002,0.94873
1791098423.557,-0.0764,0.0076,0.2270,0.31610,-0.00002,-0.00002,0.94873
1791098423.617,-0.0764,0.0076,0.2270,0.31610,-0.00002,-0.00001,0.94873
1791098423.678,-0.0764,0.0076,0.2270,0.31610,-0.00001,-0.00001,0.94873
1791098423.735,-0.0764,0.0076,0.2270,0.31610,-0.00001,-0.00001,0.94873
1791098423.796,-0.0764,0.0076,0.2270,0.31610,-0.00001,-0.00001,0.94873
1791098423.855,-0.0764,0.0076,0.2270,0.31610,-0.00001,-0.00001,0.94873
1791098423.916,-0.0764,0.0076,0.2270,0.31610,-0.00001,-0.00001,0.94873
1791098423.976,-0.0764,0.0076,0.2270,0.31610,-0.00001,-0.00001,0.94873
1791098424.032,-0.0764,0.0076,0.2270,0.31610,-0.00001,-0.00000,0.94873
1791098424.092,-0.0764,0.0076,0.2270,0.31610,-0.00001,-0.00000,0.94873
1791098424.152,-0.0764,0.0076,0.2270,0.31610,-0.00000,-0.00000,0.94873
1791098424.212,-0.0764,0.0076,0.2270,0.31610,-0.00000,-0.00000,0.94873
1791098424.272,-0.0764,0.0076,0.2270,0.31610,-0.00000,-0.00000,0.94873
1791098424.332,-0.0764,0.0076,0.2270,0.31610,-0.00000,-0.00000,0.94873
1791098424.391,-0.0764,0.0076,0.2270,0.31610,-0.00000,-0.00000,0.94873
1791098424.451,-0.0764,0.0076,0.2270,0.31610,-0.00000,-0.00000,0.94873
1791098424.512,-0.0764,0.0076,0.2270,0.31610,-0.00000,-0.00000,0.94873
1791098424.571,-0.0764,0.0076,0.2270,0.31610,-0.00000,-0.00000,0.94873
1791098424.631,-0.0764,0.0076,0.2270,0.31610,-0.00000,-0.00000,0.94873
1791098424.692,-0.0764,0.0076,0.2270,0.31610,-0.00000,-0.00000,0.94873
1791098424.752,-0.0764,0.0076,0.2270,0.31610,-0.00000,-0.00000,0.94873
1791098424.812,-0.0764,0.0076,0.2270,0.31610,-0.00000,-0.00000,0.94873
1791098424.871,-0.0764,0.0076,0.2270,0.31610,-0.00000,-0.00000,0.94873
