t_s,scenario,prop,payload,x,y,z,vx,vy,vz,speed_ms,roll_deg,pitch_deg,yaw_deg,m0,m1,m2,m3,rpm_mean,thrust_total_n,thrust_per_motor_g,shaft_w,prop_elec_w,avionics_w,power_total_w,current_a,v_terminal,soc,energy_wh,endurance_remaining_min,px4_batt_v,nav_state,arming
0.048,factory_mission,9x4.5,pi5,-0.368,-0.212,-0.049,-0.007,-0.002,-0.002,0.007,0.02,-0.14,-1.42,0.0020,0.0000,0.0020,0.0000,731,0.445,11.3,1.1,1.3,22.6,23.9,0.95,25.17,1.00000,0.000,302.99,nan,,
0.100,factory_mission,9x4.5,pi5,-0.370,-0.214,-0.049,-0.008,-0.003,-0.001,0.008,0.02,-0.14,-1.42,0.0020,0.0000,0.0018,0.0002,1089,0.658,16.8,1.6,2.0,22.6,24.6,0.98,25.17,1.00000,0.001,295.28,25.20,14,1
0.152,factory_mission,9x4.5,pi5,-0.371,-0.215,-0.049,-0.008,-0.004,-0.002,0.009,0.02,-0.14,-1.42,0.0017,0.0002,0.0016,0.0005,1447,0.872,22.2,2.1,2.6,22.6,25.2,1.00,25.17,0.99999,0.001,287.95,25.20,14,1
0.200,factory_mission,9x4.5,pi5,-0.372,-0.217,-0.050,-0.009,-0.005,-0.002,0.010,0.02,-0.14,-1.42,0.0020,0.0000,0.0019,0.0001,1089,0.658,16.8,1.6,2.0,22.6,24.6,0.98,25.17,0.99999,0.001,295.28,25.20,14,1
0.252,factory_mission,9x4.5,pi5,-0.373,-0.218,-0.050,-0.009,-0.006,-0.002,0.011,0.01,-0.14,-1.42,0.0019,0.0001,0.0020,0.0000,1447,0.872,22.2,2.1,2.6,22.6,25.2,1.00,25.17,0.99999,0.002,287.95,25.20,14,1
0.300,factory_mission,9x4.5,pi5,-0.374,-0.220,-0.051,-0.009,-0.008,-0.002,0.012,0.01,-0.14,-1.42,0.0018,0.0002,0.0017,0.0002,1447,0.872,22.2,2.1,2.6,22.6,25.2,1.00,25.17,0.99999,0.002,287.94,25.20,14,1
0.352,factory_mission,9x4.5,pi5,-0.374,-0.222,-0.051,-0.009,-0.009,-0.002,0.013,0.01,-0.14,-1.42,0.0020,0.0000,0.0020,0.0000,1089,0.658,16.8,1.6,2.0,22.6,24.6,0.98,25.17,0.99998,0.002,295.27,25.20,14,1
0.400,factory_mission,9x4.5,pi5,-0.375,-0.224,-0.051,-0.009,-0.011,-0.002,0.014,0.01,-0.14,-1.42,0.0019,0.0001,0.0018,0.0002,1447,0.872,22.2,2.1,2.6,22.6,25.2,1.00,25.17,0.99998,0.003,287.94,25.20,14,1
0.448,factory_mission,9x4.5,pi5,-0.376,-0.226,-0.051,-0.009,-0.012,-0.002,0.015,0.01,-0.14,-1.41,0.0020,0.0000,0.0020,0.0000,1089,0.658,16.8,1.6,2.0,22.6,24.6,0.98,25.17,0.99998,0.003,295.27,25.20,14,1
0.492,factory_mission,9x4.5,pi5,-0.376,-0.227,-0.051,-0.009,-0.013,-0.002,0.016,0.00,-0.14,-1.41,0.0020,0.0000,0.0020,0.0000,731,0.445,11.3,1.1,1.3,22.6,23.9,0.95,25.17,0.99998,0.003,302.99,25.20,14,1
0.524,factory_mission,9x4.5,pi5,-0.377,-0.228,-0.051,-0.009,-0.013,-0.002,0.016,0.00,-0.14,-1.41,0.0020,0.0000,0.0019,0.0001,1447,0.872,22.2,2.1,2.6,22.6,25.2,1.00,25.17,0.99998,0.004,287.94,25.20,14,1
0.576,factory_mission,9x4.5,pi5,-0.378,-0.230,-0.051,-0.009,-0.015,-0.002,0.017,0.00,-0.14,-1.41,0.0020,0.0000,0.0020,0.0000,731,0.445,11.3,1.1,1.3,22.6,23.9,0.95,25.17,0.99997,0.004,302.98,25.20,14,1
0.624,factory_mission,9x4.5,pi5,-0.378,-0.231,-0.051,-0.009,-0.016,-0.002,0.018,-0.00,-0.15,-1.41,0.0020,0.0000,0.0020,0.0000,731,0.445,11.3,1.1,1.3,22.6,23.9,0.95,25.17,0.99997,0.004,302.98,25.20,14,1
0.676,factory_mission,9x4.5,pi5,-0.379,-0.233,-0.052,-0.009,-0.017,-0.002,0.020,-0.00,-0.15,-1.41,0.0020,0.0000,0.0020,0.0000,731,0.445,11.3,1.1,1.3,22.6,23.9,0.95,25.17,0.99997,0.005,302.98,25.20,14,1
0.724,factory_mission,9x4.5,pi5,-0.379,-0.235,-0.052,-0.009,-0.018,-0.002,0.020,-0.00,-0.15,-1.41,0.0020,0.0000,0.0020,0.0000,1089,0.658,16.8,1.6,2.0,22.6,24.6,0.98,25.17,0.99997,0.005,295.26,25.20,14,1
0.776,factory_mission,9x4.5,pi5,-0.380,-0.236,-0.053,-0.008,-0.019,-0.002,0.021,-0.00,-0.15,-1.41,0.0020,0.0000,0.0020,0.0000,731,0.445,11.3,1.1,1.3,22.6,23.9,0.95,25.17,0.99997,0.005,302.98,25.20,14,1
0.824,factory_mission,9x4.5,pi5,-0.380,-0.237,-0.053,-0.008,-0.019,-0.002,0.021,-0.00,-0.15,-1.41,0.0020,0.0000,0.0020,0.0000,731,0.445,11.3,1.1,1.3,22.6,23.9,0.95,25.17,0.99996,0.006,302.98,25.20,14,1
0.876,factory_mission,9x4.5,pi5,-0.380,-0.239,-0.054,-0.008,-0.020,-0.002,0.022,-0.01,-0.15,-1.40,0.0020,0.0000,0.0020,0.0000,731,0.445,11.3,1.1,1.3,22.6,23.9,0.95,25.17,0.99996,0.006,302.98,25.20,14,1
0.924,factory_mission,9x4.5,pi5,-0.380,-0.240,-0.054,-0.008,-0.021,-0.002,0.022,-0.00,-0.15,-1.40,0.0020,0.0000,0.0020,0.0000,731,0.445,11.3,1.1,1.3,22.6,23.9,0.95,25.17,0.99996,0.006,302.97,25.20,14,1
0.972,factory_mission,9x4.5,pi5,-0.380,-0.241,-0.054,-0.008,-0.021,-0.003,0.023,-0.01,-0.15,-1.40,0.0020,0.0000,0.0020,0.0000,731,0.445,11.3,1.1,1.3,22.6,23.9,0.95,25.17,0.99996,0.007,302.98,25.20,14,1
1.024,factory_mission,9x4.5,pi5,-0.381,-0.241,-0.055,-0.008,-0.021,-0.003,0.023,-0.00,-0.15,-1.40,0.0020,0.0000,0.0020,0.0000,731,0.445,11.3,1.1,1.3,22.6,23.9,0.95,25.17,0.99995,0.007,302.97,25.20,14,1
1.076,factory_mission,9x4.5,pi5,-0.381,-0.242,-0.056,-0.008,-0.021,-0.003,0.023,-0.00,-0.15,-1.40,0.0020,0.0000,0.0020,0.0000,731,0.445,11.3,1.1,1.3,22.6,23.9,0.95,25.17,0.99995,0.007,302.97,25.20,14,1
1.124,factory_mission,9x4.5,pi5,-0.381,-0.242,-0.056,-0.008,-0.021,-0.003,0.023,-0.00,-0.15,-1.41,0.0018,0.0002,0.0020,0.0000,1447,0.872,22.2,2.1,2.6,22.6,25.2,1.00,25.17,0.99995,0.008,287.93,25.20,14,1
1.176,factory_mission,9x4.5,pi5,-0.381,-0.243,-0.057,-0.008,-0.021,-0.004,0.023,-0.00,-0.15,-1.41,0.0019,0.0001,0.0019,0.0001,1447,0.872,22.2,2.1,2.6,22.6,25.2,1.00,25.17,0.99995,0.008,287.93,25.20,14,1
1.224,factory_mission,9x4.5,pi5,-0.381,-0.243,-0.058,-0.008,-0.021,-0.004,0.023,-0.00,-0.15,-1.41,0.0020,0.0000,0.0020,0.0000,731,0.445,11.3,1.1,1.3,22.6,23.9,0.95,25.17,0.99995,0.008,302.97,25.20,14,1
1.272,factory_mission,9x4.5,pi5,-0.381,-0.243,-0.059,-0.008,-0.021,-0.004,0.023,-0.00,-0.15,-1.41,0.0020,0.0000,0.0020,0.0000,731,0.445,11.3,1.1,1.3,22.6,23.9,0.95,25.17,0.99994,0.009,302.96,25.20,14,1
1.324,factory_mission,9x4.5,pi5,-0.382,-0.243,-0.060,-0.009,-0.020,-0.004,0.023,-0.00,-0.15,-1.41,0.0020,0.0000,0.0020,0.0000,731,0.445,11.3,1.1,1.3,22.6,23.9,0.95,25.17,0.99994,0.009,302.97,25.20,14,1
1.376,factory_mission,9x4.5,pi5,-0.383,-0.242,-0.061,-0.009,-0.020,-0.005,0.022,-0.00,-0.15,-1.41,0.0020,0.0000,0.0020,0.0000,731,0.445,11.3,1.1,1.3,22.6,23.9,0.95,25.17,0.99994,0.009,302.97,25.20,14,1
1.424,factory_mission,9x4.5,pi5,-0.383,-0.242,-0.062,-0.010,-0.019,-0.005,0.022,0.00,-0.15,-1.41,0.0020,0.0000,0.0020,0.0000,731,0.445,11.3,1.1,1.3,22.6,23.9,0.95,25.17,0.99994,0.010,302.96,25.20,14,1
1.476,factory_mission,9x4.5,pi5,-0.385,-0.241,-0.063,-0.011,-0.019,-0.005,0.022,0.00,-0.14,-1.41,0.0020,0.0000,0.0020,0.0000,731,0.445,11.3,1.1,1.3,22.6,23.9,0.95,25.17,0.99993,0.010,302.96,25.20,14,1
1.524,factory_mission,9x4.5,pi5,-0.385,-0.241,-0.063,-0.011,-0.018,-0.005,0.022,0.01,-0.14,-1.41,0.0020,0.0000,0.0020,0.0000,731,0.445,11.3,1.1,1.3,22.6,23.9,0.95,25.17,0.99993,0.010,302.96,25.20,14,1
1.576,factory_mission,9x4.5,pi5,-0.387,-0.240,-0.064,-0.012,-0.017,-0.005,0.022,0.01,-0.14,-1.41,0.0020,0.0000,0.0017,0.0003,1089,0.658,16.8,1.6,2.0,22.6,24.6,0.98,25.17,0.99993,0.011,295.25,25.20,14,1
1.624,factory_mission,9x4.5,pi5,-0.387,-0.240,-0.064,-0.012,-0.017,-0.005,0.022,0.01,-0.14,-1.41,0.0020,0.0000,0.0020,0.0000,731,0.445,11.3,1.1,1.3,22.6,23.9,0.95,25.17,0.99993,0.011,302.96,25.20,14,1
1.676,factory_mission,9x4.5,pi5,-0.388,-0.239,-0.064,-0.013,-0.017,-0.005,0.022,0.01,-0.14,-1.41,0.0020,0.0000,0.0018,0.0002,1089,0.658,16.8,1.6,2.0,22.6,24.6,0.98,25.17,0.99993,0.011,295.24,25.20,14,1
1.724,factory_mission,9x4.5,pi5,-0.389,-0.238,-0.065,-0.013,-0.016,-0.005,0.021,0.01,-0.14,-1.41,0.0020,0.0000,0.0020,0.0000,731,0.445,11.3,1.1,1.3,22.6,23.9,0.95,25.17,0.99992,0.012,302.96,25.20,14,1
1.776,factory_mission,9x4.5,pi5,-0.389,-0.237,-0.065,-0.014,-0.015,-0.005,0.021,0.01,-0.14,-1.42,0.0019,0.0001,0.0020,0.0000,1089,0.658,16.8,1.6,2.0,22.6,24.6,0.98,25.17,0.99992,0.012,295.24,25.20,14,1
1.824,factory_mission,9x4.5,pi5,-0.390,-0.236,-0.065,-0.014,-0.014,-0.005,0.020,0.01,-0.14,-1.42,0.0020,0.0000,0.0020,0.0000,731,0.445,11.3,1.1,1.3,22.6,23.9,0.95,25.17,0.99992,0.012,302.96,25.20,14,1
1.876,factory_mission,9x4.5,pi5,-0.390,-0.234,-0.065,-0.014,-0.013,-0.005,0.019,0.01,-0.14,-1.42,0.0020,0.0000,0.0018,0.0001,1447,0.872,22.2,2.1,2.6,22.6,25.2,1.00,25.17,0.99992,0.013,287.91,25.20,14,1
1.924,factory_mission,9x4.5,pi5,-0.390,-0.233,-0.066,-0.014,-0.012,-0.005,0.019,0.01,-0.14,-1.42,0.0020,0.0000,0.0020,0.0000,1089,0.658,16.8,1.6,2.0,22.6,24.6,0.98,25.17,0.99991,0.013,295.24,25.20,14,1
1.976,factory_mission,9x4.5,pi5,-0.390,-0.231,-0.066,-0.014,-0.010,-0.005,0.018,0.02,-0.14,-1.42,0.0020,0.0000,0.0020,0.0000,731,0.445,11.3,1.1,1.3,22.6,23.9,0.95,25.17,0.99991,0.013,302.95,25.20,14,1
2.024,factory_mission,9x4.5,pi5,-0.390,-0.230,-0.066,-0.013,-0.009,-0.005,0.017,0.02,-0.14,-1.42,0.0020,0.0000,0.0020,0.0000,731,0.445,11.3,1.1,1.3,22.6,23.9,0.95,25.17,0.99991,0.014,302.95,25.20,14,1
2.076,factory_mission,9x4.5,pi5,-0.390,-0.228,-0.066,-0.013,-0.008,-0.005,0.016,0.02,-0.14,-1.42,0.0020,0.0000,0.0017,0.0003,1089,0.658,16.8,1.6,2.0,22.6,24.6,0.98,25.17,0.99991,0.014,295.24,25.20,14,1
2.124,factory_mission,9x4.5,pi5,-0.389,-0.227,-0.066,-0.013,-0.007,-0.005,0.015,0.02,-0.14,-1.42,0.0021,0.0001,0.0016,0.0003,1447,0.872,22.2,2.1,2.6,22.6,25.2,1.00,25.17,0.99990,0.014,287.90,25.20,14,1
2.176,factory_mission,9x4.5,pi5,-0.389,-0.225,-0.065,-0.012,-0.006,-0.005,0.014,0.02,-0.15,-1.42,0.0020,0.0000,0.0020,0.0000,731,0.445,11.3,1.1,1.3,22.6,23.9,0.95,25.17,0.99990,0.015,302.95,25.20,14,1
2.224,factory_mission,9x4.5,pi5,-0.388,-0.224,-0.065,-0.011,-0.005,-0.004,0.013,0.03,-0.15,-1.42,0.0020,0.0000,0.0020,0.0000,1089,0.658,16.8,1.6,2.0,22.6,24.6,0.98,25.17,0.99990,0.015,295.23,25.20,14,1
2.276,factory_mission,9x4.5,pi5,-0.388,-0.223,-0.065,-0.011,-0.004,-0.004,0.012,0.03,-0.15,-1.42,0.0020,0.0000,0.0020,0.0000,731,0.445,11.3,1.1,1.3,22.6,23.9,0.95,25.17,0.99990,0.015,302.95,25.20,14,1
2.324,factory_mission,9x4.5,pi5,-0.388,-0.222,-0.065,-0.010,-0.003,-0.004,0.012,0.03,-0.15,-1.42,0.0020,0.0000,0.0018,0.0002,1089,0.658,16.8,1.6,2.0,22.6,24.6,0.98,25.17,0.99990,0.016,295.23,25.20,14,1
2.376,factory_mission,9x4.5,pi5,-0.388,-0.221,-0.064,-0.010,-0.003,-0.004,0.011,0.03,-0.15,-1.42,0.0020,0.0000,0.0017,0.0003,1447,0.872,22.2,2.1,2.6,22.6,25.2,1.00,25.17,0.99989,0.016,287.90,25.20,14,1
2.424,factory_mission,9x4.5,pi5,-0.388,-0.221,-0.064,-0.010,-0.003,-0.004,0.011,0.03,-0.15,-1.42,0.0020,0.0000,0.0019,0.0001,1089,0.658,16.8,1.6,2.0,22.6,24.6,0.98,25.17,0.99989,0.016,295.22,25.20,14,1
2.476,factory_mission,9x4.5,pi5,-0.388,-0.220,-0.064,-0.011,-0.002,-0.004,0.011,0.03,-0.15,-1.42,0.0020,0.0000,0.0019,0.0001,1089,0.658,16.8,1.6,2.0,22.6,24.6,0.98,25.17,0.99989,0.017,295.22,25.20,14,1
2.524,factory_mission,9x4.5,pi5,-0.389,-0.220,-0.064,-0.011,-0.002,-0.004,0.012,0.03,-0.15,-1.42,0.0020,0.0000,0.0020,0.0000,731,0.445,11.3,1.1,1.3,22.6,23.9,0.95,25.17,0.99989,0.017,302.94,25.20,14,1
2.572,factory_mission,9x4.5,pi5,-0.389,-0.220,-0.063,-0.011,-0.002,-0.003,0.012,0.03,-0.15,-1.42,0.0020,0.0000,0.0020,0.0000,1089,0.658,16.8,1.6,2.0,22.6,24.6,0.98,25.17,0.99988,0.017,295.23,25.20,14,1
2.624,factory_mission,9x4.5,pi5,-0.390,-0.220,-0.063,-0.012,-0.002,-0.003,0.012,0.03,-0.15,-1.42,0.0020,0.0000,0.0018,0.0002,1089,0.658,16.8,1.6,2.0,22.6,24.6,0.98,25.17,0.99988,0.018,295.22,25.20,14,1
2.676,factory_mission,9x4.5,pi5,-0.391,-0.219,-0.063,-0.012,-0.002,-0.003,0.013,0.03,-0.15,-1.42,0.0020,0.0000,0.0018,0.0002,1089,0.658,16.8,1.6,2.0,22.6,24.6,0.98,25.17,0.99988,0.018,295.22,25.20,14,1
2.724,factory_mission,9x4.5,pi5,-0.392,-0.219,-0.063,-0.013,-0.002,-0.002,0.013,0.03,-0.14,-1.42,0.0020,0.0000,0.0020,0.0000,731,0.445,11.3,1.1,1.3,22.6,23.9,0.95,25.17,0.99988,0.018,302.94,25.20,14,1
2.776,factory_mission,9x4.5,pi5,-0.394,-0.219,-0.062,-0.014,-0.002,-0.002,0.014,0.03,-0.14,-1.42,0.0020,0.0000,0.0019,0.0001,1089,0.658,16.8,1.6,2.0,22.6,24.6,0.98,25.17,0.99988,0.019,295.22,25.20,14,1
2.825,factory_mission,9x4.5,pi5,-0.395,-0.219,-0.062,-0.015,-0.002,-0.002,0.015,0.03,-0.14,-1.42,0.0019,0.0001,0.0019,0.0001,1447,0.872,22.2,2.1,2.6,22.6,25.2,1.00,25.17,0.99987,0.019,287.89,25.20,14,1
2.877,factory_mission,9x4.5,pi5,-0.397,-0.218,-0.062,-0.016,-0.002,-0.002,0.016,0.02,-0.14,-1.42,0.0021,0.0001,0.0016,0.0002,1447,0.872,22.2,2.1,2.6,22.6,25.2,1.00,25.17,0.99987,0.019,287.89,25.20,14,1
2.925,factory_mission,9x4.5,pi5,-0.398,-0.218,-0.062,-0.017,-0.002,-0.002,0.017,0.03,-0.14,-1.42,0.0020,0.0000,0.0020,0.0000,731,0.445,11.3,1.1,1.3,22.6,23.9,0.95,25.17,0.99987,0.020,302.93,25.20,14,1
2.977,factory_mission,9x4.5,pi5,-0.400,-0.218,-0.062,-0.018,-0.002,-0.002,0.018,0.03,-0.14,-1.42,0.0019,0.0000,0.0014,0.0006,1447,0.872,22.2,2.1,2.6,22.6,25.2,1.00,25.17,0.99987,0.020,287.89,25.20,14,1
3.025,factory_mission,9x4.5,pi5,-0.402,-0.218,-0.062,-0.018,-0.002,-0.002,0.018,0.02,-0.14,-1.42,0.0020,0.0000,0.0017,0.0003,1089,0.658,16.8,1.6,2.0,22.6,24.6,0.98,25.17,0.99986,0.020,295.22,25.20,14,1
3.077,factory_mission,9x4.5,pi5,-0.403,-0.218,-0.061,-0.019,-0.003,-0.001,0.019,0.03,-0.14,-1.42,0.0020,0.0000,0.0017,0.0003,1089,0.658,16.8,1.6,2.0,22.6,24.6,0.98,25.17,0.99986,0.021,295.22,25.20,14,1
3.125,factory_mission,9x4.5,pi5,-0.405,-0.218,-0.061,-0.019,-0.003,-0.001,0.019,0.03,-0.13,-1.42,0.0020,0.0000,0.0019,0.0001,1089,0.658,16.8,1.6,2.0,22.6,24.6,0.98,25.17,0.99986,0.021,295.21,25.20,14,1
3.177,factory_mission,9x4.5,pi5,-0.406,-0.218,-0.060,-0.020,-0.003,-0.001,0.020,0.03,-0.13,-1.42,0.0020,0.0000,0.0020,0.0000,1089,0.658,16.8,1.6,2.0,22.6,24.6,0.98,25.17,0.99986,0.022,295.21,25.20,14,1
3.225,factory_mission,9x4.5,pi5,-0.407,-0.218,-0.060,-0.020,-0.003,-0.001,0.020,0.02,-0.13,-1.42,0.0020,0.0000,0.0020,0.0000,731,0.445,11.3,1.1,1.3,22.6,23.9,0.95,25.17,0.99986,0.022,302.93,25.20,14,1
3.277,factory_mission,9x4.5,pi5,-0.409,-0.217,-0.059,-0.020,-0.002,-0.000,0.020,0.03,-0.13,-1.42,0.0020,0.0000,0.0020,0.0000,1089,0.658,16.8,1.6,2.0,22.6,24.6,0.98,25.17,0.99985,0.022,295.21,25.20,14,1
3.325,factory_mission,9x4.5,pi5,-0.410,-0.216,-0.059,-0.020,-0.002,0.000,0.020,0.03,-0.13,-1.42,0.0020,0.0000,0.0020,0.0000,1089,0.658,16.8,1.6,2.0,22.6,24.6,0.98,25.17,0.99985,0.023,295.21,25.20,14,1
3.377,factory_mission,9x4.5,pi5,-0.411,-0.216,-0.058,-0.021,-0.001,0.000,0.021,0.03,-0.14,-1.42,0.0020,0.0000,0.0020,0.0000,1089,0.658,16.8,1.6,2.0,22.6,24.6,0.98,25.17,0.99985,0.023,295.21,25.20,14,1
3.425,factory_mission,9x4.5,pi5,-0.411,-0.215,-0.058,-0.021,-0.001,0.000,0.021,0.03,-0.14,-1.42,0.0020,0.0000,0.0020,0.0000,731,0.445,11.3,1.1,1.3,22.6,23.9,0.95,25.17,0.99985,0.023,302.92,25.20,14,1
3.477,factory_mission,9x4.5,pi5,-0.412,-0.214,-0.058,-0.020,-0.001,0.000,0.020,0.03,-0.14,-1.42,0.0020,0.0000,0.0020,0.0000,731,0.445,11.3,1.1,1.3,22.6,23.9,0.95,25.17,0.99984,0.024,302.92,25.20,14,1
3.525,factory_mission,9x4.5,pi5,-0.413,-0.214,-0.058,-0.020,-0.001,0.000,0.020,0.03,-0.14,-1.42,0.0020,0.0000,0.0020,0.0000,731,0.445,11.3,1.1,1.3,22.6,23.9,0.95,25.17,0.99984,0.024,302.92,25.20,14,1
3.577,factory_mission,9x4.5,pi5,-0.414,-0.213,-0.058,-0.020,-0.001,0.000,0.020,0.03,-0.14,-1.42,0.0020,0.0000,0.0020,0.0000,731,0.445,11.3,1.1,1.3,22.6,23.9,0.95,25.17,0.99984,0.024,302.92,25.20,14,1
3.625,factory_mission,9x4.5,pi5,-0.415,-0.212,-0.057,-0.020,-0.000,0.001,0.020,0.03,-0.14,-1.42,0.0020,0.0000,0.0019,0.0001,1089,0.658,16.8,1.6,2.0,22.6,24.6,0.98,25.17,0.99984,0.025,295.20,25.20,14,1
3.677,factory_mission,9x4.5,pi5,-0.415,-0.211,-0.057,-0.020,0.000,0.001,0.020,0.03,-0.14,-1.42,0.0020,0.0000,0.0020,0.0000,1089,0.658,16.8,1.6,2.0,22.6,24.6,0.98,25.17,0.99984,0.025,295.20,25.20,14,1
3.725,factory_mission,9x4.5,pi5,-0.416,-0.210,-0.057,-0.020,0.001,0.001,0.020,0.03,-0.14,-1.42,0.0020,0.0000,0.0020,0.0000,731,0.445,11.3,1.1,1.3,22.6,23.9,0.95,25.17,0.99983,0.025,302.91,25.20,14,1
3.777,factory_mission,9x4.5,pi5,-0.416,-0.209,-0.056,-0.020,0.001,0.001,0.020,0.03,-0.14,-1.42,0.0020,0.0000,0.0020,0.0000,1089,0.658,16.8,1.6,2.0,22.6,24.6,0.98,25.17,0.99983,0.026,295.20,25.20,14,1
3.825,factory_mission,9x4.5,pi5,-0.417,-0.208,-0.055,-0.019,0.002,0.001,0.020,0.03,-0.14,-1.42,0.0020,0.0000,0.0018,0.0002,1089,0.658,16.8,1.6,2.0,22.6,24.6,0.98,25.17,0.99983,0.026,295.20,25.20,14,1
3.877,factory_mission,9x4.5,pi5,-0.418,-0.208,-0.055,-0.019,0.002,0.001,0.020,0.03,-0.14,-1.42,0.0020,0.0000,0.0019,0.0001,1447,0.872,22.2,2.1,2.6,22.6,25.2,1.00,25.17,0.99983,0.026,287.87,25.20,14,1
3.925,factory_mission,9x4.5,pi5,-0.418,-0.207,-0.054,-0.020,0.002,0.001,0.020,0.03,-0.14,-1.42,0.0020,0.0000,0.0020,0.0000,731,0.445,11.3,1.1,1.3,22.6,23.9,0.95,25.17,0.99982,0.027,302.91,25.20,14,1
3.977,factory_mission,9x4.5,pi5,-0.419,-0.207,-0.054,-0.020,0.002,0.001,0.020,0.03,-0.14,-1.42,0.0020,0.0000,0.0020,0.0000,1447,0.872,22.2,2.1,2.6,22.6,25.2,1.00,25.17,0.99982,0.027,287.87,25.20,14,1
4.025,factory_mission,9x4.5,pi5,-0.420,-0.207,-0.053,-0.020,0.002,0.001,0.020,0.03,-0.14,-1.42,0.0020,0.0000,0.0020,0.0000,731,0.445,11.3,1.1,1.3,22.6,23.9,0.95,25.17,0.99982,0.027,302.91,25.20,14,1
4.077,factory_mission,9x4.5,pi5,-0.420,-0.208,-0.053,-0.020,0.001,0.001,0.020,0.03,-0.14,-1.42,0.0020,0.0000,0.0020,0.0000,731,0.445,11.3,1.1,1.3,22.6,23.9,0.95,25.17,0.99982,0.028,302.90,25.20,14,1
4.125,factory_mission,9x4.5,pi5,-0.421,-0.208,-0.053,-0.020,0.000,0.001,0.020,0.03,-0.14,-1.42,0.0020,0.0000,0.0020,0.0000,731,0.445,11.3,1.1,1.3,22.6,23.9,0.95,25.17,0.99982,0.028,302.91,25.20,14,1
4.177,factory_mission,9x4.5,pi5,-0.421,-0.208,-0.052,-0.020,-0.000,0.001,0.020,0.03,-0.14,-1.42,0.0020,0.0000,0.0020,0.0000,731,0.445,11.3,1.1,1.3,22.6,23.9,0.95,25.17,0.99981,0.028,302.91,25.20,14,1
4.225,factory_mission,9x4.5,pi5,-0.421,-0.209,-0.052,-0.019,-0.001,0.001,0.020,0.03,-0.14,-1.42,0.0020,0.0000,0.0020,0.0000,731,0.445,11.3,1.1,1.3,22.6,23.9,0.95,25.17,0.99981,0.029,302.90,25.20,14,1
4.273,factory_mission,9x4.5,pi5,-0.420,-0.209,-0.051,-0.019,-0.001,0.001,0.019,0.03,-0.14,-1.42,0.0020,0.0000,0.0020,0.0000,731,0.445,11.3,1.1,1.3,22.6,23.9,0.95,25.17,0.99981,0.029,302.90,25.20,14,1
4.277,factory_mission,9x4.5,pi5,-0.420,-0.209,-0.051,-0.019,-0.001,0.001,0.019,0.03,-0.14,-1.42,0.0020,0.0000,0.0020,0.0000,731,0.445,11.3,1.1,1.3,22.6,23.9,0.95,25.17,0.99981,0.029,302.90,25.20,14,1
4.329,factory_mission,9x4.5,pi5,-0.420,-0.210,-0.051,-0.018,-0.002,0.001,0.018,0.03,-0.15,-1.42,0.0020,0.0000,0.0020,0.0000,731,0.445,11.3,1.1,1.3,22.6,23.9,0.95,25.17,0.99981,0.029,302.90,25.20,14,1
4.377,factory_mission,9x4.5,pi5,-0.419,-0.210,-0.051,-0.017,-0.002,0.001,0.017,0.02,-0.15,-1.42,0.0020,0.0000,0.0020,0.0000,731,0.445,11.3,1.1,1.3,22.6,23.9,0.95,25.17,0.99980,0.030,302.90,25.20,14,2
4.429,factory_mission,9x4.5,pi5,-0.419,-0.210,-0.051,-0.016,-0.003,0.001,0.017,0.02,-0.15,-1.42,0.0020,0.0000,0.0020,0.0000,1089,0.658,16.8,1.6,2.0,22.6,24.6,0.98,25.17,0.99980,0.030,295.19,25.20,14,2
4.477,factory_mission,9x4.5,pi5,-0.418,-0.211,-0.051,-0.015,-0.003,0.001,0.016,0.02,-0.15,-1.42,0.0020,0.0000,0.0020,0.0000,731,0.445,11.3,1.1,1.3,22.6,23.9,0.95,25.17,0.99980,0.030,302.90,25.20,14,2
4.529,factory_mission,9x4.5,pi5,-0.418,-0.211,-0.051,-0.015,-0.003,0.001,0.015,0.02,-0.15,-1.41,0.0020,0.0000,0.0020,0.0000,1089,0.658,16.8,1.6,2.0,22.6,24.6,0.98,25.17,0.99980,0.031,295.18,25.20,14,2
4.577,factory_mission,9x4.5,pi5,-0.417,-0.211,-0.050,-0.014,-0.004,0.001,0.014,0.02,-0.15,-1.41,0.0020,0.0000,0.0020,0.0000,1089,0.658,16.8,1.6,2.0,22.6,24.6,0.98,25.17,0.99980,0.031,295.18,25.20,14,2
4.629,factory_mission,9x4.5,pi5,-0.417,-0.212,-0.050,-0.013,-0.004,0.001,0.014,0.02,-0.15,-1.41,0.0020,0.0000,0.0020,0.0000,731,0.445,11.3,1.1,1.3,22.6,23.9,0.95,25.17,0.99979,0.031,302.90,25.20,14,2
4.677,factory_mission,9x4.5,pi5,-0.416,-0.213,-0.050,-0.012,-0.005,0.001,0.013,0.02,-0.16,-1.41,0.0020,0.0000,0.0020,0.0000,1089,0.658,16.8,1.6,2.0,22.6,24.6,0.98,25.17,0.99979,0.032,295.18,25.20,14,2
4.729,factory_mission,9x4.5,pi5,-0.416,-0.213,-0.050,-0.012,-0.005,0.001,0.013,0.02,-0.16,-1.41,0.0020,0.0000,0.0020,0.0000,731,0.445,11.3,1.1,1.3,22.6,23.9,0.95,25.17,0.99979,0.032,302.89,25.20,14,2
4.777,factory_mission,9x4.5,pi5,-0.415,-0.214,-0.050,-0.011,-0.006,0.001,0.012,0.02,-0.16,-1.41,0.0020,0.0000,0.0020,0.0000,1089,0.658,16.8,1.6,2.0,22.6,24.6,0.98,25.17,0.99979,0.032,295.18,25.20,14,2
4.829,factory_mission,9x4.5,pi5,-0.415,-0.214,-0.050,-0.011,-0.006,0.002,0.012,0.02,-0.16,-1.41,0.0020,0.0000,0.0020,0.0000,731,0.445,11.3,1.1,1.3,22.6,23.9,0.95,25.17,0.99978,0.033,302.89,25.20,14,2
4.877,factory_mission,9x4.5,pi5,-0.414,-0.215,-0.050,-0.010,-0.006,0.002,0.012,0.02,-0.16,-1.41,0.0020,0.0000,0.0020,0.0000,731,0.445,11.3,1.1,1.3,22.6,23.9,0.95,25.17,0.99978,0.033,302.89,25.20,14,2
4.929,factory_mission,9x4.5,pi5,-0.414,-0.215,-0.050,-0.010,-0.006,0.002,0.012,0.02,-0.16,-1.41,0.0020,0.0000,0.0020,0.0000,731,0.445,11.3,1.1,1.3,22.6,23.9,0.95,25.17,0.99978,0.033,302.89,25.20,14,2
4.977,factory_mission,9x4.5,pi5,-0.414,-0.215,-0.050,-0.009,-0.006,0.002,0.012,0.02,-0.16,-1.41,0.0020,0.0000,0.0020,0.0000,731,0.445,11.3,1.1,1.3,22.6,23.9,0.95,25.17,0.99978,0.034,302.89,25.20,14,2
5.029,factory_mission,9x4.5,pi5,-0.414,-0.215,-0.050,-0.009,-0.006,0.002,0.011,0.02,-0.16,-1.41,0.0020,0.0000,0.0020,0.0000,1089,0.658,16.8,1.6,2.0,22.6,24.6,0.98,25.17,0.99977,0.034,295.17,25.20,14,2
5.077,factory_mission,9x4.5,pi5,-0.413,-0.215,-0.050,-0.009,-0.006,0.002,0.011,0.02,-0.16,-1.41,0.0020,0.0000,0.0020,0.0000,731,0.445,11.3,1.1,1.3,22.6,23.9,0.95,25.17,0.99977,0.034,302.89,25.20,14,2
5.129,factory_mission,9x4.5,pi5,-0.413,-0.215,-0.050,-0.009,-0.006,0.002,0.011,0.02,-0.16,-1.41,0.0020,0.0000,0.0020,0.0000,731,0.445,11.3,1.1,1.3,22.6,23.9,0.95,25.17,0.99977,0.035,302.89,25.20,14,2
5.177,factory_mission,9x4.5,pi5,-0.412,-0.214,-0.050,-0.008,-0.006,0.002,0.010,0.02,-0.16,-1.41,0.0020,0.0000,0.0020,0.0000,731,0.445,11.3,1.1,1.3,22.6,23.9,0.95,25.17,0.99977,0.035,302.88,25.20,14,2
5.229,factory_mission,9x4.5,pi5,-0.412,-0.214,-0.050,-0.008,-0.005,0.002,0.010,0.02,-0.16,-1.41,0.0020,0.0000,0.0020,0.0000,731,0.445,11.3,1.1,1.3,22.6,23.9,0.95,25.17,0.99977,0.035,302.88,25.20,14,2
5.277,factory_mission,9x4.5,pi5,-0.411,-0.213,-0.050,-0.007,-0.005,0.001,0.009,0.03,-0.16,-1.41,0.0020,0.0000,0.0020,0.0000,731,0.445,11.3,1.1,1.3,22.6,23.9,0.95,25.17,0.99976,0.036,302.88,25.20,14,2
5.329,factory_mission,9x4.5,pi5,-0.411,-0.212,-0.050,-0.007,-0.004,0.001,0.008,0.03,-0.16,-1.41,0.0020,0.0000,0.0020,0.0000,731,0.445,11.3,1.1,1.3,22.6,23.9,0.95,25.17,0.99976,0.036,302.88,25.20,14,2
5.377,factory_mission,9x4.5,pi5,-0.410,-0.211,-0.050,-0.007,-0.003,0.001,0.007,0.03,-0.16,-1.41,0.0020,0.0000,0.0020,0.0000,731,0.445,11.3,1.1,1.3,22.6,23.9,0.95,25.17,0.99976,0.036,302.88,25.20,14,2
5.429,factory_mission,9x4.5,pi5,-0.409,-0.211,-0.050,-0.006,-0.003,0.001,0.007,0.03,-0.16,-1.41,0.0020,0.0000,0.0020,0.0000,1089,0.658,16.8,1.6,2.0,22.6,24.6,0.98,25.17,0.99976,0.037,295.16,25.20,14,2
5.477,factory_mission,9x4.5,pi5,-0.408,-0.210,-0.051,-0.006,-0.002,0.001,0.006,0.03,-0.16,-1.41,0.0000,0.0051,0.0000,0.0051,754,0.473,12.1,1.2,1.5,22.6,24.1,0.96,25.17,0.99976,0.037,301.26,25.20,14,2
5.529,factory_mission,9x4.5,pi5,-0.407,-0.209,-0.051,-0.005,-0.002,0.000,0.006,0.03,-0.16,-1.41,0.0000,0.0074,0.0000,0.0074,769,0.493,12.6,1.2,1.5,22.6,24.1,0.96,25.17,0.99975,0.037,300.08,25.20,14,2
5.577,factory_mission,9x4.5,pi5,-0.407,-0.208,-0.052,-0.005,-0.001,0.000,0.005,0.03,-0.17,-1.41,0.0000,0.0101,0.0000,0.0101,790,0.519,13.2,1.3,1.7,22.6,24.3,0.96,25.17,0.99975,0.038,298.54,25.20,14,2
5.629,factory_mission,9x4.5,pi5,-0.406,-0.208,-0.052,-0.005,-0.000,-0.000,0.005,0.03,-0.17,-1.41,0.0000,0.0141,0.0000,0.0141,819,0.558,14.2,1.5,1.9,22.6,24.5,0.97,25.17,0.99975,0.038,296.20,25.20,14,2
5.677,factory_mission,9x4.5,pi5,-0.405,-0.208,-0.053,-0.004,-0.000,-0.000,0.004,0.03,-0.17,-1.41,0.0000,0.0182,0.0000,0.0182,1206,0.812,20.7,2.2,2.7,22.6,25.3,1.01,25.17,0.99975,0.038,286.42,25.20,14,2
5.729,factory_mission,9x4.5,pi5,-0.404,-0.208,-0.054,-0.003,-0.000,-0.000,0.003,0.03,-0.17,-1.41,0.0000,0.0228,0.0000,0.0228,1240,0.861,21.9,2.4,3.0,22.6,25.6,1.02,25.17,0.99974,0.039,283.55,25.20,14,2
5.777,factory_mission,9x4.5,pi5,-0.403,-0.207,-0.054,-0.003,-0.000,-0.001,0.003,0.03,-0.17,-1.41,0.0000,0.0280,0.0000,0.0280,919,0.703,17.9,2.1,2.6,22.6,25.2,1.00,25.17,0.99974,0.039,287.12,25.20,14,2
5.829,factory_mission,9x4.5,pi5,-0.403,-0.207,-0.055,-0.002,-0.000,-0.001,0.003,0.03,-0.17,-1.41,0.0000,0.0347,0.0000,0.0347,968,0.780,19.9,2.5,3.1,22.6,25.7,1.02,25.17,0.99974,0.039,282.14,25.20,14,2
5.877,factory_mission,9x4.5,pi5,-0.401,-0.207,-0.056,-0.001,0.000,-0.001,0.002,0.03,-0.17,-1.41,0.0000,0.0411,0.0000,0.0411,1014,0.856,21.8,2.8,3.5,22.6,26.1,1.04,25.17,0.99974,0.040,277.12,25.20,14,2
5.929,factory_mission,9x4.5,pi5,-0.401,-0.207,-0.056,-0.001,0.000,-0.001,0.002,0.03,-0.17,-1.41,0.0000,0.0482,0.0000,0.0482,1065,0.945,24.1,3.3,4.1,22.6,26.7,1.06,25.17,0.99973,0.040,271.26,25.20,14,2
5.977,factory_mission,9x4.5,pi5,-0.400,-0.206,-0.056,-0.000,0.001,-0.001,0.001,0.03,-0.17,-1.41,0.0053,0.0612,0.0000,0.0452,1479,1.251,31.9,4.3,5.3,22.6,27.9,1.11,25.16,0.99973,0.041,259.55,25.20,14,2
6.029,factory_mission,9x4.5,pi5,-0.399,-0.206,-0.056,0.000,0.001,-0.001,0.001,0.03,-0.17,-1.41,0.0143,0.0797,0.0013,0.0355,1907,1.591,40.6,5.5,6.8,22.6,29.4,1.17,25.16,0.99973,0.041,246.09,25.20,14,2
6.077,factory_mission,9x4.5,pi5,-0.398,-0.205,-0.057,0.000,0.001,-0.001,0.002,0.03,-0.17,-1.41,0.0143,0.0887,0.0108,0.0350,1972,1.703,43.4,6.1,7.6,22.6,30.2,1.20,25.16,0.99973,0.041,239.82,25.19,14,2
6.129,factory_mission,9x4.5,pi5,-0.398,-0.204,-0.056,0.001,0.002,-0.001,0.002,0.03,-0.18,-1.41,0.0186,0.0938,0.0169,0.0385,2041,1.819,46.4,6.7,8.4,22.6,31.0,1.23,25.16,0.99972,0.042,234.02,25.19,14,2
6.177,factory_mission,9x4.5,pi5,-0.397,-0.204,-0.056,0.001,0.002,-0.001,0.003,0.03,-0.18,-1.41,0.0238,0.0987,0.0218,0.0438,2114,1.945,49.6,7.4,9.2,22.6,31.8,1.26,25.16,0.99972,0.042,227.84,25.19,14,2
6.229,factory_mission,9x4.5,pi5,-0.397,-0.204,-0.056,0.001,0.003,-0.001,0.003,0.03,-0.17,-1.41,0.0304,0.1046,0.0278,0.0503,2204,2.106,53.7,8.2,10.3,22.6,32.9,1.31,25.16,0.99972,0.043,220.19,25.19,14,2
6.277,factory_mission,9x4.5,pi5,-0.397,-0.203,-0.056,0.001,0.003,-0.001,0.003,0.03,-0.17,-1.41,0.0367,0.1096,0.0337,0.0556,2286,2.257,57.5,9.1,11.4,22.6,34.0,1.35,25.16,0.99971,0.043,213.28,25.19,14,2
6.329,factory_mission,9x4.5,pi5,-0.397,-0.203,-0.055,0.002,0.003,-0.001,0.003,0.03,-0.17,-1.41,0.0427,0.1154,0.0399,0.0614,2373,2.424,61.8,10.1,12.6,22.6,35.2,1.40,25.16,0.99971,0.044,205.83,25.19,14,2
6.377,factory_mission,9x4.5,pi5,-0.396,-0.203,-0.055,0.002,0.003,-0.000,0.003,0.03,-0.17,-1.41,0.0491,0.1215,0.0463,0.0676,2463,2.606,66.4,11.2,14.0,22.6,36.6,1.45,25.15,0.99971,0.044,198.02,25.19,14,2
6.429,factory_mission,9x4.5,pi5,-0.396,-0.203,-0.055,0.002,0.003,-0.000,0.004,0.03,-0.17,-1.41,0.0571,0.1288,0.0542,0.0749,2574,2.837,72.3,12.6,15.8,22.6,38.4,1.53,25.15,0.99970,0.045,188.60,25.19,14,2
6.477,factory_mission,9x4.5,pi5,-0.396,-0.203,-0.054,0.003,0.003,-0.000,0.004,0.03,-0.17,-1.41,0.0643,0.1354,0.0616,0.0812,2674,3.053,77.8,14.1,17.6,22.6,40.2,1.60,25.15,0.99970,0.045,180.26,25.19,14,2
6.529,factory_mission,9x4.5,pi5,-0.395,-0.203,-0.054,0.003,0.003,-0.000,0.004,0.03,-0.17,-1.41,0.0716,0.1424,0.0685,0.0887,2778,3.289,83.8,15.7,19.6,22.6,42.2,1.68,25.15,0.99970,0.046,171.63,25.19,14,2
6.577,factory_mission,9x4.5,pi5,-0.395,-0.203,-0.053,0.003,0.002,0.000,0.004,0.03,-0.17,-1.41,0.0794,0.1495,0.0764,0.0958,2886,3.543,90.3,17.5,21.8,22.6,44.4,1.77,25.14,0.99969,0.046,162.97,25.19,14,2
6.629,factory_mission,9x4.5,pi5,-0.394,-0.203,-0.053,0.004,0.002,0.000,0.004,0.03,-0.18,-1.41,0.0887,0.1583,0.0855,0.1048,3017,3.864,98.5,19.8,24.8,22.6,47.4,1.88,25.14,0.99969,0.047,152.77,25.19,14,2
6.677,factory_mission,9x4.5,pi5,-0.393,-0.204,-0.052,0.005,0.001,0.001,0.005,0.03,-0.18,-1.41,0.0968,0.1663,0.0940,0.1125,3134,4.164,106.2,22.1,27.6,22.6,50.2,2.00,25.14,0.99968,0.048,144.02,25.19,14,2
6.729,factory_mission,9x4.5,pi5,-0.392,-0.204,-0.051,0.006,0.001,0.001,0.006,0.03,-0.18,-1.41,0.1054,0.1745,0.1022,0.1210,3256,4.486,114.4,24.7,30.9,22.6,53.5,2.13,25.13,0.99968,0.049,135.36,25.19,14,2
6.777,factory_mission,9x4.5,pi5,-0.391,-0.205,-0.050,0.007,0.001,0.001,0.007,0.03,-0.18,-1.41,0.1142,0.1831,0.1115,0.1290,3381,4.832,123.2,27.5,34.4,22.6,57.0,2.27,25.13,0.99967,0.049,126.89,25.19,14,2
6.829,factory_mission,9x4.5,pi5,-0.390,-0.205,-0.050,0.007,0.000,0.001,0.007,0.03,-0.18,-1.41,0.1249,0.1933,0.1224,0.1391,3533,5.268,134.3,31.3,39.1,22.6,61.7,2.46,25.12,0.99967,0.050,117.25,25.19,14,2
6.877,factory_mission,9x4.5,pi5,-0.388,-0.206,-0.050,0.008,-0.001,0.001,0.008,0.03,-0.19,-1.41,0.1342,0.2025,0.1320,0.1479,3667,5.669,144.5,34.8,43.6,22.6,66.2,2.63,25.12,0.99966,0.051,109.29,25.19,14,2
6.929,factory_mission,9x4.5,pi5,-0.387,-0.207,-0.049,0.009,-0.002,0.001,0.009,0.03,-0.19,-1.41,0.1417,0.2144,0.1413,0.1576,3806,6.108,155.7,39.0,48.7,22.6,71.3,2.84,25.11,0.99965,0.052,101.34,25.19,14,2
6.977,factory_mission,9x4.5,pi5,-0.387,-0.209,-0.049,0.009,-0.003,0.001,0.010,0.02,-0.19,-1.41,0.1493,0.2268,0.1507,0.1675,3948,6.576,167.6,43.6,54.5,22.6,77.1,3.07,25.10,0.99965,0.053,93.77,25.19,14,2
7.029,factory_mission,9x4.5,pi5,-0.386,-0.210,-0.049,0.010,-0.004,0.001,0.010,0.02,-0.18,-1.41,0.1591,0.2413,0.1613,0.1798,4119,7.161,182.5,49.5,61.9,22.6,84.5,3.37,25.10,0.99964,0.054,85.47,25.19,14,2
7.077,factory_mission,9x4.5,pi5,-0.385,-0.211,-0.048,0.010,-0.005,0.001,0.011,0.02,-0.19,-1.41,0.1672,0.2547,0.1718,0.1896,4271,7.701,196.3,55.3,69.1,22.6,91.7,3.66,25.09,0.99963,0.056,78.75,25.19,14,2
7.129,factory_mission,9x4.5,pi5,-0.385,-0.212,-0.048,0.010,-0.006,0.001,0.012,0.02,-0.18,-1.42,0.1757,0.2683,0.1815,0.2007,4426,8.276,211.0,61.6,77.0,22.6,99.6,3.97,25.08,0.99962,0.057,72.45,25.19,14,2
7.177,factory_mission,9x4.5,pi5,-0.384,-0.214,-0.047,0.010,-0.007,0.001,0.012,0.01,-0.18,-1.41,0.1847,0.2821,0.1920,0.2115,4586,8.887,226.5,68.6,85.8,22.6,108.4,4.32,25.07,0.99961,0.058,66.59,25.19,14,2
7.229,factory_mission,9x4.5,pi5,-0.384,-0.215,-0.047,0.010,-0.008,0.001,0.012,0.01,-0.18,-1.41,0.1984,0.3013,0.2077,0.2276,4821,9.817,250.3,79.6,99.6,22.6,122.2,4.88,25.05,0.99960,0.060,59.03,25.19,14,2
7.277,factory_mission,9x4.5,pi5,-0.383,-0.216,-0.047,0.010,-0.008,0.001,0.013,0.01,-0.18,-1.41,0.2083,0.3156,0.2186,0.2394,4991,10.524,268.3,88.4,110.5,22.6,133.1,5.32,25.04,0.99959,0.062,54.14,25.19,14,2
7.329,factory_mission,9x4.5,pi5,-0.383,-0.216,-0.047,0.010,-0.009,0.001,0.013,0.01,-0.18,-1.41,0.2180,0.3307,0.2301,0.2511,5165,11.273,287.4,98.1,122.6,22.6,145.2,5.80,25.02,0.99958,0.064,49.61,25.19,14,2
7.377,factory_mission,9x4.5,pi5,-0.382,-0.217,-0.047,0.010,-0.009,0.001,0.013,0.01,-0.18,-1.41,0.2284,0.3455,0.2410,0.2639,5342,12.062,307.5,108.6,135.7,22.6,158.3,6.33,25.01,0.99956,0.066,45.47,25.19,14,2
7.429,factory_mission,9x4.5,pi5,-0.381,-0.217,-0.047,0.011,-0.009,0.001,0.014,0.01,-0.18,-1.41,0.2413,0.3627,0.2557,0.2780,5555,13.041,332.4,122.0,152.5,22.6,175.1,7.01,24.99,0.99954,0.069,41.07,25.19,14,2
7.477,factory_mission,9x4.5,pi5,-0.379,-0.217,-0.047,0.011,-0.009,0.001,0.014,0.01,-0.18,-1.41,0.2522,0.3782,0.2677,0.2911,5742,13.933,355.2,134.7,168.4,22.6,191.0,7.65,24.97,0.99953,0.071,37.62,25.19,14,2
7.529,factory_mission,9x4.5,pi5,-0.378,-0.217,-0.047,0.012,-0.008,0.001,0.015,0.01,-0.18,-1.41,0.2638,0.3939,0.2801,0.3042,5933,14.876,379.2,148.6,185.8,22.6,208.4,8.35,24.95,0.99951,0.074,34.45,25.19,14,2
7.577,factory_mission,9x4.5,pi5,-0.377,-0.218,-0.047,0.013,-0.008,0.001,0.015,0.01,-0.19,-1.41,0.2747,0.4107,0.2931,0.3177,6129,15.879,404.8,164.0,205.0,22.6,227.6,9.13,24.92,0.99949,0.077,31.52,25.19,14,2
7.629,factory_mission,9x4.5,pi5,-0.376,-0.218,-0.047,0.013,-0.008,0.001,0.016,0.01,-0.19,-1.41,0.2887,0.4295,0.3085,0.3338,6362,17.106,436.1,183.3,229.1,22.6,251.7,10.11,24.89,0.99946,0.081,28.46,25.19,14,2
7.677,factory_mission,9x4.5,pi5,-0.375,-0.218,-0.047,0.014,-0.008,0.000,0.016,0.01,-0.19,-1.41,0.3007,0.4463,0.3220,0.3479,6567,18.223,464.6,201.5,251.9,22.6,274.5,11.04,24.86,0.99944,0.085,26.07,25.19,14,2
7.729,factory_mission,9x4.5,pi5,-0.374,-0.218,-0.047,0.014,-0.008,0.000,0.016,0.01,-0.19,-1.40,0.3132,0.4633,0.3354,0.3625,6775,19.399,494.5,221.3,276.7,22.6,299.3,12.05,24.83,0.99941,0.089,23.88,25.19,14,2
7.777,factory_mission,9x4.5,pi5,-0.373,-0.218,-0.047,0.015,-0.008,0.000,0.017,0.02,-0.19,-1.40,0.3255,0.4811,0.3499,0.3767,6989,20.640,526.2,242.9,303.6,22.6,326.2,13.15,24.80,0.99938,0.093,21.88,25.19,14,2
7.829,factory_mission,9x4.5,pi5,-0.372,-0.218,-0.047,0.015,-0.008,0.000,0.017,0.02,-0.19,-1.40,0.3407,0.5018,0.3666,0.3943,7243,22.166,565.1,270.3,337.9,22.6,360.5,14.56,24.76,0.99934,0.099,19.76,25.19,14,2
7.877,factory_mission,9x4.5,pi5,-0.371,-0.217,-0.047,0.017,-0.007,-0.000,0.019,0.02,-0.20,-1.40,0.3551,0.5185,0.3823,0.4082,7463,23.521,599.6,295.2,369.0,22.6,391.6,15.84,24.72,0.99931,0.104,18.16,25.19,14,2
7.929,factory_mission,9x4.5,pi5,-0.370,-0.217,-0.048,0.024,-0.007,-0.004,0.026,0.02,-0.24,-1.40,0.3753,0.5283,0.4043,0.4147,7674,24.815,632.6,318.8,398.5,22.6,421.1,17.06,24.68,0.99927,0.110,16.87,25.19,14,2
7.977,factory_mission,9x4.5,pi5,-0.368,-0.217,-0.048,0.039,-0.003,-0.014,0.041,0.05,-0.52,-1.42,0.4004,0.5334,0.4242,0.4208,7879,26.078,664.8,341.9,427.4,22.6,450.0,18.26,24.65,0.99923,0.116,15.76,25.19,14,2
8.029,factory_mission,9x4.5,pi5,-0.365,-0.216,-0.049,0.051,0.006,-0.025,0.057,0.13,-0.82,-1.44,0.4383,0.5280,0.4402,0.4350,8105,27.484,700.6,367.4,459.3,22.6,481.9,19.58,24.61,0.99918,0.123,14.69,25.19,14,2
8.077,factory_mission,9x4.5,pi5,-0.361,-0.214,-0.051,0.074,0.023,-0.044,0.089,0.47,-1.47,-1.39,0.4727,0.5166,0.4560,0.4497,8300,28.735,732.5,391.1,488.8,22.6,511.4,20.82,24.57,0.99913,0.130,13.82,25.18,14,2
8.129,factory_mission,9x4.5,pi5,-0.357,-0.212,-0.053,0.089,0.034,-0.057,0.111,0.87,-2.01,-1.29,0.5134,0.4933,0.4715,0.4709,8495,30.072,766.6,417.9,522.4,22.6,545.0,22.22,24.53,0.99908,0.137,12.95,25.18,14,2
8.177,factory_mission,9x4.5,pi5,-0.350,-0.209,-0.057,0.109,0.044,-0.091,0.149,1.63,-2.89,-1.05,0.5081,0.5092,0.4899,0.4854,8653,31.182,794.9,440.9,551.1,22.6,573.7,23.43,24.49,0.99903,0.145,12.28,25.18,14,2
8.229,factory_mission,9x4.5,pi5,-0.345,-0.206,-0.061,0.128,0.056,-0.128,0.189,2.03,-3.32,-0.85,0.5169,0.5070,0.5041,0.5012,8786,32.138,819.3,461.1,576.4,22.6,599.0,24.49,24.46,0.99897,0.154,11.74,25.18,14,2
8.277,factory_mission,9x4.5,pi5,-0.335,-0.201,-0.071,0.163,0.079,-0.204,0.272,2.43,-3.71,-0.52,0.5185,0.5072,0.5132,0.5133,8869,32.747,834.8,474.3,592.8,22.6,615.4,25.19,24.44,0.99891,0.162,11.42,25.18,14,2
8.329,factory_mission,9x4.5,pi5,-0.328,-0.196,-0.081,0.186,0.095,-0.258,0.332,2.57,-3.82,-0.30,0.5159,0.5101,0.5219,0.5218,8932,33.218,846.8,484.6,605.7,22.6,628.3,25.73,24.42,0.99885,0.171,11.18,25.18,14,2
8.377,factory_mission,9x4.5,pi5,-0.316,-0.189,-0.098,0.218,0.119,-0.341,0.421,2.62,-3.78,0.02,0.5156,0.5117,0.5286,0.5278,8983,33.598,856.5,493.0,616.2,22.6,638.8,26.17,24.41,0.99879,0.180,10.99,25.18,14,2
8.429,factory_mission,9x4.5,pi5,-0.306,-0.183,-0.113,0.239,0.135,-0.402,0.487,2.57,-3.66,0.22,0.5169,0.5132,0.5337,0.5332,9031,33.964,865.8,501.1,626.4,22.6,649.0,26.61,24.39,0.99873,0.189,10.81,25.18,14,2
8.477,factory_mission,9x4.5,pi5,-0.288,-0.172,-0.143,0.269,0.160,-0.501,0.590,2.40,-3.36,0.48,0.5066,0.5053,0.5263,0.5258,8912,33.074,843.2,481.6,602.0,22.6,624.6,25.57,24.42,0.99867,0.197,11.24,25.18,14,2
8.529,factory_mission,9x4.5,pi5,-0.277,-0.164,-0.165,0.284,0.173,-0.553,0.646,2.24,-3.11,0.61,0.4987,0.4986,0.5181,0.5196,8807,32.300,823.4,464.8,580.9,22.6,603.5,24.69,24.45,0.99861,0.206,11.65,25.18,14,2
8.577,factory_mission,9x4.5,pi5,-0.260,-0.152,-0.200,0.300,0.187,-0.610,0.704,1.96,-2.69,0.77,0.4940,0.4952,0.5137,0.5134,8739,31.802,810.7,454.0,567.5,22.6,590.1,24.12,24.46,0.99856,0.214,11.92,25.18,14,2
8.629,factory_mission,9x4.5,pi5,-0.247,-0.143,-0.227,0.307,0.194,-0.640,0.736,1.76,-2.40,0.84,0.4924,0.4929,0.5088,0.5098,8694,31.473,802.3,447.0,558.7,22.6,581.3,23.75,24.48,0.99850,0.222,12.10,25.18,14,2
8.677,factory_mission,9x4.5,pi5,-0.227,-0.129,-0.272,0.314,0.202,-0.679,0.775,1.46,-1.98,0.89,0.4914,0.4938,0.5066,0.5064,8673,31.319,798.4,443.7,554.6,22.6,577.2,23.58,24.48,0.99845,0.230,12.19,25.18,14,2
8.729,factory_mission,9x4.5,pi5,-0.215,-0.120,-0.301,0.315,0.205,-0.699,0.793,1.27,-1.71,0.90,0.4928,0.4939,0.5039,0.5043,8661,31.234,796.2,441.8,552.3,22.6,574.9,23.48,24.48,0.99839,0.238,12.24,25.18,14,2
8.777,factory_mission,9x4.5,pi5,-0.198,-0.108,-0.343,0.312,0.205,-0.724,0.814,0.99,-1.33,0.87,0.4933,0.4957,0.5023,0.5021,8656,31.194,795.2,440.9,551.2,22.6,573.8,23.43,24.48,0.99834,0.246,12.26,25.18,14,2
8.829,factory_mission,9x4.5,pi5,-0.186,-0.099,-0.374,0.308,0.204,-0.740,0.827,0.82,-1.10,0.85,0.4946,0.4970,0.5004,0.5007,8654,31.175,794.7,440.5,550.6,22.6,573.2,23.41,24.48,0.99829,0.254,12.27,25.18,14,2
8.877,factory_mission,9x4.5,pi5,-0.168,-0.086,-0.425,0.298,0.199,-0.764,0.844,0.59,-0.79,0.79,0.4960,0.4981,0.4996,0.4991,8654,31.175,794.8,440.5,550.7,22.6,573.2,23.41,24.48,0.99823,0.262,12.27,25.18,14,2
8.929,factory_mission,9x4.5,pi5,-0.158,-0.078,-0.457,0.290,0.195,-0.778,0.853,0.44,-0.61,0.73,0.4970,0.4996,0.4982,0.4983,8655,31.185,795.0,440.7,550.9,22.6,573.5,23.42,24.48,0.99818,0.270,12.27,25.18,14,2
8.977,factory_mission,9x4.5,pi5,-0.143,-0.068,-0.504,0.278,0.186,-0.797,0.865,0.25,-0.36,0.65,0.4982,0.5003,0.4973,0.4978,8657,31.197,795.3,441.0,551.2,22.6,573.8,23.44,24.48,0.99812,0.278,12.26,25.18,14,2
9.029,factory_mission,9x4.5,pi5,-0.134,-0.061,-0.537,0.268,0.179,-0.811,0.872,0.14,-0.23,0.59,0.4995,0.5007,0.4969,0.4974,8660,31.218,795.8,441.4,551.8,22.6,574.4,23.46,24.48,0.99807,0.286,12.25,25.18,14,2
9.077,factory_mission,9x4.5,pi5,-0.120,-0.051,-0.592,0.251,0.167,-0.831,0.884,-0.00,-0.05,0.51,0.4996,0.5018,0.4965,0.4974,8663,31.239,796.4,441.9,552.3,22.6,574.9,23.49,24.48,0.99802,0.294,12.23,25.18,14,2
9.129,factory_mission,9x4.5,pi5,-0.111,-0.046,-0.627,0.239,0.158,-0.843,0.891,-0.08,0.05,0.46,0.5003,0.5020,0.4971,0.4966,8665,31.260,796.9,442.3,552.9,22.6,575.5,23.51,24.48,0.99796,0.302,12.22,25.18,14,2
9.177,factory_mission,9x4.5,pi5,-0.100,-0.039,-0.676,0.223,0.146,-0.860,0.900,-0.18,0.17,0.39,0.5011,0.5018,0.4969,0.4970,8669,31.283,797.5,442.8,553.5,22.6,576.1,23.54,24.48,0.99791,0.310,12.20,25.18,14,2
9.229,factory_mission,9x4.5,pi5,-0.093,-0.034,-0.712,0.211,0.137,-0.872,0.907,-0.23,0.23,0.35,0.5006,0.5027,0.4972,0.4974,8672,31.309,798.2,443.4,554.2,22.6,576.8,23.57,24.48,0.99785,0.318,12.19,25.18,14,2
9.277,factory_mission,9x4.5,pi5,-0.082,-0.027,-0.770,0.192,0.123,-0.890,0.919,-0.28,0.31,0.31,0.5010,0.5023,0.4979,0.4975,8675,31.332,798.7,443.8,554.8,22.6,577.4,23.59,24.47,0.99780,0.326,12.17,25.18,14,2
9.329,factory_mission,9x4.5,pi5,-0.076,-0.024,-0.806,0.181,0.114,-0.901,0.926,-0.31,0.35,0.29,0.5016,0.5017,0.4977,0.4986,8679,31.355,799.3,444.3,555.4,22.6,578.0,23.62,24.47,0.99774,0.334,12.16,25.18,14,2
9.377,factory_mission,9x4.5,pi5,-0.068,-0.019,-0.858,0.165,0.102,-0.916,0.936,-0.33,0.39,0.28,0.5010,0.5019,0.4983,0.4991,8681,31.376,799.9,444.8,556.0,22.6,578.6,23.64,24.47,0.99769,0.342,12.15,25.18,14,2
9.429,factory_mission,9x4.5,pi5,-0.063,-0.016,-0.896,0.154,0.094,-0.927,0.944,-0.34,0.41,0.27,0.5011,0.5016,0.4996,0.4991,8685,31.400,800.5,445.3,556.6,22.6,579.2,23.67,24.47,0.99763,0.350,12.13,25.18,14,2
9.477,factory_mission,9x4.5,pi5,-0.055,-0.012,-0.957,0.138,0.082,-0.943,0.957,-0.35,0.43,0.28,0.5011,0.5013,0.4996,0.5003,8688,31.425,801.1,445.8,557.3,22.6,579.9,23.70,24.47,0.99758,0.358,12.12,25.18,14,2
9.529,factory_mission,9x4.5,pi5,-0.051,-0.010,-0.996,0.128,0.075,-0.953,0.965,-0.35,0.44,0.29,0.5000,0.5007,0.5001,0.4995,8681,31.373,799.8,444.7,555.9,22.6,578.5,23.64,24.47,0.99752,0.366,12.14,25.18,14,2
9.577,factory_mission,9x4.5,pi5,-0.046,-0.007,-1.050,0.115,0.065,-0.965,0.974,-0.34,0.44,0.30,0.4916,0.4916,0.4920,0.4915,8559,30.499,777.5,426.3,532.8,22.6,555.4,22.67,24.50,0.99747,0.374,12.66,25.18,14,2
9.629,factory_mission,9x4.5,pi5,-0.042,-0.005,-1.090,0.106,0.059,-0.965,0.973,-0.33,0.44,0.31,0.4837,0.4838,0.4848,0.4842,8450,29.724,757.8,410.1,512.6,22.6,535.2,21.83,24.52,0.99742,0.381,13.15,25.18,14,2
9.677,factory_mission,9x4.5,pi5,-0.038,-0.003,-1.152,0.091,0.049,-0.949,0.955,-0.32,0.43,0.33,0.4785,0.4799,0.4800,0.4807,8387,29.282,746.5,401.0,501.3,22.6,523.9,21.35,24.54,0.99737,0.388,13.45,25.18,14,2
9.729,factory_mission,9x4.5,pi5,-0.036,-0.002,-1.190,0.083,0.044,-0.932,0.937,-0.31,0.43,0.34,0.4760,0.4764,0.4777,0.4776,8345,28.993,739.1,395.1,493.8,22.6,516.4,21.04,24.55,0.99732,0.396,13.64,25.18,14,2
9.777,factory_mission,9x4.5,pi5,-0.034,-0.001,-1.242,0.072,0.036,-0.902,0.906,-0.30,0.41,0.35,0.4741,0.4744,0.4762,0.4757,8319,28.811,734.5,391.4,489.2,22.6,511.8,20.85,24.55,0.99727,0.403,13.77,25.18,14,2
9.829,factory_mission,9x4.5,pi5,-0.033,-0.001,-1.278,0.065,0.031,-0.878,0.881,-0.28,0.39,0.35,0.4726,0.4734,0.4743,0.4750,8301,28.683,731.2,388.8,486.0,22.6,508.6,20.71,24.56,0.99722,0.410,13.86,25.18,14,2
9.877,factory_mission,9x4.5,pi5,-0.032,-0.001,-1.332,0.054,0.024,-0.839,0.841,-0.26,0.36,0.36,0.4721,0.4726,0.4743,0.4738,8292,28.621,729.6,387.5,484.4,22.6,507.0,20.64,24.56,0.99718,0.417,13.90,25.18,14,2
9.929,factory_mission,9x4.5,pi5,-0.031,-0.001,-1.365,0.048,0.020,-0.815,0.816,-0.24,0.34,0.36,0.4720,0.4722,0.4734,0.4738,8286,28.585,728.7,386.8,483.5,22.6,506.1,20.61,24.56,0.99713,0.424,13.93,25.18,14,2
9.977,factory_mission,9x4.5,pi5,-0.031,-0.001,-1.409,0.040,0.014,-0.781,0.782,-0.22,0.31,0.36,0.4720,0.4720,0.4733,0.4733,8284,28.566,728.2,386.4,483.0,22.6,505.6,20.59,24.56,0.99708,0.431,13.94,25.18,14,2
10.025,factory_mission,9x4.5,pi5,-0.030,-0.001,-1.439,0.035,0.011,-0.757,0.758,-0.20,0.28,0.36,0.4720,0.4720,0.4734,0.4730,8283,28.561,728.1,386.3,482.8,22.6,505.4,20.58,24.56,0.99704,0.438,13.94,25.18,14,2
10.077,factory_mission,9x4.5,pi5,-0.030,-0.002,-1.485,0.028,0.006,-0.721,0.722,-0.17,0.24,0.35,0.4722,0.4722,0.4730,0.4731,8283,28.563,728.2,386.3,482.9,22.6,505.5,20.58,24.56,0.99699,0.445,13.94,25.17,14,2
10.129,factory_mission,9x4.5,pi5,-0.030,-0.002,-1.512,0.024,0.003,-0.699,0.700,-0.15,0.22,0.34,0.4730,0.4716,0.4728,0.4732,8284,28.565,728.2,386.4,483.0,22.6,505.6,20.59,24.56,0.99694,0.452,13.94,25.17,14,2
10.165,factory_mission,9x4.5,pi5,-0.030,-0.002,-1.538,0.021,0.001,-0.679,0.679,-0.13,0.20,0.33,0.4726,0.4723,0.4733,0.4725,8284,28.567,728.2,386.4,483.0,22.6,505.6,20.59,24.56,0.99690,0.457,13.93,25.17,14,2
10.221,factory_mission,9x4.5,pi5,-0.030,-0.002,-1.574,0.016,-0.001,-0.651,0.651,-0.11,0.17,0.31,0.4726,0.4727,0.4726,0.4731,8285,28.574,728.4,386.5,483.2,22.6,505.8,20.60,24.56,0.99685,0.465,13.93,25.17,14,2
10.273,factory_mission,9x4.5,pi5,-0.030,-0.002,-1.598,0.013,-0.003,-0.632,0.632,-0.10,0.15,0.29,0.4729,0.4728,0.4729,0.4725,8285,28.579,728.6,386.6,483.3,22.6,505.9,20.60,24.56,0.99680,0.472,13.92,25.17,14,2
10.325,factory_mission,9x4.5,pi5,-0.031,-0.002,-1.635,0.009,-0.005,-0.603,0.603,-0.08,0.12,0.26,0.4731,0.4731,0.4726,0.4726,8287,28.587,728.8,386.8,483.5,22.6,506.1,20.61,24.55,0.99675,0.480,13.92,25.17,14,2
10.373,factory_mission,9x4.5,pi5,-0.031,-0.002,-1.657,0.006,-0.006,-0.586,0.586,-0.07,0.10,0.25,0.4733,0.4733,0.4729,0.4723,8288,28.593,728.9,386.9,483.7,22.6,506.3,20.62,24.55,0.99671,0.486,13.91,25.17,14,2
10.425,factory_mission,9x4.5,pi5,-0.032,-0.001,-1.686,0.003,-0.007,-0.563,0.563,-0.06,0.07,0.22,0.4735,0.4733,0.4719,0.4731,8288,28.596,729.0,387.0,483.7,22.6,506.3,20.62,24.55,0.99666,0.494,13.91,25.17,14,2
10.473,factory_mission,9x4.5,pi5,-0.033,-0.001,-1.707,0.002,-0.008,-0.548,0.548,-0.05,0.06,0.20,0.4731,0.4740,0.4723,0.4725,8288,28.596,729.0,387.0,483.7,22.6,506.3,20.62,24.55,0.99661,0.501,13.91,25.17,14,2
10.525,factory_mission,9x4.5,pi5,-0.034,-0.000,-1.738,-0.001,-0.009,-0.524,0.524,-0.05,0.03,0.17,0.4738,0.4733,0.4723,0.4723,8288,28.594,728.9,386.9,483.7,22.6,506.3,20.62,24.55,0.99656,0.508,13.91,25.17,14,2
10.573,factory_mission,9x4.5,pi5,-0.035,0.000,-1.757,-0.002,-0.009,-0.510,0.511,-0.05,0.02,0.16,0.4738,0.4732,0.4725,0.4718,8286,28.584,728.7,386.7,483.4,22.6,506.0,20.61,24.55,0.99652,0.515,13.91,25.17,14,2
10.625,factory_mission,9x4.5,pi5,-0.036,0.001,-1.783,-0.004,-0.010,-0.492,0.492,-0.05,-0.01,0.15,0.4733,0.4734,0.4720,0.4723,8285,28.577,728.5,386.6,483.2,22.6,505.8,20.60,24.55,0.99647,0.522,13.92,25.17,14,2
10.673,factory_mission,9x4.5,pi5,-0.037,0.001,-1.800,-0.004,-0.011,-0.479,0.479,-0.06,-0.02,0.14,0.4734,0.4730,0.4721,0.4723,8284,28.569,728.3,386.4,483.1,22.6,505.7,20.59,24.55,0.99642,0.529,13.92,25.17,14,2
10.725,factory_mission,9x4.5,pi5,-0.038,0.002,-1.828,-0.006,-0.012,-0.459,0.459,-0.06,-0.04,0.14,0.4731,0.4728,0.4718,0.4727,8283,28.559,728.1,386.2,482.8,22.6,505.4,20.58,24.55,0.99637,0.536,13.93,25.17,14,2
10.773,factory_mission,9x4.5,pi5,-0.038,0.002,-1.844,-0.006,-0.012,-0.447,0.447,-0.06,-0.05,0.15,0.4726,0.4728,0.4727,0.4718,8281,28.546,727.7,386.0,482.5,22.6,505.1,20.57,24.55,0.99632,0.543,13.94,25.17,14,2
10.825,factory_mission,9x4.5,pi5,-0.039,0.002,-1.867,-0.006,-0.013,-0.431,0.432,-0.06,-0.07,0.16,0.4727,0.4722,0.4725,0.4721,8279,28.535,727.4,385.8,482.2,22.6,504.8,20.56,24.55,0.99627,0.550,13.94,25.17,14,2
10.873,factory_mission,9x4.5,pi5,-0.040,0.002,-1.882,-0.006,-0.014,-0.420,0.421,-0.07,-0.08,0.17,0.4724,0.4719,0.4723,0.4723,8277,28.521,727.1,385.5,481.8,22.6,504.4,20.55,24.55,0.99623,0.557,13.95,25.17,14,2
10.925,factory_mission,9x4.5,pi5,-0.040,0.002,-1.906,-0.006,-0.015,-0.403,0.404,-0.07,-0.09,0.19,0.4722,0.4715,0.4728,0.4718,8275,28.508,726.7,385.2,481.5,22.6,504.1,20.53,24.55,0.99618,0.564,13.96,25.17,14,2
10.973,factory_mission,9x4.5,pi5,-0.040,0.002,-1.921,-0.006,-0.016,-0.393,0.393,-0.07,-0.10,0.20,0.4721,0.4709,0.4722,0.4725,8273,28.492,726.3,384.9,481.1,22.6,503.7,20.52,24.55,0.99613,0.571,13.97,25.17,14,2
11.025,factory_mission,9x4.5,pi5,-0.041,0.002,-1.941,-0.005,-0.017,-0.379,0.380,-0.06,-0.10,0.22,0.4711,0.4712,0.4725,0.4720,8270,28.470,725.8,384.4,480.6,22.6,503.2,20.49,24.55,0.99608,0.578,13.99,25.17,14,2
11.073,factory_mission,9x4.5,pi5,-0.041,0.002,-1.955,-0.005,-0.017,-0.370,0.370,-0.06,-0.11,0.23,0.4707,0.4711,0.4722,0.4721,8267,28.452,725.3,384.1,480.1,22.6,502.7,20.47,24.55,0.99604,0.585,14.00,25.17,14,2
11.125,factory_mission,9x4.5,pi5,-0.041,0.002,-1.977,-0.004,-0.018,-0.354,0.355,-0.06,-0.11,0.25,0.4709,0.4703,0.4721,0.4720,8264,28.432,724.8,383.7,479.6,22.6,502.2,20.45,24.55,0.99599,0.592,14.01,25.17,14,2
11.173,factory_mission,9x4.5,pi5,-0.041,0.002,-1.990,-0.004,-0.018,-0.345,0.346,-0.06,-0.11,0.25,0.4706,0.4703,0.4719,0.4719,8262,28.417,724.4,383.4,479.2,22.6,501.8,20.44,24.55,0.99594,0.599,14.02,25.17,14,2
11.225,factory_mission,9x4.5,pi5,-0.041,0.002,-2.008,-0.003,-0.019,-0.332,0.333,-0.05,-0.11,0.26,0.4702,0.4704,0.4718,0.4718,8261,28.409,724.2,383.2,479.0,22.6,501.6,20.43,24.55,0.99590,0.606,14.03,25.17,14,2
11.273,factory_mission,9x4.5,pi5,-0.041,0.001,-2.021,-0.003,-0.019,-0.324,0.324,-0.05,-0.11,0.26,0.4705,0.4701,0.4717,0.4717,8260,28.402,724.1,383.1,478.8,22.6,501.4,20.42,24.55,0.99585,0.613,14.03,25.17,14,2
11.325,factory_mission,9x4.5,pi5,-0.042,0.001,-2.040,-0.002,-0.020,-0.310,0.311,-0.04,-0.10,0.25,0.4704,0.4704,0.4713,0.4717,8259,28.394,723.9,382.9,478.6,22.6,501.2,20.41,24.55,0.99580,0.620,14.03,25.17,14,2
11.373,factory_mission,9x4.5,pi5,-0.042,0.001,-2.051,-0.002,-0.020,-0.302,0.302,-0.04,-0.10,0.25,0.4706,0.4703,0.4713,0.4713,8258,28.389,723.7,382.8,478.5,22.6,501.1,20.41,24.55,0.99576,0.626,14.04,25.17,14,2
11.425,factory_mission,9x4.5,pi5,-0.042,0.001,-2.067,-0.002,-0.020,-0.290,0.291,-0.03,-0.10,0.23,0.4708,0.4706,0.4712,0.4709,8258,28.389,723.7,382.8,478.5,22.6,501.1,20.41,24.55,0.99571,0.634,14.03,25.17,14,2
11.473,factory_mission,9x4.5,pi5,-0.042,0.001,-2.077,-0.002,-0.020,-0.283,0.283,-0.03,-0.10,0.21,0.4715,0.4701,0.4709,0.4709,8257,28.385,723.6,382.7,478.4,22.6,501.0,20.41,24.55,0.99566,0.640,14.04,25.17,14,2
11.521,factory_mission,9x4.5,pi5,-0.043,0.001,-2.094,-0.002,-0.020,-0.271,0.272,-0.02,-0.10,0.19,0.4708,0.4709,0.4710,0.4704,8256,28.377,723.4,382.6,478.2,22.6,500.8,20.40,24.55,0.99562,0.647,14.04,25.17,14,2
11.573,factory_mission,9x4.5,pi5,-0.043,0.001,-2.104,-0.002,-0.020,-0.264,0.265,-0.02,-0.10,0.18,0.4705,0.4714,0.4704,0.4704,8255,28.367,723.2,382.4,477.9,22.6,500.5,20.39,24.55,0.99557,0.654,14.05,25.17,14,2
11.625,factory_mission,9x4.5,pi5,-0.043,0.001,-2.117,-0.002,-0.020,-0.255,0.255,-0.02,-0.11,0.16,0.4704,0.4716,0.4702,0.4702,8254,28.360,723.0,382.2,477.8,22.6,500.4,20.38,24.55,0.99552,0.662,14.05,25.17,14,2
11.673,factory_mission,9x4.5,pi5,-0.044,0.001,-2.127,-0.002,-0.020,-0.248,0.249,-0.02,-0.11,0.14,0.4710,0.4710,0.4704,0.4696,8252,28.349,722.7,382.0,477.5,22.6,500.1,20.37,24.55,0.99547,0.668,14.06,25.17,14,2
11.725,factory_mission,9x4.5,pi5,-0.045,0.002,-2.142,-0.002,-0.020,-0.238,0.239,-0.02,-0.11,0.12,0.4710,0.4708,0.4701,0.4696,8250,28.338,722.4,381.8,477.2,22.6,499.8,20.36,24.55,0.99542,0.675,14.07,25.17,14,2
11.773,factory_mission,9x4.5,pi5,-0.045,0.002,-2.151,-0.002,-0.020,-0.232,0.233,-0.02,-0.12,0.11,0.4710,0.4707,0.4696,0.4699,8249,28.330,722.2,381.6,477.0,22.6,499.6,20.35,24.55,0.99538,0.682,14.07,25.17,14,2
11.825,factory_mission,9x4.5,pi5,-0.046,0.002,-2.163,-0.002,-0.019,-0.223,0.224,-0.02,-0.13,0.09,0.4707,0.4707,0.4694,0.4701,8248,28.323,722.0,381.5,476.8,22.6,499.4,20.34,24.55,0.99533,0.689,14.07,25.17,14,2
11.873,factory_mission,9x4.5,pi5,-0.047,0.003,-2.171,-0.003,-0.019,-0.217,0.218,-0.03,-0.13,0.08,0.4709,0.4704,0.4693,0.4699,8247,28.312,721.8,381.2,476.6,22.6,499.2,20.33,24.55,0.99528,0.696,14.08,25.17,14,2
11.925,factory_mission,9x4.5,pi5,-0.048,0.003,-2.184,-0.003,-0.018,-0.208,0.209,-0.03,-0.15,0.07,0.4706,0.4705,0.4694,0.4697,8246,28.306,721.6,381.1,476.4,22.6,499.0,20.33,24.55,0.99524,0.703,14.09,25.17,14,2
11.973,factory_mission,9x4.5,pi5,-0.049,0.004,-2.192,-0.003,-0.018,-0.203,0.204,-0.03,-0.15,0.06,0.4706,0.4704,0.4693,0.4698,8245,28.303,721.5,381.1,476.3,22.6,498.9,20.32,24.55,0.99519,0.710,14.09,25.17,14,2
12.025,factory_mission,9x4.5,pi5,-0.051,0.004,-2.203,-0.003,-0.017,-0.195,0.196,-0.04,-0.17,0.05,0.4705,0.4703,0.4695,0.4697,8245,28.302,721.5,381.0,476.3,22.6,498.9,20.32,24.55,0.99514,0.717,14.09,25.17,14,2
12.073,factory_mission,9x4.5,pi5,-0.052,0.005,-2.210,-0.003,-0.017,-0.190,0.191,-0.05,-0.18,0.04,0.4700,0.4706,0.4698,0.4694,8244,28.294,721.3,380.9,476.1,22.6,498.7,20.31,24.55,0.99510,0.724,14.09,25.17,14,2
12.125,factory_mission,9x4.5,pi5,-0.054,0.006,-2.221,-0.004,-0.016,-0.182,0.183,-0.06,-0.20,0.03,0.4703,0.4702,0.4700,0.4691,8243,28.289,721.2,380.8,476.0,22.6,498.6,20.31,24.55,0.99505,0.731,14.09,25.17,14,2
12.173,factory_mission,9x4.5,pi5,-0.055,0.006,-2.228,-0.004,-0.016,-0.178,0.178,-0.06,-0.21,0.03,0.4698,0.4705,0.4694,0.4696,8243,28.284,721.1,380.7,475.9,22.6,498.5,20.30,24.55,0.99500,0.737,14.10,25.17,14,2
12.221,factory_mission,9x4.5,pi5,-0.056,0.007,-2.238,-0.003,-0.016,-0.171,0.172,-0.08,-0.23,0.02,0.4699,0.4701,0.4699,0.4690,8241,28.274,720.8,380.5,475.6,22.6,498.2,20.29,24.55,0.99496,0.744,14.10,25.17,14,2
12.273,factory_mission,9x4.5,pi5,-0.057,0.007,-2.245,-0.003,-0.016,-0.167,0.167,-0.08,-0.24,0.02,0.4700,0.4698,0.4698,0.4691,8240,28.268,720.6,380.4,475.4,22.6,498.0,20.29,24.55,0.99491,0.751,14.11,25.17,14,2
12.325,factory_mission,9x4.5,pi5,-0.059,0.008,-2.255,-0.002,-0.016,-0.160,0.160,-0.09,-0.26,0.02,0.4698,0.4697,0.4699,0.4690,8239,28.262,720.5,380.2,475.3,22.6,497.9,20.28,24.55,0.99486,0.759,14.11,25.17,14,2
12.373,factory_mission,9x4.5,pi5,-0.059,0.008,-2.261,-0.001,-0.016,-0.155,0.156,-0.10,-0.27,0.02,0.4698,0.4694,0.4697,0.4692,8238,28.255,720.3,380.1,475.1,22.6,497.7,20.27,24.55,0.99481,0.765,14.11,25.17,14,2
12.425,factory_mission,9x4.5,pi5,-0.060,0.008,-2.270,-0.000,-0.016,-0.150,0.150,-0.10,-0.29,0.03,0.4693,0.4696,0.4695,0.4694,8237,28.243,720.0,379.8,474.8,22.6,497.4,20.26,24.55,0.99477,0.772,14.12,25.17,14,2
12.473,factory_mission,9x4.5,pi5,-0.061,0.007,-2.276,0.000,-0.016,-0.146,0.147,-0.10,-0.30,0.04,0.4548,0.5715,0.4554,0.5717,8873,33.074,843.1,487.8,609.7,22.6,632.3,25.94,24.38,0.99471,0.781,11.03,25.17,14,2
12.525,factory_mission,9x4.5,pi5,-0.061,0.007,-2.288,0.006,-0.017,-0.226,0.226,-0.10,-1.93,0.05,0.4946,0.4917,0.4965,0.4923,8590,30.716,783.0,430.8,538.5,22.6,561.1,22.93,24.47,0.99465,0.789,12.47,25.17,14,2
12.573,factory_mission,9x4.5,pi5,-0.061,0.006,-2.298,0.028,-0.017,-0.269,0.271,-0.10,-4.81,0.06,0.4870,0.4703,0.4891,0.4718,8383,29.264,746.0,400.8,501.0,22.6,523.6,21.36,24.51,0.99460,0.796,13.39,25.17,14,2
12.625,factory_mission,9x4.5,pi5,-0.058,0.006,-2.315,0.093,-0.018,-0.288,0.303,-0.10,-9.39,0.07,0.4820,0.4574,0.4833,0.4599,8255,28.378,723.4,382.8,478.6,22.6,501.2,20.42,24.54,0.99456,0.803,14.01,25.17,14,2
12.673,factory_mission,9x4.5,pi5,-0.053,0.005,-2.327,0.159,-0.018,-0.281,0.324,-0.09,-12.00,0.08,0.4765,0.4536,0.4785,0.4553,8187,27.915,711.6,373.5,466.9,22.6,489.5,19.93,24.56,0.99451,0.810,14.35,25.17,14,2
12.721,factory_mission,9x4.5,pi5,-0.037,0.004,-2.346,0.289,-0.018,-0.250,0.382,-0.09,-14.94,0.09,0.4725,0.4549,0.4739,0.4564,8164,27.753,707.5,370.2,462.7,22.6,485.3,19.76,24.56,0.99447,0.816,14.48,25.17,14,2
12.773,factory_mission,9x4.5,pi5,-0.023,0.004,-2.357,0.380,-0.018,-0.223,0.441,-0.08,-16.29,0.09,0.4724,0.4566,0.4739,0.4572,8173,27.814,709.1,371.4,464.2,22.6,486.8,19.82,24.56,0.99442,0.823,14.43,25.17,14,2
12.825,factory_mission,9x4.5,pi5,0.006,0.003,-2.370,0.513,-0.018,-0.184,0.545,-0.08,-17.57,0.10,0.4716,0.4609,0.4726,0.4613,8196,27.966,712.9,374.3,467.9,22.6,490.5,19.98,24.55,0.99437,0.830,14.32,25.17,14,2
12.873,factory_mission,9x4.5,pi5,0.031,0.002,-2.377,0.610,-0.018,-0.157,0.630,-0.07,-18.02,0.10,0.4722,0.4644,0.4721,0.4653,8223,28.152,717.7,378.0,472.6,22.6,495.2,20.17,24.55,0.99433,0.837,14.18,25.17,14,2
12.925,factory_mission,9x4.5,pi5,0.083,0.001,-2.386,0.764,-0.018,-0.119,0.774,-0.07,-18.25,0.10,0.4732,0.4680,0.4732,0.4682,8255,28.366,723.1,382.3,477.9,22.6,500.5,20.40,24.54,0.99428,0.844,14.02,25.17,14,2
12.973,factory_mission,9x4.5,pi5,0.120,-0.000,-2.391,0.857,-0.019,-0.099,0.863,-0.06,-18.17,0.10,0.4743,0.4704,0.4741,0.4704,8278,28.531,727.3,385.7,482.1,22.6,504.7,20.57,24.53,0.99423,0.851,13.90,25.17,14,2
13.025,factory_mission,9x4.5,pi5,0.180,-0.002,-2.396,0.981,-0.020,-0.076,0.984,-0.06,-17.82,0.07,0.4739,0.4739,0.4745,0.4723,8298,28.665,730.8,388.4,485.5,22.6,508.1,20.71,24.53,0.99418,0.858,13.80,25.17,14,2
13.073,factory_mission,9x4.5,pi5,0.227,-0.004,-2.399,1.064,-0.021,-0.063,1.067,-0.05,-17.47,0.04,0.4748,0.4757,0.4740,0.4744,8314,28.774,733.5,390.6,488.3,22.6,510.9,20.83,24.53,0.99414,0.865,13.73,25.17,14,2
13.121,factory_mission,9x4.5,pi5,0.310,-0.007,-2.402,1.187,-0.023,-0.047,1.188,-0.03,-16.84,-0.03,0.4759,0.4772,0.4737,0.4755,8326,28.858,735.7,392.3,490.4,22.6,513.0,20.92,24.52,0.99409,0.872,13.67,25.16,14,2
13.173,factory_mission,9x4.5,pi5,0.365,-0.009,-2.403,1.256,-0.024,-0.040,1.257,-0.01,-16.38,-0.08,0.4765,0.4786,0.4742,0.4751,8333,28.911,737.0,393.4,491.8,22.6,514.4,20.98,24.52,0.99404,0.879,13.63,25.16,14,2
13.221,factory_mission,9x4.5,pi5,0.448,-0.012,-2.405,1.343,-0.027,-0.033,1.344,0.02,-15.68,-0.17,0.4765,0.4800,0.4734,0.4753,8336,28.930,737.5,393.8,492.2,22.6,514.8,21.00,24.52,0.99399,0.886,13.61,25.16,14,2
13.273,factory_mission,9x4.5,pi5,0.509,-0.014,-2.406,1.399,-0.028,-0.030,1.400,0.04,-15.22,-0.23,0.4769,0.4808,0.4725,0.4751,8337,28.934,737.6,393.9,492.4,22.6,515.0,21.00,24.52,0.99394,0.893,13.61,25.16,14,2
13.325,factory_mission,9x4.5,pi5,0.611,-0.018,-2.408,1.477,-0.031,-0.027,1.478,0.08,-14.56,-0.31,0.4772,0.4813,0.4722,0.4742,8335,28.924,737.3,393.7,492.1,22.6,514.7,20.99,24.52,0.99389,0.901,13.62,25.16,14,2
13.373,factory_mission,9x4.5,pi5,0.677,-0.021,-2.409,1.520,-0.032,-0.026,1.520,0.11,-14.15,-0.36,0.4776,0.4813,0.4711,0.4742,8333,28.905,736.9,393.3,491.6,22.6,514.2,20.97,24.52,0.99384,0.908,13.63,25.16,14,2
13.425,factory_mission,9x4.5,pi5,0.771,-0.025,-2.411,1.571,-0.034,-0.026,1.572,0.15,-13.59,-0.42,0.4771,0.4818,0.4703,0.4739,8329,28.880,736.2,392.8,491.0,22.6,513.6,20.95,24.52,0.99379,0.915,13.64,25.16,14,2
13.473,factory_mission,9x4.5,pi5,0.840,-0.027,-2.412,1.603,-0.035,-0.027,1.603,0.19,-13.26,-0.45,0.4769,0.4816,0.4705,0.4729,8325,28.851,735.5,392.2,490.3,22.6,512.9,20.92,24.52,0.99375,0.922,13.66,25.16,14,2
13.525,factory_mission,9x4.5,pi5,0.951,-0.032,-2.414,1.646,-0.037,-0.027,1.647,0.23,-12.82,-0.47,0.4765,0.4815,0.4698,0.4728,8319,28.815,734.6,391.5,489.4,22.6,512.0,20.88,24.52,0.99370,0.929,13.69,25.16,14,2
13.573,factory_mission,9x4.5,pi5,1.021,-0.036,-2.415,1.668,-0.038,-0.028,1.669,0.26,-12.56,-0.48,0.4761,0.4810,0.4692,0.4730,8315,28.784,733.8,390.8,488.6,22.6,511.2,20.84,24.52,0.99365,0.936,13.71,25.16,14,2
13.621,factory_mission,9x4.5,pi5,1.119,-0.040,-2.417,1.695,-0.039,-0.029,1.696,0.31,-12.24,-0.48,0.4757,0.4806,0.4691,0.4727,8310,28.751,733.0,390.2,487.7,22.6,510.3,20.81,24.52,0.99360,0.943,13.73,25.16,14,2
13.673,factory_mission,9x4.5,pi5,1.190,-0.044,-2.419,1.711,-0.039,-0.030,1.712,0.34,-12.05,-0.47,0.4755,0.4796,0.4692,0.4724,8306,28.720,732.2,389.5,486.9,22.6,509.5,20.78,24.52,0.99355,0.950,13.75,25.16,14,2
13.725,factory_mission,9x4.5,pi5,1.303,-0.050,-2.421,1.732,-0.040,-0.031,1.732,0.38,-11.83,-0.44,0.4752,0.4789,0.4691,0.4723,8302,28.692,731.4,389.0,486.2,22.6,508.8,20.75,24.52,0.99350,0.958,13.77,25.16,14,2
13.773,factory_mission,9x4.5,pi5,1.373,-0.053,-2.423,1.742,-0.039,-0.031,1.743,0.41,-11.72,-0.41,0.4746,0.4786,0.4690,0.4727,8299,28.672,730.9,388.6,485.7,22.6,508.3,20.73,24.52,0.99346,0.965,13.78,25.16,14,2
13.825,factory_mission,9x4.5,pi5,1.471,-0.058,-2.425,1.755,-0.038,-0.031,1.755,0.45,-11.58,-0.33,0.4742,0.4780,0.4689,0.4729,8296,28.650,730.4,388.1,485.1,22.6,507.7,20.70,24.52,0.99341,0.972,13.80,25.16,14,2
13.873,factory_mission,9x4.5,pi5,1.541,-0.061,-2.427,1.762,-0.037,-0.032,1.763,0.47,-11.51,-0.27,0.4738,0.4772,0.4698,0.4724,8293,28.632,729.9,387.7,484.7,22.6,507.3,20.68,24.52,0.99336,0.979,13.81,25.16,14,2
13.925,factory_mission,9x4.5,pi5,1.653,-0.065,-2.430,1.771,-0.034,-0.032,1.772,0.50,-11.44,-0.14,0.4730,0.4767,0.4697,0.4728,8289,28.606,729.2,387.2,484.0,22.6,506.6,20.66,24.52,0.99331,0.986,13.83,25.16,14,2
13.973,factory_mission,9x4.5,pi5,1.723,-0.068,-2.432,1.776,-0.031,-0.032,1.777,0.51,-11.41,-0.03,0.4724,0.4755,0.4703,0.4732,8286,28.585,728.7,386.8,483.5,22.6,506.1,20.63,24.52,0.99327,0.993,13.84,25.16,14,2
14.021,factory_mission,9x4.5,pi5,1.820,-0.070,-2.435,1.782,-0.028,-0.031,1.782,0.52,-11.39,0.14,0.4711,0.4754,0.4706,0.4736,8284,28.569,728.3,386.5,483.1,22.6,505.7,20.62,24.52,0.99322,0.999,13.85,25.16,14,2
14.073,factory_mission,9x4.5,pi5,1.889,-0.072,-2.437,1.785,-0.025,-0.031,1.786,0.52,-11.39,0.26,0.4712,0.4735,0.4713,0.4741,8281,28.550,727.8,386.1,482.6,22.6,505.2,20.60,24.53,0.99317,1.007,13.86,25.16,14,2
14.121,factory_mission,9x4.5,pi5,2.000,-0.075,-2.440,1.790,-0.020,-0.030,1.791,0.51,-11.40,0.46,0.4696,0.4738,0.4715,0.4747,8280,28.539,727.5,385.8,482.3,22.6,504.9,20.59,24.53,0.99313,1.013,13.87,25.16,14,2
14.173,factory_mission,9x4.5,pi5,2.070,-0.076,-2.442,1.793,-0.016,-0.029,1.793,0.50,-11.42,0.59,0.4696,0.4719,0.4727,0.4746,8277,28.522,727.1,385.5,481.9,22.6,504.5,20.57,24.53,0.99308,1.021,13.88,25.16,14,2
14.221,factory_mission,9x4.5,pi5,2.167,-0.077,-2.446,1.797,-0.012,-0.028,1.797,0.48,-11.45,0.78,0.4686,0.4718,0.4732,0.4750,8276,28.514,726.9,385.3,481.7,22.6,504.3,20.56,24.53,0.99303,1.027,13.88,25.16,14,2
14.273,factory_mission,9x4.5,pi5,2.236,-0.077,-2.448,1.799,-0.008,-0.027,1.800,0.47,-11.48,0.91,0.4682,0.4711,0.4738,0.4752,8275,28.509,726.8,385.2,481.6,22.6,504.2,20.56,24.52,0.99298,1.035,13.89,25.16,14,2
14.325,factory_mission,9x4.5,pi5,2.346,-0.077,-2.451,1.803,-0.003,-0.025,1.803,0.44,-11.52,1.09,0.4675,0.4712,0.4735,0.4759,8275,28.504,726.7,385.1,481.4,22.6,504.0,20.55,24.52,0.99293,1.042,13.89,25.16,14,2
14.373,factory_mission,9x4.5,pi5,2.415,-0.077,-2.453,1.805,0.000,-0.024,1.805,0.42,-11.55,1.20,0.4681,0.4679,0.4741,0.4735,8258,28.390,723.7,382.8,478.5,22.6,501.1,20.43,24.53,0.99289,1.049,13.97,25.16,14,2
14.425,factory_mission,9x4.5,pi5,2.512,-0.076,-2.455,1.808,0.004,-0.021,1.808,0.40,-11.58,1.35,0.4672,0.4670,0.4737,0.4720,8245,28.299,721.4,381.0,476.2,22.6,498.8,20.34,24.53,0.99284,1.056,14.04,25.16,14,2
14.473,factory_mission,9x4.5,pi5,2.581,-0.076,-2.457,1.809,0.007,-0.018,1.809,0.38,-11.51,1.44,0.4670,0.4662,0.4732,0.4715,8237,28.247,720.1,379.9,474.9,22.6,497.5,20.28,24.53,0.99279,1.063,14.07,25.16,14,2
14.521,factory_mission,9x4.5,pi5,2.691,-0.074,-2.459,1.809,0.011,-0.012,1.809,0.35,-11.26,1.56,0.4658,0.4671,0.4720,0.4720,8234,28.225,719.5,379.5,474.4,22.6,497.0,20.26,24.53,0.99275,1.069,14.09,25.16,14,2
14.573,factory_mission,9x4.5,pi5,2.759,-0.073,-2.461,1.807,0.014,-0.008,1.807,0.33,-10.99,1.63,0.4653,0.4676,0.4720,0.4715,8232,28.213,719.2,379.2,474.1,22.6,496.7,20.25,24.53,0.99270,1.076,14.10,25.16,14,2
14.625,factory_mission,9x4.5,pi5,2.855,-0.072,-2.462,1.801,0.017,-0.003,1.801,0.31,-10.49,1.72,0.4654,0.4680,0.4705,0.4724,8232,28.210,719.1,379.2,474.0,22.6,496.6,20.24,24.53,0.99265,1.084,14.10,25.16,14,2
14.673,factory_mission,9x4.5,pi5,2.924,-0.071,-2.463,1.793,0.019,-0.000,1.794,0.29,-10.09,1.77,0.4655,0.4684,0.4703,0.4720,8231,28.205,719.0,379.1,473.9,22.6,496.5,20.24,24.53,0.99261,1.090,14.10,25.16,14,2
14.725,factory_mission,9x4.5,pi5,3.032,-0.069,-2.464,1.777,0.021,0.003,1.777,0.27,-9.46,1.84,0.4658,0.4688,0.4701,0.4713,8230,28.199,718.9,379.0,473.7,22.6,496.3,20.23,24.53,0.99256,1.097,14.10,25.16,14,2
14.773,factory_mission,9x4.5,pi5,3.099,-0.068,-2.465,1.763,0.023,0.005,1.763,0.26,-9.01,1.87,0.4591,0.5964,0.5074,0.4184,8612,31.260,796.9,450.7,563.3,22.6,585.9,24.00,24.42,0.99250,1.105,11.89,25.16,14,2
14.825,factory_mission,9x4.5,pi5,3.192,-0.066,-2.467,1.747,0.026,-0.044,1.748,1.38,-8.65,2.01,0.6673,0.6756,0.3050,0.2916,8460,32.844,837.3,537.9,672.4,22.6,695.0,28.63,24.28,0.99243,1.115,9.97,25.16,14,2
16.147,factory_mission,9x4.5,pi5,3.258,-0.064,-2.471,1.739,0.043,-0.110,1.743,3.56,-8.47,2.47,0.7718,0.7386,0.1684,0.1807,8171,35.180,896.8,666.7,833.4,22.6,856.0,35.56,24.07,0.99026,1.430,8.00,25.16,14,2
16.200,factory_mission,9x4.5,pi5,3.363,-0.058,-2.484,1.728,0.112,-0.253,1.750,7.17,-8.17,4.35,0.7816,0.7416,0.0865,0.1237,7713,34.225,872.5,669.3,836.7,22.6,859.3,35.73,24.05,0.99017,1.442,7.96,25.16,14,2
16.248,factory_mission,9x4.5,pi5,3.429,-0.052,-2.497,1.715,0.180,-0.332,1.756,9.26,-8.05,6.55,0.7119,0.7237,0.0712,0.1301,7364,30.944,788.9,572.5,715.7,22.6,738.3,30.50,24.20,0.99010,1.452,9.32,25.16,14,2
16.300,factory_mission,9x4.5,pi5,3.519,-0.038,-2.521,1.681,0.289,-0.385,1.748,11.48,-8.03,11.19,0.6524,0.6483,0.1105,0.1700,7162,27.085,690.5,450.1,562.6,22.6,585.2,23.99,24.40,0.99004,1.460,11.86,25.16,14,2
16.348,factory_mission,9x4.5,pi5,3.582,-0.023,-2.539,1.645,0.368,-0.375,1.727,12.35,-8.29,15.00,0.5844,0.5792,0.1811,0.2278,7131,24.306,619.6,355.8,444.7,22.6,467.3,19.04,24.55,0.99000,1.467,14.94,25.16,14,2
16.400,factory_mission,9x4.5,pi5,3.679,0.008,-2.565,1.575,0.485,-0.291,1.673,12.77,-9.16,21.46,0.5151,0.5166,0.2753,0.3027,7266,23.110,589.1,301.0,376.2,22.6,398.8,16.19,24.63,0.98996,1.472,17.56,25.15,14,2
16.448,factory_mission,9x4.5,pi5,3.737,0.032,-2.577,1.527,0.553,-0.215,1.638,12.52,-9.97,26.08,0.4604,0.4585,0.3644,0.3793,7457,23.322,594.5,288.1,360.2,22.6,382.8,15.53,24.65,0.98993,1.478,18.31,25.15,14,2
16.500,factory_mission,9x4.5,pi5,3.815,0.071,-2.588,1.458,0.645,-0.110,1.599,11.60,-11.36,33.20,0.4071,0.4043,0.4476,0.4544,7641,24.354,620.9,305.0,381.3,22.6,403.9,16.40,24.62,0.98989,1.483,17.34,25.15,14,2
16.548,factory_mission,9x4.5,pi5,3.867,0.103,-2.592,1.411,0.712,-0.047,1.581,10.73,-12.25,37.93,0.3657,0.3608,0.5130,0.5148,7790,25.756,656.6,340.2,425.3,22.6,447.9,18.23,24.57,0.98985,1.489,15.60,25.15,14,2
16.600,factory_mission,9x4.5,pi5,3.947,0.159,-2.592,1.340,0.820,0.022,1.572,9.16,-13.30,44.74,0.3316,0.3245,0.5651,0.5634,7899,27.196,693.3,382.3,477.8,22.6,500.4,20.42,24.50,0.98980,1.497,13.92,25.15,14,2
16.648,factory_mission,9x4.5,pi5,3.995,0.198,-2.590,1.299,0.888,0.046,1.574,8.04,-13.73,48.98,0.3052,0.2991,0.5970,0.5949,7942,28.143,717.5,413.9,517.4,22.6,540.0,22.08,24.45,0.98975,1.504,12.87,25.15,14,2
16.700,factory_mission,9x4.5,pi5,4.059,0.258,-2.585,1.244,0.981,0.060,1.585,6.39,-13.95,54.67,0.2863,0.2856,0.6138,0.6130,7951,28.660,730.6,433.0,541.2,22.6,563.8,23.09,24.42,0.98970,1.512,12.31,25.15,14,2
16.748,factory_mission,9x4.5,pi5,4.104,0.304,-2.581,1.206,1.042,0.062,1.595,5.38,-13.83,57.96,0.2798,0.2803,0.6187,0.6177,7942,28.760,733.2,437.8,547.3,22.6,569.9,23.34,24.41,0.98964,1.520,12.18,25.15,14,2
16.796,factory_mission,9x4.5,pi5,4.171,0.382,-2.575,1.149,1.128,0.061,1.612,4.07,-13.33,62.05,0.2830,0.2850,0.6131,0.6123,7931,28.552,727.9,431.0,538.7,22.6,561.3,22.98,24.42,0.98959,1.527,12.37,25.15,14,2
16.848,factory_mission,9x4.5,pi5,4.212,0.434,-2.572,1.115,1.174,0.061,1.620,3.35,-12.84,64.23,0.2937,0.2968,0.6010,0.6006,7926,28.197,718.8,417.8,522.3,22.6,544.9,22.29,24.44,0.98954,1.535,12.75,25.15,14,2
16.900,factory_mission,9x4.5,pi5,4.267,0.509,-2.567,1.068,1.226,0.063,1.627,2.51,-11.96,66.72,0.3112,0.3170,0.5821,0.5832,7932,27.768,707.9,400.5,500.6,22.6,523.2,21.38,24.47,0.98949,1.542,13.29,25.15,14,2
16.948,factory_mission,9x4.5,pi5,4.305,0.564,-2.564,1.037,1.255,0.067,1.629,2.09,-11.33,67.91,0.3322,0.3382,0.5628,0.5653,7949,27.452,699.8,386.1,482.6,22.6,505.2,20.63,24.49,0.98944,1.549,13.78,25.15,14,2
17.000,factory_mission,9x4.5,pi5,4.364,0.653,-2.559,0.987,1.287,0.078,1.624,1.62,-10.34,69.09,0.3596,0.3639,0.5411,0.5431,7983,27.245,694.5,373.7,467.1,22.6,489.7,19.98,24.51,0.98939,1.556,14.22,25.15,14,2
17.048,factory_mission,9x4.5,pi5,4.400,0.710,-2.555,0.956,1.300,0.087,1.616,1.41,-9.68,69.56,0.3832,0.3886,0.5222,0.5244,8022,27.202,693.5,367.1,458.9,22.6,481.5,19.64,24.52,0.98935,1.563,14.47,25.15,14,2
17.100,factory_mission,9x4.5,pi5,4.448,0.789,-2.549,0.915,1.309,0.100,1.600,1.18,-8.73,69.90,0.4089,0.4144,0.5011,0.5051,8062,27.242,694.5,363.5,454.3,22.6,476.9,19.44,24.53,0.98930,1.570,14.61,25.15,14,2
17.144,factory_mission,9x4.5,pi5,4.481,0.845,-2.544,0.886,1.310,0.107,1.585,1.07,-8.12,69.96,0.4292,0.4335,0.4872,0.4901,8100,27.386,698.1,364.1,455.1,22.6,477.7,19.48,24.53,0.98926,1.575,14.59,25.15,14,2
17.196,factory_mission,9x4.5,pi5,4.532,0.934,-2.536,0.841,1.302,0.116,1.555,0.95,-7.25,69.89,0.4497,0.4545,0.4707,0.4742,8133,27.546,702.2,366.1,457.6,22.6,480.2,19.58,24.52,0.98922,1.582,14.51,25.15,14,2
17.244,factory_mission,9x4.5,pi5,4.562,0.988,-2.531,0.814,1.293,0.118,1.532,0.88,-6.71,69.80,0.4655,0.4686,0.4591,0.4631,8159,27.715,706.5,369.3,461.6,22.6,484.2,19.75,24.52,0.98917,1.589,14.39,25.15,14,2
17.296,factory_mission,9x4.5,pi5,4.603,1.063,-2.524,0.775,1.275,0.118,1.497,0.79,-5.95,69.68,0.4779,0.4813,0.4500,0.4534,8182,27.886,710.9,373.0,466.3,22.6,488.9,19.94,24.51,0.98912,1.596,14.24,25.15,14,2
17.344,factory_mission,9x4.5,pi5,4.632,1.115,-2.519,0.749,1.258,0.116,1.468,0.73,-5.48,69.64,0.4851,0.4884,0.4448,0.4480,8196,27.999,713.8,375.6,469.6,22.6,492.2,20.08,24.51,0.98908,1.602,14.14,25.15,14,2
17.396,factory_mission,9x4.5,pi5,4.675,1.196,-2.511,0.708,1.225,0.111,1.419,0.64,-4.83,69.67,0.4902,0.4946,0.4405,0.4437,8205,28.084,716.0,377.8,472.2,22.6,494.8,20.19,24.50,0.98903,1.610,14.07,25.15,14,2
17.444,factory_mission,9x4.5,pi5,4.701,1.245,-2.506,0.683,1.202,0.107,1.387,0.58,-4.43,69.76,0.4923,0.4971,0.4388,0.4425,8211,28.135,717.2,379.0,473.7,22.6,496.3,20.26,24.50,0.98899,1.616,14.02,25.15,14,2
17.496,factory_mission,9x4.5,pi5,4.736,1.311,-2.500,0.649,1.166,0.100,1.339,0.49,-3.90,70.02,0.4944,0.4983,0.4382,0.4410,8216,28.171,718.2,379.8,474.8,22.6,497.4,20.30,24.50,0.98894,1.623,13.99,25.15,14,2
17.544,factory_mission,9x4.5,pi5,4.760,1.356,-2.496,0.626,1.139,0.094,1.303,0.44,-3.58,70.28,0.4932,0.4969,0.4399,0.4424,8218,28.176,718.3,379.8,474.7,22.6,497.3,20.30,24.50,0.98889,1.630,13.99,25.15,14,2
17.592,factory_mission,9x4.5,pi5,4.797,1.426,-2.490,0.590,1.093,0.086,1.245,0.37,-3.15,70.79,0.4925,0.4955,0.4408,0.4437,8218,28.173,718.2,379.6,474.5,22.6,497.1,20.29,24.50,0.98885,1.637,13.99,25.15,14,2
17.644,factory_mission,9x4.5,pi5,4.819,1.468,-2.487,0.568,1.063,0.081,1.208,0.32,-2.89,71.21,0.4899,0.4927,0.4435,0.4463,8217,28.159,717.8,379.1,473.9,22.6,496.5,20.27,24.50,0.98880,1.644,14.01,25.15,14,2
17.696,factory_mission,9x4.5,pi5,4.849,1.524,-2.483,0.538,1.021,0.074,1.156,0.27,-2.56,71.92,0.4884,0.4914,0.4448,0.4475,8217,28.148,717.6,378.8,473.5,22.6,496.1,20.25,24.50,0.98875,1.651,14.02,25.15,14,2
17.744,factory_mission,9x4.5,pi5,4.869,1.563,-2.480,0.518,0.990,0.069,1.119,0.25,-2.36,72.46,0.4861,0.4881,0.4478,0.4503,8217,28.140,717.4,378.4,473.0,22.6,495.6,20.23,24.50,0.98870,1.658,14.03,25.15,14,2
17.796,factory_mission,9x4.5,pi5,4.900,1.622,-2.476,0.487,0.940,0.062,1.061,0.22,-2.10,73.34,0.4843,0.4876,0.4489,0.4513,8217,28.133,717.2,378.2,472.8,22.6,495.4,20.22,24.50,0.98866,1.665,14.04,25.15,14,2
17.844,factory_mission,9x4.5,pi5,4.918,1.657,-2.474,0.469,0.910,0.058,1.025,0.21,-1.94,73.97,0.4828,0.4857,0.4507,0.4528,8216,28.127,717.0,378.0,472.5,22.6,495.1,20.21,24.50,0.98861,1.671,14.05,25.15,14,2
17.896,factory_mission,9x4.5,pi5,4.943,1.704,-2.471,0.443,0.867,0.053,0.975,0.20,-1.74,74.97,0.4842,0.4861,0.4501,0.4518,8217,28.134,717.2,378.2,472.7,22.6,495.3,20.22,24.50,0.98856,1.678,14.04,25.15,14,2
17.944,factory_mission,9x4.5,pi5,4.960,1.736,-2.469,0.426,0.837,0.050,0.940,0.20,-1.63,75.68,0.4831,0.4851,0.4511,0.4530,8217,28.133,717.2,378.1,472.6,22.6,495.2,20.21,24.50,0.98852,1.685,14.04,25.15,14,2
17.992,factory_mission,9x4.5,pi5,4.985,1.785,-2.466,0.399,0.789,0.045,0.886,0.21,-1.47,76.81,0.4849,0.4863,0.4495,0.4516,8217,28.136,717.3,378.2,472.8,22.6,495.4,20.22,24.50,0.98847,1.692,14.04,25.15,14,2
18.044,factory_mission,9x4.5,pi5,5.000,1.814,-2.465,0.382,0.761,0.040,0.852,0.21,-1.39,77.59,0.4626,0.4382,0.4714,0.6038,8593,31.102,792.9,447.2,559.0,22.6,581.6,23.85,24.39,0.98841,1.700,11.90,25.15,14,2
18.096,factory_mission,9x4.5,pi5,5.019,1.852,-2.464,0.363,0.724,-0.029,0.811,-1.06,-2.19,78.63,0.2268,0.1959,0.7352,0.7568,8371,35.436,903.4,655.6,819.4,22.6,842.0,35.01,24.05,0.98833,1.712,8.11,25.15,14,2
18.144,factory_mission,9x4.5,pi5,5.033,1.879,-2.468,0.366,0.706,-0.132,0.806,-3.05,-3.15,78.76,0.0426,0.0320,0.8757,0.8381,7913,40.773,1039.4,907.3,1134.1,22.6,1156.7,48.94,23.63,0.98822,1.728,5.80,25.15,14,2
18.196,factory_mission,9x4.5,pi5,5.057,1.920,-2.485,0.420,0.692,-0.386,0.897,-6.25,-4.47,77.32,0.0000,0.0109,0.8284,0.7670,6895,35.456,903.9,749.2,936.5,22.6,959.1,40.13,23.90,0.98813,1.741,7.07,25.15,14,2
18.244,factory_mission,9x4.5,pi5,5.074,1.946,-2.505,0.475,0.685,-0.499,0.972,-8.10,-5.24,75.19,0.0000,0.0307,0.7145,0.7265,6407,29.726,757.8,570.5,713.1,22.6,735.7,30.42,24.19,0.98806,1.751,9.33,25.15,14,2
18.296,factory_mission,9x4.5,pi5,5.103,1.982,-2.538,0.556,0.668,-0.538,1.022,-10.00,-6.12,70.53,0.0000,0.0487,0.6827,0.6753,6172,26.938,686.7,488.9,611.1,22.6,633.7,26.06,24.32,0.98799,1.760,10.89,25.15,14,2
18.344,factory_mission,9x4.5,pi5,5.127,2.007,-2.562,0.614,0.650,-0.516,1.032,-10.72,-6.67,66.59,0.0331,0.0873,0.6456,0.6287,6486,24.831,633.0,417.4,521.7,22.6,544.3,22.28,24.43,0.98795,1.768,12.73,25.15,14,2
18.396,factory_mission,9x4.5,pi5,5.172,2.046,-2.598,0.703,0.613,-0.429,1.027,-11.06,-7.65,59.63,0.1416,0.1777,0.5476,0.5475,6558,21.209,540.7,297.7,372.1,22.6,394.7,16.03,24.62,0.98791,1.773,17.69,25.14,14,2
18.444,factory_mission,9x4.5,pi5,5.204,2.069,-2.616,0.750,0.587,-0.334,1.009,-10.74,-8.41,54.49,0.2552,0.2703,0.4765,0.4723,6775,20.089,512.1,243.9,304.9,22.6,327.5,13.26,24.70,0.98788,1.778,21.39,25.14,14,2
18.496,factory_mission,9x4.5,pi5,5.251,2.100,-2.634,0.806,0.549,-0.178,0.991,-9.64,-9.61,46.40,0.3718,0.3762,0.4119,0.4082,7115,21.103,538.0,245.8,307.3,22.6,329.9,13.36,24.70,0.98785,1.783,21.23,25.14,14,2
18.544,factory_mission,9x4.5,pi5,5.287,2.120,-2.640,0.844,0.522,-0.075,0.995,-8.62,-10.33,40.94,0.4652,0.4653,0.3587,0.3547,7390,22.993,586.2,283.7,354.6,22.6,377.2,15.31,24.64,0.98781,1.788,18.53,25.14,14,2
18.596,factory_mission,9x4.5,pi5,5.348,2.150,-2.640,0.908,0.480,0.046,1.028,-6.92,-11.11,32.95,0.5438,0.5418,0.3098,0.3062,7598,25.242,643.5,343.1,428.9,22.6,451.5,18.39,24.55,0.98777,1.794,15.42,25.14,14,2
18.644,factory_mission,9x4.5,pi5,5.388,2.167,-2.636,0.951,0.455,0.089,1.058,-5.76,-11.39,27.95,0.5966,0.5941,0.2737,0.2717,7724,27.112,691.2,399.4,499.2,22.6,521.8,21.33,24.46,0.98772,1.801,13.29,25.14,14,2
18.696,factory_mission,9x4.5,pi5,5.447,2.190,-2.627,1.011,0.423,0.113,1.102,-4.13,-11.41,21.18,0.6305,0.6280,0.2478,0.2453,7780,28.398,724.0,442.1,552.6,22.6,575.2,23.59,24.39,0.98766,1.809,12.02,25.14,14,2
18.744,factory_mission,9x4.5,pi5,5.492,2.204,-2.620,1.052,0.401,0.113,1.131,-3.17,-11.20,17.25,0.6450,0.6418,0.2325,0.2318,7778,28.884,736.3,460.8,576.0,22.6,598.6,24.57,24.36,0.98761,1.817,11.54,25.14,14,2
18.796,factory_mission,9x4.5,pi5,5.567,2.226,-2.610,1.110,0.368,0.100,1.173,-1.98,-10.59,12.35,0.6440,0.6423,0.2281,0.2311,7758,28.797,734.1,459.5,574.4,22.6,597.0,24.51,24.36,0.98755,1.826,11.57,25.14,14,2
18.844,factory_mission,9x4.5,pi5,5.615,2.238,-2.604,1.139,0.349,0.091,1.194,-1.36,-10.06,9.74,0.6326,0.6338,0.2353,0.2390,7740,28.373,723.3,445.3,556.6,22.6,579.2,23.76,24.38,0.98750,1.834,11.93,25.14,14,2
18.896,factory_mission,9x4.5,pi5,5.685,2.254,-2.597,1.169,0.323,0.084,1.216,-0.69,-9.16,6.77,0.6134,0.6149,0.2536,0.2569,7734,27.717,706.6,421.2,526.5,22.6,549.1,22.48,24.42,0.98744,1.842,12.61,25.14,14,2
18.944,factory_mission,9x4.5,pi5,5.735,2.265,-2.593,1.184,0.306,0.084,1.226,-0.38,-8.54,5.36,0.5925,0.5944,0.2760,0.2802,7749,27.174,692.7,398.9,498.6,22.6,521.2,21.31,24.46,0.98739,1.849,13.30,25.14,14,2
18.996,factory_mission,9x4.5,pi5,5.817,2.281,-2.586,1.196,0.281,0.095,1.232,-0.09,-7.61,4.01,0.5670,0.5698,0.3056,0.3106,7784,26.709,680.9,377.2,471.4,22.6,494.0,20.17,24.49,0.98735,1.856,14.05,25.14,14,2
19.044,factory_mission,9x4.5,pi5,5.868,2.290,-2.581,1.196,0.266,0.106,1.230,0.02,-7.02,3.52,0.5440,0.5477,0.3357,0.3398,7837,26.513,675.9,363.5,454.4,22.6,477.0,19.46,24.51,0.98730,1.862,14.56,25.14,14,2
19.096,factory_mission,9x4.5,pi5,5.939,2.302,-2.574,1.190,0.246,0.126,1.222,0.10,-6.19,3.29,0.5202,0.5242,0.3702,0.3725,7909,26.537,676.5,355.5,444.4,22.6,467.0,19.05,24.52,0.98726,1.869,14.88,25.14,14,2
19.144,factory_mission,9x4.5,pi5,5.989,2.311,-2.568,1.181,0.233,0.139,1.212,0.11,-5.67,3.38,0.5006,0.5039,0.3994,0.4008,7972,26.685,680.3,353.3,441.6,22.6,464.2,18.93,24.53,0.98721,1.875,14.97,25.14,14,2
19.196,factory_mission,9x4.5,pi5,6.066,2.323,-2.558,1.160,0.212,0.157,1.190,0.12,-4.95,3.75,0.4799,0.4845,0.4270,0.4293,8030,26.908,686.0,354.5,443.1,22.6,465.7,18.99,24.52,0.98717,1.882,14.92,25.14,14,2
19.244,factory_mission,9x4.5,pi5,6.113,2.330,-2.552,1.144,0.200,0.164,1.173,0.11,-4.51,4.10,0.4652,0.4690,0.4489,0.4515,8080,27.188,693.1,358.9,448.6,22.6,471.2,19.22,24.52,0.98713,1.888,14.74,25.14,14,2
19.292,factory_mission,9x4.5,pi5,6.177,2.340,-2.542,1.117,0.184,0.169,1.145,0.12,-3.91,4.66,0.4519,0.4569,0.4670,0.4699,8121,27.458,700.0,364.2,455.3,22.6,477.9,19.50,24.51,0.98708,1.894,14.53,25.14,14,2
19.344,factory_mission,9x4.5,pi5,6.221,2.346,-2.535,1.095,0.174,0.169,1.122,0.12,-3.54,5.01,0.4431,0.4465,0.4816,0.4842,8156,27.724,706.8,370.1,462.6,22.6,485.2,19.80,24.50,0.98704,1.901,14.31,25.14,14,2
19.392,factory_mission,9x4.5,pi5,6.289,2.356,-2.523,1.057,0.158,0.165,1.081,0.15,-3.04,5.45,0.4363,0.4402,0.4916,0.4931,8177,27.898,711.2,374.2,467.7,22.6,490.3,20.02,24.49,0.98699,1.908,14.15,25.14,14,2
19.444,factory_mission,9x4.5,pi5,6.329,2.362,-2.516,1.031,0.149,0.160,1.054,0.18,-2.73,5.66,0.4330,0.4361,0.4974,0.4988,8192,28.023,714.4,377.2,471.5,22.6,494.1,20.18,24.49,0.98694,1.915,14.04,25.14,14,2
19.496,factory_mission,9x4.5,pi5,6.383,2.371,-2.507,0.992,0.137,0.151,1.013,0.22,-2.33,5.81,0.4314,0.4342,0.5006,0.5023,8204,28.119,716.8,379.4,474.3,22.6,496.9,20.30,24.48,0.98689,1.922,13.96,25.14,14,2
19.544,factory_mission,9x4.5,pi5,6.420,2.377,-2.501,0.964,0.130,0.144,0.983,0.25,-2.10,5.81,0.4326,0.4352,0.4999,0.5029,8211,28.167,718.0,380.3,475.4,22.6,498.0,20.34,24.48,0.98685,1.929,13.92,25.14,14,2
19.596,factory_mission,9x4.5,pi5,6.476,2.386,-2.491,0.917,0.119,0.133,0.934,0.30,-1.79,5.66,0.4342,0.4369,0.4995,0.5014,8216,28.193,718.7,380.7,475.9,22.6,498.5,20.36,24.48,0.98680,1.936,13.91,25.14,14,2
19.644,factory_mission,9x4.5,pi5,6.510,2.392,-2.485,0.887,0.113,0.123,0.903,0.32,-1.61,5.45,0.4212,0.5131,0.4742,0.5756,8622,31.226,796.0,447.5,559.3,22.6,581.9,23.88,24.37,0.98675,1.944,11.86,25.14,14,2
19.692,factory_mission,9x4.5,pi5,6.554,2.399,-2.480,0.850,0.105,0.060,0.858,0.21,-2.85,5.00,0.4587,0.4635,0.5094,0.5075,8459,29.838,760.7,413.5,516.9,22.6,539.5,22.09,24.43,0.98670,1.951,12.82,25.14,14,2
19.744,factory_mission,9x4.5,pi5,6.585,2.405,-2.478,0.837,0.100,0.023,0.843,0.07,-5.04,4.62,0.4644,0.4557,0.5008,0.4849,8338,28.972,738.6,395.2,494.0,22.6,516.6,21.13,24.45,0.98665,1.958,13.41,25.14,14,2
19.796,factory_mission,9x4.5,pi5,6.634,2.413,-2.477,0.849,0.092,-0.005,0.854,-0.10,-8.50,3.98,0.4680,0.4554,0.4891,0.4710,8258,28.401,724.0,383.3,479.1,22.6,501.7,20.50,24.47,0.98660,1.966,13.81,25.14,14,2
19.844,factory_mission,9x4.5,pi5,6.666,2.418,-2.477,0.875,0.088,-0.009,0.879,-0.15,-10.44,3.53,0.4722,0.4576,0.4801,0.4607,8211,28.074,715.7,376.6,470.7,22.6,493.3,20.15,24.48,0.98655,1.972,14.05,25.14,14,2
19.892,factory_mission,9x4.5,pi5,6.713,2.425,-2.478,0.927,0.082,-0.003,0.931,-0.15,-12.60,2.83,0.4746,0.4628,0.4713,0.4561,8190,27.926,711.9,373.6,467.0,22.6,489.6,19.99,24.49,0.98651,1.979,14.16,25.14,14,2
19.944,factory_mission,9x4.5,pi5,6.749,2.430,-2.478,0.973,0.078,0.005,0.976,-0.10,-13.56,2.38,0.4785,0.4677,0.4649,0.4527,8186,27.906,711.4,373.2,466.5,22.6,489.1,19.97,24.49,0.98646,1.986,14.17,25.14,14,2
19.996,factory_mission,9x4.5,pi5,6.813,2.437,-2.477,1.053,0.072,0.022,1.055,-0.01,-14.40,1.76,0.4802,0.4729,0.4603,0.4526,8194,27.962,712.8,374.4,468.0,22.6,490.6,20.04,24.49,0.98641,1.993,14.13,25.14,14,2
20.044,factory_mission,9x4.5,pi5,6.856,2.441,-2.475,1.104,0.068,0.033,1.107,0.05,-14.63,1.39,0.4810,0.4770,0.4584,0.4532,8208,28.056,715.2,376.3,470.4,22.6,493.0,20.14,24.48,0.98637,2.000,14.06,25.14,14,2
20.088,factory_mission,9x4.5,pi5,6.902,2.446,-2.473,1.155,0.065,0.043,1.158,0.11,-14.65,1.06,0.4824,0.4778,0.4598,0.4536,8222,28.156,717.8,378.4,472.9,22.6,495.5,20.24,24.48,0.98633,2.006,13.98,25.14,14,2
20.144,factory_mission,9x4.5,pi5,6.970,2.451,-2.470,1.223,0.060,0.054,1.226,0.18,-14.39,0.66,0.4810,0.4800,0.4592,0.4575,8237,28.258,720.4,380.4,475.4,22.6,498.0,20.35,24.47,0.98627,2.013,13.91,25.14,14,2
20.188,factory_mission,9x4.5,pi5,7.022,2.455,-2.467,1.268,0.056,0.060,1.270,0.24,-13.85,0.32,0.4800,0.4794,0.4620,0.4588,8246,28.315,721.8,381.5,476.8,22.6,499.4,20.41,24.47,0.98623,2.019,13.87,25.14,14,2
20.244,factory_mission,9x4.5,pi5,7.098,2.460,-2.463,1.324,0.050,0.065,1.327,0.26,-13.39,0.14,0.4781,0.4786,0.4637,0.4624,8256,28.378,723.4,382.7,478.3,22.6,500.9,20.47,24.47,0.98618,2.027,13.83,25.14,14,2
20.296,factory_mission,9x4.5,pi5,7.189,2.464,-2.458,1.378,0.044,0.067,1.380,0.29,-12.57,-0.10,0.4754,0.4773,0.4658,0.4661,8262,28.419,724.5,383.5,479.3,22.6,501.9,20.51,24.47,0.98613,2.035,13.80,25.14,14,2
20.344,factory_mission,9x4.5,pi5,7.248,2.467,-2.454,1.405,0.040,0.067,1.408,0.30,-11.98,-0.23,0.4728,0.4763,0.4681,0.4685,8266,28.444,725.1,383.9,479.9,22.6,502.5,20.54,24.47,0.98608,2.041,13.78,25.14,14,2
20.396,factory_mission,9x4.5,pi5,7.332,2.470,-2.449,1.435,0.035,0.065,1.437,0.32,-11.04,-0.40,0.4711,0.4734,0.4708,0.4710,8268,28.459,725.5,384.2,480.3,22.6,502.9,20.55,24.47,0.98603,2.048,13.77,25.13,14,2
20.444,factory_mission,9x4.5,pi5,7.392,2.472,-2.446,1.451,0.031,0.062,1.452,0.32,-10.39,-0.51,0.4695,0.4719,0.4717,0.4733,8268,28.461,725.5,384.2,480.3,22.6,502.9,20.56,24.47,0.98599,2.055,13.77,25.13,14,2
20.496,factory_mission,9x4.5,pi5,7.490,2.475,-2.440,1.465,0.025,0.057,1.466,0.33,-9.43,-0.69,0.4665,0.4714,0.4734,0.4748,8268,28.456,725.4,384.2,480.2,22.6,502.8,20.55,24.47,0.98594,2.062,13.77,25.13,14,2
20.544,factory_mission,9x4.5,pi5,7.552,2.477,-2.437,1.467,0.022,0.053,1.468,0.34,-8.79,-0.81,0.4660,0.4698,0.4735,0.4766,8266,28.448,725.2,384.0,480.0,22.6,502.6,20.54,24.47,0.98589,2.069,13.77,25.13,14,2
20.596,factory_mission,9x4.5,pi5,7.637,2.479,-2.433,1.463,0.017,0.047,1.464,0.34,-7.87,-1.02,0.4646,0.4684,0.4750,0.4771,8264,28.431,724.8,383.7,479.6,22.6,502.2,20.53,24.47,0.98584,2.076,13.78,25.13,14,2
20.644,factory_mission,9x4.5,pi5,7.697,2.481,-2.430,1.455,0.013,0.042,1.456,0.35,-7.28,-1.18,0.4644,0.4680,0.4751,0.4772,8262,28.420,724.5,383.5,479.4,22.6,502.0,20.52,24.47,0.98580,2.083,13.79,25.13,14,2
20.692,factory_mission,9x4.5,pi5,7.792,2.483,-2.426,1.434,0.008,0.035,1.434,0.36,-6.44,-1.44,0.4635,0.4676,0.4755,0.4776,8260,28.408,724.2,383.2,479.0,22.6,501.6,20.50,24.47,0.98575,2.090,13.80,25.13,14,2
20.744,factory_mission,9x4.5,pi5,7.850,2.484,-2.424,1.416,0.005,0.030,1.417,0.36,-5.92,-1.63,0.4633,0.4674,0.4751,0.4776,8258,28.390,723.7,382.9,478.6,22.6,501.2,20.49,24.47,0.98570,2.097,13.81,25.13,14,2
20.792,factory_mission,9x4.5,pi5,7.928,2.485,-2.421,1.386,0.001,0.024,1.387,0.37,-5.19,-1.95,0.4628,0.4669,0.4752,0.4778,8255,28.372,723.3,382.5,478.1,22.6,500.7,20.47,24.47,0.98566,2.104,13.82,25.13,14,2
20.844,factory_mission,9x4.5,pi5,7.983,2.486,-2.419,1.362,-0.002,0.020,1.362,0.38,-4.74,-2.18,0.4630,0.4671,0.4744,0.4774,8252,28.350,722.7,382.1,477.6,22.6,500.2,20.44,24.47,0.98561,2.111,13.83,25.13,14,2
20.896,factory_mission,9x4.5,pi5,8.067,2.486,-2.416,1.317,-0.007,0.013,1.318,0.39,-4.12,-2.56,0.4625,0.4669,0.4748,0.4769,8249,28.333,722.3,381.7,477.2,22.6,499.8,20.43,24.47,0.98556,2.118,13.85,25.13,14,2
20.944,factory_mission,9x4.5,pi5,8.118,2.487,-2.415,1.288,-0.009,0.009,1.288,0.39,-3.75,-2.83,0.4622,0.4676,0.4741,0.4768,8247,28.319,721.9,381.4,476.8,22.6,499.4,20.41,24.47,0.98551,2.125,13.85,25.13,14,2
20.996,factory_mission,9x4.5,pi5,8.186,2.486,-2.413,1.243,-0.012,0.004,1.243,0.40,-3.25,-3.25,0.4626,0.4657,0.4746,0.4771,8245,28.304,721.6,381.2,476.4,22.6,499.0,20.40,24.47,0.98546,2.132,13.86,25.13,14,2
21.044,factory_mission,9x4.5,pi5,8.233,2.486,-2.412,1.210,-0.015,0.001,1.210,0.41,-2.95,-3.54,0.4625,0.4660,0.4746,0.4763,8243,28.289,721.2,380.8,476.0,22.6,498.6,20.38,24.47,0.98542,2.139,13.87,25.13,14,2
21.096,factory_mission,9x4.5,pi5,8.305,2.485,-2.410,1.156,-0.018,-0.004,1.157,0.42,-2.56,-4.00,0.4620,0.4652,0.4745,0.4773,8241,28.279,720.9,380.6,475.8,22.6,498.4,20.37,24.47,0.98537,2.146,13.88,25.13,14,2
21.144,factory_mission,9x4.5,pi5,8.348,2.485,-2.410,1.122,-0.020,-0.007,1.122,0.43,-2.32,-4.32,0.4621,0.4647,0.4746,0.4770,8239,28.264,720.5,380.3,475.4,22.6,498.0,20.36,24.47,0.98532,2.153,13.89,25.13,14,2
21.196,factory_mission,9x4.5,pi5,8.406,2.484,-2.409,1.073,-0.022,-0.011,1.074,0.44,-2.00,-4.83,0.4602,0.4637,0.4757,0.4779,8236,28.245,720.0,380.0,475.0,22.6,497.6,20.34,24.47,0.98528,2.160,13.90,25.13,14,2
21.244,factory_mission,9x4.5,pi5,8.445,2.483,-2.409,1.038,-0.023,-0.013,1.039,0.45,-1.82,-5.18,0.4605,0.4631,0.4758,0.4776,8234,28.231,719.7,379.7,474.6,22.6,497.2,20.32,24.47,0.98523,2.166,13.91,25.13,14,2
21.296,factory_mission,9x4.5,pi5,8.505,2.482,-2.409,0.983,-0.025,-0.016,0.983,0.46,-1.57,-5.73,0.4590,0.4617,0.4768,0.4789,8232,28.219,719.4,379.5,474.4,22.6,497.0,20.31,24.47,0.98518,2.174,13.92,25.13,14,2
21.344,factory_mission,9x4.5,pi5,8.540,2.481,-2.410,0.949,-0.026,-0.021,0.949,0.46,-1.43,-6.11,0.4539,0.4505,0.4820,0.6344,8755,32.411,826.2,478.6,598.2,22.6,620.8,25.54,24.31,0.98513,2.182,11.07,25.13,14,2
21.396,factory_mission,9x4.5,pi5,8.587,2.480,-2.412,0.905,-0.029,-0.102,0.912,-0.89,-2.51,-6.88,0.2814,0.2649,0.6862,0.7167,8496,34.074,868.6,584.5,730.6,22.6,753.2,31.20,24.14,0.98505,2.193,9.06,25.13,14,2
21.444,factory_mission,9x4.5,pi5,8.619,2.479,-2.418,0.887,-0.047,-0.190,0.908,-2.94,-4.05,-7.82,0.1479,0.1531,0.7917,0.7505,8112,35.837,913.6,698.7,873.4,22.6,896.0,37.41,23.95,0.98497,2.205,7.55,25.13,14,2
21.496,factory_mission,9x4.5,pi5,8.670,2.475,-2.436,0.882,-0.120,-0.353,0.958,-6.18,-6.49,-10.42,0.0885,0.1041,0.7928,0.7324,7657,34.161,870.9,671.9,839.8,22.6,862.4,35.94,24.00,0.98488,2.217,7.86,25.13,14,2
21.544,factory_mission,9x4.5,pi5,8.702,2.469,-2.453,0.889,-0.189,-0.429,1.005,-7.94,-8.03,-13.06,0.0898,0.1165,0.7011,0.7073,7284,29.996,764.7,544.7,680.9,22.6,703.5,29.07,24.20,0.98482,2.226,9.72,25.13,14,2
21.596,factory_mission,9x4.5,pi5,8.749,2.455,-2.481,0.898,-0.295,-0.459,1.050,-9.51,-10.01,-18.33,0.1431,0.1707,0.6299,0.6156,7083,25.642,653.7,406.5,508.1,22.6,530.7,21.73,24.42,0.98476,2.234,13.00,25.13,14,2
21.644,factory_mission,9x4.5,pi5,8.782,2.441,-2.501,0.900,-0.370,-0.427,1.062,-9.87,-11.22,-22.53,0.2249,0.2467,0.5565,0.5398,7114,23.211,591.7,319.4,399.2,22.6,421.8,17.18,24.56,0.98473,2.240,16.45,25.13,14,2
21.696,factory_mission,9x4.5,pi5,8.837,2.410,-2.529,0.896,-0.484,-0.312,1.065,-9.52,-12.94,-29.51,0.3263,0.3379,0.4772,0.4706,7274,22.468,572.8,277.3,346.7,22.6,369.3,15.00,24.62,0.98469,2.245,18.84,25.13,14,2
21.744,factory_mission,9x4.5,pi5,8.871,2.387,-2.541,0.892,-0.552,-0.226,1.073,-8.79,-13.97,-34.43,0.4178,0.4239,0.4190,0.4090,7483,23.313,594.3,284.9,356.1,22.6,378.7,15.39,24.61,0.98465,2.250,18.36,25.13,14,2
21.796,factory_mission,9x4.5,pi5,8.919,2.349,-2.552,0.887,-0.649,-0.119,1.106,-7.24,-15.25,-41.84,0.5042,0.5060,0.3639,0.3560,7702,25.157,641.3,328.0,410.0,22.6,432.6,17.63,24.54,0.98461,2.256,16.03,25.13,14,2
21.844,factory_mission,9x4.5,pi5,8.952,2.318,-2.556,0.885,-0.722,-0.063,1.144,-6.03,-15.88,-46.63,0.5647,0.5667,0.3216,0.3119,7828,26.864,684.8,378.0,472.5,22.6,495.1,20.24,24.46,0.98457,2.263,13.96,25.13,14,2
21.896,factory_mission,9x4.5,pi5,9.006,2.263,-2.558,0.887,-0.842,-0.013,1.223,-4.13,-16.42,-53.27,0.6112,0.6118,0.2827,0.2759,7889,28.320,721.9,427.0,533.7,22.6,556.3,22.81,24.39,0.98451,2.271,12.38,25.13,14,2
21.944,factory_mission,9x4.5,pi5,9.040,2.224,-2.557,0.891,-0.918,-0.002,1.279,-2.92,-16.52,-57.20,0.6362,0.6341,0.2583,0.2555,7897,29.092,741.7,455.8,569.8,22.6,592.4,24.34,24.34,0.98446,2.279,11.60,25.13,14,2
21.996,factory_mission,9x4.5,pi5,9.087,2.164,-2.556,0.896,-1.020,-0.001,1.358,-1.32,-16.33,-62.18,0.6427,0.6402,0.2478,0.2472,7876,29.215,744.8,463.0,578.7,22.6,601.3,24.72,24.33,0.98440,2.288,11.42,25.13,14,2
22.044,factory_mission,9x4.5,pi5,9.121,2.118,-2.554,0.900,-1.088,-0.003,1.412,-0.46,-16.04,-64.87,0.6369,0.6358,0.2496,0.2504,7856,28.960,738.3,455.3,569.1,22.6,591.7,24.31,24.34,0.98434,2.295,11.62,25.13,14,2
22.096,factory_mission,9x4.5,pi5,9.176,2.039,-2.553,0.905,-1.184,-0.004,1.490,0.51,-15.45,-67.95,0.6204,0.6235,0.2618,0.2648,7848,28.454,725.4,436.7,545.9,22.6,568.5,23.33,24.37,0.98429,2.304,12.10,25.13,14,2
22.144,factory_mission,9x4.5,pi5,9.210,1.987,-2.552,0.906,-1.236,0.000,1.533,0.97,-15.03,-69.42,0.6027,0.6044,0.2811,0.2840,7855,27.936,712.2,416.1,520.1,22.6,542.7,22.24,24.40,0.98424,2.311,12.69,25.13,14,2
22.196,factory_mission,9x4.5,pi5,9.258,1.911,-2.550,0.906,-1.299,0.012,1.584,1.41,-14.40,-70.83,0.5790,0.5822,0.3083,0.3115,7886,27.495,700.9,395.3,494.2,22.6,516.8,21.15,24.43,0.98419,2.318,13.35,25.13,14,2
22.244,factory_mission,9x4.5,pi5,9.292,1.854,-2.548,0.904,-1.338,0.024,1.615,1.57,-14.03,-71.32,0.5563,0.5621,0.3374,0.3380,7932,27.267,695.1,381.0,476.2,22.6,498.8,20.40,24.46,0.98414,2.325,13.84,25.13,14,2
22.296,factory_mission,9x4.5,pi5,9.347,1.762,-2.544,0.900,-1.389,0.048,1.656,1.68,-13.53,-71.52,0.5353,0.5390,0.3663,0.3682,7987,27.191,693.2,371.1,463.9,22.6,486.5,19.88,24.47,0.98410,2.332,14.20,25.13,14,2
22.344,factory_mission,9x4.5,pi5,9.381,1.702,-2.541,0.897,-1.417,0.063,1.678,1.71,-13.25,-71.37,0.5162,0.5203,0.3926,0.3958,8045,27.282,695.5,367.2,459.0,22.6,481.6,19.68,24.48,0.98405,2.338,14.34,25.13,14,2
22.396,factory_mission,9x4.5,pi5,9.428,1.618,-2.535,0.892,-1.451,0.081,1.705,1.67,-12.90,-70.84,0.4966,0.5013,0.4209,0.4238,8110,27.507,701.2,367.7,459.6,22.6,482.2,19.70,24.48,0.98400,2.345,14.33,25.13,14,2
22.444,factory_mission,9x4.5,pi5,9.462,1.557,-2.531,0.889,-1.472,0.091,1.722,1.61,-12.71,-70.36,0.4810,0.4850,0.4433,0.4465,8158,27.735,707.1,370.3,462.9,22.6,485.5,19.84,24.47,0.98396,2.352,14.23,25.13,14,2
22.496,factory_mission,9x4.5,pi5,9.515,1.459,-2.523,0.883,-1.501,0.101,1.745,1.50,-12.47,-69.53,0.4654,0.4707,0.4642,0.4666,8198,27.976,713.2,374.5,468.1,22.6,490.7,20.06,24.46,0.98391,2.359,14.07,25.13,14,2
22.544,factory_mission,9x4.5,pi5,9.548,1.397,-2.517,0.880,-1.517,0.104,1.757,1.41,-12.34,-68.97,0.4554,0.4593,0.4789,0.4817,8228,28.198,718.8,379.2,474.0,22.6,496.6,20.30,24.46,0.98387,2.366,13.90,25.13,14,2
22.596,factory_mission,9x4.5,pi5,9.595,1.310,-2.510,0.876,-1.537,0.104,1.773,1.28,-12.18,-68.17,0.4467,0.4510,0.4905,0.4942,8254,28.403,724.1,383.9,479.9,22.6,502.5,20.55,24.45,0.98382,2.373,13.73,25.13,14,2
22.644,factory_mission,9x4.5,pi5,9.628,1.248,-2.505,0.874,-1.550,0.102,1.782,1.20,-12.08,-67.71,0.4420,0.4460,0.4978,0.5006,8268,28.526,727.2,386.9,483.7,22.6,506.3,20.71,24.44,0.98377,2.380,13.62,25.13,14,2
22.696,factory_mission,9x4.5,pi5,9.680,1.149,-2.497,0.869,-1.567,0.096,1.795,1.10,-11.97,-67.15,0.4389,0.4438,0.5023,0.5041,8278,28.610,729.3,389.0,486.2,22.6,508.8,20.82,24.44,0.98372,2.387,13.55,25.13,14,2
22.744,factory_mission,9x4.5,pi5,9.713,1.086,-2.493,0.866,-1.577,0.092,1.801,1.05,-11.91,-66.88,0.4395,0.4433,0.5025,0.5054,8284,28.655,730.5,389.9,487.4,22.6,510.0,20.87,24.44,0.98367,2.394,13.52,25.13,14,2
22.792,factory_mission,9x4.5,pi5,9.758,0.999,-2.487,0.862,-1.588,0.085,1.809,0.99,-11.84,-66.62,0.4409,0.4448,0.5020,0.5041,8288,28.675,731.0,390.2,487.8,22.6,510.4,20.89,24.44,0.98363,2.401,13.51,25.13,14,2
22.844,factory_mission,9x4.5,pi5,9.791,0.937,-2.484,0.860,-1.595,0.080,1.814,0.97,-11.81,-66.54,0.4438,0.4487,0.4986,0.5012,8289,28.669,730.9,389.8,487.2,22.6,509.8,20.86,24.44,0.98358,2.408,13.52,25.13,14,2
22.896,factory_mission,9x4.5,pi5,9.844,0.838,-2.478,0.856,-1.605,0.071,1.820,0.96,-11.78,-66.55,0.4480,0.4524,0.4947,0.4972,8290,28.655,730.5,389.1,486.4,22.6,509.0,20.83,24.44,0.98353,2.415,13.54,25.13,14,2
22.944,factory_mission,9x4.5,pi5,9.876,0.775,-2.476,0.853,-1.611,0.066,1.824,0.95,-11.76,-66.63,0.4526,0.4564,0.4912,0.4921,8290,28.638,730.1,388.5,485.6,22.6,508.2,20.80,24.44,0.98348,2.422,13.56,25.13,14,2
22.996,factory_mission,9x4.5,pi5,9.922,0.688,-2.472,0.850,-1.618,0.060,1.829,0.96,-11.75,-66.84,0.4572,0.4607,0.4863,0.4883,8290,28.629,729.8,388.0,485.0,22.6,507.6,20.77,24.44,0.98343,2.429,13.58,25.13,14,2
23.044,factory_mission,9x4.5,pi5,9.955,0.625,-2.469,0.848,-1.623,0.055,1.832,0.96,-11.76,-67.03,0.4612,0.4649,0.4823,0.4842,8291,28.624,729.7,387.7,484.7,22.6,507.3,20.76,24.44,0.98339,2.436,13.59,25.13,14,2
23.096,factory_mission,9x4.5,pi5,10.008,0.524,-2.465,0.843,-1.631,0.049,1.837,0.97,-11.76,-67.35,0.4649,0.4685,0.4789,0.4803,8291,28.619,729.6,387.5,484.4,22.6,507.0,20.75,24.44,0.98334,2.444,13.59,25.13,14,2
23.144,factory_mission,9x4.5,pi5,10.040,0.461,-2.463,0.840,-1.636,0.045,1.839,0.98,-11.78,-67.59,0.4674,0.4721,0.4756,0.4777,8292,28.622,729.7,387.5,484.4,22.6,507.0,20.75,24.44,0.98329,2.450,13.59,25.13,14,2
23.196,factory_mission,9x4.5,pi5,10.085,0.373,-2.461,0.836,-1.642,0.040,1.843,0.98,-11.79,-67.96,0.4698,0.4743,0.4735,0.4756,8293,28.630,729.9,387.7,484.6,22.6,507.2,20.76,24.44,0.98324,2.458,13.58,25.13,14,2
23.244,factory_mission,9x4.5,pi5,10.118,0.309,-2.459,0.833,-1.646,0.037,1.845,0.98,-11.81,-68.22,0.4719,0.4760,0.4720,0.4737,8294,28.640,730.1,387.9,484.9,22.6,507.5,20.77,24.44,0.98319,2.464,13.58,25.13,14,2
23.292,factory_mission,9x4.5,pi5,10.169,0.208,-2.456,0.827,-1.653,0.032,1.849,0.98,-11.84,-68.59,0.4733,0.4754,0.4709,0.4719,8287,28.587,728.8,386.8,483.5,22.6,506.1,20.71,24.44,0.98315,2.471,13.61,25.13,14,2
23.344,factory_mission,9x4.5,pi5,10.201,0.144,-2.455,0.824,-1.657,0.030,1.850,0.97,-11.85,-68.83,0.4737,0.4742,0.4707,0.4685,8271,28.480,726.0,384.6,480.8,22.6,503.4,20.60,24.44,0.98310,2.478,13.69,25.13,14,2
23.396,factory_mission,9x4.5,pi5,10.246,0.055,-2.452,0.818,-1.662,0.028,1.852,0.96,-11.78,-69.18,0.4731,0.4727,0.4707,0.4677,8260,28.404,724.1,383.1,478.9,22.6,501.5,20.52,24.44,0.98305,2.486,13.74,25.12,14,2
23.444,factory_mission,9x4.5,pi5,10.278,-0.009,-2.451,0.813,-1.664,0.028,1.853,0.95,-11.63,-69.40,0.4721,0.4727,0.4705,0.4675,8255,28.373,723.3,382.5,478.1,22.6,500.7,20.48,24.44,0.98300,2.492,13.76,25.12,14,2
23.496,factory_mission,9x4.5,pi5,10.328,-0.112,-2.448,0.804,-1.666,0.029,1.850,0.93,-11.25,-69.71,0.4705,0.4720,0.4701,0.4694,8253,28.354,722.8,382.1,477.6,22.6,500.2,20.46,24.44,0.98295,2.500,13.77,25.12,14,2
23.544,factory_mission,9x4.5,pi5,10.359,-0.176,-2.447,0.798,-1.664,0.029,1.846,0.91,-10.91,-69.91,0.4684,0.4737,0.4682,0.4770,8271,28.481,726.1,384.7,480.9,22.6,503.5,20.60,24.44,0.98291,2.506,13.68,25.12,14,2
23.596,factory_mission,9x4.5,pi5,10.403,-0.266,-2.445,0.787,-1.659,0.026,1.837,0.86,-10.40,-70.21,0.4652,0.4670,0.4757,0.4766,8261,28.415,724.4,383.4,479.2,22.6,501.8,20.53,24.44,0.98286,2.514,13.73,25.12,14,2
23.644,factory_mission,9x4.5,pi5,10.433,-0.329,-2.443,0.779,-1.653,0.024,1.827,0.80,-10.09,-70.42,0.4621,0.4644,0.4785,0.4777,8255,28.374,723.3,382.6,478.2,22.6,500.8,20.49,24.44,0.98281,2.520,13.75,25.12,14,2
23.692,factory_mission,9x4.5,pi5,10.481,-0.431,-2.441,0.762,-1.640,0.021,1.809,0.70,-9.62,-70.76,0.4595,0.4629,0.4796,0.4794,8250,28.343,722.6,382.0,477.5,22.6,500.1,20.46,24.44,0.98277,2.527,13.77,25.12,14,2
23.744,factory_mission,9x4.5,pi5,10.510,-0.495,-2.440,0.751,-1.630,0.020,1.795,0.65,-9.26,-71.00,0.4589,0.4626,0.4794,0.4797,8247,28.323,722.0,381.6,477.0,22.6,499.6,20.44,24.44,0.98272,2.534,13.78,25.12,14,2
23.796,factory_mission,9x4.5,pi5,10.549,-0.583,-2.438,0.733,-1.613,0.018,1.772,0.59,-8.69,-71.41,0.4591,0.4617,0.4798,0.4793,8245,28.308,721.6,381.3,476.6,22.6,499.2,20.43,24.44,0.98267,2.541,13.79,25.12,14,2
23.844,factory_mission,9x4.5,pi5,10.577,-0.646,-2.437,0.719,-1.599,0.017,1.753,0.57,-8.29,-71.71,0.4673,0.4573,0.4883,0.4602,8220,28.143,717.4,378.1,472.6,22.6,495.2,20.26,24.45,0.98262,2.548,13.91,25.12,14,2
23.896,factory_mission,9x4.5,pi5,10.619,-0.744,-2.435,0.695,-1.571,0.015,1.718,0.63,-7.45,-72.18,0.4725,0.4761,0.4597,0.4657,8223,28.154,717.7,378.1,472.6,22.6,495.2,20.26,24.45,0.98258,2.555,13.91,25.12,14,2
23.944,factory_mission,9x4.5,pi5,10.645,-0.805,-2.435,0.679,-1.549,0.013,1.692,0.78,-6.60,-72.48,0.4799,0.4859,0.4520,0.4561,8223,28.166,718.0,378.7,473.4,22.6,496.0,20.29,24.44,0.98253,2.562,13.89,25.12,14,2
23.996,factory_mission,9x4.5,pi5,10.680,-0.888,-2.434,0.657,-1.510,0.010,1.646,1.00,-5.30,-72.87,0.4835,0.4884,0.4476,0.4538,8221,28.161,717.9,378.8,473.4,22.6,496.0,20.29,24.44,0.98248,2.569,13.88,25.12,14,2
24.044,factory_mission,9x4.5,pi5,10.705,-0.946,-2.434,0.640,-1.476,0.008,1.609,1.11,-4.50,-73.07,0.4828,0.4887,0.4473,0.4543,8220,28.156,717.8,378.7,473.3,22.6,495.9,20.29,24.44,0.98244,2.575,13.88,25.12,14,2
24.096,factory_mission,9x4.5,pi5,10.742,-1.034,-2.433,0.613,-1.413,0.005,1.541,1.23,-3.48,-73.29,0.4788,0.4853,0.4510,0.4580,8220,28.145,717.5,378.2,472.8,22.6,495.4,20.27,24.44,0.98239,2.583,13.90,25.12,14,2
24.144,factory_mission,9x4.5,pi5,10.765,-1.088,-2.433,0.596,-1.371,0.003,1.495,1.27,-2.92,-73.39,0.4745,0.4802,0.4560,0.4620,8219,28.129,717.1,377.7,472.1,22.6,494.7,20.24,24.44,0.98234,2.589,13.92,25.12,14,2
24.196,factory_mission,9x4.5,pi5,10.795,-1.159,-2.433,0.572,-1.308,0.000,1.428,1.29,-2.23,-73.49,0.4677,0.4734,0.4633,0.4678,8217,28.108,716.6,377.2,471.4,22.6,494.0,20.21,24.45,0.98229,2.596,13.93,25.12,14,2
24.244,factory_mission,9x4.5,pi5,10.816,-1.207,-2.433,0.555,-1.262,-0.002,1.379,1.29,-1.85,-73.55,0.4628,0.4676,0.4693,0.4721,8215,28.097,716.3,376.9,471.2,22.6,493.8,20.20,24.45,0.98225,2.603,13.94,25.12,14,2
24.296,factory_mission,9x4.5,pi5,10.849,-1.280,-2.432,0.527,-1.187,-0.004,1.299,1.26,-1.41,-73.63,0.4565,0.4611,0.4761,0.4782,8216,28.108,716.5,377.3,471.6,22.6,494.2,20.22,24.44,0.98220,2.610,13.93,25.12,14,2
24.344,factory_mission,9x4.5,pi5,10.868,-1.322,-2.432,0.510,-1.140,-0.005,1.249,1.23,-1.18,-73.72,0.4522,0.4560,0.4802,0.4837,8217,28.124,717.0,377.8,472.2,22.6,494.8,20.24,24.44,0.98216,2.617,13.91,25.12,14,2
24.396,factory_mission,9x4.5,pi5,10.895,-1.378,-2.431,0.487,-1.074,-0.007,1.179,1.18,-0.91,-73.90,0.4456,0.4508,0.4869,0.4891,8218,28.147,717.5,378.6,473.3,22.6,495.9,20.29,24.44,0.98211,2.624,13.88,25.12,14,2
24.444,factory_mission,9x4.5,pi5,10.913,-1.416,-2.431,0.470,-1.028,-0.009,1.131,1.14,-0.77,-74.07,0.4436,0.4465,0.4902,0.4923,8218,28.161,717.9,379.1,473.9,22.6,496.5,20.32,24.44,0.98206,2.630,13.86,25.12,14,2
24.496,factory_mission,9x4.5,pi5,10.940,-1.472,-2.430,0.444,-0.957,-0.011,1.054,1.08,-0.61,-74.43,0.4385,0.4422,0.4950,0.4967,8217,28.179,718.4,379.9,474.9,22.6,497.5,20.36,24.44,0.98201,2.638,13.83,25.12,14,2
24.544,factory_mission,9x4.5,pi5,10.957,-1.505,-2.430,0.427,-0.913,-0.015,1.008,1.04,-0.54,-74.74,0.4580,0.5926,0.4767,0.4583,8628,31.264,797.0,448.6,560.7,22.6,583.3,23.98,24.33,0.98196,2.645,11.74,25.12,14,2
24.596,factory_mission,9x4.5,pi5,10.979,-1.548,-2.432,0.409,-0.856,-0.082,0.952,2.20,-1.41,-75.17,0.7131,0.7344,0.2514,0.2250,8405,34.574,881.4,616.3,770.3,22.6,792.9,32.96,24.06,0.98188,2.657,8.54,25.12,14,2
24.644,factory_mission,9x4.5,pi5,10.995,-1.577,-2.436,0.413,-0.823,-0.175,0.937,4.10,-2.51,-74.99,0.8474,0.8152,0.0756,0.0703,7986,39.137,997.7,838.9,1048.6,22.6,1071.2,45.22,23.69,0.98178,2.671,6.22,25.12,14,2
24.696,factory_mission,9x4.5,pi5,11.023,-1.622,-2.454,0.469,-0.784,-0.399,0.997,7.16,-4.16,-73.21,0.8446,0.7884,0.0000,0.0102,7029,36.932,941.5,796.6,995.7,22.6,1018.3,42.86,23.76,0.98168,2.686,6.57,25.12,14,2
24.744,factory_mission,9x4.5,pi5,11.043,-1.649,-2.474,0.528,-0.764,-0.519,1.064,8.87,-5.16,-70.89,0.7341,0.7361,0.0000,0.0293,6508,30.774,784.5,601.4,751.8,22.6,774.4,32.16,24.08,0.98160,2.696,8.75,25.12,14,2
24.796,factory_mission,9x4.5,pi5,11.077,-1.687,-2.507,0.613,-0.732,-0.576,1.116,10.57,-6.44,-65.89,0.6889,0.6866,0.0018,0.0433,6580,27.722,706.7,505.8,632.2,22.6,654.8,27.02,24.23,0.98154,2.706,10.41,25.12,14,2
24.844,factory_mission,9x4.5,pi5,11.105,-1.713,-2.532,0.672,-0.707,-0.561,1.125,11.11,-7.24,-61.70,0.6113,0.5927,0.0805,0.1218,6528,23.251,592.7,365.0,456.3,22.6,478.9,19.58,24.46,0.98150,2.712,14.37,25.12,14,2
24.892,factory_mission,9x4.5,pi5,11.155,-1.753,-2.569,0.752,-0.661,-0.450,1.098,11.14,-8.54,-54.50,0.5252,0.5236,0.1852,0.2078,6657,20.807,530.4,277.4,346.7,22.6,369.3,15.02,24.59,0.98146,2.717,18.74,25.12,14,2
24.944,factory_mission,9x4.5,pi5,11.190,-1.778,-2.587,0.793,-0.630,-0.343,1.070,10.64,-9.45,-49.27,0.4517,0.4473,0.3030,0.3101,6912,20.336,518.4,239.6,299.5,22.6,322.1,13.07,24.65,0.98143,2.722,21.53,25.12,14,2
24.992,factory_mission,9x4.5,pi5,11.241,-1.810,-2.603,0.846,-0.589,-0.187,1.047,9.34,-10.74,-41.16,0.3940,0.3918,0.4023,0.4047,7204,21.610,550.9,254.3,317.8,22.6,340.4,13.82,24.63,0.98140,2.726,20.35,25.12,14,2
25.044,factory_mission,9x4.5,pi5,11.281,-1.831,-2.608,0.884,-0.560,-0.091,1.051,8.25,-11.44,-35.74,0.3425,0.3388,0.4968,0.4961,7499,23.943,610.4,306.2,382.8,22.6,405.4,16.51,24.55,0.98136,2.732,17.04,25.12,14,2
25.096,factory_mission,9x4.5,pi5,11.347,-1.864,-2.608,0.951,-0.516,0.015,1.082,6.48,-12.13,-27.93,0.2976,0.2956,0.5653,0.5632,7672,26.067,664.5,365.8,457.2,22.6,479.8,19.62,24.45,0.98131,2.739,14.34,25.12,14,2
25.144,factory_mission,9x4.5,pi5,11.391,-1.883,-2.605,0.995,-0.490,0.049,1.111,5.31,-12.32,-23.10,0.2663,0.2652,0.6093,0.6066,7764,27.657,705.1,415.6,519.5,22.6,542.1,22.24,24.38,0.98126,2.746,12.65,25.12,14,2
25.196,factory_mission,9x4.5,pi5,11.456,-1.908,-2.598,1.057,-0.456,0.066,1.153,3.69,-12.20,-16.63,0.2450,0.2448,0.6348,0.6312,7795,28.589,728.8,447.7,559.7,22.6,582.3,23.94,24.32,0.98121,2.755,11.75,25.12,14,2
25.244,factory_mission,9x4.5,pi5,11.504,-1.925,-2.593,1.098,-0.433,0.066,1.183,2.77,-11.89,-12.93,0.2346,0.2366,0.6423,0.6401,7787,28.841,735.2,458.2,572.7,22.6,595.3,24.49,24.31,0.98115,2.762,11.48,25.12,14,2
25.296,factory_mission,9x4.5,pi5,11.585,-1.951,-2.585,1.155,-0.399,0.057,1.223,1.65,-11.16,-8.35,0.2354,0.2417,0.6355,0.6363,7770,28.586,728.7,450.3,562.8,22.6,585.4,24.07,24.32,0.98109,2.771,11.68,25.12,14,2
25.344,factory_mission,9x4.5,pi5,11.638,-1.967,-2.581,1.183,-0.380,0.052,1.243,1.10,-10.55,-5.94,0.2470,0.2539,0.6223,0.6230,7760,28.101,716.4,432.9,541.1,22.6,563.7,23.15,24.35,0.98104,2.778,12.14,25.12,14,2
25.396,factory_mission,9x4.5,pi5,11.713,-1.988,-2.575,1.211,-0.354,0.052,1.263,0.53,-9.57,-3.23,0.2700,0.2762,0.6001,0.6020,7768,27.471,700.3,408.1,510.1,22.6,532.7,21.85,24.39,0.98099,2.786,12.87,25.11,14,2
25.444,factory_mission,9x4.5,pi5,11.767,-2.002,-2.571,1.224,-0.337,0.057,1.271,0.30,-8.91,-1.96,0.2959,0.3018,0.5787,0.5797,7795,27.018,688.8,387.7,484.6,22.6,507.2,20.77,24.42,0.98094,2.793,13.53,25.11,14,2
25.496,factory_mission,9x4.5,pi5,11.855,-2.024,-2.564,1.232,-0.312,0.073,1.273,0.12,-7.93,-0.73,0.3282,0.3347,0.5517,0.5539,7841,26.669,679.9,368.9,461.1,22.6,483.7,19.79,24.45,0.98090,2.800,14.21,25.11,14,2
25.544,factory_mission,9x4.5,pi5,11.909,-2.038,-2.559,1.231,-0.297,0.087,1.270,0.09,-7.32,-0.27,0.3602,0.3653,0.5282,0.5311,7900,26.591,677.9,358.7,448.4,22.6,471.0,19.25,24.46,0.98085,2.806,14.60,25.11,14,2
25.596,factory_mission,9x4.5,pi5,11.984,-2.057,-2.551,1.223,-0.277,0.107,1.258,0.12,-6.45,-0.00,0.3959,0.4002,0.5029,0.5066,7975,26.728,681.4,354.6,443.2,22.6,465.8,19.04,24.47,0.98081,2.813,14.77,25.11,14,2
25.644,factory_mission,9x4.5,pi5,12.036,-2.070,-2.544,1.212,-0.263,0.119,1.246,0.17,-5.92,-0.01,0.4246,0.4282,0.4835,0.4863,8037,26.967,687.5,355.9,444.8,22.6,467.4,19.11,24.47,0.98077,2.819,14.71,25.11,14,2
25.696,factory_mission,9x4.5,pi5,12.119,-2.090,-2.533,1.189,-0.242,0.133,1.221,0.27,-5.17,-0.17,0.4529,0.4564,0.4622,0.4660,8091,27.258,694.9,360.2,450.2,22.6,472.8,19.33,24.46,0.98072,2.826,14.54,25.11,14,2
25.744,factory_mission,9x4.5,pi5,12.168,-2.102,-2.525,1.172,-0.229,0.137,1.202,0.33,-4.71,-0.31,0.4744,0.4775,0.4470,0.4504,8134,27.561,702.6,366.5,458.1,22.6,480.7,19.66,24.45,0.98067,2.832,14.29,25.11,14,2
25.796,factory_mission,9x4.5,pi5,12.236,-2.118,-2.515,1.143,-0.211,0.138,1.171,0.42,-4.08,-0.46,0.4950,0.4978,0.4314,0.4349,8170,27.873,710.6,374.2,467.7,22.6,490.3,20.06,24.44,0.98063,2.839,14.01,25.11,14,2
25.844,factory_mission,9x4.5,pi5,12.283,-2.129,-2.507,1.120,-0.199,0.135,1.146,0.47,-3.69,-0.48,0.5067,0.5099,0.4224,0.4254,8189,28.070,715.6,379.5,474.4,22.6,497.0,20.34,24.43,0.98058,2.846,13.81,25.11,14,2
25.896,factory_mission,9x4.5,pi5,12.355,-2.145,-2.496,1.080,-0.179,0.126,1.102,0.53,-3.16,-0.33,0.5178,0.5202,0.4132,0.4160,8199,28.222,719.5,384.2,480.2,22.6,502.8,20.59,24.42,0.98053,2.853,13.65,25.11,14,2
25.944,factory_mission,9x4.5,pi5,12.399,-2.155,-2.490,1.053,-0.167,0.118,1.073,0.55,-2.84,-0.08,0.5229,0.5252,0.4085,0.4117,8203,28.295,721.3,386.6,483.2,22.6,505.8,20.72,24.41,0.98049,2.860,13.56,25.11,14,2
25.996,factory_mission,9x4.5,pi5,12.457,-2.167,-2.482,1.014,-0.150,0.107,1.030,0.57,-2.41,0.56,0.5289,0.5310,0.4030,0.4057,8204,28.363,723.1,389.2,486.5,22.6,509.1,20.85,24.41,0.98044,2.867,13.47,25.11,14,2
26.044,factory_mission,9x4.5,pi5,12.496,-2.175,-2.476,0.984,-0.139,0.099,0.999,0.58,-2.16,1.16,0.5090,0.6819,0.4168,0.4051,8726,32.772,835.5,499.7,624.6,22.6,647.2,26.70,24.23,0.98038,2.876,10.52,25.11,14,2
26.096,factory_mission,9x4.5,pi5,12.557,-2.187,-2.471,0.941,-0.117,0.003,0.948,1.81,-2.88,2.44,0.7051,0.7277,0.2666,0.2519,8503,34.679,884.1,608.7,760.9,22.6,783.5,32.57,24.06,0.98030,2.887,8.63,25.11,14,2
26.144,factory_mission,9x4.5,pi5,12.593,-2.193,-2.472,0.926,-0.087,-0.094,0.934,3.77,-4.20,3.79,0.7963,0.7497,0.1468,0.1556,8131,36.001,917.8,703.6,879.5,22.6,902.1,37.74,23.90,0.98021,2.899,7.44,25.11,14,2
26.196,factory_mission,9x4.5,pi5,12.643,-2.199,-2.481,0.923,-0.012,-0.241,0.954,6.92,-6.41,7.04,0.7775,0.7248,0.0912,0.1149,7623,33.415,851.9,646.1,807.6,22.6,830.2,34.60,24.00,0.98013,2.911,8.12,25.11,14,2
26.244,factory_mission,9x4.5,pi5,12.678,-2.199,-2.493,0.928,0.060,-0.318,0.983,8.63,-7.87,10.10,0.6855,0.6950,0.1032,0.1354,7299,29.320,747.5,519.4,649.3,22.6,671.9,27.76,24.20,0.98007,2.920,10.11,25.11,14,2
26.292,factory_mission,9x4.5,pi5,12.736,-2.193,-2.516,0.936,0.186,-0.347,1.015,10.09,-9.82,15.93,0.6271,0.6042,0.1601,0.1902,7164,25.624,653.2,399.3,499.1,22.6,521.7,21.39,24.39,0.98002,2.927,13.13,25.11,14,2
26.344,factory_mission,9x4.5,pi5,12.772,-2.184,-2.531,0.936,0.264,-0.309,1.020,10.37,-11.07,20.46,0.5400,0.5282,0.2529,0.2724,7207,23.239,592.4,311.5,389.4,22.6,412.0,16.80,24.53,0.97998,2.933,16.72,25.11,14,2
26.396,factory_mission,9x4.5,pi5,12.824,-2.165,-2.548,0.931,0.367,-0.213,1.023,9.89,-12.88,27.87,0.4653,0.4588,0.3564,0.3663,7400,23.021,586.9,283.6,354.5,22.6,377.1,15.35,24.57,0.97994,2.939,18.30,25.11,14,2
26.444,factory_mission,9x4.5,pi5,12.860,-2.148,-2.556,0.927,0.439,-0.135,1.034,9.08,-13.95,33.01,0.4065,0.3980,0.4460,0.4514,7600,24.091,614.2,300.2,375.2,22.6,397.8,16.21,24.55,0.97991,2.944,17.32,25.11,14,2
26.496,factory_mission,9x4.5,pi5,12.919,-2.112,-2.562,0.922,0.557,-0.032,1.078,7.43,-15.28,40.69,0.3492,0.3434,0.5268,0.5284,7766,25.827,658.4,345.7,432.2,22.6,454.8,18.58,24.47,0.97986,2.951,15.11,25.11,14,2
26.544,factory_mission,9x4.5,pi5,12.956,-2.086,-2.562,0.922,0.633,0.010,1.119,6.17,-15.90,45.60,0.3073,0.3020,0.5840,0.5834,7871,27.494,700.9,397.1,496.4,22.6,519.0,21.28,24.39,0.97982,2.958,13.19,25.11,14,2
26.596,factory_mission,9x4.5,pi5,13.008,-2.044,-2.559,0.926,0.744,0.039,1.188,4.25,-16.42,52.33,0.2741,0.2689,0.6238,0.6227,7917,28.800,734.2,442.3,552.8,22.6,575.4,23.66,24.32,0.97976,2.966,11.86,25.11,14,2
26.644,factory_mission,9x4.5,pi5,13.046,-2.009,-2.556,0.931,0.822,0.043,1.243,3.05,-16.49,56.27,0.2530,0.2506,0.6433,0.6410,7911,29.388,749.2,465.7,582.2,22.6,604.8,24.90,24.28,0.97970,2.974,11.27,25.11,14,2
26.696,factory_mission,9x4.5,pi5,13.107,-1.947,-2.550,0.940,0.942,0.036,1.331,1.49,-16.27,61.24,0.2434,0.2450,0.6469,0.6458,7887,29.431,750.3,470.1,587.6,22.6,610.2,25.14,24.28,0.97964,2.983,11.17,25.11,14,2
26.744,factory_mission,9x4.5,pi5,13.146,-1.904,-2.547,0.945,1.011,0.031,1.384,0.65,-15.96,63.89,0.2460,0.2503,0.6390,0.6395,7864,29.090,741.6,459.4,574.3,22.6,596.9,24.57,24.29,0.97959,2.991,11.42,25.11,14,2
26.792,factory_mission,9x4.5,pi5,13.201,-1.840,-2.544,0.951,1.096,0.026,1.452,-0.29,-15.36,66.89,0.2589,0.2645,0.6235,0.6245,7852,28.535,727.4,439.4,549.3,22.6,571.9,23.51,24.32,0.97954,2.998,11.94,25.11,14,2
26.844,factory_mission,9x4.5,pi5,13.242,-1.792,-2.542,0.955,1.150,0.028,1.495,-0.72,-14.93,68.28,0.2809,0.2875,0.6015,0.6034,7859,27.925,711.9,415.2,519.0,22.6,541.6,22.23,24.36,0.97948,3.006,12.62,25.11,14,2
26.896,factory_mission,9x4.5,pi5,13.306,-1.710,-2.539,0.958,1.222,0.039,1.554,-1.11,-14.30,69.59,0.3097,0.3163,0.5762,0.5787,7886,27.416,698.9,392.4,490.5,22.6,513.1,21.03,24.40,0.97943,3.014,13.34,25.11,14,2
26.944,factory_mission,9x4.5,pi5,13.347,-1.657,-2.537,0.959,1.260,0.051,1.584,-1.24,-13.92,70.02,0.3393,0.3456,0.5522,0.5560,7930,27.158,692.3,377.0,471.3,22.6,493.9,20.22,24.42,0.97939,3.020,13.87,25.11,14,2
26.996,factory_mission,9x4.5,pi5,13.404,-1.581,-2.533,0.957,1.306,0.071,1.621,-1.26,-13.42,70.14,0.3734,0.3786,0.5279,0.5310,7995,27.124,691.5,367.5,459.4,22.6,482.0,19.73,24.44,0.97934,3.027,14.22,25.11,14,2
27.044,factory_mission,9x4.5,pi5,13.445,-1.525,-2.530,0.955,1.335,0.086,1.643,-1.20,-13.13,69.95,0.4029,0.4071,0.5071,0.5103,8054,27.241,694.5,364.4,455.6,22.6,478.2,19.56,24.44,0.97930,3.033,14.34,25.11,14,2
27.092,factory_mission,9x4.5,pi5,13.509,-1.435,-2.524,0.951,1.374,0.106,1.674,-1.05,-12.78,69.42,0.4293,0.4341,0.4875,0.4918,8110,27.455,699.9,365.5,456.9,22.6,479.5,19.62,24.44,0.97925,3.040,14.30,25.11,14,2
27.144,factory_mission,9x4.5,pi5,13.549,-1.378,-2.519,0.948,1.395,0.115,1.690,-0.92,-12.58,68.96,0.4536,0.4576,0.4706,0.4741,8157,27.708,706.4,369.2,461.6,22.6,484.2,19.82,24.43,0.97920,3.047,14.16,25.11,14,2
27.196,factory_mission,9x4.5,pi5,13.605,-1.297,-2.512,0.942,1.422,0.122,1.711,-0.70,-12.33,68.23,0.4737,0.4776,0.4564,0.4603,8201,28.008,714.0,375.3,469.1,22.6,491.7,20.13,24.42,0.97916,3.054,13.93,25.11,14,2
27.244,factory_mission,9x4.5,pi5,13.645,-1.239,-2.507,0.939,1.440,0.124,1.723,-0.56,-12.19,67.76,0.4875,0.4895,0.4470,0.4514,8229,28.221,719.4,380.1,475.1,22.6,497.7,20.39,24.41,0.97911,3.061,13.76,25.11,14,2
27.296,factory_mission,9x4.5,pi5,13.708,-1.146,-2.499,0.932,1.465,0.123,1.741,-0.39,-12.01,67.14,0.4952,0.4978,0.4421,0.4459,8249,28.386,723.6,384.0,480.0,22.6,502.6,20.59,24.41,0.97906,3.068,13.62,25.11,14,2
27.344,factory_mission,9x4.5,pi5,13.747,-1.087,-2.494,0.927,1.480,0.120,1.750,-0.32,-11.91,66.81,0.4993,0.5017,0.4402,0.4439,8263,28.502,726.6,386.6,483.2,22.6,505.8,20.73,24.40,0.97902,3.075,13.53,25.11,14,2
27.396,factory_mission,9x4.5,pi5,13.801,-1.004,-2.487,0.920,1.497,0.114,1.761,-0.24,-11.79,66.47,0.5010,0.5048,0.4399,0.4428,8276,28.597,729.0,388.7,485.9,22.6,508.5,20.84,24.40,0.97897,3.082,13.46,25.10,14,2
27.444,factory_mission,9x4.5,pi5,13.839,-0.945,-2.482,0.916,1.508,0.109,1.768,-0.20,-11.72,66.33,0.5008,0.5046,0.4418,0.4435,8283,28.643,730.2,389.6,486.9,22.6,509.5,20.89,24.40,0.97892,3.089,13.43,25.10,14,2
27.492,factory_mission,9x4.5,pi5,13.900,-0.851,-2.474,0.908,1.524,0.100,1.777,-0.15,-11.64,66.28,0.4996,0.5032,0.4431,0.4462,8289,28.672,730.9,390.0,487.4,22.6,510.0,20.91,24.40,0.97887,3.096,13.41,25.10,14,2
27.544,factory_mission,9x4.5,pi5,13.937,-0.791,-2.470,0.903,1.533,0.094,1.782,-0.12,-11.60,66.34,0.4970,0.4998,0.4463,0.4498,8292,28.679,731.1,389.8,487.3,22.6,509.9,20.90,24.40,0.97882,3.103,13.42,25.10,14,2
27.592,factory_mission,9x4.5,pi5,13.990,-0.708,-2.464,0.896,1.544,0.085,1.787,-0.10,-11.55,66.54,0.4936,0.4973,0.4497,0.4527,8294,28.678,731.1,389.5,486.9,22.6,509.5,20.89,24.40,0.97878,3.110,13.42,25.10,14,2
27.644,factory_mission,9x4.5,pi5,14.026,-0.649,-2.461,0.891,1.551,0.079,1.791,-0.08,-11.53,66.75,0.4892,0.4934,0.4542,0.4571,8295,28.674,731.0,389.2,486.4,22.6,509.0,20.87,24.40,0.97873,3.117,13.44,25.10,14,2
27.692,factory_mission,9x4.5,pi5,14.085,-0.554,-2.455,0.882,1.562,0.070,1.795,-0.07,-11.52,67.15,0.4865,0.4892,0.4578,0.4606,8296,28.670,730.9,388.9,486.1,22.6,508.7,20.85,24.40,0.97868,3.124,13.44,25.10,14,2
27.744,factory_mission,9x4.5,pi5,14.122,-0.494,-2.452,0.876,1.568,0.065,1.798,-0.06,-11.51,67.45,0.4826,0.4852,0.4619,0.4645,8297,28.665,730.8,388.6,485.7,22.6,508.3,20.84,24.40,0.97863,3.131,13.45,25.10,14,2
27.796,factory_mission,9x4.5,pi5,14.172,-0.411,-2.448,0.868,1.576,0.057,1.801,-0.04,-11.52,67.96,0.4794,0.4828,0.4649,0.4672,8297,28.661,730.7,388.4,485.5,22.6,508.1,20.83,24.40,0.97858,3.138,13.46,25.10,14,2
27.844,factory_mission,9x4.5,pi5,14.208,-0.351,-2.446,0.862,1.582,0.053,1.803,-0.03,-11.53,68.32,0.4763,0.4800,0.4677,0.4702,8297,28.658,730.6,388.3,485.4,22.6,508.0,20.82,24.40,0.97853,3.145,13.46,25.10,14,2
27.892,factory_mission,9x4.5,pi5,14.264,-0.254,-2.442,0.852,1.591,0.045,1.806,-0.01,-11.55,68.88,0.4744,0.4779,0.4692,0.4714,8292,28.623,729.7,387.6,484.5,22.6,507.1,20.78,24.40,0.97849,3.152,13.48,25.10,14,2
27.944,factory_mission,9x4.5,pi5,14.298,-0.194,-2.441,0.845,1.597,0.042,1.807,0.00,-11.57,69.26,0.4735,0.4730,0.4709,0.4711,8276,28.513,726.9,385.3,481.6,22.6,504.2,20.67,24.40,0.97844,3.159,13.56,25.10,14,2
27.996,factory_mission,9x4.5,pi5,14.346,-0.109,-2.438,0.834,1.604,0.039,1.809,0.03,-11.52,69.83,0.4728,0.4713,0.4714,0.4699,8264,28.433,724.8,383.7,479.6,22.6,502.2,20.58,24.40,0.97839,3.167,13.62,25.10,14,2
28.044,factory_mission,9x4.5,pi5,14.379,-0.048,-2.436,0.826,1.608,0.038,1.809,0.04,-11.39,70.21,0.4685,0.4775,0.4704,0.4739,8282,28.558,728.0,386.2,482.8,22.6,505.4,20.72,24.40,0.97834,3.173,13.53,25.10,14,2
28.096,factory_mission,9x4.5,pi5,14.432,0.050,-2.434,0.812,1.614,0.034,1.807,0.09,-11.12,70.77,0.4745,0.4750,0.4686,0.4688,8270,28.476,725.9,384.6,480.7,22.6,503.3,20.63,24.40,0.97829,3.181,13.58,25.10,14,2
28.144,factory_mission,9x4.5,pi5,14.464,0.111,-2.432,0.802,1.615,0.032,1.804,0.14,-10.95,71.14,0.4749,0.4764,0.4662,0.4670,8262,28.416,724.4,383.4,479.2,22.6,501.8,20.57,24.40,0.97825,3.187,13.62,25.10,14,2
28.196,factory_mission,9x4.5,pi5,14.509,0.197,-2.430,0.788,1.616,0.030,1.798,0.22,-10.61,71.71,0.4766,0.4771,0.4641,0.4649,8255,28.373,723.3,382.5,478.2,22.6,500.8,20.52,24.40,0.97820,3.194,13.65,25.10,14,2
28.244,factory_mission,9x4.5,pi5,14.540,0.259,-2.429,0.776,1.614,0.029,1.792,0.26,-10.32,72.10,0.4762,0.4768,0.4639,0.4650,8252,28.353,722.8,382.1,477.7,22.6,500.3,20.50,24.40,0.97815,3.201,13.66,25.10,14,2
28.296,factory_mission,9x4.5,pi5,14.588,0.357,-2.427,0.755,1.608,0.027,1.777,0.31,-9.80,72.71,0.4756,0.4775,0.4633,0.4653,8251,28.345,722.6,382.0,477.5,22.6,500.1,20.49,24.40,0.97810,3.208,13.67,25.10,14,2
28.344,factory_mission,9x4.5,pi5,14.618,0.419,-2.426,0.741,1.602,0.026,1.765,0.34,-9.41,73.13,0.4745,0.4772,0.4633,0.4662,8250,28.335,722.3,381.8,477.2,22.6,499.8,20.48,24.40,0.97806,3.215,13.68,25.10,14,2
28.396,factory_mission,9x4.5,pi5,14.658,0.504,-2.425,0.720,1.589,0.024,1.745,0.36,-8.80,73.77,0.4748,0.4771,0.4640,0.4649,8248,28.321,722.0,381.5,476.9,22.6,499.5,20.47,24.40,0.97801,3.222,13.68,25.10,14,2
28.444,factory_mission,9x4.5,pi5,14.686,0.564,-2.424,0.704,1.577,0.023,1.727,0.36,-8.37,74.21,0.4734,0.4767,0.4641,0.4664,8247,28.315,721.8,381.4,476.7,22.6,499.3,20.46,24.40,0.97796,3.229,13.69,25.10,14,2
28.496,factory_mission,9x4.5,pi5,14.728,0.660,-2.422,0.677,1.553,0.020,1.694,0.36,-7.73,74.89,0.4734,0.4764,0.4633,0.4669,8245,28.303,721.5,381.1,476.4,22.6,499.0,20.45,24.40,0.97791,3.236,13.70,25.10,14,2
28.544,factory_mission,9x4.5,pi5,14.753,0.719,-2.421,0.660,1.535,0.018,1.671,0.36,-7.30,75.35,0.4724,0.4761,0.4642,0.4667,8243,28.288,721.1,380.8,476.0,22.6,498.6,20.43,24.40,0.97787,3.243,13.71,25.10,14,2
28.596,factory_mission,9x4.5,pi5,14.788,0.800,-2.420,0.634,1.507,0.014,1.635,0.35,-6.69,76.05,0.4728,0.4768,0.4634,0.4659,8241,28.275,720.8,380.5,475.7,22.6,498.3,20.42,24.40,0.97782,3.250,13.71,25.10,14,2
28.644,factory_mission,9x4.5,pi5,14.811,0.857,-2.420,0.616,1.484,0.012,1.607,0.34,-6.30,76.52,0.4729,0.4755,0.4635,0.4666,8239,28.264,720.5,380.3,475.4,22.6,498.0,20.41,24.40,0.97777,3.257,13.72,25.10,14,2
28.692,factory_mission,9x4.5,pi5,14.847,0.947,-2.419,0.587,1.445,0.009,1.560,0.33,-5.73,77.25,0.4725,0.4769,0.4634,0.4652,8238,28.253,720.2,380.1,475.1,22.6,497.7,20.40,24.40,0.97773,3.263,13.73,25.10,14,2
28.744,factory_mission,9x4.5,pi5,14.869,1.001,-2.418,0.568,1.418,0.007,1.528,0.33,-5.38,77.73,0.4730,0.4763,0.4625,0.4657,8236,28.240,719.9,379.8,474.8,22.6,497.4,20.38,24.40,0.97768,3.270,13.73,25.10,14,2
28.796,factory_mission,9x4.5,pi5,14.898,1.076,-2.418,0.542,1.379,0.004,1.482,0.32,-4.88,78.48,0.4742,0.4775,0.4611,0.4639,8233,28.225,719.5,379.6,474.5,22.6,497.1,20.37,24.40,0.97763,3.278,13.74,25.10,14,2
28.844,factory_mission,9x4.5,pi5,14.917,1.127,-2.418,0.523,1.350,0.001,1.448,0.31,-4.57,78.99,0.4742,0.4771,0.4608,0.4641,8231,28.208,719.1,379.2,474.0,22.6,496.6,20.35,24.40,0.97758,3.284,13.75,25.10,14,2
28.892,factory_mission,9x4.5,pi5,14.947,1.208,-2.418,0.494,1.302,-0.002,1.393,0.30,-4.14,79.77,0.4756,0.4777,0.4595,0.4626,8228,28.192,718.7,378.9,473.7,22.6,496.3,20.34,24.40,0.97754,3.291,13.76,25.10,14,2
28.944,factory_mission,9x4.5,pi5,14.965,1.257,-2.418,0.476,1.271,-0.004,1.357,0.29,-3.87,80.30,0.4750,0.4785,0.4593,0.4618,8226,28.174,718.2,378.6,473.2,22.6,495.8,20.32,24.40,0.97749,3.298,13.77,25.10,14,2
28.996,factory_mission,9x4.5,pi5,14.989,1.323,-2.419,0.451,1.226,-0.006,1.307,0.28,-3.50,81.13,0.4771,0.4800,0.4572,0.4597,8223,28.162,717.9,378.4,473.0,22.6,495.6,20.31,24.40,0.97744,3.305,13.78,25.10,14,2
29.044,factory_mission,9x4.5,pi5,15.004,1.369,-2.419,0.434,1.194,-0.008,1.270,0.28,-3.28,81.70,0.4769,0.4800,0.4571,0.4594,8221,28.147,717.6,378.1,472.6,22.6,495.2,20.30,24.40,0.97740,3.312,13.79,25.10,14,2
29.096,factory_mission,9x4.5,pi5,15.029,1.439,-2.420,0.407,1.141,-0.009,1.212,0.27,-2.97,82.58,0.4781,0.4817,0.4554,0.4579,8220,28.143,717.5,378.1,472.6,22.6,495.2,20.29,24.40,0.97735,3.319,13.79,25.10,14,2
29.144,factory_mission,9x4.5,pi5,15.043,1.481,-2.420,0.391,1.108,-0.011,1.175,0.26,-2.78,83.20,0.4789,0.4816,0.4549,0.4574,8219,28.134,717.2,377.9,472.4,22.6,495.0,20.29,24.40,0.97730,3.326,13.79,25.10,14,2
29.196,factory_mission,9x4.5,pi5,15.062,1.537,-2.421,0.368,1.062,-0.012,1.124,0.26,-2.53,84.17,0.4810,0.4841,0.4524,0.4548,8217,28.127,717.0,377.9,472.4,22.6,495.0,20.28,24.40,0.97725,3.333,13.79,25.10,14,2
29.244,factory_mission,9x4.5,pi5,15.074,1.576,-2.422,0.352,1.029,-0.013,1.088,0.25,-2.38,84.84,0.4811,0.4836,0.4519,0.4552,8215,28.114,716.7,377.6,472.0,22.6,494.6,20.27,24.40,0.97721,3.339,13.80,25.10,14,2
29.296,factory_mission,9x4.5,pi5,15.093,1.635,-2.424,0.328,0.977,-0.014,1.031,0.24,-2.18,85.90,0.4829,0.4852,0.4503,0.4529,8213,28.106,716.5,377.6,471.9,22.6,494.5,20.27,24.40,0.97716,3.346,13.80,25.10,14,2
29.344,factory_mission,9x4.5,pi5,15.104,1.671,-2.425,0.313,0.945,-0.015,0.996,0.24,-2.06,86.65,0.4834,0.4855,0.4497,0.4523,8212,28.098,716.3,377.4,471.8,22.6,494.4,20.26,24.40,0.97711,3.353,13.81,25.10,14,2
29.396,factory_mission,9x4.5,pi5,15.118,1.718,-2.426,0.294,0.901,-0.016,0.948,0.23,-1.91,87.82,0.4857,0.4885,0.4472,0.4491,8211,28.098,716.3,377.6,472.0,22.6,494.6,20.27,24.40,0.97706,3.360,13.80,25.09,14,2
29.444,factory_mission,9x4.5,pi5,15.128,1.751,-2.427,0.280,0.871,-0.016,0.915,0.22,-1.82,88.65,0.4856,0.4880,0.4475,0.4492,8210,28.090,716.1,377.4,471.8,22.6,494.4,20.26,24.40,0.97702,3.367,13.81,25.09,14,2
29.496,factory_mission,9x4.5,pi5,15.142,1.800,-2.428,0.260,0.823,-0.017,0.863,0.20,-1.69,89.96,0.4880,0.4896,0.4447,0.4478,8210,28.098,716.3,377.7,472.2,22.6,494.8,20.28,24.40,0.97697,3.374,13.79,25.09,14,2
29.544,factory_mission,9x4.5,pi5,15.151,1.830,-2.429,0.247,0.794,-0.019,0.831,0.19,-1.62,90.88,0.4654,0.4203,0.4799,0.6081,8585,31.105,792.9,448.5,560.6,22.6,583.2,24.01,24.29,0.97692,3.382,11.65,25.09,14,2
29.596,factory_mission,9x4.5,pi5,15.162,1.870,-2.431,0.233,0.758,-0.088,0.798,-1.21,-2.28,92.10,0.1814,0.1380,0.7833,0.8056,8347,37.844,964.8,756.3,945.4,22.6,968.0,40.70,23.79,0.97682,3.396,6.87,25.09,14,2
29.644,factory_mission,9x4.5,pi5,15.169,1.897,-2.437,0.239,0.743,-0.213,0.809,-3.34,-2.88,92.24,0.0190,0.0000,0.8821,0.8488,7416,40.982,1044.7,929.8,1162.3,22.6,1184.9,50.44,23.49,0.97671,3.411,5.54,25.09,14,2
29.692,factory_mission,9x4.5,pi5,15.184,1.942,-2.460,0.297,0.738,-0.494,0.936,-6.69,-3.53,90.58,0.0000,0.0089,0.7973,0.7521,6721,33.647,857.8,692.0,865.0,22.6,887.6,37.15,23.89,0.97662,3.423,7.53,25.09,14,2
29.744,factory_mission,9x4.5,pi5,15.195,1.969,-2.483,0.351,0.734,-0.581,0.999,-8.71,-3.89,88.34,0.0000,0.0405,0.6933,0.7108,6309,28.479,726.0,533.3,666.7,22.6,689.3,28.54,24.15,0.97656,3.433,9.79,25.09,14,2
29.796,factory_mission,9x4.5,pi5,15.216,2.008,-2.519,0.432,0.719,-0.591,1.026,-10.95,-4.24,83.59,0.0000,0.0621,0.6750,0.6616,6143,26.304,670.6,469.5,586.9,22.6,609.5,25.14,24.25,0.97650,3.442,11.12,25.09,14,2
29.844,factory_mission,9x4.5,pi5,15.235,2.036,-2.545,0.493,0.702,-0.554,1.021,-11.96,-4.54,79.64,0.0000,0.0675,0.6696,0.6590,6133,26.073,664.7,462.4,578.0,22.6,600.6,24.76,24.26,0.97644,3.450,11.29,25.09,14,2
29.896,factory_mission,9x4.5,pi5,15.271,2.078,-2.582,0.595,0.666,-0.475,1.012,-12.73,-5.31,72.66,0.0117,0.0756,0.6587,0.6581,6521,26.010,663.1,452.9,566.1,22.6,588.7,24.25,24.27,0.97638,3.459,11.52,25.09,14,2
29.944,factory_mission,9x4.5,pi5,15.298,2.103,-2.602,0.659,0.639,-0.423,1.011,-12.73,-6.02,67.34,0.1211,0.1647,0.5694,0.5652,6579,21.980,560.3,320.9,401.1,22.6,423.7,17.31,24.48,0.97634,3.464,16.15,25.09,14,2
29.996,factory_mission,9x4.5,pi5,15.340,2.137,-2.624,0.736,0.598,-0.305,0.996,-11.93,-7.38,58.62,0.2549,0.2680,0.4830,0.4787,6812,20.374,519.4,250.1,312.6,22.6,335.2,13.63,24.59,0.97631,3.469,20.50,25.09,14,2
30.044,factory_mission,9x4.5,pi5,15.374,2.159,-2.635,0.780,0.567,-0.198,0.985,-10.94,-8.35,52.53,0.3712,0.3722,0.4118,0.4092,7102,21.029,536.1,244.6,305.8,22.6,328.4,13.35,24.60,0.97628,3.473,20.94,25.09,14,2
30.092,factory_mission,9x4.5,pi5,15.431,2.192,-2.641,0.844,0.521,-0.037,0.993,-9.07,-9.62,43.30,0.4714,0.4682,0.3519,0.3503,7382,22.994,586.2,284.6,355.7,22.6,378.3,15.42,24.54,0.97625,3.478,18.12,25.09,14,2
30.144,factory_mission,9x4.5,pi5,15.469,2.211,-2.639,0.885,0.493,0.035,1.014,-7.72,-10.23,37.29,0.5572,0.5531,0.2952,0.2943,7592,25.478,649.5,352.6,440.8,22.6,463.4,18.97,24.43,0.97620,3.485,14.73,25.09,14,2
30.192,factory_mission,9x4.5,pi5,15.525,2.236,-2.632,0.944,0.457,0.091,1.053,-5.73,-10.71,28.82,0.6129,0.6092,0.2552,0.2553,7711,27.524,701.7,416.3,520.4,22.6,543.0,22.32,24.33,0.97615,3.492,12.52,25.09,14,2
30.244,factory_mission,9x4.5,pi5,15.567,2.252,-2.625,0.986,0.433,0.102,1.082,-4.50,-10.74,23.70,0.6508,0.6484,0.2229,0.2210,7749,28.998,739.2,468.1,585.2,22.6,607.8,25.06,24.25,0.97609,3.501,11.15,25.09,14,2
30.296,factory_mission,9x4.5,pi5,15.637,2.276,-2.613,1.048,0.398,0.088,1.125,-2.89,-10.42,17.02,0.6672,0.6670,0.1997,0.2017,7722,29.581,754.1,493.0,616.2,22.6,638.8,26.39,24.21,0.97603,3.510,10.59,25.09,14,2
30.344,factory_mission,9x4.5,pi5,15.683,2.290,-2.607,1.082,0.378,0.070,1.148,-2.00,-10.00,13.29,0.6671,0.6683,0.1906,0.1960,7672,29.427,750.2,492.0,614.9,22.6,637.5,26.34,24.21,0.97597,3.519,10.61,25.09,14,2
30.396,factory_mission,9x4.5,pi5,15.750,2.309,-2.600,1.119,0.352,0.046,1.174,-0.97,-9.17,8.81,0.6548,0.6530,0.1968,0.2030,7620,28.681,731.2,469.0,586.3,22.6,608.9,25.11,24.24,0.97591,3.528,11.12,25.09,14,2
30.444,factory_mission,9x4.5,pi5,15.798,2.321,-2.596,1.138,0.335,0.036,1.186,-0.48,-8.55,6.54,0.6338,0.6348,0.2135,0.2192,7598,27.852,710.0,440.3,550.4,22.6,573.0,23.59,24.29,0.97586,3.535,11.84,25.09,14,2
30.496,factory_mission,9x4.5,pi5,15.876,2.341,-2.590,1.154,0.310,0.035,1.195,0.00,-7.61,4.12,0.6058,0.6088,0.2415,0.2474,7605,26.957,687.2,406.3,507.8,22.6,530.4,21.79,24.34,0.97580,3.543,12.82,25.09,14,2
30.544,factory_mission,9x4.5,pi5,15.925,2.352,-2.587,1.156,0.296,0.045,1.194,0.19,-6.99,3.07,0.5798,0.5821,0.2729,0.2789,7643,26.352,671.8,379.7,474.6,22.6,497.2,20.39,24.39,0.97576,3.550,13.70,25.09,14,2
30.596,factory_mission,9x4.5,pi5,15.992,2.368,-2.582,1.150,0.277,0.068,1.185,0.32,-6.14,2.21,0.5505,0.5532,0.3136,0.3172,7718,26.022,663.4,358.8,448.4,22.6,471.0,19.29,24.42,0.97571,3.556,14.48,25.09,14,2
30.644,factory_mission,9x4.5,pi5,16.040,2.379,-2.578,1.142,0.265,0.089,1.175,0.34,-5.62,2.02,0.5252,0.5287,0.3497,0.3535,7800,25.998,662.8,348.2,435.3,22.6,457.9,18.74,24.43,0.97567,3.563,14.90,25.09,14,2
30.696,factory_mission,9x4.5,pi5,16.115,2.395,-2.569,1.121,0.245,0.122,1.154,0.30,-4.92,2.14,0.4981,0.5029,0.3882,0.3916,7885,26.151,666.7,343.6,429.5,22.6,452.1,18.50,24.44,0.97563,3.569,15.10,25.09,14,2
30.744,factory_mission,9x4.5,pi5,16.160,2.405,-2.563,1.105,0.233,0.140,1.138,0.26,-4.49,2.42,0.4777,0.4813,0.4208,0.4232,7966,26.490,675.3,346.5,433.1,22.6,455.7,18.65,24.44,0.97558,3.575,14.97,25.09,14,2
30.796,factory_mission,9x4.5,pi5,16.222,2.417,-2.553,1.079,0.217,0.159,1.112,0.19,-3.90,2.98,0.4569,0.4610,0.4527,0.4544,8046,26.949,687.0,354.1,442.6,22.6,465.2,19.05,24.42,0.97554,3.582,14.66,25.09,14,2
30.844,factory_mission,9x4.5,pi5,16.264,2.426,-2.545,1.059,0.206,0.167,1.091,0.15,-3.55,3.38,0.4421,0.4460,0.4750,0.4764,8098,27.325,696.6,361.9,452.4,22.6,475.0,19.46,24.41,0.97550,3.588,14.35,25.09,14,2
30.896,factory_mission,9x4.5,pi5,16.330,2.439,-2.533,1.022,0.189,0.171,1.053,0.11,-3.06,3.92,0.4286,0.4317,0.4946,0.4950,8136,27.650,704.9,369.8,462.2,22.6,484.8,19.87,24.40,0.97545,3.595,14.05,25.09,14,2
30.944,factory_mission,9x4.5,pi5,16.369,2.447,-2.525,0.998,0.178,0.168,1.028,0.09,-2.76,4.19,0.4197,0.4237,0.5058,0.5077,8161,27.888,710.9,375.9,469.8,22.6,492.4,20.19,24.39,0.97540,3.602,13.82,25.09,14,2
30.992,factory_mission,9x4.5,pi5,16.422,2.457,-2.515,0.962,0.165,0.161,0.990,0.08,-2.36,4.41,0.4127,0.4167,0.5154,0.5166,8178,28.063,715.4,380.7,475.9,22.6,498.5,20.45,24.38,0.97536,3.608,13.65,25.09,14,2
31.044,factory_mission,9x4.5,pi5,16.458,2.465,-2.508,0.936,0.156,0.154,0.961,0.08,-2.12,4.41,0.4268,0.3959,0.5065,0.6825,8722,32.755,835.0,499.5,624.4,22.6,647.0,26.74,24.19,0.97529,3.618,10.44,25.09,14,2
31.096,factory_mission,9x4.5,pi5,16.513,2.476,-2.499,0.898,0.139,0.053,0.910,-1.26,-2.81,4.04,0.2350,0.2075,0.7423,0.7640,8494,36.239,923.8,674.6,843.2,22.6,865.8,36.22,23.91,0.97521,3.630,7.71,25.09,14,2
31.144,factory_mission,9x4.5,pi5,16.546,2.483,-2.499,0.888,0.113,-0.066,0.897,-3.48,-3.91,3.19,0.0794,0.0813,0.8568,0.8071,8044,39.316,1002.3,842.3,1052.9,22.6,1075.5,45.52,23.63,0.97510,3.645,6.13,25.09,14,2
31.196,factory_mission,9x4.5,pi5,16.593,2.489,-2.508,0.896,0.037,-0.272,0.937,-7.12,-5.64,0.42,0.0000,0.0269,0.8414,0.7649,6993,35.990,917.5,764.7,955.9,22.6,978.5,41.19,23.76,0.97501,3.659,6.77,25.09,14,2
31.244,factory_mission,9x4.5,pi5,16.626,2.490,-2.522,0.910,-0.040,-0.392,0.992,-9.20,-6.76,-2.53,0.0000,0.0498,0.7190,0.7332,6517,30.247,771.1,582.9,728.7,22.6,751.3,31.23,24.05,0.97494,3.669,8.93,25.09,14,2
31.296,factory_mission,9x4.5,pi5,16.681,2.483,-2.552,0.926,-0.176,-0.453,1.046,-11.27,-8.24,-8.43,0.0449,0.1089,0.6455,0.6425,6657,25.528,650.8,430.5,538.1,22.6,560.7,23.08,24.30,0.97488,3.677,12.09,25.09,14,2
31.344,factory_mission,9x4.5,pi5,16.716,2.474,-2.571,0.927,-0.258,-0.419,1.049,-11.92,-9.23,-13.13,0.1408,0.1900,0.5668,0.5478,6670,21.909,558.5,312.1,390.1,22.6,412.7,16.86,24.48,0.97484,3.682,16.55,25.09,14,2
31.392,factory_mission,9x4.5,pi5,16.766,2.455,-2.595,0.918,-0.362,-0.300,1.031,-11.89,-10.95,-20.93,0.2563,0.2806,0.4817,0.4816,6869,20.640,526.2,253.9,317.3,22.6,339.9,13.83,24.57,0.97481,3.687,20.16,25.08,14,2
31.444,factory_mission,9x4.5,pi5,16.801,2.437,-2.607,0.908,-0.431,-0.194,1.024,-11.23,-12.15,-26.41,0.3782,0.3894,0.4176,0.4071,7202,21.614,551.0,254.7,318.3,22.6,340.9,13.87,24.57,0.97478,3.692,20.10,25.08,14,2
31.496,factory_mission,9x4.5,pi5,16.858,2.402,-2.615,0.894,-0.541,-0.038,1.045,-9.64,-13.85,-34.73,0.4813,0.4845,0.3535,0.3475,7473,23.631,602.4,297.7,372.1,22.6,394.7,16.11,24.50,0.97474,3.698,17.31,25.08,14,2
31.544,factory_mission,9x4.5,pi5,16.892,2.377,-2.614,0.888,-0.613,0.033,1.080,-8.33,-14.78,-40.16,0.5577,0.5578,0.3066,0.2998,7672,25.919,660.7,360.2,450.2,22.6,472.8,19.37,24.41,0.97470,3.704,14.40,25.08,14,2
31.596,factory_mission,9x4.5,pi5,16.940,2.335,-2.609,0.884,-0.721,0.089,1.145,-6.22,-15.73,-47.79,0.6156,0.6136,0.2671,0.2594,7795,27.993,713.6,425.0,531.3,22.6,553.9,22.79,24.30,0.97464,3.712,12.24,25.08,14,2
31.644,factory_mission,9x4.5,pi5,16.975,2.302,-2.603,0.885,-0.801,0.103,1.198,-4.84,-16.06,-52.38,0.6458,0.6469,0.2398,0.2308,7823,29.171,743.6,467.0,583.8,22.6,606.4,25.02,24.24,0.97459,3.720,11.15,25.08,14,2
31.696,factory_mission,9x4.5,pi5,17.030,2.241,-2.592,0.888,-0.926,0.098,1.287,-2.95,-16.14,-58.31,0.6639,0.6634,0.2181,0.2135,7806,29.755,758.5,491.1,613.9,22.6,636.5,26.30,24.20,0.97452,3.729,10.60,25.08,14,2
31.744,factory_mission,9x4.5,pi5,17.064,2.199,-2.586,0.891,-1.000,0.086,1.342,-1.84,-15.96,-61.56,0.6648,0.6633,0.2106,0.2103,7770,29.633,755.4,490.1,612.7,22.6,635.3,26.25,24.20,0.97446,3.738,10.62,25.08,14,2
31.796,factory_mission,9x4.5,pi5,17.113,2.136,-2.579,0.896,-1.093,0.070,1.415,-0.50,-15.44,-65.34,0.6508,0.6508,0.2179,0.2198,7735,28.988,739.0,469.2,586.5,22.6,609.1,25.14,24.23,0.97440,3.746,11.09,25.08,14,2
31.844,factory_mission,9x4.5,pi5,17.147,2.087,-2.575,0.899,-1.151,0.063,1.461,0.16,-15.01,-67.15,0.6298,0.6322,0.2354,0.2392,7725,28.234,719.8,441.7,552.1,22.6,574.7,23.67,24.27,0.97435,3.754,11.77,25.08,14,2
31.896,factory_mission,9x4.5,pi5,17.203,2.005,-2.569,0.901,-1.229,0.066,1.525,0.84,-14.33,-68.93,0.6030,0.6057,0.2629,0.2695,7741,27.450,699.8,410.2,512.8,22.6,535.4,22.01,24.32,0.97430,3.762,12.66,25.08,14,2
31.944,factory_mission,9x4.5,pi5,17.238,1.952,-2.565,0.901,-1.268,0.075,1.558,1.10,-13.90,-69.55,0.5772,0.5782,0.2949,0.3027,7785,26.931,686.5,385.6,482.0,22.6,504.6,20.71,24.36,0.97425,3.768,13.46,25.08,14,2
31.996,factory_mission,9x4.5,pi5,17.287,1.876,-2.559,0.900,-1.314,0.096,1.596,1.26,-13.34,-69.82,0.5453,0.5505,0.3369,0.3416,7862,26.685,680.3,367.0,458.8,22.6,481.4,19.74,24.39,0.97421,3.775,14.12,25.08,14,2
32.044,factory_mission,9x4.5,pi5,17.322,1.820,-2.553,0.898,-1.341,0.114,1.618,1.24,-13.03,-69.64,0.5204,0.5244,0.3739,0.3773,7941,26.723,681.2,358.7,448.4,22.6,471.0,19.30,24.40,0.97416,3.782,14.44,25.08,14,2
32.096,factory_mission,9x4.5,pi5,17.378,1.730,-2.544,0.894,-1.378,0.141,1.649,1.11,-12.65,-69.01,0.4949,0.4999,0.4099,0.4133,8020,26.941,686.8,357.0,446.3,22.6,468.9,19.21,24.41,0.97412,3.789,14.51,25.08,14,2
32.144,factory_mission,9x4.5,pi5,17.413,1.673,-2.537,0.891,-1.398,0.155,1.665,0.97,-12.45,-68.44,0.4757,0.4809,0.4395,0.4418,8092,27.294,695.8,361.5,451.9,22.6,474.5,19.45,24.40,0.97407,3.795,14.33,25.08,14,2
32.196,factory_mission,9x4.5,pi5,17.461,1.593,-2.527,0.886,-1.423,0.167,1.685,0.75,-12.20,-67.48,0.4592,0.4635,0.4659,0.4678,8160,27.720,706.7,369.4,461.7,22.6,484.3,19.86,24.39,0.97403,3.802,14.03,25.08,14,2
32.244,factory_mission,9x4.5,pi5,17.495,1.535,-2.519,0.882,-1.439,0.171,1.697,0.61,-12.07,-66.83,0.4470,0.4516,0.4838,0.4857,8202,28.034,714.7,376.2,470.2,22.6,492.8,20.22,24.38,0.97398,3.808,13.78,25.08,14,2
32.292,factory_mission,9x4.5,pi5,17.550,1.442,-2.508,0.877,-1.463,0.170,1.714,0.41,-11.90,-65.94,0.4382,0.4427,0.4966,0.4988,8232,28.280,720.9,382.0,477.6,22.6,500.2,20.53,24.37,0.97393,3.815,13.57,25.08,14,2
32.344,factory_mission,9x4.5,pi5,17.583,1.383,-2.500,0.873,-1.477,0.166,1.724,0.29,-11.80,-65.44,0.4324,0.4371,0.5051,0.5071,8251,28.456,725.4,386.4,483.0,22.6,505.6,20.76,24.36,0.97388,3.822,13.42,25.08,14,2
32.396,factory_mission,9x4.5,pi5,17.630,1.300,-2.491,0.868,-1.495,0.158,1.735,0.16,-11.68,-64.85,0.4302,0.4349,0.5093,0.5117,8267,28.584,728.7,389.4,486.8,22.6,509.4,20.92,24.35,0.97383,3.830,13.32,25.08,14,2
32.444,factory_mission,9x4.5,pi5,17.664,1.240,-2.484,0.864,-1.506,0.151,1.742,0.09,-11.61,-64.59,0.4315,0.4355,0.5099,0.5116,8276,28.645,730.3,390.6,488.3,22.6,510.9,20.98,24.35,0.97379,3.837,13.28,25.08,14,2
32.496,factory_mission,9x4.5,pi5,17.717,1.145,-2.475,0.858,-1.522,0.139,1.752,0.03,-11.52,-64.37,0.4346,0.4384,0.5076,0.5097,8282,28.670,730.9,390.8,488.5,22.6,511.1,20.99,24.35,0.97374,3.844,13.27,25.08,14,2
32.544,factory_mission,9x4.5,pi5,17.750,1.085,-2.469,0.854,-1.531,0.131,1.758,0.01,-11.48,-64.35,0.4388,0.4429,0.5035,0.5058,8285,28.665,730.7,390.2,487.7,22.6,510.3,20.96,24.35,0.97369,3.851,13.29,25.08,14,2
32.596,factory_mission,9x4.5,pi5,17.797,1.000,-2.462,0.848,-1.542,0.120,1.764,0.01,-11.43,-64.47,0.4445,0.4479,0.4987,0.5004,8287,28.650,730.4,389.3,486.7,22.6,509.3,20.91,24.35,0.97364,3.858,13.32,25.08,14,2
32.644,factory_mission,9x4.5,pi5,17.830,0.940,-2.458,0.844,-1.550,0.113,1.768,0.02,-11.41,-64.63,0.4500,0.4537,0.4928,0.4952,8287,28.631,729.9,388.5,485.6,22.6,508.2,20.87,24.35,0.97359,3.865,13.34,25.08,14,2
32.696,factory_mission,9x4.5,pi5,17.882,0.842,-2.451,0.837,-1.561,0.101,1.774,0.05,-11.39,-64.99,0.4563,0.4591,0.4872,0.4894,8289,28.620,729.6,387.9,484.9,22.6,507.5,20.84,24.35,0.97354,3.872,13.36,25.08,14,2
32.744,factory_mission,9x4.5,pi5,17.914,0.781,-2.447,0.833,-1.567,0.095,1.777,0.08,-11.38,-65.27,0.4613,0.4646,0.4820,0.4843,8290,28.616,729.5,387.6,484.5,22.6,507.1,20.82,24.35,0.97350,3.879,13.37,25.08,14,2
32.796,factory_mission,9x4.5,pi5,17.959,0.696,-2.442,0.826,-1.575,0.086,1.781,0.13,-11.38,-65.75,0.4652,0.4701,0.4780,0.4794,8291,28.619,729.6,387.5,484.4,22.6,507.0,20.82,24.35,0.97345,3.886,13.37,25.08,14,2
32.844,factory_mission,9x4.5,pi5,17.991,0.634,-2.439,0.822,-1.581,0.080,1.783,0.16,-11.39,-66.09,0.4691,0.4740,0.4741,0.4758,8292,28.625,729.7,387.6,484.5,22.6,507.1,20.82,24.35,0.97340,3.893,13.37,25.08,14,2
32.892,factory_mission,9x4.5,pi5,18.041,0.536,-2.434,0.815,-1.589,0.071,1.787,0.20,-11.41,-66.61,0.4734,0.4754,0.4712,0.4733,8294,28.637,730.0,387.8,484.8,22.6,507.4,20.84,24.35,0.97335,3.900,13.36,25.08,14,2
32.944,factory_mission,9x4.5,pi5,18.072,0.474,-2.432,0.810,-1.594,0.066,1.790,0.23,-11.42,-66.94,0.4756,0.4783,0.4696,0.4707,8296,28.656,730.5,388.2,485.3,22.6,507.9,20.86,24.35,0.97330,3.907,13.35,25.08,14,2
32.996,factory_mission,9x4.5,pi5,18.115,0.387,-2.428,0.803,-1.601,0.059,1.792,0.27,-11.45,-67.43,0.4765,0.4801,0.4683,0.4701,8299,28.674,731.0,388.6,485.8,22.6,508.4,20.88,24.35,0.97325,3.914,13.33,25.08,14,2
33.044,factory_mission,9x4.5,pi5,18.146,0.325,-2.425,0.798,-1.606,0.054,1.794,0.29,-11.47,-67.74,0.4775,0.4808,0.4673,0.4697,8301,28.685,731.3,388.9,486.1,22.6,508.7,20.89,24.35,0.97321,3.921,13.32,25.08,14,2
33.096,factory_mission,9x4.5,pi5,18.194,0.225,-2.422,0.790,-1.614,0.046,1.797,0.31,-11.51,-68.17,0.4771,0.4804,0.4673,0.4691,8295,28.649,730.4,388.1,485.2,22.6,507.8,20.85,24.35,0.97316,3.929,13.35,25.08,14,2
33.144,factory_mission,9x4.5,pi5,18.224,0.163,-2.420,0.785,-1.619,0.042,1.799,0.32,-11.53,-68.44,0.4771,0.4776,0.4685,0.4664,8280,28.542,727.6,385.9,482.4,22.6,505.0,20.74,24.35,0.97311,3.935,13.42,25.08,14,2
33.192,factory_mission,9x4.5,pi5,18.266,0.075,-2.417,0.777,-1.625,0.038,1.801,0.33,-11.49,-68.80,0.4753,0.4758,0.4688,0.4666,8269,28.464,725.6,384.3,480.4,22.6,503.0,20.65,24.35,0.97307,3.942,13.47,25.08,14,2
33.244,factory_mission,9x4.5,pi5,18.295,0.012,-2.415,0.772,-1.628,0.037,1.802,0.34,-11.35,-69.03,0.4740,0.4743,0.4695,0.4667,8262,28.415,724.4,383.3,479.2,22.6,501.8,20.60,24.36,0.97302,3.949,13.51,25.08,14,2
33.296,factory_mission,9x4.5,pi5,18.342,-0.089,-2.413,0.762,-1.631,0.035,1.801,0.35,-11.00,-69.35,0.4716,0.4735,0.4694,0.4692,8258,28.393,723.8,382.9,478.6,22.6,501.2,20.58,24.36,0.97297,3.957,13.52,25.08,14,2
33.344,factory_mission,9x4.5,pi5,18.371,-0.153,-2.411,0.755,-1.631,0.034,1.797,0.35,-10.68,-69.55,0.4701,0.4727,0.4699,0.4705,8257,28.381,723.5,382.6,478.3,22.6,500.9,20.57,24.36,0.97292,3.963,13.53,25.08,14,2
33.396,factory_mission,9x4.5,pi5,18.412,-0.242,-2.409,0.744,-1.627,0.032,1.789,0.36,-10.10,-69.84,0.4691,0.4703,0.4724,0.4713,8256,28.377,723.4,382.6,478.2,22.6,500.8,20.56,24.36,0.97287,3.970,13.53,25.08,14,2
33.444,factory_mission,9x4.5,pi5,18.441,-0.305,-2.407,0.736,-1.621,0.031,1.780,0.36,-9.68,-70.03,0.4674,0.4702,0.4718,0.4735,8256,28.373,723.3,382.5,478.1,22.6,500.7,20.56,24.36,0.97283,3.977,13.53,25.08,14,2
33.492,factory_mission,9x4.5,pi5,18.486,-0.406,-2.404,0.720,-1.607,0.027,1.761,0.37,-8.99,-70.32,0.4658,0.4693,0.4731,0.4744,8255,28.368,723.2,382.4,478.0,22.6,500.6,20.55,24.36,0.97278,3.984,13.54,25.08,14,2
33.544,factory_mission,9x4.5,pi5,18.514,-0.469,-2.403,0.710,-1.594,0.025,1.745,0.37,-8.52,-70.52,0.4648,0.4688,0.4736,0.4753,8254,28.362,723.0,382.3,477.9,22.6,500.5,20.55,24.35,0.97273,3.991,13.54,25.08,14,2
33.592,factory_mission,9x4.5,pi5,18.553,-0.555,-2.401,0.694,-1.573,0.021,1.719,0.37,-7.82,-70.83,0.4632,0.4680,0.4743,0.4766,8253,28.355,722.9,382.2,477.7,22.6,500.3,20.54,24.35,0.97268,3.998,13.54,25.08,14,2
33.636,factory_mission,9x4.5,pi5,18.579,-0.616,-2.399,0.681,-1.555,0.018,1.698,0.37,-7.36,-71.05,0.4635,0.4670,0.4749,0.4763,8251,28.345,722.6,382.0,477.5,22.6,500.1,20.53,24.35,0.97264,4.004,13.55,25.08,14,2
33.688,factory_mission,9x4.5,pi5,18.621,-0.712,-2.397,0.659,-1.521,0.013,1.658,0.37,-6.68,-71.39,0.4619,0.4666,0.4754,0.4775,8250,28.341,722.5,381.9,477.4,22.6,500.0,20.53,24.35,0.97259,4.011,13.55,25.08,14,2
33.740,factory_mission,9x4.5,pi5,18.646,-0.771,-2.396,0.645,-1.497,0.010,1.630,0.36,-6.25,-71.64,0.4620,0.4661,0.4748,0.4784,8249,28.334,722.3,381.8,477.2,22.6,499.8,20.52,24.35,0.97254,4.018,13.55,25.08,14,2
33.788,factory_mission,9x4.5,pi5,18.671,-0.828,-2.394,0.630,-1.471,0.007,1.601,0.36,-5.64,-72.03,0.4613,0.4648,0.4764,0.4783,8248,28.324,722.1,381.6,477.0,22.6,499.6,20.51,24.35,0.97250,4.025,13.56,25.08,14,2
33.840,factory_mission,9x4.5,pi5,18.705,-0.906,-2.393,0.609,-1.432,0.003,1.556,0.36,-5.25,-72.31,0.4606,0.4649,0.4762,0.4788,8247,28.319,721.9,381.5,476.9,22.6,499.5,20.51,24.35,0.97245,4.032,13.56,25.08,14,2
33.888,factory_mission,9x4.5,pi5,18.728,-0.961,-2.392,0.593,-1.403,-0.000,1.523,0.35,-4.71,-72.75,0.4600,0.4640,0.4764,0.4800,8246,28.316,721.9,381.4,476.8,22.6,499.4,20.51,24.35,0.97240,4.039,13.56,25.08,14,2
33.940,factory_mission,9x4.5,pi5,18.763,-1.045,-2.390,0.567,-1.354,-0.005,1.468,0.34,-4.38,-73.06,0.4601,0.4641,0.4766,0.4790,8244,28.300,721.4,381.1,476.4,22.6,499.0,20.49,24.35,0.97235,4.046,13.57,25.08,14,2
33.988,factory_mission,9x4.5,pi5,18.793,-1.116,-2.389,0.544,-1.309,-0.009,1.417,0.34,-3.92,-73.57,0.4593,0.4632,0.4780,0.4792,8244,28.298,721.4,381.1,476.4,22.6,499.0,20.49,24.35,0.97231,4.053,13.57,25.08,14,2
34.040,factory_mission,9x4.5,pi5,18.813,-1.165,-2.389,0.527,-1.275,-0.012,1.380,0.33,-3.64,-73.93,0.4589,0.4633,0.4772,0.4798,8243,28.292,721.2,381.0,476.2,22.6,498.8,20.48,24.35,0.97226,4.060,13.57,25.08,14,2
34.088,factory_mission,9x4.5,pi5,18.844,-1.240,-2.389,0.500,-1.221,-0.016,1.319,0.32,-3.25,-74.49,0.4580,0.4620,0.4778,0.4809,8241,28.278,720.9,380.7,475.9,22.6,498.5,20.47,24.35,0.97221,4.066,13.58,25.08,14,2
34.140,factory_mission,9x4.5,pi5,18.862,-1.285,-2.389,0.483,-1.186,-0.018,1.281,0.32,-3.02,-74.89,0.4580,0.4624,0.4778,0.4797,8237,28.256,720.3,380.3,475.3,22.6,497.9,20.45,24.35,0.97216,4.074,13.60,25.08,14,2
34.188,factory_mission,9x4.5,pi5,18.887,-1.345,-2.389,0.460,-1.138,-0.021,1.228,0.32,-2.73,-75.49,0.4576,0.4603,0.4791,0.4803,8235,28.243,720.0,380.0,475.1,22.6,497.7,20.43,24.35,0.97212,4.080,13.60,25.08,14,2
34.240,factory_mission,9x4.5,pi5,18.904,-1.387,-2.390,0.444,-1.104,-0.023,1.190,0.32,-2.53,-75.98,0.4570,0.4604,0.4789,0.4804,8233,28.230,719.7,379.8,474.7,22.6,497.3,20.42,24.35,0.97207,4.087,13.61,25.08,14,2
34.288,factory_mission,9x4.5,pi5,18.926,-1.442,-2.390,0.421,-1.056,-0.026,1.137,0.31,-2.29,-76.65,0.4556,0.4588,0.4802,0.4815,8231,28.217,719.3,379.6,474.5,22.6,497.1,20.41,24.35,0.97202,4.094,13.62,25.08,14,2
34.340,factory_mission,9x4.5,pi5,18.942,-1.480,-2.391,0.406,-1.021,-0.027,1.099,0.30,-2.14,-77.15,0.4552,0.4583,0.4804,0.4815,8228,28.199,718.9,379.2,474.0,22.6,496.6,20.39,24.35,0.97198,4.101,13.63,25.08,14,2
34.388,factory_mission,9x4.5,pi5,18.965,-1.538,-2.392,0.381,-0.967,-0.029,1.040,0.29,-1.94,-77.95,0.4536,0.4563,0.4817,0.4833,8227,28.191,718.7,379.1,473.9,22.6,496.5,20.39,24.35,0.97193,4.108,13.63,25.07,14,2
34.440,factory_mission,9x4.5,pi5,18.979,-1.572,-2.393,0.366,-0.934,-0.031,1.004,0.29,-1.83,-78.51,0.4537,0.4561,0.4815,0.4833,8225,28.180,718.4,378.9,473.6,22.6,496.2,20.38,24.35,0.97188,4.115,13.64,25.07,14,2
34.488,factory_mission,9x4.5,pi5,18.998,-1.618,-2.394,0.346,-0.890,-0.032,0.955,0.28,-1.68,-79.41,0.4512,0.4538,0.4840,0.4852,8225,28.183,718.5,379.1,473.9,22.6,496.5,20.39,24.35,0.97184,4.122,13.63,25.07,14,2
34.540,factory_mission,9x4.5,pi5,19.010,-1.650,-2.395,0.332,-0.859,-0.033,0.921,0.27,-1.59,-80.05,0.4501,0.4527,0.4850,0.4862,8223,28.176,718.3,379.0,473.8,22.6,496.4,20.38,24.35,0.97179,4.129,13.63,25.07,14,2
34.592,factory_mission,9x4.5,pi5,19.029,-1.699,-2.397,0.310,-0.811,-0.034,0.869,0.26,-1.47,-81.07,0.4475,0.4496,0.4871,0.4891,8221,28.167,718.1,379.0,473.8,22.6,496.4,20.38,24.35,0.97174,4.136,13.63,25.07,14,2
34.640,factory_mission,9x4.5,pi5,19.040,-1.728,-2.398,0.297,-0.782,-0.037,0.837,0.26,-1.40,-81.79,0.4497,0.6046,0.4803,0.4468,8613,31.244,796.5,450.2,562.7,22.6,585.3,24.15,24.24,0.97168,4.144,11.50,25.07,14,2
34.688,factory_mission,9x4.5,pi5,19.051,-1.757,-2.400,0.285,-0.755,-0.078,0.811,1.57,-2.18,-82.75,0.7355,0.7296,0.2546,0.2111,8429,35.060,893.8,633.1,791.3,22.6,813.9,34.00,23.94,0.97161,4.155,8.17,25.07,14,2
34.740,factory_mission,9x4.5,pi5,19.066,-1.795,-2.408,0.290,-0.729,-0.215,0.814,3.60,-3.05,-82.79,0.9051,0.8583,0.0295,0.0142,7981,42.712,1088.9,979.4,1224.2,22.6,1246.8,53.37,23.36,0.97148,4.173,5.20,25.07,14,2
34.788,factory_mission,9x4.5,pi5,19.085,-1.837,-2.431,0.351,-0.719,-0.484,0.935,6.82,-4.21,-81.12,0.8227,0.7893,0.0000,0.0029,6927,36.044,918.9,768.1,960.2,22.6,982.8,41.44,23.72,0.97139,4.186,6.70,25.07,14,2
34.840,factory_mission,9x4.5,pi5,19.099,-1.864,-2.454,0.408,-0.713,-0.585,1.008,8.69,-4.91,-78.85,0.7070,0.7236,0.0000,0.0279,6359,29.339,747.9,559.7,699.6,22.6,722.2,30.02,24.06,0.97132,4.196,9.25,25.07,14,2
34.888,factory_mission,9x4.5,pi5,19.125,-1.901,-2.492,0.490,-0.696,-0.611,1.048,10.66,-5.72,-74.01,0.6902,0.6668,0.0000,0.0474,6163,26.899,685.7,488.1,610.2,22.6,632.8,26.18,24.17,0.97126,4.205,10.61,25.07,14,2
34.940,factory_mission,9x4.5,pi5,19.146,-1.928,-2.519,0.550,-0.679,-0.581,1.049,11.44,-6.26,-69.96,0.6732,0.6636,0.0000,0.0546,6117,26.260,669.5,469.4,586.8,22.6,609.4,25.18,24.20,0.97120,4.213,11.03,25.07,14,2
34.988,factory_mission,9x4.5,pi5,19.187,-1.968,-2.559,0.646,-0.644,-0.500,1.040,11.88,-7.26,-62.81,0.5930,0.5932,0.0818,0.1297,6497,22.793,581.1,352.1,440.1,22.6,462.7,18.97,24.39,0.97115,4.220,14.63,25.07,14,2
35.040,factory_mission,9x4.5,pi5,19.216,-1.993,-2.580,0.698,-0.618,-0.415,1.020,11.63,-8.06,-57.48,0.5087,0.5017,0.2088,0.2295,6682,20.383,519.6,261.5,326.9,22.6,349.5,14.25,24.53,0.97112,4.225,19.48,25.07,14,2
35.088,factory_mission,9x4.5,pi5,19.261,-2.025,-2.601,0.758,-0.579,-0.261,0.989,10.54,-9.38,-49.00,0.4377,0.4357,0.3229,0.3290,6960,20.435,520.9,238.3,297.9,22.6,320.5,13.05,24.57,0.97109,4.229,21.28,25.07,14,2
35.140,factory_mission,9x4.5,pi5,19.295,-2.047,-2.610,0.797,-0.552,-0.150,0.981,9.49,-10.21,-43.21,0.3712,0.3705,0.4330,0.4327,7257,22.009,561.1,262.8,328.5,22.6,351.1,14.31,24.53,0.97106,4.234,19.39,25.07,14,2
35.188,factory_mission,9x4.5,pi5,19.354,-2.080,-2.614,0.861,-0.511,-0.012,1.001,7.67,-11.16,-34.66,0.3220,0.3210,0.5174,0.5148,7503,24.266,618.6,317.6,397.0,22.6,419.6,17.17,24.44,0.97102,4.240,16.17,25.07,14,2
35.240,factory_mission,9x4.5,pi5,19.393,-2.100,-2.611,0.904,-0.487,0.041,1.028,6.42,-11.54,-29.24,0.2780,0.2762,0.5879,0.5833,7685,26.667,679.8,386.8,483.6,22.6,506.2,20.80,24.33,0.97097,4.247,13.34,25.07,14,2
35.288,factory_mission,9x4.5,pi5,19.450,-2.126,-2.605,0.966,-0.454,0.075,1.070,4.64,-11.70,-21.81,0.2467,0.2463,0.6268,0.6236,7750,28.139,717.3,435.4,544.3,22.6,566.9,23.37,24.25,0.97092,4.255,11.87,25.07,14,2
35.340,factory_mission,9x4.5,pi5,19.493,-2.143,-2.599,1.009,-0.433,0.078,1.101,3.59,-11.55,-17.44,0.2238,0.2263,0.6490,0.6461,7757,28.952,738.1,465.6,582.0,22.6,604.6,24.98,24.21,0.97086,4.263,11.11,25.07,14,2
35.388,factory_mission,9x4.5,pi5,19.566,-2.169,-2.591,1.071,-0.400,0.065,1.145,2.27,-11.00,-11.91,0.2158,0.2204,0.6521,0.6508,7735,29.013,739.6,470.2,587.7,22.6,610.3,25.22,24.20,0.97080,4.271,11.00,25.07,14,2
35.440,factory_mission,9x4.5,pi5,19.613,-2.185,-2.586,1.102,-0.381,0.056,1.168,1.59,-10.49,-8.90,0.2189,0.2245,0.6443,0.6436,7706,28.621,729.6,458.3,572.8,22.6,595.4,24.59,24.22,0.97074,4.280,11.29,25.07,14,2
35.488,factory_mission,9x4.5,pi5,19.681,-2.205,-2.580,1.136,-0.356,0.048,1.192,0.86,-9.59,-5.40,0.2334,0.2395,0.6272,0.6274,7693,27.976,713.2,435.3,544.2,22.6,566.8,23.37,24.25,0.97069,4.288,11.87,25.07,14,2
35.540,factory_mission,9x4.5,pi5,19.731,-2.219,-2.577,1.153,-0.340,0.048,1.203,0.53,-8.96,-3.69,0.2553,0.2539,0.6045,0.6159,7700,27.447,699.7,414.7,518.3,22.6,540.9,22.27,24.29,0.97064,4.295,12.46,25.07,14,2
35.592,factory_mission,9x4.5,pi5,19.811,-2.239,-2.571,1.168,-0.314,0.058,1.211,0.12,-8.05,-1.94,0.2634,0.2666,0.6047,0.6034,7731,27.395,698.4,409.3,511.6,22.6,534.2,21.99,24.29,0.97058,4.303,12.62,25.07,14,2
35.640,factory_mission,9x4.5,pi5,19.861,-2.251,-2.567,1.171,-0.300,0.066,1.210,-0.15,-7.48,-1.30,0.2793,0.2843,0.5914,0.5925,7765,27.205,693.5,398.3,497.9,22.6,520.5,21.41,24.31,0.97054,4.310,12.96,25.07,14,2
35.692,factory_mission,9x4.5,pi5,19.932,-2.267,-2.562,1.168,-0.283,0.078,1.204,-0.45,-6.65,-1.02,0.3068,0.3136,0.5679,0.5699,7803,26.813,683.6,379.0,473.7,22.6,496.3,20.39,24.34,0.97049,4.317,13.60,25.07,14,2
35.740,factory_mission,9x4.5,pi5,19.981,-2.279,-2.558,1.161,-0.273,0.089,1.196,-0.56,-6.12,-1.24,0.3388,0.3452,0.5434,0.5440,7852,26.554,676.9,363.3,454.1,22.6,476.7,19.56,24.37,0.97044,4.324,14.18,25.07,14,2
35.788,factory_mission,9x4.5,pi5,20.059,-2.296,-2.550,1.144,-0.260,0.110,1.178,-0.63,-5.40,-2.03,0.3734,0.3796,0.5166,0.5178,7910,26.478,675.0,353.2,441.4,22.6,464.0,19.03,24.38,0.97040,4.330,14.57,25.07,14,2
35.840,factory_mission,9x4.5,pi5,20.107,-2.307,-2.545,1.129,-0.253,0.123,1.163,-0.63,-4.95,-2.78,0.4110,0.4150,0.4893,0.4920,7982,26.653,679.5,350.8,438.5,22.6,461.1,18.91,24.38,0.97036,4.336,14.67,25.07,14,2
35.892,factory_mission,9x4.5,pi5,20.172,-2.322,-2.536,1.104,-0.244,0.138,1.139,-0.57,-4.34,-4.08,0.4442,0.4482,0.4637,0.4671,8039,26.915,686.2,353.5,441.9,22.6,464.5,19.05,24.38,0.97031,4.343,14.55,25.07,14,2
35.940,factory_mission,9x4.5,pi5,20.218,-2.333,-2.530,1.084,-0.238,0.145,1.119,-0.52,-3.96,-4.98,0.4706,0.4737,0.4452,0.4475,8089,27.253,694.8,360.3,450.4,22.6,473.0,19.41,24.37,0.97027,4.349,14.29,25.07,14,2
35.992,factory_mission,9x4.5,pi5,20.287,-2.351,-2.519,1.048,-0.229,0.149,1.083,-0.43,-3.45,-6.27,0.4936,0.4963,0.4278,0.4307,8131,27.615,704.0,369.1,461.4,22.6,484.0,19.87,24.35,0.97022,4.356,13.95,25.07,14,2
36.040,factory_mission,9x4.5,pi5,20.329,-2.361,-2.512,1.024,-0.224,0.147,1.058,-0.38,-3.13,-7.03,0.5080,0.5108,0.4174,0.4186,8154,27.859,710.2,375.8,469.7,22.6,492.3,20.22,24.34,0.97017,4.363,13.71,25.07,14,2
36.088,factory_mission,9x4.5,pi5,20.385,-2.376,-2.503,0.988,-0.217,0.141,1.021,-0.31,-2.70,-7.97,0.5193,0.5213,0.4077,0.4105,8168,28.045,714.9,381.3,476.6,22.6,499.2,20.51,24.33,0.97013,4.370,13.52,25.07,14,2
36.140,factory_mission,9x4.5,pi5,20.424,-2.386,-2.497,0.961,-0.212,0.135,0.993,-0.27,-2.44,-8.42,0.5245,0.5281,0.4026,0.4057,8176,28.155,717.7,384.6,480.7,22.6,503.3,20.69,24.33,0.97008,4.377,13.40,25.07,14,2
36.192,factory_mission,9x4.5,pi5,20.483,-2.403,-2.487,0.917,-0.203,0.123,0.947,-0.21,-2.09,-8.81,0.5286,0.5304,0.4003,0.4029,8181,28.218,719.4,386.5,483.1,22.6,505.7,20.79,24.32,0.97003,4.384,13.33,25.07,14,2
36.240,factory_mission,9x4.5,pi5,20.518,-2.412,-2.482,0.889,-0.197,0.113,0.917,-0.18,-1.88,-8.87,0.4973,0.6573,0.3928,0.4477,8662,32.088,818.0,479.3,599.2,22.6,621.8,25.72,24.18,0.96997,4.392,10.78,25.07,14,2
36.292,factory_mission,9x4.5,pi5,20.565,-2.426,-2.477,0.854,-0.189,0.036,0.875,0.75,-3.08,-8.61,0.6311,0.6420,0.3388,0.3366,8493,31.984,815.4,497.8,622.3,22.6,644.9,26.71,24.15,0.96991,4.402,10.38,25.07,14,2
36.340,factory_mission,9x4.5,pi5,20.597,-2.435,-2.476,0.845,-0.176,-0.028,0.863,1.97,-5.10,-8.06,0.6794,0.6446,0.2811,0.2817,8270,31.651,806.9,513.5,641.8,22.6,664.4,27.55,24.12,0.96985,4.411,10.06,25.07,14,2
36.388,factory_mission,9x4.5,pi5,20.649,-2.448,-2.480,0.866,-0.140,-0.109,0.884,3.86,-8.37,-6.51,0.6570,0.6449,0.2648,0.2604,8053,30.298,772.4,485.2,606.5,22.6,629.1,26.03,24.17,0.96979,4.419,10.64,25.06,14,2
36.440,factory_mission,9x4.5,pi5,20.683,-2.454,-2.486,0.897,-0.109,-0.134,0.913,4.82,-10.33,-4.93,0.6197,0.6064,0.2795,0.2757,7887,28.360,723.0,428.7,535.9,22.6,558.5,23.02,24.26,0.96973,4.427,12.04,25.06,14,2
36.488,factory_mission,9x4.5,pi5,20.734,-2.461,-2.494,0.952,-0.059,-0.134,0.964,5.57,-12.68,-1.77,0.5803,0.5584,0.3154,0.3125,7834,26.980,687.8,381.8,477.2,22.6,499.8,20.54,24.33,0.96969,4.434,13.49,25.06,14,2
36.540,factory_mission,9x4.5,pi5,20.772,-2.463,-2.500,0.997,-0.019,-0.114,1.004,5.67,-13.91,0.75,0.5253,0.5138,0.3663,0.3658,7851,26.174,667.3,348.8,436.0,22.6,458.6,18.81,24.38,0.96964,4.440,14.73,25.06,14,2
36.588,factory_mission,9x4.5,pi5,20.840,-2.463,-2.507,1.072,0.046,-0.064,1.075,5.31,-15.29,4.95,0.4820,0.4717,0.4176,0.4169,7912,26.140,666.4,339.8,424.7,22.6,447.3,18.34,24.39,0.96960,4.446,15.11,25.06,14,2
36.640,factory_mission,9x4.5,pi5,20.885,-2.460,-2.509,1.120,0.089,-0.031,1.124,4.82,-15.94,7.87,0.4402,0.4326,0.4705,0.4696,8002,26.679,680.1,349.2,436.5,22.6,459.1,18.83,24.38,0.96955,4.453,14.71,25.06,14,2
36.688,factory_mission,9x4.5,pi5,20.952,-2.452,-2.510,1.189,0.149,0.008,1.198,3.88,-16.57,12.20,0.4086,0.4024,0.5108,0.5095,8068,27.339,697.0,366.5,458.1,22.6,480.7,19.74,24.35,0.96951,4.459,14.03,25.06,14,2
36.740,factory_mission,9x4.5,pi5,21.003,-2.445,-2.509,1.239,0.193,0.028,1.254,3.18,-16.78,14.93,0.3814,0.3754,0.5422,0.5452,8116,28.016,714.2,387.1,483.9,22.6,506.5,20.83,24.32,0.96946,4.467,13.30,25.06,14,2
36.788,factory_mission,9x4.5,pi5,21.090,-2.428,-2.505,1.319,0.261,0.046,1.346,2.12,-16.84,18.62,0.3600,0.3582,0.5663,0.5669,8142,28.537,727.5,404.4,505.5,22.6,528.1,21.74,24.29,0.96941,4.474,12.74,25.06,14,2
36.840,factory_mission,9x4.5,pi5,21.147,-2.416,-2.502,1.368,0.302,0.050,1.402,1.44,-16.73,20.73,0.3472,0.3470,0.5809,0.5792,8152,28.851,735.5,415.6,519.5,22.6,542.1,22.33,24.27,0.96936,4.482,12.40,25.06,14,2
36.892,factory_mission,9x4.5,pi5,21.230,-2.395,-2.498,1.433,0.355,0.051,1.477,0.57,-16.41,23.32,0.3437,0.3469,0.5824,0.5818,8154,28.902,736.8,417.4,521.8,22.6,544.4,22.43,24.27,0.96930,4.489,12.35,25.06,14,2
36.940,factory_mission,9x4.5,pi5,21.292,-2.378,-2.494,1.475,0.390,0.051,1.527,0.11,-16.12,24.64,0.3489,0.3532,0.5759,0.5777,8157,28.813,734.5,413.4,516.8,22.6,539.4,22.22,24.28,0.96926,4.497,12.46,25.06,14,2
36.988,factory_mission,9x4.5,pi5,21.395,-2.349,-2.489,1.536,0.440,0.051,1.599,-0.39,-15.62,26.05,0.3597,0.3649,0.5653,0.5669,8161,28.638,730.1,405.9,507.3,22.6,529.9,21.82,24.29,0.96921,4.504,12.69,25.06,14,2
37.040,factory_mission,9x4.5,pi5,21.461,-2.329,-2.486,1.570,0.467,0.051,1.639,-0.60,-15.29,26.65,0.3761,0.3811,0.5500,0.5527,8172,28.452,725.3,397.1,496.3,22.6,518.9,21.35,24.30,0.96916,4.511,12.97,25.06,14,2
37.088,factory_mission,9x4.5,pi5,21.555,-2.300,-2.482,1.610,0.501,0.053,1.688,-0.78,-14.80,27.11,0.3936,0.3987,0.5342,0.5373,8186,28.323,722.0,390.0,487.5,22.6,510.1,20.98,24.31,0.96911,4.518,13.20,25.06,14,2
37.140,factory_mission,9x4.5,pi5,21.624,-2.278,-2.478,1.636,0.523,0.055,1.718,-0.82,-14.50,27.18,0.4130,0.4181,0.5173,0.5201,8204,28.249,720.2,384.6,480.8,22.6,503.4,20.70,24.32,0.96906,4.525,13.38,25.06,14,2
37.188,factory_mission,9x4.5,pi5,21.735,-2.241,-2.473,1.670,0.553,0.059,1.760,-0.80,-14.09,27.03,0.4314,0.4352,0.5020,0.5053,8223,28.259,720.4,382.4,477.9,22.6,500.5,20.58,24.32,0.96901,4.532,13.45,25.06,14,2
37.240,factory_mission,9x4.5,pi5,21.805,-2.218,-2.470,1.688,0.570,0.060,1.783,-0.75,-13.85,26.80,0.4483,0.4528,0.4880,0.4909,8245,28.332,722.3,382.3,477.9,22.6,500.5,20.58,24.32,0.96896,4.539,13.45,25.06,14,2
37.288,factory_mission,9x4.5,pi5,21.905,-2.184,-2.466,1.710,0.591,0.061,1.810,-0.64,-13.54,26.37,0.4624,0.4663,0.4763,0.4791,8260,28.408,724.2,383.3,479.1,22.6,501.7,20.63,24.32,0.96892,4.546,13.42,25.06,14,2
37.340,factory_mission,9x4.5,pi5,21.976,-2.159,-2.463,1.723,0.604,0.061,1.827,-0.56,-13.36,26.05,0.4740,0.4782,0.4660,0.4692,8272,28.487,726.2,384.8,481.0,22.6,503.6,20.71,24.32,0.96887,4.553,13.36,25.06,14,2
37.392,factory_mission,9x4.5,pi5,22.091,-2.119,-2.459,1.742,0.623,0.058,1.851,-0.44,-13.13,25.60,0.4824,0.4876,0.4580,0.4620,8281,28.564,728.2,386.6,483.3,22.6,505.9,20.81,24.31,0.96882,4.560,13.30,25.06,14,2
37.440,factory_mission,9x4.5,pi5,22.163,-2.093,-2.457,1.752,0.634,0.055,1.864,-0.37,-13.00,25.33,0.4884,0.4920,0.4535,0.4574,8286,28.609,729.3,387.8,484.7,22.6,507.3,20.87,24.31,0.96877,4.567,13.26,25.06,14,2
37.488,factory_mission,9x4.5,pi5,22.264,-2.057,-2.453,1.763,0.648,0.052,1.879,-0.27,-12.83,25.02,0.4917,0.4956,0.4511,0.4541,8290,28.649,730.3,388.8,486.0,22.6,508.6,20.92,24.31,0.96873,4.574,13.23,25.06,14,2
37.540,factory_mission,9x4.5,pi5,22.337,-2.031,-2.451,1.770,0.657,0.048,1.888,-0.22,-12.74,24.87,0.4929,0.4970,0.4498,0.4535,8293,28.672,730.9,389.4,486.7,22.6,509.3,20.95,24.31,0.96867,4.581,13.21,25.06,14,2
37.588,factory_mission,9x4.5,pi5,22.453,-1.988,-2.448,1.778,0.670,0.043,1.901,-0.15,-12.62,24.76,0.4928,0.4969,0.4502,0.4541,8296,28.690,731.4,389.7,487.2,22.6,509.8,20.97,24.31,0.96863,4.588,13.19,25.06,14,2
37.640,factory_mission,9x4.5,pi5,22.525,-1.962,-2.446,1.783,0.678,0.040,1.908,-0.12,-12.56,24.76,0.4911,0.4951,0.4527,0.4555,8298,28.696,731.6,389.7,487.1,22.6,509.7,20.97,24.31,0.96858,4.596,13.19,25.06,14,2
37.692,factory_mission,9x4.5,pi5,22.626,-1.924,-2.443,1.788,0.688,0.035,1.916,-0.10,-12.49,24.84,0.4889,0.4926,0.4552,0.4582,8299,28.696,731.5,389.5,486.9,22.6,509.5,20.96,24.31,0.96853,4.603,13.20,25.06,14,2
37.740,factory_mission,9x4.5,pi5,22.698,-1.897,-2.442,1.790,0.695,0.031,1.921,-0.09,-12.45,24.96,0.4861,0.4897,0.4577,0.4616,8300,28.694,731.5,389.4,486.7,22.6,509.3,20.95,24.31,0.96848,4.610,13.20,25.06,14,2
37.788,factory_mission,9x4.5,pi5,22.770,-1.869,-2.440,1.792,0.701,0.028,1.925,-0.09,-12.41,25.20,0.4836,0.4866,0.4611,0.4641,8300,28.693,731.5,389.2,486.5,22.6,509.1,20.94,24.31,0.96843,4.616,13.21,25.06,14,2
37.840,factory_mission,9x4.5,pi5,22.885,-1.825,-2.437,1.795,0.711,0.023,1.931,-0.10,-12.40,25.39,0.4797,0.4838,0.4647,0.4672,8300,28.688,731.3,389.0,486.2,22.6,508.8,20.93,24.31,0.96838,4.624,13.21,25.06,14,2
37.888,factory_mission,9x4.5,pi5,22.985,-1.786,-2.436,1.796,0.720,0.018,1.935,-0.11,-12.38,25.72,0.4773,0.4811,0.4674,0.4692,8300,28.680,731.1,388.7,485.9,22.6,508.5,20.92,24.31,0.96834,4.631,13.22,25.06,14,2
37.928,factory_mission,9x4.5,pi5,23.028,-1.769,-2.435,1.796,0.723,0.017,1.937,-0.12,-12.38,25.84,0.4750,0.4792,0.4690,0.4720,8300,28.678,731.1,388.7,485.9,22.6,508.5,20.92,24.31,0.96830,4.636,13.22,25.06,14,2
37.936,factory_mission,9x4.5,pi5,23.057,-1.757,-2.435,1.797,0.726,0.015,1.938,-0.13,-12.38,25.95,0.4746,0.4788,0.4694,0.4723,8300,28.677,731.1,388.7,485.8,22.6,508.4,20.92,24.31,0.96829,4.637,13.22,25.06,14,2
37.984,factory_mission,9x4.5,pi5,23.129,-1.729,-2.434,1.797,0.731,0.013,1.940,-0.14,-12.39,26.20,0.4731,0.4773,0.4708,0.4740,8300,28.679,731.1,388.7,485.9,22.6,508.5,20.92,24.31,0.96824,4.644,13.22,25.06,14,2
38.036,factory_mission,9x4.5,pi5,23.243,-1.684,-2.432,1.798,0.740,0.009,1.944,-0.15,-12.40,26.56,0.4719,0.4759,0.4727,0.4751,8301,28.688,731.3,388.9,486.1,22.6,508.7,20.93,24.31,0.96819,4.652,13.21,25.06,14,2
38.084,factory_mission,9x4.5,pi5,23.315,-1.655,-2.432,1.798,0.746,0.006,1.946,-0.16,-12.41,26.80,0.4711,0.4751,0.4736,0.4758,8302,28.693,731.5,389.0,486.2,22.6,508.8,20.93,24.30,0.96815,4.658,13.21,25.06,14,2
38.136,factory_mission,9x4.5,pi5,23.415,-1.615,-2.431,1.798,0.754,0.003,1.949,-0.17,-12.43,27.15,0.4707,0.4738,0.4741,0.4773,8303,28.699,731.6,389.1,486.4,22.6,509.0,20.94,24.30,0.96810,4.666,13.20,25.06,14,2
38.184,factory_mission,9x4.5,pi5,23.486,-1.587,-2.430,1.798,0.759,0.001,1.952,-0.17,-12.45,27.37,0.4699,0.4746,0.4743,0.4774,8304,28.707,731.8,389.3,486.6,22.6,509.2,20.95,24.30,0.96805,4.672,13.20,25.06,14,2
38.236,factory_mission,9x4.5,pi5,23.601,-1.540,-2.429,1.798,0.768,-0.002,1.955,-0.16,-12.48,27.70,0.4702,0.4743,0.4748,0.4771,8305,28.711,731.9,389.3,486.7,22.6,509.3,20.96,24.30,0.96800,4.680,13.19,25.06,14,2
38.284,factory_mission,9x4.5,pi5,23.672,-1.511,-2.429,1.797,0.773,-0.004,1.957,-0.14,-12.49,27.91,0.4712,0.4748,0.4745,0.4760,8305,28.716,732.0,389.4,486.8,22.6,509.4,20.96,24.30,0.96795,4.687,13.19,25.06,14,2
38.336,factory_mission,9x4.5,pi5,23.771,-1.470,-2.428,1.797,0.782,-0.006,1.960,-0.12,-12.52,28.21,0.4715,0.4740,0.4735,0.4746,8294,28.638,730.1,387.8,484.8,22.6,507.4,20.88,24.30,0.96790,4.694,13.24,25.06,14,2
38.384,factory_mission,9x4.5,pi5,23.842,-1.440,-2.428,1.796,0.787,-0.008,1.961,-0.10,-12.54,28.40,0.4726,0.4719,0.4730,0.4704,8274,28.497,726.5,385.0,481.2,22.6,503.8,20.73,24.31,0.96786,4.701,13.34,25.05,14,2
38.436,factory_mission,9x4.5,pi5,23.955,-1.391,-2.428,1.794,0.797,-0.007,1.963,-0.07,-12.47,28.69,0.4721,0.4720,0.4704,0.4696,8260,28.404,724.1,383.1,478.9,22.6,501.5,20.63,24.31,0.96781,4.708,13.40,25.05,14,2
38.484,factory_mission,9x4.5,pi5,24.025,-1.361,-2.429,1.792,0.803,-0.005,1.963,-0.05,-12.30,28.88,0.4723,0.4729,0.4687,0.4678,8251,28.344,722.6,381.9,477.4,22.6,500.0,20.56,24.31,0.96776,4.715,13.44,25.05,14,2
38.536,factory_mission,9x4.5,pi5,24.123,-1.317,-2.429,1.785,0.809,-0.002,1.960,-0.02,-11.89,29.18,0.4702,0.4807,0.4683,0.4647,8259,28.403,724.1,383.1,478.9,22.6,501.5,20.63,24.31,0.96771,4.722,13.40,25.05,14,2
38.584,factory_mission,9x4.5,pi5,24.193,-1.286,-2.429,1.779,0.813,-0.002,1.956,0.03,-11.55,29.38,0.4819,0.4844,0.4570,0.4583,8251,28.357,722.9,382.4,478.0,22.6,500.6,20.59,24.31,0.96767,4.728,13.42,25.05,14,2
38.636,factory_mission,9x4.5,pi5,24.304,-1.235,-2.429,1.763,0.818,-0.002,1.944,0.23,-11.01,29.72,0.4882,0.4897,0.4498,0.4514,8242,28.312,721.8,381.9,477.4,22.6,500.0,20.57,24.31,0.96762,4.736,13.44,25.05,14,2
38.684,factory_mission,9x4.5,pi5,24.372,-1.203,-2.429,1.750,0.821,-0.002,1.933,0.36,-10.61,30.00,0.4899,0.4933,0.4454,0.4489,8236,28.283,721.0,381.5,476.9,22.6,499.5,20.55,24.31,0.96757,4.742,13.45,25.05,14,2
38.736,factory_mission,9x4.5,pi5,24.468,-1.158,-2.429,1.727,0.824,-0.001,1.914,0.52,-9.97,30.52,0.4899,0.4912,0.4469,0.4487,8233,28.258,720.4,381.0,476.2,22.6,498.8,20.52,24.31,0.96752,4.750,13.47,25.05,14,2
38.784,factory_mission,9x4.5,pi5,24.535,-1.126,-2.428,1.708,0.826,-0.001,1.897,0.58,-9.51,30.92,0.4878,0.4894,0.4481,0.4511,8232,28.244,720.0,380.5,475.7,22.6,498.3,20.50,24.31,0.96748,4.756,13.48,25.05,14,2
38.836,factory_mission,9x4.5,pi5,24.640,-1.074,-2.428,1.672,0.826,-0.001,1.865,0.63,-8.80,31.61,0.4833,0.4863,0.4508,0.4557,8231,28.225,719.5,379.9,474.9,22.6,497.5,20.46,24.31,0.96743,4.763,13.50,25.05,14,2
38.884,factory_mission,9x4.5,pi5,24.704,-1.041,-2.428,1.646,0.824,-0.001,1.841,0.63,-8.32,32.12,0.4798,0.4838,0.4541,0.4580,8229,28.207,719.1,379.4,474.3,22.6,496.9,20.44,24.31,0.96738,4.770,13.52,25.05,14,2
38.936,factory_mission,9x4.5,pi5,24.792,-0.996,-2.428,1.607,0.820,-0.002,1.804,0.60,-7.62,32.93,0.4758,0.4793,0.4590,0.4613,8228,28.190,718.7,378.9,473.7,22.6,496.3,20.41,24.31,0.96733,4.777,13.53,25.05,14,2
38.984,factory_mission,9x4.5,pi5,24.853,-0.964,-2.427,1.576,0.816,-0.002,1.775,0.57,-7.16,33.50,0.4737,0.4762,0.4609,0.4644,8228,28.184,718.5,378.7,473.4,22.6,496.0,20.40,24.31,0.96729,4.784,13.54,25.05,14,2
39.036,factory_mission,9x4.5,pi5,24.949,-0.912,-2.427,1.524,0.805,-0.004,1.724,0.52,-6.50,34.36,0.4695,0.4745,0.4635,0.4676,8228,28.182,718.4,378.6,473.3,22.6,495.9,20.40,24.31,0.96724,4.791,13.54,25.05,14,2
39.084,factory_mission,9x4.5,pi5,25.006,-0.881,-2.427,1.490,0.797,-0.005,1.690,0.48,-6.08,34.94,0.4691,0.4732,0.4649,0.4678,8227,28.177,718.3,378.5,473.2,22.6,495.8,20.39,24.31,0.96719,4.798,13.55,25.05,14,2
39.136,factory_mission,9x4.5,pi5,25.085,-0.838,-2.426,1.441,0.784,-0.006,1.640,0.41,-5.48,35.80,0.4675,0.4715,0.4664,0.4695,8226,28.173,718.2,378.4,473.1,22.6,495.7,20.39,24.31,0.96714,4.805,13.55,25.05,14,2
39.184,factory_mission,9x4.5,pi5,25.139,-0.807,-2.426,1.404,0.773,-0.007,1.603,0.37,-5.11,36.37,0.4681,0.4714,0.4661,0.4692,8226,28.172,718.2,378.4,473.0,22.6,495.6,20.39,24.31,0.96710,4.811,13.55,25.05,14,2
39.236,factory_mission,9x4.5,pi5,25.222,-0.760,-2.426,1.344,0.753,-0.009,1.540,0.32,-4.59,37.22,0.4677,0.4721,0.4661,0.4693,8228,28.182,718.4,378.6,473.3,22.6,495.9,20.40,24.31,0.96705,4.818,13.54,25.05,14,2
39.284,factory_mission,9x4.5,pi5,25.272,-0.731,-2.425,1.306,0.739,-0.010,1.501,0.29,-4.27,37.78,0.4701,0.4741,0.4641,0.4672,8229,28.190,718.7,378.8,473.5,22.6,496.1,20.41,24.31,0.96700,4.825,13.53,25.05,14,2
39.336,factory_mission,9x4.5,pi5,25.339,-0.691,-2.424,1.252,0.719,-0.012,1.444,0.25,-3.83,38.61,0.4711,0.4748,0.4631,0.4669,8230,28.198,718.9,379.0,473.7,22.6,496.3,20.42,24.31,0.96695,4.832,13.52,25.05,14,2
39.384,factory_mission,9x4.5,pi5,25.385,-0.664,-2.424,1.214,0.704,-0.013,1.403,0.22,-3.56,39.17,0.4741,0.4768,0.4611,0.4640,8230,28.204,719.0,379.1,473.9,22.6,496.5,20.42,24.31,0.96691,4.839,13.52,25.05,14,2
39.436,factory_mission,9x4.5,pi5,25.455,-0.622,-2.423,1.153,0.678,-0.016,1.337,0.18,-3.19,40.02,0.4749,0.4792,0.4592,0.4625,8230,28.202,718.9,379.1,473.9,22.6,496.5,20.43,24.31,0.96686,4.846,13.52,25.05,14,2
39.484,factory_mission,9x4.5,pi5,25.497,-0.596,-2.422,1.115,0.662,-0.017,1.296,0.16,-2.96,40.60,0.4797,0.4814,0.4559,0.4587,8229,28.205,719.0,379.3,474.2,22.6,496.8,20.44,24.31,0.96681,4.853,13.51,25.05,14,2
39.536,factory_mission,9x4.5,pi5,25.553,-0.561,-2.422,1.062,0.638,-0.020,1.239,0.13,-2.66,41.51,0.4808,0.4831,0.4546,0.4569,8228,28.199,718.9,379.3,474.1,22.6,496.7,20.43,24.31,0.96677,4.860,13.51,25.05,14,2
39.584,factory_mission,9x4.5,pi5,25.591,-0.537,-2.422,1.025,0.621,-0.021,1.199,0.11,-2.48,42.14,0.4838,0.4864,0.4510,0.4537,8227,28.200,718.9,379.5,474.3,22.6,496.9,20.44,24.31,0.96672,4.866,13.50,25.05,14,2
39.636,factory_mission,9x4.5,pi5,25.650,-0.500,-2.422,0.967,0.594,-0.024,1.135,0.08,-2.24,43.14,0.4854,0.4888,0.4493,0.4511,8226,28.199,718.9,379.6,474.4,22.6,497.0,20.45,24.31,0.96667,4.874,13.50,25.05,14,2
39.684,factory_mission,9x4.5,pi5,25.685,-0.478,-2.422,0.932,0.576,-0.025,1.096,0.07,-2.09,43.85,0.4904,0.4930,0.4441,0.4469,8225,28.209,719.1,380.1,475.1,22.6,497.7,20.48,24.31,0.96663,4.880,13.48,25.05,14,2
39.736,factory_mission,9x4.5,pi5,25.732,-0.448,-2.422,0.884,0.553,-0.030,1.043,0.04,-1.90,45.00,0.4796,0.5133,0.4270,0.6077,8780,32.470,827.8,476.6,595.8,22.6,618.4,25.60,24.15,0.96656,4.889,10.78,25.05,14,2
39.784,factory_mission,9x4.5,pi5,25.764,-0.427,-2.423,0.853,0.537,-0.083,1.011,-0.49,-2.51,45.77,0.3496,0.3287,0.6436,0.6505,8580,32.727,834.3,516.7,645.9,22.6,668.5,27.75,24.09,0.96650,4.898,9.94,25.05,14,2
39.836,factory_mission,9x4.5,pi5,25.814,-0.395,-2.431,0.834,0.518,-0.205,1.003,-2.96,-5.29,46.46,0.2020,0.1955,0.7642,0.7242,8266,34.970,891.5,648.4,810.6,22.6,833.2,34.90,23.87,0.96642,4.910,7.91,25.05,14,2
39.884,factory_mission,9x4.5,pi5,25.845,-0.376,-2.440,0.855,0.509,-0.296,1.038,-4.89,-7.29,46.28,0.1349,0.1272,0.7725,0.7410,7867,34.336,875.3,661.5,826.9,22.6,849.5,35.62,23.85,0.96634,4.922,7.75,25.05,14,2
39.936,factory_mission,9x4.5,pi5,25.893,-0.349,-2.460,0.917,0.496,-0.400,1.117,-7.31,-9.95,44.70,0.1174,0.1161,0.7123,0.7156,7453,30.921,788.3,566.1,707.6,22.6,730.2,30.42,24.00,0.96627,4.932,9.07,25.05,14,2
39.984,factory_mission,9x4.5,pi5,25.930,-0.330,-2.478,0.974,0.486,-0.435,1.173,-8.37,-11.39,42.76,0.1453,0.1511,0.6662,0.6429,7250,27.497,701.0,458.5,573.2,22.6,595.8,24.64,24.18,0.96621,4.940,11.19,25.05,14,2
40.032,factory_mission,9x4.5,pi5,25.995,-0.300,-2.507,1.068,0.464,-0.410,1.235,-9.13,-13.20,38.70,0.2027,0.2125,0.5964,0.5837,7214,24.864,633.9,368.3,460.4,22.6,483.0,19.86,24.32,0.96617,4.946,13.89,25.05,14,2
40.084,factory_mission,9x4.5,pi5,26.040,-0.282,-2.524,1.122,0.447,-0.355,1.259,-9.14,-14.22,35.40,0.2831,0.2916,0.5268,0.5202,7309,23.461,598.1,309.1,386.4,22.6,409.0,16.75,24.41,0.96613,4.952,16.46,25.05,14,2
40.136,factory_mission,9x4.5,pi5,26.109,-0.259,-2.543,1.194,0.421,-0.251,1.291,-8.51,-15.53,29.87,0.3704,0.3763,0.4694,0.4613,7511,23.671,603.4,294.9,368.6,22.6,391.2,16.01,24.44,0.96609,4.958,17.23,25.05,14,2
40.184,factory_mission,9x4.5,pi5,26.160,-0.243,-2.552,1.246,0.402,-0.176,1.321,-7.77,-16.26,25.99,0.4443,0.4474,0.4210,0.4155,7695,24.668,628.9,310.4,388.0,22.6,410.6,16.82,24.41,0.96605,4.963,16.40,25.05,14,2
40.236,factory_mission,9x4.5,pi5,26.249,-0.220,-2.560,1.332,0.370,-0.078,1.385,-6.38,-17.10,20.18,0.5095,0.5122,0.3763,0.3721,7847,26.043,663.9,344.2,430.2,22.6,452.8,18.59,24.36,0.96601,4.970,14.83,25.05,14,2
40.284,factory_mission,9x4.5,pi5,26.308,-0.206,-2.562,1.390,0.350,-0.035,1.434,-5.36,-17.48,16.49,0.5550,0.5577,0.3452,0.3411,7952,27.317,696.4,380.5,475.6,22.6,498.2,20.50,24.30,0.96596,4.977,13.45,25.05,14,2
40.336,factory_mission,9x4.5,pi5,26.395,-0.188,-2.561,1.474,0.323,0.002,1.509,-3.84,-17.75,11.43,0.5887,0.5902,0.3207,0.3171,8016,28.349,722.7,413.0,516.2,22.6,538.8,22.22,24.25,0.96591,4.984,12.41,25.05,14,2
40.384,factory_mission,9x4.5,pi5,26.460,-0.177,-2.559,1.534,0.304,0.015,1.564,-2.90,-17.74,8.48,0.6052,0.6048,0.3065,0.3051,8034,28.826,734.9,429.5,536.9,22.6,559.5,23.10,24.22,0.96586,4.992,11.94,25.04,14,2
40.436,factory_mission,9x4.5,pi5,26.570,-0.160,-2.555,1.626,0.276,0.023,1.649,-1.69,-17.51,4.80,0.6089,0.6102,0.3012,0.3025,8038,28.966,738.4,434.5,543.1,22.6,565.7,23.37,24.21,0.96580,5.000,11.80,25.04,14,2
40.484,factory_mission,9x4.5,pi5,26.641,-0.150,-2.553,1.679,0.260,0.025,1.699,-1.03,-17.24,2.87,0.6029,0.6061,0.3057,0.3083,8038,28.835,735.1,429.3,536.6,22.6,559.2,23.09,24.22,0.96575,5.008,11.94,25.04,14,2
40.536,factory_mission,9x4.5,pi5,26.745,-0.138,-2.550,1.745,0.240,0.028,1.762,-0.29,-16.75,0.71,0.5908,0.5936,0.3188,0.3211,8043,28.550,727.8,417.5,521.9,22.6,544.5,22.46,24.24,0.96569,5.015,12.27,25.04,14,2
40.584,factory_mission,9x4.5,pi5,26.822,-0.129,-2.547,1.787,0.226,0.032,1.802,0.05,-16.40,-0.26,0.5748,0.5780,0.3354,0.3393,8055,28.259,720.4,404.6,505.7,22.6,528.3,21.78,24.26,0.96565,5.022,12.66,25.04,14,2
40.636,factory_mission,9x4.5,pi5,26.947,-0.117,-2.543,1.845,0.207,0.041,1.857,0.38,-15.89,-1.11,0.5549,0.5590,0.3584,0.3611,8076,28.002,713.9,391.7,489.6,22.6,512.2,21.10,24.28,0.96559,5.030,13.06,25.04,14,2
40.684,factory_mission,9x4.5,pi5,27.027,-0.109,-2.541,1.875,0.196,0.048,1.886,0.49,-15.57,-1.33,0.5359,0.5406,0.3807,0.3845,8106,27.886,710.9,383.1,478.9,22.6,501.5,20.65,24.29,0.96555,5.037,13.35,25.04,14,2
40.736,factory_mission,9x4.5,pi5,27.141,-0.100,-2.536,1.911,0.183,0.059,1.921,0.54,-15.13,-1.28,0.5164,0.5218,0.4054,0.4094,8147,27.906,711.4,378.5,473.1,22.6,495.7,20.40,24.30,0.96550,5.044,13.51,25.04,14,2
40.784,factory_mission,9x4.5,pi5,27.223,-0.093,-2.532,1.933,0.174,0.066,1.942,0.52,-14.88,-1.04,0.5003,0.5050,0.4271,0.4308,8184,28.004,713.9,377.4,471.8,22.6,494.4,20.34,24.30,0.96545,5.050,13.54,25.04,14,2
40.836,factory_mission,9x4.5,pi5,27.355,-0.083,-2.525,1.963,0.161,0.076,1.971,0.43,-14.55,-0.50,0.4840,0.4897,0.4473,0.4515,8218,28.147,717.6,378.5,473.2,22.6,495.8,20.40,24.30,0.96541,5.057,13.50,25.04,14,2
40.884,factory_mission,9x4.5,pi5,27.438,-0.077,-2.520,1.980,0.153,0.079,1.987,0.35,-14.36,-0.06,0.4726,0.4737,0.4636,0.4644,8225,28.162,717.9,378.3,472.8,22.6,495.4,20.39,24.30,0.96536,5.064,13.51,25.04,14,2
40.936,factory_mission,9x4.5,pi5,27.555,-0.069,-2.513,1.999,0.144,0.083,2.006,0.23,-14.08,0.62,0.4620,0.4612,0.4771,0.4753,8229,28.196,718.8,379.0,473.8,22.6,496.4,20.43,24.30,0.96531,5.071,13.49,25.04,14,2
40.984,factory_mission,9x4.5,pi5,27.638,-0.063,-2.508,2.010,0.138,0.085,2.016,0.15,-13.80,1.05,0.4541,0.4535,0.4859,0.4835,8234,28.249,720.1,380.4,475.5,22.6,498.1,20.50,24.29,0.96526,5.078,13.44,25.04,14,2
41.036,factory_mission,9x4.5,pi5,27.772,-0.055,-2.501,2.022,0.130,0.088,2.028,0.04,-13.24,1.63,0.4479,0.4491,0.4906,0.4910,8240,28.306,721.6,381.9,477.4,22.6,500.0,20.58,24.29,0.96522,5.085,13.38,25.04,14,2
41.084,factory_mission,9x4.5,pi5,27.855,-0.049,-2.496,2.025,0.125,0.088,2.031,-0.01,-12.77,1.95,0.4443,0.4476,0.4941,0.4941,8246,28.356,722.9,383.2,478.9,22.6,501.5,20.65,24.29,0.96517,5.092,13.34,25.04,14,2
41.136,factory_mission,9x4.5,pi5,27.971,-0.042,-2.489,2.023,0.118,0.087,2.028,-0.07,-11.95,2.32,0.4441,0.4472,0.4947,0.4958,8252,28.400,724.0,384.1,480.1,22.6,502.7,20.70,24.29,0.96512,5.099,13.31,25.04,14,2
41.184,factory_mission,9x4.5,pi5,28.054,-0.037,-2.484,2.017,0.114,0.085,2.022,-0.08,-11.36,2.48,0.4452,0.4484,0.4935,0.4957,8255,28.422,724.6,384.5,480.6,22.6,503.2,20.72,24.29,0.96507,5.106,13.29,25.04,14,2
41.236,factory_mission,9x4.5,pi5,28.184,-0.029,-2.476,2.000,0.107,0.080,2.004,-0.08,-10.44,2.59,0.4469,0.4518,0.4911,0.4936,8257,28.424,724.6,384.3,480.4,22.6,503.0,20.71,24.29,0.96502,5.113,13.30,25.04,14,2
41.284,factory_mission,9x4.5,pi5,28.265,-0.024,-2.472,1.984,0.102,0.076,1.988,-0.06,-9.82,2.60,0.4494,0.4548,0.4878,0.4914,8257,28.416,724.4,384.0,480.0,22.6,502.6,20.69,24.29,0.96498,5.120,13.31,25.04,14,2
41.336,factory_mission,9x4.5,pi5,28.376,-0.018,-2.466,1.956,0.097,0.070,1.959,-0.02,-8.89,2.52,0.4538,0.4576,0.4844,0.4870,8255,28.391,723.8,383.2,479.1,22.6,501.7,20.66,24.29,0.96493,5.127,13.33,25.04,14,2
41.384,factory_mission,9x4.5,pi5,28.454,-0.014,-2.462,1.931,0.093,0.065,1.934,0.01,-8.29,2.41,0.4568,0.4609,0.4804,0.4840,8253,28.367,723.2,382.6,478.2,22.6,500.8,20.62,24.29,0.96488,5.134,13.35,25.04,14,2
41.436,factory_mission,9x4.5,pi5,28.575,-0.008,-2.457,1.885,0.087,0.057,1.888,0.06,-7.42,2.20,0.4599,0.4646,0.4767,0.4802,8250,28.341,722.5,382.0,477.4,22.6,500.0,20.59,24.29,0.96483,5.141,13.37,25.04,14,2
41.484,factory_mission,9x4.5,pi5,28.649,-0.004,-2.454,1.853,0.083,0.052,1.855,0.09,-6.87,2.03,0.4623,0.4672,0.4740,0.4769,8246,28.313,721.8,381.3,476.6,22.6,499.2,20.55,24.29,0.96479,5.147,13.39,25.04,14,2
41.536,factory_mission,9x4.5,pi5,28.750,0.001,-2.450,1.803,0.078,0.045,1.805,0.14,-6.10,1.75,0.4651,0.4693,0.4707,0.4742,8242,28.283,721.0,380.7,475.8,22.6,498.4,20.52,24.29,0.96474,5.155,13.42,25.04,14,2
41.584,factory_mission,9x4.5,pi5,28.820,0.005,-2.448,1.765,0.074,0.040,1.767,0.16,-5.62,1.56,0.4667,0.4708,0.4689,0.4721,8240,28.265,720.6,380.3,475.4,22.6,498.0,20.50,24.29,0.96469,5.161,13.43,25.04,14,2
41.636,factory_mission,9x4.5,pi5,28.928,0.010,-2.444,1.700,0.069,0.034,1.702,0.19,-4.95,1.26,0.4680,0.4723,0.4674,0.4702,8238,28.250,720.2,380.0,475.0,22.6,497.6,20.49,24.29,0.96464,5.169,13.44,25.04,14,2
41.684,factory_mission,9x4.5,pi5,28.993,0.013,-2.442,1.658,0.066,0.030,1.659,0.21,-4.54,1.06,0.4684,0.4727,0.4662,0.4699,8235,28.232,719.7,379.6,474.5,22.6,497.1,20.47,24.29,0.96460,5.175,13.45,25.04,14,2
41.736,factory_mission,9x4.5,pi5,29.081,0.017,-2.440,1.597,0.062,0.024,1.598,0.23,-3.98,0.78,0.4686,0.4732,0.4659,0.4687,8232,28.212,719.2,379.2,474.0,22.6,496.6,20.45,24.29,0.96455,5.182,13.46,25.04,14,2
41.784,factory_mission,9x4.5,pi5,29.141,0.020,-2.439,1.552,0.059,0.021,1.553,0.24,-3.63,0.60,0.4682,0.4726,0.4660,0.4691,8230,28.201,718.9,379.0,473.8,22.6,496.4,20.44,24.29,0.96450,5.189,13.47,25.04,14,2
41.836,factory_mission,9x4.5,pi5,29.232,0.024,-2.437,1.478,0.055,0.016,1.479,0.25,-3.17,0.33,0.4682,0.4716,0.4666,0.4695,8230,28.200,718.9,379.0,473.7,22.6,496.3,20.43,24.29,0.96445,5.196,13.47,25.04,14,2
41.884,factory_mission,9x4.5,pi5,29.286,0.026,-2.436,1.432,0.052,0.014,1.433,0.25,-2.90,0.16,0.4669,0.4703,0.4681,0.4705,8230,28.199,718.9,379.0,473.7,22.6,496.3,20.43,24.29,0.96441,5.203,13.47,25.04,14,2
41.936,factory_mission,9x4.5,pi5,29.359,0.030,-2.434,1.367,0.049,0.010,1.367,0.25,-2.53,-0.09,0.4657,0.4697,0.4690,0.4714,8230,28.195,718.8,378.9,473.6,22.6,496.2,20.43,24.29,0.96436,5.210,13.47,25.04,14,2
41.984,factory_mission,9x4.5,pi5,29.408,0.032,-2.433,1.320,0.046,0.007,1.321,0.25,-2.32,-0.26,0.4641,0.4679,0.4706,0.4732,8229,28.194,718.7,378.9,473.6,22.6,496.2,20.43,24.29,0.96431,5.217,13.47,25.04,14,2
42.032,factory_mission,9x4.5,pi5,29.483,0.036,-2.432,1.247,0.043,0.003,1.248,0.24,-2.03,-0.53,0.4635,0.4673,0.4709,0.4738,8229,28.191,718.7,378.8,473.5,22.6,496.1,20.43,24.29,0.96427,5.223,13.47,25.04,14,2
42.084,factory_mission,9x4.5,pi5,29.528,0.038,-2.431,1.202,0.041,0.001,1.202,0.24,-1.87,-0.71,0.4646,0.4679,0.4707,0.4723,8229,28.190,718.6,378.8,473.5,22.6,496.1,20.43,24.29,0.96422,5.230,13.47,25.04,14,2
42.136,factory_mission,9x4.5,pi5,29.587,0.041,-2.430,1.140,0.038,-0.013,1.141,0.23,-1.67,-1.00,0.5145,0.5413,0.5918,0.8014,10307,45.333,1155.7,803.1,1003.9,22.6,1026.5,43.51,23.59,0.96411,5.245,6.32,25.04,14,2
42.184,factory_mission,9x4.5,pi5,29.627,0.044,-2.433,1.103,0.036,-0.216,1.125,-0.54,-2.58,-1.34,0.2794,0.1524,0.8986,0.8945,9495,47.839,1219.6,1057.1,1321.3,22.6,1343.9,58.04,23.16,0.96399,5.263,4.74,25.04,14,2
42.236,factory_mission,9x4.5,pi5,29.689,0.046,-2.461,1.087,-0.006,-0.656,1.270,-4.19,-5.18,-3.15,0.0625,0.0000,0.9798,0.8851,8059,47.177,1202.7,1144.6,1430.7,22.6,1453.3,63.18,23.00,0.96383,5.284,4.35,25.04,14,2
42.284,factory_mission,9x4.5,pi5,29.729,0.046,-2.493,1.097,-0.076,-0.902,1.422,-7.01,-6.32,-5.70,0.0416,0.0000,0.8457,0.7596,7043,36.056,919.2,765.0,956.3,22.6,978.9,41.38,23.65,0.96374,5.297,6.64,25.04,14,2
42.336,factory_mission,9x4.5,pi5,29.785,0.039,-2.553,1.098,-0.199,-1.060,1.539,-11.05,-7.65,-11.33,0.0011,0.0000,0.6999,0.7639,6383,30.444,776.1,596.6,745.7,22.6,768.3,32.10,23.93,0.96366,5.308,8.56,25.04,14,2
42.384,factory_mission,9x4.5,pi5,29.826,0.029,-2.601,1.085,-0.296,-1.076,1.557,-13.16,-8.18,-16.15,0.0000,0.0448,0.6917,0.6591,6132,26.677,680.1,482.5,603.2,22.6,625.8,25.95,24.12,0.96361,5.317,10.59,25.04,14,2
42.436,factory_mission,9x4.5,pi5,29.891,0.004,-2.677,1.039,-0.454,-1.001,1.512,-15.49,-8.94,-24.68,0.0090,0.0817,0.6572,0.6322,6433,25.149,641.1,429.5,536.8,22.6,559.4,23.12,24.20,0.96355,5.325,11.89,25.04,14,2
42.484,factory_mission,9x4.5,pi5,29.930,-0.018,-2.720,0.995,-0.551,-0.919,1.462,-16.45,-9.60,-31.07,0.0697,0.1425,0.5863,0.5983,6494,22.785,580.9,351.5,439.4,22.6,462.0,18.99,24.32,0.96351,5.331,14.47,25.04,14,2
42.536,factory_mission,9x4.5,pi5,29.982,-0.056,-2.773,0.918,-0.675,-0.768,1.375,-16.69,-10.88,-41.48,0.1486,0.1997,0.5584,0.5493,6708,21.917,558.7,309.4,386.8,22.6,409.4,16.79,24.39,0.96347,5.337,16.37,25.04,14,2
42.584,factory_mission,9x4.5,pi5,30.017,-0.088,-2.804,0.856,-0.755,-0.647,1.312,-16.13,-11.99,-48.81,0.2179,0.2473,0.5295,0.5317,6964,22.139,564.4,296.0,370.0,22.6,392.6,16.08,24.41,0.96343,5.342,17.09,25.04,14,2
42.636,factory_mission,9x4.5,pi5,30.066,-0.147,-2.841,0.750,-0.873,-0.460,1.239,-14.28,-13.79,-60.30,0.2790,0.2941,0.5129,0.5142,7231,22.898,583.7,297.0,371.3,22.6,393.9,16.14,24.41,0.96339,5.348,17.03,25.04,14,2
42.684,factory_mission,9x4.5,pi5,30.093,-0.188,-2.856,0.681,-0.943,-0.356,1.216,-12.52,-14.94,-68.24,0.3256,0.3327,0.5044,0.5063,7480,23.973,611.1,309.4,386.8,22.6,409.4,16.78,24.39,0.96336,5.353,16.37,25.04,14,2
42.736,factory_mission,9x4.5,pi5,30.125,-0.251,-2.871,0.584,-1.036,-0.236,1.213,-9.31,-16.30,-80.50,0.3658,0.3677,0.5016,0.5020,7727,25.257,643.9,328.7,410.9,22.6,433.5,17.80,24.36,0.96331,5.359,15.44,25.04,14,2
42.784,factory_mission,9x4.5,pi5,30.144,-0.299,-2.876,0.515,-1.100,-0.168,1.226,-6.92,-16.85,-88.85,0.3921,0.3920,0.4992,0.5009,7898,26.221,668.4,344.7,430.9,22.6,453.5,18.64,24.33,0.96327,5.365,14.74,25.04,14,2
42.836,factory_mission,9x4.5,pi5,30.169,-0.381,-2.879,0.408,-1.196,-0.088,1.267,-3.18,-17.06,-101.52,0.4300,0.4294,0.4791,0.4828,8032,26.915,686.1,354.5,443.1,22.6,465.7,19.15,24.32,0.96323,5.372,14.35,25.04,14,2
42.884,factory_mission,9x4.5,pi5,30.181,-0.436,-2.879,0.344,-1.253,-0.055,1.300,-0.72,-16.76,-109.95,0.4972,0.4962,0.4246,0.4295,8127,27.605,703.7,369.2,461.5,22.6,484.1,19.93,24.29,0.96318,5.379,13.79,25.04,14,2
42.936,factory_mission,9x4.5,pi5,30.193,-0.516,-2.875,0.258,-1.327,-0.031,1.352,2.66,-15.69,-122.25,0.5778,0.5772,0.3512,0.3565,8182,28.966,738.4,416.2,520.3,22.6,542.9,22.42,24.22,0.96313,5.386,12.26,25.04,14,2
42.984,factory_mission,9x4.5,pi5,30.199,-0.575,-2.872,0.200,-1.377,-0.032,1.392,4.59,-14.66,-129.99,0.6465,0.6468,0.2791,0.2852,8164,30.653,781.4,486.1,607.6,22.6,630.2,26.14,24.11,0.96307,5.395,10.51,25.04,14,2
43.036,factory_mission,9x4.5,pi5,30.203,-0.673,-2.868,0.113,-1.455,-0.072,1.461,6.87,-12.82,-140.53,0.7022,0.7033,0.2100,0.2165,8071,32.358,824.9,564.5,705.7,22.6,728.3,30.37,23.98,0.96300,5.405,9.04,25.04,14,2
43.084,factory_mission,9x4.5,pi5,30.203,-0.737,-2.868,0.062,-1.502,-0.117,1.508,7.96,-11.53,-146.70,0.7340,0.7354,0.1551,0.1632,7910,33.295,848.8,617.2,771.5,22.6,794.1,33.24,23.89,0.96292,5.416,8.26,25.04,14,2
43.136,factory_mission,9x4.5,pi5,30.200,-0.829,-2.872,-0.003,-1.562,-0.195,1.574,9.02,-9.68,-154.51,0.7429,0.7445,0.1133,0.1210,7671,33.085,843.4,629.5,786.9,22.6,809.5,33.91,23.87,0.96284,5.428,8.10,25.04,14,2
43.184,factory_mission,9x4.5,pi5,30.196,-0.896,-2.878,-0.045,-1.598,-0.249,1.618,9.39,-8.59,-158.72,0.7374,0.7394,0.0909,0.0978,7468,32.287,823.1,614.9,768.6,22.6,791.2,33.11,23.89,0.96277,5.438,8.29,25.04,14,2
43.236,factory_mission,9x4.5,pi5,30.187,-1.007,-2.892,-0.103,-1.644,-0.317,1.677,9.58,-7.24,-163.60,0.7176,0.7216,0.0868,0.0908,7291,30.832,786.0,574.2,717.8,22.6,740.4,30.90,23.96,0.96269,5.449,8.89,25.04,14,2
43.284,factory_mission,9x4.5,pi5,30.179,-1.076,-2.904,-0.133,-1.664,-0.342,1.704,9.54,-6.56,-165.93,0.6933,0.6977,0.0949,0.0959,7164,29.241,745.4,526.3,657.9,22.6,680.5,28.31,24.04,0.96263,5.458,9.70,25.04,14,2
43.336,factory_mission,9x4.5,pi5,30.168,-1.175,-2.922,-0.169,-1.680,-0.348,1.724,9.33,-5.87,-168.19,0.6609,0.6652,0.1195,0.1170,7095,27.446,699.7,468.3,585.4,22.6,608.0,25.20,24.13,0.96257,5.467,10.89,25.04,14,2
43.384,factory_mission,9x4.5,pi5,30.158,-1.245,-2.934,-0.191,-1.685,-0.331,1.728,9.13,-5.61,-168.94,0.6319,0.6362,0.1514,0.1464,7107,26.174,667.2,423.2,529.0,22.6,551.6,22.79,24.20,0.96252,5.474,12.04,25.03,14,2
43.436,factory_mission,9x4.5,pi5,30.142,-1.357,-2.953,-0.221,-1.682,-0.276,1.719,8.81,-5.46,-169.08,0.5992,0.6038,0.1938,0.1887,7178,25.129,640.6,380.8,476.0,22.6,498.6,20.54,24.27,0.96247,5.481,13.36,25.03,14,2
43.484,factory_mission,9x4.5,pi5,30.131,-1.425,-2.962,-0.237,-1.675,-0.229,1.707,8.60,-5.49,-168.60,0.5724,0.5768,0.2364,0.2317,7293,24.680,629.2,354.3,442.9,22.6,465.5,19.15,24.31,0.96243,5.487,14.33,25.03,14,2
43.536,factory_mission,9x4.5,pi5,30.116,-1.520,-2.972,-0.258,-1.662,-0.156,1.689,8.30,-5.67,-167.19,0.5440,0.5480,0.2878,0.2835,7460,24.649,628.4,336.4,420.4,22.6,443.0,18.20,24.34,0.96238,5.494,15.08,25.03,14,2
43.584,factory_mission,9x4.5,pi5,30.104,-1.586,-2.976,-0.271,-1.652,-0.104,1.677,8.11,-5.87,-165.88,0.5207,0.5236,0.3320,0.3294,7613,24.931,635.6,329.9,412.3,22.6,434.9,17.86,24.35,0.96234,5.500,15.36,25.03,14,2
43.636,factory_mission,9x4.5,pi5,30.085,-1.690,-2.977,-0.292,-1.635,-0.029,1.661,7.84,-6.24,-163.50,0.4960,0.4950,0.3774,0.3747,7749,25.308,645.2,328.1,410.1,22.6,432.7,17.77,24.35,0.96230,5.506,15.44,25.03,14,2
43.684,factory_mission,9x4.5,pi5,30.073,-1.754,-2.976,-0.304,-1.624,0.011,1.653,7.62,-6.50,-161.74,0.4765,0.4752,0.4137,0.4118,7873,25.889,660.0,335.0,418.8,22.6,441.4,18.14,24.34,0.96226,5.512,15.13,25.03,14,2
43.736,factory_mission,9x4.5,pi5,30.056,-1.841,-2.970,-0.321,-1.612,0.055,1.644,7.20,-6.82,-158.95,0.4573,0.4551,0.4502,0.4478,7993,26.598,678.1,347.2,434.0,22.6,456.6,18.77,24.32,0.96221,5.518,14.62,25.03,14,2
43.784,factory_mission,9x4.5,pi5,30.043,-1.903,-2.965,-0.333,-1.603,0.077,1.639,6.85,-6.95,-157.07,0.4428,0.4418,0.4758,0.4721,8072,27.150,692.1,358.4,448.1,22.6,470.7,19.37,24.30,0.96217,5.525,14.17,25.03,14,2
43.836,factory_mission,9x4.5,pi5,30.021,-2.001,-2.955,-0.351,-1.588,0.098,1.630,6.25,-7.02,-154.33,0.4288,0.4308,0.4961,0.4931,8132,27.621,704.1,369.2,461.5,22.6,484.1,19.93,24.28,0.96212,5.532,13.76,25.03,14,2
43.884,factory_mission,9x4.5,pi5,30.007,-2.061,-2.948,-0.361,-1.578,0.105,1.622,5.83,-6.99,-152.60,0.4234,0.4251,0.5073,0.5047,8174,27.965,712.9,377.2,471.5,22.6,494.1,20.36,24.27,0.96208,5.538,13.48,25.03,14,2
43.936,factory_mission,9x4.5,pi5,29.986,-2.144,-2.938,-0.373,-1.562,0.106,1.609,5.21,-6.82,-150.22,0.4193,0.4214,0.5161,0.5129,8208,28.240,719.9,383.7,479.6,22.6,502.2,20.70,24.26,0.96203,5.546,13.25,25.03,14,2
43.984,factory_mission,9x4.5,pi5,29.972,-2.203,-2.932,-0.381,-1.548,0.104,1.597,4.80,-6.65,-148.79,0.4194,0.4231,0.5169,0.5152,8226,28.365,723.1,386.3,482.8,22.6,505.4,20.84,24.26,0.96198,5.552,13.16,25.03,14,2
44.036,factory_mission,9x4.5,pi5,29.948,-2.295,-2.922,-0.390,-1.522,0.097,1.574,4.23,-6.33,-146.89,0.4219,0.4263,0.5155,0.5144,8238,28.432,724.8,387.3,484.1,22.6,506.7,20.89,24.25,0.96193,5.560,13.13,25.03,14,2
44.084,factory_mission,9x4.5,pi5,29.933,-2.351,-2.916,-0.394,-1.503,0.091,1.556,3.89,-6.09,-145.79,0.4278,0.4328,0.5096,0.5095,8244,28.430,724.8,386.4,483.0,22.6,505.6,20.85,24.25,0.96189,5.566,13.16,25.03,14,2
44.136,factory_mission,9x4.5,pi5,29.912,-2.428,-2.909,-0.397,-1.473,0.082,1.528,3.42,-5.69,-144.35,0.4343,0.4385,0.5045,0.5030,8246,28.409,724.2,385.2,481.5,22.6,504.1,20.78,24.26,0.96184,5.574,13.20,25.03,14,2
44.184,factory_mission,9x4.5,pi5,29.897,-2.482,-2.905,-0.398,-1.450,0.075,1.506,3.14,-5.43,-143.52,0.4423,0.4462,0.4961,0.4958,8246,28.369,723.2,383.6,479.5,22.6,502.1,20.70,24.26,0.96179,5.580,13.25,25.03,14,2
44.236,factory_mission,9x4.5,pi5,29.874,-2.566,-2.899,-0.397,-1.410,0.065,1.466,2.77,-5.03,-142.42,0.4489,0.4542,0.4886,0.4884,8246,28.336,722.4,382.3,477.9,22.6,500.5,20.63,24.26,0.96174,5.588,13.29,25.03,14,2
44.284,factory_mission,9x4.5,pi5,29.859,-2.617,-2.896,-0.395,-1.383,0.059,1.440,2.54,-4.78,-141.77,0.4575,0.4620,0.4802,0.4802,8244,28.306,721.6,381.3,476.6,22.6,499.2,20.58,24.26,0.96169,5.594,13.33,25.03,14,2
44.336,factory_mission,9x4.5,pi5,29.839,-2.687,-2.893,-0.391,-1.344,0.050,1.400,2.23,-4.42,-140.86,0.4639,0.4671,0.4744,0.4737,8242,28.280,720.9,380.6,475.8,22.6,498.4,20.54,24.26,0.96164,5.601,13.35,25.03,14,2
44.384,factory_mission,9x4.5,pi5,29.825,-2.735,-2.891,-0.387,-1.314,0.045,1.371,2.05,-4.20,-140.29,0.4696,0.4732,0.4677,0.4680,8240,28.266,720.6,380.3,475.4,22.6,498.0,20.53,24.26,0.96160,5.608,13.36,25.03,14,2
44.436,factory_mission,9x4.5,pi5,29.803,-2.810,-2.889,-0.379,-1.266,0.037,1.322,1.79,-3.89,-139.45,0.4731,0.4777,0.4639,0.4632,8237,28.250,720.2,380.1,475.1,22.6,497.7,20.51,24.26,0.96155,5.615,13.37,25.03,14,2
44.484,factory_mission,9x4.5,pi5,29.790,-2.854,-2.888,-0.374,-1.235,0.033,1.291,1.64,-3.70,-138.89,0.4776,0.4815,0.4590,0.4589,8234,28.236,719.8,379.9,474.9,22.6,497.5,20.50,24.26,0.96150,5.622,13.37,25.03,14,2
44.536,factory_mission,9x4.5,pi5,29.771,-2.915,-2.888,-0.366,-1.191,0.027,1.246,1.42,-3.45,-138.02,0.4795,0.4819,0.4572,0.4573,8230,28.212,719.2,379.5,474.3,22.6,496.9,20.48,24.26,0.96145,5.629,13.38,25.03,14,2
44.584,factory_mission,9x4.5,pi5,29.758,-2.957,-2.888,-0.359,-1.160,0.024,1.214,1.29,-3.30,-137.41,0.4811,0.4835,0.4554,0.4553,8228,28.199,718.9,379.3,474.1,22.6,496.7,20.47,24.26,0.96141,5.636,13.39,25.03,14,2
44.636,factory_mission,9x4.5,pi5,29.738,-3.021,-2.888,-0.349,-1.109,0.019,1.163,1.10,-3.09,-136.45,0.4803,0.4836,0.4550,0.4559,8226,28.187,718.6,379.0,473.8,22.6,496.4,20.46,24.26,0.96136,5.643,13.40,25.03,14,2
44.684,factory_mission,9x4.5,pi5,29.725,-3.060,-2.888,-0.343,-1.078,0.016,1.131,0.99,-2.97,-135.79,0.4813,0.4841,0.4551,0.4541,8226,28.185,718.5,379.0,473.8,22.6,496.4,20.46,24.26,0.96131,5.649,13.40,25.03,14,2
44.736,factory_mission,9x4.5,pi5,29.708,-3.112,-2.888,-0.334,-1.034,0.013,1.087,0.83,-2.80,-134.74,0.4795,0.4824,0.4564,0.4565,8226,28.185,718.5,378.9,473.7,22.6,496.3,20.46,24.26,0.96127,5.657,13.40,25.03,14,2
44.784,factory_mission,9x4.5,pi5,29.696,-3.148,-2.888,-0.328,-1.003,0.011,1.055,0.74,-2.69,-134.01,0.4791,0.4816,0.4570,0.4574,8227,28.190,718.7,379.0,473.8,22.6,496.4,20.46,24.26,0.96122,5.663,13.39,25.03,14,2
44.836,factory_mission,9x4.5,pi5,29.677,-3.203,-2.887,-0.317,-0.955,0.008,1.006,0.61,-2.55,-132.88,0.4771,0.4796,0.4592,0.4595,8228,28.194,718.8,379.0,473.8,22.6,496.4,20.46,24.26,0.96117,5.670,13.39,25.03,14,2
44.884,factory_mission,9x4.5,pi5,29.665,-3.236,-2.887,-0.311,-0.925,0.005,0.976,0.53,-2.47,-132.10,0.4769,0.4793,0.4591,0.4604,8229,28.200,718.9,379.1,473.9,22.6,496.5,20.47,24.26,0.96113,5.677,13.39,25.03,14,2
44.936,factory_mission,9x4.5,pi5,29.649,-3.281,-2.887,-0.302,-0.885,0.003,0.935,0.43,-2.35,-130.91,0.4746,0.4767,0.4619,0.4627,8230,28.202,719.0,379.1,473.9,22.6,496.5,20.47,24.26,0.96108,5.684,13.39,25.03,14,2
44.984,factory_mission,9x4.5,pi5,29.638,-3.312,-2.887,-0.296,-0.857,0.000,0.907,0.36,-2.27,-130.11,0.4735,0.4762,0.4632,0.4630,8230,28.203,719.0,379.1,473.9,22.6,496.5,20.47,24.26,0.96103,5.691,13.39,25.03,14,2
45.036,factory_mission,9x4.5,pi5,29.620,-3.360,-2.887,-0.286,-0.814,-0.003,0.863,0.27,-2.17,-128.89,0.4719,0.4743,0.4653,0.4646,8231,28.204,719.0,379.1,473.9,22.6,496.5,20.46,24.26,0.96098,5.698,13.39,25.03,14,2
45.084,factory_mission,9x4.5,pi5,29.610,-3.389,-2.888,-0.280,-0.788,-0.005,0.836,0.22,-2.10,-128.07,0.4720,0.4743,0.4643,0.4653,8230,28.201,718.9,379.0,473.8,22.6,496.4,20.46,24.26,0.96094,5.705,13.39,25.03,14,2
45.136,factory_mission,9x4.5,pi5,29.595,-3.428,-2.888,-0.273,-0.753,-0.012,0.800,0.15,-1.99,-126.85,0.5236,0.5379,0.6481,0.4144,9129,35.295,899.8,544.0,680.0,22.6,702.6,29.28,23.99,0.96087,5.715,9.35,25.03,14,2
45.184,factory_mission,9x4.5,pi5,29.584,-3.455,-2.890,-0.267,-0.730,-0.095,0.783,1.02,-1.16,-126.04,0.4958,0.4986,0.5141,0.5253,8802,32.269,822.6,464.2,580.2,22.6,602.8,24.99,24.12,0.96081,5.723,10.96,25.03,14,2
45.236,factory_mission,9x4.5,pi5,29.569,-3.497,-2.901,-0.220,-0.691,-0.206,0.754,4.86,2.21,-124.76,0.4638,0.4713,0.4942,0.5202,8497,30.099,767.3,418.8,523.5,22.6,546.1,22.57,24.19,0.96076,5.731,12.13,25.03,14,2
45.284,factory_mission,9x4.5,pi5,29.561,-3.521,-2.910,-0.158,-0.663,-0.235,0.721,7.78,4.60,-123.82,0.4524,0.4557,0.4741,0.5107,8292,28.668,730.8,389.4,486.8,22.6,509.4,21.01,24.24,0.96071,5.737,13.03,25.03,14,2
45.336,factory_mission,9x4.5,pi5,29.556,-3.554,-2.925,-0.038,-0.621,-0.235,0.665,11.61,7.48,-122.42,0.4487,0.4501,0.4597,0.4993,8164,27.785,708.3,371.4,464.3,22.6,486.9,20.06,24.27,0.96066,5.744,13.65,25.03,14,2
45.384,factory_mission,9x4.5,pi5,29.558,-3.576,-2.936,0.063,-0.590,-0.215,0.631,13.64,8.83,-121.57,0.4541,0.4561,0.4528,0.4845,8127,27.514,701.4,365.5,456.9,22.6,479.5,19.75,24.28,0.96062,5.751,13.86,25.02,14,2
45.436,factory_mission,9x4.5,pi5,29.571,-3.608,-2.951,0.243,-0.540,-0.168,0.615,15.86,10.12,-120.46,0.4634,0.4644,0.4483,0.4717,8128,27.510,701.3,365.3,456.6,22.6,479.2,19.74,24.28,0.96057,5.758,13.87,25.02,14,2
45.484,factory_mission,9x4.5,pi5,29.586,-3.627,-2.958,0.362,-0.509,-0.135,0.639,16.86,10.58,-119.83,0.4749,0.4746,0.4431,0.4611,8150,27.667,705.3,368.6,460.7,22.6,483.3,19.91,24.27,0.96052,5.764,13.75,25.02,14,2
45.536,factory_mission,9x4.5,pi5,29.616,-3.652,-2.966,0.531,-0.469,-0.090,0.713,17.79,10.80,-118.99,0.4842,0.4836,0.4413,0.4555,8189,27.948,712.5,374.5,468.1,22.6,490.7,20.23,24.26,0.96048,5.771,13.54,25.02,14,2
45.584,factory_mission,9x4.5,pi5,29.645,-3.668,-2.969,0.650,-0.441,-0.060,0.788,18.10,10.71,-118.46,0.4923,0.4915,0.4401,0.4506,8225,28.215,719.3,380.3,475.3,22.6,497.9,20.53,24.25,0.96043,5.778,13.33,25.02,14,2
45.636,factory_mission,9x4.5,pi5,29.702,-3.692,-2.972,0.836,-0.400,-0.020,0.927,18.23,10.31,-117.67,0.4969,0.4967,0.4424,0.4481,8260,28.461,725.6,385.4,481.8,22.6,504.4,20.81,24.24,0.96038,5.785,13.16,25.02,14,2
45.684,factory_mission,9x4.5,pi5,29.744,-3.705,-2.972,0.947,-0.377,-0.000,1.019,18.14,9.91,-117.12,0.5010,0.5009,0.4441,0.4463,8290,28.677,731.1,390.0,487.5,22.6,510.1,21.05,24.24,0.96033,5.792,13.00,25.02,14,2
45.736,factory_mission,9x4.5,pi5,29.811,-3.724,-2.971,1.094,-0.347,0.022,1.148,17.83,9.18,-116.23,0.5015,0.5009,0.4478,0.4499,8318,28.865,735.8,393.7,492.1,22.6,514.7,21.24,24.23,0.96028,5.799,12.88,25.02,14,2
45.784,factory_mission,9x4.5,pi5,29.864,-3.736,-2.969,1.191,-0.328,0.033,1.236,17.54,8.64,-115.58,0.5013,0.5008,0.4523,0.4511,8337,28.991,739.1,396.1,495.2,22.6,517.8,21.37,24.23,0.96023,5.806,12.81,25.02,14,2
45.832,factory_mission,9x4.5,pi5,29.957,-3.754,-2.965,1.333,-0.300,0.045,1.367,17.01,7.78,-114.51,0.4981,0.4982,0.4573,0.4552,8349,29.060,740.8,397.2,496.6,22.6,519.2,21.43,24.22,0.96019,5.813,12.77,25.02,14,2
45.884,factory_mission,9x4.5,pi5,30.020,-3.764,-2.963,1.413,-0.284,0.048,1.442,16.63,7.20,-113.74,0.4957,0.4963,0.4617,0.4573,8357,29.106,742.0,398.0,497.5,22.6,520.1,21.47,24.22,0.96014,5.821,12.74,25.02,14,2
45.932,factory_mission,9x4.5,pi5,30.112,-3.778,-2.959,1.512,-0.264,0.051,1.536,16.04,6.34,-112.51,0.4909,0.4917,0.4679,0.4614,8361,29.119,742.3,398.0,497.5,22.6,520.1,21.47,24.22,0.96009,5.828,12.74,25.02,14,2
45.984,factory_mission,9x4.5,pi5,30.181,-3.787,-2.957,1.575,-0.252,0.050,1.596,15.65,5.78,-111.64,0.4875,0.4881,0.4707,0.4657,8361,29.112,742.2,397.7,497.1,22.6,519.7,21.46,24.22,0.96004,5.835,12.75,25.02,14,2
46.036,factory_mission,9x4.5,pi5,30.295,-3.802,-2.953,1.663,-0.234,0.047,1.680,15.08,4.99,-110.30,0.4826,0.4836,0.4752,0.4699,8359,29.088,741.5,397.1,496.4,22.6,519.0,21.43,24.22,0.95998,5.843,12.77,25.02,14,2
46.084,factory_mission,9x4.5,pi5,30.368,-3.810,-2.951,1.710,-0.224,0.044,1.725,14.73,4.50,-109.38,0.4799,0.4816,0.4773,0.4712,8354,29.054,740.7,396.4,495.4,22.6,518.0,21.39,24.22,0.95994,5.850,12.79,25.02,14,2
46.136,factory_mission,9x4.5,pi5,30.473,-3.822,-2.949,1.766,-0.212,0.039,1.780,14.23,3.83,-107.99,0.4759,0.4774,0.4810,0.4744,8349,29.020,739.8,395.6,494.5,22.6,517.1,21.35,24.22,0.95989,5.857,12.81,25.02,14,2
46.184,factory_mission,9x4.5,pi5,30.548,-3.831,-2.947,1.801,-0.204,0.036,1.813,13.93,3.42,-107.06,0.4739,0.4759,0.4818,0.4754,8343,28.980,738.8,394.8,493.5,22.6,516.1,21.31,24.22,0.95984,5.864,12.84,25.02,14,2
46.236,factory_mission,9x4.5,pi5,30.671,-3.844,-2.945,1.846,-0.194,0.029,1.857,13.53,2.87,-105.68,0.4714,0.4737,0.4831,0.4772,8337,28.936,737.7,394.0,492.4,22.6,515.0,21.26,24.22,0.95979,5.871,12.86,25.02,14,2
46.284,factory_mission,9x4.5,pi5,30.747,-3.853,-2.944,1.870,-0.188,0.026,1.879,13.30,2.54,-104.77,0.4717,0.4735,0.4823,0.4762,8331,28.895,736.6,393.1,491.4,22.6,514.0,21.22,24.23,0.95974,5.878,12.89,25.02,14,2
46.336,factory_mission,9x4.5,pi5,30.855,-3.865,-2.944,1.897,-0.180,0.021,1.905,12.99,2.09,-103.44,0.4694,0.4725,0.4825,0.4774,8324,28.848,735.4,392.2,490.2,22.6,512.8,21.17,24.23,0.95969,5.886,12.92,25.02,14,2
46.384,factory_mission,9x4.5,pi5,30.932,-3.873,-2.943,1.912,-0.175,0.017,1.920,12.83,1.82,-102.57,0.4703,0.4724,0.4815,0.4762,8319,28.814,734.5,391.5,489.3,22.6,511.9,21.13,24.23,0.95964,5.893,12.94,25.02,14,2
46.436,factory_mission,9x4.5,pi5,31.055,-3.886,-2.943,1.932,-0.168,0.013,1.939,12.62,1.46,-101.29,0.4699,0.4723,0.4811,0.4761,8315,28.787,733.9,390.9,488.6,22.6,511.2,21.10,24.23,0.95959,5.900,12.96,25.02,14,2
46.484,factory_mission,9x4.5,pi5,31.132,-3.894,-2.942,1.942,-0.164,0.010,1.949,12.51,1.24,-100.45,0.4714,0.4743,0.4789,0.4740,8312,28.765,733.3,390.4,488.0,22.6,510.6,21.08,24.23,0.95954,5.907,12.97,25.02,14,2
46.536,factory_mission,9x4.5,pi5,31.239,-3.906,-2.942,1.953,-0.159,0.006,1.959,12.38,0.94,-99.23,0.4716,0.4738,0.4787,0.4738,8310,28.749,732.9,390.1,487.6,22.6,510.2,21.06,24.23,0.95949,5.914,12.98,25.02,14,2
46.584,factory_mission,9x4.5,pi5,31.315,-3.915,-2.942,1.959,-0.156,0.004,1.965,12.31,0.75,-98.43,0.4732,0.4751,0.4771,0.4723,8309,28.741,732.7,390.0,487.4,22.6,510.0,21.05,24.23,0.95945,5.921,12.99,25.02,14,2
46.636,factory_mission,9x4.5,pi5,31.436,-3.928,-2.941,1.966,-0.151,0.001,1.972,12.24,0.50,-97.24,0.4735,0.4755,0.4766,0.4717,8308,28.733,732.5,389.8,487.2,22.6,509.8,21.04,24.23,0.95940,5.928,12.99,25.02,14,2
46.684,factory_mission,9x4.5,pi5,31.511,-3.937,-2.941,1.969,-0.148,-0.001,1.975,12.21,0.34,-96.46,0.4754,0.4774,0.4739,0.4700,8306,28.720,732.2,389.5,486.9,22.6,509.5,21.03,24.23,0.95935,5.935,13.00,25.02,14,2
46.736,factory_mission,9x4.5,pi5,31.616,-3.949,-2.941,1.973,-0.144,-0.004,1.978,12.19,0.12,-95.30,0.4746,0.4779,0.4736,0.4701,8303,28.703,731.7,389.2,486.5,22.6,509.1,21.01,24.23,0.95930,5.942,13.01,25.02,14,2
46.784,factory_mission,9x4.5,pi5,31.691,-3.957,-2.941,1.975,-0.141,-0.006,1.980,12.18,-0.03,-94.53,0.4760,0.4789,0.4726,0.4684,8303,28.701,731.7,389.1,486.4,22.6,509.0,21.01,24.23,0.95925,5.949,13.01,25.02,14,2
46.836,factory_mission,9x4.5,pi5,31.810,-3.970,-2.942,1.977,-0.137,-0.008,1.982,12.19,-0.23,-93.37,0.4762,0.4784,0.4723,0.4688,8302,28.697,731.6,389.1,486.3,22.6,508.9,21.01,24.23,0.95920,5.957,13.01,25.02,14,2
46.884,factory_mission,9x4.5,pi5,31.885,-3.978,-2.942,1.979,-0.134,-0.009,1.983,12.20,-0.37,-92.60,0.4777,0.4801,0.4711,0.4669,8302,28.697,731.6,389.1,486.4,22.6,509.0,21.01,24.23,0.95916,5.963,13.01,25.02,14,2
46.936,factory_mission,9x4.5,pi5,31.989,-3.989,-2.942,1.980,-0.130,-0.011,1.984,12.22,-0.57,-91.44,0.4769,0.4794,0.4714,0.4677,8301,28.686,731.3,388.9,486.1,22.6,508.7,21.00,24.23,0.95910,5.971,13.02,25.02,14,2
46.984,factory_mission,9x4.5,pi5,32.063,-3.997,-2.943,1.981,-0.126,-0.012,1.985,12.23,-0.70,-90.67,0.4774,0.4801,0.4704,0.4670,8300,28.678,731.1,388.7,485.9,22.6,508.5,20.99,24.23,0.95906,5.977,13.02,25.02,14,2
47.036,factory_mission,9x4.5,pi5,32.182,-4.009,-2.944,1.983,-0.121,-0.014,1.987,12.26,-0.90,-89.50,0.4768,0.4795,0.4712,0.4672,8299,28.671,730.9,388.6,485.7,22.6,508.3,20.98,24.23,0.95901,5.985,13.02,25.02,14,2
47.084,factory_mission,9x4.5,pi5,32.256,-4.017,-2.945,1.984,-0.118,-0.014,1.987,12.28,-1.03,-88.72,0.4779,0.4807,0.4699,0.4662,8298,28.670,730.9,388.6,485.7,22.6,508.3,20.98,24.23,0.95896,5.992,13.02,25.02,14,2
47.136,factory_mission,9x4.5,pi5,32.360,-4.028,-2.946,1.986,-0.113,-0.015,1.989,12.31,-1.23,-87.55,0.4768,0.4792,0.4700,0.4678,8295,28.647,730.3,388.1,485.1,22.6,507.7,20.96,24.23,0.95891,5.999,13.04,25.02,14,2
47.184,factory_mission,9x4.5,pi5,32.435,-4.035,-2.946,1.987,-0.109,-0.016,1.990,12.33,-1.36,-86.76,0.4779,0.4758,0.4670,0.4669,8273,28.495,726.4,385.0,481.2,22.6,503.8,20.79,24.23,0.95886,6.006,13.14,25.02,14,2
47.236,factory_mission,9x4.5,pi5,32.555,-4.047,-2.948,1.989,-0.104,-0.014,1.992,12.30,-1.55,-85.58,0.4756,0.4741,0.4672,0.4665,8258,28.389,723.7,382.8,478.5,22.6,501.1,20.68,24.23,0.95881,6.013,13.21,25.02,14,2
47.284,factory_mission,9x4.5,pi5,32.630,-4.055,-2.949,1.989,-0.100,-0.011,1.992,12.18,-1.66,-84.79,0.4754,0.4746,0.4659,0.4651,8249,28.327,722.1,381.6,477.0,22.6,499.6,20.61,24.24,0.95877,6.020,13.25,25.02,14,2
47.336,factory_mission,9x4.5,pi5,32.735,-4.064,-2.949,1.988,-0.094,-0.006,1.990,11.83,-1.81,-83.59,0.4738,0.4727,0.4671,0.4661,8244,28.293,721.3,380.9,476.1,22.6,498.7,20.58,24.24,0.95872,6.027,13.27,25.02,14,2
47.384,factory_mission,9x4.5,pi5,32.810,-4.071,-2.950,1.984,-0.090,-0.003,1.986,11.49,-1.88,-82.79,0.4734,0.4733,0.4668,0.4657,8242,28.281,721.0,380.6,475.8,22.6,498.4,20.56,24.24,0.95867,6.033,13.28,25.01,14,2
47.436,factory_mission,9x4.5,pi5,32.930,-4.081,-2.950,1.974,-0.083,0.001,1.976,10.87,-1.97,-81.58,0.4716,0.4731,0.4682,0.4660,8241,28.274,720.8,380.5,475.6,22.6,498.2,20.56,24.24,0.95862,6.041,13.29,25.01,14,2
47.484,factory_mission,9x4.5,pi5,33.004,-4.087,-2.951,1.964,-0.078,0.003,1.966,10.41,-2.00,-80.78,0.4714,0.4750,0.4679,0.4643,8240,28.270,720.7,380.4,475.5,22.6,498.1,20.55,24.24,0.95858,6.047,13.29,25.01,14,2
47.536,factory_mission,9x4.5,pi5,33.108,-4.095,-2.951,1.945,-0.071,0.006,1.947,9.67,-2.03,-79.57,0.4708,0.4733,0.4689,0.4654,8239,28.262,720.5,380.2,475.3,22.6,497.9,20.54,24.24,0.95853,6.054,13.29,25.01,14,2
47.584,factory_mission,9x4.5,pi5,33.180,-4.100,-2.951,1.929,-0.066,0.006,1.930,9.15,-2.03,-78.76,0.4716,0.4735,0.4686,0.4645,8239,28.258,720.4,380.2,475.2,22.6,497.8,20.54,24.24,0.95848,6.061,13.29,25.01,14,2
47.636,factory_mission,9x4.5,pi5,33.296,-4.108,-2.950,1.896,-0.058,0.007,1.897,8.39,-2.01,-77.56,0.4698,0.4740,0.4693,0.4650,8238,28.253,720.3,380.1,475.1,22.6,497.7,20.54,24.24,0.95843,6.068,13.30,25.01,14,2
47.684,factory_mission,9x4.5,pi5,33.366,-4.113,-2.950,1.872,-0.053,0.007,1.872,7.88,-1.98,-76.76,0.4708,0.4752,0.4676,0.4643,8237,28.248,720.1,380.0,475.0,22.6,497.6,20.53,24.23,0.95839,6.075,13.30,25.01,14,2
47.736,factory_mission,9x4.5,pi5,33.463,-4.119,-2.950,1.834,-0.046,0.006,1.834,7.15,-1.92,-75.56,0.4703,0.4739,0.4678,0.4652,8235,28.231,719.7,379.6,474.5,22.6,497.1,20.51,24.24,0.95834,6.082,13.31,25.01,14,2
47.784,factory_mission,9x4.5,pi5,33.531,-4.124,-2.950,1.804,-0.042,0.005,1.804,6.68,-1.88,-74.77,0.4708,0.4744,0.4675,0.4638,8232,28.215,719.3,379.3,474.1,22.6,496.7,20.50,24.24,0.95829,6.089,13.32,25.01,14,2
47.836,factory_mission,9x4.5,pi5,33.636,-4.130,-2.950,1.752,-0.034,0.004,1.752,6.02,-1.80,-73.58,0.4700,0.4740,0.4679,0.4640,8230,28.202,718.9,379.0,473.8,22.6,496.4,20.48,24.24,0.95824,6.096,13.33,25.01,14,2
47.884,factory_mission,9x4.5,pi5,33.700,-4.133,-2.950,1.717,-0.029,0.003,1.717,5.60,-1.74,-72.79,0.4708,0.4756,0.4660,0.4633,8229,28.194,718.7,378.9,473.6,22.6,496.2,20.48,24.23,0.95820,6.102,13.33,25.01,14,2
47.936,factory_mission,9x4.5,pi5,33.787,-4.138,-2.949,1.665,-0.022,0.001,1.666,5.02,-1.66,-71.60,0.4702,0.4744,0.4670,0.4635,8228,28.182,718.4,378.6,473.3,22.6,495.9,20.46,24.23,0.95815,6.110,13.34,25.01,14,2
47.984,factory_mission,9x4.5,pi5,33.847,-4.141,-2.949,1.627,-0.018,0.000,1.627,4.67,-1.59,-70.81,0.4703,0.4755,0.4661,0.4630,8227,28.177,718.3,378.6,473.2,22.6,495.8,20.46,24.23,0.95810,6.116,13.34,25.01,14,2
48.036,factory_mission,9x4.5,pi5,33.940,-4.145,-2.949,1.564,-0.011,-0.001,1.564,4.17,-1.50,-69.63,0.4707,0.4741,0.4664,0.4638,8227,28.176,718.3,378.5,473.2,22.6,495.8,20.46,24.23,0.95805,6.123,13.34,25.01,14,2
48.084,factory_mission,9x4.5,pi5,33.996,-4.148,-2.948,1.524,-0.007,-0.002,1.524,3.87,-1.44,-68.84,0.4717,0.4755,0.4653,0.4626,8227,28.179,718.4,378.6,473.3,22.6,495.9,20.46,24.23,0.95801,6.130,13.34,25.01,14,2
48.136,factory_mission,9x4.5,pi5,34.072,-4.151,-2.948,1.467,-0.002,-0.003,1.467,3.46,-1.36,-67.66,0.4715,0.4740,0.4659,0.4639,8228,28.186,718.5,378.7,473.4,22.6,496.0,20.47,24.23,0.95796,6.137,13.33,25.01,14,2
48.184,factory_mission,9x4.5,pi5,34.124,-4.153,-2.947,1.425,0.002,-0.004,1.425,3.22,-1.30,-66.87,0.4716,0.4753,0.4657,0.4631,8229,28.192,718.7,378.9,473.6,22.6,496.2,20.48,24.23,0.95791,6.144,13.33,25.01,14,2
48.236,factory_mission,9x4.5,pi5,34.204,-4.157,-2.946,1.360,0.007,-0.016,1.360,2.89,-1.20,-65.68,0.5341,0.4811,0.5781,0.4316,8770,32.283,823.0,469.9,587.3,22.6,609.9,25.32,24.09,0.95785,6.153,10.77,25.01,14,2
48.284,factory_mission,9x4.5,pi5,34.252,-4.159,-2.948,1.321,0.012,-0.070,1.323,3.11,-0.19,-64.85,0.4825,0.4940,0.4956,0.5025,8588,30.708,782.8,430.7,538.4,22.6,561.0,23.23,24.15,0.95780,6.160,11.74,25.01,14,2
48.336,factory_mission,9x4.5,pi5,34.317,-4.161,-2.953,1.265,0.043,-0.128,1.272,4.50,3.52,-63.50,0.4616,0.4753,0.4835,0.4997,8390,29.324,747.6,402.2,502.8,22.6,525.4,21.71,24.19,0.95775,6.168,12.56,25.01,14,2
48.384,factory_mission,9x4.5,pi5,34.361,-4.160,-2.958,1.224,0.088,-0.147,1.236,5.63,6.15,-62.57,0.4515,0.4697,0.4714,0.4963,8277,28.542,727.6,386.4,482.9,22.6,505.5,20.87,24.22,0.95770,6.174,13.07,25.01,14,2
48.436,factory_mission,9x4.5,pi5,34.429,-4.155,-2.968,1.156,0.192,-0.148,1.182,7.19,9.43,-61.21,0.4503,0.4664,0.4649,0.4892,8212,28.088,716.0,377.1,471.3,22.6,493.9,20.38,24.23,0.95765,6.182,13.38,25.01,14,2
48.484,factory_mission,9x4.5,pi5,34.469,-4.148,-2.975,1.114,0.271,-0.136,1.155,8.07,11.05,-60.37,0.4560,0.4678,0.4599,0.4793,8184,27.888,710.9,372.8,466.1,22.6,488.7,20.16,24.24,0.95761,6.188,13.53,25.01,14,2
48.536,factory_mission,9x4.5,pi5,34.523,-4.130,-2.983,1.056,0.393,-0.111,1.132,9.08,12.70,-59.23,0.4614,0.4716,0.4558,0.4737,8182,27.872,710.5,372.5,465.6,22.6,488.2,20.14,24.24,0.95756,6.195,13.54,25.01,14,2
48.584,factory_mission,9x4.5,pi5,34.560,-4.113,-2.987,1.015,0.485,-0.090,1.129,9.57,13.36,-58.53,0.4687,0.4776,0.4537,0.4665,8196,27.969,713.0,374.5,468.1,22.6,490.7,20.25,24.24,0.95752,6.202,13.47,25.01,14,2
48.636,factory_mission,9x4.5,pi5,34.616,-4.076,-2.992,0.953,0.635,-0.058,1.146,10.07,13.84,-57.56,0.4763,0.4812,0.4534,0.4609,8215,28.109,716.6,377.4,471.7,22.6,494.3,20.40,24.23,0.95747,6.209,13.37,25.01,14,2
48.684,factory_mission,9x4.5,pi5,34.649,-4.047,-2.994,0.915,0.727,-0.040,1.170,10.28,13.90,-56.93,0.4828,0.4870,0.4516,0.4567,8238,28.272,720.7,380.9,476.1,22.6,498.7,20.59,24.23,0.95742,6.215,13.25,25.01,14,2
48.736,factory_mission,9x4.5,pi5,34.693,-3.999,-2.996,0.866,0.853,-0.018,1.215,10.46,13.70,-56.00,0.4866,0.4895,0.4523,0.4562,8262,28.443,725.1,384.4,480.5,22.6,503.1,20.77,24.22,0.95737,6.223,13.13,25.01,14,2
48.784,factory_mission,9x4.5,pi5,34.723,-3.959,-2.996,0.832,0.939,-0.005,1.254,10.50,13.43,-55.37,0.4898,0.4922,0.4533,0.4544,8280,28.574,728.4,387.2,484.0,22.6,506.6,20.92,24.21,0.95732,6.229,13.03,25.01,14,2
48.836,factory_mission,9x4.5,pi5,34.770,-3.889,-2.996,0.781,1.068,0.011,1.323,10.48,12.88,-54.38,0.4897,0.4920,0.4549,0.4547,8286,28.612,729.4,387.9,484.9,22.6,507.5,20.96,24.21,0.95727,6.237,13.01,25.01,14,2
48.884,factory_mission,9x4.5,pi5,34.798,-3.841,-2.995,0.751,1.141,0.018,1.366,10.42,12.45,-53.68,0.4911,0.4913,0.4535,0.4548,8284,28.600,729.1,387.7,484.6,22.6,507.2,20.95,24.21,0.95723,6.244,13.01,25.01,14,2
48.936,factory_mission,9x4.5,pi5,34.836,-3.768,-2.993,0.712,1.235,0.028,1.426,10.24,11.70,-52.60,0.4889,0.4890,0.4549,0.4579,8284,28.592,728.9,387.4,484.2,22.6,506.8,20.93,24.21,0.95718,6.251,13.02,25.01,14,2
50.298,factory_mission,9x4.5,pi5,34.862,-3.713,-2.991,0.685,1.296,0.033,1.466,10.05,11.13,-51.84,0.4883,0.4873,0.4573,0.4577,8284,28.587,728.8,387.2,484.0,22.6,506.6,20.92,24.21,0.95586,6.443,13.00,25.01,14,2
50.349,factory_mission,9x4.5,pi5,34.902,-3.620,-2.989,0.644,1.379,0.038,1.522,9.66,10.20,-50.66,0.5106,0.5067,0.4379,0.4353,8283,28.675,731.0,390.9,488.6,22.6,511.2,21.13,24.20,0.95581,6.450,12.88,25.01,14,2
50.397,factory_mission,9x4.5,pi5,34.925,-3.560,-2.987,0.619,1.423,0.035,1.553,9.34,9.56,-49.81,0.5854,0.5851,0.3590,0.3547,8260,29.546,753.2,429.3,536.6,22.6,559.2,23.17,24.13,0.95576,6.457,11.74,25.01,14,2
50.449,factory_mission,9x4.5,pi5,34.958,-3.473,-2.985,0.586,1.479,0.009,1.591,8.81,8.56,-48.13,0.6335,0.6326,0.2975,0.2950,8168,30.254,771.3,469.7,587.1,22.6,609.7,25.33,24.07,0.95569,6.466,10.74,25.01,14,2
50.497,factory_mission,9x4.5,pi5,34.980,-3.410,-2.985,0.564,1.512,-0.019,1.614,8.47,7.83,-46.57,0.6383,0.6368,0.2800,0.2755,8066,29.919,762.7,468.6,585.8,22.6,608.4,25.28,24.07,0.95564,6.474,10.76,25.01,14,2
50.550,factory_mission,9x4.5,pi5,35.014,-3.307,-2.988,0.527,1.550,-0.053,1.638,7.98,6.65,-43.47,0.6127,0.6115,0.2964,0.2880,7986,28.791,734.0,433.9,542.3,22.6,564.9,23.42,24.12,0.95558,6.482,11.62,25.01,14,2
50.597,factory_mission,9x4.5,pi5,35.034,-3.242,-2.990,0.505,1.562,-0.062,1.643,7.62,5.75,-40.65,0.5756,0.5747,0.3280,0.3182,7942,27.651,704.9,394.7,493.3,22.6,515.9,21.33,24.19,0.95553,6.489,12.75,25.01,14,2
50.649,factory_mission,9x4.5,pi5,35.060,-3.151,-2.994,0.474,1.566,-0.058,1.638,7.17,4.62,-36.54,0.5291,0.5261,0.3744,0.3663,7940,26.788,682.9,361.3,451.7,22.6,474.3,19.57,24.24,0.95549,6.496,13.90,25.01,14,2
50.697,factory_mission,9x4.5,pi5,35.079,-3.087,-2.997,0.453,1.561,-0.045,1.626,6.84,3.86,-33.36,0.4871,0.4853,0.4199,0.4125,7972,26.568,677.3,348.7,435.8,22.6,458.4,18.90,24.26,0.95545,6.502,14.39,25.00,14,2
50.749,factory_mission,9x4.5,pi5,35.106,-2.987,-3.000,0.420,1.543,-0.019,1.600,6.32,2.83,-28.44,0.4446,0.4442,0.4677,0.4605,8017,26.765,682.3,350.6,438.2,22.6,460.8,19.00,24.26,0.95540,6.509,14.31,25.00,14,2
50.797,factory_mission,9x4.5,pi5,35.123,-2.925,-3.000,0.401,1.527,-0.004,1.578,5.96,2.24,-25.17,0.4137,0.4143,0.5028,0.4973,8057,27.187,693.1,361.9,452.4,22.6,475.0,19.60,24.24,0.95536,6.515,13.87,25.00,14,2
50.849,factory_mission,9x4.5,pi5,35.145,-2.842,-3.000,0.375,1.498,0.009,1.545,5.40,1.50,-20.48,0.3866,0.3869,0.5339,0.5292,8088,27.690,705.9,377.8,472.2,22.6,494.8,20.44,24.21,0.95531,6.522,13.30,25.00,14,2
50.897,factory_mission,9x4.5,pi5,35.160,-2.784,-3.000,0.357,1.475,0.012,1.518,5.03,1.10,-17.57,0.3697,0.3705,0.5516,0.5473,8097,27.997,713.7,388.8,486.0,22.6,508.6,21.02,24.19,0.95526,6.529,12.94,25.00,14,2
50.949,factory_mission,9x4.5,pi5,35.182,-2.694,-2.998,0.329,1.434,0.012,1.471,4.47,0.64,-13.64,0.3585,0.3593,0.5623,0.5585,8096,28.172,718.2,395.9,494.8,22.6,517.4,21.40,24.18,0.95521,6.537,12.71,25.00,14,2
50.997,factory_mission,9x4.5,pi5,35.195,-2.640,-2.998,0.313,1.405,0.009,1.439,4.11,0.41,-11.34,0.3557,0.3590,0.5642,0.5585,8091,28.162,717.9,396.1,495.1,22.6,517.7,21.41,24.18,0.95516,6.544,12.70,25.00,14,2
51.049,factory_mission,9x4.5,pi5,35.212,-2.568,-2.997,0.291,1.361,0.008,1.392,3.60,0.17,-8.39,0.3585,0.3621,0.5601,0.5561,8089,28.093,716.2,393.7,492.1,22.6,514.7,21.28,24.18,0.95511,6.551,12.77,25.00,14,2
51.097,factory_mission,9x4.5,pi5,35.224,-2.518,-2.996,0.275,1.328,0.007,1.357,3.29,0.06,-6.74,0.3675,0.3710,0.5508,0.5474,8088,27.944,712.4,387.8,484.7,22.6,507.3,20.97,24.19,0.95506,6.558,12.96,25.00,14,2
51.149,factory_mission,9x4.5,pi5,35.242,-2.442,-2.995,0.251,1.273,0.007,1.298,2.87,-0.04,-4.72,0.3799,0.3831,0.5389,0.5358,8092,27.790,708.4,381.2,476.5,22.6,499.1,20.62,24.20,0.95501,6.565,13.18,25.00,14,2
51.197,factory_mission,9x4.5,pi5,35.253,-2.397,-2.995,0.237,1.238,0.008,1.260,2.63,-0.08,-3.63,0.3947,0.3986,0.5244,0.5222,8100,27.664,705.2,375.2,469.0,22.6,491.6,20.30,24.21,0.95497,6.571,13.39,25.00,14,2
51.249,factory_mission,9x4.5,pi5,35.267,-2.337,-2.994,0.219,1.187,0.012,1.207,2.31,-0.12,-2.33,0.4106,0.4140,0.5113,0.5083,8116,27.626,704.3,371.6,464.5,22.6,487.1,20.11,24.22,0.95492,6.579,13.51,25.00,14,2
51.297,factory_mission,9x4.5,pi5,35.277,-2.295,-2.993,0.206,1.151,0.016,1.170,2.13,-0.13,-1.63,0.4266,0.4295,0.4977,0.4949,8132,27.629,704.3,369.6,462.0,22.6,484.6,20.01,24.22,0.95488,6.585,13.58,25.00,14,2
51.349,factory_mission,9x4.5,pi5,35.293,-2.233,-2.991,0.187,1.093,0.021,1.109,1.91,-0.13,-0.78,0.4413,0.4441,0.4853,0.4824,8148,27.673,705.5,369.2,461.4,22.6,484.0,19.98,24.22,0.95483,6.592,13.60,25.00,14,2
51.397,factory_mission,9x4.5,pi5,35.302,-2.196,-2.990,0.176,1.057,0.024,1.072,1.78,-0.12,-0.29,0.4550,0.4578,0.4739,0.4707,8163,27.745,707.3,370.0,462.5,22.6,485.1,20.03,24.22,0.95478,6.598,13.57,25.00,14,2
51.449,factory_mission,9x4.5,pi5,35.315,-2.147,-2.988,0.160,1.008,0.027,1.021,1.62,-0.10,0.37,0.4657,0.4680,0.4648,0.4627,8177,27.838,709.7,371.7,464.7,22.6,487.3,20.12,24.22,0.95473,6.605,13.50,25.00,14,2
51.497,factory_mission,9x4.5,pi5,35.323,-2.114,-2.987,0.150,0.973,0.028,0.985,1.54,-0.09,0.80,0.4748,0.4764,0.4574,0.4553,8187,27.910,711.5,373.3,466.6,22.6,489.2,20.21,24.21,0.95469,6.612,13.45,25.00,14,2
51.549,factory_mission,9x4.5,pi5,35.336,-2.063,-2.985,0.134,0.920,0.020,0.930,1.44,-0.05,1.47,0.5752,0.4570,0.5346,0.4391,8701,31.792,810.5,459.5,574.3,22.6,596.9,24.79,24.08,0.95463,6.621,10.96,25.00,14,2
51.597,factory_mission,9x4.5,pi5,35.343,-2.034,-2.985,0.123,0.888,-0.030,0.897,1.22,0.98,1.98,0.5019,0.5132,0.4701,0.4731,8529,30.310,772.7,422.9,528.7,22.6,551.3,22.84,24.13,0.95458,6.628,11.89,25.00,14,2
51.649,factory_mission,9x4.5,pi5,35.353,-1.993,-2.989,0.084,0.841,-0.084,0.849,0.67,4.87,2.83,0.4836,0.5055,0.4549,0.4628,8342,29.006,739.4,396.0,495.0,22.6,517.6,21.41,24.18,0.95453,6.635,12.69,25.00,14,2
51.697,factory_mission,9x4.5,pi5,35.358,-1.966,-2.994,0.035,0.804,-0.100,0.811,0.36,7.67,3.43,0.4745,0.5005,0.4415,0.4618,8239,28.296,721.4,381.7,477.2,22.6,499.8,20.65,24.20,0.95448,6.642,13.15,25.00,14,2
51.749,factory_mission,9x4.5,pi5,35.361,-1.926,-3.003,-0.073,0.741,-0.099,0.751,0.14,11.20,4.40,0.4689,0.4944,0.4422,0.4566,8180,27.891,711.0,373.4,466.8,22.6,489.4,20.21,24.21,0.95443,6.649,13.44,25.00,14,2
51.797,factory_mission,9x4.5,pi5,35.359,-1.903,-3.008,-0.154,0.701,-0.086,0.723,0.14,12.96,5.08,0.4702,0.4893,0.4414,0.4552,8158,27.737,707.1,370.2,462.8,22.6,485.4,20.04,24.22,0.95439,6.656,13.55,25.00,14,2
51.849,factory_mission,9x4.5,pi5,35.349,-1.873,-3.014,-0.277,0.644,-0.062,0.704,0.31,14.77,6.17,0.4687,0.4858,0.4456,0.4570,8162,27.752,707.5,370.4,463.0,22.6,485.6,20.05,24.22,0.95434,6.663,13.54,25.00,14,2
51.897,factory_mission,9x4.5,pi5,35.337,-1.853,-3.017,-0.368,0.604,-0.042,0.709,0.52,15.50,6.94,0.4707,0.4839,0.4489,0.4584,8179,27.866,710.4,372.6,465.7,22.6,488.3,20.17,24.21,0.95430,6.669,13.46,25.00,14,2
51.949,factory_mission,9x4.5,pi5,35.309,-1.825,-3.020,-0.516,0.544,-0.012,0.750,0.92,16.06,8.13,0.4732,0.4800,0.4549,0.4602,8202,28.018,714.3,375.5,469.4,22.6,492.0,20.32,24.21,0.95425,6.676,13.36,25.00,14,2
51.997,factory_mission,9x4.5,pi5,35.286,-1.809,-3.021,-0.607,0.507,0.004,0.791,1.22,16.14,8.95,0.4754,0.4805,0.4581,0.4609,8227,28.183,718.5,378.8,473.5,22.6,496.1,20.50,24.20,0.95420,6.683,13.25,25.00,14,2
52.049,factory_mission,9x4.5,pi5,35.247,-1.789,-3.020,-0.729,0.460,0.023,0.862,1.68,15.96,10.18,0.4757,0.4796,0.4624,0.4645,8253,28.362,723.0,382.3,477.9,22.6,500.5,20.69,24.19,0.95415,6.690,13.12,25.00,14,2
52.097,factory_mission,9x4.5,pi5,35.215,-1.777,-3.019,-0.812,0.428,0.034,0.918,2.00,15.69,11.01,0.4773,0.4800,0.4645,0.4659,8273,28.497,726.5,385.1,481.3,22.6,503.9,20.83,24.19,0.95410,6.697,13.03,25.00,14,2
52.149,factory_mission,9x4.5,pi5,35.155,-1.759,-3.015,-0.935,0.382,0.046,1.011,2.45,15.12,12.25,0.4788,0.4780,0.4684,0.4671,8289,28.608,729.3,387.3,484.1,22.6,506.7,20.95,24.19,0.95405,6.704,12.96,25.00,14,2
52.197,factory_mission,9x4.5,pi5,35.113,-1.749,-3.013,-1.006,0.355,0.051,1.069,2.74,14.68,13.08,0.4802,0.4794,0.4691,0.4670,8302,28.696,731.6,389.1,486.4,22.6,509.0,21.05,24.18,0.95401,6.711,12.90,25.00,14,2
52.249,factory_mission,9x4.5,pi5,35.050,-1.737,-3.009,-1.097,0.322,0.055,1.145,3.15,13.97,14.32,0.4799,0.4782,0.4709,0.4695,8312,28.764,733.3,390.5,488.1,22.6,510.7,21.12,24.18,0.95396,6.718,12.85,25.00,14,2
52.297,factory_mission,9x4.5,pi5,35.002,-1.729,-3.006,-1.156,0.300,0.056,1.196,3.41,13.47,15.14,0.4808,0.4784,0.4712,0.4696,8318,28.802,734.3,391.2,489.0,22.6,511.6,21.16,24.18,0.95391,6.725,12.83,25.00,14,2
52.349,factory_mission,9x4.5,pi5,34.921,-1.718,-3.002,-1.239,0.270,0.055,1.269,3.76,12.74,16.38,0.4799,0.4777,0.4733,0.4698,8320,28.820,734.7,391.6,489.5,22.6,512.1,21.18,24.18,0.95386,6.733,12.81,25.00,14,2
52.397,factory_mission,9x4.5,pi5,34.867,-1.711,-2.999,-1.285,0.253,0.053,1.311,3.98,12.26,17.20,0.4812,0.4784,0.4730,0.4685,8322,28.831,735.0,391.8,489.8,22.6,512.4,21.19,24.18,0.95381,6.739,12.81,25.00,14,2
52.449,factory_mission,9x4.5,pi5,34.790,-1.702,-2.995,-1.341,0.234,0.049,1.363,4.29,11.59,18.42,0.4800,0.4773,0.4734,0.4704,8321,28.829,734.9,391.8,489.7,22.6,512.3,21.19,24.18,0.95376,6.747,12.81,25.00,14,2
52.497,factory_mission,9x4.5,pi5,34.734,-1.696,-2.992,-1.377,0.222,0.046,1.395,4.48,11.18,19.24,0.4803,0.4776,0.4733,0.4696,8320,28.821,734.7,391.6,489.5,22.6,512.1,21.18,24.18,0.95371,6.754,12.81,25.00,14,2
52.549,factory_mission,9x4.5,pi5,34.641,-1.686,-2.988,-1.425,0.206,0.040,1.441,4.73,10.60,20.46,0.4796,0.4765,0.4739,0.4702,8318,28.807,734.4,391.3,489.1,22.6,511.7,21.17,24.18,0.95366,6.761,12.82,25.00,14,2
52.597,factory_mission,9x4.5,pi5,34.583,-1.679,-2.985,-1.451,0.197,0.037,1.465,4.90,10.26,21.27,0.4797,0.4779,0.4728,0.4690,8315,28.786,733.8,390.9,488.6,22.6,511.2,21.14,24.18,0.95362,6.768,12.83,25.00,14,2
52.649,factory_mission,9x4.5,pi5,34.499,-1.671,-2.983,-1.483,0.188,0.031,1.495,5.12,9.79,22.49,0.4792,0.4757,0.4735,0.4697,8311,28.755,733.0,390.2,487.8,22.6,510.4,21.11,24.18,0.95356,6.775,12.85,25.00,14,2
52.697,factory_mission,9x4.5,pi5,34.439,-1.664,-2.981,-1.502,0.182,0.028,1.513,5.26,9.52,23.30,0.4793,0.4760,0.4731,0.4685,8306,28.723,732.2,389.6,487.0,22.6,509.6,21.08,24.18,0.95352,6.782,12.87,25.00,14,2
52.749,factory_mission,9x4.5,pi5,34.343,-1.653,-2.979,-1.528,0.175,0.022,1.538,5.46,9.15,24.51,0.4777,0.4757,0.4728,0.4694,8302,28.691,731.4,388.9,486.2,22.6,508.8,21.04,24.18,0.95347,6.789,12.89,25.00,14,2
52.797,factory_mission,9x4.5,pi5,34.282,-1.646,-2.979,-1.541,0.172,0.019,1.551,5.58,8.94,25.31,0.4785,0.4764,0.4716,0.4679,8297,28.661,730.6,388.3,485.4,22.6,508.0,21.01,24.18,0.95342,6.796,12.91,25.00,14,2
52.849,factory_mission,9x4.5,pi5,34.196,-1.636,-2.978,-1.557,0.168,0.015,1.567,5.76,8.66,26.52,0.4777,0.4747,0.4724,0.4682,8292,28.625,729.7,387.6,484.5,22.6,507.1,20.97,24.18,0.95337,6.803,12.93,25.00,14,2
52.897,factory_mission,9x4.5,pi5,34.135,-1.629,-2.978,-1.567,0.167,0.013,1.576,5.88,8.49,27.33,0.4778,0.4760,0.4706,0.4674,8288,28.596,729.0,387.0,483.8,22.6,506.4,20.94,24.18,0.95332,6.810,12.95,25.00,14,2
52.949,factory_mission,9x4.5,pi5,34.038,-1.617,-2.978,-1.580,0.164,0.010,1.588,6.05,8.28,28.54,0.4770,0.4756,0.4718,0.4665,8285,28.574,728.4,386.6,483.2,22.6,505.8,20.92,24.18,0.95327,6.817,12.96,25.00,14,2
52.997,factory_mission,9x4.5,pi5,33.977,-1.609,-2.978,-1.587,0.162,0.008,1.595,6.16,8.16,29.36,0.4778,0.4758,0.4696,0.4669,8282,28.556,728.0,386.2,482.8,22.6,505.4,20.90,24.18,0.95323,6.824,12.97,25.00,14,2
53.049,factory_mission,9x4.5,pi5,33.892,-1.598,-2.978,-1.595,0.161,0.006,1.603,6.33,8.00,30.57,0.4759,0.4748,0.4716,0.4673,8280,28.540,727.6,385.9,482.3,22.6,504.9,20.88,24.18,0.95318,6.832,12.98,25.00,14,2
53.097,factory_mission,9x4.5,pi5,33.831,-1.590,-2.978,-1.600,0.160,0.005,1.608,6.44,7.91,31.38,0.4763,0.4748,0.4707,0.4674,8278,28.531,727.3,385.7,482.1,22.6,504.7,20.87,24.18,0.95313,6.838,12.99,25.00,14,2
53.149,factory_mission,9x4.5,pi5,33.734,-1.577,-2.979,-1.607,0.159,0.004,1.615,6.62,7.79,32.60,0.4749,0.4746,0.4718,0.4677,8277,28.523,727.1,385.5,481.9,22.6,504.5,20.86,24.18,0.95308,6.846,12.99,25.00,14,2
53.197,factory_mission,9x4.5,pi5,33.673,-1.568,-2.979,-1.611,0.158,0.003,1.619,6.73,7.71,33.40,0.4766,0.4750,0.4700,0.4672,8277,28.522,727.1,385.5,481.9,22.6,504.5,20.86,24.18,0.95303,6.852,12.99,25.00,14,2
53.249,factory_mission,9x4.5,pi5,33.588,-1.556,-2.980,-1.617,0.157,0.002,1.624,6.89,7.61,34.61,0.4755,0.4742,0.4715,0.4674,8276,28.516,727.0,385.4,481.7,22.6,504.3,20.86,24.18,0.95298,6.860,13.00,25.00,14,2
53.297,factory_mission,9x4.5,pi5,33.527,-1.547,-2.980,-1.621,0.156,0.002,1.628,7.01,7.55,35.41,0.4755,0.4755,0.4708,0.4666,8276,28.514,726.9,385.3,481.7,22.6,504.3,20.86,24.18,0.95294,6.866,13.00,25.00,14,2
53.349,factory_mission,9x4.5,pi5,33.429,-1.533,-2.981,-1.626,0.155,0.001,1.634,7.18,7.46,36.61,0.4758,0.4742,0.4711,0.4672,8275,28.510,726.8,385.3,481.6,22.6,504.2,20.85,24.18,0.95289,6.874,13.00,25.00,14,2
53.397,factory_mission,9x4.5,pi5,33.368,-1.524,-2.982,-1.630,0.155,0.001,1.638,7.29,7.40,37.41,0.4765,0.4759,0.4693,0.4664,8275,28.506,726.7,385.2,481.5,22.6,504.1,20.85,24.18,0.95284,6.880,13.00,25.00,14,2
53.449,factory_mission,9x4.5,pi5,33.283,-1.511,-2.983,-1.635,0.154,0.000,1.642,7.45,7.32,38.60,0.4756,0.4751,0.4703,0.4669,8274,28.498,726.5,385.0,481.3,22.6,503.9,20.84,24.18,0.95279,6.888,13.00,25.00,14,2
53.497,factory_mission,9x4.5,pi5,33.222,-1.501,-2.983,-1.638,0.154,0.000,1.645,7.56,7.26,39.40,0.4760,0.4759,0.4697,0.4661,8273,28.494,726.4,385.0,481.2,22.6,503.8,20.84,24.18,0.95274,6.894,13.01,25.00,14,2
53.549,factory_mission,9x4.5,pi5,33.124,-1.486,-2.984,-1.643,0.152,0.000,1.650,7.72,7.18,40.59,0.4760,0.4748,0.4703,0.4666,8273,28.493,726.4,384.9,481.2,22.6,503.8,20.84,24.18,0.95269,6.902,13.01,25.00,14,2
53.597,factory_mission,9x4.5,pi5,33.062,-1.476,-2.985,-1.647,0.151,0.000,1.654,7.83,7.13,41.39,0.4770,0.4761,0.4690,0.4654,8272,28.489,726.3,384.9,481.1,22.6,503.7,20.83,24.18,0.95265,6.908,13.01,25.00,14,2
53.649,factory_mission,9x4.5,pi5,32.976,-1.463,-2.987,-1.652,0.150,0.000,1.658,7.98,7.04,42.58,0.4752,0.4759,0.4698,0.4663,8271,28.481,726.1,384.7,480.9,22.6,503.5,20.82,24.18,0.95260,6.916,13.01,25.00,14,2
53.697,factory_mission,9x4.5,pi5,32.914,-1.454,-2.988,-1.655,0.149,0.000,1.662,8.09,6.99,43.38,0.4762,0.4760,0.4689,0.4659,8271,28.478,726.0,384.6,480.8,22.6,503.4,20.82,24.18,0.95255,6.922,13.01,24.99,14,2
53.749,factory_mission,9x4.5,pi5,32.814,-1.438,-2.989,-1.661,0.146,0.001,1.667,8.24,6.90,44.58,0.4758,0.4753,0.4696,0.4665,8271,28.482,726.1,384.7,480.9,22.6,503.5,20.83,24.18,0.95250,6.930,13.01,24.99,14,2
53.797,factory_mission,9x4.5,pi5,32.751,-1.429,-2.990,-1.665,0.145,0.001,1.671,8.35,6.84,45.37,0.4766,0.4769,0.4689,0.4649,8271,28.484,726.1,384.8,481.0,22.6,503.6,20.83,24.18,0.95245,6.936,13.01,24.99,14,2
53.849,factory_mission,9x4.5,pi5,32.663,-1.415,-2.991,-1.670,0.143,0.002,1.676,8.50,6.74,46.57,0.4758,0.4757,0.4699,0.4658,8271,28.483,726.1,384.7,480.9,22.6,503.5,20.83,24.18,0.95240,6.944,13.01,24.99,14,2
53.897,factory_mission,9x4.5,pi5,32.600,-1.405,-2.991,-1.674,0.141,0.002,1.680,8.60,6.68,47.37,0.4765,0.4762,0.4693,0.4657,8273,28.495,726.4,385.0,481.2,22.6,503.8,20.84,24.17,0.95236,6.950,13.00,24.99,14,2
53.949,factory_mission,9x4.5,pi5,32.498,-1.389,-2.992,-1.681,0.138,0.003,1.686,8.75,6.58,48.57,0.4760,0.4757,0.4705,0.4662,8275,28.509,726.8,385.2,481.6,22.6,504.2,20.86,24.17,0.95231,6.958,12.99,24.99,14,2
53.997,factory_mission,9x4.5,pi5,32.434,-1.380,-2.992,-1.685,0.136,0.003,1.690,8.84,6.51,49.37,0.4772,0.4770,0.4694,0.4653,8277,28.524,727.1,385.6,482.0,22.6,504.6,20.87,24.17,0.95226,6.964,12.97,24.99,14,2
54.049,factory_mission,9x4.5,pi5,32.343,-1.366,-2.992,-1.691,0.133,0.004,1.696,8.98,6.41,50.57,0.4764,0.4761,0.4707,0.4664,8280,28.539,727.6,385.9,482.3,22.6,504.9,20.89,24.17,0.95221,6.972,12.96,24.99,14,2
54.097,factory_mission,9x4.5,pi5,32.278,-1.357,-2.992,-1.695,0.131,0.004,1.700,9.07,6.33,51.37,0.4772,0.4764,0.4701,0.4663,8281,28.551,727.9,386.1,482.7,22.6,505.3,20.90,24.17,0.95217,6.978,12.95,24.99,14,2
54.149,factory_mission,9x4.5,pi5,32.174,-1.342,-2.992,-1.702,0.126,0.004,1.707,9.21,6.22,52.57,0.4758,0.4767,0.4716,0.4665,8284,28.568,728.3,386.5,483.1,22.6,505.7,20.92,24.17,0.95211,6.986,12.94,24.99,14,2
54.197,factory_mission,9x4.5,pi5,32.109,-1.334,-2.992,-1.706,0.123,0.004,1.711,9.30,6.15,53.37,0.4775,0.4776,0.4697,0.4664,8286,28.583,728.7,386.8,483.5,22.6,506.1,20.94,24.17,0.95207,6.992,12.93,24.99,14,2
54.249,factory_mission,9x4.5,pi5,32.017,-1.322,-2.992,-1.712,0.118,0.004,1.716,9.43,6.03,54.58,0.4770,0.4763,0.4712,0.4673,8288,28.596,729.0,387.0,483.8,22.6,506.4,20.95,24.17,0.95202,7.000,12.92,24.99,14,2
54.297,factory_mission,9x4.5,pi5,31.951,-1.313,-2.991,-1.717,0.115,0.004,1.721,9.52,5.95,55.38,0.4770,0.4777,0.4711,0.4667,8290,28.614,729.5,387.4,484.2,22.6,506.8,20.97,24.17,0.95197,7.006,12.91,24.99,14,2
54.349,factory_mission,9x4.5,pi5,31.845,-1.300,-2.991,-1.724,0.109,0.003,1.727,9.64,5.82,56.59,0.4768,0.4767,0.4721,0.4673,8292,28.625,729.7,387.6,484.5,22.6,507.1,20.98,24.17,0.95192,7.014,12.90,24.99,14,2
54.397,factory_mission,9x4.5,pi5,31.778,-1.292,-2.990,-1.728,0.105,0.002,1.731,9.73,5.73,57.39,0.4779,0.4779,0.4705,0.4668,8293,28.630,729.9,387.7,484.7,22.6,507.3,20.99,24.17,0.95187,7.020,12.90,24.99,14,2
54.449,factory_mission,9x4.5,pi5,31.684,-1.281,-2.990,-1.734,0.100,0.002,1.737,9.85,5.60,58.59,0.4765,0.4774,0.4718,0.4674,8293,28.631,729.9,387.7,484.7,22.6,507.3,20.99,24.17,0.95182,7.028,12.89,24.99,14,2
54.497,factory_mission,9x4.5,pi5,31.616,-1.273,-2.990,-1.739,0.095,0.001,1.741,9.93,5.51,59.40,0.4766,0.4771,0.4695,0.4675,8284,28.569,728.3,386.5,483.1,22.6,505.7,20.92,24.17,0.95178,7.035,12.93,24.99,14,2
54.549,factory_mission,9x4.5,pi5,31.507,-1.262,-2.989,-1.746,0.089,0.001,1.748,10.04,5.37,60.60,0.4760,0.4747,0.4674,0.4684,8269,28.464,725.6,384.3,480.4,22.6,503.0,20.81,24.17,0.95173,7.042,13.00,24.99,14,2
54.597,factory_mission,9x4.5,pi5,31.439,-1.255,-2.989,-1.750,0.084,0.002,1.752,10.05,5.25,61.39,0.4765,0.4756,0.4656,0.4660,8259,28.397,723.9,383.0,478.8,22.6,501.4,20.74,24.17,0.95168,7.049,13.05,24.99,14,2
54.649,factory_mission,9x4.5,pi5,31.343,-1.245,-2.988,-1.754,0.078,0.005,1.756,9.93,4.99,62.57,0.4758,0.4743,0.4657,0.4664,8253,28.358,722.9,382.2,477.8,22.6,500.4,20.70,24.17,0.95163,7.056,13.07,24.99,14,2
54.697,factory_mission,9x4.5,pi5,31.274,-1.238,-2.988,-1.755,0.073,0.008,1.757,9.75,4.77,63.36,0.4764,0.4752,0.4649,0.4655,8252,28.351,722.8,382.1,477.6,22.6,500.2,20.69,24.17,0.95158,7.062,13.08,24.99,14,2
54.749,factory_mission,9x4.5,pi5,31.164,-1.228,-2.987,-1.752,0.066,0.011,1.753,9.37,4.40,64.53,0.4752,0.4754,0.4672,0.4640,8251,28.346,722.6,382.0,477.5,22.6,500.1,20.69,24.17,0.95154,7.070,13.08,24.99,14,2
54.797,factory_mission,9x4.5,pi5,31.095,-1.222,-2.986,-1.747,0.061,0.013,1.748,9.06,4.14,65.31,0.4767,0.4762,0.4661,0.4627,8251,28.345,722.6,382.0,477.5,22.6,500.1,20.69,24.17,0.95149,7.076,13.08,24.99,14,2
54.849,factory_mission,9x4.5,pi5,31.000,-1.215,-2.985,-1.736,0.054,0.014,1.737,8.53,3.74,66.49,0.4752,0.4755,0.4667,0.4642,8251,28.342,722.5,381.9,477.4,22.6,500.0,20.68,24.17,0.95144,7.084,13.08,24.99,14,2
54.897,factory_mission,9x4.5,pi5,30.932,-1.210,-2.984,-1.724,0.049,0.015,1.725,8.15,3.47,67.28,0.4752,0.4761,0.4668,0.4632,8250,28.336,722.4,381.8,477.2,22.6,499.8,20.68,24.17,0.95139,7.090,13.08,24.99,14,2
54.949,factory_mission,9x4.5,pi5,30.825,-1.202,-2.983,-1.700,0.041,0.015,1.701,7.57,3.07,68.48,0.4743,0.4748,0.4685,0.4633,8248,28.324,722.1,381.5,476.9,22.6,499.5,20.67,24.17,0.95134,7.097,13.09,24.99,14,2
54.997,factory_mission,9x4.5,pi5,30.759,-1.197,-2.982,-1.682,0.035,0.014,1.682,7.17,2.82,69.28,0.4752,0.4752,0.4672,0.4626,8246,28.311,721.7,381.3,476.6,22.6,499.2,20.65,24.17,0.95130,7.104,13.10,24.99,14,2
55.049,factory_mission,9x4.5,pi5,30.668,-1.191,-2.982,-1.652,0.029,0.013,1.652,6.58,2.46,70.50,0.4732,0.4743,0.4680,0.4641,8244,28.292,721.2,380.9,476.1,22.6,498.7,20.63,24.17,0.95125,7.111,13.11,24.99,14,2
55.097,factory_mission,9x4.5,pi5,30.605,-1.188,-2.981,-1.627,0.024,0.013,1.628,6.20,2.25,71.31,0.4730,0.4745,0.4682,0.4631,8240,28.271,720.7,380.4,475.6,22.6,498.2,20.61,24.17,0.95120,7.118,13.12,24.99,14,2
55.149,factory_mission,9x4.5,pi5,30.505,-1.182,-2.981,-1.584,0.016,0.011,1.584,5.64,1.94,72.53,0.4717,0.4735,0.4692,0.4636,8238,28.250,720.2,380.0,475.0,22.6,497.6,20.59,24.17,0.95115,7.125,13.14,24.99,14,2
55.197,factory_mission,9x4.5,pi5,30.445,-1.179,-2.981,-1.554,0.011,0.010,1.554,5.29,1.76,73.35,0.4724,0.4741,0.4677,0.4630,8235,28.234,719.8,379.7,474.6,22.6,497.2,20.57,24.17,0.95111,7.132,13.15,24.99,14,2
55.249,factory_mission,9x4.5,pi5,30.363,-1.174,-2.981,-1.510,0.005,0.009,1.510,4.79,1.51,74.58,0.4714,0.4722,0.4688,0.4641,8233,28.216,719.3,379.3,474.1,22.6,496.7,20.55,24.17,0.95106,7.139,13.16,24.99,14,2
55.297,factory_mission,9x4.5,pi5,30.307,-1.171,-2.981,-1.477,0.001,0.008,1.477,4.48,1.36,75.40,0.4715,0.4726,0.4680,0.4638,8230,28.199,718.9,379.0,473.7,22.6,496.3,20.53,24.17,0.95101,7.146,13.17,24.99,14,2
55.349,factory_mission,9x4.5,pi5,30.219,-1.166,-2.981,-1.422,-0.005,0.007,1.422,4.06,1.16,76.63,0.4703,0.4720,0.4691,0.4639,8228,28.187,718.6,378.7,473.4,22.6,496.0,20.52,24.17,0.95096,7.153,13.18,24.99,14,2
55.397,factory_mission,9x4.5,pi5,30.166,-1.164,-2.981,-1.386,-0.008,0.006,1.386,3.79,1.05,77.45,0.4710,0.4733,0.4675,0.4631,8227,28.175,718.3,378.5,473.1,22.6,495.7,20.51,24.17,0.95092,7.159,13.18,24.99,14,2
55.449,factory_mission,9x4.5,pi5,30.095,-1.160,-2.982,-1.335,-0.013,0.006,1.335,3.43,0.90,78.67,0.4703,0.4719,0.4682,0.4640,8225,28.163,718.0,378.3,472.8,22.6,495.4,20.50,24.17,0.95087,7.166,13.19,24.99,14,2
55.497,factory_mission,9x4.5,pi5,30.045,-1.158,-2.982,-1.299,-0.016,0.005,1.299,3.21,0.82,79.49,0.4710,0.4721,0.4671,0.4638,8223,28.151,717.7,378.0,472.5,22.6,495.1,20.48,24.17,0.95082,7.173,13.20,24.99,14,2
55.549,factory_mission,9x4.5,pi5,29.969,-1.154,-2.982,-1.239,-0.021,0.005,1.240,2.91,0.71,80.70,0.4697,0.4719,0.4680,0.4641,8222,28.144,717.5,377.9,472.3,22.6,494.9,20.48,24.17,0.95077,7.180,13.20,24.99,14,2
55.597,factory_mission,9x4.5,pi5,29.924,-1.152,-2.983,-1.203,-0.024,0.004,1.203,2.72,0.64,81.51,0.4708,0.4730,0.4662,0.4632,8220,28.131,717.1,377.6,472.0,22.6,494.6,20.46,24.17,0.95073,7.187,13.21,24.99,14,2
55.645,factory_mission,9x4.5,pi5,29.862,-1.150,-2.984,-1.152,-0.028,0.004,1.152,2.48,0.56,82.73,0.4702,0.4714,0.4669,0.4640,8218,28.114,716.7,377.3,471.6,22.6,494.2,20.44,24.17,0.95068,7.193,13.22,24.99,14,2
55.697,factory_mission,9x4.5,pi5,29.820,-1.148,-2.985,-1.115,-0.030,0.003,1.116,2.33,0.52,83.53,0.4709,0.4716,0.4659,0.4632,8215,28.095,716.2,376.9,471.1,22.6,493.7,20.42,24.17,0.95063,7.201,13.23,24.98,14,2
55.749,factory_mission,9x4.5,pi5,29.755,-1.146,-2.986,-1.059,-0.034,-0.008,1.059,2.13,0.43,84.74,0.4510,0.5770,0.4533,0.5622,8838,32.821,836.7,482.4,603.0,22.6,625.6,26.06,24.00,0.95057,7.210,10.37,24.98,14,2
55.797,factory_mission,9x4.5,pi5,29.716,-1.145,-2.989,-1.026,-0.035,-0.069,1.029,2.07,-0.74,85.51,0.5046,0.4960,0.4938,0.4871,8613,30.885,787.3,434.4,543.0,22.6,565.6,23.49,24.08,0.95052,7.217,11.50,24.98,14,2
55.849,factory_mission,9x4.5,pi5,29.663,-1.143,-2.997,-0.979,-0.008,-0.134,0.989,2.08,-5.11,86.58,0.4934,0.4725,0.4834,0.4663,8374,29.201,744.4,399.5,499.4,22.6,522.0,21.63,24.14,0.95047,7.225,12.49,24.98,14,2
55.897,factory_mission,9x4.5,pi5,29.626,-1.140,-3.005,-0.946,0.036,-0.153,0.959,2.02,-8.26,87.29,0.4862,0.4616,0.4784,0.4528,8242,28.292,721.2,381.1,476.4,22.6,499.0,20.65,24.16,0.95042,7.231,13.08,24.98,14,2
55.949,factory_mission,9x4.5,pi5,29.571,-1.130,-3.018,-0.893,0.140,-0.149,0.916,1.79,-12.23,88.41,0.4793,0.4558,0.4728,0.4501,8166,27.770,707.9,370.6,463.2,22.6,485.8,20.09,24.18,0.95037,7.238,13.44,24.98,14,2
55.997,factory_mission,9x4.5,pi5,29.537,-1.119,-3.026,-0.860,0.221,-0.132,0.898,1.55,-14.22,89.20,0.4750,0.4569,0.4689,0.4483,8133,27.548,702.3,366.1,457.6,22.6,480.2,19.85,24.19,0.95033,7.245,13.60,24.98,14,2
56.049,factory_mission,9x4.5,pi5,29.493,-1.097,-3.035,-0.816,0.346,-0.100,0.892,1.12,-16.26,90.43,0.4716,0.4574,0.4678,0.4515,8130,27.524,701.7,365.6,456.9,22.6,479.5,19.83,24.19,0.95028,7.252,13.62,24.98,14,2
56.097,factory_mission,9x4.5,pi5,29.462,-1.076,-3.040,-0.785,0.441,-0.074,0.903,0.81,-17.10,91.27,0.4716,0.4600,0.4677,0.4529,8145,27.620,704.1,367.4,459.3,22.6,481.9,19.93,24.18,0.95024,7.258,13.55,24.98,14,2
56.145,factory_mission,9x4.5,pi5,29.416,-1.033,-3.046,-0.738,0.594,-0.034,0.948,0.33,-17.71,92.56,0.4707,0.4623,0.4695,0.4557,8166,27.763,707.7,370.3,462.8,22.6,485.4,20.08,24.18,0.95019,7.265,13.45,24.98,14,2
56.197,factory_mission,9x4.5,pi5,29.388,-1.000,-3.047,-0.710,0.688,-0.011,0.988,0.02,-17.78,93.43,0.4715,0.4671,0.4668,0.4593,8190,27.923,711.8,373.4,466.8,22.6,489.4,20.25,24.17,0.95014,7.272,13.34,24.98,14,2
56.249,factory_mission,9x4.5,pi5,29.351,-0.947,-3.047,-0.673,0.814,0.017,1.056,-0.40,-17.48,94.72,0.4719,0.4687,0.4693,0.4621,8216,28.100,716.3,377.0,471.2,22.6,493.8,20.43,24.17,0.95009,7.279,13.22,24.98,14,2
56.297,factory_mission,9x4.5,pi5,29.325,-0.905,-3.047,-0.647,0.899,0.033,1.108,-0.65,-17.08,95.57,0.4731,0.4714,0.4696,0.4629,8234,28.228,719.6,379.6,474.5,22.6,497.1,20.57,24.16,0.95005,7.285,13.13,24.98,14,2
56.349,factory_mission,9x4.5,pi5,29.286,-0.829,-3.044,-0.608,1.024,0.052,1.192,-0.99,-16.25,96.84,0.4720,0.4739,0.4690,0.4663,8249,28.330,722.2,381.6,477.0,22.6,499.6,20.68,24.16,0.95000,7.293,13.06,24.98,14,2
56.397,factory_mission,9x4.5,pi5,29.263,-0.778,-3.041,-0.584,1.094,0.061,1.242,-1.17,-15.59,97.67,0.4735,0.4764,0.4676,0.4667,8260,28.407,724.2,383.2,479.0,22.6,501.6,20.76,24.16,0.94995,7.299,13.00,24.98,14,2
56.449,factory_mission,9x4.5,pi5,29.231,-0.701,-3.037,-0.552,1.180,0.069,1.305,-1.40,-14.47,98.90,0.4737,0.4762,0.4694,0.4674,8269,28.467,725.7,384.4,480.5,22.6,503.1,20.83,24.15,0.94990,7.307,12.96,24.98,14,2
56.497,factory_mission,9x4.5,pi5,29.210,-0.644,-3.034,-0.531,1.233,0.072,1.344,-1.51,-13.68,99.71,0.4745,0.4775,0.4680,0.4677,8273,28.497,726.5,385.0,481.3,22.6,503.9,20.86,24.15,0.94985,7.313,12.94,24.98,14,2
56.549,factory_mission,9x4.5,pi5,29.177,-0.550,-3.029,-0.497,1.302,0.074,1.395,-1.64,-12.45,100.91,0.4730,0.4787,0.4681,0.4687,8276,28.513,726.9,385.3,481.7,22.6,504.3,20.88,24.15,0.94980,7.321,12.93,24.98,14,2
56.597,factory_mission,9x4.5,pi5,29.158,-0.489,-3.025,-0.476,1.336,0.073,1.420,-1.69,-11.63,101.70,0.4744,0.4799,0.4663,0.4678,8276,28.514,726.9,385.4,481.7,22.6,504.3,20.88,24.15,0.94976,7.327,12.93,24.98,14,2
56.649,factory_mission,9x4.5,pi5,29.132,-0.403,-3.020,-0.448,1.372,0.071,1.445,-1.73,-10.42,102.88,0.4735,0.4790,0.4669,0.4685,8274,28.500,726.5,385.1,481.4,22.6,504.0,20.87,24.15,0.94971,7.335,12.93,24.98,14,2
56.697,factory_mission,9x4.5,pi5,29.114,-0.341,-3.017,-0.429,1.389,0.068,1.456,-1.73,-9.63,103.66,0.4743,0.4790,0.4662,0.4674,8270,28.476,725.9,384.6,480.8,22.6,503.4,20.84,24.15,0.94966,7.341,12.95,24.98,14,2
56.749,factory_mission,9x4.5,pi5,29.087,-0.242,-3.011,-0.399,1.405,0.062,1.461,-1.70,-8.50,104.83,0.4734,0.4784,0.4657,0.4684,8267,28.450,725.3,384.1,480.1,22.6,502.7,20.81,24.15,0.94961,7.349,12.97,24.98,14,2
56.797,factory_mission,9x4.5,pi5,29.070,-0.181,-3.008,-0.381,1.407,0.058,1.458,-1.67,-7.79,105.60,0.4740,0.4794,0.4635,0.4677,8262,28.418,724.5,383.5,479.3,22.6,501.9,20.78,24.15,0.94957,7.355,12.99,24.98,14,2
56.849,factory_mission,9x4.5,pi5,29.049,-0.096,-3.005,-0.356,1.401,0.052,1.446,-1.59,-6.79,106.77,0.4726,0.4781,0.4653,0.4669,8255,28.374,723.3,382.5,478.2,22.6,500.8,20.73,24.15,0.94952,7.362,13.01,24.98,14,2
56.897,factory_mission,9x4.5,pi5,29.034,-0.037,-3.002,-0.339,1.391,0.048,1.433,-1.52,-6.17,107.54,0.4732,0.4777,0.4633,0.4670,8250,28.336,722.4,381.8,477.2,22.6,499.8,20.69,24.16,0.94947,7.369,13.04,24.98,14,2
56.949,factory_mission,9x4.5,pi5,29.012,0.055,-2.999,-0.312,1.367,0.041,1.403,-1.41,-5.32,108.71,0.4720,0.4771,0.4633,0.4675,8245,28.301,721.5,381.1,476.3,22.6,498.9,20.65,24.16,0.94942,7.376,13.06,24.98,14,2
56.997,factory_mission,9x4.5,pi5,28.999,0.111,-2.997,-0.296,1.347,0.038,1.380,-1.33,-4.81,109.48,0.4729,0.4776,0.4620,0.4660,8240,28.266,720.6,380.4,475.5,22.6,498.1,20.62,24.16,0.94937,7.383,13.08,24.98,14,2
57.049,factory_mission,9x4.5,pi5,28.982,0.187,-2.995,-0.274,1.315,0.033,1.344,-1.20,-4.11,110.65,0.4715,0.4763,0.4630,0.4663,8235,28.231,719.7,379.7,474.6,22.6,497.2,20.58,24.16,0.94932,7.390,13.11,24.98,14,2
57.097,factory_mission,9x4.5,pi5,28.970,0.240,-2.994,-0.259,1.289,0.030,1.315,-1.12,-3.70,111.44,0.4727,0.4755,0.4620,0.4659,8231,28.206,719.0,379.1,473.9,22.6,496.5,20.55,24.16,0.94928,7.397,13.12,24.98,14,2
57.149,factory_mission,9x4.5,pi5,28.952,0.320,-2.992,-0.236,1.243,0.026,1.266,-0.98,-3.15,112.62,0.4713,0.4750,0.4626,0.4664,8228,28.186,718.6,378.7,473.4,22.6,496.0,20.53,24.16,0.94923,7.404,13.14,24.98,14,2
57.197,factory_mission,9x4.5,pi5,28.941,0.368,-2.991,-0.223,1.213,0.023,1.233,-0.90,-2.82,113.41,0.4728,0.4751,0.4616,0.4650,8225,28.167,718.1,378.4,473.0,22.6,495.6,20.51,24.16,0.94918,7.411,13.15,24.98,14,2
57.249,factory_mission,9x4.5,pi5,28.926,0.433,-2.990,-0.206,1.168,0.021,1.186,-0.78,-2.39,114.61,0.4712,0.4743,0.4630,0.4655,8223,28.152,717.7,378.0,472.6,22.6,495.2,20.50,24.16,0.94913,7.418,13.16,24.98,14,2
57.297,factory_mission,9x4.5,pi5,28.917,0.477,-2.989,-0.194,1.135,0.019,1.151,-0.71,-2.14,115.41,0.4719,0.4742,0.4621,0.4653,8221,28.139,717.4,377.8,472.3,22.6,494.9,20.48,24.16,0.94909,7.424,13.17,24.98,14,2
57.349,factory_mission,9x4.5,pi5,28.901,0.544,-2.988,-0.176,1.081,0.005,1.095,-0.63,-1.80,116.61,0.5967,0.4359,0.4954,0.5120,8825,32.712,833.9,479.9,599.8,22.6,622.4,25.94,23.99,0.94903,7.433,10.40,24.98,14,2
57.397,factory_mission,9x4.5,pi5,28.892,0.584,-2.989,-0.164,1.048,-0.055,1.062,-1.48,-0.89,117.41,0.5020,0.5178,0.4823,0.4784,8609,30.878,787.2,434.7,543.4,22.6,566.0,23.52,24.07,0.94897,7.441,11.47,24.98,14,2
57.449,factory_mission,9x4.5,pi5,28.881,0.636,-2.994,-0.121,0.995,-0.119,1.010,-4.67,2.05,118.55,0.4839,0.5115,0.4612,0.4602,8378,29.262,746.0,401.4,501.7,22.6,524.3,21.74,24.12,0.94892,7.448,12.40,24.98,14,2
57.497,factory_mission,9x4.5,pi5,28.874,0.671,-2.999,-0.067,0.953,-0.139,0.965,-6.94,4.18,119.25,0.4739,0.5048,0.4503,0.4520,8249,28.367,723.2,383.2,479.0,22.6,501.6,20.77,24.15,0.94888,7.455,12.98,24.98,14,2
57.549,factory_mission,9x4.5,pi5,28.870,0.723,-3.009,0.051,0.880,-0.138,0.892,-9.69,6.91,120.31,0.4649,0.4960,0.4509,0.4497,8178,27.872,710.5,373.0,466.2,22.6,488.8,20.23,24.16,0.94883,7.462,13.33,24.98,14,2
57.597,factory_mission,9x4.5,pi5,28.872,0.753,-3.015,0.139,0.833,-0.123,0.853,-11.03,8.33,121.08,0.4627,0.4866,0.4520,0.4530,8152,27.680,705.6,368.9,461.1,22.6,483.7,20.01,24.17,0.94878,7.469,13.47,24.98,14,2
57.649,factory_mission,9x4.5,pi5,28.882,0.791,-3.023,0.272,0.767,-0.094,0.819,-12.33,9.89,122.33,0.4573,0.4780,0.4587,0.4608,8154,27.684,705.7,368.7,460.9,22.6,483.5,20.01,24.17,0.94873,7.476,13.47,24.98,14,2
57.697,factory_mission,9x4.5,pi5,28.895,0.815,-3.027,0.372,0.721,-0.071,0.814,-12.80,10.60,123.24,0.4555,0.4722,0.4650,0.4668,8171,27.799,708.7,371.0,463.7,22.6,486.3,20.12,24.17,0.94869,7.482,13.39,24.97,14,2
57.749,factory_mission,9x4.5,pi5,28.925,0.850,-3.031,0.532,0.650,-0.036,0.841,-13.08,11.27,124.67,0.4549,0.4650,0.4720,0.4744,8195,27.966,712.9,374.4,468.0,22.6,490.6,20.30,24.16,0.94864,7.489,13.27,24.97,14,2
57.797,factory_mission,9x4.5,pi5,28.949,0.870,-3.032,0.631,0.609,-0.016,0.877,-13.04,11.50,125.64,0.4564,0.4627,0.4759,0.4783,8221,28.145,717.5,378.0,472.5,22.6,495.1,20.50,24.15,0.94859,7.496,13.15,24.97,14,2
57.849,factory_mission,9x4.5,pi5,28.991,0.894,-3.032,0.765,0.554,0.007,0.945,-12.77,11.58,127.08,0.4557,0.4616,0.4803,0.4840,8251,28.353,722.8,382.3,477.9,22.6,500.5,20.73,24.15,0.94854,7.503,13.00,24.97,14,2
57.897,factory_mission,9x4.5,pi5,29.026,0.909,-3.031,0.856,0.518,0.021,1.000,-12.49,11.50,128.03,0.4584,0.4616,0.4824,0.4850,8272,28.496,726.4,385.2,481.5,22.6,504.1,20.88,24.14,0.94850,7.510,12.90,24.97,14,2
57.949,factory_mission,9x4.5,pi5,29.090,0.931,-3.029,0.991,0.465,0.036,1.095,-11.99,11.25,129.40,0.4612,0.4611,0.4841,0.4855,8288,28.611,729.4,387.5,484.4,22.6,507.0,21.01,24.14,0.94845,7.517,12.83,24.97,14,2
57.997,factory_mission,9x4.5,pi5,29.135,0.943,-3.027,1.069,0.435,0.043,1.155,-11.63,11.01,130.27,0.4652,0.4639,0.4823,0.4839,8301,28.692,731.4,389.1,486.4,22.6,509.0,21.09,24.13,0.94840,7.524,12.78,24.97,14,2
58.049,factory_mission,9x4.5,pi5,29.202,0.959,-3.024,1.168,0.398,0.049,1.235,-11.08,10.58,131.52,0.4673,0.4659,0.4817,0.4831,8310,28.755,733.1,390.3,487.9,22.6,510.5,21.16,24.13,0.94835,7.531,12.73,24.97,14,2
58.097,factory_mission,9x4.5,pi5,29.254,0.969,-3.022,1.233,0.374,0.051,1.289,-10.73,10.27,132.32,0.4714,0.4685,0.4790,0.4802,8314,28.778,733.6,390.7,488.4,22.6,511.0,21.18,24.13,0.94830,7.538,12.72,24.97,14,2
58.149,factory_mission,9x4.5,pi5,29.341,0.984,-3.019,1.324,0.341,0.051,1.368,-10.22,9.80,133.46,0.4749,0.4697,0.4763,0.4782,8314,28.778,733.6,390.7,488.4,22.6,511.0,21.18,24.13,0.94825,7.545,12.72,24.97,14,2
58.197,factory_mission,9x4.5,pi5,29.398,0.992,-3.016,1.374,0.323,0.050,1.412,-9.90,9.50,134.20,0.4783,0.4735,0.4730,0.4739,8313,28.770,733.4,390.5,488.2,22.6,510.8,21.17,24.13,0.94821,7.552,12.73,24.97,14,2
58.249,factory_mission,9x4.5,pi5,29.481,1.004,-3.014,1.436,0.301,0.048,1.468,-9.47,9.08,135.28,0.4797,0.4748,0.4710,0.4720,8309,28.741,732.7,390.0,487.4,22.6,510.0,21.14,24.13,0.94815,7.560,12.74,24.97,14,2
58.297,factory_mission,9x4.5,pi5,29.542,1.011,-3.012,1.474,0.288,0.046,1.503,-9.20,8.83,135.99,0.4817,0.4774,0.4682,0.4692,8305,28.715,732.0,389.5,486.8,22.6,509.4,21.11,24.13,0.94811,7.566,12.76,24.97,14,2
58.349,factory_mission,9x4.5,pi5,29.640,1.023,-3.010,1.527,0.270,0.042,1.551,-8.83,8.50,137.06,0.4829,0.4778,0.4669,0.4677,8301,28.690,731.4,389.0,486.2,22.6,508.8,21.09,24.13,0.94806,7.574,12.77,24.97,14,2
58.397,factory_mission,9x4.5,pi5,29.703,1.030,-3.009,1.555,0.261,0.040,1.577,-8.61,8.32,137.77,0.4853,0.4794,0.4644,0.4650,8296,28.659,730.6,388.4,485.5,22.6,508.1,21.06,24.13,0.94801,7.580,12.79,24.97,14,2
58.449,factory_mission,9x4.5,pi5,29.791,1.040,-3.008,1.588,0.249,0.036,1.607,-8.31,8.10,138.84,0.4846,0.4793,0.4647,0.4643,8292,28.628,729.8,387.8,484.7,22.6,507.3,21.02,24.13,0.94796,7.588,12.81,24.97,14,2
58.497,factory_mission,9x4.5,pi5,29.855,1.047,-3.007,1.607,0.242,0.034,1.626,-8.12,7.98,139.57,0.4848,0.4805,0.4630,0.4639,8289,28.612,729.4,387.5,484.4,22.6,507.0,21.01,24.13,0.94791,7.595,12.82,24.97,14,2
58.549,factory_mission,9x4.5,pi5,29.956,1.057,-3.005,1.634,0.232,0.031,1.650,-7.87,7.87,140.68,0.4842,0.4797,0.4635,0.4644,8288,28.601,729.1,387.2,484.0,22.6,506.6,20.99,24.13,0.94786,7.602,12.82,24.97,14,2
58.597,factory_mission,9x4.5,pi5,30.020,1.063,-3.004,1.647,0.227,0.029,1.663,-7.72,7.82,141.43,0.4855,0.4799,0.4629,0.4629,8286,28.589,728.8,387.0,483.8,22.6,506.4,20.98,24.13,0.94782,7.609,12.83,24.97,14,2
58.649,factory_mission,9x4.5,pi5,30.109,1.072,-3.003,1.663,0.221,0.026,1.678,-7.51,7.80,142.58,0.4831,0.4790,0.4641,0.4643,8283,28.569,728.3,386.6,483.2,22.6,505.8,20.96,24.13,0.94776,7.616,12.84,24.97,14,2
58.697,factory_mission,9x4.5,pi5,30.172,1.078,-3.003,1.672,0.217,0.024,1.686,-7.38,7.81,143.36,0.4830,0.4785,0.4638,0.4644,8280,28.548,727.8,386.2,482.7,22.6,505.3,20.94,24.13,0.94772,7.623,12.86,24.97,14,2
58.749,factory_mission,9x4.5,pi5,30.273,1.088,-3.003,1.685,0.211,0.022,1.698,-7.20,7.86,144.54,0.4811,0.4775,0.4651,0.4656,8279,28.536,727.5,385.9,482.3,22.6,504.9,20.92,24.13,0.94767,7.630,12.86,24.97,14,2
58.797,factory_mission,9x4.5,pi5,30.336,1.094,-3.002,1.691,0.208,0.021,1.704,-7.09,7.91,145.34,0.4816,0.4775,0.4645,0.4652,8277,28.524,727.1,385.6,482.0,22.6,504.6,20.91,24.13,0.94762,7.637,12.87,24.97,14,2
58.849,factory_mission,9x4.5,pi5,30.425,1.103,-3.002,1.699,0.205,0.019,1.711,-6.92,8.02,146.55,0.4796,0.4759,0.4660,0.4669,8275,28.511,726.8,385.3,481.6,22.6,504.2,20.89,24.13,0.94757,7.644,12.88,24.97,14,2
58.897,factory_mission,9x4.5,pi5,30.487,1.109,-3.002,1.704,0.203,0.018,1.716,-6.81,8.10,147.37,0.4797,0.4753,0.4666,0.4666,8275,28.506,726.7,385.2,481.5,22.6,504.1,20.89,24.13,0.94752,7.651,12.88,24.97,14,2
58.949,factory_mission,9x4.5,pi5,30.588,1.119,-3.002,1.710,0.200,0.016,1.722,-6.65,8.24,148.59,0.4782,0.4743,0.4677,0.4679,8274,28.503,726.6,385.1,481.4,22.6,504.0,20.89,24.13,0.94747,7.658,12.88,24.97,14,2
58.997,factory_mission,9x4.5,pi5,30.651,1.126,-3.001,1.714,0.198,0.015,1.726,-6.54,8.34,149.41,0.4790,0.4747,0.4669,0.4677,8275,28.508,726.8,385.3,481.6,22.6,504.2,20.89,24.13,0.94743,7.665,12.88,24.97,14,2
59.049,factory_mission,9x4.5,pi5,30.738,1.135,-3.001,1.719,0.196,0.014,1.730,-6.37,8.51,150.64,0.4773,0.4738,0.4685,0.4690,8277,28.519,727.0,385.4,481.8,22.6,504.4,20.90,24.13,0.94738,7.672,12.87,24.97,14,2
59.097,factory_mission,9x4.5,pi5,30.801,1.142,-3.000,1.723,0.195,0.014,1.734,-6.26,8.63,151.47,0.4778,0.4739,0.4687,0.4686,8278,28.529,727.3,385.7,482.1,22.6,504.7,20.91,24.13,0.94733,7.679,12.86,24.97,14,2
59.149,factory_mission,9x4.5,pi5,30.901,1.153,-3.000,1.727,0.193,0.013,1.738,-6.08,8.80,152.70,0.4770,0.4732,0.4697,0.4695,8279,28.535,727.4,385.8,482.2,22.6,504.8,20.92,24.13,0.94728,7.686,12.86,24.97,14,2
59.197,factory_mission,9x4.5,pi5,30.964,1.160,-2.999,1.730,0.193,0.012,1.741,-5.96,8.92,153.51,0.4778,0.4742,0.4685,0.4689,8279,28.534,727.4,385.8,482.2,22.6,504.8,20.92,24.13,0.94723,7.693,12.86,24.97,14,2
59.249,factory_mission,9x4.5,pi5,31.051,1.171,-2.999,1.734,0.191,0.011,1.745,-5.76,9.11,154.74,0.4762,0.4736,0.4702,0.4691,8278,28.531,727.3,385.7,482.1,22.6,504.7,20.92,24.13,0.94718,7.700,12.86,24.97,14,2
59.297,factory_mission,9x4.5,pi5,31.114,1.178,-2.999,1.737,0.191,0.010,1.747,-5.63,9.23,155.55,0.4773,0.4732,0.4691,0.4692,8277,28.523,727.1,385.5,481.9,22.6,504.5,20.91,24.13,0.94714,7.707,12.86,24.97,14,2
59.349,factory_mission,9x4.5,pi5,31.214,1.190,-3.000,1.741,0.190,0.009,1.751,-5.41,9.43,156.86,0.4767,0.4724,0.4696,0.4699,8276,28.517,727.0,385.4,481.7,22.6,504.3,20.90,24.13,0.94709,7.714,12.87,24.97,14,2
59.397,factory_mission,9x4.5,pi5,31.276,1.198,-3.000,1.744,0.189,0.009,1.754,-5.28,9.55,157.59,0.4777,0.4737,0.4688,0.4684,8276,28.517,727.0,385.4,481.8,22.6,504.4,20.90,24.13,0.94704,7.721,12.87,24.97,14,2
59.449,factory_mission,9x4.5,pi5,31.364,1.209,-3.001,1.747,0.188,0.009,1.758,-5.06,9.73,158.81,0.4764,0.4732,0.4692,0.4698,8276,28.514,726.9,385.3,481.7,22.6,504.3,20.90,24.13,0.94699,7.728,12.87,24.97,14,2
59.497,factory_mission,9x4.5,pi5,31.427,1.217,-3.001,1.750,0.187,0.008,1.760,-4.91,9.85,159.62,0.4774,0.4734,0.4695,0.4682,8276,28.514,726.9,385.3,481.7,22.6,504.3,20.90,24.13,0.94694,7.735,12.87,24.97,14,2
59.549,factory_mission,9x4.5,pi5,31.528,1.230,-3.001,1.755,0.185,0.008,1.764,-4.67,10.02,160.83,0.4766,0.4730,0.4700,0.4690,8276,28.518,727.0,385.4,481.8,22.6,504.4,20.90,24.13,0.94689,7.742,12.86,24.97,14,2
59.597,factory_mission,9x4.5,pi5,31.592,1.238,-3.001,1.757,0.184,0.008,1.767,-4.51,10.14,161.64,0.4780,0.4741,0.4682,0.4686,8277,28.524,727.2,385.6,482.0,22.6,504.6,20.91,24.13,0.94685,7.749,12.86,24.97,14,2
59.649,factory_mission,9x4.5,pi5,31.681,1.250,-3.002,1.762,0.182,0.008,1.771,-4.26,10.31,162.85,0.4774,0.4731,0.4692,0.4695,8278,28.531,727.3,385.7,482.1,22.6,504.7,20.92,24.13,0.94680,7.756,12.85,24.97,14,2
59.697,factory_mission,9x4.5,pi5,31.744,1.258,-3.002,1.765,0.181,0.008,1.774,-4.08,10.42,163.65,0.4774,0.4745,0.4693,0.4684,8280,28.540,727.6,385.9,482.4,22.6,505.0,20.93,24.13,0.94675,7.763,12.84,24.96,14,2
59.749,factory_mission,9x4.5,pi5,31.847,1.271,-3.002,1.770,0.178,0.008,1.778,-3.82,10.57,164.86,0.4774,0.4734,0.4697,0.4694,8281,28.547,727.8,386.0,482.5,22.6,505.1,20.94,24.12,0.94670,7.770,12.84,24.96,14,2
59.797,factory_mission,9x4.5,pi5,31.911,1.279,-3.002,1.773,0.176,0.009,1.781,-3.63,10.67,165.66,0.4783,0.4749,0.4691,0.4679,8282,28.554,727.9,386.2,482.7,22.6,505.3,20.95,24.12,0.94665,7.777,12.83,24.96,14,2
59.849,factory_mission,9x4.5,pi5,32.002,1.289,-3.002,1.777,0.172,0.008,1.786,-3.36,10.82,166.86,0.4776,0.4738,0.4698,0.4691,8282,28.559,728.0,386.3,482.8,22.6,505.4,20.95,24.12,0.94660,7.784,12.83,24.96,14,2
59.897,factory_mission,9x4.5,pi5,32.067,1.297,-3.003,1.781,0.170,0.008,1.789,-3.17,10.91,167.67,0.4779,0.4745,0.4694,0.4685,8283,28.561,728.1,386.3,482.9,22.6,505.5,20.95,24.12,0.94656,7.791,12.83,24.96,14,2
59.949,factory_mission,9x4.5,pi5,32.172,1.309,-3.003,1.787,0.165,0.009,1.794,-2.89,11.04,168.87,0.4771,0.4744,0.4700,0.4691,8284,28.568,728.3,386.4,483.0,22.6,505.6,20.96,24.12,0.94651,7.798,12.82,24.96,14,2
59.997,factory_mission,9x4.5,pi5,32.238,1.316,-3.003,1.790,0.161,0.008,1.798,-2.69,11.12,169.67,0.4787,0.4749,0.4693,0.4676,8283,28.565,728.2,386.4,483.0,22.6,505.6,20.96,24.12,0.94646,7.805,12.82,24.96,14,2
60.049,factory_mission,9x4.5,pi5,32.331,1.325,-3.003,1.796,0.156,0.008,1.803,-2.40,11.23,170.87,0.4777,0.4741,0.4697,0.4690,8283,28.563,728.1,386.3,482.9,22.6,505.5,20.96,24.12,0.94641,7.812,12.82,24.96,14,2
60.097,factory_mission,9x4.5,pi5,32.398,1.331,-3.004,1.799,0.152,0.008,1.806,-2.21,11.30,171.67,0.4767,0.4745,0.4679,0.4679,8271,28.478,726.0,384.6,480.8,22.6,503.4,20.87,24.12,0.94636,7.819,12.88,24.96,14,2
60.149,factory_mission,9x4.5,pi5,32.505,1.341,-3.004,1.805,0.146,0.010,1.811,-1.91,11.37,172.87,0.4742,0.4738,0.4665,0.4685,8256,28.376,723.4,382.6,478.2,22.6,500.8,20.76,24.13,0.94631,7.826,12.94,24.96,14,2
60.197,factory_mission,9x4.5,pi5,32.573,1.347,-3.005,1.808,0.142,0.012,1.814,-1.71,11.35,173.68,0.4742,0.4747,0.4648,0.4667,8246,28.312,721.7,381.3,476.6,22.6,499.2,20.69,24.13,0.94627,7.833,12.99,24.96,14,2
60.249,factory_mission,9x4.5,pi5,32.668,1.355,-3.005,1.811,0.136,0.016,1.816,-1.39,11.14,174.89,0.4732,0.4730,0.4652,0.4673,8241,28.272,720.7,380.5,475.6,22.6,498.2,20.65,24.13,0.94622,7.840,13.01,24.96,14,2
60.297,factory_mission,9x4.5,pi5,32.736,1.360,-3.005,1.811,0.131,0.019,1.816,-1.19,10.90,175.69,0.4739,0.4731,0.4649,0.4662,8238,28.255,720.3,380.1,475.1,22.6,497.7,20.63,24.13,0.94617,7.847,13.02,24.96,14,2
60.349,factory_mission,9x4.5,pi5,32.846,1.368,-3.005,1.807,0.124,0.023,1.812,-0.88,10.42,176.90,0.4746,0.4711,0.4662,0.4659,8237,28.248,720.1,380.0,475.0,22.6,497.6,20.62,24.13,0.94612,7.854,13.03,24.96,14,2
60.397,factory_mission,9x4.5,pi5,32.914,1.373,-3.005,1.802,0.120,0.025,1.806,-0.69,10.04,177.70,0.4758,0.4723,0.4651,0.4645,8237,28.246,720.1,380.0,474.9,22.6,497.5,20.62,24.13,0.94608,7.860,13.03,24.96,14,2
60.449,factory_mission,9x4.5,pi5,33.009,1.379,-3.004,1.790,0.114,0.028,1.794,-0.44,9.41,178.90,0.4754,0.4712,0.4663,0.4649,8237,28.248,720.1,380.0,475.0,22.6,497.6,20.62,24.13,0.94603,7.868,13.02,24.96,14,2
60.497,factory_mission,9x4.5,pi5,33.077,1.383,-3.004,1.778,0.109,0.029,1.781,-0.28,8.96,179.70,0.4756,0.4722,0.4654,0.4644,8237,28.246,720.1,379.9,474.9,22.6,497.5,20.62,24.13,0.94598,7.874,13.02,24.96,14,2
60.549,factory_mission,9x4.5,pi5,33.183,1.390,-3.003,1.753,0.103,0.030,1.756,-0.07,8.27,-179.10,0.4756,0.4713,0.4665,0.4644,8237,28.247,720.1,380.0,475.0,22.6,497.6,20.62,24.13,0.94593,7.881,13.02,24.96,14,2
60.597,factory_mission,9x4.5,pi5,33.249,1.394,-3.002,1.734,0.099,0.029,1.737,0.05,7.81,-178.31,0.4766,0.4724,0.4654,0.4630,8235,28.237,719.8,379.8,474.7,22.6,497.3,20.61,24.13,0.94588,7.888,13.03,24.96,14,2
60.649,factory_mission,9x4.5,pi5,33.339,1.400,-3.001,1.702,0.094,0.029,1.705,0.21,7.13,-177.12,0.4754,0.4715,0.4658,0.4639,8233,28.218,719.4,379.4,474.2,22.6,496.8,20.59,24.13,0.94584,7.895,13.04,24.96,14,2
60.697,factory_mission,9x4.5,pi5,33.403,1.404,-3.001,1.677,0.090,0.028,1.680,0.30,6.69,-176.33,0.4763,0.4714,0.4648,0.4634,8230,28.200,718.9,379.0,473.8,22.6,496.4,20.57,24.13,0.94579,7.902,13.05,24.96,14,2
60.749,factory_mission,9x4.5,pi5,33.502,1.410,-3.001,1.634,0.085,0.027,1.636,0.42,6.06,-175.14,0.4757,0.4704,0.4660,0.4631,8228,28.184,718.5,378.7,473.4,22.6,496.0,20.56,24.13,0.94574,7.909,13.06,24.96,14,2
60.797,factory_mission,9x4.5,pi5,33.563,1.413,-3.000,1.604,0.081,0.026,1.606,0.48,5.67,-174.34,0.4761,0.4719,0.4651,0.4616,8226,28.172,718.2,378.5,473.1,22.6,495.7,20.54,24.13,0.94569,7.916,13.07,24.96,14,2
60.849,factory_mission,9x4.5,pi5,33.646,1.418,-3.000,1.560,0.076,0.025,1.562,0.56,5.10,-173.15,0.4754,0.4705,0.4654,0.4631,8225,28.164,718.0,378.3,472.9,22.6,495.5,20.54,24.13,0.94564,7.923,13.07,24.96,14,2
60.897,factory_mission,9x4.5,pi5,33.704,1.421,-2.999,1.528,0.073,0.025,1.529,0.61,4.75,-172.35,0.4753,0.4715,0.4651,0.4624,8225,28.162,717.9,378.3,472.8,22.6,495.4,20.53,24.13,0.94560,7.929,13.07,24.96,14,2
60.949,factory_mission,9x4.5,pi5,33.794,1.425,-2.999,1.473,0.067,0.023,1.475,0.66,4.26,-171.16,0.4743,0.4709,0.4657,0.4632,8224,28.157,717.8,378.1,472.7,22.6,495.3,20.53,24.13,0.94555,7.937,13.07,24.96,14,2
60.997,factory_mission,9x4.5,pi5,33.848,1.428,-2.998,1.438,0.064,0.023,1.440,0.68,3.96,-170.36,0.4751,0.4720,0.4651,0.4617,8223,28.150,717.6,378.0,472.5,22.6,495.1,20.52,24.13,0.94550,7.943,13.08,24.96,14,2
61.049,factory_mission,9x4.5,pi5,33.922,1.431,-2.998,1.388,0.060,0.022,1.390,0.71,3.53,-169.15,0.4738,0.4710,0.4659,0.4630,8222,28.145,717.5,377.9,472.4,22.6,495.0,20.52,24.13,0.94545,7.950,13.08,24.96,14,2
61.097,factory_mission,9x4.5,pi5,33.973,1.433,-2.998,1.352,0.057,0.021,1.353,0.73,3.27,-168.35,0.4747,0.4708,0.4650,0.4628,8221,28.135,717.2,377.7,472.1,22.6,494.7,20.51,24.13,0.94541,7.957,13.09,24.96,14,2
61.149,factory_mission,9x4.5,pi5,34.051,1.436,-2.997,1.293,0.051,0.019,1.294,0.74,2.91,-167.14,0.4735,0.4702,0.4657,0.4634,8219,28.123,716.9,377.5,471.8,22.6,494.4,20.49,24.13,0.94536,7.964,13.09,24.96,14,2
61.197,factory_mission,9x4.5,pi5,34.098,1.437,-2.998,1.256,0.048,0.019,1.257,0.74,2.69,-166.34,0.4736,0.4719,0.4648,0.4621,8218,28.114,716.7,377.3,471.6,22.6,494.2,20.48,24.13,0.94531,7.971,13.10,24.96,14,2
61.249,factory_mission,9x4.5,pi5,34.161,1.439,-2.998,1.205,0.043,0.018,1.205,0.73,2.39,-165.13,0.4729,0.4701,0.4656,0.4632,8216,28.100,716.3,377.0,471.2,22.6,493.8,20.47,24.13,0.94527,7.978,13.11,24.96,14,2
61.297,factory_mission,9x4.5,pi5,34.204,1.440,-2.998,1.168,0.040,0.017,1.169,0.72,2.21,-164.32,0.4728,0.4708,0.4648,0.4628,8213,28.082,715.9,376.6,470.8,22.6,493.4,20.45,24.13,0.94522,7.984,13.12,24.96,14,2
61.349,factory_mission,9x4.5,pi5,34.271,1.441,-2.999,1.110,0.035,0.005,1.111,0.65,1.97,-163.04,0.5950,0.4414,0.4753,0.5415,8873,33.081,843.3,488.3,610.3,22.6,632.9,26.43,23.95,0.94516,7.994,10.15,24.96,14,2
61.397,factory_mission,9x4.5,pi5,34.312,1.442,-3.001,1.077,0.035,-0.060,1.079,-0.49,2.22,-162.31,0.5044,0.5124,0.4926,0.4798,8641,31.096,792.7,439.1,548.9,22.6,571.5,23.79,24.03,0.94510,8.001,11.28,24.96,14,2
61.449,factory_mission,9x4.5,pi5,34.366,1.445,-3.009,1.030,0.064,-0.130,1.040,-4.68,3.55,-161.12,0.4847,0.5034,0.4746,0.4579,8392,29.344,748.1,402.8,503.4,22.6,526.0,21.84,24.08,0.94505,8.009,12.28,24.96,14,2
61.497,factory_mission,9x4.5,pi5,34.403,1.448,-3.016,0.997,0.109,-0.150,1.014,-7.68,4.61,-160.37,0.4735,0.4975,0.4647,0.4457,8250,28.365,723.1,382.9,478.7,22.6,501.3,20.79,24.11,0.94500,8.015,12.90,24.96,14,2
61.549,factory_mission,9x4.5,pi5,34.460,1.460,-3.028,0.945,0.218,-0.147,0.981,-11.38,6.08,-159.26,0.4641,0.4908,0.4599,0.4444,8170,27.811,709.0,371.7,464.6,22.6,487.2,20.19,24.13,0.94496,8.022,13.28,24.96,14,2
61.597,factory_mission,9x4.5,pi5,34.494,1.471,-3.036,0.912,0.302,-0.130,0.969,-13.21,6.91,-158.49,0.4631,0.4829,0.4585,0.4457,8137,27.580,703.1,366.9,458.6,22.6,481.2,19.93,24.14,0.94491,8.029,13.45,24.96,14,2
61.649,factory_mission,9x4.5,pi5,34.540,1.495,-3.045,0.868,0.431,-0.096,0.973,-15.02,7.90,-157.27,0.4577,0.4773,0.4627,0.4523,8137,27.569,702.8,366.5,458.1,22.6,480.7,19.91,24.14,0.94486,8.036,13.47,24.96,14,2
61.697,factory_mission,9x4.5,pi5,34.571,1.517,-3.049,0.836,0.528,-0.069,0.991,-15.72,8.41,-156.42,0.4580,0.4722,0.4665,0.4577,8153,27.673,705.5,368.5,460.6,22.6,483.2,20.02,24.14,0.94482,8.042,13.39,24.95,14,2
61.749,factory_mission,9x4.5,pi5,34.619,1.562,-3.054,0.788,0.685,-0.027,1.044,-16.14,8.94,-155.09,0.4579,0.4664,0.4709,0.4657,8176,27.829,709.4,371.6,464.4,22.6,487.0,20.18,24.13,0.94477,8.049,13.28,24.95,14,2
61.797,factory_mission,9x4.5,pi5,34.647,1.596,-3.055,0.758,0.781,-0.003,1.089,-16.10,9.17,-154.19,0.4582,0.4662,0.4731,0.4703,8201,28.002,713.9,375.1,468.8,22.6,491.4,20.37,24.12,0.94473,8.056,13.16,24.95,14,2
61.849,factory_mission,9x4.5,pi5,34.685,1.650,-3.056,0.718,0.911,0.026,1.161,-15.68,9.33,-152.84,0.4586,0.4637,0.4775,0.4756,8228,28.191,718.7,378.9,473.6,22.6,496.2,20.58,24.12,0.94468,8.063,13.03,24.95,14,2
61.897,factory_mission,9x4.5,pi5,34.710,1.694,-3.054,0.690,0.999,0.043,1.215,-15.21,9.33,-151.94,0.4599,0.4646,0.4791,0.4772,8248,28.327,722.1,381.7,477.1,22.6,499.7,20.72,24.11,0.94463,8.070,12.94,24.95,14,2
61.949,factory_mission,9x4.5,pi5,34.749,1.772,-3.051,0.648,1.128,0.063,1.302,-14.32,9.19,-150.63,0.4631,0.4625,0.4794,0.4801,8264,28.436,724.9,383.9,479.8,22.6,502.4,20.84,24.11,0.94458,8.077,12.86,24.95,14,2
61.997,factory_mission,9x4.5,pi5,34.772,1.825,-3.049,0.623,1.200,0.072,1.354,-13.64,9.01,-149.77,0.4661,0.4649,0.4785,0.4787,8275,28.509,726.8,385.3,481.6,22.6,504.2,20.92,24.11,0.94453,8.084,12.81,24.95,14,2
62.049,factory_mission,9x4.5,pi5,34.803,1.904,-3.045,0.589,1.289,0.081,1.419,-12.54,8.64,-148.53,0.4662,0.4670,0.4776,0.4793,8282,28.555,728.0,386.2,482.8,22.6,505.4,20.97,24.11,0.94448,8.091,12.78,24.95,14,2
62.097,factory_mission,9x4.5,pi5,34.824,1.963,-3.042,0.565,1.343,0.084,1.460,-11.77,8.34,-147.72,0.4704,0.4678,0.4761,0.4765,8284,28.572,728.4,386.5,483.1,22.6,505.7,20.98,24.10,0.94444,8.098,12.77,24.95,14,2
62.149,factory_mission,9x4.5,pi5,34.857,2.061,-3.037,0.529,1.416,0.086,1.514,-10.61,7.82,-146.55,0.4729,0.4686,0.4740,0.4755,8285,28.575,728.4,386.6,483.2,22.6,505.8,20.98,24.10,0.94439,8.105,12.77,24.95,14,2
62.197,factory_mission,9x4.5,pi5,34.876,2.124,-3.033,0.508,1.451,0.085,1.539,-9.85,7.45,-145.78,0.4769,0.4708,0.4711,0.4720,8284,28.567,728.3,386.4,483.0,22.6,505.6,20.98,24.10,0.94434,8.112,12.77,24.95,14,2
62.249,factory_mission,9x4.5,pi5,34.902,2.213,-3.029,0.479,1.488,0.082,1.565,-8.73,6.86,-144.65,0.4768,0.4725,0.4696,0.4707,8280,28.543,727.6,385.9,482.4,22.6,505.0,20.95,24.10,0.94429,8.119,12.79,24.95,14,2
62.297,factory_mission,9x4.5,pi5,34.920,2.277,-3.025,0.459,1.506,0.079,1.576,-8.02,6.46,-143.91,0.4785,0.4749,0.4670,0.4683,8277,28.519,727.0,385.5,481.8,22.6,504.4,20.93,24.10,0.94424,8.126,12.80,24.95,14,2
62.349,factory_mission,9x4.5,pi5,34.947,2.379,-3.020,0.428,1.522,0.073,1.582,-7.01,5.86,-142.79,0.4803,0.4742,0.4661,0.4669,8272,28.490,726.3,384.9,481.1,22.6,503.7,20.90,24.10,0.94419,8.133,12.82,24.95,14,2
62.397,factory_mission,9x4.5,pi5,34.963,2.442,-3.017,0.409,1.523,0.069,1.579,-6.38,5.46,-142.05,0.4824,0.4757,0.4635,0.4646,8268,28.460,725.5,384.4,480.4,22.6,503.0,20.87,24.11,0.94415,8.140,12.84,24.95,14,2
62.449,factory_mission,9x4.5,pi5,34.985,2.530,-3.013,0.384,1.517,0.063,1.566,-5.51,4.89,-140.92,0.4814,0.4754,0.4633,0.4644,8261,28.418,724.5,383.5,479.4,22.6,502.0,20.82,24.11,0.94409,8.147,12.86,24.95,14,2
62.497,factory_mission,9x4.5,pi5,35.001,2.592,-3.011,0.367,1.507,0.060,1.552,-4.97,4.53,-140.16,0.4811,0.4766,0.4625,0.4628,8256,28.382,723.5,382.8,478.5,22.6,501.1,20.79,24.11,0.94405,8.154,12.89,24.95,14,2
62.549,factory_mission,9x4.5,pi5,35.024,2.688,-3.008,0.341,1.482,0.053,1.522,-4.24,4.01,-139.01,0.4809,0.4748,0.4621,0.4635,8250,28.340,722.5,381.9,477.4,22.6,500.0,20.74,24.11,0.94400,8.161,12.91,24.95,14,2
62.597,factory_mission,9x4.5,pi5,35.038,2.746,-3.006,0.325,1.462,0.049,1.498,-3.80,3.68,-138.23,0.4815,0.4752,0.4615,0.4617,8245,28.304,721.6,381.2,476.5,22.6,499.1,20.70,24.11,0.94395,8.168,12.94,24.95,14,2
62.649,factory_mission,9x4.5,pi5,35.057,2.826,-3.004,0.304,1.428,0.044,1.461,-3.22,3.22,-137.04,0.4786,0.4744,0.4623,0.4627,8238,28.254,720.3,380.2,475.2,22.6,497.8,20.65,24.11,0.94390,8.175,12.97,24.95,14,2
62.697,factory_mission,9x4.5,pi5,35.070,2.880,-3.003,0.290,1.400,0.041,1.431,-2.87,2.94,-136.24,0.4786,0.4737,0.4617,0.4626,8233,28.220,719.4,379.5,474.3,22.6,496.9,20.61,24.11,0.94386,8.181,12.99,24.95,14,2
62.749,factory_mission,9x4.5,pi5,35.090,2.963,-3.002,0.268,1.351,0.036,1.378,-2.41,2.54,-135.02,0.4775,0.4715,0.4626,0.4635,8228,28.184,718.5,378.7,473.4,22.6,496.0,20.57,24.11,0.94381,8.189,13.02,24.95,14,2
62.797,factory_mission,9x4.5,pi5,35.102,3.013,-3.001,0.254,1.318,0.034,1.343,-2.15,2.30,-134.20,0.4772,0.4721,0.4623,0.4624,8224,28.157,717.8,378.2,472.7,22.6,495.3,20.54,24.11,0.94376,8.195,13.03,24.95,14,2
62.849,factory_mission,9x4.5,pi5,35.118,3.080,-3.000,0.236,1.270,0.031,1.292,-1.82,1.98,-132.97,0.4753,0.4703,0.4635,0.4640,8220,28.131,717.1,377.6,472.0,22.6,494.6,20.51,24.11,0.94371,8.202,13.05,24.95,14,2
62.897,factory_mission,9x4.5,pi5,35.129,3.125,-3.000,0.224,1.234,0.029,1.255,-1.63,1.79,-132.14,0.4748,0.4705,0.4637,0.4634,8218,28.115,716.7,377.3,471.6,22.6,494.2,20.50,24.11,0.94367,8.209,13.06,24.95,14,2
62.949,factory_mission,9x4.5,pi5,35.146,3.193,-3.000,0.205,1.176,0.017,1.194,-1.41,1.52,-130.90,0.5036,0.5164,0.4283,0.5890,8815,32.634,831.9,477.9,597.4,22.6,620.0,25.89,23.95,0.94360,8.218,10.34,24.95,14,2
62.997,factory_mission,9x4.5,pi5,35.157,3.234,-3.001,0.192,1.141,-0.043,1.158,-2.00,0.52,-130.07,0.4928,0.4822,0.5072,0.4958,8600,30.800,785.2,432.7,540.9,22.6,563.5,23.46,24.02,0.94355,8.225,11.41,24.95,14,2
63.049,factory_mission,9x4.5,pi5,35.170,3.288,-3.007,0.149,1.086,-0.106,1.102,-4.57,-2.81,-128.74,0.4700,0.4605,0.5048,0.4797,8372,29.202,744.5,399.9,499.8,22.6,522.4,21.70,24.07,0.94350,8.233,12.33,24.95,14,2
63.097,factory_mission,9x4.5,pi5,35.177,3.325,-3.013,0.095,1.043,-0.125,1.055,-6.55,-5.10,-127.80,0.4627,0.4511,0.4975,0.4685,8244,28.321,722.0,381.9,477.4,22.6,500.0,20.75,24.10,0.94345,8.240,12.90,24.95,14,2
63.149,factory_mission,9x4.5,pi5,35.184,3.379,-3.024,-0.022,0.968,-0.123,0.976,-9.15,-7.83,-126.44,0.4594,0.4511,0.4911,0.4585,8173,27.826,709.4,371.9,464.9,22.6,487.5,20.21,24.12,0.94341,8.247,13.24,24.95,14,2
63.197,factory_mission,9x4.5,pi5,35.183,3.410,-3.031,-0.109,0.919,-0.108,0.932,-10.55,-9.11,-125.59,0.4627,0.4577,0.4782,0.4538,8145,27.625,704.2,367.6,459.5,22.6,482.1,19.98,24.13,0.94336,8.253,13.39,24.95,14,2
63.249,factory_mission,9x4.5,pi5,35.175,3.450,-3.039,-0.241,0.851,-0.079,0.888,-12.11,-10.30,-124.45,0.4688,0.4636,0.4704,0.4497,8145,27.626,704.3,367.6,459.5,22.6,482.1,19.98,24.12,0.94331,8.260,13.39,24.95,14,2
63.297,factory_mission,9x4.5,pi5,35.164,3.476,-3.043,-0.340,0.803,-0.056,0.874,-12.83,-10.69,-123.77,0.4760,0.4718,0.4626,0.4466,8162,27.744,707.3,370.1,462.6,22.6,485.2,20.11,24.12,0.94327,8.266,13.30,24.95,14,2
63.349,factory_mission,9x4.5,pi5,35.136,3.514,-3.048,-0.499,0.729,-0.021,0.884,-13.52,-10.83,-122.82,0.4819,0.4787,0.4566,0.4464,8185,27.913,711.6,373.6,467.0,22.6,489.6,20.30,24.11,0.94322,8.274,13.18,24.95,14,2
63.397,factory_mission,9x4.5,pi5,35.112,3.535,-3.050,-0.596,0.686,-0.001,0.909,-13.78,-10.70,-122.21,0.4874,0.4861,0.4517,0.4454,8211,28.099,716.3,377.6,472.0,22.6,494.6,20.52,24.11,0.94317,8.280,13.04,24.95,14,2
63.449,factory_mission,9x4.5,pi5,35.072,3.562,-3.050,-0.728,0.629,0.022,0.962,-13.94,-10.24,-121.29,0.4904,0.4896,0.4519,0.4464,8239,28.297,721.4,381.7,477.1,22.6,499.7,20.73,24.10,0.94312,8.287,12.90,24.95,14,2
63.497,factory_mission,9x4.5,pi5,35.039,3.580,-3.050,-0.818,0.591,0.036,1.010,-13.92,-9.82,-120.66,0.4928,0.4925,0.4511,0.4477,8260,28.443,725.1,384.7,480.9,22.6,503.5,20.90,24.10,0.94308,8.294,12.80,24.95,14,2
63.549,factory_mission,9x4.5,pi5,34.977,3.605,-3.048,-0.952,0.535,0.052,1.093,-13.79,-9.07,-119.65,0.4925,0.4925,0.4519,0.4519,8277,28.556,728.0,386.9,483.7,22.6,506.3,21.01,24.09,0.94303,8.301,12.73,24.95,14,2
63.597,factory_mission,9x4.5,pi5,34.934,3.620,-3.046,-1.029,0.504,0.059,1.147,-13.64,-8.53,-118.93,0.4938,0.4921,0.4524,0.4542,8290,28.647,730.3,388.7,485.9,22.6,508.5,21.11,24.09,0.94298,8.308,12.67,24.95,14,2
63.649,factory_mission,9x4.5,pi5,34.868,3.638,-3.043,-1.127,0.465,0.064,1.221,-13.36,-7.67,-117.80,0.4901,0.4903,0.4561,0.4589,8301,28.707,731.8,389.7,487.1,22.6,509.7,21.16,24.09,0.94293,8.316,12.64,24.95,14,2
63.697,factory_mission,9x4.5,pi5,34.818,3.650,-3.040,-1.191,0.439,0.067,1.271,-13.15,-7.10,-116.99,0.4887,0.4879,0.4584,0.4617,8306,28.736,732.6,390.2,487.7,22.6,510.3,21.19,24.08,0.94288,8.322,12.62,24.95,14,2
63.749,factory_mission,9x4.5,pi5,34.734,3.668,-3.036,-1.281,0.404,0.067,1.345,-12.82,-6.26,-115.74,0.4847,0.4847,0.4616,0.4666,8308,28.747,732.8,390.3,487.8,22.6,510.4,21.19,24.08,0.94283,8.330,12.62,24.95,14,2
63.797,factory_mission,9x4.5,pi5,34.678,3.678,-3.033,-1.331,0.384,0.066,1.387,-12.60,-5.73,-114.87,0.4832,0.4827,0.4632,0.4687,8310,28.753,733.0,390.3,487.9,22.6,510.5,21.20,24.08,0.94278,8.337,12.62,24.95,14,2
63.849,factory_mission,9x4.5,pi5,34.598,3.691,-3.030,-1.392,0.360,0.065,1.440,-12.27,-4.97,-113.54,0.4796,0.4788,0.4676,0.4721,8310,28.753,733.0,390.2,487.8,22.6,510.4,21.19,24.08,0.94273,8.344,12.62,24.95,14,2
63.897,factory_mission,9x4.5,pi5,34.539,3.701,-3.027,-1.431,0.345,0.062,1.473,-12.07,-4.50,-112.64,0.4779,0.4767,0.4686,0.4743,8309,28.739,732.6,389.9,487.4,22.6,510.0,21.18,24.08,0.94269,8.351,12.63,24.95,14,2
63.949,factory_mission,9x4.5,pi5,34.443,3.716,-3.024,-1.483,0.325,0.058,1.519,-11.79,-3.85,-111.28,0.4748,0.4740,0.4710,0.4769,8305,28.717,732.1,389.5,486.8,22.6,509.4,21.15,24.08,0.94264,8.358,12.64,24.95,14,2
63.997,factory_mission,9x4.5,pi5,34.382,3.725,-3.022,-1.511,0.314,0.054,1.544,-11.62,-3.45,-110.38,0.4743,0.4734,0.4717,0.4763,8302,28.695,731.5,389.0,486.3,22.6,508.9,21.13,24.08,0.94259,8.365,12.65,24.95,14,2
64.049,factory_mission,9x4.5,pi5,34.296,3.738,-3.019,-1.544,0.302,0.050,1.574,-11.39,-2.92,-109.04,0.4724,0.4710,0.4730,0.4785,8299,28.673,731.0,388.6,485.7,22.6,508.3,21.11,24.08,0.94254,8.372,12.67,24.95,14,2
64.097,factory_mission,9x4.5,pi5,34.234,3.748,-3.017,-1.564,0.294,0.047,1.592,-11.25,-2.61,-108.16,0.4722,0.4710,0.4733,0.4776,8296,28.654,730.5,388.2,485.2,22.6,507.8,21.08,24.08,0.94249,8.379,12.68,24.95,14,2
64.149,factory_mission,9x4.5,pi5,34.135,3.763,-3.015,-1.591,0.284,0.043,1.616,-11.08,-2.19,-106.85,0.4713,0.4702,0.4737,0.4783,8294,28.637,730.0,387.8,484.8,22.6,507.4,21.07,24.08,0.94244,8.386,12.69,24.95,14,2
64.197,factory_mission,9x4.5,pi5,34.072,3.773,-3.013,-1.605,0.279,0.040,1.629,-10.99,-1.94,-106.00,0.4725,0.4714,0.4720,0.4769,8291,28.617,729.5,387.4,484.3,22.6,506.9,21.05,24.09,0.94239,8.393,12.70,24.95,14,2
64.249,factory_mission,9x4.5,pi5,33.985,3.787,-3.012,-1.621,0.272,0.036,1.644,-10.88,-1.60,-104.74,0.4718,0.4706,0.4728,0.4766,8288,28.596,729.0,387.0,483.8,22.6,506.4,21.02,24.09,0.94234,8.400,12.71,24.95,14,2
64.297,factory_mission,9x4.5,pi5,33.923,3.797,-3.010,-1.631,0.268,0.034,1.653,-10.82,-1.41,-103.91,0.4732,0.4711,0.4711,0.4755,8285,28.574,728.4,386.6,483.2,22.6,505.8,21.00,24.09,0.94230,8.407,12.73,24.95,14,2
64.349,factory_mission,9x4.5,pi5,33.823,3.813,-3.009,-1.644,0.263,0.030,1.665,-10.76,-1.14,-102.69,0.4730,0.4713,0.4709,0.4750,8282,28.555,727.9,386.2,482.7,22.6,505.3,20.98,24.09,0.94225,8.414,12.74,24.95,14,2
64.397,factory_mission,9x4.5,pi5,33.760,3.823,-3.009,-1.651,0.259,0.028,1.672,-10.74,-0.98,-101.89,0.4748,0.4730,0.4691,0.4728,8280,28.541,727.6,385.9,482.4,22.6,505.0,20.96,24.09,0.94220,8.421,12.74,24.95,14,2
64.449,factory_mission,9x4.5,pi5,33.673,3.837,-3.008,-1.660,0.255,0.026,1.679,-10.72,-0.76,-100.69,0.4747,0.4724,0.4686,0.4734,8278,28.529,727.3,385.6,482.1,22.6,504.7,20.95,24.09,0.94215,8.428,12.75,24.95,14,2
64.497,factory_mission,9x4.5,pi5,33.611,3.847,-3.007,-1.665,0.252,0.024,1.684,-10.71,-0.62,-99.90,0.4764,0.4734,0.4680,0.4713,8278,28.527,727.2,385.6,482.0,22.6,504.6,20.95,24.09,0.94210,8.435,12.75,24.95,14,2
64.549,factory_mission,9x4.5,pi5,33.511,3.864,-3.006,-1.672,0.248,0.022,1.691,-10.72,-0.42,-98.72,0.4763,0.4734,0.4674,0.4720,8278,28.527,727.2,385.6,482.0,22.6,504.6,20.95,24.09,0.94205,8.442,12.75,24.95,14,2
64.597,factory_mission,9x4.5,pi5,33.449,3.874,-3.006,-1.676,0.245,0.021,1.694,-10.73,-0.30,-97.93,0.4770,0.4758,0.4664,0.4696,8277,28.520,727.1,385.5,481.8,22.6,504.4,20.94,24.08,0.94200,8.449,12.75,24.95,14,2
64.649,factory_mission,9x4.5,pi5,33.362,3.888,-3.005,-1.682,0.241,0.019,1.699,-10.76,-0.12,-96.75,0.4772,0.4746,0.4665,0.4704,8276,28.516,727.0,385.4,481.8,22.6,504.4,20.94,24.08,0.94195,8.456,12.76,24.95,14,2
64.697,factory_mission,9x4.5,pi5,33.300,3.899,-3.005,-1.685,0.238,0.018,1.702,-10.78,-0.01,-95.96,0.4779,0.4754,0.4662,0.4692,8276,28.518,727.0,385.4,481.8,22.6,504.4,20.94,24.08,0.94191,8.463,12.75,24.94,14,2
64.749,factory_mission,9x4.5,pi5,33.200,3.915,-3.004,-1.690,0.234,0.017,1.707,-10.82,0.17,-94.78,0.4772,0.4753,0.4669,0.4695,8277,28.523,727.1,385.5,481.9,22.6,504.5,20.95,24.08,0.94186,8.470,12.75,24.94,14,2
64.797,factory_mission,9x4.5,pi5,33.137,3.926,-3.004,-1.694,0.231,0.016,1.709,-10.85,0.28,-93.99,0.4790,0.4761,0.4655,0.4686,8278,28.528,727.3,385.7,482.1,22.6,504.7,20.96,24.08,0.94181,8.477,12.74,24.94,14,2
64.849,factory_mission,9x4.5,pi5,33.050,3.940,-3.004,-1.698,0.228,0.015,1.713,-10.90,0.45,-92.80,0.4778,0.4753,0.4667,0.4692,8278,28.526,727.2,385.6,482.0,22.6,504.6,20.95,24.08,0.94176,8.484,12.74,24.94,14,2
64.897,factory_mission,9x4.5,pi5,32.987,3.951,-3.004,-1.702,0.225,0.014,1.717,-10.93,0.56,-92.01,0.4780,0.4760,0.4654,0.4694,8277,28.523,727.1,385.5,481.9,22.6,504.5,20.95,24.08,0.94171,8.491,12.75,24.94,14,2
64.949,factory_mission,9x4.5,pi5,32.886,3.967,-3.004,-1.707,0.220,0.013,1.721,-10.97,0.73,-90.82,0.4769,0.4756,0.4667,0.4696,8277,28.523,727.1,385.5,481.9,22.6,504.5,20.95,24.08,0.94166,8.498,12.74,24.94,14,2
64.997,factory_mission,9x4.5,pi5,32.823,3.978,-3.004,-1.711,0.217,0.013,1.725,-11.00,0.84,-90.02,0.4786,0.4762,0.4656,0.4687,8278,28.528,727.3,385.7,482.1,22.6,504.7,20.96,24.08,0.94162,8.505,12.74,24.94,14,2
65.049,factory_mission,9x4.5,pi5,32.734,3.993,-3.003,-1.716,0.213,0.013,1.729,-11.04,1.00,-88.82,0.4777,0.4748,0.4666,0.4699,8278,28.528,727.3,385.7,482.1,22.6,504.7,20.96,24.08,0.94157,8.512,12.74,24.94,14,2
65.097,factory_mission,9x4.5,pi5,32.670,4.003,-3.003,-1.720,0.210,0.012,1.732,-11.06,1.11,-88.02,0.4781,0.4754,0.4670,0.4688,8279,28.534,727.4,385.8,482.2,22.6,504.8,20.96,24.08,0.94152,8.519,12.73,24.94,14,2
65.149,factory_mission,9x4.5,pi5,32.568,4.020,-3.003,-1.726,0.205,0.012,1.738,-11.10,1.27,-86.82,0.4772,0.4748,0.4674,0.4700,8279,28.536,727.5,385.8,482.3,22.6,504.9,20.97,24.08,0.94147,8.527,12.73,24.94,14,2
65.197,factory_mission,9x4.5,pi5,32.503,4.030,-3.003,-1.730,0.202,0.011,1.742,-11.12,1.38,-86.01,0.4783,0.4758,0.4663,0.4691,8279,28.540,727.6,385.9,482.4,22.6,505.0,20.97,24.08,0.94142,8.533,12.73,24.94,14,2
65.249,factory_mission,9x4.5,pi5,32.412,4.044,-3.003,-1.736,0.196,0.011,1.747,-11.14,1.54,-84.81,0.4776,0.4745,0.4668,0.4707,8280,28.545,727.7,386.0,482.5,22.6,505.1,20.98,24.08,0.94137,8.541,12.72,24.94,14,2
65.297,factory_mission,9x4.5,pi5,32.347,4.054,-3.003,-1.740,0.192,0.011,1.751,-11.16,1.65,-84.01,0.4779,0.4754,0.4672,0.4695,8281,28.551,727.8,386.1,482.6,22.6,505.2,20.98,24.08,0.94133,8.547,12.72,24.94,14,2
65.349,factory_mission,9x4.5,pi5,32.242,4.069,-3.003,-1.747,0.185,0.010,1.757,-11.18,1.81,-82.80,0.4774,0.4744,0.4681,0.4702,8281,28.552,727.9,386.1,482.6,22.6,505.2,20.98,24.08,0.94127,8.555,12.72,24.94,14,2
65.397,factory_mission,9x4.5,pi5,32.176,4.079,-3.003,-1.751,0.181,0.010,1.760,-11.19,1.91,-82.00,0.4788,0.4753,0.4664,0.4697,8282,28.557,728.0,386.2,482.8,22.6,505.4,20.99,24.08,0.94123,8.561,12.71,24.94,14,2
65.449,factory_mission,9x4.5,pi5,32.083,4.092,-3.003,-1.757,0.174,0.010,1.766,-11.20,2.07,-80.79,0.4776,0.4746,0.4675,0.4708,8283,28.561,728.1,386.3,482.9,22.6,505.5,20.99,24.08,0.94118,8.569,12.71,24.94,14,2
65.497,factory_mission,9x4.5,pi5,32.017,4.100,-3.003,-1.761,0.169,0.010,1.769,-11.21,2.18,-79.99,0.4778,0.4754,0.4673,0.4698,8282,28.560,728.1,386.3,482.9,22.6,505.5,20.99,24.08,0.94113,8.575,12.71,24.94,14,2
65.549,factory_mission,9x4.5,pi5,31.910,4.114,-3.003,-1.768,0.161,0.009,1.775,-11.21,2.34,-78.78,0.4773,0.4744,0.4678,0.4706,8282,28.553,727.9,386.2,482.7,22.6,505.3,20.99,24.08,0.94108,8.583,12.71,24.94,14,2
65.597,factory_mission,9x4.5,pi5,31.843,4.122,-3.004,-1.771,0.155,0.009,1.778,-11.21,2.45,-77.98,0.4789,0.4749,0.4670,0.4690,8281,28.548,727.8,386.1,482.6,22.6,505.2,20.98,24.08,0.94103,8.589,12.71,24.94,14,2
65.649,factory_mission,9x4.5,pi5,31.749,4.133,-3.005,-1.776,0.147,0.009,1.782,-11.22,2.61,-76.77,0.4772,0.4744,0.4676,0.4702,8279,28.535,727.4,385.8,482.2,22.6,504.8,20.97,24.08,0.94098,8.597,12.72,24.94,14,2
65.697,factory_mission,9x4.5,pi5,31.682,4.140,-3.005,-1.780,0.140,0.009,1.785,-11.22,2.72,-75.97,0.4777,0.4749,0.4669,0.4696,8278,28.528,727.3,385.7,482.1,22.6,504.7,20.96,24.08,0.94094,8.603,12.72,24.94,14,2
65.749,factory_mission,9x4.5,pi5,31.573,4.151,-3.007,-1.785,0.130,0.009,1.790,-11.22,2.88,-74.76,0.4754,0.4739,0.4677,0.4683,8264,28.434,724.9,383.7,479.7,22.6,502.3,20.86,24.08,0.94089,8.611,12.79,24.94,14,2
65.797,factory_mission,9x4.5,pi5,31.505,4.158,-3.007,-1.789,0.124,0.010,1.793,-11.21,2.99,-73.96,0.4745,0.4746,0.4662,0.4658,8249,28.329,722.2,381.6,477.0,22.6,499.6,20.75,24.08,0.94084,8.617,12.85,24.94,14,2
65.849,factory_mission,9x4.5,pi5,31.409,4.167,-3.008,-1.793,0.114,0.014,1.797,-11.07,3.12,-72.75,0.4715,0.4737,0.4665,0.4666,8239,28.259,720.4,380.2,475.2,22.6,497.8,20.67,24.08,0.94079,8.625,12.90,24.94,14,2
65.897,factory_mission,9x4.5,pi5,31.339,4.173,-3.009,-1.795,0.108,0.017,1.798,-10.88,3.18,-71.94,0.4717,0.4736,0.4654,0.4667,8236,28.236,719.8,379.7,474.7,22.6,497.3,20.65,24.08,0.94074,8.631,12.92,24.94,14,2
65.949,factory_mission,9x4.5,pi5,31.228,4.182,-3.008,-1.795,0.098,0.023,1.798,-10.46,3.21,-70.72,0.4717,0.4715,0.4664,0.4676,8235,28.232,719.7,379.6,474.5,22.6,497.1,20.64,24.08,0.94070,8.638,12.92,24.94,14,2
65.997,factory_mission,9x4.5,pi5,31.159,4.188,-3.008,-1.792,0.091,0.026,1.795,-10.10,3.20,-69.90,0.4730,0.4721,0.4651,0.4673,8236,28.239,719.9,379.8,474.7,22.6,497.3,20.65,24.08,0.94065,8.645,12.91,24.94,14,2
66.049,factory_mission,9x4.5,pi5,31.062,4.194,-3.007,-1.785,0.082,0.029,1.787,-9.49,3.15,-68.68,0.4724,0.4707,0.4661,0.4685,8237,28.244,720.0,379.9,474.8,22.6,497.4,20.66,24.08,0.94060,8.652,12.91,24.94,14,2
66.097,factory_mission,9x4.5,pi5,30.993,4.199,-3.007,-1.777,0.075,0.030,1.778,-9.05,3.09,-67.87,0.4733,0.4708,0.4660,0.4676,8237,28.244,720.0,379.9,474.8,22.6,497.4,20.66,24.08,0.94055,8.659,12.91,24.94,14,2
66.149,factory_mission,9x4.5,pi5,30.883,4.206,-3.006,-1.757,0.065,0.032,1.759,-8.36,2.97,-66.65,0.4733,0.4695,0.4660,0.4688,8236,28.242,720.0,379.8,474.8,22.6,497.4,20.66,24.08,0.94050,8.666,12.91,24.94,14,2
66.197,factory_mission,9x4.5,pi5,30.815,4.210,-3.005,-1.742,0.059,0.032,1.743,-7.89,2.87,-65.85,0.4749,0.4703,0.4650,0.4672,8236,28.241,719.9,379.8,474.8,22.6,497.4,20.66,24.08,0.94046,8.673,12.91,24.94,14,2
66.249,factory_mission,9x4.5,pi5,30.721,4.215,-3.004,-1.716,0.051,0.032,1.717,-7.21,2.70,-64.64,0.4731,0.4707,0.4656,0.4680,8236,28.238,719.9,379.8,474.7,22.6,497.3,20.65,24.08,0.94041,8.680,12.91,24.94,14,2
66.297,factory_mission,9x4.5,pi5,30.655,4.219,-3.003,-1.694,0.045,0.032,1.695,-6.76,2.59,-63.85,0.4750,0.4705,0.4645,0.4675,8236,28.238,719.9,379.8,474.7,22.6,497.3,20.65,24.08,0.94036,8.686,12.91,24.94,14,2
66.349,factory_mission,9x4.5,pi5,30.553,4.224,-3.001,-1.654,0.036,0.031,1.655,-6.12,2.40,-62.66,0.4745,0.4703,0.4651,0.4675,8235,28.236,719.8,379.7,474.7,22.6,497.3,20.65,24.08,0.94031,8.694,12.91,24.94,14,2
66.397,factory_mission,9x4.5,pi5,30.490,4.226,-3.000,-1.626,0.030,0.030,1.627,-5.71,2.27,-61.86,0.4761,0.4713,0.4634,0.4663,8235,28.232,719.7,379.7,474.6,22.6,497.2,20.65,24.08,0.94027,8.700,12.91,24.94,14,2
66.449,factory_mission,9x4.5,pi5,30.404,4.230,-2.999,-1.584,0.023,0.028,1.585,-5.15,2.08,-60.68,0.4748,0.4711,0.4637,0.4672,8233,28.221,719.4,379.4,474.3,22.6,496.9,20.64,24.08,0.94022,8.707,12.91,24.94,14,2
66.497,factory_mission,9x4.5,pi5,30.345,4.233,-2.998,-1.553,0.019,0.027,1.553,-4.79,1.96,-59.89,0.4755,0.4718,0.4634,0.4657,8232,28.214,719.3,379.3,474.1,22.6,496.7,20.63,24.08,0.94017,8.714,12.92,24.94,14,2
66.549,factory_mission,9x4.5,pi5,30.252,4.236,-2.997,-1.499,0.011,0.025,1.500,-4.31,1.78,-58.71,0.4756,0.4708,0.4635,0.4663,8231,28.207,719.1,379.2,474.0,22.6,496.6,20.62,24.08,0.94012,8.721,12.92,24.94,14,2
66.597,factory_mission,9x4.5,pi5,30.196,4.238,-2.996,-1.465,0.007,0.023,1.465,-4.01,1.66,-57.93,0.4765,0.4720,0.4630,0.4642,8230,28.197,718.8,379.0,473.7,22.6,496.3,20.61,24.08,0.94008,8.728,12.93,24.94,14,2
66.649,factory_mission,9x4.5,pi5,30.120,4.240,-2.995,-1.415,0.001,0.021,1.415,-3.60,1.49,-56.74,0.4750,0.4716,0.4635,0.4653,8228,28.188,718.6,378.8,473.5,22.6,496.1,20.60,24.08,0.94003,8.735,12.93,24.94,14,2
66.697,factory_mission,9x4.5,pi5,30.068,4.241,-2.994,-1.378,-0.003,0.020,1.379,-3.36,1.38,-55.96,0.4758,0.4719,0.4629,0.4646,8227,28.181,718.4,378.6,473.3,22.6,495.9,20.60,24.08,0.93998,8.742,12.93,24.93,14,2
66.749,factory_mission,9x4.5,pi5,29.987,4.243,-2.993,-1.320,-0.010,0.018,1.320,-3.02,1.23,-54.77,0.4753,0.4709,0.4640,0.4647,8226,28.174,718.2,378.5,473.1,22.6,495.7,20.59,24.08,0.93993,8.749,12.94,24.93,14,2
66.797,factory_mission,9x4.5,pi5,29.938,4.244,-2.993,-1.283,-0.013,0.017,1.283,-2.82,1.13,-53.98,0.4756,0.4726,0.4624,0.4641,8226,28.170,718.1,378.4,473.0,22.6,495.6,20.59,24.08,0.93989,8.755,12.94,24.93,14,2
66.849,factory_mission,9x4.5,pi5,29.872,4.244,-2.992,-1.231,-0.019,0.016,1.231,-2.54,1.00,-52.79,0.4747,0.4714,0.4636,0.4648,8225,28.167,718.1,378.4,472.9,22.6,495.5,20.58,24.08,0.93984,8.763,12.94,24.93,14,2
66.897,factory_mission,9x4.5,pi5,29.827,4.244,-2.992,-1.194,-0.023,0.015,1.194,-2.38,0.92,-52.00,0.4748,0.4721,0.4628,0.4645,8224,28.161,717.9,378.2,472.8,22.6,495.4,20.58,24.08,0.93979,8.769,12.94,24.93,14,2
66.949,factory_mission,9x4.5,pi5,29.758,4.244,-2.991,-1.136,-0.028,0.013,1.136,-2.15,0.81,-50.81,0.4726,0.4691,0.4656,0.4668,8224,28.155,717.8,378.1,472.6,22.6,495.2,20.57,24.08,0.93974,8.776,12.95,24.93,14,2
66.997,factory_mission,9x4.5,pi5,29.716,4.243,-2.991,-1.100,-0.032,0.012,1.100,-2.01,0.74,-50.02,0.4671,0.4640,0.4711,0.4717,8223,28.151,717.6,378.0,472.5,22.6,495.1,20.56,24.08,0.93969,8.783,12.95,24.93,14,2
67.049,factory_mission,9x4.5,pi5,29.660,4.242,-2.990,-1.050,-0.036,0.012,1.051,-1.82,0.65,-48.86,0.3094,0.4356,0.3643,0.5320,7380,23.282,593.5,295.5,369.4,22.6,392.0,16.19,24.21,0.93966,8.789,16.44,24.93,14,2
67.097,factory_mission,9x4.5,pi5,29.622,4.241,-2.989,-1.014,-0.039,0.054,1.016,-1.87,-0.11,-48.13,0.2552,0.2610,0.5810,0.5810,7514,25.785,657.3,372.3,465.4,22.6,488.0,20.26,24.09,0.93961,8.795,13.14,24.93,14,2
67.149,factory_mission,9x4.5,pi5,29.564,4.239,-2.984,-0.947,-0.063,0.090,0.954,-2.65,-4.07,-47.49,0.1757,0.1470,0.6912,0.6699,7534,29.539,753.0,508.7,635.9,22.6,658.5,27.59,23.86,0.93954,8.805,9.65,24.93,14,2
67.197,factory_mission,9x4.5,pi5,29.530,4.237,-2.981,-0.894,-0.103,0.070,0.903,-3.33,-7.13,-47.66,0.1494,0.0990,0.7029,0.6946,7397,30.024,765.4,537.1,671.4,22.6,694.0,29.14,23.82,0.93948,8.814,9.14,24.93,14,2
67.249,factory_mission,9x4.5,pi5,29.487,4.230,-2.977,-0.806,-0.188,0.035,0.829,-4.05,-11.19,-49.08,0.1597,0.1016,0.6720,0.6644,7222,28.071,715.6,480.3,600.3,22.6,622.9,26.05,23.91,0.93942,8.823,10.22,24.93,14,2
67.297,factory_mission,9x4.5,pi5,29.459,4.222,-2.976,-0.738,-0.261,0.032,0.783,-4.21,-13.31,-50.82,0.1948,0.1504,0.6307,0.6066,7167,25.762,656.7,403.7,504.7,22.6,527.3,21.94,24.03,0.93937,8.830,12.13,24.93,14,2
67.349,factory_mission,9x4.5,pi5,29.421,4.201,-2.973,-0.630,-0.384,0.078,0.741,-4.05,-15.59,-54.46,0.2533,0.2289,0.5636,0.5532,7227,23.950,610.6,334.7,418.4,22.6,441.0,18.26,24.14,0.93932,8.836,14.57,24.93,14,2
67.397,factory_mission,9x4.5,pi5,29.401,4.183,-2.969,-0.566,-0.459,0.131,0.740,-3.70,-16.56,-57.43,0.3216,0.3110,0.5083,0.4992,7376,23.417,597.0,300.6,375.7,22.6,398.3,16.46,24.20,0.93929,8.842,16.17,24.93,14,2
67.449,factory_mission,9x4.5,pi5,29.377,4.153,-2.959,-0.482,-0.565,0.217,0.774,-2.90,-17.40,-62.37,0.4016,0.3966,0.4552,0.4483,7599,24.099,614.4,300.5,375.7,22.6,398.3,16.46,24.20,0.93925,8.847,16.17,24.93,14,2
67.497,factory_mission,9x4.5,pi5,29.363,4.127,-2.949,-0.426,-0.640,0.274,0.817,-2.25,-17.65,-65.79,0.4688,0.4657,0.4109,0.4057,7778,25.262,644.0,322.8,403.5,22.6,426.1,17.64,24.16,0.93921,8.853,15.09,24.93,14,2
67.549,factory_mission,9x4.5,pi5,29.346,4.078,-2.928,-0.343,-0.764,0.338,0.903,-1.20,-17.68,-70.81,0.5266,0.5255,0.3696,0.3673,7915,26.626,678.8,358.2,447.7,22.6,470.3,19.51,24.10,0.93916,8.860,13.64,24.93,14,2
67.597,factory_mission,9x4.5,pi5,29.337,4.043,-2.913,-0.295,-0.843,0.360,0.962,-0.52,-17.51,-73.91,0.5666,0.5663,0.3402,0.3400,8003,27.781,708.2,392.3,490.4,22.6,513.0,21.33,24.05,0.93911,8.867,12.47,24.93,14,2
67.649,factory_mission,9x4.5,pi5,29.328,3.987,-2.891,-0.232,-0.952,0.368,1.047,0.35,-17.05,-78.01,0.5937,0.5926,0.3196,0.3197,8048,28.602,729.1,418.9,523.6,22.6,546.2,22.75,24.01,0.93906,8.874,11.69,24.93,14,2
67.697,factory_mission,9x4.5,pi5,29.324,3.943,-2.875,-0.192,-1.027,0.363,1.106,0.81,-16.64,-80.30,0.6051,0.6040,0.3091,0.3101,8058,28.930,737.5,430.7,538.3,22.6,560.9,23.39,23.99,0.93901,8.882,11.38,24.93,14,2
67.749,factory_mission,9x4.5,pi5,29.319,3.867,-2.851,-0.133,-1.139,0.347,1.198,1.27,-15.92,-82.99,0.6048,0.6049,0.3072,0.3108,8056,28.932,737.6,430.9,538.7,22.6,561.3,23.40,23.99,0.93895,8.890,11.37,24.93,14,2
67.797,factory_mission,9x4.5,pi5,29.318,3.815,-2.837,-0.101,-1.202,0.336,1.252,1.45,-15.42,-84.29,0.5954,0.5994,0.3142,0.3183,8054,28.733,732.5,423.3,529.2,22.6,551.8,22.99,24.00,0.93890,8.897,11.57,24.93,14,2
67.849,factory_mission,9x4.5,pi5,29.317,3.738,-2.819,-0.060,-1.280,0.322,1.321,1.52,-14.68,-85.55,0.5816,0.5836,0.3292,0.3331,8055,28.394,723.8,409.8,512.3,22.6,534.9,22.27,24.02,0.93885,8.905,11.94,24.93,14,2
67.897,factory_mission,9x4.5,pi5,29.318,3.681,-2.806,-0.035,-1.329,0.314,1.366,1.46,-14.22,-85.97,0.5643,0.5671,0.3474,0.3513,8064,28.098,716.3,396.9,496.2,22.6,518.8,21.58,24.04,0.93880,8.912,12.32,24.93,14,2
67.949,factory_mission,9x4.5,pi5,29.320,3.586,-2.787,0.001,-1.395,0.305,1.428,1.27,-13.59,-86.07,0.5432,0.5474,0.3707,0.3740,8083,27.855,710.1,384.9,481.1,22.6,503.7,20.94,24.06,0.93875,8.919,12.70,24.93,14,2
67.997,factory_mission,9x4.5,pi5,29.323,3.525,-2.776,0.020,-1.431,0.302,1.462,1.10,-13.22,-85.84,0.5240,0.5296,0.3928,0.3961,8109,27.758,707.6,377.7,472.1,22.6,494.7,20.55,24.07,0.93870,8.926,12.94,24.93,14,2
68.049,factory_mission,9x4.5,pi5,29.327,3.438,-2.760,0.045,-1.473,0.299,1.504,0.79,-12.73,-85.19,0.5057,0.5096,0.4168,0.4198,8143,27.781,708.2,374.1,467.6,22.6,490.2,20.36,24.07,0.93865,8.933,13.06,24.93,14,2
68.097,factory_mission,9x4.5,pi5,29.330,3.375,-2.749,0.060,-1.500,0.297,1.530,0.58,-12.45,-84.60,0.4893,0.4945,0.4367,0.4397,8173,27.872,710.5,373.6,467.1,22.6,489.7,20.34,24.07,0.93861,8.940,13.07,24.93,14,2
68.149,factory_mission,9x4.5,pi5,29.335,3.273,-2.731,0.081,-1.535,0.292,1.565,0.26,-12.08,-83.58,0.4748,0.4790,0.4552,0.4585,8200,28.000,713.8,375.1,468.9,22.6,491.5,20.42,24.07,0.93856,8.947,13.02,24.93,14,2
68.197,factory_mission,9x4.5,pi5,29.338,3.209,-2.720,0.093,-1.554,0.287,1.583,0.06,-11.87,-82.87,0.4638,0.4685,0.4689,0.4724,8222,28.143,717.4,377.8,472.3,22.6,494.9,20.56,24.07,0.93851,8.953,12.93,24.93,14,2
68.249,factory_mission,9x4.5,pi5,29.342,3.118,-2.705,0.107,-1.578,0.278,1.605,-0.20,-11.60,-81.81,0.4546,0.4594,0.4809,0.4839,8241,28.287,721.1,381.0,476.3,22.6,498.9,20.73,24.06,0.93846,8.960,12.82,24.93,14,2
68.297,factory_mission,9x4.5,pi5,29.345,3.053,-2.695,0.116,-1.592,0.270,1.619,-0.34,-11.45,-81.14,0.4496,0.4534,0.4883,0.4906,8252,28.381,723.5,383.3,479.1,22.6,501.7,20.85,24.06,0.93842,8.967,12.75,24.93,14,2
68.349,factory_mission,9x4.5,pi5,29.349,2.949,-2.680,0.128,-1.612,0.256,1.637,-0.51,-11.26,-80.24,0.4461,0.4500,0.4930,0.4950,8260,28.450,725.3,385.0,481.2,22.6,503.8,20.94,24.05,0.93837,8.974,12.69,24.93,14,2
68.397,factory_mission,9x4.5,pi5,29.352,2.883,-2.671,0.135,-1.623,0.247,1.647,-0.60,-11.15,-79.71,0.4455,0.4493,0.4936,0.4969,8264,28.482,726.1,385.7,482.1,22.6,504.7,20.98,24.05,0.93832,8.981,12.67,24.93,14,2
68.449,factory_mission,9x4.5,pi5,29.355,2.792,-2.659,0.144,-1.636,0.234,1.659,-0.68,-11.03,-79.05,0.4463,0.4502,0.4934,0.4962,8267,28.497,726.5,386.0,482.4,22.6,505.0,21.00,24.05,0.93827,8.988,12.66,24.93,14,2
68.497,factory_mission,9x4.5,pi5,29.357,2.726,-2.651,0.151,-1.644,0.225,1.666,-0.70,-10.97,-78.68,0.4487,0.4528,0.4911,0.4937,8268,28.497,726.5,385.7,482.2,22.6,504.8,20.99,24.05,0.93822,8.995,12.66,24.93,14,2
68.549,factory_mission,9x4.5,pi5,29.361,2.621,-2.639,0.160,-1.655,0.211,1.676,-0.69,-10.90,-78.24,0.4527,0.4558,0.4874,0.4904,8268,28.484,726.1,385.3,481.6,22.6,504.2,20.96,24.05,0.93817,9.002,12.68,24.93,14,2
68.597,factory_mission,9x4.5,pi5,29.363,2.555,-2.633,0.167,-1.661,0.202,1.682,-0.67,-10.87,-78.01,0.4562,0.4603,0.4829,0.4857,8264,28.445,725.1,384.2,480.3,22.6,502.9,20.91,24.05,0.93813,9.009,12.71,24.93,14,2
68.649,factory_mission,9x4.5,pi5,29.367,2.464,-2.624,0.176,-1.668,0.191,1.688,-0.61,-10.83,-77.74,0.4610,0.4613,0.4792,0.4782,8244,28.299,721.4,381.1,476.4,22.6,499.0,20.74,24.06,0.93808,9.016,12.81,24.93,14,2
68.697,factory_mission,9x4.5,pi5,29.370,2.399,-2.618,0.182,-1.672,0.184,1.692,-0.56,-10.78,-77.59,0.4654,0.4641,0.4743,0.4728,8233,28.217,719.3,379.4,474.2,22.6,496.8,20.65,24.06,0.93803,9.023,12.87,24.92,14,2
68.749,factory_mission,9x4.5,pi5,29.374,2.295,-2.610,0.192,-1.675,0.176,1.695,-0.47,-10.58,-77.39,0.4683,0.4681,0.4691,0.4692,8226,28.167,718.1,378.3,472.9,22.6,495.5,20.59,24.06,0.93798,9.030,12.90,24.92,14,2
68.797,factory_mission,9x4.5,pi5,29.377,2.230,-2.605,0.198,-1.675,0.172,1.696,-0.41,-10.36,-77.27,0.4709,0.4725,0.4640,0.4660,8221,28.138,717.3,377.8,472.2,22.6,494.8,20.56,24.06,0.93793,9.037,12.92,24.92,14,2
68.849,factory_mission,9x4.5,pi5,29.381,2.140,-2.598,0.207,-1.672,0.166,1.693,-0.31,-9.91,-77.08,0.4738,0.4745,0.4623,0.4623,8219,28.127,717.0,377.6,472.0,22.6,494.6,20.55,24.06,0.93789,9.044,12.92,24.92,14,2
68.897,factory_mission,9x4.5,pi5,29.385,2.075,-2.593,0.213,-1.667,0.163,1.688,-0.26,-9.56,-76.95,0.4762,0.4769,0.4591,0.4605,8219,28.126,717.0,377.6,472.0,22.6,494.6,20.56,24.06,0.93784,9.050,12.92,24.92,14,2
68.949,factory_mission,9x4.5,pi5,29.391,1.974,-2.586,0.222,-1.654,0.156,1.676,-0.18,-8.98,-76.71,0.4768,0.4791,0.4572,0.4597,8219,28.128,717.1,377.7,472.1,22.6,494.7,20.56,24.06,0.93779,9.058,12.92,24.92,14,2
68.997,factory_mission,9x4.5,pi5,29.395,1.911,-2.581,0.228,-1.642,0.152,1.665,-0.13,-8.57,-76.52,0.4781,0.4811,0.4558,0.4582,8220,28.142,717.4,378.0,472.6,22.6,495.2,20.58,24.06,0.93774,9.064,12.91,24.92,14,2
69.045,factory_mission,9x4.5,pi5,29.401,1.823,-2.574,0.235,-1.622,0.146,1.645,-0.07,-7.95,-76.19,0.4782,0.4811,0.4557,0.4584,8221,28.146,717.5,378.1,472.7,22.6,495.3,20.58,24.06,0.93770,9.071,12.90,24.92,14,2
69.097,factory_mission,9x4.5,pi5,29.406,1.762,-2.570,0.239,-1.605,0.142,1.629,-0.03,-7.53,-75.94,0.4787,0.4817,0.4552,0.4581,8222,28.156,717.8,378.3,472.9,22.6,495.5,20.60,24.06,0.93765,9.078,12.89,24.92,14,2
69.149,factory_mission,9x4.5,pi5,29.414,1.666,-2.563,0.245,-1.573,0.135,1.598,0.02,-6.92,-75.52,0.4783,0.4811,0.4556,0.4588,8222,28.157,717.8,378.3,472.9,22.6,495.5,20.60,24.06,0.93760,9.085,12.89,24.92,14,2
69.197,factory_mission,9x4.5,pi5,29.419,1.607,-2.558,0.249,-1.550,0.130,1.575,0.04,-6.53,-75.21,0.4784,0.4814,0.4549,0.4591,8223,28.159,717.8,378.4,473.0,22.6,495.6,20.60,24.06,0.93755,9.092,12.89,24.92,14,2
69.249,factory_mission,9x4.5,pi5,29.427,1.526,-2.552,0.253,-1.515,0.123,1.541,0.08,-5.97,-74.70,0.4768,0.4806,0.4565,0.4596,8222,28.149,717.6,378.2,472.7,22.6,495.3,20.59,24.06,0.93750,9.099,12.90,24.92,14,2
69.297,factory_mission,9x4.5,pi5,29.432,1.470,-2.549,0.255,-1.488,0.118,1.514,0.10,-5.61,-74.33,0.4764,0.4805,0.4565,0.4600,8221,28.145,717.5,378.0,472.6,22.6,495.2,20.58,24.06,0.93746,9.106,12.90,24.92,14,2
69.349,factory_mission,9x4.5,pi5,29.441,1.384,-2.543,0.258,-1.441,0.110,1.468,0.12,-5.11,-73.73,0.4759,0.4788,0.4577,0.4607,8220,28.135,717.3,377.8,472.3,22.6,494.9,20.57,24.06,0.93741,9.113,12.90,24.92,14,2
69.397,factory_mission,9x4.5,pi5,29.448,1.332,-2.539,0.260,-1.410,0.105,1.437,0.13,-4.81,-73.31,0.4758,0.4790,0.4575,0.4604,8219,28.129,717.1,377.7,472.1,22.6,494.7,20.56,24.06,0.93736,9.119,12.91,24.92,14,2
69.449,factory_mission,9x4.5,pi5,29.456,1.262,-2.535,0.262,-1.365,0.099,1.393,0.14,-4.39,-72.64,0.4745,0.4776,0.4585,0.4617,8217,28.114,716.7,377.4,471.7,22.6,494.3,20.55,24.06,0.93731,9.126,12.92,24.92,14,2
69.497,factory_mission,9x4.5,pi5,29.462,1.213,-2.532,0.262,-1.332,0.095,1.361,0.15,-4.13,-72.17,0.4748,0.4771,0.4584,0.4619,8217,28.112,716.7,377.3,471.6,22.6,494.2,20.54,24.06,0.93727,9.133,12.92,24.92,14,2
69.549,factory_mission,9x4.5,pi5,29.472,1.138,-2.527,0.263,-1.278,0.088,1.308,0.15,-3.78,-71.45,0.4737,0.4763,0.4597,0.4622,8216,28.104,716.4,377.1,471.4,22.6,494.0,20.54,24.06,0.93722,9.140,12.92,24.92,14,2
69.597,factory_mission,9x4.5,pi5,29.478,1.094,-2.525,0.263,-1.244,0.084,1.274,0.15,-3.58,-70.95,0.4736,0.4773,0.4583,0.4622,8214,28.094,716.2,377.0,471.2,22.6,493.8,20.53,24.06,0.93717,9.147,12.93,24.92,14,2
69.649,factory_mission,9x4.5,pi5,29.486,1.033,-2.521,0.262,-1.196,0.079,1.227,0.15,-3.30,-70.19,0.4727,0.4764,0.4597,0.4624,8214,28.089,716.1,376.8,471.0,22.6,493.6,20.52,24.06,0.93712,9.154,12.93,24.92,14,2
69.697,factory_mission,9x4.5,pi5,29.492,0.992,-2.519,0.260,-1.162,0.075,1.193,0.14,-3.13,-69.66,0.4740,0.4758,0.4593,0.4618,8212,28.082,715.9,376.7,470.9,22.6,493.5,20.51,24.06,0.93708,9.160,12.94,24.92,14,2
69.749,factory_mission,9x4.5,pi5,29.500,0.928,-2.516,0.258,-1.108,0.070,1.140,0.14,-2.91,-68.85,0.4736,0.4754,0.4598,0.4621,8212,28.077,715.8,376.6,470.7,22.6,493.3,20.51,24.06,0.93703,9.168,12.94,24.92,14,2
69.797,factory_mission,9x4.5,pi5,29.505,0.890,-2.513,0.256,-1.075,0.067,1.107,0.14,-2.78,-68.29,0.4745,0.4771,0.4583,0.4610,8212,28.083,715.9,376.7,470.9,22.6,493.5,20.52,24.06,0.93698,9.174,12.93,24.92,14,2
69.849,factory_mission,9x4.5,pi5,29.513,0.839,-2.510,0.253,-1.030,0.063,1.062,0.13,-2.60,-67.44,0.4747,0.4763,0.4590,0.4613,8214,28.092,716.1,376.9,471.1,22.6,493.7,20.53,24.05,0.93693,9.181,12.93,24.92,14,2
69.897,factory_mission,9x4.5,pi5,29.518,0.803,-2.508,0.251,-0.998,0.060,1.031,0.13,-2.50,-66.85,0.4761,0.4772,0.4581,0.4602,8214,28.098,716.3,377.1,471.3,22.6,493.9,20.53,24.05,0.93689,9.188,12.92,24.92,14,2
69.949,factory_mission,9x4.5,pi5,29.526,0.749,-2.505,0.247,-0.949,0.056,0.982,0.13,-2.36,-65.95,0.4760,0.4775,0.4583,0.4598,8215,28.102,716.4,377.1,471.4,22.6,494.0,20.54,24.05,0.93684,9.195,12.92,24.92,14,2
69.997,factory_mission,9x4.5,pi5,29.531,0.716,-2.503,0.245,-0.919,0.053,0.952,0.13,-2.28,-65.33,0.4779,0.4794,0.4563,0.4583,8216,28.109,716.6,377.3,471.7,22.6,494.3,20.55,24.05,0.93679,9.202,12.91,24.92,14,2
70.049,factory_mission,9x4.5,pi5,29.537,0.672,-2.501,0.241,-0.878,0.049,0.912,0.13,-2.17,-64.37,0.4776,0.4793,0.4566,0.4583,8216,28.109,716.6,377.3,471.7,22.6,494.3,20.55,24.05,0.93674,9.209,12.91,24.92,14,2
70.097,factory_mission,9x4.5,pi5,29.542,0.642,-2.499,0.239,-0.849,0.047,0.883,0.13,-2.10,-63.71,0.4795,0.4803,0.4549,0.4572,8216,28.113,716.7,377.5,471.8,22.6,494.4,20.56,24.05,0.93670,9.215,12.90,24.92,14,2
70.149,factory_mission,9x4.5,pi5,29.549,0.596,-2.497,0.234,-0.805,0.043,0.840,0.13,-2.01,-62.67,0.4797,0.4805,0.4553,0.4566,8216,28.117,716.8,377.6,472.0,22.6,494.6,20.56,24.05,0.93665,9.222,12.90,24.92,14,2
70.197,factory_mission,9x4.5,pi5,29.554,0.568,-2.495,0.232,-0.778,0.041,0.813,0.13,-1.96,-61.96,0.4814,0.4832,0.4531,0.4543,8216,28.123,716.9,377.8,472.2,22.6,494.8,20.57,24.05,0.93660,9.229,12.89,24.92,14,2
70.249,factory_mission,9x4.5,pi5,29.560,0.531,-2.493,0.228,-0.742,0.037,0.777,0.13,-1.88,-60.84,0.4815,0.4822,0.4532,0.4549,8216,28.115,716.7,377.6,472.0,22.6,494.6,20.57,24.05,0.93655,9.236,12.89,24.92,14,2
70.297,factory_mission,9x4.5,pi5,29.564,0.505,-2.492,0.225,-0.717,0.035,0.753,0.13,-1.84,-60.06,0.4829,0.4836,0.4515,0.4538,8215,28.118,716.8,377.8,472.2,22.6,494.8,20.57,24.05,0.93651,9.243,12.89,24.92,14,2
70.349,factory_mission,9x4.5,pi5,29.570,0.466,-2.490,0.221,-0.679,0.032,0.715,0.13,-1.77,-58.84,0.4826,0.4837,0.4522,0.4534,8216,28.120,716.9,377.8,472.2,22.6,494.8,20.58,24.05,0.93646,9.250,12.89,24.92,14,2
70.397,factory_mission,9x4.5,pi5,29.574,0.443,-2.489,0.219,-0.656,0.030,0.692,0.13,-1.74,-57.99,0.4846,0.4859,0.4497,0.4517,8216,28.126,717.0,378.0,472.5,22.6,495.1,20.59,24.05,0.93641,9.257,12.88,24.92,14,2
70.449,factory_mission,9x4.5,pi5,29.580,0.411,-2.487,0.215,-0.624,0.023,0.661,0.12,-1.69,-56.67,0.5338,0.3963,0.4890,0.6726,9012,34.679,884.1,536.5,670.7,22.6,693.3,29.14,23.79,0.93634,9.267,9.10,24.92,14,2
70.497,factory_mission,9x4.5,pi5,29.583,0.390,-2.488,0.213,-0.606,-0.059,0.645,-1.01,-2.01,-55.87,0.1989,0.0954,0.8555,0.8369,8632,41.824,1066.2,891.3,1114.1,22.6,1136.7,49.01,23.20,0.93623,9.282,5.41,24.92,14,2
70.549,factory_mission,9x4.5,pi5,29.589,0.355,-2.501,0.179,-0.610,-0.354,0.727,-5.51,-1.72,-55.98,0.0465,0.0000,0.9021,0.8138,7461,40.581,1034.5,914.0,1142.4,22.6,1165.0,50.32,23.15,0.93611,9.299,5.27,24.92,14,2
70.597,factory_mission,9x4.5,pi5,29.591,0.333,-2.520,0.119,-0.632,-0.537,0.838,-8.78,-0.88,-57.43,0.0000,0.0166,0.7786,0.7471,6663,32.775,835.5,663.7,829.7,22.6,852.3,36.14,23.58,0.93603,9.310,7.33,24.92,14,2
70.649,factory_mission,9x4.5,pi5,29.588,0.299,-2.557,0.005,-0.659,-0.639,0.918,-13.41,0.60,-61.40,0.0000,0.0786,0.6501,0.6858,6200,26.414,673.4,470.3,587.8,22.6,610.4,25.55,23.90,0.93597,9.319,10.37,24.92,14,2
70.697,factory_mission,9x4.5,pi5,29.581,0.273,-2.586,-0.087,-0.669,-0.618,0.915,-15.98,1.57,-65.01,0.0000,0.1080,0.6575,0.6290,6127,25.026,638.0,428.0,535.0,22.6,557.6,23.27,23.96,0.93592,9.326,11.39,24.91,14,2
70.749,factory_mission,9x4.5,pi5,29.560,0.230,-2.629,-0.249,-0.668,-0.515,0.880,-19.11,2.29,-71.44,0.0000,0.1100,0.6527,0.6471,6183,25.470,649.3,439.2,549.0,22.6,571.6,23.87,23.95,0.93586,9.334,11.10,24.91,14,2
70.797,factory_mission,9x4.5,pi5,29.541,0.204,-2.652,-0.361,-0.660,-0.444,0.873,-20.62,2.19,-76.29,0.0000,0.1025,0.6607,0.6678,6260,26.353,671.8,464.2,580.3,22.6,602.9,25.22,23.90,0.93580,9.342,10.50,24.91,14,2
70.849,factory_mission,9x4.5,pi5,29.504,0.167,-2.678,-0.529,-0.637,-0.357,0.902,-21.96,1.09,-84.38,0.0157,0.1017,0.6636,0.6686,6686,26.757,682.1,468.3,585.4,22.6,608.0,25.44,23.90,0.93574,9.351,10.41,24.91,14,2
70.897,factory_mission,9x4.5,pi5,29.471,0.142,-2.693,-0.652,-0.613,-0.303,0.945,-22.22,-0.22,-90.29,0.0893,0.1477,0.6199,0.6134,6760,24.490,624.3,390.3,487.9,22.6,510.5,21.25,24.02,0.93570,9.358,12.46,24.91,14,2
70.949,factory_mission,9x4.5,pi5,29.407,0.104,-2.710,-0.827,-0.566,-0.188,1.019,-21.64,-2.92,-99.79,0.1741,0.1928,0.5731,0.5760,6926,23.319,594.5,339.4,424.3,22.6,446.9,18.54,24.10,0.93565,9.364,14.29,24.91,14,2
70.997,factory_mission,9x4.5,pi5,29.362,0.082,-2.716,-0.920,-0.534,-0.104,1.069,-20.63,-5.02,-106.51,0.2466,0.2462,0.5413,0.5439,7151,23.207,591.6,315.8,394.7,22.6,417.3,17.29,24.14,0.93561,9.370,15.32,24.91,14,2
71.049,factory_mission,9x4.5,pi5,29.291,0.054,-2.718,-1.037,-0.489,0.012,1.147,-18.41,-8.21,-117.12,0.3455,0.3381,0.4849,0.4870,7431,23.444,597.7,295.5,369.4,22.6,392.0,16.22,24.17,0.93557,9.376,16.33,24.91,14,2
71.097,factory_mission,9x4.5,pi5,29.236,0.035,-2.715,-1.113,-0.458,0.087,1.207,-16.59,-10.16,-124.46,0.4415,0.4343,0.4196,0.4231,7660,24.432,622.8,305.8,382.2,22.6,404.8,16.76,24.16,0.93554,9.381,15.80,24.91,14,2
71.149,factory_mission,9x4.5,pi5,29.144,0.009,-2.703,-1.227,-0.411,0.176,1.306,-13.55,-12.58,-135.58,0.5391,0.5331,0.3461,0.3505,7842,26.372,672.3,357.4,446.8,22.6,469.4,19.50,24.07,0.93549,9.388,13.58,24.91,14,2
71.197,factory_mission,9x4.5,pi5,29.082,-0.006,-2.693,-1.297,-0.384,0.205,1.368,-11.42,-13.75,-142.83,0.6135,0.6092,0.2845,0.2899,7945,28.575,728.5,430.3,537.9,22.6,560.5,23.40,23.96,0.93544,9.395,11.32,24.91,14,2
71.249,factory_mission,9x4.5,pi5,28.992,-0.025,-2.678,-1.395,-0.348,0.205,1.452,-8.32,-14.83,-153.05,0.6706,0.6681,0.2266,0.2326,7947,30.523,778.1,505.8,632.3,22.6,654.9,27.48,23.83,0.93537,9.405,9.63,24.91,14,2
71.297,factory_mission,9x4.5,pi5,28.925,-0.037,-2.667,-1.464,-0.324,0.180,1.510,-6.42,-15.12,-159.21,0.6996,0.6987,0.1855,0.1921,7868,31.467,802.2,550.6,688.2,22.6,710.8,29.92,23.76,0.93531,9.414,8.85,24.91,14,2
71.349,factory_mission,9x4.5,pi5,28.813,-0.055,-2.654,-1.566,-0.289,0.118,1.597,-3.97,-15.05,-167.23,0.7108,0.7108,0.1556,0.1657,7748,31.612,805.9,567.4,709.3,22.6,731.9,30.84,23.73,0.93523,9.425,8.58,24.91,14,2
71.357,factory_mission,9x4.5,pi5,28.813,-0.055,-2.654,-1.566,-0.289,0.118,1.597,-3.97,-15.05,-167.23,0.7104,0.7110,0.1523,0.1633,7727,31.539,804.0,566.6,708.2,22.6,730.8,30.79,23.73,0.93522,9.426,8.60,24.91,14,2
71.389,factory_mission,9x4.5,pi5,28.740,-0.066,-2.649,-1.621,-0.269,0.078,1.645,-2.65,-14.75,-171.70,0.7063,0.7065,0.1443,0.1566,7642,31.075,792.2,556.5,695.6,22.6,718.2,30.24,23.75,0.93518,9.433,8.75,24.91,14,2
71.437,factory_mission,9x4.5,pi5,28.665,-0.075,-2.645,-1.669,-0.251,0.044,1.688,-1.58,-14.34,-175.45,0.6896,0.6926,0.1440,0.1574,7533,30.012,765.1,526.3,657.9,22.6,680.5,28.59,23.80,0.93511,9.442,9.26,24.91,14,2
71.489,factory_mission,9x4.5,pi5,28.559,-0.087,-2.643,-1.721,-0.227,0.014,1.736,-0.42,-13.65,-179.78,0.6658,0.6649,0.1587,0.1672,7435,28.534,727.4,480.4,600.5,22.6,623.1,26.10,23.87,0.93505,9.451,10.14,24.91,14,2
71.541,factory_mission,9x4.5,pi5,28.482,-0.095,-2.643,-1.748,-0.212,0.007,1.761,0.08,-13.19,178.12,0.6342,0.6364,0.1867,0.1904,7403,27.179,692.9,434.0,542.5,22.6,565.1,23.60,23.95,0.93499,9.459,11.21,24.91,14,2
71.589,factory_mission,9x4.5,pi5,28.358,-0.107,-2.643,-1.776,-0.190,0.023,1.786,0.50,-12.45,176.03,0.6054,0.6074,0.2191,0.2213,7423,26.204,668.0,396.7,495.9,22.6,518.5,21.60,24.01,0.93494,9.466,12.25,24.91,14,2
71.637,factory_mission,9x4.5,pi5,28.281,-0.114,-2.642,-1.784,-0.176,0.047,1.793,0.60,-11.93,175.23,0.5762,0.5789,0.2573,0.2587,7488,25.576,652.0,367.3,459.1,22.6,481.7,20.03,24.05,0.93490,9.472,13.21,24.91,14,2
71.689,factory_mission,9x4.5,pi5,28.174,-0.123,-2.638,-1.786,-0.159,0.089,1.795,0.58,-11.11,174.76,0.5475,0.5507,0.3020,0.3024,7602,25.392,647.3,348.3,435.4,22.6,458.0,19.02,24.08,0.93485,9.479,13.91,24.91,14,2
71.741,factory_mission,9x4.5,pi5,28.098,-0.129,-2.634,-1.782,-0.147,0.122,1.792,0.48,-10.55,174.85,0.5188,0.5231,0.3456,0.3460,7714,25.446,648.7,337.4,421.8,22.6,444.4,18.44,24.10,0.93481,9.485,14.35,24.91,14,2
71.789,factory_mission,9x4.5,pi5,27.979,-0.138,-2.624,-1.767,-0.129,0.171,1.780,0.28,-9.70,175.40,0.4957,0.5004,0.3834,0.3850,7826,25.783,657.3,336.7,420.9,22.6,443.5,18.40,24.10,0.93477,9.491,14.37,24.91,14,2
71.841,factory_mission,9x4.5,pi5,27.906,-0.143,-2.617,-1.753,-0.118,0.195,1.768,0.12,-9.14,175.97,0.4736,0.4779,0.4219,0.4233,7943,26.328,671.2,343.1,428.9,22.6,451.5,18.74,24.09,0.93472,9.498,14.11,24.91,14,2
71.889,factory_mission,9x4.5,pi5,27.807,-0.150,-2.605,-1.730,-0.104,0.220,1.747,-0.10,-8.29,176.96,0.4563,0.4599,0.4510,0.4521,8025,26.813,683.6,351.4,439.2,22.6,461.8,19.18,24.08,0.93468,9.504,13.79,24.91,14,2
71.941,factory_mission,9x4.5,pi5,27.737,-0.155,-2.595,-1.710,-0.094,0.230,1.728,-0.23,-7.74,177.65,0.4388,0.4447,0.4759,0.4774,8089,27.264,695.0,360.8,451.0,22.6,473.6,19.68,24.06,0.93463,9.511,13.44,24.91,14,2
71.989,factory_mission,9x4.5,pi5,27.629,-0.162,-2.580,-1.672,-0.079,0.235,1.691,-0.39,-6.95,178.61,0.4278,0.4337,0.4929,0.4948,8134,27.628,704.3,369.3,461.6,22.6,484.2,20.13,24.05,0.93459,9.517,13.13,24.91,14,2
72.041,factory_mission,9x4.5,pi5,27.563,-0.166,-2.570,-1.646,-0.071,0.233,1.664,-0.46,-6.44,179.17,0.4195,0.4246,0.5060,0.5086,8168,27.931,712.1,376.8,470.9,22.6,493.5,20.53,24.03,0.93454,9.525,12.88,24.91,14,2
72.089,factory_mission,9x4.5,pi5,27.474,-0.171,-2.557,-1.605,-0.059,0.224,1.622,-0.53,-5.72,179.81,0.4153,0.4210,0.5126,0.5144,8185,28.088,716.1,380.7,475.9,22.6,498.5,20.75,24.03,0.93449,9.531,12.74,24.91,14,2
72.141,factory_mission,9x4.5,pi5,27.413,-0.174,-2.548,-1.573,-0.051,0.216,1.589,-0.56,-5.27,-179.91,0.4139,0.4193,0.5151,0.5180,8196,28.182,718.4,383.0,478.8,22.6,501.4,20.87,24.02,0.93444,9.538,12.67,24.91,14,2
72.189,factory_mission,9x4.5,pi5,27.318,-0.179,-2.535,-1.518,-0.039,0.202,1.532,-0.56,-4.66,-179.73,0.4163,0.4205,0.5138,0.5178,8203,28.219,719.4,383.5,479.4,22.6,502.0,20.90,24.02,0.93440,9.545,12.65,24.91,14,2
72.241,factory_mission,9x4.5,pi5,27.262,-0.181,-2.527,-1.482,-0.032,0.192,1.494,-0.54,-4.29,-179.76,0.4198,0.4237,0.5115,0.5146,8207,28.225,719.5,383.1,478.9,22.6,501.5,20.88,24.02,0.93435,9.552,12.66,24.91,14,2
72.289,factory_mission,9x4.5,pi5,27.185,-0.185,-2.517,-1.428,-0.023,0.178,1.440,-0.50,-3.80,179.98,0.4249,0.4296,0.5062,0.5092,8208,28.191,718.7,381.7,477.1,22.6,499.7,20.80,24.02,0.93430,9.559,12.71,24.91,14,2
72.337,factory_mission,9x4.5,pi5,27.133,-0.187,-2.510,-1.390,-0.017,0.169,1.400,-0.46,-3.50,179.68,0.4307,0.4347,0.5010,0.5035,8208,28.156,717.8,380.2,475.3,22.6,497.9,20.72,24.03,0.93425,9.566,12.76,24.91,14,2
72.389,factory_mission,9x4.5,pi5,27.053,-0.190,-2.500,-1.326,-0.008,0.155,1.335,-0.40,-3.12,179.07,0.4379,0.4417,0.4942,0.4967,8211,28.132,717.2,379.0,473.7,22.6,496.3,20.66,24.03,0.93420,9.573,12.80,24.91,14,2
72.437,factory_mission,9x4.5,pi5,27.005,-0.191,-2.495,-1.286,-0.004,0.147,1.295,-0.36,-2.89,178.58,0.4435,0.4469,0.4892,0.4916,8213,28.127,717.0,378.4,473.0,22.6,495.6,20.63,24.03,0.93416,9.579,12.81,24.91,14,2
72.489,factory_mission,9x4.5,pi5,26.940,-0.193,-2.487,-1.230,0.002,0.136,1.238,-0.31,-2.60,177.73,0.4501,0.4535,0.4828,0.4854,8216,28.122,716.9,377.9,472.3,22.6,494.9,20.60,24.03,0.93411,9.587,12.83,24.91,14,2
72.537,factory_mission,9x4.5,pi5,26.896,-0.194,-2.482,-1.191,0.006,0.129,1.198,-0.28,-2.43,177.12,0.4544,0.4578,0.4792,0.4812,8218,28.131,717.1,377.9,472.3,22.6,494.9,20.60,24.03,0.93406,9.593,12.83,24.91,14,2
72.589,factory_mission,9x4.5,pi5,26.829,-0.196,-2.474,-1.128,0.012,0.119,1.135,-0.24,-2.20,176.16,0.4590,0.4624,0.4749,0.4773,8222,28.147,717.5,378.0,472.5,22.6,495.1,20.61,24.03,0.93401,9.600,12.82,24.91,14,2
72.641,factory_mission,9x4.5,pi5,26.789,-0.197,-2.470,-1.090,0.015,0.112,1.096,-0.22,-2.07,175.50,0.4611,0.4646,0.4733,0.4758,8226,28.173,718.2,378.5,473.1,22.6,495.7,20.63,24.03,0.93396,9.607,12.81,24.91,14,2
72.689,factory_mission,9x4.5,pi5,26.734,-0.199,-2.464,-1.038,0.019,0.104,1.043,-0.19,-1.90,174.49,0.4644,0.4663,0.4718,0.4731,8230,28.195,718.8,378.9,473.6,22.6,496.2,20.65,24.03,0.93392,9.614,12.79,24.91,14,2
72.741,factory_mission,9x4.5,pi5,26.697,-0.199,-2.460,-1.002,0.021,0.098,1.007,-0.18,-1.81,173.82,0.4642,0.4671,0.4716,0.4735,8232,28.212,719.2,379.2,474.1,22.6,496.7,20.67,24.02,0.93387,9.621,12.78,24.91,14,2
72.789,factory_mission,9x4.5,pi5,26.640,-0.200,-2.454,-0.945,0.025,0.088,0.950,-0.16,-1.68,172.81,0.4642,0.4677,0.4716,0.4733,8233,28.222,719.5,379.4,474.3,22.6,496.9,20.68,24.02,0.93382,9.628,12.77,24.91,14,2
72.841,factory_mission,9x4.5,pi5,26.606,-0.201,-2.450,-0.911,0.027,0.083,0.915,-0.16,-1.60,172.13,0.4626,0.4648,0.4743,0.4753,8234,28.230,719.7,379.6,474.6,22.6,497.2,20.69,24.02,0.93377,9.635,12.76,24.91,14,2
72.889,factory_mission,9x4.5,pi5,26.561,-0.201,-2.446,-0.865,0.030,0.075,0.869,-0.15,-1.50,171.11,0.4620,0.4643,0.4753,0.4757,8235,28.238,719.9,379.8,474.8,22.6,497.4,20.70,24.02,0.93373,9.642,12.76,24.91,14,2
72.941,factory_mission,9x4.5,pi5,26.529,-0.200,-2.443,-0.834,0.032,0.070,0.837,-0.14,-1.43,170.42,0.4593,0.4615,0.4784,0.4784,8236,28.248,720.1,380.1,475.1,22.6,497.7,20.72,24.02,0.93368,9.649,12.75,24.91,14,2
72.989,factory_mission,9x4.5,pi5,26.482,-0.199,-2.438,-0.785,0.036,0.052,0.787,-0.13,-1.37,169.37,0.4336,0.6332,0.4500,0.4984,8735,32.300,823.4,476.9,596.1,22.6,618.7,25.93,23.87,0.93362,9.657,10.19,24.91,14,2
73.041,factory_mission,9x4.5,pi5,26.454,-0.199,-2.437,-0.758,0.037,-0.008,0.759,0.44,-2.24,168.72,0.6338,0.6693,0.3363,0.3184,8527,32.583,830.6,518.2,647.8,22.6,670.4,28.17,23.80,0.93355,9.667,9.37,24.91,14,2
73.089,factory_mission,9x4.5,pi5,26.415,-0.197,-2.440,-0.746,0.031,-0.111,0.755,2.58,-5.34,168.22,0.7303,0.6990,0.2271,0.2199,8232,33.497,853.9,592.6,740.7,22.6,763.3,32.24,23.67,0.93348,9.677,8.19,24.91,14,2
73.141,factory_mission,9x4.5,pi5,26.387,-0.196,-2.446,-0.764,0.015,-0.189,0.787,4.17,-7.50,168.49,0.7413,0.6955,0.1797,0.1689,7902,32.493,828.3,587.4,734.2,22.6,756.8,31.96,23.68,0.93340,9.688,8.26,24.91,14,2
73.189,factory_mission,9x4.5,pi5,26.339,-0.197,-2.462,-0.824,-0.026,-0.279,0.871,6.12,-10.37,170.03,0.6814,0.6801,0.1790,0.1702,7632,29.851,761.0,511.6,639.5,22.6,662.1,27.81,23.81,0.93334,9.697,9.49,24.91,14,2
73.237,factory_mission,9x4.5,pi5,26.305,-0.199,-2.475,-0.873,-0.058,-0.297,0.924,6.92,-11.91,171.83,0.6344,0.6193,0.2102,0.2071,7488,27.167,692.6,425.8,532.2,22.6,554.8,23.17,23.94,0.93329,9.704,11.39,24.91,14,2
73.289,factory_mission,9x4.5,pi5,26.254,-0.205,-2.493,-0.942,-0.108,-0.271,0.986,7.40,-13.74,175.53,0.5722,0.5562,0.2698,0.2708,7480,25.186,642.1,353.9,442.3,22.6,464.9,19.32,24.06,0.93324,9.711,13.66,24.91,14,2
73.337,factory_mission,9x4.5,pi5,26.214,-0.211,-2.504,-0.990,-0.145,-0.226,1.025,7.30,-14.70,178.51,0.5136,0.5061,0.3374,0.3387,7578,24.550,625.9,319.7,399.7,22.6,422.3,17.51,24.11,0.93320,9.717,15.07,24.91,14,2
73.389,factory_mission,9x4.5,pi5,26.144,-0.224,-2.517,-1.063,-0.204,-0.134,1.091,6.63,-15.81,-176.57,0.4595,0.4527,0.4102,0.4123,7719,24.847,633.4,314.3,392.9,22.6,415.5,17.22,24.12,0.93316,9.723,15.32,24.91,14,2
73.437,factory_mission,9x4.5,pi5,26.098,-0.235,-2.522,-1.110,-0.243,-0.079,1.139,5.94,-16.37,-173.15,0.4164,0.4120,0.4720,0.4730,7859,25.786,657.3,332.8,416.0,22.6,438.6,18.20,24.09,0.93312,9.728,14.50,24.91,14,2
73.489,factory_mission,9x4.5,pi5,26.028,-0.254,-2.524,-1.176,-0.299,-0.018,1.214,4.71,-16.92,-168.12,0.3788,0.3754,0.5267,0.5271,7985,27.031,689.1,365.2,456.5,22.6,479.1,19.93,24.04,0.93307,9.735,13.24,24.91,14,2
73.541,factory_mission,9x4.5,pi5,25.976,-0.269,-2.524,-1.226,-0.340,0.011,1.272,3.85,-17.10,-164.97,0.3493,0.3473,0.5645,0.5651,8050,28.002,713.8,395.0,493.8,22.6,516.4,21.52,23.99,0.93302,9.743,12.26,24.91,14,2
73.589,factory_mission,9x4.5,pi5,25.887,-0.297,-2.521,-1.305,-0.405,0.035,1.367,2.60,-17.11,-160.75,0.3309,0.3308,0.5866,0.5866,8081,28.618,729.5,415.4,519.2,22.6,541.8,22.61,23.96,0.93297,9.750,11.67,24.91,14,2
73.641,factory_mission,9x4.5,pi5,25.828,-0.317,-2.519,-1.353,-0.444,0.041,1.425,1.85,-16.97,-158.34,0.3210,0.3224,0.5968,0.5975,8092,28.916,737.2,425.9,532.4,22.6,555.0,23.18,23.94,0.93292,9.758,11.38,24.91,14,2
73.689,factory_mission,9x4.5,pi5,25.742,-0.348,-2.515,-1.416,-0.496,0.043,1.501,0.92,-16.60,-155.42,0.3207,0.3226,0.5972,0.5978,8094,28.935,737.6,426.4,533.0,22.6,555.6,23.21,23.94,0.93286,9.765,11.37,24.90,14,2
73.737,factory_mission,9x4.5,pi5,25.678,-0.372,-2.512,-1.457,-0.531,0.044,1.552,0.43,-16.29,-153.94,0.3270,0.3306,0.5897,0.5916,8096,28.788,733.9,420.2,525.3,22.6,547.9,22.88,23.95,0.93281,9.773,11.53,24.90,14,2
73.789,factory_mission,9x4.5,pi5,25.572,-0.414,-2.508,-1.516,-0.579,0.046,1.624,-0.10,-15.77,-152.37,0.3398,0.3455,0.5761,0.5791,8102,28.535,727.4,409.5,511.8,22.6,534.4,22.30,23.97,0.93276,9.780,11.83,24.90,14,2
73.841,factory_mission,9x4.5,pi5,25.504,-0.441,-2.505,-1.548,-0.606,0.047,1.663,-0.34,-15.42,-151.73,0.3589,0.3638,0.5593,0.5624,8116,28.291,721.2,398.0,497.5,22.6,520.1,21.68,23.98,0.93271,9.788,12.16,24.90,14,2
73.889,factory_mission,9x4.5,pi5,25.406,-0.480,-2.501,-1.587,-0.638,0.052,1.712,-0.54,-14.92,-151.29,0.3782,0.3839,0.5422,0.5457,8136,28.138,717.3,389.3,486.6,22.6,509.2,21.22,24.00,0.93266,9.795,12.43,24.90,14,2
73.937,factory_mission,9x4.5,pi5,25.335,-0.509,-2.499,-1.611,-0.658,0.057,1.742,-0.60,-14.61,-151.28,0.3989,0.4042,0.5253,0.5285,8161,28.072,715.6,383.3,479.1,22.6,501.7,20.90,24.01,0.93261,9.801,12.62,24.90,14,2
73.989,factory_mission,9x4.5,pi5,25.220,-0.556,-2.494,-1.644,-0.685,0.065,1.782,-0.60,-14.20,-151.58,0.4206,0.4256,0.5073,0.5109,8189,28.077,715.8,379.8,474.7,22.6,497.3,20.71,24.01,0.93256,9.809,12.73,24.90,14,2
74.041,factory_mission,9x4.5,pi5,25.147,-0.586,-2.490,-1.662,-0.700,0.069,1.804,-0.55,-13.97,-151.93,0.4407,0.4456,0.4918,0.4949,8220,28.181,718.4,379.7,474.6,22.6,497.2,20.71,24.01,0.93251,9.816,12.73,24.90,14,2
74.089,factory_mission,9x4.5,pi5,25.045,-0.628,-2.486,-1.683,-0.717,0.072,1.831,-0.45,-13.66,-152.61,0.4570,0.4609,0.4790,0.4824,8242,28.292,721.2,381.0,476.3,22.6,498.9,20.78,24.01,0.93247,9.822,12.69,24.90,14,2
74.141,factory_mission,9x4.5,pi5,24.971,-0.659,-2.482,-1.696,-0.727,0.074,1.847,-0.37,-13.48,-153.10,0.4706,0.4751,0.4677,0.4709,8261,28.409,724.2,383.2,479.0,22.6,501.6,20.90,24.01,0.93242,9.830,12.62,24.90,14,2
74.189,factory_mission,9x4.5,pi5,24.853,-0.708,-2.477,-1.714,-0.742,0.073,1.869,-0.24,-13.26,-153.85,0.4810,0.4844,0.4600,0.4629,8275,28.516,727.0,385.6,482.0,22.6,504.6,21.02,24.00,0.93237,9.836,12.54,24.90,14,2
74.241,factory_mission,9x4.5,pi5,24.779,-0.738,-2.474,-1.724,-0.750,0.071,1.881,-0.17,-13.14,-154.31,0.4881,0.4924,0.4539,0.4572,8287,28.615,729.5,387.9,484.9,22.6,507.5,21.15,24.00,0.93232,9.844,12.47,24.90,14,2
74.289,factory_mission,9x4.5,pi5,24.676,-0.781,-2.469,-1.736,-0.759,0.067,1.896,-0.06,-12.98,-154.93,0.4925,0.4965,0.4508,0.4538,8295,28.681,731.2,389.5,486.9,22.6,509.5,21.23,23.99,0.93227,9.851,12.42,24.90,14,2
74.337,factory_mission,9x4.5,pi5,24.601,-0.812,-2.466,-1.743,-0.765,0.064,1.905,-0.01,-12.90,-155.28,0.4945,0.4988,0.4495,0.4525,8301,28.729,732.4,390.6,488.3,22.6,510.9,21.29,23.99,0.93223,9.857,12.38,24.90,14,2
74.389,factory_mission,9x4.5,pi5,24.483,-0.861,-2.461,-1.753,-0.772,0.058,1.917,0.06,-12.79,-155.68,0.4951,0.4988,0.4500,0.4529,8306,28.763,733.3,391.3,489.2,22.6,511.8,21.33,23.99,0.93217,9.865,12.36,24.90,14,2
74.441,factory_mission,9x4.5,pi5,24.409,-0.891,-2.458,-1.759,-0.776,0.054,1.923,0.09,-12.74,-155.88,0.4935,0.4978,0.4509,0.4555,8309,28.780,733.7,391.6,489.4,22.6,512.0,21.34,23.99,0.93212,9.872,12.35,24.90,14,2
74.489,factory_mission,9x4.5,pi5,24.306,-0.934,-2.454,-1.765,-0.781,0.048,1.931,0.11,-12.67,-156.07,0.4915,0.4950,0.4546,0.4570,8310,28.782,733.7,391.4,489.3,22.6,511.9,21.34,23.99,0.93208,9.879,12.35,24.90,14,2
74.537,factory_mission,9x4.5,pi5,24.232,-0.964,-2.452,-1.769,-0.784,0.044,1.936,0.12,-12.64,-156.13,0.4879,0.4927,0.4578,0.4599,8312,28.781,733.7,391.2,489.0,22.6,511.6,21.33,23.99,0.93203,9.886,12.36,24.90,14,2
74.589,factory_mission,9x4.5,pi5,24.115,-1.013,-2.448,-1.775,-0.788,0.037,1.942,0.12,-12.62,-156.13,0.4848,0.4888,0.4609,0.4639,8312,28.775,733.5,390.9,488.6,22.6,511.2,21.31,23.99,0.93198,9.893,12.37,24.90,14,2
74.637,factory_mission,9x4.5,pi5,24.042,-1.043,-2.446,-1.777,-0.790,0.033,1.945,0.11,-12.61,-156.10,0.4813,0.4860,0.4640,0.4672,8312,28.771,733.5,390.7,488.4,22.6,511.0,21.30,23.99,0.93193,9.900,12.37,24.90,14,2
74.689,factory_mission,9x4.5,pi5,23.939,-1.086,-2.443,-1.781,-0.793,0.028,1.950,0.09,-12.60,-155.99,0.4786,0.4821,0.4676,0.4703,8312,28.767,733.4,390.5,488.2,22.6,510.8,21.29,23.99,0.93188,9.907,12.37,24.90,14,2
74.741,factory_mission,9x4.5,pi5,23.866,-1.117,-2.441,-1.783,-0.795,0.024,1.953,0.07,-12.61,-155.91,0.4756,0.4794,0.4711,0.4724,8312,28.765,733.3,390.4,488.1,22.6,510.7,21.29,23.99,0.93183,9.915,12.38,24.90,14,2
74.789,factory_mission,9x4.5,pi5,23.750,-1.167,-2.439,-1.787,-0.799,0.015,1.958,0.02,-12.62,-155.76,0.5040,0.3979,0.4849,0.5648,8505,30.423,775.6,431.0,538.8,22.6,561.4,23.46,23.92,0.93177,9.922,11.23,24.90,14,2
74.837,factory_mission,9x4.5,pi5,23.677,-1.198,-2.438,-1.795,-0.802,-0.014,1.966,-0.86,-12.62,-155.71,0.3216,0.3112,0.6446,0.6500,8417,31.886,812.9,504.0,630.0,22.6,652.6,27.42,23.80,0.93171,9.931,9.61,24.90,14,2
74.889,factory_mission,9x4.5,pi5,23.574,-1.241,-2.439,-1.819,-0.788,-0.090,1.984,-4.07,-11.91,-156.27,0.1977,0.2091,0.7369,0.7161,8172,33.790,861.4,610.8,763.5,22.6,786.1,33.27,23.63,0.93163,9.942,7.92,24.90,14,2
74.937,factory_mission,9x4.5,pi5,23.499,-1.271,-2.444,-1.844,-0.756,-0.162,1.999,-6.31,-11.23,-157.39,0.1340,0.1725,0.7500,0.7223,7878,33.294,848.8,619.9,774.9,22.6,797.5,33.78,23.61,0.93156,9.953,7.80,24.90,14,2
74.989,factory_mission,9x4.5,pi5,23.378,-1.314,-2.457,-1.881,-0.664,-0.260,2.012,-9.09,-10.29,-160.39,0.1250,0.1800,0.6973,0.7033,7613,30.722,783.2,545.2,681.5,22.6,704.1,29.67,23.74,0.93149,9.963,8.88,24.90,14,2
75.041,factory_mission,9x4.5,pi5,23.301,-1.337,-2.468,-1.895,-0.589,-0.288,2.006,-10.40,-9.85,-163.21,0.1581,0.2119,0.6434,0.6401,7424,27.541,702.1,444.7,555.9,22.6,578.5,24.21,23.90,0.93143,9.971,10.88,24.90,14,2
75.089,factory_mission,9x4.5,pi5,23.192,-1.362,-2.486,-1.899,-0.474,-0.276,1.977,-11.50,-9.66,-168.39,0.2213,0.2611,0.5860,0.5764,7393,25.301,645.0,366.7,458.4,22.6,481.0,20.02,24.02,0.93138,9.978,13.15,24.90,14,2
75.133,factory_mission,9x4.5,pi5,23.115,-1.375,-2.497,-1.891,-0.390,-0.236,1.946,-11.70,-9.82,-172.30,0.2876,0.3133,0.5299,0.5300,7451,24.269,618.7,323.4,404.2,22.6,426.8,17.72,24.09,0.93135,9.983,14.86,24.90,14,2
75.189,factory_mission,9x4.5,pi5,22.991,-1.387,-2.511,-1.867,-0.257,-0.144,1.891,-11.31,-10.33,-178.59,0.3757,0.3898,0.4691,0.4680,7602,24.223,617.5,304.7,380.9,22.6,403.5,16.73,24.12,0.93130,9.989,15.74,24.90,14,2
75.237,factory_mission,9x4.5,pi5,22.915,-1.390,-2.516,-1.849,-0.176,-0.085,1.859,-10.72,-10.72,177.09,0.4418,0.4490,0.4272,0.4246,7747,24.993,637.1,316.4,395.5,22.6,418.1,17.35,24.10,0.93127,9.995,15.18,24.90,14,2
75.289,factory_mission,9x4.5,pi5,22.811,-1.387,-2.518,-1.821,-0.064,-0.017,1.822,-9.54,-11.23,170.65,0.5028,0.5059,0.3884,0.3849,7890,26.219,668.4,345.6,432.0,22.6,454.6,18.90,24.06,0.93122,10.001,13.93,24.90,14,2
75.341,factory_mission,9x4.5,pi5,22.737,-1.380,-2.517,-1.801,0.014,0.018,1.801,-8.65,-11.44,166.53,0.5439,0.5457,0.3581,0.3570,7972,27.226,694.1,374.4,468.0,22.6,490.6,20.43,24.01,0.93117,10.009,12.88,24.90,14,2
75.389,factory_mission,9x4.5,pi5,22.621,-1.363,-2.512,-1.767,0.135,0.049,1.773,-7.29,-11.51,160.77,0.5711,0.5709,0.3386,0.3376,8021,27.967,713.0,397.3,496.7,22.6,519.3,21.66,23.97,0.93112,10.015,12.15,24.90,14,2
75.441,factory_mission,9x4.5,pi5,22.549,-1.348,-2.508,-1.746,0.206,0.057,1.759,-6.41,-11.38,157.30,0.5838,0.5852,0.3284,0.3273,8045,28.382,723.5,410.7,513.3,22.6,535.9,22.38,23.95,0.93107,10.023,11.76,24.90,14,2
75.489,factory_mission,9x4.5,pi5,22.452,-1.322,-2.503,-1.713,0.297,0.059,1.739,-5.21,-10.95,152.74,0.5892,0.5897,0.3239,0.3237,8051,28.530,727.3,415.6,519.6,22.6,542.2,22.65,23.94,0.93102,10.030,11.62,24.90,14,2
75.537,factory_mission,9x4.5,pi5,22.383,-1.300,-2.498,-1.687,0.355,0.058,1.725,-4.51,-10.54,150.14,0.5847,0.5857,0.3281,0.3288,8054,28.445,725.2,412.0,515.0,22.6,537.6,22.45,23.95,0.93097,10.038,11.72,24.90,14,2
75.589,factory_mission,9x4.5,pi5,22.276,-1.261,-2.492,-1.641,0.437,0.056,1.699,-3.62,-9.78,146.90,0.5743,0.5770,0.3368,0.3400,8057,28.254,720.3,404.1,505.1,22.6,527.7,22.02,23.96,0.93092,10.045,11.95,24.90,14,2
75.637,factory_mission,9x4.5,pi5,22.211,-1.235,-2.488,-1.610,0.480,0.055,1.681,-3.13,-9.21,145.14,0.5602,0.5619,0.3519,0.3555,8062,27.999,713.8,393.4,491.7,22.6,514.3,21.45,23.98,0.93087,10.052,12.27,24.90,14,2
75.689,factory_mission,9x4.5,pi5,22.123,-1.196,-2.483,-1.563,0.531,0.055,1.651,-2.54,-8.33,143.05,0.5441,0.5464,0.3700,0.3728,8076,27.813,709.0,384.2,480.2,22.6,502.8,20.96,23.99,0.93082,10.059,12.55,24.89,14,2
75.737,factory_mission,9x4.5,pi5,22.061,-1.167,-2.480,-1.527,0.561,0.057,1.628,-2.21,-7.74,141.97,0.5264,0.5305,0.3894,0.3920,8094,27.689,705.9,376.9,471.2,22.6,493.8,20.57,24.00,0.93077,10.066,12.79,24.89,14,2
75.789,factory_mission,9x4.5,pi5,21.967,-1.119,-2.475,-1.466,0.598,0.061,1.584,-1.82,-6.87,140.72,0.5098,0.5135,0.4084,0.4126,8116,27.643,704.7,372.3,465.3,22.6,487.9,20.32,24.01,0.93072,10.073,12.94,24.89,14,2
75.837,factory_mission,9x4.5,pi5,21.911,-1.089,-2.472,-1.427,0.614,0.064,1.555,-1.60,-6.32,140.08,0.4932,0.4977,0.4282,0.4313,8138,27.664,705.2,370.1,462.7,22.6,485.3,20.21,24.01,0.93068,10.079,13.02,24.89,14,2
75.889,factory_mission,9x4.5,pi5,21.835,-1.048,-2.467,-1.370,0.631,0.066,1.510,-1.32,-5.55,139.31,0.4803,0.4835,0.4453,0.4479,8162,27.762,707.7,370.7,463.4,22.6,486.0,20.24,24.01,0.93063,10.086,12.99,24.89,14,2
75.941,factory_mission,9x4.5,pi5,21.783,-1.018,-2.464,-1.329,0.638,0.067,1.476,-1.15,-5.07,138.88,0.4664,0.4712,0.4612,0.4633,8180,27.857,710.2,372.1,465.1,22.6,487.7,20.32,24.01,0.93058,10.094,12.95,24.89,14,2
75.989,factory_mission,9x4.5,pi5,21.704,-0.971,-2.459,-1.263,0.643,0.066,1.419,-0.93,-4.41,138.28,0.4576,0.4618,0.4715,0.4746,8193,27.945,712.4,373.9,467.4,22.6,490.0,20.41,24.00,0.93054,10.100,12.88,24.89,14,2
76.041,factory_mission,9x4.5,pi5,21.656,-0.942,-2.456,-1.222,0.643,0.065,1.382,-0.80,-4.01,137.89,0.4482,0.4524,0.4825,0.4851,8203,28.034,714.7,376.1,470.2,22.6,492.8,20.53,24.00,0.93049,10.107,12.81,24.89,14,2
76.089,factory_mission,9x4.5,pi5,21.592,-0.903,-2.452,-1.165,0.637,0.061,1.329,-0.62,-3.46,137.24,0.4439,0.4473,0.4882,0.4905,8208,28.090,716.1,377.6,472.0,22.6,494.6,20.61,24.00,0.93044,10.114,12.76,24.89,14,2
76.137,factory_mission,9x4.5,pi5,21.549,-0.876,-2.450,-1.124,0.631,0.057,1.290,-0.51,-3.14,136.76,0.4392,0.4427,0.4932,0.4957,8212,28.134,717.2,378.9,473.6,22.6,496.2,20.68,24.00,0.93039,10.120,12.71,24.89,14,2
76.189,factory_mission,9x4.5,pi5,21.482,-0.833,-2.446,-1.060,0.618,0.052,1.228,-0.36,-2.70,135.93,0.4373,0.4407,0.4953,0.4979,8214,28.157,717.8,379.6,474.5,22.6,497.1,20.72,23.99,0.93034,10.128,12.69,24.89,14,2
76.237,factory_mission,9x4.5,pi5,21.442,-0.808,-2.445,-1.021,0.607,0.048,1.189,-0.26,-2.45,135.30,0.4345,0.4377,0.4992,0.5001,8214,28.180,718.4,380.3,475.4,22.6,498.0,20.76,23.99,0.93030,10.134,12.67,24.89,14,2
76.289,factory_mission,9x4.5,pi5,21.389,-0.773,-2.442,-0.968,0.590,0.043,1.134,-0.14,-2.10,134.23,0.4353,0.4385,0.4980,0.4994,8213,28.167,718.1,380.0,475.0,22.6,497.6,20.74,23.99,0.93025,10.141,12.68,24.89,14,2
76.337,factory_mission,9x4.5,pi5,21.353,-0.749,-2.441,-0.930,0.577,0.039,1.095,-0.07,-1.89,133.43,0.4348,0.4373,0.4989,0.5003,8214,28.173,718.2,380.2,475.3,22.6,497.9,20.75,23.99,0.93020,10.148,12.67,24.89,14,2
76.389,factory_mission,9x4.5,pi5,21.297,-0.713,-2.439,-0.872,0.554,0.034,1.034,0.02,-1.62,132.11,0.4356,0.4390,0.4973,0.4993,8213,28.164,718.0,379.9,474.9,22.6,497.5,20.74,23.99,0.93015,10.155,12.68,24.89,14,2
76.437,factory_mission,9x4.5,pi5,21.265,-0.691,-2.438,-0.837,0.539,0.031,0.996,0.07,-1.46,131.14,0.4339,0.4364,0.4997,0.5011,8213,28.172,718.2,380.3,475.4,22.6,498.0,20.76,23.99,0.93011,10.162,12.66,24.89,14,2
76.489,factory_mission,9x4.5,pi5,21.221,-0.662,-2.437,-0.789,0.517,0.025,0.944,0.13,-1.25,129.57,0.4201,0.5801,0.4779,0.5021,8609,31.140,793.9,445.9,557.4,22.6,580.0,24.28,23.88,0.93005,10.170,10.82,24.89,14,2
76.541,factory_mission,9x4.5,pi5,21.191,-0.642,-2.437,-0.757,0.502,-0.016,0.908,0.62,-1.74,128.50,0.6479,0.6539,0.3275,0.3073,8450,32.161,819.9,510.9,638.7,22.6,661.3,27.81,23.78,0.92998,10.180,9.45,24.89,14,2
76.589,factory_mission,9x4.5,pi5,21.146,-0.612,-2.442,-0.733,0.482,-0.122,0.886,2.85,-4.03,127.37,0.7621,0.7277,0.1902,0.1812,8177,34.686,884.3,646.3,807.9,22.6,830.5,35.26,23.55,0.92990,10.191,7.45,24.89,14,2
76.637,factory_mission,9x4.5,pi5,21.117,-0.594,-2.449,-0.744,0.475,-0.212,0.908,4.59,-5.64,127.29,0.7780,0.7494,0.1201,0.1095,7799,34.542,880.6,674.9,843.6,22.6,866.2,36.85,23.51,0.92982,10.202,7.13,24.89,14,2
76.689,factory_mission,9x4.5,pi5,21.075,-0.570,-2.465,-0.792,0.467,-0.325,0.975,6.76,-7.71,128.53,0.7235,0.7246,0.1000,0.0937,7382,31.286,797.6,584.4,730.6,22.6,753.2,31.84,23.66,0.92974,10.213,8.25,24.89,14,2
76.737,factory_mission,9x4.5,pi5,21.043,-0.552,-2.481,-0.836,0.460,-0.370,1.024,7.72,-8.79,130.28,0.6741,0.6567,0.1243,0.1254,7159,27.732,707.0,473.7,592.2,22.6,614.8,25.79,23.84,0.92969,10.221,10.18,24.89,14,2
76.789,factory_mission,9x4.5,pi5,20.985,-0.525,-2.508,-0.909,0.446,-0.361,1.075,8.43,-10.07,134.11,0.6020,0.5875,0.1845,0.1894,7098,24.613,627.5,369.7,462.1,22.6,484.7,20.19,24.00,0.92964,10.228,13.01,24.89,14,2
76.837,factory_mission,9x4.5,pi5,20.946,-0.508,-2.524,-0.951,0.434,-0.311,1.090,8.48,-10.75,137.28,0.5342,0.5311,0.2575,0.2620,7176,23.065,588.0,308.4,385.5,22.6,408.1,16.93,24.10,0.92960,10.234,15.51,24.89,14,2
76.889,factory_mission,9x4.5,pi5,20.887,-0.486,-2.541,-1.003,0.414,-0.211,1.105,8.01,-11.57,142.67,0.4761,0.4702,0.3448,0.3477,7371,22.972,585.6,285.0,356.2,22.6,378.8,15.69,24.14,0.92956,10.239,16.74,24.89,14,2
76.937,factory_mission,9x4.5,pi5,20.843,-0.471,-2.549,-1.037,0.399,-0.134,1.120,7.44,-11.98,146.49,0.4270,0.4231,0.4203,0.4213,7563,23.811,607.0,294.1,367.6,22.6,390.2,16.17,24.12,0.92953,10.245,16.24,24.89,14,2
76.989,factory_mission,9x4.5,pi5,20.767,-0.447,-2.554,-1.094,0.374,-0.030,1.156,6.35,-12.39,152.27,0.3801,0.3785,0.4898,0.4897,7731,25.147,641.1,324.2,405.2,22.6,427.8,17.77,24.07,0.92948,10.251,14.78,24.89,14,2
77.037,factory_mission,9x4.5,pi5,20.718,-0.433,-2.554,-1.130,0.358,0.015,1.185,5.56,-12.49,155.98,0.3471,0.3458,0.5392,0.5396,7852,26.483,675.1,360.4,450.6,22.6,473.2,19.70,24.02,0.92944,10.257,13.33,24.89,14,2
77.089,factory_mission,9x4.5,pi5,20.647,-0.415,-2.551,-1.180,0.336,0.054,1.228,4.37,-12.37,161.11,0.3205,0.3187,0.5781,0.5764,7932,27.647,704.8,395.7,494.6,22.6,517.2,21.59,23.96,0.92939,10.265,12.16,24.89,14,2
77.137,factory_mission,9x4.5,pi5,20.594,-0.403,-2.547,-1.215,0.320,0.066,1.258,3.64,-12.11,164.14,0.3037,0.3038,0.5981,0.5957,7960,28.254,720.3,416.1,520.1,22.6,542.7,22.68,23.93,0.92934,10.272,11.58,24.89,14,2
77.189,factory_mission,9x4.5,pi5,20.506,-0.384,-2.540,-1.264,0.296,0.069,1.300,2.70,-11.51,167.98,0.2945,0.2979,0.6054,0.6047,7964,28.493,726.4,424.8,531.0,22.6,553.6,23.15,23.91,0.92928,10.280,11.34,24.89,14,2
77.241,factory_mission,9x4.5,pi5,20.449,-0.373,-2.536,-1.289,0.281,0.068,1.321,2.19,-11.00,170.03,0.2966,0.3009,0.6019,0.6026,7962,28.407,724.2,421.7,527.1,22.6,549.7,22.98,23.92,0.92923,10.288,11.42,24.89,14,2
77.289,factory_mission,9x4.5,pi5,20.369,-0.359,-2.530,-1.314,0.262,0.065,1.342,1.61,-10.13,172.38,0.3065,0.3099,0.5926,0.5931,7963,28.169,718.1,412.3,515.4,22.6,538.0,22.48,23.93,0.92918,10.295,11.68,24.89,14,2
77.337,factory_mission,9x4.5,pi5,20.311,-0.350,-2.526,-1.326,0.249,0.063,1.351,1.34,-9.51,173.48,0.3209,0.3255,0.5780,0.5796,7970,27.872,710.5,399.9,499.9,22.6,522.5,21.82,23.95,0.92913,10.302,12.03,24.89,14,2
77.389,factory_mission,9x4.5,pi5,20.218,-0.335,-2.520,-1.334,0.230,0.065,1.355,1.06,-8.58,174.49,0.3406,0.3465,0.5595,0.5617,7985,27.575,703.0,386.4,483.0,22.6,505.6,21.09,23.97,0.92908,10.309,12.44,24.89,14,2
77.441,factory_mission,9x4.5,pi5,20.161,-0.326,-2.515,-1.332,0.219,0.069,1.352,0.95,-7.97,174.81,0.3646,0.3691,0.5398,0.5431,8015,27.412,698.8,376.2,470.3,22.6,492.9,20.55,23.99,0.92903,10.316,12.77,24.89,14,2
77.489,factory_mission,9x4.5,pi5,20.081,-0.314,-2.509,-1.323,0.205,0.077,1.341,0.86,-7.09,174.86,0.3866,0.3913,0.5226,0.5249,8047,27.356,697.4,369.9,462.4,22.6,485.0,20.21,24.00,0.92898,10.323,12.99,24.89,14,2
77.541,factory_mission,9x4.5,pi5,20.024,-0.306,-2.505,-1.312,0.195,0.082,1.329,0.83,-6.54,174.65,0.4096,0.4138,0.5043,0.5072,8082,27.384,698.1,366.5,458.1,22.6,480.7,20.03,24.00,0.92894,10.330,13.10,24.89,14,2
77.589,factory_mission,9x4.5,pi5,19.935,-0.293,-2.497,-1.287,0.181,0.090,1.303,0.82,-5.76,174.11,0.4289,0.4334,0.4895,0.4924,8115,27.494,700.9,366.4,458.0,22.6,480.6,20.02,24.00,0.92889,10.336,13.10,24.89,14,2
77.637,factory_mission,9x4.5,pi5,19.881,-0.285,-2.493,-1.268,0.173,0.093,1.284,0.82,-5.28,173.64,0.4454,0.4502,0.4770,0.4798,8145,27.638,704.6,368.1,460.1,22.6,482.7,20.12,24.00,0.92885,10.343,13.04,24.89,14,2
77.689,factory_mission,9x4.5,pi5,19.806,-0.275,-2.486,-1.238,0.161,0.095,1.252,0.82,-4.60,172.85,0.4614,0.4642,0.4661,0.4686,8174,27.816,709.1,371.3,464.1,22.6,486.7,20.28,23.99,0.92880,10.350,12.93,24.88,14,2
77.741,factory_mission,9x4.5,pi5,19.755,-0.267,-2.480,-1.214,0.154,0.094,1.228,0.81,-4.18,172.31,0.4720,0.4756,0.4576,0.4604,8193,27.947,712.5,374.0,467.5,22.6,490.1,20.43,23.99,0.92875,10.357,12.84,24.88,14,2
77.789,factory_mission,9x4.5,pi5,19.674,-0.256,-2.473,-1.172,0.143,0.090,1.184,0.80,-3.61,171.53,0.4794,0.4828,0.4524,0.4548,8207,28.056,715.2,376.4,470.5,22.6,493.1,20.56,23.98,0.92870,10.363,12.76,24.88,14,2
77.841,factory_mission,9x4.5,pi5,19.626,-0.249,-2.468,-1.144,0.137,0.087,1.155,0.79,-3.25,171.05,0.4839,0.4877,0.4495,0.4518,8219,28.151,717.7,378.5,473.2,22.6,495.8,20.67,23.98,0.92865,10.370,12.69,24.88,14,2
77.889,factory_mission,9x4.5,pi5,19.561,-0.240,-2.461,-1.102,0.128,0.081,1.112,0.76,-2.76,170.41,0.4860,0.4900,0.4485,0.4506,8227,28.210,719.2,379.8,474.8,22.6,497.4,20.74,23.98,0.92861,10.377,12.64,24.88,14,2
77.941,factory_mission,9x4.5,pi5,19.517,-0.233,-2.457,-1.070,0.121,0.076,1.080,0.73,-2.47,170.04,0.4859,0.4895,0.4495,0.4519,8233,28.249,720.1,380.6,475.7,22.6,498.3,20.78,23.98,0.92856,10.384,12.62,24.88,14,2
77.989,factory_mission,9x4.5,pi5,19.449,-0.224,-2.450,-1.019,0.112,0.059,1.027,0.69,-2.10,169.58,0.4707,0.5096,0.4436,0.5909,8734,32.024,816.4,464.6,580.7,22.6,603.3,25.31,23.84,0.92850,10.392,10.36,24.88,14,2
78.041,factory_mission,9x4.5,pi5,19.408,-0.219,-2.448,-0.989,0.106,0.003,0.995,0.10,-2.74,169.27,0.3664,0.3602,0.6046,0.6277,8531,31.702,808.2,480.8,601.0,22.6,623.6,26.19,23.81,0.92844,10.401,10.01,24.88,14,2
78.089,factory_mission,9x4.5,pi5,19.353,-0.211,-2.449,-0.965,0.117,-0.085,0.976,-2.04,-5.58,168.46,0.2763,0.2784,0.6854,0.6536,8295,32.017,816.2,525.2,656.5,22.6,679.1,28.60,23.74,0.92837,10.410,9.17,24.88,14,2
78.141,factory_mission,9x4.5,pi5,19.315,-0.205,-2.452,-0.964,0.143,-0.144,0.985,-3.61,-7.67,167.47,0.2395,0.2382,0.6916,0.6566,8049,31.128,793.6,518.6,648.2,22.6,670.8,28.24,23.75,0.92831,10.420,9.28,24.88,14,2
78.189,factory_mission,9x4.5,pi5,19.253,-0.193,-2.463,-0.985,0.211,-0.206,1.028,-5.45,-10.48,165.07,0.2436,0.2426,0.6480,0.6391,7859,29.217,744.8,464.9,581.2,22.6,603.8,25.33,23.84,0.92825,10.428,10.35,24.88,14,2
78.241,factory_mission,9x4.5,pi5,19.213,-0.182,-2.472,-1.004,0.264,-0.215,1.061,-6.18,-12.01,162.86,0.2776,0.2780,0.6040,0.5846,7753,27.221,693.9,400.2,500.3,22.6,522.9,21.84,23.94,0.92820,10.436,12.00,24.88,14,2
78.289,factory_mission,9x4.5,pi5,19.155,-0.162,-2.484,-1.034,0.346,-0.193,1.107,-6.57,-13.85,158.75,0.3273,0.3297,0.5508,0.5376,7757,26.070,664.6,356.0,445.1,22.6,467.7,19.48,24.01,0.92815,10.442,13.46,24.88,14,2
78.341,factory_mission,9x4.5,pi5,19.112,-0.144,-2.492,-1.055,0.407,-0.159,1.142,-6.41,-14.81,155.63,0.3884,0.3909,0.4964,0.4880,7824,25.712,655.5,334.4,418.0,22.6,440.6,18.32,24.05,0.92811,10.448,14.31,24.88,14,2
78.389,factory_mission,9x4.5,pi5,19.041,-0.110,-2.501,-1.088,0.505,-0.094,1.203,-5.70,-15.90,150.62,0.4445,0.4470,0.4530,0.4450,7917,26.093,665.2,337.3,421.7,22.6,444.3,18.48,24.04,0.92807,10.454,14.18,24.88,14,2
78.441,factory_mission,9x4.5,pi5,18.995,-0.085,-2.504,-1.109,0.568,-0.056,1.247,-5.02,-16.41,147.22,0.4978,0.4991,0.4135,0.4073,8019,26.943,686.9,357.3,446.6,22.6,469.2,19.54,24.01,0.92802,10.461,13.41,24.88,14,2
78.489,factory_mission,9x4.5,pi5,18.928,-0.044,-2.505,-1.139,0.658,-0.015,1.316,-3.84,-16.87,142.29,0.5368,0.5368,0.3830,0.3786,8083,27.729,706.9,380.0,475.0,22.6,497.6,20.76,23.97,0.92797,10.468,12.63,24.88,14,2
78.537,factory_mission,9x4.5,pi5,18.879,-0.012,-2.504,-1.162,0.722,0.004,1.368,-3.04,-16.98,139.24,0.5631,0.5633,0.3614,0.3576,8120,28.356,722.9,400.0,500.0,22.6,522.6,21.83,23.94,0.92793,10.475,12.00,24.88,14,2
78.589,factory_mission,9x4.5,pi5,18.799,0.046,-2.502,-1.196,0.823,0.020,1.452,-1.90,-16.92,135.16,0.5788,0.5815,0.3459,0.3442,8138,28.777,733.6,414.5,518.1,22.6,540.7,22.61,23.92,0.92787,10.482,11.59,24.88,14,2
78.637,factory_mission,9x4.5,pi5,18.748,0.086,-2.499,-1.217,0.883,0.024,1.503,-1.24,-16.74,132.83,0.5842,0.5866,0.3410,0.3406,8145,28.923,737.3,419.4,524.3,22.6,546.9,22.88,23.91,0.92782,10.490,11.45,24.88,14,2
78.689,factory_mission,9x4.5,pi5,18.674,0.146,-2.496,-1.242,0.961,0.027,1.571,-0.44,-16.34,129.97,0.5830,0.5841,0.3428,0.3437,8149,28.909,737.0,418.3,522.9,22.6,545.5,22.81,23.91,0.92777,10.497,11.48,24.88,14,2
78.741,factory_mission,9x4.5,pi5,18.621,0.192,-2.493,-1.258,1.013,0.029,1.615,-0.02,-16.01,128.47,0.5726,0.5762,0.3524,0.3537,8154,28.752,733.0,411.3,514.2,22.6,536.8,22.44,23.92,0.92771,10.505,11.67,24.88,14,2
78.789,factory_mission,9x4.5,pi5,18.535,0.269,-2.489,-1.279,1.087,0.031,1.679,0.41,-15.50,126.81,0.5609,0.5633,0.3651,0.3671,8160,28.557,728.0,402.9,503.6,22.6,526.2,21.99,23.93,0.92766,10.512,11.92,24.88,14,2
78.841,factory_mission,9x4.5,pi5,18.481,0.319,-2.487,-1.289,1.129,0.033,1.714,0.60,-15.16,126.04,0.5438,0.5444,0.3832,0.3823,8150,28.219,719.4,390.7,488.3,22.6,510.9,21.33,23.95,0.92761,10.520,12.28,24.88,14,2
78.889,factory_mission,9x4.5,pi5,18.404,0.392,-2.483,-1.299,1.180,0.039,1.755,0.74,-14.61,125.31,0.5278,0.5280,0.4011,0.3977,8153,28.031,714.6,382.8,478.5,22.6,501.1,20.91,23.96,0.92757,10.526,12.53,24.88,14,2
78.941,factory_mission,9x4.5,pi5,18.350,0.446,-2.481,-1.304,1.212,0.045,1.780,0.77,-14.18,125.06,0.5093,0.5114,0.4191,0.4181,8165,27.936,712.2,377.3,471.7,22.6,494.3,20.62,23.97,0.92752,10.533,12.70,24.88,14,2
78.989,factory_mission,9x4.5,pi5,18.262,0.534,-2.476,-1.305,1.254,0.056,1.811,0.74,-13.40,124.93,0.4946,0.4972,0.4355,0.4351,8182,27.947,712.5,375.5,469.4,22.6,492.0,20.52,23.98,0.92747,10.540,12.76,24.88,14,2
79.041,factory_mission,9x4.5,pi5,18.208,0.589,-2.473,-1.303,1.276,0.061,1.825,0.69,-12.82,124.96,0.4804,0.4826,0.4522,0.4526,8201,28.019,714.3,375.7,469.6,22.6,492.2,20.53,23.97,0.92742,10.547,12.75,24.88,14,2
79.089,factory_mission,9x4.5,pi5,18.133,0.668,-2.468,-1.296,1.298,0.066,1.836,0.61,-11.87,125.10,0.4693,0.4725,0.4647,0.4653,8215,28.098,716.3,376.9,471.2,22.6,493.8,20.60,23.97,0.92738,10.554,12.71,24.88,14,2
79.141,factory_mission,9x4.5,pi5,18.079,0.725,-2.465,-1.288,1.310,0.068,1.838,0.55,-11.21,125.21,0.4587,0.4635,0.4755,0.4773,8227,28.183,718.5,378.7,473.4,22.6,496.0,20.69,23.97,0.92733,10.561,12.65,24.88,14,2
79.189,factory_mission,9x4.5,pi5,17.995,0.815,-2.459,-1.271,1.319,0.068,1.833,0.47,-10.21,125.36,0.4527,0.4568,0.4825,0.4855,8236,28.258,720.4,380.5,475.7,22.6,498.3,20.79,23.97,0.92728,10.568,12.59,24.88,14,2
79.241,factory_mission,9x4.5,pi5,17.944,0.871,-2.456,-1.256,1.320,0.067,1.823,0.43,-9.55,125.42,0.4470,0.4515,0.4896,0.4912,8242,28.319,721.9,382.1,477.7,22.6,500.3,20.88,23.96,0.92723,10.575,12.54,24.88,14,2
79.289,factory_mission,9x4.5,pi5,17.873,0.948,-2.451,-1.232,1.315,0.063,1.803,0.39,-8.57,125.41,0.4445,0.4492,0.4921,0.4940,8244,28.343,722.5,382.8,478.5,22.6,501.1,20.91,23.96,0.92718,10.581,12.52,24.88,14,2
79.341,factory_mission,9x4.5,pi5,17.823,1.003,-2.448,-1.213,1.307,0.059,1.784,0.38,-7.94,125.34,0.4423,0.4481,0.4934,0.4961,8245,28.352,722.8,383.1,478.9,22.6,501.5,20.93,23.96,0.92713,10.589,12.51,24.88,14,2
79.389,factory_mission,9x4.5,pi5,17.746,1.088,-2.444,-1.178,1.287,0.053,1.745,0.37,-7.05,125.13,0.4427,0.4482,0.4933,0.4954,8244,28.343,722.6,382.9,478.7,22.6,501.3,20.92,23.96,0.92709,10.595,12.51,24.88,14,2
79.441,factory_mission,9x4.5,pi5,17.699,1.141,-2.442,-1.154,1.271,0.049,1.717,0.37,-6.49,124.91,0.4426,0.4485,0.4921,0.4957,8241,28.326,722.1,382.6,478.2,22.6,500.8,20.90,23.96,0.92704,10.603,12.52,24.88,14,2
79.489,factory_mission,9x4.5,pi5,17.635,1.212,-2.439,-1.118,1.244,0.043,1.673,0.38,-5.70,124.48,0.4447,0.4504,0.4903,0.4928,8239,28.300,721.4,381.9,477.3,22.6,499.9,20.86,23.96,0.92699,10.609,12.54,24.88,14,2
79.541,factory_mission,9x4.5,pi5,17.591,1.261,-2.437,-1.091,1.222,0.038,1.639,0.39,-5.22,124.13,0.4464,0.4512,0.4886,0.4910,8235,28.270,720.7,381.1,476.4,22.6,499.0,20.83,23.96,0.92694,10.616,12.57,24.88,14,2
79.589,factory_mission,9x4.5,pi5,17.524,1.337,-2.435,-1.046,1.183,0.032,1.579,0.40,-4.56,123.51,0.4486,0.4528,0.4861,0.4888,8232,28.239,719.9,380.4,475.4,22.6,498.0,20.78,23.96,0.92689,10.623,12.59,24.88,14,2
79.637,factory_mission,9x4.5,pi5,17.484,1.383,-2.434,-1.017,1.157,0.028,1.540,0.40,-4.16,123.05,0.4485,0.4537,0.4852,0.4880,8229,28.217,719.3,379.9,474.8,22.6,497.4,20.76,23.96,0.92685,10.630,12.60,24.88,14,2
79.689,factory_mission,9x4.5,pi5,17.430,1.444,-2.433,-0.975,1.117,0.024,1.483,0.41,-3.61,122.28,0.4509,0.4553,0.4832,0.4854,8226,28.192,718.7,379.3,474.1,22.6,496.7,20.73,23.96,0.92680,10.637,12.62,24.87,14,2
79.741,factory_mission,9x4.5,pi5,17.393,1.486,-2.433,-0.944,1.088,0.021,1.441,0.40,-3.29,121.73,0.4510,0.4555,0.4829,0.4847,8224,28.175,718.3,378.9,473.6,22.6,496.2,20.71,23.96,0.92675,10.644,12.63,24.87,14,2
79.789,factory_mission,9x4.5,pi5,17.336,1.550,-2.432,-0.896,1.039,0.017,1.372,0.40,-2.86,120.84,0.4519,0.4560,0.4818,0.4838,8222,28.160,717.9,378.5,473.2,22.6,495.8,20.69,23.96,0.92670,10.651,12.65,24.87,14,2
79.841,factory_mission,9x4.5,pi5,17.303,1.589,-2.432,-0.865,1.009,0.015,1.329,0.39,-2.61,120.21,0.4498,0.4549,0.4834,0.4849,8220,28.150,717.6,378.4,473.0,22.6,495.6,20.68,23.96,0.92665,10.658,12.65,24.87,14,2
79.889,factory_mission,9x4.5,pi5,17.258,1.641,-2.432,-0.823,0.966,0.012,1.269,0.37,-2.27,119.20,0.4507,0.4547,0.4826,0.4846,8219,28.140,717.4,378.2,472.7,22.6,495.3,20.67,23.96,0.92660,10.664,12.65,24.87,14,2
79.937,factory_mission,9x4.5,pi5,17.228,1.676,-2.432,-0.793,0.935,0.010,1.226,0.36,-2.08,118.50,0.4492,0.4521,0.4849,0.4861,8217,28.137,717.3,378.3,472.8,22.6,495.4,20.67,23.96,0.92656,10.671,12.65,24.87,14,2
79.989,factory_mission,9x4.5,pi5,17.182,1.731,-2.432,-0.746,0.887,0.007,1.159,0.34,-1.83,117.37,0.4484,0.4510,0.4858,0.4868,8216,28.133,717.2,378.2,472.8,22.6,495.4,20.67,23.96,0.92651,10.678,12.65,24.87,14,2
80.037,factory_mission,9x4.5,pi5,17.155,1.763,-2.432,-0.718,0.858,0.005,1.118,0.33,-1.68,116.58,0.4444,0.4473,0.4896,0.4903,8215,28.136,717.3,378.5,473.2,22.6,495.8,20.69,23.96,0.92646,10.685,12.64,24.87,14,2
80.089,factory_mission,9x4.5,pi5,17.118,1.807,-2.433,-0.679,0.817,0.003,1.062,0.32,-1.49,115.31,0.4434,0.4465,0.4905,0.4907,8213,28.126,717.0,378.4,473.0,22.6,495.6,20.68,23.96,0.92641,10.692,12.64,24.87,14,2
80.137,factory_mission,9x4.5,pi5,17.094,1.837,-2.433,-0.652,0.789,0.002,1.023,0.31,-1.37,114.41,0.4400,0.4423,0.4941,0.4942,8211,28.132,717.2,378.8,473.5,22.6,496.1,20.71,23.96,0.92637,10.699,12.63,24.87,14,2
80.189,factory_mission,9x4.5,pi5,17.056,1.883,-2.433,-0.610,0.744,-0.008,0.962,0.31,-1.23,112.96,0.4565,0.5923,0.4690,0.4622,8607,31.121,793.4,445.6,557.0,22.6,579.6,24.30,23.85,0.92631,10.707,10.76,24.87,14,2
80.241,factory_mission,9x4.5,pi5,17.035,1.910,-2.435,-0.586,0.719,-0.055,0.929,0.99,-1.79,112.01,0.7068,0.7257,0.2576,0.2308,8393,34.213,872.2,602.7,753.4,22.6,776.0,32.89,23.59,0.92623,10.718,7.95,24.87,14,2
80.289,factory_mission,9x4.5,pi5,17.005,1.946,-2.441,-0.578,0.692,-0.179,0.920,3.71,-3.64,111.32,0.8398,0.8043,0.0890,0.0781,7996,38.557,982.9,815.6,1019.4,22.6,1042.0,44.85,23.23,0.92613,10.732,5.83,24.87,14,2
80.337,factory_mission,9x4.5,pi5,16.984,1.971,-2.451,-0.601,0.680,-0.314,0.961,5.70,-4.82,111.79,0.8523,0.7977,0.0037,0.0000,7067,37.586,958.2,818.8,1023.5,22.6,1046.1,45.03,23.23,0.92603,10.746,5.80,24.87,14,2
80.389,factory_mission,9x4.5,pi5,16.946,2.010,-2.480,-0.677,0.666,-0.511,1.079,8.17,-6.35,114.23,0.7479,0.7489,0.0000,0.0111,6539,31.655,807.0,630.1,787.7,22.6,810.3,34.41,23.55,0.92595,10.758,7.59,24.87,14,2
80.441,factory_mission,9x4.5,pi5,16.919,2.035,-2.504,-0.731,0.655,-0.563,1.131,9.31,-7.18,116.92,0.6844,0.6847,0.0109,0.0372,6568,27.504,701.2,499.5,624.4,22.6,647.0,27.23,23.76,0.92588,10.767,9.60,24.87,14,2
80.489,factory_mission,9x4.5,pi5,16.876,2.068,-2.540,-0.804,0.632,-0.548,1.160,10.18,-8.24,122.27,0.6113,0.5926,0.0829,0.1132,6506,23.187,591.1,364.5,455.6,22.6,478.2,19.94,23.98,0.92584,10.773,13.10,24.87,14,2
80.541,factory_mission,9x4.5,pi5,16.843,2.092,-2.564,-0.847,0.611,-0.483,1.151,10.28,-8.94,126.52,0.5220,0.5209,0.1866,0.2056,6633,20.635,526.0,273.7,342.1,22.6,364.7,15.12,24.12,0.92580,10.779,17.28,24.87,14,2
80.589,factory_mission,9x4.5,pi5,16.785,2.128,-2.594,-0.903,0.575,-0.317,1.116,9.75,-9.99,133.55,0.4595,0.4558,0.2905,0.2987,6884,20.311,517.8,241.4,301.8,22.6,324.4,13.42,24.17,0.92577,10.783,19.47,24.87,14,2
80.641,factory_mission,9x4.5,pi5,16.746,2.149,-2.607,-0.934,0.551,-0.205,1.103,9.05,-10.66,138.48,0.4032,0.4001,0.3959,0.3983,7221,21.710,553.4,256.0,320.0,22.6,342.6,14.19,24.15,0.92574,10.788,18.42,24.87,14,2
80.689,factory_mission,9x4.5,pi5,16.690,2.178,-2.616,-0.978,0.517,-0.068,1.109,7.68,-11.50,145.93,0.3568,0.3534,0.4785,0.4789,7475,23.598,601.6,296.2,370.2,22.6,392.8,16.31,24.09,0.92570,10.793,16.02,24.87,14,2
80.741,factory_mission,9x4.5,pi5,16.647,2.198,-2.617,-1.013,0.494,0.004,1.127,6.67,-11.88,150.76,0.3139,0.3123,0.5467,0.5456,7660,25.612,652.9,350.0,437.5,22.6,460.1,19.17,24.00,0.92565,10.800,13.63,24.87,14,2
80.789,factory_mission,9x4.5,pi5,16.577,2.227,-2.612,-1.073,0.458,0.071,1.169,5.14,-12.11,157.50,0.2838,0.2834,0.5920,0.5897,7770,27.198,693.3,397.4,496.8,22.6,519.4,21.71,23.92,0.92561,10.807,12.03,24.87,14,2
80.841,factory_mission,9x4.5,pi5,16.530,2.244,-2.607,-1.110,0.436,0.089,1.196,4.19,-12.04,161.54,0.2636,0.2635,0.6202,0.6166,7824,28.241,719.9,431.2,539.0,22.6,561.6,23.53,23.87,0.92555,10.815,11.10,24.87,14,2
80.889,factory_mission,9x4.5,pi5,16.462,2.267,-2.598,-1.160,0.407,0.093,1.233,2.94,-11.63,166.76,0.2532,0.2548,0.6305,0.6276,7833,28.616,729.5,444.7,555.8,22.6,578.4,24.26,23.85,0.92550,10.823,10.77,24.87,14,2
80.941,factory_mission,9x4.5,pi5,16.411,2.283,-2.592,-1.191,0.387,0.090,1.256,2.26,-11.20,169.65,0.2535,0.2583,0.6267,0.6264,7828,28.514,726.9,441.3,551.6,22.6,574.2,24.07,23.85,0.92544,10.831,10.85,24.87,14,2
80.989,factory_mission,9x4.5,pi5,16.327,2.306,-2.583,-1.231,0.357,0.084,1.284,1.49,-10.39,173.08,0.2635,0.2689,0.6154,0.6163,7825,28.166,718.0,428.2,535.3,22.6,557.9,23.37,23.87,0.92539,10.838,11.17,24.87,14,2
81.041,factory_mission,9x4.5,pi5,16.274,2.319,-2.578,-1.248,0.339,0.083,1.296,1.12,-9.79,174.79,0.2840,0.2888,0.5960,0.5977,7834,27.655,705.0,407.7,509.6,22.6,532.2,22.26,23.91,0.92533,10.846,11.73,24.87,14,2
81.089,factory_mission,9x4.5,pi5,16.198,2.337,-2.571,-1.262,0.315,0.086,1.304,0.75,-8.86,176.61,0.3068,0.3122,0.5764,0.5775,7857,27.263,695.0,389.9,487.4,22.6,510.0,21.31,23.93,0.92528,10.853,12.25,24.87,14,2
81.141,factory_mission,9x4.5,pi5,16.144,2.349,-2.565,-1.267,0.299,0.093,1.305,0.61,-8.25,177.37,0.3361,0.3418,0.5513,0.5542,7895,26.948,687.0,373.2,466.5,22.6,489.1,20.41,23.96,0.92524,10.860,12.79,24.87,14,2
81.189,factory_mission,9x4.5,pi5,16.057,2.367,-2.556,-1.263,0.276,0.108,1.298,0.51,-7.37,177.98,0.3651,0.3696,0.5296,0.5329,7945,26.864,684.8,363.7,454.7,22.6,477.3,19.91,23.97,0.92519,10.866,13.11,24.87,14,2
81.241,factory_mission,9x4.5,pi5,16.004,2.379,-2.550,-1.256,0.262,0.119,1.288,0.49,-6.81,178.11,0.3967,0.4011,0.5075,0.5096,8009,26.967,687.5,359.6,449.5,22.6,472.1,19.68,23.98,0.92514,10.873,13.26,24.87,14,2
81.289,factory_mission,9x4.5,pi5,15.931,2.393,-2.541,-1.240,0.243,0.131,1.270,0.50,-6.03,178.02,0.4235,0.4258,0.4885,0.4916,8062,27.149,692.1,359.8,449.8,22.6,472.4,19.70,23.98,0.92510,10.879,13.25,24.87,14,2
81.341,factory_mission,9x4.5,pi5,15.879,2.403,-2.534,-1.225,0.231,0.138,1.254,0.53,-5.55,177.83,0.4482,0.4516,0.4692,0.4729,8107,27.372,697.8,362.6,453.3,22.6,475.9,19.85,23.98,0.92505,10.886,13.15,24.87,14,2
81.389,factory_mission,9x4.5,pi5,15.799,2.419,-2.522,-1.196,0.212,0.143,1.223,0.57,-4.87,177.46,0.4679,0.4702,0.4553,0.4588,8144,27.616,704.0,367.3,459.2,22.6,481.8,20.10,23.97,0.92501,10.893,12.98,24.87,14,2
81.441,factory_mission,9x4.5,pi5,15.751,2.428,-2.515,-1.175,0.200,0.143,1.200,0.59,-4.45,177.22,0.4857,0.4883,0.4422,0.4451,8177,27.877,710.7,373.3,466.6,22.6,489.2,20.42,23.96,0.92496,10.900,12.78,24.87,14,2
81.489,factory_mission,9x4.5,pi5,15.685,2.440,-2.505,-1.142,0.185,0.138,1.165,0.61,-3.87,176.94,0.4959,0.4996,0.4341,0.4366,8195,28.047,715.0,377.6,472.0,22.6,494.6,20.65,23.95,0.92491,10.906,12.64,24.87,14,2
81.537,factory_mission,9x4.5,pi5,15.639,2.448,-2.498,-1.117,0.174,0.133,1.138,0.61,-3.52,176.84,0.5048,0.5083,0.4271,0.4292,8207,28.172,718.2,381.1,476.4,22.6,499.0,20.84,23.94,0.92487,10.913,12.52,24.87,14,2
81.589,factory_mission,9x4.5,pi5,15.568,2.461,-2.488,-1.074,0.158,0.122,1.092,0.61,-3.04,176.85,0.5098,0.5136,0.4221,0.4256,8213,28.249,720.1,383.4,479.2,22.6,501.8,20.96,23.94,0.92482,10.920,12.45,24.87,14,2
81.637,factory_mission,9x4.5,pi5,15.526,2.468,-2.483,-1.046,0.149,0.115,1.062,0.60,-2.75,176.98,0.5144,0.5176,0.4183,0.4214,8215,28.300,721.4,385.1,481.3,22.6,503.9,21.05,23.94,0.92477,10.927,12.39,24.87,14,2
81.689,factory_mission,9x4.5,pi5,15.468,2.478,-2.476,-1.005,0.135,0.102,1.019,0.59,-2.36,177.40,0.5022,0.6810,0.4343,0.4111,8784,33.099,843.8,504.9,631.1,22.6,653.7,27.53,23.74,0.92470,10.936,9.48,24.87,14,2
81.741,factory_mission,9x4.5,pi5,15.429,2.484,-2.472,-0.978,0.126,0.038,0.987,1.34,-2.77,177.87,0.7302,0.7526,0.2506,0.2278,8539,35.882,914.7,654.4,818.0,22.6,840.6,35.78,23.49,0.92462,10.949,7.29,24.87,14,2
81.789,factory_mission,9x4.5,pi5,15.368,2.493,-2.475,-0.957,0.083,-0.137,0.970,4.52,-4.61,179.40,0.8402,0.7911,0.1015,0.1062,8096,38.396,978.8,801.9,1002.4,22.6,1025.0,44.10,23.24,0.92452,10.962,5.91,24.87,14,2
81.841,factory_mission,9x4.5,pi5,15.330,2.496,-2.483,-0.961,0.028,-0.273,0.999,6.84,-5.90,-178.66,0.8309,0.7589,0.0226,0.0465,7444,35.772,911.9,745.0,931.3,22.6,953.9,40.87,23.34,0.92442,10.976,6.38,24.87,14,2
81.889,factory_mission,9x4.5,pi5,15.277,2.496,-2.505,-0.977,-0.079,-0.422,1.067,9.74,-7.81,-174.18,0.7183,0.7338,0.0191,0.0624,6990,30.633,780.9,584.1,730.2,22.6,752.8,31.89,23.61,0.92435,10.986,8.18,24.87,14,2
81.937,factory_mission,9x4.5,pi5,15.238,2.491,-2.526,-0.986,-0.164,-0.464,1.102,10.98,-8.96,-170.22,0.6488,0.6350,0.0690,0.1205,6771,25.665,654.3,428.7,535.9,22.6,558.5,23.40,23.86,0.92430,10.993,11.14,24.87,14,2
81.989,factory_mission,9x4.5,pi5,15.176,2.476,-2.560,-0.988,-0.293,-0.413,1.110,11.75,-10.69,-163.15,0.5608,0.5425,0.1686,0.2065,6790,22.109,563.6,309.7,387.1,22.6,409.7,17.03,24.05,0.92426,10.999,15.31,24.87,14,2
82.041,factory_mission,9x4.5,pi5,15.136,2.461,-2.579,-0.982,-0.365,-0.328,1.098,11.59,-11.92,-157.92,0.4745,0.4723,0.2890,0.3067,7022,21.204,540.5,258.6,323.3,22.6,345.9,14.33,24.13,0.92422,11.004,18.19,24.87,14,2
82.089,factory_mission,9x4.5,pi5,15.081,2.435,-2.597,-0.969,-0.461,-0.185,1.089,10.44,-13.73,-149.67,0.4126,0.4053,0.3950,0.4034,7290,22.125,564.0,263.4,329.3,22.6,351.9,14.59,24.13,0.92419,11.009,17.87,24.87,14,2
83.300,factory_mission,9x4.5,pi5,15.042,2.412,-2.605,-0.961,-0.530,-0.091,1.101,9.28,-14.83,-144.09,0.3496,0.3454,0.4930,0.4957,7534,24.100,614.4,308.1,385.1,22.6,407.7,16.95,24.05,0.92324,11.146,15.36,24.87,14,2
83.348,factory_mission,9x4.5,pi5,14.980,2.369,-2.608,-0.953,-0.647,0.018,1.152,7.19,-16.10,-135.95,0.3038,0.2974,0.5655,0.5653,7709,26.272,669.8,369.3,461.6,22.6,484.2,20.22,23.95,0.92319,11.153,12.88,24.87,14,2
83.400,factory_mission,9x4.5,pi5,14.941,2.338,-2.607,-0.952,-0.725,0.055,1.198,5.73,-16.65,-130.86,0.2647,0.2583,0.6193,0.6175,7810,28.175,718.3,430.3,537.9,22.6,560.5,23.50,23.85,0.92314,11.161,11.08,24.87,14,2
83.448,factory_mission,9x4.5,pi5,14.887,2.289,-2.602,-0.954,-0.837,0.074,1.271,3.62,-17.01,-124.03,0.2376,0.2336,0.6474,0.6458,7826,29.191,744.2,467.4,584.3,22.6,606.9,25.51,23.79,0.92308,11.169,10.20,24.87,14,2
83.496,factory_mission,9x4.5,pi5,14.848,2.250,-2.597,-0.957,-0.916,0.073,1.327,2.37,-16.97,-120.12,0.2224,0.2217,0.6583,0.6565,7806,29.512,752.4,481.8,602.3,22.6,624.9,26.29,23.77,0.92302,11.177,9.90,24.87,14,2
83.548,factory_mission,9x4.5,pi5,14.785,2.181,-2.591,-0.963,-1.034,0.062,1.415,0.81,-16.58,-115.31,0.2193,0.2223,0.6556,0.6540,7778,29.304,747.0,476.8,596.0,22.6,618.6,26.02,23.77,0.92296,11.186,10.00,24.87,14,2
83.596,factory_mission,9x4.5,pi5,14.745,2.134,-2.587,-0.967,-1.100,0.057,1.466,0.01,-16.18,-112.82,0.2285,0.2338,0.6412,0.6425,7760,28.753,733.0,457.8,572.2,22.6,594.8,24.99,23.80,0.92290,11.194,10.41,24.87,14,2
83.648,factory_mission,9x4.5,pi5,14.689,2.064,-2.583,-0.970,-1.182,0.055,1.530,-0.85,-15.49,-110.09,0.2486,0.2550,0.6204,0.6219,7759,28.046,715.0,430.9,538.7,22.6,561.3,23.54,23.85,0.92285,11.202,11.06,24.87,14,2
83.696,factory_mission,9x4.5,pi5,14.648,2.011,-2.580,-0.971,-1.232,0.060,1.570,-1.21,-15.02,-108.89,0.2752,0.2815,0.5966,0.5994,7784,27.457,700.0,405.8,507.2,22.6,529.8,22.18,23.89,0.92280,11.209,11.73,24.87,14,2
83.748,factory_mission,9x4.5,pi5,14.582,1.923,-2.574,-0.970,-1.299,0.078,1.623,-1.50,-14.37,-107.87,0.3079,0.3151,0.5689,0.5738,7831,27.007,688.5,383.1,478.9,22.6,501.5,20.96,23.92,0.92275,11.216,12.41,24.87,14,2
83.800,factory_mission,9x4.5,pi5,14.541,1.866,-2.570,-0.968,-1.334,0.094,1.651,-1.56,-13.99,-107.61,0.3453,0.3512,0.5436,0.5466,7907,26.876,685.1,368.9,461.1,22.6,483.7,20.20,23.95,0.92270,11.223,12.88,24.87,14,2
83.848,factory_mission,9x4.5,pi5,14.484,1.785,-2.563,-0.964,-1.376,0.117,1.684,-1.50,-13.51,-107.73,0.3783,0.3837,0.5205,0.5242,7980,26.946,686.9,362.5,453.1,22.6,475.7,19.86,23.95,0.92266,11.230,13.10,24.86,14,2
83.900,factory_mission,9x4.5,pi5,14.444,1.726,-2.557,-0.960,-1.401,0.133,1.704,-1.40,-13.24,-108.06,0.4120,0.4165,0.4971,0.5010,8052,27.148,692.1,361.1,451.3,22.6,473.9,19.78,23.96,0.92261,11.237,13.15,24.86,14,2
83.948,factory_mission,9x4.5,pi5,14.379,1.630,-2.547,-0.953,-1.438,0.153,1.732,-1.18,-12.92,-108.77,0.4394,0.4432,0.4793,0.4825,8116,27.458,700.0,364.8,456.0,22.6,478.6,19.98,23.95,0.92256,11.243,13.02,24.86,14,2
84.000,factory_mission,9x4.5,pi5,14.339,1.570,-2.540,-0.948,-1.458,0.160,1.747,-1.02,-12.73,-109.32,0.4642,0.4686,0.4629,0.4655,8177,27.834,709.6,371.6,464.6,22.6,487.2,20.35,23.94,0.92251,11.250,12.78,24.86,14,2
84.048,factory_mission,9x4.5,pi5,14.284,1.485,-2.529,-0.941,-1.484,0.165,1.765,-0.77,-12.50,-110.16,0.4824,0.4852,0.4502,0.4544,8216,28.127,717.0,377.9,472.4,22.6,495.0,20.69,23.93,0.92247,11.257,12.57,24.86,14,2
84.100,factory_mission,9x4.5,pi5,14.244,1.424,-2.521,-0.936,-1.501,0.164,1.777,-0.62,-12.37,-110.68,0.4960,0.4990,0.4404,0.4445,8244,28.363,723.1,383.6,479.5,22.6,502.1,20.99,23.92,0.92242,11.264,12.39,24.86,14,2
84.148,factory_mission,9x4.5,pi5,14.182,1.326,-2.510,-0.927,-1.525,0.158,1.792,-0.41,-12.20,-111.33,0.5039,0.5069,0.4352,0.4389,8263,28.527,727.2,387.7,484.6,22.6,507.2,21.21,23.91,0.92237,11.271,12.26,24.86,14,2
84.196,factory_mission,9x4.5,pi5,14.144,1.265,-2.503,-0.921,-1.539,0.152,1.800,-0.29,-12.10,-111.66,0.5080,0.5122,0.4328,0.4354,8276,28.638,730.1,390.4,488.0,22.6,510.6,21.36,23.91,0.92232,11.278,12.18,24.86,14,2
84.248,factory_mission,9x4.5,pi5,14.091,1.179,-2.494,-0.913,-1.556,0.142,1.809,-0.16,-11.98,-111.98,0.5090,0.5129,0.4325,0.4365,8285,28.701,731.7,391.7,489.7,22.6,512.3,21.43,23.90,0.92227,11.285,12.13,24.86,14,2
84.296,factory_mission,9x4.5,pi5,14.054,1.117,-2.487,-0.906,-1.567,0.135,1.815,-0.09,-11.91,-112.07,0.5082,0.5112,0.4346,0.4384,8290,28.725,732.3,392.0,490.0,22.6,512.6,21.44,23.90,0.92222,11.292,12.12,24.86,14,2
84.348,factory_mission,9x4.5,pi5,13.995,1.018,-2.479,-0.895,-1.583,0.122,1.822,-0.01,-11.82,-112.02,0.5043,0.5075,0.4392,0.4421,8292,28.720,732.2,391.4,489.3,22.6,511.9,21.41,23.90,0.92217,11.299,12.14,24.86,14,2
84.400,factory_mission,9x4.5,pi5,13.959,0.956,-2.473,-0.888,-1.592,0.115,1.826,0.01,-11.78,-111.89,0.4998,0.5030,0.4436,0.4471,8294,28.706,731.8,390.6,488.3,22.6,510.9,21.37,23.91,0.92212,11.307,12.16,24.86,14,2
84.448,factory_mission,9x4.5,pi5,13.909,0.869,-2.467,-0.877,-1.603,0.104,1.831,0.03,-11.73,-111.54,0.4943,0.4978,0.4491,0.4525,8295,28.687,731.3,389.8,487.2,22.6,509.8,21.32,23.91,0.92207,11.313,12.19,24.86,14,2
84.500,factory_mission,9x4.5,pi5,13.874,0.807,-2.462,-0.870,-1.611,0.097,1.833,0.03,-11.71,-111.24,0.4889,0.4923,0.4548,0.4578,8295,28.670,730.9,389.0,486.3,22.6,508.9,21.29,23.91,0.92202,11.321,12.21,24.86,14,2
84.548,factory_mission,9x4.5,pi5,13.819,0.707,-2.456,-0.857,-1.622,0.087,1.837,0.01,-11.69,-110.70,0.4835,0.4874,0.4606,0.4624,8296,28.664,730.7,388.6,485.8,22.6,508.4,21.27,23.91,0.92198,11.327,12.22,24.86,14,2
84.596,factory_mission,9x4.5,pi5,13.785,0.644,-2.452,-0.849,-1.629,0.081,1.839,-0.00,-11.69,-110.31,0.4799,0.4833,0.4641,0.4672,8298,28.670,730.9,388.6,485.8,22.6,508.4,21.26,23.91,0.92193,11.334,12.22,24.86,14,2
84.648,factory_mission,9x4.5,pi5,13.737,0.557,-2.448,-0.838,-1.638,0.073,1.841,-0.03,-11.69,-109.68,0.4751,0.4805,0.4692,0.4699,8298,28.670,730.9,388.5,485.7,22.6,508.3,21.26,23.91,0.92188,11.342,12.22,24.86,14,2
84.700,factory_mission,9x4.5,pi5,13.703,0.494,-2.445,-0.830,-1.644,0.067,1.843,-0.03,-11.69,-109.25,0.4762,0.4783,0.4688,0.4717,8300,28.678,731.1,388.7,485.9,22.6,508.5,21.27,23.91,0.92183,11.349,12.22,24.86,14,2
84.748,factory_mission,9x4.5,pi5,13.650,0.393,-2.441,-0.817,-1.653,0.059,1.845,0.00,-11.71,-108.60,0.4752,0.4781,0.4702,0.4721,8301,28.689,731.4,388.9,486.1,22.6,508.7,21.28,23.90,0.92178,11.356,12.21,24.86,14,2
84.796,factory_mission,9x4.5,pi5,13.617,0.329,-2.438,-0.808,-1.659,0.055,1.846,0.04,-11.72,-108.16,0.4751,0.4778,0.4697,0.4733,8302,28.696,731.5,389.0,486.3,22.6,508.9,21.29,23.90,0.92173,11.362,12.20,24.86,14,2
84.848,factory_mission,9x4.5,pi5,13.572,0.240,-2.435,-0.795,-1.667,0.049,1.848,0.08,-11.74,-107.51,0.4735,0.4766,0.4709,0.4749,8303,28.698,731.6,389.1,486.4,22.6,509.0,21.29,23.90,0.92168,11.370,12.20,24.86,14,2
84.900,factory_mission,9x4.5,pi5,13.541,0.177,-2.434,-0.785,-1.674,0.044,1.849,0.11,-11.76,-107.07,0.4729,0.4749,0.4718,0.4742,8295,28.646,730.3,388.0,485.0,22.6,507.6,21.23,23.91,0.92163,11.377,12.23,24.86,14,2
84.948,factory_mission,9x4.5,pi5,13.491,0.074,-2.431,-0.768,-1.683,0.038,1.850,0.14,-11.78,-106.43,0.4722,0.4715,0.4726,0.4724,8277,28.518,727.0,385.4,481.8,22.6,504.4,21.09,23.91,0.92158,11.384,12.31,24.86,14,2
85.000,factory_mission,9x4.5,pi5,13.461,0.010,-2.430,-0.757,-1.689,0.036,1.851,0.15,-11.74,-106.00,0.4717,0.4704,0.4723,0.4703,8262,28.418,724.5,383.4,479.2,22.6,501.8,20.99,23.91,0.92153,11.391,12.38,24.86,14,2
85.048,factory_mission,9x4.5,pi5,13.419,-0.081,-2.428,-0.741,-1.695,0.035,1.850,0.16,-11.54,-105.38,0.4707,0.4699,0.4717,0.4709,8256,28.379,723.5,382.6,478.2,22.6,500.8,20.94,23.91,0.92148,11.398,12.40,24.86,14,2
85.100,factory_mission,9x4.5,pi5,13.390,-0.145,-2.427,-0.729,-1.698,0.035,1.848,0.16,-11.30,-104.97,0.4707,0.4705,0.4700,0.4712,8254,28.361,723.0,382.2,477.8,22.6,500.4,20.93,23.91,0.92143,11.405,12.41,24.86,14,2
85.148,factory_mission,9x4.5,pi5,13.345,-0.249,-2.425,-0.709,-1.699,0.034,1.841,0.15,-10.82,-104.36,0.4698,0.4716,0.4695,0.4710,8252,28.347,722.6,381.9,477.4,22.6,500.0,20.91,23.91,0.92139,11.412,12.42,24.86,14,2
85.196,factory_mission,9x4.5,pi5,13.317,-0.314,-2.424,-0.696,-1.696,0.034,1.834,0.14,-10.43,-103.97,0.4705,0.4733,0.4677,0.4701,8251,28.341,722.5,381.8,477.3,22.6,499.9,20.91,23.91,0.92134,11.418,12.42,24.86,14,2
85.248,factory_mission,9x4.5,pi5,13.279,-0.404,-2.423,-0.676,-1.688,0.032,1.819,0.13,-9.79,-103.38,0.4709,0.4736,0.4674,0.4695,8250,28.335,722.3,381.7,477.1,22.6,499.7,20.90,23.91,0.92129,11.426,12.42,24.86,14,2
85.300,factory_mission,9x4.5,pi5,13.253,-0.468,-2.422,-0.661,-1.679,0.031,1.805,0.13,-9.34,-102.99,0.4715,0.4752,0.4655,0.4687,8248,28.323,722.0,381.5,476.9,22.6,499.5,20.89,23.91,0.92124,11.433,12.43,24.86,14,2
85.348,factory_mission,9x4.5,pi5,13.212,-0.570,-2.420,-0.637,-1.660,0.028,1.778,0.13,-8.64,-102.41,0.4717,0.4759,0.4652,0.4676,8247,28.313,721.8,381.3,476.6,22.6,499.2,20.88,23.91,0.92119,11.439,12.44,24.86,14,2
85.400,factory_mission,9x4.5,pi5,13.188,-0.632,-2.419,-0.621,-1.644,0.026,1.757,0.12,-8.18,-102.01,0.4735,0.4773,0.4629,0.4660,8244,28.298,721.4,381.0,476.3,22.6,498.9,20.86,23.91,0.92114,11.447,12.44,24.86,14,2
85.448,factory_mission,9x4.5,pi5,13.155,-0.718,-2.418,-0.598,-1.618,0.023,1.725,0.12,-7.50,-101.41,0.4740,0.4771,0.4627,0.4653,8242,28.281,721.0,380.7,475.9,22.6,498.5,20.85,23.91,0.92110,11.453,12.45,24.86,14,2
85.500,factory_mission,9x4.5,pi5,13.132,-0.779,-2.417,-0.581,-1.596,0.020,1.698,0.12,-7.06,-100.99,0.4748,0.4784,0.4611,0.4640,8239,28.264,720.5,380.4,475.5,22.6,498.1,20.83,23.91,0.92105,11.461,12.46,24.86,14,2
85.548,factory_mission,9x4.5,pi5,13.096,-0.873,-2.416,-0.553,-1.557,0.016,1.652,0.12,-6.44,-100.35,0.4749,0.4790,0.4599,0.4638,8237,28.248,720.1,380.1,475.1,22.6,497.7,20.81,23.91,0.92100,11.467,12.47,24.86,14,2
85.596,factory_mission,9x4.5,pi5,13.075,-0.930,-2.416,-0.536,-1.530,0.014,1.621,0.12,-6.04,-99.91,0.4768,0.4801,0.4582,0.4620,8234,28.236,719.8,379.9,474.8,22.6,497.4,20.80,23.91,0.92096,11.474,12.48,24.86,14,2
85.648,factory_mission,9x4.5,pi5,13.047,-1.009,-2.416,-0.511,-1.490,0.010,1.575,0.13,-5.49,-99.21,0.4766,0.4801,0.4584,0.4611,8231,28.215,719.3,379.4,474.3,22.6,496.9,20.78,23.91,0.92091,11.481,12.49,24.86,14,2
85.700,factory_mission,9x4.5,pi5,13.027,-1.064,-2.415,-0.493,-1.460,0.008,1.541,0.13,-5.15,-98.73,0.4779,0.4810,0.4563,0.4604,8229,28.203,719.0,379.3,474.1,22.6,496.7,20.77,23.91,0.92086,11.488,12.49,24.86,14,2
85.748,factory_mission,9x4.5,pi5,12.998,-1.148,-2.415,-0.465,-1.409,0.005,1.484,0.13,-4.67,-97.97,0.4778,0.4813,0.4563,0.4596,8227,28.189,718.6,379.0,473.7,22.6,496.3,20.76,23.91,0.92081,11.495,12.50,24.86,14,2
85.800,factory_mission,9x4.5,pi5,12.981,-1.199,-2.415,-0.448,-1.376,0.003,1.447,0.13,-4.39,-97.44,0.4792,0.4832,0.4542,0.4579,8225,28.180,718.4,378.9,473.6,22.6,496.2,20.75,23.91,0.92076,11.502,12.50,24.86,14,2
85.848,factory_mission,9x4.5,pi5,12.958,-1.269,-2.416,-0.424,-1.329,0.001,1.395,0.13,-3.99,-96.60,0.4797,0.4820,0.4549,0.4576,8224,28.170,718.1,378.7,473.3,22.6,495.9,20.74,23.91,0.92071,11.509,12.51,24.85,14,2
85.900,factory_mission,9x4.5,pi5,12.942,-1.317,-2.416,-0.406,-1.295,-0.001,1.357,0.13,-3.75,-96.01,0.4812,0.4827,0.4535,0.4566,8223,28.166,718.0,378.6,473.3,22.6,495.9,20.74,23.91,0.92066,11.516,12.51,24.85,14,2
85.948,factory_mission,9x4.5,pi5,12.919,-1.391,-2.416,-0.379,-1.240,-0.004,1.297,0.13,-3.42,-95.08,0.4799,0.4837,0.4539,0.4559,8221,28.153,717.7,378.4,472.9,22.6,495.5,20.72,23.91,0.92062,11.522,12.52,24.85,14,2
86.000,factory_mission,9x4.5,pi5,12.905,-1.435,-2.416,-0.363,-1.205,-0.005,1.259,0.13,-3.22,-94.42,0.4826,0.4847,0.4517,0.4541,8220,28.150,717.6,378.4,473.0,22.6,495.6,20.73,23.91,0.92057,11.529,12.52,24.85,14,2
86.048,factory_mission,9x4.5,pi5,12.887,-1.494,-2.417,-0.340,-1.157,-0.007,1.206,0.12,-2.95,-93.39,0.4817,0.4846,0.4523,0.4545,8220,28.146,717.5,378.3,472.9,22.6,495.5,20.72,23.91,0.92052,11.536,12.52,24.85,14,2
86.100,factory_mission,9x4.5,pi5,12.875,-1.535,-2.417,-0.324,-1.122,-0.008,1.168,0.11,-2.79,-92.67,0.4832,0.4855,0.4510,0.4532,8219,28.145,717.5,378.3,472.9,22.6,495.5,20.72,23.91,0.92047,11.543,12.52,24.85,14,2
86.148,factory_mission,9x4.5,pi5,12.857,-1.598,-2.418,-0.301,-1.068,-0.010,1.109,0.09,-2.57,-91.53,0.4830,0.4854,0.4510,0.4532,8218,28.141,717.4,378.2,472.8,22.6,495.4,20.72,23.91,0.92043,11.550,12.52,24.85,14,2
86.200,factory_mission,9x4.5,pi5,12.846,-1.636,-2.419,-0.287,-1.034,-0.011,1.073,0.08,-2.45,-90.73,0.4856,0.4872,0.4486,0.4509,8217,28.137,717.3,378.3,472.9,22.6,495.5,20.72,23.91,0.92038,11.557,12.51,24.85,14,2
86.248,factory_mission,9x4.5,pi5,12.831,-1.686,-2.419,-0.268,-0.989,-0.013,1.024,0.07,-2.28,-89.47,0.4844,0.4871,0.4491,0.4511,8215,28.125,717.0,378.0,472.5,22.6,495.1,20.71,23.91,0.92033,11.564,12.52,24.85,14,2
86.300,factory_mission,9x4.5,pi5,12.822,-1.721,-2.420,-0.254,-0.957,-0.014,0.990,0.06,-2.17,-88.59,0.4870,0.4881,0.4469,0.4494,8214,28.122,716.9,378.1,472.6,22.6,495.2,20.71,23.91,0.92028,11.571,12.52,24.85,14,2
86.348,factory_mission,9x4.5,pi5,12.807,-1.775,-2.422,-0.235,-0.907,-0.015,0.937,0.04,-2.03,-87.20,0.4869,0.4888,0.4463,0.4492,8213,28.117,716.8,378.0,472.5,22.6,495.1,20.71,23.91,0.92023,11.577,12.52,24.85,14,2
86.400,factory_mission,9x4.5,pi5,12.798,-1.808,-2.422,-0.223,-0.877,-0.016,0.905,0.04,-1.95,-86.22,0.4903,0.4923,0.4434,0.4449,8212,28.123,716.9,378.4,473.0,22.6,495.6,20.73,23.91,0.92018,11.584,12.51,24.85,14,2
86.448,factory_mission,9x4.5,pi5,12.786,-1.851,-2.423,-0.207,-0.837,-0.019,0.862,0.02,-1.84,-84.68,0.4858,0.4287,0.4556,0.6036,8585,31.069,792.0,447.0,558.7,22.6,581.3,24.43,23.80,0.92013,11.592,10.61,24.85,14,2
86.496,factory_mission,9x4.5,pi5,12.777,-1.882,-2.425,-0.197,-0.810,-0.059,0.836,-0.68,-2.15,-83.70,0.2157,0.1621,0.7776,0.7670,8398,36.840,939.2,709.6,887.0,22.6,909.6,38.94,23.36,0.92004,11.604,6.66,24.85,14,2
86.548,factory_mission,9x4.5,pi5,12.764,-1.928,-2.434,-0.207,-0.787,-0.261,0.854,-3.78,-2.93,-83.22,0.0223,0.0000,0.9015,0.8501,7503,41.892,1068.0,961.2,1201.5,22.6,1224.1,53.39,22.93,0.91991,11.622,4.85,24.85,14,2
86.596,factory_mission,9x4.5,pi5,12.755,-1.957,-2.448,-0.243,-0.785,-0.448,0.936,-6.07,-3.22,-84.13,0.0000,0.0047,0.7977,0.7733,6784,34.440,878.0,716.8,896.0,22.6,918.6,39.34,23.35,0.91983,11.634,6.59,24.85,14,2
86.648,factory_mission,9x4.5,pi5,12.739,-1.999,-2.480,-0.315,-0.781,-0.584,1.025,-9.13,-3.47,-87.22,0.0000,0.0398,0.6920,0.7086,6294,28.348,722.7,529.7,662.1,22.6,684.7,28.94,23.66,0.91976,11.644,8.95,24.85,14,2
86.700,factory_mission,9x4.5,pi5,12.724,-2.029,-2.506,-0.372,-0.772,-0.597,1.045,-10.70,-3.51,-90.24,0.0000,0.0626,0.6773,0.6600,6147,26.333,671.3,470.3,587.9,22.6,610.5,25.70,23.76,0.91970,11.653,10.08,24.85,14,2
86.748,factory_mission,9x4.5,pi5,12.695,-2.076,-2.548,-0.470,-0.747,-0.541,1.035,-12.40,-3.77,-95.93,0.0000,0.0705,0.6646,0.6600,6130,25.964,661.9,459.0,573.7,22.6,596.3,25.08,23.77,0.91964,11.661,10.33,24.85,14,2
86.800,factory_mission,9x4.5,pi5,12.672,-2.105,-2.572,-0.535,-0.725,-0.490,1.026,-13.05,-4.15,-100.42,0.0000,0.0681,0.6687,0.6678,6164,26.343,671.6,469.6,587.0,22.6,609.6,25.66,23.76,0.91958,11.670,10.09,24.85,14,2
86.848,factory_mission,9x4.5,pi5,12.634,-2.144,-2.601,-0.629,-0.688,-0.422,1.023,-13.28,-5.09,-108.18,0.0577,0.1151,0.6233,0.6178,6556,24.169,616.1,392.4,490.5,22.6,513.1,21.49,23.88,0.91953,11.677,12.05,24.85,14,2
86.900,factory_mission,9x4.5,pi5,12.604,-2.170,-2.619,-0.692,-0.658,-0.363,1.021,-12.91,-5.94,-113.96,0.1864,0.2094,0.5269,0.5237,6674,20.893,532.6,278.9,348.6,22.6,371.2,15.43,24.06,0.91949,11.682,16.79,24.85,14,2
86.948,factory_mission,9x4.5,pi5,12.549,-2.209,-2.639,-0.771,-0.607,-0.213,1.004,-11.62,-7.43,-123.22,0.3084,0.3109,0.4472,0.4478,6920,20.350,518.8,239.3,299.2,22.6,321.8,13.34,24.12,0.91946,11.686,19.42,24.85,14,2
87.000,factory_mission,9x4.5,pi5,12.513,-2.232,-2.646,-0.812,-0.576,-0.107,1.001,-10.40,-8.38,-129.59,0.4266,0.4242,0.3792,0.3783,7260,21.991,560.6,261.8,327.3,22.6,349.9,14.53,24.09,0.91943,11.691,17.83,24.85,14,2
87.048,factory_mission,9x4.5,pi5,12.458,-2.261,-2.647,-0.866,-0.534,0.018,1.017,-8.35,-9.51,-139.09,0.5188,0.5145,0.3218,0.3209,7506,24.286,619.1,318.1,397.6,22.6,420.2,17.51,24.00,0.91939,11.697,14.79,24.85,14,2
87.100,factory_mission,9x4.5,pi5,12.418,-2.281,-2.643,-0.905,-0.506,0.077,1.040,-6.95,-9.98,-145.18,0.5917,0.5880,0.2697,0.2702,7664,26.691,680.4,390.0,487.6,22.6,510.2,21.36,23.88,0.91934,11.704,12.12,24.85,14,2
87.148,factory_mission,9x4.5,pi5,12.350,-2.310,-2.633,-0.968,-0.465,0.116,1.080,-4.98,-10.24,-153.62,0.6367,0.6350,0.2323,0.2344,7732,28.431,724.8,448.4,560.5,22.6,583.1,24.51,23.79,0.91928,11.712,10.56,24.85,14,2
87.200,factory_mission,9x4.5,pi5,12.305,-2.327,-2.626,-1.007,-0.442,0.113,1.105,-3.81,-10.13,-158.63,0.6614,0.6596,0.2072,0.2083,7725,29.324,747.6,483.0,603.7,22.6,626.3,26.39,23.73,0.91922,11.721,9.81,24.85,14,2
87.248,factory_mission,9x4.5,pi5,12.241,-2.350,-2.616,-1.054,-0.411,0.092,1.135,-2.36,-9.62,-165.10,0.6675,0.6662,0.1933,0.1978,7683,29.430,750.3,491.1,613.8,22.6,636.4,26.84,23.72,0.91916,11.730,9.65,24.85,14,2
87.300,factory_mission,9x4.5,pi5,12.194,-2.365,-2.610,-1.081,-0.391,0.074,1.152,-1.60,-9.11,-168.67,0.6595,0.6577,0.1942,0.2007,7637,28.930,737.5,476.7,595.9,22.6,618.5,26.05,23.74,0.91910,11.739,9.94,24.85,14,2
87.348,factory_mission,9x4.5,pi5,12.116,-2.388,-2.603,-1.112,-0.361,0.053,1.170,-0.76,-8.21,-172.93,0.6412,0.6430,0.2060,0.2132,7605,28.169,718.1,451.4,564.3,22.6,586.9,24.68,23.78,0.91904,11.746,10.49,24.85,14,2
87.400,factory_mission,9x4.5,pi5,12.068,-2.402,-2.599,-1.123,-0.343,0.048,1.175,-0.39,-7.58,-175.09,0.6157,0.6177,0.2308,0.2376,7599,27.242,694.5,417.5,521.8,22.6,544.4,22.84,23.83,0.91899,11.754,11.33,24.85,14,2
87.448,factory_mission,9x4.5,pi5,11.999,-2.420,-2.594,-1.127,-0.320,0.055,1.173,-0.05,-6.66,-177.42,0.5912,0.5927,0.2600,0.2658,7628,26.591,677.9,390.2,487.7,22.6,510.3,21.37,23.88,0.91894,11.761,12.11,24.85,14,2
87.500,factory_mission,9x4.5,pi5,11.951,-2.432,-2.591,-1.124,-0.304,0.068,1.167,0.06,-6.08,-178.46,0.5607,0.5642,0.2978,0.3024,7684,26.084,664.9,365.0,456.3,22.6,478.9,20.02,23.92,0.91889,11.768,12.93,24.85,14,2
87.548,factory_mission,9x4.5,pi5,11.875,-2.451,-2.584,-1.111,-0.280,0.098,1.150,0.11,-5.28,-179.39,0.5352,0.5386,0.3344,0.3378,7759,25.945,661.4,351.1,438.8,22.6,461.4,19.27,23.94,0.91885,11.774,13.43,24.85,14,2
87.600,factory_mission,9x4.5,pi5,11.829,-2.463,-2.578,-1.097,-0.266,0.119,1.135,0.10,-4.80,-179.68,0.5077,0.5109,0.3763,0.3783,7858,26.088,665.1,344.5,430.7,22.6,453.3,18.92,23.95,0.91880,11.781,13.67,24.85,14,2
87.648,factory_mission,9x4.5,pi5,11.766,-2.478,-2.569,-1.074,-0.247,0.145,1.112,0.03,-4.14,-179.78,0.4856,0.4890,0.4103,0.4114,7941,26.383,672.6,345.4,431.8,22.6,454.4,18.97,23.95,0.91876,11.787,13.64,24.85,14,2
87.700,factory_mission,9x4.5,pi5,11.723,-2.488,-2.562,-1.055,-0.233,0.161,1.092,-0.02,-3.75,-179.70,0.4616,0.4659,0.4440,0.4453,8016,26.758,682.1,350.5,438.1,22.6,460.7,19.24,23.94,0.91871,11.793,13.45,24.85,14,2
87.748,factory_mission,9x4.5,pi5,11.656,-2.503,-2.549,-1.021,-0.212,0.176,1.057,-0.09,-3.22,-179.52,0.4446,0.4482,0.4695,0.4712,8077,27.169,692.6,358.6,448.3,22.6,470.9,19.68,23.93,0.91867,11.800,13.15,24.85,14,2
87.796,factory_mission,9x4.5,pi5,11.616,-2.513,-2.541,-0.998,-0.199,0.179,1.033,-0.13,-2.90,-179.41,0.4274,0.4318,0.4929,0.4942,8123,27.557,702.5,367.9,459.8,22.6,482.4,20.18,23.91,0.91863,11.806,12.82,24.85,14,2
87.848,factory_mission,9x4.5,pi5,11.563,-2.525,-2.529,-0.963,-0.182,0.178,0.996,-0.17,-2.46,-179.37,0.4163,0.4196,0.5097,0.5103,8158,27.892,711.0,376.5,470.6,22.6,493.2,20.64,23.90,0.91858,11.813,12.53,24.84,14,2
87.900,factory_mission,9x4.5,pi5,11.526,-2.533,-2.521,-0.937,-0.171,0.173,0.968,-0.19,-2.20,-179.47,0.4052,0.4090,0.5225,0.5242,8176,28.125,717.0,383.4,479.2,22.6,501.8,21.01,23.89,0.91853,11.820,12.31,24.84,14,2
87.948,factory_mission,9x4.5,pi5,11.470,-2.546,-2.508,-0.895,-0.152,0.151,0.920,-0.23,-1.87,-179.87,0.4052,0.3899,0.5351,0.6780,8710,32.760,835.2,501.1,626.4,22.6,649.0,27.39,23.69,0.91847,11.829,9.44,24.84,14,2
88.000,factory_mission,9x4.5,pi5,11.436,-2.553,-2.502,-0.870,-0.140,0.082,0.885,-1.13,-2.43,179.61,0.2366,0.2144,0.7193,0.7625,8436,35.461,904.0,649.5,811.8,22.6,834.4,35.59,23.45,0.91838,11.841,7.27,24.84,14,2
88.048,factory_mission,9x4.5,pi5,11.391,-2.562,-2.500,-0.854,-0.099,-0.068,0.862,-4.27,-4.40,177.94,0.1080,0.1128,0.8134,0.7799,8007,36.998,943.2,753.6,942.0,22.6,964.6,41.45,23.27,0.91829,11.854,6.24,24.84,14,2
88.100,factory_mission,9x4.5,pi5,11.359,-2.566,-2.505,-0.858,-0.044,-0.192,0.880,-6.47,-5.75,175.95,0.0513,0.0779,0.8045,0.7436,7510,34.535,880.4,695.4,869.3,22.6,891.9,38.17,23.37,0.91820,11.867,6.77,24.84,14,2
88.148,factory_mission,9x4.5,pi5,11.306,-2.567,-2.524,-0.875,0.076,-0.335,0.940,-9.18,-7.71,171.47,0.0601,0.0991,0.7026,0.7089,7124,29.720,757.6,545.2,681.5,22.6,704.1,29.81,23.62,0.91813,11.876,8.67,24.84,14,2
88.200,factory_mission,9x4.5,pi5,11.272,-2.562,-2.540,-0.884,0.159,-0.360,0.967,-10.31,-8.90,167.58,0.1223,0.1620,0.6221,0.6133,6939,25.009,637.6,395.6,494.5,22.6,517.1,21.67,23.86,0.91808,11.884,11.93,24.84,14,2
88.248,factory_mission,9x4.5,pi5,11.224,-2.549,-2.562,-0.887,0.270,-0.310,0.978,-10.93,-10.65,160.73,0.2157,0.2420,0.5483,0.5311,7003,22.538,574.6,306.2,382.8,22.6,405.4,16.89,24.01,0.91804,11.889,15.31,24.84,14,2
88.296,factory_mission,9x4.5,pi5,11.190,-2.536,-2.576,-0.885,0.344,-0.234,0.978,-10.70,-11.83,155.71,0.3183,0.3325,0.4725,0.4673,7196,22.019,561.3,269.5,336.9,22.6,359.5,14.94,24.06,0.91801,11.894,17.30,24.84,14,2
88.348,factory_mission,9x4.5,pi5,11.134,-2.507,-2.590,-0.879,0.458,-0.094,0.995,-9.59,-13.49,147.82,0.4229,0.4294,0.4062,0.3974,7433,23.014,586.7,279.7,349.6,22.6,372.2,15.48,24.05,0.91797,11.899,16.70,24.84,14,2
88.400,factory_mission,9x4.5,pi5,11.099,-2.484,-2.593,-0.875,0.530,-0.017,1.023,-8.51,-14.45,142.54,0.5137,0.5153,0.3503,0.3423,7671,25.119,640.4,330.2,412.7,22.6,435.3,18.16,23.97,0.91793,11.906,14.23,24.84,14,2
88.448,factory_mission,9x4.5,pi5,11.051,-2.447,-2.592,-0.874,0.636,0.057,1.082,-6.63,-15.52,134.91,0.5766,0.5764,0.3066,0.2984,7803,26.989,688.0,385.7,482.1,22.6,504.7,21.14,23.88,0.91788,11.912,12.23,24.84,14,2
88.500,factory_mission,9x4.5,pi5,11.017,-2.417,-2.589,-0.875,0.715,0.084,1.133,-5.32,-15.95,130.19,0.6216,0.6201,0.2693,0.2635,7863,28.485,726.2,436.3,545.3,22.6,567.9,23.87,23.79,0.91782,11.921,10.83,24.84,14,2
88.548,factory_mission,9x4.5,pi5,10.962,-2.361,-2.582,-0.881,0.841,0.095,1.222,-3.46,-16.18,123.92,0.6436,0.6433,0.2467,0.2425,7869,29.255,745.8,465.3,581.6,22.6,604.2,25.44,23.75,0.91776,11.929,10.16,24.84,14,2
88.600,factory_mission,9x4.5,pi5,10.928,-2.322,-2.578,-0.884,0.918,0.090,1.278,-2.37,-16.09,120.36,0.6507,0.6494,0.2357,0.2329,7842,29.378,748.9,473.0,591.2,22.6,613.8,25.86,23.73,0.91770,11.937,9.99,24.84,14,2
88.648,factory_mission,9x4.5,pi5,10.879,-2.262,-2.572,-0.890,1.017,0.079,1.353,-1.02,-15.69,116.04,0.6448,0.6450,0.2352,0.2369,7817,29.093,741.7,464.6,580.8,22.6,603.4,25.41,23.75,0.91765,11.946,10.17,24.84,14,2
88.696,factory_mission,9x4.5,pi5,10.845,-2.216,-2.569,-0.892,1.080,0.073,1.403,-0.32,-15.30,113.82,0.6308,0.6314,0.2468,0.2490,7803,28.559,728.1,445.7,557.1,22.6,579.7,24.38,23.78,0.91759,11.953,10.60,24.84,14,2
88.748,factory_mission,9x4.5,pi5,10.789,-2.137,-2.563,-0.894,1.168,0.071,1.473,0.42,-14.66,111.44,0.6090,0.6114,0.2672,0.2716,7807,27.916,711.7,420.6,525.8,22.6,548.4,23.03,23.82,0.91754,11.961,11.22,24.84,14,2
88.796,factory_mission,9x4.5,pi5,10.754,-2.085,-2.560,-0.894,1.215,0.077,1.510,0.75,-14.23,110.41,0.5860,0.5890,0.2935,0.2978,7833,27.406,698.7,398.2,497.7,22.6,520.3,21.81,23.85,0.91749,11.968,11.84,24.84,14,2
88.848,factory_mission,9x4.5,pi5,10.705,-2.010,-2.555,-0.892,1.270,0.091,1.555,1.02,-13.64,109.59,0.5611,0.5641,0.3262,0.3301,7888,27.105,691.0,380.1,475.1,22.6,497.7,20.84,23.88,0.91744,11.975,12.39,24.84,14,2
88.900,factory_mission,9x4.5,pi5,10.671,-1.955,-2.550,-0.889,1.304,0.104,1.581,1.10,-13.30,109.43,0.5350,0.5397,0.3599,0.3637,7949,26.979,687.8,367.7,459.6,22.6,482.2,20.18,23.90,0.91739,11.982,12.80,24.84,14,2
88.948,factory_mission,9x4.5,pi5,10.616,-1.865,-2.542,-0.883,1.349,0.127,1.617,1.09,-12.86,109.63,0.5139,0.5181,0.3909,0.3935,8015,27.078,690.3,363.2,454.0,22.6,476.6,19.93,23.91,0.91734,11.989,12.96,24.84,14,2
88.996,factory_mission,9x4.5,pi5,10.582,-1.808,-2.536,-0.878,1.374,0.139,1.636,1.04,-12.61,109.99,0.4941,0.4987,0.4197,0.4219,8080,27.302,696.0,363.5,454.4,22.6,477.0,19.95,23.91,0.91730,11.995,12.94,24.84,14,2
89.048,factory_mission,9x4.5,pi5,10.535,-1.727,-2.527,-0.872,1.404,0.152,1.660,0.91,-12.31,110.71,0.4764,0.4809,0.4461,0.4488,8144,27.636,704.5,368.1,460.1,22.6,482.7,20.20,23.90,0.91725,12.002,12.78,24.84,14,2
89.100,factory_mission,9x4.5,pi5,10.501,-1.668,-2.521,-0.868,1.423,0.158,1.674,0.81,-12.14,111.26,0.4610,0.4657,0.4677,0.4701,8189,27.920,711.8,373.4,466.7,22.6,489.3,20.48,23.89,0.91720,12.009,12.61,24.84,14,2
89.148,factory_mission,9x4.5,pi5,10.448,-1.574,-2.509,-0.862,1.450,0.160,1.694,0.66,-11.93,112.09,0.4509,0.4547,0.4831,0.4852,8223,28.173,718.2,378.9,473.6,22.6,496.2,20.78,23.88,0.91716,12.016,12.43,24.84,14,2
89.196,factory_mission,9x4.5,pi5,10.414,-1.515,-2.502,-0.858,1.465,0.158,1.705,0.56,-11.82,112.61,0.4426,0.4474,0.4942,0.4966,8248,28.377,723.4,383.7,479.6,22.6,502.2,21.04,23.87,0.91711,12.022,12.27,24.84,14,2
89.248,factory_mission,9x4.5,pi5,10.368,-1.432,-2.493,-0.853,1.484,0.151,1.718,0.44,-11.67,113.27,0.4379,0.4426,0.5022,0.5035,8267,28.540,727.6,387.6,484.5,22.6,507.1,21.25,23.87,0.91706,12.030,12.15,24.84,14,2
89.296,factory_mission,9x4.5,pi5,10.336,-1.372,-2.486,-0.849,1.496,0.145,1.727,0.37,-11.59,113.61,0.4364,0.4402,0.5051,0.5076,8278,28.632,729.9,389.8,487.2,22.6,509.8,21.36,23.86,0.91701,12.036,12.08,24.84,14,2
89.348,factory_mission,9x4.5,pi5,10.283,-1.276,-2.476,-0.843,1.514,0.134,1.738,0.29,-11.49,113.97,0.4371,0.4405,0.5058,0.5078,8286,28.680,731.1,390.8,488.4,22.6,511.0,21.42,23.86,0.91696,12.044,12.05,24.84,14,2
89.400,factory_mission,9x4.5,pi5,10.251,-1.216,-2.471,-0.840,1.523,0.127,1.744,0.26,-11.44,114.10,0.4394,0.4430,0.5040,0.5064,8292,28.711,731.9,391.2,488.9,22.6,511.5,21.44,23.86,0.91691,12.051,12.04,24.84,14,2
89.448,factory_mission,9x4.5,pi5,10.205,-1.132,-2.463,-0.834,1.536,0.116,1.752,0.23,-11.37,114.14,0.4429,0.4471,0.5007,0.5027,8294,28.706,731.8,390.7,488.3,22.6,510.9,21.41,23.86,0.91686,12.058,12.05,24.84,14,2
89.500,factory_mission,9x4.5,pi5,10.173,-1.072,-2.459,-0.831,1.544,0.109,1.756,0.23,-11.34,114.07,0.4476,0.4515,0.4964,0.4981,8295,28.692,731.4,390.0,487.4,22.6,510.0,21.38,23.86,0.91681,12.065,12.07,24.84,14,2
89.548,factory_mission,9x4.5,pi5,10.121,-0.974,-2.452,-0.825,1.555,0.097,1.763,0.24,-11.31,113.86,0.4524,0.4564,0.4915,0.4935,8295,28.676,731.0,389.3,486.6,22.6,509.2,21.34,23.86,0.91676,12.072,12.09,24.84,14,2
89.600,factory_mission,9x4.5,pi5,10.089,-0.913,-2.448,-0.821,1.562,0.090,1.767,0.25,-11.30,113.65,0.4570,0.4614,0.4866,0.4889,8295,28.665,730.8,388.8,486.0,22.6,508.6,21.31,23.86,0.91671,12.080,12.11,24.84,14,2
89.648,factory_mission,9x4.5,pi5,10.044,-0.827,-2.443,-0.815,1.571,0.081,1.772,0.27,-11.29,113.26,0.4618,0.4658,0.4824,0.4840,8296,28.659,730.6,388.4,485.5,22.6,508.1,21.30,23.86,0.91666,12.086,12.12,24.84,14,2
89.700,factory_mission,9x4.5,pi5,10.012,-0.766,-2.440,-0.811,1.577,0.075,1.775,0.29,-11.30,112.97,0.4659,0.4699,0.4787,0.4796,8296,28.654,730.5,388.2,485.3,22.6,507.9,21.28,23.86,0.91661,12.094,12.12,24.84,14,2
89.748,factory_mission,9x4.5,pi5,9.962,-0.668,-2.435,-0.805,1.585,0.065,1.779,0.32,-11.31,112.51,0.4694,0.4730,0.4747,0.4770,8296,28.651,730.4,388.1,485.2,22.6,507.8,21.28,23.86,0.91656,12.100,12.12,24.84,14,2
89.800,factory_mission,9x4.5,pi5,9.930,-0.607,-2.433,-0.801,1.590,0.060,1.781,0.34,-11.32,112.19,0.4721,0.4751,0.4724,0.4745,8296,28.654,730.5,388.2,485.2,22.6,507.8,21.28,23.86,0.91651,12.108,12.12,24.84,14,2
89.848,factory_mission,9x4.5,pi5,9.886,-0.521,-2.429,-0.795,1.597,0.053,1.784,0.36,-11.34,111.73,0.4739,0.4762,0.4699,0.4744,8297,28.658,730.6,388.3,485.3,22.6,507.9,21.29,23.86,0.91647,12.115,12.12,24.83,14,2
89.900,factory_mission,9x4.5,pi5,9.855,-0.460,-2.427,-0.790,1.601,0.049,1.786,0.36,-11.36,111.42,0.4715,0.4756,0.4729,0.4750,8299,28.675,731.0,388.6,485.8,22.6,508.4,21.31,23.86,0.91641,12.122,12.10,24.83,14,2
89.948,factory_mission,9x4.5,pi5,9.805,-0.362,-2.424,-0.782,1.609,0.042,1.789,0.29,-11.39,110.97,0.4704,0.4746,0.4746,0.4758,8301,28.686,731.3,388.8,486.0,22.6,508.6,21.32,23.86,0.91637,12.129,12.10,24.83,14,2
90.000,factory_mission,9x4.5,pi5,9.775,-0.300,-2.422,-0.777,1.613,0.038,1.791,0.24,-11.41,110.67,0.4696,0.4736,0.4755,0.4771,8303,28.698,731.6,389.1,486.4,22.6,509.0,21.33,23.86,0.91632,12.136,12.09,24.83,14,2
90.048,factory_mission,9x4.5,pi5,9.732,-0.213,-2.419,-0.768,1.620,0.032,1.794,0.18,-11.45,110.22,0.4704,0.4734,0.4752,0.4771,8304,28.707,731.8,389.3,486.6,22.6,509.2,21.34,23.86,0.91627,12.143,12.08,24.83,14,2
90.100,factory_mission,9x4.5,pi5,9.703,-0.151,-2.418,-0.762,1.626,0.029,1.795,0.14,-11.48,109.92,0.4701,0.4738,0.4753,0.4766,8302,28.695,731.5,389.0,486.3,22.6,508.9,21.33,23.86,0.91622,12.150,12.09,24.83,14,2
90.148,factory_mission,9x4.5,pi5,9.655,-0.051,-2.415,-0.750,1.634,0.023,1.798,0.10,-11.52,109.46,0.4710,0.4717,0.4756,0.4730,8286,28.584,728.7,386.7,483.4,22.6,506.0,21.21,23.86,0.91617,12.157,12.16,24.83,14,2
90.196,factory_mission,9x4.5,pi5,9.626,0.012,-2.413,-0.743,1.640,0.021,1.800,0.08,-11.51,109.15,0.4704,0.4709,0.4744,0.4725,8275,28.504,726.7,385.1,481.4,22.6,504.0,21.12,23.86,0.91612,12.164,12.21,24.83,14,2
90.248,factory_mission,9x4.5,pi5,9.586,0.101,-2.411,-0.732,1.646,0.019,1.801,0.08,-11.34,108.69,0.4709,0.4706,0.4738,0.4710,8268,28.455,725.4,384.1,480.2,22.6,502.8,21.07,23.86,0.91607,12.171,12.24,24.83,14,2
90.300,factory_mission,9x4.5,pi5,9.558,0.164,-2.410,-0.724,1.649,0.019,1.801,0.08,-11.13,108.39,0.4696,0.4714,0.4725,0.4720,8265,28.438,725.0,383.8,479.8,22.6,502.4,21.05,23.86,0.91602,12.178,12.24,24.83,14,2
90.348,factory_mission,9x4.5,pi5,9.513,0.266,-2.408,-0.710,1.650,0.019,1.796,0.09,-10.67,107.93,0.4695,0.4718,0.4717,0.4723,8264,28.432,724.8,383.7,479.6,22.6,502.2,21.04,23.86,0.91597,12.185,12.25,24.83,14,2
90.400,factory_mission,9x4.5,pi5,9.486,0.329,-2.406,-0.700,1.648,0.018,1.790,0.11,-10.30,107.63,0.4689,0.4712,0.4728,0.4721,8263,28.425,724.6,383.5,479.4,22.6,502.0,21.04,23.86,0.91592,12.192,12.25,24.83,14,2
90.448,factory_mission,9x4.5,pi5,9.449,0.418,-2.404,-0.684,1.640,0.016,1.777,0.13,-9.68,107.18,0.4685,0.4718,0.4719,0.4729,8263,28.427,724.7,383.6,479.5,22.6,502.1,21.04,23.86,0.91588,12.199,12.25,24.83,14,2
90.500,factory_mission,9x4.5,pi5,9.423,0.480,-2.403,-0.672,1.632,0.015,1.765,0.14,-9.23,106.89,0.4678,0.4714,0.4721,0.4739,8263,28.428,724.7,383.6,479.5,22.6,502.1,21.04,23.86,0.91583,12.206,12.25,24.83,14,2
90.548,factory_mission,9x4.5,pi5,9.383,0.579,-2.400,-0.652,1.613,0.012,1.739,0.17,-8.56,106.44,0.4671,0.4715,0.4723,0.4739,8263,28.421,724.5,383.5,479.3,22.6,501.9,21.03,23.86,0.91578,12.213,12.25,24.83,14,2
90.600,factory_mission,9x4.5,pi5,9.359,0.641,-2.399,-0.638,1.597,0.009,1.720,0.18,-8.10,106.14,0.4665,0.4702,0.4733,0.4744,8261,28.411,724.3,383.3,479.1,22.6,501.7,21.02,23.86,0.91573,12.220,12.26,24.83,14,2
90.648,factory_mission,9x4.5,pi5,9.326,0.726,-2.397,-0.619,1.573,0.006,1.690,0.20,-7.43,105.69,0.4662,0.4702,0.4732,0.4745,8260,28.404,724.1,383.1,478.9,22.6,501.5,21.02,23.86,0.91568,12.227,12.26,24.83,14,2
90.696,factory_mission,9x4.5,pi5,9.303,0.785,-2.396,-0.604,1.552,0.003,1.665,0.21,-7.00,105.38,0.4651,0.4697,0.4732,0.4758,8259,28.395,723.9,383.0,478.7,22.6,501.3,21.01,23.86,0.91564,12.233,12.26,24.83,14,2
90.748,factory_mission,9x4.5,pi5,9.267,0.878,-2.394,-0.580,1.515,-0.001,1.622,0.23,-6.38,104.91,0.4649,0.4692,0.4735,0.4756,8256,28.380,723.5,382.7,478.3,22.6,500.9,20.99,23.86,0.91559,12.241,12.27,24.83,14,2
90.800,factory_mission,9x4.5,pi5,9.246,0.936,-2.394,-0.565,1.490,-0.004,1.593,0.25,-5.99,104.59,0.4639,0.4679,0.4742,0.4766,8255,28.368,723.2,382.4,478.0,22.6,500.6,20.98,23.86,0.91553,12.248,12.28,24.83,14,2
90.848,factory_mission,9x4.5,pi5,9.217,1.014,-2.393,-0.543,1.451,-0.008,1.550,0.26,-5.43,104.10,0.4639,0.4678,0.4747,0.4756,8252,28.352,722.8,382.1,477.6,22.6,500.2,20.96,23.86,0.91549,12.254,12.29,24.83,14,2
90.900,factory_mission,9x4.5,pi5,9.197,1.068,-2.392,-0.527,1.423,-0.010,1.517,0.27,-5.08,103.76,0.4629,0.4670,0.4743,0.4770,8250,28.335,722.4,381.8,477.2,22.6,499.8,20.95,23.86,0.91544,12.262,12.30,24.83,14,2
90.948,factory_mission,9x4.5,pi5,9.166,1.152,-2.392,-0.502,1.374,-0.015,1.463,0.28,-4.60,103.23,0.4626,0.4664,0.4745,0.4768,8247,28.314,721.8,381.3,476.7,22.6,499.3,20.92,23.86,0.91539,12.268,12.31,24.83,14,2
91.000,factory_mission,9x4.5,pi5,9.148,1.203,-2.392,-0.487,1.342,-0.017,1.428,0.29,-4.30,102.86,0.4609,0.4651,0.4759,0.4775,8243,28.291,721.2,380.9,476.1,22.6,498.7,20.90,23.86,0.91534,12.276,12.32,24.83,14,2
91.048,factory_mission,9x4.5,pi5,9.122,1.272,-2.393,-0.465,1.296,-0.020,1.377,0.29,-3.88,102.30,0.4612,0.4643,0.4749,0.4782,8240,28.270,720.7,380.5,475.6,22.6,498.2,20.88,23.86,0.91529,12.282,12.33,24.83,14,2
91.100,factory_mission,9x4.5,pi5,9.105,1.320,-2.393,-0.450,1.263,-0.022,1.341,0.30,-3.63,101.90,0.4596,0.4636,0.4770,0.4778,8238,28.256,720.3,380.2,475.3,22.6,497.9,20.86,23.86,0.91524,12.289,12.34,24.83,14,2
91.148,factory_mission,9x4.5,pi5,9.078,1.394,-2.394,-0.426,1.210,-0.024,1.283,0.30,-3.28,101.28,0.4596,0.4626,0.4766,0.4785,8235,28.239,719.9,379.9,474.9,22.6,497.5,20.85,23.86,0.91520,12.296,12.35,24.83,14,2
91.200,factory_mission,9x4.5,pi5,9.063,1.438,-2.395,-0.411,1.177,-0.026,1.246,0.29,-3.07,100.85,0.4569,0.4614,0.4783,0.4803,8234,28.233,719.7,379.8,474.8,22.6,497.4,20.84,23.86,0.91515,12.303,12.35,24.83,14,2
91.248,factory_mission,9x4.5,pi5,9.042,1.499,-2.395,-0.390,1.129,-0.027,1.195,0.29,-2.78,100.16,0.4572,0.4607,0.4783,0.4804,8233,28.227,719.6,379.7,474.6,22.6,497.2,20.84,23.86,0.91510,12.310,12.35,24.83,14,2
91.300,factory_mission,9x4.5,pi5,9.027,1.540,-2.396,-0.376,1.096,-0.028,1.159,0.28,-2.61,99.68,0.4559,0.4589,0.4806,0.4812,8233,28.228,719.6,379.8,474.7,22.6,497.3,20.84,23.86,0.91505,12.317,12.35,24.83,14,2
91.348,factory_mission,9x4.5,pi5,9.006,1.604,-2.397,-0.353,1.043,-0.030,1.101,0.28,-2.37,98.92,0.4549,0.4586,0.4811,0.4817,8232,28.223,719.5,379.7,474.6,22.6,497.2,20.84,23.86,0.91500,12.324,12.35,24.83,14,2
91.400,factory_mission,9x4.5,pi5,8.993,1.642,-2.398,-0.339,1.010,-0.031,1.066,0.28,-2.22,98.38,0.4530,0.4558,0.4833,0.4839,8230,28.218,719.3,379.7,474.6,22.6,497.2,20.84,23.86,0.91495,12.331,12.35,24.83,14,2
91.448,factory_mission,9x4.5,pi5,8.975,1.693,-2.399,-0.320,0.965,-0.032,1.018,0.27,-2.03,97.52,0.4532,0.4553,0.4826,0.4845,8229,28.213,719.2,379.6,474.5,22.6,497.1,20.83,23.86,0.91491,12.337,12.35,24.83,14,2
91.500,factory_mission,9x4.5,pi5,8.963,1.728,-2.399,-0.307,0.934,-0.033,0.984,0.27,-1.90,96.91,0.4516,0.4533,0.4842,0.4863,8229,28.211,719.2,379.7,474.6,22.6,497.2,20.84,23.86,0.91486,12.345,12.35,24.83,14,2
91.548,factory_mission,9x4.5,pi5,8.945,1.782,-2.400,-0.288,0.884,-0.034,0.930,0.27,-1.74,95.94,0.4502,0.4534,0.4853,0.4865,8229,28.214,719.3,379.8,474.7,22.6,497.3,20.84,23.86,0.91481,12.351,12.35,24.83,14,2
91.600,factory_mission,9x4.5,pi5,8.934,1.814,-2.401,-0.276,0.854,-0.035,0.898,0.26,-1.64,95.25,0.4475,0.4498,0.4885,0.4897,8229,28.226,719.6,380.2,475.3,22.6,497.9,20.87,23.86,0.91476,12.358,12.33,24.83,14,2
91.648,factory_mission,9x4.5,pi5,8.919,1.857,-2.402,-0.260,0.813,-0.038,0.854,0.26,-1.52,94.14,0.4520,0.6053,0.4842,0.4419,8620,31.300,797.9,451.5,564.4,22.6,587.0,24.72,23.74,0.91471,12.366,10.41,24.83,14,2
91.700,factory_mission,9x4.5,pi5,8.909,1.886,-2.403,-0.250,0.785,-0.079,0.827,0.92,-1.88,93.43,0.7590,0.7622,0.2238,0.1876,8436,36.372,927.2,686.6,858.3,22.6,880.9,37.72,23.35,0.91462,12.379,6.82,24.83,14,2
91.748,factory_mission,9x4.5,pi5,8.893,1.932,-2.411,-0.261,0.757,-0.255,0.840,3.90,-3.04,93.24,0.9170,0.8714,0.0153,0.0000,7611,43.436,1107.3,1016.1,1270.1,22.6,1292.7,56.74,22.78,0.91449,12.396,4.53,24.83,14,2
91.796,factory_mission,9x4.5,pi5,8.882,1.960,-2.425,-0.300,0.751,-0.437,0.919,6.11,-3.68,94.25,0.8157,0.7876,0.0000,0.0043,6899,35.700,910.1,756.8,946.0,22.6,968.6,41.70,23.23,0.91440,12.409,6.17,24.83,14,2
91.848,factory_mission,9x4.5,pi5,8.862,1.999,-2.455,-0.377,0.743,-0.594,1.023,9.02,-4.50,97.52,0.7036,0.7202,0.0000,0.0327,6352,29.126,742.5,552.9,691.1,22.6,713.7,30.28,23.57,0.91432,12.419,8.49,24.82,14,2
91.896,factory_mission,9x4.5,pi5,8.844,2.027,-2.481,-0.437,0.731,-0.618,1.053,10.43,-4.89,100.69,0.6891,0.6650,0.0000,0.0523,6171,26.835,684.1,485.7,607.1,22.6,629.7,26.59,23.68,0.91427,12.428,9.67,24.82,14,2
91.948,factory_mission,9x4.5,pi5,8.810,2.072,-2.524,-0.535,0.703,-0.573,1.053,11.83,-5.60,106.65,0.6726,0.6660,0.0000,0.0576,6134,26.337,671.4,471.1,588.9,22.6,611.5,25.79,23.71,0.91420,12.437,9.97,24.82,14,2
92.000,factory_mission,9x4.5,pi5,8.785,2.099,-2.549,-0.597,0.680,-0.525,1.047,12.25,-6.20,111.36,0.6134,0.6124,0.0610,0.1159,6515,23.719,604.7,380.4,475.5,22.6,498.1,20.88,23.85,0.91415,12.444,12.31,24.82,14,2
92.048,factory_mission,9x4.5,pi5,8.744,2.136,-2.579,-0.679,0.643,-0.432,1.031,12.08,-7.35,119.38,0.5302,0.5232,0.1789,0.2058,6644,20.827,530.9,279.1,348.8,22.6,371.4,15.47,24.01,0.91412,12.449,16.62,24.82,14,2
92.100,factory_mission,9x4.5,pi5,8.712,2.161,-2.596,-0.727,0.614,-0.331,1.008,11.44,-8.26,125.14,0.4461,0.4451,0.3059,0.3116,6900,20.229,515.7,237.1,296.4,22.6,319.0,13.25,24.08,0.91409,12.453,19.40,24.82,14,2
92.148,factory_mission,9x4.5,pi5,8.656,2.199,-2.612,-0.793,0.568,-0.153,0.987,9.91,-9.59,134.09,0.3828,0.3822,0.4132,0.4133,7199,21.598,550.6,254.4,318.0,22.6,340.6,14.16,24.05,0.91406,12.458,18.15,24.82,14,2
92.200,factory_mission,9x4.5,pi5,8.619,2.221,-2.615,-0.832,0.540,-0.058,0.994,8.68,-10.33,140.05,0.3274,0.3264,0.5110,0.5087,7497,24.128,615.1,313.3,391.6,22.6,414.2,17.29,23.96,0.91401,12.464,14.87,24.82,14,2
92.248,factory_mission,9x4.5,pi5,8.564,2.250,-2.614,-0.890,0.503,0.032,1.023,6.75,-11.05,148.66,0.2821,0.2811,0.5795,0.5766,7663,26.366,672.1,378.0,472.5,22.6,495.1,20.75,23.86,0.91397,12.471,12.38,24.82,14,2
92.296,factory_mission,9x4.5,pi5,8.523,2.270,-2.609,-0.933,0.478,0.065,1.050,5.49,-11.25,153.99,0.2473,0.2469,0.6255,0.6213,7741,28.044,714.9,432.8,541.0,22.6,563.6,23.71,23.77,0.91391,12.478,10.84,24.82,14,2
92.348,factory_mission,9x4.5,pi5,8.454,2.299,-2.600,-1.000,0.440,0.075,1.095,3.80,-11.14,161.12,0.2200,0.2230,0.6525,0.6490,7754,29.061,740.8,470.0,587.5,22.6,610.1,25.74,23.70,0.91385,12.487,9.99,24.82,14,2
92.396,factory_mission,9x4.5,pi5,8.409,2.317,-2.595,-1.039,0.418,0.066,1.122,2.84,-10.83,165.20,0.2092,0.2139,0.6581,0.6566,7729,29.218,744.9,478.5,598.1,22.6,620.7,26.20,23.69,0.91379,12.495,9.81,24.82,14,2
92.448,factory_mission,9x4.5,pi5,8.343,2.339,-2.587,-1.084,0.389,0.051,1.153,1.70,-10.12,170.26,0.2088,0.2154,0.6517,0.6518,7693,28.866,735.9,468.8,586.0,22.6,608.6,25.67,23.71,0.91373,12.504,10.01,24.82,14,2
92.500,factory_mission,9x4.5,pi5,8.294,2.355,-2.583,-1.109,0.370,0.041,1.170,1.14,-9.54,172.93,0.2222,0.2301,0.6345,0.6351,7672,28.158,717.8,444.3,555.3,22.6,577.9,24.34,23.75,0.91367,12.512,10.56,24.82,14,2
92.548,factory_mission,9x4.5,pi5,8.215,2.378,-2.578,-1.136,0.340,0.038,1.187,0.56,-8.61,175.96,0.2434,0.2506,0.6129,0.6146,7671,27.439,699.5,417.4,521.7,22.6,544.3,22.88,23.79,0.91362,12.520,11.23,24.82,14,2
92.600,factory_mission,9x4.5,pi5,8.166,2.392,-2.575,-1.145,0.323,0.043,1.190,0.33,-7.99,177.39,0.2752,0.2814,0.5854,0.5879,7701,26.768,682.4,388.9,486.1,22.6,508.7,21.34,23.83,0.91357,12.527,12.04,24.82,14,2
92.648,factory_mission,9x4.5,pi5,8.096,2.410,-2.570,-1.149,0.300,0.061,1.189,0.14,-7.10,178.79,0.3075,0.3128,0.5606,0.5632,7752,26.406,673.2,369.4,461.7,22.6,484.3,20.29,23.87,0.91353,12.533,12.66,24.82,14,2
92.700,factory_mission,9x4.5,pi5,8.046,2.423,-2.566,-1.145,0.285,0.078,1.183,0.10,-6.55,179.31,0.3453,0.3497,0.5319,0.5359,7821,26.221,668.5,354.3,442.8,22.6,465.4,19.48,23.89,0.91348,12.540,13.18,24.82,14,2
92.748,factory_mission,9x4.5,pi5,7.969,2.442,-2.559,-1.132,0.261,0.108,1.167,0.11,-5.77,179.62,0.3794,0.3832,0.5089,0.5123,7896,26.321,671.0,348.8,436.0,22.6,458.6,19.19,23.90,0.91344,12.546,13.38,24.82,14,2
92.800,factory_mission,9x4.5,pi5,7.922,2.453,-2.553,-1.120,0.247,0.125,1.154,0.15,-5.30,179.60,0.4156,0.4191,0.4848,0.4878,7982,26.626,678.8,349.7,437.2,22.6,459.8,19.24,23.90,0.91339,12.553,13.35,24.82,14,2
92.848,factory_mission,9x4.5,pi5,7.857,2.469,-2.545,-1.098,0.229,0.143,1.131,0.23,-4.65,179.38,0.4434,0.4465,0.4663,0.4691,8047,26.967,687.5,354.6,443.3,22.6,465.9,19.50,23.89,0.91335,12.559,13.17,24.82,14,2
92.900,factory_mission,9x4.5,pi5,7.813,2.479,-2.538,-1.080,0.216,0.152,1.112,0.28,-4.25,179.17,0.4698,0.4723,0.4470,0.4506,8099,27.320,696.5,361.6,452.0,22.6,474.6,19.88,23.88,0.91330,12.566,12.92,24.82,14,2
92.948,factory_mission,9x4.5,pi5,7.744,2.496,-2.526,-1.048,0.197,0.158,1.078,0.34,-3.71,178.88,0.4883,0.4911,0.4339,0.4373,8139,27.639,704.6,369.0,461.3,22.6,483.9,20.28,23.86,0.91325,12.572,12.66,24.82,14,2
93.000,factory_mission,9x4.5,pi5,7.703,2.506,-2.519,-1.026,0.185,0.156,1.054,0.38,-3.37,178.75,0.5057,0.5079,0.4212,0.4241,8169,27.934,712.1,376.7,470.9,22.6,493.5,20.69,23.85,0.91320,12.579,12.41,24.82,14,2
93.048,factory_mission,9x4.5,pi5,7.648,2.519,-2.509,-0.992,0.169,0.150,1.018,0.41,-2.92,178.73,0.5142,0.5169,0.4141,0.4177,8183,28.095,716.2,381.2,476.5,22.6,499.1,20.93,23.84,0.91316,12.586,12.26,24.82,14,2
93.100,factory_mission,9x4.5,pi5,7.610,2.528,-2.503,-0.967,0.159,0.144,0.990,0.43,-2.65,178.85,0.5218,0.5246,0.4077,0.4111,8191,28.217,719.3,385.0,481.2,22.6,503.8,21.14,23.84,0.91311,12.593,12.15,24.82,14,2
93.148,factory_mission,9x4.5,pi5,7.552,2.542,-2.493,-0.925,0.143,0.123,0.944,0.46,-2.31,179.29,0.5337,0.6749,0.4119,0.3922,8726,32.812,836.5,500.8,626.0,22.6,648.6,27.43,23.65,0.91305,12.602,9.36,24.82,14,2
93.200,factory_mission,9x4.5,pi5,7.518,2.550,-2.488,-0.901,0.131,0.054,0.912,1.37,-2.83,179.81,0.7195,0.7611,0.2385,0.2166,8447,35.476,904.4,648.8,811.0,22.6,833.6,35.62,23.40,0.91296,12.614,7.21,24.82,14,2
93.248,factory_mission,9x4.5,pi5,7.471,2.560,-2.489,-0.886,0.091,-0.095,0.896,4.53,-4.67,-178.52,0.8148,0.7812,0.1072,0.1131,8014,37.099,945.8,756.9,946.2,22.6,968.8,41.73,23.22,0.91287,12.627,6.15,24.82,14,2
93.300,factory_mission,9x4.5,pi5,7.437,2.565,-2.495,-0.890,0.038,-0.219,0.917,6.74,-5.93,-176.52,0.8082,0.7443,0.0498,0.0756,7513,34.683,884.2,700.9,876.1,22.6,898.7,38.55,23.31,0.91278,12.640,6.66,24.82,14,2
93.348,factory_mission,9x4.5,pi5,7.383,2.568,-2.516,-0.906,-0.082,-0.363,0.980,9.47,-7.80,-172.04,0.7043,0.7113,0.0567,0.0967,7118,29.819,760.2,549.1,686.3,22.6,708.9,30.08,23.56,0.91271,12.649,8.53,24.82,14,2
93.400,factory_mission,9x4.5,pi5,7.348,2.564,-2.533,-0.913,-0.164,-0.387,1.006,10.61,-8.94,-168.13,0.6219,0.6170,0.1186,0.1593,6929,25.052,638.6,397.8,497.2,22.6,519.8,21.83,23.81,0.91266,12.657,11.75,24.82,14,2
93.448,factory_mission,9x4.5,pi5,7.299,2.553,-2.557,-0.914,-0.274,-0.337,1.013,11.24,-10.65,-161.26,0.5492,0.5327,0.2112,0.2404,6990,22.523,574.2,306.8,383.6,22.6,406.2,16.95,23.96,0.91262,12.662,15.13,24.82,14,2
93.500,factory_mission,9x4.5,pi5,7.264,2.541,-2.572,-0.910,-0.347,-0.260,1.008,11.02,-11.84,-156.21,0.4655,0.4623,0.3228,0.3367,7184,21.883,557.9,266.0,332.5,22.6,355.1,14.78,24.02,0.91258,12.668,17.36,24.82,14,2
93.548,factory_mission,9x4.5,pi5,7.207,2.514,-2.587,-0.900,-0.459,-0.116,1.017,9.90,-13.53,-148.29,0.4052,0.3992,0.4211,0.4276,7423,22.950,585.1,278.5,348.1,22.6,370.7,15.44,24.00,0.91255,12.672,16.61,24.82,14,2
93.600,factory_mission,9x4.5,pi5,7.172,2.493,-2.592,-0.895,-0.529,-0.038,1.040,8.80,-14.52,-142.97,0.3492,0.3434,0.5125,0.5145,7664,25.064,638.9,329.0,411.2,22.6,433.8,18.13,23.92,0.91250,12.679,14.14,24.82,14,2
93.648,factory_mission,9x4.5,pi5,7.123,2.458,-2.592,-0.891,-0.633,0.039,1.094,6.88,-15.64,-135.29,0.3053,0.2984,0.5761,0.5764,7797,26.953,687.1,385.1,481.3,22.6,503.9,21.15,23.83,0.91246,12.685,12.13,24.82,14,2
93.696,factory_mission,9x4.5,pi5,7.088,2.429,-2.590,-0.891,-0.711,0.068,1.142,5.55,-16.11,-130.54,0.2703,0.2652,0.6193,0.6182,7857,28.397,723.9,433.5,541.8,22.6,564.4,23.76,23.75,0.91240,12.693,10.79,24.82,14,2
93.748,factory_mission,9x4.5,pi5,7.031,2.375,-2.584,-0.895,-0.837,0.081,1.228,3.64,-16.38,-124.22,0.2442,0.2419,0.6449,0.6438,7864,29.265,746.0,466.2,582.8,22.6,605.4,25.55,23.70,0.91234,12.702,10.04,24.82,14,2
93.796,factory_mission,9x4.5,pi5,6.996,2.337,-2.580,-0.899,-0.913,0.076,1.284,2.52,-16.31,-120.64,0.2322,0.2334,0.6517,0.6513,7841,29.430,750.3,475.0,593.7,22.6,616.3,26.02,23.68,0.91229,12.710,9.85,24.82,14,2
93.848,factory_mission,9x4.5,pi5,6.945,2.279,-2.575,-0.905,-1.012,0.066,1.359,1.13,-15.92,-116.29,0.2328,0.2353,0.6461,0.6462,7812,29.118,742.3,466.1,582.7,22.6,605.3,25.54,23.70,0.91222,12.719,10.04,24.82,14,2
93.900,factory_mission,9x4.5,pi5,6.908,2.234,-2.572,-0.908,-1.076,0.061,1.409,0.41,-15.54,-114.06,0.2447,0.2502,0.6302,0.6314,7798,28.527,727.2,445.1,556.3,22.6,578.9,24.40,23.73,0.91217,12.727,10.51,24.82,14,2
93.948,factory_mission,9x4.5,pi5,6.849,2.156,-2.567,-0.912,-1.164,0.061,1.480,-0.35,-14.91,-111.68,0.2646,0.2708,0.6095,0.6126,7802,27.915,711.6,421.3,526.6,22.6,549.2,23.11,23.77,0.91211,12.734,11.10,24.82,14,2
94.000,factory_mission,9x4.5,pi5,6.812,2.105,-2.564,-0.912,-1.211,0.067,1.518,-0.67,-14.48,-110.65,0.2937,0.3001,0.5851,0.5876,7834,27.380,698.0,397.1,496.4,22.6,519.0,21.80,23.81,0.91206,12.742,11.76,24.82,14,2
94.048,factory_mission,9x4.5,pi5,6.760,2.030,-2.560,-0.911,-1.267,0.083,1.563,-0.94,-13.88,-109.83,0.3242,0.3301,0.5616,0.5644,7883,27.089,690.6,380.0,475.0,22.6,497.6,20.88,23.83,0.91201,12.748,12.28,24.82,14,2
94.100,factory_mission,9x4.5,pi5,6.723,1.976,-2.556,-0.909,-1.301,0.097,1.590,-1.01,-13.53,-109.68,0.3586,0.3638,0.5355,0.5393,7945,26.957,687.2,367.3,459.2,22.6,481.8,20.20,23.86,0.91197,12.755,12.69,24.82,14,2
94.148,factory_mission,9x4.5,pi5,6.664,1.886,-2.548,-0.905,-1.347,0.121,1.628,-0.98,-13.09,-109.90,0.3898,0.3944,0.5142,0.5173,8012,27.061,689.9,362.8,453.5,22.6,476.1,19.95,23.86,0.91192,12.762,12.85,24.82,14,2
94.200,factory_mission,9x4.5,pi5,6.627,1.830,-2.543,-0.902,-1.372,0.135,1.648,-0.91,-12.84,-110.27,0.4209,0.4263,0.4925,0.4969,8088,27.344,697.1,364.1,455.1,22.6,477.7,20.02,23.86,0.91187,12.769,12.80,24.82,14,2
94.248,factory_mission,9x4.5,pi5,6.575,1.749,-2.534,-0.897,-1.403,0.149,1.672,-0.75,-12.53,-111.00,0.4463,0.4499,0.4762,0.4796,8144,27.629,704.3,367.9,459.9,22.6,482.5,20.23,23.85,0.91183,12.775,12.67,24.82,14,2
94.300,factory_mission,9x4.5,pi5,6.539,1.691,-2.527,-0.894,-1.422,0.155,1.687,-0.62,-12.36,-111.56,0.4684,0.4714,0.4603,0.4646,8189,27.920,711.8,373.4,466.7,22.6,489.3,20.52,23.84,0.91178,12.782,12.49,24.82,14,2
94.348,factory_mission,9x4.5,pi5,6.480,1.598,-2.516,-0.888,-1.450,0.158,1.708,-0.44,-12.14,-112.39,0.4836,0.4870,0.4501,0.4533,8223,28.176,718.3,379.0,473.8,22.6,496.4,20.83,23.83,0.91173,12.789,12.30,24.82,14,2
94.400,factory_mission,9x4.5,pi5,6.444,1.539,-2.510,-0.885,-1.466,0.156,1.720,-0.32,-12.02,-112.90,0.4959,0.4993,0.4422,0.4446,8252,28.411,724.3,384.5,480.7,22.6,503.3,21.12,23.82,0.91168,12.796,12.13,24.82,14,2
94.448,factory_mission,9x4.5,pi5,6.392,1.456,-2.500,-0.880,-1.486,0.150,1.734,-0.17,-11.87,-113.54,0.5027,0.5054,0.4375,0.4407,8268,28.551,727.8,387.9,484.9,22.6,507.5,21.31,23.82,0.91163,12.803,12.02,24.82,14,2
94.500,factory_mission,9x4.5,pi5,6.356,1.397,-2.493,-0.877,-1.499,0.145,1.743,-0.09,-11.78,-113.86,0.5065,0.5090,0.4353,0.4389,8280,28.649,730.3,390.3,487.9,22.6,510.5,21.43,23.81,0.91158,12.810,11.95,24.82,14,2
94.548,factory_mission,9x4.5,pi5,6.298,1.301,-2.483,-0.871,-1.518,0.134,1.755,0.01,-11.67,-114.18,0.5064,0.5096,0.4365,0.4393,8288,28.702,731.7,391.3,489.2,22.6,511.8,21.49,23.81,0.91154,12.817,11.92,24.82,14,2
94.596,factory_mission,9x4.5,pi5,6.262,1.241,-2.478,-0.867,-1.528,0.127,1.762,0.06,-11.61,-114.28,0.5050,0.5082,0.4388,0.4413,8293,28.729,732.4,391.7,489.6,22.6,512.2,21.51,23.81,0.91149,12.824,11.91,24.82,14,2
94.648,factory_mission,9x4.5,pi5,6.212,1.157,-2.470,-0.861,-1.542,0.117,1.770,0.11,-11.53,-114.27,0.5008,0.5048,0.4433,0.4451,8296,28.726,732.3,391.2,489.0,22.6,511.6,21.48,23.81,0.91144,12.831,11.92,24.82,14,2
94.700,factory_mission,9x4.5,pi5,6.177,1.097,-2.466,-0.857,-1.550,0.109,1.775,0.12,-11.50,-114.17,0.4964,0.5002,0.4473,0.4506,8297,28.712,731.9,390.4,488.0,22.6,510.6,21.44,23.81,0.91138,12.839,11.94,24.82,14,2
94.748,factory_mission,9x4.5,pi5,6.121,1.000,-2.459,-0.850,-1.563,0.097,1.781,0.13,-11.46,-113.89,0.4917,0.4949,0.4524,0.4553,8297,28.691,731.4,389.6,487.0,22.6,509.6,21.40,23.81,0.91134,12.845,11.97,24.82,14,2
94.800,factory_mission,9x4.5,pi5,6.086,0.940,-2.455,-0.845,-1.569,0.090,1.785,0.12,-11.44,-113.64,0.4870,0.4897,0.4576,0.4598,8296,28.672,730.9,388.9,486.2,22.6,508.8,21.36,23.81,0.91129,12.853,11.99,24.82,14,2
94.848,factory_mission,9x4.5,pi5,6.037,0.855,-2.450,-0.838,-1.578,0.082,1.789,0.10,-11.43,-113.19,0.4820,0.4853,0.4621,0.4648,8296,28.663,730.7,388.5,485.7,22.6,508.3,21.34,23.81,0.91124,12.860,12.00,24.81,14,2
94.896,factory_mission,9x4.5,pi5,6.003,0.794,-2.447,-0.833,-1.584,0.076,1.791,0.09,-11.43,-112.86,0.4781,0.4815,0.4662,0.4681,8295,28.651,730.4,388.2,485.2,22.6,507.8,21.32,23.81,0.91119,12.866,12.01,24.81,14,2
94.948,factory_mission,9x4.5,pi5,5.948,0.697,-2.444,-0.825,-1.593,0.067,1.795,0.07,-11.44,-112.34,0.4745,0.4775,0.4692,0.4724,8295,28.642,730.2,387.9,484.9,22.6,507.5,21.31,23.81,0.91114,12.874,12.01,24.81,14,2
95.000,factory_mission,9x4.5,pi5,5.914,0.636,-2.441,-0.820,-1.598,0.062,1.797,0.06,-11.45,-111.98,0.4718,0.4753,0.4718,0.4744,8293,28.633,729.9,387.7,484.7,22.6,507.3,21.30,23.81,0.91109,12.881,12.02,24.81,14,2
95.048,factory_mission,9x4.5,pi5,5.867,0.551,-2.439,-0.812,-1.606,0.051,1.800,0.03,-11.48,-111.45,0.5951,0.3083,0.5325,0.6716,9069,35.847,913.8,574.7,718.4,22.6,741.0,31.52,23.51,0.91102,12.891,8.12,24.81,14,2
95.100,factory_mission,9x4.5,pi5,5.834,0.489,-2.439,-0.814,-1.626,-0.037,1.818,-1.43,-11.28,-111.23,0.1825,0.0906,0.8560,0.8882,8743,43.755,1115.4,963.2,1204.1,22.6,1226.7,53.70,22.84,0.91089,12.909,4.77,24.81,14,2
95.148,factory_mission,9x4.5,pi5,5.779,0.390,-2.451,-0.873,-1.645,-0.345,1.893,-6.40,-7.78,-112.44,0.0338,0.0000,0.9084,0.8597,7604,42.659,1087.5,985.9,1232.3,22.6,1254.9,55.04,22.80,0.91077,12.925,4.65,24.81,14,2
95.200,factory_mission,9x4.5,pi5,5.742,0.328,-2.470,-0.939,-1.603,-0.550,1.938,-9.59,-4.24,-114.90,0.0000,0.0722,0.7797,0.6768,6614,30.671,781.9,595.0,743.8,22.6,766.4,32.65,23.47,0.91069,12.936,7.84,24.81,14,2
95.248,factory_mission,9x4.5,pi5,5.685,0.246,-2.508,-1.020,-1.469,-0.660,1.906,-14.36,0.90,-120.61,0.0000,0.1363,0.6157,0.6711,6231,25.337,645.9,431.8,539.8,22.6,562.4,23.69,23.74,0.91064,12.944,10.80,24.81,14,2
95.300,factory_mission,9x4.5,pi5,5.641,0.193,-2.538,-1.059,-1.341,-0.626,1.820,-17.14,3.92,-125.40,0.0000,0.1539,0.6277,0.6305,6191,24.568,626.3,407.5,509.4,22.6,532.0,22.38,23.78,0.91058,12.952,11.43,24.81,14,2
95.348,factory_mission,9x4.5,pi5,5.568,0.123,-2.581,-1.099,-1.101,-0.502,1.635,-20.70,6.96,-133.50,0.0000,0.1482,0.6452,0.6410,6272,25.409,647.8,430.6,538.2,22.6,560.8,23.62,23.74,0.91053,12.959,10.83,24.81,14,2
95.400,factory_mission,9x4.5,pi5,5.521,0.089,-2.604,-1.114,-0.930,-0.423,1.512,-22.57,7.92,-139.37,0.0000,0.1288,0.6652,0.6672,6369,26.729,681.4,469.6,586.9,22.6,609.5,25.75,23.68,0.91047,12.968,9.93,24.81,14,2
95.448,factory_mission,9x4.5,pi5,5.455,0.055,-2.628,-1.121,-0.668,-0.330,1.346,-24.52,7.80,-148.78,0.0355,0.1414,0.6433,0.6563,6783,26.170,667.1,442.8,553.6,22.6,576.2,24.29,23.72,0.91041,12.976,10.53,24.81,14,2
95.500,factory_mission,9x4.5,pi5,5.408,0.042,-2.642,-1.112,-0.478,-0.264,1.239,-25.22,6.80,-155.42,0.1231,0.1802,0.5996,0.6022,6886,24.192,616.7,371.5,464.4,22.6,487.0,20.43,23.83,0.91036,12.983,12.52,24.81,14,2
95.548,factory_mission,9x4.5,pi5,5.335,0.039,-2.656,-1.075,-0.197,-0.132,1.100,-25.24,4.18,-165.72,0.2016,0.2200,0.5655,0.5695,7073,23.615,602.0,337.1,421.4,22.6,444.0,18.58,23.89,0.91032,12.988,13.76,24.81,14,2
95.596,factory_mission,9x4.5,pi5,5.291,0.048,-2.660,-1.041,-0.038,-0.043,1.043,-24.64,1.95,-172.79,0.2657,0.2658,0.5415,0.5462,7299,23.873,608.6,324.9,406.1,22.6,428.7,17.93,23.91,0.91028,12.994,14.26,24.81,14,2
95.648,factory_mission,9x4.5,pi5,5.233,0.071,-2.658,-0.986,0.166,0.071,1.003,-23.03,-1.67,176.26,0.3225,0.3133,0.5278,0.5270,7559,24.744,630.8,329.1,411.4,22.6,434.0,18.16,23.90,0.91024,13.000,14.08,24.81,14,2
95.696,factory_mission,9x4.5,pi5,5.194,0.096,-2.653,-0.943,0.301,0.140,1.000,-21.58,-4.04,168.73,0.3667,0.3560,0.5112,0.5106,7754,25.519,650.6,335.5,419.4,22.6,442.0,18.50,23.89,0.91020,13.006,13.82,24.81,14,2
95.748,factory_mission,9x4.5,pi5,5.136,0.145,-2.638,-0.872,0.499,0.223,1.029,-18.92,-7.25,157.08,0.4384,0.4250,0.4614,0.4639,7914,26.098,665.3,337.8,422.3,22.6,444.9,18.63,23.89,0.91015,13.013,13.73,24.81,14,2
95.796,factory_mission,9x4.5,pi5,5.103,0.182,-2.625,-0.827,0.612,0.256,1.060,-16.90,-9.02,149.19,0.5116,0.5007,0.4059,0.4082,8051,27.199,693.4,363.2,454.1,22.6,476.7,19.99,23.85,0.91011,13.019,12.79,24.81,14,2
95.848,factory_mission,9x4.5,pi5,5.061,0.241,-2.606,-0.764,0.758,0.279,1.111,-13.67,-10.96,137.44,0.5859,0.5782,0.3385,0.3412,8114,28.690,731.4,414.1,517.7,22.6,540.3,22.74,23.76,0.91005,13.027,11.24,24.81,14,2
95.900,factory_mission,9x4.5,pi5,5.033,0.287,-2.592,-0.719,0.853,0.274,1.149,-11.51,-11.72,129.90,0.6444,0.6393,0.2767,0.2832,8113,30.264,771.5,476.8,596.0,22.6,618.6,26.14,23.66,0.90999,13.036,9.78,24.81,14,2
95.948,factory_mission,9x4.5,pi5,4.993,0.367,-2.572,-0.649,0.990,0.231,1.206,-8.49,-12.10,119.40,0.6821,0.6780,0.2282,0.2377,8050,31.347,799.1,527.0,658.7,22.6,681.3,28.90,23.58,0.90993,13.045,8.84,24.81,14,2
96.000,factory_mission,9x4.5,pi5,4.971,0.421,-2.561,-0.606,1.065,0.188,1.240,-6.72,-11.91,113.11,0.7004,0.6966,0.1916,0.2014,7918,31.615,806.0,551.3,689.1,22.6,711.7,30.24,23.54,0.90985,13.055,8.45,24.81,14,2
96.048,factory_mission,9x4.5,pi5,4.943,0.499,-2.549,-0.550,1.152,0.122,1.282,-4.55,-11.15,104.93,0.7030,0.7002,0.1686,0.1821,7788,31.310,798.2,552.2,690.3,22.6,712.9,30.29,23.53,0.90979,13.065,8.44,24.81,14,2
96.100,factory_mission,9x4.5,pi5,4.925,0.557,-2.543,-0.512,1.200,0.078,1.307,-3.43,-10.42,100.35,0.6909,0.6908,0.1620,0.1767,7666,30.417,775.4,529.6,662.1,22.6,684.7,29.05,23.57,0.90972,13.075,8.80,24.81,14,2
96.148,factory_mission,9x4.5,pi5,4.899,0.651,-2.538,-0.455,1.253,0.025,1.333,-2.21,-9.17,94.76,0.6708,0.6734,0.1673,0.1829,7573,29.277,746.4,495.6,619.5,22.6,642.1,27.18,23.63,0.90966,13.083,9.40,24.81,14,2
96.196,factory_mission,9x4.5,pi5,4.885,0.710,-2.536,-0.422,1.272,0.006,1.340,-1.67,-8.32,91.84,0.6457,0.6478,0.1859,0.1997,7517,28.031,714.6,454.7,568.4,22.6,591.0,24.94,23.69,0.90960,13.091,10.24,24.81,14,2
96.248,factory_mission,9x4.5,pi5,4.867,0.792,-2.536,-0.379,1.283,0.001,1.338,-1.16,-7.10,88.54,0.6172,0.6194,0.2151,0.2250,7508,26.939,686.8,415.3,519.2,22.6,541.8,22.81,23.76,0.90955,13.099,11.20,24.81,14,2
96.300,factory_mission,9x4.5,pi5,4.856,0.850,-2.535,-0.351,1.281,0.010,1.328,-0.98,-6.35,86.97,0.5852,0.5903,0.2522,0.2591,7545,26.112,665.7,381.1,476.4,22.6,499.0,20.96,23.81,0.90950,13.106,12.19,24.81,14,2
96.348,factory_mission,9x4.5,pi5,4.840,0.938,-2.533,-0.308,1.266,0.023,1.304,-0.91,-5.35,85.40,0.6522,0.4349,0.4096,0.5425,8822,33.210,846.6,502.5,628.1,22.6,650.7,27.56,23.61,0.90943,13.115,9.27,24.81,14,2
96.400,factory_mission,9x4.5,pi5,4.832,0.992,-2.534,-0.277,1.258,-0.059,1.289,-2.62,-4.27,84.63,0.2181,0.2007,0.7671,0.7442,8427,36.095,920.2,676.5,845.6,22.6,868.2,37.23,23.32,0.90934,13.127,6.86,24.81,14,2
96.448,factory_mission,9x4.5,pi5,4.823,1.064,-2.541,-0.194,1.214,-0.226,1.250,-7.64,0.44,82.30,0.0200,0.0541,0.8847,0.8091,7839,39.994,1019.6,882.3,1102.9,22.6,1125.5,49.00,22.97,0.90924,13.142,5.21,24.81,14,2
96.500,factory_mission,9x4.5,pi5,4.820,1.113,-2.553,-0.101,1.137,-0.376,1.202,-10.69,4.44,79.30,0.0000,0.1241,0.7584,0.6890,6769,30.729,783.4,584.9,731.1,22.6,753.7,32.11,23.47,0.90916,13.153,7.95,24.81,14,2
96.548,factory_mission,9x4.5,pi5,4.824,1.179,-2.583,0.051,0.945,-0.474,1.058,-15.04,9.96,72.87,0.0000,0.1492,0.6375,0.6856,6409,26.654,679.5,464.3,580.3,22.6,602.9,25.47,23.67,0.90910,13.161,10.02,24.81,14,2
96.600,factory_mission,9x4.5,pi5,4.832,1.213,-2.603,0.131,0.802,-0.437,0.923,-17.51,12.96,67.63,0.0000,0.1514,0.6533,0.6542,6361,26.137,666.3,449.3,561.6,22.6,584.2,24.65,23.70,0.90904,13.170,10.35,24.81,14,2
96.648,factory_mission,9x4.5,pi5,4.849,1.246,-2.628,0.227,0.576,-0.346,0.709,-20.69,15.78,58.80,0.0000,0.1318,0.6750,0.6672,6416,27.089,690.6,478.8,598.5,22.6,621.1,26.27,23.65,0.90898,13.178,9.72,24.81,14,2
96.700,factory_mission,9x4.5,pi5,4.865,1.260,-2.642,0.283,0.395,-0.281,0.562,-22.40,16.52,52.39,0.0412,0.1462,0.6470,0.6546,6828,26.318,670.9,445.1,556.4,22.6,579.0,24.43,23.70,0.90893,13.186,10.45,24.81,14,2
96.748,factory_mission,9x4.5,pi5,4.893,1.263,-2.658,0.344,0.096,-0.172,0.396,-24.29,16.00,42.19,0.1231,0.1808,0.6023,0.6133,6938,24.623,627.7,382.2,477.8,22.6,500.4,21.02,23.80,0.90888,13.193,12.14,24.81,14,2
96.796,factory_mission,9x4.5,pi5,4.913,1.254,-2.663,0.361,-0.079,-0.087,0.380,-24.97,14.69,35.19,0.2026,0.2209,0.5721,0.5791,7139,24.113,614.7,348.6,435.8,22.6,458.4,19.21,23.86,0.90884,13.199,13.28,24.81,14,2
96.848,factory_mission,9x4.5,pi5,4.940,1.227,-2.663,0.363,-0.307,0.038,0.477,-25.23,11.68,24.56,0.2737,0.2736,0.5500,0.5550,7420,24.621,627.7,339.5,424.4,22.6,447.0,18.72,23.87,0.90879,13.206,13.63,24.80,14,2
96.900,factory_mission,9x4.5,pi5,4.958,1.198,-2.658,0.353,-0.458,0.119,0.590,-25.02,9.24,17.40,0.3294,0.3184,0.5331,0.5358,7653,25.356,646.4,341.1,426.4,22.6,449.0,18.81,23.87,0.90875,13.212,13.56,24.80,14,2
96.948,factory_mission,9x4.5,pi5,4.985,1.139,-2.643,0.322,-0.681,0.224,0.786,-24.26,5.28,6.52,0.3695,0.3554,0.5218,0.5266,7859,26.284,670.1,352.0,440.0,22.6,462.6,19.40,23.85,0.90870,13.218,13.15,24.80,14,2
97.000,factory_mission,9x4.5,pi5,5.000,1.095,-2.630,0.296,-0.810,0.272,0.904,-23.47,2.60,-0.83,0.4012,0.3890,0.5163,0.5197,8050,27.310,696.2,367.7,459.6,22.6,482.2,20.24,23.83,0.90865,13.225,12.60,24.80,14,2
97.048,factory_mission,9x4.5,pi5,5.018,1.024,-2.609,0.254,-0.975,0.316,1.056,-21.86,-1.30,-12.00,0.4222,0.4100,0.5125,0.5158,8174,28.030,714.6,379.8,474.7,22.6,497.3,20.89,23.81,0.90861,13.232,12.21,24.80,14,2
97.100,factory_mission,9x4.5,pi5,5.028,0.967,-2.592,0.223,-1.082,0.333,1.154,-20.51,-3.72,-19.56,0.4460,0.4340,0.5004,0.5051,8265,28.526,727.2,387.3,484.2,22.6,506.8,21.30,23.79,0.90856,13.239,11.98,24.80,14,2
97.148,factory_mission,9x4.5,pi5,5.040,0.869,-2.565,0.170,-1.236,0.340,1.293,-18.10,-6.96,-31.05,0.4955,0.4851,0.4572,0.4637,8323,28.861,735.7,392.8,491.0,22.6,513.6,21.59,23.78,0.90851,13.246,11.81,24.80,14,2
97.200,factory_mission,9x4.5,pi5,5.045,0.803,-2.549,0.138,-1.322,0.332,1.370,-16.30,-8.79,-38.72,0.5612,0.5539,0.3936,0.3996,8348,29.577,754.0,418.6,523.3,22.6,545.9,22.99,23.74,0.90845,13.254,11.09,24.80,14,2
97.248,factory_mission,9x4.5,pi5,5.049,0.707,-2.527,0.095,-1.430,0.305,1.465,-13.41,-10.92,-49.98,0.6200,0.6153,0.3299,0.3367,8324,30.617,780.5,464.2,580.3,22.6,602.9,25.47,23.67,0.90840,13.262,10.01,24.80,14,2
97.300,factory_mission,9x4.5,pi5,5.051,0.635,-2.513,0.065,-1.500,0.271,1.526,-11.47,-11.91,-57.11,0.6713,0.6687,0.2658,0.2756,8250,31.822,811.2,522.6,653.3,22.6,675.9,28.67,23.57,0.90833,13.272,8.89,24.80,14,2
97.348,factory_mission,9x4.5,pi5,5.050,0.516,-2.495,0.020,-1.606,0.182,1.616,-8.78,-12.76,-66.90,0.7979,0.5356,0.3493,0.4065,9004,36.361,926.9,618.7,773.4,22.6,796.0,34.00,23.41,0.90825,13.282,7.50,24.80,14,2
97.400,factory_mission,9x4.5,pi5,5.048,0.438,-2.489,-0.014,-1.676,0.064,1.677,-9.01,-11.64,-72.96,0.4549,0.4940,0.5499,0.5025,8685,31.499,803.0,449.5,561.9,22.6,584.5,24.67,23.69,0.90819,13.291,10.33,24.80,14,2
97.448,factory_mission,9x4.5,pi5,5.041,0.328,-2.488,-0.103,-1.717,-0.040,1.721,-11.72,-5.88,-82.44,0.3595,0.3740,0.6150,0.5910,8461,31.028,791.0,462.6,578.3,22.6,600.9,25.39,23.67,0.90814,13.299,10.04,24.80,14,2
97.500,factory_mission,9x4.5,pi5,5.032,0.250,-2.491,-0.191,-1.694,-0.088,1.707,-13.49,-1.44,-89.18,0.2810,0.3288,0.6342,0.6368,8248,30.738,783.6,478.8,598.5,22.6,621.1,26.27,23.64,0.90807,13.308,9.70,24.80,14,2
97.548,factory_mission,9x4.5,pi5,5.009,0.132,-2.500,-0.351,-1.567,-0.133,1.611,-16.16,4.37,-99.96,0.2564,0.3064,0.6188,0.6474,8061,29.790,759.4,464.0,580.0,22.6,602.6,25.47,23.66,0.90802,13.316,10.01,24.80,14,2
97.596,factory_mission,9x4.5,pi5,4.989,0.065,-2.507,-0.446,-1.440,-0.138,1.514,-17.95,7.25,-107.56,0.2573,0.3054,0.6037,0.6280,7935,28.688,731.3,435.7,544.6,22.6,567.2,23.92,23.71,0.90796,13.323,10.65,24.80,14,2
97.648,factory_mission,9x4.5,pi5,4.953,-0.016,-2.517,-0.560,-1.221,-0.113,1.348,-20.49,9.92,-119.41,0.2780,0.3183,0.5831,0.6007,7883,27.776,708.1,406.5,508.1,22.6,530.7,22.34,23.76,0.90791,13.331,11.41,24.80,14,2
97.700,factory_mission,9x4.5,pi5,4.923,-0.063,-2.523,-0.623,-1.043,-0.079,1.218,-22.02,10.61,-127.49,0.3100,0.3376,0.5585,0.5794,7902,27.324,696.6,386.8,483.5,22.6,506.1,21.28,23.79,0.90786,13.338,11.98,24.80,14,2
97.748,factory_mission,9x4.5,pi5,4.871,-0.119,-2.528,-0.688,-0.742,-0.010,1.012,-23.89,10.24,-139.65,0.3405,0.3589,0.5430,0.5594,7962,27.283,695.5,377.9,472.4,22.6,495.0,20.80,23.80,0.90781,13.345,12.25,24.80,14,2
97.800,factory_mission,9x4.5,pi5,4.836,-0.141,-2.528,-0.709,-0.549,0.036,0.897,-24.80,9.21,-147.70,0.3703,0.3829,0.5317,0.5422,8053,27.563,702.7,377.3,471.6,22.6,494.2,20.76,23.80,0.90776,13.352,12.27,24.80,14,2
97.848,factory_mission,9x4.5,pi5,4.787,-0.155,-2.525,-0.713,-0.281,0.097,0.773,-25.59,6.80,-159.62,0.3939,0.4010,0.5230,0.5315,8134,27.916,711.6,380.6,475.8,22.6,498.4,20.94,23.80,0.90771,13.359,12.17,24.80,14,2
97.900,factory_mission,9x4.5,pi5,4.752,-0.154,-2.520,-0.701,-0.095,0.136,0.720,-25.68,4.78,-167.46,0.4146,0.4154,0.5159,0.5240,8208,28.291,721.2,385.7,482.1,22.6,504.7,21.22,23.79,0.90766,13.366,12.01,24.80,14,2
97.948,factory_mission,9x4.5,pi5,4.700,-0.133,-2.509,-0.660,0.189,0.184,0.711,-25.18,1.42,-179.11,0.4287,0.4259,0.5133,0.5193,8271,28.653,730.4,391.7,489.6,22.6,512.2,21.54,23.78,0.90762,13.373,11.83,24.80,14,2
98.000,factory_mission,9x4.5,pi5,4.670,-0.110,-2.501,-0.624,0.355,0.205,0.747,-24.42,-0.88,173.15,0.4389,0.4345,0.5143,0.5148,8327,28.999,739.3,397.9,497.4,22.6,520.0,21.88,23.77,0.90756,13.380,11.64,24.80,14,2
98.048,factory_mission,9x4.5,pi5,4.631,-0.065,-2.487,-0.563,0.569,0.225,0.831,-22.66,-4.24,161.50,0.4450,0.4389,0.5129,0.5153,8361,29.218,744.8,402.0,502.5,22.6,525.1,22.10,23.76,0.90751,13.387,11.52,24.80,14,2
98.100,factory_mission,9x4.5,pi5,4.606,-0.026,-2.477,-0.515,0.707,0.233,0.905,-21.12,-6.29,153.68,0.4576,0.4490,0.5033,0.5085,8384,29.326,747.6,403.2,504.0,22.6,526.6,22.16,23.76,0.90746,13.395,11.49,24.80,14,2
98.148,factory_mission,9x4.5,pi5,4.573,0.049,-2.461,-0.433,0.903,0.233,1.028,-18.35,-8.92,141.81,0.4991,0.4887,0.4647,0.4681,8392,29.337,747.9,402.5,503.1,22.6,525.7,22.13,23.76,0.90741,13.402,11.51,24.80,14,2
98.200,factory_mission,9x4.5,pi5,4.555,0.101,-2.451,-0.380,1.010,0.225,1.102,-16.30,-10.29,133.88,0.5549,0.5470,0.4055,0.4092,8377,29.669,756.3,418.2,522.8,22.6,545.4,22.98,23.73,0.90736,13.410,11.08,24.80,14,2
98.248,factory_mission,9x4.5,pi5,4.535,0.181,-2.438,-0.307,1.140,0.202,1.198,-13.09,-11.65,122.26,0.6094,0.6011,0.3443,0.3504,8336,30.387,774.7,453.3,566.6,22.6,589.2,24.89,23.68,0.90730,13.418,10.23,24.80,14,2
98.300,factory_mission,9x4.5,pi5,4.524,0.242,-2.430,-0.256,1.221,0.175,1.260,-11.01,-12.07,114.89,0.6560,0.6494,0.2836,0.2948,8259,31.288,797.6,499.9,624.9,22.6,647.5,27.44,23.60,0.90723,13.427,9.28,24.80,14,2
98.348,factory_mission,9x4.5,pi5,4.511,0.344,-2.420,-0.176,1.328,0.113,1.345,-8.18,-12.05,104.71,0.6848,0.6799,0.2372,0.2505,8145,31.824,811.3,535.1,668.9,22.6,691.5,29.38,23.54,0.90717,13.436,8.67,24.80,14,2
98.396,factory_mission,9x4.5,pi5,4.507,0.410,-2.417,-0.129,1.382,0.067,1.390,-6.57,-11.67,98.67,0.6960,0.6943,0.2045,0.2188,8005,31.788,810.4,549.1,686.4,22.6,709.0,30.15,23.52,0.90710,13.446,8.44,24.80,14,2
98.448,factory_mission,9x4.5,pi5,4.503,0.505,-2.416,-0.069,1.438,0.002,1.439,-4.64,-10.72,90.85,0.6953,0.6948,0.1814,0.1958,7837,31.177,794.8,542.5,678.1,22.6,700.7,29.78,23.53,0.90703,13.456,8.55,24.80,14,2
98.500,factory_mission,9x4.5,pi5,4.503,0.573,-2.418,-0.030,1.464,-0.037,1.465,-3.66,-9.94,86.48,0.6816,0.6838,0.1750,0.1916,7709,30.198,769.8,517.5,646.8,22.6,669.4,28.41,23.57,0.90696,13.465,8.96,24.80,14,2
98.548,factory_mission,9x4.5,pi5,4.507,0.682,-2.424,0.023,1.483,-0.081,1.486,-2.63,-8.66,81.18,0.6628,0.6641,0.1813,0.1973,7613,29.045,740.4,483.3,604.1,22.6,626.7,26.53,23.62,0.90690,13.474,9.59,24.80,14,2
98.600,factory_mission,9x4.5,pi5,4.511,0.749,-2.429,0.052,1.483,-0.094,1.487,-2.17,-7.82,78.42,0.6339,0.6381,0.2020,0.2143,7551,27.740,707.2,440.8,550.9,22.6,573.5,24.21,23.69,0.90685,13.482,10.51,24.80,14,2
98.648,factory_mission,9x4.5,pi5,4.517,0.840,-2.437,0.085,1.468,-0.092,1.473,-1.77,-6.64,75.31,0.6090,0.6121,0.2277,0.2382,7545,26.820,683.7,407.3,509.1,22.6,531.7,22.39,23.75,0.90680,13.489,11.36,24.80,14,2
98.700,factory_mission,9x4.5,pi5,4.523,0.903,-2.443,0.105,1.449,-0.078,1.455,-1.63,-5.92,73.84,0.5788,0.5833,0.2628,0.2713,7579,26.067,664.5,376.0,469.9,22.6,492.5,20.70,23.80,0.90675,13.496,12.29,24.80,14,2
98.748,factory_mission,9x4.5,pi5,4.533,1.000,-2.449,0.132,1.409,-0.040,1.415,-1.56,-4.98,72.38,0.5529,0.5579,0.2985,0.3044,7642,25.725,655.8,356.2,445.3,22.6,467.9,19.64,23.83,0.90670,13.503,12.96,24.80,14,2
98.800,factory_mission,9x4.5,pi5,4.540,1.058,-2.452,0.146,1.378,-0.012,1.386,-1.56,-4.42,71.82,0.5263,0.5307,0.3399,0.3437,7740,25.699,655.1,344.0,430.1,22.6,452.7,18.98,23.85,0.90666,13.509,13.40,24.80,14,2
98.848,factory_mission,9x4.5,pi5,4.550,1.135,-2.454,0.162,1.331,0.028,1.341,-1.59,-3.69,71.44,0.5043,0.5087,0.3744,0.3778,7829,25.891,660.0,340.5,425.6,22.6,448.2,18.79,23.85,0.90661,13.515,13.54,24.79,14,2
98.900,factory_mission,9x4.5,pi5,4.557,1.187,-2.453,0.172,1.294,0.053,1.307,-1.61,-3.26,71.41,0.4814,0.4860,0.4096,0.4121,7916,26.202,668.0,341.7,427.1,22.6,449.7,18.86,23.85,0.90657,13.522,13.49,24.79,14,2
98.948,factory_mission,9x4.5,pi5,4.570,1.266,-2.450,0.187,1.234,0.087,1.251,-1.63,-2.70,71.56,0.4640,0.4692,0.4374,0.4397,7993,26.613,678.4,347.8,434.7,22.6,457.3,19.18,23.84,0.90653,13.528,13.26,24.79,14,2
99.000,factory_mission,9x4.5,pi5,4.578,1.313,-2.447,0.194,1.194,0.101,1.214,-1.63,-2.38,71.73,0.4484,0.4522,0.4639,0.4660,8066,27.087,690.5,356.9,446.1,22.6,468.7,19.67,23.82,0.90648,13.534,12.93,24.79,14,2
99.048,factory_mission,9x4.5,pi5,4.589,1.375,-2.441,0.203,1.139,0.113,1.163,-1.59,-1.95,71.98,0.4381,0.4413,0.4817,0.4825,8113,27.442,699.6,364.6,455.7,22.6,478.3,20.09,23.81,0.90643,13.541,12.66,24.79,14,2
99.100,factory_mission,9x4.5,pi5,4.597,1.416,-2.437,0.208,1.099,0.117,1.125,-1.55,-1.71,72.10,0.4292,0.4318,0.4958,0.4965,8148,27.735,707.0,371.5,464.4,22.6,487.0,20.46,23.80,0.90639,13.548,12.43,24.79,14,2
99.148,factory_mission,9x4.5,pi5,4.610,1.479,-2.429,0.214,1.036,0.117,1.064,-1.47,-1.40,72.14,0.4245,0.4280,0.5033,0.5044,8173,27.940,712.3,376.4,470.5,22.6,493.1,20.72,23.79,0.90634,13.554,12.27,24.79,14,2
99.200,factory_mission,9x4.5,pi5,4.618,1.515,-2.425,0.216,0.996,0.115,1.026,-1.41,-1.23,72.06,0.4223,0.4249,0.5085,0.5100,8193,28.103,716.4,380.2,475.3,22.6,497.9,20.93,23.79,0.90629,13.562,12.15,24.79,14,2
99.248,factory_mission,9x4.5,pi5,4.629,1.563,-2.418,0.218,0.941,0.108,0.972,-1.30,-1.03,71.75,0.4237,0.4266,0.5082,0.5102,8204,28.176,718.3,381.6,477.0,22.6,499.6,21.01,23.78,0.90624,13.568,12.10,24.79,14,2
99.300,factory_mission,9x4.5,pi5,4.637,1.594,-2.414,0.218,0.903,0.103,0.935,-1.23,-0.92,71.42,0.4263,0.4295,0.5070,0.5084,8213,28.222,719.5,382.2,477.8,22.6,500.4,21.04,23.78,0.90619,13.576,12.08,24.79,14,2
99.348,factory_mission,9x4.5,pi5,4.649,1.642,-2.408,0.216,0.844,0.094,0.876,-1.12,-0.80,70.74,0.4317,0.4338,0.5028,0.5045,8219,28.230,719.7,381.8,477.3,22.6,499.9,21.02,23.78,0.90614,13.582,12.09,24.79,14,2
99.400,factory_mission,9x4.5,pi5,4.656,1.669,-2.404,0.215,0.808,0.088,0.840,-1.04,-0.74,70.19,0.4368,0.4386,0.4988,0.4996,8223,28.231,719.7,381.3,476.6,22.6,499.2,20.99,23.78,0.90609,13.589,12.11,24.79,14,2
99.448,factory_mission,9x4.5,pi5,4.667,1.705,-2.400,0.211,0.759,0.080,0.792,-0.94,-0.69,69.22,0.4430,0.4455,0.4919,0.4941,8225,28.216,719.3,380.4,475.4,22.6,498.0,20.94,23.78,0.90605,13.596,12.14,24.79,14,2
99.500,factory_mission,9x4.5,pi5,4.674,1.729,-2.397,0.208,0.726,0.074,0.759,-0.87,-0.66,68.50,0.4498,0.4508,0.4869,0.4876,8227,28.208,719.1,379.8,474.7,22.6,497.3,20.91,23.78,0.90600,13.603,12.16,24.79,14,2
99.548,factory_mission,9x4.5,pi5,4.684,1.765,-2.392,0.202,0.676,0.051,0.708,-0.75,-0.67,67.35,0.5223,0.6757,0.4979,0.3955,9011,34.683,884.2,537.0,671.2,22.6,693.8,29.49,23.53,0.90593,13.612,8.62,24.79,14,2
99.596,factory_mission,9x4.5,pi5,4.691,1.785,-2.392,0.198,0.649,-0.046,0.680,0.61,-1.16,66.70,0.8566,0.8726,0.1708,0.0930,8655,42.988,1095.9,939.6,1174.4,22.6,1197.0,52.42,22.84,0.90582,13.628,4.85,24.79,14,2
99.648,factory_mission,9x4.5,pi5,4.700,1.813,-2.401,0.158,0.637,-0.319,0.730,5.23,-1.38,67.08,0.8769,0.8139,0.0424,0.0000,7355,39.470,1006.2,875.7,1094.7,22.6,1117.3,48.69,22.95,0.90570,13.645,5.22,24.79,14,2
99.700,factory_mission,9x4.5,pi5,4.703,1.834,-2.419,0.094,0.644,-0.512,0.828,8.49,-1.01,68.69,0.7860,0.7167,0.0000,0.0270,6618,32.009,816.0,640.3,800.3,22.6,822.9,35.24,23.35,0.90561,13.656,7.21,24.79,14,2
99.748,factory_mission,9x4.5,pi5,4.703,1.868,-2.460,-0.043,0.653,-0.629,0.908,13.10,-0.34,72.82,0.6577,0.6929,0.0000,0.0751,6241,26.885,685.4,483.7,604.6,22.6,627.2,26.57,23.61,0.90555,13.665,9.56,24.79,14,2
99.800,factory_mission,9x4.5,pi5,4.697,1.890,-2.488,-0.138,0.650,-0.607,0.900,15.61,0.09,76.51,0.6586,0.6411,0.0000,0.1015,6152,25.392,647.3,438.6,548.3,22.6,570.9,24.11,23.68,0.90550,13.673,10.54,24.79,14,2
99.848,factory_mission,9x4.5,pi5,4.681,1.921,-2.525,-0.280,0.635,-0.523,0.869,18.56,0.11,83.08,0.6600,0.6488,0.0000,0.1060,6201,25.729,655.9,446.8,558.5,22.6,581.1,24.55,23.67,0.90544,13.681,10.34,24.79,14,2
99.900,factory_mission,9x4.5,pi5,4.664,1.943,-2.548,-0.389,0.617,-0.456,0.860,19.90,-0.39,88.05,0.6686,0.6704,0.0000,0.0945,6269,26.634,679.0,473.2,591.5,22.6,614.1,25.99,23.63,0.90538,13.690,9.77,24.79,14,2
99.948,factory_mission,9x4.5,pi5,4.626,1.977,-2.578,-0.573,0.577,-0.364,0.891,20.91,-1.97,96.37,0.6607,0.6665,0.0208,0.0996,6678,26.596,678.0,463.7,579.6,22.6,602.2,25.47,23.64,0.90532,13.698,9.97,24.79,14,2
99.996,factory_mission,9x4.5,pi5,4.595,1.997,-2.593,-0.688,0.545,-0.311,0.931,20.89,-3.51,102.49,0.6162,0.6101,0.0950,0.1453,6747,24.291,619.2,384.8,481.0,22.6,503.6,21.19,23.77,0.90528,13.704,11.98,24.79,14,2
100.048,factory_mission,9x4.5,pi5,4.543,2.022,-2.609,-0.830,0.497,-0.210,0.990,19.81,-6.38,112.39,0.5470,0.5471,0.2059,0.2207,6943,22.506,573.8,310.4,388.0,22.6,410.6,17.19,23.89,0.90523,13.710,14.77,24.79,14,2
100.096,factory_mission,9x4.5,pi5,4.501,2.039,-2.615,-0.916,0.463,-0.122,1.033,18.44,-8.46,119.39,0.4738,0.4749,0.3219,0.3188,7192,22.053,562.2,271.2,339.0,22.6,361.6,15.10,23.95,0.90520,13.715,16.82,24.79,14,2
100.148,factory_mission,9x4.5,pi5,4.427,2.062,-2.618,-1.034,0.411,0.023,1.113,15.71,-11.39,130.27,0.3911,0.3943,0.4428,0.4362,7463,23.238,592.4,284.4,355.5,22.6,378.1,15.80,23.93,0.90516,13.721,16.07,24.79,14,2
100.200,factory_mission,9x4.5,pi5,4.377,2.074,-2.614,-1.105,0.382,0.097,1.173,13.61,-13.02,137.58,0.3182,0.3196,0.5513,0.5459,7719,25.960,661.8,356.3,445.4,22.6,468.0,19.65,23.81,0.90512,13.727,12.92,24.79,14,2
100.248,factory_mission,9x4.5,pi5,4.302,2.090,-2.603,-1.206,0.343,0.155,1.264,10.33,-14.79,148.23,0.2553,0.2576,0.6296,0.6240,7834,28.546,727.7,441.9,552.3,22.6,574.9,24.29,23.67,0.90506,13.735,10.45,24.79,14,2
100.296,factory_mission,9x4.5,pi5,4.245,2.099,-2.594,-1.281,0.318,0.162,1.330,8.20,-15.50,154.85,0.2029,0.2060,0.6822,0.6777,7842,30.548,778.8,517.8,647.3,22.6,669.9,28.45,23.55,0.90500,13.744,8.92,24.79,14,2
100.348,factory_mission,9x4.5,pi5,4.149,2.113,-2.580,-1.402,0.282,0.127,1.436,5.28,-15.89,163.72,0.1599,0.1666,0.7120,0.7103,7770,31.697,808.1,568.7,710.9,22.6,733.5,31.26,23.46,0.90492,13.755,8.12,24.79,14,2
100.400,factory_mission,9x4.5,pi5,4.085,2.121,-2.573,-1.473,0.263,0.089,1.499,3.62,-15.78,168.77,0.1336,0.1433,0.7181,0.7165,7634,31.590,805.3,576.5,720.6,22.6,743.2,31.69,23.45,0.90485,13.765,8.01,24.79,14,2
100.448,factory_mission,9x4.5,pi5,3.992,2.130,-2.566,-1.562,0.238,0.036,1.580,1.62,-15.25,174.98,0.1252,0.1378,0.7090,0.7076,7519,30.811,785.5,556.9,696.1,22.6,718.7,30.61,23.48,0.90478,13.775,8.29,24.79,14,2
100.500,factory_mission,9x4.5,pi5,3.922,2.136,-2.564,-1.614,0.223,0.005,1.630,0.61,-14.75,178.20,0.1317,0.1484,0.6863,0.6887,7430,29.538,753.0,517.4,646.7,22.6,669.3,28.43,23.55,0.90471,13.785,8.93,24.79,14,2
100.548,factory_mission,9x4.5,pi5,3.808,2.145,-2.562,-1.679,0.203,-0.020,1.692,-0.45,-13.95,-178.26,0.1519,0.1674,0.6605,0.6623,7383,28.198,718.9,472.7,590.8,22.6,613.4,25.97,23.62,0.90465,13.793,9.77,24.79,14,2
100.600,factory_mission,9x4.5,pi5,3.736,2.150,-2.562,-1.709,0.192,-0.018,1.720,-0.90,-13.45,-176.68,0.1854,0.1988,0.6284,0.6319,7391,26.942,686.8,426.5,533.1,22.6,555.7,23.45,23.70,0.90460,13.801,10.82,24.79,14,2
100.648,factory_mission,9x4.5,pi5,3.633,2.157,-2.562,-1.738,0.178,0.003,1.748,-1.26,-12.84,-175.32,0.2238,0.2351,0.5990,0.6029,7451,26.128,666.1,391.3,489.1,22.6,511.7,21.54,23.75,0.90455,13.808,11.77,24.79,14,2
100.700,factory_mission,9x4.5,pi5,3.559,2.162,-2.560,-1.752,0.170,0.029,1.761,-1.34,-12.53,-174.98,0.2699,0.2783,0.5675,0.5712,7545,25.609,652.8,362.5,453.1,22.6,475.7,19.99,23.80,0.90450,13.814,12.69,24.79,14,2
100.748,factory_mission,9x4.5,pi5,3.441,2.169,-2.556,-1.766,0.157,0.081,1.775,-1.29,-12.20,-175.17,0.3140,0.3205,0.5403,0.5444,7663,25.552,651.4,347.4,434.3,22.6,456.9,19.18,23.82,0.90446,13.821,13.22,24.79,14,2
100.800,factory_mission,9x4.5,pi5,3.368,2.173,-2.551,-1.772,0.149,0.113,1.782,-1.18,-12.06,-175.66,0.3608,0.3665,0.5140,0.5181,7808,25.889,660.0,343.0,428.8,22.6,451.4,18.94,23.83,0.90441,13.827,13.39,24.79,14,2
100.848,factory_mission,9x4.5,pi5,3.265,2.179,-2.542,-1.778,0.139,0.154,1.790,-0.93,-11.93,-176.75,0.4003,0.4043,0.4922,0.4951,7926,26.333,671.3,345.5,431.9,22.6,454.5,19.08,23.82,0.90437,13.833,13.29,24.78,14,2
100.900,factory_mission,9x4.5,pi5,3.193,2.182,-2.534,-1.782,0.133,0.176,1.796,-0.74,-11.89,-177.65,0.4365,0.4398,0.4701,0.4737,8028,26.855,684.6,352.7,440.9,22.6,463.5,19.46,23.81,0.90432,13.840,13.03,24.78,14,2
100.948,factory_mission,9x4.5,pi5,3.078,2.188,-2.521,-1.789,0.123,0.199,1.804,-0.45,-11.84,-179.08,0.4635,0.4679,0.4544,0.4569,8110,27.384,698.1,362.7,453.4,22.6,476.0,20.00,23.80,0.90428,13.846,12.68,24.78,14,2
101.000,factory_mission,9x4.5,pi5,3.006,2.191,-2.512,-1.793,0.117,0.206,1.809,-0.26,-11.82,179.97,0.4871,0.4908,0.4408,0.4434,8181,27.909,711.5,374.1,467.6,22.6,490.2,20.62,23.78,0.90423,13.853,12.30,24.78,14,2
101.048,factory_mission,9x4.5,pi5,2.907,2.195,-2.499,-1.800,0.109,0.207,1.815,0.00,-11.79,178.64,0.4976,0.5822,0.4724,0.3638,8376,29.736,758.0,421.0,526.2,22.6,548.8,23.16,23.70,0.90418,13.861,10.95,24.78,14,2
101.100,factory_mission,9x4.5,pi5,2.836,2.197,-2.490,-1.808,0.103,0.184,1.820,0.75,-11.82,177.90,0.6561,0.6638,0.2994,0.2826,8324,31.826,811.3,513.6,642.0,22.6,664.6,28.22,23.55,0.90411,13.870,8.98,24.78,14,2
101.148,factory_mission,9x4.5,pi5,2.722,2.200,-2.479,-1.831,0.075,0.097,1.835,3.59,-11.27,177.49,0.7379,0.7181,0.1947,0.2028,8149,33.776,861.1,612.6,765.8,22.6,788.4,33.72,23.38,0.90403,13.881,7.52,24.78,14,2
101.200,factory_mission,9x4.5,pi5,2.650,2.200,-2.477,-1.845,0.036,0.020,1.846,5.61,-10.67,177.99,0.7467,0.7214,0.1338,0.1673,7844,33.076,843.2,614.7,768.4,22.6,791.0,33.83,23.38,0.90395,13.892,7.49,24.78,14,2
101.248,factory_mission,9x4.5,pi5,2.549,2.197,-2.479,-1.855,-0.044,-0.076,1.857,8.12,-9.78,-179.95,0.6973,0.7013,0.1293,0.1762,7608,30.653,781.4,543.2,679.0,22.6,701.6,29.86,23.50,0.90389,13.901,8.49,24.78,14,2
101.300,factory_mission,9x4.5,pi5,2.477,2.192,-2.483,-1.849,-0.111,-0.115,1.856,9.28,-9.33,-177.75,0.6428,0.6444,0.1667,0.2120,7469,27.761,707.7,448.8,561.0,22.6,583.6,24.68,23.65,0.90383,13.910,10.27,24.78,14,2
101.348,factory_mission,9x4.5,pi5,2.364,2.176,-2.493,-1.819,-0.223,-0.117,1.836,10.26,-9.05,-173.49,0.5868,0.5842,0.2268,0.2616,7446,25.639,653.6,373.8,467.2,22.6,489.8,20.60,23.77,0.90378,13.916,12.30,24.78,14,2
101.400,factory_mission,9x4.5,pi5,2.294,2.162,-2.499,-1.790,-0.291,-0.086,1.816,10.46,-9.17,-170.17,0.5262,0.5298,0.3037,0.3256,7539,24.665,628.8,328.3,410.3,22.6,432.9,18.15,23.85,0.90374,13.923,13.96,24.78,14,2
101.448,factory_mission,9x4.5,pi5,2.200,2.138,-2.504,-1.743,-0.383,-0.022,1.785,10.19,-9.70,-164.77,0.4784,0.4789,0.3758,0.3898,7676,24.731,630.5,315.1,393.8,22.6,416.4,17.45,23.87,0.90370,13.928,14.52,24.78,14,2
101.500,factory_mission,9x4.5,pi5,2.135,2.117,-2.505,-1.708,-0.446,0.025,1.766,9.74,-10.20,-161.04,0.4319,0.4333,0.4446,0.4530,7820,25.468,649.2,325.4,406.7,22.6,429.3,18.00,23.85,0.90366,13.934,14.07,24.78,14,2
101.548,factory_mission,9x4.5,pi5,2.034,2.077,-2.501,-1.654,-0.546,0.087,1.744,8.79,-11.00,-155.48,0.3971,0.3971,0.4987,0.5040,7944,26.506,675.7,350.0,437.5,22.6,460.1,19.32,23.81,0.90361,13.941,13.11,24.78,14,2
101.596,factory_mission,9x4.5,pi5,1.974,2.048,-2.497,-1.622,-0.608,0.111,1.736,8.04,-11.50,-151.92,0.3698,0.3699,0.5389,0.5425,8032,27.494,700.9,377.3,471.7,22.6,494.3,20.80,23.77,0.90357,13.947,12.18,24.78,14,2
101.648,factory_mission,9x4.5,pi5,1.892,2.004,-2.489,-1.581,-0.694,0.127,1.731,6.85,-12.11,-146.99,0.3477,0.3473,0.5697,0.5725,8090,28.340,722.5,403.3,504.1,22.6,526.7,22.20,23.72,0.90351,13.955,11.41,24.78,14,2
101.696,factory_mission,9x4.5,pi5,1.834,1.969,-2.482,-1.554,-0.753,0.128,1.732,6.05,-12.41,-144.04,0.3351,0.3358,0.5854,0.5866,8111,28.761,733.2,417.3,521.6,22.6,544.2,22.96,23.70,0.90346,13.962,11.03,24.78,14,2
101.748,factory_mission,9x4.5,pi5,1.745,1.908,-2.472,-1.516,-0.843,0.121,1.739,4.91,-12.68,-140.24,0.3295,0.3297,0.5915,0.5913,8107,28.862,735.8,421.8,527.2,22.6,549.8,23.21,23.69,0.90341,13.970,10.91,24.78,14,2
101.800,factory_mission,9x4.5,pi5,1.691,1.868,-2.466,-1.495,-0.894,0.115,1.745,4.21,-12.75,-138.12,0.3342,0.3301,0.5878,0.5862,8094,28.693,731.5,416.8,520.9,22.6,543.5,22.93,23.70,0.90335,13.978,11.04,24.78,14,2
101.848,factory_mission,9x4.5,pi5,1.615,1.808,-2.458,-1.466,-0.959,0.109,1.755,3.30,-12.64,-135.58,0.3412,0.3388,0.5794,0.5779,8090,28.491,726.3,409.3,511.6,22.6,534.2,22.53,23.71,0.90330,13.985,11.24,24.78,14,2
101.900,factory_mission,9x4.5,pi5,1.562,1.763,-2.453,-1.446,-1.000,0.106,1.762,2.78,-12.41,-134.29,0.3532,0.3546,0.5656,0.5645,8092,28.236,719.8,398.9,498.6,22.6,521.2,21.96,23.73,0.90325,13.992,11.53,24.78,14,2
101.948,factory_mission,9x4.5,pi5,1.479,1.689,-2.445,-1.416,-1.056,0.105,1.769,2.14,-11.88,-132.88,0.3687,0.3704,0.5504,0.5510,8102,28.046,715.0,390.0,487.5,22.6,510.1,21.49,23.74,0.90320,13.999,11.78,24.78,14,2
102.000,factory_mission,9x4.5,pi5,1.427,1.641,-2.440,-1.396,-1.084,0.105,1.771,1.79,-11.43,-132.26,0.3879,0.3902,0.5336,0.5343,8122,27.921,711.8,382.5,478.1,22.6,500.7,21.08,23.75,0.90315,14.007,12.01,24.78,14,2
102.048,factory_mission,9x4.5,pi5,1.356,1.573,-2.433,-1.368,-1.115,0.107,1.768,1.38,-10.66,-131.71,0.4054,0.4082,0.5191,0.5192,8143,27.883,710.8,378.1,472.6,22.6,495.2,20.84,23.76,0.90310,14.013,12.14,24.78,14,2
102.100,factory_mission,9x4.5,pi5,1.306,1.523,-2.428,-1.347,-1.132,0.109,1.763,1.15,-10.12,-131.54,0.4233,0.4276,0.5021,0.5055,8167,27.900,711.2,375.6,469.5,22.6,492.1,20.71,23.76,0.90305,14.020,12.22,24.78,14,2
102.148,factory_mission,9x4.5,pi5,1.228,1.444,-2.420,-1.313,-1.150,0.109,1.748,0.88,-9.27,-131.50,0.4385,0.4433,0.4902,0.4924,8189,27.970,713.0,375.5,469.3,22.6,491.9,20.70,23.76,0.90301,14.027,12.23,24.78,14,2
102.196,factory_mission,9x4.5,pi5,1.180,1.395,-2.415,-1.290,-1.155,0.109,1.735,0.73,-8.71,-131.57,0.4521,0.4570,0.4786,0.4820,8208,28.061,715.4,376.5,470.6,22.6,493.2,20.76,23.76,0.90296,14.033,12.19,24.78,14,2
102.248,factory_mission,9x4.5,pi5,1.114,1.327,-2.408,-1.257,-1.155,0.106,1.711,0.54,-7.88,-131.76,0.4644,0.4683,0.4696,0.4724,8226,28.172,718.2,378.4,473.0,22.6,495.6,20.86,23.76,0.90291,14.041,12.13,24.78,14,2
102.300,factory_mission,9x4.5,pi5,1.068,1.279,-2.404,-1.233,-1.151,0.102,1.690,0.42,-7.35,-131.90,0.4730,0.4776,0.4617,0.4656,8238,28.253,720.2,380.1,475.1,22.6,497.7,20.95,23.76,0.90286,14.048,12.08,24.78,14,2
102.348,factory_mission,9x4.5,pi5,0.997,1.204,-2.397,-1.193,-1.138,0.095,1.652,0.27,-6.59,-132.10,0.4787,0.4835,0.4581,0.4599,8246,28.316,721.9,381.5,476.9,22.6,499.5,21.03,23.75,0.90281,14.054,12.03,24.78,14,2
102.400,factory_mission,9x4.5,pi5,0.953,1.159,-2.392,-1.167,-1.127,0.089,1.624,0.17,-6.12,-132.21,0.4836,0.4871,0.4540,0.4571,8252,28.368,723.2,382.8,478.5,22.6,501.1,21.10,23.75,0.90276,14.062,11.99,24.78,14,2
102.448,factory_mission,9x4.5,pi5,0.894,1.096,-2.387,-1.130,-1.105,0.081,1.583,0.03,-5.45,-132.30,0.4853,0.4890,0.4532,0.4554,8256,28.397,723.9,383.4,479.3,22.6,501.9,21.13,23.75,0.90272,14.068,11.97,24.78,14,2
102.500,factory_mission,9x4.5,pi5,0.853,1.053,-2.384,-1.103,-1.088,0.075,1.551,-0.05,-5.04,-132.31,0.4853,0.4901,0.4525,0.4557,8258,28.414,724.3,383.8,479.8,22.6,502.4,21.15,23.75,0.90266,14.076,11.96,24.78,14,2
102.548,factory_mission,9x4.5,pi5,0.789,0.986,-2.379,-1.059,-1.055,0.065,1.496,-0.16,-4.47,-132.25,0.4845,0.4895,0.4532,0.4566,8259,28.416,724.4,383.8,479.8,22.6,502.4,21.15,23.75,0.90262,14.082,11.96,24.78,14,2
102.600,factory_mission,9x4.5,pi5,0.750,0.946,-2.376,-1.031,-1.033,0.059,1.460,-0.23,-4.12,-132.17,0.4838,0.4877,0.4547,0.4573,8258,28.407,724.2,383.6,479.5,22.6,502.1,21.14,23.75,0.90257,14.090,11.96,24.78,14,2
102.648,factory_mission,9x4.5,pi5,0.698,0.893,-2.374,-0.992,-0.999,0.051,1.409,-0.31,-3.65,-131.97,0.4815,0.4857,0.4567,0.4589,8255,28.386,723.6,383.0,478.8,22.6,501.4,21.11,23.75,0.90252,14.096,11.98,24.78,14,2
102.696,factory_mission,9x4.5,pi5,0.662,0.856,-2.372,-0.963,-0.974,0.045,1.371,-0.36,-3.37,-131.80,0.4801,0.4834,0.4584,0.4599,8252,28.357,722.9,382.4,478.0,22.6,500.6,21.08,23.75,0.90247,14.103,12.00,24.78,14,2
102.748,factory_mission,9x4.5,pi5,0.607,0.800,-2.370,-0.919,-0.933,0.036,1.309,-0.41,-2.99,-131.49,0.4777,0.4812,0.4593,0.4626,8248,28.328,722.2,381.7,477.2,22.6,499.8,21.04,23.75,0.90242,14.110,12.02,24.78,14,2
102.800,factory_mission,9x4.5,pi5,0.574,0.766,-2.370,-0.891,-0.906,0.031,1.271,-0.44,-2.76,-131.26,0.4767,0.4795,0.4606,0.4630,8244,28.302,721.5,381.2,476.4,22.6,499.0,21.01,23.75,0.90237,14.117,12.03,24.78,14,2
102.848,factory_mission,9x4.5,pi5,0.530,0.722,-2.369,-0.852,-0.868,0.025,1.217,-0.47,-2.46,-130.88,0.4751,0.4777,0.4620,0.4640,8241,28.277,720.9,380.6,475.8,22.6,498.4,20.98,23.75,0.90233,14.124,12.05,24.78,14,2
102.896,factory_mission,9x4.5,pi5,0.499,0.691,-2.369,-0.825,-0.842,0.021,1.179,-0.48,-2.29,-130.61,0.4744,0.4774,0.4620,0.4645,8239,28.262,720.5,380.3,475.4,22.6,498.0,20.97,23.75,0.90228,14.131,12.06,24.78,14,2
102.948,factory_mission,9x4.5,pi5,0.451,0.644,-2.370,-0.783,-0.799,0.016,1.119,-0.49,-2.05,-130.18,0.4744,0.4761,0.4625,0.4648,8237,28.251,720.2,380.1,475.1,22.6,497.7,20.96,23.75,0.90223,14.138,12.06,24.78,14,2
103.000,factory_mission,9x4.5,pi5,0.423,0.616,-2.370,-0.757,-0.773,0.013,1.082,-0.49,-1.92,-129.87,0.4751,0.4769,0.4615,0.4637,8235,28.235,719.8,379.8,474.7,22.6,497.3,20.94,23.75,0.90218,14.145,12.07,24.78,14,2
103.048,factory_mission,9x4.5,pi5,0.384,0.579,-2.371,-0.721,-0.737,0.009,1.031,-0.48,-1.73,-129.40,0.4748,0.4772,0.4614,0.4633,8233,28.225,719.5,379.6,474.5,22.6,497.1,20.93,23.75,0.90213,14.152,12.08,24.78,14,2
103.100,factory_mission,9x4.5,pi5,0.358,0.554,-2.372,-0.696,-0.712,0.006,0.996,-0.47,-1.62,-129.07,0.4763,0.4785,0.4597,0.4619,8232,28.216,719.3,379.4,474.3,22.6,496.9,20.92,23.75,0.90208,14.159,12.08,24.78,14,2
103.148,factory_mission,9x4.5,pi5,0.318,0.516,-2.373,-0.658,-0.672,0.003,0.940,-0.45,-1.47,-128.54,0.4771,0.4794,0.4588,0.4607,8231,28.210,719.1,379.3,474.2,22.6,496.8,20.92,23.75,0.90203,14.165,12.08,24.78,14,2
103.196,factory_mission,9x4.5,pi5,0.294,0.493,-2.374,-0.634,-0.648,0.001,0.906,-0.44,-1.39,-128.17,0.4805,0.4812,0.4563,0.4576,8229,28.205,719.0,379.3,474.2,22.6,496.8,20.92,23.75,0.90199,14.172,12.08,24.78,14,2
103.248,factory_mission,9x4.5,pi5,0.261,0.463,-2.375,-0.602,-0.615,-0.002,0.861,-0.41,-1.28,-127.61,0.4797,0.4815,0.4562,0.4578,8228,28.193,718.7,379.1,473.9,22.6,496.5,20.90,23.75,0.90194,14.179,12.09,24.78,14,2
103.296,factory_mission,9x4.5,pi5,0.239,0.443,-2.376,-0.580,-0.592,-0.004,0.829,-0.39,-1.21,-127.18,0.4768,0.4779,0.4591,0.4609,8226,28.175,718.3,378.6,473.3,22.6,495.9,20.88,23.75,0.90189,14.186,12.10,24.78,14,2
103.348,factory_mission,9x4.5,pi5,0.209,0.416,-2.378,-0.550,-0.562,0.001,0.786,-0.36,-1.12,-126.49,0.3414,0.3451,0.1887,0.1907,5295,12.189,310.7,114.3,142.9,22.6,165.5,6.85,24.17,0.90187,14.188,36.91,24.78,14,2
103.396,factory_mission,9x4.5,pi5,0.189,0.398,-2.376,-0.527,-0.539,0.150,0.769,-0.33,-1.07,-125.94,0.5919,0.5930,0.0000,0.0038,5382,21.129,538.6,342.5,428.1,22.6,450.7,18.93,23.81,0.90183,14.194,13.35,24.78,14,2
103.448,factory_mission,9x4.5,pi5,0.159,0.370,-2.361,-0.493,-0.506,0.318,0.774,-0.28,-1.02,-124.28,0.6239,0.6246,0.0000,0.0054,5618,23.105,589.0,392.0,490.0,22.6,512.6,21.60,23.73,0.90178,14.202,11.70,24.78,14,2
103.500,factory_mission,9x4.5,pi5,0.140,0.354,-2.347,-0.473,-0.486,0.373,0.774,-0.26,-0.98,-122.50,0.6440,0.6442,0.0000,0.0057,5763,24.376,621.4,425.0,531.3,22.6,553.9,23.40,23.67,0.90172,14.210,10.80,24.78,14,2
103.548,factory_mission,9x4.5,pi5,0.116,0.332,-2.323,-0.447,-0.461,0.426,0.770,-0.24,-0.92,-119.06,0.6525,0.6528,0.0000,0.0057,5825,24.936,635.7,439.8,549.8,22.6,572.4,24.21,23.65,0.90167,14.217,10.44,24.78,14,2
103.596,factory_mission,9x4.5,pi5,0.100,0.317,-2.304,-0.428,-0.443,0.453,0.765,-0.23,-0.88,-115.93,0.6581,0.6595,0.0000,0.0063,5872,25.345,646.1,450.7,563.4,22.6,586.0,24.80,23.63,0.90162,14.225,10.18,24.78,14,2
103.648,factory_mission,9x4.5,pi5,0.078,0.297,-2.276,-0.403,-0.420,0.480,0.754,-0.25,-0.81,-110.15,0.6619,0.6633,0.0000,0.0065,5900,25.598,652.6,457.5,571.9,22.6,594.5,25.17,23.62,0.90155,14.234,10.03,24.78,14,2
103.696,factory_mission,9x4.5,pi5,0.063,0.284,-2.255,-0.386,-0.404,0.494,0.746,-0.27,-0.76,-105.59,0.6634,0.6641,0.0000,0.0075,5912,25.679,654.6,459.6,574.5,22.6,597.1,25.29,23.61,0.90150,14.242,9.99,24.78,14,2
103.748,factory_mission,9x4.5,pi5,0.040,0.264,-2.222,-0.360,-0.379,0.514,0.733,-0.31,-0.67,-97.67,0.6306,0.6290,0.0348,0.0423,6277,24.045,613.0,403.1,503.9,22.6,526.5,22.21,23.71,0.90145,14.249,11.37,24.78,14,2
103.800,factory_mission,9x4.5,pi5,0.026,0.252,-2.200,-0.344,-0.364,0.537,0.734,-0.34,-0.62,-91.72,0.5794,0.5800,0.0980,0.1038,6365,21.878,557.7,331.6,414.5,22.6,437.1,18.35,23.82,0.90140,14.256,13.76,24.78,14,2
103.848,factory_mission,9x4.5,pi5,0.008,0.236,-2.168,-0.323,-0.344,0.604,0.767,-0.41,-0.55,-81.98,0.5494,0.5485,0.1601,0.1636,6584,21.321,543.5,299.6,374.6,22.6,397.2,16.64,23.87,0.90136,14.261,15.18,24.77,14,2
103.900,factory_mission,9x4.5,pi5,-0.005,0.225,-2.142,-0.309,-0.330,0.667,0.805,-0.46,-0.50,-75.06,0.5253,0.5251,0.2211,0.2230,6848,21.532,548.9,285.7,357.2,22.6,379.8,15.89,23.89,0.90133,14.266,15.89,24.77,14,2
103.948,factory_mission,9x4.5,pi5,-0.024,0.209,-2.095,-0.288,-0.308,0.763,0.872,-0.54,-0.43,-64.19,0.4904,0.4905,0.2933,0.2944,7117,21.932,559.1,274.5,343.1,22.6,365.7,15.30,23.91,0.90129,14.271,16.51,24.77,14,2
103.996,factory_mission,9x4.5,pi5,-0.036,0.199,-2.063,-0.275,-0.296,0.814,0.909,-0.59,-0.38,-56.73,0.4338,0.4342,0.3845,0.3860,7370,22.666,577.8,274.0,342.5,22.6,365.1,15.27,23.91,0.90126,14.276,16.53,24.77,14,2
104.048,factory_mission,9x4.5,pi5,-0.051,0.186,-2.014,-0.259,-0.280,0.865,0.945,-0.65,-0.30,-45.48,0.3654,0.3646,0.4892,0.4898,7625,24.545,625.7,314.0,392.5,22.6,415.1,17.41,23.85,0.90122,14.282,14.50,24.77,14,2
104.100,factory_mission,9x4.5,pi5,-0.062,0.177,-1.978,-0.248,-0.269,0.881,0.954,-0.67,-0.25,-38.16,0.2949,0.2942,0.5797,0.5812,7774,26.947,687.0,387.4,484.3,22.6,506.9,21.36,23.73,0.90116,14.289,11.82,24.77,14,2
104.148,factory_mission,9x4.5,pi5,-0.078,0.163,-1.920,-0.232,-0.255,0.856,0.922,-0.69,-0.17,-27.81,0.2371,0.2362,0.6460,0.6465,7831,29.198,744.3,467.2,584.0,22.6,606.6,25.70,23.60,0.90111,14.297,9.82,24.77,14,2
104.200,factory_mission,9x4.5,pi5,-0.087,0.155,-1.885,-0.222,-0.247,0.809,0.874,-0.69,-0.13,-21.52,0.1850,0.1835,0.6917,0.6915,7780,30.827,785.9,534.6,668.3,22.6,690.9,29.42,23.49,0.90104,14.307,8.58,24.77,14,2
104.248,factory_mission,9x4.5,pi5,-0.100,0.143,-1.841,-0.209,-0.237,0.716,0.783,-0.67,-0.09,-13.24,0.1495,0.1481,0.7107,0.7110,7663,31.352,799.3,565.2,706.4,22.6,729.0,31.11,23.44,0.90097,14.317,8.11,24.77,14,2
104.296,factory_mission,9x4.5,pi5,-0.108,0.135,-1.814,-0.199,-0.230,0.643,0.711,-0.64,-0.07,-8.57,0.1284,0.1265,0.7120,0.7126,7518,31.011,790.6,564.4,705.5,22.6,728.1,31.07,23.44,0.90090,14.327,8.12,24.77,14,2
104.348,factory_mission,9x4.5,pi5,-0.121,0.122,-1.777,-0.185,-0.221,0.535,0.608,-0.60,-0.06,-2.88,0.1217,0.1205,0.6997,0.6996,7381,29.995,764.7,537.9,672.3,22.6,694.9,29.60,23.48,0.90083,14.337,8.52,24.77,14,2
104.400,factory_mission,9x4.5,pi5,-0.129,0.113,-1.758,-0.176,-0.215,0.482,0.557,-0.57,-0.06,0.06,0.1300,0.1277,0.6753,0.6752,7260,28.473,725.9,492.3,615.4,22.6,638.0,27.09,23.55,0.90076,14.346,9.31,24.77,14,2
