t_s,scenario,prop,payload,x,y,z,vx,vy,vz,speed_ms,roll_deg,pitch_deg,yaw_deg,m0,m1,m2,m3,rpm_mean,thrust_total_n,thrust_per_motor_g,shaft_w,prop_elec_w,avionics_w,power_total_w,current_a,v_terminal,soc,energy_wh,endurance_remaining_min,px4_batt_v,nav_state,arming
0.048,factory_mission,9x4.5,pi5,-0.014,-0.005,0.025,-0.005,-0.005,-0.000,0.007,-0.01,0.01,114.28,0.0011,0.0009,0.0012,0.0008,1447,0.872,22.2,2.1,2.6,22.6,25.2,1.00,25.17,1.00000,0.000,287.95,nan,,
0.100,factory_mission,9x4.5,pi5,-0.015,-0.004,0.025,-0.006,-0.004,-0.000,0.007,-0.01,0.00,114.28,0.0010,0.0010,0.0011,0.0009,1447,0.872,22.2,2.1,2.6,22.6,25.2,1.00,25.17,1.00000,0.001,287.95,nan,,
0.148,factory_mission,9x4.5,pi5,-0.016,-0.003,0.026,-0.006,-0.003,0.000,0.007,-0.01,0.00,114.28,0.0008,0.0012,0.0013,0.0007,1447,0.872,22.2,2.1,2.6,22.6,25.2,1.00,25.17,0.99999,0.001,287.95,nan,,
0.200,factory_mission,9x4.5,pi5,-0.016,-0.001,0.026,-0.006,-0.002,0.001,0.007,-0.01,-0.00,114.28,0.0009,0.0011,0.0012,0.0008,1447,0.872,22.2,2.1,2.6,22.6,25.2,1.00,25.17,0.99999,0.001,287.95,nan,,
0.248,factory_mission,9x4.5,pi5,-0.016,-0.000,0.026,-0.006,-0.001,0.001,0.007,-0.01,-0.00,114.28,0.0009,0.0011,0.0011,0.0009,1447,0.872,22.2,2.1,2.6,22.6,25.2,1.00,25.17,0.99999,0.002,287.95,nan,4,1
0.300,factory_mission,9x4.5,pi5,-0.016,0.001,0.027,-0.006,-0.001,0.001,0.006,-0.02,-0.00,114.28,0.0008,0.0012,0.0010,0.0010,1447,0.872,22.2,2.1,2.6,22.6,25.2,1.00,25.17,0.99999,0.002,287.95,25.20,4,1
0.348,factory_mission,9x4.5,pi5,-0.016,0.001,0.027,-0.005,-0.000,0.002,0.006,-0.02,-0.00,114.28,0.0007,0.0013,0.0012,0.0008,1447,0.872,22.2,2.1,2.6,22.6,25.2,1.00,25.17,0.99998,0.002,287.95,25.20,4,1
0.400,factory_mission,9x4.5,pi5,-0.015,0.002,0.027,-0.005,0.001,0.002,0.005,-0.03,-0.00,114.28,0.0011,0.0009,0.0012,0.0008,1447,0.872,22.2,2.1,2.6,22.6,25.2,1.00,25.17,0.99998,0.003,287.95,25.20,4,1
0.448,factory_mission,9x4.5,pi5,-0.015,0.003,0.026,-0.004,0.001,0.002,0.005,-0.03,-0.00,114.28,0.0010,0.0011,0.0010,0.0010,1447,0.872,22.2,2.1,2.6,22.6,25.2,1.00,25.17,0.99998,0.003,287.95,25.20,4,1
0.500,factory_mission,9x4.5,pi5,-0.014,0.004,0.026,-0.003,0.002,0.001,0.004,-0.03,-0.00,114.28,0.0010,0.0010,0.0011,0.0009,1447,0.872,22.2,2.1,2.6,22.6,25.2,1.00,25.17,0.99998,0.003,287.94,25.20,4,1
0.548,factory_mission,9x4.5,pi5,-0.013,0.005,0.025,-0.002,0.003,0.001,0.004,-0.03,0.00,114.28,0.0008,0.0012,0.0012,0.0007,1447,0.872,22.2,2.1,2.6,22.6,25.2,1.00,25.17,0.99997,0.004,287.94,25.20,4,1
0.600,factory_mission,9x4.5,pi5,-0.012,0.006,0.024,-0.001,0.003,0.001,0.004,-0.03,0.00,114.28,0.0009,0.0012,0.0013,0.0006,1447,0.872,22.2,2.1,2.6,22.6,25.2,1.00,25.17,0.99997,0.004,287.94,25.20,4,1
0.648,factory_mission,9x4.5,pi5,-0.012,0.006,0.023,-0.001,0.004,0.000,0.004,-0.04,0.00,114.27,0.0006,0.0015,0.0013,0.0007,1447,0.872,22.2,2.1,2.6,22.6,25.2,1.00,25.17,0.99997,0.005,287.94,25.20,4,1
0.700,factory_mission,9x4.5,pi5,-0.010,0.007,0.022,0.001,0.004,-0.000,0.004,-0.04,0.01,114.27,0.0005,0.0015,0.0016,0.0004,1447,0.872,22.2,2.1,2.6,22.6,25.2,1.00,25.17,0.99997,0.005,287.94,25.20,4,1
0.748,factory_mission,9x4.5,pi5,-0.009,0.008,0.021,0.002,0.005,-0.001,0.005,-0.04,0.01,114.27,0.0007,0.0013,0.0016,0.0004,1447,0.872,22.2,2.1,2.6,22.6,25.2,1.00,25.17,0.99997,0.005,287.94,25.20,4,1
0.800,factory_mission,9x4.5,pi5,-0.007,0.008,0.020,0.003,0.005,-0.001,0.006,-0.05,0.01,114.27,0.0004,0.0016,0.0012,0.0007,1447,0.872,22.2,2.1,2.6,22.6,25.2,1.00,25.17,0.99996,0.006,287.94,25.20,4,1
0.848,factory_mission,9x4.5,pi5,-0.006,0.009,0.019,0.004,0.005,-0.001,0.007,-0.05,0.01,114.26,0.0003,0.0018,0.0010,0.0009,1447,0.872,22.2,2.1,2.6,22.6,25.2,1.00,25.17,0.99996,0.006,287.93,25.20,4,1
0.900,factory_mission,9x4.5,pi5,-0.004,0.009,0.018,0.006,0.005,-0.002,0.008,-0.05,0.01,114.26,0.0006,0.0015,0.0014,0.0005,1447,0.872,22.2,2.1,2.6,22.6,25.2,1.00,25.17,0.99996,0.006,287.94,25.20,4,1
0.948,factory_mission,9x4.5,pi5,-0.003,0.009,0.018,0.007,0.005,-0.002,0.009,-0.05,0.02,114.26,0.0004,0.0017,0.0012,0.0007,1447,0.872,22.2,2.1,2.6,22.6,25.2,1.00,25.17,0.99996,0.007,287.93,25.20,4,1
1.000,factory_mission,9x4.5,pi5,-0.001,0.009,0.017,0.008,0.005,-0.002,0.009,-0.06,0.02,114.26,0.0005,0.0016,0.0013,0.0006,1447,0.872,22.2,2.1,2.6,22.6,25.2,1.00,25.17,0.99995,0.007,287.93,25.20,4,1
1.048,factory_mission,9x4.5,pi5,0.000,0.009,0.017,0.009,0.004,-0.002,0.010,-0.06,0.02,114.26,0.0004,0.0017,0.0013,0.0006,1447,0.872,22.2,2.1,2.6,22.6,25.2,1.00,25.17,0.99995,0.007,287.93,25.20,4,1
1.100,factory_mission,9x4.5,pi5,0.002,0.009,0.016,0.011,0.004,-0.002,0.012,-0.06,0.02,114.26,0.0004,0.0016,0.0013,0.0007,1447,0.872,22.2,2.1,2.6,22.6,25.2,1.00,25.17,0.99995,0.008,287.93,25.20,4,1
1.148,factory_mission,9x4.5,pi5,0.004,0.009,0.016,0.012,0.004,-0.002,0.013,-0.06,0.02,114.26,0.0003,0.0018,0.0014,0.0006,1447,0.872,22.2,2.1,2.6,22.6,25.2,1.00,25.17,0.99995,0.008,287.93,25.20,4,1
1.200,factory_mission,9x4.5,pi5,0.006,0.009,0.015,0.014,0.004,-0.002,0.014,-0.06,0.03,114.26,0.0005,0.0015,0.0014,0.0005,1447,0.872,22.2,2.1,2.6,22.6,25.2,1.00,25.17,0.99994,0.008,287.93,25.20,4,1
1.248,factory_mission,9x4.5,pi5,0.008,0.009,0.015,0.015,0.004,-0.002,0.015,-0.06,0.03,114.26,0.0002,0.0019,0.0009,0.0010,1447,0.872,22.2,2.1,2.6,22.6,25.2,1.00,25.17,0.99994,0.009,287.93,25.20,4,1
1.300,factory_mission,9x4.5,pi5,0.010,0.009,0.015,0.017,0.003,-0.003,0.017,-0.07,0.03,114.26,0.0004,0.0016,0.0012,0.0007,1447,0.872,22.2,2.1,2.6,22.6,25.2,1.00,25.17,0.99994,0.009,287.93,25.20,4,1
1.348,factory_mission,9x4.5,pi5,0.012,0.009,0.014,0.018,0.003,-0.002,0.018,-0.07,0.04,114.25,0.0002,0.0019,0.0014,0.0005,1447,0.872,22.2,2.1,2.6,22.6,25.2,1.00,25.17,0.99994,0.009,287.93,25.20,4,1
1.400,factory_mission,9x4.5,pi5,0.014,0.009,0.014,0.019,0.002,-0.002,0.020,-0.07,0.04,114.25,0.0002,0.0019,0.0012,0.0007,1447,0.872,22.2,2.1,2.6,22.6,25.2,1.00,25.17,0.99994,0.010,287.92,25.20,4,1
1.448,factory_mission,9x4.5,pi5,0.015,0.009,0.014,0.020,0.002,-0.002,0.021,-0.07,0.04,114.25,0.0001,0.0019,0.0010,0.0010,1447,0.872,22.2,2.1,2.6,22.6,25.2,1.00,25.17,0.99993,0.010,287.93,25.20,4,1
1.500,factory_mission,9x4.5,pi5,0.018,0.008,0.014,0.022,0.001,-0.003,0.022,-0.07,0.04,114.25,0.0001,0.0018,0.0014,0.0006,1447,0.872,22.2,2.1,2.6,22.6,25.2,1.00,25.17,0.99993,0.010,287.92,25.20,4,1
1.548,factory_mission,9x4.5,pi5,0.019,0.007,0.013,0.022,0.000,-0.003,0.022,-0.07,0.04,114.25,0.0001,0.0019,0.0012,0.0008,1447,0.872,22.2,2.1,2.6,22.6,25.2,1.00,25.17,0.99993,0.011,287.92,25.20,4,1
1.600,factory_mission,9x4.5,pi5,0.020,0.007,0.013,0.023,-0.001,-0.003,0.023,-0.07,0.05,114.25,0.0000,0.0020,0.0013,0.0007,1447,0.872,22.2,2.1,2.6,22.6,25.2,1.00,25.17,0.99993,0.011,287.92,25.20,4,1
1.648,factory_mission,9x4.5,pi5,0.021,0.006,0.013,0.023,-0.001,-0.003,0.023,-0.07,0.05,114.26,0.0004,0.0017,0.0013,0.0006,1447,0.872,22.2,2.1,2.6,22.6,25.2,1.00,25.17,0.99992,0.012,287.92,25.20,4,1
1.700,factory_mission,9x4.5,pi5,0.022,0.005,0.013,0.024,-0.002,-0.003,0.024,-0.07,0.05,114.26,0.0001,0.0019,0.0010,0.0009,1447,0.872,22.2,2.1,2.6,22.6,25.2,1.00,25.17,0.99992,0.012,287.92,25.20,4,1
1.748,factory_mission,9x4.5,pi5,0.023,0.005,0.013,0.024,-0.003,-0.002,0.024,-0.06,0.05,114.26,0.0002,0.0018,0.0012,0.0008,1447,0.872,22.2,2.1,2.6,22.6,25.2,1.00,25.17,0.99992,0.012,287.92,25.20,4,1
1.800,factory_mission,9x4.5,pi5,0.023,0.004,0.013,0.024,-0.003,-0.002,0.025,-0.06,0.05,114.26,0.0000,0.0020,0.0013,0.0007,1447,0.872,22.2,2.1,2.6,22.6,25.2,1.00,25.17,0.99992,0.013,287.92,25.20,4,1
1.848,factory_mission,9x4.5,pi5,0.024,0.004,0.014,0.024,-0.003,-0.002,0.025,-0.06,0.05,114.26,0.0002,0.0019,0.0010,0.0009,1447,0.872,22.2,2.1,2.6,22.6,25.2,1.00,25.17,0.99991,0.013,287.91,25.20,4,1
1.900,factory_mission,9x4.5,pi5,0.024,0.003,0.013,0.025,-0.004,-0.003,0.025,-0.06,0.05,114.26,0.0004,0.0017,0.0010,0.0010,1447,0.872,22.2,2.1,2.6,22.6,25.2,1.00,25.17,0.99991,0.013,287.92,25.20,4,1
1.948,factory_mission,9x4.5,pi5,0.024,0.003,0.013,0.024,-0.004,-0.003,0.025,-0.06,0.05,114.26,0.0003,0.0017,0.0008,0.0012,1447,0.872,22.2,2.1,2.6,22.6,25.2,1.00,25.17,0.99991,0.014,287.91,25.20,4,1
2.000,factory_mission,9x4.5,pi5,0.024,0.003,0.013,0.024,-0.004,-0.003,0.024,-0.06,0.05,114.26,0.0004,0.0016,0.0012,0.0008,1447,0.872,22.2,2.1,2.6,22.6,25.2,1.00,25.17,0.99991,0.014,287.91,25.20,4,1
2.048,factory_mission,9x4.5,pi5,0.024,0.003,0.013,0.023,-0.004,-0.003,0.024,-0.06,0.05,114.26,0.0002,0.0017,0.0011,0.0009,1447,0.872,22.2,2.1,2.6,22.6,25.2,1.00,25.17,0.99991,0.014,287.91,25.20,4,1
2.100,factory_mission,9x4.5,pi5,0.023,0.003,0.013,0.022,-0.003,-0.003,0.023,-0.05,0.04,114.26,0.0004,0.0016,0.0010,0.0010,1447,0.872,22.2,2.1,2.6,22.6,25.2,1.00,25.17,0.99990,0.015,287.91,25.20,4,1
2.148,factory_mission,9x4.5,pi5,0.023,0.003,0.013,0.022,-0.003,-0.004,0.022,-0.05,0.04,114.27,0.0001,0.0019,0.0013,0.0007,1447,0.872,22.2,2.1,2.6,22.6,25.2,1.00,25.17,0.99990,0.015,287.91,25.20,4,1
2.200,factory_mission,9x4.5,pi5,0.022,0.004,0.013,0.021,-0.002,-0.003,0.021,-0.05,0.04,114.27,0.0005,0.0014,0.0012,0.0009,1447,0.872,22.2,2.1,2.6,22.6,25.2,1.00,25.17,0.99990,0.015,287.91,25.20,4,1
2.248,factory_mission,9x4.5,pi5,0.022,0.004,0.013,0.021,-0.002,-0.004,0.021,-0.05,0.04,114.27,0.0003,0.0016,0.0011,0.0009,1447,0.872,22.2,2.1,2.6,22.6,25.2,1.00,25.17,0.99990,0.016,287.91,25.20,4,1
2.292,factory_mission,9x4.5,pi5,0.022,0.004,0.013,0.020,-0.001,-0.004,0.021,-0.05,0.04,114.27,0.0002,0.0017,0.0013,0.0008,1447,0.872,22.2,2.1,2.6,22.6,25.2,1.00,25.17,0.99989,0.016,287.90,25.20,4,1
2.328,factory_mission,9x4.5,pi5,0.023,0.005,0.012,0.020,-0.001,-0.004,0.021,-0.05,0.03,114.27,0.0001,0.0018,0.0013,0.0007,1447,0.872,22.2,2.1,2.6,22.6,25.2,1.00,25.17,0.99989,0.016,287.90,25.20,4,1
2.384,factory_mission,9x4.5,pi5,0.023,0.005,0.012,0.020,-0.001,-0.004,0.020,-0.05,0.03,114.27,0.0001,0.0019,0.0008,0.0012,1447,0.872,22.2,2.1,2.6,22.6,25.2,1.00,25.17,0.99989,0.017,287.91,25.20,4,1
2.432,factory_mission,9x4.5,pi5,0.023,0.005,0.012,0.020,-0.001,-0.005,0.020,-0.06,0.03,114.27,0.0006,0.0015,0.0011,0.0008,1447,0.872,22.2,2.1,2.6,22.6,25.2,1.00,25.17,0.99989,0.017,287.91,25.20,4,1
2.484,factory_mission,9x4.5,pi5,0.022,0.005,0.012,0.019,-0.001,-0.005,0.020,-0.05,0.03,114.27,0.0003,0.0017,0.0013,0.0008,1447,0.872,22.2,2.1,2.6,22.6,25.2,1.00,25.17,0.99988,0.017,287.90,25.20,4,1
2.532,factory_mission,9x4.5,pi5,0.023,0.005,0.012,0.019,-0.001,-0.005,0.020,-0.05,0.03,114.27,0.0004,0.0016,0.0011,0.0009,1447,0.872,22.2,2.1,2.6,22.6,25.2,1.00,25.17,0.99988,0.018,287.90,25.20,4,1
2.584,factory_mission,9x4.5,pi5,0.023,0.004,0.012,0.019,-0.001,-0.005,0.020,-0.05,0.03,114.27,0.0001,0.0019,0.0011,0.0010,1447,0.872,22.2,2.1,2.6,22.6,25.2,1.00,25.17,0.99988,0.018,287.90,25.20,4,1
2.632,factory_mission,9x4.5,pi5,0.023,0.004,0.011,0.019,-0.001,-0.005,0.020,-0.05,0.03,114.27,0.0005,0.0014,0.0011,0.0009,1447,0.872,22.2,2.1,2.6,22.6,25.2,1.00,25.17,0.99988,0.018,287.90,25.20,4,1
2.684,factory_mission,9x4.5,pi5,0.023,0.003,0.011,0.019,-0.002,-0.005,0.020,-0.05,0.03,114.27,0.0001,0.0018,0.0011,0.0010,1447,0.872,22.2,2.1,2.6,22.6,25.2,1.00,25.17,0.99988,0.019,287.90,25.20,4,1
2.732,factory_mission,9x4.5,pi5,0.022,0.003,0.011,0.018,-0.002,-0.005,0.019,-0.05,0.04,114.27,0.0003,0.0016,0.0011,0.0010,1447,0.872,22.2,2.1,2.6,22.6,25.2,1.00,25.17,0.99987,0.019,287.90,25.20,4,1
2.784,factory_mission,9x4.5,pi5,0.022,0.003,0.011,0.018,-0.002,-0.005,0.019,-0.05,0.04,114.27,0.0004,0.0015,0.0010,0.0011,1447,0.872,22.2,2.1,2.6,22.6,25.2,1.00,25.17,0.99987,0.019,287.90,25.20,4,1
2.832,factory_mission,9x4.5,pi5,0.021,0.002,0.011,0.017,-0.002,-0.005,0.018,-0.04,0.04,114.27,0.0001,0.0018,0.0012,0.0008,1447,0.872,22.2,2.1,2.6,22.6,25.2,1.00,25.17,0.99987,0.020,287.89,25.20,4,1
2.884,factory_mission,9x4.5,pi5,0.021,0.002,0.011,0.016,-0.003,-0.004,0.017,-0.04,0.04,114.28,0.0004,0.0015,0.0013,0.0008,1447,0.872,22.2,2.1,2.6,22.6,25.2,1.00,25.17,0.99987,0.020,287.90,25.20,4,1
2.932,factory_mission,9x4.5,pi5,0.020,0.001,0.012,0.015,-0.003,-0.004,0.016,-0.04,0.03,114.28,0.0007,0.0012,0.0009,0.0011,1447,0.872,22.2,2.1,2.6,22.6,25.2,1.00,25.17,0.99986,0.021,287.89,25.20,4,1
2.980,factory_mission,9x4.5,pi5,0.019,0.001,0.012,0.014,-0.003,-0.004,0.015,-0.04,0.03,114.28,0.0005,0.0015,0.0009,0.0011,1447,0.872,22.2,2.1,2.6,22.6,25.2,1.00,25.17,0.99986,0.021,287.89,25.20,4,1
3.032,factory_mission,9x4.5,pi5,0.018,0.001,0.012,0.013,-0.003,-0.004,0.014,-0.03,0.03,114.28,0.0008,0.0013,0.0011,0.0008,1447,0.872,22.2,2.1,2.6,22.6,25.2,1.00,25.17,0.99986,0.021,287.89,25.20,4,1
3.084,factory_mission,9x4.5,pi5,0.016,0.002,0.012,0.011,-0.002,-0.004,0.012,-0.03,0.03,114.28,0.0007,0.0014,0.0011,0.0008,1447,0.872,22.2,2.1,2.6,22.6,25.2,1.00,25.17,0.99986,0.022,287.89,25.20,4,1
3.132,factory_mission,9x4.5,pi5,0.015,0.002,0.012,0.011,-0.002,-0.004,0.011,-0.03,0.03,114.28,0.0007,0.0013,0.0010,0.0010,1447,0.872,22.2,2.1,2.6,22.6,25.2,1.00,25.17,0.99985,0.022,287.89,25.20,4,1
3.184,factory_mission,9x4.5,pi5,0.014,0.003,0.012,0.009,-0.001,-0.003,0.010,-0.03,0.02,114.28,0.0006,0.0013,0.0012,0.0009,1447,0.872,22.2,2.1,2.6,22.6,25.2,1.00,25.17,0.99985,0.022,287.89,25.20,4,1
3.232,factory_mission,9x4.5,pi5,0.013,0.004,0.011,0.008,-0.001,-0.004,0.009,-0.03,0.02,114.28,0.0008,0.0011,0.0011,0.0010,1447,0.872,22.2,2.1,2.6,22.6,25.2,1.00,25.17,0.99985,0.023,287.89,25.20,4,1
3.284,factory_mission,9x4.5,pi5,0.011,0.006,0.010,0.007,0.001,-0.004,0.008,-0.02,0.01,114.28,0.0007,0.0013,0.0013,0.0008,1447,0.872,22.2,2.1,2.6,22.6,25.2,1.00,25.17,0.99985,0.023,287.88,25.20,4,1
3.332,factory_mission,9x4.5,pi5,0.010,0.007,0.010,0.005,0.002,-0.004,0.007,-0.02,0.01,114.28,0.0008,0.0012,0.0011,0.0009,1447,0.872,22.2,2.1,2.6,22.6,25.2,1.00,25.17,0.99985,0.023,287.89,25.20,4,1
3.384,factory_mission,9x4.5,pi5,0.008,0.009,0.009,0.004,0.004,-0.004,0.007,-0.02,0.00,114.28,0.0008,0.0013,0.0012,0.0007,1447,0.872,22.2,2.1,2.6,22.6,25.2,1.00,25.17,0.99984,0.024,287.88,25.20,4,1
3.432,factory_mission,9x4.5,pi5,0.008,0.011,0.008,0.004,0.005,-0.004,0.007,-0.02,0.00,114.28,0.0009,0.0012,0.0009,0.0009,1447,0.872,22.2,2.1,2.6,22.6,25.2,1.00,25.17,0.99984,0.024,287.88,25.20,4,1
3.484,factory_mission,9x4.5,pi5,0.006,0.014,0.007,0.002,0.007,-0.005,0.009,-0.02,-0.00,114.27,0.0012,0.0009,0.0010,0.0009,1447,0.872,22.2,2.1,2.6,22.6,25.2,1.00,25.17,0.99984,0.024,287.88,25.20,4,1
3.532,factory_mission,9x4.5,pi5,0.005,0.015,0.006,0.001,0.008,-0.005,0.009,-0.02,-0.01,114.27,0.0009,0.0012,0.0014,0.0005,1447,0.872,22.2,2.1,2.6,22.6,25.2,1.00,25.17,0.99984,0.025,287.88,25.20,4,1
3.584,factory_mission,9x4.5,pi5,0.004,0.017,0.004,0.000,0.009,-0.005,0.010,-0.02,-0.01,114.27,0.0013,0.0007,0.0011,0.0009,1447,0.872,22.2,2.1,2.6,22.6,25.2,1.00,25.17,0.99983,0.025,287.88,25.20,4,1
3.632,factory_mission,9x4.5,pi5,0.003,0.018,0.004,-0.000,0.009,-0.006,0.011,-0.02,-0.01,114.27,0.0012,0.0009,0.0011,0.0009,1447,0.872,22.2,2.1,2.6,22.6,25.2,1.00,25.17,0.99983,0.025,287.88,25.20,4,1
3.684,factory_mission,9x4.5,pi5,0.002,0.019,0.002,-0.001,0.010,-0.006,0.012,-0.02,-0.01,114.27,0.0010,0.0010,0.0014,0.0006,1447,0.872,22.2,2.1,2.6,22.6,25.2,1.00,25.17,0.99983,0.026,287.88,25.20,4,1
3.732,factory_mission,9x4.5,pi5,0.001,0.020,0.001,-0.001,0.010,-0.006,0.012,-0.02,-0.01,114.27,0.0013,0.0007,0.0013,0.0008,1447,0.872,22.2,2.1,2.6,22.6,25.2,1.00,25.17,0.99983,0.026,287.88,25.20,4,1
3.784,factory_mission,9x4.5,pi5,0.000,0.021,-0.000,-0.002,0.011,-0.007,0.013,-0.02,-0.01,114.27,0.0012,0.0008,0.0010,0.0010,1447,0.872,22.2,2.1,2.6,22.6,25.2,1.00,25.17,0.99982,0.026,287.88,25.20,4,1
3.832,factory_mission,9x4.5,pi5,-0.001,0.021,-0.001,-0.002,0.010,-0.007,0.013,-0.02,-0.01,114.27,0.0011,0.0009,0.0015,0.0005,1447,0.872,22.2,2.1,2.6,22.6,25.2,1.00,25.17,0.99982,0.027,287.87,25.20,4,1
3.880,factory_mission,9x4.5,pi5,-0.002,0.021,-0.002,-0.003,0.010,-0.007,0.012,-0.02,-0.01,114.28,0.0010,0.0010,0.0010,0.0011,1447,0.872,22.2,2.1,2.6,22.6,25.2,1.00,25.17,0.99982,0.027,287.88,25.20,4,1
3.932,factory_mission,9x4.5,pi5,-0.003,0.020,-0.002,-0.004,0.009,-0.007,0.012,-0.01,-0.01,114.28,0.0009,0.0011,0.0012,0.0009,1447,0.872,22.2,2.1,2.6,22.6,25.2,1.00,25.17,0.99982,0.027,287.87,25.20,4,1
3.984,factory_mission,9x4.5,pi5,-0.004,0.020,-0.002,-0.004,0.008,-0.006,0.011,-0.01,-0.01,114.28,0.0010,0.0011,0.0007,0.0012,1447,0.872,22.2,2.1,2.6,22.6,25.2,1.00,25.17,0.99982,0.028,287.87,25.20,4,1
4.032,factory_mission,9x4.5,pi5,-0.006,0.019,-0.002,-0.005,0.008,-0.006,0.011,-0.01,-0.01,114.29,0.0008,0.0012,0.0014,0.0006,1447,0.872,22.2,2.1,2.6,22.6,25.2,1.00,25.17,0.99981,0.028,287.87,25.20,4,1
4.084,factory_mission,9x4.5,pi5,-0.007,0.019,-0.002,-0.006,0.006,-0.006,0.011,-0.01,-0.00,114.29,0.0011,0.0008,0.0010,0.0011,1447,0.872,22.2,2.1,2.6,22.6,25.2,1.00,25.17,0.99981,0.029,287.87,25.20,4,1
4.132,factory_mission,9x4.5,pi5,-0.008,0.018,-0.002,-0.006,0.006,-0.006,0.011,-0.00,-0.00,114.29,0.0011,0.0008,0.0012,0.0008,1447,0.872,22.2,2.1,2.6,22.6,25.2,1.00,25.17,0.99981,0.029,287.87,25.20,4,1
4.184,factory_mission,9x4.5,pi5,-0.009,0.018,-0.003,-0.007,0.005,-0.006,0.011,-0.00,-0.00,114.29,0.0009,0.0011,0.0011,0.0009,1447,0.872,22.2,2.1,2.6,22.6,25.2,1.00,25.17,0.99981,0.029,287.87,25.20,4,1
4.232,factory_mission,9x4.5,pi5,-0.010,0.018,-0.003,-0.007,0.005,-0.006,0.010,-0.00,-0.00,114.29,0.0011,0.0009,0.0010,0.0010,1447,0.872,22.2,2.1,2.6,22.6,25.2,1.00,25.17,0.99980,0.030,287.87,25.20,4,1
4.284,factory_mission,9x4.5,pi5,-0.010,0.017,-0.004,-0.007,0.005,-0.006,0.010,-0.00,-0.00,114.29,0.0010,0.0010,0.0010,0.0010,1447,0.872,22.2,2.1,2.6,22.6,25.2,1.00,25.17,0.99980,0.030,287.86,25.20,4,1
4.332,factory_mission,9x4.5,pi5,-0.010,0.017,-0.004,-0.006,0.004,-0.006,0.010,-0.01,-0.00,114.29,0.0010,0.0010,0.0010,0.0010,1447,0.872,22.2,2.1,2.6,22.6,25.2,1.00,25.17,0.99980,0.030,287.86,25.20,4,1
4.384,factory_mission,9x4.5,pi5,-0.010,0.017,-0.005,-0.006,0.004,-0.006,0.009,-0.01,-0.00,114.29,0.0011,0.0009,0.0012,0.0008,1447,0.872,22.2,2.1,2.6,22.6,25.2,1.00,25.17,0.99980,0.031,287.86,25.20,4,1
4.432,factory_mission,9x4.5,pi5,-0.009,0.016,-0.006,-0.005,0.003,-0.006,0.009,-0.01,-0.00,114.30,0.0008,0.0011,0.0011,0.0010,1447,0.872,22.2,2.1,2.6,22.6,25.2,1.00,25.17,0.99979,0.031,287.86,25.20,4,1
4.484,factory_mission,9x4.5,pi5,-0.008,0.016,-0.007,-0.003,0.003,-0.007,0.008,-0.01,0.00,114.30,0.0010,0.0010,0.0009,0.0011,1447,0.872,22.2,2.1,2.6,22.6,25.2,1.00,25.17,0.99979,0.031,287.86,25.20,4,1
4.532,factory_mission,9x4.5,pi5,-0.008,0.015,-0.009,-0.002,0.002,-0.008,0.008,-0.02,0.00,114.30,0.0012,0.0008,0.0008,0.0011,1447,0.872,22.2,2.1,2.6,22.6,25.2,1.00,25.17,0.99979,0.032,287.86,25.20,4,1
4.584,factory_mission,9x4.5,pi5,-0.007,0.015,-0.010,-0.001,0.002,-0.008,0.009,-0.02,0.00,114.29,0.0009,0.0011,0.0011,0.0009,1447,0.872,22.2,2.1,2.6,22.6,25.2,1.00,25.17,0.99979,0.032,287.86,25.20,4,1
4.632,factory_mission,9x4.5,pi5,-0.006,0.015,-0.012,-0.000,0.002,-0.009,0.009,-0.02,0.01,114.29,0.0004,0.0016,0.0011,0.0009,1447,0.872,22.2,2.1,2.6,22.6,25.2,1.00,25.17,0.99979,0.032,287.86,25.20,4,1
4.684,factory_mission,9x4.5,pi5,-0.005,0.015,-0.014,0.001,0.002,-0.009,0.010,-0.03,0.01,114.30,0.0009,0.0010,0.0010,0.0011,1447,0.872,22.2,2.1,2.6,22.6,25.2,1.00,25.17,0.99978,0.033,287.86,25.20,4,1
4.732,factory_mission,9x4.5,pi5,-0.004,0.015,-0.015,0.002,0.001,-0.010,0.010,-0.03,0.01,114.29,0.0006,0.0013,0.0009,0.0012,1447,0.872,22.2,2.1,2.6,22.6,25.2,1.00,25.17,0.99978,0.033,287.86,25.20,4,1
4.784,factory_mission,9x4.5,pi5,-0.003,0.014,-0.016,0.002,0.001,-0.010,0.011,-0.03,0.01,114.30,0.0006,0.0013,0.0012,0.0009,1447,0.872,22.2,2.1,2.6,22.6,25.2,1.00,25.17,0.99978,0.033,287.86,25.20,4,1
4.832,factory_mission,9x4.5,pi5,-0.003,0.014,-0.017,0.003,0.001,-0.011,0.011,-0.03,0.01,114.30,0.0006,0.0013,0.0013,0.0007,1447,0.872,22.2,2.1,2.6,22.6,25.2,1.00,25.17,0.99978,0.034,287.85,25.20,4,1
4.884,factory_mission,9x4.5,pi5,-0.002,0.013,-0.018,0.003,0.000,-0.011,0.012,-0.03,0.01,114.30,0.0008,0.0011,0.0014,0.0007,1447,0.872,22.2,2.1,2.6,22.6,25.2,1.00,25.17,0.99977,0.034,287.85,25.20,4,1
4.932,factory_mission,9x4.5,pi5,-0.001,0.013,-0.019,0.004,-0.000,-0.011,0.012,-0.02,0.01,114.30,0.0007,0.0012,0.0010,0.0010,1447,0.872,22.2,2.1,2.6,22.6,25.2,1.00,25.17,0.99977,0.034,287.85,25.20,4,1
4.984,factory_mission,9x4.5,pi5,-0.000,0.012,-0.020,0.004,-0.001,-0.012,0.012,-0.02,0.01,114.30,0.0006,0.0013,0.0011,0.0010,1447,0.872,22.2,2.1,2.6,22.6,25.2,1.00,25.17,0.99977,0.035,287.85,25.20,4,1
5.032,factory_mission,9x4.5,pi5,-0.000,0.012,-0.020,0.004,-0.001,-0.012,0.012,-0.02,0.01,114.30,0.0006,0.0013,0.0012,0.0009,1447,0.872,22.2,2.1,2.6,22.6,25.2,1.00,25.17,0.99977,0.035,287.85,25.20,4,1
5.084,factory_mission,9x4.5,pi5,-0.000,0.011,-0.021,0.004,-0.002,-0.012,0.013,-0.02,0.01,114.30,0.0006,0.0013,0.0014,0.0007,1447,0.872,22.2,2.1,2.6,22.6,25.2,1.00,25.17,0.99976,0.036,287.85,25.20,4,1
5.132,factory_mission,9x4.5,pi5,-0.000,0.011,-0.021,0.003,-0.002,-0.012,0.013,-0.02,0.01,114.31,0.0006,0.0014,0.0012,0.0008,1447,0.872,22.2,2.1,2.6,22.6,25.2,1.00,25.17,0.99976,0.036,287.84,25.20,4,1
5.184,factory_mission,9x4.5,pi5,-0.001,0.011,-0.021,0.003,-0.002,-0.012,0.013,-0.02,0.01,114.31,0.0004,0.0015,0.0010,0.0011,1447,0.872,22.2,2.1,2.6,22.6,25.2,1.00,25.17,0.99976,0.036,287.85,25.20,4,1
5.232,factory_mission,9x4.5,pi5,-0.002,0.011,-0.021,0.002,-0.003,-0.012,0.012,-0.02,0.01,114.31,0.0009,0.0010,0.0012,0.0009,1447,0.872,22.2,2.1,2.6,22.6,25.2,1.00,25.17,0.99976,0.037,287.84,25.20,4,1
5.284,factory_mission,9x4.5,pi5,-0.003,0.011,-0.020,0.001,-0.003,-0.012,0.012,-0.01,0.01,114.31,0.0008,0.0011,0.0011,0.0009,1447,0.872,22.2,2.1,2.6,22.6,25.2,1.00,25.17,0.99976,0.037,287.84,25.20,4,1
5.332,factory_mission,9x4.5,pi5,-0.003,0.011,-0.020,0.001,-0.003,-0.012,0.012,-0.01,0.01,114.31,0.0008,0.0011,0.0012,0.0009,1447,0.872,22.2,2.1,2.6,22.6,25.2,1.00,25.17,0.99975,0.037,287.84,25.20,4,1
5.384,factory_mission,9x4.5,pi5,-0.005,0.011,-0.020,0.000,-0.003,-0.011,0.012,-0.01,0.01,114.31,0.0007,0.0012,0.0010,0.0011,1447,0.872,22.2,2.1,2.6,22.6,25.2,1.00,25.17,0.99975,0.038,287.84,25.20,4,1
5.432,factory_mission,9x4.5,pi5,-0.005,0.012,-0.019,-0.000,-0.003,-0.011,0.011,-0.01,0.01,114.31,0.0006,0.0013,0.0013,0.0007,1447,0.872,22.2,2.1,2.6,22.6,25.2,1.00,25.17,0.99975,0.038,287.84,25.20,4,1
5.484,factory_mission,9x4.5,pi5,-0.006,0.013,-0.018,-0.001,-0.002,-0.011,0.011,-0.01,0.01,114.31,0.0009,0.0011,0.0009,0.0011,1447,0.872,22.2,2.1,2.6,22.6,25.2,1.00,25.17,0.99975,0.038,287.84,25.20,4,1
5.532,factory_mission,9x4.5,pi5,-0.007,0.013,-0.018,-0.001,-0.001,-0.011,0.011,-0.01,0.01,114.31,0.0008,0.0013,0.0010,0.0010,1447,0.872,22.2,2.1,2.6,22.6,25.2,1.00,25.17,0.99974,0.039,287.84,25.20,14,2
5.584,factory_mission,9x4.5,pi5,-0.008,0.014,-0.017,-0.002,-0.000,-0.010,0.010,-0.01,0.00,114.30,0.0010,0.0010,0.0009,0.0011,1447,0.872,22.2,2.1,2.6,22.6,25.2,1.00,25.17,0.99974,0.039,287.84,25.20,14,2
5.632,factory_mission,9x4.5,pi5,-0.008,0.014,-0.016,-0.002,-0.000,-0.010,0.010,-0.01,0.00,114.30,0.0010,0.0011,0.0006,0.0013,1447,0.872,22.2,2.1,2.6,22.6,25.2,1.00,25.17,0.99974,0.039,287.84,25.20,14,2
5.684,factory_mission,9x4.5,pi5,-0.009,0.015,-0.015,-0.002,0.000,-0.009,0.010,-0.01,0.00,114.30,0.0008,0.0013,0.0010,0.0009,1447,0.872,22.2,2.1,2.6,22.6,25.2,1.00,25.17,0.99974,0.040,287.83,25.20,14,2
5.732,factory_mission,9x4.5,pi5,-0.009,0.015,-0.014,-0.002,0.000,-0.009,0.009,-0.01,0.00,114.30,0.0006,0.0014,0.0014,0.0007,1447,0.872,22.2,2.1,2.6,22.6,25.2,1.00,25.17,0.99973,0.040,287.84,25.20,14,2
5.784,factory_mission,9x4.5,pi5,-0.009,0.015,-0.013,-0.002,0.001,-0.009,0.009,-0.01,0.00,114.30,0.0006,0.0013,0.0011,0.0010,1447,0.872,22.2,2.1,2.6,22.6,25.2,1.00,25.17,0.99973,0.040,287.83,25.20,14,2
5.832,factory_mission,9x4.5,pi5,-0.009,0.016,-0.012,-0.002,0.001,-0.008,0.009,-0.01,0.00,114.30,0.0012,0.0008,0.0011,0.0009,1447,0.872,22.2,2.1,2.6,22.6,25.2,1.00,25.17,0.99973,0.041,287.83,25.20,14,2
5.884,factory_mission,9x4.5,pi5,-0.008,0.016,-0.010,-0.001,0.001,-0.008,0.008,-0.01,0.00,114.30,0.0010,0.0010,0.0007,0.0013,1447,0.872,22.2,2.1,2.6,22.6,25.2,1.00,25.17,0.99973,0.041,287.83,25.20,14,2
5.932,factory_mission,9x4.5,pi5,-0.007,0.016,-0.009,-0.001,0.000,-0.007,0.007,-0.01,0.00,114.30,0.0006,0.0014,0.0012,0.0008,1447,0.872,22.2,2.1,2.6,22.6,25.2,1.00,25.17,0.99973,0.041,287.83,25.20,14,2
5.984,factory_mission,9x4.5,pi5,-0.006,0.016,-0.008,-0.000,0.000,-0.007,0.007,-0.02,0.01,114.30,0.0005,0.0015,0.0008,0.0012,1447,0.872,22.2,2.1,2.6,22.6,25.2,1.00,25.17,0.99972,0.042,287.83,25.20,14,2
6.032,factory_mission,9x4.5,pi5,-0.006,0.016,-0.007,-0.000,-0.000,-0.006,0.006,-0.02,0.01,114.30,0.0008,0.0012,0.0006,0.0014,1447,0.872,22.2,2.1,2.6,22.6,25.2,1.00,25.17,0.99972,0.042,287.83,25.20,14,2
6.084,factory_mission,9x4.5,pi5,-0.005,0.016,-0.006,0.000,-0.000,-0.006,0.006,-0.02,0.01,114.30,0.0010,0.0011,0.0007,0.0012,1447,0.872,22.2,2.1,2.6,22.6,25.2,1.00,25.17,0.99972,0.043,287.83,25.20,14,2
6.132,factory_mission,9x4.5,pi5,-0.004,0.016,-0.006,0.001,-0.000,-0.006,0.006,-0.02,0.01,114.30,0.0009,0.0012,0.0010,0.0009,1447,0.872,22.2,2.1,2.6,22.6,25.2,1.00,25.17,0.99972,0.043,287.82,25.20,14,2
6.184,factory_mission,9x4.5,pi5,-0.004,0.016,-0.005,0.001,-0.001,-0.006,0.006,-0.02,0.01,114.30,0.0006,0.0014,0.0014,0.0006,1447,0.872,22.2,2.1,2.6,22.6,25.2,1.00,25.17,0.99971,0.043,287.82,25.20,14,2
6.232,factory_mission,9x4.5,pi5,-0.003,0.016,-0.005,0.000,-0.001,-0.005,0.006,-0.02,0.01,114.31,0.0008,0.0013,0.0009,0.0011,1447,0.872,22.2,2.1,2.6,22.6,25.2,1.00,25.17,0.99971,0.044,287.82,25.20,14,2
6.284,factory_mission,9x4.5,pi5,-0.003,0.015,-0.004,0.000,-0.002,-0.005,0.006,-0.02,0.01,114.31,0.0007,0.0013,0.0012,0.0009,1447,0.872,22.2,2.1,2.6,22.6,25.2,1.00,25.17,0.99971,0.044,287.82,25.20,14,2
6.332,factory_mission,9x4.5,pi5,-0.003,0.015,-0.004,0.000,-0.002,-0.005,0.006,-0.02,0.01,114.31,0.0008,0.0012,0.0010,0.0010,1447,0.872,22.2,2.1,2.6,22.6,25.2,1.00,25.17,0.99971,0.044,287.82,25.20,14,2
6.384,factory_mission,9x4.5,pi5,-0.003,0.015,-0.004,-0.000,-0.002,-0.005,0.006,-0.02,0.02,114.31,0.0006,0.0015,0.0009,0.0011,1447,0.872,22.2,2.1,2.6,22.6,25.2,1.00,25.17,0.99970,0.045,287.82,25.20,14,2
6.432,factory_mission,9x4.5,pi5,-0.003,0.014,-0.004,-0.001,-0.003,-0.005,0.006,-0.01,0.02,114.31,0.0012,0.0008,0.0009,0.0010,1447,0.872,22.2,2.1,2.6,22.6,25.2,1.00,25.17,0.99970,0.045,287.82,25.20,14,2
6.484,factory_mission,9x4.5,pi5,-0.004,0.014,-0.004,-0.001,-0.003,-0.005,0.006,-0.01,0.01,114.31,0.0013,0.0007,0.0010,0.0010,1447,0.872,22.2,2.1,2.6,22.6,25.2,1.00,25.17,0.99970,0.045,287.82,25.20,14,2
6.532,factory_mission,9x4.5,pi5,-0.004,0.014,-0.004,-0.002,-0.003,-0.005,0.006,-0.01,0.01,114.31,0.0009,0.0000,0.0024,0.0028,1096,0.667,17.0,1.6,2.0,22.6,24.6,0.98,25.17,0.99970,0.046,294.67,25.20,14,2
6.584,factory_mission,9x4.5,pi5,-0.004,0.013,-0.004,-0.002,-0.004,-0.005,0.007,-0.01,0.01,114.31,0.0019,0.0000,0.0045,0.0049,1115,0.690,17.6,1.7,2.1,22.6,24.7,0.98,25.17,0.99970,0.046,293.40,25.20,14,2
6.632,factory_mission,9x4.5,pi5,-0.005,0.013,-0.005,-0.003,-0.004,-0.005,0.007,-0.01,0.01,114.31,0.0028,0.0000,0.0072,0.0071,1136,0.717,18.3,1.8,2.2,22.6,24.8,0.99,25.17,0.99969,0.046,291.95,25.20,14,2
6.684,factory_mission,9x4.5,pi5,-0.005,0.012,-0.005,-0.003,-0.004,-0.005,0.008,-0.00,0.01,114.31,0.0025,0.0000,0.0106,0.0109,1161,0.749,19.1,1.9,2.4,22.6,25.0,0.99,25.17,0.99969,0.047,290.11,25.20,14,2
6.732,factory_mission,9x4.5,pi5,-0.006,0.012,-0.006,-0.003,-0.005,-0.005,0.008,-0.00,0.01,114.32,0.0022,0.0000,0.0146,0.0151,1190,0.788,20.1,2.1,2.6,22.6,25.2,1.00,25.17,0.99969,0.047,287.92,25.20,14,2
6.784,factory_mission,9x4.5,pi5,-0.006,0.011,-0.007,-0.004,-0.005,-0.006,0.009,-0.00,0.01,114.32,0.0016,0.0000,0.0199,0.0208,1227,0.841,21.4,2.3,2.8,22.6,25.4,1.01,25.17,0.99969,0.047,284.76,25.20,14,2
6.832,factory_mission,9x4.5,pi5,-0.007,0.011,-0.008,-0.004,-0.006,-0.006,0.009,-0.00,0.02,114.32,0.0015,0.0000,0.0249,0.0262,1265,0.896,22.8,2.5,3.1,22.6,25.7,1.02,25.17,0.99968,0.048,281.47,25.20,14,2
6.884,factory_mission,9x4.5,pi5,-0.007,0.010,-0.009,-0.004,-0.006,-0.007,0.010,-0.00,0.02,114.32,0.0017,0.0000,0.0305,0.0319,1306,0.960,24.5,2.8,3.5,22.6,26.1,1.04,25.17,0.99968,0.048,277.60,25.20,14,2
6.932,factory_mission,9x4.5,pi5,-0.007,0.010,-0.011,-0.004,-0.006,-0.007,0.010,-0.00,0.02,114.32,0.0013,0.0000,0.0370,0.0382,1352,1.033,26.3,3.1,3.9,22.6,26.5,1.05,25.17,0.99968,0.048,273.01,25.20,14,2
6.984,factory_mission,9x4.5,pi5,-0.007,0.010,-0.012,-0.003,-0.007,-0.008,0.011,-0.01,0.02,114.32,0.0011,0.0000,0.0453,0.0462,1410,1.132,28.9,3.6,4.6,22.6,27.2,1.08,25.16,0.99968,0.049,266.78,25.20,14,2
7.032,factory_mission,9x4.5,pi5,-0.007,0.009,-0.013,-0.003,-0.007,-0.008,0.011,-0.01,0.02,114.32,0.0007,0.0000,0.0526,0.0543,1464,1.230,31.4,4.2,5.2,22.6,27.8,1.10,25.16,0.99967,0.049,260.54,25.20,14,2
7.084,factory_mission,9x4.5,pi5,-0.006,0.009,-0.015,-0.002,-0.008,-0.009,0.012,-0.01,0.02,114.32,0.0008,0.0000,0.0610,0.0619,1523,1.341,34.2,4.8,6.0,22.6,28.6,1.14,25.16,0.99967,0.050,253.55,25.20,14,2
7.132,factory_mission,9x4.5,pi5,-0.005,0.008,-0.016,-0.001,-0.008,-0.009,0.012,-0.01,0.02,114.32,0.0000,0.0000,0.0702,0.0709,1586,1.468,37.4,5.5,6.9,22.6,29.5,1.17,25.16,0.99967,0.050,245.46,25.20,14,2
7.184,factory_mission,9x4.5,pi5,-0.005,0.008,-0.018,-0.001,-0.009,-0.009,0.013,-0.01,0.03,114.32,0.0000,0.0004,0.0811,0.0814,1665,1.634,41.6,6.6,8.2,22.6,30.8,1.22,25.16,0.99967,0.051,235.26,25.20,14,2
7.232,factory_mission,9x4.5,pi5,-0.005,0.008,-0.019,-0.000,-0.009,-0.010,0.013,-0.01,0.03,114.32,0.0000,0.0001,0.0909,0.0917,1736,1.794,45.7,7.6,9.5,22.6,32.1,1.28,25.16,0.99966,0.051,225.54,25.20,14,2
7.284,factory_mission,9x4.5,pi5,-0.004,0.007,-0.021,0.000,-0.009,-0.010,0.014,-0.01,0.03,114.32,0.0000,0.0005,0.1011,0.1020,1812,1.971,50.3,8.8,11.0,22.6,33.6,1.34,25.16,0.99966,0.051,215.29,25.19,14,2
7.332,factory_mission,9x4.5,pi5,-0.004,0.007,-0.022,0.001,-0.010,-0.010,0.014,-0.01,0.03,114.32,0.0000,0.0001,0.1122,0.1135,1892,2.173,55.4,10.3,12.9,22.6,35.5,1.41,25.15,0.99966,0.052,204.03,25.19,14,2
7.384,factory_mission,9x4.5,pi5,-0.004,0.007,-0.023,0.001,-0.010,-0.011,0.015,-0.01,0.03,114.32,0.0000,0.0014,0.1253,0.1265,1992,2.428,61.9,12.3,15.3,22.6,37.9,1.51,25.15,0.99965,0.052,190.88,25.19,14,2
7.432,factory_mission,9x4.5,pi5,-0.004,0.006,-0.024,0.001,-0.010,-0.011,0.015,-0.01,0.03,114.32,0.0000,0.0003,0.1386,0.1390,2081,2.684,68.4,14.4,18.0,22.6,40.6,1.61,25.15,0.99965,0.053,178.37,25.19,14,2
7.484,factory_mission,9x4.5,pi5,-0.003,0.006,-0.025,0.001,-0.011,-0.011,0.015,-0.01,0.03,114.32,0.0000,0.0016,0.1505,0.1517,2175,2.952,75.3,16.7,20.9,22.6,43.5,1.73,25.15,0.99964,0.054,166.59,25.19,14,2
7.532,factory_mission,9x4.5,pi5,-0.004,0.005,-0.026,0.001,-0.011,-0.011,0.016,-0.01,0.03,114.32,0.0000,0.0018,0.1641,0.1650,2273,3.255,83.0,19.4,24.3,22.6,46.9,1.87,25.14,0.99964,0.054,154.34,25.19,14,2
7.584,factory_mission,9x4.5,pi5,-0.004,0.005,-0.027,0.001,-0.012,-0.011,0.016,-0.01,0.03,114.32,0.0000,0.0015,0.1805,0.1818,2393,3.649,93.0,23.2,29.1,22.6,51.7,2.05,25.14,0.99964,0.055,140.08,25.19,14,2
7.632,factory_mission,9x4.5,pi5,-0.004,0.005,-0.027,0.001,-0.012,-0.011,0.016,-0.01,0.03,114.32,0.0000,0.0022,0.1952,0.1960,2500,4.014,102.3,26.9,33.7,22.6,56.3,2.24,25.13,0.99963,0.056,128.52,25.19,14,2
7.684,factory_mission,9x4.5,pi5,-0.004,0.004,-0.029,0.001,-0.012,-0.011,0.017,-0.01,0.03,114.32,0.0000,0.0020,0.2104,0.2116,2611,4.421,112.7,31.3,39.2,22.6,61.8,2.46,25.12,0.99962,0.057,117.12,25.19,14,2
7.732,factory_mission,9x4.5,pi5,-0.004,0.004,-0.029,0.001,-0.012,-0.012,0.017,-0.01,0.03,114.32,0.0000,0.0024,0.2260,0.2275,2726,4.860,123.9,36.3,45.3,22.6,67.9,2.70,25.12,0.99962,0.058,106.45,25.19,14,2
7.784,factory_mission,9x4.5,pi5,-0.004,0.004,-0.030,0.001,-0.013,-0.012,0.017,-0.01,0.03,114.32,0.0000,0.0016,0.2455,0.2473,2866,5.433,138.5,43.1,53.9,22.6,76.5,3.05,25.11,0.99961,0.059,94.47,25.19,14,2
7.832,factory_mission,9x4.5,pi5,-0.004,0.003,-0.031,0.001,-0.013,-0.012,0.017,-0.01,0.03,114.32,0.0000,0.0016,0.2629,0.2643,2991,5.966,152.1,49.8,62.3,22.6,84.9,3.38,25.10,0.99960,0.060,85.12,25.19,14,2
7.884,factory_mission,9x4.5,pi5,-0.004,0.003,-0.031,0.000,-0.013,-0.012,0.017,-0.01,0.03,114.32,0.0000,0.0024,0.2804,0.2817,3120,6.535,166.6,57.3,71.6,22.6,94.2,3.76,25.08,0.99960,0.061,76.66,25.19,14,2
7.932,factory_mission,9x4.5,pi5,-0.004,0.003,-0.031,0.000,-0.013,-0.012,0.017,-0.01,0.03,114.32,0.0000,0.0018,0.2988,0.3007,3253,7.168,182.7,66.1,82.6,22.6,105.2,4.19,25.07,0.99959,0.063,68.62,25.19,14,2
7.984,factory_mission,9x4.5,pi5,-0.004,0.003,-0.032,-0.000,-0.013,-0.012,0.017,-0.01,0.03,114.32,0.0000,0.0019,0.3208,0.3229,3414,7.961,202.9,77.6,97.0,22.6,119.6,4.77,25.05,0.99957,0.064,60.31,25.19,14,2
8.032,factory_mission,9x4.5,pi5,-0.005,0.003,-0.032,-0.000,-0.012,-0.011,0.017,-0.01,0.03,114.31,0.0000,0.0018,0.3405,0.3425,3556,8.702,221.8,88.9,111.1,22.6,133.7,5.34,25.04,0.99956,0.066,53.89,25.19,14,2
8.084,factory_mission,9x4.5,pi5,-0.005,0.003,-0.032,-0.000,-0.012,-0.011,0.016,-0.01,0.02,114.31,0.0000,0.0018,0.3607,0.3627,3703,9.498,242.1,101.6,127.1,22.6,149.7,5.98,25.02,0.99955,0.068,48.12,25.19,14,2
8.132,factory_mission,9x4.5,pi5,-0.005,0.004,-0.033,-0.000,-0.011,-0.011,0.016,-0.01,0.02,114.31,0.0000,0.0015,0.3815,0.3839,3853,10.359,264.1,116.1,145.1,22.6,167.7,6.71,24.99,0.99953,0.070,42.90,25.19,14,2
8.184,factory_mission,9x4.5,pi5,-0.004,0.004,-0.033,-0.000,-0.010,-0.011,0.015,-0.01,0.02,114.31,0.0000,0.0011,0.4067,0.4090,4034,11.445,291.8,135.1,168.9,22.6,191.5,7.67,24.97,0.99951,0.073,37.52,25.19,14,2
8.232,factory_mission,9x4.5,pi5,-0.004,0.005,-0.033,0.000,-0.010,-0.011,0.015,-0.01,0.02,114.31,0.0000,0.0011,0.4291,0.4305,4193,12.439,317.1,153.4,191.8,22.6,214.4,8.60,24.94,0.99950,0.076,33.48,25.19,14,2
8.284,factory_mission,9x4.5,pi5,-0.004,0.006,-0.034,0.001,-0.009,-0.011,0.014,-0.02,0.02,114.31,0.0000,0.0009,0.4522,0.4527,4357,13.509,344.4,173.9,217.4,22.6,240.0,9.64,24.91,0.99947,0.080,29.87,25.19,14,2
8.332,factory_mission,9x4.5,pi5,-0.003,0.007,-0.034,0.001,-0.008,-0.011,0.014,-0.02,0.02,114.31,0.0000,0.0007,0.4755,0.4760,4525,14.654,373.6,196.8,246.0,22.6,268.6,10.80,24.87,0.99945,0.083,26.65,25.19,14,2
8.384,factory_mission,9x4.5,pi5,-0.003,0.009,-0.034,0.001,-0.007,-0.011,0.013,-0.02,0.01,114.31,0.0000,0.0009,0.5034,0.5034,4726,16.081,409.9,226.6,283.3,22.6,305.9,12.32,24.83,0.99942,0.088,23.36,25.19,14,2
8.432,factory_mission,9x4.5,pi5,-0.003,0.010,-0.034,0.001,-0.006,-0.011,0.012,-0.02,0.01,114.31,0.0000,0.0002,0.5286,0.5280,4904,17.414,443.9,255.8,319.8,22.6,342.4,13.82,24.78,0.99939,0.092,20.83,25.19,14,2
8.484,factory_mission,9x4.5,pi5,-0.003,0.011,-0.033,0.002,-0.005,-0.011,0.012,-0.02,0.01,114.31,0.0001,0.0000,0.5537,0.5530,5085,18.816,479.7,287.6,359.6,22.6,382.2,15.45,24.73,0.99935,0.098,18.62,25.19,14,2
8.532,factory_mission,9x4.5,pi5,-0.003,0.012,-0.033,0.002,-0.004,-0.010,0.011,-0.02,0.01,114.31,0.0009,0.0000,0.5795,0.5779,5272,20.293,517.3,322.5,403.1,22.6,425.7,17.25,24.68,0.99931,0.103,16.68,25.19,14,2
8.584,factory_mission,9x4.5,pi5,-0.003,0.013,-0.032,0.001,-0.003,-0.010,0.010,-0.02,0.01,114.31,0.0009,0.0000,0.6102,0.6086,5494,22.154,564.8,368.2,460.3,22.6,482.9,19.63,24.61,0.99927,0.110,14.66,25.19,14,2
8.632,factory_mission,9x4.5,pi5,-0.003,0.014,-0.032,0.001,-0.003,-0.009,0.010,-0.02,0.01,114.31,0.0050,0.0000,0.6368,0.6312,5688,23.724,604.8,408.0,510.0,22.6,532.6,21.70,24.54,0.99922,0.117,13.26,25.19,14,2
8.684,factory_mission,9x4.5,pi5,-0.004,0.016,-0.031,-0.004,0.010,-0.011,0.016,-0.02,-0.04,114.25,0.0085,0.0000,0.6627,0.6559,5883,25.387,647.2,451.7,564.6,22.6,587.2,23.99,24.47,0.99916,0.126,11.99,25.19,14,2
8.732,factory_mission,9x4.5,pi5,-0.004,0.018,-0.031,-0.013,0.032,-0.010,0.036,-0.02,-0.07,113.89,0.0165,0.0000,0.6886,0.6791,6090,27.082,690.4,497.1,621.4,22.6,644.0,26.39,24.40,0.99910,0.134,10.90,25.19,14,2
8.784,factory_mission,9x4.5,pi5,-0.006,0.022,-0.030,-0.016,0.084,-0.011,0.086,-0.00,-0.08,112.53,0.0449,0.0000,0.7064,0.6983,6327,28.524,727.2,533.9,667.4,22.6,690.0,28.34,24.34,0.99903,0.144,10.15,25.19,14,2
8.832,factory_mission,9x4.5,pi5,-0.007,0.028,-0.030,-0.017,0.129,-0.019,0.131,0.10,-0.07,110.98,0.0403,0.0000,0.7301,0.7293,6509,30.442,776.1,590.0,737.6,22.6,760.2,31.34,24.25,0.99896,0.155,9.18,25.19,14,2
8.884,factory_mission,9x4.5,pi5,-0.009,0.041,-0.032,-0.026,0.198,-0.063,0.210,0.24,0.20,107.39,0.0349,0.0000,0.7466,0.7494,6622,31.753,809.5,629.8,787.3,22.6,809.9,33.48,24.19,0.99888,0.166,8.59,25.19,14,2
8.932,factory_mission,9x4.5,pi5,-0.010,0.051,-0.035,-0.032,0.238,-0.111,0.264,0.25,0.52,104.09,0.0309,0.0000,0.7566,0.7591,6679,32.463,827.6,651.9,814.9,22.6,837.5,34.68,24.15,0.99880,0.177,8.29,25.19,14,2
8.984,factory_mission,9x4.5,pi5,-0.011,0.069,-0.043,-0.036,0.286,-0.191,0.346,0.10,1.12,97.75,0.0249,0.0000,0.7650,0.7653,6710,32.981,840.8,668.6,835.7,22.6,858.3,35.58,24.12,0.99872,0.190,8.08,25.19,14,2
9.032,factory_mission,9x4.5,pi5,-0.011,0.083,-0.053,-0.038,0.316,-0.253,0.407,-0.11,1.56,92.56,0.0801,0.0616,0.7107,0.7081,7087,29.830,760.5,551.6,689.5,22.6,712.1,29.29,24.31,0.99865,0.199,9.82,25.19,14,2
9.084,factory_mission,9x4.5,pi5,-0.011,0.108,-0.073,-0.037,0.356,-0.312,0.475,-0.66,2.19,83.47,0.1567,0.1479,0.6429,0.6463,7208,26.929,686.5,441.7,552.1,22.6,574.7,23.47,24.48,0.99860,0.208,12.25,25.19,14,2
9.132,factory_mission,9x4.5,pi5,-0.010,0.126,-0.088,-0.035,0.377,-0.306,0.487,-1.15,2.56,76.70,0.2289,0.2262,0.6018,0.6055,7456,26.238,668.9,394.8,493.5,22.6,516.1,21.01,24.56,0.99855,0.214,13.68,25.19,14,2
9.184,factory_mission,9x4.5,pi5,-0.008,0.150,-0.107,-0.029,0.401,-0.274,0.487,-2.04,2.97,65.75,0.3194,0.3177,0.5605,0.5638,7815,26.724,681.3,374.1,467.7,22.6,490.3,19.94,24.59,0.99850,0.222,14.42,25.19,14,2
9.232,factory_mission,9x4.5,pi5,-0.005,0.169,-0.120,-0.024,0.414,-0.252,0.485,-2.69,3.09,58.08,0.4222,0.4213,0.4984,0.5028,8117,27.565,702.7,369.0,461.2,22.6,483.8,19.67,24.60,0.99846,0.228,14.61,25.19,14,2
9.284,factory_mission,9x4.5,pi5,-0.001,0.198,-0.138,-0.015,0.425,-0.237,0.487,-3.69,3.03,46.37,0.5351,0.5348,0.4205,0.4263,8378,29.493,751.9,410.9,513.6,22.6,536.2,21.86,24.53,0.99841,0.236,13.15,25.18,14,2
9.332,factory_mission,9x4.5,pi5,0.003,0.216,-0.149,-0.009,0.425,-0.253,0.495,-4.32,2.84,38.68,0.6282,0.6292,0.3518,0.3577,8560,32.144,819.5,495.2,619.0,22.6,641.6,26.30,24.40,0.99835,0.244,10.93,25.18,14,2
10.843,factory_mission,9x4.5,pi5,0.009,0.241,-0.166,-0.001,0.417,-0.319,0.525,-5.14,2.39,27.80,0.7046,0.7073,0.2856,0.2912,8639,34.882,889.2,599.6,749.5,22.6,772.1,31.86,24.23,0.99612,0.568,8.99,25.18,14,2
10.890,factory_mission,9x4.5,pi5,0.013,0.258,-0.181,0.004,0.405,-0.397,0.568,-5.59,2.02,21.24,0.7485,0.7517,0.2371,0.2410,8601,36.510,930.7,673.2,841.5,22.6,864.1,35.87,24.09,0.99604,0.580,7.99,25.18,14,2
10.943,factory_mission,9x4.5,pi5,0.020,0.283,-0.213,0.009,0.379,-0.555,0.672,-6.10,1.45,12.72,0.7705,0.7727,0.2021,0.2060,8504,37.149,947.0,711.5,889.3,22.6,911.9,37.95,24.03,0.99595,0.593,7.55,25.18,14,2
10.990,factory_mission,9x4.5,pi5,0.025,0.298,-0.238,0.011,0.359,-0.658,0.750,-6.33,1.09,8.01,0.7636,0.7627,0.1797,0.1834,8279,35.932,916.0,685.7,857.2,22.6,879.8,36.55,24.07,0.99587,0.605,7.84,25.18,14,2
11.042,factory_mission,9x4.5,pi5,0.032,0.316,-0.282,0.012,0.333,-0.782,0.850,-6.56,0.63,2.44,0.7358,0.7348,0.1705,0.1749,8013,33.654,857.9,621.5,776.8,22.6,799.4,33.07,24.17,0.99579,0.616,8.66,25.18,14,2
11.091,factory_mission,9x4.5,pi5,0.036,0.328,-0.317,0.012,0.316,-0.843,0.900,-6.65,0.40,-0.32,0.7053,0.7054,0.1823,0.1865,7880,31.787,810.3,561.7,702.2,22.6,724.8,29.86,24.27,0.99572,0.626,9.59,25.18,14,2
11.143,factory_mission,9x4.5,pi5,0.043,0.345,-0.378,0.011,0.295,-0.892,0.940,-6.76,0.16,-3.28,0.6708,0.6705,0.2105,0.2150,7835,30.140,768.3,502.9,628.6,22.6,651.2,26.73,24.36,0.99566,0.635,10.72,25.18,14,2
11.191,factory_mission,9x4.5,pi5,0.047,0.355,-0.417,0.010,0.284,-0.898,0.942,-6.82,0.09,-4.24,0.6380,0.6385,0.2470,0.2509,7863,29.050,740.6,458.0,572.5,22.6,595.1,24.36,24.43,0.99560,0.643,11.76,25.18,14,2
11.242,factory_mission,9x4.5,pi5,0.052,0.369,-0.471,0.008,0.272,-0.883,0.924,-6.91,0.06,-4.91,0.6059,0.6042,0.2939,0.2976,7961,28.475,725.9,424.5,530.7,22.6,553.3,22.60,24.49,0.99555,0.651,12.67,25.18,14,2
11.290,factory_mission,9x4.5,pi5,0.055,0.379,-0.508,0.006,0.265,-0.863,0.903,-6.99,0.09,-4.81,0.5762,0.5749,0.3398,0.3426,8077,28.359,722.9,405.7,507.1,22.6,529.7,21.61,24.51,0.99550,0.658,13.25,25.18,14,2
11.342,factory_mission,9x4.5,pi5,0.060,0.394,-0.566,0.004,0.255,-0.826,0.864,-7.10,0.19,-4.04,0.5459,0.5442,0.3875,0.3900,8200,28.528,727.3,396.3,495.4,22.6,518.0,21.12,24.53,0.99545,0.666,13.56,25.18,14,2
11.390,factory_mission,9x4.5,pi5,0.062,0.403,-0.600,0.001,0.248,-0.804,0.842,-7.18,0.29,-3.23,0.5204,0.5195,0.4288,0.4310,8317,28.971,738.6,398.2,497.8,22.6,520.4,21.22,24.53,0.99540,0.673,13.49,25.18,14,2
11.442,factory_mission,9x4.5,pi5,0.064,0.416,-0.646,-0.002,0.238,-0.782,0.817,-7.30,0.47,-1.74,0.4971,0.4959,0.4680,0.4700,8430,29.599,754.6,407.9,509.8,22.6,532.4,21.72,24.51,0.99535,0.680,13.18,25.18,14,2
11.490,factory_mission,9x4.5,pi5,0.065,0.425,-0.677,-0.004,0.229,-0.773,0.806,-7.37,0.59,-0.66,0.4786,0.4771,0.4969,0.4986,8503,30.110,767.6,418.3,522.9,22.6,545.5,22.27,24.49,0.99530,0.688,12.86,25.18,14,2
11.542,factory_mission,9x4.5,pi5,0.066,0.438,-0.727,-0.008,0.215,-0.770,0.799,-7.46,0.78,0.94,0.4626,0.4610,0.5204,0.5217,8556,30.551,778.8,429.0,536.2,22.6,558.8,22.83,24.48,0.99525,0.696,12.54,25.18,14,2
11.590,factory_mission,9x4.5,pi5,0.066,0.446,-0.758,-0.011,0.205,-0.773,0.800,-7.51,0.90,1.92,0.4524,0.4511,0.5354,0.5367,8591,30.884,787.3,437.6,547.0,22.6,569.6,23.29,24.46,0.99519,0.703,12.29,25.18,14,2
11.642,factory_mission,9x4.5,pi5,0.065,0.457,-0.801,-0.015,0.191,-0.784,0.807,-7.57,1.05,3.21,0.4465,0.4450,0.5446,0.5465,8617,31.131,793.6,444.2,555.2,22.6,577.8,23.63,24.45,0.99514,0.712,12.11,25.18,14,2
11.690,factory_mission,9x4.5,pi5,0.065,0.464,-0.833,-0.017,0.181,-0.793,0.814,-7.60,1.12,3.90,0.4452,0.4435,0.5480,0.5502,8632,31.261,796.9,447.4,559.3,22.6,581.9,23.80,24.45,0.99508,0.719,12.03,25.18,14,2
11.742,factory_mission,9x4.5,pi5,0.063,0.475,-0.884,-0.022,0.165,-0.810,0.827,-7.64,1.20,4.68,0.4476,0.4455,0.5477,0.5491,8643,31.327,798.6,448.5,560.7,22.6,583.3,23.86,24.44,0.99503,0.728,11.99,25.18,14,2
11.790,factory_mission,9x4.5,pi5,0.061,0.482,-0.916,-0.024,0.155,-0.821,0.836,-7.67,1.23,5.03,0.4524,0.4504,0.5437,0.5458,8652,31.356,799.4,448.4,560.5,22.6,583.1,23.86,24.44,0.99497,0.736,12.00,25.18,14,2
11.842,factory_mission,9x4.5,pi5,0.059,0.490,-0.962,-0.027,0.141,-0.837,0.850,-7.72,1.23,5.31,0.4596,0.4577,0.5380,0.5391,8660,31.358,799.4,447.4,559.2,22.6,581.8,23.80,24.44,0.99492,0.744,12.02,25.18,14,2
11.890,factory_mission,9x4.5,pi5,0.057,0.495,-0.996,-0.029,0.131,-0.849,0.859,-7.74,1.22,5.36,0.4655,0.4639,0.5289,0.5307,8640,31.171,794.6,442.4,553.0,22.6,575.6,23.54,24.45,0.99486,0.752,12.16,25.18,14,2
11.942,factory_mission,9x4.5,pi5,0.054,0.502,-1.050,-0.032,0.116,-0.864,0.872,-7.78,1.17,5.26,0.4668,0.4658,0.5138,0.5149,8540,30.409,775.2,425.4,531.8,22.6,554.4,22.65,24.48,0.99481,0.760,12.63,25.18,14,2
11.990,factory_mission,9x4.5,pi5,0.051,0.506,-1.084,-0.033,0.108,-0.864,0.872,-7.81,1.12,5.10,0.4694,0.4683,0.5005,0.5026,8465,29.855,761.1,413.3,516.6,22.6,539.2,22.01,24.50,0.99476,0.767,13.00,25.18,14,2
12.042,factory_mission,9x4.5,pi5,0.048,0.512,-1.132,-0.035,0.099,-0.854,0.860,-7.84,1.03,4.76,0.4737,0.4716,0.4889,0.4913,8410,29.452,750.8,404.6,505.8,22.6,528.4,21.56,24.51,0.99471,0.775,13.27,25.18,14,2
12.090,factory_mission,9x4.5,pi5,0.045,0.516,-1.165,-0.036,0.094,-0.841,0.847,-7.87,0.97,4.49,0.4782,0.4753,0.4807,0.4836,8382,29.248,745.6,400.3,500.4,22.6,523.0,21.33,24.52,0.99466,0.782,13.41,25.18,14,2
12.142,factory_mission,9x4.5,pi5,0.041,0.522,-1.216,-0.037,0.088,-0.814,0.820,-7.92,0.88,4.07,0.4825,0.4795,0.4748,0.4766,8366,29.137,742.8,398.0,497.6,22.6,520.2,21.21,24.52,0.99461,0.789,13.48,25.18,14,2
12.190,factory_mission,9x4.5,pi5,0.038,0.526,-1.247,-0.038,0.084,-0.796,0.801,-7.97,0.81,3.78,0.4845,0.4836,0.4702,0.4727,8357,29.079,741.3,396.9,496.1,22.6,518.7,21.16,24.52,0.99456,0.796,13.52,25.18,14,2
12.242,factory_mission,9x4.5,pi5,0.034,0.531,-1.288,-0.039,0.079,-0.770,0.775,-8.04,0.72,3.38,0.4864,0.4864,0.4671,0.4696,8352,29.045,740.4,396.3,495.4,22.6,518.0,21.12,24.52,0.99451,0.803,13.54,25.18,14,2
12.290,factory_mission,9x4.5,pi5,0.031,0.535,-1.317,-0.040,0.075,-0.751,0.756,-8.09,0.66,3.13,0.4887,0.4867,0.4657,0.4679,8350,29.038,740.3,396.2,495.2,22.6,517.8,21.12,24.52,0.99447,0.810,13.54,25.18,14,2
12.342,factory_mission,9x4.5,pi5,0.026,0.541,-1.361,-0.040,0.070,-0.721,0.726,-8.17,0.57,2.82,0.4894,0.4870,0.4651,0.4673,8350,29.034,740.2,396.1,495.2,22.6,517.8,21.12,24.52,0.99442,0.818,13.54,25.18,14,2
12.390,factory_mission,9x4.5,pi5,0.023,0.545,-1.388,-0.041,0.067,-0.704,0.708,-8.22,0.51,2.65,0.4888,0.4870,0.4654,0.4675,8349,29.028,740.0,396.0,495.0,22.6,517.6,21.11,24.52,0.99437,0.825,13.55,25.18,14,2
12.442,factory_mission,9x4.5,pi5,0.018,0.550,-1.424,-0.041,0.063,-0.680,0.684,-8.31,0.44,2.44,0.4874,0.4863,0.4659,0.4688,8348,29.021,739.8,395.8,494.8,22.6,517.4,21.10,24.52,0.99432,0.832,13.55,25.18,14,2
12.490,factory_mission,9x4.5,pi5,0.015,0.553,-1.449,-0.040,0.059,-0.663,0.667,-8.36,0.39,2.34,0.4865,0.4846,0.4673,0.4698,8347,29.013,739.6,395.6,494.5,22.6,517.1,21.09,24.52,0.99427,0.839,13.56,25.18,14,2
12.542,factory_mission,9x4.5,pi5,0.010,0.559,-1.487,-0.040,0.053,-0.638,0.641,-8.44,0.33,2.23,0.4847,0.4831,0.4695,0.4708,8347,29.006,739.4,395.4,494.3,22.6,516.9,21.08,24.52,0.99422,0.847,13.56,25.18,14,2
12.590,factory_mission,9x4.5,pi5,0.006,0.561,-1.510,-0.039,0.049,-0.622,0.625,-8.50,0.30,2.18,0.4829,0.4816,0.4707,0.4728,8346,29.003,739.4,395.3,494.2,22.6,516.8,21.08,24.52,0.99417,0.853,13.56,25.18,14,2
12.642,factory_mission,9x4.5,pi5,0.002,0.565,-1.542,-0.038,0.043,-0.602,0.605,-8.58,0.25,2.14,0.4809,0.4802,0.4721,0.4746,8346,28.997,739.2,395.2,494.0,22.6,516.6,21.07,24.52,0.99412,0.861,13.57,25.18,14,2
12.690,factory_mission,9x4.5,pi5,-0.002,0.567,-1.563,-0.038,0.039,-0.588,0.590,-8.63,0.22,2.13,0.4797,0.4784,0.4735,0.4760,8345,28.995,739.2,395.1,493.9,22.6,516.5,21.07,24.52,0.99408,0.868,13.57,25.18,14,2
12.742,factory_mission,9x4.5,pi5,-0.007,0.570,-1.596,-0.036,0.032,-0.566,0.568,-8.69,0.18,2.13,0.4782,0.4771,0.4751,0.4772,8345,28.993,739.1,395.1,493.9,22.6,516.5,21.06,24.52,0.99402,0.875,13.57,25.17,14,2
12.790,factory_mission,9x4.5,pi5,-0.010,0.572,-1.616,-0.035,0.028,-0.552,0.554,-8.73,0.15,2.14,0.4775,0.4758,0.4760,0.4785,8346,28.996,739.2,395.1,493.9,22.6,516.5,21.07,24.52,0.99398,0.882,13.57,25.17,14,2
12.842,factory_mission,9x4.5,pi5,-0.014,0.573,-1.644,-0.033,0.023,-0.535,0.536,-8.79,0.11,2.15,0.4766,0.4750,0.4770,0.4792,8346,28.996,739.2,395.1,493.9,22.6,516.5,21.07,24.52,0.99393,0.890,13.57,25.17,14,2
12.890,factory_mission,9x4.5,pi5,-0.017,0.574,-1.663,-0.032,0.019,-0.523,0.524,-8.83,0.09,2.16,0.4761,0.4742,0.4768,0.4804,8345,28.991,739.1,395.0,493.8,22.6,516.4,21.06,24.52,0.99388,0.896,13.57,25.17,14,2
12.942,factory_mission,9x4.5,pi5,-0.022,0.575,-1.692,-0.030,0.014,-0.504,0.505,-8.88,0.05,2.15,0.4758,0.4738,0.4779,0.4801,8345,28.990,739.0,395.0,493.8,22.6,516.4,21.06,24.52,0.99383,0.904,13.57,25.17,14,2
12.990,factory_mission,9x4.5,pi5,-0.025,0.576,-1.709,-0.028,0.012,-0.492,0.493,-8.92,0.03,2.13,0.4751,0.4742,0.4776,0.4805,8345,28.988,739.0,395.0,493.7,22.6,516.3,21.06,24.52,0.99378,0.911,13.57,25.17,14,2
13.042,factory_mission,9x4.5,pi5,-0.028,0.577,-1.734,-0.026,0.008,-0.477,0.478,-8.97,-0.00,2.09,0.4760,0.4734,0.4774,0.4803,8343,28.977,738.7,394.8,493.5,22.6,516.1,21.05,24.52,0.99373,0.918,13.57,25.17,14,2
13.090,factory_mission,9x4.5,pi5,-0.031,0.577,-1.751,-0.025,0.006,-0.467,0.468,-9.00,-0.03,2.04,0.4758,0.4739,0.4772,0.4794,8341,28.961,738.3,394.4,493.0,22.6,515.6,21.03,24.52,0.99369,0.925,13.58,25.17,14,2
13.142,factory_mission,9x4.5,pi5,-0.035,0.578,-1.777,-0.023,0.003,-0.451,0.452,-9.06,-0.06,1.95,0.4758,0.4746,0.4762,0.4789,8338,28.943,737.8,394.1,492.6,22.6,515.2,21.01,24.52,0.99363,0.933,13.60,25.17,14,2
13.190,factory_mission,9x4.5,pi5,-0.038,0.578,-1.793,-0.023,0.001,-0.441,0.442,-9.09,-0.09,1.87,0.4765,0.4750,0.4753,0.4785,8336,28.931,737.5,393.8,492.3,22.6,514.9,21.00,24.52,0.99359,0.939,13.60,25.17,14,2
13.242,factory_mission,9x4.5,pi5,-0.043,0.578,-1.815,-0.022,-0.001,-0.428,0.428,-9.14,-0.13,1.73,0.4769,0.4759,0.4747,0.4772,8335,28.919,737.2,393.6,492.0,22.6,514.6,20.99,24.52,0.99354,0.947,13.61,25.17,14,2
13.290,factory_mission,9x4.5,pi5,-0.046,0.578,-1.830,-0.021,-0.002,-0.419,0.419,-9.18,-0.16,1.63,0.4781,0.4759,0.4735,0.4768,8333,28.907,736.9,393.3,491.7,22.6,514.3,20.98,24.52,0.99349,0.954,13.62,25.17,14,2
13.342,factory_mission,9x4.5,pi5,-0.051,0.579,-1.854,-0.020,-0.004,-0.404,0.405,-9.24,-0.21,1.49,0.4780,0.4772,0.4730,0.4758,8332,28.902,736.8,393.2,491.5,22.6,514.1,20.97,24.52,0.99344,0.961,13.62,25.17,14,2
13.390,factory_mission,9x4.5,pi5,-0.054,0.579,-1.868,-0.019,-0.005,-0.395,0.396,-9.28,-0.25,1.40,0.4786,0.4775,0.4724,0.4753,8331,28.897,736.7,393.1,491.4,22.6,514.0,20.97,24.52,0.99339,0.968,13.62,25.17,14,2
13.442,factory_mission,9x4.5,pi5,-0.058,0.580,-1.887,-0.018,-0.006,-0.383,0.384,-9.34,-0.31,1.27,0.4797,0.4772,0.4717,0.4751,8331,28.894,736.6,393.1,491.3,22.6,513.9,20.96,24.52,0.99334,0.975,13.62,25.17,14,2
13.490,factory_mission,9x4.5,pi5,-0.062,0.580,-1.901,-0.018,-0.007,-0.375,0.375,-9.38,-0.34,1.19,0.4794,0.4778,0.4715,0.4747,8330,28.887,736.4,392.9,491.2,22.6,513.8,20.96,24.52,0.99330,0.982,13.63,25.17,14,2
13.542,factory_mission,9x4.5,pi5,-0.066,0.579,-1.922,-0.015,-0.009,-0.362,0.362,-9.44,-0.40,1.09,0.4796,0.4775,0.4719,0.4739,8328,28.875,736.1,392.7,490.8,22.6,513.4,20.94,24.52,0.99325,0.990,13.63,25.17,14,2
13.590,factory_mission,9x4.5,pi5,-0.069,0.579,-1.935,-0.014,-0.010,-0.354,0.354,-9.48,-0.44,1.03,0.4791,0.4775,0.4716,0.4741,8326,28.856,735.6,392.3,490.4,22.6,513.0,20.92,24.52,0.99320,0.997,13.65,25.17,14,2
13.642,factory_mission,9x4.5,pi5,-0.073,0.578,-1.953,-0.012,-0.012,-0.343,0.344,-9.55,-0.48,0.96,0.4784,0.4773,0.4713,0.4743,8323,28.836,735.1,391.9,489.9,22.6,512.5,20.90,24.52,0.99315,1.004,13.66,25.17,14,2
13.690,factory_mission,9x4.5,pi5,-0.075,0.578,-1.966,-0.010,-0.013,-0.336,0.336,-9.59,-0.51,0.92,0.4779,0.4768,0.4718,0.4741,8320,28.815,734.6,391.5,489.3,22.6,511.9,20.88,24.52,0.99310,1.011,13.67,25.17,14,2
13.742,factory_mission,9x4.5,pi5,-0.078,0.576,-1.985,-0.007,-0.015,-0.324,0.324,-9.64,-0.55,0.89,0.4774,0.4760,0.4720,0.4744,8317,28.795,734.1,391.1,488.8,22.6,511.4,20.86,24.52,0.99305,1.018,13.69,25.17,14,2
13.790,factory_mission,9x4.5,pi5,-0.080,0.575,-1.998,-0.005,-0.017,-0.316,0.317,-9.68,-0.57,0.87,0.4770,0.4752,0.4722,0.4744,8313,28.771,733.4,390.5,488.2,22.6,510.8,20.83,24.52,0.99301,1.025,13.70,25.17,14,2
13.842,factory_mission,9x4.5,pi5,-0.083,0.573,-2.015,-0.002,-0.020,-0.306,0.307,-9.73,-0.60,0.85,0.4762,0.4746,0.4722,0.4747,8309,28.743,732.7,390.0,487.5,22.6,510.1,20.80,24.52,0.99296,1.032,13.72,25.17,14,2
13.890,factory_mission,9x4.5,pi5,-0.084,0.571,-2.026,0.000,-0.022,-0.299,0.300,-9.76,-0.61,0.84,0.4755,0.4742,0.4721,0.4751,8306,28.722,732.2,389.5,486.9,22.6,509.5,20.78,24.52,0.99291,1.039,13.73,25.17,14,2
13.942,factory_mission,9x4.5,pi5,-0.086,0.568,-2.045,0.004,-0.025,-0.287,0.289,-9.79,-0.63,0.83,0.4757,0.4729,0.4727,0.4749,8304,28.704,731.7,389.2,486.5,22.6,509.1,20.76,24.52,0.99286,1.046,13.75,25.17,14,2
13.990,factory_mission,9x4.5,pi5,-0.087,0.565,-2.056,0.006,-0.028,-0.280,0.282,-9.81,-0.64,0.83,0.4745,0.4731,0.4727,0.4751,8301,28.686,731.3,388.8,486.0,22.6,508.6,20.75,24.52,0.99281,1.053,13.76,25.17,14,2
14.042,factory_mission,9x4.5,pi5,-0.088,0.561,-2.071,0.010,-0.031,-0.270,0.272,-9.84,-0.65,0.83,0.4743,0.4724,0.4723,0.4757,8299,28.669,730.9,388.5,485.6,22.6,508.2,20.73,24.52,0.99276,1.061,13.77,25.17,14,2
14.090,factory_mission,9x4.5,pi5,-0.088,0.559,-2.082,0.012,-0.033,-0.263,0.266,-9.85,-0.65,0.83,0.4747,0.4716,0.4722,0.4759,8297,28.660,730.6,388.3,485.4,22.6,508.0,20.72,24.52,0.99272,1.067,13.77,25.17,14,2
14.142,factory_mission,9x4.5,pi5,-0.088,0.554,-2.098,0.016,-0.036,-0.252,0.255,-9.87,-0.65,0.83,0.4735,0.4724,0.4726,0.4759,8297,28.659,730.6,388.3,485.3,22.6,507.9,20.72,24.52,0.99267,1.075,13.77,25.17,14,2
14.190,factory_mission,9x4.5,pi5,-0.088,0.551,-2.107,0.019,-0.038,-0.246,0.249,-9.88,-0.65,0.83,0.4738,0.4720,0.4731,0.4755,8297,28.658,730.6,388.2,485.3,22.6,507.9,20.72,24.52,0.99262,1.082,13.77,25.17,14,2
14.242,factory_mission,9x4.5,pi5,-0.088,0.547,-2.120,0.022,-0.040,-0.237,0.241,-9.88,-0.64,0.83,0.4740,0.4716,0.4731,0.4755,8296,28.655,730.5,388.2,485.2,22.6,507.8,20.71,24.52,0.99257,1.089,13.77,25.17,14,2
14.290,factory_mission,9x4.5,pi5,-0.087,0.543,-2.129,0.024,-0.042,-0.231,0.236,-9.89,-0.63,0.83,0.4735,0.4719,0.4728,0.4758,8296,28.652,730.4,388.1,485.2,22.6,507.8,20.71,24.52,0.99253,1.096,13.78,25.17,14,2
14.342,factory_mission,9x4.5,pi5,-0.086,0.538,-2.143,0.027,-0.044,-0.222,0.227,-9.89,-0.62,0.83,0.4738,0.4715,0.4726,0.4758,8295,28.645,730.2,388.0,485.0,22.6,507.6,20.70,24.52,0.99248,1.103,13.78,25.17,14,2
14.390,factory_mission,9x4.5,pi5,-0.085,0.535,-2.152,0.028,-0.045,-0.216,0.222,-9.89,-0.61,0.82,0.4739,0.4715,0.4726,0.4757,8295,28.644,730.2,388.0,485.0,22.6,507.6,20.70,24.52,0.99243,1.110,13.78,25.17,14,2
14.442,factory_mission,9x4.5,pi5,-0.084,0.530,-2.163,0.030,-0.046,-0.208,0.216,-9.88,-0.59,0.81,0.4734,0.4720,0.4725,0.4757,8294,28.640,730.1,387.9,484.9,22.6,507.5,20.70,24.52,0.99238,1.117,13.78,25.17,14,2
14.490,factory_mission,9x4.5,pi5,-0.083,0.527,-2.171,0.032,-0.047,-0.203,0.211,-9.88,-0.58,0.81,0.4734,0.4721,0.4724,0.4757,8294,28.637,730.0,387.8,484.8,22.6,507.4,20.70,24.52,0.99233,1.124,13.78,25.17,14,2
14.542,factory_mission,9x4.5,pi5,-0.081,0.521,-2.183,0.033,-0.049,-0.195,0.204,-9.88,-0.56,0.79,0.4737,0.4718,0.4721,0.4758,8294,28.635,730.0,387.8,484.7,22.6,507.3,20.70,24.51,0.99229,1.131,13.78,25.17,14,2
14.590,factory_mission,9x4.5,pi5,-0.080,0.517,-2.190,0.034,-0.050,-0.190,0.199,-9.88,-0.55,0.78,0.4733,0.4723,0.4725,0.4754,8294,28.638,730.1,387.8,484.8,22.6,507.4,20.70,24.51,0.99224,1.138,13.78,25.17,14,2
14.642,factory_mission,9x4.5,pi5,-0.078,0.512,-2.200,0.034,-0.051,-0.184,0.194,-9.87,-0.53,0.76,0.4738,0.4722,0.4722,0.4754,8294,28.641,730.1,387.9,484.9,22.6,507.5,20.70,24.51,0.99219,1.145,13.78,25.17,14,2
14.690,factory_mission,9x4.5,pi5,-0.077,0.509,-2.206,0.035,-0.051,-0.179,0.190,-9.87,-0.52,0.75,0.4737,0.4726,0.4722,0.4754,8296,28.649,730.4,388.1,485.1,22.6,507.7,20.71,24.51,0.99214,1.152,13.77,25.17,14,2
14.742,factory_mission,9x4.5,pi5,-0.075,0.503,-2.216,0.035,-0.052,-0.173,0.184,-9.86,-0.51,0.73,0.4741,0.4725,0.4721,0.4753,8296,28.653,730.4,388.2,485.2,22.6,507.8,20.72,24.51,0.99209,1.159,13.77,25.17,14,2
14.790,factory_mission,9x4.5,pi5,-0.074,0.500,-2.222,0.035,-0.053,-0.169,0.180,-9.86,-0.50,0.71,0.4745,0.4724,0.4719,0.4756,8297,28.661,730.7,388.3,485.4,22.6,508.0,20.72,24.51,0.99205,1.166,13.76,25.17,14,2
14.842,factory_mission,9x4.5,pi5,-0.073,0.495,-2.230,0.034,-0.054,-0.164,0.175,-9.85,-0.49,0.69,0.4744,0.4728,0.4722,0.4752,8298,28.663,730.7,388.4,485.4,22.6,508.0,20.73,24.51,0.99200,1.173,13.76,25.17,14,2
14.890,factory_mission,9x4.5,pi5,-0.072,0.491,-2.235,0.034,-0.054,-0.160,0.172,-9.85,-0.49,0.67,0.4743,0.4729,0.4722,0.4752,8298,28.663,730.7,388.4,485.5,22.6,508.1,20.73,24.51,0.99195,1.180,13.75,25.17,14,2
14.942,factory_mission,9x4.5,pi5,-0.070,0.485,-2.244,0.033,-0.055,-0.155,0.168,-9.84,-0.48,0.65,0.4743,0.4729,0.4719,0.4754,8298,28.665,730.7,388.4,485.5,22.6,508.1,20.73,24.51,0.99190,1.188,13.75,25.17,14,2
14.990,factory_mission,9x4.5,pi5,-0.069,0.482,-2.249,0.033,-0.055,-0.152,0.165,-9.84,-0.48,0.64,0.4749,0.4725,0.4718,0.4754,8298,28.663,730.7,388.4,485.4,22.6,508.0,20.73,24.51,0.99186,1.194,13.75,25.17,14,2
15.042,factory_mission,9x4.5,pi5,-0.068,0.477,-2.256,0.032,-0.055,-0.148,0.161,-9.83,-0.48,0.62,0.4747,0.4726,0.4717,0.4754,8297,28.661,730.6,388.3,485.4,22.6,508.0,20.73,24.51,0.99181,1.202,13.75,25.17,14,2
15.090,factory_mission,9x4.5,pi5,-0.067,0.474,-2.261,0.032,-0.056,-0.145,0.158,-9.83,-0.48,0.61,0.4743,0.4728,0.4720,0.4749,8296,28.652,730.4,388.1,485.2,22.6,507.8,20.72,24.51,0.99176,1.208,13.76,25.17,14,2
15.142,factory_mission,9x4.5,pi5,-0.065,0.468,-2.268,0.031,-0.056,-0.141,0.154,-9.82,-0.48,0.59,0.4744,0.4726,0.4719,0.4749,8295,28.646,730.3,388.0,485.0,22.6,507.6,20.71,24.51,0.99171,1.216,13.76,25.17,14,2
15.190,factory_mission,9x4.5,pi5,-0.064,0.465,-2.273,0.031,-0.056,-0.139,0.153,-9.82,-0.48,0.58,0.4443,0.5720,0.4718,0.5736,8904,33.299,848.9,492.7,615.9,22.6,638.5,26.23,24.34,0.99165,1.224,10.87,25.17,14,2
15.242,factory_mission,9x4.5,pi5,-0.062,0.460,-2.281,0.034,-0.068,-0.210,0.224,-9.63,-2.07,0.82,0.4681,0.4595,0.5265,0.5348,8640,31.173,794.7,442.6,553.2,22.6,575.8,23.58,24.42,0.99159,1.233,12.09,25.17,14,2
15.290,factory_mission,9x4.5,pi5,-0.060,0.456,-2.290,0.054,-0.073,-0.256,0.272,-9.27,-4.89,1.19,0.4439,0.4240,0.5383,0.5253,8432,29.811,760.0,416.3,520.4,22.6,543.0,22.20,24.46,0.99155,1.240,12.84,25.17,14,2
15.342,factory_mission,9x4.5,pi5,-0.053,0.450,-2.307,0.127,-0.068,-0.284,0.319,-8.76,-9.45,1.57,0.4369,0.4045,0.5330,0.5186,8292,28.882,736.3,398.0,497.4,22.6,520.0,21.23,24.49,0.99149,1.247,13.42,25.17,14,2
15.390,factory_mission,9x4.5,pi5,-0.046,0.446,-2.318,0.195,-0.059,-0.280,0.346,-8.45,-12.09,1.59,0.4357,0.4062,0.5233,0.5067,8215,28.304,721.5,385.2,481.5,22.6,504.1,20.57,24.51,0.99145,1.254,13.85,25.17,14,2
15.442,factory_mission,9x4.5,pi5,-0.030,0.442,-2.333,0.309,-0.041,-0.256,0.403,-8.05,-15.13,1.22,0.4437,0.4181,0.5073,0.4951,8188,28.025,714.4,377.8,472.2,22.6,494.8,20.18,24.52,0.99140,1.261,14.12,25.17,14,2
15.490,factory_mission,9x4.5,pi5,-0.014,0.439,-2.343,0.399,-0.027,-0.232,0.463,-7.81,-16.56,0.75,0.4556,0.4341,0.4932,0.4834,8195,28.007,714.0,376.0,470.1,22.6,492.7,20.09,24.53,0.99136,1.268,14.18,25.17,14,2
15.542,factory_mission,9x4.5,pi5,0.021,0.436,-2.357,0.553,-0.004,-0.189,0.584,-7.48,-17.94,-0.21,0.4688,0.4545,0.4780,0.4714,8218,28.125,717.0,377.6,472.0,22.6,494.6,20.17,24.52,0.99131,1.275,14.12,25.17,14,2
15.590,factory_mission,9x4.5,pi5,0.050,0.435,-2.364,0.651,0.009,-0.163,0.671,-7.29,-18.47,-0.95,0.4813,0.4718,0.4646,0.4630,8248,28.324,722.1,381.6,477.0,22.6,499.6,20.38,24.52,0.99126,1.282,13.98,25.17,14,2
15.642,factory_mission,9x4.5,pi5,0.097,0.433,-2.371,0.785,0.024,-0.130,0.797,-7.05,-18.78,-2.15,0.4945,0.4871,0.4553,0.4535,8283,28.590,728.8,387.5,484.3,22.6,506.9,20.69,24.51,0.99121,1.289,13.77,25.17,14,2
15.690,factory_mission,9x4.5,pi5,0.136,0.432,-2.375,0.879,0.032,-0.110,0.886,-6.92,-18.76,-2.97,0.5032,0.4990,0.4474,0.4479,8308,28.800,734.2,392.4,490.5,22.6,513.1,20.95,24.50,0.99117,1.296,13.60,25.17,14,2
15.742,factory_mission,9x4.5,pi5,0.207,0.429,-2.380,1.021,0.039,-0.085,1.025,-6.79,-18.48,-4.21,0.5094,0.5086,0.4415,0.4437,8329,28.975,738.7,396.7,495.9,22.6,518.5,21.17,24.49,0.99111,1.303,13.45,25.16,14,2
15.790,factory_mission,9x4.5,pi5,0.256,0.426,-2.382,1.103,0.040,-0.072,1.106,-6.73,-18.18,-5.04,0.5138,0.5140,0.4384,0.4409,8343,29.101,741.9,399.7,499.7,22.6,522.3,21.33,24.49,0.99107,1.310,13.35,25.16,14,2
15.842,factory_mission,9x4.5,pi5,0.330,0.420,-2.385,1.211,0.036,-0.060,1.213,-6.68,-17.62,-6.27,0.5166,0.5174,0.4369,0.4392,8354,29.189,744.1,401.9,502.3,22.6,524.9,21.44,24.48,0.99102,1.318,13.28,25.16,14,2
15.890,factory_mission,9x4.5,pi5,0.387,0.415,-2.386,1.281,0.029,-0.053,1.282,-6.66,-17.21,-7.07,0.5168,0.5198,0.4363,0.4388,8360,29.239,745.4,403.0,503.8,22.6,526.4,21.50,24.48,0.99097,1.325,13.24,25.16,14,2
15.942,factory_mission,9x4.5,pi5,0.483,0.404,-2.387,1.382,0.015,-0.045,1.382,-6.63,-16.56,-8.18,0.5159,0.5207,0.4359,0.4401,8363,29.259,745.9,403.4,504.3,22.6,526.9,21.52,24.48,0.99092,1.332,13.23,25.16,14,2
15.990,factory_mission,9x4.5,pi5,0.545,0.395,-2.387,1.438,0.003,-0.042,1.438,-6.61,-16.13,-8.87,0.5153,0.5196,0.4366,0.4412,8364,29.258,745.9,403.3,504.1,22.6,526.7,21.52,24.48,0.99087,1.339,13.23,25.16,14,2
16.042,factory_mission,9x4.5,pi5,0.636,0.381,-2.387,1.507,-0.016,-0.039,1.508,-6.56,-15.49,-9.79,0.5138,0.5179,0.4385,0.4423,8363,29.238,745.4,402.6,503.3,22.6,525.9,21.48,24.48,0.99082,1.347,13.25,25.16,14,2
16.090,factory_mission,9x4.5,pi5,0.703,0.369,-2.387,1.552,-0.029,-0.038,1.552,-6.51,-15.09,-10.30,0.5117,0.5158,0.4395,0.4449,8361,29.212,744.7,401.9,502.3,22.6,524.9,21.44,24.48,0.99077,1.354,13.28,25.16,14,2
16.142,factory_mission,9x4.5,pi5,0.813,0.348,-2.387,1.614,-0.050,-0.038,1.615,-6.40,-14.52,-10.89,0.5091,0.5127,0.4416,0.4478,8358,29.177,743.8,400.8,501.0,22.6,523.6,21.39,24.48,0.99072,1.362,13.31,25.16,14,2
16.190,factory_mission,9x4.5,pi5,0.882,0.334,-2.387,1.648,-0.061,-0.038,1.650,-6.31,-14.17,-11.14,0.5057,0.5093,0.4443,0.4508,8354,29.134,742.7,399.6,499.5,22.6,522.1,21.33,24.48,0.99067,1.369,13.35,25.16,14,2
16.242,factory_mission,9x4.5,pi5,0.981,0.312,-2.388,1.691,-0.073,-0.039,1.693,-6.17,-13.68,-11.30,0.5018,0.5049,0.4486,0.4536,8349,29.081,741.4,398.1,497.6,22.6,520.2,21.25,24.48,0.99062,1.376,13.40,25.16,14,2
16.290,factory_mission,9x4.5,pi5,1.053,0.297,-2.388,1.718,-0.080,-0.040,1.721,-6.08,-13.38,-11.27,0.4975,0.5001,0.4516,0.4583,8345,29.032,740.1,396.7,495.9,22.6,518.5,21.18,24.49,0.99057,1.383,13.44,25.16,14,2
16.342,factory_mission,9x4.5,pi5,1.169,0.271,-2.389,1.757,-0.085,-0.042,1.760,-5.97,-12.98,-11.01,0.4927,0.4945,0.4561,0.4629,8340,28.982,738.8,395.4,494.2,22.6,516.8,21.11,24.49,0.99052,1.390,13.48,25.16,14,2
16.390,factory_mission,9x4.5,pi5,1.242,0.255,-2.390,1.779,-0.085,-0.043,1.781,-5.91,-12.74,-10.72,0.4868,0.4897,0.4612,0.4674,8336,28.941,737.8,394.3,492.8,22.6,515.4,21.05,24.49,0.99047,1.397,13.52,25.16,14,2
16.442,factory_mission,9x4.5,pi5,1.345,0.234,-2.392,1.806,-0.081,-0.044,1.808,-5.86,-12.41,-10.11,0.4819,0.4835,0.4657,0.4728,8331,28.901,736.8,393.3,491.6,22.6,514.2,21.00,24.49,0.99042,1.405,13.55,25.16,14,2
16.490,factory_mission,9x4.5,pi5,1.418,0.220,-2.393,1.823,-0.076,-0.045,1.826,-5.86,-12.21,-9.63,0.4772,0.4780,0.4705,0.4774,8329,28.879,736.2,392.8,491.0,22.6,513.6,20.97,24.49,0.99038,1.412,13.57,25.16,14,2
16.542,factory_mission,9x4.5,pi5,1.537,0.198,-2.395,1.849,-0.065,-0.046,1.851,-5.89,-11.95,-8.81,0.4718,0.4731,0.4756,0.4818,8326,28.860,735.7,392.4,490.5,22.6,513.1,20.95,24.49,0.99033,1.419,13.58,25.16,14,2
16.590,factory_mission,9x4.5,pi5,1.612,0.185,-2.396,1.863,-0.056,-0.046,1.865,-5.94,-11.79,-8.22,0.4679,0.4680,0.4803,0.4855,8324,28.848,735.4,392.2,490.3,22.6,512.9,20.94,24.49,0.99028,1.426,13.59,25.16,14,2
16.642,factory_mission,9x4.5,pi5,1.717,0.169,-2.398,1.882,-0.042,-0.047,1.883,-6.05,-11.58,-7.34,0.4632,0.4647,0.4832,0.4899,8321,28.836,735.1,392.1,490.1,22.6,512.7,20.94,24.49,0.99023,1.433,13.59,25.16,14,2
16.690,factory_mission,9x4.5,pi5,1.792,0.158,-2.400,1.894,-0.032,-0.047,1.895,-6.14,-11.45,-6.76,0.4606,0.4611,0.4861,0.4924,8318,28.824,734.8,392.0,490.0,22.6,512.6,20.93,24.49,0.99018,1.440,13.59,25.16,14,2
16.742,factory_mission,9x4.5,pi5,1.913,0.144,-2.403,1.911,-0.014,-0.047,1.912,-6.30,-11.28,-5.94,0.4579,0.4592,0.4890,0.4935,8316,28.812,734.5,391.9,489.8,22.6,512.4,20.92,24.49,0.99013,1.447,13.59,25.16,14,2
16.790,factory_mission,9x4.5,pi5,1.990,0.136,-2.405,1.921,-0.002,-0.047,1.922,-6.41,-11.18,-5.42,0.4565,0.4573,0.4906,0.4944,8313,28.799,734.2,391.7,489.6,22.6,512.2,20.92,24.49,0.99009,1.454,13.60,25.16,14,2
16.842,factory_mission,9x4.5,pi5,2.097,0.126,-2.408,1.934,0.013,-0.047,1.935,-6.59,-11.04,-4.72,0.4558,0.4569,0.4903,0.4955,8312,28.792,734.0,391.6,489.5,22.6,512.1,20.91,24.49,0.99004,1.462,13.60,25.16,14,2
16.890,factory_mission,9x4.5,pi5,2.174,0.121,-2.410,1.943,0.024,-0.046,1.943,-6.71,-10.96,-4.31,0.4554,0.4574,0.4901,0.4954,8311,28.786,733.9,391.5,489.3,22.6,511.9,20.90,24.49,0.98999,1.469,13.60,25.16,14,2
16.942,factory_mission,9x4.5,pi5,2.297,0.113,-2.413,1.955,0.041,-0.045,1.956,-6.89,-10.85,-3.78,0.4563,0.4580,0.4899,0.4942,8311,28.785,733.8,391.4,489.2,22.6,511.8,20.90,24.49,0.98994,1.476,13.61,25.16,14,2
16.990,factory_mission,9x4.5,pi5,2.375,0.110,-2.415,1.962,0.051,-0.045,1.963,-7.01,-10.79,-3.47,0.4577,0.4578,0.4885,0.4932,8307,28.752,733.0,390.7,488.3,22.6,510.9,20.86,24.49,0.98989,1.483,13.63,25.16,14,2
17.042,factory_mission,9x4.5,pi5,2.484,0.106,-2.417,1.972,0.064,-0.043,1.973,-7.19,-10.71,-3.09,0.4599,0.4560,0.4877,0.4880,8287,28.610,729.4,387.7,484.6,22.6,507.2,20.71,24.49,0.98984,1.490,13.73,25.16,14,2
17.090,factory_mission,9x4.5,pi5,2.562,0.104,-2.419,1.977,0.073,-0.041,1.979,-7.30,-10.62,-2.89,0.4609,0.4574,0.4853,0.4852,8277,28.535,727.4,386.1,482.6,22.6,505.2,20.62,24.50,0.98980,1.497,13.79,25.16,14,2
17.142,factory_mission,9x4.5,pi5,2.687,0.103,-2.422,1.984,0.085,-0.036,1.986,-7.46,-10.32,-2.68,0.4622,0.4601,0.4819,0.4833,8272,28.496,726.4,385.2,481.5,22.6,504.1,20.58,24.50,0.98975,1.504,13.82,25.16,14,2
17.190,factory_mission,9x4.5,pi5,2.766,0.102,-2.424,1.986,0.092,-0.033,1.988,-7.57,-10.01,-2.59,0.4640,0.4623,0.4791,0.4817,8271,28.483,726.1,384.8,481.1,22.6,503.7,20.56,24.50,0.98970,1.511,13.83,25.16,14,2
17.242,factory_mission,9x4.5,pi5,2.875,0.103,-2.426,1.984,0.101,-0.028,1.987,-7.72,-9.40,-2.55,0.4659,0.4647,0.4770,0.4796,8271,28.486,726.2,384.8,481.0,22.6,503.6,20.56,24.50,0.98965,1.518,13.83,25.16,14,2
17.290,factory_mission,9x4.5,pi5,2.953,0.103,-2.427,1.980,0.106,-0.026,1.983,-7.82,-8.93,-2.57,0.4669,0.4673,0.4751,0.4782,8272,28.489,726.3,384.9,481.1,22.6,503.7,20.56,24.50,0.98961,1.525,13.82,25.16,14,2
17.342,factory_mission,9x4.5,pi5,3.077,0.105,-2.429,1.966,0.113,-0.023,1.970,-7.96,-8.15,-2.64,0.4676,0.4695,0.4730,0.4774,8272,28.488,726.3,384.8,481.0,22.6,503.6,20.56,24.50,0.98956,1.532,13.82,25.16,14,2
17.390,factory_mission,9x4.5,pi5,3.154,0.107,-2.431,1.954,0.117,-0.021,1.957,-8.05,-7.61,-2.71,0.4561,0.5835,0.4788,0.3890,8344,29.411,749.8,412.6,515.8,22.6,538.4,22.02,24.45,0.98951,1.539,12.91,25.16,14,2
17.442,factory_mission,9x4.5,pi5,3.261,0.110,-2.433,1.934,0.120,-0.045,1.938,-6.79,-7.12,-2.66,0.6708,0.6897,0.2716,0.2546,8269,32.279,822.9,538.8,673.5,22.6,696.1,28.70,24.25,0.98944,1.549,9.90,25.16,14,2
17.490,factory_mission,9x4.5,pi5,3.336,0.112,-2.437,1.923,0.131,-0.098,1.930,-4.37,-6.73,-2.20,0.7848,0.7523,0.1345,0.1499,8033,35.458,903.9,690.7,863.4,22.6,886.0,36.91,24.00,0.98936,1.561,7.70,25.16,14,2
17.542,factory_mission,9x4.5,pi5,3.455,0.119,-2.450,1.910,0.190,-0.248,1.936,-0.32,-5.92,-0.22,0.7994,0.7565,0.0543,0.1046,7646,35.055,893.6,705.0,881.3,22.6,903.9,37.69,23.98,0.98927,1.574,7.54,25.16,14,2
17.590,factory_mission,9x4.5,pi5,3.529,0.126,-2.464,1.898,0.256,-0.342,1.945,2.11,-5.35,2.10,0.7254,0.7335,0.0357,0.1120,7254,31.369,799.7,594.3,742.8,22.6,765.4,31.68,24.16,0.98920,1.584,8.97,25.16,14,2
17.642,factory_mission,9x4.5,pi5,3.631,0.141,-2.490,1.865,0.373,-0.413,1.946,4.95,-4.51,7.01,0.6555,0.6536,0.0662,0.1502,6960,26.772,682.5,452.9,566.1,22.6,588.7,24.14,24.38,0.98914,1.593,11.77,25.16,14,2
17.690,factory_mission,9x4.5,pi5,3.703,0.158,-2.510,1.831,0.467,-0.410,1.933,6.25,-4.17,11.07,0.5913,0.5748,0.1377,0.2042,6897,23.570,600.9,349.6,437.0,22.6,459.6,18.72,24.55,0.98910,1.599,15.17,25.16,14,2
17.742,factory_mission,9x4.5,pi5,3.814,0.194,-2.540,1.763,0.616,-0.323,1.895,7.28,-4.16,17.95,0.5148,0.5105,0.2372,0.2723,6994,21.832,556.6,282.7,353.4,22.6,376.0,15.25,24.65,0.98906,1.604,18.62,25.15,14,2
17.790,factory_mission,9x4.5,pi5,3.882,0.223,-2.555,1.716,0.705,-0.240,1.871,7.36,-4.39,22.89,0.4580,0.4505,0.3329,0.3470,7188,21.798,555.7,262.6,328.3,22.6,350.9,14.22,24.68,0.98903,1.609,19.98,25.15,14,2
17.842,factory_mission,9x4.5,pi5,3.972,0.271,-2.568,1.650,0.825,-0.118,1.849,6.86,-4.84,30.53,0.4083,0.3993,0.4243,0.4284,7449,23.113,589.2,281.4,351.8,22.6,374.4,15.19,24.65,0.98899,1.615,18.70,25.15,14,2
17.890,factory_mission,9x4.5,pi5,4.035,0.311,-2.573,1.603,0.908,-0.045,1.843,6.26,-5.06,35.62,0.3666,0.3577,0.4956,0.4946,7645,24.719,630.1,318.2,397.8,22.6,420.4,17.09,24.59,0.98895,1.620,16.62,25.15,14,2
17.942,factory_mission,9x4.5,pi5,4.131,0.382,-2.574,1.529,1.035,0.035,1.847,5.21,-5.14,42.98,0.3279,0.3232,0.5523,0.5497,7785,26.344,671.6,363.2,453.9,22.6,476.5,19.43,24.52,0.98891,1.627,14.62,25.15,14,2
17.990,factory_mission,9x4.5,pi5,4.189,0.432,-2.572,1.485,1.109,0.061,1.854,4.50,-4.98,47.56,0.3009,0.2974,0.5908,0.5868,7868,27.605,703.7,401.8,502.2,22.6,524.8,21.45,24.46,0.98886,1.634,13.24,25.15,14,2
18.042,factory_mission,9x4.5,pi5,4.267,0.506,-2.567,1.424,1.204,0.072,1.866,3.50,-4.42,53.75,0.2840,0.2810,0.6124,0.6081,7902,28.345,722.6,426.4,533.0,22.6,555.6,22.75,24.42,0.98880,1.642,12.48,25.15,14,2
18.090,factory_mission,9x4.5,pi5,4.321,0.562,-2.563,1.381,1.264,0.068,1.874,2.94,-3.87,57.36,0.2759,0.2746,0.6202,0.6147,7903,28.560,728.1,434.6,543.3,22.6,565.9,23.18,24.41,0.98875,1.650,12.25,25.15,14,2
18.142,factory_mission,9x4.5,pi5,4.405,0.658,-2.558,1.315,1.345,0.057,1.882,2.26,-2.84,61.92,0.2773,0.2796,0.6144,0.6121,7895,28.400,724.0,429.3,536.6,22.6,559.2,22.90,24.42,0.98870,1.658,12.40,25.15,14,2
18.190,factory_mission,9x4.5,pi5,4.455,0.720,-2.555,1.275,1.386,0.050,1.884,1.92,-2.07,64.40,0.2869,0.2893,0.6031,0.6031,7892,28.096,716.3,418.0,522.5,22.6,545.1,22.31,24.44,0.98865,1.665,12.73,25.15,14,2
18.242,factory_mission,9x4.5,pi5,4.523,0.809,-2.551,1.220,1.430,0.045,1.880,1.56,-0.84,67.34,0.3070,0.3086,0.5847,0.5842,7899,27.646,704.8,399.7,499.7,22.6,522.3,21.35,24.46,0.98860,1.672,13.30,25.15,14,2
18.290,factory_mission,9x4.5,pi5,4.570,0.874,-2.549,1.181,1.453,0.045,1.873,1.41,-0.00,68.82,0.3289,0.3310,0.5652,0.5653,7921,27.328,696.7,384.7,480.9,22.6,503.5,20.56,24.49,0.98855,1.679,13.81,25.15,14,2
18.342,factory_mission,9x4.5,pi5,4.642,0.979,-2.545,1.120,1.477,0.053,1.854,1.27,1.23,70.46,0.3569,0.3594,0.5408,0.5431,7956,27.088,690.6,371.1,463.9,22.6,486.5,19.85,24.51,0.98850,1.686,14.30,25.15,14,2
18.390,factory_mission,9x4.5,pi5,4.685,1.044,-2.542,1.083,1.483,0.061,1.838,1.22,2.03,71.22,0.3830,0.3852,0.5211,0.5235,8002,27.072,690.1,364.6,455.8,22.6,478.4,19.51,24.52,0.98846,1.693,14.55,25.15,14,2
18.442,factory_mission,9x4.5,pi5,4.743,1.136,-2.537,1.031,1.483,0.073,1.807,1.19,3.18,72.05,0.4133,0.4149,0.4995,0.5011,8060,27.204,693.5,362.3,452.9,22.6,475.5,19.39,24.52,0.98841,1.699,14.64,25.15,14,2
18.490,factory_mission,9x4.5,pi5,4.783,1.200,-2.534,0.993,1.477,0.080,1.781,1.18,3.91,72.44,0.4377,0.4393,0.4817,0.4834,8108,27.409,698.7,364.0,455.0,22.6,477.6,19.48,24.52,0.98837,1.706,14.57,25.15,14,2
18.542,factory_mission,9x4.5,pi5,4.843,1.302,-2.527,0.934,1.457,0.088,1.733,1.18,4.92,72.91,0.4621,0.4628,0.4625,0.4661,8149,27.646,704.8,367.9,459.8,22.6,482.4,19.68,24.51,0.98832,1.713,14.42,25.15,14,2
18.590,factory_mission,9x4.5,pi5,4.879,1.364,-2.523,0.897,1.439,0.091,1.698,1.18,5.55,73.20,0.4791,0.4796,0.4509,0.4532,8183,27.890,711.0,373.1,466.3,22.6,488.9,19.95,24.50,0.98828,1.719,14.22,25.15,14,2
18.642,factory_mission,9x4.5,pi5,4.928,1.448,-2.517,0.847,1.407,0.091,1.645,1.20,6.42,73.69,0.4968,0.4967,0.4374,0.4398,8211,28.143,717.5,379.3,474.2,22.6,496.8,20.28,24.49,0.98823,1.727,13.99,25.15,14,2
18.690,factory_mission,9x4.5,pi5,4.960,1.507,-2.513,0.812,1.381,0.089,1.604,1.22,6.94,74.08,0.5074,0.5081,0.4290,0.4304,8227,28.309,721.7,383.9,479.8,22.6,502.4,20.52,24.49,0.98818,1.733,13.83,25.15,14,2
18.742,factory_mission,9x4.5,pi5,5.010,1.597,-2.507,0.756,1.333,0.082,1.535,1.29,7.65,74.82,0.5176,0.5183,0.4196,0.4219,8236,28.442,725.1,388.0,485.0,22.6,507.6,20.74,24.48,0.98813,1.741,13.68,25.15,14,2
18.790,factory_mission,9x4.5,pi5,5.040,1.652,-2.504,0.723,1.301,0.077,1.490,1.36,8.06,75.44,0.5213,0.5232,0.4158,0.4180,8239,28.500,726.6,389.9,487.4,22.6,510.0,20.84,24.48,0.98809,1.747,13.61,25.15,14,2
18.842,factory_mission,9x4.5,pi5,5.079,1.725,-2.499,0.677,1.252,0.069,1.425,1.52,8.61,76.59,0.5296,0.5294,0.4089,0.4105,8240,28.577,728.5,392.9,491.2,22.6,513.8,21.00,24.47,0.98804,1.755,13.51,25.15,14,2
18.890,factory_mission,9x4.5,pi5,5.105,1.775,-2.497,0.645,1.215,0.064,1.377,1.66,8.93,77.53,0.5328,0.5333,0.4056,0.4061,8237,28.599,729.1,394.2,492.7,22.6,515.3,21.06,24.47,0.98799,1.762,13.47,25.15,14,2
18.942,factory_mission,9x4.5,pi5,5.144,1.852,-2.494,0.596,1.155,0.055,1.301,1.93,9.33,79.20,0.5389,0.5382,0.3989,0.4003,8232,28.632,729.9,396.2,495.3,22.6,517.9,21.17,24.46,0.98794,1.769,13.40,25.15,14,2
18.990,factory_mission,9x4.5,pi5,5.168,1.897,-2.492,0.567,1.116,0.049,1.253,2.15,9.55,80.51,0.4930,0.4629,0.4198,0.5605,8449,29.944,763.4,419.5,524.4,22.6,547.0,22.39,24.43,0.98789,1.776,12.67,25.15,14,2
19.042,factory_mission,9x4.5,pi5,5.198,1.957,-2.491,0.526,1.057,0.006,1.180,1.41,9.03,82.53,0.2096,0.1701,0.7554,0.7621,8307,35.823,913.2,678.0,847.5,22.6,870.1,36.24,24.01,0.98780,1.789,7.83,25.15,14,2
19.090,factory_mission,9x4.5,pi5,5.219,1.998,-2.493,0.509,1.011,-0.086,1.135,-0.49,8.20,83.35,0.0208,0.0000,0.8992,0.8565,7512,42.050,1072.0,966.6,1208.3,22.6,1230.9,52.31,23.53,0.98769,1.805,5.42,25.15,14,2
19.142,factory_mission,9x4.5,pi5,5.251,2.058,-2.508,0.526,0.931,-0.364,1.130,-3.98,7.15,82.81,0.0000,0.0016,0.8106,0.7707,6810,34.838,888.1,730.0,912.5,22.6,935.1,39.09,23.92,0.98759,1.819,7.25,25.15,14,2
19.190,factory_mission,9x4.5,pi5,5.273,2.093,-2.527,0.561,0.894,-0.476,1.158,-6.32,6.55,81.28,0.0000,0.0257,0.7065,0.7201,6337,29.187,744.1,555.6,694.5,22.6,717.1,29.62,24.21,0.98753,1.828,9.57,25.15,14,2
19.242,factory_mission,9x4.5,pi5,5.307,2.140,-2.559,0.626,0.858,-0.514,1.180,-9.28,5.92,77.54,0.0000,0.0395,0.6868,0.6650,6116,26.674,680.0,483.0,603.8,22.6,626.4,25.75,24.32,0.98746,1.837,11.01,25.15,14,2
19.290,factory_mission,9x4.5,pi5,5.334,2.172,-2.584,0.677,0.837,-0.490,1.183,-10.89,5.48,74.23,0.0000,0.0408,0.6767,0.6646,6083,26.324,671.1,473.1,591.4,22.6,614.0,25.23,24.34,0.98741,1.846,11.24,25.15,14,2
19.342,factory_mission,9x4.5,pi5,5.384,2.222,-2.620,0.765,0.803,-0.424,1.188,-12.75,4.66,68.14,0.0000,0.0372,0.6762,0.6736,6100,26.585,677.7,480.7,600.9,22.6,623.5,25.63,24.33,0.98735,1.855,11.06,25.15,14,2
19.390,factory_mission,9x4.5,pi5,5.418,2.252,-2.640,0.822,0.779,-0.381,1.195,-13.62,3.93,63.36,0.0812,0.1094,0.6053,0.5993,6488,23.155,590.3,364.4,455.5,22.6,478.1,19.51,24.51,0.98730,1.861,14.53,25.15,14,2
19.442,factory_mission,9x4.5,pi5,5.471,2.293,-2.663,0.895,0.748,-0.289,1.201,-14.37,2.51,55.31,0.2049,0.2101,0.5163,0.5115,6660,20.521,523.1,267.8,334.8,22.6,357.4,14.49,24.66,0.98727,1.866,19.55,25.15,14,2
19.490,factory_mission,9x4.5,pi5,5.512,2.322,-2.675,0.937,0.731,-0.189,1.203,-14.50,1.40,49.57,0.3204,0.3133,0.4438,0.4438,6945,20.434,520.9,239.7,299.7,22.6,322.3,13.05,24.70,0.98724,1.871,21.72,25.15,14,2
19.542,factory_mission,9x4.5,pi5,5.581,2.366,-2.684,0.994,0.707,-0.018,1.220,-14.32,-0.30,40.72,0.4288,0.4217,0.3784,0.3805,7264,22.015,561.2,262.2,327.8,22.6,350.4,14.21,24.67,0.98720,1.876,19.95,25.15,14,2
19.590,factory_mission,9x4.5,pi5,5.626,2.393,-2.683,1.028,0.690,0.070,1.240,-14.05,-1.34,34.85,0.5159,0.5096,0.3273,0.3316,7536,24.379,621.5,318.1,397.6,22.6,420.2,17.10,24.58,0.98717,1.881,16.58,25.15,14,2
19.642,factory_mission,9x4.5,pi5,5.691,2.430,-2.676,1.074,0.659,0.148,1.269,-13.53,-2.64,26.41,0.5852,0.5800,0.2860,0.2899,7742,26.849,684.5,387.4,484.2,22.6,506.8,20.71,24.47,0.98712,1.889,13.68,25.15,14,2
19.690,factory_mission,9x4.5,pi5,5.740,2.456,-2.668,1.106,0.631,0.173,1.285,-13.15,-3.32,21.17,0.6265,0.6214,0.2551,0.2601,7822,28.403,724.1,437.7,547.1,22.6,569.7,23.36,24.39,0.98706,1.896,12.13,25.15,14,2
19.742,factory_mission,9x4.5,pi5,5.819,2.494,-2.653,1.152,0.583,0.174,1.302,-12.56,-4.00,14.12,0.6467,0.6438,0.2349,0.2421,7837,29.188,744.1,466.1,582.6,22.6,605.2,24.86,24.35,0.98700,1.905,11.40,25.14,14,2
19.790,factory_mission,9x4.5,pi5,5.870,2.517,-2.645,1.175,0.552,0.162,1.308,-12.18,-4.24,10.03,0.6506,0.6497,0.2270,0.2357,7821,29.302,747.0,472.2,590.2,22.6,612.8,25.18,24.34,0.98695,1.913,11.25,25.14,14,2
19.842,factory_mission,9x4.5,pi5,5.943,2.546,-2.634,1.199,0.511,0.142,1.311,-11.71,-4.33,4.84,0.6392,0.6381,0.2346,0.2443,7796,28.788,733.9,455.2,569.0,22.6,591.6,24.28,24.36,0.98689,1.922,11.67,25.14,14,2
19.890,factory_mission,9x4.5,pi5,5.995,2.565,-2.627,1.209,0.484,0.132,1.309,-11.48,-4.24,2.00,0.6218,0.6199,0.2509,0.2616,7789,28.165,718.0,432.2,540.2,22.6,562.8,23.07,24.40,0.98684,1.929,12.28,25.14,14,2
19.942,factory_mission,9x4.5,pi5,6.078,2.594,-2.617,1.214,0.447,0.126,1.300,-11.25,-3.94,-1.39,0.5940,0.5942,0.2797,0.2902,7803,27.439,699.5,402.9,503.6,22.6,526.2,21.53,24.44,0.98679,1.937,13.16,25.14,14,2
19.990,factory_mission,9x4.5,pi5,6.129,2.611,-2.611,1.211,0.427,0.130,1.291,-11.19,-3.67,-3.14,0.5692,0.5693,0.3102,0.3202,7843,27.018,688.8,382.2,477.7,22.6,500.3,20.44,24.48,0.98674,1.943,13.86,25.14,14,2
20.042,factory_mission,9x4.5,pi5,6.199,2.634,-2.603,1.199,0.404,0.144,1.273,-11.20,-3.22,-5.15,0.5378,0.5384,0.3520,0.3602,7913,26.793,683.0,364.9,456.2,22.6,478.8,19.54,24.50,0.98669,1.950,14.49,25.14,14,2
20.090,factory_mission,9x4.5,pi5,6.248,2.650,-2.596,1.186,0.389,0.157,1.258,-11.26,-2.90,-6.16,0.5114,0.5111,0.3896,0.3965,7986,26.857,684.7,358.2,447.8,22.6,470.4,19.19,24.51,0.98665,1.957,14.76,25.14,14,2
20.142,factory_mission,9x4.5,pi5,6.324,2.674,-2.584,1.158,0.367,0.177,1.228,-11.42,-2.44,-7.34,0.4806,0.4821,0.4299,0.4363,8060,27.095,690.7,357.9,447.4,22.6,470.0,19.17,24.51,0.98661,1.963,14.77,25.14,14,2
20.190,factory_mission,9x4.5,pi5,6.370,2.689,-2.577,1.138,0.354,0.186,1.206,-11.55,-2.16,-8.01,0.6848,0.2387,0.9236,0.0000,7768,38.776,988.5,822.0,1027.6,22.6,1050.2,44.20,23.76,0.98651,1.977,6.41,25.14,14,2
20.242,factory_mission,9x4.5,pi5,6.478,2.614,-2.532,2.160,-1.804,0.805,2.928,-13.09,-4.24,-14.89,1.0000,0.7220,0.3942,0.5125,10958,54.623,1392.5,1153.1,1441.4,22.6,1464.0,63.12,23.19,0.98636,1.998,4.48,25.14,14,2
20.290,factory_mission,9x4.5,pi5,6.562,2.543,-2.509,2.090,-1.824,0.323,2.793,-9.62,-2.10,-20.49,0.7603,0.8141,0.1684,0.2595,8689,38.736,987.5,755.7,944.7,22.6,967.3,40.52,23.87,0.98627,2.011,6.99,25.14,14,2
20.342,factory_mission,9x4.5,pi5,6.690,2.430,-2.504,1.933,-1.692,-0.097,2.571,-4.35,3.38,-27.27,0.6620,0.8529,0.0010,0.2193,7721,34.896,889.6,691.3,864.1,22.6,886.7,36.98,23.98,0.98618,2.024,7.65,25.14,14,2
20.390,factory_mission,9x4.5,pi5,6.763,2.365,-2.512,1.815,-1.544,-0.221,2.393,-1.87,7.20,-30.52,0.6203,0.6673,0.0000,0.2974,6818,27.576,703.0,457.4,571.8,22.6,594.4,24.41,24.35,0.98612,2.032,11.60,25.14,14,2
20.442,factory_mission,9x4.5,pi5,6.853,2.287,-2.532,1.645,-1.300,-0.259,2.113,1.10,9.83,-34.05,0.7017,0.6479,0.0000,0.1928,6664,28.067,715.5,493.9,617.3,22.6,639.9,26.34,24.29,0.98606,2.041,10.74,25.14,14,2
20.490,factory_mission,9x4.5,pi5,6.909,2.241,-2.549,1.534,-1.117,-0.259,1.915,2.76,9.15,-35.75,0.6916,0.7008,0.0000,0.1277,6583,28.765,733.3,526.2,657.8,22.6,680.4,28.07,24.24,0.98600,2.050,10.08,25.14,14,2
20.542,factory_mission,9x4.5,pi5,6.986,2.187,-2.576,1.389,-0.823,-0.269,1.636,4.40,6.65,-37.24,0.6942,0.7190,0.0000,0.0778,6477,29.059,740.8,544.1,680.1,22.6,702.7,29.02,24.21,0.98593,2.061,9.75,25.14,14,2
20.590,factory_mission,9x4.5,pi5,7.028,2.164,-2.592,1.323,-0.648,-0.278,1.499,4.99,4.64,-37.45,0.7133,0.6940,0.0000,0.0531,6367,28.672,730.9,537.0,671.2,22.6,693.8,28.64,24.22,0.98586,2.070,9.88,25.14,14,2
20.642,factory_mission,9x4.5,pi5,7.083,2.146,-2.615,1.261,-0.421,-0.286,1.360,5.25,1.50,-36.49,0.7134,0.6825,0.0000,0.0327,6252,28.156,717.8,525.4,656.8,22.6,679.4,28.03,24.24,0.98580,2.080,10.09,25.14,14,2
20.690,factory_mission,9x4.5,pi5,7.121,2.142,-2.631,1.235,-0.276,-0.286,1.297,5.02,-0.51,-34.97,0.6801,0.6723,0.0207,0.0339,6531,26.967,687.5,484.0,605.0,22.6,627.6,25.82,24.31,0.98574,2.088,10.96,25.14,14,2
20.742,factory_mission,9x4.5,pi5,7.181,2.148,-2.656,1.215,-0.072,-0.265,1.246,4.03,-3.20,-31.37,0.6062,0.5949,0.1016,0.0976,6507,23.117,589.3,362.3,452.9,22.6,475.5,19.41,24.50,0.98569,2.095,14.57,25.14,14,2
20.790,factory_mission,9x4.5,pi5,7.220,2.157,-2.669,1.211,0.036,-0.213,1.230,3.01,-4.72,-28.21,0.5417,0.5280,0.1880,0.1745,6622,20.995,535.2,286.2,357.8,22.6,380.4,15.45,24.62,0.98566,2.100,18.30,25.14,14,2
20.842,factory_mission,9x4.5,pi5,7.275,2.178,-2.682,1.209,0.170,-0.096,1.225,1.08,-6.47,-22.64,0.4808,0.4685,0.2853,0.2748,6902,20.663,526.8,251.6,314.5,22.6,337.1,13.66,24.67,0.98562,2.105,20.70,25.14,14,2
20.890,factory_mission,9x4.5,pi5,7.317,2.196,-2.686,1.212,0.253,-0.001,1.238,-0.35,-7.23,-18.57,0.4306,0.4188,0.3743,0.3660,7193,21.606,550.8,255.4,319.2,22.6,341.8,13.86,24.66,0.98559,2.109,20.41,25.14,14,2
20.942,factory_mission,9x4.5,pi5,7.386,2.231,-2.682,1.222,0.366,0.132,1.283,-2.71,-7.75,-11.83,0.3788,0.3705,0.4616,0.4541,7466,23.358,595.5,288.5,360.6,22.6,383.2,15.57,24.61,0.98556,2.115,18.16,25.14,14,2
20.990,factory_mission,9x4.5,pi5,7.431,2.255,-2.675,1.233,0.425,0.191,1.318,-4.00,-7.71,-8.11,0.3393,0.3324,0.5297,0.5233,7682,25.362,646.6,338.1,422.6,22.6,445.2,18.15,24.53,0.98552,2.121,15.58,25.14,14,2
21.042,factory_mission,9x4.5,pi5,7.497,2.290,-2.661,1.252,0.491,0.236,1.366,-6.00,-7.20,-2.32,0.3030,0.2962,0.5865,0.5819,7838,27.345,697.1,395.3,494.1,22.6,516.7,21.14,24.44,0.98546,2.128,13.38,25.14,14,2
21.090,factory_mission,9x4.5,pi5,7.545,2.317,-2.649,1.268,0.527,0.243,1.395,-7.16,-6.61,1.11,0.2755,0.2709,0.6208,0.6163,7895,28.557,728.0,435.4,544.2,22.6,566.8,23.25,24.38,0.98541,2.136,12.16,25.14,14,2
21.142,factory_mission,9x4.5,pi5,7.626,2.360,-2.630,1.293,0.567,0.226,1.430,-8.61,-5.49,5.42,0.2534,0.2530,0.6405,0.6382,7901,29.248,745.6,461.5,576.8,22.6,599.4,24.63,24.34,0.98535,2.145,11.48,25.14,14,2
21.190,factory_mission,9x4.5,pi5,7.678,2.386,-2.620,1.307,0.583,0.206,1.446,-9.38,-4.66,7.68,0.2448,0.2461,0.6450,0.6430,7879,29.316,747.4,466.5,583.2,22.6,605.8,24.90,24.33,0.98530,2.153,11.35,25.14,14,2
21.242,factory_mission,9x4.5,pi5,7.753,2.423,-2.606,1.320,0.596,0.177,1.459,-10.25,-3.40,10.13,0.2441,0.2454,0.6413,0.6400,7850,29.078,741.3,460.6,575.7,22.6,598.3,24.58,24.34,0.98524,2.161,11.50,25.14,14,2
21.290,factory_mission,9x4.5,pi5,7.808,2.448,-2.598,1.325,0.600,0.160,1.464,-10.68,-2.61,11.15,0.2533,0.2537,0.6284,0.6306,7832,28.627,729.8,445.1,556.4,22.6,579.0,23.77,24.36,0.98519,2.169,11.89,25.14,14,2
21.342,factory_mission,9x4.5,pi5,7.895,2.486,-2.586,1.326,0.599,0.141,1.462,-11.16,-1.56,11.81,0.2685,0.2698,0.6119,0.6153,7830,28.117,716.8,425.8,532.3,22.6,554.9,22.75,24.39,0.98513,2.177,12.43,25.14,14,2
21.390,factory_mission,9x4.5,pi5,7.950,2.509,-2.579,1.321,0.596,0.136,1.456,-11.39,-0.97,11.73,0.2900,0.2914,0.5922,0.5965,7847,27.649,704.8,405.9,507.4,22.6,530.0,21.70,24.42,0.98508,2.184,13.02,25.14,14,2
21.442,factory_mission,9x4.5,pi5,8.027,2.540,-2.569,1.308,0.590,0.137,1.441,-11.68,-0.26,10.92,0.3146,0.3152,0.5742,0.5784,7891,27.420,699.0,391.8,489.8,22.6,512.4,20.96,24.45,0.98503,2.191,13.48,25.14,14,2
21.490,factory_mission,9x4.5,pi5,8.081,2.560,-2.563,1.295,0.583,0.142,1.427,-11.85,0.11,9.99,0.3400,0.3400,0.5563,0.5605,7943,27.312,696.3,381.3,476.6,22.6,499.2,20.41,24.46,0.98499,2.198,13.85,25.14,14,2
21.542,factory_mission,9x4.5,pi5,8.167,2.592,-2.551,1.268,0.571,0.154,1.399,-12.09,0.50,8.12,0.3651,0.3646,0.5390,0.5446,8003,27.348,697.2,375.3,469.1,22.6,491.7,20.09,24.47,0.98494,2.205,14.06,25.14,14,2
21.590,factory_mission,9x4.5,pi5,8.220,2.611,-2.544,1.248,0.561,0.161,1.378,-12.25,0.66,6.61,0.3889,0.3892,0.5229,0.5289,8064,27.479,700.5,372.6,465.7,22.6,488.3,19.95,24.47,0.98489,2.212,14.16,25.14,14,2
21.642,factory_mission,9x4.5,pi5,8.292,2.635,-2.533,1.217,0.545,0.169,1.344,-12.50,0.79,4.05,0.4084,0.4078,0.5136,0.5189,8131,27.782,708.2,375.7,469.6,22.6,492.2,20.11,24.47,0.98485,2.219,14.05,25.14,14,2
21.690,factory_mission,9x4.5,pi5,8.342,2.652,-2.524,1.192,0.532,0.173,1.317,-12.66,0.80,2.20,0.4238,0.4233,0.5049,0.5109,8183,28.035,714.7,378.8,473.5,22.6,496.1,20.28,24.46,0.98480,2.225,13.93,25.14,14,2
21.742,factory_mission,9x4.5,pi5,8.420,2.677,-2.510,1.149,0.510,0.174,1.269,-12.90,0.71,-0.72,0.4328,0.4339,0.5020,0.5064,8228,28.292,721.2,383.0,478.8,22.6,501.4,20.50,24.46,0.98475,2.233,13.78,25.13,14,2
21.790,factory_mission,9x4.5,pi5,8.467,2.692,-2.502,1.120,0.494,0.172,1.236,-13.06,0.60,-2.75,0.4423,0.4429,0.4970,0.5029,8263,28.498,726.5,386.5,483.1,22.6,505.7,20.68,24.45,0.98471,2.239,13.66,25.13,14,2
21.842,factory_mission,9x4.5,pi5,8.530,2.711,-2.490,1.077,0.472,0.166,1.188,-13.27,0.35,-5.87,0.4419,0.4416,0.5021,0.5080,8294,28.727,732.3,391.4,489.3,22.6,511.9,20.94,24.44,0.98466,2.247,13.49,25.13,14,2
21.890,factory_mission,9x4.5,pi5,8.574,2.724,-2.482,1.045,0.455,0.159,1.151,-13.40,0.13,-8.01,0.4623,0.4626,0.5314,0.6681,9131,35.325,900.5,546.0,682.6,22.6,705.2,29.14,24.20,0.98459,2.256,9.69,25.13,14,2
21.942,factory_mission,9x4.5,pi5,8.641,2.742,-2.473,0.991,0.396,0.025,1.067,-14.68,-1.41,-11.13,0.3299,0.3326,0.6623,0.7019,8777,34.776,886.5,576.2,720.3,22.6,742.9,30.76,24.15,0.98452,2.267,9.18,25.13,14,2
21.990,factory_mission,9x4.5,pi5,8.681,2.750,-2.473,0.965,0.342,-0.066,1.026,-16.30,-3.35,-13.35,0.2476,0.2613,0.7154,0.6975,8397,33.824,862.3,586.4,733.0,22.6,755.6,31.31,24.13,0.98445,2.277,9.02,25.13,14,2
22.042,factory_mission,9x4.5,pi5,8.736,2.758,-2.479,0.945,0.245,-0.161,0.989,-18.56,-6.76,-17.43,0.2282,0.2421,0.6935,0.6592,8038,31.171,794.6,521.4,651.8,22.6,674.4,27.83,24.23,0.98438,2.287,10.15,25.13,14,2
22.090,factory_mission,9x4.5,pi5,8.774,2.759,-2.486,0.937,0.171,-0.193,0.972,-19.57,-9.15,-20.77,0.2618,0.2719,0.6235,0.6207,7875,28.579,728.6,438.5,548.1,22.6,570.7,23.42,24.37,0.98433,2.294,12.05,25.13,14,2
22.142,factory_mission,9x4.5,pi5,8.836,2.754,-2.500,0.932,0.054,-0.180,0.951,-19.99,-12.64,-26.70,0.3288,0.3360,0.5584,0.5476,7849,26.715,681.0,369.7,462.2,22.6,484.8,19.81,24.47,0.98428,2.301,14.25,25.13,14,2
22.190,factory_mission,9x4.5,pi5,8.874,2.747,-2.507,0.931,-0.014,-0.143,0.942,-19.64,-14.86,-31.11,0.4043,0.4090,0.4922,0.4861,7925,26.293,670.3,344.1,430.1,22.6,452.7,18.47,24.51,0.98424,2.307,15.29,25.13,14,2
22.242,factory_mission,9x4.5,pi5,8.928,2.733,-2.514,0.931,-0.108,-0.078,0.940,-18.32,-17.89,-38.16,0.4861,0.4884,0.4300,0.4253,8063,27.144,692.0,359.4,449.3,22.6,471.9,19.27,24.49,0.98419,2.314,14.65,25.13,14,2
22.290,factory_mission,9x4.5,pi5,8.967,2.719,-2.516,0.931,-0.177,-0.036,0.948,-17.06,-19.63,-42.95,0.5504,0.5524,0.3793,0.3754,8164,28.408,724.2,396.3,495.4,22.6,518.0,21.20,24.43,0.98415,2.321,13.31,25.13,14,2
22.342,factory_mission,9x4.5,pi5,9.030,2.691,-2.515,0.933,-0.296,0.009,0.979,-14.82,-21.74,-49.95,0.6026,0.6044,0.3331,0.3324,8218,29.717,757.6,441.8,552.2,22.6,574.8,23.60,24.36,0.98409,2.329,11.96,25.13,14,2
22.390,factory_mission,9x4.5,pi5,9.069,2.669,-2.513,0.934,-0.375,0.022,1.007,-13.24,-22.76,-54.31,0.6348,0.6358,0.3022,0.3022,8227,30.602,780.1,476.3,595.3,22.6,617.9,25.43,24.30,0.98403,2.338,11.10,25.13,14,2
22.442,factory_mission,9x4.5,pi5,9.124,2.633,-2.509,0.935,-0.487,0.024,1.055,-10.96,-23.75,-60.14,0.6518,0.6510,0.2816,0.2831,8200,30.971,789.5,494.4,618.0,22.6,640.6,26.39,24.27,0.98397,2.347,10.69,25.13,14,2
22.490,factory_mission,9x4.5,pi5,9.163,2.604,-2.506,0.936,-0.565,0.021,1.093,-9.59,-24.08,-63.45,0.6530,0.6543,0.2736,0.2780,8169,30.903,787.8,495.5,619.4,22.6,642.0,26.45,24.27,0.98391,2.355,10.67,25.13,14,2
22.542,factory_mission,9x4.5,pi5,9.226,2.551,-2.501,0.934,-0.679,0.015,1.155,-7.88,-24.19,-67.49,0.6431,0.6469,0.2783,0.2845,8146,30.519,778.0,482.9,603.6,22.6,626.2,25.78,24.29,0.98385,2.365,10.95,25.13,14,2
22.590,factory_mission,9x4.5,pi5,9.265,2.514,-2.499,0.933,-0.743,0.014,1.192,-7.00,-24.08,-69.55,0.6284,0.6319,0.2911,0.2989,8138,30.024,765.4,464.2,580.3,22.6,602.9,24.79,24.32,0.98379,2.373,11.38,25.13,14,2
22.642,factory_mission,9x4.5,pi5,9.319,2.459,-2.495,0.929,-0.820,0.017,1.239,-6.08,-23.75,-71.76,0.6063,0.6107,0.3143,0.3219,8148,29.486,751.7,441.4,551.8,22.6,574.4,23.58,24.36,0.98374,2.381,11.96,25.13,14,2
22.690,factory_mission,9x4.5,pi5,9.357,2.417,-2.492,0.925,-0.867,0.023,1.268,-5.69,-23.47,-72.70,0.5844,0.5890,0.3397,0.3482,8178,29.129,742.6,423.4,529.2,22.6,551.8,22.63,24.38,0.98369,2.388,12.47,25.13,14,2
22.742,factory_mission,9x4.5,pi5,9.417,2.347,-2.487,0.917,-0.930,0.038,1.307,-5.41,-23.04,-73.46,0.5590,0.5653,0.3711,0.3783,8222,28.911,737.0,408.8,511.0,22.6,533.6,21.86,24.41,0.98363,2.396,12.90,25.13,14,2
22.790,factory_mission,9x4.5,pi5,9.454,2.302,-2.484,0.911,-0.963,0.049,1.327,-5.38,-22.76,-73.61,0.5380,0.5439,0.3994,0.4066,8274,28.914,737.1,401.9,502.3,22.6,524.9,21.50,24.42,0.98359,2.403,13.12,25.13,14,2
22.842,factory_mission,9x4.5,pi5,9.505,2.238,-2.478,0.902,-1.003,0.062,1.351,-5.49,-22.38,-73.45,0.5164,0.5227,0.4295,0.4360,8334,29.081,741.3,400.2,500.3,22.6,522.9,21.41,24.42,0.98353,2.410,13.17,25.13,14,2
22.890,factory_mission,9x4.5,pi5,9.541,2.192,-2.473,0.895,-1.029,0.070,1.365,-5.63,-22.15,-73.16,0.4989,0.5053,0.4536,0.4597,8381,29.287,746.6,402.0,502.6,22.6,525.2,21.51,24.42,0.98349,2.417,13.11,25.13,14,2
22.942,factory_mission,9x4.5,pi5,9.598,2.116,-2.465,0.883,-1.065,0.078,1.386,-5.89,-21.85,-72.59,0.4831,0.4889,0.4749,0.4815,8420,29.518,752.5,405.9,507.4,22.6,530.0,21.71,24.41,0.98343,2.425,12.99,25.13,14,2
22.986,factory_mission,9x4.5,pi5,9.633,2.069,-2.460,0.875,-1.087,0.080,1.397,-6.08,-21.68,-72.18,0.4722,0.4787,0.4898,0.4954,8449,29.722,757.7,410.2,512.8,22.6,535.4,21.94,24.40,0.98339,2.432,12.85,25.13,14,2
23.038,factory_mission,9x4.5,pi5,9.682,2.001,-2.453,0.864,-1.115,0.078,1.413,-6.34,-21.45,-71.60,0.4623,0.4691,0.5034,0.5070,8469,29.895,762.1,414.4,518.0,22.6,540.6,22.16,24.40,0.98334,2.439,12.73,25.13,14,2
23.086,factory_mission,9x4.5,pi5,9.716,1.953,-2.448,0.857,-1.133,0.075,1.423,-6.48,-21.32,-71.27,0.4575,0.4631,0.5099,0.5148,8482,30.010,765.1,417.3,521.6,22.6,544.2,22.31,24.39,0.98329,2.447,12.64,25.13,14,2
23.138,factory_mission,9x4.5,pi5,9.770,1.874,-2.441,0.845,-1.161,0.068,1.437,-6.65,-21.16,-70.90,0.4541,0.4602,0.5139,0.5197,8491,30.092,767.1,419.4,524.2,22.6,546.8,22.42,24.39,0.98323,2.455,12.57,25.13,14,2
23.186,factory_mission,9x4.5,pi5,9.804,1.824,-2.437,0.837,-1.177,0.062,1.446,-6.73,-21.08,-70.75,0.4538,0.4596,0.5150,0.5204,8495,30.122,767.9,420.1,525.1,22.6,547.7,22.46,24.39,0.98318,2.462,12.55,25.13,14,2
23.238,factory_mission,9x4.5,pi5,9.851,1.754,-2.433,0.828,-1.198,0.055,1.457,-6.79,-20.98,-70.67,0.4550,0.4611,0.5144,0.5190,8497,30.132,768.2,420.2,525.2,22.6,547.8,22.47,24.38,0.98313,2.470,12.55,25.13,14,2
23.286,factory_mission,9x4.5,pi5,9.884,1.704,-2.430,0.821,-1.211,0.049,1.464,-6.80,-20.94,-70.72,0.4584,0.4638,0.5109,0.5164,8497,30.118,767.8,419.6,524.4,22.6,547.0,22.43,24.39,0.98308,2.477,12.57,25.13,14,2
23.338,factory_mission,9x4.5,pi5,9.936,1.623,-2.426,0.810,-1.231,0.041,1.473,-6.77,-20.91,-70.92,0.4618,0.4679,0.5070,0.5124,8495,30.090,767.1,418.6,523.3,22.6,545.9,22.39,24.39,0.98302,2.485,12.59,25.13,14,2
23.386,factory_mission,9x4.5,pi5,9.967,1.572,-2.424,0.803,-1.241,0.035,1.479,-6.72,-20.91,-71.13,0.4666,0.4714,0.5020,0.5085,8493,30.060,766.3,417.7,522.1,22.6,544.7,22.34,24.39,0.98298,2.492,12.62,25.13,14,2
23.438,factory_mission,9x4.5,pi5,10.011,1.501,-2.422,0.793,-1.255,0.028,1.485,-6.63,-20.93,-71.53,0.4709,0.4757,0.4975,0.5041,8492,30.039,765.8,417.0,521.3,22.6,543.9,22.30,24.39,0.98292,2.500,12.64,25.13,14,2
23.486,factory_mission,9x4.5,pi5,10.042,1.450,-2.421,0.786,-1.264,0.024,1.489,-6.56,-20.95,-71.85,0.4748,0.4803,0.4936,0.4992,8491,30.022,765.3,416.5,520.6,22.6,543.2,22.27,24.39,0.98287,2.507,12.65,25.13,14,2
23.538,factory_mission,9x4.5,pi5,10.091,1.368,-2.420,0.775,-1.278,0.017,1.494,-6.44,-21.01,-72.37,0.4781,0.4844,0.4895,0.4956,8490,30.011,765.1,416.1,520.2,22.6,542.8,22.26,24.39,0.98282,2.515,12.66,25.13,14,2
23.586,factory_mission,9x4.5,pi5,10.121,1.317,-2.419,0.768,-1.285,0.014,1.497,-6.35,-21.06,-72.74,0.4820,0.4868,0.4866,0.4921,8489,30.004,764.9,416.0,519.9,22.6,542.5,22.25,24.39,0.98277,2.522,12.67,25.13,14,2
23.638,factory_mission,9x4.5,pi5,10.162,1.245,-2.418,0.758,-1.295,0.009,1.501,-6.23,-21.14,-73.29,0.4841,0.4895,0.4843,0.4898,8490,30.011,765.1,416.1,520.1,22.6,542.7,22.25,24.39,0.98272,2.530,12.66,25.13,14,2
23.686,factory_mission,9x4.5,pi5,10.191,1.194,-2.418,0.751,-1.302,0.006,1.503,-6.15,-21.20,-73.66,0.4861,0.4917,0.4824,0.4879,8492,30.021,765.3,416.3,520.4,22.6,543.0,22.26,24.39,0.98267,2.538,12.66,25.13,14,2
23.738,factory_mission,9x4.5,pi5,10.237,1.113,-2.417,0.738,-1.313,0.002,1.506,-6.04,-21.29,-74.20,0.4869,0.4933,0.4818,0.4867,8494,30.038,765.8,416.7,520.8,22.6,543.4,22.28,24.39,0.98261,2.545,12.64,25.12,14,2
23.786,factory_mission,9x4.5,pi5,10.266,1.062,-2.417,0.729,-1.320,-0.000,1.508,-5.97,-21.35,-74.54,0.4876,0.4941,0.4811,0.4862,8495,30.045,765.9,416.8,521.0,22.6,543.6,22.29,24.39,0.98256,2.553,12.64,25.12,14,2
23.838,factory_mission,9x4.5,pi5,10.305,0.990,-2.417,0.715,-1.329,-0.003,1.510,-5.87,-21.45,-75.03,0.4876,0.4938,0.4813,0.4864,8496,30.049,766.0,416.9,521.1,22.6,543.7,22.30,24.38,0.98251,2.561,12.63,25.12,14,2
23.886,factory_mission,9x4.5,pi5,10.333,0.939,-2.417,0.705,-1.336,-0.005,1.511,-5.81,-21.51,-75.34,0.4877,0.4938,0.4815,0.4865,8497,30.058,766.3,417.1,521.4,22.6,544.0,22.31,24.38,0.98246,2.568,12.63,25.12,14,2
23.938,factory_mission,9x4.5,pi5,10.377,0.857,-2.417,0.687,-1.348,-0.008,1.513,-5.72,-21.60,-75.78,0.4870,0.4932,0.4824,0.4876,8499,30.075,766.7,417.4,521.8,22.6,544.4,22.33,24.38,0.98241,2.576,12.62,25.12,14,2
23.986,factory_mission,9x4.5,pi5,10.403,0.805,-2.417,0.675,-1.356,-0.010,1.514,-5.65,-21.66,-76.06,0.4866,0.4924,0.4832,0.4882,8501,30.083,766.9,417.6,522.0,22.6,544.6,22.34,24.38,0.98236,2.583,12.61,25.12,14,2
24.038,factory_mission,9x4.5,pi5,10.440,0.732,-2.417,0.658,-1.366,-0.012,1.517,-5.56,-21.75,-76.46,0.4853,0.4914,0.4842,0.4900,8502,30.093,767.2,417.8,522.2,22.6,544.8,22.35,24.38,0.98230,2.591,12.60,25.12,14,2
24.086,factory_mission,9x4.5,pi5,10.465,0.680,-2.417,0.646,-1.374,-0.013,1.519,-5.50,-21.81,-76.71,0.4846,0.4911,0.4850,0.4905,8503,30.100,767.3,417.9,522.4,22.6,545.0,22.35,24.38,0.98225,2.598,12.60,25.12,14,2
24.138,factory_mission,9x4.5,pi5,10.505,0.596,-2.417,0.625,-1.387,-0.015,1.522,-5.40,-21.89,-77.10,0.4838,0.4900,0.4864,0.4914,8505,30.113,767.7,418.2,522.8,22.6,545.4,22.37,24.38,0.98220,2.606,12.59,25.12,14,2
24.186,factory_mission,9x4.5,pi5,10.529,0.543,-2.417,0.612,-1.396,-0.016,1.524,-5.33,-21.95,-77.35,0.4836,0.4894,0.4872,0.4921,8507,30.128,768.1,418.5,523.2,22.6,545.8,22.39,24.38,0.98215,2.613,12.58,25.12,14,2
24.238,factory_mission,9x4.5,pi5,10.562,0.468,-2.417,0.593,-1.407,-0.018,1.527,-5.22,-22.02,-77.73,0.4826,0.4890,0.4884,0.4930,8510,30.149,768.6,419.0,523.7,22.6,546.3,22.41,24.38,0.98209,2.621,12.56,25.12,14,2
24.286,factory_mission,9x4.5,pi5,10.584,0.414,-2.417,0.580,-1.416,-0.019,1.530,-5.15,-22.07,-77.99,0.4811,0.4574,0.4883,0.4429,8208,28.073,715.7,377.0,471.2,22.6,493.8,20.20,24.44,0.98205,2.628,13.94,25.12,14,2
24.338,factory_mission,9x4.5,pi5,10.619,0.327,-2.415,0.558,-1.418,0.007,1.524,-4.89,-21.67,-78.41,0.4883,0.4897,0.4501,0.4583,8269,28.489,726.3,385.4,481.7,22.6,504.3,20.64,24.43,0.98200,2.635,13.64,25.12,14,2
24.386,factory_mission,9x4.5,pi5,10.640,0.272,-2.414,0.545,-1.413,0.023,1.515,-4.57,-20.81,-78.70,0.4991,0.5056,0.4447,0.4511,8319,28.879,736.2,394.1,492.6,22.6,515.2,21.10,24.42,0.98195,2.642,13.34,25.12,14,2
24.438,factory_mission,9x4.5,pi5,10.668,0.197,-2.411,0.528,-1.398,0.035,1.495,-4.17,-19.36,-79.02,0.5029,0.5109,0.4418,0.4540,8352,29.119,742.3,399.3,499.1,22.6,521.7,21.37,24.41,0.98190,2.649,13.17,25.12,14,2
24.486,factory_mission,9x4.5,pi5,10.688,0.144,-2.408,0.516,-1.382,0.038,1.475,-3.98,-18.44,-79.12,0.5009,0.5102,0.4459,0.4581,8372,29.246,745.6,401.6,502.0,22.6,524.6,21.50,24.40,0.98185,2.656,13.09,25.12,14,2
24.538,factory_mission,9x4.5,pi5,10.718,0.061,-2.404,0.495,-1.344,0.036,1.433,-3.81,-17.24,-79.12,0.4946,0.5040,0.4546,0.4644,8381,29.282,746.5,401.7,502.2,22.6,524.8,21.51,24.40,0.98180,2.664,13.09,25.12,14,2
24.586,factory_mission,9x4.5,pi5,10.736,0.011,-2.402,0.483,-1.316,0.031,1.402,-3.76,-16.56,-79.04,0.4870,0.4962,0.4622,0.4719,8380,29.251,745.7,400.7,500.9,22.6,523.5,21.45,24.40,0.98175,2.671,13.12,25.12,14,2
24.638,factory_mission,9x4.5,pi5,10.760,-0.056,-2.399,0.464,-1.271,0.023,1.353,-3.76,-15.73,-78.84,0.4779,0.4860,0.4713,0.4804,8374,29.197,744.3,399.3,499.1,22.6,521.7,21.38,24.41,0.98170,2.678,13.16,25.12,14,2
24.686,factory_mission,9x4.5,pi5,10.777,-0.102,-2.398,0.451,-1.236,0.017,1.315,-3.78,-15.28,-78.69,0.4698,0.4784,0.4791,0.4861,8366,29.143,742.9,398.2,497.7,22.6,520.3,21.32,24.41,0.98166,2.685,13.20,25.12,14,2
24.738,factory_mission,9x4.5,pi5,10.803,-0.173,-2.396,0.429,-1.177,0.008,1.252,-3.83,-14.74,-78.46,0.4619,0.4703,0.4855,0.4928,8356,29.082,741.4,397.2,496.4,22.6,519.0,21.27,24.41,0.98160,2.693,13.23,25.12,14,2
24.786,factory_mission,9x4.5,pi5,10.818,-0.214,-2.396,0.415,-1.138,0.003,1.212,-3.86,-14.46,-78.33,0.4567,0.4642,0.4900,0.4972,8347,29.029,740.0,396.3,495.4,22.6,518.0,21.22,24.41,0.98156,2.700,13.26,25.12,14,2
24.838,factory_mission,9x4.5,pi5,10.839,-0.270,-2.397,0.396,-1.084,-0.004,1.154,-3.91,-14.13,-78.20,0.4516,0.4592,0.4945,0.5004,8338,28.982,738.8,395.7,494.6,22.6,517.2,21.19,24.41,0.98151,2.707,13.28,25.12,14,2
24.886,factory_mission,9x4.5,pi5,10.853,-0.307,-2.397,0.383,-1.045,-0.008,1.113,-3.93,-13.96,-78.17,0.4497,0.4563,0.4959,0.5017,8330,28.936,737.7,394.9,493.6,22.6,516.2,21.15,24.41,0.98146,2.714,13.30,25.12,14,2
24.938,factory_mission,9x4.5,pi5,10.875,-0.364,-2.399,0.361,-0.984,-0.013,1.048,-3.94,-13.79,-78.24,0.4479,0.4546,0.4967,0.5026,8324,28.895,736.6,394.1,492.7,22.6,515.3,21.11,24.41,0.98141,2.722,13.33,25.12,14,2
24.986,factory_mission,9x4.5,pi5,10.888,-0.398,-2.400,0.348,-0.947,-0.015,1.009,-3.93,-13.71,-78.35,0.4485,0.4540,0.4966,0.5018,8321,28.874,736.1,393.7,492.1,22.6,514.7,21.09,24.41,0.98136,2.728,13.34,25.12,14,2
25.038,factory_mission,9x4.5,pi5,10.906,-0.442,-2.401,0.330,-0.896,-0.017,0.955,-3.89,-13.64,-78.62,0.4488,0.4542,0.4960,0.5014,8319,28.863,735.8,393.4,491.8,22.6,514.4,21.07,24.41,0.98131,2.736,13.35,25.12,14,2
25.086,factory_mission,9x4.5,pi5,10.918,-0.472,-2.402,0.317,-0.861,-0.019,0.918,-3.85,-13.62,-78.87,0.4503,0.4565,0.4944,0.4990,8318,28.846,735.4,392.9,491.2,22.6,513.8,21.05,24.41,0.98126,2.743,13.36,25.12,14,2
25.138,factory_mission,9x4.5,pi5,10.937,-0.517,-2.403,0.298,-0.807,-0.021,0.861,-3.77,-13.62,-79.35,0.4516,0.4582,0.4932,0.4969,8317,28.836,735.1,392.6,490.7,22.6,513.3,21.03,24.41,0.98121,2.750,13.37,25.12,14,2
25.186,factory_mission,9x4.5,pi5,10.948,-0.543,-2.404,0.286,-0.776,-0.022,0.827,-3.70,-13.64,-79.73,0.4543,0.4600,0.4907,0.4950,8318,28.831,735.0,392.3,490.4,22.6,513.0,21.02,24.41,0.98117,2.757,13.38,25.12,14,2
25.238,factory_mission,9x4.5,pi5,10.963,-0.578,-2.405,0.270,-0.733,-0.023,0.782,-3.58,-13.68,-80.37,0.4560,0.4612,0.4898,0.4933,8319,28.834,735.1,392.3,490.4,22.6,513.0,21.02,24.41,0.98112,2.764,13.38,25.12,14,2
25.286,factory_mission,9x4.5,pi5,10.974,-0.602,-2.405,0.259,-0.705,-0.024,0.751,-3.49,-13.72,-80.85,0.4591,0.4633,0.4873,0.4914,8321,28.845,735.3,392.4,490.5,22.6,513.1,21.02,24.41,0.98107,2.771,13.38,25.12,14,2
25.338,factory_mission,9x4.5,pi5,10.991,-0.638,-2.406,0.241,-0.662,-0.025,0.705,-3.34,-13.78,-81.63,0.4599,0.4654,0.4860,0.4904,8323,28.856,735.6,392.6,490.7,22.6,513.3,21.03,24.41,0.98102,2.779,13.37,25.12,14,2
25.386,factory_mission,9x4.5,pi5,11.001,-0.659,-2.406,0.231,-0.636,-0.025,0.677,-3.23,-13.83,-82.18,0.4616,0.4667,0.4850,0.4888,8325,28.866,735.9,392.7,490.9,22.6,513.5,21.04,24.41,0.98097,2.785,13.36,25.12,14,2
25.438,factory_mission,9x4.5,pi5,11.014,-0.688,-2.407,0.217,-0.603,-0.026,0.641,-3.05,-13.90,-83.05,0.4618,0.4669,0.4852,0.4888,8327,28.878,736.2,393.0,491.2,22.6,513.8,21.05,24.41,0.98092,2.793,13.36,25.12,14,2
25.486,factory_mission,9x4.5,pi5,11.023,-0.707,-2.407,0.206,-0.581,-0.026,0.617,-2.93,-13.95,-83.66,0.4632,0.4683,0.4838,0.4878,8329,28.888,736.4,393.1,491.4,22.6,514.0,21.06,24.41,0.98087,2.800,13.35,25.12,14,2
25.538,factory_mission,9x4.5,pi5,11.036,-0.737,-2.408,0.190,-0.548,-0.028,0.580,-2.73,-14.02,-84.61,0.4633,0.4680,0.4842,0.4878,8329,28.892,736.5,393.2,491.5,22.6,514.1,21.06,24.41,0.98082,2.807,13.35,25.12,14,2
25.586,factory_mission,9x4.5,pi5,11.043,-0.754,-2.409,0.180,-0.529,-0.031,0.559,-2.58,-14.07,-85.26,0.4944,0.6331,0.4582,0.4019,8635,31.679,807.6,465.4,581.8,22.6,604.4,24.88,24.29,0.98077,2.815,11.30,25.12,14,2
25.638,factory_mission,9x4.5,pi5,11.053,-0.778,-2.412,0.168,-0.520,-0.094,0.555,-0.89,-14.96,-86.00,0.7582,0.7888,0.2073,0.1828,8452,37.072,945.1,714.1,892.7,22.6,915.3,38.31,23.89,0.98068,2.828,7.34,25.12,14,2
25.686,factory_mission,9x4.5,pi5,11.060,-0.796,-2.417,0.176,-0.537,-0.198,0.599,1.20,-15.72,-85.83,0.8844,0.8657,0.0367,0.0272,8006,42.231,1076.6,958.7,1198.3,22.6,1220.9,52.00,23.48,0.98056,2.845,5.40,25.12,14,2
25.738,factory_mission,9x4.5,pi5,11.073,-0.827,-2.438,0.237,-0.599,-0.442,0.782,4.10,-16.56,-83.79,0.8231,0.7665,0.0000,0.0116,6877,35.228,898.1,741.6,927.1,22.6,949.7,39.83,23.84,0.98047,2.858,7.05,25.12,14,2
25.786,factory_mission,9x4.5,pi5,11.084,-0.850,-2.459,0.297,-0.627,-0.543,0.881,5.46,-16.89,-81.18,0.7180,0.7190,0.0000,0.0374,6417,29.619,755.1,566.4,708.0,22.6,730.6,30.28,24.13,0.98040,2.868,9.28,25.12,14,2
25.838,factory_mission,9x4.5,pi5,11.105,-0.883,-2.495,0.388,-0.628,-0.568,0.931,6.46,-17.02,-75.75,0.6777,0.6813,0.0000,0.0646,6233,27.080,690.3,490.4,613.0,22.6,635.6,26.21,24.25,0.98033,2.877,10.72,25.12,14,2
25.886,factory_mission,9x4.5,pi5,11.124,-0.908,-2.520,0.455,-0.610,-0.537,0.931,6.44,-17.00,-71.27,0.6333,0.6218,0.0412,0.1198,6564,24.552,625.9,403.6,504.5,22.6,527.1,21.62,24.39,0.98029,2.884,12.99,25.12,14,2
25.938,factory_mission,9x4.5,pi5,11.161,-0.945,-2.558,0.559,-0.558,-0.435,0.902,5.53,-17.04,-63.54,0.5391,0.5396,0.1578,0.2121,6681,21.362,544.6,293.3,366.6,22.6,389.2,15.85,24.56,0.98025,2.890,17.72,25.12,14,2
25.986,factory_mission,9x4.5,pi5,11.189,-0.966,-2.576,0.615,-0.513,-0.335,0.868,4.28,-17.16,-57.93,0.4706,0.4656,0.2770,0.3036,6929,20.685,527.3,249.8,312.3,22.6,334.9,13.60,24.63,0.98022,2.894,20.66,25.12,14,2
26.038,factory_mission,9x4.5,pi5,11.232,-0.993,-2.594,0.687,-0.445,-0.181,0.838,1.70,-17.35,-49.20,0.4029,0.4005,0.3933,0.4037,7232,21.774,555.1,257.2,321.5,22.6,344.1,13.98,24.61,0.98018,2.899,20.09,25.12,14,2
26.086,factory_mission,9x4.5,pi5,11.266,-1.009,-2.600,0.737,-0.399,-0.083,0.843,-0.27,-17.32,-43.38,0.3518,0.3480,0.4863,0.4907,7509,23.892,609.1,303.2,379.1,22.6,401.7,16.37,24.54,0.98015,2.905,17.16,25.12,14,2
26.138,factory_mission,9x4.5,pi5,11.325,-1.031,-2.602,0.820,-0.340,0.025,0.888,-3.27,-16.90,-35.01,0.3073,0.3012,0.5661,0.5646,7735,26.398,673.0,371.1,463.8,22.6,486.4,19.91,24.44,0.98010,2.912,14.11,25.12,14,2
26.186,factory_mission,9x4.5,pi5,11.365,-1.042,-2.599,0.872,-0.312,0.060,0.928,-5.14,-16.33,-29.87,0.2719,0.2668,0.6152,0.6128,7835,28.150,717.6,426.6,533.2,22.6,555.8,22.83,24.35,0.98005,2.919,12.30,25.12,14,2
26.238,factory_mission,9x4.5,pi5,11.425,-1.057,-2.592,0.945,-0.285,0.075,0.989,-7.57,-15.10,-23.08,0.2440,0.2421,0.6449,0.6435,7863,29.255,745.8,465.9,582.4,22.6,605.0,24.91,24.29,0.97999,2.928,11.27,25.12,14,2
26.286,factory_mission,9x4.5,pi5,11.469,-1.067,-2.587,0.993,-0.271,0.071,1.031,-8.89,-14.10,-19.27,0.2297,0.2299,0.6555,0.6556,7849,29.609,754.8,481.1,601.3,22.6,623.9,25.72,24.26,0.97993,2.936,10.92,25.12,14,2
26.338,factory_mission,9x4.5,pi5,11.545,-1.082,-2.580,1.059,-0.254,0.056,1.090,-10.40,-12.47,-14.64,0.2269,0.2277,0.6528,0.6541,7816,29.403,749.6,476.6,595.8,22.6,618.4,25.48,24.27,0.97987,2.945,11.02,25.12,14,2
26.386,factory_mission,9x4.5,pi5,11.593,-1.091,-2.576,1.092,-0.245,0.048,1.120,-11.12,-11.37,-12.28,0.2339,0.2373,0.6414,0.6433,7795,28.914,737.1,460.1,575.2,22.6,597.8,24.61,24.29,0.97982,2.953,11.41,25.12,14,2
26.438,factory_mission,9x4.5,pi5,11.663,-1.104,-2.571,1.127,-0.233,0.043,1.151,-11.85,-9.83,-9.73,0.2514,0.2558,0.6218,0.6251,7789,28.248,720.1,435.4,544.2,22.6,566.8,23.30,24.33,0.97976,2.961,12.05,25.12,14,2
26.486,factory_mission,9x4.5,pi5,11.714,-1.113,-2.568,1.144,-0.224,0.045,1.166,-12.15,-8.91,-8.62,0.2753,0.2788,0.5995,0.6050,7805,27.674,705.5,411.7,514.6,22.6,537.2,22.04,24.37,0.97971,2.969,12.73,25.12,14,2
26.538,factory_mission,9x4.5,pi5,11.795,-1.128,-2.562,1.158,-0.207,0.059,1.178,-12.42,-7.72,-7.71,0.3066,0.3088,0.5753,0.5810,7853,27.271,695.2,390.7,488.4,22.6,511.0,20.94,24.40,0.97966,2.976,13.40,25.12,14,2
26.586,factory_mission,9x4.5,pi5,11.845,-1.137,-2.558,1.160,-0.197,0.070,1.179,-12.51,-7.05,-7.52,0.3382,0.3023,0.5851,0.6519,8236,30.247,771.1,461.1,576.4,22.6,599.0,24.66,24.29,0.97961,2.984,11.38,25.12,14,2
26.638,factory_mission,9x4.5,pi5,11.914,-1.149,-2.552,1.160,-0.194,0.041,1.177,-13.39,-6.65,-7.78,0.2326,0.2234,0.6873,0.7125,8157,32.579,830.5,564.0,705.0,22.6,727.6,30.16,24.12,0.97953,2.994,9.30,25.12,14,2
26.686,factory_mission,9x4.5,pi5,11.963,-1.158,-2.550,1.159,-0.208,-0.009,1.177,-14.46,-6.65,-8.52,0.1675,0.1749,0.7295,0.7290,7958,33.176,845.7,608.1,760.1,22.6,782.7,32.54,24.05,0.97946,3.005,8.62,25.12,14,2
26.738,factory_mission,9x4.5,pi5,12.039,-1.175,-2.552,1.151,-0.253,-0.096,1.183,-16.00,-6.92,-10.80,0.1463,0.1639,0.7178,0.6994,7692,31.339,798.9,562.1,702.6,22.6,725.2,30.06,24.13,0.97939,3.015,9.33,25.11,14,2
26.786,factory_mission,9x4.5,pi5,12.086,-1.187,-2.557,1.141,-0.286,-0.129,1.183,-16.75,-7.28,-13.11,0.1702,0.1892,0.6608,0.6649,7539,28.768,733.4,479.8,599.8,22.6,622.4,25.66,24.26,0.97933,3.024,10.93,25.11,14,2
26.838,factory_mission,9x4.5,pi5,12.150,-1.208,-2.564,1.117,-0.327,-0.131,1.171,-17.29,-8.07,-17.59,0.2247,0.2398,0.6029,0.6055,7495,26.411,673.3,397.3,496.6,22.6,519.2,21.29,24.39,0.97928,3.031,13.18,25.11,14,2
26.886,factory_mission,9x4.5,pi5,12.194,-1.225,-2.570,1.094,-0.350,-0.104,1.153,-17.29,-8.78,-21.10,0.2917,0.3028,0.5461,0.5489,7555,25.130,640.6,343.8,429.7,22.6,452.3,18.48,24.47,0.97924,3.037,15.18,25.11,14,2
26.938,factory_mission,9x4.5,pi5,12.261,-1.254,-2.575,1.052,-0.378,-0.029,1.118,-16.85,-10.04,-26.88,0.3680,0.3760,0.4913,0.4967,7709,25.065,639.0,323.7,404.6,22.6,427.2,17.44,24.50,0.97920,3.043,16.09,25.11,14,2
26.986,factory_mission,9x4.5,pi5,12.302,-1.274,-2.576,1.023,-0.394,0.021,1.096,-16.34,-10.94,-30.93,0.4350,0.4404,0.4469,0.4514,7860,25.722,655.7,330.2,412.8,22.6,435.4,17.78,24.49,0.97916,3.049,15.78,25.11,14,2
27.038,factory_mission,9x4.5,pi5,12.355,-1.303,-2.573,0.981,-0.418,0.081,1.069,-15.32,-12.26,-37.03,0.4942,0.4985,0.4064,0.4111,7992,26.758,682.1,353.6,442.0,22.6,464.6,19.00,24.46,0.97911,3.056,14.76,25.11,14,2
27.086,factory_mission,9x4.5,pi5,12.392,-1.325,-2.569,0.950,-0.438,0.111,1.052,-14.54,-13.06,-40.99,0.5391,0.5425,0.3751,0.3798,8087,27.812,709.0,382.7,478.4,22.6,501.0,20.52,24.41,0.97907,3.063,13.67,25.11,14,2
27.138,factory_mission,9x4.5,pi5,12.447,-1.362,-2.560,0.900,-0.474,0.135,1.026,-13.29,-14.05,-46.57,0.5715,0.5741,0.3522,0.3555,8148,28.686,731.3,409.5,511.9,22.6,534.5,21.94,24.37,0.97901,3.070,12.78,25.11,14,2
27.186,factory_mission,9x4.5,pi5,12.480,-1.386,-2.553,0.869,-0.498,0.139,1.011,-12.44,-14.54,-49.96,0.5894,0.5911,0.3366,0.3415,8167,29.149,743.1,425.5,531.9,22.6,554.5,22.78,24.34,0.97896,3.078,12.31,25.11,14,2
27.238,factory_mission,9x4.5,pi5,12.522,-1.422,-2.544,0.824,-0.530,0.135,0.989,-11.23,-15.04,-54.45,0.5952,0.5967,0.3309,0.3362,8169,29.287,746.6,430.8,538.5,22.6,561.1,23.06,24.33,0.97891,3.086,12.16,25.11,14,2
27.286,factory_mission,9x4.5,pi5,12.551,-1.448,-2.537,0.793,-0.550,0.131,0.974,-10.49,-15.21,-57.02,0.5934,0.5961,0.3311,0.3381,8168,29.253,745.7,429.6,537.0,22.6,559.6,23.00,24.33,0.97886,3.093,12.19,25.11,14,2
27.338,factory_mission,9x4.5,pi5,12.594,-1.490,-2.528,0.744,-0.575,0.124,0.949,-9.53,-15.29,-60.21,0.5833,0.5872,0.3408,0.3471,8167,29.040,740.3,421.2,526.5,22.6,549.1,22.56,24.35,0.97880,3.101,12.43,25.11,14,2
27.386,factory_mission,9x4.5,pi5,12.619,-1.517,-2.522,0.714,-0.587,0.120,0.932,-8.98,-15.24,-61.92,0.5712,0.5746,0.3541,0.3593,8170,28.808,734.4,411.6,514.5,22.6,537.1,22.05,24.36,0.97875,3.108,12.72,25.11,14,2
27.438,factory_mission,9x4.5,pi5,12.652,-1.555,-2.515,0.674,-0.598,0.117,0.908,-8.32,-15.06,-63.93,0.5535,0.5573,0.3719,0.3787,8178,28.551,727.8,400.2,500.2,22.6,522.8,21.45,24.38,0.97870,3.116,13.07,25.11,14,2
27.486,factory_mission,9x4.5,pi5,12.674,-1.582,-2.510,0.646,-0.602,0.116,0.890,-7.97,-14.91,-64.94,0.5378,0.5421,0.3895,0.3965,8194,28.423,724.6,392.9,491.2,22.6,513.8,21.07,24.39,0.97866,3.123,13.31,25.11,14,2
27.538,factory_mission,9x4.5,pi5,12.707,-1.625,-2.502,0.603,-0.602,0.118,0.860,-7.55,-14.64,-66.05,0.5205,0.5245,0.4107,0.4170,8219,28.379,723.5,387.8,484.7,22.6,507.3,20.80,24.40,0.97861,3.130,13.48,25.11,14,2
27.586,factory_mission,9x4.5,pi5,12.726,-1.652,-2.497,0.577,-0.600,0.119,0.841,-7.33,-14.45,-66.59,0.5057,0.5102,0.4287,0.4345,8242,28.406,724.1,385.7,482.1,22.6,504.7,20.69,24.40,0.97856,3.137,13.55,25.11,14,2
27.638,factory_mission,9x4.5,pi5,12.752,-1.688,-2.489,0.543,-0.593,0.119,0.813,-7.07,-14.17,-67.17,0.4906,0.4948,0.4470,0.4527,8264,28.468,725.7,385.2,481.5,22.6,504.1,20.66,24.40,0.97851,3.144,13.56,25.11,14,2
27.686,factory_mission,9x4.5,pi5,12.769,-1.713,-2.484,0.520,-0.587,0.119,0.793,-6.93,-14.00,-67.47,0.4795,0.4845,0.4604,0.4658,8282,28.565,728.2,386.5,483.2,22.6,505.8,20.73,24.40,0.97846,3.151,13.52,25.11,14,2
27.738,factory_mission,9x4.5,pi5,12.795,-1.752,-2.476,0.485,-0.574,0.116,0.761,-6.74,-13.75,-67.84,0.4695,0.4741,0.4731,0.4784,8300,28.677,731.1,388.7,485.8,22.6,508.4,20.84,24.39,0.97841,3.158,13.45,25.11,14,2
27.786,factory_mission,9x4.5,pi5,12.810,-1.776,-2.471,0.465,-0.564,0.112,0.740,-6.62,-13.60,-68.07,0.4631,0.4667,0.4809,0.4873,8310,28.759,733.2,390.5,488.1,22.6,510.7,20.94,24.39,0.97837,3.165,13.38,25.11,14,2
27.838,factory_mission,9x4.5,pi5,12.831,-1.808,-2.465,0.440,-0.549,0.107,0.711,-6.44,-13.40,-68.45,0.4566,0.4607,0.4887,0.4941,8318,28.829,734.9,392.2,490.3,22.6,512.9,21.03,24.39,0.97832,3.172,13.32,25.11,14,2
27.886,factory_mission,9x4.5,pi5,12.845,-1.830,-2.461,0.422,-0.537,0.101,0.691,-6.32,-13.29,-68.73,0.4836,0.6380,0.4871,0.3253,8441,30.731,783.4,452.9,566.1,22.6,588.7,24.24,24.29,0.97826,3.180,11.56,25.11,14,2
27.938,factory_mission,9x4.5,pi5,12.866,-1.865,-2.456,0.403,-0.533,0.028,0.668,-3.96,-13.31,-68.91,0.8238,0.8536,0.1545,0.0580,8281,40.392,1029.7,864.1,1080.1,22.6,1102.7,46.69,23.62,0.97815,3.196,6.00,25.11,14,2
27.986,factory_mission,9x4.5,pi5,12.879,-1.886,-2.457,0.417,-0.543,-0.127,0.697,-0.81,-12.21,-68.24,0.8814,0.8185,0.0393,0.0000,7377,39.828,1015.3,888.3,1110.4,22.6,1133.0,48.06,23.57,0.97804,3.211,5.83,25.11,14,2
28.038,factory_mission,9x4.5,pi5,12.901,-1.917,-2.472,0.485,-0.521,-0.370,0.802,3.87,-9.42,-65.19,0.7958,0.7145,0.0000,0.0472,6718,32.434,826.8,650.7,813.4,22.6,836.0,34.88,23.97,0.97796,3.223,8.03,25.11,14,2
28.086,factory_mission,9x4.5,pi5,12.920,-1.936,-2.490,0.547,-0.459,-0.459,0.849,6.78,-7.37,-61.93,0.6454,0.6894,0.0000,0.1095,6308,26.649,679.4,471.5,589.4,22.6,612.0,25.23,24.26,0.97790,3.231,11.10,25.11,14,2
28.138,factory_mission,9x4.5,pi5,12.956,-1.960,-2.525,0.642,-0.298,-0.447,0.838,10.14,-4.30,-55.64,0.6395,0.6264,0.0000,0.1457,6189,24.727,630.4,413.2,516.5,22.6,539.1,22.14,24.35,0.97785,3.239,12.65,25.11,14,2
28.186,factory_mission,9x4.5,pi5,12.983,-1.969,-2.545,0.696,-0.174,-0.393,0.818,11.75,-2.74,-50.76,0.6436,0.6349,0.0000,0.1459,6236,25.134,640.7,423.8,529.7,22.6,552.3,22.70,24.33,0.97780,3.247,12.34,25.11,14,2
28.238,factory_mission,9x4.5,pi5,13.025,-1.970,-2.569,0.765,0.021,-0.313,0.827,13.15,-1.37,-42.59,0.6562,0.6619,0.0000,0.1266,6310,26.230,668.7,456.5,570.6,22.6,593.2,24.43,24.28,0.97774,3.255,11.46,25.11,14,2
28.286,factory_mission,9x4.5,pi5,13.058,-1.963,-2.583,0.809,0.171,-0.267,0.869,13.43,-1.12,-36.60,0.6248,0.6309,0.0519,0.1521,6722,24.967,636.5,407.1,508.9,22.6,531.5,21.82,24.36,0.97769,3.262,12.83,25.11,14,2
28.338,factory_mission,9x4.5,pi5,13.115,-1.936,-2.601,0.861,0.409,-0.184,0.971,12.87,-1.54,-26.87,0.5854,0.5796,0.1374,0.1894,6838,23.339,595.0,346.6,433.3,22.6,455.9,18.64,24.45,0.97765,3.269,15.02,25.11,14,2
28.386,factory_mission,9x4.5,pi5,13.152,-1.910,-2.607,0.881,0.549,-0.115,1.044,11.90,-2.23,-19.99,0.5525,0.5511,0.2108,0.2269,7018,22.928,584.5,318.3,397.9,22.6,420.5,17.16,24.50,0.97761,3.274,16.31,25.11,14,2
28.438,factory_mission,9x4.5,pi5,13.206,-1.863,-2.611,0.899,0.728,-0.011,1.157,9.82,-3.50,-9.17,0.5276,0.5280,0.2741,0.2707,7232,23.198,591.4,307.6,384.5,22.6,407.1,16.61,24.51,0.97757,3.280,16.86,25.11,14,2
28.486,factory_mission,9x4.5,pi5,13.244,-1.823,-2.609,0.907,0.845,0.057,1.241,8.20,-4.26,-1.68,0.5040,0.5039,0.3309,0.3210,7447,23.782,606.3,306.1,382.6,22.6,405.2,16.53,24.52,0.97753,3.286,16.94,25.11,14,2
28.538,factory_mission,9x4.5,pi5,13.306,-1.748,-2.601,0.915,1.013,0.147,1.373,5.70,-5.06,9.87,0.4513,0.4506,0.4156,0.4043,7672,24.539,625.6,308.3,385.4,22.6,408.0,16.65,24.51,0.97749,3.292,16.81,25.11,14,2
28.586,factory_mission,9x4.5,pi5,13.345,-1.696,-2.592,0.920,1.106,0.187,1.451,4.09,-5.28,17.61,0.3880,0.3884,0.4993,0.4895,7829,25.765,656.8,335.7,419.6,22.6,442.2,18.07,24.47,0.97745,3.298,15.49,25.11,14,2
28.638,factory_mission,9x4.5,pi5,13.399,-1.618,-2.577,0.925,1.223,0.217,1.549,1.92,-5.12,28.93,0.3167,0.3204,0.5817,0.5752,7934,27.680,705.6,396.9,496.1,22.6,518.7,21.28,24.37,0.97740,3.305,13.15,25.11,14,2
28.686,factory_mission,9x4.5,pi5,13.438,-1.558,-2.566,0.929,1.298,0.214,1.611,0.71,-4.74,36.07,0.2570,0.2623,0.6437,0.6394,7964,29.592,754.4,467.8,584.7,22.6,607.3,25.03,24.26,0.97734,3.313,11.18,25.11,14,2
28.738,factory_mission,9x4.5,pi5,13.500,-1.456,-2.550,0.936,1.404,0.168,1.696,-0.70,-3.87,45.82,0.2026,0.2088,0.6881,0.6845,7898,31.018,790.7,530.3,662.9,22.6,685.5,28.37,24.16,0.97728,3.323,9.86,25.10,14,2
28.786,factory_mission,9x4.5,pi5,13.539,-1.391,-2.542,0.940,1.460,0.120,1.741,-1.38,-3.18,51.57,0.1645,0.1716,0.7080,0.7061,7775,31.518,803.5,561.5,701.8,22.6,724.4,30.05,24.11,0.97721,3.333,9.31,25.10,14,2
28.838,factory_mission,9x4.5,pi5,13.593,-1.296,-2.535,0.944,1.527,0.047,1.796,-2.04,-2.12,58.92,0.1386,0.1482,0.7111,0.7109,7624,31.247,796.6,564.4,705.5,22.6,728.1,30.21,24.10,0.97714,3.343,9.26,25.10,14,2
28.886,factory_mission,9x4.5,pi5,13.631,-1.227,-2.534,0.946,1.567,-0.000,1.830,-2.29,-1.44,62.94,0.1292,0.1387,0.7006,0.7005,7481,30.319,772.9,541.9,677.3,22.6,699.9,29.00,24.14,0.97707,3.353,9.65,25.10,14,2
28.938,factory_mission,9x4.5,pi5,13.693,-1.115,-2.535,0.945,1.619,-0.054,1.876,-2.47,-0.55,67.72,0.1337,0.1429,0.6772,0.6793,7351,28.870,736.0,499.6,624.5,22.6,647.1,26.73,24.21,0.97701,3.362,10.46,25.10,14,2
28.986,factory_mission,9x4.5,pi5,13.731,-1.045,-2.538,0.943,1.645,-0.070,1.898,-2.48,-0.05,70.10,0.1522,0.1580,0.6524,0.6536,7289,27.539,702.0,456.8,571.0,22.6,593.6,24.45,24.27,0.97695,3.370,11.44,25.10,14,2
29.038,factory_mission,9x4.5,pi5,13.785,-0.946,-2.543,0.939,1.676,-0.068,1.922,-2.42,0.54,72.59,0.1830,0.1860,0.6214,0.6236,7281,26.265,669.6,412.0,515.0,22.6,537.6,22.08,24.34,0.97690,3.378,12.66,25.10,14,2
29.086,factory_mission,9x4.5,pi5,13.823,-0.876,-2.546,0.934,1.694,-0.050,1.935,-2.34,0.83,73.60,0.2187,0.2181,0.5932,0.5965,7326,25.442,648.6,378.5,473.1,22.6,495.7,20.32,24.40,0.97686,3.384,13.76,25.10,14,2
29.138,factory_mission,9x4.5,pi5,13.883,-0.763,-2.549,0.925,1.719,-0.002,1.952,-2.24,1.15,74.28,0.2609,0.2588,0.5665,0.5683,7428,25.037,638.3,353.8,442.3,22.6,464.9,19.03,24.43,0.97681,3.391,14.70,25.10,14,2
29.186,factory_mission,9x4.5,pi5,13.920,-0.692,-2.549,0.918,1.732,0.034,1.961,-2.21,1.31,74.28,0.3014,0.2996,0.5415,0.5435,7542,24.961,636.3,338.9,423.7,22.6,446.3,18.25,24.46,0.97677,3.397,15.33,25.10,14,2
29.238,factory_mission,9x4.5,pi5,13.971,-0.593,-2.546,0.909,1.748,0.085,1.972,-2.18,1.48,73.73,0.3453,0.3443,0.5148,0.5158,7666,25.101,639.9,330.1,412.7,22.6,435.3,17.79,24.47,0.97673,3.403,15.72,25.10,14,2
29.286,factory_mission,9x4.5,pi5,14.007,-0.523,-2.542,0.903,1.757,0.118,1.979,-2.18,1.56,73.10,0.3845,0.3840,0.4923,0.4932,7789,25.511,650.3,331.0,413.7,22.6,436.3,17.83,24.47,0.97669,3.409,15.68,25.10,14,2
29.338,factory_mission,9x4.5,pi5,14.064,-0.411,-2.532,0.893,1.770,0.161,1.988,-2.19,1.65,71.88,0.4238,0.4237,0.4707,0.4712,7917,26.142,666.4,339.2,424.0,22.6,446.6,18.26,24.46,0.97664,3.415,15.31,25.10,14,2
29.386,factory_mission,9x4.5,pi5,14.100,-0.341,-2.525,0.887,1.776,0.180,1.993,-2.19,1.68,70.98,0.4538,0.4543,0.4525,0.4535,8007,26.687,680.3,348.9,436.1,22.6,458.7,18.77,24.44,0.97660,3.422,14.90,25.10,14,2
29.438,factory_mission,9x4.5,pi5,14.149,-0.244,-2.514,0.879,1.782,0.196,1.997,-2.19,1.70,69.62,0.4810,0.4796,0.4359,0.4370,8076,27.196,693.3,359.8,449.7,22.6,472.3,19.34,24.42,0.97655,3.428,14.46,25.10,14,2
29.486,factory_mission,9x4.5,pi5,14.183,-0.174,-2.505,0.873,1.786,0.200,1.998,-2.18,1.71,68.77,0.5005,0.4964,0.4270,0.4247,8132,27.642,704.7,370.1,462.6,22.6,485.2,19.88,24.41,0.97651,3.435,14.06,25.10,14,2
29.534,factory_mission,9x4.5,pi5,14.238,-0.064,-2.491,0.864,1.790,0.196,1.998,-2.16,1.75,67.66,0.5139,0.5091,0.4205,0.4164,8172,27.992,713.6,378.6,473.2,22.6,495.8,20.33,24.39,0.97647,3.441,13.75,25.10,14,2
29.586,factory_mission,9x4.5,pi5,14.272,0.006,-2.482,0.859,1.792,0.190,1.996,-2.14,1.89,67.05,0.5222,0.5172,0.4169,0.4124,8204,28.261,720.4,385.1,481.3,22.6,503.9,20.67,24.38,0.97642,3.449,13.52,25.10,14,2
29.639,factory_mission,9x4.5,pi5,14.320,0.103,-2.470,0.850,1.792,0.177,1.992,-2.11,2.27,66.38,0.5249,0.5211,0.4149,0.4131,8223,28.413,724.3,388.5,485.6,22.6,508.2,20.85,24.38,0.97637,3.456,13.41,25.10,14,2
29.687,factory_mission,9x4.5,pi5,14.353,0.172,-2.463,0.843,1.790,0.167,1.986,-2.09,2.63,66.11,0.5187,0.5249,0.4135,0.4165,8222,28.391,723.8,387.9,484.8,22.6,507.4,20.82,24.38,0.97632,3.463,13.43,25.10,14,2
29.739,factory_mission,9x4.5,pi5,14.405,0.282,-2.452,0.830,1.782,0.150,1.971,-2.01,3.20,65.95,0.5228,0.5195,0.4176,0.4171,8234,28.462,725.6,389.0,486.3,22.6,508.9,20.88,24.37,0.97627,3.470,13.39,25.10,14,2
29.787,factory_mission,9x4.5,pi5,14.437,0.350,-2.445,0.820,1.775,0.140,1.960,-1.92,3.56,66.00,0.5196,0.5156,0.4226,0.4214,8242,28.483,726.1,388.7,485.9,22.6,508.5,20.86,24.37,0.97622,3.477,13.39,25.10,14,2
29.839,factory_mission,9x4.5,pi5,14.481,0.445,-2.438,0.804,1.761,0.126,1.940,-1.78,4.13,66.31,0.5126,0.5109,0.4284,0.4291,8249,28.477,725.9,387.6,484.5,22.6,507.1,20.80,24.38,0.97617,3.484,13.43,25.10,14,2
29.887,factory_mission,9x4.5,pi5,14.512,0.513,-2.433,0.791,1.749,0.116,1.923,-1.69,4.54,66.65,0.5050,0.5036,0.4368,0.4372,8254,28.464,725.6,386.3,482.9,22.6,505.5,20.74,24.38,0.97613,3.491,13.47,25.10,14,2
29.939,factory_mission,9x4.5,pi5,14.560,0.619,-2.426,0.769,1.725,0.101,1.892,-1.56,5.22,67.32,0.4973,0.4953,0.4458,0.4457,8260,28.459,725.5,385.4,481.7,22.6,504.3,20.69,24.38,0.97608,3.498,13.51,25.10,14,2
29.987,factory_mission,9x4.5,pi5,14.589,0.685,-2.422,0.754,1.708,0.092,1.869,-1.47,5.68,67.84,0.4896,0.4882,0.4536,0.4539,8264,28.461,725.5,384.8,481.0,22.6,503.6,20.66,24.38,0.97603,3.505,13.52,25.10,14,2
30.039,factory_mission,9x4.5,pi5,14.628,0.775,-2.418,0.732,1.680,0.081,1.834,-1.33,6.39,68.71,0.4828,0.4818,0.4606,0.4615,8269,28.477,726.0,384.8,481.0,22.6,503.6,20.66,24.38,0.97598,3.512,13.52,25.10,14,2
30.087,factory_mission,9x4.5,pi5,14.655,0.839,-2.415,0.715,1.657,0.074,1.806,-1.23,6.86,69.33,0.4767,0.4762,0.4670,0.4683,8275,28.505,726.7,385.2,481.5,22.6,504.1,20.68,24.38,0.97593,3.519,13.51,25.10,14,2
30.135,factory_mission,9x4.5,pi5,14.698,0.938,-2.411,0.688,1.616,0.063,1.758,-1.09,7.54,70.27,0.4730,0.4722,0.4715,0.4728,8279,28.537,727.5,385.8,482.2,22.6,504.8,20.71,24.38,0.97589,3.526,13.49,25.10,14,2
30.187,factory_mission,9x4.5,pi5,14.723,0.999,-2.408,0.670,1.589,0.057,1.725,-0.98,7.98,70.89,0.4702,0.4686,0.4763,0.4759,8285,28.577,728.5,386.6,483.3,22.6,505.9,20.75,24.37,0.97584,3.533,13.46,25.10,14,2
30.239,factory_mission,9x4.5,pi5,14.757,1.082,-2.406,0.645,1.548,0.049,1.677,-0.82,8.60,71.81,0.4687,0.4678,0.4773,0.4783,8289,28.607,729.3,387.3,484.1,22.6,506.7,20.79,24.37,0.97579,3.540,13.43,25.10,14,2
30.287,factory_mission,9x4.5,pi5,14.781,1.139,-2.404,0.627,1.516,0.043,1.641,-0.72,8.98,72.39,0.4676,0.4674,0.4786,0.4797,8293,28.637,730.0,387.9,484.9,22.6,507.5,20.82,24.37,0.97574,3.547,13.41,25.10,14,2
30.339,factory_mission,9x4.5,pi5,14.817,1.229,-2.402,0.597,1.463,0.036,1.581,-0.55,9.53,73.24,0.4693,0.4677,0.4787,0.4789,8298,28.666,730.8,388.5,485.6,22.6,508.2,20.85,24.37,0.97569,3.554,13.39,25.10,14,2
30.387,factory_mission,9x4.5,pi5,14.838,1.282,-2.401,0.579,1.429,0.031,1.542,-0.44,9.86,73.78,0.4706,0.4690,0.4775,0.4782,8301,28.686,731.3,388.8,486.1,22.6,508.7,20.87,24.37,0.97565,3.561,13.38,25.10,14,2
30.439,factory_mission,9x4.5,pi5,14.867,1.355,-2.400,0.553,1.379,0.026,1.486,-0.27,10.32,74.55,0.4734,0.4723,0.4747,0.4757,8303,28.701,731.7,389.1,486.4,22.6,509.0,20.89,24.37,0.97560,3.569,13.37,25.10,14,2
30.487,factory_mission,9x4.5,pi5,14.887,1.404,-2.399,0.534,1.342,0.022,1.445,-0.15,10.59,75.06,0.4750,0.4743,0.4735,0.4737,8305,28.714,732.0,389.4,486.7,22.6,509.3,20.90,24.37,0.97555,3.575,13.36,25.10,14,2
30.539,factory_mission,9x4.5,pi5,14.916,1.481,-2.398,0.504,1.283,0.016,1.378,0.02,10.97,75.80,0.4787,0.4775,0.4709,0.4702,8307,28.732,732.5,389.8,487.2,22.6,509.8,20.92,24.37,0.97550,3.583,13.34,25.10,14,2
30.587,factory_mission,9x4.5,pi5,14.934,1.526,-2.398,0.486,1.245,0.013,1.337,0.14,11.19,76.30,0.4816,0.4800,0.4681,0.4681,8309,28.748,732.9,390.2,487.7,22.6,510.3,20.94,24.37,0.97545,3.590,13.33,25.10,14,2
30.639,factory_mission,9x4.5,pi5,14.957,1.587,-2.397,0.461,1.192,0.009,1.278,0.32,11.48,77.06,0.4857,0.4840,0.4644,0.4641,8311,28.764,733.3,390.6,488.2,22.6,510.8,20.97,24.36,0.97540,3.597,13.31,25.10,14,2
30.687,factory_mission,9x4.5,pi5,14.973,1.628,-2.397,0.444,1.154,0.006,1.237,0.44,11.65,77.59,0.4874,0.4862,0.4625,0.4622,8311,28.771,733.5,390.8,488.5,22.6,511.1,20.98,24.36,0.97536,3.604,13.31,25.10,14,2
30.739,factory_mission,9x4.5,pi5,14.997,1.692,-2.396,0.417,1.095,0.002,1.171,0.64,11.87,78.42,0.4907,0.4897,0.4594,0.4588,8313,28.788,733.9,391.3,489.2,22.6,511.8,21.01,24.36,0.97530,3.611,13.29,25.09,14,2
30.787,factory_mission,9x4.5,pi5,15.011,1.729,-2.396,0.401,1.058,-0.000,1.131,0.79,12.00,79.02,0.4935,0.4915,0.4574,0.4564,8313,28.799,734.2,391.7,489.6,22.6,512.2,21.03,24.36,0.97526,3.618,13.27,25.09,14,2
30.839,factory_mission,9x4.5,pi5,15.029,1.779,-2.397,0.378,1.007,-0.004,1.076,1.01,12.15,79.97,0.4976,0.4950,0.4534,0.4527,8313,28.810,734.5,392.2,490.2,22.6,512.8,21.05,24.36,0.97521,3.625,13.26,25.09,14,2
30.887,factory_mission,9x4.5,pi5,15.042,1.813,-2.397,0.363,0.971,-0.006,1.037,1.18,12.23,80.66,0.4641,0.4327,0.4705,0.6006,8564,30.891,787.5,442.6,553.3,22.6,575.9,23.72,24.28,0.97515,3.633,11.77,25.09,14,2
30.939,factory_mission,9x4.5,pi5,15.060,1.865,-2.399,0.339,0.906,-0.068,0.970,0.10,11.44,81.54,0.2124,0.1739,0.7586,0.7769,8396,36.589,932.8,699.9,874.9,22.6,897.5,37.61,23.86,0.97506,3.646,7.42,25.09,14,2
30.987,factory_mission,9x4.5,pi5,15.072,1.895,-2.404,0.339,0.859,-0.180,0.941,-1.92,10.50,81.50,0.0162,0.0000,0.9093,0.8720,7588,43.125,1099.4,1004.7,1255.9,22.6,1278.5,54.76,23.35,0.97494,3.663,5.09,25.09,14,2
31.039,factory_mission,9x4.5,pi5,15.088,1.934,-2.422,0.377,0.787,-0.426,0.971,-5.55,9.17,79.66,0.0000,0.0095,0.8242,0.7705,6888,35.414,902.8,747.7,934.7,22.6,957.3,40.25,23.78,0.97485,3.677,6.93,25.09,14,2
31.087,factory_mission,9x4.5,pi5,15.102,1.960,-2.443,0.426,0.750,-0.543,1.019,-7.98,8.28,77.28,0.0000,0.0305,0.7128,0.7250,6395,29.612,754.9,567.2,709.0,22.6,731.6,30.39,24.08,0.97478,3.687,9.18,25.09,14,2
31.135,factory_mission,9x4.5,pi5,15.130,2.000,-2.484,0.518,0.719,-0.580,1.059,-11.04,7.07,72.31,0.0000,0.0382,0.6966,0.6754,6185,27.354,697.3,502.0,627.5,22.6,650.1,26.88,24.18,0.97472,3.695,10.37,25.09,14,2
31.187,factory_mission,9x4.5,pi5,15.151,2.024,-2.510,0.580,0.706,-0.553,1.068,-12.65,6.19,68.19,0.0022,0.0375,0.6857,0.6691,6486,26.983,687.9,486.1,607.7,22.6,630.3,26.04,24.21,0.97466,3.704,10.71,25.09,14,2
31.239,factory_mission,9x4.5,pi5,15.187,2.058,-2.544,0.668,0.690,-0.489,1.078,-14.47,4.61,60.96,0.1107,0.1322,0.5807,0.5782,6512,22.248,567.2,334.1,417.7,22.6,440.3,18.01,24.45,0.97461,3.711,15.48,25.09,14,2
31.287,factory_mission,9x4.5,pi5,15.216,2.082,-2.564,0.726,0.684,-0.408,1.077,-15.23,3.38,55.60,0.2282,0.2313,0.4986,0.4918,6686,20.153,513.8,253.7,317.1,22.6,339.7,13.83,24.57,0.97458,3.715,20.17,25.09,14,2
31.339,factory_mission,9x4.5,pi5,15.268,2.122,-2.588,0.805,0.683,-0.229,1.080,-15.77,1.34,47.13,0.3556,0.3483,0.4227,0.4200,7037,20.720,528.2,240.5,300.6,22.6,323.2,13.14,24.59,0.97455,3.720,21.21,25.09,14,2
31.387,factory_mission,9x4.5,pi5,15.303,2.147,-2.595,0.851,0.683,-0.119,1.097,-15.83,-0.01,41.38,0.4589,0.4508,0.3619,0.3620,7352,22.694,578.5,277.0,346.3,22.6,368.9,15.03,24.54,0.97452,3.725,18.55,25.09,14,2
31.439,factory_mission,9x4.5,pi5,15.357,2.183,-2.597,0.915,0.675,-0.001,1.137,-15.66,-1.83,32.94,0.5470,0.5415,0.3061,0.3079,7602,25.288,644.7,344.5,430.6,22.6,453.2,18.55,24.43,0.97447,3.731,15.03,25.09,14,2
31.487,factory_mission,9x4.5,pi5,15.398,2.208,-2.594,0.962,0.663,0.050,1.170,-15.41,-2.85,27.61,0.6084,0.6044,0.2647,0.2674,7756,27.574,702.9,413.4,516.7,22.6,539.3,22.18,24.32,0.97442,3.739,12.57,25.09,14,2
31.539,factory_mission,9x4.5,pi5,15.467,2.249,-2.585,1.037,0.631,0.079,1.216,-14.93,-4.02,20.33,0.6495,0.6445,0.2335,0.2354,7821,29.185,744.0,467.8,584.7,22.6,607.3,25.06,24.23,0.97436,3.747,11.12,25.09,14,2
31.587,factory_mission,9x4.5,pi5,15.514,2.273,-2.579,1.080,0.606,0.075,1.240,-14.57,-4.55,16.06,0.6649,0.6626,0.2143,0.2188,7813,29.784,759.3,491.6,614.4,22.6,637.0,26.33,24.19,0.97430,3.756,10.59,25.09,14,2
31.639,factory_mission,9x4.5,pi5,15.581,2.305,-2.571,1.132,0.568,0.057,1.268,-14.05,-4.96,10.63,0.6634,0.6630,0.2084,0.2168,7780,29.636,755.5,489.3,611.6,22.6,634.2,26.21,24.20,0.97424,3.765,10.63,25.09,14,2
31.687,factory_mission,9x4.5,pi5,15.631,2.326,-2.566,1.162,0.542,0.045,1.283,-13.75,-5.00,7.68,0.6539,0.6506,0.2150,0.2244,7752,29.108,742.0,472.0,590.0,22.6,612.6,25.29,24.22,0.97418,3.773,11.02,25.09,14,2
31.739,factory_mission,9x4.5,pi5,15.714,2.358,-2.560,1.196,0.503,0.034,1.298,-13.40,-4.79,4.23,0.6308,0.6296,0.2354,0.2446,7739,28.266,720.6,441.4,551.7,22.6,574.3,23.66,24.27,0.97413,3.782,11.78,25.09,14,2
31.787,factory_mission,9x4.5,pi5,15.766,2.377,-2.556,1.209,0.481,0.036,1.302,-13.25,-4.51,2.53,0.6060,0.6061,0.2617,0.2717,7758,27.573,702.9,413.1,516.4,22.6,539.0,22.16,24.32,0.97408,3.789,12.57,25.09,14,2
31.839,factory_mission,9x4.5,pi5,15.838,2.402,-2.551,1.217,0.453,0.049,1.300,-13.14,-3.95,0.77,0.5754,0.5768,0.2983,0.3075,7803,26.981,687.8,385.4,481.7,22.6,504.3,20.70,24.36,0.97403,3.796,13.46,25.09,14,2
31.887,factory_mission,9x4.5,pi5,15.890,2.418,-2.547,1.216,0.435,0.065,1.294,-13.13,-3.51,0.03,0.5503,0.5516,0.3336,0.3396,7865,26.756,682.1,369.4,461.8,22.6,484.4,19.86,24.39,0.97398,3.802,14.03,25.09,14,2
31.939,factory_mission,9x4.5,pi5,15.971,2.444,-2.540,1.206,0.409,0.095,1.277,-13.17,-2.81,-0.54,0.5272,0.5275,0.3703,0.3766,7961,26.901,685.8,363.1,453.9,22.6,476.5,19.53,24.40,0.97394,3.809,14.26,25.09,14,2
31.987,factory_mission,9x4.5,pi5,16.021,2.460,-2.534,1.195,0.394,0.113,1.263,-13.21,-2.33,-0.66,0.5064,0.5065,0.4023,0.4094,8044,27.160,692.4,362.6,453.2,22.6,475.8,19.50,24.40,0.97389,3.816,14.28,25.09,14,2
32.039,factory_mission,9x4.5,pi5,16.088,2.481,-2.525,1.173,0.371,0.133,1.238,-13.29,-1.62,-0.58,0.4819,0.4833,0.4371,0.4427,8118,27.477,700.5,365.3,456.6,22.6,479.2,19.65,24.39,0.97385,3.823,14.18,25.09,14,2
32.075,factory_mission,9x4.5,pi5,16.116,2.489,-2.521,1.163,0.361,0.139,1.225,-13.31,-1.39,-0.51,0.4694,0.4696,0.4577,0.4627,8170,27.793,708.5,370.9,463.6,22.6,486.2,19.94,24.38,0.97381,3.827,13.97,25.09,14,2
32.103,factory_mission,9x4.5,pi5,16.162,2.503,-2.514,1.143,0.344,0.147,1.203,-13.36,-0.94,-0.33,0.4574,0.4582,0.4734,0.4779,8197,27.982,713.3,374.7,468.4,22.6,491.0,20.14,24.38,0.97379,3.831,13.83,25.09,14,2
32.151,factory_mission,9x4.5,pi5,16.207,2.517,-2.506,1.121,0.326,0.150,1.177,-13.41,-0.53,-0.16,0.4395,0.4400,0.4967,0.5024,8240,28.345,722.6,383.5,479.4,22.6,502.0,20.61,24.36,0.97374,3.838,13.52,25.09,14,2
32.203,factory_mission,9x4.5,pi5,16.268,2.534,-2.496,1.088,0.301,0.148,1.138,-13.46,0.02,0.02,0.4252,0.4258,0.5160,0.5201,8271,28.665,730.8,392.2,490.2,22.6,512.8,21.06,24.35,0.97369,3.845,13.22,25.09,14,2
32.251,factory_mission,9x4.5,pi5,16.309,2.546,-2.489,1.062,0.282,0.143,1.108,-13.48,0.32,0.02,0.4134,0.4141,0.5298,0.5338,8285,28.882,736.3,399.0,498.7,22.6,521.3,21.42,24.34,0.97364,3.852,13.00,25.09,14,2
32.303,factory_mission,9x4.5,pi5,16.372,2.563,-2.478,1.018,0.252,0.131,1.057,-13.50,0.67,-0.20,0.4054,0.4059,0.5382,0.5432,8291,29.018,739.7,403.7,504.6,22.6,527.2,21.67,24.33,0.97359,3.860,12.85,25.09,14,2
32.351,factory_mission,9x4.5,pi5,16.410,2.573,-2.471,0.989,0.234,0.123,1.023,-13.50,0.83,-0.52,0.3993,0.3998,0.5448,0.5491,8292,29.097,741.8,406.8,508.5,22.6,531.1,21.84,24.32,0.97354,3.867,12.75,25.09,14,2
32.403,factory_mission,9x4.5,pi5,16.459,2.586,-2.463,0.947,0.206,0.100,0.974,-13.52,0.94,-1.32,0.4195,0.3969,0.5969,0.7270,9188,36.746,936.8,600.9,751.1,22.6,773.7,32.22,24.01,0.97346,3.878,8.64,25.09,14,2
32.451,factory_mission,9x4.5,pi5,16.493,2.593,-2.460,0.915,0.167,-0.000,0.930,-14.33,0.23,-1.98,0.2456,0.2287,0.7457,0.7987,8748,38.150,972.6,725.3,906.6,22.6,929.2,39.03,23.81,0.97338,3.891,7.13,25.09,14,2
32.503,factory_mission,9x4.5,pi5,16.544,2.602,-2.465,0.882,0.066,-0.206,0.908,-17.04,-2.02,-3.68,0.1086,0.1143,0.8163,0.8214,8175,38.764,988.2,809.6,1012.0,22.6,1034.6,43.72,23.66,0.97327,3.906,6.37,25.09,14,2
32.551,factory_mission,9x4.5,pi5,16.575,2.603,-2.476,0.875,-0.021,-0.329,0.935,-18.87,-3.79,-5.72,0.0584,0.0803,0.8117,0.7523,7603,35.214,897.7,714.9,893.6,22.6,916.2,38.46,23.82,0.97319,3.918,7.24,25.09,14,2
32.603,factory_mission,9x4.5,pi5,16.617,2.598,-2.499,0.875,-0.149,-0.436,0.989,-21.00,-6.79,-10.25,0.0782,0.1064,0.7003,0.6954,7159,29.366,748.6,530.8,663.5,22.6,686.1,28.44,24.12,0.97312,3.928,9.79,25.09,14,2
32.651,factory_mission,9x4.5,pi5,16.647,2.589,-2.519,0.875,-0.229,-0.446,1.009,-21.72,-8.89,-14.19,0.1502,0.1739,0.6137,0.6140,7056,25.195,642.3,393.2,491.5,22.6,514.1,21.12,24.34,0.97307,3.935,13.18,25.09,14,2
32.703,factory_mission,9x4.5,pi5,16.696,2.569,-2.550,0.874,-0.328,-0.360,1.000,-21.71,-12.18,-21.11,0.2579,0.2717,0.5325,0.5218,7172,22.923,584.4,303.8,379.7,22.6,402.3,16.43,24.48,0.97303,3.940,16.93,25.09,14,2
32.751,factory_mission,9x4.5,pi5,16.727,2.553,-2.565,0.871,-0.376,-0.270,0.986,-21.09,-14.42,-26.18,0.3649,0.3724,0.4558,0.4580,7416,23.064,588.0,283.4,354.3,22.6,376.9,15.37,24.51,0.97300,3.945,18.10,25.08,14,2
32.803,factory_mission,9x4.5,pi5,16.770,2.527,-2.579,0.867,-0.440,-0.138,0.982,-19.37,-17.62,-34.19,0.4738,0.4778,0.3929,0.3908,7721,24.969,636.5,318.7,398.3,22.6,420.9,17.21,24.46,0.97296,3.951,16.17,25.08,14,2
32.851,factory_mission,9x4.5,pi5,16.801,2.506,-2.584,0.865,-0.492,-0.061,0.997,-17.85,-19.54,-39.58,0.5554,0.5571,0.3394,0.3377,7918,27.134,691.7,377.6,472.0,22.6,494.6,20.30,24.36,0.97291,3.958,13.71,25.08,14,2
32.903,factory_mission,9x4.5,pi5,16.850,2.467,-2.586,0.864,-0.592,0.018,1.048,-15.24,-21.90,-47.42,0.6193,0.6201,0.2908,0.2894,8026,29.193,744.2,444.9,556.1,22.6,578.7,23.86,24.26,0.97285,3.966,11.66,25.08,14,2
32.951,factory_mission,9x4.5,pi5,16.882,2.440,-2.584,0.865,-0.665,0.040,1.092,-13.41,-23.08,-52.28,0.6568,0.6565,0.2581,0.2564,8056,30.507,777.7,493.1,616.4,22.6,639.0,26.43,24.18,0.97280,3.975,10.53,25.08,14,2
33.003,factory_mission,9x4.5,pi5,16.925,2.396,-2.580,0.867,-0.774,0.047,1.163,-10.76,-24.22,-58.75,0.6758,0.6751,0.2355,0.2342,8030,31.087,792.5,518.9,648.6,22.6,671.2,27.81,24.14,0.97273,3.985,10.00,25.08,14,2
33.051,factory_mission,9x4.5,pi5,16.957,2.361,-2.577,0.869,-0.850,0.044,1.216,-9.18,-24.59,-62.40,0.6768,0.6769,0.2265,0.2294,7990,30.983,789.9,519.2,649.0,22.6,671.6,27.83,24.14,0.97267,3.994,10.00,25.08,14,2
33.103,factory_mission,9x4.5,pi5,17.008,2.298,-2.573,0.872,-0.963,0.037,1.299,-7.21,-24.70,-66.76,0.6651,0.6675,0.2313,0.2374,7960,30.461,776.5,502.0,627.5,22.6,650.1,26.90,24.16,0.97260,4.003,10.34,25.08,14,2
33.151,factory_mission,9x4.5,pi5,17.040,2.255,-2.570,0.873,-1.024,0.036,1.346,-6.20,-24.56,-68.92,0.6463,0.6497,0.2471,0.2550,7948,29.746,758.3,475.5,594.4,22.6,617.0,25.49,24.21,0.97255,4.011,10.91,25.08,14,2
33.203,factory_mission,9x4.5,pi5,17.085,2.192,-2.567,0.873,-1.098,0.043,1.403,-5.16,-24.18,-71.13,0.6209,0.6257,0.2743,0.2820,7966,29.021,739.8,445.3,556.6,22.6,579.2,23.88,24.25,0.97249,4.020,11.65,25.08,14,2
33.251,factory_mission,9x4.5,pi5,17.118,2.144,-2.564,0.873,-1.141,0.053,1.438,-4.75,-23.87,-71.97,0.5959,0.6000,0.3049,0.3140,8009,28.522,727.1,420.6,525.8,22.6,548.4,22.57,24.29,0.97244,4.027,12.32,25.08,14,2
33.303,factory_mission,9x4.5,pi5,17.170,2.064,-2.559,0.872,-1.196,0.078,1.482,-4.47,-23.40,-72.46,0.5670,0.5739,0.3418,0.3490,8070,28.223,719.5,401.1,501.4,22.6,524.0,21.54,24.32,0.97239,4.034,12.91,25.08,14,2
33.351,factory_mission,9x4.5,pi5,17.203,2.013,-2.554,0.870,-1.224,0.095,1.505,-4.47,-23.10,-72.37,0.5444,0.5503,0.3751,0.3829,8146,28.246,720.1,392.2,490.3,22.6,512.9,21.07,24.34,0.97234,4.041,13.19,25.08,14,2
33.403,factory_mission,9x4.5,pi5,17.249,1.941,-2.547,0.868,-1.258,0.118,1.533,-4.63,-22.69,-71.77,0.5211,0.5274,0.4106,0.4178,8234,28.489,726.3,390.2,487.7,22.6,510.3,20.97,24.34,0.97229,4.049,13.26,25.08,14,2
33.451,factory_mission,9x4.5,pi5,17.282,1.889,-2.541,0.867,-1.280,0.132,1.551,-4.83,-22.45,-71.14,0.5014,0.5066,0.4403,0.4473,8301,28.768,733.4,392.1,490.1,22.6,512.7,21.07,24.34,0.97224,4.055,13.19,25.08,14,2
33.503,factory_mission,9x4.5,pi5,17.335,1.804,-2.530,0.865,-1.311,0.146,1.577,-5.21,-22.12,-70.03,0.4820,0.4875,0.4678,0.4741,8359,29.091,741.6,397.2,496.5,22.6,519.1,21.34,24.33,0.97219,4.063,13.03,25.08,14,2
33.551,factory_mission,9x4.5,pi5,17.368,1.750,-2.523,0.864,-1.329,0.151,1.592,-5.49,-21.92,-69.23,0.4671,0.4733,0.4883,0.4948,8403,29.404,749.6,403.7,504.7,22.6,527.3,21.68,24.32,0.97214,4.070,12.82,25.08,14,2
33.603,factory_mission,9x4.5,pi5,17.415,1.675,-2.512,0.863,-1.354,0.151,1.613,-5.90,-21.64,-68.09,0.4556,0.4616,0.5055,0.5108,8439,29.699,757.1,410.7,513.4,22.6,536.0,22.05,24.30,0.97209,4.078,12.60,25.08,14,2
33.651,factory_mission,9x4.5,pi5,17.448,1.620,-2.505,0.862,-1.371,0.148,1.626,-6.16,-21.47,-67.39,0.4482,0.4536,0.5157,0.5212,8458,29.880,761.7,415.4,519.3,22.6,541.9,22.30,24.30,0.97204,4.085,12.46,25.08,14,2
33.703,factory_mission,9x4.5,pi5,17.502,1.532,-2.494,0.860,-1.396,0.139,1.646,-6.48,-21.25,-66.52,0.4436,0.4494,0.5213,0.5278,8470,29.998,764.7,418.6,523.2,22.6,545.8,22.47,24.29,0.97199,4.093,12.37,25.08,14,2
33.751,factory_mission,9x4.5,pi5,17.536,1.477,-2.488,0.859,-1.411,0.133,1.657,-6.65,-21.12,-66.07,0.4425,0.4480,0.5245,0.5291,8477,30.064,766.4,420.2,525.2,22.6,547.8,22.56,24.29,0.97194,4.100,12.32,25.08,14,2
33.803,factory_mission,9x4.5,pi5,17.583,1.398,-2.479,0.858,-1.429,0.123,1.671,-6.83,-20.96,-65.60,0.4441,0.4500,0.5236,0.5282,8484,30.098,767.3,420.7,525.9,22.6,548.5,22.58,24.29,0.97188,4.108,12.30,25.08,14,2
33.847,factory_mission,9x4.5,pi5,17.616,1.342,-2.474,0.856,-1.441,0.115,1.680,-6.91,-20.88,-65.43,0.4474,0.4526,0.5201,0.5263,8486,30.094,767.2,420.2,525.3,22.6,547.9,22.56,24.29,0.97183,4.115,12.32,25.08,14,2
33.899,factory_mission,9x4.5,pi5,17.670,1.252,-2.466,0.854,-1.458,0.103,1.693,-6.97,-20.80,-65.36,0.4523,0.4579,0.5154,0.5210,8486,30.069,766.5,419.1,523.9,22.6,546.5,22.50,24.29,0.97178,4.123,12.35,25.08,14,2
33.947,factory_mission,9x4.5,pi5,17.704,1.196,-2.462,0.852,-1.468,0.095,1.700,-6.97,-20.76,-65.43,0.4580,0.4631,0.5093,0.5160,8486,30.037,765.7,417.9,522.3,22.6,544.9,22.43,24.29,0.97173,4.130,12.38,25.08,14,2
33.999,factory_mission,9x4.5,pi5,17.750,1.116,-2.457,0.848,-1.481,0.085,1.709,-6.93,-20.74,-65.66,0.4641,0.4694,0.5038,0.5089,8485,30.007,765.0,416.7,520.9,22.6,543.5,22.37,24.29,0.97168,4.138,12.42,25.08,14,2
34.047,factory_mission,9x4.5,pi5,17.783,1.059,-2.454,0.845,-1.489,0.079,1.714,-6.88,-20.74,-65.89,0.4692,0.4749,0.4978,0.5041,8484,29.987,764.5,416.0,520.0,22.6,542.6,22.33,24.29,0.97163,4.145,12.44,25.08,14,2
34.099,factory_mission,9x4.5,pi5,17.835,0.967,-2.449,0.840,-1.500,0.069,1.721,-6.79,-20.77,-66.31,0.4746,0.4806,0.4921,0.4985,8484,29.969,764.0,415.4,519.2,22.6,541.8,22.30,24.29,0.97157,4.153,12.45,25.08,14,2
34.147,factory_mission,9x4.5,pi5,17.867,0.910,-2.447,0.837,-1.507,0.064,1.725,-6.72,-20.80,-66.63,0.4791,0.4846,0.4879,0.4941,8483,29.961,763.8,415.1,518.9,22.6,541.5,22.29,24.29,0.97152,4.160,12.46,25.08,14,2
34.199,factory_mission,9x4.5,pi5,17.912,0.829,-2.445,0.831,-1.515,0.056,1.729,-6.60,-20.86,-67.12,0.4834,0.4879,0.4837,0.4903,8482,29.950,763.5,414.8,518.5,22.6,541.1,22.28,24.29,0.97147,4.168,12.47,25.08,14,2
34.247,factory_mission,9x4.5,pi5,17.944,0.771,-2.443,0.828,-1.521,0.052,1.733,-6.53,-20.90,-67.45,0.4855,0.4906,0.4816,0.4874,8481,29.946,763.4,414.7,518.4,22.6,541.0,22.27,24.29,0.97142,4.175,12.47,25.08,14,2
34.299,factory_mission,9x4.5,pi5,17.994,0.678,-2.441,0.821,-1.530,0.045,1.737,-6.42,-20.97,-67.93,0.4877,0.4926,0.4794,0.4855,8481,29.948,763.5,414.8,518.5,22.6,541.1,22.28,24.29,0.97137,4.183,12.47,25.08,14,2
34.347,factory_mission,9x4.5,pi5,18.026,0.620,-2.440,0.817,-1.536,0.041,1.740,-6.35,-21.03,-68.24,0.4886,0.4937,0.4787,0.4843,8482,29.952,763.6,414.9,518.6,22.6,541.2,22.28,24.29,0.97132,4.190,12.46,25.08,14,2
34.399,factory_mission,9x4.5,pi5,18.069,0.537,-2.439,0.811,-1.544,0.037,1.744,-6.27,-21.10,-68.67,0.4890,0.4944,0.4782,0.4840,8483,29.958,763.7,415.0,518.8,22.6,541.4,22.29,24.29,0.97126,4.198,12.46,25.08,14,2
34.447,factory_mission,9x4.5,pi5,18.100,0.478,-2.438,0.807,-1.549,0.034,1.747,-6.22,-21.16,-68.94,0.4890,0.4937,0.4785,0.4845,8483,29.962,763.8,415.1,518.9,22.6,541.5,22.29,24.29,0.97121,4.205,12.45,25.08,14,2
34.499,factory_mission,9x4.5,pi5,18.150,0.382,-2.438,0.800,-1.558,0.029,1.752,-6.16,-21.23,-69.30,0.4885,0.4932,0.4794,0.4845,8483,29.958,763.7,415.0,518.8,22.6,541.4,22.29,24.29,0.97116,4.213,12.46,25.08,14,2
34.547,factory_mission,9x4.5,pi5,18.181,0.322,-2.438,0.796,-1.564,0.026,1.755,-6.13,-21.28,-69.53,0.4870,0.4929,0.4802,0.4856,8483,29.960,763.8,415.0,518.8,22.6,541.4,22.29,24.29,0.97111,4.220,12.45,25.08,14,2
34.599,factory_mission,9x4.5,pi5,18.224,0.237,-2.437,0.791,-1.572,0.023,1.760,-6.10,-21.35,-69.84,0.4858,0.4905,0.4806,0.4859,8473,29.886,761.9,413.5,516.9,22.6,539.5,22.21,24.29,0.97106,4.228,12.50,25.08,14,2
34.647,factory_mission,9x4.5,pi5,18.254,0.177,-2.437,0.786,-1.578,0.021,1.763,-6.08,-21.39,-70.04,0.4844,0.4853,0.4812,0.4835,8442,29.672,756.4,409.0,511.3,22.6,533.9,21.97,24.30,0.97101,4.235,12.63,25.08,14,2
34.695,factory_mission,9x4.5,pi5,18.302,0.079,-2.437,0.779,-1.585,0.023,1.767,-6.06,-21.38,-70.33,0.4817,0.4840,0.4804,0.4830,8423,29.532,752.9,406.2,507.7,22.6,530.3,21.82,24.30,0.97096,4.242,12.72,25.08,14,2
34.747,factory_mission,9x4.5,pi5,18.332,0.017,-2.437,0.774,-1.588,0.025,1.767,-6.05,-21.28,-70.53,0.4801,0.4820,0.4808,0.4827,8410,29.446,750.7,404.4,505.5,22.6,528.1,21.73,24.30,0.97091,4.250,12.77,25.08,14,2
34.795,factory_mission,9x4.5,pi5,18.373,-0.069,-2.436,0.765,-1.590,0.030,1.765,-6.04,-21.00,-70.83,0.4788,0.4815,0.4803,0.4832,8404,29.404,749.6,403.5,504.4,22.6,527.0,21.68,24.31,0.97086,4.257,12.80,25.08,14,2
34.847,factory_mission,9x4.5,pi5,18.402,-0.131,-2.435,0.759,-1.589,0.033,1.762,-6.03,-20.73,-71.05,0.4768,0.4813,0.4803,0.4845,8400,29.377,748.9,403.0,503.7,22.6,526.3,21.65,24.31,0.97081,4.264,12.81,25.08,14,2
34.899,factory_mission,9x4.5,pi5,18.448,-0.229,-2.434,0.746,-1.584,0.038,1.751,-6.01,-20.26,-71.38,0.4764,0.4809,0.4802,0.4847,8398,29.361,748.5,402.6,503.3,22.6,525.9,21.64,24.31,0.97076,4.272,12.82,25.08,14,2
34.947,factory_mission,9x4.5,pi5,18.476,-0.290,-2.433,0.737,-1.577,0.039,1.741,-6.00,-19.91,-71.60,0.4755,0.4804,0.4807,0.4849,8395,29.344,748.1,402.3,502.9,22.6,525.5,21.62,24.31,0.97071,4.279,12.83,25.08,14,2
34.999,factory_mission,9x4.5,pi5,18.515,-0.374,-2.431,0.723,-1.565,0.041,1.724,-5.98,-19.35,-71.95,0.4746,0.4802,0.4802,0.4858,8393,29.327,747.6,401.9,502.4,22.6,525.0,21.60,24.31,0.97066,4.287,12.84,25.08,14,2
35.047,factory_mission,9x4.5,pi5,18.542,-0.435,-2.429,0.712,-1.553,0.041,1.709,-5.96,-18.96,-72.19,0.4733,0.4796,0.4806,0.4865,8390,29.307,747.1,401.6,502.0,22.6,524.6,21.58,24.31,0.97061,4.294,12.85,25.08,14,2
35.099,factory_mission,9x4.5,pi5,18.584,-0.529,-2.427,0.693,-1.529,0.040,1.679,-5.94,-18.38,-72.56,0.4732,0.4786,0.4807,0.4863,8386,29.276,746.3,400.9,501.1,22.6,523.7,21.55,24.31,0.97056,4.301,12.87,25.08,14,2
35.147,factory_mission,9x4.5,pi5,18.610,-0.588,-2.426,0.680,-1.512,0.039,1.658,-5.91,-18.01,-72.81,0.4720,0.4781,0.4808,0.4868,8382,29.248,745.6,400.3,500.4,22.6,523.0,21.52,24.31,0.97051,4.308,12.89,25.08,14,2
35.199,factory_mission,9x4.5,pi5,18.645,-0.668,-2.424,0.660,-1.484,0.037,1.625,-5.88,-17.45,-73.20,0.4706,0.4779,0.4807,0.4871,8376,29.213,744.7,399.7,499.6,22.6,522.2,21.48,24.31,0.97046,4.316,12.91,25.08,14,2
35.247,factory_mission,9x4.5,pi5,18.669,-0.725,-2.422,0.645,-1.463,0.035,1.599,-5.85,-17.10,-73.47,0.4700,0.4762,0.4817,0.4870,8372,29.181,743.9,399.0,498.7,22.6,521.3,21.45,24.31,0.97041,4.323,12.93,25.08,14,2
35.299,factory_mission,9x4.5,pi5,18.706,-0.813,-2.420,0.621,-1.424,0.032,1.554,-5.80,-16.60,-73.89,0.4697,0.4756,0.4809,0.4874,8367,29.145,743.0,398.3,497.8,22.6,520.4,21.41,24.31,0.97036,4.330,12.95,25.08,14,2
35.347,factory_mission,9x4.5,pi5,18.728,-0.866,-2.419,0.605,-1.398,0.029,1.524,-5.76,-16.29,-74.18,0.4686,0.4748,0.4817,0.4873,8363,29.117,742.3,397.7,497.1,22.6,519.7,21.38,24.31,0.97031,4.337,12.97,25.08,14,2
35.399,factory_mission,9x4.5,pi5,18.758,-0.939,-2.417,0.583,-1.359,0.026,1.479,-5.69,-15.86,-74.63,0.4681,0.4741,0.4812,0.4878,8358,29.085,741.5,397.1,496.3,22.6,518.9,21.35,24.31,0.97026,4.345,12.99,25.08,14,2
35.447,factory_mission,9x4.5,pi5,18.779,-0.990,-2.417,0.566,-1.330,0.023,1.446,-5.64,-15.59,-74.94,0.4667,0.4733,0.4822,0.4877,8353,29.056,740.7,396.5,495.6,22.6,518.2,21.32,24.31,0.97021,4.352,13.01,25.08,14,2
35.499,factory_mission,9x4.5,pi5,18.811,-1.069,-2.415,0.540,-1.283,0.019,1.392,-5.57,-15.23,-75.44,0.4666,0.4725,0.4819,0.4873,8348,29.015,739.7,395.6,494.6,22.6,517.2,21.27,24.31,0.97016,4.359,13.03,25.08,14,2
35.547,factory_mission,9x4.5,pi5,18.829,-1.116,-2.415,0.523,-1.252,0.017,1.357,-5.51,-15.01,-75.78,0.4656,0.4717,0.4820,0.4878,8344,28.987,739.0,395.1,493.9,22.6,516.5,21.24,24.31,0.97011,4.366,13.05,25.08,14,2
35.599,factory_mission,9x4.5,pi5,18.855,-1.181,-2.414,0.500,-1.209,0.013,1.308,-5.42,-14.71,-76.32,0.4646,0.4714,0.4822,0.4878,8340,28.961,738.3,394.6,493.2,22.6,515.8,21.22,24.31,0.97006,4.373,13.07,25.08,14,2
35.647,factory_mission,9x4.5,pi5,18.872,-1.225,-2.413,0.484,-1.177,0.011,1.273,-5.35,-14.53,-76.70,0.4640,0.4697,0.4826,0.4890,8337,28.944,737.9,394.3,492.8,22.6,515.4,21.20,24.31,0.97001,4.380,13.08,25.08,14,2
35.699,factory_mission,9x4.5,pi5,18.898,-1.294,-2.412,0.458,-1.126,0.008,1.216,-5.24,-14.30,-77.30,0.4638,0.4697,0.4828,0.4885,8335,28.929,737.5,393.9,492.4,22.6,515.0,21.18,24.31,0.96996,4.388,13.09,25.08,14,2
35.747,factory_mission,9x4.5,pi5,18.914,-1.335,-2.412,0.443,-1.094,0.006,1.181,-5.16,-14.16,-77.72,0.4628,0.4692,0.4839,0.4887,8334,28.924,737.4,393.9,492.3,22.6,514.9,21.18,24.31,0.96992,4.395,13.09,25.07,14,2
35.799,factory_mission,9x4.5,pi5,18.935,-1.391,-2.411,0.424,-1.048,0.003,1.131,-5.03,-13.97,-78.38,0.4626,0.4687,0.4838,0.4897,8335,28.929,737.5,394.0,492.5,22.6,515.1,21.19,24.31,0.96987,4.402,13.08,25.07,14,2
35.847,factory_mission,9x4.5,pi5,18.950,-1.428,-2.410,0.411,-1.015,0.001,1.095,-4.95,-13.87,-78.85,0.4618,0.4670,0.4851,0.4910,8335,28.936,737.7,394.2,492.7,22.6,515.3,21.20,24.31,0.96982,4.409,13.07,25.07,14,2
35.899,factory_mission,9x4.5,pi5,18.971,-1.486,-2.409,0.391,-0.962,-0.003,1.039,-4.82,-13.74,-79.58,0.4615,0.4671,0.4850,0.4912,8335,28.936,737.7,394.2,492.7,22.6,515.3,21.20,24.31,0.96977,4.416,13.07,25.07,14,2
35.947,factory_mission,9x4.5,pi5,18.984,-1.520,-2.408,0.380,-0.930,-0.005,1.004,-4.73,-13.67,-80.10,0.4604,0.4661,0.4864,0.4921,8336,28.941,737.8,394.3,492.9,22.6,515.5,21.21,24.31,0.96972,4.423,13.07,25.07,14,2
35.999,factory_mission,9x4.5,pi5,19.002,-1.565,-2.407,0.365,-0.884,-0.009,0.956,-4.60,-13.60,-80.93,0.4599,0.4651,0.4873,0.4925,8335,28.938,737.7,394.3,492.9,22.6,515.5,21.20,24.31,0.96967,4.431,13.07,25.07,14,2
36.047,factory_mission,9x4.5,pi5,19.014,-1.596,-2.407,0.355,-0.852,-0.011,0.923,-4.51,-13.56,-81.51,0.4583,0.4630,0.4893,0.4941,8334,28.938,737.7,394.4,493.0,22.6,515.6,21.21,24.31,0.96962,4.437,13.06,25.07,14,2
36.099,factory_mission,9x4.5,pi5,19.032,-1.643,-2.406,0.339,-0.802,-0.015,0.871,-4.37,-13.54,-82.44,0.4578,0.4627,0.4896,0.4942,8333,28.930,737.5,394.3,492.8,22.6,515.4,21.20,24.31,0.96957,4.445,13.07,25.07,14,2
36.147,factory_mission,9x4.5,pi5,19.043,-1.671,-2.406,0.330,-0.772,-0.017,0.840,-4.27,-13.54,-83.09,0.4560,0.4611,0.4912,0.4957,8332,28.928,737.5,394.3,492.9,22.6,515.5,21.21,24.31,0.96952,4.452,13.06,25.07,14,2
36.199,factory_mission,9x4.5,pi5,19.058,-1.708,-2.406,0.318,-0.732,-0.026,0.798,-4.06,-13.59,-84.13,0.5152,0.6237,0.4394,0.3934,8577,31.293,797.7,457.5,571.8,22.6,594.4,24.56,24.21,0.96946,4.460,11.28,25.07,14,2
36.247,factory_mission,9x4.5,pi5,19.068,-1.734,-2.407,0.310,-0.714,-0.067,0.781,-2.89,-14.26,-84.67,0.7562,0.7877,0.2037,0.1797,8416,36.868,939.9,709.6,887.0,22.6,909.6,38.22,23.80,0.96938,4.472,7.25,25.07,14,2
36.299,factory_mission,9x4.5,pi5,19.085,-1.775,-2.415,0.326,-0.725,-0.239,0.831,0.23,-15.44,-84.41,0.8812,0.8804,0.0142,0.0069,7892,42.493,1083.3,974.5,1218.1,22.6,1240.7,53.14,23.35,0.96925,4.490,5.21,25.07,14,2
36.347,factory_mission,9x4.5,pi5,19.097,-1.802,-2.428,0.366,-0.756,-0.404,0.932,2.11,-15.93,-83.05,0.8238,0.7636,0.0000,0.0126,6872,35.150,896.1,739.2,924.0,22.6,946.6,39.86,23.75,0.96916,4.503,6.95,25.07,14,2
36.399,factory_mission,9x4.5,pi5,19.117,-1.842,-2.456,0.450,-0.778,-0.548,1.053,4.12,-16.32,-79.17,0.7196,0.7143,0.0000,0.0419,6422,29.535,752.9,563.3,704.2,22.6,726.8,30.24,24.03,0.96909,4.514,9.16,25.07,14,2
36.447,factory_mission,9x4.5,pi5,19.136,-1.872,-2.481,0.517,-0.768,-0.567,1.086,4.81,-16.33,-75.58,0.6784,0.6812,0.0000,0.0658,6240,27.106,691.0,490.9,613.6,22.6,636.2,26.34,24.15,0.96903,4.522,10.51,25.07,14,2
36.499,factory_mission,9x4.5,pi5,19.173,-1.919,-2.520,0.629,-0.723,-0.519,1.090,4.86,-16.13,-68.94,0.6512,0.6364,0.0242,0.1067,6572,25.373,646.8,429.4,536.8,22.6,559.4,23.07,24.25,0.96898,4.530,12.00,25.07,14,2
36.547,factory_mission,9x4.5,pi5,19.200,-1.946,-2.542,0.700,-0.682,-0.464,1.082,4.29,-16.01,-63.80,0.5619,0.5605,0.1268,0.1895,6646,21.984,560.4,316.0,395.0,22.6,417.6,17.10,24.43,0.96894,4.536,16.19,25.07,14,2
36.599,factory_mission,9x4.5,pi5,19.245,-1.982,-2.568,0.788,-0.609,-0.339,1.053,2.51,-15.91,-55.36,0.4822,0.4783,0.2541,0.2819,6855,20.559,524.1,252.3,315.4,22.6,338.0,13.78,24.53,0.96891,4.541,20.08,25.07,14,2
36.647,factory_mission,9x4.5,pi5,19.281,-2.005,-2.580,0.845,-0.552,-0.232,1.036,0.83,-15.84,-49.47,0.4210,0.4170,0.3637,0.3745,7144,21.303,543.1,249.8,312.3,22.6,334.9,13.65,24.53,0.96887,4.545,20.28,25.07,14,2
36.699,factory_mission,9x4.5,pi5,19.344,-2.035,-2.590,0.931,-0.464,-0.074,1.043,-2.05,-15.51,-40.59,0.3662,0.3598,0.4689,0.4717,7472,23.494,598.9,292.8,366.0,22.6,388.6,15.89,24.46,0.96884,4.551,17.42,25.07,14,2
36.747,factory_mission,9x4.5,pi5,19.387,-2.051,-2.591,0.985,-0.417,-0.001,1.070,-4.00,-15.04,-34.87,0.3225,0.3152,0.5438,0.5435,7683,25.680,654.7,349.9,437.4,22.6,460.0,18.87,24.37,0.96879,4.557,14.66,25.07,14,2
36.799,factory_mission,9x4.5,pi5,19.451,-2.069,-2.587,1.059,-0.363,0.058,1.121,-6.73,-13.90,-26.91,0.2809,0.2775,0.6017,0.5997,7810,27.650,704.9,410.2,512.8,22.6,535.4,22.05,24.28,0.96874,4.564,12.55,25.07,14,2
36.847,factory_mission,9x4.5,pi5,19.500,-2.081,-2.582,1.110,-0.334,0.074,1.162,-8.29,-12.89,-22.17,0.2549,0.2527,0.6336,0.6329,7861,28.875,736.1,451.5,564.4,22.6,587.0,24.24,24.21,0.96869,4.572,11.41,25.07,14,2
36.899,factory_mission,9x4.5,pi5,19.581,-2.097,-2.574,1.185,-0.300,0.071,1.224,-10.18,-11.12,-16.09,0.2373,0.2362,0.6510,0.6492,7860,29.455,750.9,473.9,592.4,22.6,615.0,25.44,24.17,0.96863,4.581,10.88,25.07,14,2
36.947,factory_mission,9x4.5,pi5,19.635,-2.106,-2.569,1.224,-0.283,0.060,1.258,-11.13,-9.85,-12.75,0.2320,0.2325,0.6528,0.6500,7837,29.409,749.7,474.6,593.3,22.6,615.9,25.48,24.17,0.96857,4.589,10.86,25.07,14,2
36.999,factory_mission,9x4.5,pi5,19.711,-2.118,-2.563,1.269,-0.262,0.046,1.297,-12.13,-7.96,-8.79,0.2366,0.2401,0.6419,0.6427,7815,28.992,739.1,461.0,576.3,22.6,598.9,24.75,24.19,0.96851,4.598,11.18,25.07,14,2
37.047,factory_mission,9x4.5,pi5,19.767,-2.127,-2.560,1.293,-0.248,0.040,1.317,-12.57,-6.77,-6.81,0.2511,0.2543,0.6245,0.6285,7804,28.411,724.3,439.9,549.9,22.6,572.5,23.63,24.23,0.96846,4.606,11.71,25.07,14,2
37.099,factory_mission,9x4.5,pi5,19.858,-2.140,-2.556,1.317,-0.227,0.038,1.337,-12.98,-5.15,-4.71,0.2738,0.2667,0.6085,0.6229,7853,28.287,721.1,429.7,537.2,22.6,559.8,23.09,24.24,0.96840,4.614,11.98,25.07,14,2
37.147,factory_mission,9x4.5,pi5,19.914,-2.147,-2.553,1.325,-0.213,0.041,1.343,-13.21,-4.24,-3.83,0.2757,0.2738,0.6132,0.6144,7872,28.313,721.8,428.6,535.7,22.6,558.3,23.03,24.24,0.96835,4.621,12.01,25.07,14,2
37.199,factory_mission,9x4.5,pi5,19.993,-2.158,-2.550,1.327,-0.197,0.046,1.342,-13.60,-3.10,-3.24,0.2876,0.2891,0.6012,0.6051,7894,28.107,716.5,418.1,522.7,22.6,545.3,22.48,24.26,0.96830,4.629,12.31,25.07,14,2
37.247,factory_mission,9x4.5,pi5,20.049,-2.165,-2.547,1.323,-0.188,0.051,1.337,-13.83,-2.48,-3.31,0.3095,0.3111,0.5826,0.5869,7920,27.757,707.6,401.5,501.9,22.6,524.5,21.60,24.29,0.96825,4.636,12.81,25.07,14,2
37.299,factory_mission,9x4.5,pi5,20.137,-2.176,-2.543,1.308,-0.174,0.063,1.321,-14.10,-1.74,-4.01,0.3411,0.3422,0.5572,0.5619,7964,27.440,699.5,383.8,479.8,22.6,502.4,20.66,24.31,0.96820,4.643,13.38,25.07,14,2
37.347,factory_mission,9x4.5,pi5,20.190,-2.183,-2.539,1.293,-0.166,0.074,1.306,-14.24,-1.38,-4.80,0.3723,0.3733,0.5327,0.5380,8014,27.315,696.3,372.6,465.7,22.6,488.3,20.07,24.33,0.96815,4.650,13.78,25.07,14,2
37.399,factory_mission,9x4.5,pi5,20.263,-2.192,-2.534,1.268,-0.157,0.091,1.281,-14.40,-0.99,-6.34,0.4063,0.4060,0.5065,0.5136,8073,27.366,697.6,367.0,458.7,22.6,481.3,19.77,24.34,0.96811,4.657,13.98,25.07,14,2
37.447,factory_mission,9x4.5,pi5,20.313,-2.199,-2.530,1.246,-0.151,0.103,1.259,-14.49,-0.81,-7.52,0.4341,0.4342,0.4869,0.4937,8132,27.601,703.6,368.4,460.4,22.6,483.0,19.85,24.34,0.96806,4.663,13.93,25.07,14,2
37.499,factory_mission,9x4.5,pi5,20.391,-2.209,-2.522,1.206,-0.143,0.118,1.220,-14.61,-0.65,-9.40,0.4607,0.4608,0.4692,0.4751,8194,27.951,712.6,374.0,467.6,22.6,490.2,20.15,24.33,0.96801,4.670,13.72,25.07,14,2
37.547,factory_mission,9x4.5,pi5,20.437,-2.216,-2.516,1.178,-0.140,0.123,1.193,-14.68,-0.58,-10.66,0.4787,0.4793,0.4565,0.4630,8236,28.247,720.1,380.1,475.1,22.6,497.7,20.47,24.32,0.96797,4.677,13.51,25.07,14,2
37.599,factory_mission,9x4.5,pi5,20.500,-2.225,-2.508,1.137,-0.136,0.126,1.152,-14.77,-0.53,-12.49,0.4922,0.4933,0.4468,0.4540,8268,28.496,726.4,385.8,482.2,22.6,504.8,20.77,24.31,0.96792,4.684,13.31,25.07,14,2
37.647,factory_mission,9x4.5,pi5,20.542,-2.232,-2.502,1.105,-0.135,0.126,1.120,-14.82,-0.52,-13.62,0.4998,0.4992,0.4437,0.4501,8291,28.679,731.1,389.9,487.4,22.6,510.0,20.99,24.30,0.96787,4.691,13.17,25.07,14,2
37.699,factory_mission,9x4.5,pi5,20.606,-2.243,-2.493,1.052,-0.134,0.121,1.067,-14.86,-0.55,-15.17,0.4558,0.6378,0.3784,0.4270,8314,29.618,755.1,426.7,533.4,22.6,556.0,22.93,24.24,0.96782,4.699,12.05,25.07,14,2
37.747,factory_mission,9x4.5,pi5,20.644,-2.251,-2.488,1.019,-0.137,0.101,1.033,-14.12,-1.54,-15.76,0.6454,0.6691,0.2928,0.2821,8279,31.534,803.9,507.4,634.3,22.6,656.9,27.24,24.11,0.96776,4.708,10.15,25.06,14,2
37.799,factory_mission,9x4.5,pi5,20.694,-2.261,-2.483,0.997,-0.140,0.034,1.007,-11.69,-4.61,-15.59,0.7410,0.7027,0.1975,0.1946,8085,33.274,848.3,599.6,749.5,22.6,772.1,32.22,23.96,0.96768,4.719,8.58,25.06,14,2
37.847,factory_mission,9x4.5,pi5,20.730,-2.269,-2.483,1.006,-0.138,-0.037,1.016,-9.91,-6.60,-14.82,0.7489,0.7001,0.1652,0.1631,7873,32.696,833.5,598.0,747.6,22.6,770.2,32.14,23.96,0.96761,4.729,8.60,25.06,14,2
37.899,factory_mission,9x4.5,pi5,20.789,-2.281,-2.488,1.058,-0.112,-0.132,1.072,-7.64,-8.94,-12.62,0.6855,0.6787,0.1691,0.1699,7604,29.818,760.2,512.9,641.2,22.6,663.8,27.54,24.10,0.96754,4.739,10.03,25.06,14,2
37.947,factory_mission,9x4.5,pi5,20.828,-2.288,-2.494,1.103,-0.081,-0.159,1.118,-6.58,-9.96,-10.48,0.6388,0.6180,0.2020,0.2100,7480,27.199,693.4,427.7,534.6,22.6,557.2,22.99,24.24,0.96749,4.746,12.02,25.06,14,2
37.999,factory_mission,9x4.5,pi5,20.887,-2.294,-2.504,1.173,-0.020,-0.148,1.183,-5.69,-10.80,-6.45,0.5773,0.5558,0.2603,0.2723,7469,25.199,642.4,355.6,444.5,22.6,467.1,19.18,24.35,0.96744,4.753,14.40,25.06,14,2
38.047,factory_mission,9x4.5,pi5,20.932,-2.296,-2.510,1.223,0.031,-0.113,1.229,-5.51,-11.02,-3.34,0.5188,0.5072,0.3261,0.3355,7548,24.446,623.2,319.2,399.1,22.6,421.7,17.28,24.41,0.96741,4.759,15.99,25.06,14,2
38.099,factory_mission,9x4.5,pi5,21.009,-2.293,-2.516,1.301,0.120,-0.038,1.307,-5.76,-10.97,1.68,0.4689,0.4554,0.3994,0.4061,7701,24.768,631.4,313.4,391.8,22.6,414.4,16.97,24.42,0.96736,4.765,16.28,25.06,14,2
38.147,factory_mission,9x4.5,pi5,21.061,-2.288,-2.517,1.350,0.176,0.008,1.361,-6.16,-10.73,5.10,0.4272,0.4162,0.4602,0.4638,7837,25.606,652.8,328.6,410.8,22.6,433.4,17.77,24.39,0.96733,4.770,15.55,25.06,14,2
38.199,factory_mission,9x4.5,pi5,21.138,-2.277,-2.515,1.418,0.252,0.057,1.441,-6.95,-10.15,10.08,0.3891,0.3809,0.5126,0.5157,7949,26.668,679.9,355.6,444.5,22.6,467.1,19.18,24.35,0.96728,4.777,14.40,25.06,14,2
38.247,factory_mission,9x4.5,pi5,21.195,-2.266,-2.512,1.466,0.303,0.079,1.500,-7.51,-9.65,13.19,0.3628,0.3566,0.5490,0.5507,8024,27.596,703.5,382.3,477.9,22.6,500.5,20.59,24.31,0.96723,4.784,13.41,25.06,14,2
38.299,factory_mission,9x4.5,pi5,21.293,-2.243,-2.505,1.543,0.378,0.093,1.591,-8.29,-8.75,17.34,0.3437,0.3380,0.5749,0.5752,8070,28.313,721.8,404.7,505.9,22.6,528.5,21.77,24.27,0.96718,4.791,12.68,25.06,14,2
38.347,factory_mission,9x4.5,pi5,21.356,-2.227,-2.500,1.589,0.421,0.092,1.646,-8.74,-8.11,19.72,0.3341,0.3290,0.5855,0.5869,8084,28.624,729.7,415.3,519.1,22.6,541.7,22.33,24.25,0.96713,4.799,12.36,25.06,14,2
38.399,factory_mission,9x4.5,pi5,21.449,-2.200,-2.494,1.648,0.475,0.086,1.717,-9.26,-7.13,22.65,0.3309,0.3290,0.5870,0.5894,8087,28.684,731.2,417.3,521.6,22.6,544.2,22.44,24.25,0.96708,4.807,12.31,25.06,14,2
38.447,factory_mission,9x4.5,pi5,21.518,-2.179,-2.489,1.686,0.509,0.081,1.764,-9.53,-6.51,24.18,0.3363,0.3350,0.5815,0.5840,8089,28.573,728.4,412.7,515.8,22.6,538.4,22.20,24.26,0.96703,4.814,12.44,25.06,14,2
38.499,factory_mission,9x4.5,pi5,21.630,-2.143,-2.483,1.740,0.559,0.075,1.829,-9.80,-5.64,25.86,0.3480,0.3470,0.5703,0.5727,8093,28.363,723.0,403.8,504.8,22.6,527.4,21.73,24.27,0.96698,4.821,12.71,25.06,14,2
38.547,factory_mission,9x4.5,pi5,21.702,-2.120,-2.480,1.769,0.587,0.072,1.865,-9.92,-5.14,26.62,0.3634,0.3617,0.5557,0.5593,8100,28.148,717.6,394.3,492.9,22.6,515.5,21.23,24.29,0.96693,4.828,13.01,25.06,14,2
38.599,factory_mission,9x4.5,pi5,21.805,-2.085,-2.475,1.804,0.621,0.071,1.909,-10.03,-4.49,27.29,0.3823,0.3786,0.5394,0.5471,8127,28.075,715.7,388.0,484.9,22.6,507.5,20.89,24.30,0.96688,4.836,13.22,25.06,14,2
38.647,factory_mission,9x4.5,pi5,21.879,-2.058,-2.472,1.825,0.643,0.071,1.937,-10.10,-4.12,27.47,0.3960,0.3940,0.5294,0.5325,8143,28.009,714.0,383.2,479.0,22.6,501.6,20.64,24.30,0.96683,4.842,13.38,25.06,14,2
38.699,factory_mission,9x4.5,pi5,21.999,-2.015,-2.468,1.853,0.674,0.073,1.973,-10.25,-3.69,27.42,0.4121,0.4120,0.5150,0.5187,8165,27.991,713.6,379.6,474.5,22.6,497.1,20.45,24.31,0.96678,4.849,13.50,25.06,14,2
38.747,factory_mission,9x4.5,pi5,22.075,-1.987,-2.466,1.868,0.690,0.074,1.993,-10.33,-3.46,27.22,0.4285,0.4284,0.5014,0.5047,8183,27.999,713.8,377.4,471.7,22.6,494.3,20.33,24.31,0.96674,4.856,13.58,25.06,14,2
38.795,factory_mission,9x4.5,pi5,22.182,-1.948,-2.462,1.886,0.709,0.076,2.016,-10.43,-3.20,26.75,0.4446,0.4438,0.4871,0.4923,8201,28.043,714.9,376.7,470.9,22.6,493.5,20.30,24.31,0.96669,4.863,13.60,25.06,14,2
38.847,factory_mission,9x4.5,pi5,22.259,-1.919,-2.460,1.897,0.720,0.076,2.030,-10.47,-3.08,26.36,0.4598,0.4595,0.4743,0.4787,8217,28.113,716.7,377.4,471.7,22.6,494.3,20.33,24.31,0.96664,4.870,13.57,25.06,14,2
38.899,factory_mission,9x4.5,pi5,22.382,-1.873,-2.456,1.911,0.735,0.076,2.049,-10.50,-2.94,25.74,0.4726,0.4722,0.4641,0.4675,8232,28.213,719.2,379.3,474.1,22.6,496.7,20.43,24.31,0.96659,4.877,13.51,25.06,14,2
38.947,factory_mission,9x4.5,pi5,22.458,-1.844,-2.454,1.918,0.743,0.075,2.058,-10.51,-2.87,25.33,0.4820,0.4815,0.4558,0.4602,8243,28.298,721.4,381.2,476.5,22.6,499.1,20.54,24.30,0.96655,4.884,13.44,25.06,14,2
38.999,factory_mission,9x4.5,pi5,22.566,-1.802,-2.451,1.926,0.752,0.072,2.069,-10.50,-2.80,24.78,0.4894,0.4883,0.4499,0.4539,8250,28.368,723.2,383.0,478.7,22.6,501.3,20.63,24.30,0.96650,4.891,13.38,25.06,14,2
39.047,factory_mission,9x4.5,pi5,22.643,-1.773,-2.449,1.931,0.757,0.070,2.075,-10.49,-2.77,24.47,0.4937,0.4925,0.4468,0.4503,8257,28.427,724.7,384.4,480.6,22.6,503.2,20.71,24.30,0.96645,4.898,13.32,25.06,14,2
39.099,factory_mission,9x4.5,pi5,22.767,-1.726,-2.445,1.936,0.765,0.066,2.083,-10.46,-2.72,24.11,0.4957,0.4949,0.4450,0.4495,8264,28.478,726.0,385.6,482.0,22.6,504.6,20.77,24.30,0.96640,4.905,13.28,25.06,14,2
39.147,factory_mission,9x4.5,pi5,22.844,-1.696,-2.443,1.939,0.769,0.063,2.087,-10.44,-2.70,23.95,0.4958,0.4955,0.4455,0.4498,8269,28.513,726.9,386.3,482.9,22.6,505.5,20.81,24.29,0.96636,4.912,13.26,25.06,14,2
39.199,factory_mission,9x4.5,pi5,22.951,-1.654,-2.440,1.942,0.774,0.059,2.091,-10.40,-2.66,23.83,0.4943,0.4944,0.4475,0.4516,8273,28.539,727.5,386.7,483.4,22.6,506.0,20.83,24.29,0.96631,4.919,13.24,25.06,14,2
39.247,factory_mission,9x4.5,pi5,23.028,-1.624,-2.437,1.943,0.777,0.056,2.094,-10.37,-2.63,23.82,0.4935,0.4914,0.4506,0.4533,8277,28.554,727.9,386.9,483.6,22.6,506.2,20.84,24.29,0.96626,4.926,13.24,25.06,14,2
39.299,factory_mission,9x4.5,pi5,23.150,-1.577,-2.434,1.944,0.782,0.050,2.096,-10.32,-2.60,23.90,0.4900,0.4885,0.4537,0.4572,8279,28.557,728.0,386.7,483.4,22.6,506.0,20.83,24.29,0.96621,4.933,13.24,25.06,14,2
39.347,factory_mission,9x4.5,pi5,23.226,-1.548,-2.432,1.945,0.785,0.047,2.098,-10.28,-2.57,24.01,0.4867,0.4855,0.4565,0.4607,8279,28.552,727.9,386.4,483.0,22.6,505.6,20.82,24.29,0.96616,4.940,13.25,25.06,14,2
39.399,factory_mission,9x4.5,pi5,23.333,-1.506,-2.429,1.945,0.789,0.042,2.099,-10.23,-2.53,24.24,0.4831,0.4821,0.4600,0.4643,8280,28.548,727.8,386.2,482.8,22.6,505.4,20.80,24.29,0.96611,4.947,13.26,25.06,14,2
39.447,factory_mission,9x4.5,pi5,23.409,-1.477,-2.428,1.945,0.791,0.038,2.100,-10.19,-2.50,24.43,0.4806,0.4790,0.4631,0.4669,8280,28.546,727.7,386.1,482.6,22.6,505.2,20.80,24.29,0.96607,4.954,13.26,25.06,14,2
39.499,factory_mission,9x4.5,pi5,23.531,-1.430,-2.425,1.945,0.795,0.034,2.102,-10.13,-2.46,24.74,0.4779,0.4760,0.4668,0.4692,8281,28.548,727.8,386.1,482.6,22.6,505.2,20.80,24.29,0.96602,4.961,13.26,25.06,14,2
39.547,factory_mission,9x4.5,pi5,23.607,-1.400,-2.424,1.945,0.798,0.031,2.103,-10.08,-2.44,24.96,0.4750,0.4748,0.4680,0.4721,8281,28.550,727.8,386.1,482.6,22.6,505.2,20.80,24.29,0.96597,4.968,13.26,25.06,14,2
39.599,factory_mission,9x4.5,pi5,23.713,-1.359,-2.422,1.945,0.802,0.027,2.104,-10.00,-2.41,25.30,0.4743,0.4721,0.4698,0.4734,8280,28.540,727.6,385.9,482.3,22.6,504.9,20.79,24.29,0.96592,4.975,13.26,25.06,14,2
39.647,factory_mission,9x4.5,pi5,23.789,-1.329,-2.421,1.945,0.806,0.024,2.105,-9.95,-2.38,25.53,0.4758,0.4694,0.4720,0.4719,8278,28.529,727.3,385.6,482.0,22.6,504.6,20.78,24.29,0.96588,4.982,13.27,25.06,14,2
39.699,factory_mission,9x4.5,pi5,23.911,-1.281,-2.419,1.944,0.811,0.021,2.106,-9.86,-2.24,25.85,0.4760,0.4695,0.4725,0.4712,8279,28.532,727.4,385.7,482.1,22.6,504.7,20.78,24.29,0.96583,4.989,13.27,25.06,14,2
39.747,factory_mission,9x4.5,pi5,23.987,-1.251,-2.418,1.942,0.813,0.018,2.105,-9.80,-2.03,26.05,0.4768,0.4709,0.4715,0.4705,8280,28.540,727.6,385.9,482.3,22.6,504.9,20.79,24.29,0.96578,4.996,13.26,25.05,14,2
39.799,factory_mission,9x4.5,pi5,24.093,-1.208,-2.417,1.937,0.812,0.015,2.100,-9.72,-1.52,26.31,0.4768,0.4738,0.4693,0.4702,8282,28.555,728.0,386.2,482.7,22.6,505.3,20.81,24.29,0.96573,5.003,13.25,25.05,14,2
39.847,factory_mission,9x4.5,pi5,24.169,-1.178,-2.416,1.931,0.808,0.013,2.093,-9.65,-1.08,26.47,0.4779,0.4760,0.4673,0.4695,8284,28.569,728.3,386.5,483.1,22.6,505.7,20.82,24.29,0.96568,5.010,13.24,25.05,14,2
39.899,factory_mission,9x4.5,pi5,24.289,-1.129,-2.415,1.915,0.798,0.009,2.074,-9.54,-0.33,26.70,0.4756,0.4839,0.4640,0.4617,8264,28.437,724.9,383.9,479.9,22.6,502.5,20.69,24.29,0.96563,5.017,13.32,25.05,14,2
39.947,factory_mission,9x4.5,pi5,24.364,-1.099,-2.414,1.901,0.790,0.007,2.058,-9.39,0.19,26.88,0.4897,0.4891,0.4517,0.4557,8267,28.482,726.1,385.2,481.6,22.6,504.2,20.76,24.29,0.96559,5.024,13.28,25.05,14,2
39.999,factory_mission,9x4.5,pi5,24.467,-1.058,-2.414,1.876,0.775,0.004,2.030,-9.04,0.95,27.21,0.4973,0.4952,0.4446,0.4494,8269,28.516,727.0,386.4,483.1,22.6,505.7,20.82,24.29,0.96554,5.031,13.24,25.05,14,2
40.047,factory_mission,9x4.5,pi5,24.540,-1.028,-2.414,1.854,0.764,0.001,2.005,-8.78,1.47,27.49,0.4993,0.4987,0.4423,0.4462,8269,28.528,727.3,386.9,483.7,22.6,506.3,20.85,24.29,0.96549,5.038,13.22,25.05,14,2
40.099,factory_mission,9x4.5,pi5,24.654,-0.982,-2.414,1.814,0.745,-0.003,1.961,-8.42,2.25,28.04,0.4984,0.4974,0.4431,0.4476,8268,28.522,727.1,386.7,483.4,22.6,506.0,20.84,24.29,0.96544,5.045,13.23,25.05,14,2
40.147,factory_mission,9x4.5,pi5,24.723,-0.954,-2.415,1.785,0.731,-0.006,1.929,-8.19,2.78,28.48,0.4962,0.4950,0.4456,0.4496,8268,28.511,726.8,386.3,482.9,22.6,505.5,20.81,24.29,0.96539,5.052,13.24,25.05,14,2
40.199,factory_mission,9x4.5,pi5,24.818,-0.917,-2.416,1.740,0.711,-0.009,1.880,-7.86,3.55,29.26,0.4920,0.4917,0.4489,0.4537,8268,28.492,726.3,385.6,482.0,22.6,504.6,20.78,24.29,0.96534,5.059,13.26,25.05,14,2
40.247,factory_mission,9x4.5,pi5,24.885,-0.890,-2.416,1.706,0.696,-0.011,1.842,-7.65,4.06,29.84,0.4890,0.4885,0.4519,0.4565,8266,28.472,725.8,385.0,481.3,22.6,503.9,20.75,24.29,0.96530,5.066,13.28,25.05,14,2
40.299,factory_mission,9x4.5,pi5,24.987,-0.850,-2.418,1.646,0.669,-0.013,1.777,-7.33,4.78,30.79,0.4846,0.4845,0.4561,0.4603,8265,28.454,725.4,384.4,480.5,22.6,503.1,20.72,24.29,0.96525,5.073,13.30,25.05,14,2
40.347,factory_mission,9x4.5,pi5,25.049,-0.825,-2.419,1.607,0.652,-0.015,1.734,-7.13,5.23,31.47,0.4826,0.4820,0.4582,0.4627,8265,28.447,725.2,384.2,480.2,22.6,502.8,20.70,24.29,0.96520,5.080,13.31,25.05,14,2
40.399,factory_mission,9x4.5,pi5,25.132,-0.792,-2.420,1.550,0.626,-0.016,1.672,-6.81,5.87,32.53,0.4809,0.4796,0.4609,0.4640,8265,28.444,725.1,384.1,480.1,22.6,502.7,20.70,24.29,0.96515,5.087,13.31,25.05,14,2
40.447,factory_mission,9x4.5,pi5,25.190,-0.769,-2.422,1.508,0.608,-0.016,1.626,-6.60,6.26,33.26,0.4806,0.4805,0.4604,0.4642,8266,28.449,725.3,384.2,480.2,22.6,502.8,20.70,24.29,0.96511,5.094,13.30,25.05,14,2
40.495,factory_mission,9x4.5,pi5,25.245,-0.747,-2.423,1.465,0.589,-0.016,1.579,-6.38,6.62,34.02,0.4796,0.4799,0.4616,0.4649,8267,28.455,725.4,384.3,480.3,22.6,502.9,20.71,24.29,0.96506,5.101,13.30,25.05,14,2
40.547,factory_mission,9x4.5,pi5,25.330,-0.713,-2.425,1.396,0.558,-0.016,1.503,-6.05,7.11,35.18,0.4814,0.4813,0.4601,0.4631,8267,28.458,725.5,384.4,480.4,22.6,503.0,20.71,24.29,0.96501,5.108,13.30,25.05,14,2
40.599,factory_mission,9x4.5,pi5,25.400,-0.685,-2.427,1.335,0.530,-0.016,1.436,-5.72,7.54,36.39,0.4832,0.4830,0.4586,0.4612,8266,28.460,725.5,384.5,480.6,22.6,503.2,20.72,24.28,0.96496,5.115,13.29,25.05,14,2
40.647,factory_mission,9x4.5,pi5,25.449,-0.666,-2.429,1.291,0.510,-0.016,1.388,-5.50,7.79,37.22,0.4870,0.4864,0.4547,0.4575,8265,28.461,725.6,384.7,480.8,22.6,503.4,20.73,24.28,0.96491,5.122,13.28,25.05,14,2
40.699,factory_mission,9x4.5,pi5,25.522,-0.638,-2.431,1.222,0.478,-0.016,1.313,-5.15,8.14,38.52,0.4892,0.4880,0.4527,0.4551,8263,28.452,725.3,384.6,480.7,22.6,503.3,20.73,24.28,0.96486,5.129,13.28,25.05,14,2
40.747,factory_mission,9x4.5,pi5,25.566,-0.621,-2.433,1.180,0.458,-0.016,1.266,-4.91,8.34,39.43,0.4931,0.4920,0.4486,0.4509,8262,28.455,725.4,384.9,481.2,22.6,503.8,20.75,24.28,0.96482,5.136,13.27,25.05,14,2
40.799,factory_mission,9x4.5,pi5,25.625,-0.599,-2.435,1.121,0.431,-0.015,1.201,-4.54,8.61,40.88,0.4974,0.4955,0.4440,0.4473,8260,28.460,725.5,385.4,481.7,22.6,504.3,20.77,24.28,0.96477,5.143,13.26,25.05,14,2
40.847,factory_mission,9x4.5,pi5,25.666,-0.584,-2.436,1.080,0.411,-0.015,1.156,-4.28,8.77,41.90,0.5027,0.5017,0.4385,0.4405,8258,28.472,725.8,386.2,482.8,22.6,505.4,20.81,24.28,0.96472,5.150,13.23,25.05,14,2
40.899,factory_mission,9x4.5,pi5,25.727,-0.561,-2.438,1.016,0.381,-0.016,1.086,-3.88,8.98,43.56,0.5058,0.5042,0.4352,0.4374,8254,28.469,725.7,386.5,483.1,22.6,505.7,20.83,24.28,0.96467,5.157,13.22,25.05,14,2
40.947,factory_mission,9x4.5,pi5,25.763,-0.548,-2.440,0.977,0.363,-0.016,1.042,-3.59,9.11,44.75,0.5109,0.5094,0.4299,0.4316,8252,28.485,726.2,387.5,484.4,22.6,507.0,20.88,24.28,0.96463,5.164,13.18,25.05,14,2
40.999,factory_mission,9x4.5,pi5,25.812,-0.531,-2.442,0.923,0.337,-0.026,0.983,-3.17,9.20,46.68,0.4521,0.4633,0.4595,0.6073,8615,31.265,797.0,450.8,563.4,22.6,586.0,24.24,24.18,0.96457,5.172,11.35,25.05,14,2
41.047,factory_mission,9x4.5,pi5,25.845,-0.519,-2.444,0.886,0.314,-0.071,0.942,-3.78,8.08,48.01,0.2847,0.2554,0.6863,0.7126,8459,33.836,862.6,579.2,723.9,22.6,746.5,31.15,23.97,0.96450,5.182,8.84,25.05,14,2
41.099,factory_mission,9x4.5,pi5,25.896,-0.502,-2.454,0.863,0.275,-0.203,0.928,-6.33,4.98,49.36,0.1294,0.1089,0.8063,0.7860,8066,37.117,946.2,753.1,941.4,22.6,964.0,40.71,23.68,0.96440,5.196,6.76,25.05,14,2
41.147,factory_mission,9x4.5,pi5,25.928,-0.493,-2.466,0.882,0.250,-0.320,0.971,-8.31,2.89,49.40,0.0604,0.0418,0.8256,0.7669,7573,36.059,919.3,748.1,935.1,22.6,957.7,40.43,23.69,0.96431,5.209,6.81,25.05,14,2
41.199,factory_mission,9x4.5,pi5,25.976,-0.482,-2.491,0.947,0.222,-0.462,1.077,-10.97,0.03,47.94,0.0504,0.0378,0.7479,0.7315,7113,31.649,806.8,613.5,766.9,22.6,789.5,33.02,23.91,0.96423,5.220,8.33,25.05,14,2
41.247,factory_mission,9x4.5,pi5,26.014,-0.475,-2.513,1.008,0.208,-0.511,1.149,-12.34,-1.67,45.97,0.0845,0.0770,0.6648,0.6625,6827,26.837,684.1,464.9,581.1,22.6,603.7,25.00,24.15,0.96417,5.228,11.01,25.05,14,2
41.299,factory_mission,9x4.5,pi5,26.082,-0.463,-2.551,1.108,0.199,-0.481,1.224,-13.62,-3.89,41.79,0.1562,0.1543,0.5916,0.5702,6768,23.035,587.2,342.3,427.9,22.6,450.5,18.50,24.34,0.96413,5.235,14.87,25.05,14,2
41.347,factory_mission,9x4.5,pi5,26.128,-0.456,-2.572,1.165,0.199,-0.407,1.250,-14.06,-5.24,38.37,0.2438,0.2412,0.5163,0.5101,6909,21.477,547.5,278.5,348.1,22.6,370.7,15.17,24.44,0.96410,5.240,18.14,25.05,14,2
41.399,factory_mission,9x4.5,pi5,26.199,-0.446,-2.595,1.240,0.203,-0.269,1.285,-14.17,-7.07,32.65,0.3407,0.3402,0.4506,0.4462,7149,21.534,549.0,257.3,321.7,22.6,344.3,14.07,24.48,0.96406,5.245,19.56,25.05,14,2
41.447,factory_mission,9x4.5,pi5,26.253,-0.438,-2.606,1.292,0.204,-0.169,1.319,-13.96,-8.18,28.62,0.4266,0.4264,0.3999,0.3967,7410,22.878,583.2,277.2,346.6,22.6,369.2,15.10,24.45,0.96403,5.250,18.21,25.05,14,2
41.499,factory_mission,9x4.5,pi5,26.344,-0.424,-2.613,1.380,0.202,-0.039,1.395,-13.35,-9.64,22.57,0.5075,0.5060,0.3552,0.3517,7667,24.986,637.0,325.7,407.1,22.6,429.7,17.63,24.37,0.96399,5.256,15.60,25.05,14,2
41.547,factory_mission,9x4.5,pi5,26.404,-0.416,-2.613,1.437,0.195,0.016,1.451,-12.81,-10.44,18.70,0.5632,0.5611,0.3198,0.3172,7815,26.723,681.2,374.1,467.7,22.6,490.3,20.18,24.29,0.96394,5.263,13.63,25.05,14,2
41.599,factory_mission,9x4.5,pi5,26.493,-0.404,-2.609,1.521,0.181,0.060,1.532,-11.89,-11.33,13.39,0.6027,0.6013,0.2899,0.2898,7896,28.088,716.1,417.1,521.4,22.6,544.0,22.46,24.22,0.96389,5.270,12.25,25.05,14,2
41.647,factory_mission,9x4.5,pi5,26.560,-0.396,-2.604,1.580,0.168,0.072,1.591,-11.25,-11.71,10.28,0.6225,0.6222,0.2735,0.2742,7928,28.820,734.7,441.8,552.3,22.6,574.9,23.77,24.18,0.96384,5.278,11.57,25.05,14,2
41.699,factory_mission,9x4.5,pi5,26.672,-0.384,-2.596,1.670,0.144,0.074,1.678,-10.37,-11.98,6.40,0.6294,0.6286,0.2662,0.2686,7929,29.034,740.1,449.9,562.4,22.6,585.0,24.20,24.17,0.96378,5.286,11.36,25.05,14,2
41.747,factory_mission,9x4.5,pi5,26.745,-0.377,-2.591,1.722,0.130,0.072,1.728,-9.85,-11.98,4.36,0.6245,0.6241,0.2697,0.2733,7925,28.866,735.9,443.9,554.9,22.6,577.5,23.89,24.18,0.96372,5.294,11.51,25.04,14,2
41.799,factory_mission,9x4.5,pi5,26.851,-0.368,-2.585,1.786,0.113,0.069,1.790,-9.21,-11.78,2.12,0.6109,0.6107,0.2818,0.2881,7924,28.464,725.6,428.4,535.5,22.6,558.1,23.06,24.20,0.96367,5.302,11.92,25.04,14,2
41.847,factory_mission,9x4.5,pi5,26.928,-0.363,-2.580,1.825,0.102,0.070,1.829,-8.89,-11.56,1.15,0.5924,0.5939,0.3008,0.3074,7935,28.039,714.8,410.7,513.3,22.6,535.9,22.12,24.23,0.96362,5.309,12.43,25.04,14,2
41.899,factory_mission,9x4.5,pi5,27.055,-0.354,-2.573,1.879,0.088,0.077,1.882,-8.56,-11.13,0.39,0.5708,0.5715,0.3269,0.3334,7964,27.678,705.6,393.0,491.2,22.6,513.8,21.18,24.26,0.96357,5.317,12.98,25.04,14,2
41.947,factory_mission,9x4.5,pi5,27.136,-0.349,-2.568,1.906,0.082,0.085,1.910,-8.41,-10.79,0.29,0.5489,0.5511,0.3534,0.3600,8004,27.486,700.7,380.6,475.7,22.6,498.3,20.53,24.28,0.96352,5.323,13.39,25.04,14,2
41.999,factory_mission,9x4.5,pi5,27.250,-0.342,-2.561,1.939,0.075,0.099,1.943,-8.32,-10.34,0.59,0.5263,0.5283,0.3829,0.3889,8051,27.421,699.0,372.0,465.0,22.6,487.6,20.07,24.29,0.96347,5.331,13.69,25.04,14,2
42.047,factory_mission,9x4.5,pi5,27.333,-0.337,-2.555,1.959,0.071,0.109,1.963,-8.30,-10.03,1.04,0.5073,0.5090,0.4086,0.4152,8100,27.518,701.5,369.3,461.7,22.6,484.3,19.93,24.30,0.96343,5.337,13.79,25.04,14,2
42.099,factory_mission,9x4.5,pi5,27.467,-0.329,-2.546,1.985,0.067,0.122,1.990,-8.32,-9.59,1.97,0.4896,0.4883,0.4359,0.4379,8143,27.662,705.2,369.4,461.7,22.6,484.3,19.94,24.29,0.96338,5.344,13.79,25.04,14,2
42.147,factory_mission,9x4.5,pi5,27.551,-0.325,-2.540,2.000,0.064,0.128,2.005,-8.35,-9.30,2.68,0.4765,0.4715,0.4560,0.4555,8171,27.802,708.7,371.1,463.9,22.6,486.5,20.03,24.29,0.96334,5.350,13.72,25.04,14,2
42.199,factory_mission,9x4.5,pi5,27.669,-0.318,-2.531,2.016,0.061,0.134,2.022,-8.40,-8.75,3.79,0.4628,0.4604,0.4713,0.4722,8196,27.970,713.0,374.4,468.0,22.6,490.6,20.20,24.29,0.96329,5.358,13.60,25.04,14,2
42.247,factory_mission,9x4.5,pi5,27.754,-0.314,-2.525,2.025,0.060,0.136,2.031,-8.44,-8.28,4.50,0.4546,0.4531,0.4818,0.4828,8217,28.129,717.1,377.9,472.4,22.6,495.0,20.39,24.28,0.96324,5.364,13.48,25.04,14,2
42.299,factory_mission,9x4.5,pi5,27.890,-0.307,-2.515,2.033,0.057,0.135,2.039,-8.46,-7.43,5.47,0.4493,0.4480,0.4898,0.4906,8237,28.280,721.0,381.4,476.7,22.6,499.3,20.57,24.27,0.96319,5.371,13.36,25.04,14,2
42.347,factory_mission,9x4.5,pi5,27.975,-0.303,-2.509,2.034,0.056,0.133,2.039,-8.46,-6.79,6.04,0.4469,0.4462,0.4936,0.4943,8249,28.376,723.4,383.5,479.4,22.6,502.0,20.68,24.27,0.96315,5.378,13.28,25.04,14,2
42.399,factory_mission,9x4.5,pi5,28.094,-0.297,-2.501,2.028,0.053,0.128,2.033,-8.43,-5.77,6.76,0.4463,0.4472,0.4936,0.4966,8259,28.445,725.1,385.0,481.2,22.6,503.8,20.76,24.27,0.96310,5.385,13.23,25.04,14,2
42.447,factory_mission,9x4.5,pi5,28.178,-0.293,-2.496,2.019,0.051,0.123,2.023,-8.39,-5.07,7.16,0.4483,0.4497,0.4919,0.4960,8267,28.493,726.4,385.8,482.2,22.6,504.8,20.80,24.27,0.96305,5.392,13.20,25.04,14,2
42.499,factory_mission,9x4.5,pi5,28.311,-0.286,-2.487,1.996,0.049,0.114,2.000,-8.29,-4.02,7.64,0.4519,0.4528,0.4897,0.4931,8272,28.522,727.1,386.2,482.7,22.6,505.3,20.82,24.26,0.96300,5.399,13.19,25.04,14,2
42.547,factory_mission,9x4.5,pi5,28.393,-0.282,-2.482,1.976,0.047,0.107,1.980,-8.22,-3.33,7.89,0.4561,0.4568,0.4854,0.4898,8275,28.525,727.2,386.0,482.5,22.6,505.1,20.82,24.26,0.96296,5.406,13.19,25.04,14,2
42.599,factory_mission,9x4.5,pi5,28.505,-0.277,-2.476,1.942,0.045,0.097,1.945,-8.09,-2.33,8.19,0.4600,0.4623,0.4805,0.4855,8275,28.521,727.1,385.7,482.1,22.6,504.7,20.80,24.26,0.96291,5.413,13.20,25.04,14,2
42.647,factory_mission,9x4.5,pi5,28.583,-0.273,-2.472,1.914,0.043,0.091,1.917,-8.01,-1.69,8.35,0.4653,0.4665,0.4755,0.4811,8275,28.511,726.8,385.3,481.7,22.6,504.3,20.78,24.26,0.96286,5.420,13.21,25.04,14,2
43.993,factory_mission,9x4.5,pi5,28.705,-0.267,-2.466,1.862,0.040,0.080,1.864,-7.88,-0.79,8.56,0.4696,0.4708,0.4711,0.4765,8274,28.503,726.6,385.1,481.4,22.6,504.0,20.77,24.26,0.96156,5.609,13.20,25.04,14,2
44.041,factory_mission,9x4.5,pi5,28.779,-0.264,-2.462,1.825,0.039,0.074,1.827,-7.79,-0.23,8.69,0.4741,0.4748,0.4675,0.4716,8274,28.499,726.5,385.0,481.3,22.6,503.9,20.78,24.25,0.96152,5.615,13.20,25.04,14,2
44.089,factory_mission,9x4.5,pi5,28.879,-0.259,-2.458,1.770,0.037,0.065,1.771,-7.66,0.56,8.90,0.4775,0.4786,0.4638,0.4681,8274,28.502,726.6,385.2,481.5,22.6,504.1,20.78,24.25,0.96147,5.622,13.19,25.04,14,2
44.141,factory_mission,9x4.5,pi5,28.948,-0.255,-2.455,1.728,0.035,0.060,1.729,-7.58,1.04,9.06,0.4812,0.4830,0.4587,0.4649,8273,28.504,726.6,385.3,481.6,22.6,504.2,20.79,24.25,0.96142,5.629,13.18,25.04,14,2
44.193,factory_mission,9x4.5,pi5,29.053,-0.250,-2.451,1.657,0.033,0.051,1.658,-7.46,1.75,9.37,0.4844,0.4847,0.4569,0.4616,8273,28.504,726.7,385.4,481.8,22.6,504.4,20.80,24.25,0.96137,5.637,13.18,25.04,14,2
44.241,factory_mission,9x4.5,pi5,29.117,-0.247,-2.449,1.611,0.032,0.047,1.612,-7.39,2.12,9.58,0.4867,0.4876,0.4543,0.4589,8273,28.510,726.8,385.7,482.1,22.6,504.7,20.81,24.25,0.96133,5.643,13.17,25.04,14,2
44.293,factory_mission,9x4.5,pi5,29.202,-0.243,-2.446,1.546,0.030,0.041,1.547,-7.28,2.69,9.99,0.4887,0.4898,0.4522,0.4569,8272,28.516,726.9,385.9,482.4,22.6,505.0,20.82,24.25,0.96128,5.651,13.16,25.04,14,2
44.341,factory_mission,9x4.5,pi5,29.260,-0.240,-2.444,1.499,0.029,0.036,1.499,-7.20,3.03,10.32,0.4914,0.4921,0.4496,0.4543,8272,28.521,727.1,386.2,482.7,22.6,505.3,20.84,24.25,0.96123,5.657,13.15,25.04,14,2
44.389,factory_mission,9x4.5,pi5,29.349,-0.235,-2.442,1.423,0.027,0.030,1.423,-7.09,3.51,10.91,0.4922,0.4927,0.4489,0.4532,8270,28.513,726.9,386.1,482.6,22.6,505.2,20.83,24.25,0.96118,5.664,13.15,25.04,14,2
44.441,factory_mission,9x4.5,pi5,29.402,-0.232,-2.441,1.375,0.026,0.026,1.376,-7.01,3.80,11.36,0.4946,0.4947,0.4469,0.4503,8269,28.509,726.8,386.2,482.7,22.6,505.3,20.84,24.25,0.96113,5.671,13.15,25.04,14,2
44.493,factory_mission,9x4.5,pi5,29.473,-0.228,-2.440,1.310,0.024,0.022,1.310,-6.89,4.21,12.14,0.4964,0.4963,0.4443,0.4488,8266,28.499,726.5,386.1,482.6,22.6,505.2,20.84,24.25,0.96108,5.679,13.15,25.04,14,2
44.541,factory_mission,9x4.5,pi5,29.522,-0.225,-2.439,1.263,0.023,0.019,1.264,-6.80,4.46,12.72,0.4998,0.4996,0.4408,0.4448,8263,28.497,726.5,386.4,483.0,22.6,505.6,20.85,24.25,0.96104,5.685,13.14,25.04,14,2
44.593,factory_mission,9x4.5,pi5,29.596,-0.221,-2.439,1.191,0.021,0.014,1.191,-6.66,4.82,13.73,0.4965,0.4970,0.4434,0.4469,8259,28.454,725.4,385.3,481.6,22.6,504.2,20.79,24.25,0.96099,5.693,13.17,25.04,14,2
44.641,factory_mission,9x4.5,pi5,29.640,-0.219,-2.439,1.146,0.020,0.012,1.146,-6.55,5.05,14.47,0.4902,0.4879,0.4508,0.4542,8256,28.409,724.2,383.8,479.7,22.6,502.3,20.71,24.25,0.96094,5.699,13.22,25.04,14,2
44.693,factory_mission,9x4.5,pi5,29.698,-0.216,-2.440,1.081,0.009,-0.066,1.083,-6.36,5.48,15.67,0.8674,0.7579,0.5245,0.4538,10867,51.639,1316.4,1005.0,1256.2,22.6,1278.8,55.08,23.22,0.96081,5.718,4.97,25.04,14,2
44.741,factory_mission,9x4.5,pi5,29.738,-0.214,-2.449,1.014,-0.032,-0.369,1.079,-6.29,7.59,16.59,0.9492,0.8940,0.1713,0.2407,9604,49.685,1266.6,1132.6,1415.7,22.6,1438.3,62.55,22.99,0.96067,5.737,4.38,25.04,14,2
44.793,factory_mission,9x4.5,pi5,29.793,-0.217,-2.490,0.850,-0.124,-0.823,1.190,-7.14,12.70,19.37,0.8879,0.8954,0.0000,0.0723,7798,43.543,1110.0,1008.3,1260.4,22.6,1283.0,55.28,23.21,0.96054,5.756,4.95,25.04,14,2
44.841,factory_mission,9x4.5,pi5,29.822,-0.223,-2.530,0.726,-0.199,-1.014,1.263,-7.68,15.97,22.59,0.7161,0.7919,0.0000,0.0917,6871,32.663,832.7,649.4,811.7,22.6,834.3,35.03,23.82,0.96046,5.767,7.82,25.04,14,2
44.889,factory_mission,9x4.5,pi5,29.853,-0.236,-2.598,0.566,-0.300,-1.092,1.265,-8.00,20.44,29.27,0.7122,0.6878,0.0000,0.0807,6440,28.618,729.5,531.0,663.7,22.6,686.3,28.58,24.01,0.96039,5.776,9.58,25.04,14,2
44.941,factory_mission,9x4.5,pi5,29.870,-0.250,-2.648,0.467,-0.368,-1.057,1.212,-7.59,22.79,34.84,0.6708,0.6814,0.0241,0.0691,6670,27.211,693.7,485.2,606.5,22.6,629.1,26.12,24.08,0.96033,5.785,10.48,25.04,14,2
44.989,factory_mission,9x4.5,pi5,29.887,-0.280,-2.723,0.330,-0.484,-0.941,1.109,-6.01,25.40,44.76,0.6108,0.6282,0.0955,0.1108,6669,24.353,620.8,392.3,490.4,22.6,513.0,21.17,24.23,0.96028,5.792,12.93,25.04,14,2
45.041,factory_mission,9x4.5,pi5,29.894,-0.303,-2.764,0.263,-0.553,-0.835,1.035,-4.36,26.55,52.24,0.5762,0.5766,0.1759,0.1665,6851,23.130,589.6,339.1,423.8,22.6,446.4,18.36,24.32,0.96024,5.798,14.91,25.04,14,2
45.093,factory_mission,9x4.5,pi5,29.899,-0.340,-2.812,0.191,-0.645,-0.664,0.945,-1.02,27.34,64.43,0.5442,0.5493,0.2457,0.2257,7103,23.125,589.5,317.3,396.7,22.6,419.3,17.22,24.35,0.96020,5.804,15.89,25.04,14,2
45.141,factory_mission,9x4.5,pi5,29.900,-0.371,-2.839,0.152,-0.709,-0.543,0.906,1.68,27.31,72.99,0.5294,0.5314,0.2985,0.2816,7378,23.930,610.0,318.8,398.5,22.6,421.1,17.30,24.35,0.96016,5.810,15.82,25.04,14,2
45.193,factory_mission,9x4.5,pi5,29.900,-0.425,-2.869,0.106,-0.816,-0.370,0.902,6.17,26.39,86.15,0.5203,0.5218,0.3469,0.3346,7679,25.259,643.9,334.6,418.2,22.6,440.8,18.12,24.32,0.96012,5.816,15.10,25.04,14,2
45.241,factory_mission,9x4.5,pi5,29.899,-0.464,-2.882,0.085,-0.885,-0.280,0.932,9.24,25.19,94.96,0.5149,0.5157,0.3807,0.3725,7896,26.379,672.5,351.0,438.7,22.6,461.3,18.99,24.30,0.96007,5.822,14.41,25.04,14,2
45.289,factory_mission,9x4.5,pi5,29.898,-0.522,-2.893,0.063,-0.983,-0.180,1.002,13.61,22.52,107.96,0.5131,0.5119,0.4073,0.4003,8073,27.393,698.3,367.9,459.9,22.6,482.5,19.88,24.27,0.96003,5.829,13.76,25.04,14,2
45.341,factory_mission,9x4.5,pi5,29.898,-0.567,-2.898,0.053,-1.053,-0.125,1.062,16.19,20.22,116.38,0.5120,0.5102,0.4279,0.4206,8211,28.236,719.8,383.0,478.8,22.6,501.4,20.68,24.24,0.95998,5.836,13.23,25.04,14,2
45.393,factory_mission,9x4.5,pi5,29.898,-0.645,-2.900,0.042,-1.161,-0.063,1.163,19.35,16.12,128.59,0.5100,0.5083,0.4456,0.4394,8329,28.979,738.8,396.8,496.0,22.6,518.6,21.41,24.22,0.95993,5.844,12.78,25.04,14,2
45.441,factory_mission,9x4.5,pi5,29.899,-0.697,-2.899,0.037,-1.225,-0.038,1.226,20.92,13.06,136.43,0.4783,0.4762,0.4866,0.4806,8396,29.348,748.2,402.4,503.0,22.6,525.6,21.71,24.21,0.95988,5.851,12.60,25.04,14,2
45.489,factory_mission,9x4.5,pi5,29.900,-0.774,-2.897,0.032,-1.309,-0.018,1.310,22.43,8.22,147.75,0.4256,0.4241,0.5439,0.5375,8430,29.881,761.7,419.4,524.3,22.6,546.9,22.61,24.18,0.95983,5.858,12.10,25.04,14,2
45.541,factory_mission,9x4.5,pi5,29.902,-0.831,-2.895,0.030,-1.366,-0.016,1.367,22.88,4.98,154.92,0.3630,0.3627,0.6056,0.5992,8428,30.826,785.8,458.8,573.5,22.6,596.1,24.71,24.12,0.95977,5.867,11.07,25.04,14,2
45.589,factory_mission,9x4.5,pi5,29.903,-0.891,-2.893,0.027,-1.421,-0.024,1.421,22.79,0.38,165.01,0.3064,0.3075,0.6548,0.6492,8383,31.856,812.1,507.3,634.1,22.6,656.7,27.32,24.04,0.95971,5.875,10.01,25.04,14,2
45.641,factory_mission,9x4.5,pi5,29.907,-0.990,-2.892,0.020,-1.504,-0.059,1.505,22.30,-2.38,171.21,0.2559,0.2570,0.6890,0.6852,8270,32.530,829.3,548.8,686.0,22.6,708.6,29.56,23.97,0.95964,5.886,9.25,25.04,14,2
45.693,factory_mission,9x4.5,pi5,29.910,-1.081,-2.894,0.013,-1.571,-0.104,1.575,21.11,-5.93,179.58,0.2186,0.2218,0.7079,0.7030,8141,32.739,834.6,572.1,715.1,22.6,737.7,30.82,23.94,0.95956,5.896,8.87,25.04,14,2
45.741,factory_mission,9x4.5,pi5,29.913,-1.148,-2.898,0.007,-1.614,-0.138,1.620,20.12,-7.87,-175.51,0.1974,0.2046,0.7086,0.7034,8006,32.258,822.3,567.5,709.3,22.6,731.9,30.57,23.94,0.95950,5.906,8.94,25.04,14,2
45.793,factory_mission,9x4.5,pi5,29.916,-1.258,-2.906,-0.001,-1.667,-0.181,1.677,18.52,-10.15,-169.19,0.1879,0.1986,0.6967,0.6935,7871,31.299,797.9,543.8,679.8,22.6,702.4,29.29,23.98,0.95943,5.916,9.33,25.04,14,2
45.841,factory_mission,9x4.5,pi5,29.919,-1.328,-2.913,-0.006,-1.691,-0.198,1.702,17.48,-11.29,-165.70,0.1944,0.2072,0.6775,0.6749,7788,30.196,769.8,509.7,637.1,22.6,659.7,27.45,24.04,0.95937,5.925,9.96,25.04,14,2
45.893,factory_mission,9x4.5,pi5,29.922,-1.426,-2.924,-0.011,-1.710,-0.204,1.723,16.07,-12.57,-161.51,0.2133,0.2278,0.6522,0.6491,7747,29.029,740.0,469.6,586.9,22.6,609.5,25.29,24.10,0.95930,5.934,10.81,25.04,14,2
45.941,factory_mission,9x4.5,pi5,29.925,-1.496,-2.933,-0.013,-1.716,-0.197,1.727,15.28,-13.19,-159.37,0.2405,0.2562,0.6241,0.6220,7748,28.066,715.5,432.8,541.0,22.6,563.6,23.33,24.16,0.95925,5.941,11.72,25.04,14,2
45.993,factory_mission,9x4.5,pi5,29.928,-1.606,-2.945,-0.016,-1.712,-0.166,1.720,14.33,-13.90,-157.03,0.2771,0.2883,0.5940,0.5922,7780,27.305,696.1,400.4,500.5,22.6,523.1,21.61,24.21,0.95920,5.949,12.65,25.04,14,2
46.041,factory_mission,9x4.5,pi5,29.931,-1.674,-2.951,-0.017,-1.703,-0.137,1.709,13.85,-14.27,-155.97,0.3154,0.3215,0.5660,0.5643,7837,26.898,685.7,378.3,472.8,22.6,495.4,20.43,24.24,0.95916,5.955,13.37,25.03,14,2
46.089,factory_mission,9x4.5,pi5,29.933,-1.740,-2.956,-0.019,-1.691,-0.105,1.694,13.27,-14.66,-154.98,0.3521,0.3570,0.5412,0.5389,7916,26.840,684.2,366.4,458.0,22.6,480.6,19.81,24.26,0.95911,5.962,13.80,25.03,14,2
46.141,factory_mission,9x4.5,pi5,29.936,-1.832,-2.960,-0.022,-1.670,-0.057,1.671,12.94,-14.82,-154.62,0.3901,0.3959,0.5147,0.5129,8004,26.991,688.1,361.1,451.4,22.6,474.0,19.53,24.27,0.95906,5.969,13.99,25.03,14,2
46.189,factory_mission,9x4.5,pi5,29.939,-1.933,-2.961,-0.028,-1.644,-0.009,1.644,12.49,-14.93,-154.38,0.4212,0.4271,0.4956,0.4930,8089,27.348,697.2,364.1,455.1,22.6,477.7,19.69,24.27,0.95902,5.975,13.88,25.03,14,2
46.241,factory_mission,9x4.5,pi5,29.941,-1.995,-2.960,-0.033,-1.627,0.015,1.627,12.21,-14.94,-154.35,0.4518,0.4576,0.4764,0.4746,8174,27.825,709.3,371.6,464.6,22.6,487.2,20.09,24.25,0.95897,5.982,13.60,25.03,14,2
46.293,factory_mission,9x4.5,pi5,29.943,-2.080,-2.958,-0.041,-1.602,0.041,1.603,11.78,-14.90,-154.36,0.4749,0.4810,0.4615,0.4588,8231,28.214,719.3,379.4,474.3,22.6,496.9,20.50,24.24,0.95892,5.989,13.33,25.03,14,2
46.341,factory_mission,9x4.5,pi5,29.943,-2.139,-2.955,-0.048,-1.583,0.053,1.585,11.48,-14.84,-154.35,0.4924,0.4983,0.4500,0.4472,8273,28.544,727.7,386.9,483.6,22.6,506.2,20.89,24.23,0.95888,5.996,13.07,25.03,14,2
46.393,factory_mission,9x4.5,pi5,29.943,-2.232,-2.950,-0.060,-1.552,0.065,1.555,11.00,-14.75,-154.25,0.5041,0.5101,0.4425,0.4402,8306,28.818,734.7,393.4,491.8,22.6,514.4,21.24,24.22,0.95882,6.003,12.86,25.03,14,2
46.441,factory_mission,9x4.5,pi5,29.943,-2.289,-2.946,-0.068,-1.531,0.068,1.534,10.67,-14.68,-154.09,0.5107,0.5177,0.4379,0.4356,8324,28.980,738.8,397.5,496.9,22.6,519.5,21.46,24.21,0.95878,6.010,12.73,25.03,14,2
46.493,factory_mission,9x4.5,pi5,29.941,-2.367,-2.941,-0.080,-1.501,0.068,1.504,10.13,-14.59,-153.68,0.5137,0.5205,0.4370,0.4338,8335,29.070,741.1,399.6,499.6,22.6,522.2,21.57,24.21,0.95873,6.018,12.66,25.03,14,2
46.541,factory_mission,9x4.5,pi5,29.939,-2.421,-2.938,-0.089,-1.477,0.068,1.481,9.75,-14.54,-153.28,0.5140,0.5216,0.4364,0.4351,8343,29.125,742.5,400.8,501.0,22.6,523.6,21.63,24.20,0.95868,6.025,12.63,25.03,14,2
46.589,factory_mission,9x4.5,pi5,29.935,-2.506,-2.933,-0.101,-1.436,0.064,1.441,9.16,-14.47,-152.49,0.5108,0.5185,0.4401,0.4387,8347,29.130,742.6,400.4,500.5,22.6,523.1,21.61,24.20,0.95863,6.032,12.64,25.03,14,2
46.641,factory_mission,9x4.5,pi5,29.931,-2.557,-2.930,-0.109,-1.410,0.061,1.415,8.75,-14.44,-151.85,0.5074,0.5138,0.4447,0.4424,8347,29.107,742.0,399.4,499.3,22.6,521.9,21.56,24.21,0.95858,6.039,12.67,25.03,14,2
46.689,factory_mission,9x4.5,pi5,29.926,-2.627,-2.927,-0.119,-1.370,0.056,1.377,8.14,-14.39,-150.74,0.5015,0.5087,0.4496,0.4479,8346,29.067,741.0,398.0,497.5,22.6,520.1,21.49,24.21,0.95853,6.046,12.71,25.03,14,2
46.741,factory_mission,9x4.5,pi5,29.921,-2.676,-2.925,-0.126,-1.341,0.053,1.348,7.73,-14.37,-149.91,0.4959,0.5041,0.4543,0.4530,8344,29.030,740.1,396.8,496.0,22.6,518.6,21.42,24.21,0.95848,6.054,12.75,25.03,14,2
46.793,factory_mission,9x4.5,pi5,29.912,-2.751,-2.922,-0.137,-1.292,0.047,1.300,7.12,-14.34,-148.58,0.4901,0.4965,0.4609,0.4591,8341,28.991,739.1,395.5,494.4,22.6,517.0,21.36,24.21,0.95843,6.061,12.79,25.03,14,2
46.841,factory_mission,9x4.5,pi5,29.906,-2.796,-2.921,-0.143,-1.261,0.044,1.270,6.72,-14.32,-147.64,0.4851,0.4920,0.4646,0.4645,8340,28.970,738.5,394.9,493.6,22.6,516.2,21.32,24.21,0.95838,6.068,12.81,25.03,14,2
46.893,factory_mission,9x4.5,pi5,29.896,-2.858,-2.919,-0.150,-1.217,0.039,1.227,6.15,-14.28,-146.19,0.4795,0.4876,0.4695,0.4693,8339,28.952,738.1,394.3,492.9,22.6,515.5,21.29,24.21,0.95833,6.076,12.82,25.03,14,2
46.941,factory_mission,9x4.5,pi5,29.889,-2.901,-2.917,-0.155,-1.185,0.036,1.196,5.79,-14.26,-145.21,0.4772,0.4841,0.4726,0.4716,8338,28.943,737.8,394.1,492.6,22.6,515.2,21.28,24.21,0.95828,6.082,12.83,25.03,14,2
46.993,factory_mission,9x4.5,pi5,29.877,-2.967,-2.915,-0.162,-1.134,0.032,1.146,5.27,-14.22,-143.74,0.4732,0.4804,0.4756,0.4762,8337,28.937,737.7,393.9,492.4,22.6,515.0,21.27,24.21,0.95823,6.090,12.83,25.03,14,2
47.041,factory_mission,9x4.5,pi5,29.869,-3.007,-2.914,-0.166,-1.102,0.029,1.115,4.94,-14.19,-142.76,0.4719,0.4783,0.4772,0.4779,8336,28.931,737.5,393.8,492.3,22.6,514.9,21.27,24.21,0.95818,6.097,12.83,25.03,14,2
47.093,factory_mission,9x4.5,pi5,29.857,-3.061,-2.912,-0.171,-1.058,0.026,1.072,4.48,-14.14,-141.32,0.4694,0.4775,0.4786,0.4796,8336,28.933,737.6,393.9,492.4,22.6,515.0,21.27,24.21,0.95813,6.104,12.83,25.03,14,2
47.141,factory_mission,9x4.5,pi5,29.848,-3.098,-2.911,-0.174,-1.026,0.023,1.041,4.18,-14.10,-140.38,0.4701,0.4774,0.4789,0.4790,8337,28.936,737.7,393.9,492.4,22.6,515.0,21.27,24.21,0.95808,6.111,12.83,25.03,14,2
47.189,factory_mission,9x4.5,pi5,29.834,-3.154,-2.909,-0.177,-0.976,0.020,0.993,3.77,-14.04,-139.01,0.4696,0.4763,0.4796,0.4803,8338,28.945,737.9,394.1,492.7,22.6,515.3,21.28,24.21,0.95804,6.118,12.82,25.03,14,2
47.241,factory_mission,9x4.5,pi5,29.825,-3.188,-2.908,-0.179,-0.946,0.017,0.963,3.52,-14.01,-138.12,0.4707,0.4768,0.4791,0.4794,8339,28.952,738.1,394.3,492.8,22.6,515.4,21.29,24.21,0.95799,6.125,12.82,25.03,14,2
47.293,factory_mission,9x4.5,pi5,29.812,-3.234,-2.907,-0.181,-0.903,0.013,0.922,3.16,-13.95,-136.81,0.4708,0.4777,0.4780,0.4794,8339,28.947,738.0,394.2,492.7,22.6,515.3,21.29,24.21,0.95793,6.133,12.82,25.03,14,2
47.341,factory_mission,9x4.5,pi5,29.802,-3.265,-2.906,-0.183,-0.874,0.011,0.893,2.93,-13.91,-135.97,0.4723,0.4792,0.4764,0.4776,8337,28.938,737.7,394.0,492.5,22.6,515.1,21.28,24.21,0.95789,6.140,12.82,25.03,14,2
47.393,factory_mission,9x4.5,pi5,29.787,-3.313,-2.906,-0.184,-0.828,0.007,0.848,2.61,-13.86,-134.72,0.4728,0.4791,0.4756,0.4773,8335,28.922,737.3,393.6,492.0,22.6,514.6,21.26,24.21,0.95784,6.147,12.83,25.03,14,2
47.441,factory_mission,9x4.5,pi5,29.777,-3.341,-2.906,-0.184,-0.800,0.004,0.821,2.41,-13.83,-133.90,0.4740,0.4800,0.4736,0.4764,8332,28.904,736.8,393.3,491.6,22.6,514.2,21.24,24.21,0.95779,6.154,12.84,25.03,14,2
47.493,factory_mission,9x4.5,pi5,29.764,-3.380,-2.906,-0.183,-0.762,0.001,0.784,2.12,-13.78,-132.69,0.4749,0.4804,0.4729,0.4753,8330,28.889,736.5,393.0,491.2,22.6,513.8,21.22,24.21,0.95774,6.161,12.85,25.03,14,2
47.541,factory_mission,9x4.5,pi5,29.755,-3.407,-2.906,-0.182,-0.736,-0.001,0.759,1.93,-13.74,-131.89,0.4764,0.4817,0.4714,0.4734,8328,28.877,736.1,392.7,490.9,22.6,513.5,21.21,24.21,0.95769,6.168,12.86,25.03,14,2
47.593,factory_mission,9x4.5,pi5,29.741,-3.448,-2.906,-0.180,-0.696,-0.004,0.719,1.65,-13.70,-130.69,0.4757,0.4819,0.4708,0.4736,8325,28.853,735.6,392.3,490.3,22.6,512.9,21.19,24.21,0.95764,6.176,12.87,25.03,14,2
47.641,factory_mission,9x4.5,pi5,29.732,-3.473,-2.907,-0.179,-0.672,-0.006,0.695,1.46,-13.67,-129.89,0.4767,0.4823,0.4700,0.4726,8323,28.841,735.2,392.0,490.0,22.6,512.6,21.18,24.21,0.95759,6.182,12.88,25.03,14,2
47.693,factory_mission,9x4.5,pi5,29.720,-3.506,-2.908,-0.178,-0.642,-0.021,0.667,1.27,-13.56,-128.70,0.5022,0.5150,0.6050,0.4169,8821,32.784,835.8,483.5,604.3,22.6,626.9,26.05,24.06,0.95753,6.192,10.47,25.03,14,2
47.741,factory_mission,9x4.5,pi5,29.711,-3.530,-2.910,-0.179,-0.630,-0.076,0.660,2.63,-12.22,-127.90,0.4801,0.4899,0.5065,0.5090,8627,30.998,790.2,437.0,546.3,22.6,568.9,23.57,24.14,0.95748,6.199,11.57,25.03,14,2
47.793,factory_mission,9x4.5,pi5,29.698,-3.568,-2.918,-0.130,-0.605,-0.142,0.635,6.76,-8.44,-126.56,0.4599,0.4654,0.4737,0.5236,8400,29.427,750.2,405.2,506.5,22.6,529.1,21.87,24.19,0.95742,6.207,12.47,25.03,14,2
47.841,factory_mission,9x4.5,pi5,29.693,-3.591,-2.925,-0.062,-0.583,-0.158,0.607,9.68,-5.90,-125.58,0.4512,0.4580,0.4661,0.5077,8256,28.420,724.5,384.3,480.4,22.6,503.0,20.77,24.22,0.95738,6.213,13.13,25.03,14,2
47.893,factory_mission,9x4.5,pi5,29.692,-3.622,-2.935,0.071,-0.545,-0.154,0.571,13.36,-2.91,-124.15,0.4526,0.4584,0.4528,0.4966,8174,27.843,709.8,372.4,465.5,22.6,488.1,20.14,24.24,0.95733,6.221,13.54,25.03,14,2
47.941,factory_mission,9x4.5,pi5,29.697,-3.644,-2.942,0.185,-0.515,-0.138,0.564,15.22,-1.53,-123.30,0.4599,0.4660,0.4443,0.4813,8142,27.613,703.9,367.5,459.4,22.6,482.0,19.88,24.25,0.95729,6.227,13.71,25.03,14,2
47.993,factory_mission,9x4.5,pi5,29.717,-3.675,-2.952,0.385,-0.464,-0.101,0.611,17.15,-0.27,-122.21,0.4704,0.4742,0.4392,0.4685,8145,27.633,704.4,367.9,459.9,22.6,482.5,19.90,24.24,0.95724,6.234,13.70,25.03,14,2
48.041,factory_mission,9x4.5,pi5,29.737,-3.693,-2.957,0.516,-0.432,-0.075,0.678,17.94,0.12,-121.60,0.4806,0.4840,0.4346,0.4590,8166,27.794,708.6,371.5,464.4,22.6,487.0,20.09,24.24,0.95719,6.240,13.57,25.02,14,2
48.093,factory_mission,9x4.5,pi5,29.777,-3.717,-2.961,0.701,-0.390,-0.041,0.803,18.53,0.20,-120.80,0.4891,0.4925,0.4346,0.4499,8195,28.011,714.1,376.3,470.3,22.6,492.9,20.34,24.23,0.95714,6.248,13.40,25.02,14,2
48.141,factory_mission,9x4.5,pi5,29.812,-3.732,-2.964,0.830,-0.363,-0.020,0.906,18.61,-0.00,-120.29,0.4965,0.4991,0.4346,0.4445,8226,28.244,720.0,381.4,476.7,22.6,499.3,20.62,24.22,0.95710,6.254,13.22,25.02,14,2
48.193,factory_mission,9x4.5,pi5,29.882,-3.755,-2.965,1.028,-0.322,0.008,1.077,18.38,-0.58,-119.51,0.5002,0.5021,0.4362,0.4451,8259,28.475,725.9,386.2,482.7,22.6,505.3,20.87,24.21,0.95705,6.261,13.06,25.02,14,2
48.241,factory_mission,9x4.5,pi5,29.932,-3.768,-2.965,1.144,-0.300,0.022,1.183,18.05,-1.09,-118.95,0.5013,0.5044,0.4393,0.4456,8283,28.644,730.2,389.6,487.0,22.6,509.6,21.05,24.21,0.95700,6.268,12.95,25.02,14,2
48.293,factory_mission,9x4.5,pi5,30.010,-3.784,-2.964,1.295,-0.272,0.035,1.324,17.38,-1.98,-118.01,0.5005,0.5030,0.4458,0.4467,8303,28.767,733.4,391.8,489.8,22.6,512.4,21.17,24.20,0.95695,6.276,12.87,25.02,14,2
48.341,factory_mission,9x4.5,pi5,30.071,-3.796,-2.963,1.394,-0.255,0.042,1.417,16.84,-2.61,-117.32,0.4988,0.5019,0.4503,0.4492,8318,28.860,735.7,393.5,491.9,22.6,514.5,21.26,24.20,0.95690,6.283,12.82,25.02,14,2
48.393,factory_mission,9x4.5,pi5,30.177,-3.812,-2.960,1.535,-0.231,0.047,1.553,15.95,-3.58,-116.17,0.4943,0.4974,0.4565,0.4551,8329,28.917,737.2,394.2,492.8,22.6,515.4,21.30,24.20,0.95685,6.290,12.79,25.02,14,2
48.441,factory_mission,9x4.5,pi5,30.247,-3.822,-2.958,1.612,-0.219,0.047,1.628,15.33,-4.22,-115.33,0.4905,0.4934,0.4615,0.4591,8334,28.933,737.6,394.3,492.9,22.6,515.5,21.30,24.20,0.95680,6.297,12.79,25.02,14,2
48.493,factory_mission,9x4.5,pi5,30.349,-3.836,-2.956,1.708,-0.204,0.046,1.721,14.38,-5.12,-114.00,0.4850,0.4884,0.4669,0.4642,8334,28.924,737.4,393.9,492.3,22.6,514.9,21.28,24.20,0.95675,6.304,12.80,25.02,14,2
48.541,factory_mission,9x4.5,pi5,30.424,-3.846,-2.954,1.768,-0.194,0.044,1.779,13.75,-5.68,-113.06,0.4811,0.4850,0.4706,0.4675,8333,28.912,737.1,393.5,491.9,22.6,514.5,21.26,24.20,0.95671,6.311,12.81,25.02,14,2
48.593,factory_mission,9x4.5,pi5,30.548,-3.861,-2.952,1.849,-0.182,0.040,1.859,12.85,-6.44,-111.61,0.4760,0.4801,0.4755,0.4720,8331,28.892,736.5,393.0,491.3,22.6,513.9,21.24,24.20,0.95665,6.319,12.83,25.02,14,2
48.641,factory_mission,9x4.5,pi5,30.628,-3.870,-2.951,1.892,-0.175,0.038,1.900,12.27,-6.89,-110.63,0.4726,0.4775,0.4787,0.4741,8328,28.876,736.1,392.7,490.9,22.6,513.5,21.22,24.20,0.95661,6.325,12.84,25.02,14,2
48.693,factory_mission,9x4.5,pi5,30.740,-3.883,-2.949,1.942,-0.167,0.034,1.950,11.46,-7.48,-109.16,0.4697,0.4744,0.4809,0.4772,8326,28.857,735.7,392.3,490.4,22.6,513.0,21.20,24.20,0.95656,6.333,12.85,25.02,14,2
48.741,factory_mission,9x4.5,pi5,30.822,-3.892,-2.948,1.973,-0.161,0.031,1.979,10.96,-7.83,-108.18,0.4684,0.4737,0.4815,0.4778,8322,28.837,735.1,391.9,489.9,22.6,512.5,21.18,24.20,0.95651,6.340,12.86,25.02,14,2
48.793,factory_mission,9x4.5,pi5,30.952,-3.907,-2.947,2.012,-0.154,0.026,2.018,10.28,-8.27,-106.74,0.4662,0.4720,0.4832,0.4791,8319,28.815,734.6,391.5,489.4,22.6,512.0,21.16,24.20,0.95646,6.347,12.87,25.02,14,2
48.841,factory_mission,9x4.5,pi5,31.035,-3.915,-2.947,2.032,-0.150,0.024,2.038,9.87,-8.53,-105.81,0.4662,0.4717,0.4819,0.4799,8316,28.795,734.1,391.1,488.9,22.6,511.5,21.14,24.20,0.95641,6.354,12.88,25.02,14,2
48.893,factory_mission,9x4.5,pi5,31.150,-3.928,-2.946,2.055,-0.144,0.020,2.060,9.31,-8.85,-104.45,0.4664,0.4713,0.4818,0.4793,8313,28.773,733.5,390.6,488.3,22.6,510.9,21.11,24.20,0.95636,6.361,12.90,25.02,14,2
48.941,factory_mission,9x4.5,pi5,31.232,-3.936,-2.946,2.068,-0.140,0.017,2.073,8.98,-9.03,-103.56,0.4675,0.4728,0.4800,0.4776,8310,28.749,732.9,390.1,487.7,22.6,510.3,21.09,24.20,0.95631,6.368,12.91,25.02,14,2
48.993,factory_mission,9x4.5,pi5,31.364,-3.950,-2.945,2.085,-0.134,0.014,2.089,8.54,-9.27,-102.28,0.4679,0.4727,0.4793,0.4768,8306,28.719,732.1,389.5,486.9,22.6,509.5,21.05,24.20,0.95626,6.375,12.93,25.02,14,2
49.041,factory_mission,9x4.5,pi5,31.447,-3.959,-2.945,2.091,-0.131,0.012,2.095,8.28,-9.40,-101.45,0.4695,0.4738,0.4771,0.4756,8303,28.701,731.7,389.1,486.4,22.6,509.0,21.03,24.20,0.95622,6.382,12.94,25.02,14,2
49.093,factory_mission,9x4.5,pi5,31.561,-3.970,-2.946,2.094,-0.128,0.009,2.098,7.93,-9.57,-100.22,0.4698,0.4754,0.4761,0.4741,8301,28.686,731.3,388.8,486.0,22.6,508.6,21.02,24.20,0.95617,6.390,12.95,25.02,14,2
49.141,factory_mission,9x4.5,pi5,31.643,-3.978,-2.946,2.093,-0.125,0.007,2.096,7.74,-9.67,-99.42,0.4719,0.4771,0.4734,0.4724,8298,28.668,730.8,388.5,485.6,22.6,508.2,21.00,24.20,0.95612,6.396,12.96,25.02,14,2
49.193,factory_mission,9x4.5,pi5,31.772,-3.991,-2.947,2.087,-0.123,0.005,2.091,7.49,-9.79,-98.23,0.4720,0.4775,0.4732,0.4712,8295,28.648,730.3,388.1,485.1,22.6,507.7,20.98,24.20,0.95607,6.404,12.98,25.02,14,2
49.241,factory_mission,9x4.5,pi5,31.853,-3.998,-2.947,2.081,-0.122,0.003,2.084,7.37,-9.86,-97.44,0.4734,0.4785,0.4715,0.4701,8294,28.641,730.1,387.9,484.9,22.6,507.5,20.97,24.20,0.95602,6.410,12.98,25.02,14,2
49.293,factory_mission,9x4.5,pi5,31.963,-4.009,-2.948,2.070,-0.120,0.002,2.074,7.22,-9.94,-96.26,0.4739,0.4793,0.4712,0.4691,8294,28.638,730.1,387.9,484.8,22.6,507.4,20.97,24.20,0.95597,6.418,12.98,25.02,14,2
49.341,factory_mission,9x4.5,pi5,32.042,-4.016,-2.949,2.061,-0.120,0.001,2.065,7.14,-9.98,-95.48,0.4752,0.4806,0.4694,0.4679,8293,28.630,729.9,387.7,484.7,22.6,507.3,20.96,24.20,0.95592,6.425,12.98,25.02,14,2
49.393,factory_mission,9x4.5,pi5,32.165,-4.028,-2.950,2.045,-0.119,-0.001,2.049,7.06,-10.04,-94.29,0.4750,0.4799,0.4694,0.4685,8291,28.620,729.6,387.5,484.4,22.6,507.0,20.95,24.20,0.95587,6.432,12.99,25.02,14,2
49.441,factory_mission,9x4.5,pi5,32.241,-4.035,-2.951,2.035,-0.119,-0.001,2.038,7.02,-10.07,-93.50,0.4753,0.4805,0.4691,0.4676,8291,28.616,729.5,387.4,484.3,22.6,506.9,20.95,24.20,0.95583,6.439,12.99,25.02,14,2
49.493,factory_mission,9x4.5,pi5,32.346,-4.045,-2.952,2.019,-0.119,-0.002,2.023,6.98,-10.10,-92.30,0.4754,0.4799,0.4690,0.4680,8289,28.608,729.3,387.3,484.1,22.6,506.7,20.94,24.20,0.95578,6.446,12.99,25.02,14,2
49.541,factory_mission,9x4.5,pi5,32.420,-4.052,-2.952,2.008,-0.119,-0.003,2.012,6.97,-10.13,-91.50,0.4761,0.4792,0.4659,0.4681,8279,28.536,727.5,385.8,482.3,22.6,504.9,20.86,24.20,0.95573,6.453,13.04,25.02,14,2
49.593,factory_mission,9x4.5,pi5,32.538,-4.063,-2.954,1.991,-0.119,-0.003,1.994,6.92,-10.16,-90.29,0.4760,0.4757,0.4650,0.4691,8266,28.446,725.2,384.0,480.0,22.6,502.6,20.76,24.21,0.95568,6.460,13.10,25.02,14,2
49.641,factory_mission,9x4.5,pi5,32.610,-4.070,-2.954,1.980,-0.118,-0.002,1.983,6.81,-10.17,-89.48,0.4755,0.4756,0.4648,0.4683,8260,28.407,724.2,383.2,479.0,22.6,501.6,20.72,24.21,0.95564,6.467,13.13,25.02,14,2
49.693,factory_mission,9x4.5,pi5,32.711,-4.080,-2.955,1.963,-0.118,0.001,1.966,6.48,-10.19,-88.26,0.4738,0.4759,0.4660,0.4680,8258,28.392,723.8,382.9,478.6,22.6,501.2,20.71,24.21,0.95559,6.474,13.14,25.02,14,2
49.741,factory_mission,9x4.5,pi5,32.783,-4.088,-2.955,1.949,-0.117,0.002,1.952,6.15,-10.19,-87.44,0.4744,0.4763,0.4656,0.4672,8258,28.389,723.7,382.8,478.6,22.6,501.2,20.70,24.21,0.95554,6.481,13.14,25.02,14,2
49.793,factory_mission,9x4.5,pi5,32.895,-4.099,-2.956,1.923,-0.117,0.005,1.927,5.55,-10.16,-86.22,0.4731,0.4756,0.4668,0.4682,8259,28.394,723.9,382.9,478.7,22.6,501.3,20.71,24.21,0.95549,6.488,13.13,25.02,14,2
49.841,factory_mission,9x4.5,pi5,32.965,-4.106,-2.956,1.904,-0.116,0.006,1.908,5.09,-10.13,-85.40,0.4728,0.4763,0.4671,0.4675,8258,28.394,723.8,382.9,478.7,22.6,501.3,20.71,24.20,0.95544,6.494,13.13,25.02,14,2
49.893,factory_mission,9x4.5,pi5,33.061,-4.116,-2.956,1.874,-0.115,0.006,1.877,4.36,-10.06,-84.18,0.4717,0.4765,0.4680,0.4672,8258,28.388,723.7,382.8,478.5,22.6,501.1,20.70,24.20,0.95539,6.502,13.14,25.02,14,2
49.941,factory_mission,9x4.5,pi5,33.128,-4.123,-2.957,1.849,-0.115,0.007,1.853,3.86,-9.99,-83.37,0.4724,0.4773,0.4670,0.4665,8257,28.382,723.5,382.7,478.4,22.6,501.0,20.70,24.20,0.95535,6.508,13.14,25.02,14,2
49.993,factory_mission,9x4.5,pi5,33.234,-4.134,-2.957,1.805,-0.113,0.007,1.809,3.12,-9.87,-82.15,0.4720,0.4761,0.4677,0.4669,8255,28.371,723.3,382.5,478.1,22.6,500.7,20.69,24.20,0.95530,6.516,13.15,25.02,14,2
50.041,factory_mission,9x4.5,pi5,33.298,-4.142,-2.958,1.775,-0.113,0.006,1.778,2.63,-9.78,-81.34,0.4718,0.4767,0.4671,0.4667,8253,28.359,722.9,382.2,477.8,22.6,500.4,20.67,24.20,0.95525,6.522,13.15,25.01,14,2
50.093,factory_mission,9x4.5,pi5,33.386,-4.152,-2.958,1.729,-0.111,0.006,1.733,1.92,-9.62,-80.13,0.4711,0.4769,0.4679,0.4660,8252,28.351,722.7,382.1,477.6,22.6,500.2,20.66,24.20,0.95520,6.530,13.16,25.01,14,2
50.141,factory_mission,9x4.5,pi5,33.447,-4.159,-2.958,1.694,-0.110,0.006,1.698,1.47,-9.50,-79.32,0.4727,0.4770,0.4659,0.4661,8251,28.342,722.5,381.9,477.3,22.6,499.9,20.66,24.20,0.95516,6.536,13.16,25.01,14,2
50.193,factory_mission,9x4.5,pi5,33.542,-4.171,-2.959,1.636,-0.109,0.005,1.640,0.84,-9.31,-78.11,0.4718,0.4763,0.4667,0.4663,8249,28.331,722.2,381.6,477.1,22.6,499.7,20.64,24.20,0.95511,6.543,13.17,25.01,14,2
50.241,factory_mission,9x4.5,pi5,33.600,-4.178,-2.959,1.598,-0.108,0.005,1.602,0.45,-9.18,-77.30,0.4722,0.4765,0.4663,0.4658,8248,28.323,722.0,381.5,476.9,22.6,499.5,20.64,24.20,0.95506,6.550,13.17,25.01,14,2
50.289,factory_mission,9x4.5,pi5,33.679,-4.188,-2.959,1.545,-0.105,0.004,1.548,-0.10,-8.97,-76.09,0.4713,0.4768,0.4665,0.4660,8247,28.317,721.9,381.4,476.7,22.6,499.3,20.63,24.20,0.95501,6.557,13.18,25.01,14,2
50.341,factory_mission,9x4.5,pi5,33.733,-4.194,-2.959,1.505,-0.104,0.004,1.509,-0.44,-8.83,-75.29,0.4724,0.4773,0.4652,0.4653,8246,28.310,721.7,381.2,476.6,22.6,499.2,20.62,24.20,0.95497,6.564,13.18,25.01,14,2
50.393,factory_mission,9x4.5,pi5,33.818,-4.206,-2.960,1.442,-0.101,0.003,1.445,-0.92,-8.61,-74.07,0.4721,0.4760,0.4662,0.4657,8245,28.304,721.5,381.1,476.4,22.6,499.0,20.62,24.20,0.95492,6.571,13.18,25.01,14,2
50.441,factory_mission,9x4.5,pi5,33.868,-4.213,-2.960,1.402,-0.099,0.002,1.405,-1.21,-8.46,-73.26,0.4722,0.4763,0.4653,0.4662,8245,28.302,721.5,381.1,476.3,22.6,498.9,20.62,24.20,0.95487,6.578,13.18,25.01,14,2
50.493,factory_mission,9x4.5,pi5,33.937,-4.223,-2.960,1.345,-0.097,0.002,1.349,-1.62,-8.24,-72.05,0.4713,0.4766,0.4658,0.4664,8245,28.304,721.5,381.1,476.4,22.6,499.0,20.62,24.20,0.95482,6.585,13.18,25.01,14,2
50.541,factory_mission,9x4.5,pi5,33.984,-4.230,-2.959,1.305,-0.095,0.002,1.308,-1.87,-8.09,-71.23,0.4724,0.4771,0.4652,0.4657,8247,28.314,721.8,381.3,476.7,22.6,499.3,20.63,24.20,0.95477,6.592,13.17,25.01,14,2
50.593,factory_mission,9x4.5,pi5,34.056,-4.241,-2.959,1.241,-0.092,0.001,1.245,-2.21,-7.86,-70.01,0.4719,0.4762,0.4656,0.4672,8248,28.323,722.0,381.5,476.9,22.6,499.5,20.64,24.20,0.95472,6.599,13.16,25.01,14,2
50.641,factory_mission,9x4.5,pi5,34.099,-4.249,-2.958,1.201,-0.091,0.000,1.205,-2.41,-7.71,-69.20,0.4723,0.4762,0.4660,0.4663,8248,28.324,722.0,381.5,476.9,22.6,499.5,20.64,24.20,0.95468,6.606,13.16,25.01,14,2
50.693,factory_mission,9x4.5,pi5,34.156,-4.258,-2.958,1.147,-0.087,-0.001,1.150,-2.70,-7.48,-67.98,0.4718,0.4760,0.4663,0.4668,8248,28.324,722.1,381.5,476.9,22.6,499.5,20.64,24.20,0.95463,6.613,13.16,25.01,14,2
50.741,factory_mission,9x4.5,pi5,34.196,-4.265,-2.958,1.108,-0.085,-0.001,1.112,-2.87,-7.33,-67.16,0.4726,0.4765,0.4647,0.4670,8248,28.323,722.0,381.5,476.9,22.6,499.5,20.64,24.20,0.95458,6.619,13.16,25.01,14,2
50.793,factory_mission,9x4.5,pi5,34.255,-4.275,-2.957,1.048,-0.082,-0.008,1.051,-3.08,-7.07,-65.94,0.5191,0.4521,0.5647,0.3953,8431,29.952,763.6,422.3,527.8,22.6,550.4,22.81,24.13,0.95453,6.627,11.91,25.01,14,2
50.841,factory_mission,9x4.5,pi5,34.291,-4.282,-2.957,1.011,-0.080,-0.032,1.015,-2.73,-5.84,-65.19,0.4748,0.4839,0.4752,0.4773,8358,29.083,741.4,396.9,496.2,22.6,518.8,21.46,24.17,0.95448,6.634,12.66,25.01,14,2
50.893,factory_mission,9x4.5,pi5,34.339,-4.289,-2.959,0.960,-0.051,-0.060,0.963,-1.24,-1.90,-64.14,0.4661,0.4795,0.4607,0.4830,8279,28.541,727.6,386.0,482.5,22.6,505.1,20.88,24.19,0.95443,6.642,13.01,25.01,14,2
50.941,factory_mission,9x4.5,pi5,34.371,-4.293,-2.961,0.924,-0.007,-0.068,0.926,-0.09,0.85,-63.40,0.4605,0.4788,0.4514,0.4818,8218,28.128,717.1,377.8,472.3,22.6,494.9,20.45,24.20,0.95438,6.648,13.28,25.01,14,2
50.993,factory_mission,9x4.5,pi5,34.420,-4.294,-2.964,0.866,0.100,-0.068,0.874,1.48,4.25,-62.21,0.4587,0.4754,0.4474,0.4789,8174,27.830,709.5,371.8,464.8,22.6,487.4,20.13,24.21,0.95434,6.655,13.49,25.01,14,2
51.041,factory_mission,9x4.5,pi5,34.449,-4.291,-2.967,0.831,0.182,-0.061,0.853,2.34,5.92,-61.39,0.4612,0.4746,0.4471,0.4734,8160,27.729,706.9,369.7,462.2,22.6,484.8,20.02,24.22,0.95429,6.662,13.56,25.01,14,2
51.093,factory_mission,9x4.5,pi5,34.488,-4.278,-2.969,0.782,0.309,-0.047,0.842,3.32,7.58,-60.16,0.4644,0.4745,0.4493,0.4686,8161,27.734,707.0,369.8,462.2,22.6,484.8,20.02,24.22,0.95424,6.669,13.56,25.01,14,2
51.141,factory_mission,9x4.5,pi5,34.514,-4.264,-2.970,0.748,0.404,-0.036,0.851,3.78,8.22,-59.36,0.4685,0.4763,0.4499,0.4653,8172,27.811,709.0,371.3,464.2,22.6,486.8,20.10,24.21,0.95420,6.675,13.51,25.01,14,2
51.193,factory_mission,9x4.5,pi5,34.553,-4.231,-2.970,0.696,0.557,-0.019,0.892,4.24,8.64,-58.18,0.4712,0.4770,0.4515,0.4654,8191,27.940,712.3,373.9,467.4,22.6,490.0,20.24,24.21,0.95415,6.682,13.41,25.01,14,2
51.241,factory_mission,9x4.5,pi5,34.576,-4.205,-2.969,0.665,0.651,-0.009,0.931,4.41,8.65,-57.41,0.4744,0.4782,0.4540,0.4634,8209,28.059,715.3,376.3,470.4,22.6,493.0,20.37,24.20,0.95411,6.689,13.33,25.01,14,2
51.293,factory_mission,9x4.5,pi5,34.607,-4.161,-2.968,0.624,0.776,0.001,0.996,4.53,8.38,-56.25,0.4762,0.4786,0.4569,0.4624,8224,28.162,717.9,378.4,472.9,22.6,495.5,20.48,24.20,0.95406,6.696,13.26,25.01,14,2
51.341,factory_mission,9x4.5,pi5,34.627,-4.125,-2.967,0.596,0.860,0.006,1.047,4.53,8.06,-55.48,0.4784,0.4797,0.4584,0.4612,8237,28.251,720.2,380.2,475.2,22.6,497.8,20.57,24.20,0.95401,6.703,13.19,25.01,14,2
51.393,factory_mission,9x4.5,pi5,34.658,-4.059,-2.964,0.554,0.985,0.011,1.130,4.45,7.47,-54.32,0.4783,0.4790,0.4602,0.4631,8247,28.321,722.0,381.6,476.9,22.6,499.5,20.65,24.19,0.95396,6.710,13.15,25.01,14,2
51.441,factory_mission,9x4.5,pi5,34.676,-4.014,-2.963,0.530,1.055,0.013,1.181,4.37,7.03,-53.53,0.4780,0.4796,0.4622,0.4625,8253,28.364,723.1,382.4,478.0,22.6,500.6,20.69,24.19,0.95391,6.716,13.12,25.01,14,2
51.493,factory_mission,9x4.5,pi5,34.701,-3.946,-2.961,0.498,1.145,0.013,1.248,4.20,6.34,-52.34,0.4783,0.4777,0.4642,0.4632,8257,28.386,723.6,382.8,478.5,22.6,501.1,20.72,24.19,0.95386,6.724,13.10,25.01,14,2
51.541,factory_mission,9x4.5,pi5,34.717,-3.894,-2.960,0.477,1.202,0.012,1.293,4.08,5.89,-51.53,0.4783,0.4773,0.4636,0.4636,8255,28.374,723.3,382.6,478.2,22.6,500.8,20.70,24.19,0.95382,6.730,13.11,25.01,14,2
51.593,factory_mission,9x4.5,pi5,34.743,-3.807,-2.958,0.446,1.282,0.010,1.358,3.87,5.23,-50.30,0.4763,0.4754,0.4632,0.4666,8251,28.341,722.5,381.9,477.4,22.6,500.0,20.67,24.19,0.95377,6.738,13.13,25.01,14,2
51.641,factory_mission,9x4.5,pi5,34.759,-3.750,-2.957,0.428,1.326,0.009,1.393,3.69,4.78,-49.47,0.4762,0.4742,0.4641,0.4664,8248,28.323,722.0,381.5,476.9,22.6,499.5,20.65,24.19,0.95372,6.744,13.14,25.01,14,2
51.693,factory_mission,9x4.5,pi5,34.780,-3.669,-2.956,0.405,1.377,0.007,1.436,3.32,4.07,-48.23,0.4747,0.4734,0.4659,0.4664,8246,28.311,721.7,381.2,476.6,22.6,499.2,20.63,24.19,0.95367,6.751,13.15,25.01,14,2
51.741,factory_mission,9x4.5,pi5,34.794,-3.609,-2.955,0.390,1.408,0.006,1.461,3.02,3.59,-47.40,0.4751,0.4732,0.4660,0.4658,8246,28.307,721.6,381.2,476.5,22.6,499.1,20.63,24.19,0.95363,6.758,13.15,25.01,14,2
51.793,factory_mission,9x4.5,pi5,34.817,-3.512,-2.954,0.368,1.445,0.003,1.491,2.49,2.85,-46.14,0.4735,0.4720,0.4670,0.4675,8245,28.303,721.5,381.1,476.3,22.6,498.9,20.62,24.19,0.95358,6.765,13.15,25.01,14,2
51.841,factory_mission,9x4.5,pi5,34.831,-3.451,-2.954,0.354,1.461,0.001,1.504,2.10,2.37,-45.30,0.4733,0.4717,0.4679,0.4670,8244,28.297,721.4,381.0,476.2,22.6,498.8,20.62,24.19,0.95353,6.772,13.16,25.01,14,2
51.893,factory_mission,9x4.5,pi5,34.850,-3.365,-2.953,0.337,1.476,-0.002,1.513,1.48,1.69,-44.04,0.4728,0.4706,0.4698,0.4663,8243,28.289,721.2,380.8,476.0,22.6,498.6,20.61,24.19,0.95348,6.779,13.16,25.01,14,2
51.941,factory_mission,9x4.5,pi5,34.864,-3.304,-2.953,0.324,1.480,-0.004,1.515,1.05,1.26,-43.21,0.4726,0.4716,0.4687,0.4661,8242,28.277,720.9,380.6,475.7,22.6,498.3,20.60,24.19,0.95344,6.786,13.17,25.01,14,2
51.993,factory_mission,9x4.5,pi5,34.885,-3.208,-2.953,0.306,1.476,-0.008,1.508,0.40,0.67,-41.95,0.4713,0.4710,0.4693,0.4671,8240,28.268,720.6,380.4,475.4,22.6,498.0,20.59,24.19,0.95339,6.793,13.17,25.01,14,2
52.041,factory_mission,9x4.5,pi5,34.898,-3.148,-2.953,0.295,1.469,-0.010,1.498,-0.03,0.31,-41.12,0.4712,0.4712,0.4695,0.4664,8239,28.258,720.4,380.2,475.2,22.6,497.8,20.58,24.19,0.95334,6.800,13.18,25.00,14,2
52.089,factory_mission,9x4.5,pi5,34.915,-3.067,-2.954,0.280,1.451,-0.012,1.478,-0.65,-0.15,-39.87,0.4710,0.4706,0.4694,0.4669,8237,28.248,720.1,380.0,474.9,22.6,497.5,20.57,24.19,0.95330,6.806,13.19,25.00,14,2
52.141,factory_mission,9x4.5,pi5,34.927,-3.010,-2.954,0.270,1.435,-0.014,1.460,-1.05,-0.43,-39.04,0.4715,0.4720,0.4682,0.4659,8236,28.242,720.0,379.8,474.8,22.6,497.4,20.56,24.19,0.95325,6.813,13.19,25.00,14,2
52.193,factory_mission,9x4.5,pi5,34.946,-2.922,-2.955,0.254,1.402,-0.016,1.425,-1.62,-0.77,-37.81,0.4712,0.4709,0.4684,0.4666,8235,28.233,719.7,379.6,474.6,22.6,497.2,20.55,24.19,0.95320,6.821,13.19,25.00,14,2
52.241,factory_mission,9x4.5,pi5,34.958,-2.868,-2.955,0.244,1.379,-0.017,1.401,-1.97,-0.96,-36.99,0.4717,0.4714,0.4680,0.4659,8234,28.228,719.6,379.6,474.5,22.6,497.1,20.55,24.19,0.95315,6.827,13.20,25.00,14,2
52.293,factory_mission,9x4.5,pi5,34.974,-2.795,-2.956,0.231,1.343,-0.018,1.362,-2.47,-1.19,-35.76,0.4715,0.4714,0.4682,0.4657,8233,28.222,719.4,379.4,474.3,22.6,496.9,20.54,24.19,0.95310,6.834,13.20,25.00,14,2
52.341,factory_mission,9x4.5,pi5,34.985,-2.745,-2.957,0.221,1.315,-0.018,1.333,-2.78,-1.32,-34.95,0.4727,0.4722,0.4670,0.4646,8233,28.217,719.3,379.4,474.2,22.6,496.8,20.54,24.19,0.95306,6.841,13.20,25.00,14,2
52.393,factory_mission,9x4.5,pi5,35.002,-2.669,-2.958,0.207,1.267,-0.019,1.284,-3.20,-1.45,-33.74,0.4716,0.4722,0.4670,0.4654,8231,28.205,719.0,379.1,473.9,22.6,496.5,20.52,24.19,0.95301,6.848,13.21,25.00,14,2
52.441,factory_mission,9x4.5,pi5,35.012,-2.623,-2.959,0.198,1.236,-0.019,1.252,-3.46,-1.52,-32.94,0.4720,0.4726,0.4659,0.4652,8229,28.192,718.7,378.8,473.5,22.6,496.1,20.51,24.19,0.95296,6.855,13.22,25.00,14,2
52.493,factory_mission,9x4.5,pi5,35.026,-2.562,-2.961,0.185,1.191,-0.019,1.205,-3.81,-1.57,-31.72,0.4723,0.4720,0.4659,0.4649,8228,28.182,718.4,378.6,473.3,22.6,495.9,20.50,24.19,0.95291,6.862,13.22,25.00,14,2
52.541,factory_mission,9x4.5,pi5,35.036,-2.520,-2.962,0.176,1.157,-0.019,1.171,-4.01,-1.59,-30.91,0.4726,0.4734,0.4653,0.4636,8226,28.174,718.2,378.5,473.1,22.6,495.7,20.49,24.19,0.95287,6.869,13.23,25.00,14,2
52.589,factory_mission,9x4.5,pi5,35.051,-2.456,-2.964,0.162,1.104,-0.018,1.116,-4.29,-1.58,-29.69,0.4720,0.4723,0.4659,0.4644,8226,28.168,718.1,378.4,473.0,22.6,495.6,20.49,24.19,0.95282,6.875,13.23,25.00,14,2
52.641,factory_mission,9x4.5,pi5,35.059,-2.418,-2.966,0.154,1.071,-0.018,1.082,-4.45,-1.56,-28.88,0.4723,0.4728,0.4648,0.4646,8225,28.164,718.0,378.3,472.9,22.6,495.5,20.48,24.19,0.95277,6.882,13.23,25.00,14,2
52.693,factory_mission,9x4.5,pi5,35.071,-2.368,-2.967,0.142,1.024,-0.017,1.034,-4.66,-1.50,-27.65,0.4716,0.4727,0.4654,0.4646,8225,28.161,717.9,378.2,472.8,22.6,495.4,20.48,24.19,0.95272,6.890,13.23,25.00,14,2
52.741,factory_mission,9x4.5,pi5,35.078,-2.334,-2.969,0.133,0.992,-0.016,1.001,-4.78,-1.46,-26.84,0.4728,0.4729,0.4646,0.4640,8224,28.159,717.9,378.2,472.7,22.6,495.3,20.48,24.19,0.95268,6.896,13.23,25.00,14,2
52.793,factory_mission,9x4.5,pi5,35.090,-2.282,-2.971,0.120,0.940,-0.015,0.948,-4.93,-1.37,-25.61,0.4718,0.4720,0.4654,0.4650,8224,28.156,717.8,378.1,472.6,22.6,495.2,20.47,24.19,0.95263,6.903,13.23,25.00,14,2
52.841,factory_mission,9x4.5,pi5,35.098,-2.251,-2.972,0.113,0.909,-0.014,0.916,-5.02,-1.30,-24.79,0.4717,0.4725,0.4652,0.4650,8224,28.159,717.9,378.2,472.7,22.6,495.3,20.48,24.19,0.95258,6.910,13.23,25.00,14,2
52.893,factory_mission,9x4.5,pi5,35.107,-2.210,-2.973,0.102,0.866,-0.012,0.873,-5.12,-1.19,-23.56,0.4721,0.4713,0.4657,0.4653,8225,28.164,718.0,378.3,472.8,22.6,495.4,20.48,24.19,0.95253,6.917,13.23,25.00,14,2
52.941,factory_mission,9x4.5,pi5,35.113,-2.182,-2.974,0.094,0.837,-0.011,0.843,-5.18,-1.12,-22.75,0.4725,0.4724,0.4648,0.4648,8225,28.163,718.0,378.3,472.8,22.6,495.4,20.48,24.19,0.95249,6.924,13.22,25.00,14,2
52.989,factory_mission,9x4.5,pi5,35.123,-2.139,-2.976,0.082,0.791,-0.028,0.796,-5.27,-0.95,-21.53,0.6002,0.4477,0.5329,0.4902,8938,33.532,854.8,497.6,622.0,22.6,644.6,26.86,24.00,0.95243,6.932,10.08,25.00,14,2
53.041,factory_mission,9x4.5,pi5,35.128,-2.114,-2.980,0.071,0.758,-0.096,0.768,-5.97,0.28,-20.82,0.5150,0.5158,0.4794,0.4798,8643,31.130,793.6,440.2,550.2,22.6,572.8,23.78,24.09,0.95237,6.941,11.39,25.00,14,2
53.093,factory_mission,9x4.5,pi5,35.135,-2.080,-2.988,0.028,0.714,-0.163,0.733,-8.02,4.13,-19.97,0.4915,0.5207,0.4570,0.4583,8417,29.553,753.4,407.9,509.8,22.6,532.4,22.06,24.14,0.95232,6.948,12.28,25.00,14,2
53.141,factory_mission,9x4.5,pi5,35.137,-2.057,-2.996,-0.025,0.684,-0.181,0.708,-9.39,6.88,-19.45,0.4836,0.5105,0.4405,0.4523,8270,28.539,727.5,387.2,484.0,22.6,506.6,20.96,24.17,0.95227,6.955,12.92,25.00,14,2
53.193,factory_mission,9x4.5,pi5,35.135,-2.022,-3.010,-0.142,0.637,-0.174,0.676,-10.94,10.39,-18.55,0.4713,0.5014,0.4408,0.4499,8185,27.936,712.2,374.6,468.3,22.6,490.9,20.29,24.19,0.95222,6.962,13.34,25.00,14,2
53.241,factory_mission,9x4.5,pi5,35.130,-2.002,-3.018,-0.228,0.609,-0.154,0.668,-11.61,12.21,-17.82,0.4673,0.4908,0.4455,0.4544,8165,27.780,708.2,371.1,463.8,22.6,486.4,20.10,24.20,0.95218,6.969,13.47,25.00,14,2
53.293,factory_mission,9x4.5,pi5,35.114,-1.976,-3.027,-0.358,0.570,-0.118,0.684,-12.13,14.21,-16.54,0.4636,0.4797,0.4547,0.4625,8174,27.825,709.3,371.6,464.5,22.6,487.1,20.13,24.19,0.95213,6.976,13.45,25.00,14,2
53.341,factory_mission,9x4.5,pi5,35.098,-1.958,-3.032,-0.456,0.544,-0.091,0.715,-12.21,15.11,-15.59,0.4617,0.4727,0.4626,0.4703,8199,27.987,713.5,374.7,468.4,22.6,491.0,20.30,24.19,0.95208,6.982,13.34,25.00,14,2
53.393,factory_mission,9x4.5,pi5,35.063,-1.931,-3.037,-0.613,0.504,-0.049,0.795,-12.05,15.97,-14.07,0.4585,0.4668,0.4724,0.4796,8236,28.241,719.9,379.9,474.9,22.6,497.5,20.57,24.18,0.95203,6.989,13.16,25.00,14,2
53.441,factory_mission,9x4.5,pi5,35.036,-1.915,-3.038,-0.710,0.480,-0.027,0.857,-11.81,16.27,-13.03,0.4581,0.4636,0.4792,0.4853,8268,28.466,725.7,384.6,480.7,22.6,503.3,20.82,24.17,0.95199,6.996,13.00,25.00,14,2
53.493,factory_mission,9x4.5,pi5,34.989,-1.894,-3.038,-0.840,0.448,-0.000,0.953,-11.34,16.40,-11.48,0.4590,0.4606,0.4850,0.4896,8296,28.671,730.9,388.8,486.1,22.6,508.7,21.05,24.17,0.95194,7.003,12.86,25.00,14,2
53.541,factory_mission,9x4.5,pi5,34.952,-1.880,-3.037,-0.930,0.428,0.015,1.023,-10.98,16.34,-10.47,0.4615,0.4609,0.4882,0.4905,8322,28.847,735.4,392.5,490.6,22.6,513.2,21.24,24.16,0.95189,7.010,12.74,25.00,14,2
53.593,factory_mission,9x4.5,pi5,34.883,-1.858,-3.034,-1.063,0.398,0.033,1.135,-10.42,16.07,-9.04,0.4630,0.4618,0.4902,0.4923,8344,29.006,739.4,395.7,494.6,22.6,517.2,21.41,24.15,0.95184,7.018,12.64,25.00,14,2
53.641,factory_mission,9x4.5,pi5,34.836,-1.845,-3.032,-1.139,0.381,0.040,1.202,-10.05,15.81,-8.13,0.4665,0.4639,0.4894,0.4914,8358,29.095,741.7,397.5,496.8,22.6,519.4,21.51,24.15,0.95179,7.025,12.58,25.00,14,2
53.693,factory_mission,9x4.5,pi5,34.766,-1.827,-3.028,-1.237,0.360,0.047,1.289,-9.53,15.34,-6.85,0.4707,0.4656,0.4884,0.4889,8367,29.155,743.2,398.6,498.2,22.6,520.8,21.57,24.15,0.95174,7.032,12.55,25.00,14,2
53.741,factory_mission,9x4.5,pi5,34.712,-1.815,-3.025,-1.300,0.347,0.049,1.346,-9.21,15.01,-6.04,0.4747,0.4695,0.4850,0.4857,8372,29.180,743.9,399.0,498.7,22.6,521.3,21.59,24.15,0.95169,7.039,12.53,25.00,14,2
53.793,factory_mission,9x4.5,pi5,34.622,-1.796,-3.021,-1.389,0.329,0.049,1.428,-8.77,14.50,-4.90,0.4775,0.4720,0.4823,0.4834,8373,29.185,744.0,399.0,498.8,22.6,521.4,21.59,24.15,0.95164,7.047,12.53,25.00,14,2
53.841,factory_mission,9x4.5,pi5,34.563,-1.784,-3.018,-1.438,0.319,0.048,1.474,-8.50,14.17,-4.16,0.4812,0.4748,0.4798,0.4791,8372,29.177,743.8,398.9,498.6,22.6,521.2,21.58,24.15,0.95159,7.054,12.54,25.00,14,2
53.893,factory_mission,9x4.5,pi5,34.479,-1.768,-3.015,-1.498,0.308,0.045,1.530,-8.13,13.71,-3.10,0.4837,0.4775,0.4767,0.4762,8369,29.157,743.3,398.4,498.1,22.6,520.7,21.56,24.15,0.95154,7.061,12.55,25.00,14,2
53.941,factory_mission,9x4.5,pi5,34.417,-1.756,-3.013,-1.535,0.301,0.043,1.565,-7.91,13.44,-2.40,0.4867,0.4803,0.4735,0.4726,8365,29.133,742.7,398.0,497.5,22.6,520.1,21.54,24.15,0.95149,7.068,12.56,25.00,14,2
53.993,factory_mission,9x4.5,pi5,34.317,-1.737,-3.010,-1.585,0.293,0.038,1.612,-7.61,13.08,-1.35,0.4877,0.4813,0.4711,0.4714,8359,29.093,741.7,397.2,496.5,22.6,519.1,21.50,24.15,0.95144,7.076,12.58,25.00,14,2
54.041,factory_mission,9x4.5,pi5,34.253,-1.726,-3.008,-1.612,0.288,0.035,1.638,-7.43,12.88,-0.65,0.4891,0.4827,0.4695,0.4688,8354,29.061,740.9,396.6,495.8,22.6,518.4,21.47,24.15,0.95139,7.082,12.60,24.99,14,2
54.093,factory_mission,9x4.5,pi5,34.164,-1.709,-3.006,-1.643,0.284,0.030,1.668,-7.17,12.63,0.41,0.4894,0.4832,0.4682,0.4679,8349,29.029,740.0,396.0,495.0,22.6,517.6,21.43,24.15,0.95134,7.090,12.62,24.99,14,2
54.141,factory_mission,9x4.5,pi5,34.099,-1.697,-3.005,-1.662,0.282,0.028,1.686,-7.02,12.51,1.13,0.4902,0.4845,0.4670,0.4663,8346,29.008,739.5,395.6,494.5,22.6,517.1,21.41,24.15,0.95129,7.097,12.63,24.99,14,2
54.193,factory_mission,9x4.5,pi5,33.995,-1.677,-3.003,-1.688,0.279,0.024,1.711,-6.79,12.38,2.23,0.4897,0.4829,0.4673,0.4668,8342,28.978,738.7,395.0,493.7,22.6,516.3,21.38,24.15,0.95124,7.104,12.65,24.99,14,2
54.241,factory_mission,9x4.5,pi5,33.930,-1.665,-3.003,-1.701,0.278,0.021,1.724,-6.65,12.33,2.99,0.4891,0.4831,0.4671,0.4666,8339,28.958,738.2,394.5,493.2,22.6,515.8,21.36,24.15,0.95119,7.111,12.66,24.99,14,2
54.293,factory_mission,9x4.5,pi5,33.838,-1.647,-3.002,-1.717,0.277,0.018,1.739,-6.45,12.29,4.14,0.4878,0.4820,0.4676,0.4674,8335,28.927,737.4,393.9,492.3,22.6,514.9,21.32,24.15,0.95114,7.119,12.68,24.99,14,2
54.341,factory_mission,9x4.5,pi5,33.773,-1.634,-3.002,-1.727,0.278,0.016,1.749,-6.31,12.30,4.92,0.4875,0.4818,0.4674,0.4669,8331,28.900,736.7,393.3,491.7,22.6,514.3,21.29,24.15,0.95109,7.125,12.70,24.99,14,2
54.393,factory_mission,9x4.5,pi5,33.669,-1.613,-3.002,-1.740,0.278,0.013,1.762,-6.12,12.33,6.11,0.4855,0.4800,0.4695,0.4677,8327,28.873,736.1,392.7,490.9,22.6,513.5,21.26,24.15,0.95104,7.133,12.72,24.99,14,2
54.441,factory_mission,9x4.5,pi5,33.603,-1.599,-3.003,-1.747,0.278,0.012,1.769,-6.00,12.38,6.92,0.4850,0.4792,0.4693,0.4686,8325,28.855,735.6,392.3,490.4,22.6,513.0,21.24,24.15,0.95100,7.140,12.73,24.99,14,2
54.493,factory_mission,9x4.5,pi5,33.511,-1.580,-3.003,-1.755,0.279,0.011,1.777,-5.81,12.47,8.14,0.4836,0.4781,0.4705,0.4695,8323,28.844,735.3,392.1,490.1,22.6,512.7,21.23,24.15,0.95094,7.147,12.73,24.99,14,2
54.541,factory_mission,9x4.5,pi5,33.445,-1.566,-3.003,-1.761,0.279,0.010,1.782,-5.69,12.54,8.95,0.4834,0.4783,0.4706,0.4692,8323,28.839,735.2,392.0,490.0,22.6,512.6,21.22,24.15,0.95090,7.154,12.74,24.99,14,2
54.593,factory_mission,9x4.5,pi5,33.340,-1.544,-3.004,-1.768,0.279,0.009,1.790,-5.50,12.67,10.19,0.4817,0.4771,0.4723,0.4703,8323,28.839,735.2,392.0,490.0,22.6,512.6,21.22,24.15,0.95085,7.161,12.74,24.99,14,2
54.641,factory_mission,9x4.5,pi5,33.274,-1.530,-3.004,-1.772,0.278,0.008,1.794,-5.38,12.76,11.01,0.4820,0.4765,0.4714,0.4717,8324,28.843,735.3,392.1,490.1,22.6,512.7,21.23,24.15,0.95080,7.168,12.73,24.99,14,2
54.693,factory_mission,9x4.5,pi5,33.182,-1.511,-3.004,-1.778,0.278,0.008,1.800,-5.19,12.91,12.24,0.4808,0.4767,0.4722,0.4724,8325,28.854,735.6,392.3,490.3,22.6,512.9,21.24,24.15,0.95075,7.176,12.72,24.99,14,2
54.741,factory_mission,9x4.5,pi5,33.116,-1.497,-3.004,-1.782,0.277,0.008,1.803,-5.06,13.01,13.07,0.4814,0.4771,0.4726,0.4713,8326,28.862,735.8,392.4,490.5,22.6,513.1,21.25,24.15,0.95070,7.182,12.72,24.99,14,2
54.793,factory_mission,9x4.5,pi5,33.011,-1.476,-3.004,-1.788,0.274,0.007,1.809,-4.87,13.17,14.30,0.4812,0.4755,0.4737,0.4724,8328,28.872,736.0,392.6,490.8,22.6,513.4,21.26,24.15,0.95065,7.190,12.71,24.99,14,2
54.841,factory_mission,9x4.5,pi5,32.945,-1.463,-3.004,-1.791,0.273,0.007,1.812,-4.73,13.27,15.12,0.4811,0.4761,0.4736,0.4722,8329,28.878,736.2,392.7,490.9,22.6,513.5,21.27,24.15,0.95060,7.197,12.71,24.99,14,2
54.893,factory_mission,9x4.5,pi5,32.853,-1.444,-3.004,-1.795,0.270,0.007,1.815,-4.53,13.43,16.34,0.4806,0.4761,0.4737,0.4730,8330,28.887,736.4,392.9,491.2,22.6,513.8,21.28,24.15,0.95055,7.204,12.70,24.99,14,2
54.941,factory_mission,9x4.5,pi5,32.788,-1.431,-3.005,-1.798,0.267,0.006,1.818,-4.39,13.54,17.15,0.4812,0.4772,0.4732,0.4722,8331,28.896,736.6,393.1,491.4,22.6,514.0,21.29,24.15,0.95050,7.211,12.69,24.99,14,2
54.993,factory_mission,9x4.5,pi5,32.682,-1.411,-3.005,-1.803,0.263,0.006,1.822,-4.17,13.70,18.37,0.4813,0.4759,0.4741,0.4727,8332,28.902,736.8,393.2,491.5,22.6,514.1,21.29,24.15,0.95045,7.218,12.69,24.99,14,2
55.041,factory_mission,9x4.5,pi5,32.616,-1.398,-3.005,-1.806,0.260,0.006,1.825,-4.03,13.81,19.18,0.4815,0.4765,0.4740,0.4722,8333,28.906,736.9,393.3,491.7,22.6,514.3,21.30,24.14,0.95041,7.225,12.68,24.99,14,2
55.093,factory_mission,9x4.5,pi5,32.523,-1.381,-3.006,-1.810,0.256,0.006,1.828,-3.80,13.97,20.39,0.4814,0.4763,0.4746,0.4720,8333,28.909,737.0,393.4,491.7,22.6,514.3,21.30,24.14,0.95035,7.233,12.68,24.99,14,2
55.141,factory_mission,9x4.5,pi5,32.457,-1.369,-3.006,-1.813,0.252,0.006,1.831,-3.65,14.07,21.19,0.4824,0.4771,0.4734,0.4714,8333,28.912,737.0,393.5,491.8,22.6,514.4,21.31,24.14,0.95031,7.240,12.68,24.99,14,2
55.193,factory_mission,9x4.5,pi5,32.350,-1.349,-3.007,-1.818,0.247,0.006,1.835,-3.41,14.22,22.39,0.4816,0.4768,0.4737,0.4726,8335,28.921,737.3,393.6,492.0,22.6,514.6,21.32,24.14,0.95026,7.247,12.67,24.99,14,2
55.241,factory_mission,9x4.5,pi5,32.283,-1.337,-3.008,-1.822,0.243,0.006,1.838,-3.26,14.32,23.19,0.4821,0.4772,0.4736,0.4721,8336,28.927,737.4,393.8,492.2,22.6,514.8,21.32,24.14,0.95021,7.254,12.67,24.99,14,2
55.293,factory_mission,9x4.5,pi5,32.188,-1.320,-3.008,-1.826,0.237,0.006,1.842,-3.02,14.46,24.39,0.4821,0.4769,0.4743,0.4718,8336,28.930,737.5,393.8,492.3,22.6,514.9,21.33,24.14,0.95016,7.261,12.66,24.99,14,2
55.341,factory_mission,9x4.5,pi5,32.120,-1.308,-3.009,-1.830,0.233,0.006,1.844,-2.86,14.55,25.19,0.4830,0.4779,0.4730,0.4716,8337,28.937,737.7,394.0,492.5,22.6,515.1,21.34,24.14,0.95011,7.268,12.66,24.99,14,2
55.393,factory_mission,9x4.5,pi5,32.011,-1.290,-3.010,-1.836,0.226,0.006,1.849,-2.62,14.69,26.39,0.4825,0.4772,0.4733,0.4726,8338,28.941,737.8,394.0,492.6,22.6,515.2,21.34,24.14,0.95006,7.276,12.65,24.99,14,2
55.441,factory_mission,9x4.5,pi5,31.942,-1.278,-3.010,-1.839,0.222,0.007,1.853,-2.46,14.78,27.18,0.4830,0.4775,0.4738,0.4716,8339,28.949,738.0,394.2,492.8,22.6,515.4,21.35,24.14,0.95001,7.282,12.65,24.99,14,2
55.493,factory_mission,9x4.5,pi5,31.845,-1.263,-3.011,-1.844,0.215,0.007,1.857,-2.21,14.90,28.38,0.4822,0.4780,0.4741,0.4718,8339,28.953,738.1,394.3,492.9,22.6,515.5,21.35,24.14,0.94996,7.290,12.64,24.99,14,2
55.541,factory_mission,9x4.5,pi5,31.775,-1.252,-3.012,-1.848,0.210,0.007,1.860,-2.05,14.98,29.18,0.4833,0.4784,0.4731,0.4714,8340,28.959,738.3,394.4,493.0,22.6,515.6,21.36,24.14,0.94991,7.297,12.64,24.99,14,2
55.593,factory_mission,9x4.5,pi5,31.664,-1.234,-3.013,-1.853,0.202,0.008,1.864,-1.81,15.10,30.38,0.4827,0.4779,0.4742,0.4719,8342,28.970,738.5,394.6,493.3,22.6,515.9,21.37,24.14,0.94986,7.304,12.63,24.99,14,2
55.641,factory_mission,9x4.5,pi5,31.594,-1.224,-3.014,-1.857,0.197,0.008,1.867,-1.65,15.18,31.18,0.4820,0.4776,0.4723,0.4718,8331,28.892,736.6,393.1,491.3,22.6,513.9,21.29,24.14,0.94981,7.311,12.68,24.99,14,2
55.693,factory_mission,9x4.5,pi5,31.495,-1.209,-3.014,-1.861,0.190,0.009,1.871,-1.42,15.28,32.38,0.4799,0.4769,0.4703,0.4721,8315,28.781,733.7,390.8,488.5,22.6,511.1,21.17,24.14,0.94976,7.318,12.75,24.99,14,2
55.741,factory_mission,9x4.5,pi5,31.424,-1.198,-3.015,-1.864,0.185,0.012,1.873,-1.30,15.30,33.19,0.4803,0.4765,0.4688,0.4707,8305,28.712,732.0,389.4,486.7,22.6,509.3,21.09,24.15,0.94971,7.325,12.79,24.99,14,2
55.789,factory_mission,9x4.5,pi5,31.310,-1.182,-3.016,-1.866,0.177,0.017,1.875,-1.22,15.18,34.39,0.4793,0.4752,0.4695,0.4710,8299,28.677,731.0,388.7,485.8,22.6,508.4,21.06,24.15,0.94967,7.332,12.82,24.99,14,2
55.841,factory_mission,9x4.5,pi5,31.239,-1.172,-3.016,-1.866,0.171,0.020,1.874,-1.23,15.03,35.20,0.4795,0.4755,0.4690,0.4706,8298,28.665,730.7,388.4,485.5,22.6,508.1,21.04,24.15,0.94962,7.339,12.82,24.99,14,2
55.893,factory_mission,9x4.5,pi5,31.125,-1.157,-3.016,-1.860,0.162,0.026,1.867,-1.34,14.67,36.49,0.4802,0.4745,0.4703,0.4698,8299,28.671,730.9,388.5,485.7,22.6,508.3,21.05,24.15,0.94957,7.347,12.82,24.99,14,2
55.941,factory_mission,9x4.5,pi5,31.068,-1.150,-3.016,-1.855,0.157,0.028,1.862,-1.43,14.44,37.21,0.4807,0.4756,0.4705,0.4681,8299,28.674,731.0,388.6,485.8,22.6,508.4,21.05,24.14,0.94952,7.354,12.82,24.99,14,2
55.993,factory_mission,9x4.5,pi5,30.955,-1.136,-3.016,-1.839,0.147,0.031,1.845,-1.64,14.01,38.42,0.4798,0.4748,0.4709,0.4692,8299,28.672,730.9,388.6,485.7,22.6,508.3,21.05,24.14,0.94947,7.361,12.82,24.99,14,2
56.041,factory_mission,9x4.5,pi5,30.885,-1.127,-3.016,-1.826,0.140,0.033,1.832,-1.80,13.71,39.23,0.4800,0.4750,0.4710,0.4686,8298,28.667,730.8,388.5,485.6,22.6,508.2,21.05,24.14,0.94942,7.368,12.82,24.99,14,2
56.093,factory_mission,9x4.5,pi5,30.787,-1.116,-3.016,-1.803,0.130,0.034,1.808,-2.05,13.26,40.44,0.4799,0.4744,0.4719,0.4680,8297,28.657,730.6,388.3,485.3,22.6,507.9,21.04,24.14,0.94937,7.375,12.82,24.99,14,2
56.141,factory_mission,9x4.5,pi5,30.718,-1.109,-3.016,-1.783,0.122,0.035,1.787,-2.23,12.97,41.25,0.4803,0.4754,0.4710,0.4672,8295,28.648,730.3,388.1,485.1,22.6,507.7,21.03,24.14,0.94933,7.382,12.83,24.99,14,2
56.193,factory_mission,9x4.5,pi5,30.610,-1.098,-3.016,-1.745,0.110,0.035,1.749,-2.49,12.55,42.46,0.4794,0.4744,0.4719,0.4677,8294,28.636,730.0,387.8,484.8,22.6,507.4,21.02,24.14,0.94927,7.389,12.83,24.99,14,2
56.241,factory_mission,9x4.5,pi5,30.544,-1.091,-3.016,-1.719,0.103,0.035,1.723,-2.66,12.29,43.26,0.4793,0.4749,0.4717,0.4669,8292,28.624,729.7,387.6,484.5,22.6,507.1,21.00,24.14,0.94923,7.396,12.84,24.99,14,2
56.293,factory_mission,9x4.5,pi5,30.453,-1.083,-3.016,-1.679,0.093,0.034,1.682,-2.90,11.92,44.47,0.4794,0.4740,0.4716,0.4671,8289,28.606,729.3,387.2,484.0,22.6,506.6,20.98,24.14,0.94918,7.403,12.85,24.99,14,2
56.341,factory_mission,9x4.5,pi5,30.389,-1.077,-3.016,-1.648,0.085,0.034,1.651,-3.05,11.69,45.27,0.4800,0.4747,0.4706,0.4664,8287,28.593,728.9,387.0,483.7,22.6,506.3,20.97,24.14,0.94913,7.410,12.86,24.99,14,2
56.393,factory_mission,9x4.5,pi5,30.291,-1.068,-3.016,-1.595,0.074,0.033,1.597,-3.26,11.39,46.47,0.4785,0.4744,0.4714,0.4666,8285,28.575,728.5,386.6,483.2,22.6,505.8,20.95,24.14,0.94908,7.417,12.87,24.99,14,2
56.441,factory_mission,9x4.5,pi5,30.231,-1.063,-3.016,-1.560,0.068,0.033,1.562,-3.38,11.21,47.28,0.4791,0.4742,0.4703,0.4666,8282,28.557,728.0,386.2,482.8,22.6,505.4,20.93,24.14,0.94903,7.424,12.88,24.99,14,2
56.493,factory_mission,9x4.5,pi5,30.150,-1.056,-3.017,-1.509,0.059,0.032,1.511,-3.55,10.98,48.48,0.4783,0.4743,0.4704,0.4665,8280,28.539,727.6,385.9,482.3,22.6,504.9,20.91,24.14,0.94898,7.431,12.89,24.99,14,2
56.541,factory_mission,9x4.5,pi5,30.094,-1.051,-3.017,-1.472,0.053,0.032,1.473,-3.64,10.84,49.28,0.4792,0.4746,0.4701,0.4651,8278,28.526,727.2,385.6,482.0,22.6,504.6,20.90,24.14,0.94894,7.438,12.90,24.99,14,2
56.593,factory_mission,9x4.5,pi5,30.008,-1.044,-3.017,-1.410,0.043,0.031,1.411,-3.77,10.68,50.49,0.4786,0.4733,0.4703,0.4663,8276,28.513,726.9,385.3,481.7,22.6,504.3,20.89,24.14,0.94889,7.445,12.91,24.99,14,2
56.641,factory_mission,9x4.5,pi5,29.956,-1.041,-3.018,-1.371,0.037,0.031,1.372,-3.83,10.58,51.29,0.4784,0.4739,0.4704,0.4656,8275,28.509,726.8,385.3,481.6,22.6,504.2,20.88,24.14,0.94884,7.452,12.91,24.99,14,2
56.689,factory_mission,9x4.5,pi5,29.886,-1.036,-3.018,-1.317,0.029,0.031,1.317,-3.91,10.47,52.49,0.4777,0.4739,0.4700,0.4666,8275,28.508,726.7,385.2,481.5,22.6,504.1,20.88,24.14,0.94879,7.459,12.91,24.99,14,2
56.741,factory_mission,9x4.5,pi5,29.837,-1.033,-3.018,-1.278,0.023,0.031,1.278,-3.94,10.41,53.29,0.4790,0.4744,0.4695,0.4654,8275,28.511,726.8,385.3,481.6,22.6,504.2,20.89,24.14,0.94874,7.466,12.91,24.99,14,2
56.793,factory_mission,9x4.5,pi5,29.763,-1.029,-3.018,-1.215,0.013,0.028,1.216,-3.94,10.30,54.49,0.3825,0.5861,0.4534,0.4952,8380,29.708,757.3,419.6,524.6,22.6,547.2,22.71,24.09,0.94869,7.474,11.87,24.99,14,2
56.841,factory_mission,9x4.5,pi5,29.719,-1.027,-3.019,-1.178,0.007,0.009,1.178,-3.17,9.15,55.38,0.4861,0.4794,0.4681,0.4674,8321,28.830,735.0,391.9,489.8,22.6,512.4,21.23,24.13,0.94864,7.481,12.69,24.99,14,2
56.893,factory_mission,9x4.5,pi5,29.659,-1.024,-3.021,-1.125,0.028,-0.012,1.125,-0.67,5.18,56.76,0.4954,0.4616,0.4637,0.4611,8252,28.363,723.1,382.7,478.3,22.6,500.9,20.75,24.15,0.94859,7.488,12.99,24.99,14,2
56.941,factory_mission,9x4.5,pi5,29.618,-1.020,-3.023,-1.087,0.070,-0.018,1.089,1.03,2.32,57.60,0.4921,0.4569,0.4645,0.4515,8191,27.953,712.6,374.4,468.1,22.6,490.7,20.31,24.16,0.94855,7.495,13.27,24.99,14,2
56.993,factory_mission,9x4.5,pi5,29.555,-1.010,-3.027,-1.026,0.178,-0.017,1.041,3.02,-1.35,58.77,0.4890,0.4485,0.4621,0.4519,8142,27.619,704.1,367.8,459.7,22.6,482.3,19.96,24.17,0.94850,7.501,13.50,24.99,14,2
57.041,factory_mission,9x4.5,pi5,29.518,-0.998,-3.029,-0.987,0.262,-0.010,1.021,3.94,-3.22,59.54,0.4822,0.4492,0.4628,0.4521,8123,27.485,700.7,364.9,456.2,22.6,478.8,19.81,24.17,0.94845,7.508,13.60,24.98,14,2
57.093,factory_mission,9x4.5,pi5,29.469,-0.976,-3.032,-0.932,0.391,0.004,1.011,4.75,-5.16,60.72,0.4742,0.4518,0.4649,0.4548,8121,27.460,700.0,364.3,455.4,22.6,478.0,19.77,24.17,0.94841,7.515,13.63,24.98,14,2
57.141,factory_mission,9x4.5,pi5,29.435,-0.954,-3.033,-0.893,0.487,0.016,1.017,4.99,-5.96,61.54,0.4718,0.4529,0.4667,0.4565,8129,27.512,701.4,365.3,456.6,22.6,479.2,19.83,24.17,0.94836,7.521,13.59,24.98,14,2
57.193,factory_mission,9x4.5,pi5,29.385,-0.910,-3.034,-0.831,0.639,0.034,1.049,5.03,-6.56,62.81,0.4686,0.4536,0.4699,0.4604,8145,27.624,704.2,367.5,459.4,22.6,482.0,19.94,24.17,0.94831,7.528,13.51,24.98,14,2
57.241,factory_mission,9x4.5,pi5,29.354,-0.876,-3.034,-0.793,0.730,0.043,1.079,4.91,-6.63,63.68,0.4680,0.4553,0.4704,0.4634,8162,27.735,707.0,369.7,462.1,22.6,484.7,20.06,24.16,0.94827,7.535,13.43,24.98,14,2
57.293,factory_mission,9x4.5,pi5,29.314,-0.822,-3.033,-0.742,0.850,0.054,1.130,4.58,-6.38,64.99,0.4646,0.4592,0.4714,0.4664,8178,27.844,709.8,371.9,464.8,22.6,487.4,20.17,24.16,0.94822,7.542,13.35,24.98,14,2
57.341,factory_mission,9x4.5,pi5,29.287,-0.779,-3.032,-0.707,0.928,0.060,1.168,4.30,-6.02,65.87,0.4657,0.4616,0.4716,0.4664,8192,27.937,712.2,373.7,467.1,22.6,489.7,20.27,24.16,0.94818,7.548,13.29,24.98,14,2
57.393,factory_mission,9x4.5,pi5,29.246,-0.703,-3.030,-0.653,1.037,0.065,1.227,3.84,-5.28,67.16,0.4660,0.4625,0.4725,0.4681,8206,28.031,714.6,375.6,469.5,22.6,492.1,20.37,24.15,0.94813,7.555,13.22,24.98,14,2
57.441,factory_mission,9x4.5,pi5,29.222,-0.653,-3.029,-0.621,1.096,0.066,1.261,3.52,-4.69,68.02,0.4668,0.4648,0.4721,0.4678,8214,28.089,716.1,376.8,471.0,22.6,493.6,20.44,24.15,0.94808,7.562,13.18,24.98,14,2
57.493,factory_mission,9x4.5,pi5,29.190,-0.578,-3.027,-0.577,1.165,0.066,1.302,3.06,-3.72,69.27,0.4663,0.4673,0.4712,0.4682,8220,28.128,717.1,377.5,471.9,22.6,494.5,20.48,24.15,0.94803,7.569,13.15,24.98,14,2
57.541,factory_mission,9x4.5,pi5,29.169,-0.523,-3.026,-0.547,1.205,0.064,1.325,2.77,-3.04,70.08,0.4681,0.4695,0.4691,0.4674,8223,28.152,717.7,378.0,472.5,22.6,495.1,20.50,24.15,0.94799,7.576,13.13,24.98,14,2
57.593,factory_mission,9x4.5,pi5,29.137,-0.432,-3.024,-0.502,1.253,0.061,1.351,2.37,-2.01,71.28,0.4686,0.4701,0.4696,0.4664,8226,28.171,718.2,378.4,473.0,22.6,495.6,20.52,24.15,0.94794,7.583,13.12,24.98,14,2
57.641,factory_mission,9x4.5,pi5,29.119,-0.375,-3.023,-0.474,1.274,0.058,1.360,2.13,-1.33,72.05,0.4698,0.4716,0.4680,0.4654,8226,28.172,718.2,378.4,473.0,22.6,495.6,20.53,24.15,0.94789,7.589,13.12,24.98,14,2
57.689,factory_mission,9x4.5,pi5,29.094,-0.294,-3.022,-0.437,1.291,0.054,1.364,1.83,-0.33,73.19,0.4701,0.4725,0.4671,0.4650,8226,28.170,718.1,378.4,473.0,22.6,495.6,20.52,24.15,0.94785,7.596,13.12,24.98,14,2
57.741,factory_mission,9x4.5,pi5,29.078,-0.236,-3.021,-0.413,1.296,0.052,1.361,1.66,0.30,73.94,0.4709,0.4754,0.4645,0.4638,8225,28.165,718.0,378.3,472.9,22.6,495.5,20.52,24.15,0.94780,7.603,13.12,24.98,14,2
57.793,factory_mission,9x4.5,pi5,29.053,-0.146,-3.020,-0.375,1.292,0.047,1.346,1.46,1.20,75.04,0.4718,0.4747,0.4646,0.4633,8225,28.162,717.9,378.3,472.8,22.6,495.4,20.52,24.15,0.94775,7.610,13.12,24.98,14,2
57.841,factory_mission,9x4.5,pi5,29.039,-0.090,-3.019,-0.352,1.282,0.045,1.331,1.36,1.75,75.78,0.4723,0.4763,0.4633,0.4626,8225,28.168,718.1,378.4,473.0,22.6,495.6,20.53,24.15,0.94770,7.617,13.11,24.98,14,2
57.893,factory_mission,9x4.5,pi5,29.020,-0.013,-3.018,-0.322,1.262,0.043,1.303,1.26,2.51,76.87,0.4734,0.4760,0.4626,0.4628,8226,28.176,718.3,378.6,473.2,22.6,495.8,20.53,24.14,0.94765,7.624,13.11,24.98,14,2
57.941,factory_mission,9x4.5,pi5,29.007,0.040,-3.017,-0.301,1.243,0.041,1.280,1.22,2.96,77.61,0.4744,0.4776,0.4616,0.4616,8228,28.186,718.6,378.8,473.5,22.6,496.1,20.55,24.14,0.94761,7.631,13.10,24.98,14,2
57.993,factory_mission,9x4.5,pi5,28.988,0.122,-3.016,-0.270,1.206,0.038,1.237,1.20,3.58,78.71,0.4739,0.4770,0.4627,0.4616,8228,28.187,718.6,378.8,473.5,22.6,496.1,20.55,24.14,0.94756,7.638,13.10,24.98,14,2
58.041,factory_mission,9x4.5,pi5,28.977,0.171,-3.016,-0.252,1.179,0.037,1.206,1.21,3.94,79.45,0.4746,0.4770,0.4613,0.4622,8227,28.183,718.5,378.7,473.4,22.6,496.0,20.54,24.14,0.94751,7.644,13.10,24.98,14,2
58.093,factory_mission,9x4.5,pi5,28.962,0.237,-3.016,-0.228,1.137,0.035,1.161,1.25,4.41,80.58,0.4742,0.4768,0.4622,0.4617,8227,28.178,718.3,378.6,473.3,22.6,495.9,20.54,24.14,0.94746,7.652,13.10,24.98,14,2
58.141,factory_mission,9x4.5,pi5,28.952,0.282,-3.015,-0.212,1.106,0.034,1.126,1.30,4.68,81.33,0.4748,0.4776,0.4617,0.4607,8226,28.178,718.3,378.6,473.3,22.6,495.9,20.54,24.14,0.94742,7.658,13.10,24.98,14,2
58.193,factory_mission,9x4.5,pi5,28.938,0.350,-3.015,-0.188,1.052,0.033,1.069,1.39,5.02,82.47,0.4739,0.4766,0.4626,0.4616,8226,28.173,718.2,378.5,473.1,22.6,495.7,20.53,24.14,0.94737,7.665,13.10,24.98,14,2
58.241,factory_mission,9x4.5,pi5,28.929,0.390,-3.015,-0.174,1.017,0.032,1.032,1.46,5.20,83.24,0.4745,0.4761,0.4621,0.4621,8226,28.173,718.2,378.5,473.2,22.6,495.8,20.54,24.14,0.94732,7.672,13.10,24.98,14,2
58.293,factory_mission,9x4.5,pi5,28.917,0.444,-3.015,-0.155,0.967,0.032,0.980,1.59,5.42,84.41,0.4742,0.4755,0.4632,0.4623,8227,28.181,718.4,378.7,473.3,22.6,495.9,20.54,24.14,0.94727,7.679,13.10,24.98,14,2
58.341,factory_mission,9x4.5,pi5,28.910,0.479,-3.014,-0.143,0.931,0.031,0.943,1.68,5.53,85.19,0.4746,0.4762,0.4624,0.4623,8228,28.190,718.7,378.9,473.6,22.6,496.2,20.55,24.14,0.94723,7.686,13.09,24.98,14,2
58.393,factory_mission,9x4.5,pi5,28.898,0.533,-3.014,-0.126,0.872,0.017,0.881,1.76,5.66,86.38,0.5860,0.4391,0.4460,0.5530,8767,32.365,825.1,473.8,592.3,22.6,614.9,25.63,23.99,0.94717,7.695,10.49,24.98,14,2
58.441,factory_mission,9x4.5,pi5,28.891,0.564,-3.016,-0.115,0.830,-0.040,0.839,0.50,5.91,87.18,0.4993,0.5014,0.4842,0.4805,8554,30.471,776.8,425.8,532.3,22.6,554.9,23.06,24.06,0.94711,7.702,11.66,24.98,14,2
58.493,factory_mission,9x4.5,pi5,28.882,0.604,-3.022,-0.071,0.769,-0.097,0.778,-3.69,6.64,88.38,0.4761,0.4999,0.4779,0.4585,8363,29.132,742.7,398.3,497.9,22.6,520.5,21.59,24.11,0.94706,7.710,12.46,24.98,14,2
58.541,factory_mission,9x4.5,pi5,28.877,0.629,-3.028,-0.016,0.724,-0.112,0.733,-6.64,7.17,89.17,0.4682,0.4915,0.4694,0.4486,8237,28.263,720.5,380.7,475.8,22.6,498.4,20.65,24.14,0.94702,7.716,13.02,24.98,14,2
58.593,factory_mission,9x4.5,pi5,28.876,0.666,-3.039,0.106,0.652,-0.105,0.669,-10.22,7.88,90.36,0.4594,0.4850,0.4665,0.4456,8160,27.737,707.1,370.0,462.6,22.6,485.2,20.09,24.15,0.94697,7.723,13.39,24.98,14,2
58.641,factory_mission,9x4.5,pi5,28.880,0.687,-3.045,0.196,0.608,-0.088,0.644,-11.96,8.29,91.17,0.4589,0.4792,0.4644,0.4486,8140,27.597,703.5,367.1,458.9,22.6,481.5,19.93,24.16,0.94692,7.730,13.49,24.98,14,2
58.693,factory_mission,9x4.5,pi5,28.893,0.711,-3.052,0.332,0.547,-0.056,0.642,-13.64,8.77,92.40,0.4592,0.4741,0.4658,0.4538,8147,27.634,704.5,367.7,459.7,22.6,482.3,19.97,24.16,0.94688,7.737,13.47,24.98,14,2
58.741,factory_mission,9x4.5,pi5,28.908,0.727,-3.055,0.434,0.505,-0.033,0.666,-14.27,9.01,93.24,0.4607,0.4725,0.4670,0.4583,8167,27.772,708.0,370.4,463.1,22.6,485.7,20.11,24.15,0.94683,7.743,13.37,24.98,14,2
58.793,factory_mission,9x4.5,pi5,28.942,0.747,-3.058,0.597,0.440,0.003,0.742,-14.62,9.26,94.52,0.4615,0.4706,0.4704,0.4648,8199,27.984,713.4,374.7,468.3,22.6,490.9,20.33,24.14,0.94678,7.750,13.22,24.98,14,2
58.841,factory_mission,9x4.5,pi5,28.969,0.758,-3.058,0.697,0.402,0.022,0.805,-14.56,9.35,95.38,0.4632,0.4707,0.4724,0.4684,8226,28.171,718.2,378.4,473.0,22.6,495.6,20.53,24.14,0.94674,7.757,13.09,24.98,14,2
58.893,factory_mission,9x4.5,pi5,29.015,0.770,-3.057,0.832,0.351,0.044,0.904,-14.17,9.40,96.67,0.4664,0.4687,0.4743,0.4723,8251,28.345,722.6,381.9,477.4,22.6,500.0,20.72,24.13,0.94669,7.764,12.97,24.98,14,2
58.941,factory_mission,9x4.5,pi5,29.052,0.777,-3.056,0.922,0.318,0.057,0.977,-13.76,9.36,97.52,0.4692,0.4701,0.4744,0.4741,8274,28.498,726.5,385.0,481.3,22.6,503.9,20.89,24.13,0.94664,7.771,12.87,24.98,14,2
58.993,factory_mission,9x4.5,pi5,29.120,0.786,-3.052,1.057,0.269,0.070,1.093,-13.02,9.24,98.79,0.4702,0.4706,0.4763,0.4761,8293,28.632,729.9,387.7,484.7,22.6,507.3,21.03,24.12,0.94659,7.778,12.78,24.98,14,2
59.041,factory_mission,9x4.5,pi5,29.167,0.790,-3.049,1.134,0.242,0.075,1.162,-12.48,9.12,99.62,0.4731,0.4711,0.4757,0.4764,8304,28.706,731.8,389.2,486.6,22.6,509.2,21.11,24.12,0.94654,7.785,12.73,24.97,14,2
59.093,factory_mission,9x4.5,pi5,29.237,0.794,-3.044,1.232,0.207,0.079,1.251,-11.64,8.90,100.85,0.4753,0.4713,0.4749,0.4768,8312,28.759,733.2,390.3,487.9,22.6,510.5,21.17,24.12,0.94649,7.792,12.70,24.97,14,2
59.141,factory_mission,9x4.5,pi5,29.291,0.797,-3.041,1.294,0.184,0.080,1.310,-11.08,8.73,101.65,0.4776,0.4732,0.4741,0.4744,8315,28.784,733.8,390.8,488.5,22.6,511.1,21.20,24.11,0.94644,7.799,12.68,24.97,14,2
59.193,factory_mission,9x4.5,pi5,29.380,0.799,-3.036,1.383,0.154,0.078,1.394,-10.29,8.47,102.84,0.4779,0.4739,0.4732,0.4745,8316,28.788,733.9,390.9,488.6,22.6,511.2,21.20,24.11,0.94639,7.806,12.67,24.97,14,2
59.241,factory_mission,9x4.5,pi5,29.438,0.800,-3.033,1.431,0.138,0.076,1.439,-9.79,8.29,103.62,0.4796,0.4747,0.4717,0.4731,8314,28.780,733.7,390.7,488.4,22.6,511.0,21.19,24.11,0.94635,7.813,12.68,24.97,14,2
59.289,factory_mission,9x4.5,pi5,29.522,0.802,-3.029,1.489,0.118,0.072,1.496,-9.10,8.03,104.78,0.4800,0.4752,0.4712,0.4716,8311,28.755,733.0,390.2,487.8,22.6,510.4,21.17,24.11,0.94630,7.820,12.69,24.97,14,2
59.341,factory_mission,9x4.5,pi5,29.583,0.803,-3.027,1.525,0.107,0.068,1.531,-8.69,7.86,105.55,0.4817,0.4767,0.4685,0.4700,8306,28.723,732.2,389.6,487.0,22.6,509.6,21.13,24.11,0.94625,7.827,12.71,24.97,14,2
59.393,factory_mission,9x4.5,pi5,29.683,0.804,-3.023,1.575,0.093,0.062,1.578,-8.13,7.64,106.70,0.4812,0.4763,0.4682,0.4693,8300,28.678,731.1,388.7,485.9,22.6,508.5,21.09,24.12,0.94620,7.835,12.74,24.97,14,2
59.441,factory_mission,9x4.5,pi5,29.746,0.805,-3.021,1.600,0.086,0.059,1.604,-7.80,7.52,107.47,0.4818,0.4766,0.4670,0.4681,8294,28.641,730.2,388.0,485.0,22.6,507.6,21.05,24.12,0.94615,7.841,12.76,24.97,14,2
59.493,factory_mission,9x4.5,pi5,29.835,0.806,-3.019,1.631,0.078,0.054,1.634,-7.36,7.36,108.62,0.4816,0.4764,0.4666,0.4675,8289,28.606,729.2,387.3,484.1,22.6,506.7,21.01,24.12,0.94610,7.849,12.79,24.97,14,2
59.541,factory_mission,9x4.5,pi5,29.899,0.807,-3.018,1.650,0.074,0.051,1.652,-7.10,7.27,109.39,0.4820,0.4772,0.4657,0.4658,8284,28.572,728.4,386.6,483.3,22.6,505.9,20.97,24.12,0.94605,7.856,12.81,24.97,14,2
59.593,factory_mission,9x4.5,pi5,30.002,0.808,-3.016,1.674,0.069,0.046,1.676,-6.77,7.17,110.56,0.4810,0.4757,0.4663,0.4660,8278,28.530,727.3,385.7,482.2,22.6,504.8,20.93,24.12,0.94600,7.863,12.83,24.97,14,2
59.641,factory_mission,9x4.5,pi5,30.066,0.810,-3.015,1.687,0.067,0.043,1.688,-6.58,7.12,111.34,0.4804,0.4761,0.4651,0.4662,8273,28.498,726.5,385.1,481.3,22.6,503.9,20.89,24.12,0.94596,7.870,12.85,24.97,14,2
59.693,factory_mission,9x4.5,pi5,30.156,0.812,-3.014,1.701,0.066,0.040,1.703,-6.33,7.08,112.53,0.4793,0.4757,0.4658,0.4660,8269,28.471,725.8,384.5,480.7,22.6,503.3,20.86,24.12,0.94591,7.877,12.87,24.97,14,2
59.741,factory_mission,9x4.5,pi5,30.221,0.814,-3.014,1.710,0.066,0.038,1.712,-6.18,7.06,113.32,0.4799,0.4757,0.4648,0.4654,8266,28.450,725.3,384.1,480.1,22.6,502.7,20.84,24.12,0.94586,7.884,12.88,24.97,14,2
59.789,factory_mission,9x4.5,pi5,30.325,0.818,-3.013,1.722,0.067,0.035,1.724,-5.99,7.07,114.52,0.4789,0.4739,0.4659,0.4663,8263,28.429,724.7,383.7,479.6,22.6,502.2,20.82,24.12,0.94581,7.890,12.90,24.97,14,2
59.841,factory_mission,9x4.5,pi5,30.389,0.820,-3.014,1.728,0.068,0.033,1.730,-5.88,7.08,115.32,0.4780,0.4744,0.4661,0.4653,8259,28.398,723.9,383.0,478.8,22.6,501.4,20.79,24.12,0.94576,7.897,12.92,24.97,14,2
59.893,factory_mission,9x4.5,pi5,30.479,0.824,-3.014,1.735,0.070,0.031,1.737,-5.72,7.12,116.51,0.4775,0.4733,0.4663,0.4657,8255,28.372,723.3,382.5,478.1,22.6,500.7,20.76,24.12,0.94571,7.905,12.93,24.97,14,2
59.941,factory_mission,9x4.5,pi5,30.543,0.828,-3.015,1.740,0.072,0.030,1.741,-5.63,7.16,117.30,0.4773,0.4742,0.4649,0.4655,8252,28.350,722.7,382.1,477.6,22.6,500.2,20.74,24.12,0.94567,7.911,12.95,24.97,14,2
59.993,factory_mission,9x4.5,pi5,30.646,0.833,-3.016,1.745,0.075,0.029,1.747,-5.51,7.23,118.49,0.4768,0.4724,0.4656,0.4661,8249,28.326,722.1,381.6,477.0,22.6,499.6,20.71,24.12,0.94562,7.919,12.96,24.97,14,2
60.041,factory_mission,9x4.5,pi5,30.710,0.836,-3.016,1.748,0.077,0.029,1.750,-5.43,7.29,119.28,0.4767,0.4728,0.4653,0.4658,8247,28.318,721.9,381.4,476.8,22.6,499.4,20.70,24.12,0.94557,7.925,12.97,24.97,14,2
60.093,factory_mission,9x4.5,pi5,30.799,0.841,-3.017,1.752,0.080,0.029,1.754,-5.32,7.38,120.46,0.4760,0.4729,0.4660,0.4656,8247,28.314,721.8,381.3,476.6,22.6,499.2,20.70,24.12,0.94552,7.932,12.97,24.97,14,2
60.141,factory_mission,9x4.5,pi5,30.863,0.845,-3.018,1.754,0.082,0.029,1.757,-5.25,7.44,121.25,0.4764,0.4739,0.4651,0.4649,8246,28.309,721.7,381.2,476.5,22.6,499.1,20.69,24.12,0.94548,7.939,12.97,24.97,14,2
60.193,factory_mission,9x4.5,pi5,30.966,0.851,-3.019,1.758,0.086,0.029,1.761,-5.15,7.55,122.43,0.4757,0.4728,0.4658,0.4656,8245,28.302,721.5,381.1,476.3,22.6,498.9,20.68,24.12,0.94543,7.946,12.97,24.97,14,2
60.241,factory_mission,9x4.5,pi5,31.030,0.856,-3.020,1.760,0.088,0.029,1.763,-5.09,7.62,123.21,0.4767,0.4725,0.4653,0.4652,8244,28.293,721.3,380.9,476.1,22.6,498.7,20.68,24.12,0.94538,7.953,12.98,24.97,14,2
60.289,factory_mission,9x4.5,pi5,31.119,0.862,-3.021,1.764,0.092,0.029,1.766,-4.99,7.73,124.40,0.4754,0.4728,0.4658,0.4652,8242,28.283,721.0,380.7,475.9,22.6,498.5,20.66,24.12,0.94533,7.960,12.98,24.97,14,2
60.341,factory_mission,9x4.5,pi5,31.183,0.868,-3.022,1.766,0.095,0.029,1.769,-4.93,7.81,125.19,0.4764,0.4733,0.4652,0.4640,8241,28.278,720.9,380.6,475.7,22.6,498.3,20.66,24.12,0.94528,7.967,12.99,24.97,14,2
60.393,factory_mission,9x4.5,pi5,31.286,0.876,-3.023,1.770,0.101,0.029,1.773,-4.82,7.93,126.38,0.4755,0.4726,0.4657,0.4650,8241,28.273,720.8,380.5,475.6,22.6,498.2,20.66,24.12,0.94523,7.974,12.99,24.97,14,2
60.441,factory_mission,9x4.5,pi5,31.351,0.882,-3.024,1.773,0.104,0.030,1.776,-4.75,8.01,127.18,0.4760,0.4725,0.4654,0.4648,8241,28.273,720.8,380.5,475.6,22.6,498.2,20.66,24.12,0.94519,7.981,12.99,24.97,14,2
60.493,factory_mission,9x4.5,pi5,31.442,0.891,-3.025,1.777,0.109,0.030,1.780,-4.63,8.14,128.38,0.4759,0.4719,0.4660,0.4650,8241,28.274,720.8,380.5,475.6,22.6,498.2,20.66,24.12,0.94514,7.988,12.99,24.97,14,2
60.541,factory_mission,9x4.5,pi5,31.507,0.897,-3.025,1.779,0.112,0.031,1.783,-4.55,8.23,129.18,0.4759,0.4733,0.4652,0.4646,8242,28.280,720.9,380.6,475.8,22.6,498.4,20.66,24.12,0.94509,7.994,12.98,24.97,14,2
60.593,factory_mission,9x4.5,pi5,31.612,0.907,-3.026,1.784,0.117,0.031,1.788,-4.42,8.35,130.39,0.4754,0.4723,0.4661,0.4657,8243,28.289,721.2,380.8,476.0,22.6,498.6,20.67,24.12,0.94504,8.002,12.97,24.97,14,2
60.641,factory_mission,9x4.5,pi5,31.677,0.914,-3.026,1.787,0.120,0.031,1.791,-4.33,8.44,131.19,0.4756,0.4726,0.4658,0.4658,8244,28.297,721.4,381.0,476.2,22.6,498.8,20.68,24.12,0.94500,8.008,12.97,24.97,14,2
60.693,factory_mission,9x4.5,pi5,31.770,0.923,-3.026,1.791,0.124,0.032,1.796,-4.19,8.57,132.40,0.4754,0.4721,0.4667,0.4660,8246,28.308,721.7,381.2,476.5,22.6,499.1,20.69,24.12,0.94495,8.016,12.96,24.97,14,2
60.741,factory_mission,9x4.5,pi5,31.836,0.930,-3.026,1.795,0.127,0.032,1.800,-4.09,8.65,133.21,0.4762,0.4730,0.4664,0.4652,8248,28.322,722.0,381.5,476.8,22.6,499.4,20.71,24.12,0.94490,8.022,12.95,24.97,14,2
60.793,factory_mission,9x4.5,pi5,31.943,0.941,-3.026,1.800,0.132,0.032,1.805,-3.94,8.77,134.42,0.4758,0.4721,0.4669,0.4667,8250,28.339,722.4,381.8,477.3,22.6,499.9,20.73,24.12,0.94485,8.029,12.94,24.97,14,2
60.841,factory_mission,9x4.5,pi5,32.010,0.949,-3.025,1.804,0.135,0.032,1.809,-3.84,8.85,135.22,0.4761,0.4727,0.4671,0.4663,8253,28.356,722.9,382.2,477.7,22.6,500.3,20.75,24.11,0.94481,8.036,12.92,24.97,14,2
60.893,factory_mission,9x4.5,pi5,32.104,0.959,-3.025,1.809,0.139,0.032,1.814,-3.68,8.97,136.43,0.4756,0.4729,0.4676,0.4669,8256,28.374,723.3,382.5,478.2,22.6,500.8,20.77,24.11,0.94476,8.043,12.91,24.97,14,2
60.941,factory_mission,9x4.5,pi5,32.172,0.967,-3.024,1.812,0.142,0.032,1.818,-3.57,9.04,137.23,0.4765,0.4737,0.4671,0.4661,8258,28.388,723.7,382.8,478.5,22.6,501.1,20.78,24.11,0.94471,8.050,12.90,24.97,14,2
60.993,factory_mission,9x4.5,pi5,32.281,0.979,-3.023,1.819,0.146,0.031,1.825,-3.40,9.15,138.44,0.4763,0.4728,0.4677,0.4675,8260,28.407,724.2,383.2,479.0,22.6,501.6,20.80,24.11,0.94466,8.057,12.89,24.97,14,2
61.041,factory_mission,9x4.5,pi5,32.350,0.987,-3.022,1.823,0.150,0.030,1.829,-3.28,9.22,139.24,0.4769,0.4730,0.4680,0.4669,8263,28.423,724.6,383.5,479.4,22.6,502.0,20.82,24.11,0.94461,8.064,12.87,24.96,14,2
61.093,factory_mission,9x4.5,pi5,32.446,0.999,-3.021,1.829,0.155,0.030,1.836,-3.10,9.33,140.44,0.4739,0.4745,0.4675,0.4667,8254,28.366,723.1,382.3,477.9,22.6,500.5,20.76,24.11,0.94456,8.071,12.91,24.96,14,2
61.141,factory_mission,9x4.5,pi5,32.515,1.007,-3.020,1.834,0.159,0.029,1.841,-2.96,9.38,141.25,0.4736,0.4749,0.4664,0.4651,8245,28.299,721.4,381.0,476.3,22.6,498.9,20.69,24.11,0.94452,8.078,12.96,24.96,14,2
61.193,factory_mission,9x4.5,pi5,32.626,1.020,-3.018,1.841,0.166,0.031,1.849,-2.66,9.37,142.46,0.4709,0.4751,0.4668,0.4656,8239,28.262,720.5,380.3,475.3,22.6,497.9,20.65,24.11,0.94447,8.085,12.98,24.96,14,2
61.241,factory_mission,9x4.5,pi5,32.696,1.028,-3.017,1.845,0.170,0.032,1.853,-2.37,9.28,143.26,0.4722,0.4742,0.4664,0.4652,8238,28.253,720.3,380.1,475.1,22.6,497.7,20.64,24.11,0.94442,8.092,12.98,24.96,14,2
61.293,factory_mission,9x4.5,pi5,32.794,1.040,-3.015,1.847,0.176,0.033,1.856,-1.85,9.02,144.48,0.4736,0.4725,0.4661,0.4662,8239,28.260,720.4,380.2,475.3,22.6,497.9,20.65,24.11,0.94437,8.099,12.98,24.96,14,2
61.341,factory_mission,9x4.5,pi5,32.865,1.048,-3.014,1.847,0.180,0.034,1.856,-1.44,8.77,145.30,0.4746,0.4733,0.4659,0.4649,8240,28.270,720.7,380.4,475.5,22.6,498.1,20.66,24.11,0.94433,8.106,12.97,24.96,14,2
61.393,factory_mission,9x4.5,pi5,32.977,1.062,-3.011,1.841,0.187,0.034,1.851,-0.79,8.32,146.52,0.4738,0.4730,0.4667,0.4656,8242,28.279,720.9,380.6,475.8,22.6,498.4,20.67,24.11,0.94428,8.113,12.96,24.96,14,2
61.441,factory_mission,9x4.5,pi5,33.048,1.071,-3.010,1.834,0.190,0.034,1.844,-0.34,7.97,147.34,0.4751,0.4727,0.4659,0.4657,8243,28.287,721.1,380.8,476.0,22.6,498.6,20.68,24.11,0.94423,8.119,12.96,24.96,14,2
61.493,factory_mission,9x4.5,pi5,33.145,1.084,-3.009,1.819,0.195,0.033,1.829,0.35,7.41,148.57,0.4755,0.4720,0.4665,0.4654,8243,28.288,721.1,380.8,476.0,22.6,498.6,20.68,24.11,0.94418,8.127,12.96,24.96,14,2
61.541,factory_mission,9x4.5,pi5,33.214,1.093,-3.008,1.805,0.198,0.031,1.816,0.80,7.01,149.38,0.4765,0.4726,0.4658,0.4642,8242,28.280,721.0,380.6,475.8,22.6,498.4,20.67,24.11,0.94413,8.133,12.96,24.96,14,2
61.593,factory_mission,9x4.5,pi5,33.324,1.109,-3.007,1.776,0.202,0.029,1.788,1.46,6.41,150.61,0.4752,0.4722,0.4661,0.4651,8240,28.267,720.6,380.4,475.5,22.6,498.1,20.66,24.11,0.94408,8.140,12.97,24.96,14,2
61.641,factory_mission,9x4.5,pi5,33.391,1.119,-3.006,1.755,0.204,0.027,1.767,1.88,6.00,151.42,0.4755,0.4723,0.4659,0.4643,8238,28.252,720.2,380.1,475.1,22.6,497.7,20.64,24.11,0.94404,8.147,12.98,24.96,14,2
61.693,factory_mission,9x4.5,pi5,33.483,1.133,-3.005,1.721,0.207,0.025,1.734,2.49,5.38,152.63,0.4753,0.4718,0.4662,0.4644,8237,28.245,720.0,379.9,474.9,22.6,497.5,20.63,24.11,0.94399,8.154,12.98,24.96,14,2
61.741,factory_mission,9x4.5,pi5,33.547,1.143,-3.005,1.694,0.208,0.024,1.707,2.87,4.98,153.44,0.4762,0.4724,0.4653,0.4636,8236,28.240,719.9,379.8,474.8,22.6,497.4,20.63,24.11,0.94394,8.161,12.98,24.96,14,2
61.793,factory_mission,9x4.5,pi5,33.647,1.160,-3.004,1.647,0.209,0.021,1.660,3.40,4.40,154.65,0.4751,0.4718,0.4662,0.4642,8236,28.237,719.8,379.8,474.7,22.6,497.3,20.63,24.11,0.94389,8.168,12.98,24.96,14,2
61.841,factory_mission,9x4.5,pi5,33.708,1.169,-3.003,1.615,0.209,0.020,1.629,3.73,4.03,155.46,0.4750,0.4725,0.4659,0.4641,8236,28.239,719.9,379.8,474.7,22.6,497.3,20.63,24.11,0.94385,8.175,12.98,24.96,14,2
61.893,factory_mission,9x4.5,pi5,33.792,1.183,-3.002,1.569,0.207,0.018,1.582,4.19,3.49,156.67,0.4754,0.4716,0.4662,0.4644,8236,28.240,719.9,379.8,474.8,22.6,497.4,20.63,24.11,0.94380,8.182,12.98,24.96,14,2
61.941,factory_mission,9x4.5,pi5,33.849,1.192,-3.002,1.534,0.206,0.017,1.548,4.46,3.14,157.47,0.4762,0.4722,0.4653,0.4638,8236,28.240,719.9,379.8,474.8,22.6,497.4,20.63,24.11,0.94375,8.188,12.98,24.96,14,2
61.993,factory_mission,9x4.5,pi5,33.938,1.206,-3.001,1.477,0.202,0.015,1.491,4.84,2.64,158.68,0.4744,0.4721,0.4664,0.4645,8235,28.236,719.8,379.7,474.7,22.6,497.3,20.63,24.11,0.94370,8.196,12.98,24.96,14,2
62.041,factory_mission,9x4.5,pi5,33.992,1.214,-3.001,1.441,0.199,0.014,1.454,5.07,2.32,159.49,0.4746,0.4723,0.4664,0.4641,8235,28.236,719.8,379.7,474.7,22.6,497.3,20.63,24.11,0.94366,8.202,12.98,24.96,14,2
62.093,factory_mission,9x4.5,pi5,34.065,1.225,-3.001,1.389,0.194,0.013,1.402,5.37,1.86,160.70,0.4740,0.4721,0.4669,0.4643,8235,28.236,719.8,379.7,474.7,22.6,497.3,20.63,24.11,0.94361,8.209,12.98,24.96,14,2
62.141,factory_mission,9x4.5,pi5,34.115,1.233,-3.000,1.351,0.190,0.012,1.365,5.55,1.57,161.50,0.4749,0.4729,0.4660,0.4638,8236,28.243,720.0,379.9,474.8,22.6,497.4,20.63,24.11,0.94356,8.216,12.97,24.96,14,2
62.193,factory_mission,9x4.5,pi5,34.192,1.243,-3.000,1.291,0.183,0.011,1.304,5.78,1.15,162.71,0.4739,0.4722,0.4669,0.4646,8236,28.243,720.0,379.9,474.8,22.6,497.4,20.63,24.11,0.94351,8.223,12.97,24.96,14,2
62.241,factory_mission,9x4.5,pi5,34.239,1.250,-3.000,1.254,0.179,0.010,1.267,5.91,0.88,163.52,0.4743,0.4721,0.4667,0.4642,8236,28.238,719.9,379.8,474.7,22.6,497.3,20.63,24.11,0.94347,8.230,12.97,24.96,14,2
62.293,factory_mission,9x4.5,pi5,34.301,1.258,-3.000,1.202,0.171,0.001,1.214,6.00,0.47,164.73,0.5303,0.4542,0.4224,0.5517,8530,30.537,778.5,432.2,540.2,22.6,562.8,23.43,24.02,0.94341,8.238,11.42,24.96,14,2
62.341,factory_mission,9x4.5,pi5,34.344,1.264,-3.002,1.164,0.166,-0.034,1.177,4.58,-0.15,165.50,0.4849,0.4815,0.4852,0.4755,8416,29.486,751.7,405.2,506.5,22.6,529.1,21.99,24.07,0.94336,8.245,12.17,24.96,14,2
62.389,factory_mission,9x4.5,pi5,34.410,1.274,-3.007,1.106,0.194,-0.074,1.125,0.27,-1.54,166.64,0.4688,0.4783,0.4887,0.4593,8300,28.690,731.4,389.1,486.4,22.6,509.0,21.13,24.09,0.94331,8.252,12.67,24.96,14,2
62.441,factory_mission,9x4.5,pi5,34.449,1.281,-3.011,1.069,0.240,-0.083,1.099,-3.04,-2.48,167.53,0.4615,0.4739,0.4807,0.4518,8202,28.015,714.2,375.5,469.3,22.6,491.9,20.40,24.11,0.94326,8.259,13.11,24.96,14,2
62.493,factory_mission,9x4.5,pi5,34.502,1.296,-3.017,1.020,0.334,-0.080,1.076,-6.54,-3.35,168.69,0.4580,0.4727,0.4779,0.4458,8152,27.682,705.7,368.9,461.1,22.6,483.7,20.05,24.12,0.94322,8.266,13.34,24.96,14,2
62.541,factory_mission,9x4.5,pi5,34.538,1.311,-3.022,0.985,0.416,-0.070,1.072,-8.45,-3.75,169.51,0.4605,0.4719,0.4703,0.4461,8132,27.540,702.1,365.9,457.4,22.6,480.0,19.90,24.13,0.94317,8.272,13.45,24.96,14,2
62.593,factory_mission,9x4.5,pi5,34.593,1.343,-3.027,0.932,0.564,-0.045,1.090,-10.43,-4.07,170.72,0.4619,0.4726,0.4677,0.4478,8136,27.565,702.7,366.4,458.0,22.6,480.6,19.92,24.12,0.94312,8.279,13.43,24.96,14,2
62.641,factory_mission,9x4.5,pi5,34.626,1.369,-3.029,0.899,0.660,-0.028,1.116,-11.26,-4.14,171.51,0.4651,0.4743,0.4652,0.4498,8152,27.672,705.5,368.5,460.7,22.6,483.3,20.03,24.12,0.94308,8.286,13.35,24.96,14,2
62.693,factory_mission,9x4.5,pi5,34.671,1.412,-3.031,0.855,0.797,-0.005,1.169,-11.92,-4.11,172.66,0.4680,0.4745,0.4631,0.4530,8168,27.778,708.1,370.6,463.3,22.6,485.9,20.15,24.12,0.94303,8.293,13.28,24.96,14,2
62.741,factory_mission,9x4.5,pi5,34.701,1.449,-3.032,0.825,0.894,0.009,1.216,-12.05,-4.03,173.43,0.4706,0.4762,0.4622,0.4533,8181,27.870,710.5,372.5,465.6,22.6,488.2,20.25,24.11,0.94299,8.299,13.21,24.96,14,2
62.793,factory_mission,9x4.5,pi5,34.748,1.516,-3.031,0.778,1.041,0.029,1.300,-11.87,-3.85,174.57,0.4709,0.4770,0.4626,0.4566,8199,27.988,713.5,374.8,468.5,22.6,491.1,20.37,24.11,0.94294,8.306,13.13,24.96,14,2
62.841,factory_mission,9x4.5,pi5,34.776,1.564,-3.030,0.750,1.127,0.038,1.354,-11.53,-3.71,175.34,0.4719,0.4779,0.4632,0.4579,8212,28.081,715.9,376.7,470.9,22.6,493.5,20.47,24.11,0.94289,8.313,13.07,24.96,14,2
62.893,factory_mission,9x4.5,pi5,34.813,1.636,-3.028,0.712,1.237,0.048,1.428,-10.77,-3.50,176.51,0.4735,0.4764,0.4631,0.4612,8224,28.162,717.9,378.3,472.9,22.6,495.5,20.56,24.10,0.94284,8.320,13.01,24.96,14,2
62.941,factory_mission,9x4.5,pi5,34.839,1.691,-3.027,0.685,1.307,0.053,1.477,-10.13,-3.37,177.30,0.4749,0.4767,0.4626,0.4626,8233,28.225,719.5,379.6,474.5,22.6,497.1,20.62,24.10,0.94280,8.327,12.97,24.96,14,2
62.989,factory_mission,9x4.5,pi5,34.878,1.784,-3.024,0.645,1.405,0.057,1.547,-9.05,-3.21,178.51,0.4740,0.4755,0.4641,0.4650,8240,28.269,720.7,380.4,475.5,22.6,498.1,20.67,24.10,0.94275,8.333,12.94,24.96,14,2
63.041,factory_mission,9x4.5,pi5,34.901,1.846,-3.022,0.620,1.456,0.057,1.584,-8.27,-3.13,179.32,0.4745,0.4751,0.4653,0.4650,8245,28.302,721.5,381.1,476.3,22.6,498.9,20.71,24.10,0.94270,8.341,12.91,24.95,14,2
63.093,factory_mission,9x4.5,pi5,34.932,1.935,-3.019,0.587,1.515,0.056,1.626,-7.06,-3.04,-179.45,0.4743,0.4739,0.4650,0.4672,8246,28.312,721.8,381.3,476.6,22.6,499.2,20.72,24.10,0.94265,8.348,12.91,24.95,14,2
63.141,factory_mission,9x4.5,pi5,34.953,2.000,-3.017,0.564,1.549,0.054,1.649,-6.25,-3.01,-178.63,0.4752,0.4736,0.4642,0.4674,8247,28.314,721.8,381.3,476.6,22.6,499.2,20.72,24.10,0.94260,8.354,12.90,24.95,14,2
63.193,factory_mission,9x4.5,pi5,34.986,2.105,-3.015,0.529,1.587,0.050,1.673,-5.06,-3.01,-177.38,0.4737,0.4726,0.4653,0.4687,8246,28.309,721.7,381.2,476.5,22.6,499.1,20.71,24.10,0.94255,8.362,12.91,24.95,14,2
63.241,factory_mission,9x4.5,pi5,35.006,2.171,-3.013,0.507,1.601,0.046,1.680,-4.28,-3.03,-176.55,0.4733,0.4729,0.4655,0.4682,8245,28.298,721.4,381.0,476.2,22.6,498.8,20.70,24.10,0.94251,8.368,12.91,24.95,14,2
63.293,factory_mission,9x4.5,pi5,35.032,2.263,-3.011,0.478,1.611,0.042,1.681,-3.18,-3.11,-175.28,0.4736,0.4712,0.4657,0.4689,8243,28.286,721.1,380.7,475.9,22.6,498.5,20.69,24.10,0.94246,8.376,12.92,24.95,14,2
63.341,factory_mission,9x4.5,pi5,35.050,2.328,-3.010,0.458,1.611,0.039,1.675,-2.49,-3.18,-174.44,0.4743,0.4713,0.4646,0.4684,8240,28.267,720.6,380.4,475.4,22.6,498.0,20.67,24.10,0.94241,8.382,12.93,24.95,14,2
63.393,factory_mission,9x4.5,pi5,35.077,2.432,-3.009,0.427,1.600,0.033,1.657,-1.54,-3.31,-173.17,0.4721,0.4712,0.4657,0.4688,8237,28.245,720.1,379.9,474.9,22.6,497.5,20.65,24.10,0.94236,8.389,12.94,24.95,14,2
63.441,factory_mission,9x4.5,pi5,35.092,2.495,-3.008,0.408,1.588,0.031,1.639,-0.95,-3.42,-172.33,0.4726,0.4707,0.4656,0.4682,8234,28.228,719.6,379.6,474.5,22.6,497.1,20.63,24.10,0.94232,8.396,12.96,24.95,14,2
63.493,factory_mission,9x4.5,pi5,35.113,2.581,-3.007,0.382,1.563,0.027,1.609,-0.16,-3.59,-171.06,0.4722,0.4700,0.4654,0.4689,8232,28.215,719.3,379.3,474.1,22.6,496.7,20.61,24.10,0.94227,8.403,12.96,24.95,14,2
63.541,factory_mission,9x4.5,pi5,35.127,2.642,-3.007,0.364,1.541,0.025,1.583,0.32,-3.71,-170.22,0.4729,0.4705,0.4651,0.4675,8231,28.203,719.0,379.0,473.8,22.6,496.4,20.60,24.10,0.94222,8.410,12.97,24.95,14,2
63.589,factory_mission,9x4.5,pi5,35.147,2.735,-3.006,0.336,1.500,0.022,1.537,0.96,-3.91,-168.97,0.4718,0.4697,0.4657,0.4687,8230,28.200,718.9,379.0,473.7,22.6,496.3,20.60,24.10,0.94218,8.416,12.97,24.95,14,2
63.641,factory_mission,9x4.5,pi5,35.159,2.791,-3.006,0.319,1.470,0.020,1.505,1.33,-4.03,-168.13,0.4716,0.4704,0.4657,0.4678,8229,28.189,718.6,378.8,473.5,22.6,496.1,20.59,24.10,0.94213,8.424,12.98,24.95,14,2
63.693,factory_mission,9x4.5,pi5,35.176,2.866,-3.005,0.297,1.426,0.019,1.457,1.82,-4.23,-166.89,0.4716,0.4700,0.4663,0.4675,8228,28.187,718.6,378.7,473.4,22.6,496.0,20.58,24.10,0.94208,8.431,12.98,24.95,14,2
63.741,factory_mission,9x4.5,pi5,35.186,2.918,-3.005,0.282,1.392,0.018,1.420,2.10,-4.35,-166.07,0.4727,0.4705,0.4654,0.4667,8228,28.185,718.5,378.7,473.4,22.6,496.0,20.58,24.10,0.94203,8.437,12.98,24.95,14,2
63.793,factory_mission,9x4.5,pi5,35.203,2.996,-3.005,0.259,1.335,0.016,1.360,2.45,-4.54,-164.85,0.4714,0.4706,0.4660,0.4673,8228,28.183,718.5,378.7,473.3,22.6,495.9,20.58,24.10,0.94198,8.444,12.98,24.95,14,2
63.841,factory_mission,9x4.5,pi5,35.212,3.043,-3.005,0.245,1.299,0.016,1.322,2.64,-4.66,-164.04,0.4715,0.4715,0.4658,0.4667,8229,28.190,718.6,378.8,473.5,22.6,496.1,20.59,24.09,0.94194,8.451,12.97,24.95,14,2
63.893,factory_mission,9x4.5,pi5,35.225,3.106,-3.005,0.227,1.247,0.015,1.268,2.88,-4.84,-162.83,0.4716,0.4713,0.4659,0.4667,8229,28.191,718.7,378.8,473.5,22.6,496.1,20.59,24.09,0.94189,8.458,12.97,24.95,14,2
63.941,factory_mission,9x4.5,pi5,35.234,3.149,-3.005,0.214,1.210,0.015,1.229,3.00,-4.95,-162.03,0.4728,0.4721,0.4646,0.4663,8230,28.197,718.8,378.9,473.7,22.6,496.3,20.60,24.09,0.94184,8.465,12.97,24.95,14,2
63.993,factory_mission,9x4.5,pi5,35.247,3.214,-3.005,0.194,1.149,-0.005,1.166,3.13,-5.16,-160.83,0.4754,0.5692,0.4477,0.5863,8965,33.763,860.7,503.2,629.0,22.6,651.6,27.27,23.89,0.94178,8.474,9.79,24.95,14,2
64.041,factory_mission,9x4.5,pi5,35.255,3.253,-3.007,0.175,1.106,-0.079,1.123,2.98,-6.49,-160.11,0.5052,0.4989,0.4966,0.4974,8673,31.315,798.3,443.5,554.4,22.6,577.0,24.05,23.99,0.94172,8.482,11.10,24.95,14,2
64.093,factory_mission,9x4.5,pi5,35.264,3.303,-3.015,0.125,1.044,-0.150,1.062,2.25,-10.53,-159.10,0.4943,0.4753,0.4905,0.4717,8433,29.611,754.9,407.9,509.9,22.6,532.5,22.15,24.05,0.94167,8.490,12.06,24.95,14,2
64.141,factory_mission,9x4.5,pi5,35.268,3.337,-3.022,0.071,1.000,-0.168,1.016,1.60,-13.32,-158.40,0.4842,0.4662,0.4821,0.4588,8286,28.591,728.9,387.1,483.9,22.6,506.5,21.03,24.08,0.94162,8.496,12.69,24.95,14,2
64.193,factory_mission,9x4.5,pi5,35.270,3.388,-3.035,-0.042,0.929,-0.159,0.943,0.58,-16.73,-157.28,0.4786,0.4597,0.4772,0.4536,8205,28.040,714.8,376.0,470.0,22.6,492.6,20.44,24.10,0.94157,8.504,13.06,24.95,14,2
64.241,factory_mission,9x4.5,pi5,35.267,3.418,-3.043,-0.125,0.885,-0.138,0.904,-0.06,-18.40,-156.48,0.4752,0.4622,0.4735,0.4536,8189,27.925,711.9,373.6,467.0,22.6,489.6,20.31,24.10,0.94153,8.510,13.14,24.95,14,2
64.293,factory_mission,9x4.5,pi5,35.257,3.456,-3.052,-0.248,0.825,-0.102,0.867,-0.94,-20.07,-155.26,0.4744,0.4653,0.4717,0.4561,8200,27.994,713.7,374.9,468.7,22.6,491.3,20.39,24.10,0.94148,8.517,13.09,24.95,14,2
64.341,factory_mission,9x4.5,pi5,35.245,3.482,-3.057,-0.340,0.783,-0.075,0.857,-1.46,-20.73,-154.44,0.4764,0.4692,0.4696,0.4588,8223,28.156,717.8,378.2,472.7,22.6,495.3,20.56,24.09,0.94143,8.524,12.98,24.95,14,2
64.389,factory_mission,9x4.5,pi5,35.217,3.520,-3.062,-0.489,0.719,-0.034,0.870,-2.12,-21.20,-153.22,0.4766,0.4729,0.4708,0.4618,8253,28.356,722.9,382.2,477.7,22.6,500.3,20.77,24.08,0.94139,8.530,12.85,24.95,14,2
64.441,factory_mission,9x4.5,pi5,35.193,3.542,-3.063,-0.580,0.681,-0.011,0.895,-2.51,-21.24,-152.41,0.4793,0.4770,0.4704,0.4649,8287,28.593,728.9,387.0,483.7,22.6,506.3,21.03,24.08,0.94134,8.538,12.69,24.95,14,2
64.493,factory_mission,9x4.5,pi5,35.154,3.570,-3.063,-0.704,0.631,0.015,0.946,-2.99,-21.01,-151.21,0.4798,0.4808,0.4702,0.4680,8313,28.774,733.5,390.7,488.3,22.6,510.9,21.23,24.07,0.94128,8.545,12.57,24.95,14,2
64.541,factory_mission,9x4.5,pi5,35.122,3.589,-3.063,-0.788,0.597,0.030,0.990,-3.26,-20.71,-150.42,0.4823,0.4838,0.4698,0.4693,8336,28.933,737.6,393.9,492.4,22.6,515.0,21.40,24.06,0.94124,8.552,12.47,24.95,14,2
64.593,factory_mission,9x4.5,pi5,35.062,3.617,-3.060,-0.914,0.547,0.048,1.067,-3.60,-20.13,-149.24,0.4827,0.4851,0.4720,0.4709,8357,29.076,741.2,396.8,496.1,22.6,518.7,21.56,24.06,0.94119,8.560,12.38,24.95,14,2
64.641,factory_mission,9x4.5,pi5,35.021,3.633,-3.057,-0.987,0.519,0.055,1.116,-3.80,-19.68,-148.45,0.4842,0.4863,0.4716,0.4722,8370,29.167,743.6,398.7,498.4,22.6,521.0,21.66,24.06,0.94114,8.566,12.32,24.95,14,2
64.693,factory_mission,9x4.5,pi5,34.959,3.654,-3.053,-1.079,0.482,0.062,1.184,-4.06,-18.97,-147.27,0.4839,0.4872,0.4709,0.4746,8378,29.222,745.0,399.9,499.8,22.6,522.4,21.72,24.05,0.94108,8.574,12.28,24.95,14,2
64.741,factory_mission,9x4.5,pi5,34.912,3.668,-3.050,-1.139,0.459,0.065,1.230,-4.22,-18.48,-146.48,0.4850,0.4880,0.4706,0.4744,8383,29.259,745.9,400.6,500.8,22.6,523.4,21.76,24.05,0.94104,8.581,12.26,24.95,14,2
64.793,factory_mission,9x4.5,pi5,34.832,3.689,-3.045,-1.225,0.425,0.065,1.298,-4.42,-17.77,-145.28,0.4834,0.4878,0.4717,0.4757,8385,29.274,746.3,400.9,501.1,22.6,523.7,21.78,24.05,0.94098,8.589,12.25,24.95,14,2
64.841,factory_mission,9x4.5,pi5,34.779,3.702,-3.042,-1.271,0.407,0.064,1.337,-4.56,-17.31,-144.48,0.4836,0.4875,0.4717,0.4760,8386,29.277,746.3,401.0,501.2,22.6,523.8,21.78,24.05,0.94094,8.596,12.25,24.95,14,2
64.893,factory_mission,9x4.5,pi5,34.704,3.719,-3.038,-1.329,0.384,0.061,1.385,-4.74,-16.67,-143.27,0.4821,0.4872,0.4723,0.4766,8383,29.261,746.0,400.6,500.8,22.6,523.4,21.76,24.05,0.94088,8.603,12.26,24.95,14,2
64.941,factory_mission,9x4.5,pi5,34.648,3.730,-3.035,-1.365,0.369,0.059,1.416,-4.86,-16.28,-142.46,0.4832,0.4862,0.4713,0.4765,8380,29.239,745.4,400.2,500.2,22.6,522.8,21.74,24.05,0.94083,8.610,12.27,24.95,14,2
64.993,factory_mission,9x4.5,pi5,34.558,3.748,-3.030,-1.415,0.349,0.053,1.458,-5.05,-15.75,-141.23,0.4808,0.4856,0.4727,0.4768,8375,29.203,744.5,399.4,499.3,22.6,521.9,21.70,24.05,0.94078,8.618,12.29,24.95,14,2
65.041,factory_mission,9x4.5,pi5,34.500,3.759,-3.028,-1.441,0.339,0.050,1.481,-5.17,-15.43,-140.41,0.4803,0.4853,0.4714,0.4778,8371,29.173,743.7,398.8,498.5,22.6,521.1,21.67,24.05,0.94073,8.625,12.31,24.95,14,2
65.093,factory_mission,9x4.5,pi5,34.418,3.774,-3.025,-1.471,0.330,0.045,1.508,-5.37,-15.00,-139.18,0.4793,0.4841,0.4723,0.4779,8367,29.147,743.0,398.3,497.8,22.6,520.4,21.64,24.05,0.94068,8.632,12.32,24.95,14,2
65.141,factory_mission,9x4.5,pi5,34.360,3.784,-3.023,-1.488,0.327,0.041,1.524,-5.50,-14.75,-138.36,0.4794,0.4843,0.4716,0.4772,8363,29.119,742.3,397.7,497.1,22.6,519.7,21.61,24.05,0.94063,8.639,12.34,24.95,14,2
65.193,factory_mission,9x4.5,pi5,34.265,3.801,-3.021,-1.511,0.325,0.035,1.546,-5.71,-14.43,-137.04,0.4778,0.4830,0.4727,0.4776,8358,29.081,741.4,396.9,496.1,22.6,518.7,21.57,24.05,0.94058,8.646,12.36,24.95,14,2
65.241,factory_mission,9x4.5,pi5,34.206,3.812,-3.020,-1.521,0.326,0.031,1.556,-5.82,-14.29,-136.29,0.4778,0.4824,0.4720,0.4778,8354,29.054,740.7,396.3,495.4,22.6,518.0,21.54,24.05,0.94053,8.653,12.38,24.95,14,2
65.293,factory_mission,9x4.5,pi5,34.123,3.828,-3.019,-1.533,0.331,0.027,1.569,-6.02,-14.11,-135.06,0.4773,0.4815,0.4726,0.4779,8351,29.035,740.2,396.0,494.9,22.6,517.5,21.52,24.06,0.94048,8.661,12.39,24.95,14,2
65.341,factory_mission,9x4.5,pi5,34.064,3.840,-3.018,-1.540,0.335,0.024,1.576,-6.15,-14.02,-134.24,0.4775,0.4822,0.4714,0.4774,8348,29.014,739.6,395.5,494.4,22.6,517.0,21.49,24.06,0.94044,8.668,12.40,24.95,14,2
65.393,factory_mission,9x4.5,pi5,33.971,3.860,-3.018,-1.547,0.344,0.019,1.585,-6.35,-13.94,-133.01,0.4768,0.4806,0.4723,0.4776,8344,28.984,738.9,394.9,493.6,22.6,516.2,21.46,24.06,0.94038,8.675,12.42,24.95,14,2
65.441,factory_mission,9x4.5,pi5,33.913,3.873,-3.018,-1.550,0.350,0.016,1.589,-6.49,-13.91,-132.19,0.4760,0.4815,0.4720,0.4769,8341,28.962,738.3,394.5,493.1,22.6,515.7,21.44,24.06,0.94034,8.682,12.43,24.95,14,2
65.493,factory_mission,9x4.5,pi5,33.832,3.891,-3.019,-1.553,0.360,0.013,1.594,-6.69,-13.90,-130.97,0.4767,0.4800,0.4720,0.4771,8338,28.946,737.9,394.1,492.7,22.6,515.3,21.42,24.06,0.94028,8.690,12.44,24.95,14,2
65.541,factory_mission,9x4.5,pi5,33.775,3.905,-3.019,-1.554,0.366,0.012,1.597,-6.84,-13.92,-130.16,0.4771,0.4811,0.4713,0.4759,8337,28.938,737.7,394.0,492.5,22.6,515.1,21.41,24.06,0.94024,8.696,12.45,24.95,14,2
65.589,factory_mission,9x4.5,pi5,33.718,3.920,-3.020,-1.555,0.373,0.010,1.599,-7.06,-13.97,-128.94,0.4768,0.4798,0.4721,0.4765,8336,28.932,737.6,393.8,492.3,22.6,514.9,21.40,24.06,0.94019,8.703,12.45,24.95,14,2
65.641,factory_mission,9x4.5,pi5,33.626,3.943,-3.021,-1.556,0.384,0.009,1.603,-7.21,-14.01,-128.14,0.4771,0.4807,0.4710,0.4765,8337,28.935,737.6,393.9,492.4,22.6,515.0,21.41,24.06,0.94014,8.711,12.45,24.95,14,2
65.661,factory_mission,9x4.5,pi5,33.603,3.949,-3.021,-1.557,0.387,0.009,1.604,-7.28,-14.04,-127.74,0.4769,0.4799,0.4718,0.4770,8338,28.940,737.8,394.0,492.5,22.6,515.1,21.41,24.05,0.94012,8.714,12.44,24.95,14,2
65.713,factory_mission,9x4.5,pi5,33.512,3.975,-3.022,-1.558,0.398,0.008,1.608,-7.51,-14.12,-126.53,0.4778,0.4821,0.4699,0.4759,8339,28.948,738.0,394.2,492.7,22.6,515.3,21.42,24.05,0.94007,8.721,12.44,24.95,14,2
65.761,factory_mission,9x4.5,pi5,33.454,3.991,-3.023,-1.559,0.404,0.007,1.611,-7.67,-14.18,-125.74,0.4807,0.4836,0.4684,0.4733,8340,28.956,738.2,394.4,493.0,22.6,515.6,21.43,24.05,0.94002,8.728,12.43,24.95,14,2
65.813,factory_mission,9x4.5,pi5,33.374,4.015,-3.023,-1.561,0.412,0.007,1.614,-7.91,-14.28,-124.53,0.4815,0.4843,0.4678,0.4729,8341,28.969,738.5,394.7,493.3,22.6,515.9,21.45,24.05,0.93997,8.735,12.42,24.95,14,2
65.861,factory_mission,9x4.5,pi5,33.316,4.032,-3.024,-1.562,0.418,0.006,1.617,-8.07,-14.34,-123.72,0.4799,0.4827,0.4696,0.4748,8343,28.978,738.7,394.8,493.5,22.6,516.1,21.46,24.05,0.93992,8.742,12.41,24.95,14,2
65.913,factory_mission,9x4.5,pi5,33.224,4.060,-3.025,-1.565,0.425,0.006,1.622,-8.32,-14.44,-122.50,0.4794,0.4827,0.4702,0.4755,8346,28.999,739.3,395.2,494.0,22.6,516.6,21.48,24.05,0.93987,8.750,12.40,24.95,14,2
65.961,factory_mission,9x4.5,pi5,33.166,4.078,-3.026,-1.567,0.429,0.007,1.624,-8.48,-14.50,-121.68,0.4787,0.4822,0.4715,0.4765,8350,29.025,739.9,395.8,494.7,22.6,517.3,21.51,24.05,0.93982,8.757,12.38,24.95,14,2
66.013,factory_mission,9x4.5,pi5,33.086,4.104,-3.026,-1.569,0.434,0.007,1.628,-8.73,-14.59,-120.45,0.4798,0.4825,0.4714,0.4762,8353,29.050,740.6,396.3,495.4,22.6,518.0,21.54,24.05,0.93977,8.764,12.36,24.95,14,2
66.061,factory_mission,9x4.5,pi5,33.027,4.122,-3.027,-1.572,0.437,0.007,1.631,-8.90,-14.64,-119.64,0.4789,0.4817,0.4722,0.4780,8357,29.072,741.1,396.7,495.9,22.6,518.5,21.56,24.05,0.93972,8.771,12.35,24.94,14,2
66.113,factory_mission,9x4.5,pi5,32.934,4.153,-3.028,-1.576,0.440,0.007,1.636,-9.15,-14.73,-118.42,0.4791,0.4824,0.4722,0.4780,8360,29.093,741.7,397.2,496.4,22.6,519.0,21.59,24.05,0.93967,8.778,12.34,24.94,14,2
66.161,factory_mission,9x4.5,pi5,32.876,4.172,-3.028,-1.579,0.440,0.007,1.639,-9.32,-14.78,-117.60,0.4792,0.4819,0.4729,0.4784,8362,29.113,742.2,397.6,497.0,22.6,519.6,21.61,24.04,0.93962,8.785,12.32,24.94,14,2
66.213,factory_mission,9x4.5,pi5,32.793,4.198,-3.029,-1.583,0.440,0.007,1.643,-9.58,-14.86,-116.39,0.4805,0.4829,0.4722,0.4776,8365,29.132,742.6,397.9,497.4,22.6,520.0,21.63,24.04,0.93957,8.793,12.31,24.94,14,2
66.261,factory_mission,9x4.5,pi5,32.734,4.216,-3.029,-1.586,0.439,0.007,1.646,-9.75,-14.90,-115.58,0.4799,0.4823,0.4731,0.4787,8368,29.153,743.2,398.4,498.0,22.6,520.6,21.65,24.04,0.93952,8.800,12.30,24.94,14,2
66.313,factory_mission,9x4.5,pi5,32.640,4.246,-3.030,-1.591,0.436,0.007,1.650,-10.00,-14.96,-114.38,0.4802,0.4837,0.4726,0.4785,8372,29.180,743.9,398.9,498.7,22.6,521.3,21.68,24.04,0.93947,8.807,12.28,24.94,14,2
66.361,factory_mission,9x4.5,pi5,32.580,4.264,-3.030,-1.594,0.433,0.007,1.652,-10.17,-15.00,-113.58,0.4806,0.4834,0.4727,0.4792,8375,29.201,744.4,399.4,499.2,22.6,521.8,21.71,24.04,0.93942,8.814,12.26,24.94,14,2
66.413,factory_mission,9x4.5,pi5,32.497,4.289,-3.030,-1.599,0.428,0.007,1.655,-10.43,-15.04,-112.38,0.4822,0.4843,0.4719,0.4783,8378,29.222,745.0,399.8,499.8,22.6,522.4,21.73,24.04,0.93937,8.822,12.25,24.94,14,2
66.461,factory_mission,9x4.5,pi5,32.437,4.307,-3.030,-1.602,0.424,0.007,1.657,-10.61,-15.07,-111.58,0.4819,0.4836,0.4728,0.4793,8381,29.246,745.6,400.3,500.4,22.6,523.0,21.76,24.04,0.93932,8.829,12.23,24.94,14,2
66.513,factory_mission,9x4.5,pi5,32.342,4.335,-3.031,-1.607,0.416,0.008,1.660,-10.87,-15.09,-110.38,0.4827,0.4843,0.4727,0.4789,8385,29.271,746.2,400.8,501.0,22.6,523.6,21.78,24.04,0.93927,8.836,12.22,24.94,14,2
66.561,factory_mission,9x4.5,pi5,32.282,4.352,-3.031,-1.610,0.410,0.008,1.662,-11.05,-15.10,-109.58,0.4823,0.4846,0.4734,0.4793,8389,29.299,746.9,401.4,501.7,22.6,524.3,21.81,24.04,0.93922,8.843,12.20,24.94,14,2
66.613,factory_mission,9x4.5,pi5,32.198,4.375,-3.031,-1.615,0.401,0.008,1.664,-11.32,-15.12,-108.39,0.4834,0.4860,0.4726,0.4785,8392,29.322,747.5,401.9,502.3,22.6,524.9,21.84,24.03,0.93917,8.851,12.18,24.94,14,2
66.661,factory_mission,9x4.5,pi5,32.138,4.391,-3.031,-1.618,0.394,0.008,1.665,-11.50,-15.12,-107.59,0.4835,0.4848,0.4734,0.4799,8396,29.347,748.1,402.4,503.0,22.6,525.6,21.87,24.03,0.93912,8.858,12.17,24.94,14,2
66.709,factory_mission,9x4.5,pi5,32.078,4.407,-3.031,-1.620,0.387,0.008,1.666,-11.78,-15.12,-106.39,0.4840,0.4856,0.4733,0.4797,8399,29.372,748.8,402.9,503.6,22.6,526.2,21.90,24.03,0.93907,8.865,12.15,24.94,14,2
66.761,factory_mission,9x4.5,pi5,31.981,4.432,-3.031,-1.625,0.374,0.007,1.667,-11.96,-15.12,-105.59,0.4837,0.4857,0.4740,0.4802,8403,29.398,749.4,403.4,504.3,22.6,526.9,21.92,24.03,0.93902,8.873,12.13,24.94,14,2
66.813,factory_mission,9x4.5,pi5,31.897,4.454,-3.031,-1.628,0.362,0.007,1.668,-12.24,-15.10,-104.39,0.4850,0.4866,0.4731,0.4800,8407,29.425,750.1,404.0,505.0,22.6,527.6,21.96,24.03,0.93896,8.880,12.12,24.94,14,2
66.861,factory_mission,9x4.5,pi5,31.836,4.469,-3.031,-1.631,0.353,0.007,1.669,-12.43,-15.09,-103.58,0.4842,0.4859,0.4743,0.4810,8410,29.445,750.6,404.4,505.5,22.6,528.1,21.98,24.03,0.93891,8.887,12.10,24.94,14,2
66.913,factory_mission,9x4.5,pi5,31.739,4.492,-3.032,-1.635,0.337,0.007,1.669,-12.71,-15.07,-102.38,0.4853,0.4859,0.4749,0.4802,8413,29.464,751.1,404.8,506.0,22.6,528.6,22.00,24.03,0.93886,8.895,12.09,24.94,14,2
66.961,factory_mission,9x4.5,pi5,31.678,4.505,-3.032,-1.637,0.326,0.006,1.669,-12.89,-15.05,-101.57,0.4844,0.4862,0.4750,0.4812,8415,29.478,751.5,405.1,506.3,22.6,528.9,22.01,24.03,0.93881,8.902,12.08,24.94,14,2
67.013,factory_mission,9x4.5,pi5,31.593,4.523,-3.032,-1.640,0.311,0.006,1.669,-13.18,-15.02,-100.37,0.4858,0.4868,0.4741,0.4807,8417,29.492,751.8,405.4,506.7,22.6,529.3,22.03,24.03,0.93876,8.910,12.07,24.94,14,2
67.061,factory_mission,9x4.5,pi5,31.531,4.536,-3.033,-1.642,0.300,0.006,1.669,-13.36,-15.00,-99.56,0.4828,0.4855,0.4750,0.4792,8399,29.369,748.7,402.8,503.5,22.6,526.1,21.90,24.03,0.93871,8.917,12.15,24.94,14,2
67.113,factory_mission,9x4.5,pi5,31.433,4.554,-3.033,-1.645,0.281,0.008,1.669,-13.62,-14.95,-98.35,0.4819,0.4849,0.4743,0.4764,8381,29.243,745.5,400.2,500.3,22.6,522.9,21.76,24.03,0.93866,8.924,12.22,24.94,14,2
67.161,factory_mission,9x4.5,pi5,31.371,4.565,-3.033,-1.646,0.268,0.011,1.668,-13.72,-14.90,-97.56,0.4807,0.4850,0.4734,0.4764,8374,29.192,744.2,399.2,499.0,22.6,521.6,21.70,24.03,0.93861,8.931,12.25,24.94,14,2
67.213,factory_mission,9x4.5,pi5,31.284,4.580,-3.033,-1.645,0.251,0.016,1.664,-13.76,-14.78,-96.37,0.4821,0.4853,0.4710,0.4761,8370,29.168,743.6,398.7,498.4,22.6,521.0,21.68,24.03,0.93856,8.939,12.27,24.94,14,2
67.261,factory_mission,9x4.5,pi5,31.221,4.589,-3.032,-1.643,0.239,0.020,1.661,-13.71,-14.68,-95.58,0.4825,0.4835,0.4718,0.4765,8369,29.161,743.4,398.6,498.2,22.6,520.8,21.67,24.03,0.93851,8.946,12.27,24.94,14,2
67.313,factory_mission,9x4.5,pi5,31.121,4.603,-3.031,-1.637,0.218,0.026,1.651,-13.54,-14.51,-94.40,0.4825,0.4847,0.4710,0.4762,8370,29.164,743.5,398.6,498.3,22.6,520.9,21.67,24.03,0.93846,8.953,12.27,24.94,14,2
67.361,factory_mission,9x4.5,pi5,31.059,4.611,-3.030,-1.630,0.205,0.029,1.643,-13.40,-14.38,-93.61,0.4826,0.4839,0.4704,0.4773,8369,29.161,743.4,398.6,498.2,22.6,520.8,21.67,24.03,0.93841,8.960,12.27,24.94,14,2
67.413,factory_mission,9x4.5,pi5,30.972,4.622,-3.028,-1.617,0.187,0.032,1.628,-13.13,-14.18,-92.43,0.4837,0.4846,0.4687,0.4769,8368,29.156,743.3,398.5,498.1,22.6,520.7,21.67,24.03,0.93836,8.968,12.27,24.94,14,2
67.461,factory_mission,9x4.5,pi5,30.911,4.628,-3.027,-1.605,0.174,0.033,1.614,-12.94,-14.05,-91.64,0.4827,0.4839,0.4696,0.4775,8367,29.149,743.1,398.3,497.9,22.6,520.5,21.66,24.03,0.93831,8.975,12.27,24.94,14,2
67.513,factory_mission,9x4.5,pi5,30.813,4.638,-3.025,-1.581,0.154,0.035,1.589,-12.64,-13.84,-90.45,0.4828,0.4842,0.4693,0.4772,8366,29.143,742.9,398.2,497.8,22.6,520.4,21.65,24.03,0.93826,8.982,12.27,24.94,14,2
67.561,factory_mission,9x4.5,pi5,30.753,4.643,-3.024,-1.563,0.142,0.035,1.570,-12.45,-13.70,-89.65,0.4825,0.4832,0.4697,0.4777,8365,29.135,742.7,398.0,497.5,22.6,520.1,21.64,24.03,0.93821,8.989,12.28,24.94,14,2
67.613,factory_mission,9x4.5,pi5,30.671,4.650,-3.022,-1.534,0.126,0.035,1.540,-12.16,-13.50,-88.46,0.4834,0.4834,0.4688,0.4770,8363,29.122,742.4,397.8,497.2,22.6,519.8,21.63,24.03,0.93816,8.997,12.28,24.94,14,2
67.661,factory_mission,9x4.5,pi5,30.613,4.655,-3.020,-1.512,0.114,0.035,1.517,-11.99,-13.37,-87.65,0.4822,0.4824,0.4695,0.4780,8362,29.109,742.1,397.5,496.9,22.6,519.5,21.62,24.03,0.93811,9.003,12.29,24.94,14,2
67.713,factory_mission,9x4.5,pi5,30.522,4.661,-3.018,-1.472,0.097,0.034,1.476,-11.75,-13.18,-86.45,0.4821,0.4825,0.4694,0.4774,8359,29.089,741.6,397.1,496.4,22.6,519.0,21.59,24.03,0.93806,9.011,12.30,24.94,14,2
67.761,factory_mission,9x4.5,pi5,30.467,4.664,-3.017,-1.445,0.086,0.033,1.448,-11.60,-13.06,-85.64,0.4813,0.4816,0.4699,0.4778,8356,29.072,741.1,396.7,495.9,22.6,518.5,21.58,24.03,0.93801,9.018,12.31,24.94,14,2
67.813,factory_mission,9x4.5,pi5,30.392,4.668,-3.015,-1.405,0.072,0.031,1.408,-11.41,-12.87,-84.43,0.4825,0.4817,0.4691,0.4771,8355,29.064,740.9,396.6,495.7,22.6,518.3,21.57,24.03,0.93796,9.025,12.32,24.94,14,2
67.861,factory_mission,9x4.5,pi5,30.340,4.670,-3.014,-1.376,0.063,0.030,1.377,-11.31,-12.76,-83.62,0.4810,0.4809,0.4698,0.4782,8354,29.053,740.6,396.3,495.4,22.6,518.0,21.56,24.03,0.93791,9.032,12.32,24.94,14,2
67.913,factory_mission,9x4.5,pi5,30.260,4.674,-3.012,-1.326,0.049,0.028,1.327,-11.18,-12.58,-82.40,0.4810,0.4812,0.4696,0.4775,8351,29.036,740.2,396.0,495.0,22.6,517.6,21.54,24.03,0.93786,9.040,12.33,24.94,14,2
67.961,factory_mission,9x4.5,pi5,30.212,4.675,-3.011,-1.294,0.041,0.027,1.295,-11.11,-12.47,-81.59,0.4808,0.4803,0.4705,0.4773,8350,29.026,739.9,395.8,494.7,22.6,517.3,21.53,24.03,0.93781,9.047,12.34,24.94,14,2
68.013,factory_mission,9x4.5,pi5,30.148,4.677,-3.009,-1.248,0.030,0.025,1.249,-11.05,-12.30,-80.38,0.4814,0.4812,0.4695,0.4762,8348,29.012,739.6,395.5,494.4,22.6,517.0,21.51,24.03,0.93776,9.054,12.35,24.94,14,2
68.061,factory_mission,9x4.5,pi5,30.103,4.678,-3.009,-1.215,0.023,0.024,1.215,-11.02,-12.19,-79.57,0.4806,0.4800,0.4700,0.4772,8346,28.999,739.3,395.2,494.0,22.6,516.6,21.50,24.03,0.93771,9.061,12.35,24.93,14,2
68.109,factory_mission,9x4.5,pi5,30.035,4.680,-3.008,-1.161,0.013,0.022,1.161,-11.01,-12.02,-78.36,0.4805,0.4808,0.4694,0.4766,8344,28.988,739.0,395.0,493.8,22.6,516.4,21.49,24.03,0.93766,9.068,12.36,24.93,14,2
68.161,factory_mission,9x4.5,pi5,29.995,4.681,-3.007,-1.127,0.007,0.021,1.127,-11.02,-11.91,-77.55,0.4798,0.4803,0.4696,0.4770,8342,28.969,738.5,394.6,493.3,22.6,515.9,21.47,24.03,0.93761,9.075,12.37,24.93,14,2
68.213,factory_mission,9x4.5,pi5,29.940,4.681,-3.007,-1.080,-0.001,0.019,1.081,-11.07,-11.75,-76.35,0.4809,0.4808,0.4685,0.4759,8340,28.957,738.2,394.4,493.0,22.6,515.6,21.45,24.03,0.93756,9.083,12.38,24.93,14,2
68.261,factory_mission,9x4.5,pi5,29.903,4.682,-3.006,-1.047,-0.006,0.018,1.048,-11.11,-11.63,-75.54,0.4800,0.4799,0.4693,0.4765,8338,28.943,737.8,394.1,492.6,22.6,515.2,21.44,24.03,0.93751,9.090,12.38,24.93,14,2
68.313,factory_mission,9x4.5,pi5,29.846,4.682,-3.006,-0.996,-0.015,0.017,0.996,-11.20,-11.46,-74.33,0.4803,0.4803,0.4688,0.4758,8336,28.933,737.6,393.9,492.4,22.6,515.0,21.43,24.03,0.93746,9.097,12.39,24.93,14,2
68.361,factory_mission,9x4.5,pi5,29.811,4.682,-3.006,-0.964,-0.019,0.016,0.965,-11.27,-11.34,-73.53,0.4802,0.4796,0.4689,0.4761,8335,28.923,737.3,393.7,492.1,22.6,514.7,21.42,24.03,0.93741,9.104,12.39,24.93,14,2
68.413,factory_mission,9x4.5,pi5,29.765,4.681,-3.006,-0.921,-0.025,0.015,0.922,-11.39,-11.17,-72.33,0.4806,0.4807,0.4684,0.4746,8333,28.912,737.1,393.5,491.8,22.6,514.4,21.41,24.03,0.93736,9.111,12.40,24.93,14,2
68.461,factory_mission,9x4.5,pi5,29.733,4.681,-3.005,-0.892,-0.030,0.015,0.892,-11.48,-11.05,-71.52,0.4799,0.4797,0.4691,0.4754,8332,28.903,736.8,393.3,491.6,22.6,514.2,21.40,24.03,0.93731,9.118,12.41,24.93,14,2
68.513,factory_mission,9x4.5,pi5,29.684,4.679,-3.005,-0.845,-0.036,0.014,0.846,-11.62,-10.86,-70.32,0.4805,0.4798,0.4684,0.4752,8332,28.900,736.7,393.2,491.5,22.6,514.1,21.39,24.03,0.93726,9.126,12.41,24.93,14,2
68.561,factory_mission,9x4.5,pi5,29.655,4.677,-3.005,-0.817,-0.041,0.014,0.818,-11.71,-10.73,-69.52,0.4798,0.4798,0.4686,0.4756,8331,28.896,736.6,393.1,491.4,22.6,514.0,21.39,24.03,0.93721,9.132,12.41,24.93,14,2
68.613,factory_mission,9x4.5,pi5,29.616,4.674,-3.005,-0.778,-0.047,0.014,0.780,-11.86,-10.54,-68.33,0.4809,0.4806,0.4676,0.4744,8330,28.892,736.5,393.1,491.3,22.6,513.9,21.39,24.03,0.93716,9.140,12.41,24.93,14,2
68.661,factory_mission,9x4.5,pi5,29.590,4.672,-3.005,-0.752,-0.051,0.013,0.754,-11.96,-10.40,-67.53,0.4785,0.4779,0.4705,0.4765,8330,28.886,736.4,392.9,491.1,22.6,513.7,21.38,24.03,0.93711,9.147,12.41,24.93,14,2
68.713,factory_mission,9x4.5,pi5,29.548,4.668,-3.004,-0.711,-0.058,0.013,0.714,-12.12,-10.18,-66.34,0.4726,0.4720,0.4762,0.4823,8329,28.881,736.3,392.8,491.0,22.6,513.6,21.37,24.03,0.93706,9.154,12.41,24.93,14,2
68.761,factory_mission,9x4.5,pi5,29.523,4.665,-3.003,-0.687,-0.061,0.016,0.690,-12.21,-10.04,-65.57,0.3191,0.4550,0.4053,0.5196,7589,24.445,623.2,314.4,393.0,22.6,415.6,17.20,24.16,0.93702,9.160,15.42,24.93,14,2
68.813,factory_mission,9x4.5,pi5,29.490,4.662,-3.000,-0.647,-0.054,0.076,0.654,-12.32,-11.17,-64.25,0.3173,0.3072,0.5516,0.5665,7747,26.320,671.0,366.8,458.4,22.6,481.0,19.98,24.07,0.93698,9.167,13.28,24.93,14,2
68.861,factory_mission,9x4.5,pi5,29.467,4.660,-2.996,-0.615,-0.062,0.107,0.627,-12.29,-13.30,-63.36,0.2779,0.2576,0.6204,0.6089,7828,28.146,717.5,427.2,533.9,22.6,556.5,23.21,23.97,0.93692,9.174,11.43,24.93,14,2
68.913,factory_mission,9x4.5,pi5,29.433,4.654,-2.987,-0.554,-0.112,0.127,0.579,-12.28,-16.82,-62.69,0.2715,0.2373,0.6340,0.6200,7821,28.511,726.8,441.8,552.3,22.6,574.9,24.00,23.95,0.93687,9.182,11.05,24.93,14,2
68.961,factory_mission,9x4.5,pi5,29.414,4.648,-2.981,-0.509,-0.161,0.138,0.551,-12.18,-18.95,-62.85,0.2858,0.2535,0.6147,0.6087,7820,28.025,714.4,423.3,529.2,22.6,551.8,23.01,23.98,0.93682,9.190,11.53,24.93,14,2
69.013,factory_mission,9x4.5,pi5,29.390,4.637,-2.971,-0.439,-0.241,0.166,0.528,-11.79,-21.52,-64.05,0.3190,0.2947,0.5833,0.5758,7857,27.333,696.8,392.5,490.6,22.6,513.2,21.36,24.03,0.93676,9.197,12.42,24.93,14,2
69.061,factory_mission,9x4.5,pi5,29.375,4.625,-2.962,-0.390,-0.303,0.194,0.530,-11.36,-22.82,-65.43,0.3599,0.3447,0.5471,0.5428,7935,27.029,689.0,371.3,464.1,22.6,486.8,20.23,24.06,0.93672,9.204,13.11,24.93,14,2
69.113,factory_mission,9x4.5,pi5,29.356,4.599,-2.946,-0.314,-0.406,0.246,0.569,-10.47,-24.25,-68.14,0.4115,0.4027,0.5091,0.5061,8062,27.277,695.4,364.9,456.1,22.6,478.7,19.89,24.07,0.93667,9.211,13.34,24.93,14,2
69.161,factory_mission,9x4.5,pi5,29.347,4.579,-2.933,-0.271,-0.473,0.278,0.612,-9.76,-24.90,-70.22,0.4565,0.4536,0.4754,0.4750,8174,27.824,709.3,371.6,464.5,22.6,487.1,20.24,24.06,0.93663,9.217,13.10,24.93,14,2
69.213,factory_mission,9x4.5,pi5,29.336,4.546,-2.914,-0.216,-0.569,0.314,0.685,-8.60,-25.53,-73.51,0.5001,0.4997,0.4432,0.4442,8271,28.547,727.8,387.4,484.3,22.6,506.9,21.09,24.04,0.93658,9.224,12.57,24.93,14,2
69.261,factory_mission,9x4.5,pi5,29.330,4.518,-2.899,-0.182,-0.640,0.331,0.743,-7.83,-25.75,-75.66,0.5323,0.5327,0.4191,0.4227,8342,29.243,745.5,405.7,507.2,22.6,529.8,22.07,24.01,0.93653,9.231,12.01,24.93,14,2
69.313,factory_mission,9x4.5,pi5,29.323,4.467,-2.874,-0.135,-0.755,0.343,0.840,-6.74,-25.83,-78.64,0.5570,0.5580,0.4012,0.4044,8392,29.842,760.8,423.3,529.1,22.6,551.7,23.01,23.98,0.93647,9.239,11.52,24.93,14,2
69.361,factory_mission,9x4.5,pi5,29.320,4.431,-2.858,-0.111,-0.825,0.343,0.900,-6.10,-25.74,-80.38,0.5695,0.5719,0.3907,0.3942,8413,30.162,768.9,433.5,541.8,22.6,564.4,23.56,23.96,0.93642,9.247,11.25,24.93,14,2
69.413,factory_mission,9x4.5,pi5,29.317,4.376,-2.836,-0.083,-0.919,0.337,0.983,-5.33,-25.45,-82.51,0.5746,0.5782,0.3855,0.3910,8424,30.316,772.9,438.3,547.9,22.6,570.5,23.82,23.95,0.93636,9.255,11.13,24.93,14,2
69.461,factory_mission,9x4.5,pi5,29.315,4.333,-2.821,-0.066,-0.982,0.330,1.038,-4.95,-25.18,-83.59,0.5724,0.5774,0.3877,0.3935,8430,30.328,773.2,437.9,547.4,22.6,570.0,23.80,23.95,0.93631,9.263,11.14,24.93,14,2
69.513,factory_mission,9x4.5,pi5,29.312,4.259,-2.798,-0.045,-1.074,0.317,1.120,-4.58,-24.70,-84.71,0.5658,0.5701,0.3955,0.4008,8434,30.245,771.0,433.9,542.4,22.6,565.0,23.58,23.96,0.93625,9.271,11.24,24.93,14,2
69.561,factory_mission,9x4.5,pi5,29.311,4.211,-2.784,-0.035,-1.125,0.308,1.167,-4.44,-24.36,-85.14,0.5550,0.5604,0.4056,0.4116,8436,30.113,767.7,428.2,535.3,22.6,557.9,23.28,23.97,0.93620,9.278,11.39,24.93,14,2
69.613,factory_mission,9x4.5,pi5,29.309,4.139,-2.765,-0.023,-1.189,0.295,1.226,-4.39,-23.84,-85.37,0.5414,0.5478,0.4194,0.4250,8439,29.975,764.2,422.1,527.6,22.6,550.2,22.95,23.98,0.93614,9.286,11.55,24.93,14,2
69.661,factory_mission,9x4.5,pi5,29.308,4.087,-2.753,-0.016,-1.230,0.286,1.263,-4.43,-23.50,-85.29,0.5285,0.5344,0.4329,0.4391,8444,29.882,761.8,417.5,521.9,22.6,544.5,22.70,23.98,0.93609,9.294,11.67,24.93,14,2
69.713,factory_mission,9x4.5,pi5,29.306,4.000,-2.733,-0.008,-1.287,0.272,1.316,-4.56,-23.02,-84.90,0.5144,0.5210,0.4477,0.4538,8451,29.832,760.5,414.4,518.0,22.6,540.6,22.54,23.99,0.93604,9.301,11.76,24.93,14,2
69.761,factory_mission,9x4.5,pi5,29.304,3.945,-2.722,-0.004,-1.318,0.264,1.344,-4.68,-22.72,-84.51,0.5025,0.5092,0.4604,0.4665,8457,29.816,760.1,412.8,516.1,22.6,538.7,22.45,23.99,0.93599,9.309,11.80,24.93,14,2
69.813,factory_mission,9x4.5,pi5,29.302,3.866,-2.707,-0.000,-1.356,0.252,1.379,-4.89,-22.30,-83.80,0.4919,0.4976,0.4721,0.4782,8462,29.817,760.1,412.2,515.3,22.6,537.9,22.42,23.99,0.93594,9.316,11.82,24.93,14,2
69.861,factory_mission,9x4.5,pi5,29.300,3.809,-2.697,0.002,-1.380,0.244,1.401,-5.02,-22.05,-83.28,0.4823,0.4896,0.4810,0.4876,8465,29.830,760.4,412.3,515.4,22.6,538.0,22.43,23.99,0.93589,9.324,11.81,24.93,14,2
69.913,factory_mission,9x4.5,pi5,29.297,3.717,-2.682,0.005,-1.413,0.229,1.432,-5.20,-21.72,-82.49,0.4754,0.4821,0.4889,0.4942,8465,29.834,760.5,412.5,515.6,22.6,538.2,22.44,23.99,0.93583,9.331,11.81,24.93,14,2
69.961,factory_mission,9x4.5,pi5,29.295,3.659,-2.674,0.006,-1.431,0.220,1.448,-5.30,-21.52,-81.98,0.4711,0.4767,0.4936,0.4989,8464,29.832,760.5,412.6,515.7,22.6,538.3,22.44,23.99,0.93578,9.338,11.80,24.93,14,2
70.013,factory_mission,9x4.5,pi5,29.292,3.578,-2.663,0.008,-1.454,0.208,1.469,-5.42,-21.27,-81.28,0.4682,0.4738,0.4962,0.5017,8462,29.827,760.4,412.6,515.8,22.6,538.4,22.44,23.99,0.93573,9.346,11.80,24.93,14,2
70.061,factory_mission,9x4.5,pi5,29.290,3.519,-2.655,0.010,-1.468,0.200,1.481,-5.47,-21.14,-80.85,0.4667,0.4726,0.4966,0.5036,8461,29.823,760.3,412.6,515.8,22.6,538.4,22.44,23.99,0.93568,9.353,11.80,24.92,14,2
70.113,factory_mission,9x4.5,pi5,29.286,3.426,-2.643,0.012,-1.488,0.187,1.499,-5.50,-20.97,-80.30,0.4671,0.4728,0.4967,0.5025,8459,29.811,760.0,412.3,515.4,22.6,538.0,22.43,23.99,0.93562,9.361,11.81,24.92,14,2
70.161,factory_mission,9x4.5,pi5,29.283,3.367,-2.637,0.013,-1.498,0.179,1.509,-5.50,-20.87,-79.98,0.4685,0.4740,0.4957,0.5008,8459,29.803,759.8,412.1,515.1,22.6,537.7,22.42,23.99,0.93557,9.368,11.81,24.92,14,2
70.213,factory_mission,9x4.5,pi5,29.279,3.284,-2.627,0.016,-1.512,0.169,1.522,-5.46,-20.77,-79.59,0.4711,0.4764,0.4929,0.4985,8458,29.794,759.5,411.8,514.7,22.6,537.3,22.40,23.99,0.93552,9.376,11.82,24.92,14,2
70.261,factory_mission,9x4.5,pi5,29.277,3.225,-2.621,0.018,-1.521,0.162,1.530,-5.42,-20.72,-79.37,0.4734,0.4786,0.4906,0.4960,8457,29.785,759.3,411.5,514.4,22.6,537.0,22.39,23.99,0.93547,9.383,11.83,24.92,14,2
70.313,factory_mission,9x4.5,pi5,29.273,3.130,-2.611,0.022,-1.534,0.151,1.542,-5.33,-20.66,-79.08,0.4765,0.4816,0.4873,0.4928,8456,29.772,759.0,411.2,514.0,22.6,536.6,22.37,23.99,0.93542,9.391,11.84,24.92,14,2
70.361,factory_mission,9x4.5,pi5,29.271,3.071,-2.605,0.026,-1.542,0.144,1.548,-5.26,-20.63,-78.92,0.4791,0.4843,0.4844,0.4902,8455,29.764,758.8,411.0,513.7,22.6,536.3,22.36,23.99,0.93537,9.398,11.84,24.92,14,2
70.413,factory_mission,9x4.5,pi5,29.268,2.988,-2.598,0.031,-1.551,0.135,1.557,-5.15,-20.60,-78.70,0.4819,0.4873,0.4812,0.4869,8453,29.745,758.3,410.6,513.2,22.6,535.8,22.34,23.99,0.93531,9.406,11.85,24.92,14,2
70.461,factory_mission,9x4.5,pi5,29.267,2.928,-2.592,0.035,-1.557,0.129,1.563,-5.07,-20.59,-78.56,0.4843,0.4886,0.4793,0.4847,8451,29.736,758.0,410.4,513.0,22.6,535.6,22.33,23.99,0.93526,9.413,11.86,24.92,14,2
70.513,factory_mission,9x4.5,pi5,29.264,2.833,-2.585,0.043,-1.567,0.120,1.572,-4.96,-20.57,-78.35,0.4864,0.4908,0.4769,0.4828,8451,29.734,758.0,410.4,513.0,22.6,535.6,22.33,23.99,0.93521,9.421,11.85,24.92,14,2
70.561,factory_mission,9x4.5,pi5,29.263,2.773,-2.580,0.048,-1.572,0.115,1.577,-4.89,-20.57,-78.19,0.4871,0.4925,0.4757,0.4813,8450,29.731,757.9,410.3,512.9,22.6,535.5,22.33,23.99,0.93516,9.428,11.85,24.92,14,2
70.613,factory_mission,9x4.5,pi5,29.261,2.689,-2.574,0.055,-1.580,0.108,1.585,-4.79,-20.56,-77.94,0.4883,0.4941,0.4742,0.4799,8450,29.731,757.9,410.4,513.0,22.6,535.6,22.33,23.99,0.93511,9.436,11.85,24.92,14,2
70.661,factory_mission,9x4.5,pi5,29.260,2.629,-2.570,0.062,-1.585,0.103,1.589,-4.73,-20.56,-77.76,0.4892,0.4938,0.4739,0.4796,8450,29.727,757.8,410.3,512.9,22.6,535.5,22.32,23.99,0.93506,9.443,11.85,24.92,14,2
70.713,factory_mission,9x4.5,pi5,29.259,2.533,-2.564,0.072,-1.592,0.096,1.597,-4.65,-20.55,-77.45,0.4896,0.4941,0.4736,0.4786,8448,29.715,757.5,410.1,512.6,22.6,535.2,22.31,23.99,0.93500,9.451,11.86,24.92,14,2
70.761,factory_mission,9x4.5,pi5,29.259,2.472,-2.561,0.079,-1.596,0.092,1.601,-4.60,-20.55,-77.22,0.4886,0.4918,0.4727,0.4761,8423,29.543,753.1,406.5,508.1,22.6,530.7,22.12,23.99,0.93495,9.458,11.96,24.92,14,2
70.813,factory_mission,9x4.5,pi5,29.259,2.388,-2.557,0.090,-1.601,0.088,1.606,-4.55,-20.52,-76.85,0.4879,0.4905,0.4709,0.4739,8401,29.389,749.2,403.3,504.2,22.6,526.8,21.95,24.00,0.93490,9.465,12.05,24.92,14,2
70.861,factory_mission,9x4.5,pi5,29.259,2.327,-2.553,0.097,-1.604,0.088,1.609,-4.52,-20.43,-76.58,0.4870,0.4889,0.4695,0.4738,8387,29.293,746.8,401.3,501.7,22.6,524.3,21.85,24.00,0.93485,9.472,12.11,24.92,14,2
70.913,factory_mission,9x4.5,pi5,29.260,2.230,-2.548,0.110,-1.604,0.089,1.611,-4.49,-20.18,-76.16,0.4868,0.4886,0.4690,0.4726,8379,29.235,745.3,400.2,500.2,22.6,522.8,21.78,24.00,0.93480,9.480,12.14,24.92,14,2
70.961,factory_mission,9x4.5,pi5,29.261,2.170,-2.545,0.118,-1.603,0.090,1.610,-4.49,-19.93,-75.86,0.4857,0.4888,0.4691,0.4723,8375,29.206,744.5,399.6,499.5,22.6,522.1,21.75,24.00,0.93475,9.487,12.16,24.92,14,2
71.013,factory_mission,9x4.5,pi5,29.264,2.085,-2.540,0.128,-1.598,0.091,1.606,-4.49,-19.49,-75.39,0.4856,0.4896,0.4674,0.4726,8373,29.190,744.1,399.3,499.1,22.6,521.7,21.74,24.00,0.93470,9.494,12.17,24.92,14,2
71.061,factory_mission,9x4.5,pi5,29.265,2.025,-2.536,0.136,-1.592,0.091,1.601,-4.50,-19.15,-75.06,0.4844,0.4894,0.4674,0.4733,8370,29.172,743.7,398.9,498.6,22.6,521.2,21.72,24.00,0.93465,9.501,12.18,24.92,14,2
71.113,factory_mission,9x4.5,pi5,29.269,1.929,-2.531,0.147,-1.579,0.090,1.588,-4.53,-18.60,-74.54,0.4844,0.4893,0.4674,0.4726,8367,29.153,743.2,398.5,498.1,22.6,520.7,21.70,24.00,0.93460,9.509,12.19,24.92,14,2
71.161,factory_mission,9x4.5,pi5,29.272,1.870,-2.527,0.153,-1.567,0.089,1.577,-4.55,-18.21,-74.17,0.4843,0.4885,0.4674,0.4728,8364,29.130,742.6,398.0,497.5,22.6,520.1,21.67,24.00,0.93455,9.516,12.20,24.92,14,2
71.213,factory_mission,9x4.5,pi5,29.277,1.788,-2.522,0.162,-1.548,0.087,1.558,-4.59,-17.63,-73.59,0.4840,0.4891,0.4664,0.4724,8360,29.106,742.0,397.5,496.9,22.6,519.5,21.65,24.00,0.93450,9.523,12.22,24.92,14,2
71.261,factory_mission,9x4.5,pi5,29.280,1.731,-2.519,0.167,-1.531,0.084,1.543,-4.63,-17.24,-73.18,0.4830,0.4883,0.4666,0.4729,8356,29.077,741.2,396.9,496.1,22.6,518.7,21.61,24.00,0.93445,9.530,12.23,24.92,14,2
71.313,factory_mission,9x4.5,pi5,29.286,1.640,-2.513,0.175,-1.501,0.080,1.513,-4.68,-16.66,-72.54,0.4831,0.4879,0.4663,0.4722,8352,29.046,740.5,396.3,495.4,22.6,518.0,21.58,24.00,0.93440,9.538,12.25,24.92,14,2
71.361,factory_mission,9x4.5,pi5,29.291,1.585,-2.510,0.180,-1.480,0.077,1.493,-4.72,-16.29,-72.09,0.4824,0.4873,0.4662,0.4724,8348,29.018,739.8,395.7,494.6,22.6,517.2,21.55,24.00,0.93435,9.544,12.27,24.92,14,2
71.413,factory_mission,9x4.5,pi5,29.297,1.510,-2.506,0.185,-1.447,0.073,1.461,-4.79,-15.75,-71.40,0.4828,0.4876,0.4653,0.4717,8344,28.993,739.1,395.2,494.0,22.6,516.6,21.52,24.00,0.93430,9.552,12.28,24.92,14,2
71.461,factory_mission,9x4.5,pi5,29.302,1.457,-2.503,0.189,-1.422,0.070,1.436,-4.84,-15.40,-70.92,0.4818,0.4868,0.4654,0.4723,8340,28.965,738.4,394.6,493.3,22.6,515.9,21.49,24.00,0.93425,9.559,12.30,24.92,14,2
71.513,factory_mission,9x4.5,pi5,29.311,1.376,-2.498,0.195,-1.379,0.064,1.394,-4.93,-14.91,-70.17,0.4818,0.4867,0.4653,0.4712,8336,28.932,737.6,394.0,492.4,22.6,515.0,21.46,24.00,0.93420,9.566,12.32,24.92,14,2
71.561,factory_mission,9x4.5,pi5,29.317,1.327,-2.495,0.198,-1.351,0.060,1.367,-4.99,-14.60,-69.65,0.4814,0.4859,0.4653,0.4714,8332,28.904,736.9,393.4,491.7,22.6,514.3,21.43,24.00,0.93415,9.573,12.33,24.92,14,2
71.613,factory_mission,9x4.5,pi5,29.325,1.260,-2.491,0.201,-1.310,0.056,1.327,-5.10,-14.16,-68.85,0.4817,0.4863,0.4641,0.4709,8328,28.882,736.3,392.9,491.2,22.6,513.8,21.40,24.00,0.93410,9.581,12.35,24.92,14,2
71.661,factory_mission,9x4.5,pi5,29.331,1.213,-2.489,0.203,-1.281,0.052,1.298,-5.18,-13.88,-68.30,0.4809,0.4851,0.4648,0.4712,8325,28.856,735.6,392.4,490.5,22.6,513.1,21.37,24.01,0.93405,9.587,12.36,24.92,14,2
71.713,factory_mission,9x4.5,pi5,29.342,1.141,-2.486,0.206,-1.232,0.047,1.250,-5.30,-13.49,-67.44,0.4805,0.4852,0.4640,0.4710,8320,28.825,734.8,391.8,489.7,22.6,512.3,21.34,24.01,0.93400,9.595,12.38,24.92,14,2
71.761,factory_mission,9x4.5,pi5,29.348,1.098,-2.484,0.208,-1.202,0.044,1.220,-5.39,-13.24,-66.86,0.4800,0.4846,0.4641,0.4710,8316,28.798,734.1,391.2,489.0,22.6,511.6,21.31,24.01,0.93395,9.602,12.40,24.92,14,2
71.813,factory_mission,9x4.5,pi5,29.357,1.039,-2.482,0.209,-1.159,0.040,1.178,-5.53,-12.89,-65.96,0.4810,0.4845,0.4636,0.4695,8313,28.774,733.5,390.7,488.4,22.6,511.0,21.29,24.01,0.93390,9.609,12.41,24.92,14,2
71.861,factory_mission,9x4.5,pi5,29.363,0.998,-2.480,0.209,-1.128,0.038,1.148,-5.62,-12.67,-65.34,0.4801,0.4837,0.4639,0.4701,8309,28.749,732.9,390.2,487.8,22.6,510.4,21.26,24.01,0.93386,9.616,12.43,24.92,14,2
71.913,factory_mission,9x4.5,pi5,29.373,0.935,-2.478,0.209,-1.080,0.034,1.100,-5.77,-12.36,-64.39,0.4799,0.4843,0.4633,0.4692,8305,28.723,732.2,389.7,487.1,22.6,509.7,21.23,24.01,0.93381,9.623,12.44,24.92,14,2
71.961,factory_mission,9x4.5,pi5,29.379,0.898,-2.477,0.208,-1.049,0.031,1.070,-5.87,-12.16,-63.75,0.4803,0.4834,0.4633,0.4689,8303,28.702,731.7,389.3,486.6,22.6,509.2,21.21,24.01,0.93376,9.630,12.45,24.92,14,2
72.013,factory_mission,9x4.5,pi5,29.386,0.847,-2.476,0.206,-1.007,0.028,1.028,-6.02,-11.87,-62.75,0.4808,0.4850,0.4620,0.4675,8301,28.691,731.4,389.1,486.3,22.6,508.9,21.20,24.01,0.93371,9.637,12.46,24.92,14,2
72.061,factory_mission,9x4.5,pi5,29.391,0.812,-2.475,0.204,-0.978,0.026,0.999,-6.13,-11.69,-62.07,0.4808,0.4840,0.4620,0.4680,8299,28.679,731.1,388.8,486.0,22.6,508.6,21.19,24.01,0.93366,9.644,12.47,24.91,14,2
72.113,factory_mission,9x4.5,pi5,29.399,0.759,-2.473,0.201,-0.931,0.024,0.953,-6.28,-11.43,-61.02,0.4818,0.4849,0.4608,0.4669,8297,28.670,730.9,388.7,485.8,22.6,508.4,21.18,24.01,0.93361,9.651,12.47,24.91,14,2
72.161,factory_mission,9x4.5,pi5,29.403,0.727,-2.472,0.199,-0.903,0.022,0.924,-6.38,-11.27,-60.30,0.4822,0.4851,0.4604,0.4666,8297,28.665,730.8,388.6,485.7,22.6,508.3,21.17,24.01,0.93356,9.658,12.47,24.91,14,2
72.213,factory_mission,9x4.5,pi5,29.409,0.684,-2.471,0.195,-0.864,0.020,0.886,-6.53,-11.03,-59.18,0.4837,0.4873,0.4591,0.4643,8297,28.673,731.0,388.8,486.0,22.6,508.6,21.19,24.01,0.93351,9.666,12.46,24.91,14,2
72.261,factory_mission,9x4.5,pi5,29.413,0.654,-2.470,0.192,-0.837,0.018,0.859,-6.63,-10.88,-58.42,0.4838,0.4866,0.4586,0.4654,8298,28.674,731.0,388.8,486.0,22.6,508.6,21.19,24.01,0.93346,9.672,12.46,24.91,14,2
72.313,factory_mission,9x4.5,pi5,29.418,0.609,-2.468,0.188,-0.795,0.016,0.817,-6.78,-10.66,-57.23,0.4854,0.4879,0.4578,0.4635,8298,28.680,731.1,389.0,486.3,22.6,508.9,21.20,24.01,0.93341,9.680,12.46,24.91,14,2
72.361,factory_mission,9x4.5,pi5,29.421,0.582,-2.467,0.185,-0.770,0.014,0.792,-6.89,-10.52,-56.41,0.4857,0.4883,0.4576,0.4630,8298,28.678,731.1,389.0,486.2,22.6,508.8,21.20,24.00,0.93337,9.686,12.46,24.91,14,2
72.413,factory_mission,9x4.5,pi5,29.425,0.545,-2.466,0.182,-0.735,0.012,0.758,-7.04,-10.30,-55.13,0.4874,0.4908,0.4554,0.4608,8297,28.680,731.1,389.1,486.4,22.6,509.0,21.21,24.00,0.93331,9.694,12.45,24.91,14,2
72.461,factory_mission,9x4.5,pi5,29.428,0.520,-2.465,0.179,-0.712,0.010,0.734,-7.15,-10.16,-54.25,0.4873,0.4899,0.4556,0.4613,8296,28.672,730.9,389.0,486.2,22.6,508.8,21.20,24.00,0.93327,9.701,12.45,24.91,14,2
72.509,factory_mission,9x4.5,pi5,29.431,0.482,-2.464,0.175,-0.675,0.008,0.697,-7.31,-9.94,-52.88,0.4889,0.4910,0.4543,0.4598,8296,28.673,731.0,389.0,486.3,22.6,508.9,21.20,24.00,0.93322,9.707,12.45,24.91,14,2
72.561,factory_mission,9x4.5,pi5,29.434,0.458,-2.463,0.173,-0.653,0.006,0.675,-7.42,-9.80,-51.93,0.4891,0.4906,0.4546,0.4595,8295,28.671,730.9,389.0,486.3,22.6,508.9,21.20,24.00,0.93317,9.715,12.45,24.91,14,2
72.613,factory_mission,9x4.5,pi5,29.437,0.427,-2.462,0.170,-0.623,0.005,0.646,-7.59,-9.58,-50.45,0.4914,0.4920,0.4524,0.4579,8295,28.673,731.0,389.2,486.5,22.6,509.1,21.21,24.00,0.93312,9.722,12.44,24.91,14,2
72.661,factory_mission,9x4.5,pi5,29.439,0.405,-2.461,0.169,-0.603,0.003,0.626,-7.71,-9.42,-49.42,0.4900,0.4911,0.4534,0.4588,8293,28.658,730.6,388.8,486.0,22.6,508.6,21.19,24.00,0.93307,9.729,12.46,24.91,14,2
72.713,factory_mission,9x4.5,pi5,29.443,0.371,-2.461,0.167,-0.572,0.001,0.596,-7.89,-9.18,-47.83,0.4904,0.4922,0.4524,0.4579,8292,28.649,730.4,388.7,485.8,22.6,508.4,21.18,24.00,0.93302,9.736,12.46,24.91,14,2
72.761,factory_mission,9x4.5,pi5,29.446,0.350,-2.460,0.166,-0.553,0.000,0.577,-8.01,-9.02,-46.73,0.4900,0.4914,0.4530,0.4582,8290,28.640,730.1,388.4,485.6,22.6,508.2,21.17,24.00,0.93297,9.743,12.46,24.91,14,2
72.813,factory_mission,9x4.5,pi5,29.449,0.322,-2.460,0.165,-0.528,-0.001,0.553,-8.20,-8.75,-45.02,0.4915,0.4923,0.4515,0.4566,8288,28.627,729.8,388.3,485.3,22.6,507.9,21.16,24.00,0.93292,9.750,12.47,24.91,14,2
72.861,factory_mission,9x4.5,pi5,29.452,0.303,-2.461,0.164,-0.511,-0.003,0.537,-8.33,-8.57,-43.85,0.5234,0.3797,0.5465,0.6852,9168,36.021,918.3,569.9,712.4,22.6,735.0,31.00,23.71,0.93285,9.760,8.51,24.91,14,2
72.913,factory_mission,9x4.5,pi5,29.457,0.272,-2.465,0.161,-0.524,-0.169,0.574,-10.73,-8.51,-42.34,0.1456,0.0507,0.8755,0.9214,8655,45.313,1155.2,1037.5,1296.9,22.6,1319.5,57.60,22.91,0.93271,9.779,4.58,24.91,14,2
72.961,factory_mission,9x4.5,pi5,29.460,0.252,-2.476,0.135,-0.578,-0.378,0.704,-13.75,-7.57,-42.49,0.0497,0.0000,0.8746,0.8164,7382,39.519,1007.5,875.9,1094.8,22.6,1117.4,48.19,23.19,0.93261,9.794,5.47,24.91,14,2
73.013,factory_mission,9x4.5,pi5,29.460,0.218,-2.506,0.049,-0.664,-0.612,0.905,-18.07,-5.44,-45.09,0.0000,0.0331,0.7859,0.7069,6604,31.693,807.9,630.3,787.9,22.6,810.5,34.34,23.60,0.93253,9.806,7.68,24.91,14,2
73.061,factory_mission,9x4.5,pi5,29.457,0.190,-2.534,-0.036,-0.701,-0.664,0.966,-20.69,-4.04,-48.06,0.0000,0.0905,0.6454,0.6881,6235,26.438,674.0,469.1,586.4,22.6,609.0,25.51,23.87,0.93247,9.814,10.34,24.91,14,2
73.113,factory_mission,9x4.5,pi5,29.442,0.143,-2.582,-0.190,-0.713,-0.597,0.950,-23.69,-2.23,-53.89,0.0000,0.1244,0.6471,0.6409,6192,25.221,643.0,430.0,537.5,22.6,560.1,23.41,23.93,0.93241,9.822,11.26,24.91,14,2
73.161,factory_mission,9x4.5,pi5,29.427,0.112,-2.608,-0.298,-0.703,-0.518,0.923,-25.15,-1.64,-58.37,0.0000,0.1285,0.6584,0.6517,6288,25.987,662.5,449.6,562.0,22.6,584.6,24.46,23.90,0.93236,9.830,10.78,24.91,14,2
73.213,factory_mission,9x4.5,pi5,29.397,0.071,-2.639,-0.466,-0.677,-0.408,0.918,-26.43,-1.93,-65.75,0.0000,0.1145,0.6738,0.6776,6387,27.233,694.2,486.0,607.5,22.6,630.1,26.43,23.84,0.93229,9.839,9.97,24.91,14,2
73.261,factory_mission,9x4.5,pi5,29.368,0.042,-2.656,-0.597,-0.652,-0.344,0.949,-26.65,-2.90,-71.11,0.0110,0.1078,0.6779,0.6877,6812,27.917,711.7,499.6,624.5,22.6,647.1,27.17,23.82,0.93223,9.848,9.70,24.91,14,2
73.313,factory_mission,9x4.5,pi5,29.310,-0.001,-2.678,-0.812,-0.598,-0.257,1.041,-25.93,-5.32,-79.89,0.0940,0.1584,0.6259,0.6270,6887,25.263,644.0,407.4,509.2,22.6,531.8,22.19,23.96,0.93218,9.855,11.88,24.91,14,2
73.361,factory_mission,9x4.5,pi5,29.265,-0.026,-2.687,-0.931,-0.554,-0.188,1.100,-24.69,-7.42,-86.20,0.1760,0.2018,0.5850,0.5866,7047,24.128,615.1,357.0,446.2,22.6,468.8,19.50,24.05,0.93214,9.861,13.52,24.91,14,2
73.413,factory_mission,9x4.5,pi5,29.194,-0.056,-2.694,-1.075,-0.483,-0.075,1.181,-21.81,-10.93,-96.32,0.2510,0.2532,0.5510,0.5565,7273,24.009,612.1,332.4,415.5,22.6,438.1,18.19,24.08,0.93209,9.868,14.49,24.91,14,2
73.461,factory_mission,9x4.5,pi5,29.138,-0.075,-2.695,-1.165,-0.432,0.004,1.242,-19.33,-13.24,-103.51,0.3059,0.3021,0.5329,0.5365,7511,24.649,628.4,330.8,413.6,22.6,436.2,18.11,24.09,0.93205,9.874,14.55,24.91,14,2
73.513,factory_mission,9x4.5,pi5,29.040,-0.099,-2.689,-1.293,-0.354,0.112,1.346,-15.03,-16.27,-114.93,0.3773,0.3719,0.4977,0.4998,7762,25.420,648.0,330.7,413.4,22.6,436.0,18.10,24.09,0.93201,9.880,14.56,24.91,14,2
73.561,factory_mission,9x4.5,pi5,28.976,-0.112,-2.682,-1.367,-0.310,0.163,1.411,-11.87,-17.83,-122.88,0.4580,0.4532,0.4408,0.4436,7939,26.243,669.0,340.3,425.4,22.6,448.0,18.61,24.07,0.93197,9.886,14.16,24.91,14,2
73.613,factory_mission,9x4.5,pi5,28.880,-0.125,-2.669,-1.463,-0.256,0.211,1.500,-6.94,-19.28,-134.95,0.5447,0.5415,0.3710,0.3745,8070,27.748,707.4,382.4,478.0,22.6,500.6,20.85,24.00,0.93192,9.893,12.63,24.91,14,2
73.661,factory_mission,9x4.5,pi5,28.810,-0.133,-2.658,-1.528,-0.223,0.224,1.560,-3.73,-19.62,-142.81,0.6162,0.6131,0.3085,0.3123,8137,29.585,754.2,446.9,558.6,22.6,581.2,24.32,23.90,0.93186,9.901,10.83,24.91,14,2
73.713,factory_mission,9x4.5,pi5,28.692,-0.144,-2.640,-1.630,-0.182,0.206,1.653,0.66,-19.28,-153.79,0.6720,0.6703,0.2486,0.2526,8113,31.266,797.1,516.6,645.8,22.6,668.4,28.10,23.78,0.93180,9.911,9.37,24.91,14,2
73.761,factory_mission,9x4.5,pi5,28.617,-0.149,-2.630,-1.691,-0.163,0.173,1.707,3.16,-18.62,-160.36,0.7022,0.7017,0.2033,0.2082,8011,32.101,818.3,560.8,701.0,22.6,723.6,30.51,23.71,0.93173,9.920,8.63,24.91,14,2
73.813,factory_mission,9x4.5,pi5,28.507,-0.155,-2.620,-1.769,-0.142,0.112,1.778,6.16,-17.21,-168.82,0.7134,0.7144,0.1726,0.1729,7858,32.111,818.6,576.4,720.5,22.6,743.1,31.37,23.69,0.93165,9.931,8.40,24.91,14,2
73.861,factory_mission,9x4.5,pi5,28.427,-0.159,-2.615,-1.817,-0.129,0.069,1.823,7.66,-16.11,-173.50,0.7091,0.7091,0.1576,0.1557,7707,31.398,800.4,563.1,703.8,22.6,726.4,30.64,23.71,0.93158,9.941,8.60,24.91,14,2
73.913,factory_mission,9x4.5,pi5,28.296,-0.166,-2.612,-1.877,-0.109,0.015,1.880,9.24,-14.32,-179.06,0.6914,0.6900,0.1561,0.1541,7562,30.082,766.9,526.4,658.0,22.6,680.6,28.64,23.77,0.93152,9.950,9.20,24.91,14,2
73.961,factory_mission,9x4.5,pi5,28.213,-0.169,-2.612,-1.902,-0.096,-0.004,1.904,9.94,-13.12,178.14,0.6661,0.6689,0.1676,0.1670,7483,28.782,733.7,485.4,606.7,22.6,629.3,26.41,23.83,0.93146,9.959,9.97,24.91,14,2
74.013,factory_mission,9x4.5,pi5,28.097,-0.174,-2.613,-1.921,-0.075,-0.011,1.922,10.56,-11.40,175.14,0.6356,0.6399,0.1926,0.1931,7453,27.452,699.8,439.4,549.3,22.6,571.9,23.92,23.91,0.93140,9.967,11.01,24.91,14,2
74.061,factory_mission,9x4.5,pi5,28.015,-0.177,-2.614,-1.923,-0.059,-0.001,1.924,10.77,-10.35,173.84,0.6067,0.6119,0.2245,0.2241,7474,26.497,675.5,402.5,503.1,22.6,525.7,21.94,23.97,0.93135,9.974,12.00,24.91,14,2
74.113,factory_mission,9x4.5,pi5,27.884,-0.180,-2.614,-1.911,-0.031,0.035,1.911,10.88,-8.95,172.77,0.5757,0.5819,0.2659,0.2652,7552,25.888,660.0,372.2,465.2,22.6,487.8,20.31,24.01,0.93130,9.981,12.96,24.91,14,2
74.161,factory_mission,9x4.5,pi5,27.805,-0.182,-2.613,-1.895,-0.014,0.065,1.896,10.88,-8.15,172.53,0.5484,0.5553,0.3074,0.3047,7650,25.685,654.8,353.9,442.3,22.6,464.9,19.34,24.04,0.93126,9.987,13.61,24.91,14,2
74.213,factory_mission,9x4.5,pi5,27.696,-0.183,-2.609,-1.863,0.010,0.109,1.866,10.80,-7.11,172.71,0.5198,0.5271,0.3503,0.3496,7762,25.743,656.3,343.0,428.7,22.6,451.3,18.76,24.06,0.93121,9.994,14.03,24.91,14,2
74.261,factory_mission,9x4.5,pi5,27.621,-0.183,-2.604,-1.836,0.026,0.138,1.841,10.74,-6.53,173.10,0.4971,0.5043,0.3885,0.3881,7875,26.096,665.3,342.7,428.4,22.6,451.0,18.74,24.06,0.93117,10.000,14.04,24.91,14,2
74.313,factory_mission,9x4.5,pi5,27.504,-0.181,-2.593,-1.786,0.049,0.176,1.795,10.66,-5.76,173.94,0.4752,0.4827,0.4274,0.4255,7994,26.667,679.8,349.7,437.1,22.6,459.7,19.12,24.05,0.93113,10.006,13.77,24.91,14,2
74.361,factory_mission,9x4.5,pi5,27.434,-0.180,-2.585,-1.751,0.061,0.192,1.763,10.62,-5.31,174.58,0.4581,0.4652,0.4558,0.4549,8078,27.170,692.6,358.4,448.0,22.6,470.6,19.58,24.03,0.93108,10.013,13.44,24.91,14,2
74.413,factory_mission,9x4.5,pi5,27.340,-0.177,-2.573,-1.699,0.076,0.205,1.713,10.59,-4.71,175.55,0.4424,0.4495,0.4802,0.4802,8144,27.639,704.6,368.3,460.3,22.6,482.9,20.11,24.02,0.93103,10.020,13.09,24.91,14,2
74.461,factory_mission,9x4.5,pi5,27.276,-0.174,-2.563,-1.660,0.084,0.208,1.675,10.59,-4.35,176.15,0.4325,0.4396,0.4966,0.4965,8192,28.015,714.2,376.9,471.1,22.6,493.7,20.57,24.00,0.93099,10.026,12.79,24.91,14,2
74.513,factory_mission,9x4.5,pi5,27.177,-0.170,-2.549,-1.593,0.094,0.204,1.609,10.61,-3.84,176.89,0.4258,0.4321,0.5095,0.5079,8228,28.324,722.1,384.3,480.3,22.6,502.9,20.96,23.99,0.93094,10.034,12.55,24.91,14,2
74.561,factory_mission,9x4.5,pi5,27.118,-0.167,-2.540,-1.550,0.098,0.198,1.566,10.64,-3.53,177.26,0.4222,0.4300,0.5145,0.5139,8247,28.487,726.2,388.2,485.3,22.6,507.9,21.18,23.98,0.93089,10.040,12.43,24.91,14,2
74.613,factory_mission,9x4.5,pi5,27.040,-0.162,-2.528,-1.488,0.103,0.187,1.504,10.70,-3.09,177.61,0.4226,0.4295,0.5164,0.5158,8261,28.588,728.8,390.4,488.0,22.6,510.6,21.29,23.98,0.93084,10.048,12.36,24.91,14,2
74.661,factory_mission,9x4.5,pi5,26.986,-0.159,-2.520,-1.443,0.106,0.179,1.458,10.75,-2.81,177.69,0.4257,0.4327,0.5144,0.5141,8270,28.630,729.9,390.9,488.6,22.6,511.2,21.32,23.98,0.93079,10.055,12.34,24.91,14,2
74.713,factory_mission,9x4.5,pi5,26.904,-0.155,-2.508,-1.371,0.108,0.164,1.385,10.82,-2.41,177.60,0.4308,0.4371,0.5103,0.5100,8275,28.633,729.9,390.3,487.9,22.6,510.5,21.29,23.98,0.93074,10.062,12.36,24.91,14,2
74.761,factory_mission,9x4.5,pi5,26.856,-0.152,-2.502,-1.326,0.108,0.155,1.339,10.88,-2.16,177.42,0.4367,0.4426,0.5049,0.5045,8276,28.608,729.3,389.1,486.4,22.6,509.0,21.22,23.98,0.93069,10.069,12.39,24.91,14,2
74.813,factory_mission,9x4.5,pi5,26.791,-0.149,-2.494,-1.263,0.107,0.143,1.276,10.95,-1.79,176.98,0.4432,0.4484,0.4992,0.4979,8277,28.581,728.6,387.9,484.9,22.6,507.5,21.16,23.98,0.93064,10.076,12.43,24.91,14,2
74.861,factory_mission,9x4.5,pi5,26.747,-0.148,-2.488,-1.219,0.106,0.135,1.231,10.99,-1.56,176.61,0.4494,0.4548,0.4929,0.4917,8277,28.556,728.0,386.9,483.6,22.6,506.2,21.11,23.98,0.93060,10.083,12.46,24.91,14,2
74.913,factory_mission,9x4.5,pi5,26.680,-0.145,-2.481,-1.149,0.104,0.123,1.160,11.04,-1.23,175.94,0.4559,0.4593,0.4871,0.4863,8276,28.535,727.4,386.1,482.7,22.6,505.3,21.07,23.99,0.93055,10.090,12.48,24.91,14,2
74.961,factory_mission,9x4.5,pi5,26.641,-0.144,-2.477,-1.107,0.102,0.116,1.117,11.06,-1.03,175.45,0.4599,0.4641,0.4830,0.4815,8276,28.523,727.1,385.7,482.1,22.6,504.7,21.04,23.99,0.93050,10.097,12.50,24.91,14,2
75.013,factory_mission,9x4.5,pi5,26.588,-0.143,-2.472,-1.049,0.099,0.108,1.059,11.08,-0.74,174.67,0.4628,0.4669,0.4805,0.4786,8277,28.525,727.2,385.6,482.1,22.6,504.7,21.04,23.98,0.93045,10.104,12.50,24.91,14,2
75.061,factory_mission,9x4.5,pi5,26.552,-0.142,-2.468,-1.009,0.097,0.101,1.019,11.08,-0.56,174.13,0.4878,0.6166,0.4704,0.5138,9001,34.012,867.1,508.5,635.6,22.6,658.2,27.67,23.79,0.93039,10.113,9.50,24.90,14,2
75.113,factory_mission,9x4.5,pi5,26.497,-0.141,-2.466,-0.955,0.073,-0.011,0.957,11.82,-1.74,173.14,0.6426,0.6729,0.3515,0.3374,8696,33.639,857.6,539.1,673.8,22.6,696.4,29.34,23.74,0.93032,10.123,8.96,24.90,14,2
75.161,factory_mission,9x4.5,pi5,26.464,-0.141,-2.469,-0.940,0.049,-0.095,0.946,12.94,-3.72,172.57,0.7262,0.6995,0.2476,0.2378,8358,33.923,864.8,595.3,744.1,22.6,766.7,32.43,23.64,0.93024,10.133,8.11,24.90,14,2
75.213,factory_mission,9x4.5,pi5,26.418,-0.144,-2.479,-0.952,0.003,-0.199,0.973,14.77,-7.04,172.59,0.7311,0.6945,0.2044,0.1872,8018,32.623,831.7,580.8,726.0,22.6,748.6,31.63,23.67,0.93017,10.144,8.31,24.90,14,2
75.261,factory_mission,9x4.5,pi5,26.383,-0.148,-2.489,-0.980,-0.033,-0.248,1.011,15.74,-9.17,173.36,0.6752,0.6743,0.2075,0.1883,7757,30.026,765.4,506.3,632.9,22.6,655.5,27.56,23.79,0.93011,10.153,9.54,24.90,14,2
75.313,factory_mission,9x4.5,pi5,26.323,-0.157,-2.509,-1.039,-0.086,-0.265,1.076,16.52,-11.99,175.71,0.6229,0.6108,0.2442,0.2294,7620,27.332,696.8,418.7,523.4,22.6,546.0,22.82,23.93,0.93005,10.161,11.52,24.90,14,2
75.361,factory_mission,9x4.5,pi5,26.282,-0.165,-2.521,-1.079,-0.114,-0.239,1.111,16.60,-13.64,177.96,0.5669,0.5557,0.2994,0.2904,7638,25.839,658.7,361.0,451.3,22.6,473.9,19.73,24.02,0.93001,10.167,13.32,24.90,14,2
75.409,factory_mission,9x4.5,pi5,26.221,-0.177,-2.536,-1.134,-0.149,-0.172,1.157,16.22,-15.81,-177.89,0.5106,0.5072,0.3648,0.3588,7743,25.433,648.4,333.5,416.9,22.6,439.5,18.26,24.06,0.92997,10.173,14.39,24.90,14,2
75.461,factory_mission,9x4.5,pi5,26.174,-0.188,-2.543,-1.174,-0.173,-0.116,1.193,15.66,-17.06,-174.80,0.4588,0.4556,0.4346,0.4317,7885,25.897,660.2,333.8,417.2,22.6,439.8,18.28,24.06,0.92992,10.179,14.38,24.90,14,2
75.513,factory_mission,9x4.5,pi5,26.094,-0.207,-2.549,-1.241,-0.216,-0.034,1.260,14.54,-18.63,-169.95,0.4150,0.4141,0.4986,0.4958,8041,27.064,689.9,359.3,449.1,22.6,471.7,19.63,24.02,0.92988,10.186,13.38,24.90,14,2
75.561,factory_mission,9x4.5,pi5,26.041,-0.220,-2.550,-1.284,-0.246,0.004,1.308,13.66,-19.47,-166.76,0.3818,0.3813,0.5444,0.5427,8137,28.138,717.3,389.1,486.4,22.6,509.0,21.23,23.97,0.92983,10.193,12.38,24.90,14,2
75.613,factory_mission,9x4.5,pi5,25.962,-0.241,-2.548,-1.348,-0.294,0.039,1.380,12.29,-20.39,-162.27,0.3535,0.3556,0.5793,0.5778,8195,29.054,740.7,418.1,522.7,22.6,545.3,22.79,23.93,0.92977,10.201,11.53,24.90,14,2
75.661,factory_mission,9x4.5,pi5,25.903,-0.257,-2.545,-1.393,-0.330,0.052,1.433,11.41,-20.79,-159.58,0.3367,0.3405,0.5984,0.5977,8221,29.607,754.8,437.0,546.2,22.6,568.8,23.80,23.90,0.92972,10.208,11.04,24.90,14,2
75.713,factory_mission,9x4.5,pi5,25.804,-0.287,-2.540,-1.463,-0.389,0.060,1.515,10.22,-21.09,-156.17,0.3286,0.3338,0.6069,0.6058,8227,29.835,760.6,445.3,556.6,22.6,579.2,24.25,23.88,0.92966,10.217,10.83,24.90,14,2
75.761,factory_mission,9x4.5,pi5,25.740,-0.307,-2.536,-1.504,-0.424,0.062,1.564,9.55,-21.12,-154.34,0.3294,0.3361,0.6054,0.6046,8229,29.810,759.9,444.1,555.1,22.6,577.7,24.19,23.88,0.92961,10.224,10.86,24.90,14,2
77.143,factory_mission,9x4.5,pi5,25.647,-0.338,-2.532,-1.556,-0.468,0.064,1.626,8.79,-20.97,-152.28,0.3383,0.3466,0.5951,0.5965,8232,29.618,755.0,435.9,544.9,22.6,567.5,23.75,23.90,0.92809,10.442,11.04,24.90,14,2
77.191,factory_mission,9x4.5,pi5,25.578,-0.361,-2.528,-1.589,-0.497,0.065,1.666,8.43,-20.78,-151.35,0.3523,0.3611,0.5819,0.5830,8239,29.375,748.8,425.2,531.5,22.6,554.1,23.18,23.90,0.92804,10.449,11.31,24.90,14,2
77.243,factory_mission,9x4.5,pi5,25.466,-0.400,-2.523,-1.634,-0.537,0.069,1.721,8.12,-20.42,-150.54,0.3721,0.3810,0.5642,0.5654,8255,29.142,742.9,413.7,517.1,22.6,539.7,22.57,23.92,0.92798,10.457,11.61,24.90,14,2
77.291,factory_mission,9x4.5,pi5,25.394,-0.426,-2.519,-1.659,-0.559,0.072,1.752,8.02,-20.13,-150.34,0.3930,0.4009,0.5464,0.5481,8276,29.006,739.4,405.3,506.7,22.6,529.3,22.12,23.93,0.92793,10.464,11.85,24.90,14,2
77.339,factory_mission,9x4.5,pi5,25.292,-0.463,-2.514,-1.688,-0.585,0.078,1.788,8.04,-19.75,-150.46,0.4136,0.4225,0.5288,0.5304,8301,28.957,738.2,399.9,499.8,22.6,522.4,21.82,23.94,0.92789,10.471,12.01,24.90,14,2
77.391,factory_mission,9x4.5,pi5,25.218,-0.490,-2.511,-1.706,-0.602,0.082,1.811,8.12,-19.48,-150.73,0.4361,0.4435,0.5101,0.5132,8328,28.985,738.9,397.2,496.5,22.6,519.1,21.68,23.94,0.92783,10.479,12.08,24.90,14,2
77.443,factory_mission,9x4.5,pi5,25.100,-0.534,-2.505,-1.731,-0.625,0.086,1.842,8.32,-19.09,-151.35,0.4560,0.4630,0.4951,0.4964,8356,29.096,741.7,397.8,497.2,22.6,519.8,21.71,23.94,0.92778,10.486,12.07,24.90,14,2
77.491,factory_mission,9x4.5,pi5,25.025,-0.563,-2.501,-1.744,-0.638,0.088,1.859,8.47,-18.85,-151.83,0.4711,0.4785,0.4825,0.4839,8376,29.209,744.6,399.5,499.4,22.6,522.0,21.81,23.94,0.92773,10.493,12.01,24.90,14,2
77.543,factory_mission,9x4.5,pi5,24.920,-0.603,-2.496,-1.759,-0.654,0.087,1.879,8.71,-18.52,-152.60,0.4842,0.4918,0.4716,0.4730,8392,29.327,747.6,402.0,502.6,22.6,525.2,21.94,23.93,0.92768,10.501,11.94,24.90,14,2
77.591,factory_mission,9x4.5,pi5,24.845,-0.631,-2.492,-1.769,-0.665,0.086,1.892,8.86,-18.32,-153.09,0.4929,0.5010,0.4644,0.4655,8403,29.420,750.0,404.3,505.4,22.6,528.0,22.06,23.93,0.92763,10.508,11.87,24.90,14,2
77.643,factory_mission,9x4.5,pi5,24.725,-0.677,-2.486,-1.782,-0.680,0.081,1.909,9.06,-18.06,-153.76,0.4999,0.5070,0.4591,0.4601,8412,29.501,752.1,406.4,508.0,22.6,530.6,22.17,23.93,0.92758,10.516,11.81,24.90,14,2
77.691,factory_mission,9x4.5,pi5,24.650,-0.706,-2.483,-1.789,-0.689,0.077,1.919,9.17,-17.92,-154.14,0.5028,0.5105,0.4563,0.4578,8417,29.545,753.2,407.5,509.4,22.6,532.0,22.24,23.92,0.92753,10.523,11.78,24.90,14,2
77.743,factory_mission,9x4.5,pi5,24.545,-0.747,-2.478,-1.798,-0.700,0.071,1.930,9.30,-17.74,-154.59,0.5039,0.5116,0.4559,0.4566,8419,29.568,753.8,408.1,510.1,22.6,532.7,22.27,23.92,0.92747,10.530,11.76,24.90,14,2
77.791,factory_mission,9x4.5,pi5,24.470,-0.776,-2.476,-1.803,-0.707,0.067,1.938,9.36,-17.65,-154.80,0.5036,0.5102,0.4571,0.4578,8421,29.577,754.0,408.2,510.2,22.6,532.8,22.27,23.92,0.92743,10.537,11.76,24.90,14,2
77.843,factory_mission,9x4.5,pi5,24.349,-0.822,-2.471,-1.810,-0.717,0.060,1.948,9.42,-17.55,-155.00,0.5011,0.5084,0.4596,0.4601,8423,29.583,754.2,408.1,510.2,22.6,532.8,22.27,23.92,0.92737,10.545,11.76,24.90,14,2
77.891,factory_mission,9x4.5,pi5,24.274,-0.851,-2.469,-1.814,-0.722,0.056,1.953,9.43,-17.51,-155.06,0.4982,0.5055,0.4625,0.4633,8424,29.577,754.0,407.8,509.7,22.6,532.3,22.25,23.92,0.92732,10.552,11.77,24.90,14,2
77.943,factory_mission,9x4.5,pi5,24.168,-0.892,-2.466,-1.818,-0.729,0.050,1.960,9.44,-17.47,-155.05,0.4946,0.5018,0.4664,0.4665,8424,29.564,753.7,407.3,509.1,22.6,531.7,22.23,23.92,0.92727,10.560,11.78,24.90,14,2
77.991,factory_mission,9x4.5,pi5,24.093,-0.921,-2.463,-1.821,-0.734,0.046,1.964,9.42,-17.46,-154.99,0.4914,0.4979,0.4702,0.4699,8424,29.559,753.5,407.0,508.7,22.6,531.3,22.21,23.92,0.92722,10.567,11.79,24.90,14,2
78.043,factory_mission,9x4.5,pi5,23.972,-0.968,-2.460,-1.825,-0.741,0.040,1.970,9.39,-17.47,-154.84,0.4876,0.4946,0.4738,0.4739,8426,29.563,753.6,406.9,508.7,22.6,531.3,22.21,23.92,0.92717,10.575,11.79,24.90,14,2
78.091,factory_mission,9x4.5,pi5,23.897,-0.997,-2.458,-1.827,-0.744,0.037,1.973,9.36,-17.49,-154.71,0.4931,0.3579,0.4610,0.5566,8204,28.471,725.8,393.2,491.5,22.6,514.1,21.47,23.94,0.92712,10.581,12.19,24.90,14,2
78.143,factory_mission,9x4.5,pi5,23.791,-1.037,-2.455,-1.830,-0.745,0.037,1.976,7.79,-17.40,-154.61,0.2877,0.2880,0.6403,0.6553,8213,30.918,788.2,490.7,613.4,22.6,636.0,26.74,23.79,0.92705,10.591,9.79,24.90,14,2
78.191,factory_mission,9x4.5,pi5,23.716,-1.066,-2.454,-1.843,-0.739,0.009,1.985,5.56,-16.81,-154.88,0.1887,0.2078,0.7308,0.7150,8108,33.397,851.4,601.7,752.1,22.6,774.7,32.82,23.60,0.92698,10.601,7.97,24.90,14,2
78.243,factory_mission,9x4.5,pi5,23.593,-1.111,-2.455,-1.881,-0.700,-0.085,2.009,2.29,-15.57,-156.44,0.1299,0.1767,0.7437,0.7209,7851,33.018,841.7,611.6,764.5,22.6,787.1,33.37,23.59,0.92690,10.612,7.84,24.90,14,2
78.291,factory_mission,9x4.5,pi5,23.515,-1.137,-2.459,-1.906,-0.651,-0.144,2.020,0.55,-14.65,-158.35,0.1255,0.1865,0.7000,0.6977,7628,30.708,782.8,543.2,679.0,22.6,701.6,29.61,23.70,0.92683,10.622,8.84,24.90,14,2
78.343,factory_mission,9x4.5,pi5,23.404,-1.168,-2.469,-1.931,-0.554,-0.191,2.018,-1.16,-13.34,-162.45,0.1628,0.2205,0.6445,0.6426,7486,27.829,709.5,449.6,562.0,22.6,584.6,24.51,23.85,0.92678,10.630,10.67,24.90,14,2
78.391,factory_mission,9x4.5,pi5,23.324,-1.186,-2.477,-1.936,-0.470,-0.192,2.002,-1.72,-12.66,-165.86,0.2219,0.2699,0.5864,0.5806,7443,25.580,652.1,371.8,464.7,22.6,487.3,20.33,23.98,0.92673,10.637,12.87,24.89,14,2
78.443,factory_mission,9x4.5,pi5,23.196,-1.205,-2.489,-1.923,-0.323,-0.145,1.955,-1.77,-11.99,-171.68,0.2989,0.3309,0.5277,0.5196,7509,24.441,623.1,323.3,404.1,22.6,426.7,17.74,24.05,0.92669,10.643,14.75,24.89,14,2
78.491,factory_mission,9x4.5,pi5,23.117,-1.211,-2.495,-1.905,-0.230,-0.097,1.921,-1.36,-11.70,-175.86,0.3725,0.3910,0.4778,0.4697,7633,24.442,623.1,309.3,386.7,22.6,409.3,17.00,24.07,0.92665,10.648,15.39,24.89,14,2
78.543,factory_mission,9x4.5,pi5,23.007,-1.213,-2.498,-1.873,-0.102,-0.029,1.876,-0.28,-11.31,177.71,0.4410,0.4513,0.4322,0.4247,7771,25.148,641.1,319.3,399.2,22.6,421.8,17.53,24.06,0.92661,10.654,14.92,24.89,14,2
78.591,factory_mission,9x4.5,pi5,22.930,-1.208,-2.498,-1.848,-0.015,0.012,1.848,0.64,-11.00,173.46,0.4960,0.5018,0.3960,0.3890,7893,26.183,667.5,343.8,429.8,22.6,452.4,18.84,24.02,0.92657,10.660,13.89,24.89,14,2
78.643,factory_mission,9x4.5,pi5,22.809,-1.193,-2.494,-1.807,0.115,0.053,1.811,2.09,-10.36,167.38,0.5393,0.5433,0.3679,0.3601,7994,27.289,695.7,374.1,467.7,22.6,490.3,20.45,23.97,0.92652,10.667,12.79,24.89,14,2
78.691,factory_mission,9x4.5,pi5,22.736,-1.178,-2.490,-1.780,0.190,0.064,1.791,3.04,-9.80,163.63,0.5671,0.5692,0.3479,0.3402,8043,28.032,714.6,397.0,496.3,22.6,518.9,21.68,23.93,0.92647,10.674,12.06,24.89,14,2
78.743,factory_mission,9x4.5,pi5,22.635,-1.153,-2.483,-1.740,0.284,0.066,1.764,4.34,-8.78,158.60,0.5825,0.5833,0.3339,0.3304,8065,28.450,725.3,410.8,513.6,22.6,536.2,22.42,23.91,0.92641,10.682,11.66,24.89,14,2
78.791,factory_mission,9x4.5,pi5,22.564,-1.133,-2.479,-1.709,0.343,0.062,1.744,5.10,-8.03,155.69,0.5884,0.5890,0.3284,0.3262,8071,28.613,729.4,416.5,520.6,22.6,543.2,22.73,23.90,0.92636,10.689,11.51,24.89,14,2
78.843,factory_mission,9x4.5,pi5,22.455,-1.095,-2.472,-1.654,0.424,0.051,1.709,6.06,-6.83,151.99,0.5841,0.5867,0.3318,0.3297,8072,28.542,727.6,413.6,517.0,22.6,539.6,22.57,23.90,0.92631,10.697,11.58,24.89,14,2
78.891,factory_mission,9x4.5,pi5,22.389,-1.070,-2.468,-1.617,0.466,0.046,1.683,6.58,-6.03,149.96,0.5756,0.5793,0.3399,0.3381,8074,28.384,723.6,407.0,508.8,22.6,531.4,22.22,23.91,0.92626,10.704,11.77,24.89,14,2
78.943,factory_mission,9x4.5,pi5,22.300,-1.032,-2.463,-1.561,0.514,0.039,1.644,7.22,-4.87,147.52,0.5618,0.5653,0.3539,0.3532,8079,28.137,717.3,396.6,495.8,22.6,518.4,21.66,23.93,0.92621,10.712,12.07,24.89,14,2
78.991,factory_mission,9x4.5,pi5,22.238,-1.004,-2.460,-1.518,0.542,0.037,1.612,7.57,-4.14,146.25,0.5478,0.5520,0.3694,0.3681,8091,27.967,713.0,388.4,485.5,22.6,508.1,21.22,23.94,0.92616,10.719,12.32,24.89,14,2
79.043,factory_mission,9x4.5,pi5,22.144,-0.959,-2.456,-1.445,0.576,0.036,1.556,8.01,-3.16,144.80,0.5312,0.5356,0.3887,0.3878,8112,27.854,710.1,381.2,476.4,22.6,499.0,20.83,23.95,0.92611,10.726,12.55,24.89,14,2
79.091,factory_mission,9x4.5,pi5,22.088,-0.930,-2.453,-1.397,0.590,0.038,1.518,8.25,-2.57,144.08,0.5163,0.5215,0.4066,0.4053,8135,27.832,709.5,377.1,471.4,22.6,494.0,20.62,23.96,0.92607,10.732,12.68,24.89,14,2
79.143,factory_mission,9x4.5,pi5,22.014,-0.889,-2.450,-1.329,0.604,0.041,1.461,8.58,-1.79,143.29,0.5004,0.5060,0.4252,0.4252,8161,27.860,710.2,374.8,468.5,22.6,491.1,20.49,23.96,0.92602,10.739,12.75,24.89,14,2
79.191,factory_mission,9x4.5,pi5,21.963,-0.861,-2.447,-1.280,0.609,0.043,1.418,8.78,-1.33,142.90,0.4891,0.4940,0.4405,0.4403,8187,27.958,712.7,375.3,469.1,22.6,491.7,20.52,23.96,0.92597,10.746,12.74,24.89,14,2
79.243,factory_mission,9x4.5,pi5,21.887,-0.816,-2.442,-1.200,0.609,0.044,1.347,9.05,-0.74,142.44,0.4775,0.4826,0.4558,0.4551,8212,28.090,716.1,377.0,471.3,22.6,493.9,20.61,23.96,0.92592,10.753,12.68,24.89,14,2
79.291,factory_mission,9x4.5,pi5,21.842,-0.788,-2.440,-1.150,0.605,0.044,1.300,9.22,-0.40,142.18,0.4693,0.4744,0.4660,0.4662,8230,28.200,718.9,379.0,473.8,22.6,496.4,20.72,23.96,0.92587,10.760,12.61,24.89,14,2
79.343,factory_mission,9x4.5,pi5,21.783,-0.752,-2.436,-1.081,0.595,0.043,1.235,9.45,0.05,141.82,0.4617,0.4670,0.4758,0.4754,8245,28.302,721.5,381.1,476.4,22.6,499.0,20.83,23.95,0.92582,10.767,12.54,24.89,14,2
79.391,factory_mission,9x4.5,pi5,21.743,-0.726,-2.434,-1.033,0.585,0.041,1.187,9.60,0.30,141.56,0.4577,0.4633,0.4813,0.4807,8256,28.384,723.6,382.9,478.6,22.6,501.2,20.93,23.95,0.92578,10.774,12.48,24.89,14,2
79.443,factory_mission,9x4.5,pi5,21.683,-0.688,-2.430,-0.957,0.563,0.037,1.111,9.80,0.62,141.14,0.4546,0.4602,0.4857,0.4850,8265,28.456,725.4,384.5,480.6,22.6,503.2,21.02,23.95,0.92573,10.781,12.43,24.89,14,2
79.491,factory_mission,9x4.5,pi5,21.649,-0.666,-2.428,-0.911,0.547,0.035,1.064,9.91,0.81,140.81,0.4543,0.4587,0.4875,0.4867,8271,28.500,726.6,385.5,481.8,22.6,504.4,21.07,23.94,0.92568,10.788,12.40,24.89,14,2
79.543,factory_mission,9x4.5,pi5,21.603,-0.637,-2.425,-0.849,0.524,0.031,0.998,10.07,1.05,140.26,0.4538,0.4580,0.4893,0.4875,8276,28.537,727.5,386.3,482.8,22.6,505.4,21.11,23.94,0.92563,10.795,12.37,24.89,14,2
79.591,factory_mission,9x4.5,pi5,21.572,-0.617,-2.424,-0.807,0.505,0.028,0.953,10.15,1.18,139.84,0.4555,0.4593,0.4883,0.4866,8280,28.560,728.1,386.7,483.3,22.6,505.9,21.13,23.94,0.92558,10.802,12.36,24.89,14,2
79.643,factory_mission,9x4.5,pi5,21.525,-0.588,-2.421,-0.742,0.475,0.024,0.881,10.25,1.36,139.14,0.4562,0.4611,0.4876,0.4859,8284,28.588,728.8,387.2,484.0,22.6,506.6,21.16,23.94,0.92553,10.809,12.34,24.89,14,2
79.691,factory_mission,9x4.5,pi5,21.498,-0.571,-2.419,-0.703,0.455,0.021,0.838,10.30,1.46,138.64,0.4589,0.4619,0.4861,0.4846,8286,28.599,729.1,387.3,484.2,22.6,506.8,21.17,23.94,0.92548,10.816,12.34,24.89,14,2
79.743,factory_mission,9x4.5,pi5,21.462,-0.550,-2.417,-0.651,0.427,0.017,0.779,10.36,1.59,137.83,0.4598,0.4623,0.4858,0.4836,8287,28.602,729.1,387.4,484.2,22.6,506.8,21.17,23.94,0.92543,10.823,12.34,24.89,14,2
79.791,factory_mission,9x4.5,pi5,21.438,-0.535,-2.416,-0.616,0.407,0.014,0.739,10.39,1.67,137.26,0.4610,0.4649,0.4839,0.4820,8288,28.605,729.2,387.3,484.2,22.6,506.8,21.17,23.94,0.92539,10.830,12.34,24.89,14,2
79.843,factory_mission,9x4.5,pi5,21.402,-0.515,-2.414,-0.563,0.376,0.010,0.677,10.41,1.76,136.36,0.4616,0.4652,0.4843,0.4807,8288,28.603,729.2,387.3,484.1,22.6,506.7,21.17,23.94,0.92534,10.837,12.34,24.89,14,2
79.891,factory_mission,9x4.5,pi5,21.381,-0.503,-2.413,-0.532,0.356,0.007,0.640,10.41,1.82,135.74,0.4626,0.4656,0.4829,0.4806,8288,28.600,729.1,387.2,484.0,22.6,506.6,21.16,23.94,0.92529,10.844,12.34,24.89,14,2
79.943,factory_mission,9x4.5,pi5,21.352,-0.489,-2.412,-0.491,0.330,0.004,0.591,10.40,1.90,134.78,0.4618,0.4647,0.4836,0.4819,8288,28.607,729.3,387.4,484.2,22.6,506.8,21.17,23.94,0.92524,10.851,12.33,24.89,14,2
79.991,factory_mission,9x4.5,pi5,21.333,-0.479,-2.411,-0.463,0.312,0.001,0.558,10.39,1.95,134.12,0.4860,0.6079,0.4717,0.4967,8906,33.273,848.2,491.6,614.5,22.6,637.1,26.81,23.77,0.92518,10.860,9.74,24.89,14,2
80.043,factory_mission,9x4.5,pi5,21.304,-0.466,-2.412,-0.435,0.271,-0.095,0.522,11.18,0.76,133.01,0.6610,0.6863,0.3290,0.3090,8627,33.742,860.2,553.1,691.4,22.6,714.0,30.17,23.67,0.92511,10.870,8.65,24.89,14,2
80.091,factory_mission,9x4.5,pi5,21.285,-0.460,-2.417,-0.439,0.247,-0.177,0.534,12.43,-1.00,132.47,0.7558,0.7260,0.2103,0.1976,8280,34.857,888.6,642.2,802.8,22.6,825.4,35.09,23.52,0.92503,10.881,7.44,24.89,14,2
80.143,factory_mission,9x4.5,pi5,21.258,-0.451,-2.430,-0.479,0.220,-0.294,0.603,14.48,-3.90,132.69,0.7635,0.7209,0.1581,0.1407,7894,33.650,857.8,632.8,791.0,22.6,813.6,34.57,23.53,0.92494,10.893,7.55,24.89,14,2
80.191,factory_mission,9x4.5,pi5,21.235,-0.446,-2.443,-0.525,0.207,-0.356,0.667,15.59,-5.78,133.69,0.6980,0.6982,0.1578,0.1415,7576,30.477,777.0,539.8,674.8,22.6,697.4,29.44,23.69,0.92488,10.902,8.86,24.89,14,2
80.243,factory_mission,9x4.5,pi5,21.194,-0.439,-2.468,-0.606,0.197,-0.383,0.744,16.55,-8.29,136.49,0.6369,0.6243,0.1978,0.1847,7389,26.952,687.1,427.1,533.9,22.6,556.5,23.31,23.87,0.92482,10.910,11.19,24.89,14,2
80.291,factory_mission,9x4.5,pi5,21.164,-0.434,-2.484,-0.653,0.197,-0.355,0.769,16.74,-9.78,139.10,0.5729,0.5603,0.2606,0.2513,7394,24.870,634.0,351.3,439.1,22.6,461.7,19.24,23.99,0.92478,10.916,13.56,24.89,14,2
80.343,factory_mission,9x4.5,pi5,21.119,-0.426,-2.503,-0.710,0.201,-0.275,0.788,16.49,-11.79,143.81,0.5020,0.5000,0.3405,0.3344,7509,24.059,613.3,309.4,386.7,22.6,409.3,17.01,24.06,0.92474,10.922,15.34,24.89,14,2
80.391,factory_mission,9x4.5,pi5,21.084,-0.420,-2.513,-0.748,0.205,-0.204,0.802,16.02,-12.95,147.30,0.4494,0.4460,0.4157,0.4119,7676,24.554,626.0,308.4,385.5,22.6,408.1,16.96,24.06,0.92470,10.928,15.38,24.88,14,2
80.443,factory_mission,9x4.5,pi5,21.024,-0.409,-2.523,-0.808,0.209,-0.100,0.841,15.01,-14.43,152.74,0.3996,0.3982,0.4906,0.4868,7865,25.928,661.0,337.5,421.9,22.6,444.5,18.51,24.01,0.92466,10.934,14.09,24.88,14,2
80.491,factory_mission,9x4.5,pi5,20.984,-0.401,-2.525,-0.849,0.209,-0.051,0.876,14.22,-15.20,156.31,0.3607,0.3603,0.5448,0.5415,7982,27.251,694.7,374.2,467.7,22.6,490.3,20.47,23.95,0.92461,10.941,12.74,24.88,14,2
80.543,factory_mission,9x4.5,pi5,20.924,-0.390,-2.524,-0.909,0.205,-0.007,0.932,12.95,-16.01,161.33,0.3270,0.3290,0.5860,0.5838,8049,28.412,724.3,411.3,514.2,22.6,536.8,22.47,23.89,0.92456,10.948,11.61,24.88,14,2
80.591,factory_mission,9x4.5,pi5,20.880,-0.381,-2.523,-0.953,0.199,0.009,0.973,12.13,-16.31,164.32,0.3064,0.3095,0.6092,0.6072,8072,29.099,741.8,435.5,544.4,22.6,567.0,23.77,23.85,0.92450,10.956,10.97,24.88,14,2
80.643,factory_mission,9x4.5,pi5,20.805,-0.369,-2.518,-1.019,0.187,0.018,1.036,11.02,-16.41,168.12,0.2949,0.2990,0.6204,0.6170,8068,29.363,748.6,446.5,558.1,22.6,580.7,24.36,23.83,0.92445,10.964,10.70,24.88,14,2
80.691,factory_mission,9x4.5,pi5,20.756,-0.361,-2.516,-1.055,0.179,0.019,1.070,10.40,-16.26,170.14,0.2933,0.2995,0.6190,0.6159,8055,29.268,746.1,444.3,555.3,22.6,577.9,24.24,23.84,0.92439,10.972,10.76,24.88,14,2
80.743,factory_mission,9x4.5,pi5,20.684,-0.350,-2.513,-1.097,0.168,0.019,1.110,9.67,-15.81,172.40,0.3011,0.3090,0.6073,0.6076,8046,28.949,738.0,432.9,541.1,22.6,563.7,23.63,23.86,0.92434,10.980,11.04,24.88,14,2
80.791,factory_mission,9x4.5,pi5,20.632,-0.342,-2.511,-1.121,0.161,0.021,1.132,9.34,-15.39,173.41,0.3153,0.3244,0.5921,0.5927,8044,28.560,728.1,417.8,522.2,22.6,544.8,22.82,23.88,0.92428,10.987,11.43,24.88,14,2
80.843,factory_mission,9x4.5,pi5,20.547,-0.331,-2.507,-1.146,0.151,0.028,1.156,9.03,-14.64,174.25,0.3372,0.3449,0.5725,0.5729,8055,28.184,718.5,401.6,502.0,22.6,524.6,21.94,23.91,0.92423,10.995,11.88,24.88,14,2
80.891,factory_mission,9x4.5,pi5,20.494,-0.324,-2.504,-1.154,0.145,0.035,1.164,8.94,-14.08,174.42,0.3596,0.3678,0.5524,0.5538,8077,27.945,712.4,389.3,486.6,22.6,509.2,21.28,23.93,0.92418,11.002,12.25,24.88,14,2
80.943,factory_mission,9x4.5,pi5,20.419,-0.314,-2.501,-1.157,0.138,0.047,1.166,8.93,-13.22,174.20,0.3848,0.3933,0.5317,0.5323,8108,27.814,709.1,380.1,475.1,22.6,497.7,20.79,23.94,0.92413,11.009,12.54,24.88,14,2
80.991,factory_mission,9x4.5,pi5,20.366,-0.307,-2.498,-1.155,0.134,0.056,1.164,8.98,-12.64,173.81,0.4083,0.4165,0.5132,0.5139,8143,27.829,709.4,376.0,470.0,22.6,492.6,20.57,23.95,0.92409,11.016,12.67,24.88,14,2
81.043,factory_mission,9x4.5,pi5,20.283,-0.297,-2.492,-1.143,0.127,0.069,1.152,9.11,-11.79,172.96,0.4317,0.4393,0.4957,0.4966,8184,27.965,712.9,375.9,469.9,22.6,492.5,20.57,23.95,0.92404,11.023,12.67,24.88,14,2
81.091,factory_mission,9x4.5,pi5,20.232,-0.290,-2.487,-1.132,0.122,0.075,1.141,9.22,-11.23,172.29,0.4506,0.4574,0.4813,0.4827,8216,28.120,716.9,377.7,472.2,22.6,494.8,20.66,23.94,0.92399,11.029,12.61,24.88,14,2
81.143,factory_mission,9x4.5,pi5,20.162,-0.281,-2.481,-1.112,0.115,0.080,1.121,9.38,-10.43,171.21,0.4660,0.4735,0.4693,0.4704,8242,28.283,721.0,380.7,475.8,22.6,498.4,20.82,23.94,0.92394,11.036,12.52,24.88,14,2
81.191,factory_mission,9x4.5,pi5,20.113,-0.275,-2.476,-1.095,0.110,0.082,1.104,9.47,-9.93,170.48,0.4782,0.4844,0.4608,0.4613,8262,28.426,724.7,383.7,479.7,22.6,502.3,20.99,23.93,0.92390,11.043,12.42,24.88,14,2
81.243,factory_mission,9x4.5,pi5,20.037,-0.266,-2.469,-1.065,0.101,0.080,1.072,9.58,-9.22,169.43,0.4867,0.4925,0.4544,0.4553,8277,28.549,727.8,386.6,483.2,22.6,505.8,21.14,23.93,0.92385,11.050,12.33,24.88,14,2
81.291,factory_mission,9x4.5,pi5,19.992,-0.261,-2.465,-1.043,0.095,0.078,1.051,9.64,-8.79,168.79,0.4909,0.4974,0.4513,0.4515,8285,28.616,729.5,388.2,485.3,22.6,507.9,21.23,23.92,0.92380,11.057,12.27,24.88,14,2
81.343,factory_mission,9x4.5,pi5,19.930,-0.254,-2.459,-1.011,0.087,0.073,1.018,9.69,-8.20,167.92,0.4926,0.4987,0.4504,0.4509,8291,28.659,730.6,389.2,486.5,22.6,509.1,21.28,23.92,0.92375,11.065,12.24,24.88,14,2
81.391,factory_mission,9x4.5,pi5,19.888,-0.250,-2.455,-0.987,0.082,0.069,0.993,9.70,-7.84,167.42,0.4922,0.4987,0.4513,0.4515,8295,28.685,731.3,389.7,487.1,22.6,509.7,21.31,23.92,0.92370,11.071,12.23,24.88,14,2
81.443,factory_mission,9x4.5,pi5,19.823,-0.243,-2.450,-0.945,0.073,0.062,0.950,9.69,-7.37,166.77,0.4896,0.4957,0.4546,0.4542,8296,28.687,731.3,389.5,486.9,22.6,509.5,21.30,23.92,0.92365,11.079,12.23,24.88,14,2
81.491,factory_mission,9x4.5,pi5,19.784,-0.239,-2.447,-0.919,0.067,0.057,0.923,9.68,-7.09,166.40,0.4863,0.4917,0.4579,0.4580,8295,28.669,730.9,388.9,486.1,22.6,508.7,21.27,23.92,0.92360,11.085,12.25,24.88,14,2
81.543,factory_mission,9x4.5,pi5,19.732,-0.234,-2.443,-0.881,0.060,0.051,0.884,9.64,-6.73,165.92,0.4803,0.4866,0.4636,0.4629,8293,28.642,730.2,388.1,485.1,22.6,507.7,21.23,23.92,0.92355,11.093,12.27,24.88,14,2
81.591,factory_mission,9x4.5,pi5,19.696,-0.231,-2.441,-0.853,0.055,0.046,0.856,9.61,-6.51,165.65,0.4763,0.4815,0.4675,0.4673,8290,28.616,729.5,387.5,484.3,22.6,506.9,21.19,23.92,0.92350,11.100,12.29,24.88,14,2
81.643,factory_mission,9x4.5,pi5,19.641,-0.226,-2.437,-0.809,0.047,0.039,0.811,9.57,-6.23,165.27,0.4705,0.4756,0.4732,0.4723,8287,28.591,728.9,386.9,483.6,22.6,506.2,21.16,23.92,0.92345,11.107,12.31,24.88,14,2
81.691,factory_mission,9x4.5,pi5,19.608,-0.224,-2.435,-0.781,0.043,0.035,0.783,9.53,-6.07,165.02,0.4655,0.4710,0.4775,0.4770,8285,28.575,728.5,386.6,483.3,22.6,505.9,21.15,23.92,0.92340,11.114,12.32,24.88,14,2
81.743,factory_mission,9x4.5,pi5,19.564,-0.221,-2.433,-0.743,0.037,0.029,0.745,9.49,-5.84,164.64,0.4589,0.4655,0.4832,0.4824,8281,28.561,728.1,386.5,483.1,22.6,505.7,21.14,23.92,0.92335,11.121,12.32,24.88,14,2
81.791,factory_mission,9x4.5,pi5,19.534,-0.219,-2.432,-0.716,0.033,0.025,0.717,9.47,-5.70,164.36,0.4676,0.5738,0.4795,0.5484,8931,33.382,851.0,492.0,615.0,22.6,637.6,26.84,23.75,0.92329,11.129,9.70,24.88,14,2
81.843,factory_mission,9x4.5,pi5,19.488,-0.217,-2.433,-0.689,0.016,-0.069,0.693,9.72,-6.90,163.72,0.5505,0.5674,0.4430,0.4334,8660,31.540,804.0,455.1,568.9,22.6,591.5,24.84,23.81,0.92323,11.138,10.48,24.88,14,2
81.891,factory_mission,9x4.5,pi5,19.459,-0.217,-2.436,-0.688,0.008,-0.119,0.698,10.12,-8.91,163.20,0.5880,0.5733,0.3931,0.3803,8443,30.505,777.7,443.4,554.2,22.6,576.8,24.21,23.83,0.92318,11.146,10.76,24.88,14,2
81.943,factory_mission,9x4.5,pi5,19.418,-0.217,-2.444,-0.709,0.003,-0.159,0.727,10.81,-12.13,162.77,0.5890,0.5756,0.3740,0.3524,8285,29.630,755.4,429.4,536.7,22.6,559.3,23.45,23.85,0.92312,11.154,11.10,24.88,14,2
81.991,factory_mission,9x4.5,pi5,19.388,-0.217,-2.451,-0.739,0.003,-0.166,0.757,11.16,-14.01,162.85,0.5737,0.5632,0.3730,0.3542,8187,28.828,734.9,410.0,512.5,22.6,535.1,22.41,23.88,0.92307,11.161,11.62,24.88,14,2
82.043,factory_mission,9x4.5,pi5,19.336,-0.217,-2.463,-0.802,0.007,-0.152,0.816,11.41,-16.21,163.57,0.5512,0.5380,0.3888,0.3729,8140,28.173,718.2,390.1,487.7,22.6,510.3,21.34,23.91,0.92302,11.168,12.20,24.88,14,2
82.091,factory_mission,9x4.5,pi5,19.300,-0.216,-2.469,-0.847,0.012,-0.133,0.857,11.39,-17.29,164.41,0.5227,0.5162,0.4115,0.3998,8137,27.850,710.0,377.6,472.0,22.6,494.6,20.67,23.93,0.92298,11.175,12.59,24.88,14,2
82.143,factory_mission,9x4.5,pi5,19.246,-0.214,-2.476,-0.914,0.018,-0.099,0.920,11.11,-18.40,166.07,0.4942,0.4896,0.4404,0.4322,8160,27.786,708.3,372.0,465.0,22.6,487.6,20.37,23.94,0.92293,11.182,12.78,24.88,14,2
82.191,factory_mission,9x4.5,pi5,19.205,-0.213,-2.480,-0.963,0.023,-0.073,0.966,10.82,-18.87,167.36,0.4693,0.4683,0.4671,0.4610,8193,27.947,712.5,373.9,467.4,22.6,490.0,20.47,23.94,0.92288,11.188,12.71,24.88,14,2
82.243,factory_mission,9x4.5,pi5,19.133,-0.210,-2.483,-1.040,0.028,-0.035,1.041,10.27,-19.21,169.38,0.4479,0.4472,0.4937,0.4877,8232,28.253,720.3,380.9,476.1,22.6,498.7,20.84,23.93,0.92283,11.196,12.48,24.88,14,2
82.291,factory_mission,9x4.5,pi5,19.085,-0.207,-2.484,-1.087,0.031,-0.015,1.088,9.88,-19.24,170.70,0.4315,0.4323,0.5115,0.5084,8259,28.528,727.3,388.3,485.4,22.6,508.0,21.24,23.91,0.92279,11.202,12.25,24.88,14,2
82.343,factory_mission,9x4.5,pi5,19.014,-0.204,-2.484,-1.149,0.034,0.006,1.149,9.31,-19.04,172.53,0.4178,0.4216,0.5261,0.5238,8278,28.772,733.5,395.5,494.4,22.6,517.0,21.63,23.90,0.92273,11.210,12.03,24.88,14,2
82.391,factory_mission,9x4.5,pi5,18.961,-0.201,-2.483,-1.189,0.036,0.017,1.190,8.97,-18.77,173.59,0.4107,0.4159,0.5338,0.5323,8291,28.931,737.5,400.2,500.2,22.6,522.8,21.88,23.89,0.92268,11.217,11.89,24.87,14,2
82.443,factory_mission,9x4.5,pi5,18.872,-0.195,-2.481,-1.245,0.043,0.030,1.246,8.54,-18.15,174.98,0.4079,0.4141,0.5378,0.5354,8300,29.027,740.0,402.8,503.5,22.6,526.1,22.02,23.89,0.92263,11.224,11.81,24.87,14,2
82.491,factory_mission,9x4.5,pi5,18.815,-0.191,-2.479,-1.274,0.048,0.035,1.276,8.37,-17.73,175.57,0.4098,0.4155,0.5359,0.5353,8304,29.041,740.3,402.8,503.5,22.6,526.1,22.02,23.89,0.92258,11.231,11.81,24.87,14,2
82.543,factory_mission,9x4.5,pi5,18.734,-0.186,-2.476,-1.307,0.057,0.040,1.309,8.20,-16.93,176.27,0.4138,0.4210,0.5313,0.5309,8307,29.009,739.5,401.2,501.4,22.6,524.0,21.93,23.89,0.92253,11.239,11.86,24.87,14,2
82.591,factory_mission,9x4.5,pi5,18.675,-0.181,-2.474,-1.325,0.065,0.041,1.327,8.16,-16.36,176.54,0.4202,0.4279,0.5239,0.5247,8306,28.940,737.8,398.5,498.1,22.6,520.7,21.79,23.90,0.92248,11.246,11.94,24.87,14,2
82.643,factory_mission,9x4.5,pi5,18.579,-0.174,-2.471,-1.344,0.077,0.042,1.347,8.20,-15.46,176.69,0.4289,0.4365,0.5160,0.5150,8305,28.861,735.8,395.4,494.3,22.6,516.9,21.63,23.90,0.92243,11.253,12.02,24.87,14,2
82.691,factory_mission,9x4.5,pi5,18.520,-0.168,-2.469,-1.349,0.086,0.042,1.353,8.28,-14.85,176.65,0.4377,0.4453,0.5065,0.5069,8304,28.803,734.3,393.1,491.4,22.6,514.0,21.50,23.90,0.92238,11.260,12.09,24.87,14,2
82.743,factory_mission,9x4.5,pi5,18.436,-0.160,-2.467,-1.350,0.098,0.041,1.354,8.46,-13.93,176.42,0.4471,0.4548,0.4971,0.4976,8305,28.761,733.2,391.3,489.1,22.6,511.7,21.41,23.91,0.92233,11.268,12.15,24.87,14,2
82.791,factory_mission,9x4.5,pi5,18.378,-0.154,-2.465,-1.346,0.107,0.040,1.350,8.60,-13.33,176.19,0.4557,0.4633,0.4886,0.4892,8306,28.740,732.7,390.3,487.9,22.6,510.5,21.35,23.91,0.92228,11.274,12.18,24.87,14,2
82.843,factory_mission,9x4.5,pi5,18.285,-0.144,-2.461,-1.331,0.121,0.038,1.337,8.84,-12.45,175.76,0.4639,0.4714,0.4809,0.4811,8308,28.736,732.6,389.9,487.4,22.6,510.0,21.33,23.91,0.92223,11.282,12.19,24.87,14,2
82.891,factory_mission,9x4.5,pi5,18.229,-0.136,-2.460,-1.318,0.129,0.036,1.324,9.01,-11.89,175.45,0.4705,0.4777,0.4748,0.4746,8309,28.738,732.6,389.9,487.4,22.6,510.0,21.33,23.91,0.92218,11.289,12.19,24.87,14,2
82.943,factory_mission,9x4.5,pi5,18.151,-0.125,-2.457,-1.294,0.141,0.033,1.302,9.26,-11.09,174.98,0.4761,0.4835,0.4686,0.4693,8309,28.741,732.7,390.0,487.5,22.6,510.1,21.34,23.91,0.92213,11.296,12.18,24.87,14,2
82.991,factory_mission,9x4.5,pi5,18.097,-0.117,-2.455,-1.274,0.149,0.031,1.283,9.42,-10.59,174.67,0.4674,0.4127,0.4424,0.5956,8383,29.681,756.7,418.6,523.2,22.6,545.8,22.88,23.86,0.92208,11.303,11.36,24.87,14,2
83.043,factory_mission,9x4.5,pi5,18.014,-0.103,-2.453,-1.245,0.161,-0.005,1.256,8.09,-10.64,173.97,0.2663,0.2497,0.6793,0.7005,8302,32.780,835.6,555.2,694.0,22.6,716.6,30.32,23.64,0.92201,11.314,8.57,24.87,14,2
83.091,factory_mission,9x4.5,pi5,17.963,-0.094,-2.454,-1.239,0.181,-0.070,1.254,5.77,-10.95,173.01,0.1232,0.1361,0.8038,0.7642,8054,36.387,927.6,725.7,907.1,22.6,929.7,39.81,23.35,0.92192,11.326,6.53,24.87,14,2
83.143,factory_mission,9x4.5,pi5,17.893,-0.078,-2.461,-1.243,0.243,-0.217,1.285,2.08,-11.22,170.25,0.0439,0.0861,0.8189,0.7656,7645,35.948,916.4,739.0,923.8,22.6,946.4,40.57,23.33,0.92182,11.340,6.40,24.87,14,2
83.191,factory_mission,9x4.5,pi5,17.843,-0.064,-2.472,-1.245,0.316,-0.319,1.323,0.04,-11.22,167.38,0.0287,0.0943,0.7363,0.7403,7229,31.820,811.2,612.1,765.1,22.6,787.7,33.46,23.54,0.92175,11.350,7.76,24.87,14,2
83.243,factory_mission,9x4.5,pi5,17.764,-0.035,-2.496,-1.224,0.462,-0.400,1.368,-2.01,-10.93,161.66,0.0644,0.1411,0.6604,0.6516,6931,26.759,682.2,454.6,568.2,22.6,590.8,24.83,23.80,0.92169,11.359,10.46,24.87,14,2
83.291,factory_mission,9x4.5,pi5,17.715,-0.010,-2.513,-1.192,0.561,-0.387,1.373,-2.64,-10.67,157.07,0.1430,0.2043,0.5898,0.5677,6885,23.371,595.8,344.0,430.0,22.6,452.6,18.88,23.98,0.92165,11.365,13.76,24.87,14,2
83.343,factory_mission,9x4.5,pi5,17.651,0.032,-2.535,-1.131,0.697,-0.304,1.363,-2.58,-10.45,149.40,0.2495,0.2817,0.5066,0.4993,7003,21.657,552.1,276.0,345.0,22.6,367.6,15.26,24.08,0.92161,11.370,17.02,24.87,14,2
83.391,factory_mission,9x4.5,pi5,17.608,0.067,-2.547,-1.080,0.791,-0.218,1.357,-1.94,-10.34,143.97,0.3501,0.3638,0.4475,0.4339,7214,21.821,556.3,260.7,325.9,22.6,348.5,14.46,24.11,0.92158,11.375,17.97,24.87,14,2
83.443,factory_mission,9x4.5,pi5,17.544,0.134,-2.558,-0.999,0.934,-0.082,1.370,-0.43,-10.09,135.69,0.4477,0.4507,0.3925,0.3787,7483,23.399,596.5,288.1,360.1,22.6,382.7,15.90,24.06,0.92154,11.380,16.33,24.87,14,2
83.491,factory_mission,9x4.5,pi5,17.508,0.180,-2.560,-0.951,1.020,-0.016,1.395,0.75,-9.75,130.28,0.5212,0.5191,0.3474,0.3342,7672,25.208,642.6,333.4,416.8,22.6,439.4,18.32,23.99,0.92150,11.386,14.18,24.87,14,2
83.543,factory_mission,9x4.5,pi5,17.460,0.252,-2.558,-0.891,1.135,0.042,1.444,2.51,-8.88,122.63,0.5783,0.5743,0.3071,0.2967,7797,26.959,687.3,385.2,481.5,22.6,504.1,21.08,23.91,0.92145,11.393,12.32,24.87,14,2
83.591,factory_mission,9x4.5,pi5,17.429,0.307,-2.554,-0.852,1.213,0.060,1.483,3.58,-8.07,117.98,0.6145,0.6097,0.2784,0.2712,7860,28.208,719.1,425.9,532.4,22.6,555.0,23.28,23.84,0.92140,11.401,11.16,24.87,14,2
83.643,factory_mission,9x4.5,pi5,17.381,0.402,-2.547,-0.799,1.324,0.058,1.547,4.90,-6.57,111.87,0.6340,0.6290,0.2607,0.2538,7873,28.869,736.0,449.9,562.4,22.6,585.0,24.58,23.80,0.92134,11.409,10.57,24.87,14,2
83.691,factory_mission,9x4.5,pi5,17.354,0.465,-2.543,-0.769,1.383,0.048,1.583,5.57,-5.43,108.43,0.6381,0.6339,0.2530,0.2482,7858,28.954,738.1,454.9,568.6,22.6,591.2,24.85,23.79,0.92128,11.417,10.45,24.87,14,2
83.743,factory_mission,9x4.5,pi5,17.317,0.556,-2.539,-0.729,1.454,0.032,1.627,6.29,-3.65,104.21,0.6296,0.6286,0.2556,0.2545,7840,28.650,730.4,445.1,556.4,22.6,579.0,24.32,23.81,0.92122,11.426,10.68,24.87,14,2
83.791,factory_mission,9x4.5,pi5,17.292,0.623,-2.536,-0.702,1.494,0.023,1.651,6.60,-2.47,102.01,0.6161,0.6164,0.2666,0.2665,7831,28.201,718.9,429.0,536.2,22.6,558.8,23.45,23.83,0.92117,11.433,11.07,24.87,14,2
83.843,factory_mission,9x4.5,pi5,17.254,0.733,-2.533,-0.660,1.541,0.017,1.677,6.87,-0.77,99.55,0.5963,0.5967,0.2885,0.2860,7837,27.661,705.2,407.5,509.4,22.6,532.0,22.29,23.87,0.92112,11.441,11.65,24.87,14,2
83.891,factory_mission,9x4.5,pi5,17.232,0.802,-2.531,-0.635,1.562,0.020,1.686,6.97,0.30,98.40,0.5757,0.5766,0.3123,0.3099,7862,27.272,695.2,389.6,487.0,22.6,509.6,21.32,23.90,0.92107,11.447,12.17,24.87,14,2
83.943,factory_mission,9x4.5,pi5,17.202,0.898,-2.529,-0.599,1.579,0.030,1.689,7.04,1.77,97.31,0.5513,0.5535,0.3412,0.3401,7905,26.995,688.2,373.8,467.2,22.6,489.8,20.47,23.92,0.92102,11.455,12.68,24.87,14,2
83.991,factory_mission,9x4.5,pi5,17.183,0.967,-2.527,-0.575,1.584,0.041,1.685,7.06,2.66,96.92,0.5309,0.5331,0.3691,0.3680,7959,26.958,687.2,365.6,456.9,22.6,479.5,20.04,23.94,0.92098,11.461,12.95,24.87,14,2
84.043,factory_mission,9x4.5,pi5,17.152,1.076,-2.522,-0.537,1.580,0.060,1.669,7.10,3.88,96.73,0.5100,0.5123,0.4000,0.3983,8030,27.115,691.3,362.7,453.4,22.6,476.0,19.88,23.94,0.92093,11.468,13.05,24.87,14,2
84.091,factory_mission,9x4.5,pi5,17.135,1.142,-2.519,-0.514,1.570,0.070,1.654,7.13,4.62,96.80,0.4921,0.4953,0.4258,0.4235,8088,27.340,697.0,363.8,454.8,22.6,477.4,19.94,23.94,0.92088,11.474,13.01,24.87,14,2
84.143,factory_mission,9x4.5,pi5,17.111,1.233,-2.514,-0.484,1.549,0.082,1.625,7.19,5.63,97.07,0.4750,0.4780,0.4499,0.4483,8140,27.604,703.7,367.4,459.2,22.6,481.8,20.13,23.93,0.92084,11.481,12.89,24.87,14,2
84.191,factory_mission,9x4.5,pi5,17.096,1.295,-2.509,-0.463,1.529,0.087,1.600,7.24,6.24,97.30,0.4630,0.4657,0.4680,0.4665,8184,27.886,710.9,372.7,465.9,22.6,488.5,20.42,23.92,0.92079,11.488,12.71,24.87,14,2
84.243,factory_mission,9x4.5,pi5,17.072,1.393,-2.502,-0.432,1.488,0.091,1.552,7.33,7.07,97.65,0.4518,0.4550,0.4843,0.4827,8223,28.168,718.1,378.7,473.4,22.6,496.0,20.74,23.91,0.92074,11.495,12.51,24.87,14,2
84.291,factory_mission,9x4.5,pi5,17.058,1.451,-2.498,-0.414,1.459,0.090,1.519,7.38,7.57,97.85,0.4454,0.4471,0.4943,0.4936,8247,28.362,723.0,383.3,479.1,22.6,501.7,20.99,23.90,0.92069,11.501,12.36,24.87,14,2
84.343,factory_mission,9x4.5,pi5,17.039,1.530,-2.492,-0.391,1.413,0.087,1.469,7.45,8.25,98.03,0.4386,0.4420,0.5029,0.5014,8263,28.509,726.8,386.9,483.6,22.6,506.2,21.18,23.90,0.92064,11.509,12.25,24.87,14,2
84.391,factory_mission,9x4.5,pi5,17.026,1.584,-2.488,-0.375,1.378,0.083,1.430,7.47,8.67,98.05,0.4370,0.4395,0.5063,0.5053,8274,28.602,729.2,389.1,486.4,22.6,509.0,21.30,23.89,0.92060,11.516,12.18,24.86,14,2
84.443,factory_mission,9x4.5,pi5,17.007,1.666,-2.483,-0.350,1.318,0.077,1.366,7.48,9.23,97.93,0.4365,0.4381,0.5090,0.5071,8284,28.677,731.1,390.9,488.6,22.6,511.2,21.40,23.89,0.92054,11.523,12.12,24.86,14,2
84.491,factory_mission,9x4.5,pi5,16.996,1.714,-2.480,-0.335,1.280,0.073,1.325,7.47,9.58,97.74,0.4373,0.4389,0.5094,0.5068,8290,28.717,732.1,391.6,489.5,22.6,512.1,21.44,23.89,0.92050,11.530,12.10,24.86,14,2
84.543,factory_mission,9x4.5,pi5,16.981,1.779,-2.476,-0.316,1.225,0.068,1.266,7.40,10.05,97.28,0.4383,0.4397,0.5093,0.5066,8295,28.751,733.0,392.3,490.3,22.6,512.9,21.47,23.89,0.92044,11.537,12.08,24.86,14,2
84.591,factory_mission,9x4.5,pi5,16.971,1.824,-2.473,-0.302,1.185,0.064,1.225,7.34,10.34,96.87,0.4416,0.4422,0.5064,0.5047,8299,28.760,733.2,392.1,490.1,22.6,512.7,21.46,23.89,0.92040,11.544,12.08,24.86,14,2
84.643,factory_mission,9x4.5,pi5,16.955,1.892,-2.470,-0.282,1.122,0.058,1.159,7.20,10.75,96.10,0.4435,0.4436,0.5059,0.5027,8302,28.773,733.5,392.2,490.3,22.6,512.9,21.47,23.89,0.92035,11.551,12.08,24.86,14,2
84.691,factory_mission,9x4.5,pi5,16.946,1.932,-2.467,-0.271,1.082,0.048,1.117,7.09,10.99,95.49,0.5075,0.6412,0.4757,0.4267,8865,33.270,848.1,498.3,622.9,22.6,645.5,27.22,23.71,0.92028,11.560,9.53,24.86,14,2
84.743,factory_mission,9x4.5,pi5,16.934,1.985,-2.467,-0.269,1.012,-0.052,1.048,8.35,10.37,94.64,0.8047,0.8351,0.1824,0.1503,8580,40.007,1019.9,822.8,1028.5,22.6,1051.1,45.36,23.17,0.92018,11.575,5.72,24.86,14,2
84.791,factory_mission,9x4.5,pi5,16.924,2.020,-2.471,-0.294,0.956,-0.195,1.019,10.37,9.57,94.75,0.8999,0.8867,0.0164,0.0000,7608,43.342,1104.9,1011.8,1264.8,22.6,1287.4,56.37,22.84,0.92005,11.592,4.60,24.86,14,2
84.843,factory_mission,9x4.5,pi5,16.904,2.071,-2.495,-0.388,0.868,-0.483,1.066,13.76,8.21,96.83,0.8013,0.7394,0.0000,0.0142,6708,33.357,850.4,682.9,853.6,22.6,876.2,37.44,23.41,0.91996,11.605,6.92,24.86,14,2
84.891,factory_mission,9x4.5,pi5,16.888,2.100,-2.517,-0.451,0.834,-0.566,1.104,15.94,7.15,99.35,0.7032,0.7118,0.0000,0.0279,6303,28.788,733.9,543.8,679.8,22.6,702.4,29.72,23.64,0.91989,11.614,8.72,24.86,14,2
84.943,factory_mission,9x4.5,pi5,16.859,2.139,-2.554,-0.531,0.806,-0.567,1.119,18.57,5.44,104.49,0.6895,0.6854,0.0000,0.0313,6170,27.406,698.6,504.2,630.3,22.6,652.9,27.55,23.70,0.91983,11.624,9.41,24.86,14,2
84.991,factory_mission,9x4.5,pi5,16.835,2.166,-2.579,-0.586,0.791,-0.530,1.118,19.88,4.10,108.69,0.6942,0.6787,0.0000,0.0280,6151,27.322,696.5,502.4,628.0,22.6,650.6,27.45,23.70,0.91977,11.633,9.44,24.86,14,2
85.043,factory_mission,9x4.5,pi5,16.790,2.208,-2.616,-0.675,0.767,-0.454,1.118,21.23,1.65,116.04,0.6155,0.6151,0.0790,0.0981,6533,23.840,607.8,383.8,479.7,22.6,502.3,21.02,23.90,0.91972,11.640,12.33,24.86,14,2
85.091,factory_mission,9x4.5,pi5,16.758,2.234,-2.635,-0.722,0.755,-0.380,1.111,21.66,-0.25,121.54,0.5284,0.5246,0.1968,0.1997,6685,20.962,534.4,280.3,350.3,22.6,372.9,15.50,24.06,0.91968,11.645,16.71,24.86,14,2
85.143,factory_mission,9x4.5,pi5,16.710,2.271,-2.655,-0.768,0.747,-0.229,1.096,21.57,-3.34,130.34,0.4429,0.4439,0.3257,0.3190,6982,20.616,525.6,242.4,303.0,22.6,325.6,13.50,24.12,0.91965,11.649,19.19,24.86,14,2
85.191,factory_mission,9x4.5,pi5,16.674,2.298,-2.663,-0.795,0.744,-0.114,1.095,21.13,-5.41,136.39,0.3757,0.3813,0.4374,0.4299,7319,22.366,570.2,268.9,336.1,22.6,358.7,14.90,24.08,0.91962,11.654,17.39,24.86,14,2
85.243,factory_mission,9x4.5,pi5,16.614,2.342,-2.664,-0.843,0.732,0.035,1.117,20.07,-8.26,145.43,0.3190,0.3228,0.5384,0.5329,7640,25.307,645.2,340.9,426.1,22.6,448.7,18.72,23.96,0.91957,11.661,13.83,24.86,14,2
85.291,factory_mission,9x4.5,pi5,16.575,2.369,-2.660,-0.879,0.717,0.091,1.138,19.19,-9.91,151.24,0.2727,0.2763,0.6075,0.6021,7805,27.748,707.4,414.5,518.1,22.6,540.7,22.68,23.84,0.91952,11.668,11.42,24.86,14,2
85.343,factory_mission,9x4.5,pi5,16.517,2.406,-2.650,-0.937,0.686,0.126,1.168,17.71,-11.88,159.35,0.2339,0.2403,0.6528,0.6492,7869,29.526,752.7,475.7,594.6,22.6,617.2,25.99,23.74,0.91946,11.677,9.96,24.86,14,2
85.391,factory_mission,9x4.5,pi5,16.474,2.432,-2.643,-0.979,0.659,0.126,1.187,16.70,-12.83,164.20,0.2103,0.2175,0.6750,0.6717,7863,30.355,773.8,508.3,635.4,22.6,658.0,27.77,23.69,0.91940,11.686,9.32,24.86,14,2
85.443,factory_mission,9x4.5,pi5,16.402,2.471,-2.631,-1.043,0.611,0.108,1.213,15.27,-13.71,170.50,0.2004,0.2092,0.6777,0.6737,7814,30.268,771.6,509.9,637.4,22.6,660.0,27.86,23.69,0.91933,11.695,9.29,24.86,14,2
85.491,factory_mission,9x4.5,pi5,16.356,2.494,-2.625,-1.075,0.582,0.095,1.226,14.44,-13.97,174.01,0.2038,0.2154,0.6665,0.6649,7776,29.721,757.7,492.9,616.1,22.6,638.7,26.93,23.71,0.91927,11.704,9.61,24.86,14,2
85.543,factory_mission,9x4.5,pi5,16.288,2.524,-2.617,-1.109,0.544,0.083,1.238,13.44,-13.99,178.21,0.2224,0.2360,0.6434,0.6430,7756,28.790,733.9,459.5,574.4,22.6,597.0,25.12,23.77,0.91921,11.712,10.31,24.86,14,2
85.591,factory_mission,9x4.5,pi5,16.240,2.544,-2.612,-1.124,0.520,0.083,1.241,12.97,-13.82,-179.64,0.2475,0.2623,0.6187,0.6190,7765,27.997,713.7,428.4,535.6,22.6,558.2,23.43,23.82,0.91916,11.720,11.05,24.86,14,2
85.643,factory_mission,9x4.5,pi5,16.161,2.575,-2.603,-1.135,0.487,0.096,1.239,12.51,-13.40,-177.31,0.2860,0.2985,0.5881,0.5880,7813,27.326,696.6,397.5,496.8,22.6,519.4,21.76,23.87,0.91910,11.727,11.90,24.86,14,2
85.691,factory_mission,9x4.5,pi5,16.112,2.593,-2.598,-1.134,0.470,0.112,1.232,12.37,-13.06,-176.26,0.3243,0.3359,0.5594,0.5602,7882,27.021,688.8,377.5,471.9,22.6,494.5,20.69,23.90,0.91906,11.734,12.51,24.86,14,2
85.743,factory_mission,9x4.5,pi5,16.045,2.618,-2.589,-1.125,0.448,0.138,1.218,12.34,-12.50,-175.27,0.3686,0.3791,0.5276,0.5277,7966,26.937,686.7,363.9,454.8,22.6,477.4,19.96,23.92,0.91901,11.741,12.97,24.86,14,2
85.791,factory_mission,9x4.5,pi5,15.998,2.635,-2.582,-1.114,0.432,0.157,1.205,12.40,-12.12,-174.91,0.4066,0.4153,0.5017,0.5035,8053,27.183,693.0,362.3,452.9,22.6,475.5,19.87,23.92,0.91897,11.747,13.02,24.86,14,2
85.843,factory_mission,9x4.5,pi5,15.925,2.661,-2.569,-1.092,0.408,0.181,1.180,12.57,-11.57,-174.62,0.4463,0.4537,0.4761,0.4762,8145,27.632,704.4,367.9,459.9,22.6,482.5,20.17,23.91,0.91892,11.754,12.83,24.86,14,2
85.891,factory_mission,9x4.5,pi5,15.881,2.677,-2.560,-1.076,0.392,0.190,1.161,12.70,-11.23,-174.52,0.4764,0.4832,0.4552,0.4551,8208,28.064,715.4,376.5,470.6,22.6,493.2,20.64,23.90,0.91887,11.761,12.54,24.86,14,2
85.943,factory_mission,9x4.5,pi5,15.821,2.698,-2.548,-1.052,0.368,0.195,1.131,12.88,-10.77,-174.36,0.5044,0.5117,0.4327,0.4338,8255,28.489,726.3,387.3,484.1,22.6,506.7,21.22,23.88,0.91882,11.768,12.20,24.86,14,2
85.991,factory_mission,9x4.5,pi5,15.779,2.713,-2.539,-1.033,0.351,0.193,1.108,12.97,-10.50,-174.17,0.5219,0.5287,0.4198,0.4204,8284,28.813,734.5,396.3,495.4,22.6,518.0,21.70,23.87,0.91877,11.775,11.92,24.86,14,2
86.043,factory_mission,9x4.5,pi5,15.715,2.736,-2.525,-1.001,0.321,0.184,1.067,13.05,-10.18,-173.69,0.5381,0.5435,0.4070,0.4071,8302,29.082,741.4,404.8,506.0,22.6,528.6,22.16,23.85,0.91872,11.782,11.67,24.86,14,2
86.091,factory_mission,9x4.5,pi5,15.677,2.749,-2.517,-0.980,0.302,0.175,1.040,13.06,-10.03,-173.19,0.5454,0.5515,0.3995,0.4002,8305,29.200,744.4,409.1,511.4,22.6,534.0,22.39,23.85,0.91867,11.790,11.55,24.86,14,2
86.143,factory_mission,9x4.5,pi5,15.624,2.767,-2.506,-0.949,0.277,0.161,1.001,13.00,-9.90,-172.14,0.5525,0.5582,0.3923,0.3931,8304,29.284,746.5,412.7,515.9,22.6,538.5,22.59,23.84,0.91861,11.797,11.45,24.86,14,2
86.191,factory_mission,9x4.5,pi5,15.589,2.778,-2.500,-0.925,0.259,0.150,0.973,12.91,-9.88,-171.21,0.5513,0.5566,0.3934,0.3935,8298,29.232,745.2,411.4,514.2,22.6,536.8,22.52,23.84,0.91856,11.805,11.49,24.86,14,2
86.243,factory_mission,9x4.5,pi5,15.534,2.795,-2.490,-0.887,0.232,0.135,0.926,12.71,-9.96,-169.48,0.5502,0.5563,0.3932,0.3942,8295,29.204,744.5,410.7,513.3,22.6,535.9,22.48,23.84,0.91851,11.812,11.51,24.86,14,2
86.291,factory_mission,9x4.5,pi5,15.501,2.806,-2.485,-0.861,0.216,0.126,0.897,12.53,-10.07,-168.10,0.5458,0.5515,0.3978,0.3981,8293,29.127,742.5,407.9,509.8,22.6,532.4,22.33,23.85,0.91846,11.819,11.58,24.86,14,2
86.343,factory_mission,9x4.5,pi5,15.458,2.819,-2.478,-0.826,0.194,0.115,0.856,12.20,-10.34,-165.73,0.5431,0.5486,0.4004,0.4011,8293,29.089,741.6,406.4,508.0,22.6,530.6,22.25,23.85,0.91841,11.827,11.62,24.86,14,2
86.391,factory_mission,9x4.5,pi5,15.428,2.828,-2.473,-0.800,0.179,0.107,0.827,11.93,-10.57,-163.94,0.5663,0.6773,0.4490,0.4635,9246,36.322,926.0,571.3,714.2,22.6,736.8,31.25,23.58,0.91834,11.837,8.28,24.86,14,2
86.443,factory_mission,9x4.5,pi5,15.382,2.840,-2.470,-0.776,0.117,-0.031,0.785,12.45,-12.11,-161.16,0.6393,0.6651,0.3652,0.3664,8810,34.117,869.7,542.7,678.4,22.6,701.0,29.67,23.62,0.91827,11.847,8.71,24.86,14,2
86.491,factory_mission,9x4.5,pi5,15.354,2.846,-2.473,-0.768,0.065,-0.107,0.778,13.36,-14.00,-159.11,0.6700,0.6387,0.3132,0.3218,8475,32.398,825.9,517.5,646.8,22.6,669.4,28.29,23.66,0.91820,11.856,9.14,24.86,14,2
86.543,factory_mission,9x4.5,pi5,15.314,2.849,-2.481,-0.765,-0.021,-0.168,0.783,14.45,-17.15,-155.36,0.6315,0.6182,0.3119,0.3191,8248,30.415,775.4,466.1,582.6,22.6,605.2,25.48,23.75,0.91814,11.865,10.15,24.86,14,2
86.591,factory_mission,9x4.5,pi5,15.286,2.848,-2.489,-0.764,-0.088,-0.177,0.789,14.65,-19.16,-152.32,0.5834,0.5749,0.3435,0.3493,8141,28.774,733.5,414.0,517.5,22.6,540.1,22.66,23.83,0.91809,11.872,11.41,24.86,14,2
86.643,factory_mission,9x4.5,pi5,15.240,2.841,-2.502,-0.765,-0.198,-0.149,0.804,14.02,-21.87,-147.03,0.5304,0.5185,0.3979,0.4021,8132,27.873,710.6,379.2,474.0,22.6,496.6,20.79,23.89,0.91804,11.879,12.44,24.86,14,2
86.691,factory_mission,9x4.5,pi5,15.210,2.832,-2.508,-0.766,-0.268,-0.116,0.819,13.07,-23.42,-143.14,0.4783,0.4721,0.4547,0.4583,8185,27.896,711.2,373.0,466.3,22.6,488.9,20.46,23.90,0.91800,11.886,12.63,24.86,14,2
86.743,factory_mission,9x4.5,pi5,15.169,2.814,-2.514,-0.768,-0.369,-0.067,0.855,11.07,-25.31,-137.06,0.4296,0.4249,0.5133,0.5142,8252,28.512,726.9,388.6,485.7,22.6,508.3,21.29,23.87,0.91795,11.893,12.14,24.86,14,2
86.791,factory_mission,9x4.5,pi5,15.139,2.797,-2.516,-0.772,-0.445,-0.036,0.892,9.49,-26.25,-133.02,0.3911,0.3889,0.5579,0.5586,8305,29.334,747.8,414.6,518.3,22.6,540.9,22.70,23.83,0.91789,11.900,11.39,24.86,14,2
86.843,factory_mission,9x4.5,pi5,15.089,2.763,-2.517,-0.782,-0.572,-0.002,0.969,7.01,-27.18,-127.28,0.3603,0.3586,0.5932,0.5931,8336,30.126,768.0,442.6,553.3,22.6,575.9,24.21,23.78,0.91784,11.908,10.67,24.86,14,2
86.891,factory_mission,9x4.5,pi5,15.058,2.737,-2.516,-0.790,-0.653,0.011,1.025,5.41,-27.49,-123.81,0.3400,0.3408,0.6130,0.6122,8339,30.573,779.4,460.4,575.6,22.6,598.2,25.18,23.75,0.91778,11.916,10.26,24.86,14,2
86.943,factory_mission,9x4.5,pi5,15.012,2.694,-2.513,-0.803,-0.765,0.021,1.109,3.27,-27.57,-119.33,0.3288,0.3326,0.6212,0.6211,8331,30.742,783.7,468.4,585.5,22.6,608.1,25.61,23.74,0.91772,11.925,10.09,24.86,14,2
86.991,factory_mission,9x4.5,pi5,14.979,2.660,-2.511,-0.812,-0.841,0.026,1.169,2.06,-27.42,-116.88,0.3277,0.3337,0.6194,0.6209,8324,30.674,782.0,466.7,583.4,22.6,606.0,25.52,23.74,0.91766,11.933,10.12,24.86,14,2
87.043,factory_mission,9x4.5,pi5,14.925,2.598,-2.507,-0.825,-0.954,0.033,1.261,0.65,-27.00,-114.01,0.3365,0.3428,0.6099,0.6120,8322,30.440,776.0,457.4,571.7,22.6,594.3,25.02,23.76,0.91760,11.942,10.33,24.86,14,2
87.091,factory_mission,9x4.5,pi5,14.891,2.555,-2.505,-0.832,-1.018,0.037,1.316,-0.04,-26.64,-112.63,0.3503,0.3572,0.5960,0.5989,8327,30.162,768.9,445.4,556.7,22.6,579.3,24.37,23.78,0.91755,11.950,10.60,24.86,14,2
87.143,factory_mission,9x4.5,pi5,14.842,2.490,-2.500,-0.841,-1.100,0.044,1.385,-0.73,-26.06,-111.24,0.3699,0.3781,0.5768,0.5812,8339,29.869,761.4,431.8,539.7,22.6,562.3,23.63,23.80,0.91749,11.958,10.93,24.86,14,2
87.191,factory_mission,9x4.5,pi5,14.807,2.441,-2.497,-0.846,-1.152,0.050,1.430,-0.99,-25.68,-110.71,0.3906,0.3993,0.5586,0.5633,8361,29.703,757.2,422.0,527.5,22.6,550.1,23.10,23.81,0.91744,11.965,11.18,24.86,14,2
87.243,factory_mission,9x4.5,pi5,14.750,2.359,-2.491,-0.851,-1.226,0.060,1.494,-1.16,-25.14,-110.40,0.4153,0.4226,0.5390,0.5439,8393,29.653,755.9,415.4,519.2,22.6,541.8,22.74,23.82,0.91738,11.973,11.36,24.86,14,2
87.291,factory_mission,9x4.5,pi5,14.715,2.305,-2.487,-0.853,-1.267,0.066,1.529,-1.16,-24.81,-110.43,0.4366,0.4432,0.5219,0.5269,8421,29.679,756.6,412.4,515.5,22.6,538.1,22.58,23.83,0.91733,11.980,11.43,24.86,14,2
87.343,factory_mission,9x4.5,pi5,14.665,2.227,-2.481,-0.856,-1.319,0.072,1.574,-1.06,-24.36,-110.71,0.4568,0.4642,0.5048,0.5098,8446,29.749,758.4,411.6,514.5,22.6,537.1,22.54,23.83,0.91728,11.988,11.46,24.86,14,2
87.391,factory_mission,9x4.5,pi5,14.629,2.170,-2.477,-0.857,-1.353,0.075,1.603,-0.94,-24.10,-111.00,0.4728,0.4800,0.4915,0.4970,8467,29.853,761.0,413.0,516.2,22.6,538.8,22.61,23.83,0.91723,11.995,11.42,24.85,14,2
87.443,factory_mission,9x4.5,pi5,14.572,2.078,-2.471,-0.858,-1.402,0.076,1.645,-0.74,-23.74,-111.50,0.4869,0.4940,0.4797,0.4852,8484,29.964,763.9,415.1,518.9,22.6,541.5,22.73,23.82,0.91718,12.003,11.36,24.85,14,2
87.491,factory_mission,9x4.5,pi5,14.536,2.019,-2.467,-0.858,-1.429,0.074,1.668,-0.61,-23.52,-111.82,0.4964,0.5032,0.4720,0.4765,8492,30.034,765.7,416.9,521.1,22.6,543.7,22.82,23.82,0.91712,12.010,11.31,24.85,14,2
87.543,factory_mission,9x4.5,pi5,14.485,1.935,-2.463,-0.858,-1.463,0.071,1.698,-0.43,-23.23,-112.25,0.5037,0.5097,0.4652,0.4704,8495,30.077,766.8,418.1,522.7,22.6,545.3,22.89,23.82,0.91707,12.018,11.28,24.85,14,2
87.591,factory_mission,9x4.5,pi5,14.449,1.875,-2.460,-0.858,-1.486,0.067,1.717,-0.34,-23.05,-112.47,0.5066,0.5135,0.4615,0.4677,8496,30.096,767.2,418.8,523.5,22.6,546.1,22.93,23.82,0.91702,12.025,11.26,24.85,14,2
87.643,factory_mission,9x4.5,pi5,14.391,1.778,-2.456,-0.857,-1.517,0.061,1.743,-0.24,-22.82,-112.69,0.5082,0.5146,0.4604,0.4659,8496,30.100,767.3,419.0,523.7,22.6,546.3,22.94,23.81,0.91696,12.033,11.25,24.85,14,2
87.691,factory_mission,9x4.5,pi5,14.355,1.717,-2.454,-0.856,-1.534,0.057,1.758,-0.20,-22.68,-112.76,0.5070,0.5144,0.4615,0.4658,8494,30.083,766.9,418.6,523.2,22.6,545.8,22.92,23.81,0.91691,12.040,11.26,24.85,14,2
87.743,factory_mission,9x4.5,pi5,14.304,1.630,-2.451,-0.854,-1.556,0.052,1.776,-0.18,-22.50,-112.73,0.5056,0.5121,0.4629,0.4676,8492,30.062,766.4,418.0,522.5,22.6,545.1,22.89,23.82,0.91686,12.048,11.27,24.85,14,2
87.791,factory_mission,9x4.5,pi5,14.268,1.569,-2.450,-0.852,-1.570,0.048,1.787,-0.19,-22.40,-112.64,0.5027,0.5087,0.4656,0.4701,8489,30.029,765.5,417.1,521.4,22.6,544.0,22.84,23.82,0.91681,12.055,11.30,24.85,14,2
87.843,factory_mission,9x4.5,pi5,14.211,1.469,-2.447,-0.848,-1.590,0.041,1.803,-0.23,-22.27,-112.40,0.4986,0.5057,0.4692,0.4729,8486,29.998,764.7,416.3,520.3,22.6,542.9,22.80,23.82,0.91675,12.063,11.32,24.85,14,2
87.891,factory_mission,9x4.5,pi5,14.176,1.407,-2.446,-0.845,-1.602,0.038,1.812,-0.27,-22.20,-112.18,0.4953,0.5018,0.4719,0.4766,8483,29.970,764.0,415.5,519.4,22.6,542.0,22.75,23.82,0.91670,12.071,11.34,24.85,14,2
87.943,factory_mission,9x4.5,pi5,14.127,1.319,-2.444,-0.841,-1.617,0.033,1.823,-0.36,-22.11,-111.80,0.4916,0.4986,0.4748,0.4799,8480,29.947,763.4,414.9,518.6,22.6,541.2,22.72,23.82,0.91665,12.078,11.35,24.85,14,2
87.991,factory_mission,9x4.5,pi5,14.092,1.256,-2.443,-0.838,-1.626,0.030,1.830,-0.42,-22.06,-111.51,0.4885,0.4953,0.4786,0.4822,8479,29.936,763.2,414.6,518.2,22.6,540.8,22.71,23.82,0.91660,12.086,11.36,24.85,14,2
88.043,factory_mission,9x4.5,pi5,14.036,1.155,-2.442,-0.832,-1.641,0.025,1.840,-0.52,-22.00,-111.06,0.4859,0.4926,0.4807,0.4850,8478,29.924,762.8,414.3,517.9,22.6,540.5,22.69,23.82,0.91654,12.093,11.37,24.85,14,2
88.091,factory_mission,9x4.5,pi5,14.002,1.092,-2.441,-0.828,-1.649,0.023,1.845,-0.59,-21.97,-110.74,0.4841,0.4903,0.4822,0.4876,8478,29.924,762.8,414.3,517.8,22.6,540.4,22.69,23.82,0.91649,12.101,11.37,24.85,14,2
88.143,factory_mission,9x4.5,pi5,13.953,1.003,-2.440,-0.823,-1.660,0.019,1.852,-0.68,-21.93,-110.27,0.4833,0.4886,0.4838,0.4887,8478,29.924,762.9,414.3,517.8,22.6,540.4,22.69,23.82,0.91644,12.108,11.37,24.85,14,2
88.191,factory_mission,9x4.5,pi5,13.919,0.939,-2.439,-0.819,-1.667,0.017,1.857,-0.74,-21.91,-109.96,0.4815,0.4881,0.4855,0.4891,8478,29.922,762.8,414.2,517.8,22.6,540.4,22.69,23.82,0.91639,12.116,11.37,24.85,14,2
88.243,factory_mission,9x4.5,pi5,13.864,0.837,-2.439,-0.812,-1.678,0.013,1.865,-0.81,-21.89,-109.51,0.4815,0.4874,0.4851,0.4901,8477,29.915,762.6,414.1,517.6,22.6,540.2,22.68,23.82,0.91633,12.123,11.37,24.85,14,2
88.291,factory_mission,9x4.5,pi5,13.830,0.773,-2.438,-0.808,-1.685,0.011,1.869,-0.85,-21.88,-109.22,0.4812,0.4874,0.4854,0.4900,8477,29.914,762.6,414.1,517.6,22.6,540.2,22.68,23.82,0.91628,12.131,11.37,24.85,14,2
88.343,factory_mission,9x4.5,pi5,13.782,0.683,-2.438,-0.802,-1.695,0.009,1.875,-0.90,-21.87,-108.80,0.4815,0.4883,0.4848,0.4892,8476,29.909,762.5,414.0,517.4,22.6,540.0,22.68,23.82,0.91623,12.138,11.37,24.85,14,2
88.391,factory_mission,9x4.5,pi5,13.748,0.618,-2.437,-0.797,-1.702,0.007,1.879,-0.93,-21.86,-108.53,0.4821,0.4883,0.4840,0.4892,8475,29.905,762.4,413.9,517.4,22.6,540.0,22.67,23.82,0.91618,12.146,11.37,24.85,14,2
88.443,factory_mission,9x4.5,pi5,13.695,0.514,-2.437,-0.789,-1.714,0.004,1.886,-0.96,-21.85,-108.13,0.4831,0.4892,0.4833,0.4878,8475,29.899,762.2,413.8,517.2,22.6,539.8,22.67,23.82,0.91612,12.153,11.37,24.85,14,2
88.491,factory_mission,9x4.5,pi5,13.662,0.448,-2.437,-0.783,-1.721,0.003,1.891,-0.97,-21.85,-107.87,0.4834,0.4901,0.4828,0.4868,8474,29.896,762.1,413.7,517.1,22.6,539.7,22.66,23.82,0.91607,12.161,11.38,24.85,14,2
88.543,factory_mission,9x4.5,pi5,13.616,0.355,-2.437,-0.775,-1.731,0.001,1.897,-0.99,-21.84,-107.49,0.4850,0.4909,0.4813,0.4857,8473,29.891,762.0,413.6,517.0,22.6,539.6,22.66,23.82,0.91602,12.168,11.38,24.85,14,2
88.591,factory_mission,9x4.5,pi5,13.584,0.289,-2.437,-0.769,-1.738,-0.001,1.901,-1.00,-21.84,-107.23,0.4847,0.4897,0.4801,0.4835,8456,29.765,758.8,411.0,513.7,22.6,536.3,22.52,23.82,0.91597,12.176,11.45,24.85,14,2
88.643,factory_mission,9x4.5,pi5,13.532,0.182,-2.438,-0.759,-1.749,-0.001,1.907,-1.01,-21.82,-106.83,0.4846,0.4867,0.4782,0.4781,8418,29.498,752.0,405.5,506.8,22.6,529.4,22.22,23.83,0.91591,12.183,11.60,24.85,14,2
88.691,factory_mission,9x4.5,pi5,13.501,0.115,-2.438,-0.752,-1.754,0.001,1.909,-1.02,-21.74,-106.56,0.4840,0.4857,0.4753,0.4768,8397,29.353,748.3,402.5,503.1,22.6,525.7,22.06,23.83,0.91586,12.190,11.68,24.85,14,2
88.743,factory_mission,9x4.5,pi5,13.456,0.020,-2.438,-0.741,-1.760,0.007,1.910,-1.05,-21.48,-106.15,0.4836,0.4871,0.4728,0.4752,8385,29.273,746.3,400.9,501.1,22.6,523.7,21.97,23.83,0.91581,12.198,11.73,24.85,14,2
88.791,factory_mission,9x4.5,pi5,13.425,-0.048,-2.437,-0.732,-1.762,0.012,1.908,-1.08,-21.21,-105.86,0.4833,0.4871,0.4716,0.4748,8378,29.226,745.1,399.9,499.9,22.6,522.5,21.92,23.84,0.91576,12.205,11.75,24.85,14,2
88.843,factory_mission,9x4.5,pi5,13.376,-0.157,-2.436,-0.717,-1.762,0.020,1.902,-1.12,-20.68,-105.42,0.4840,0.4876,0.4704,0.4736,8374,29.197,744.3,399.4,499.2,22.6,521.8,21.89,23.84,0.91571,12.212,11.77,24.85,14,2
88.891,factory_mission,9x4.5,pi5,13.345,-0.225,-2.435,-0.707,-1.758,0.023,1.895,-1.16,-20.28,-105.11,0.4837,0.4884,0.4695,0.4732,8371,29.177,743.8,398.9,498.7,22.6,521.3,21.87,23.84,0.91566,12.219,11.78,24.85,14,2
88.943,factory_mission,9x4.5,pi5,13.304,-0.320,-2.433,-0.691,-1.749,0.027,1.881,-1.22,-19.61,-104.61,0.4840,0.4898,0.4675,0.4726,8368,29.157,743.3,398.6,498.2,22.6,520.8,21.85,23.84,0.91561,12.227,11.79,24.85,14,2
88.991,factory_mission,9x4.5,pi5,13.275,-0.387,-2.432,-0.678,-1.740,0.029,1.867,-1.26,-19.14,-104.27,0.4838,0.4895,0.4667,0.4729,8364,29.131,742.6,398.0,497.6,22.6,520.2,21.82,23.84,0.91556,12.234,11.80,24.85,14,2
89.043,factory_mission,9x4.5,pi5,13.230,-0.493,-2.429,-0.657,-1.719,0.030,1.840,-1.33,-18.41,-103.72,0.4840,0.4903,0.4665,0.4710,8360,29.105,742.0,397.5,496.9,22.6,519.5,21.80,23.84,0.91551,12.241,11.82,24.85,14,2
89.091,factory_mission,9x4.5,pi5,13.203,-0.559,-2.428,-0.643,-1.702,0.030,1.820,-1.39,-17.93,-103.33,0.4840,0.4902,0.4661,0.4704,8356,29.077,741.2,397.0,496.2,22.6,518.8,21.76,23.84,0.91546,12.248,11.83,24.85,14,2
89.143,factory_mission,9x4.5,pi5,13.166,-0.649,-2.425,-0.622,-1.675,0.029,1.787,-1.47,-17.22,-102.71,0.4845,0.4911,0.4640,0.4698,8352,29.047,740.5,396.4,495.5,22.6,518.1,21.73,23.84,0.91541,12.256,11.85,24.85,14,2
89.191,factory_mission,9x4.5,pi5,13.140,-0.712,-2.424,-0.606,-1.652,0.028,1.760,-1.53,-16.75,-102.28,0.4839,0.4907,0.4641,0.4694,8347,29.013,739.6,395.7,494.6,22.6,517.2,21.70,23.84,0.91536,12.262,11.87,24.85,14,2
89.239,factory_mission,9x4.5,pi5,13.101,-0.811,-2.422,-0.580,-1.612,0.025,1.714,-1.63,-16.09,-101.59,0.4846,0.4909,0.4621,0.4689,8341,28.975,738.6,394.9,493.7,22.6,516.3,21.66,23.84,0.91531,12.269,11.89,24.85,14,2
89.291,factory_mission,9x4.5,pi5,13.078,-0.871,-2.420,-0.563,-1.585,0.022,1.682,-1.69,-15.66,-101.11,0.4842,0.4908,0.4621,0.4674,8334,28.926,737.4,393.9,492.4,22.6,515.0,21.60,23.84,0.91526,12.277,11.92,24.85,14,2
89.343,factory_mission,9x4.5,pi5,13.047,-0.953,-2.419,-0.539,-1.544,0.019,1.635,-1.81,-15.06,-100.34,0.4853,0.4916,0.4598,0.4661,8327,28.884,736.3,393.2,491.5,22.6,514.1,21.56,23.84,0.91521,12.284,11.94,24.85,14,2
89.391,factory_mission,9x4.5,pi5,13.025,-1.010,-2.418,-0.521,-1.512,0.017,1.600,-1.88,-14.68,-99.80,0.4851,0.4907,0.4599,0.4655,8322,28.846,735.4,392.4,490.5,22.6,513.1,21.52,23.84,0.91516,12.291,11.96,24.84,14,2
89.443,factory_mission,9x4.5,pi5,12.993,-1.098,-2.417,-0.492,-1.460,0.013,1.541,-2.01,-14.15,-98.95,0.4859,0.4914,0.4581,0.4641,8316,28.805,734.3,391.6,489.5,22.6,512.1,21.48,23.84,0.91511,12.298,11.99,24.84,14,2
89.491,factory_mission,9x4.5,pi5,12.974,-1.152,-2.416,-0.474,-1.426,0.011,1.503,-2.10,-13.82,-98.34,0.4859,0.4915,0.4580,0.4628,8311,28.773,733.5,391.0,488.7,22.6,511.3,21.44,23.84,0.91506,12.305,12.00,24.84,14,2
89.543,factory_mission,9x4.5,pi5,12.949,-1.224,-2.416,-0.449,-1.377,0.008,1.448,-2.25,-13.36,-97.39,0.4873,0.4934,0.4554,0.4610,8307,28.748,732.9,390.6,488.2,22.6,510.8,21.42,23.84,0.91501,12.313,12.02,24.84,14,2
89.591,factory_mission,9x4.5,pi5,12.933,-1.274,-2.415,-0.431,-1.342,0.006,1.409,-2.35,-13.07,-96.71,0.4874,0.4927,0.4546,0.4614,8303,28.724,732.2,390.1,487.6,22.6,510.2,21.40,23.84,0.91496,12.319,12.03,24.84,14,2
89.643,factory_mission,9x4.5,pi5,12.908,-1.351,-2.414,-0.402,-1.284,0.003,1.345,-2.53,-12.68,-95.64,0.4892,0.4935,0.4532,0.4594,8301,28.711,731.9,389.9,487.4,22.6,510.0,21.39,23.84,0.91491,12.327,12.03,24.84,14,2
89.691,factory_mission,9x4.5,pi5,12.893,-1.397,-2.414,-0.384,-1.248,0.001,1.306,-2.65,-12.43,-94.89,0.4894,0.4942,0.4527,0.4583,8298,28.694,731.5,389.6,487.0,22.6,509.6,21.37,23.84,0.91486,12.334,12.04,24.84,14,2
89.743,factory_mission,9x4.5,pi5,12.875,-1.459,-2.414,-0.360,-1.198,-0.002,1.251,-2.86,-12.08,-93.69,0.4914,0.4965,0.4503,0.4556,8295,28.682,731.2,389.5,486.9,22.6,509.5,21.37,23.84,0.91481,12.341,12.04,24.84,14,2
89.791,factory_mission,9x4.5,pi5,12.862,-1.502,-2.413,-0.343,-1.162,-0.004,1.211,-3.00,-11.86,-92.84,0.4914,0.4958,0.4503,0.4556,8293,28.664,730.7,389.1,486.4,22.6,509.0,21.35,23.84,0.91476,12.348,12.05,24.84,14,2
89.843,factory_mission,9x4.5,pi5,12.843,-1.567,-2.413,-0.317,-1.105,-0.007,1.150,-3.24,-11.55,-91.49,0.4932,0.4976,0.4483,0.4532,8290,28.651,730.4,389.0,486.3,22.6,508.9,21.34,23.84,0.91471,12.355,12.06,24.84,14,2
89.891,factory_mission,9x4.5,pi5,12.832,-1.605,-2.413,-0.301,-1.070,-0.009,1.111,-3.40,-11.36,-90.54,0.4937,0.4984,0.4467,0.4528,8287,28.639,730.1,388.8,486.0,22.6,508.6,21.33,23.84,0.91466,12.362,12.06,24.84,14,2
89.943,factory_mission,9x4.5,pi5,12.818,-1.658,-2.413,-0.280,-1.022,-0.011,1.059,-3.66,-11.08,-89.03,0.4972,0.5013,0.4438,0.4490,8286,28.642,730.2,389.2,486.5,22.6,509.1,21.35,23.84,0.91461,12.369,12.05,24.84,14,2
89.991,factory_mission,9x4.5,pi5,12.808,-1.693,-2.413,-0.266,-0.988,-0.013,1.023,-3.84,-10.90,-87.96,0.4971,0.5011,0.4433,0.4491,8283,28.627,729.8,388.9,486.1,22.6,508.7,21.33,23.84,0.91456,12.376,12.06,24.84,14,2
90.043,factory_mission,9x4.5,pi5,12.794,-1.748,-2.413,-0.244,-0.935,-0.015,0.967,-4.13,-10.63,-86.25,0.5000,0.5040,0.4405,0.4455,8282,28.629,729.8,389.2,486.5,22.6,509.1,21.35,23.84,0.91451,12.383,12.05,24.84,14,2
90.091,factory_mission,9x4.5,pi5,12.786,-1.780,-2.414,-0.231,-0.904,-0.022,0.934,-4.34,-10.45,-85.05,0.4735,0.4059,0.5065,0.6386,8769,32.635,832.0,485.9,607.3,22.6,629.9,26.60,23.68,0.91445,12.392,9.67,24.84,14,2
90.143,factory_mission,9x4.5,pi5,12.775,-1.825,-2.417,-0.223,-0.880,-0.113,0.914,-6.19,-10.93,-83.37,0.1540,0.1201,0.8230,0.8551,8507,40.928,1043.4,868.5,1085.7,22.6,1108.3,48.10,23.04,0.91434,12.408,5.35,24.84,14,2
90.191,factory_mission,9x4.5,pi5,12.767,-1.856,-2.423,-0.240,-0.888,-0.261,0.956,-8.41,-11.32,-83.04,0.0208,0.0000,0.8841,0.8724,7515,42.063,1072.3,966.4,1208.0,22.6,1230.6,53.82,22.87,0.91422,12.424,4.78,24.84,14,2
90.243,factory_mission,9x4.5,pi5,12.751,-1.909,-2.450,-0.320,-0.925,-0.540,1.118,-11.46,-11.68,-84.58,0.0000,0.0111,0.7945,0.7364,6662,32.966,840.4,671.1,838.9,22.6,861.5,36.86,23.37,0.91413,12.437,6.98,24.84,14,2
90.291,factory_mission,9x4.5,pi5,12.737,-1.943,-2.475,-0.379,-0.929,-0.612,1.175,-13.07,-11.85,-86.80,0.0000,0.0447,0.6907,0.7032,6288,28.146,717.5,523.2,654.0,22.6,676.6,28.65,23.62,0.91407,12.446,8.97,24.84,14,2
90.343,factory_mission,9x4.5,pi5,12.714,-1.992,-2.514,-0.459,-0.906,-0.601,1.180,-14.56,-11.98,-91.59,0.0000,0.0718,0.6685,0.6672,6175,26.341,671.5,469.0,586.2,22.6,608.8,25.68,23.71,0.91400,12.454,10.01,24.84,14,2
90.391,factory_mission,9x4.5,pi5,12.694,-2.026,-2.540,-0.517,-0.876,-0.553,1.157,-14.99,-12.19,-95.57,0.0000,0.0819,0.6684,0.6611,6189,26.214,668.3,463.9,579.9,22.6,602.5,25.41,23.72,0.91395,12.463,10.12,24.84,14,2
90.443,factory_mission,9x4.5,pi5,12.656,-2.077,-2.578,-0.613,-0.813,-0.461,1.118,-14.80,-12.89,-102.60,0.0000,0.0820,0.6733,0.6731,6250,26.779,682.7,479.3,599.1,22.6,621.7,26.24,23.69,0.91389,12.471,9.79,24.84,14,2
90.491,factory_mission,9x4.5,pi5,12.628,-2.107,-2.598,-0.677,-0.768,-0.409,1.103,-14.09,-13.61,-107.98,0.0581,0.1288,0.6263,0.6278,6654,24.714,630.0,404.0,505.0,22.6,527.6,22.16,23.81,0.91384,12.479,11.60,24.84,14,2
90.543,factory_mission,9x4.5,pi5,12.584,-2.145,-2.621,-0.759,-0.698,-0.321,1.080,-12.05,-14.92,-117.02,0.1864,0.2180,0.5353,0.5329,6769,21.493,547.9,290.9,363.6,22.6,386.2,16.10,23.99,0.91380,12.484,15.96,24.84,14,2
90.591,factory_mission,9x4.5,pi5,12.549,-2.169,-2.633,-0.803,-0.642,-0.228,1.053,-10.09,-15.85,-123.50,0.3076,0.3174,0.4571,0.4577,7012,20.930,533.6,250.2,312.7,22.6,335.3,13.94,24.06,0.91377,12.489,18.44,24.84,14,2
90.643,factory_mission,9x4.5,pi5,12.491,-2.203,-2.643,-0.858,-0.552,-0.064,1.022,-6.58,-16.97,-133.54,0.4263,0.4290,0.3906,0.3886,7355,22.555,575.0,271.7,339.6,22.6,362.2,15.08,24.02,0.91373,12.494,17.04,24.84,14,2
90.691,factory_mission,9x4.5,pi5,12.452,-2.221,-2.643,-0.892,-0.500,0.022,1.023,-4.09,-17.40,-140.23,0.5188,0.5177,0.3348,0.3322,7605,24.824,632.8,326.8,408.5,22.6,431.1,18.01,23.93,0.91369,12.500,14.26,24.84,14,2
90.743,factory_mission,9x4.5,pi5,12.397,-2.243,-2.638,-0.942,-0.438,0.099,1.044,-0.44,-17.44,-149.84,0.5919,0.5899,0.2849,0.2813,7767,27.185,693.0,397.3,496.6,22.6,519.2,21.80,23.82,0.91364,12.507,11.79,24.84,14,2
90.791,factory_mission,9x4.5,pi5,12.355,-2.256,-2.631,-0.981,-0.401,0.123,1.067,1.77,-17.08,-155.75,0.6387,0.6364,0.2476,0.2450,7838,28.924,737.4,455.9,569.8,22.6,592.4,24.97,23.73,0.91358,12.515,10.29,24.84,14,2
90.843,factory_mission,9x4.5,pi5,12.285,-2.274,-2.620,-1.043,-0.354,0.121,1.108,4.61,-16.05,-163.57,0.6651,0.6620,0.2206,0.2187,7833,29.852,761.0,492.0,615.1,22.6,637.7,26.94,23.67,0.91352,12.524,9.53,24.84,14,2
90.891,factory_mission,9x4.5,pi5,12.240,-2.284,-2.613,-1.078,-0.329,0.106,1.133,6.13,-15.13,-168.01,0.6714,0.6696,0.2067,0.2067,7790,29.965,763.9,500.8,626.0,22.6,648.6,27.42,23.65,0.91346,12.533,9.37,24.84,14,2
90.943,factory_mission,9x4.5,pi5,12.174,-2.297,-2.605,-1.119,-0.299,0.082,1.162,7.85,-13.58,-173.47,0.6631,0.6638,0.2058,0.2085,7742,29.503,752.1,488.1,610.1,22.6,632.7,26.73,23.67,0.91339,12.542,9.61,24.84,14,2
90.991,factory_mission,9x4.5,pi5,12.126,-2.305,-2.601,-1.141,-0.278,0.070,1.177,8.67,-12.52,-176.33,0.6470,0.6502,0.2157,0.2189,7708,28.801,734.2,464.9,581.1,22.6,603.7,25.46,23.71,0.91334,12.550,10.08,24.84,14,2
91.043,factory_mission,9x4.5,pi5,12.049,-2.317,-2.595,-1.161,-0.246,0.061,1.189,9.50,-11.02,-179.57,0.6238,0.6269,0.2380,0.2399,7696,27.924,711.9,433.0,541.2,22.6,563.8,23.73,23.76,0.91328,12.558,10.82,24.84,14,2
91.091,factory_mission,9x4.5,pi5,12.000,-2.324,-2.592,-1.166,-0.226,0.065,1.189,9.85,-10.12,178.88,0.5994,0.6033,0.2650,0.2667,7717,27.256,694.8,405.5,506.9,22.6,529.5,22.24,23.80,0.91323,12.565,11.54,24.84,14,2
91.143,factory_mission,9x4.5,pi5,11.923,-2.334,-2.586,-1.161,-0.193,0.084,1.180,10.18,-8.88,177.28,0.5698,0.5764,0.3003,0.3012,7766,26.727,681.4,380.1,475.1,22.6,497.7,20.87,23.84,0.91318,12.572,12.30,24.84,14,2
91.191,factory_mission,9x4.5,pi5,11.885,-2.339,-2.582,-1.155,-0.177,0.098,1.172,10.28,-8.29,176.77,0.5456,0.5514,0.3350,0.3348,7834,26.550,676.8,365.2,456.5,22.6,479.1,20.07,23.87,0.91313,12.579,12.79,24.84,14,2
91.243,factory_mission,9x4.5,pi5,11.811,-2.347,-2.574,-1.134,-0.146,0.128,1.151,10.36,-7.46,176.38,0.5196,0.5252,0.3746,0.3732,7928,26.650,679.4,357.5,446.9,22.6,469.5,19.66,23.88,0.91309,12.586,13.06,24.84,14,2
91.291,factory_mission,9x4.5,pi5,11.766,-2.352,-2.567,-1.117,-0.128,0.146,1.134,10.39,-7.00,176.36,0.4974,0.5033,0.4079,0.4063,8009,26.896,685.7,356.7,445.9,22.6,468.5,19.62,23.88,0.91304,12.592,13.08,24.84,14,2
91.343,factory_mission,9x4.5,pi5,11.706,-2.357,-2.558,-1.090,-0.105,0.165,1.108,10.42,-6.41,176.55,0.4751,0.4810,0.4398,0.4392,8082,27.227,694.1,360.2,450.2,22.6,472.8,19.80,23.88,0.91300,12.599,12.96,24.84,14,2
91.391,factory_mission,9x4.5,pi5,11.664,-2.360,-2.550,-1.069,-0.090,0.174,1.087,10.44,-6.07,176.75,0.4587,0.4652,0.4647,0.4634,8144,27.609,703.8,367.1,458.9,22.6,481.5,20.18,23.86,0.91295,12.605,12.72,24.83,14,2
91.443,factory_mission,9x4.5,pi5,11.600,-2.364,-2.537,-1.032,-0.069,0.181,1.050,10.48,-5.61,177.06,0.4439,0.4495,0.4872,0.4862,8197,28.008,714.0,375.8,469.8,22.6,492.4,20.65,23.85,0.91290,12.612,12.43,24.83,14,2
91.491,factory_mission,9x4.5,pi5,11.562,-2.367,-2.529,-1.008,-0.057,0.180,1.025,10.52,-5.33,177.21,0.4328,0.4395,0.5022,0.5011,8229,28.287,721.1,382.6,478.3,22.6,500.9,21.01,23.84,0.91285,12.619,12.21,24.83,14,2
91.543,factory_mission,9x4.5,pi5,11.510,-2.369,-2.517,-0.972,-0.044,0.174,0.988,10.58,-4.93,177.30,0.4237,0.4297,0.5145,0.5135,8250,28.502,726.6,388.5,485.6,22.6,508.2,21.33,23.83,0.91280,12.626,12.03,24.83,14,2
91.591,factory_mission,9x4.5,pi5,11.475,-2.371,-2.510,-0.946,-0.035,0.167,0.961,10.63,-4.67,177.23,0.3954,0.3856,0.4894,0.6458,8377,30.165,769.0,440.4,550.5,22.6,573.1,24.14,23.74,0.91275,12.634,10.63,24.83,14,2
91.643,factory_mission,9x4.5,pi5,11.422,-2.373,-2.499,-0.908,-0.027,0.114,0.916,9.29,-5.47,176.55,0.2435,0.2259,0.6950,0.7267,8285,33.548,855.2,588.5,735.6,22.6,758.2,32.27,23.50,0.91267,12.645,7.95,24.83,14,2
91.691,factory_mission,9x4.5,pi5,11.390,-2.374,-2.495,-0.901,-0.013,0.035,0.902,7.19,-6.69,175.45,0.1268,0.1333,0.7990,0.7586,8019,35.990,917.5,713.1,891.4,22.6,914.0,39.25,23.29,0.91258,12.657,6.54,24.83,14,2
91.743,factory_mission,9x4.5,pi5,11.345,-2.375,-2.496,-0.913,0.035,-0.115,0.921,3.83,-8.43,172.52,0.0750,0.0985,0.7986,0.7378,7629,34.429,877.7,683.8,854.8,22.6,877.4,37.60,23.34,0.91249,12.670,6.82,24.83,14,2
91.791,factory_mission,9x4.5,pi5,11.312,-2.373,-2.503,-0.930,0.095,-0.206,0.957,1.96,-9.32,169.65,0.0805,0.1157,0.7075,0.7094,7278,30.210,770.2,552.6,690.8,22.6,713.4,30.29,23.56,0.91243,12.679,8.47,24.83,14,2
91.843,factory_mission,9x4.5,pi5,11.257,-2.364,-2.521,-0.950,0.221,-0.264,1.010,0.09,-10.19,163.69,0.1320,0.1727,0.6351,0.6157,7069,25.717,655.6,410.1,512.6,22.6,535.2,22.50,23.79,0.91237,12.687,11.40,24.83,14,2
91.891,factory_mission,9x4.5,pi5,11.222,-2.353,-2.533,-0.953,0.310,-0.242,1.031,-0.35,-10.49,159.74,0.2136,0.2449,0.5617,0.5388,7082,23.150,590.2,320.1,400.2,22.6,422.8,17.66,23.93,0.91233,12.693,14.52,24.83,14,2
91.943,factory_mission,9x4.5,pi5,11.173,-2.331,-2.548,-0.947,0.437,-0.157,1.055,-0.26,-10.87,152.54,0.3149,0.3320,0.4818,0.4707,7228,22.264,567.6,274.9,343.6,22.6,366.2,15.26,24.01,0.91230,12.698,16.81,24.83,14,2
91.991,factory_mission,9x4.5,pi5,11.137,-2.310,-2.554,-0.939,0.527,-0.081,1.080,0.29,-11.00,147.52,0.4067,0.4174,0.4240,0.4086,7436,23.024,587.0,279.7,349.6,22.6,372.2,15.51,24.00,0.91226,12.703,16.53,24.83,14,2
92.043,factory_mission,9x4.5,pi5,11.081,-2.267,-2.558,-0.928,0.669,0.026,1.145,1.54,-10.99,140.00,0.4977,0.5003,0.3672,0.3539,7662,24.860,633.7,321.5,401.9,22.6,424.5,17.74,23.93,0.91222,12.709,14.45,24.83,14,2
92.091,factory_mission,9x4.5,pi5,11.046,-2.235,-2.556,-0.925,0.756,0.071,1.197,2.53,-10.82,135.20,0.5623,0.5603,0.3235,0.3106,7798,26.625,678.7,372.3,465.4,22.6,488.0,20.46,23.85,0.91217,12.715,12.53,24.83,14,2
92.143,factory_mission,9x4.5,pi5,10.997,-2.184,-2.550,-0.926,0.875,0.101,1.278,4.01,-10.27,128.60,0.6079,0.6057,0.2865,0.2761,7869,28.096,716.2,420.6,525.7,22.6,548.3,23.07,23.77,0.91212,12.723,11.11,24.83,14,2
92.191,factory_mission,9x4.5,pi5,10.962,-2.142,-2.546,-0.931,0.956,0.104,1.339,4.89,-9.74,124.72,0.6316,0.6302,0.2629,0.2561,7886,28.904,736.8,449.8,562.3,22.6,584.9,24.66,23.72,0.91206,12.731,10.40,24.83,14,2
92.243,factory_mission,9x4.5,pi5,10.904,-2.069,-2.538,-0.941,1.077,0.089,1.433,5.99,-8.77,119.83,0.6402,0.6383,0.2510,0.2456,7865,29.095,741.7,459.5,574.4,22.6,597.0,25.18,23.71,0.91200,12.740,10.18,24.83,14,2
92.291,factory_mission,9x4.5,pi5,10.868,-2.019,-2.534,-0.948,1.145,0.078,1.488,6.55,-8.07,117.20,0.6363,0.6342,0.2508,0.2470,7840,28.855,735.6,453.0,566.2,22.6,588.8,24.83,23.72,0.91195,12.748,10.32,24.83,14,2
92.343,factory_mission,9x4.5,pi5,10.817,-1.945,-2.529,-0.956,1.230,0.065,1.559,7.15,-7.02,114.20,0.6207,0.6223,0.2611,0.2596,7823,28.332,722.3,434.8,543.5,22.6,566.1,23.84,23.75,0.91189,12.756,10.75,24.83,14,2
92.391,factory_mission,9x4.5,pi5,10.780,-1.889,-2.526,-0.959,1.284,0.060,1.604,7.42,-6.37,112.77,0.6026,0.6039,0.2787,0.2776,7820,27.772,708.0,413.7,517.1,22.6,539.7,22.70,23.78,0.91184,12.763,11.29,24.83,14,2
92.443,factory_mission,9x4.5,pi5,10.721,-1.796,-2.522,-0.962,1.358,0.063,1.665,7.67,-5.51,111.39,0.5795,0.5810,0.3045,0.3038,7842,27.269,695.2,391.9,489.8,22.6,512.4,21.52,23.81,0.91179,12.770,11.91,24.83,14,2
92.491,factory_mission,9x4.5,pi5,10.684,-1.737,-2.519,-0.961,1.398,0.071,1.698,7.77,-5.02,110.91,0.5571,0.5593,0.3324,0.3309,7882,26.985,687.9,376.2,470.2,22.6,492.8,20.67,23.84,0.91174,12.777,12.39,24.83,14,2
92.543,factory_mission,9x4.5,pi5,10.632,-1.651,-2.513,-0.958,1.446,0.088,1.737,7.85,-4.43,110.71,0.5325,0.5358,0.3635,0.3627,7936,26.857,684.7,364.6,455.7,22.6,478.3,20.05,23.86,0.91169,12.784,12.78,24.83,14,2
92.591,factory_mission,9x4.5,pi5,10.596,-1.589,-2.509,-0.955,1.476,0.100,1.761,7.88,-4.11,110.86,0.5121,0.5158,0.3920,0.3914,7996,26.945,686.9,360.3,450.4,22.6,473.0,19.82,23.86,0.91165,12.790,12.92,24.83,14,2
92.643,factory_mission,9x4.5,pi5,10.537,-1.489,-2.501,-0.949,1.516,0.119,1.793,7.89,-3.75,111.36,0.4925,0.4959,0.4217,0.4204,8065,27.198,693.3,361.3,451.6,22.6,474.2,19.87,23.86,0.91160,12.797,12.89,24.83,14,2
92.691,factory_mission,9x4.5,pi5,10.501,-1.425,-2.495,-0.945,1.537,0.127,1.809,7.89,-3.56,111.82,0.4768,0.4796,0.4451,0.4435,8118,27.461,700.1,364.7,455.8,22.6,478.4,20.06,23.86,0.91156,12.803,12.77,24.83,14,2
92.743,factory_mission,9x4.5,pi5,10.451,-1.336,-2.487,-0.940,1.563,0.134,1.829,7.89,-3.36,112.59,0.4615,0.4653,0.4656,0.4645,8161,27.730,706.9,369.5,461.9,22.6,484.5,20.32,23.85,0.91151,12.810,12.61,24.83,14,2
92.791,factory_mission,9x4.5,pi5,10.415,-1.271,-2.480,-0.936,1.578,0.136,1.840,7.88,-3.26,113.11,0.4515,0.4549,0.4809,0.4792,8196,27.980,713.3,374.9,468.6,22.6,491.2,20.60,23.84,0.91146,12.817,12.43,24.83,14,2
92.843,factory_mission,9x4.5,pi5,10.359,-1.168,-2.470,-0.930,1.600,0.134,1.855,7.86,-3.14,113.83,0.4441,0.4466,0.4923,0.4915,8225,28.211,719.2,380.2,475.2,22.6,497.8,20.89,23.83,0.91141,12.824,12.26,24.83,14,2
92.891,factory_mission,9x4.5,pi5,10.324,-1.103,-2.464,-0.926,1.611,0.130,1.863,7.85,-3.08,114.23,0.4394,0.4424,0.4986,0.4987,8242,28.354,722.8,383.6,479.4,22.6,502.0,21.07,23.82,0.91137,12.831,12.15,24.83,14,2
92.943,factory_mission,9x4.5,pi5,10.275,-1.012,-2.455,-0.921,1.624,0.122,1.871,7.82,-3.01,114.71,0.4371,0.4402,0.5037,0.5014,8254,28.450,725.3,385.8,482.3,22.6,504.9,21.20,23.82,0.91131,12.838,12.08,24.83,14,2
92.991,factory_mission,9x4.5,pi5,10.240,-0.947,-2.450,-0.918,1.633,0.116,1.876,7.81,-2.97,114.92,0.4379,0.4404,0.5043,0.5020,8262,28.505,726.7,387.0,483.7,22.6,506.3,21.26,23.82,0.91127,12.845,12.05,24.83,14,2
93.043,factory_mission,9x4.5,pi5,10.184,-0.843,-2.442,-0.911,1.644,0.105,1.882,7.78,-2.92,115.09,0.4400,0.4427,0.5020,0.5014,8267,28.534,727.4,387.3,484.2,22.6,506.8,21.28,23.82,0.91122,12.852,12.03,24.83,14,2
93.091,factory_mission,9x4.5,pi5,10.150,-0.778,-2.437,-0.908,1.650,0.098,1.885,7.76,-2.88,115.10,0.4433,0.4431,0.4990,0.4997,8263,28.495,726.4,386.3,482.9,22.6,505.5,21.22,23.82,0.91117,12.859,12.06,24.83,14,2
93.143,factory_mission,9x4.5,pi5,10.102,-0.687,-2.431,-0.902,1.657,0.090,1.889,7.70,-2.83,114.99,0.4435,0.4459,0.4990,0.4975,8266,28.509,726.8,386.5,483.1,22.6,505.7,21.23,23.82,0.91112,12.866,12.06,24.83,14,2
93.191,factory_mission,9x4.5,pi5,10.067,-0.622,-2.427,-0.898,1.662,0.083,1.891,7.63,-2.80,114.84,0.4464,0.4490,0.4968,0.4942,8268,28.507,726.7,386.2,482.8,22.6,505.4,21.22,23.82,0.91107,12.873,12.06,24.83,14,2
93.243,factory_mission,9x4.5,pi5,10.012,-0.518,-2.422,-0.891,1.670,0.073,1.894,7.51,-2.75,114.49,0.4505,0.4533,0.4923,0.4903,8268,28.495,726.4,385.6,482.0,22.6,504.6,21.19,23.82,0.91102,12.880,12.08,24.83,14,2
93.291,factory_mission,9x4.5,pi5,9.978,-0.452,-2.418,-0.886,1.675,0.067,1.896,7.44,-2.71,114.20,0.4550,0.4582,0.4878,0.4855,8268,28.480,726.0,385.0,481.3,22.6,503.9,21.16,23.82,0.91097,12.887,12.10,24.83,14,2
93.343,factory_mission,9x4.5,pi5,9.931,-0.361,-2.415,-0.877,1.683,0.059,1.899,7.34,-2.66,113.69,0.4600,0.4628,0.4831,0.4805,8268,28.468,725.7,384.6,480.7,22.6,503.3,21.13,23.82,0.91092,12.894,12.11,24.83,14,2
93.391,factory_mission,9x4.5,pi5,9.898,-0.295,-2.412,-0.871,1.688,0.054,1.900,7.29,-2.62,113.32,0.4646,0.4672,0.4785,0.4759,8268,28.458,725.5,384.3,480.3,22.6,502.9,21.12,23.82,0.91087,12.901,12.12,24.82,14,2
93.443,factory_mission,9x4.5,pi5,9.845,-0.189,-2.409,-0.861,1.696,0.046,1.903,7.22,-2.57,112.74,0.4686,0.4711,0.4743,0.4721,8267,28.453,725.4,384.1,480.1,22.6,502.7,21.11,23.82,0.91082,12.908,12.12,24.82,14,2
93.491,factory_mission,9x4.5,pi5,9.812,-0.123,-2.407,-0.855,1.701,0.042,1.904,7.18,-2.54,112.35,0.4716,0.4741,0.4714,0.4690,8267,28.453,725.3,384.1,480.1,22.6,502.7,21.11,23.82,0.91078,12.915,12.12,24.82,14,2
93.543,factory_mission,9x4.5,pi5,9.766,-0.030,-2.404,-0.845,1.708,0.036,1.906,7.12,-2.50,111.77,0.4747,0.4748,0.4716,0.4643,8265,28.437,724.9,383.8,479.7,22.6,502.3,21.09,23.82,0.91073,12.922,12.13,24.82,14,2
93.591,factory_mission,9x4.5,pi5,9.734,0.036,-2.402,-0.838,1.713,0.032,1.907,7.08,-2.44,111.40,0.4771,0.4748,0.4698,0.4635,8264,28.433,724.8,383.7,479.7,22.6,502.3,21.09,23.82,0.91068,12.929,12.13,24.82,14,2
93.643,factory_mission,9x4.5,pi5,9.684,0.143,-2.400,-0.826,1.720,0.027,1.909,7.03,-2.21,110.89,0.4775,0.4744,0.4702,0.4634,8265,28.442,725.1,383.9,479.9,22.6,502.5,21.10,23.82,0.91063,12.936,12.13,24.82,14,2
93.691,factory_mission,9x4.5,pi5,9.653,0.210,-2.399,-0.819,1.723,0.023,1.907,7.00,-1.95,110.59,0.4761,0.4750,0.4702,0.4647,8267,28.453,725.4,384.1,480.2,22.6,502.8,21.11,23.82,0.91058,12.943,12.12,24.82,14,2
93.743,factory_mission,9x4.5,pi5,9.609,0.303,-2.398,-0.807,1.723,0.018,1.903,6.97,-1.41,110.17,0.4738,0.4745,0.4705,0.4676,8268,28.459,725.5,384.2,480.3,22.6,502.9,21.12,23.82,0.91053,12.950,12.11,24.82,14,2
93.791,factory_mission,9x4.5,pi5,9.579,0.370,-2.397,-0.798,1.721,0.015,1.897,6.94,-0.97,109.92,0.4726,0.4735,0.4717,0.4687,8269,28.464,725.6,384.3,480.4,22.6,503.0,21.12,23.81,0.91048,12.957,12.11,24.82,14,2
93.843,factory_mission,9x4.5,pi5,9.531,0.476,-2.397,-0.781,1.712,0.009,1.881,6.91,-0.24,109.56,0.4709,0.4720,0.4733,0.4705,8269,28.468,725.7,384.4,480.5,22.6,503.1,21.13,23.81,0.91043,12.964,12.11,24.82,14,2
93.891,factory_mission,9x4.5,pi5,9.501,0.541,-2.397,-0.770,1.702,0.005,1.868,6.88,0.29,109.33,0.4701,0.4704,0.4747,0.4716,8270,28.470,725.8,384.4,480.5,22.6,503.1,21.13,23.81,0.91039,12.971,12.10,24.82,14,2
93.943,factory_mission,9x4.5,pi5,9.461,0.633,-2.397,-0.752,1.684,0.001,1.844,6.83,1.08,109.00,0.4674,0.4699,0.4758,0.4740,8271,28.478,726.0,384.6,480.8,22.6,503.4,21.14,23.81,0.91033,12.978,12.10,24.82,14,2
93.991,factory_mission,9x4.5,pi5,9.433,0.697,-2.397,-0.739,1.667,-0.003,1.824,6.80,1.61,108.76,0.4667,0.4692,0.4765,0.4748,8271,28.480,726.0,384.7,480.8,22.6,503.4,21.14,23.81,0.91029,12.985,12.09,24.82,14,2
94.043,factory_mission,9x4.5,pi5,9.389,0.798,-2.397,-0.715,1.636,-0.007,1.785,6.75,2.40,108.41,0.4656,0.4680,0.4779,0.4757,8271,28.482,726.1,384.7,480.9,22.6,503.5,21.14,23.81,0.91024,12.992,12.09,24.82,14,2
94.091,factory_mission,9x4.5,pi5,9.362,0.860,-2.398,-0.700,1.613,-0.010,1.758,6.71,2.90,108.15,0.4653,0.4671,0.4780,0.4768,8271,28.485,726.2,384.8,481.0,22.6,503.6,21.15,23.81,0.91019,12.999,12.09,24.82,14,2
94.143,factory_mission,9x4.5,pi5,9.326,0.946,-2.399,-0.678,1.577,-0.014,1.717,6.64,3.63,107.75,0.4640,0.4664,0.4790,0.4778,8271,28.482,726.1,384.8,481.0,22.6,503.6,21.15,23.81,0.91014,13.006,12.09,24.82,14,2
94.191,factory_mission,9x4.5,pi5,9.301,1.005,-2.400,-0.661,1.550,-0.016,1.685,6.60,4.09,107.47,0.4638,0.4665,0.4787,0.4781,8271,28.482,726.1,384.8,480.9,22.6,503.5,21.15,23.81,0.91009,13.013,12.09,24.82,14,2
94.243,factory_mission,9x4.5,pi5,9.262,1.098,-2.402,-0.634,1.502,-0.018,1.630,6.52,4.74,107.01,0.4632,0.4658,0.4796,0.4784,8270,28.480,726.0,384.7,480.9,22.6,503.5,21.15,23.81,0.91004,13.020,12.09,24.82,14,2
94.291,factory_mission,9x4.5,pi5,9.238,1.154,-2.404,-0.616,1.470,-0.020,1.594,6.46,5.15,106.68,0.4636,0.4652,0.4801,0.4781,8270,28.479,726.0,384.7,480.9,22.6,503.5,21.15,23.81,0.90999,13.027,12.09,24.82,14,2
94.343,factory_mission,9x4.5,pi5,9.207,1.230,-2.406,-0.591,1.424,-0.022,1.542,6.37,5.72,106.16,0.4626,0.4643,0.4807,0.4793,8270,28.477,726.0,384.7,480.9,22.6,503.5,21.15,23.81,0.90994,13.034,12.09,24.82,14,2
94.391,factory_mission,9x4.5,pi5,9.185,1.283,-2.407,-0.572,1.390,-0.022,1.503,6.30,6.08,105.79,0.4626,0.4646,0.4806,0.4790,8270,28.477,726.0,384.7,480.9,22.6,503.5,21.15,23.81,0.90990,13.041,12.09,24.82,14,2
94.443,factory_mission,9x4.5,pi5,9.152,1.365,-2.410,-0.538,1.333,-0.023,1.438,6.20,6.57,105.19,0.4617,0.4641,0.4819,0.4794,8271,28.486,726.2,384.9,481.1,22.6,503.7,21.16,23.81,0.90985,13.048,12.08,24.82,14,2
94.491,factory_mission,9x4.5,pi5,9.133,1.414,-2.411,-0.516,1.297,-0.024,1.396,6.13,6.88,104.77,0.4616,0.4638,0.4824,0.4796,8272,28.494,726.4,385.1,481.3,22.6,503.9,21.17,23.81,0.90980,13.055,12.07,24.82,14,2
94.543,factory_mission,9x4.5,pi5,9.107,1.480,-2.414,-0.483,1.245,-0.024,1.336,6.03,7.30,104.10,0.4602,0.4627,0.4833,0.4816,8273,28.504,726.6,385.3,481.6,22.6,504.2,21.18,23.81,0.90975,13.062,12.06,24.82,14,2
94.591,factory_mission,9x4.5,pi5,9.091,1.525,-2.415,-0.458,1.208,-0.025,1.292,5.97,7.55,103.63,0.4603,0.4628,0.4838,0.4809,8273,28.503,726.6,385.3,481.6,22.6,504.2,21.18,23.81,0.90970,13.069,12.06,24.82,14,2
94.643,factory_mission,9x4.5,pi5,9.065,1.595,-2.418,-0.419,1.147,-0.025,1.221,5.90,7.89,102.87,0.4596,0.4616,0.4846,0.4821,8274,28.509,726.8,385.5,481.8,22.6,504.4,21.19,23.81,0.90965,13.076,12.06,24.82,14,2
94.691,factory_mission,9x4.5,pi5,9.051,1.636,-2.420,-0.394,1.109,-0.025,1.178,5.86,8.09,102.34,0.4597,0.4612,0.4852,0.4820,8274,28.514,726.9,385.6,482.0,22.6,504.6,21.20,23.81,0.90960,13.083,12.05,24.82,14,2
94.743,factory_mission,9x4.5,pi5,9.032,1.692,-2.422,-0.359,1.057,-0.024,1.117,5.80,8.37,101.49,0.4588,0.4596,0.4864,0.4837,8276,28.526,727.2,385.9,482.3,22.6,504.9,21.21,23.80,0.90955,13.090,12.04,24.82,14,2
94.791,factory_mission,9x4.5,pi5,9.020,1.730,-2.423,-0.335,1.020,-0.024,1.074,5.77,8.53,100.90,0.4591,0.4602,0.4861,0.4834,8277,28.533,727.4,386.0,482.5,22.6,505.1,21.22,23.80,0.90950,13.097,12.04,24.82,14,2
94.843,factory_mission,9x4.5,pi5,9.001,1.788,-2.425,-0.297,0.962,-0.024,1.007,5.72,8.76,99.95,0.4584,0.4594,0.4876,0.4841,8279,28.553,727.9,386.5,483.1,22.6,505.7,21.24,23.80,0.90945,13.104,12.02,24.82,14,2
94.891,factory_mission,9x4.5,pi5,8.991,1.822,-2.426,-0.274,0.926,-0.023,0.966,5.69,8.90,99.29,0.4588,0.4591,0.4875,0.4847,8282,28.569,728.3,386.8,483.5,22.6,506.1,21.26,23.80,0.90941,13.111,12.01,24.82,14,2
94.943,factory_mission,9x4.5,pi5,8.976,1.874,-2.428,-0.239,0.869,-0.023,0.902,5.63,9.11,98.17,0.4571,0.4578,0.4894,0.4864,8284,28.587,728.8,387.2,484.0,22.6,506.6,21.29,23.80,0.90935,13.118,12.00,24.82,14,2
94.991,factory_mission,9x4.5,pi5,8.969,1.899,-2.429,-0.222,0.841,-0.023,0.871,5.60,9.21,97.51,0.5039,0.6262,0.4721,0.4436,8846,32.998,841.2,489.4,611.8,22.6,634.4,26.84,23.63,0.90929,13.127,9.51,24.82,14,2
95.039,factory_mission,9x4.5,pi5,8.960,1.928,-2.431,-0.206,0.799,-0.072,0.828,6.81,8.46,96.50,0.7807,0.7875,0.2265,0.1868,8613,38.190,973.6,742.3,927.9,22.6,950.5,40.95,23.21,0.90920,13.139,6.23,24.82,14,2
95.091,factory_mission,9x4.5,pi5,8.947,1.971,-2.441,-0.214,0.726,-0.263,0.801,8.82,7.51,96.46,0.9060,0.8741,0.0195,0.0000,7596,43.087,1098.4,1002.7,1253.4,22.6,1276.0,56.07,22.76,0.90907,13.158,4.55,24.82,14,2
95.143,factory_mission,9x4.5,pi5,8.933,2.005,-2.464,-0.277,0.662,-0.520,0.887,12.25,5.98,98.24,0.8166,0.7606,0.0000,0.0068,6814,34.716,885.0,726.1,907.6,22.6,930.2,40.03,23.24,0.90897,13.171,6.38,24.82,14,2
95.191,factory_mission,9x4.5,pi5,8.920,2.027,-2.489,-0.332,0.633,-0.622,0.948,14.45,4.84,100.57,0.7051,0.7210,0.0000,0.0251,6333,29.165,743.5,555.1,693.8,22.6,716.4,30.46,23.52,0.90890,13.181,8.38,24.82,14,2
95.243,factory_mission,9x4.5,pi5,8.893,2.061,-2.536,-0.414,0.608,-0.635,0.972,17.05,3.13,105.46,0.6889,0.6760,0.0000,0.0319,6136,27.070,690.1,494.9,618.6,22.6,641.2,27.15,23.62,0.90884,13.190,9.40,24.82,14,2
95.291,factory_mission,9x4.5,pi5,8.872,2.081,-2.565,-0.463,0.596,-0.595,0.962,18.33,1.84,109.51,0.6863,0.6727,0.0000,0.0311,6112,26.866,684.9,489.3,611.7,22.6,634.3,26.84,23.63,0.90878,13.198,9.51,24.82,14,2
95.343,factory_mission,9x4.5,pi5,8.839,2.110,-2.601,-0.533,0.580,-0.523,0.945,19.59,-0.46,116.63,0.5972,0.5982,0.0889,0.1128,6495,22.967,585.5,358.1,447.6,22.6,470.2,19.72,23.84,0.90873,13.205,12.94,24.82,14,2
95.391,factory_mission,9x4.5,pi5,8.812,2.130,-2.624,-0.574,0.570,-0.442,0.922,19.92,-2.21,121.96,0.5113,0.5073,0.2068,0.2146,6651,20.364,519.1,263.5,329.4,22.6,352.0,14.67,23.99,0.90870,13.210,17.39,24.82,14,2
95.443,factory_mission,9x4.5,pi5,8.765,2.163,-2.651,-0.619,0.561,-0.259,0.875,19.69,-5.06,130.47,0.4308,0.4315,0.3389,0.3358,7002,20.603,525.2,240.0,299.9,22.6,322.5,13.42,24.03,0.90867,13.215,19.01,24.82,14,2
95.491,factory_mission,9x4.5,pi5,8.733,2.183,-2.660,-0.643,0.556,-0.142,0.862,19.15,-6.94,136.31,0.3673,0.3693,0.4477,0.4432,7330,22.499,573.6,272.4,340.5,22.6,363.1,15.14,23.98,0.90863,13.219,16.85,24.82,14,2
95.543,factory_mission,9x4.5,pi5,8.688,2.213,-2.665,-0.681,0.545,-0.011,0.872,17.95,-9.53,144.98,0.3075,0.3113,0.5421,0.5392,7593,25.172,641.7,341.1,426.4,22.6,449.0,18.81,23.87,0.90859,13.226,13.56,24.82,14,2
95.591,factory_mission,9x4.5,pi5,8.654,2.234,-2.663,-0.715,0.531,0.048,0.892,16.97,-10.99,150.53,0.2631,0.2663,0.6085,0.6067,7755,27.606,703.8,414.7,518.4,22.6,541.0,22.78,23.75,0.90854,13.233,11.20,24.82,14,2
95.643,factory_mission,9x4.5,pi5,8.597,2.266,-2.656,-0.778,0.500,0.088,0.929,15.39,-12.69,158.20,0.2276,0.2298,0.6532,0.6514,7817,29.363,748.5,475.0,593.7,22.6,616.3,26.06,23.65,0.90847,13.242,9.79,24.82,14,2
95.691,factory_mission,9x4.5,pi5,8.560,2.286,-2.651,-0.819,0.477,0.088,0.951,14.34,-13.47,162.74,0.2048,0.2091,0.6736,0.6696,7800,30.048,766.0,503.0,628.7,22.6,651.3,27.59,23.60,0.90841,13.251,9.24,24.82,14,2
95.743,factory_mission,9x4.5,pi5,8.504,2.312,-2.644,-0.872,0.442,0.074,0.981,12.88,-14.13,168.55,0.1947,0.2037,0.6745,0.6718,7755,29.950,763.5,503.7,629.6,22.6,652.2,27.63,23.60,0.90835,13.260,9.23,24.82,14,2
95.791,factory_mission,9x4.5,pi5,8.462,2.330,-2.640,-0.905,0.418,0.064,0.999,12.04,-14.28,171.72,0.1985,0.2088,0.6637,0.6625,7714,29.391,749.3,486.5,608.1,22.6,630.7,26.69,23.63,0.90829,13.268,9.55,24.82,14,2
95.843,factory_mission,9x4.5,pi5,8.393,2.356,-2.635,-0.943,0.383,0.056,1.019,11.05,-14.16,175.41,0.2158,0.2272,0.6414,0.6420,7689,28.472,725.8,454.4,568.0,22.6,590.6,24.94,23.68,0.90823,13.277,10.22,24.82,14,2
95.891,factory_mission,9x4.5,pi5,8.349,2.371,-2.632,-0.958,0.364,0.058,1.027,10.57,-13.92,177.20,0.2409,0.2527,0.6177,0.6172,7696,27.665,705.3,423.2,529.0,22.6,551.6,23.24,23.73,0.90818,13.284,10.97,24.82,14,2
95.943,factory_mission,9x4.5,pi5,8.287,2.392,-2.627,-0.968,0.341,0.074,1.029,10.13,-13.43,179.01,0.2760,0.2882,0.5872,0.5879,7735,26.950,687.0,391.9,489.9,22.6,512.5,21.55,23.78,0.90812,13.292,11.83,24.82,14,2
95.991,factory_mission,9x4.5,pi5,8.242,2.406,-2.624,-0.969,0.327,0.092,1.026,9.98,-13.05,179.71,0.3124,0.3231,0.5600,0.5617,7800,26.624,678.7,372.1,465.1,22.6,487.7,20.48,23.81,0.90808,13.298,12.45,24.82,14,2
96.043,factory_mission,9x4.5,pi5,8.172,2.428,-2.617,-0.960,0.306,0.127,1.016,9.94,-12.45,-179.84,0.3548,0.3638,0.5324,0.5329,7897,26.619,678.6,360.2,450.2,22.6,472.8,19.84,23.83,0.90803,13.305,12.85,24.82,14,2
96.091,factory_mission,9x4.5,pi5,8.128,2.442,-2.611,-0.951,0.294,0.148,1.006,10.00,-12.04,-179.85,0.3921,0.3991,0.5074,0.5094,7984,26.817,683.6,356.9,446.1,22.6,468.7,19.66,23.84,0.90799,13.311,12.96,24.82,14,2
96.143,factory_mission,9x4.5,pi5,8.069,2.460,-2.601,-0.935,0.277,0.174,0.990,10.17,-11.45,179.84,0.4287,0.4355,0.4828,0.4834,8065,27.137,691.8,358.9,448.6,22.6,471.2,19.77,23.83,0.90794,13.318,12.89,24.82,14,2
96.191,factory_mission,9x4.5,pi5,8.027,2.473,-2.593,-0.921,0.265,0.187,0.976,10.30,-11.07,179.53,0.4568,0.4640,0.4636,0.4653,8135,27.551,702.4,366.0,457.5,22.6,480.1,20.15,23.82,0.90789,13.325,12.65,24.82,14,2
96.243,factory_mission,9x4.5,pi5,7.962,2.492,-2.580,-0.897,0.243,0.199,0.951,10.50,-10.53,179.01,0.4843,0.4893,0.4466,0.4466,8198,28.011,714.1,375.9,469.9,22.6,492.5,20.69,23.81,0.90785,13.332,12.32,24.82,14,2
96.291,factory_mission,9x4.5,pi5,7.923,2.503,-2.571,-0.881,0.229,0.201,0.932,10.61,-10.20,178.71,0.5023,0.5071,0.4339,0.4340,8236,28.345,722.6,384.1,480.1,22.6,502.7,21.13,23.79,0.90780,13.338,12.06,24.82,14,2
96.343,factory_mission,9x4.5,pi5,7.870,2.519,-2.558,-0.857,0.208,0.198,0.904,10.73,-9.75,178.39,0.5168,0.5222,0.4225,0.4228,8260,28.611,729.4,391.5,489.3,22.6,511.9,21.53,23.78,0.90775,13.346,11.84,24.82,14,2
96.391,factory_mission,9x4.5,pi5,7.833,2.529,-2.549,-0.839,0.194,0.192,0.882,10.77,-9.50,178.32,0.5241,0.5290,0.4170,0.4182,8275,28.768,733.4,395.8,494.7,22.6,517.3,21.76,23.77,0.90770,13.353,11.71,24.81,14,2
96.443,factory_mission,9x4.5,pi5,7.777,2.544,-2.535,-0.808,0.170,0.180,0.845,10.78,-9.18,178.44,0.5288,0.5341,0.4139,0.4144,8286,28.881,736.3,398.9,498.6,22.6,521.2,21.93,23.77,0.90765,13.360,11.62,24.81,14,2
96.491,factory_mission,9x4.5,pi5,7.743,2.553,-2.527,-0.788,0.156,0.171,0.821,10.74,-9.02,178.70,0.5287,0.5349,0.4143,0.4149,8291,28.918,737.2,399.6,499.6,22.6,522.2,21.97,23.77,0.90760,13.367,11.59,24.81,14,2
96.543,factory_mission,9x4.5,pi5,7.698,2.564,-2.516,-0.758,0.136,0.159,0.787,10.65,-8.85,179.33,0.5278,0.5343,0.4159,0.4159,8295,28.937,737.7,399.8,499.8,22.6,522.4,21.98,23.76,0.90754,13.375,11.59,24.81,14,2
96.591,factory_mission,9x4.5,pi5,7.667,2.571,-2.509,-0.736,0.123,0.150,0.761,10.56,-8.79,179.92,0.5235,0.5289,0.4206,0.4215,8298,28.905,736.9,398.2,497.7,22.6,520.3,21.89,23.77,0.90749,13.382,11.63,24.81,14,2
96.643,factory_mission,9x4.5,pi5,7.620,2.581,-2.498,-0.701,0.102,0.136,0.721,10.38,-8.76,-178.96,0.5186,0.5241,0.4260,0.4260,8298,28.868,735.9,396.6,495.7,22.6,518.3,21.81,23.77,0.90744,13.389,11.68,24.81,14,2
96.691,factory_mission,9x4.5,pi5,7.591,2.587,-2.492,-0.678,0.090,0.128,0.696,10.23,-8.78,-178.08,0.5124,0.5179,0.4315,0.4329,8298,28.818,734.7,394.6,493.2,22.6,515.8,21.70,23.77,0.90739,13.396,11.74,24.81,14,2
96.743,factory_mission,9x4.5,pi5,7.553,2.594,-2.485,-0.647,0.074,0.118,0.661,9.99,-8.87,-176.59,0.5069,0.5132,0.4374,0.4374,8299,28.788,733.9,393.3,491.6,22.6,514.2,21.63,23.77,0.90734,13.403,11.77,24.81,14,2
96.791,factory_mission,9x4.5,pi5,7.527,2.598,-2.480,-0.624,0.063,0.109,0.637,9.81,-8.95,-175.49,0.5418,0.6684,0.4789,0.4693,9254,36.201,922.9,564.5,705.6,22.6,728.2,31.00,23.49,0.90727,13.413,8.21,24.81,14,2
96.843,factory_mission,9x4.5,pi5,7.486,2.604,-2.476,-0.610,0.019,-0.037,0.611,10.77,-10.19,-173.79,0.6794,0.7213,0.3230,0.3123,8810,35.535,905.9,604.2,755.2,22.6,777.8,33.21,23.42,0.90719,13.424,7.67,24.81,14,2
96.891,factory_mission,9x4.5,pi5,7.461,2.605,-2.480,-0.613,-0.027,-0.139,0.629,12.31,-11.75,-172.34,0.7513,0.7297,0.2136,0.2188,8366,35.153,896.1,644.7,805.8,22.6,828.4,35.47,23.36,0.90711,13.435,7.18,24.81,14,2
96.943,factory_mission,9x4.5,pi5,7.425,2.603,-2.492,-0.630,-0.116,-0.254,0.689,14.48,-14.36,-169.12,0.7403,0.7016,0.1730,0.1883,7966,32.822,836.7,593.8,742.2,22.6,764.8,32.63,23.44,0.90704,13.446,7.80,24.81,14,2
96.991,factory_mission,9x4.5,pi5,7.398,2.598,-2.504,-0.642,-0.189,-0.298,0.733,15.40,-16.13,-166.15,0.6641,0.6666,0.1913,0.2088,7704,29.449,750.7,489.6,612.0,22.6,634.6,26.88,23.61,0.90698,13.455,9.47,24.81,14,2
97.043,factory_mission,9x4.5,pi5,7.354,2.583,-2.527,-0.654,-0.303,-0.292,0.778,15.58,-18.63,-160.51,0.5979,0.5867,0.2528,0.2681,7613,26.539,676.6,389.9,487.3,22.6,509.9,21.45,23.78,0.90692,13.462,11.87,24.81,14,2
97.091,factory_mission,9x4.5,pi5,7.326,2.569,-2.540,-0.655,-0.368,-0.249,0.791,15.00,-20.23,-156.14,0.5292,0.5221,0.3315,0.3434,7688,25.379,647.0,338.1,422.6,22.6,445.2,18.66,23.86,0.90688,13.468,13.64,24.81,14,2
97.139,factory_mission,9x4.5,pi5,7.286,2.545,-2.554,-0.650,-0.454,-0.163,0.809,13.23,-22.42,-148.97,0.4659,0.4629,0.4153,0.4233,7837,25.615,653.0,329.0,411.2,22.6,433.8,18.17,23.87,0.90684,13.474,14.00,24.81,14,2
97.191,factory_mission,9x4.5,pi5,7.258,2.524,-2.561,-0.647,-0.515,-0.102,0.833,11.61,-23.68,-144.01,0.4061,0.4030,0.4980,0.5034,7993,26.801,683.2,355.1,443.9,22.6,466.5,19.57,23.83,0.90680,13.481,13.00,24.81,14,2
97.239,factory_mission,9x4.5,pi5,7.212,2.486,-2.566,-0.645,-0.621,-0.026,0.896,8.80,-25.15,-136.63,0.3595,0.3580,0.5609,0.5643,8110,28.289,721.2,398.7,498.3,22.6,520.9,21.93,23.76,0.90675,13.488,11.60,24.81,14,2
97.291,factory_mission,9x4.5,pi5,7.184,2.457,-2.566,-0.648,-0.692,0.003,0.948,6.83,-25.81,-131.96,0.3201,0.3188,0.6104,0.6117,8177,29.693,756.9,446.1,557.6,22.6,580.2,24.50,23.68,0.90669,13.496,10.38,24.81,14,2
97.343,factory_mission,9x4.5,pi5,7.144,2.413,-2.564,-0.657,-0.797,0.023,1.033,4.00,-26.30,-125.64,0.2919,0.2935,0.6386,0.6392,8184,30.505,777.7,477.7,597.1,22.6,619.7,26.23,23.63,0.90662,13.505,9.70,24.81,14,2
97.391,factory_mission,9x4.5,pi5,7.115,2.377,-2.562,-0.665,-0.871,0.027,1.096,2.31,-26.33,-122.02,0.2779,0.2810,0.6492,0.6500,8166,30.754,784.0,490.0,612.4,22.6,635.0,26.90,23.61,0.90656,13.514,9.46,24.81,14,2
97.443,factory_mission,9x4.5,pi5,7.068,2.313,-2.558,-0.678,-0.984,0.027,1.196,0.19,-26.05,-117.58,0.2746,0.2807,0.6471,0.6486,8140,30.578,779.5,486.1,607.6,22.6,630.2,26.69,23.61,0.90650,13.523,9.53,24.81,14,2
97.491,factory_mission,9x4.5,pi5,7.038,2.269,-2.556,-0.686,-1.048,0.028,1.252,-0.92,-25.72,-115.30,0.2833,0.2894,0.6366,0.6384,8128,30.202,769.9,472.4,590.5,22.6,613.1,25.94,23.64,0.90644,13.531,9.80,24.81,14,2
97.543,factory_mission,9x4.5,pi5,6.996,2.204,-2.553,-0.695,-1.127,0.031,1.324,-2.12,-25.12,-112.85,0.3004,0.3089,0.6170,0.6216,8129,29.675,756.5,451.4,564.2,22.6,586.8,24.79,23.67,0.90638,13.539,10.26,24.81,14,2
97.591,factory_mission,9x4.5,pi5,6.965,2.155,-2.551,-0.699,-1.176,0.037,1.369,-2.66,-24.72,-111.80,0.3225,0.3322,0.5966,0.6014,8146,29.241,745.4,431.9,539.9,22.6,562.5,23.73,23.70,0.90633,13.547,10.71,24.81,14,2
97.643,factory_mission,9x4.5,pi5,6.915,2.072,-2.546,-0.705,-1.241,0.052,1.428,-3.11,-24.16,-110.97,0.3521,0.3608,0.5733,0.5777,8187,28.952,738.1,415.1,518.9,22.6,541.5,22.82,23.73,0.90628,13.555,11.14,24.81,14,2
97.691,factory_mission,9x4.5,pi5,6.883,2.019,-2.543,-0.707,-1.276,0.063,1.460,-3.24,-23.84,-110.82,0.3805,0.3889,0.5506,0.5568,8234,28.848,735.4,404.7,505.8,22.6,528.4,22.25,23.75,0.90623,13.562,11.42,24.81,14,2
97.743,factory_mission,9x4.5,pi5,6.839,1.943,-2.538,-0.709,-1.317,0.079,1.498,-3.21,-23.44,-111.05,0.4108,0.4183,0.5278,0.5340,8285,28.869,736.0,398.6,498.2,22.6,520.8,21.92,23.75,0.90617,13.569,11.60,24.81,14,2
97.791,factory_mission,9x4.5,pi5,6.807,1.888,-2.533,-0.710,-1.342,0.090,1.521,-3.10,-23.23,-111.43,0.4368,0.4436,0.5095,0.5148,8335,29.032,740.1,398.2,497.8,22.6,520.4,21.91,23.75,0.90612,13.576,11.60,24.81,14,2
97.843,factory_mission,9x4.5,pi5,6.756,1.799,-2.525,-0.712,-1.378,0.102,1.555,-2.85,-22.97,-112.20,0.4609,0.4684,0.4924,0.4971,8386,29.295,746.8,401.7,502.1,22.6,524.7,22.09,23.75,0.90607,13.584,11.50,24.81,14,2
97.891,factory_mission,9x4.5,pi5,6.723,1.743,-2.520,-0.714,-1.399,0.106,1.574,-2.65,-22.83,-112.78,0.4791,0.4865,0.4781,0.4843,8419,29.509,752.3,405.7,507.1,22.6,529.7,22.31,23.74,0.90602,13.591,11.39,24.81,14,2
97.943,factory_mission,9x4.5,pi5,6.679,1.663,-2.512,-0.716,-1.425,0.107,1.598,-2.34,-22.66,-113.65,0.4944,0.5015,0.4670,0.4721,8445,29.705,757.3,410.1,512.6,22.6,535.2,22.55,23.73,0.90597,13.598,11.27,24.81,14,2
97.991,factory_mission,9x4.5,pi5,6.647,1.606,-2.507,-0.717,-1.442,0.106,1.614,-2.15,-22.55,-114.19,0.5046,0.5104,0.4595,0.4651,8461,29.847,760.9,413.6,517.0,22.6,539.6,22.74,23.73,0.90592,13.606,11.17,24.81,14,2
98.043,factory_mission,9x4.5,pi5,6.596,1.513,-2.499,-0.719,-1.466,0.101,1.636,-1.90,-22.42,-114.88,0.5109,0.5171,0.4545,0.4604,8473,29.957,763.7,416.4,520.5,22.6,543.1,22.89,23.72,0.90586,13.614,11.10,24.81,14,2
98.091,factory_mission,9x4.5,pi5,6.564,1.455,-2.494,-0.721,-1.480,0.096,1.649,-1.77,-22.34,-115.24,0.5135,0.5199,0.4533,0.4581,8480,30.018,765.2,417.9,522.4,22.6,545.0,22.98,23.72,0.90581,13.621,11.06,24.81,14,2
98.143,factory_mission,9x4.5,pi5,6.519,1.374,-2.488,-0.722,-1.496,0.089,1.664,-1.63,-22.24,-115.63,0.5137,0.5202,0.4534,0.4589,8485,30.053,766.1,418.6,523.3,22.6,545.9,23.02,23.72,0.90576,13.629,11.04,24.81,14,2
98.191,factory_mission,9x4.5,pi5,6.488,1.316,-2.484,-0.723,-1.507,0.084,1.673,-1.57,-22.18,-115.78,0.5118,0.5182,0.4557,0.4612,8487,30.060,766.3,418.6,523.2,22.6,545.8,23.01,23.72,0.90570,13.636,11.04,24.81,14,2
98.243,factory_mission,9x4.5,pi5,6.437,1.223,-2.478,-0.725,-1.521,0.075,1.687,-1.54,-22.11,-115.85,0.5086,0.5144,0.4595,0.4648,8489,30.056,766.2,418.1,522.6,22.6,545.2,22.99,23.72,0.90565,13.644,11.05,24.81,14,2
98.291,factory_mission,9x4.5,pi5,6.405,1.165,-2.474,-0.725,-1.530,0.070,1.694,-1.54,-22.07,-115.82,0.5040,0.5107,0.4638,0.4688,8489,30.038,765.8,417.4,521.8,22.6,544.4,22.95,23.72,0.90560,13.651,11.07,24.81,14,2
98.343,factory_mission,9x4.5,pi5,6.360,1.083,-2.470,-0.726,-1.539,0.062,1.703,-1.58,-22.02,-115.65,0.4997,0.5057,0.4683,0.4736,8489,30.026,765.4,416.9,521.1,22.6,543.7,22.92,23.72,0.90554,13.659,11.08,24.81,14,2
98.391,factory_mission,9x4.5,pi5,6.329,1.025,-2.467,-0.729,-1.544,0.057,1.708,-1.63,-22.00,-115.48,0.4951,0.5016,0.4729,0.4782,8491,30.023,765.4,416.6,520.7,22.6,543.3,22.91,23.72,0.90549,13.666,11.09,24.80,14,2
98.443,factory_mission,9x4.5,pi5,6.278,0.933,-2.462,-0.735,-1.546,0.049,1.713,-1.71,-21.98,-115.16,0.4901,0.4982,0.4782,0.4816,8492,30.025,765.4,416.5,520.6,22.6,543.2,22.90,23.72,0.90544,13.674,11.09,24.80,14,2
98.491,factory_mission,9x4.5,pi5,6.245,0.875,-2.460,-0.742,-1.546,0.044,1.715,-1.75,-21.98,-114.92,0.4866,0.4947,0.4809,0.4859,8492,30.023,765.4,416.4,520.5,22.6,543.1,22.90,23.72,0.90539,13.681,11.09,24.80,14,2
98.543,factory_mission,9x4.5,pi5,6.200,0.794,-2.457,-0.753,-1.542,0.038,1.717,-1.80,-21.99,-114.54,0.4840,0.4918,0.4841,0.4885,8493,30.028,765.5,416.4,520.6,22.6,543.2,22.90,23.72,0.90533,13.689,11.09,24.80,14,2
98.591,factory_mission,9x4.5,pi5,6.167,0.737,-2.456,-0.762,-1.539,0.033,1.717,-1.80,-22.01,-114.29,0.4820,0.4896,0.4863,0.4906,8493,30.032,765.6,416.5,520.6,22.6,543.2,22.90,23.72,0.90528,13.696,11.09,24.80,14,2
98.643,factory_mission,9x4.5,pi5,6.113,0.646,-2.453,-0.779,-1.531,0.027,1.718,-1.76,-22.06,-113.92,0.4804,0.4885,0.4881,0.4918,8494,30.040,765.8,416.7,520.9,22.6,543.5,22.91,23.72,0.90522,13.704,11.08,24.80,14,2
98.691,factory_mission,9x4.5,pi5,6.079,0.590,-2.452,-0.791,-1.525,0.024,1.718,-1.71,-22.10,-113.68,0.4801,0.4877,0.4887,0.4926,8495,30.047,766.0,416.9,521.1,22.6,543.7,22.92,23.72,0.90517,13.711,11.07,24.80,14,2
98.743,factory_mission,9x4.5,pi5,6.030,0.511,-2.451,-0.808,-1.517,0.019,1.719,-1.59,-22.17,-113.35,0.4806,0.4879,0.4885,0.4923,8496,30.052,766.1,417.0,521.2,22.6,543.8,22.93,23.72,0.90512,13.719,11.07,24.80,14,2
98.791,factory_mission,9x4.5,pi5,5.995,0.456,-2.450,-0.820,-1.511,0.016,1.719,-1.48,-22.23,-113.14,0.4808,0.4886,0.4881,0.4921,8497,30.062,766.4,417.1,521.4,22.6,544.0,22.94,23.71,0.90507,13.727,11.06,24.80,14,2
98.843,factory_mission,9x4.5,pi5,5.937,0.367,-2.448,-0.840,-1.502,0.012,1.721,-1.28,-22.31,-112.85,0.4825,0.4895,0.4872,0.4909,8499,30.075,766.7,417.4,521.8,22.6,544.4,22.96,23.71,0.90501,13.734,11.06,24.80,14,2
98.891,factory_mission,9x4.5,pi5,5.901,0.311,-2.448,-0.853,-1.497,0.009,1.723,-1.13,-22.37,-112.67,0.4832,0.4914,0.4864,0.4895,8501,30.085,767.0,417.6,522.0,22.6,544.6,22.97,23.71,0.90496,13.742,11.05,24.80,14,2
98.943,factory_mission,9x4.5,pi5,5.848,0.234,-2.447,-0.870,-1.491,0.006,1.726,-0.88,-22.46,-112.40,0.4854,0.4928,0.4843,0.4875,8499,30.070,766.6,417.3,521.6,22.6,544.2,22.95,23.71,0.90491,13.750,11.06,24.80,14,2
98.991,factory_mission,9x4.5,pi5,5.810,0.180,-2.446,-0.881,-1.487,0.003,1.728,-0.70,-22.52,-112.23,0.4860,0.4904,0.4818,0.4828,8466,29.841,760.7,412.6,515.7,22.6,538.3,22.69,23.72,0.90486,13.757,11.18,24.80,14,2
99.043,factory_mission,9x4.5,pi5,5.749,0.092,-2.446,-0.898,-1.480,0.004,1.732,-0.41,-22.55,-111.95,0.4864,0.4904,0.4786,0.4784,8440,29.657,756.0,408.8,511.0,22.6,533.6,22.49,23.73,0.90480,13.764,11.28,24.80,14,2
99.091,factory_mission,9x4.5,pi5,5.711,0.037,-2.446,-0.907,-1.476,0.006,1.732,-0.22,-22.49,-111.76,0.4875,0.4904,0.4756,0.4767,8427,29.566,753.7,406.9,508.6,22.6,531.2,22.39,23.73,0.90475,13.772,11.33,24.80,14,2
99.143,factory_mission,9x4.5,pi5,5.656,-0.039,-2.445,-0.918,-1.469,0.011,1.732,0.06,-22.27,-111.45,0.4884,0.4928,0.4724,0.4745,8419,29.515,752.4,405.9,507.4,22.6,530.0,22.34,23.73,0.90470,13.779,11.36,24.80,14,2
99.191,factory_mission,9x4.5,pi5,5.617,-0.094,-2.445,-0.924,-1.462,0.015,1.730,0.25,-22.05,-111.22,0.4884,0.4940,0.4706,0.4737,8414,29.483,751.6,405.3,506.6,22.6,529.2,22.30,23.73,0.90465,13.786,11.37,24.80,14,2
99.239,factory_mission,9x4.5,pi5,5.555,-0.181,-2.443,-0.929,-1.450,0.020,1.722,0.51,-21.64,-110.84,0.4900,0.4952,0.4683,0.4723,8411,29.462,751.1,404.9,506.2,22.6,528.8,22.28,23.73,0.90460,13.793,11.38,24.80,14,2
99.283,factory_mission,9x4.5,pi5,5.516,-0.235,-2.442,-0.931,-1.441,0.023,1.715,0.68,-21.32,-110.55,0.4906,0.4966,0.4680,0.4700,8409,29.449,750.7,404.7,505.9,22.6,528.5,22.27,23.73,0.90455,13.800,11.39,24.80,14,2
99.331,factory_mission,9x4.5,pi5,5.477,-0.289,-2.441,-0.931,-1.429,0.025,1.706,0.83,-20.98,-110.23,0.4924,0.4994,0.4645,0.4681,8406,29.437,750.4,404.6,505.7,22.6,528.3,22.26,23.73,0.90450,13.807,11.39,24.80,14,2
99.383,factory_mission,9x4.5,pi5,5.423,-0.364,-2.440,-0.929,-1.412,0.026,1.690,1.04,-20.45,-109.70,0.4930,0.5002,0.4630,0.4672,8402,29.412,749.8,404.1,505.2,22.6,527.8,22.24,23.73,0.90445,13.814,11.40,24.80,14,2
99.431,factory_mission,9x4.5,pi5,5.385,-0.416,-2.438,-0.925,-1.397,0.026,1.675,1.17,-20.08,-109.30,0.4917,0.4992,0.4634,0.4681,8399,29.386,749.1,403.5,504.4,22.6,527.0,22.21,23.73,0.90440,13.821,11.42,24.80,14,2
99.483,factory_mission,9x4.5,pi5,5.324,-0.499,-2.436,-0.916,-1.370,0.026,1.648,1.33,-19.54,-108.63,0.4915,0.4992,0.4630,0.4674,8394,29.352,748.3,402.9,503.6,22.6,526.2,22.17,23.73,0.90435,13.829,11.44,24.80,14,2
99.531,factory_mission,9x4.5,pi5,5.286,-0.550,-2.435,-0.909,-1.351,0.025,1.628,1.43,-19.19,-108.15,0.4910,0.4988,0.4630,0.4670,8389,29.320,747.5,402.2,502.8,22.6,525.3,22.14,23.73,0.90430,13.836,11.45,24.80,14,2
99.583,factory_mission,9x4.5,pi5,5.235,-0.620,-2.434,-0.897,-1.322,0.023,1.597,1.55,-18.68,-107.36,0.4920,0.4999,0.4609,0.4657,8384,29.290,746.7,401.7,502.1,22.6,524.7,22.11,23.73,0.90425,13.844,11.47,24.80,14,2
99.631,factory_mission,9x4.5,pi5,5.198,-0.668,-2.433,-0.886,-1.300,0.022,1.573,1.62,-18.36,-106.80,0.4916,0.4990,0.4603,0.4660,8379,29.249,745.6,400.8,501.0,22.6,523.6,22.06,23.73,0.90420,13.851,11.49,24.80,14,2
99.683,factory_mission,9x4.5,pi5,5.141,-0.745,-2.432,-0.867,-1.262,0.019,1.531,1.71,-17.92,-105.89,0.4927,0.4998,0.4594,0.4632,8372,29.209,744.6,400.1,500.1,22.6,522.7,22.02,23.73,0.90414,13.858,11.51,24.80,14,2
99.731,factory_mission,9x4.5,pi5,5.106,-0.791,-2.432,-0.854,-1.237,0.017,1.503,1.75,-17.64,-105.24,0.4926,0.5006,0.4579,0.4625,8367,29.172,743.7,399.4,499.2,22.6,521.8,21.98,23.74,0.90409,13.865,11.53,24.80,14,2
99.783,factory_mission,9x4.5,pi5,5.057,-0.854,-2.432,-0.835,-1.200,0.015,1.462,1.80,-17.25,-104.20,0.4955,0.5016,0.4548,0.4598,8360,29.132,742.7,398.7,498.4,22.6,521.0,21.95,23.74,0.90404,13.873,11.55,24.80,14,2
99.831,factory_mission,9x4.5,pi5,5.024,-0.897,-2.432,-0.820,-1.174,0.013,1.432,1.81,-17.02,-103.46,0.4950,0.5014,0.4540,0.4595,8353,29.087,741.5,397.8,497.2,22.6,519.8,21.90,23.74,0.90399,13.880,11.57,24.80,14,2
99.883,factory_mission,9x4.5,pi5,4.972,-0.965,-2.433,-0.794,-1.130,0.010,1.381,1.81,-16.71,-102.26,0.4961,0.5034,0.4523,0.4562,8346,29.047,740.5,397.1,496.4,22.6,519.0,21.86,23.74,0.90394,13.887,11.59,24.80,14,2
99.931,factory_mission,9x4.5,pi5,4.940,-1.007,-2.433,-0.777,-1.103,0.008,1.349,1.80,-16.52,-101.41,0.4966,0.5036,0.4507,0.4554,8340,29.007,739.5,396.4,495.5,22.6,518.1,21.82,23.74,0.90389,13.894,11.61,24.80,14,2
99.983,factory_mission,9x4.5,pi5,4.898,-1.063,-2.434,-0.752,-1.064,0.006,1.303,1.74,-16.28,-100.05,0.4992,0.5058,0.4472,0.4527,8335,28.983,738.9,396.1,495.1,22.6,517.7,21.81,23.74,0.90384,13.901,11.62,24.80,14,2
100.031,factory_mission,9x4.5,pi5,4.869,-1.101,-2.435,-0.733,-1.036,0.005,1.269,1.68,-16.13,-99.07,0.4986,0.5050,0.4472,0.4526,8330,28.944,737.9,395.3,494.1,22.6,516.7,21.77,23.74,0.90379,13.908,11.64,24.80,14,2
100.083,factory_mission,9x4.5,pi5,4.825,-1.162,-2.436,-0.703,-0.992,0.004,1.216,1.55,-15.94,-97.51,0.5000,0.5065,0.4451,0.4506,8325,28.923,737.3,395.0,493.8,22.6,516.4,21.75,23.74,0.90374,13.916,11.65,24.80,14,2
100.131,factory_mission,9x4.5,pi5,4.798,-1.198,-2.437,-0.683,-0.965,0.003,1.182,1.44,-15.83,-96.40,0.5003,0.5060,0.4449,0.4502,8322,28.901,736.8,394.6,493.2,22.6,515.8,21.73,23.74,0.90369,13.923,11.66,24.80,14,2
100.183,factory_mission,9x4.5,pi5,4.763,-1.247,-2.438,-0.655,-0.927,0.002,1.135,1.23,-15.68,-94.64,0.5021,0.5082,0.4426,0.4475,8319,28.889,736.5,394.6,493.2,22.6,515.8,21.73,23.74,0.90364,13.930,11.66,24.80,14,2
100.231,factory_mission,9x4.5,pi5,4.739,-1.281,-2.439,-0.635,-0.901,0.001,1.102,1.07,-15.60,-93.39,0.5006,0.5060,0.4435,0.4491,8315,28.852,735.5,393.7,492.1,22.6,514.7,21.68,23.74,0.90359,13.937,11.68,24.80,14,2
100.283,factory_mission,9x4.5,pi5,4.703,-1.334,-2.441,-0.602,-0.860,0.000,1.049,0.78,-15.48,-91.40,0.5013,0.5063,0.4431,0.4479,8312,28.840,735.2,393.5,491.8,22.6,514.4,21.67,23.74,0.90354,13.944,11.69,24.80,14,2
100.331,factory_mission,9x4.5,pi5,4.681,-1.365,-2.442,-0.582,-0.834,0.000,1.017,0.55,-15.41,-90.01,0.5000,0.5050,0.4439,0.4493,8311,28.824,734.8,393.0,491.3,22.6,513.9,21.65,23.74,0.90349,13.951,11.70,24.80,14,2
100.383,factory_mission,9x4.5,pi5,4.653,-1.408,-2.443,-0.553,-0.799,0.000,0.972,0.18,-15.31,-87.82,0.5007,0.5065,0.4425,0.4482,8310,28.822,734.8,393.1,491.4,22.6,514.0,21.65,23.74,0.90344,13.959,11.70,24.79,14,2
100.431,factory_mission,9x4.5,pi5,4.633,-1.438,-2.444,-0.533,-0.775,-0.000,0.941,-0.09,-15.24,-86.30,0.4980,0.5033,0.4454,0.4508,8309,28.800,734.2,392.4,490.5,22.6,513.1,21.61,23.74,0.90339,13.966,11.72,24.79,14,2
100.483,factory_mission,9x4.5,pi5,4.604,-1.483,-2.445,-0.502,-0.737,-0.000,0.892,-0.53,-15.14,-83.91,0.4976,0.5028,0.4459,0.4508,8307,28.788,733.9,392.1,490.1,22.6,512.7,21.60,23.74,0.90334,13.973,11.72,24.79,14,2
100.531,factory_mission,9x4.5,pi5,4.587,-1.511,-2.446,-0.483,-0.714,-0.000,0.862,-0.85,-15.06,-82.26,0.4956,0.5005,0.4476,0.4533,8307,28.777,733.6,391.7,489.6,22.6,512.2,21.58,23.74,0.90329,13.980,11.73,24.79,14,2
100.583,factory_mission,9x4.5,pi5,4.564,-1.547,-2.447,-0.456,-0.682,-0.000,0.821,-1.35,-14.95,-79.72,0.4964,0.5008,0.4474,0.4526,8307,28.781,733.7,391.8,489.8,22.6,512.4,21.58,23.74,0.90324,13.987,11.73,24.79,14,2
100.631,factory_mission,9x4.5,pi5,4.548,-1.573,-2.448,-0.438,-0.660,0.000,0.792,-1.70,-14.86,-77.97,0.4928,0.4974,0.4508,0.4563,8308,28.771,733.4,391.3,489.2,22.6,511.8,21.56,23.74,0.90319,13.994,11.74,24.79,14,2
100.683,factory_mission,9x4.5,pi5,4.525,-1.612,-2.449,-0.410,-0.626,0.000,0.748,-2.25,-14.72,-75.29,0.4921,0.4965,0.4517,0.4572,8308,28.771,733.5,391.3,489.1,22.6,511.7,21.55,23.74,0.90314,14.001,11.74,24.79,14,2
100.731,factory_mission,9x4.5,pi5,4.511,-1.635,-2.449,-0.392,-0.606,0.000,0.722,-2.62,-14.62,-73.46,0.4897,0.4937,0.4544,0.4599,8309,28.769,733.4,391.1,488.8,22.6,511.4,21.54,23.74,0.90309,14.008,11.75,24.79,14,2
100.783,factory_mission,9x4.5,pi5,4.494,-1.667,-2.450,-0.368,-0.578,0.000,0.685,-3.19,-14.45,-70.68,0.4902,0.4932,0.4545,0.4600,8310,28.773,733.5,391.1,488.9,22.6,511.5,21.55,23.74,0.90304,14.016,11.75,24.79,14,2
100.831,factory_mission,9x4.5,pi5,4.482,-1.689,-2.451,-0.351,-0.559,0.001,0.660,-3.58,-14.32,-68.80,0.4857,0.4900,0.4585,0.4640,8311,28.771,733.5,390.9,488.6,22.6,511.2,21.53,23.74,0.90299,14.022,11.75,24.79,14,2
100.883,factory_mission,9x4.5,pi5,4.465,-1.722,-2.451,-0.325,-0.529,0.000,0.621,-4.17,-14.11,-65.96,0.4847,0.4882,0.4604,0.4653,8312,28.776,733.6,390.9,488.6,22.6,511.2,21.54,23.74,0.90294,14.030,11.75,24.79,14,2
100.931,factory_mission,9x4.5,pi5,4.456,-1.743,-2.451,-0.310,-0.512,0.000,0.598,-4.57,-13.95,-64.06,0.4820,0.4849,0.4634,0.4686,8313,28.778,733.6,390.8,488.6,22.6,511.2,21.53,23.74,0.90289,14.037,11.75,24.79,14,2
100.983,factory_mission,9x4.5,pi5,4.443,-1.770,-2.451,-0.289,-0.488,-0.000,0.567,-5.16,-13.69,-61.21,0.4818,0.4842,0.4635,0.4698,8315,28.790,733.9,391.1,488.8,22.6,511.4,21.55,23.74,0.90284,14.044,11.74,24.79,14,2
101.031,factory_mission,9x4.5,pi5,4.435,-1.789,-2.451,-0.274,-0.471,-0.000,0.545,-5.55,-13.50,-59.32,0.4775,0.4809,0.4680,0.4736,8318,28.803,734.3,391.2,489.1,22.6,511.7,21.55,23.74,0.90279,14.051,11.74,24.79,14,2
101.083,factory_mission,9x4.5,pi5,4.423,-1.818,-2.450,-0.252,-0.446,-0.001,0.512,-6.12,-13.20,-56.50,0.4770,0.4788,0.4696,0.4752,8320,28.818,734.6,391.5,489.4,22.6,512.0,21.57,23.74,0.90274,14.058,11.73,24.79,14,2
101.131,factory_mission,9x4.5,pi5,4.416,-1.835,-2.450,-0.238,-0.430,-0.002,0.492,-6.49,-12.99,-54.64,0.4742,0.4763,0.4723,0.4783,8322,28.828,734.9,391.7,489.7,22.6,512.3,21.58,23.74,0.90269,14.065,11.72,24.79,14,2
101.183,factory_mission,9x4.5,pi5,4.408,-1.858,-2.449,-0.220,-0.410,-0.003,0.465,-7.03,-12.66,-51.90,0.4734,0.4766,0.4728,0.4788,8323,28.840,735.2,392.0,490.0,22.6,512.6,21.60,23.73,0.90264,14.072,11.71,24.79,14,2
101.231,factory_mission,9x4.5,pi5,4.402,-1.875,-2.448,-0.208,-0.396,-0.004,0.447,-7.38,-12.42,-50.10,0.4707,0.4731,0.4763,0.4822,8326,28.859,735.7,392.4,490.5,22.6,513.1,21.62,23.73,0.90259,14.079,11.70,24.79,14,2
101.283,factory_mission,9x4.5,pi5,4.394,-1.899,-2.447,-0.189,-0.374,-0.005,0.419,-7.88,-12.06,-47.46,0.4699,0.4719,0.4778,0.4831,8328,28.873,736.0,392.7,490.8,22.6,513.4,21.63,23.73,0.90254,14.087,11.69,24.79,14,2
101.331,factory_mission,9x4.5,pi5,4.390,-1.914,-2.446,-0.178,-0.361,-0.006,0.402,-8.20,-11.82,-45.74,0.4677,0.4703,0.4792,0.4860,8329,28.886,736.4,393.0,491.2,22.6,513.8,21.65,23.73,0.90249,14.094,11.68,24.79,14,2
101.383,factory_mission,9x4.5,pi5,4.384,-1.935,-2.444,-0.163,-0.343,-0.008,0.380,-8.65,-11.44,-43.24,0.4685,0.4700,0.4800,0.4850,8330,28.893,736.6,393.1,491.4,22.6,514.0,21.66,23.73,0.90244,14.101,11.68,24.79,14,2
101.431,factory_mission,9x4.5,pi5,4.380,-1.949,-2.443,-0.153,-0.331,-0.009,0.365,-8.93,-11.19,-41.62,0.4663,0.4682,0.4821,0.4874,8332,28.907,736.9,393.5,491.8,22.6,514.4,21.68,23.73,0.90239,14.108,11.66,24.79,14,2
101.483,factory_mission,9x4.5,pi5,4.375,-1.970,-2.442,-0.138,-0.313,-0.011,0.343,-9.32,-10.80,-39.27,0.4665,0.4681,0.4819,0.4876,8332,28.911,737.0,393.5,491.9,22.6,514.5,21.68,23.73,0.90234,14.115,11.66,24.79,14,2
101.531,factory_mission,9x4.5,pi5,4.372,-1.984,-2.441,-0.129,-0.305,-0.021,0.332,-9.58,-10.55,-37.76,0.4957,0.2836,0.6094,0.7253,9093,36.748,936.8,611.3,764.1,22.6,786.7,33.66,23.37,0.90226,14.126,7.51,24.79,14,2
101.583,factory_mission,9x4.5,pi5,4.368,-2.003,-2.444,-0.115,-0.335,-0.178,0.397,-12.37,-10.27,-35.99,0.1026,0.0021,0.9046,0.9779,8634,48.478,1235.8,1173.7,1467.1,22.6,1489.7,66.56,22.38,0.90210,14.147,3.80,24.79,14,2
101.631,factory_mission,9x4.5,pi5,4.366,-2.019,-2.455,-0.124,-0.408,-0.395,0.581,-15.42,-9.04,-36.19,0.0545,0.0000,0.8476,0.8337,7365,39.117,997.2,860.3,1075.4,22.6,1098.0,47.86,22.94,0.90200,14.162,5.28,24.79,14,2
101.683,factory_mission,9x4.5,pi5,4.359,-2.052,-2.489,-0.203,-0.524,-0.631,0.845,-19.51,-6.31,-38.94,0.0000,0.0398,0.7848,0.6894,6561,31.080,792.3,611.9,764.9,22.6,787.5,33.70,23.37,0.90192,14.173,7.50,24.79,14,2
101.731,factory_mission,9x4.5,pi5,4.351,-2.076,-2.517,-0.284,-0.567,-0.664,0.918,-21.97,-4.52,-42.03,0.0000,0.1037,0.6447,0.6830,6261,26.351,671.8,464.3,580.4,22.6,603.0,25.54,23.61,0.90186,14.181,9.89,24.79,14,2
101.783,factory_mission,9x4.5,pi5,4.333,-2.114,-2.556,-0.417,-0.586,-0.600,0.937,-24.79,-2.25,-47.99,0.0000,0.1315,0.6431,0.6512,6241,25.499,650.0,436.1,545.1,22.6,567.7,24.00,23.66,0.90180,14.190,10.53,24.79,14,2
101.831,factory_mission,9x4.5,pi5,4.314,-2.142,-2.582,-0.526,-0.582,-0.522,0.942,-26.11,-1.41,-52.54,0.0000,0.1336,0.6621,0.6551,6332,26.272,669.7,456.3,570.4,22.6,593.0,25.10,23.62,0.90175,14.197,10.06,24.79,14,2
101.883,factory_mission,9x4.5,pi5,4.271,-2.186,-2.616,-0.726,-0.559,-0.400,1.000,-27.22,-1.46,-59.96,0.0000,0.1211,0.6798,0.6800,6441,27.579,703.1,494.3,617.9,22.6,640.5,27.19,23.56,0.90168,14.207,9.29,24.79,14,2
101.931,factory_mission,9x4.5,pi5,4.236,-2.211,-2.632,-0.864,-0.537,-0.339,1.072,-27.32,-2.33,-65.30,0.0020,0.1048,0.6908,0.6998,6858,28.709,731.9,523.3,654.1,22.6,676.7,28.78,23.51,0.90162,14.216,8.78,24.79,14,2
101.983,factory_mission,9x4.5,pi5,4.177,-2.245,-2.650,-1.060,-0.494,-0.270,1.201,-26.44,-4.69,-74.01,0.0859,0.1543,0.6324,0.6381,6907,25.714,655.5,421.1,526.4,22.6,549.0,23.19,23.68,0.90156,14.224,10.89,24.79,14,2
102.031,factory_mission,9x4.5,pi5,4.126,-2.266,-2.660,-1.187,-0.452,-0.208,1.288,-25.11,-6.78,-80.27,0.1688,0.1967,0.5903,0.5918,7041,24.291,619.2,363.2,453.9,22.6,476.5,20.05,23.77,0.90152,14.230,12.60,24.79,14,2
102.083,factory_mission,9x4.5,pi5,4.034,-2.295,-2.670,-1.358,-0.371,-0.085,1.410,-22.09,-10.34,-90.30,0.2463,0.2519,0.5560,0.5614,7287,24.202,617.0,337.9,422.3,22.6,444.9,18.69,23.81,0.90147,14.236,13.51,24.79,14,2
102.131,factory_mission,9x4.5,pi5,3.970,-2.310,-2.671,-1.448,-0.319,-0.009,1.483,-19.52,-12.70,-97.42,0.3039,0.2998,0.5364,0.5393,7518,24.748,630.9,333.7,417.1,22.6,439.7,18.46,23.82,0.90143,14.242,13.68,24.79,14,2
102.183,factory_mission,9x4.5,pi5,3.875,-2.325,-2.667,-1.561,-0.248,0.085,1.583,-15.09,-15.84,-108.76,0.3546,0.3477,0.5166,0.5196,7732,25.500,650.1,337.4,421.7,22.6,444.3,18.66,23.81,0.90138,14.249,13.53,24.79,14,2
102.231,factory_mission,9x4.5,pi5,3.803,-2.334,-2.661,-1.633,-0.202,0.137,1.652,-11.83,-17.49,-116.71,0.4217,0.4158,0.4745,0.4765,7913,26.141,666.4,339.6,424.5,22.6,447.1,18.78,23.81,0.90134,14.255,13.44,24.79,14,2
102.283,factory_mission,9x4.5,pi5,3.683,-2.342,-2.647,-1.738,-0.138,0.194,1.754,-6.72,-19.07,-128.92,0.5072,0.5026,0.4109,0.4120,8073,27.325,696.6,365.2,456.6,22.6,479.2,20.16,23.77,0.90129,14.262,12.52,24.79,14,2
102.331,factory_mission,9x4.5,pi5,3.606,-2.345,-2.637,-1.798,-0.105,0.211,1.814,-3.33,-19.48,-136.99,0.5821,0.5794,0.3458,0.3475,8154,28.877,736.1,416.4,520.5,22.6,543.1,22.93,23.68,0.90124,14.269,11.01,24.79,14,2
102.383,factory_mission,9x4.5,pi5,3.494,-2.347,-2.622,-1.876,-0.071,0.206,1.889,1.37,-19.18,-148.49,0.6491,0.6473,0.2788,0.2827,8165,30.707,782.8,488.1,610.2,22.6,632.8,26.85,23.56,0.90118,14.278,9.40,24.78,14,2
102.431,factory_mission,9x4.5,pi5,3.412,-2.346,-2.612,-1.927,-0.054,0.181,1.936,4.10,-18.48,-155.49,0.6920,0.6912,0.2261,0.2314,8103,32.018,816.2,547.6,684.5,22.6,707.1,30.13,23.47,0.90111,14.287,8.38,24.78,14,2
102.483,factory_mission,9x4.5,pi5,3.278,-2.344,-2.600,-1.998,-0.038,0.114,2.002,7.43,-16.98,-164.64,0.7150,0.7159,0.1816,0.1884,7959,32.524,829.1,582.6,728.2,22.6,750.8,32.08,23.41,0.90103,14.298,7.87,24.78,14,2
102.531,factory_mission,9x4.5,pi5,3.193,-2.342,-2.595,-2.034,-0.033,0.066,2.036,9.13,-15.83,-169.78,0.7192,0.7216,0.1551,0.1638,7809,32.266,822.6,586.9,733.6,22.6,756.2,32.32,23.40,0.90096,14.308,7.81,24.78,14,2
102.583,factory_mission,9x4.5,pi5,3.072,-2.340,-2.592,-2.072,-0.029,0.004,2.073,10.96,-14.12,-176.03,0.7100,0.7132,0.1442,0.1529,7666,31.400,800.5,566.6,708.3,22.6,730.9,31.19,23.43,0.90089,14.319,8.09,24.78,14,2
102.631,factory_mission,9x4.5,pi5,2.986,-2.338,-2.592,-2.090,-0.025,-0.029,2.090,11.71,-13.20,-178.99,0.7288,0.5451,0.1121,0.2617,7403,27.860,710.2,460.7,575.9,22.6,598.5,25.35,23.61,0.90083,14.327,9.95,24.78,14,2
102.683,factory_mission,9x4.5,pi5,2.865,-2.335,-2.595,-2.096,-0.012,-0.035,2.096,11.20,-11.38,177.31,0.4172,0.4657,0.3710,0.3892,7387,22.827,581.9,278.1,347.6,22.6,370.2,15.49,23.90,0.90079,14.332,16.29,24.78,14,2
102.731,factory_mission,9x4.5,pi5,2.779,-2.332,-2.597,-2.079,0.019,0.007,2.079,8.71,-9.83,175.28,0.2822,0.3688,0.5152,0.5008,7473,24.061,613.4,312.9,391.1,22.6,413.7,17.35,23.85,0.90076,14.338,14.54,24.78,14,2
102.783,factory_mission,9x4.5,pi5,2.645,-2.324,-2.595,-2.031,0.103,0.081,2.035,4.94,-8.01,171.94,0.2876,0.3578,0.5396,0.5294,7645,25.366,646.7,342.1,427.6,22.6,450.2,18.92,23.80,0.90071,14.344,13.33,24.78,14,2
102.831,factory_mission,9x4.5,pi5,2.565,-2.316,-2.591,-1.992,0.171,0.117,2.003,3.36,-7.36,169.37,0.3314,0.3784,0.5266,0.5129,7771,25.763,656.8,342.6,428.2,22.6,450.8,18.94,23.80,0.90067,14.350,13.32,24.78,14,2
102.883,factory_mission,9x4.5,pi5,2.456,-2.300,-2.584,-1.933,0.275,0.157,1.959,2.20,-6.96,165.13,0.3834,0.4090,0.4995,0.4885,7884,26.094,665.2,341.5,426.9,22.6,449.5,18.89,23.80,0.90062,14.357,13.35,24.78,14,2
102.931,factory_mission,9x4.5,pi5,2.382,-2.284,-2.577,-1.889,0.351,0.177,1.929,1.97,-6.90,162.15,0.4291,0.4442,0.4710,0.4626,7980,26.533,676.4,346.3,432.9,22.6,455.5,19.15,23.79,0.90058,14.363,13.17,24.78,14,2
102.983,factory_mission,9x4.5,pi5,2.268,-2.252,-2.564,-1.819,0.472,0.197,1.890,2.16,-6.92,157.61,0.4704,0.4808,0.4447,0.4357,8069,27.137,691.8,358.3,447.9,22.6,470.5,19.79,23.77,0.90053,14.370,12.74,24.78,14,2
103.031,factory_mission,9x4.5,pi5,2.200,-2.228,-2.555,-1.777,0.545,0.203,1.870,2.50,-6.93,154.63,0.5027,0.5092,0.4219,0.4132,8125,27.657,705.1,371.5,464.4,22.6,487.0,20.51,23.75,0.90049,14.376,12.30,24.78,14,2
103.083,factory_mission,9x4.5,pi5,2.108,-2.188,-2.543,-1.722,0.641,0.201,1.848,3.20,-6.88,150.38,0.5271,0.5328,0.4024,0.3947,8162,28.111,716.6,384.7,480.9,22.6,503.5,21.22,23.73,0.90044,14.383,11.88,24.78,14,2
103.131,factory_mission,9x4.5,pi5,2.046,-2.157,-2.535,-1.684,0.705,0.194,1.836,3.73,-6.81,147.75,0.5442,0.5483,0.3881,0.3817,8181,28.435,724.9,395.1,493.9,22.6,516.5,21.78,23.71,0.90039,14.390,11.58,24.78,14,2
103.183,factory_mission,9x4.5,pi5,1.949,-2.102,-2.522,-1.628,0.798,0.177,1.822,4.53,-6.62,144.22,0.5537,0.5573,0.3797,0.3734,8187,28.605,729.2,401.1,501.4,22.6,524.0,22.11,23.70,0.90033,14.398,11.40,24.78,14,2
103.231,factory_mission,9x4.5,pi5,1.891,-2.065,-2.515,-1.595,0.851,0.165,1.816,5.05,-6.45,142.16,0.5576,0.5595,0.3756,0.3709,8186,28.646,730.3,403.0,503.7,22.6,526.3,22.21,23.70,0.90028,14.405,11.35,24.78,14,2
103.283,factory_mission,9x4.5,pi5,1.812,-2.010,-2.506,-1.552,0.918,0.149,1.809,5.77,-6.19,139.54,0.5552,0.5570,0.3769,0.3742,8185,28.602,729.1,401.3,501.6,22.6,524.2,22.12,23.70,0.90023,14.412,11.40,24.78,14,2
103.331,factory_mission,9x4.5,pi5,1.757,-1.969,-2.500,-1.523,0.960,0.139,1.805,6.21,-6.01,138.10,0.5496,0.5526,0.3821,0.3791,8185,28.526,727.2,398.2,497.8,22.6,520.4,21.95,23.70,0.90018,14.419,11.48,24.78,14,2
103.383,factory_mission,9x4.5,pi5,1.672,-1.900,-2.491,-1.479,1.020,0.125,1.801,6.80,-5.76,136.37,0.5419,0.5414,0.3929,0.3859,8180,28.365,723.1,392.4,490.5,22.6,513.1,21.64,23.71,0.90013,14.427,11.65,24.78,14,2
103.431,factory_mission,9x4.5,pi5,1.620,-1.855,-2.487,-1.453,1.053,0.118,1.798,7.16,-5.58,135.48,0.5318,0.5313,0.4033,0.3960,8182,28.247,720.1,387.5,484.4,22.6,507.0,21.38,23.72,0.90008,14.434,11.79,24.78,14,2
103.483,factory_mission,9x4.5,pi5,1.550,-1.790,-2.480,-1.418,1.092,0.110,1.794,7.63,-5.21,134.51,0.5196,0.5190,0.4159,0.4099,8189,28.162,717.9,383.2,479.0,22.6,501.6,21.14,23.73,0.90003,14.441,11.92,24.78,14,2
103.531,factory_mission,9x4.5,pi5,1.500,-1.743,-2.476,-1.394,1.116,0.106,1.789,7.92,-4.88,134.07,0.5080,0.5095,0.4272,0.4231,8201,28.151,717.7,381.1,476.3,22.6,498.9,21.03,23.73,0.89999,14.447,11.98,24.78,14,2
103.583,factory_mission,9x4.5,pi5,1.423,-1.666,-2.469,-1.356,1.145,0.101,1.778,8.30,-4.30,133.64,0.4971,0.4986,0.4407,0.4363,8218,28.194,718.8,380.4,475.5,22.6,498.1,20.99,23.73,0.89993,14.455,12.00,24.78,14,2
103.631,factory_mission,9x4.5,pi5,1.376,-1.618,-2.465,-1.331,1.158,0.098,1.767,8.54,-3.86,133.48,0.4878,0.4902,0.4509,0.4478,8233,28.251,720.2,380.7,475.9,22.6,498.5,21.01,23.73,0.89989,14.461,11.99,24.78,14,2
103.683,factory_mission,9x4.5,pi5,1.311,-1.551,-2.459,-1.297,1.168,0.093,1.748,8.87,-3.17,133.37,0.4786,0.4824,0.4609,0.4582,8246,28.314,721.8,381.5,476.8,22.6,499.4,21.05,23.73,0.89984,14.468,11.97,24.78,14,2
103.731,factory_mission,9x4.5,pi5,1.266,-1.503,-2.456,-1.271,1.170,0.089,1.730,9.07,-2.70,133.35,0.4730,0.4763,0.4679,0.4662,8257,28.385,723.6,382.7,478.4,22.6,501.0,21.12,23.73,0.89979,14.475,11.93,24.78,14,2
103.783,factory_mission,9x4.5,pi5,1.196,-1.428,-2.450,-1.230,1.165,0.083,1.696,9.34,-2.01,133.34,0.4677,0.4717,0.4747,0.4721,8268,28.456,725.4,384.2,480.2,22.6,502.8,21.19,23.72,0.89974,14.482,11.89,24.78,14,2
103.831,factory_mission,9x4.5,pi5,1.153,-1.382,-2.447,-1.203,1.157,0.078,1.671,9.51,-1.56,133.34,0.4650,0.4685,0.4787,0.4760,8275,28.507,726.7,385.2,481.5,22.6,504.1,21.25,23.72,0.89969,14.489,11.85,24.78,14,2
103.883,factory_mission,9x4.5,pi5,1.095,-1.318,-2.443,-1.165,1.141,0.071,1.632,9.73,-0.91,133.33,0.4626,0.4667,0.4804,0.4798,8279,28.541,727.6,386.0,482.5,22.6,505.1,21.29,23.72,0.89964,14.496,11.83,24.78,14,2
103.931,factory_mission,9x4.5,pi5,1.054,-1.274,-2.440,-1.138,1.126,0.067,1.602,9.86,-0.51,133.29,0.4619,0.4661,0.4815,0.4809,8283,28.566,728.2,386.5,483.2,22.6,505.8,21.32,23.72,0.89959,14.503,11.81,24.78,14,2
103.983,factory_mission,9x4.5,pi5,0.991,-1.206,-2.436,-1.093,1.096,0.059,1.548,10.03,0.06,133.20,0.4621,0.4662,0.4821,0.4808,8286,28.586,728.7,386.9,483.7,22.6,506.3,21.35,23.72,0.89954,14.510,11.80,24.78,14,2
104.031,factory_mission,9x4.5,pi5,0.953,-1.166,-2.434,-1.064,1.074,0.055,1.513,10.12,0.41,133.11,0.4630,0.4668,0.4815,0.4803,8287,28.596,729.0,387.1,483.9,22.6,506.5,21.36,23.72,0.89949,14.517,11.79,24.78,14,2
104.083,factory_mission,9x4.5,pi5,0.902,-1.111,-2.432,-1.023,1.041,0.049,1.460,10.24,0.89,132.92,0.4638,0.4681,0.4801,0.4798,8288,28.600,729.1,387.2,484.0,22.6,506.6,21.36,23.72,0.89944,14.525,11.79,24.78,14,2
104.131,factory_mission,9x4.5,pi5,0.867,-1.074,-2.430,-0.993,1.016,0.045,1.421,10.30,1.19,132.77,0.4655,0.4693,0.4794,0.4776,8288,28.596,729.0,387.1,483.8,22.6,506.4,21.35,23.72,0.89940,14.531,11.79,24.78,14,2
104.183,factory_mission,9x4.5,pi5,0.813,-1.017,-2.428,-0.946,0.973,0.039,1.357,10.37,1.58,132.52,0.4665,0.4709,0.4780,0.4759,8286,28.586,728.7,386.8,483.5,22.6,506.1,21.34,23.72,0.89934,14.539,11.80,24.78,14,2
104.231,factory_mission,9x4.5,pi5,0.781,-0.983,-2.427,-0.917,0.945,0.036,1.317,10.41,1.81,132.33,0.4680,0.4720,0.4765,0.4746,8285,28.578,728.5,386.7,483.3,22.6,505.9,21.33,23.72,0.89930,14.545,11.80,24.78,14,2
104.283,factory_mission,9x4.5,pi5,0.738,-0.938,-2.426,-0.876,0.905,0.031,1.260,10.44,2.11,132.02,0.4690,0.4729,0.4758,0.4732,8285,28.574,728.4,386.6,483.2,22.6,505.8,21.33,23.72,0.89925,14.553,11.80,24.78,14,2
104.331,factory_mission,9x4.5,pi5,0.708,-0.908,-2.426,-0.848,0.876,0.029,1.219,10.45,2.29,131.81,0.4702,0.4736,0.4747,0.4723,8284,28.568,728.3,386.4,483.0,22.6,505.6,21.32,23.72,0.89920,14.559,11.81,24.78,14,2
104.383,factory_mission,9x4.5,pi5,0.662,-0.862,-2.425,-0.803,0.831,0.025,1.156,10.45,2.52,131.49,0.4705,0.4740,0.4741,0.4720,8283,28.564,728.2,386.4,482.9,22.6,505.5,21.32,23.72,0.89915,14.567,11.81,24.78,14,2
104.431,factory_mission,9x4.5,pi5,0.635,-0.835,-2.425,-0.776,0.803,0.023,1.117,10.44,2.64,131.27,0.4710,0.4739,0.4741,0.4717,8284,28.567,728.3,386.4,483.0,22.6,505.6,21.32,23.72,0.89910,14.573,11.80,24.78,14,2
104.483,factory_mission,9x4.5,pi5,0.598,-0.798,-2.424,-0.739,0.764,0.020,1.063,10.42,2.81,130.94,0.4705,0.4732,0.4749,0.4721,8284,28.569,728.3,386.4,483.1,22.6,505.7,21.32,23.71,0.89905,14.581,11.80,24.78,14,2
104.531,factory_mission,9x4.5,pi5,0.573,-0.774,-2.424,-0.714,0.737,0.018,1.026,10.41,2.91,130.72,0.4699,0.4733,0.4751,0.4724,8284,28.568,728.3,386.4,483.0,22.6,505.6,21.32,23.71,0.89900,14.587,11.80,24.78,14,2
104.583,factory_mission,9x4.5,pi5,0.535,-0.737,-2.424,-0.674,0.694,0.015,0.968,10.37,3.04,130.38,0.4693,0.4720,0.4757,0.4736,8284,28.566,728.2,386.4,483.0,22.6,505.6,21.32,23.71,0.89895,14.595,11.80,24.78,14,2
104.631,factory_mission,9x4.5,pi5,0.512,-0.715,-2.424,-0.650,0.669,0.013,0.933,10.34,3.11,130.15,0.4687,0.4708,0.4770,0.4738,8282,28.557,728.0,386.2,482.8,22.6,505.4,21.31,23.71,0.89890,14.602,11.81,24.78,14,2
104.683,factory_mission,9x4.5,pi5,0.481,-0.686,-2.424,-0.617,0.634,0.011,0.885,10.29,3.21,129.80,0.4670,0.4694,0.4787,0.4749,8281,28.551,727.8,386.1,482.6,22.6,505.2,21.31,23.71,0.89885,14.609,11.81,24.78,14,2
104.731,factory_mission,9x4.5,pi5,0.459,-0.666,-2.424,-0.595,0.610,0.009,0.852,10.25,3.26,129.56,0.4666,0.4684,0.4792,0.4757,8281,28.550,727.8,386.1,482.6,22.6,505.2,21.30,23.71,0.89880,14.616,11.81,24.78,14,2
104.783,factory_mission,9x4.5,pi5,0.427,-0.637,-2.424,-0.561,0.574,0.007,0.802,10.20,3.34,129.18,0.4651,0.4672,0.4806,0.4772,8281,28.555,727.9,386.2,482.8,22.6,505.4,21.31,23.71,0.89875,14.623,11.80,24.78,14,2
104.831,factory_mission,9x4.5,pi5,0.407,-0.619,-2.424,-0.540,0.552,0.006,0.772,10.15,3.39,128.91,0.4640,0.4666,0.4812,0.4784,8282,28.561,728.1,386.4,483.0,22.6,505.6,21.32,23.71,0.89870,14.630,11.80,24.78,14,2
104.883,factory_mission,9x4.5,pi5,0.381,-0.596,-2.424,-0.512,0.523,0.004,0.732,10.09,3.46,128.48,0.4626,0.4649,0.4832,0.4795,8282,28.562,728.1,386.4,483.1,22.6,505.7,21.32,23.71,0.89865,14.637,11.79,24.78,14,2
104.931,factory_mission,9x4.5,pi5,0.363,-0.580,-2.423,-0.493,0.503,0.002,0.705,10.04,3.51,128.17,0.4623,0.4646,0.4835,0.4800,8282,28.565,728.2,386.5,483.1,22.6,505.7,21.33,23.71,0.89861,14.644,11.79,24.78,14,2
104.983,factory_mission,9x4.5,pi5,0.335,-0.556,-2.423,-0.464,0.473,0.000,0.663,9.97,3.58,127.67,0.4616,0.4630,0.4849,0.4809,8283,28.569,728.3,386.6,483.3,22.6,505.9,21.34,23.71,0.89855,14.651,11.79,24.78,14,2
105.031,factory_mission,9x4.5,pi5,0.318,-0.542,-2.423,-0.447,0.455,-0.001,0.638,9.92,3.64,127.32,0.4609,0.4625,0.4856,0.4813,8282,28.565,728.2,386.6,483.2,22.6,505.8,21.33,23.71,0.89851,14.658,11.79,24.78,14,2
105.083,factory_mission,9x4.5,pi5,0.294,-0.523,-2.423,-0.424,0.432,-0.003,0.605,9.84,3.72,126.74,0.4595,0.4608,0.4863,0.4833,8281,28.561,728.1,386.5,483.2,22.6,505.8,21.33,23.71,0.89846,14.665,11.79,24.78,14,2
105.131,factory_mission,9x4.5,pi5,0.278,-0.510,-2.423,-0.409,0.415,-0.004,0.583,9.79,3.78,126.33,0.4609,0.4623,0.4852,0.4812,8280,28.553,727.9,386.3,482.9,22.6,505.5,21.32,23.71,0.89841,14.672,11.79,24.78,14,2
105.183,factory_mission,9x4.5,pi5,0.252,-0.490,-2.424,-0.385,0.391,-0.007,0.549,9.69,3.88,125.67,0.4649,0.4667,0.4808,0.4769,8279,28.538,727.5,385.9,482.4,22.6,505.0,21.30,23.71,0.89836,14.679,11.81,24.78,14,2
105.231,factory_mission,9x4.5,pi5,0.236,-0.479,-2.424,-0.371,0.378,-0.001,0.529,9.63,3.95,125.20,0.1543,0.1559,0.3932,0.3912,5399,13.366,340.7,139.5,174.4,22.6,197.0,8.17,24.10,0.89834,14.682,30.76,24.78,14,2
105.283,factory_mission,9x4.5,pi5,0.215,-0.462,-2.418,-0.333,0.389,0.207,0.553,9.51,4.10,124.28,0.0000,0.0009,0.6130,0.6077,5501,22.213,566.3,369.7,462.2,22.6,484.8,20.42,23.74,0.89829,14.689,12.31,24.78,14,2
105.331,factory_mission,9x4.5,pi5,0.200,-0.450,-2.408,-0.313,0.390,0.299,0.582,9.41,4.32,123.10,0.0000,0.0018,0.6439,0.6405,5735,24.237,617.9,421.7,527.2,22.6,549.8,23.24,23.65,0.89824,14.696,10.81,24.78,14,2
105.383,factory_mission,9x4.5,pi5,0.178,-0.430,-2.384,-0.288,0.380,0.375,0.606,9.22,4.88,120.28,0.0000,0.0034,0.6585,0.6569,5853,25.259,643.9,448.7,560.9,22.6,583.5,24.72,23.61,0.89818,14.704,10.17,24.77,14,2
105.431,factory_mission,9x4.5,pi5,0.165,-0.417,-2.366,-0.274,0.371,0.405,0.614,9.00,5.37,117.69,0.0000,0.0038,0.6650,0.6646,5906,25.732,656.0,461.5,576.8,22.6,599.4,25.41,23.59,0.89812,14.712,9.89,24.77,14,2
105.483,factory_mission,9x4.5,pi5,0.148,-0.399,-2.338,-0.257,0.357,0.435,0.619,8.50,6.21,112.70,0.0000,0.0037,0.6691,0.6686,5935,26.004,662.9,468.9,586.1,22.6,608.7,25.82,23.57,0.89806,14.721,9.73,24.77,14,2
105.531,factory_mission,9x4.5,pi5,0.136,-0.387,-2.318,-0.245,0.346,0.451,0.620,8.02,6.82,108.62,0.0000,0.0032,0.6715,0.6708,5950,26.153,666.7,473.0,591.3,22.6,613.9,26.05,23.57,0.89800,14.729,9.65,24.77,14,2
105.583,factory_mission,9x4.5,pi5,0.117,-0.368,-2.283,-0.228,0.330,0.472,0.620,7.07,7.77,101.38,0.0047,0.0069,0.6687,0.6669,6314,26.182,667.4,467.6,584.4,22.6,607.0,25.75,23.58,0.89794,14.738,9.76,24.77,14,2
105.631,factory_mission,9x4.5,pi5,0.106,-0.357,-2.262,-0.219,0.320,0.485,0.621,6.26,8.40,95.81,0.0618,0.0616,0.6148,0.6121,6326,23.315,594.4,378.3,472.9,22.6,495.5,20.89,23.72,0.89789,14.745,12.03,24.77,14,2
105.683,factory_mission,9x4.5,pi5,0.090,-0.342,-2.230,-0.202,0.312,0.535,0.651,4.79,9.23,86.48,0.1238,0.1217,0.5660,0.5641,6417,21.422,546.1,314.1,392.6,22.6,415.2,17.43,23.82,0.89785,14.751,14.41,24.77,14,2
105.731,factory_mission,9x4.5,pi5,0.080,-0.331,-2.205,-0.189,0.310,0.595,0.697,3.67,9.68,79.72,0.1811,0.1760,0.5348,0.5319,6592,20.843,531.4,283.6,354.5,22.6,377.1,15.80,23.87,0.89782,14.756,15.90,24.77,14,2
105.783,factory_mission,9x4.5,pi5,0.064,-0.313,-2.160,-0.167,0.312,0.709,0.792,1.80,10.13,68.98,0.2503,0.2443,0.5145,0.5128,6948,21.647,551.8,280.8,351.0,22.6,373.6,15.65,23.88,0.89778,14.761,16.06,24.77,14,2
105.831,factory_mission,9x4.5,pi5,0.054,-0.302,-2.127,-0.154,0.313,0.773,0.848,0.46,10.27,61.52,0.3349,0.3299,0.4704,0.4694,7247,22.278,567.9,273.4,341.8,22.6,364.4,15.25,23.89,0.89775,14.766,16.47,24.77,14,2
105.883,factory_mission,9x4.5,pi5,0.042,-0.287,-2.078,-0.138,0.312,0.845,0.911,-1.62,10.18,50.12,0.4376,0.4342,0.4043,0.4032,7518,23.551,600.4,289.7,362.1,22.6,384.7,16.12,23.86,0.89771,14.772,15.58,24.77,14,2
105.931,factory_mission,9x4.5,pi5,0.034,-0.275,-2.041,-0.128,0.308,0.877,0.938,-2.99,9.91,42.58,0.5307,0.5290,0.3403,0.3396,7736,25.705,655.3,344.6,430.8,22.6,453.4,19.07,23.77,0.89766,14.778,13.17,24.77,14,2
105.983,factory_mission,9x4.5,pi5,0.021,-0.257,-1.980,-0.118,0.295,0.881,0.937,-4.88,9.22,31.76,0.6165,0.6150,0.2739,0.2748,7883,28.422,724.6,431.5,539.4,22.6,562.0,23.78,23.63,0.89761,14.786,10.56,24.77,14,2
106.031,factory_mission,9x4.5,pi5,0.014,-0.246,-1.942,-0.114,0.282,0.850,0.903,-5.98,8.60,25.08,0.6725,0.6714,0.2199,0.2206,7899,30.435,775.9,507.6,634.5,22.6,657.1,27.95,23.51,0.89754,14.795,8.98,24.77,14,2
106.083,factory_mission,9x4.5,pi5,0.004,-0.232,-1.893,-0.114,0.258,0.771,0.821,-7.30,7.55,16.17,0.7085,0.7064,0.1739,0.1747,7823,31.693,808.0,563.7,704.6,22.6,727.2,31.06,23.41,0.89747,14.805,8.08,24.77,14,2
106.131,factory_mission,9x4.5,pi5,-0.003,-0.223,-1.862,-0.114,0.239,0.700,0.748,-7.95,6.83,11.07,0.7189,0.7177,0.1452,0.1450,7690,31.804,810.8,579.8,724.7,22.6,747.3,31.96,23.39,0.89740,14.815,7.86,24.77,14,2
106.183,factory_mission,9x4.5,pi5,-0.014,-0.209,-1.820,-0.115,0.209,0.586,0.632,-8.62,5.80,4.77,0.7117,0.7106,0.1286,0.1286,7518,30.955,789.1,562.3,702.8,22.6,725.4,30.98,23.41,0.89732,14.825,8.10,24.77,14,2
106.231,factory_mission,9x4.5,pi5,-0.021,-0.201,-1.798,-0.115,0.192,0.525,0.571,-8.89,5.20,1.46,0.6947,0.6928,0.1285,0.1286,7392,29.733,758.0,527.5,659.4,22.6,682.0,29.06,23.47,0.89726,14.835,8.64,24.77,14,2
106.283,factory_mission,9x4.5,pi5,-0.030,-0.192,-1.771,-0.112,0.174,0.462,0.507,-9.10,4.48,-2.25,0.6686,0.6658,0.1425,0.1442,7307,28.229,719.6,480.0,600.0,22.6,622.6,26.44,23.55,0.89720,14.844,9.49,24.77,14,2
106.331,factory_mission,9x4.5,pi5,-0.037,-0.186,-1.755,-0.108,0.164,0.437,0.479,-9.15,4.13,-3.96,0.6404,0.6367,0.1662,0.1691,7275,26.884,685.3,434.6,543.2,22.6,565.8,23.95,23.62,0.89714,14.851,10.48,24.77,14,2
106.383,factory_mission,9x4.5,pi5,-0.047,-0.176,-1.730,-0.099,0.156,0.427,0.465,-9.16,3.79,-5.49,0.6085,0.6052,0.2022,0.2058,7309,25.788,657.4,392.5,490.6,22.6,513.2,21.66,23.69,0.89709,14.859,11.59,24.77,14,2
