t_s,scenario,prop,payload,x,y,z,vx,vy,vz,speed_ms,roll_deg,pitch_deg,yaw_deg,m0,m1,m2,m3,rpm_mean,thrust_total_n,thrust_per_motor_g,shaft_w,prop_elec_w,avionics_w,power_total_w,current_a,v_terminal,soc,energy_wh,endurance_remaining_min,px4_batt_v,nav_state,arming
0.052,hall_mission,9x4.5,pi5,0.022,-0.017,0.020,0.007,0.002,-0.003,0.008,0.04,-0.09,94.90,0.0018,0.0002,0.0014,0.0006,1447,0.872,22.2,2.1,2.6,22.6,25.2,1.00,25.17,1.00000,0.000,287.95,nan,,
0.100,hall_mission,9x4.5,pi5,0.022,-0.018,0.021,0.007,0.002,-0.003,0.008,0.04,-0.09,94.90,0.0019,0.0001,0.0011,0.0009,1447,0.872,22.2,2.1,2.6,22.6,25.2,1.00,25.17,1.00000,0.001,287.95,nan,,
0.152,hall_mission,9x4.5,pi5,0.021,-0.018,0.022,0.006,0.001,-0.002,0.007,0.05,-0.09,94.90,0.0020,0.0000,0.0016,0.0004,1447,0.872,22.2,2.1,2.6,22.6,25.2,1.00,25.17,0.99999,0.001,287.94,nan,,
0.200,hall_mission,9x4.5,pi5,0.021,-0.018,0.023,0.006,0.001,-0.002,0.006,0.05,-0.09,94.90,0.0019,0.0001,0.0012,0.0008,1447,0.872,22.2,2.1,2.6,22.6,25.2,1.00,25.17,0.99999,0.001,287.95,nan,,
0.252,hall_mission,9x4.5,pi5,0.021,-0.019,0.025,0.005,0.001,-0.001,0.005,0.05,-0.09,94.90,0.0020,0.0000,0.0014,0.0005,1447,0.872,22.2,2.1,2.6,22.6,25.2,1.00,25.17,0.99999,0.002,287.94,nan,4,1
0.300,hall_mission,9x4.5,pi5,0.020,-0.019,0.026,0.005,0.001,-0.001,0.005,0.06,-0.09,94.90,0.0020,0.0000,0.0014,0.0006,1447,0.872,22.2,2.1,2.6,22.6,25.2,1.00,25.17,0.99999,0.002,287.94,nan,4,1
0.352,hall_mission,9x4.5,pi5,0.020,-0.020,0.027,0.004,-0.000,0.000,0.004,0.06,-0.08,94.90,0.0020,0.0000,0.0015,0.0004,1447,0.872,22.2,2.1,2.6,22.6,25.2,1.00,25.17,0.99998,0.002,287.94,nan,4,1
0.400,hall_mission,9x4.5,pi5,0.020,-0.021,0.028,0.004,-0.001,0.000,0.004,0.06,-0.08,94.90,0.0019,0.0001,0.0014,0.0006,1447,0.872,22.2,2.1,2.6,22.6,25.2,1.00,25.17,0.99998,0.003,287.94,nan,4,1
0.452,hall_mission,9x4.5,pi5,0.019,-0.022,0.029,0.003,-0.001,0.001,0.004,0.06,-0.08,94.89,0.0020,0.0001,0.0014,0.0006,1447,0.872,22.2,2.1,2.6,22.6,25.2,1.00,25.17,0.99998,0.003,287.95,nan,4,1
0.500,hall_mission,9x4.5,pi5,0.019,-0.023,0.029,0.003,-0.002,0.001,0.004,0.06,-0.08,94.89,0.0020,0.0000,0.0015,0.0005,1447,0.872,22.2,2.1,2.6,22.6,25.2,1.00,25.17,0.99998,0.003,287.94,nan,4,1
0.552,hall_mission,9x4.5,pi5,0.018,-0.023,0.030,0.002,-0.002,0.001,0.003,0.06,-0.08,94.89,0.0018,0.0001,0.0010,0.0011,1447,0.872,22.2,2.1,2.6,22.6,25.2,1.00,25.17,0.99997,0.004,287.94,nan,4,1
0.600,hall_mission,9x4.5,pi5,0.018,-0.024,0.030,0.002,-0.002,0.000,0.003,0.06,-0.08,94.90,0.0020,0.0000,0.0014,0.0006,1089,0.658,16.8,1.6,1.9,22.6,24.5,0.98,25.17,0.99997,0.004,295.27,nan,4,1
0.652,hall_mission,9x4.5,pi5,0.017,-0.024,0.030,0.001,-0.002,0.000,0.002,0.06,-0.08,94.90,0.0020,0.0000,0.0019,0.0001,1089,0.658,16.8,1.6,2.0,22.6,24.6,0.98,25.17,0.99997,0.005,295.26,nan,4,1
0.700,hall_mission,9x4.5,pi5,0.016,-0.024,0.030,0.000,-0.001,0.000,0.001,0.06,-0.08,94.90,0.0020,0.0000,0.0015,0.0005,1089,0.658,16.8,1.6,1.9,22.6,24.5,0.98,25.17,0.99997,0.005,295.27,nan,4,1
0.752,hall_mission,9x4.5,pi5,0.015,-0.023,0.030,-0.001,0.000,0.000,0.001,0.06,-0.09,94.90,0.0020,0.0000,0.0011,0.0009,1089,0.658,16.8,1.6,1.9,22.6,24.5,0.98,25.17,0.99997,0.005,295.27,nan,4,1
0.800,hall_mission,9x4.5,pi5,0.014,-0.023,0.030,-0.002,0.001,-0.000,0.002,0.06,-0.09,94.91,0.0020,0.0000,0.0014,0.0006,1089,0.658,16.8,1.6,1.9,22.6,24.5,0.98,25.17,0.99996,0.006,295.26,nan,4,1
0.852,hall_mission,9x4.5,pi5,0.013,-0.021,0.029,-0.003,0.003,-0.001,0.005,0.07,-0.10,94.91,0.0020,0.0000,0.0016,0.0004,1089,0.658,16.8,1.6,2.0,22.6,24.6,0.98,25.17,0.99996,0.006,295.26,nan,4,1
0.900,hall_mission,9x4.5,pi5,0.012,-0.020,0.028,-0.004,0.005,-0.001,0.006,0.07,-0.11,94.92,0.0020,0.0000,0.0020,0.0000,1089,0.658,16.8,1.6,2.0,22.6,24.6,0.98,25.17,0.99996,0.006,295.26,25.20,4,1
0.952,hall_mission,9x4.5,pi5,0.012,-0.018,0.027,-0.005,0.007,-0.002,0.009,0.07,-0.12,94.92,0.0020,0.0000,0.0017,0.0003,1089,0.658,16.8,1.6,2.0,22.6,24.6,0.98,25.17,0.99996,0.007,295.26,25.20,4,1
1.000,hall_mission,9x4.5,pi5,0.011,-0.017,0.026,-0.005,0.009,-0.003,0.010,0.07,-0.12,94.93,0.0020,0.0000,0.0017,0.0003,1089,0.658,16.8,1.6,2.0,22.6,24.6,0.98,25.17,0.99995,0.007,295.26,25.20,4,1
1.052,hall_mission,9x4.5,pi5,0.011,-0.016,0.024,-0.006,0.010,-0.003,0.012,0.07,-0.13,94.93,0.0020,0.0000,0.0020,0.0000,1089,0.658,16.8,1.6,2.0,22.6,24.6,0.98,25.17,0.99995,0.007,295.26,25.20,4,1
1.100,hall_mission,9x4.5,pi5,0.010,-0.015,0.023,-0.007,0.011,-0.004,0.013,0.07,-0.13,94.93,0.0020,0.0000,0.0020,0.0000,731,0.445,11.3,1.1,1.3,22.6,23.9,0.95,25.17,0.99995,0.008,302.97,25.20,4,1
1.152,hall_mission,9x4.5,pi5,0.009,-0.015,0.021,-0.007,0.012,-0.005,0.015,0.07,-0.14,94.93,0.0020,0.0000,0.0016,0.0004,1089,0.658,16.8,1.6,2.0,22.6,24.6,0.98,25.17,0.99995,0.008,295.26,25.20,4,1
1.200,hall_mission,9x4.5,pi5,0.009,-0.015,0.020,-0.008,0.012,-0.005,0.015,0.07,-0.13,94.93,0.0020,0.0000,0.0019,0.0001,1089,0.658,16.8,1.6,2.0,22.6,24.6,0.98,25.17,0.99995,0.008,295.25,25.20,4,1
1.252,hall_mission,9x4.5,pi5,0.008,-0.015,0.018,-0.009,0.012,-0.006,0.016,0.08,-0.13,94.93,0.0020,0.0000,0.0020,0.0000,731,0.445,11.3,1.1,1.3,22.6,23.9,0.95,25.17,0.99994,0.009,302.96,25.20,4,1
1.300,hall_mission,9x4.5,pi5,0.008,-0.015,0.017,-0.009,0.012,-0.006,0.016,0.08,-0.13,94.93,0.0020,0.0000,0.0017,0.0003,1089,0.658,16.8,1.6,2.0,22.6,24.6,0.98,25.17,0.99994,0.009,295.26,25.20,4,1
1.352,hall_mission,9x4.5,pi5,0.007,-0.015,0.016,-0.010,0.012,-0.007,0.017,0.08,-0.13,94.93,0.0020,0.0000,0.0020,0.0000,731,0.445,11.3,1.1,1.3,22.6,23.9,0.95,25.17,0.99994,0.009,302.97,25.20,4,1
1.400,hall_mission,9x4.5,pi5,0.006,-0.015,0.016,-0.010,0.012,-0.007,0.017,0.08,-0.12,94.93,0.0020,0.0000,0.0020,0.0000,1089,0.658,16.8,1.6,2.0,22.6,24.6,0.98,25.17,0.99994,0.010,295.25,25.20,4,1
1.452,hall_mission,9x4.5,pi5,0.005,-0.016,0.015,-0.011,0.011,-0.007,0.018,0.08,-0.12,94.94,0.0020,0.0000,0.0020,0.0000,731,0.445,11.3,1.1,1.3,22.6,23.9,0.95,25.17,0.99993,0.010,302.97,25.20,4,1
1.500,hall_mission,9x4.5,pi5,0.005,-0.016,0.015,-0.012,0.011,-0.007,0.018,0.08,-0.12,94.93,0.0020,0.0000,0.0014,0.0006,1089,0.658,16.8,1.6,1.9,22.6,24.5,0.98,25.17,0.99993,0.010,295.25,25.20,4,1
1.552,hall_mission,9x4.5,pi5,0.004,-0.017,0.014,-0.012,0.010,-0.008,0.018,0.09,-0.12,94.93,0.0020,0.0000,0.0015,0.0005,1089,0.658,16.8,1.6,1.9,22.6,24.5,0.98,25.17,0.99993,0.011,295.25,25.20,4,1
1.600,hall_mission,9x4.5,pi5,0.003,-0.017,0.014,-0.013,0.010,-0.008,0.018,0.09,-0.11,94.94,0.0020,0.0000,0.0020,0.0000,1089,0.658,16.8,1.6,2.0,22.6,24.6,0.98,25.17,0.99993,0.011,295.24,25.20,4,1
1.652,hall_mission,9x4.5,pi5,0.002,-0.018,0.013,-0.014,0.009,-0.008,0.018,0.09,-0.11,94.94,0.0020,0.0000,0.0016,0.0004,1089,0.658,16.8,1.6,2.0,22.6,24.6,0.98,25.17,0.99993,0.011,295.25,25.20,4,1
1.700,hall_mission,9x4.5,pi5,0.002,-0.019,0.013,-0.015,0.008,-0.008,0.019,0.09,-0.11,94.94,0.0020,0.0000,0.0020,0.0000,731,0.445,11.3,1.1,1.3,22.6,23.9,0.95,25.17,0.99992,0.012,302.96,25.20,4,1
1.752,hall_mission,9x4.5,pi5,0.001,-0.020,0.012,-0.016,0.008,-0.008,0.020,0.10,-0.11,94.94,0.0020,0.0000,0.0020,0.0000,1089,0.658,16.8,1.6,2.0,22.6,24.6,0.98,25.17,0.99992,0.012,295.24,25.20,4,1
1.796,hall_mission,9x4.5,pi5,-0.000,-0.020,0.012,-0.017,0.007,-0.009,0.020,0.10,-0.11,94.94,0.0020,0.0000,0.0018,0.0002,1089,0.658,16.8,1.6,2.0,22.6,24.6,0.98,25.17,0.99992,0.012,295.24,25.20,4,1
1.844,hall_mission,9x4.5,pi5,-0.001,-0.021,0.011,-0.017,0.007,-0.009,0.020,0.10,-0.11,94.94,0.0020,0.0000,0.0014,0.0006,1089,0.658,16.8,1.6,1.9,22.6,24.5,0.98,25.17,0.99992,0.013,295.24,25.20,4,1
1.896,hall_mission,9x4.5,pi5,-0.001,-0.021,0.010,-0.017,0.006,-0.009,0.021,0.10,-0.10,94.94,0.0020,0.0000,0.0020,0.0000,731,0.445,11.3,1.1,1.3,22.6,23.9,0.95,25.17,0.99991,0.013,302.95,25.20,4,1
1.944,hall_mission,9x4.5,pi5,-0.001,-0.021,0.010,-0.017,0.006,-0.009,0.021,0.10,-0.10,94.94,0.0020,0.0000,0.0010,0.0010,1089,0.658,16.8,1.6,1.9,22.6,24.5,0.98,25.17,0.99991,0.013,295.25,25.20,4,1
1.996,hall_mission,9x4.5,pi5,-0.001,-0.022,0.010,-0.017,0.005,-0.010,0.021,0.10,-0.10,94.94,0.0020,0.0000,0.0014,0.0006,1447,0.872,22.2,2.1,2.6,22.6,25.2,1.00,25.17,0.99991,0.014,287.91,25.20,4,1
2.044,hall_mission,9x4.5,pi5,-0.001,-0.022,0.010,-0.017,0.005,-0.010,0.020,0.10,-0.10,94.94,0.0020,0.0000,0.0020,0.0000,731,0.445,11.3,1.1,1.3,22.6,23.9,0.95,25.17,0.99991,0.014,302.95,25.20,4,1
2.096,hall_mission,9x4.5,pi5,-0.001,-0.023,0.010,-0.017,0.004,-0.010,0.020,0.10,-0.10,94.94,0.0020,0.0000,0.0014,0.0005,1447,0.872,22.2,2.1,2.6,22.6,25.2,1.00,25.17,0.99991,0.014,287.90,25.20,4,1
2.144,hall_mission,9x4.5,pi5,-0.001,-0.023,0.010,-0.017,0.004,-0.010,0.020,0.10,-0.10,94.94,0.0020,0.0000,0.0017,0.0003,1089,0.658,16.8,1.6,2.0,22.6,24.6,0.98,25.17,0.99990,0.015,295.24,25.20,4,1
2.196,hall_mission,9x4.5,pi5,-0.001,-0.024,0.010,-0.017,0.003,-0.010,0.019,0.09,-0.09,94.94,0.0020,0.0000,0.0016,0.0004,1089,0.658,16.8,1.6,2.0,22.6,24.6,0.98,25.17,0.99990,0.015,295.23,25.20,4,1
2.248,hall_mission,9x4.5,pi5,-0.000,-0.025,0.010,-0.016,0.002,-0.010,0.019,0.09,-0.09,94.94,0.0020,0.0000,0.0015,0.0005,1447,0.872,22.2,2.1,2.6,22.6,25.2,1.00,25.17,0.99990,0.015,287.90,25.20,4,1
2.296,hall_mission,9x4.5,pi5,0.001,-0.026,0.010,-0.015,0.000,-0.010,0.018,0.09,-0.08,94.94,0.0020,0.0000,0.0012,0.0008,1089,0.658,16.8,1.6,1.9,22.6,24.5,0.98,25.17,0.99990,0.016,295.23,25.20,4,1
2.344,hall_mission,9x4.5,pi5,0.002,-0.027,0.010,-0.014,-0.000,-0.010,0.017,0.09,-0.08,94.94,0.0019,0.0001,0.0011,0.0009,1447,0.872,22.2,2.1,2.6,22.6,25.2,1.00,25.17,0.99989,0.016,287.90,25.20,4,1
2.396,hall_mission,9x4.5,pi5,0.004,-0.028,0.011,-0.012,-0.002,-0.009,0.015,0.08,-0.08,94.94,0.0019,0.0002,0.0012,0.0007,1447,0.872,22.2,2.1,2.6,22.6,25.2,1.00,25.17,0.99989,0.016,287.91,25.20,4,1
2.448,hall_mission,9x4.5,pi5,0.005,-0.029,0.011,-0.010,-0.002,-0.009,0.014,0.07,-0.07,94.93,0.0020,0.0000,0.0012,0.0008,1447,0.872,22.2,2.1,2.6,22.6,25.2,1.00,25.17,0.99989,0.017,287.90,25.20,4,1
2.496,hall_mission,9x4.5,pi5,0.007,-0.030,0.012,-0.009,-0.002,-0.009,0.013,0.07,-0.07,94.93,0.0020,0.0000,0.0011,0.0009,1089,0.658,16.8,1.6,1.9,22.6,24.5,0.98,25.17,0.99989,0.017,295.23,25.20,4,1
2.544,hall_mission,9x4.5,pi5,0.008,-0.030,0.012,-0.008,-0.003,-0.009,0.012,0.06,-0.07,94.93,0.0016,0.0003,0.0008,0.0012,1447,0.872,22.2,2.1,2.6,22.6,25.2,1.00,25.17,0.99988,0.017,287.90,25.20,4,1
2.596,hall_mission,9x4.5,pi5,0.009,-0.031,0.012,-0.006,-0.003,-0.009,0.011,0.06,-0.07,94.93,0.0017,0.0003,0.0013,0.0007,1447,0.872,22.2,2.1,2.6,22.6,25.2,1.00,25.17,0.99988,0.018,287.90,25.20,4,1
2.648,hall_mission,9x4.5,pi5,0.010,-0.032,0.013,-0.005,-0.004,-0.009,0.011,0.06,-0.06,94.93,0.0020,0.0000,0.0008,0.0011,1447,0.872,22.2,2.1,2.6,22.6,25.2,1.00,25.17,0.99988,0.018,287.90,25.20,4,1
2.696,hall_mission,9x4.5,pi5,0.011,-0.033,0.013,-0.005,-0.005,-0.009,0.011,0.06,-0.06,94.93,0.0019,0.0001,0.0006,0.0014,1447,0.872,22.2,2.1,2.6,22.6,25.2,1.00,25.17,0.99988,0.019,287.90,25.20,4,1
2.744,hall_mission,9x4.5,pi5,0.011,-0.034,0.013,-0.004,-0.006,-0.009,0.011,0.06,-0.06,94.93,0.0019,0.0001,0.0012,0.0007,1447,0.872,22.2,2.1,2.6,22.6,25.2,1.00,25.17,0.99988,0.019,287.90,25.20,4,1
2.796,hall_mission,9x4.5,pi5,0.011,-0.036,0.014,-0.004,-0.007,-0.008,0.012,0.06,-0.06,94.93,0.0019,0.0001,0.0012,0.0007,1447,0.872,22.2,2.1,2.6,22.6,25.2,1.00,25.17,0.99987,0.019,287.90,25.20,4,1
2.844,hall_mission,9x4.5,pi5,0.011,-0.036,0.015,-0.004,-0.007,-0.008,0.012,0.06,-0.06,94.93,0.0018,0.0002,0.0007,0.0013,1447,0.872,22.2,2.1,2.6,22.6,25.2,1.00,25.17,0.99987,0.020,287.89,25.20,4,1
2.896,hall_mission,9x4.5,pi5,0.011,-0.037,0.016,-0.004,-0.008,-0.008,0.012,0.06,-0.06,94.93,0.0019,0.0000,0.0013,0.0007,1447,0.872,22.2,2.1,2.6,22.6,25.2,1.00,25.17,0.99987,0.020,287.90,25.20,4,1
2.944,hall_mission,9x4.5,pi5,0.011,-0.038,0.017,-0.003,-0.008,-0.008,0.012,0.06,-0.06,94.93,0.0020,0.0000,0.0009,0.0011,1089,0.658,16.8,1.6,1.9,22.6,24.5,0.98,25.17,0.99987,0.020,295.22,25.20,4,1
2.988,hall_mission,9x4.5,pi5,0.012,-0.039,0.018,-0.002,-0.008,-0.007,0.011,0.06,-0.06,94.93,0.0020,0.0000,0.0015,0.0005,1089,0.658,16.8,1.6,1.9,22.6,24.5,0.98,25.17,0.99986,0.021,295.22,25.20,14,2
3.040,hall_mission,9x4.5,pi5,0.012,-0.039,0.019,-0.002,-0.008,-0.007,0.011,0.06,-0.06,94.93,0.0017,0.0003,0.0008,0.0012,1447,0.872,22.2,2.1,2.6,22.6,25.2,1.00,25.17,0.99986,0.021,287.89,25.20,14,2
3.088,hall_mission,9x4.5,pi5,0.012,-0.039,0.020,-0.002,-0.007,-0.007,0.010,0.06,-0.06,94.94,0.0020,0.0000,0.0008,0.0012,1089,0.658,16.8,1.6,1.9,22.6,24.5,0.98,25.17,0.99986,0.021,295.22,25.20,14,2
3.140,hall_mission,9x4.5,pi5,0.012,-0.039,0.021,-0.001,-0.007,-0.006,0.010,0.06,-0.06,94.94,0.0020,0.0000,0.0012,0.0008,1089,0.658,16.8,1.6,1.9,22.6,24.5,0.98,25.17,0.99986,0.022,295.22,25.20,14,2
3.188,hall_mission,9x4.5,pi5,0.012,-0.039,0.022,-0.001,-0.006,-0.006,0.009,0.06,-0.06,94.94,0.0017,0.0003,0.0007,0.0013,1447,0.872,22.2,2.1,2.6,22.6,25.2,1.00,25.17,0.99985,0.022,287.89,25.20,14,2
3.240,hall_mission,9x4.5,pi5,0.011,-0.038,0.022,-0.002,-0.005,-0.006,0.008,0.06,-0.06,94.94,0.0016,0.0004,0.0011,0.0008,1447,0.872,22.2,2.1,2.6,22.6,25.2,1.00,25.17,0.99985,0.022,287.89,25.20,14,2
3.288,hall_mission,9x4.5,pi5,0.010,-0.037,0.023,-0.002,-0.004,-0.006,0.008,0.06,-0.07,94.94,0.0020,0.0000,0.0010,0.0010,1447,0.872,22.2,2.1,2.6,22.6,25.2,1.00,25.17,0.99985,0.023,287.89,25.20,14,2
3.340,hall_mission,9x4.5,pi5,0.009,-0.037,0.023,-0.003,-0.003,-0.006,0.007,0.06,-0.07,94.94,0.0020,0.0001,0.0011,0.0008,1447,0.872,22.2,2.1,2.6,22.6,25.2,1.00,25.17,0.99985,0.023,287.89,25.20,14,2
3.388,hall_mission,9x4.5,pi5,0.008,-0.035,0.023,-0.003,-0.001,-0.006,0.007,0.06,-0.08,94.94,0.0020,0.0000,0.0014,0.0006,1447,0.872,22.2,2.1,2.6,22.6,25.2,1.00,25.17,0.99985,0.023,287.88,25.20,14,2
3.440,hall_mission,9x4.5,pi5,0.007,-0.034,0.023,-0.004,0.000,-0.006,0.007,0.06,-0.08,94.94,0.0020,0.0000,0.0014,0.0006,1089,0.658,16.8,1.6,1.9,22.6,24.5,0.98,25.17,0.99984,0.024,295.21,25.20,14,2
3.492,hall_mission,9x4.5,pi5,0.006,-0.033,0.024,-0.004,0.002,-0.006,0.007,0.05,-0.09,94.95,0.0014,0.0005,0.0012,0.0009,1447,0.872,22.2,2.1,2.6,22.6,25.2,1.00,25.17,0.99984,0.024,287.88,25.20,14,2
3.540,hall_mission,9x4.5,pi5,0.005,-0.031,0.025,-0.005,0.003,-0.006,0.008,0.05,-0.09,94.95,0.0020,0.0000,0.0015,0.0005,1089,0.658,16.8,1.6,1.9,22.6,24.5,0.98,25.17,0.99984,0.024,295.21,25.20,14,2
3.588,hall_mission,9x4.5,pi5,0.004,-0.029,0.026,-0.005,0.005,-0.005,0.009,0.05,-0.10,94.95,0.0020,0.0000,0.0015,0.0005,1447,0.872,22.2,2.1,2.6,22.6,25.2,1.00,25.17,0.99984,0.025,287.88,25.20,14,2
3.640,hall_mission,9x4.5,pi5,0.003,-0.028,0.027,-0.005,0.006,-0.005,0.010,0.05,-0.10,94.95,0.0020,0.0000,0.0015,0.0005,1447,0.872,22.2,2.1,2.6,22.6,25.2,1.00,25.17,0.99983,0.025,287.87,25.20,14,2
3.688,hall_mission,9x4.5,pi5,0.003,-0.027,0.029,-0.006,0.008,-0.004,0.010,0.05,-0.10,94.95,0.0017,0.0003,0.0013,0.0006,1447,0.872,22.2,2.1,2.6,22.6,25.2,1.00,25.17,0.99983,0.025,287.88,25.20,14,2
3.740,hall_mission,9x4.5,pi5,0.003,-0.026,0.030,-0.006,0.008,-0.004,0.011,0.05,-0.10,94.95,0.0020,0.0000,0.0015,0.0005,1447,0.872,22.2,2.1,2.6,22.6,25.2,1.00,25.17,0.99983,0.026,287.87,25.20,14,2
3.788,hall_mission,9x4.5,pi5,0.003,-0.024,0.032,-0.005,0.009,-0.003,0.011,0.05,-0.10,94.95,0.0020,0.0000,0.0014,0.0006,1089,0.658,16.8,1.6,1.9,22.6,24.5,0.98,25.17,0.99983,0.026,295.20,25.20,14,2
3.840,hall_mission,9x4.5,pi5,0.003,-0.024,0.034,-0.005,0.010,-0.003,0.011,0.05,-0.10,94.95,0.0020,0.0000,0.0013,0.0007,1447,0.872,22.2,2.1,2.6,22.6,25.2,1.00,25.17,0.99982,0.026,287.87,25.20,14,2
3.888,hall_mission,9x4.5,pi5,0.003,-0.022,0.036,-0.004,0.010,-0.002,0.011,0.05,-0.10,94.95,0.0020,0.0000,0.0017,0.0003,1447,0.872,22.2,2.1,2.6,22.6,25.2,1.00,25.17,0.99982,0.027,287.87,25.20,14,2
3.940,hall_mission,9x4.5,pi5,0.003,-0.022,0.037,-0.004,0.011,-0.001,0.011,0.04,-0.10,94.95,0.0020,0.0000,0.0016,0.0004,1089,0.658,16.8,1.6,2.0,22.6,24.6,0.98,25.17,0.99982,0.027,295.20,25.20,14,2
3.988,hall_mission,9x4.5,pi5,0.003,-0.020,0.039,-0.004,0.011,-0.001,0.012,0.04,-0.10,94.95,0.0018,0.0001,0.0014,0.0006,1447,0.872,22.2,2.1,2.6,22.6,25.2,1.00,25.17,0.99982,0.027,287.87,25.20,14,2
4.040,hall_mission,9x4.5,pi5,0.003,-0.019,0.041,-0.004,0.012,-0.000,0.012,0.04,-0.10,94.95,0.0020,0.0000,0.0013,0.0007,1089,0.658,16.8,1.6,1.9,22.6,24.5,0.98,25.17,0.99982,0.028,295.19,25.20,14,2
4.092,hall_mission,9x4.5,pi5,0.002,-0.018,0.042,-0.005,0.012,0.000,0.013,0.04,-0.10,94.95,0.0020,0.0000,0.0017,0.0018,1094,0.665,16.9,1.6,2.0,22.6,24.6,0.98,25.17,0.99981,0.028,294.84,25.20,14,2
4.140,hall_mission,9x4.5,pi5,0.002,-0.018,0.044,-0.005,0.012,0.000,0.013,0.04,-0.10,94.95,0.0019,0.0000,0.0005,0.0019,1090,0.659,16.8,1.6,2.0,22.6,24.6,0.98,25.17,0.99981,0.029,295.12,25.20,14,2
4.188,hall_mission,9x4.5,pi5,0.002,-0.017,0.045,-0.005,0.012,0.001,0.013,0.05,-0.10,94.95,0.0021,0.0000,0.0007,0.0014,1089,0.659,16.8,1.6,2.0,22.6,24.6,0.98,25.17,0.99981,0.029,295.16,25.20,14,2
4.240,hall_mission,9x4.5,pi5,0.001,-0.017,0.046,-0.005,0.011,0.001,0.013,0.05,-0.09,94.95,0.0018,0.0000,0.0012,0.0021,1093,0.663,16.9,1.6,2.0,22.6,24.6,0.98,25.17,0.99981,0.029,294.94,25.20,14,2
4.288,hall_mission,9x4.5,pi5,0.001,-0.017,0.046,-0.005,0.011,0.001,0.012,0.05,-0.09,94.95,0.0019,0.0000,0.0020,0.0030,1100,0.671,17.1,1.6,2.0,22.6,24.6,0.98,25.17,0.99980,0.030,294.49,25.20,14,2
4.340,hall_mission,9x4.5,pi5,0.001,-0.017,0.047,-0.005,0.011,0.001,0.012,0.05,-0.09,94.95,0.0024,0.0000,0.0037,0.0036,1110,0.684,17.4,1.7,2.1,22.6,24.7,0.98,25.17,0.99980,0.030,293.81,25.20,14,2
4.388,hall_mission,9x4.5,pi5,0.001,-0.017,0.048,-0.005,0.010,0.002,0.011,0.05,-0.09,94.95,0.0021,0.0000,0.0048,0.0067,1124,0.701,17.9,1.7,2.1,22.6,24.7,0.98,25.17,0.99980,0.030,292.86,25.20,14,2
4.440,hall_mission,9x4.5,pi5,0.001,-0.018,0.048,-0.005,0.009,0.002,0.011,0.05,-0.08,94.95,0.0011,0.0000,0.0082,0.0101,1145,0.729,18.6,1.8,2.3,22.6,24.9,0.99,25.17,0.99980,0.031,291.32,25.20,14,2
4.488,hall_mission,9x4.5,pi5,0.001,-0.018,0.048,-0.005,0.009,0.002,0.010,0.05,-0.08,94.95,0.0015,0.0000,0.0112,0.0127,1166,0.756,19.3,1.9,2.4,22.6,25.0,0.99,25.17,0.99980,0.031,289.75,25.20,14,2
4.540,hall_mission,9x4.5,pi5,0.001,-0.018,0.048,-0.004,0.008,0.002,0.010,0.05,-0.08,94.95,0.0016,0.0000,0.0149,0.0157,1191,0.790,20.1,2.1,2.6,22.6,25.2,1.00,25.17,0.99979,0.031,287.81,25.20,14,2
4.588,hall_mission,9x4.5,pi5,0.002,-0.018,0.048,-0.004,0.008,0.002,0.009,0.05,-0.08,94.95,0.0005,0.0000,0.0188,0.0208,1219,0.831,21.2,2.2,2.8,22.6,25.4,1.01,25.17,0.99979,0.032,285.37,25.20,14,2
4.640,hall_mission,9x4.5,pi5,0.002,-0.018,0.047,-0.003,0.007,0.002,0.008,0.05,-0.07,94.95,0.0000,0.0003,0.0244,0.0259,1257,0.887,22.6,2.5,3.1,22.6,25.7,1.02,25.17,0.99979,0.032,282.03,25.20,14,2
4.688,hall_mission,9x4.5,pi5,0.003,-0.019,0.047,-0.002,0.006,0.002,0.007,0.05,-0.07,94.95,0.0000,0.0004,0.0295,0.0308,1294,0.943,24.0,2.7,3.4,22.6,26.0,1.03,25.17,0.99979,0.032,278.60,25.20,14,2
4.740,hall_mission,9x4.5,pi5,0.004,-0.019,0.047,-0.002,0.006,0.002,0.006,0.04,-0.07,94.95,0.0000,0.0004,0.0349,0.0365,1335,1.007,25.7,3.0,3.8,22.6,26.4,1.05,25.17,0.99978,0.033,274.63,25.20,14,2
4.788,hall_mission,9x4.5,pi5,0.005,-0.020,0.048,-0.000,0.005,0.002,0.005,0.04,-0.07,94.94,0.0000,0.0004,0.0415,0.0421,1379,1.080,27.5,3.4,4.2,22.6,26.8,1.07,25.17,0.99978,0.033,270.08,25.20,14,2
4.840,hall_mission,9x4.5,pi5,0.006,-0.020,0.047,0.001,0.005,0.002,0.005,0.04,-0.07,94.94,0.0000,0.0016,0.0484,0.0495,1435,1.175,30.0,3.9,4.8,22.6,27.4,1.09,25.17,0.99978,0.033,264.16,25.20,14,2
4.888,hall_mission,9x4.5,pi5,0.007,-0.021,0.047,0.001,0.004,0.002,0.005,0.04,-0.07,94.95,0.0000,0.0017,0.0557,0.0564,1486,1.269,32.4,4.4,5.5,22.6,28.1,1.12,25.16,0.99978,0.034,258.22,25.19,14,2
4.940,hall_mission,9x4.5,pi5,0.008,-0.021,0.047,0.002,0.004,0.002,0.005,0.03,-0.06,94.95,0.0000,0.0027,0.0630,0.0632,1541,1.372,35.0,4.9,6.2,22.6,28.8,1.14,25.16,0.99977,0.034,251.83,25.19,14,2
4.988,hall_mission,9x4.5,pi5,0.009,-0.021,0.046,0.003,0.004,0.002,0.006,0.03,-0.06,94.95,0.0000,0.0023,0.0714,0.0713,1600,1.491,38.0,5.6,7.0,22.6,29.6,1.18,25.16,0.99977,0.035,244.35,25.19,14,2
5.036,hall_mission,9x4.5,pi5,0.009,-0.021,0.046,0.004,0.004,0.001,0.006,0.03,-0.06,94.95,0.0000,0.0027,0.0799,0.0795,1662,1.619,41.3,6.4,8.0,22.6,30.6,1.22,25.16,0.99977,0.035,236.45,25.19,14,2
5.084,hall_mission,9x4.5,pi5,0.010,-0.021,0.045,0.005,0.004,0.001,0.007,0.03,-0.06,94.95,0.0000,0.0031,0.0889,0.0881,1727,1.763,44.9,7.4,9.2,22.6,31.8,1.26,25.16,0.99977,0.035,227.83,25.19,14,2
5.136,hall_mission,9x4.5,pi5,0.011,-0.020,0.043,0.006,0.005,0.001,0.008,0.03,-0.07,94.95,0.0004,0.0040,0.0998,0.0983,2166,2.159,55.0,9.1,11.4,22.6,34.0,1.35,25.16,0.99976,0.036,213.28,25.19,14,2
5.184,hall_mission,9x4.5,pi5,0.012,-0.020,0.042,0.007,0.005,0.001,0.008,0.02,-0.07,94.95,0.0055,0.0090,0.1047,0.1034,2239,2.293,58.4,9.9,12.4,22.6,35.0,1.39,25.16,0.99976,0.036,207.22,25.19,14,2
5.236,hall_mission,9x4.5,pi5,0.014,-0.019,0.040,0.008,0.006,-0.000,0.010,0.02,-0.07,94.95,0.0105,0.0146,0.1103,0.1084,2316,2.438,62.1,10.8,13.5,22.6,36.1,1.43,25.15,0.99976,0.037,200.84,25.19,14,2
5.284,hall_mission,9x4.5,pi5,0.015,-0.019,0.039,0.009,0.006,-0.001,0.011,0.02,-0.07,94.96,0.0162,0.0198,0.1163,0.1134,2395,2.594,66.1,11.8,14.7,22.6,37.3,1.48,25.15,0.99975,0.037,194.20,25.19,14,2
5.336,hall_mission,9x4.5,pi5,0.016,-0.017,0.038,0.010,0.007,-0.001,0.012,0.02,-0.07,94.96,0.0227,0.0268,0.1233,0.1199,2493,2.793,71.2,13.0,16.3,22.6,38.9,1.55,25.15,0.99975,0.038,186.12,25.19,14,2
5.384,hall_mission,9x4.5,pi5,0.016,-0.016,0.037,0.010,0.008,-0.001,0.013,0.01,-0.07,94.96,0.0289,0.0328,0.1291,0.1263,2582,2.980,76.0,14.3,17.9,22.6,40.5,1.61,25.15,0.99974,0.039,178.93,25.19,14,2
5.436,hall_mission,9x4.5,pi5,0.017,-0.015,0.035,0.011,0.009,-0.002,0.014,0.01,-0.08,94.96,0.0354,0.0390,0.1362,0.1320,2674,3.183,81.1,15.7,19.6,22.6,42.2,1.68,25.15,0.99974,0.039,171.50,25.19,14,2
5.484,hall_mission,9x4.5,pi5,0.018,-0.014,0.034,0.011,0.010,-0.002,0.015,0.01,-0.08,94.97,0.0422,0.0453,0.1432,0.1385,2770,3.400,86.7,17.2,21.6,22.6,44.2,1.76,25.15,0.99974,0.040,163.94,25.19,14,2
5.536,hall_mission,9x4.5,pi5,0.019,-0.013,0.033,0.012,0.011,-0.002,0.016,0.01,-0.08,94.97,0.0501,0.0534,0.1517,0.1460,2886,3.675,93.7,19.3,24.1,22.6,46.7,1.86,25.14,0.99973,0.040,155.04,25.19,14,2
5.584,hall_mission,9x4.5,pi5,0.019,-0.012,0.032,0.013,0.011,-0.002,0.017,0.01,-0.08,94.97,0.0572,0.0606,0.1593,0.1527,2990,3.929,100.2,21.2,26.5,22.6,49.1,1.95,25.14,0.99973,0.041,147.40,25.19,14,2
5.632,hall_mission,9x4.5,pi5,0.020,-0.011,0.031,0.014,0.012,-0.002,0.018,0.01,-0.08,94.97,0.0646,0.0680,0.1667,0.1602,3097,4.201,107.1,23.3,29.2,22.6,51.8,2.06,25.14,0.99972,0.042,139.76,25.19,14,2
5.684,hall_mission,9x4.5,pi5,0.021,-0.011,0.030,0.015,0.012,-0.002,0.019,0.01,-0.08,94.97,0.0718,0.0762,0.1743,0.1678,3208,4.492,114.5,25.7,32.1,22.6,54.7,2.18,25.13,0.99972,0.043,132.22,25.19,14,2
5.736,hall_mission,9x4.5,pi5,0.022,-0.010,0.029,0.016,0.012,-0.003,0.020,0.00,-0.08,94.97,0.0814,0.0850,0.1837,0.1769,3342,4.857,123.8,28.8,36.0,22.6,58.6,2.33,25.13,0.99971,0.043,123.55,25.19,14,2
5.784,hall_mission,9x4.5,pi5,0.023,-0.009,0.028,0.017,0.012,-0.003,0.021,0.00,-0.08,94.97,0.0893,0.0933,0.1922,0.1848,3460,5.192,132.4,31.7,39.6,22.6,62.2,2.48,25.12,0.99971,0.044,116.28,25.19,14,2
5.832,hall_mission,9x4.5,pi5,0.024,-0.009,0.026,0.018,0.013,-0.003,0.022,-0.00,-0.08,94.97,0.0975,0.1020,0.2009,0.1929,3582,5.550,141.5,34.9,43.6,22.6,66.2,2.64,25.12,0.99970,0.045,109.21,25.19,14,2
5.884,hall_mission,9x4.5,pi5,0.024,-0.008,0.025,0.019,0.013,-0.004,0.023,-0.00,-0.08,94.97,0.1067,0.1102,0.2095,0.2017,3708,5.932,151.2,38.4,48.0,22.6,70.6,2.81,25.11,0.99969,0.046,102.35,25.19,14,2
5.936,hall_mission,9x4.5,pi5,0.026,-0.007,0.024,0.019,0.014,-0.004,0.024,-0.00,-0.08,94.97,0.1160,0.1208,0.2211,0.2116,3859,6.410,163.4,43.1,53.8,22.6,76.4,3.04,25.11,0.99969,0.047,94.58,25.19,14,2
5.984,hall_mission,9x4.5,pi5,0.026,-0.007,0.023,0.020,0.014,-0.004,0.025,-0.01,-0.08,94.97,0.1240,0.1298,0.2316,0.2210,3992,6.853,174.7,47.5,59.4,22.6,82.0,3.27,25.10,0.99968,0.048,88.12,25.19,14,2
6.036,hall_mission,9x4.5,pi5,0.027,-0.006,0.022,0.021,0.014,-0.005,0.026,-0.01,-0.08,94.97,0.1322,0.1384,0.2430,0.2305,4129,7.325,186.7,52.5,65.6,22.6,88.2,3.51,25.09,0.99967,0.050,81.93,25.19,14,2
6.084,hall_mission,9x4.5,pi5,0.028,-0.005,0.021,0.022,0.014,-0.005,0.026,-0.01,-0.08,94.97,0.1410,0.1470,0.2536,0.2415,4270,7.828,199.6,57.9,72.4,22.6,95.0,3.79,25.08,0.99966,0.051,76.05,25.19,14,2
6.132,hall_mission,9x4.5,pi5,0.029,-0.005,0.021,0.022,0.015,-0.005,0.027,-0.01,-0.08,94.97,0.1498,0.1561,0.2654,0.2519,4415,8.362,213.2,63.9,79.8,22.6,102.4,4.08,25.07,0.99965,0.052,70.48,25.19,14,2
6.184,hall_mission,9x4.5,pi5,0.029,-0.005,0.020,0.022,0.014,-0.005,0.027,-0.01,-0.08,94.97,0.1603,0.1670,0.2786,0.2651,4589,9.024,230.0,71.5,89.4,22.6,112.0,4.47,25.06,0.99964,0.054,64.44,25.19,14,2
6.236,hall_mission,9x4.5,pi5,0.030,-0.004,0.020,0.022,0.014,-0.005,0.027,-0.01,-0.08,94.97,0.1693,0.1766,0.2908,0.2765,4742,9.630,245.5,78.8,98.5,22.6,121.1,4.83,25.05,0.99963,0.056,59.57,25.19,14,2
6.276,hall_mission,9x4.5,pi5,0.030,-0.004,0.019,0.022,0.014,-0.005,0.027,-0.01,-0.08,94.97,0.1771,0.1848,0.3011,0.2861,4872,10.161,259.0,85.3,106.6,22.6,129.2,5.16,25.04,0.99962,0.057,55.78,25.19,14,2
6.328,hall_mission,9x4.5,pi5,0.030,-0.004,0.019,0.022,0.014,-0.006,0.027,-0.01,-0.08,94.97,0.1888,0.1964,0.3155,0.2999,5058,10.945,279.0,95.2,119.1,22.6,141.7,5.66,25.03,0.99961,0.059,50.86,25.19,14,2
6.380,hall_mission,9x4.5,pi5,0.030,-0.004,0.018,0.022,0.013,-0.006,0.026,-0.01,-0.07,94.96,0.1988,0.2066,0.3282,0.3121,5222,11.658,297.2,104.6,130.8,22.6,153.4,6.13,25.01,0.99959,0.061,46.94,25.19,14,2
6.428,hall_mission,9x4.5,pi5,0.030,-0.004,0.018,0.022,0.013,-0.006,0.026,-0.00,-0.08,94.96,0.2089,0.2174,0.3413,0.3244,5390,12.411,316.4,114.8,143.5,22.6,166.1,6.65,25.00,0.99958,0.064,43.31,25.19,14,2
6.476,hall_mission,9x4.5,pi5,0.030,-0.004,0.017,0.022,0.013,-0.006,0.026,-0.00,-0.07,94.96,0.2191,0.2286,0.3543,0.3373,5561,13.202,336.6,125.9,157.3,22.6,179.9,7.20,24.98,0.99956,0.066,39.96,25.19,14,2
6.528,hall_mission,9x4.5,pi5,0.030,-0.004,0.017,0.021,0.013,-0.006,0.025,-0.00,-0.07,94.96,0.2317,0.2416,0.3699,0.3525,5765,14.180,361.5,140.0,175.0,22.6,197.6,7.92,24.96,0.99954,0.069,36.36,25.19,14,2
6.576,hall_mission,9x4.5,pi5,0.029,-0.005,0.016,0.021,0.012,-0.006,0.025,0.00,-0.07,94.95,0.2431,0.2526,0.3837,0.3656,5944,15.064,384.0,153.1,191.4,22.6,214.0,8.58,24.94,0.99952,0.072,33.54,25.19,14,2
6.628,hall_mission,9x4.5,pi5,0.029,-0.005,0.016,0.021,0.012,-0.006,0.024,0.00,-0.07,94.95,0.2539,0.2644,0.3975,0.3795,6126,15.995,407.8,167.4,209.3,22.6,231.9,9.31,24.92,0.99950,0.075,30.93,25.19,14,2
6.676,hall_mission,9x4.5,pi5,0.029,-0.005,0.015,0.020,0.011,-0.006,0.024,0.00,-0.07,94.95,0.2655,0.2763,0.4115,0.3935,6313,16.974,432.7,182.9,228.6,22.6,251.2,10.09,24.89,0.99948,0.078,28.52,25.19,14,2
6.728,hall_mission,9x4.5,pi5,0.029,-0.006,0.015,0.020,0.011,-0.006,0.024,0.00,-0.07,94.95,0.2792,0.2907,0.4289,0.4092,6535,18.176,463.4,202.5,253.1,22.6,275.7,11.09,24.86,0.99945,0.082,25.96,25.19,14,2
6.776,hall_mission,9x4.5,pi5,0.029,-0.007,0.015,0.020,0.010,-0.006,0.023,0.00,-0.07,94.95,0.2909,0.3036,0.4435,0.4239,6730,19.266,491.1,220.8,276.0,22.6,298.6,12.02,24.83,0.99943,0.086,23.94,25.19,14,2
6.828,hall_mission,9x4.5,pi5,0.029,-0.007,0.015,0.020,0.009,-0.006,0.023,0.00,-0.07,94.95,0.3034,0.3160,0.4585,0.4386,6928,20.407,520.2,240.5,300.7,22.6,323.3,13.03,24.80,0.99940,0.091,22.08,25.19,14,2
6.880,hall_mission,9x4.5,pi5,0.030,-0.008,0.015,0.021,0.009,-0.005,0.023,0.00,-0.07,94.94,0.3178,0.3317,0.4762,0.4560,7164,21.808,556.0,265.5,331.9,22.6,354.5,14.31,24.77,0.99936,0.096,20.11,25.18,14,2
6.928,hall_mission,9x4.5,pi5,0.030,-0.009,0.015,0.021,0.008,-0.005,0.023,0.00,-0.06,94.94,0.3308,0.3449,0.4920,0.4708,7370,23.071,588.1,288.7,360.8,22.6,383.4,15.51,24.73,0.99933,0.101,18.56,25.18,14,2
6.980,hall_mission,9x4.5,pi5,0.031,-0.010,0.015,0.022,0.007,-0.005,0.024,-0.00,-0.06,94.94,0.3435,0.3587,0.5076,0.4866,7580,24.393,621.9,313.7,392.1,22.6,414.7,16.79,24.69,0.99929,0.107,17.13,25.18,14,2
7.028,hall_mission,9x4.5,pi5,0.032,-0.011,0.015,0.022,0.007,-0.005,0.024,-0.00,-0.06,94.94,0.3558,0.3737,0.5239,0.5020,7794,25.776,657.1,340.5,425.6,22.6,448.2,18.18,24.65,0.99925,0.113,15.82,25.18,14,2
7.076,hall_mission,9x4.5,pi5,0.033,-0.012,0.016,0.023,0.006,-0.005,0.024,-0.00,-0.06,94.93,0.3647,0.3819,0.5350,0.5127,7934,26.713,681.0,359.2,449.0,22.6,471.6,19.15,24.62,0.99920,0.119,15.02,25.18,14,2
7.128,hall_mission,9x4.5,pi5,0.033,-0.012,0.016,0.023,0.005,-0.005,0.024,-0.00,-0.06,94.93,0.3688,0.3870,0.5406,0.5190,8011,27.231,694.2,369.6,462.1,22.6,484.7,19.70,24.60,0.99916,0.126,14.60,25.18,14,2
7.180,hall_mission,9x4.5,pi5,0.034,-0.013,0.016,0.021,-0.002,-0.006,0.022,0.02,-0.05,94.83,0.3771,0.3923,0.5400,0.5230,8072,27.604,703.7,376.4,470.5,22.6,493.1,20.05,24.59,0.99911,0.134,14.35,25.18,14,2
7.228,hall_mission,9x4.5,pi5,0.034,-0.014,0.016,0.019,-0.007,-0.008,0.021,0.06,-0.06,94.68,0.3878,0.3999,0.5353,0.5254,8131,27.930,712.0,381.7,477.1,22.6,499.7,20.33,24.58,0.99906,0.140,14.15,25.18,14,2
7.276,hall_mission,9x4.5,pi5,0.033,-0.015,0.015,0.012,-0.012,-0.012,0.021,0.18,-0.07,94.31,0.4024,0.4080,0.5301,0.5237,8188,28.236,719.8,386.2,482.7,22.6,505.3,20.56,24.58,0.99902,0.147,13.99,25.18,14,2
7.328,hall_mission,9x4.5,pi5,0.033,-0.016,0.014,0.009,-0.014,-0.015,0.022,0.30,-0.09,93.96,0.4213,0.4184,0.5169,0.5243,8248,28.546,727.7,390.5,488.1,22.6,510.7,20.79,24.57,0.99897,0.154,13.84,25.18,14,2
7.380,hall_mission,9x4.5,pi5,0.031,-0.018,0.013,0.005,-0.013,-0.024,0.028,0.52,-0.11,93.23,0.4388,0.4356,0.5091,0.5087,8289,28.715,732.0,391.7,489.6,22.6,512.2,20.85,24.57,0.99892,0.162,13.79,25.18,14,2
7.428,hall_mission,9x4.5,pi5,0.030,-0.019,0.011,0.001,-0.012,-0.034,0.036,0.62,-0.13,92.62,0.4546,0.4535,0.4958,0.4967,8320,28.854,735.6,393.0,491.3,22.6,513.9,20.92,24.56,0.99887,0.169,13.75,25.18,14,2
7.476,hall_mission,9x4.5,pi5,0.028,-0.020,0.008,-0.007,-0.011,-0.053,0.054,0.73,-0.14,91.59,0.4702,0.4699,0.4825,0.4843,8343,28.980,738.8,394.9,493.6,22.6,516.2,21.02,24.56,0.99882,0.175,13.68,25.18,14,2
7.528,hall_mission,9x4.5,pi5,0.026,-0.021,0.005,-0.013,-0.010,-0.066,0.068,0.76,-0.14,90.87,0.4850,0.4856,0.4708,0.4714,8364,29.128,742.6,397.9,497.4,22.6,520.0,21.18,24.55,0.99877,0.183,13.58,25.18,14,2
7.580,hall_mission,9x4.5,pi5,0.022,-0.022,-0.001,-0.020,-0.009,-0.085,0.088,0.76,-0.14,89.83,0.4974,0.4971,0.4609,0.4612,8378,29.247,745.6,400.9,501.1,22.6,523.7,21.33,24.55,0.99872,0.191,13.48,25.18,14,2
7.628,hall_mission,9x4.5,pi5,0.020,-0.022,-0.005,-0.025,-0.008,-0.100,0.103,0.73,-0.14,89.18,0.5052,0.5054,0.4544,0.4547,8389,29.352,748.3,403.6,504.5,22.6,527.1,21.47,24.55,0.99867,0.198,13.39,25.18,14,2
7.676,hall_mission,9x4.5,pi5,0.016,-0.023,-0.013,-0.031,-0.006,-0.124,0.128,0.67,-0.14,88.35,0.5107,0.5101,0.4505,0.4506,8397,29.434,750.4,405.7,507.2,22.6,529.8,21.59,24.54,0.99862,0.205,13.32,25.18,14,2
7.728,hall_mission,9x4.5,pi5,0.013,-0.024,-0.019,-0.035,-0.005,-0.139,0.144,0.61,-0.15,87.89,0.5132,0.5130,0.4487,0.4496,8406,29.508,752.3,407.5,509.4,22.6,532.0,21.68,24.54,0.99857,0.212,13.26,25.18,14,2
7.780,hall_mission,9x4.5,pi5,0.009,-0.025,-0.028,-0.039,-0.004,-0.160,0.165,0.52,-0.16,87.37,0.5131,0.5131,0.4503,0.4498,8413,29.553,753.4,408.4,510.5,22.6,533.1,21.73,24.54,0.99852,0.220,13.23,25.18,14,2
7.828,hall_mission,9x4.5,pi5,0.006,-0.025,-0.035,-0.041,-0.004,-0.175,0.179,0.45,-0.16,87.14,0.5114,0.5112,0.4525,0.4530,8420,29.588,754.3,408.9,511.1,22.6,533.7,21.75,24.54,0.99847,0.227,13.22,25.18,14,2
7.876,hall_mission,9x4.5,pi5,0.002,-0.026,-0.048,-0.043,-0.002,-0.198,0.203,0.35,-0.18,86.94,0.5078,0.5085,0.4573,0.4561,8425,29.608,754.8,408.9,511.1,22.6,533.7,21.76,24.53,0.99842,0.234,13.21,25.18,14,2
7.928,hall_mission,9x4.5,pi5,-0.001,-0.026,-0.056,-0.044,-0.002,-0.212,0.217,0.29,-0.19,86.90,0.5034,0.5041,0.4616,0.4621,8431,29.628,755.3,408.9,511.2,22.6,533.8,21.76,24.53,0.99837,0.242,13.21,25.18,14,2
7.980,hall_mission,9x4.5,pi5,-0.004,-0.027,-0.069,-0.043,-0.001,-0.232,0.236,0.19,-0.20,86.95,0.4991,0.4989,0.4669,0.4677,8435,29.645,755.7,408.9,511.2,22.6,533.8,21.76,24.53,0.99832,0.250,13.21,25.18,14,2
8.028,hall_mission,9x4.5,pi5,-0.006,-0.027,-0.079,-0.042,0.000,-0.246,0.250,0.14,-0.21,87.04,0.4946,0.4946,0.4723,0.4723,8440,29.666,756.3,409.1,511.4,22.6,534.0,21.77,24.53,0.99827,0.257,13.20,25.18,14,2
8.076,hall_mission,9x4.5,pi5,-0.009,-0.028,-0.096,-0.040,0.001,-0.268,0.271,0.07,-0.22,87.23,0.4905,0.4907,0.4772,0.4767,8445,29.695,757.0,409.6,512.0,22.6,534.6,21.79,24.53,0.99822,0.264,13.19,25.18,14,2
8.128,hall_mission,9x4.5,pi5,-0.011,-0.028,-0.107,-0.038,0.002,-0.281,0.283,0.02,-0.22,87.38,0.4867,0.4871,0.4821,0.4808,8450,29.729,757.9,410.2,512.8,22.6,535.4,21.83,24.53,0.99817,0.272,13.17,25.18,14,2
8.180,hall_mission,9x4.5,pi5,-0.013,-0.028,-0.124,-0.035,0.003,-0.299,0.301,-0.03,-0.23,87.61,0.4840,0.4839,0.4856,0.4843,8455,29.759,758.6,410.8,513.5,22.6,536.1,21.86,24.53,0.99812,0.279,13.15,25.18,14,2
8.228,hall_mission,9x4.5,pi5,-0.014,-0.028,-0.137,-0.032,0.004,-0.311,0.313,-0.06,-0.23,87.76,0.4817,0.4823,0.4878,0.4872,8459,29.790,759.4,411.5,514.4,22.6,537.0,21.89,24.53,0.99807,0.287,13.12,25.18,14,2
8.276,hall_mission,9x4.5,pi5,-0.016,-0.028,-0.158,-0.027,0.005,-0.331,0.332,-0.09,-0.23,87.96,0.4810,0.4808,0.4893,0.4893,8464,29.823,760.3,412.2,515.3,22.6,537.9,21.93,24.53,0.99802,0.294,13.10,25.18,14,2
8.328,hall_mission,9x4.5,pi5,-0.016,-0.028,-0.172,-0.024,0.006,-0.343,0.344,-0.11,-0.23,88.07,0.4806,0.4801,0.4907,0.4903,8469,29.860,761.2,413.0,516.2,22.6,538.8,21.97,24.52,0.99797,0.302,13.08,25.18,14,2
8.380,hall_mission,9x4.5,pi5,-0.016,-0.028,-0.192,-0.019,0.008,-0.359,0.360,-0.12,-0.23,88.21,0.4801,0.4809,0.4915,0.4904,8473,29.888,761.9,413.6,517.0,22.6,539.6,22.00,24.52,0.99791,0.309,13.06,25.18,14,2
8.428,hall_mission,9x4.5,pi5,-0.016,-0.027,-0.207,-0.016,0.008,-0.371,0.371,-0.13,-0.23,88.27,0.4810,0.4811,0.4908,0.4910,8476,29.913,762.6,414.1,517.6,22.6,540.2,22.03,24.52,0.99786,0.317,13.04,25.18,14,2
8.480,hall_mission,9x4.5,pi5,-0.015,-0.026,-0.232,-0.011,0.010,-0.389,0.389,-0.12,-0.22,88.33,0.4823,0.4819,0.4904,0.4904,8480,29.941,763.3,414.6,518.3,22.6,540.9,22.06,24.52,0.99781,0.324,13.02,25.18,14,2
8.528,hall_mission,9x4.5,pi5,-0.014,-0.026,-0.249,-0.008,0.011,-0.400,0.401,-0.12,-0.22,88.36,0.4832,0.4832,0.4897,0.4897,8483,29.960,763.8,415.0,518.8,22.6,541.4,22.08,24.52,0.99776,0.332,13.01,25.18,14,2
8.580,hall_mission,9x4.5,pi5,-0.014,-0.025,-0.272,-0.004,0.012,-0.416,0.416,-0.10,-0.21,88.37,0.4842,0.4846,0.4886,0.4891,8486,29.977,764.2,415.4,519.2,22.6,541.8,22.10,24.52,0.99771,0.339,13.00,25.18,14,2
8.628,hall_mission,9x4.5,pi5,-0.014,-0.024,-0.290,-0.002,0.012,-0.427,0.427,-0.08,-0.20,88.37,0.4857,0.4853,0.4880,0.4879,8487,29.989,764.5,415.6,519.5,22.6,542.1,22.11,24.52,0.99766,0.347,12.99,25.18,14,2
8.680,hall_mission,9x4.5,pi5,-0.013,-0.023,-0.319,0.001,0.013,-0.444,0.444,-0.06,-0.18,88.37,0.4867,0.4866,0.4868,0.4876,8490,30.010,765.1,416.1,520.1,22.6,542.7,22.14,24.52,0.99761,0.354,12.97,25.18,14,2
8.728,hall_mission,9x4.5,pi5,-0.013,-0.022,-0.337,0.002,0.014,-0.454,0.454,-0.05,-0.17,88.36,0.4871,0.4880,0.4869,0.4865,8493,30.031,765.6,416.5,520.6,22.6,543.2,22.16,24.52,0.99756,0.362,12.96,25.18,14,2
8.780,hall_mission,9x4.5,pi5,-0.013,-0.021,-0.363,0.004,0.014,-0.468,0.468,-0.03,-0.16,88.36,0.4887,0.4879,0.4863,0.4864,8496,30.049,766.0,416.9,521.1,22.6,543.7,22.18,24.51,0.99750,0.370,12.95,25.18,14,2
8.828,hall_mission,9x4.5,pi5,-0.013,-0.020,-0.382,0.004,0.015,-0.478,0.478,-0.02,-0.15,88.37,0.4889,0.4887,0.4860,0.4864,8499,30.070,766.6,417.3,521.6,22.6,544.2,22.20,24.51,0.99745,0.377,12.93,25.18,14,2
8.876,hall_mission,9x4.5,pi5,-0.014,-0.019,-0.413,0.005,0.015,-0.493,0.493,-0.01,-0.14,88.38,0.4894,0.4890,0.4861,0.4864,8502,30.089,767.1,417.7,522.1,22.6,544.7,22.22,24.51,0.99741,0.384,12.92,25.17,14,2
8.928,hall_mission,9x4.5,pi5,-0.015,-0.018,-0.433,0.005,0.015,-0.502,0.502,-0.01,-0.13,88.40,0.4902,0.4886,0.4864,0.4866,8505,30.114,767.7,418.2,522.8,22.6,545.4,22.25,24.51,0.99735,0.392,12.90,25.17,14,2
8.976,hall_mission,9x4.5,pi5,-0.015,-0.016,-0.462,0.005,0.015,-0.515,0.515,-0.01,-0.12,88.44,0.4894,0.4892,0.4867,0.4870,8507,30.131,768.1,418.6,523.2,22.6,545.8,22.27,24.51,0.99730,0.399,12.89,25.17,14,2
9.028,hall_mission,9x4.5,pi5,-0.016,-0.016,-0.482,0.005,0.015,-0.523,0.524,-0.01,-0.11,88.47,0.4895,0.4891,0.4878,0.4868,8510,30.151,768.6,419.0,523.7,22.6,546.3,22.29,24.51,0.99725,0.407,12.88,25.17,14,2
9.076,hall_mission,9x4.5,pi5,-0.017,-0.014,-0.516,0.005,0.015,-0.537,0.538,-0.02,-0.10,88.52,0.4893,0.4891,0.4878,0.4876,8513,30.167,769.0,419.3,524.1,22.6,546.7,22.31,24.51,0.99720,0.414,12.86,25.17,14,2
9.128,hall_mission,9x4.5,pi5,-0.018,-0.014,-0.537,0.005,0.014,-0.546,0.546,-0.03,-0.09,88.55,0.4899,0.4883,0.4878,0.4886,8515,30.184,769.5,419.7,524.6,22.6,547.2,22.33,24.51,0.99715,0.422,12.85,25.17,14,2
9.176,hall_mission,9x4.5,pi5,-0.020,-0.013,-0.568,0.005,0.014,-0.557,0.558,-0.04,-0.08,88.61,0.4886,0.4893,0.4885,0.4887,8517,30.200,769.9,420.0,525.0,22.6,547.6,22.35,24.51,0.99710,0.430,12.84,25.17,14,2
9.228,hall_mission,9x4.5,pi5,-0.021,-0.013,-0.590,0.005,0.013,-0.566,0.566,-0.05,-0.08,88.65,0.4887,0.4889,0.4889,0.4894,8520,30.219,770.4,420.4,525.5,22.6,548.1,22.37,24.50,0.99704,0.438,12.83,25.17,14,2
9.276,hall_mission,9x4.5,pi5,-0.022,-0.012,-0.626,0.005,0.012,-0.578,0.578,-0.07,-0.07,88.71,0.4891,0.4884,0.4898,0.4891,8522,30.233,770.7,420.7,525.9,22.6,548.5,22.38,24.50,0.99699,0.445,12.82,25.17,14,2
9.328,hall_mission,9x4.5,pi5,-0.024,-0.012,-0.648,0.005,0.011,-0.586,0.586,-0.08,-0.07,88.74,0.4888,0.4887,0.4901,0.4894,8524,30.249,771.1,421.0,526.3,22.6,548.9,22.40,24.50,0.99694,0.453,12.81,25.17,14,2
9.380,hall_mission,9x4.5,pi5,-0.025,-0.012,-0.681,0.005,0.010,-0.597,0.597,-0.10,-0.07,88.80,0.4884,0.4891,0.4899,0.4902,8526,30.262,771.5,421.3,526.6,22.6,549.2,22.42,24.50,0.99688,0.461,12.80,25.17,14,2
9.428,hall_mission,9x4.5,pi5,-0.026,-0.012,-0.705,0.005,0.009,-0.604,0.604,-0.11,-0.08,88.83,0.4887,0.4890,0.4899,0.4905,8528,30.278,771.9,421.6,527.1,22.6,549.7,22.43,24.50,0.99683,0.468,12.79,25.17,14,2
9.476,hall_mission,9x4.5,pi5,-0.028,-0.011,-0.743,0.006,0.008,-0.616,0.616,-0.13,-0.08,88.88,0.4890,0.4890,0.4908,0.4897,8530,30.291,772.2,421.9,527.4,22.6,550.0,22.45,24.50,0.99678,0.475,12.78,25.17,14,2
9.528,hall_mission,9x4.5,pi5,-0.029,-0.011,-0.768,0.006,0.008,-0.623,0.623,-0.14,-0.09,88.90,0.4894,0.4891,0.4909,0.4899,8532,30.307,772.6,422.2,527.8,22.6,550.4,22.47,24.50,0.99673,0.483,12.77,25.17,14,2
9.576,hall_mission,9x4.5,pi5,-0.031,-0.011,-0.803,0.007,0.007,-0.632,0.633,-0.16,-0.09,88.94,0.4891,0.4897,0.4904,0.4904,8533,30.315,772.8,422.4,528.0,22.6,550.6,22.48,24.50,0.99668,0.491,12.76,25.17,14,2
9.628,hall_mission,9x4.5,pi5,-0.032,-0.010,-0.828,0.007,0.007,-0.639,0.639,-0.17,-0.10,88.97,0.4899,0.4892,0.4911,0.4899,8535,30.328,773.1,422.7,528.3,22.6,550.9,22.49,24.50,0.99663,0.499,12.75,25.17,14,2
9.680,hall_mission,9x4.5,pi5,-0.034,-0.009,-0.869,0.008,0.008,-0.650,0.650,-0.19,-0.10,89.00,0.4900,0.4896,0.4904,0.4907,8537,30.343,773.5,423.0,528.7,22.6,551.3,22.51,24.50,0.99657,0.507,12.74,25.17,14,2
9.728,hall_mission,9x4.5,pi5,-0.035,-0.008,-0.895,0.008,0.008,-0.656,0.656,-0.20,-0.10,89.03,0.4901,0.4898,0.4903,0.4909,8539,30.354,773.8,423.2,529.0,22.6,551.6,22.52,24.50,0.99652,0.514,12.73,25.17,14,2
9.780,hall_mission,9x4.5,pi5,-0.037,-0.006,-0.931,0.009,0.008,-0.665,0.665,-0.22,-0.10,89.06,0.4903,0.4899,0.4906,0.4908,8541,30.367,774.1,423.5,529.4,22.6,552.0,22.53,24.49,0.99647,0.522,12.72,25.17,14,2
9.828,hall_mission,9x4.5,pi5,-0.037,-0.005,-0.958,0.010,0.008,-0.671,0.671,-0.23,-0.09,89.08,0.4895,0.4912,0.4905,0.4910,8543,30.382,774.5,423.8,529.8,22.6,552.4,22.55,24.49,0.99642,0.529,12.71,25.17,14,2
9.876,hall_mission,9x4.5,pi5,-0.038,-0.004,-1.000,0.012,0.009,-0.680,0.681,-0.25,-0.08,89.10,0.4902,0.4907,0.4911,0.4905,8544,30.391,774.7,424.0,530.0,22.6,552.6,22.56,24.49,0.99637,0.537,12.71,25.17,14,2
11.010,hall_mission,9x4.5,pi5,-0.039,-0.003,-1.027,0.013,0.009,-0.686,0.686,-0.26,-0.07,89.11,0.4834,0.4842,0.4840,0.4841,8447,29.702,757.2,409.7,512.1,22.6,534.7,21.81,24.52,0.99522,0.705,13.13,25.17,14,2
11.058,hall_mission,9x4.5,pi5,-0.039,-0.001,-1.065,0.015,0.009,-0.685,0.686,-0.26,-0.06,89.13,0.4795,0.4792,0.4796,0.4793,8382,29.247,745.6,400.3,500.3,22.6,522.9,21.33,24.52,0.99518,0.712,13.42,25.17,14,2
11.110,hall_mission,9x4.5,pi5,-0.038,0.000,-1.091,0.016,0.009,-0.678,0.678,-0.26,-0.05,89.14,0.4765,0.4764,0.4767,0.4761,8338,28.945,737.9,394.1,492.6,22.6,515.2,21.00,24.53,0.99512,0.719,13.63,25.17,14,2
11.158,hall_mission,9x4.5,pi5,-0.038,0.002,-1.133,0.018,0.009,-0.659,0.659,-0.26,-0.03,89.15,0.4747,0.4747,0.4743,0.4744,8311,28.752,733.0,390.2,487.7,22.6,510.3,20.80,24.54,0.99508,0.726,13.76,25.17,14,2
11.210,hall_mission,9x4.5,pi5,-0.037,0.003,-1.158,0.020,0.009,-0.643,0.644,-0.26,-0.02,89.16,0.4733,0.4735,0.4729,0.4729,8291,28.614,729.5,387.4,484.2,22.6,506.8,20.65,24.54,0.99503,0.734,13.86,25.17,14,2
11.258,hall_mission,9x4.5,pi5,-0.035,0.004,-1.191,0.021,0.008,-0.620,0.620,-0.25,-0.00,89.16,0.4724,0.4731,0.4716,0.4727,8280,28.543,727.7,385.9,482.4,22.6,505.0,20.58,24.54,0.99498,0.740,13.91,25.17,14,2
11.310,hall_mission,9x4.5,pi5,-0.034,0.005,-1.215,0.023,0.008,-0.603,0.603,-0.24,0.01,89.17,0.4727,0.4721,0.4719,0.4713,8274,28.501,726.6,385.1,481.3,22.6,503.9,20.53,24.54,0.99493,0.748,13.94,25.17,14,2
11.358,hall_mission,9x4.5,pi5,-0.032,0.006,-1.250,0.025,0.006,-0.575,0.576,-0.23,0.02,89.17,0.4720,0.4724,0.4713,0.4712,8270,28.474,725.9,384.5,480.6,22.6,503.2,20.50,24.54,0.99489,0.754,13.96,25.17,14,2
11.410,hall_mission,9x4.5,pi5,-0.030,0.006,-1.271,0.027,0.006,-0.558,0.559,-0.21,0.03,89.17,0.4722,0.4721,0.4714,0.4707,8268,28.460,725.5,384.2,480.3,22.6,502.9,20.49,24.54,0.99484,0.762,13.96,25.17,14,2
11.458,hall_mission,9x4.5,pi5,-0.027,0.007,-1.300,0.029,0.005,-0.535,0.536,-0.19,0.03,89.18,0.4719,0.4721,0.4708,0.4712,8267,28.450,725.3,384.0,480.1,22.6,502.7,20.48,24.54,0.99479,0.768,13.97,25.17,14,2
11.510,hall_mission,9x4.5,pi5,-0.025,0.007,-1.319,0.030,0.004,-0.519,0.520,-0.17,0.04,89.19,0.4720,0.4718,0.4706,0.4713,8266,28.442,725.1,383.9,479.8,22.6,502.4,20.47,24.54,0.99474,0.776,13.98,25.17,14,2
11.558,hall_mission,9x4.5,pi5,-0.021,0.007,-1.349,0.032,0.003,-0.494,0.496,-0.13,0.04,89.21,0.4717,0.4718,0.4710,0.4707,8264,28.431,724.8,383.6,479.6,22.6,502.2,20.46,24.54,0.99470,0.782,13.98,25.17,14,2
11.610,hall_mission,9x4.5,pi5,-0.019,0.007,-1.368,0.032,0.002,-0.480,0.481,-0.10,0.04,89.22,0.4717,0.4713,0.4709,0.4706,8262,28.415,724.4,383.3,479.2,22.6,501.8,20.44,24.54,0.99465,0.789,13.99,25.17,14,2
11.658,hall_mission,9x4.5,pi5,-0.015,0.007,-1.392,0.033,0.001,-0.460,0.461,-0.06,0.04,89.24,0.4715,0.4713,0.4709,0.4706,8260,28.406,724.1,383.1,478.9,22.6,501.5,20.44,24.54,0.99460,0.796,14.00,25.17,14,2
11.710,hall_mission,9x4.5,pi5,-0.013,0.007,-1.409,0.033,-0.000,-0.447,0.448,-0.03,0.03,89.26,0.4710,0.4715,0.4711,0.4705,8260,28.403,724.1,383.1,478.8,22.6,501.4,20.43,24.54,0.99455,0.803,14.00,25.17,14,2
11.754,hall_mission,9x4.5,pi5,-0.009,0.007,-1.435,0.033,-0.002,-0.425,0.427,0.00,0.03,89.28,0.4712,0.4710,0.4708,0.4710,8260,28.402,724.0,383.1,478.8,22.6,501.4,20.43,24.54,0.99451,0.810,14.00,25.17,14,2
11.802,hall_mission,9x4.5,pi5,-0.007,0.007,-1.450,0.033,-0.002,-0.413,0.414,0.03,0.02,89.30,0.4714,0.4708,0.4710,0.4710,8260,28.405,724.1,383.1,478.9,22.6,501.5,20.44,24.54,0.99447,0.816,14.00,25.17,14,2
11.854,hall_mission,9x4.5,pi5,-0.005,0.007,-1.471,0.032,-0.003,-0.396,0.397,0.07,0.01,89.33,0.4712,0.4708,0.4706,0.4716,8260,28.406,724.2,383.1,478.9,22.6,501.5,20.44,24.54,0.99442,0.823,13.99,25.17,14,2
11.902,hall_mission,9x4.5,pi5,-0.003,0.007,-1.485,0.031,-0.003,-0.385,0.386,0.09,0.01,89.35,0.4707,0.4711,0.4712,0.4713,8261,28.408,724.2,383.2,479.0,22.6,501.6,20.44,24.54,0.99437,0.830,13.99,25.17,14,2
11.954,hall_mission,9x4.5,pi5,0.000,0.007,-1.506,0.030,-0.004,-0.367,0.369,0.12,-0.00,89.39,0.4705,0.4708,0.4714,0.4712,8260,28.401,724.0,383.0,478.8,22.6,501.4,20.43,24.54,0.99432,0.837,14.00,25.16,14,2
12.002,hall_mission,9x4.5,pi5,0.002,0.007,-1.519,0.028,-0.004,-0.357,0.358,0.13,-0.01,89.42,0.4708,0.4704,0.4710,0.4718,8260,28.401,724.0,383.0,478.8,22.6,501.4,20.43,24.54,0.99428,0.844,13.99,25.16,14,2
12.054,hall_mission,9x4.5,pi5,0.003,0.008,-1.537,0.027,-0.004,-0.343,0.344,0.15,-0.01,89.45,0.4703,0.4707,0.4711,0.4717,8258,28.393,723.8,382.9,478.6,22.6,501.2,20.42,24.54,0.99423,0.851,14.00,25.16,14,2
12.102,hall_mission,9x4.5,pi5,0.004,0.008,-1.549,0.025,-0.003,-0.333,0.334,0.16,-0.02,89.48,0.4702,0.4703,0.4709,0.4719,8257,28.384,723.6,382.7,478.4,22.6,501.0,20.41,24.54,0.99418,0.858,14.00,25.16,14,2
12.146,hall_mission,9x4.5,pi5,0.005,0.009,-1.561,0.024,-0.003,-0.324,0.325,0.17,-0.02,89.51,0.4704,0.4698,0.4711,0.4717,8256,28.373,723.3,382.5,478.1,22.6,500.7,20.40,24.54,0.99414,0.864,14.01,25.16,14,2
12.198,hall_mission,9x4.5,pi5,0.006,0.010,-1.580,0.021,-0.002,-0.310,0.311,0.18,-0.01,89.54,0.4696,0.4702,0.4710,0.4716,8254,28.361,723.0,382.2,477.8,22.6,500.4,20.39,24.54,0.99409,0.871,14.02,25.16,14,2
12.246,hall_mission,9x4.5,pi5,0.006,0.011,-1.591,0.019,-0.001,-0.301,0.302,0.18,-0.01,89.58,0.4696,0.4697,0.4710,0.4715,8252,28.346,722.6,381.9,477.4,22.6,500.0,20.38,24.54,0.99405,0.878,14.03,25.16,14,2
12.298,hall_mission,9x4.5,pi5,0.006,0.012,-1.607,0.017,-0.001,-0.290,0.290,0.18,0.01,89.63,0.4694,0.4696,0.4709,0.4714,8250,28.332,722.3,381.7,477.1,22.6,499.7,20.36,24.54,0.99400,0.885,14.04,25.16,14,2
12.346,hall_mission,9x4.5,pi5,0.006,0.013,-1.618,0.016,-0.000,-0.281,0.282,0.18,0.02,89.65,0.4693,0.4692,0.4715,0.4707,8247,28.316,721.9,381.3,476.7,22.6,499.3,20.35,24.54,0.99395,0.892,14.05,25.16,14,2
12.398,hall_mission,9x4.5,pi5,0.005,0.014,-1.635,0.013,0.000,-0.269,0.269,0.17,0.03,89.69,0.4693,0.4688,0.4707,0.4713,8245,28.301,721.5,381.0,476.3,22.6,498.9,20.33,24.54,0.99390,0.899,14.06,25.16,14,2
12.446,hall_mission,9x4.5,pi5,0.005,0.015,-1.645,0.012,0.000,-0.261,0.261,0.16,0.04,89.71,0.4688,0.4691,0.4707,0.4710,8244,28.291,721.2,380.8,476.0,22.6,498.6,20.32,24.54,0.99386,0.906,14.06,25.16,14,2
12.498,hall_mission,9x4.5,pi5,0.005,0.016,-1.659,0.010,0.001,-0.250,0.250,0.15,0.05,89.73,0.4690,0.4690,0.4708,0.4708,8243,28.289,721.2,380.8,476.0,22.6,498.6,20.32,24.54,0.99381,0.913,14.07,25.16,14,2
12.542,hall_mission,9x4.5,pi5,0.004,0.017,-1.668,0.009,0.001,-0.243,0.243,0.14,0.06,89.74,0.4690,0.4692,0.4706,0.4707,8243,28.288,721.2,380.8,476.0,22.6,498.6,20.32,24.54,0.99377,0.919,14.06,25.16,14,2
12.590,hall_mission,9x4.5,pi5,0.003,0.017,-1.677,0.007,0.001,-0.235,0.235,0.13,0.08,89.74,0.4694,0.4692,0.4703,0.4705,8243,28.286,721.1,380.7,475.9,22.6,498.5,20.32,24.54,0.99372,0.926,14.07,25.16,14,2
12.638,hall_mission,9x4.5,pi5,0.002,0.018,-1.691,0.005,0.000,-0.224,0.225,0.11,0.09,89.74,0.4698,0.4690,0.4702,0.4702,8242,28.281,721.0,380.6,475.8,22.6,498.4,20.31,24.54,0.99368,0.932,14.07,25.16,14,2
12.690,hall_mission,9x4.5,pi5,0.002,0.018,-1.700,0.004,-0.000,-0.218,0.218,0.09,0.10,89.73,0.4696,0.4694,0.4697,0.4699,8240,28.265,720.6,380.3,475.4,22.6,498.0,20.29,24.54,0.99363,0.940,14.08,25.16,14,2
12.738,hall_mission,9x4.5,pi5,0.001,0.019,-1.711,0.003,-0.001,-0.210,0.210,0.07,0.11,89.72,0.4697,0.4693,0.4695,0.4694,8237,28.247,720.1,379.9,474.9,22.6,497.5,20.27,24.54,0.99359,0.946,14.09,25.16,14,2
12.790,hall_mission,9x4.5,pi5,-0.000,0.019,-1.720,0.003,-0.001,-0.203,0.203,0.06,0.11,89.71,0.4694,0.4697,0.4691,0.4691,8236,28.235,719.8,379.7,474.6,22.6,497.2,20.26,24.54,0.99354,0.953,14.10,25.16,14,2
12.838,hall_mission,9x4.5,pi5,-0.002,0.018,-1.732,0.002,-0.002,-0.194,0.194,0.04,0.12,89.69,0.4698,0.4695,0.4684,0.4692,8234,28.226,719.6,379.5,474.4,22.6,497.0,20.25,24.54,0.99349,0.960,14.10,25.16,14,2
12.890,hall_mission,9x4.5,pi5,-0.003,0.018,-1.740,0.002,-0.003,-0.188,0.188,0.03,0.12,89.68,0.4693,0.4702,0.4685,0.4687,8233,28.220,719.4,379.4,474.2,22.6,496.8,20.25,24.54,0.99344,0.967,14.11,25.16,14,2
12.938,hall_mission,9x4.5,pi5,-0.004,0.017,-1.750,0.001,-0.004,-0.180,0.180,0.01,0.12,89.67,0.4700,0.4696,0.4684,0.4685,8232,28.213,719.2,379.2,474.1,22.6,496.7,20.24,24.54,0.99340,0.974,14.11,25.16,14,2
12.990,hall_mission,9x4.5,pi5,-0.004,0.017,-1.758,0.001,-0.005,-0.174,0.175,-0.00,0.11,89.66,0.4703,0.4692,0.4682,0.4685,8231,28.207,719.1,379.1,473.9,22.6,496.5,20.23,24.54,0.99335,0.981,14.11,25.16,14,2
13.038,hall_mission,9x4.5,pi5,-0.006,0.016,-1.769,0.002,-0.006,-0.166,0.166,-0.02,0.11,89.66,0.4697,0.4697,0.4681,0.4685,8231,28.201,718.9,379.0,473.8,22.6,496.4,20.23,24.54,0.99330,0.988,14.12,25.16,14,2
13.090,hall_mission,9x4.5,pi5,-0.006,0.015,-1.775,0.002,-0.007,-0.161,0.161,-0.03,0.10,89.66,0.4698,0.4695,0.4683,0.4682,8230,28.196,718.8,378.9,473.6,22.6,496.2,20.22,24.54,0.99326,0.995,14.12,25.16,14,2
13.138,hall_mission,9x4.5,pi5,-0.007,0.014,-1.784,0.002,-0.008,-0.154,0.154,-0.04,0.09,89.66,0.4697,0.4693,0.4683,0.4683,8229,28.190,718.6,378.8,473.5,22.6,496.1,20.22,24.54,0.99321,1.001,14.12,25.16,14,2
13.186,hall_mission,9x4.5,pi5,-0.007,0.013,-1.790,0.003,-0.008,-0.149,0.149,-0.05,0.08,89.66,0.4696,0.4692,0.4681,0.4686,8228,28.186,718.5,378.7,473.4,22.6,496.0,20.21,24.54,0.99317,1.008,14.13,25.16,14,2
13.238,hall_mission,9x4.5,pi5,-0.008,0.012,-1.800,0.003,-0.009,-0.142,0.142,-0.05,0.07,89.67,0.4690,0.4693,0.4681,0.4685,8226,28.172,718.2,378.4,473.0,22.6,495.6,20.20,24.54,0.99312,1.015,14.14,25.16,14,2
13.290,hall_mission,9x4.5,pi5,-0.008,0.011,-1.806,0.003,-0.009,-0.138,0.138,-0.06,0.06,89.67,0.4691,0.4686,0.4681,0.4682,8224,28.153,717.7,378.0,472.6,22.6,495.2,20.18,24.54,0.99307,1.022,14.15,25.16,14,2
13.338,hall_mission,9x4.5,pi5,-0.009,0.010,-1.815,0.004,-0.009,-0.132,0.132,-0.06,0.04,89.68,0.4687,0.4685,0.4682,0.4680,8221,28.138,717.3,377.7,472.2,22.6,494.8,20.16,24.54,0.99302,1.029,14.16,25.16,14,2
13.390,hall_mission,9x4.5,pi5,-0.009,0.009,-1.821,0.004,-0.009,-0.127,0.128,-0.06,0.03,89.68,0.4685,0.4682,0.4684,0.4677,8219,28.122,716.9,377.4,471.8,22.6,494.4,20.15,24.54,0.99297,1.036,14.17,25.16,14,2
13.438,hall_mission,9x4.5,pi5,-0.010,0.008,-1.830,0.004,-0.009,-0.121,0.121,-0.07,0.02,89.69,0.4680,0.4683,0.4683,0.4677,8217,28.107,716.5,377.1,471.4,22.6,494.0,20.13,24.54,0.99293,1.043,14.18,25.16,14,2
13.490,hall_mission,9x4.5,pi5,-0.010,0.007,-1.836,0.005,-0.008,-0.117,0.117,-0.07,0.01,89.70,0.4425,0.5197,0.4420,0.5112,8373,29.306,747.1,403.9,504.9,22.6,527.5,21.54,24.49,0.99288,1.050,13.25,25.16,14,2
13.538,hall_mission,9x4.5,pi5,-0.010,0.006,-1.844,0.006,-0.007,-0.131,0.131,-0.04,-0.68,89.72,0.4849,0.4871,0.4632,0.4632,8311,28.770,733.4,390.8,488.4,22.6,511.0,20.85,24.51,0.99283,1.057,13.69,25.16,14,2
13.590,hall_mission,9x4.5,pi5,-0.010,0.006,-1.850,0.006,0.002,-0.142,0.142,0.02,-2.14,89.75,0.4930,0.4852,0.4553,0.4489,8254,28.394,723.9,383.5,479.4,22.6,502.0,20.47,24.53,0.99278,1.064,13.94,25.16,14,2
13.638,hall_mission,9x4.5,pi5,-0.009,0.007,-1.861,0.006,0.037,-0.145,0.149,0.14,-4.54,89.87,0.4932,0.4834,0.4542,0.4410,8216,28.139,717.4,378.5,473.2,22.6,495.8,20.21,24.53,0.99274,1.071,14.12,25.16,14,2
13.690,hall_mission,9x4.5,pi5,-0.008,0.009,-1.867,0.005,0.071,-0.140,0.157,0.21,-6.05,90.02,0.4916,0.4782,0.4541,0.4414,8192,27.971,713.1,375.1,468.8,22.6,491.4,20.03,24.54,0.99269,1.078,14.25,25.16,14,2
13.738,hall_mission,9x4.5,pi5,-0.007,0.015,-1.876,0.003,0.130,-0.129,0.183,0.28,-7.49,90.30,0.4859,0.4752,0.4568,0.4456,8185,27.912,711.6,373.6,467.0,22.6,489.6,19.95,24.54,0.99265,1.084,14.30,25.16,14,2
13.790,hall_mission,9x4.5,pi5,-0.006,0.022,-1.882,0.002,0.178,-0.119,0.214,0.30,-8.21,90.55,0.4791,0.4716,0.4604,0.4527,8186,27.907,711.4,373.3,466.6,22.6,489.2,19.93,24.54,0.99260,1.092,14.31,25.16,14,2
13.838,hall_mission,9x4.5,pi5,-0.005,0.038,-1.890,-0.001,0.258,-0.103,0.278,0.30,-8.86,90.98,0.4736,0.4674,0.4652,0.4592,8192,27.941,712.3,373.8,467.3,22.6,489.9,19.96,24.54,0.99255,1.098,14.29,25.16,14,2
13.890,hall_mission,9x4.5,pi5,-0.003,0.051,-1.894,-0.003,0.309,-0.093,0.323,0.28,-9.08,91.28,0.4680,0.4640,0.4700,0.4662,8203,28.011,714.1,375.2,469.0,22.6,491.6,20.03,24.54,0.99250,1.105,14.24,25.16,14,2
13.938,hall_mission,9x4.5,pi5,-0.002,0.074,-1.900,-0.005,0.380,-0.081,0.388,0.25,-9.15,91.72,0.4643,0.4608,0.4745,0.4712,8212,28.075,715.7,376.5,470.6,22.6,493.2,20.10,24.53,0.99246,1.112,14.19,25.16,14,2
13.990,hall_mission,9x4.5,pi5,-0.000,0.092,-1.903,-0.007,0.428,-0.073,0.434,0.22,-9.08,91.98,0.4603,0.4592,0.4776,0.4759,8220,28.133,717.2,377.8,472.2,22.6,494.8,20.17,24.53,0.99241,1.119,14.14,25.16,14,2
14.038,hall_mission,9x4.5,pi5,0.001,0.127,-1.908,-0.010,0.500,-0.063,0.504,0.19,-8.85,92.34,0.4584,0.4580,0.4796,0.4787,8226,28.179,718.4,378.8,473.4,22.6,496.0,20.22,24.53,0.99237,1.126,14.11,25.16,14,2
14.090,hall_mission,9x4.5,pi5,0.002,0.151,-1.910,-0.011,0.542,-0.058,0.545,0.17,-8.64,92.52,0.4575,0.4576,0.4810,0.4803,8232,28.223,719.5,379.7,474.6,22.6,497.2,20.27,24.53,0.99232,1.133,14.07,25.16,14,2
14.138,hall_mission,9x4.5,pi5,0.004,0.187,-1.914,-0.013,0.595,-0.052,0.598,0.15,-8.28,92.73,0.4575,0.4581,0.4802,0.4814,8235,28.245,720.0,380.1,475.1,22.6,497.7,20.29,24.53,0.99227,1.139,14.05,25.16,14,2
14.190,hall_mission,9x4.5,pi5,0.004,0.215,-1.916,-0.014,0.629,-0.049,0.631,0.15,-8.03,92.81,0.4582,0.4596,0.4793,0.4809,8237,28.259,720.4,380.4,475.5,22.6,498.1,20.31,24.53,0.99222,1.147,14.04,25.16,14,2
14.238,hall_mission,9x4.5,pi5,0.006,0.262,-1.920,-0.016,0.678,-0.044,0.680,0.15,-7.65,92.88,0.4598,0.4611,0.4779,0.4797,8239,28.268,720.6,380.5,475.6,22.6,498.2,20.31,24.53,0.99218,1.153,14.04,25.16,14,2
14.290,hall_mission,9x4.5,pi5,0.006,0.292,-1.922,-0.017,0.705,-0.042,0.706,0.16,-7.40,92.88,0.4617,0.4631,0.4765,0.4773,8240,28.269,720.7,380.5,475.6,22.6,498.2,20.31,24.52,0.99213,1.160,14.04,25.16,14,2
14.338,hall_mission,9x4.5,pi5,0.007,0.336,-1.924,-0.017,0.737,-0.040,0.738,0.17,-7.06,92.86,0.4630,0.4655,0.4743,0.4756,8239,28.264,720.5,380.3,475.4,22.6,498.0,20.31,24.52,0.99208,1.167,14.04,25.16,14,2
14.390,hall_mission,9x4.5,pi5,0.008,0.368,-1.926,-0.018,0.757,-0.039,0.758,0.19,-6.84,92.81,0.4653,0.4674,0.4721,0.4736,8239,28.260,720.4,380.2,475.3,22.6,497.9,20.30,24.52,0.99204,1.174,14.05,25.16,14,2
14.438,hall_mission,9x4.5,pi5,0.010,0.420,-1.929,-0.017,0.783,-0.037,0.784,0.21,-6.56,92.69,0.4673,0.4691,0.4701,0.4717,8238,28.255,720.3,380.1,475.1,22.6,497.7,20.30,24.52,0.99199,1.181,14.05,25.16,14,2
14.490,hall_mission,9x4.5,pi5,0.011,0.453,-1.930,-0.017,0.797,-0.036,0.798,0.23,-6.39,92.59,0.4684,0.4716,0.4684,0.4695,8238,28.252,720.2,380.0,475.0,22.6,497.6,20.29,24.52,0.99194,1.188,14.05,25.16,14,2
14.538,hall_mission,9x4.5,pi5,0.013,0.499,-1.932,-0.016,0.813,-0.035,0.814,0.26,-6.17,92.44,0.4698,0.4733,0.4670,0.4679,8238,28.251,720.2,380.0,475.0,22.6,497.6,20.29,24.52,0.99190,1.195,14.05,25.16,14,2
14.590,hall_mission,9x4.5,pi5,0.014,0.531,-1.934,-0.016,0.822,-0.034,0.823,0.28,-6.05,92.34,0.4720,0.4739,0.4653,0.4668,8238,28.254,720.3,380.1,475.1,22.6,497.7,20.30,24.52,0.99185,1.202,14.05,25.16,14,2
14.638,hall_mission,9x4.5,pi5,0.016,0.584,-1.936,-0.015,0.835,-0.033,0.836,0.33,-5.90,92.20,0.4727,0.4749,0.4640,0.4665,8238,28.256,720.3,380.1,475.2,22.6,497.8,20.30,24.52,0.99180,1.209,14.04,25.16,14,2
14.690,hall_mission,9x4.5,pi5,0.017,0.617,-1.937,-0.015,0.842,-0.032,0.842,0.35,-5.82,92.13,0.4735,0.4750,0.4641,0.4654,8238,28.254,720.3,380.1,475.1,22.6,497.7,20.30,24.52,0.99175,1.216,14.04,25.16,14,2
14.738,hall_mission,9x4.5,pi5,0.018,0.664,-1.938,-0.015,0.849,-0.032,0.850,0.37,-5.72,92.07,0.4736,0.4752,0.4643,0.4650,8238,28.255,720.3,380.1,475.2,22.6,497.8,20.30,24.52,0.99171,1.222,14.04,25.16,14,2
14.790,hall_mission,9x4.5,pi5,0.019,0.697,-1.939,-0.015,0.854,-0.031,0.855,0.39,-5.67,92.04,0.4725,0.4757,0.4644,0.4657,8239,28.262,720.5,380.3,475.3,22.6,497.9,20.31,24.52,0.99166,1.230,14.03,25.16,14,2
14.838,hall_mission,9x4.5,pi5,0.021,0.751,-1.941,-0.016,0.861,-0.031,0.861,0.40,-5.62,92.04,0.4732,0.4739,0.4647,0.4666,8239,28.262,720.5,380.3,475.3,22.6,497.9,20.31,24.52,0.99161,1.236,14.03,25.16,14,2
14.890,hall_mission,9x4.5,pi5,0.021,0.785,-1.941,-0.016,0.864,-0.030,0.865,0.41,-5.59,92.05,0.4722,0.4734,0.4657,0.4672,8240,28.265,720.6,380.3,475.4,22.6,498.0,20.31,24.52,0.99157,1.243,14.03,25.16,14,2
14.938,hall_mission,9x4.5,pi5,0.022,0.832,-1.943,-0.017,0.869,-0.030,0.869,0.41,-5.56,92.11,0.4711,0.4727,0.4667,0.4680,8240,28.265,720.5,380.3,475.4,22.6,498.0,20.31,24.52,0.99152,1.250,14.03,25.16,14,2
14.990,hall_mission,9x4.5,pi5,0.023,0.866,-1.943,-0.018,0.872,-0.030,0.872,0.41,-5.54,92.16,0.4699,0.4717,0.4678,0.4690,8239,28.262,720.5,380.2,475.3,22.6,497.9,20.31,24.52,0.99147,1.257,14.03,25.15,14,2
15.038,hall_mission,9x4.5,pi5,0.024,0.921,-1.945,-0.019,0.876,-0.029,0.877,0.41,-5.53,92.27,0.4691,0.4705,0.4682,0.4703,8238,28.255,720.3,380.1,475.1,22.6,497.7,20.30,24.52,0.99143,1.264,14.04,25.15,14,2
15.090,hall_mission,9x4.5,pi5,0.024,0.955,-1.946,-0.020,0.878,-0.029,0.879,0.40,-5.53,92.34,0.4676,0.4698,0.4693,0.4712,8237,28.245,720.0,379.9,474.9,22.6,497.5,20.29,24.52,0.99138,1.271,14.04,25.15,14,2
15.138,hall_mission,9x4.5,pi5,0.025,1.002,-1.948,-0.021,0.881,-0.029,0.882,0.39,-5.53,92.45,0.4666,0.4690,0.4699,0.4719,8236,28.238,719.9,379.7,474.7,22.6,497.3,20.28,24.52,0.99133,1.278,14.05,25.15,14,2
15.190,hall_mission,9x4.5,pi5,0.025,1.036,-1.949,-0.021,0.883,-0.029,0.883,0.38,-5.53,92.52,0.4660,0.4683,0.4711,0.4720,8236,28.237,719.8,379.7,474.7,22.6,497.3,20.28,24.52,0.99128,1.285,14.05,25.15,14,2
15.238,hall_mission,9x4.5,pi5,0.025,1.090,-1.950,-0.022,0.885,-0.028,0.886,0.37,-5.53,92.62,0.4656,0.4679,0.4713,0.4725,8235,28.232,719.7,379.6,474.6,22.6,497.2,20.28,24.52,0.99124,1.291,14.05,25.15,14,2
15.290,hall_mission,9x4.5,pi5,0.026,1.123,-1.952,-0.023,0.886,-0.028,0.887,0.37,-5.54,92.68,0.4654,0.4673,0.4713,0.4728,8233,28.222,719.5,379.4,474.3,22.6,496.9,20.27,24.52,0.99119,1.299,14.05,25.15,14,2
15.338,hall_mission,9x4.5,pi5,0.025,1.171,-1.953,-0.024,0.888,-0.027,0.889,0.36,-5.56,92.77,0.4656,0.4667,0.4713,0.4731,8233,28.218,719.4,379.4,474.2,22.6,496.8,20.26,24.52,0.99114,1.305,14.06,25.15,14,2
15.390,hall_mission,9x4.5,pi5,0.025,1.204,-1.955,-0.024,0.889,-0.026,0.890,0.35,-5.57,92.83,0.4650,0.4672,0.4714,0.4729,8233,28.216,719.3,379.3,474.2,22.6,496.8,20.26,24.52,0.99110,1.312,14.06,25.15,14,2
15.438,hall_mission,9x4.5,pi5,0.024,1.258,-1.956,-0.026,0.891,-0.025,0.892,0.34,-5.59,92.91,0.4654,0.4670,0.4713,0.4728,8232,28.214,719.3,379.3,474.1,22.6,496.7,20.26,24.52,0.99105,1.319,14.06,25.15,14,2
15.490,hall_mission,9x4.5,pi5,0.024,1.291,-1.958,-0.026,0.892,-0.025,0.893,0.34,-5.60,92.95,0.4654,0.4672,0.4718,0.4719,8232,28.210,719.2,379.2,474.0,22.6,496.6,20.26,24.52,0.99100,1.326,14.06,25.15,14,2
15.538,hall_mission,9x4.5,pi5,0.023,1.338,-1.959,-0.027,0.893,-0.024,0.894,0.32,-5.62,93.01,0.4657,0.4673,0.4704,0.4728,8231,28.208,719.1,379.2,473.9,22.6,496.5,20.25,24.52,0.99096,1.333,14.06,25.15,14,2
15.590,hall_mission,9x4.5,pi5,0.022,1.371,-1.960,-0.028,0.894,-0.023,0.894,0.32,-5.64,93.04,0.4660,0.4675,0.4704,0.4723,8231,28.207,719.1,379.1,473.9,22.6,496.5,20.25,24.52,0.99091,1.340,14.06,25.15,14,2
15.638,hall_mission,9x4.5,pi5,0.021,1.424,-1.962,-0.029,0.895,-0.022,0.895,0.31,-5.66,93.08,0.4656,0.4684,0.4706,0.4716,8231,28.207,719.1,379.1,473.9,22.6,496.5,20.25,24.52,0.99086,1.347,14.06,25.15,14,2
15.690,hall_mission,9x4.5,pi5,0.019,1.457,-1.963,-0.030,0.895,-0.022,0.896,0.30,-5.68,93.11,0.4662,0.4685,0.4700,0.4717,8232,28.210,719.2,379.2,474.0,22.6,496.6,20.26,24.52,0.99081,1.354,14.05,25.15,14,2
15.738,hall_mission,9x4.5,pi5,0.017,1.503,-1.964,-0.031,0.896,-0.021,0.897,0.30,-5.71,93.14,0.4663,0.4687,0.4699,0.4714,8232,28.211,719.2,379.2,474.0,22.6,496.6,20.26,24.52,0.99077,1.360,14.05,25.15,14,2
15.790,hall_mission,9x4.5,pi5,0.015,1.536,-1.965,-0.032,0.896,-0.020,0.897,0.29,-5.73,93.16,0.4668,0.4686,0.4699,0.4708,8231,28.206,719.1,379.1,473.9,22.6,496.5,20.25,24.51,0.99072,1.368,14.06,25.15,14,2
15.838,hall_mission,9x4.5,pi5,0.011,1.588,-1.967,-0.033,0.897,-0.020,0.898,0.28,-5.76,93.19,0.4672,0.4683,0.4699,0.4705,8230,28.199,718.9,379.0,473.7,22.6,496.3,20.24,24.51,0.99068,1.374,14.06,25.15,14,2
15.890,hall_mission,9x4.5,pi5,0.009,1.621,-1.968,-0.034,0.898,-0.019,0.899,0.27,-5.78,93.20,0.4669,0.4688,0.4696,0.4702,8229,28.190,718.6,378.8,473.5,22.6,496.1,20.24,24.51,0.99063,1.381,14.07,25.15,14,2
15.938,hall_mission,9x4.5,pi5,0.006,1.667,-1.970,-0.035,0.899,-0.018,0.899,0.26,-5.81,93.21,0.4668,0.4692,0.4693,0.4701,8228,28.187,718.6,378.7,473.4,22.6,496.0,20.23,24.51,0.99058,1.388,14.07,25.15,14,2
15.990,hall_mission,9x4.5,pi5,0.004,1.700,-1.971,-0.035,0.899,-0.017,0.900,0.25,-5.83,93.21,0.4669,0.4695,0.4692,0.4699,8229,28.188,718.6,378.7,473.4,22.6,496.0,20.23,24.51,0.99053,1.395,14.06,25.15,14,2
16.038,hall_mission,9x4.5,pi5,0.001,1.753,-1.972,-0.035,0.900,-0.016,0.901,0.24,-5.86,93.20,0.4675,0.4694,0.4689,0.4699,8229,28.192,718.7,378.8,473.5,22.6,496.1,20.24,24.51,0.99049,1.402,14.06,25.15,14,2
16.090,hall_mission,9x4.5,pi5,-0.001,1.787,-1.973,-0.035,0.901,-0.015,0.902,0.24,-5.88,93.20,0.4683,0.4692,0.4690,0.4694,8230,28.198,718.9,378.9,473.7,22.6,496.3,20.25,24.51,0.99044,1.409,14.06,25.15,14,2
16.138,hall_mission,9x4.5,pi5,-0.004,1.833,-1.974,-0.035,0.903,-0.015,0.904,0.24,-5.91,93.18,0.4680,0.4700,0.4688,0.4693,8231,28.201,718.9,379.0,473.7,22.6,496.3,20.25,24.51,0.99039,1.416,14.05,25.15,14,2
16.190,hall_mission,9x4.5,pi5,-0.006,1.867,-1.975,-0.035,0.904,-0.014,0.905,0.24,-5.93,93.16,0.4682,0.4702,0.4687,0.4689,8231,28.202,719.0,379.0,473.8,22.6,496.4,20.25,24.51,0.99035,1.423,14.05,25.15,14,2
16.234,hall_mission,9x4.5,pi5,-0.009,1.921,-1.976,-0.035,0.906,-0.013,0.907,0.24,-5.96,93.15,0.4685,0.4701,0.4680,0.4694,8230,28.200,718.9,379.0,473.7,22.6,496.3,20.25,24.51,0.99030,1.429,14.05,25.15,14,2
16.282,hall_mission,9x4.5,pi5,-0.011,1.956,-1.977,-0.035,0.908,-0.013,0.909,0.24,-5.98,93.14,0.4686,0.4700,0.4685,0.4685,8229,28.192,718.7,378.8,473.5,22.6,496.1,20.24,24.51,0.99026,1.435,14.06,25.15,14,2
16.334,hall_mission,9x4.5,pi5,-0.015,2.004,-1.979,-0.036,0.910,-0.012,0.911,0.24,-6.00,93.12,0.4736,0.4884,0.4651,0.4497,8234,28.240,719.9,380.1,475.2,22.6,497.8,20.31,24.51,0.99021,1.443,14.01,25.15,14,2
16.382,hall_mission,9x4.5,pi5,-0.017,2.039,-1.980,-0.036,0.912,-0.014,0.913,0.39,-6.02,93.14,0.5165,0.5195,0.4182,0.4194,8222,28.359,723.0,386.5,483.2,22.6,505.8,20.64,24.50,0.99017,1.449,13.78,25.15,14,2
16.434,hall_mission,9x4.5,pi5,-0.021,2.095,-1.982,-0.040,0.916,-0.025,0.917,0.89,-5.99,93.34,0.5441,0.5426,0.3871,0.3910,8190,28.445,725.1,394.3,492.9,22.6,515.5,21.05,24.49,0.99011,1.457,13.51,25.15,14,2
16.482,hall_mission,9x4.5,pi5,-0.023,2.130,-1.983,-0.046,0.918,-0.031,0.920,1.22,-5.97,93.69,0.5484,0.5473,0.3787,0.3830,8163,28.352,722.8,394.2,492.7,22.6,515.3,21.05,24.49,0.99007,1.464,13.51,25.15,14,2
16.534,hall_mission,9x4.5,pi5,-0.027,2.180,-1.986,-0.057,0.920,-0.035,0.922,1.60,-5.95,94.57,0.5389,0.5383,0.3853,0.3906,8147,28.131,717.1,387.5,484.3,22.6,506.9,20.69,24.50,0.99002,1.471,13.74,25.15,14,2
16.582,hall_mission,9x4.5,pi5,-0.031,2.215,-1.988,-0.067,0.920,-0.034,0.923,1.74,-5.95,95.39,0.5216,0.5225,0.4017,0.4054,8141,27.899,711.2,379.0,473.8,22.6,496.4,20.25,24.51,0.98997,1.478,14.04,25.15,14,2
16.634,hall_mission,9x4.5,pi5,-0.037,2.272,-1.991,-0.084,0.920,-0.031,0.924,1.81,-5.98,96.88,0.4997,0.5011,0.4240,0.4267,8142,27.720,706.7,371.8,464.7,22.6,487.3,19.88,24.52,0.98992,1.485,14.31,25.15,14,2
16.682,hall_mission,9x4.5,pi5,-0.042,2.307,-1.992,-0.096,0.919,-0.026,0.924,1.80,-6.00,98.00,0.4800,0.4802,0.4453,0.4482,8150,27.674,705.5,368.9,461.1,22.6,483.7,19.73,24.52,0.98988,1.491,14.42,25.15,14,2
16.734,hall_mission,9x4.5,pi5,-0.050,2.357,-1.994,-0.112,0.918,-0.020,0.925,1.69,-6.06,99.74,0.4601,0.4597,0.4666,0.4702,8160,27.724,706.8,369.5,461.8,22.6,484.4,19.75,24.52,0.98983,1.498,14.39,25.15,14,2
16.782,hall_mission,9x4.5,pi5,-0.056,2.392,-1.994,-0.124,0.917,-0.015,0.926,1.58,-6.10,100.89,0.4437,0.4450,0.4845,0.4865,8171,27.833,709.5,372.4,465.4,22.6,488.0,19.91,24.52,0.98979,1.505,14.28,25.15,14,2
16.834,hall_mission,9x4.5,pi5,-0.067,2.450,-1.995,-0.141,0.917,-0.010,0.928,1.36,-6.15,102.52,0.4309,0.4320,0.4990,0.5005,8182,27.969,713.0,376.4,470.5,22.6,493.1,20.12,24.51,0.98974,1.512,14.13,25.15,14,2
16.882,hall_mission,9x4.5,pi5,-0.075,2.485,-1.995,-0.152,0.917,-0.008,0.930,1.20,-6.17,103.49,0.4226,0.4243,0.5084,0.5090,8188,28.071,715.6,379.6,474.5,22.6,497.1,20.28,24.51,0.98970,1.518,14.02,25.15,14,2
16.934,hall_mission,9x4.5,pi5,-0.087,2.535,-1.995,-0.165,0.918,-0.006,0.932,0.97,-6.20,104.74,0.4176,0.4200,0.5137,0.5143,8193,28.143,717.4,381.8,477.3,22.6,499.9,20.40,24.50,0.98965,1.526,13.93,25.15,14,2
16.982,hall_mission,9x4.5,pi5,-0.095,2.571,-1.994,-0.174,0.918,-0.005,0.934,0.83,-6.21,105.43,0.4173,0.4187,0.5148,0.5160,8197,28.182,718.4,382.8,478.5,22.6,501.1,20.45,24.50,0.98960,1.532,13.90,25.14,14,2
17.034,hall_mission,9x4.5,pi5,-0.110,2.628,-1.994,-0.185,0.918,-0.004,0.937,0.65,-6.22,106.22,0.4270,0.4456,0.5082,0.4889,8208,28.136,717.3,379.6,474.4,22.6,497.0,20.28,24.50,0.98955,1.539,14.01,25.14,14,2
17.082,hall_mission,9x4.5,pi5,-0.119,2.664,-1.993,-0.192,0.919,-0.006,0.939,0.73,-6.23,106.62,0.4789,0.4837,0.4516,0.4538,8202,28.023,714.4,375.8,469.7,22.6,492.3,20.09,24.51,0.98951,1.546,14.15,25.14,14,2
17.134,hall_mission,9x4.5,pi5,-0.132,2.714,-1.993,-0.204,0.919,-0.011,0.941,1.16,-6.17,107.25,0.5146,0.5149,0.4156,0.4195,8189,28.125,717.0,381.6,477.0,22.6,499.6,20.39,24.50,0.98946,1.553,13.94,25.14,14,2
17.182,hall_mission,9x4.5,pi5,-0.142,2.749,-1.993,-0.214,0.918,-0.014,0.942,1.44,-6.15,107.77,0.5265,0.5257,0.4025,0.4074,8180,28.178,718.3,384.9,481.2,22.6,503.8,20.57,24.49,0.98941,1.560,13.82,25.14,14,2
17.234,hall_mission,9x4.5,pi5,-0.158,2.806,-1.993,-0.234,0.913,-0.015,0.943,1.76,-6.13,108.81,0.5234,0.5231,0.4044,0.4106,8178,28.136,717.3,383.5,479.4,22.6,502.0,20.49,24.50,0.98936,1.567,13.87,25.14,14,2
17.282,hall_mission,9x4.5,pi5,-0.169,2.841,-1.992,-0.248,0.910,-0.013,0.943,1.86,-6.13,109.67,0.5119,0.5119,0.4175,0.4213,8182,28.058,715.3,379.9,474.8,22.6,497.4,20.30,24.50,0.98932,1.574,14.00,25.14,14,2
17.334,hall_mission,9x4.5,pi5,-0.185,2.890,-1.992,-0.268,0.904,-0.011,0.943,1.89,-6.16,111.15,0.4946,0.4948,0.4353,0.4391,8187,27.973,713.1,375.9,469.8,22.6,492.4,20.09,24.51,0.98927,1.581,14.14,25.14,14,2
17.382,hall_mission,9x4.5,pi5,-0.197,2.925,-1.992,-0.282,0.900,-0.010,0.943,1.83,-6.18,112.23,0.4771,0.4779,0.4536,0.4568,8192,27.951,712.5,374.2,467.7,22.6,490.3,20.01,24.51,0.98923,1.587,14.20,25.14,14,2
17.434,hall_mission,9x4.5,pi5,-0.217,2.981,-1.991,-0.303,0.893,-0.007,0.943,1.66,-6.23,113.90,0.4598,0.4603,0.4718,0.4757,8200,27.994,713.6,374.9,468.6,22.6,491.2,20.04,24.51,0.98918,1.595,14.17,25.14,14,2
17.482,hall_mission,9x4.5,pi5,-0.230,3.016,-1.991,-0.316,0.889,-0.006,0.944,1.52,-6.26,114.99,0.4452,0.4473,0.4876,0.4890,8206,28.069,715.6,377.1,471.4,22.6,494.0,20.16,24.50,0.98913,1.601,14.09,25.14,14,2
17.534,hall_mission,9x4.5,pi5,-0.249,3.064,-1.990,-0.332,0.884,-0.005,0.945,1.28,-6.31,116.52,0.4336,0.4356,0.5001,0.5008,8209,28.148,717.6,379.8,474.8,22.6,497.4,20.30,24.50,0.98908,1.608,13.99,25.14,14,2
17.582,hall_mission,9x4.5,pi5,-0.263,3.099,-1.990,-0.343,0.882,-0.005,0.946,1.11,-6.33,117.43,0.4263,0.4283,0.5075,0.5082,8210,28.203,719.0,381.9,477.4,22.6,500.0,20.41,24.50,0.98904,1.615,13.92,25.14,14,2
17.634,hall_mission,9x4.5,pi5,-0.287,3.154,-1.990,-0.359,0.878,-0.006,0.948,0.88,-6.35,118.59,0.4218,0.4243,0.5111,0.5130,8210,28.232,719.7,383.1,478.9,22.6,501.5,20.47,24.49,0.98899,1.622,13.87,25.14,14,2
17.682,hall_mission,9x4.5,pi5,-0.302,3.189,-1.989,-0.368,0.876,-0.006,0.950,0.74,-6.36,119.22,0.4203,0.4276,0.5151,0.5114,8225,28.337,722.4,385.3,481.6,22.6,504.2,20.59,24.49,0.98894,1.629,13.80,25.14,14,2
17.734,hall_mission,9x4.5,pi5,-0.324,3.237,-1.989,-0.380,0.874,-0.008,0.953,0.68,-6.36,119.95,0.4733,0.4800,0.4662,0.4531,8218,28.127,717.0,377.7,472.1,22.6,494.7,20.19,24.50,0.98889,1.636,14.07,25.14,14,2
17.782,hall_mission,9x4.5,pi5,-0.340,3.272,-1.990,-0.388,0.873,-0.014,0.956,1.05,-6.31,120.41,0.5367,0.5408,0.3924,0.3963,8195,28.416,724.4,392.5,490.6,22.6,513.2,20.97,24.48,0.98885,1.643,13.55,25.14,14,2
17.834,hall_mission,9x4.5,pi5,-0.365,3.327,-1.991,-0.407,0.867,-0.030,0.958,1.81,-6.18,121.35,0.5705,0.5716,0.3508,0.3604,8148,28.654,730.5,408.3,510.3,22.6,532.9,21.79,24.45,0.98880,1.651,13.03,25.14,14,2
17.878,hall_mission,9x4.5,pi5,-0.382,3.362,-1.992,-0.422,0.860,-0.039,0.959,2.24,-6.11,122.26,0.5744,0.5726,0.3449,0.3524,8116,28.524,727.2,407.3,509.1,22.6,531.7,21.74,24.45,0.98875,1.657,13.06,25.14,14,2
17.926,hall_mission,9x4.5,pi5,-0.400,3.396,-1.994,-0.439,0.851,-0.044,0.958,2.55,-6.07,123.44,0.5593,0.5580,0.3549,0.3650,8090,28.111,716.6,394.2,492.7,22.6,515.3,21.06,24.47,0.98870,1.664,13.48,25.14,14,2
17.978,hall_mission,9x4.5,pi5,-0.425,3.443,-1.997,-0.463,0.835,-0.044,0.956,2.77,-6.06,125.64,0.5309,0.5313,0.3828,0.3895,8080,27.640,704.6,376.8,471.0,22.6,493.6,20.15,24.50,0.98866,1.671,14.09,25.14,14,2
18.026,hall_mission,9x4.5,pi5,-0.445,3.476,-1.999,-0.481,0.822,-0.040,0.953,2.77,-6.09,127.34,0.5021,0.5008,0.4131,0.4199,8085,27.373,697.8,365.6,456.9,22.6,479.5,19.56,24.52,0.98861,1.678,14.52,25.14,14,2
18.078,hall_mission,9x4.5,pi5,-0.477,3.527,-2.003,-0.508,0.800,-0.028,0.948,2.61,-6.18,130.10,0.4690,0.4703,0.4490,0.4524,8103,27.339,697.0,361.9,452.4,22.6,475.0,19.37,24.52,0.98857,1.684,14.66,25.14,14,2
18.126,hall_mission,9x4.5,pi5,-0.498,3.558,-2.004,-0.524,0.786,-0.020,0.945,2.42,-6.24,131.98,0.4434,0.4433,0.4781,0.4814,8122,27.493,700.9,365.4,456.7,22.6,479.3,19.55,24.52,0.98852,1.691,14.52,25.14,14,2
18.170,hall_mission,9x4.5,pi5,-0.520,3.588,-2.005,-0.540,0.773,-0.013,0.943,2.19,-6.31,133.82,0.4223,0.4239,0.5009,0.5035,8139,27.712,706.5,371.9,464.9,22.6,487.5,19.89,24.51,0.98848,1.697,14.27,25.14,14,2
18.218,hall_mission,9x4.5,pi5,-0.552,3.629,-2.006,-0.561,0.756,-0.006,0.941,1.80,-6.40,136.42,0.4056,0.4058,0.5195,0.5223,8148,27.930,712.0,379.3,474.2,22.6,496.8,20.28,24.49,0.98844,1.703,14.00,25.14,14,2
18.270,hall_mission,9x4.5,pi5,-0.576,3.657,-2.007,-0.576,0.744,-0.004,0.941,1.53,-6.45,137.97,0.3918,0.3943,0.5332,0.5348,8151,28.093,716.2,385.5,481.8,22.6,504.4,20.60,24.48,0.98839,1.711,13.78,25.14,14,2
18.318,hall_mission,9x4.5,pi5,-0.615,3.702,-2.008,-0.597,0.727,-0.003,0.941,1.14,-6.49,139.98,0.3859,0.3877,0.5389,0.5410,8149,28.161,717.9,388.4,485.5,22.6,508.1,20.76,24.48,0.98834,1.717,13.67,25.14,14,2
18.370,hall_mission,9x4.5,pi5,-0.640,3.729,-2.009,-0.608,0.718,-0.003,0.941,0.89,-6.50,141.07,0.3850,0.3865,0.5406,0.5409,8147,28.159,717.8,388.6,485.7,22.6,508.3,20.77,24.48,0.98829,1.725,13.67,25.14,14,2
18.422,hall_mission,9x4.5,pi5,-0.676,3.766,-2.010,-0.623,0.707,-0.002,0.943,0.57,-6.50,142.32,0.4055,0.4256,0.5231,0.5005,8153,27.888,710.9,377.0,471.2,22.6,493.8,20.16,24.50,0.98824,1.732,14.08,25.14,14,2
18.470,hall_mission,9x4.5,pi5,-0.703,3.792,-2.010,-0.633,0.700,-0.003,0.944,0.60,-6.49,142.94,0.4759,0.4810,0.4453,0.4505,8146,27.646,704.8,368.3,460.3,22.6,482.9,19.70,24.51,0.98820,1.738,14.40,25.14,14,2
18.518,hall_mission,9x4.5,pi5,-0.746,3.834,-2.012,-0.650,0.686,-0.005,0.945,1.12,-6.38,143.82,0.5224,0.5202,0.4007,0.4060,8134,27.847,709.9,377.9,472.4,22.6,495.0,20.21,24.49,0.98815,1.745,14.04,25.14,14,2
18.570,hall_mission,9x4.5,pi5,-0.774,3.860,-2.013,-0.662,0.674,-0.007,0.945,1.49,-6.32,144.52,0.5400,0.5380,0.3807,0.3875,8123,27.991,713.6,385.2,481.5,22.6,504.1,20.59,24.48,0.98810,1.752,13.78,25.14,14,2
18.622,hall_mission,9x4.5,pi5,-0.813,3.895,-2.014,-0.679,0.655,-0.006,0.943,1.88,-6.26,145.87,0.5365,0.5345,0.3834,0.3908,8119,27.923,711.8,383.0,478.7,22.6,501.3,20.47,24.49,0.98806,1.760,13.86,25.14,14,2
18.670,hall_mission,9x4.5,pi5,-0.842,3.919,-2.015,-0.692,0.639,-0.003,0.941,2.02,-6.25,146.99,0.5206,0.5213,0.3997,0.4048,8123,27.779,708.2,376.6,470.8,22.6,493.4,20.14,24.50,0.98801,1.766,14.08,25.14,14,2
18.722,hall_mission,9x4.5,pi5,-0.889,3.957,-2.017,-0.712,0.612,0.002,0.939,2.05,-6.26,148.93,0.4984,0.4993,0.4233,0.4277,8132,27.645,704.7,370.2,462.7,22.6,485.3,19.81,24.51,0.98796,1.773,14.32,25.14,14,2
18.770,hall_mission,9x4.5,pi5,-0.919,3.980,-2.018,-0.724,0.595,0.006,0.937,1.98,-6.28,150.34,0.4774,0.4761,0.4467,0.4511,8141,27.610,703.9,367.5,459.4,22.6,482.0,19.66,24.51,0.98792,1.780,14.42,25.14,14,2
18.818,hall_mission,9x4.5,pi5,-0.962,4.011,-2.018,-0.740,0.571,0.012,0.935,1.79,-6.32,152.53,0.4561,0.4556,0.4694,0.4734,8153,27.678,705.6,368.6,460.8,22.6,483.4,19.72,24.51,0.98788,1.786,14.38,25.14,14,2
18.870,hall_mission,9x4.5,pi5,-0.994,4.032,-2.018,-0.752,0.555,0.016,0.935,1.60,-6.35,153.97,0.4358,0.4373,0.4913,0.4933,8164,27.815,709.1,372.6,465.8,22.6,488.4,19.93,24.50,0.98783,1.793,14.23,25.14,14,2
18.918,hall_mission,9x4.5,pi5,-1.045,4.065,-2.018,-0.769,0.532,0.019,0.935,1.26,-6.39,156.00,0.4226,0.4229,0.5059,0.5084,8172,27.956,712.7,377.2,471.5,22.6,494.1,20.17,24.49,0.98778,1.800,14.06,25.14,14,2
18.970,hall_mission,9x4.5,pi5,-1.078,4.085,-2.017,-0.779,0.519,0.020,0.936,1.02,-6.40,157.22,0.4115,0.4134,0.5178,0.5183,8176,28.071,715.6,381.3,476.6,22.6,499.2,20.39,24.49,0.98773,1.807,13.91,25.13,14,2
19.018,hall_mission,9x4.5,pi5,-1.124,4.113,-2.017,-0.791,0.503,0.020,0.938,0.68,-6.40,158.80,0.4084,0.3727,0.5264,0.5589,8196,28.495,726.4,395.5,494.4,22.6,517.0,21.14,24.46,0.98769,1.814,13.42,25.13,14,2
19.070,hall_mission,9x4.5,pi5,-1.157,4.132,-2.016,-0.800,0.493,0.014,0.940,0.27,-6.44,159.64,0.3085,0.3038,0.6203,0.6246,8162,29.925,762.9,457.2,571.5,22.6,594.1,24.38,24.37,0.98763,1.822,11.63,25.13,14,2
19.114,hall_mission,9x4.5,pi5,-1.210,4.163,-2.017,-0.814,0.488,-0.029,0.949,-0.93,-6.33,160.30,0.2473,0.2543,0.6676,0.6584,8055,30.726,783.3,501.9,627.4,22.6,650.0,26.75,24.29,0.98757,1.830,10.60,25.13,14,2
19.162,hall_mission,9x4.5,pi5,-1.244,4.182,-2.020,-0.820,0.492,-0.068,0.959,-1.76,-6.17,160.16,0.2209,0.2331,0.6710,0.6633,7912,30.302,772.5,501.0,626.3,22.6,648.9,26.71,24.29,0.98751,1.839,10.61,25.13,14,2
19.214,hall_mission,9x4.5,pi5,-1.291,4.210,-2.026,-0.821,0.506,-0.109,0.971,-2.75,-5.95,158.98,0.2290,0.2459,0.6395,0.6408,7793,28.830,735.0,457.1,571.4,22.6,594.0,24.38,24.36,0.98745,1.847,11.63,25.13,14,2
19.262,hall_mission,9x4.5,pi5,-1.325,4.230,-2.031,-0.817,0.520,-0.121,0.976,-3.17,-5.84,157.60,0.2627,0.2764,0.5999,0.5984,7729,27.244,694.5,403.8,504.8,22.6,527.4,21.57,24.45,0.98741,1.855,13.14,25.13,14,2
19.314,hall_mission,9x4.5,pi5,-1.378,4.265,-2.040,-0.804,0.543,-0.108,0.976,-3.48,-5.80,154.80,0.3133,0.3256,0.5504,0.5487,7730,26.037,663.7,357.9,447.4,22.6,470.0,19.17,24.52,0.98736,1.861,14.79,25.13,14,2
19.366,hall_mission,9x4.5,pi5,-1.410,4.288,-2.044,-0.793,0.559,-0.084,0.973,-3.50,-5.84,152.59,0.3720,0.3795,0.5014,0.5008,7787,25.590,652.4,334.2,417.7,22.6,440.3,17.93,24.56,0.98732,1.868,15.81,25.13,14,2
19.414,hall_mission,9x4.5,pi5,-1.455,4.322,-2.049,-0.775,0.580,-0.043,0.969,-3.33,-6.00,148.99,0.4240,0.4300,0.4614,0.4605,7868,25.797,657.7,332.1,415.1,22.6,437.7,17.82,24.56,0.98728,1.874,15.90,25.13,14,2
19.462,hall_mission,9x4.5,pi5,-1.485,4.347,-2.050,-0.763,0.595,-0.015,0.967,-3.10,-6.14,146.53,0.4711,0.4743,0.4268,0.4263,7949,26.354,671.8,343.3,429.1,22.6,451.7,18.41,24.54,0.98724,1.880,15.40,25.13,14,2
19.506,hall_mission,9x4.5,pi5,-1.516,4.373,-2.050,-0.750,0.610,0.008,0.967,-2.83,-6.28,144.14,0.5056,0.5090,0.4010,0.4008,8014,26.988,688.0,359.7,449.6,22.6,472.2,19.26,24.51,0.98720,1.885,14.71,25.13,14,2
19.558,hall_mission,9x4.5,pi5,-1.563,4.415,-2.048,-0.733,0.633,0.030,0.969,-2.36,-6.46,140.79,0.5356,0.5381,0.3771,0.3776,8058,27.587,703.3,377.6,472.0,22.6,494.6,20.20,24.49,0.98715,1.892,14.03,25.13,14,2
19.606,hall_mission,9x4.5,pi5,-1.591,4.443,-2.046,-0.723,0.648,0.035,0.972,-2.03,-6.56,138.81,0.5529,0.5552,0.3633,0.3631,8080,27.976,713.2,390.1,487.7,22.6,510.3,20.86,24.47,0.98710,1.899,13.59,25.13,14,2
19.658,hall_mission,9x4.5,pi5,-1.630,4.482,-2.043,-0.711,0.668,0.037,0.976,-1.57,-6.66,136.29,0.5624,0.5632,0.3552,0.3562,8089,28.179,718.4,397.0,496.2,22.6,518.8,21.22,24.46,0.98705,1.907,13.36,25.13,14,2
19.707,hall_mission,9x4.5,pi5,-1.657,4.512,-2.041,-0.704,0.681,0.036,0.980,-1.28,-6.69,134.94,0.5629,0.5638,0.3552,0.3558,8091,28.200,718.9,397.5,496.9,22.6,519.5,21.25,24.45,0.98700,1.914,13.34,25.13,14,2
19.759,hall_mission,9x4.5,pi5,-1.701,4.559,-2.038,-0.694,0.700,0.034,0.986,-0.91,-6.70,133.41,0.5547,0.5405,0.3645,0.3802,8100,27.987,713.5,388.0,485.0,22.6,507.6,20.75,24.47,0.98695,1.921,13.66,25.13,14,2
19.807,hall_mission,9x4.5,pi5,-1.727,4.590,-2.036,-0.688,0.711,0.033,0.990,-0.81,-6.69,132.70,0.4997,0.5063,0.4151,0.4189,8100,27.476,700.4,367.7,459.6,22.6,482.2,19.68,24.50,0.98691,1.927,14.39,25.13,14,2
19.859,hall_mission,9x4.5,pi5,-1.764,4.633,-2.034,-0.679,0.724,0.034,0.994,-1.01,-6.63,131.90,0.4638,0.4656,0.4567,0.4572,8112,27.393,698.3,362.9,453.6,22.6,476.2,19.43,24.51,0.98686,1.934,14.58,25.13,14,2
19.907,hall_mission,9x4.5,pi5,-1.790,4.664,-2.032,-0.671,0.734,0.038,0.996,-1.19,-6.60,131.43,0.4429,0.4488,0.4789,0.4778,8130,27.541,702.1,366.2,457.8,22.6,480.4,19.61,24.50,0.98682,1.941,14.45,25.13,14,2
19.951,hall_mission,9x4.5,pi5,-1.816,4.695,-2.031,-0.662,0.744,0.043,0.997,-1.33,-6.58,130.94,0.4371,0.4417,0.4877,0.4867,8148,27.688,705.8,369.7,462.1,22.6,484.7,19.79,24.50,0.98678,1.947,14.31,25.13,14,2
20.003,hall_mission,9x4.5,pi5,-1.856,4.746,-2.028,-0.647,0.761,0.050,1.000,-1.45,-6.57,130.13,0.4388,0.4436,0.4893,0.4882,8172,27.851,710.0,373.0,466.2,22.6,488.8,19.96,24.49,0.98673,1.954,14.19,25.13,14,2
20.051,hall_mission,9x4.5,pi5,-1.881,4.778,-2.026,-0.637,0.771,0.053,1.002,-1.45,-6.57,129.52,0.4463,0.4495,0.4843,0.4844,8189,27.947,712.5,374.5,468.1,22.6,490.7,20.04,24.49,0.98669,1.960,14.13,25.13,14,2
20.103,hall_mission,9x4.5,pi5,-1.915,4.823,-2.023,-0.624,0.785,0.055,1.004,-1.37,-6.57,128.52,0.4558,0.4596,0.4765,0.4760,8201,28.009,714.0,375.3,469.1,22.6,491.7,20.08,24.49,0.98664,1.967,14.10,25.13,14,2
20.151,hall_mission,9x4.5,pi5,-1.939,4.856,-2.021,-0.615,0.795,0.055,1.006,-1.28,-6.58,127.83,0.4659,0.4688,0.4671,0.4682,8209,28.052,715.1,376.0,470.0,22.6,492.6,20.12,24.48,0.98659,1.974,14.07,25.13,14,2
20.203,hall_mission,9x4.5,pi5,-1.977,4.909,-2.017,-0.601,0.810,0.053,1.010,-1.10,-6.59,126.79,0.4755,0.4785,0.4582,0.4592,8214,28.097,716.3,377.1,471.3,22.6,493.9,20.17,24.48,0.98655,1.981,14.04,25.13,14,2
20.251,hall_mission,9x4.5,pi5,-2.000,4.943,-2.015,-0.594,0.818,0.051,1.012,-0.96,-6.60,126.12,0.4832,0.4859,0.4510,0.4524,8218,28.138,717.3,378.2,472.8,22.6,495.4,20.24,24.48,0.98650,1.988,13.99,25.13,14,2
20.303,hall_mission,9x4.5,pi5,-2.032,4.991,-2.012,-0.584,0.829,0.048,1.015,-0.75,-6.60,125.20,0.4896,0.4916,0.4458,0.4463,8221,28.178,718.3,379.4,474.3,22.6,496.9,20.30,24.48,0.98645,1.995,13.95,25.13,14,2
20.351,hall_mission,9x4.5,pi5,-2.054,5.026,-2.010,-0.578,0.837,0.046,1.018,-0.61,-6.60,124.65,0.4934,0.4952,0.4422,0.4433,8224,28.211,719.2,380.4,475.5,22.6,498.1,20.35,24.48,0.98641,2.001,13.91,25.13,14,2
20.403,hall_mission,9x4.5,pi5,-2.089,5.082,-2.006,-0.569,0.847,0.043,1.022,-0.41,-6.59,123.96,0.4950,0.4973,0.4404,0.4422,8226,28.238,719.9,381.1,476.4,22.6,499.0,20.39,24.47,0.98636,2.009,13.89,25.13,14,2
20.451,hall_mission,9x4.5,pi5,-2.111,5.117,-2.004,-0.564,0.853,0.040,1.024,-0.29,-6.58,123.59,0.4952,0.4969,0.4411,0.4422,8229,28.254,720.3,381.4,476.7,22.6,499.3,20.40,24.47,0.98631,2.015,13.87,25.13,14,2
20.503,hall_mission,9x4.5,pi5,-2.141,5.167,-2.001,-0.559,0.860,0.038,1.026,-0.13,-6.57,123.17,0.4935,0.4955,0.4424,0.4447,8231,28.260,720.4,381.3,476.7,22.6,499.3,20.40,24.47,0.98626,2.023,13.87,25.13,14,2
20.551,hall_mission,9x4.5,pi5,-2.163,5.202,-1.999,-0.556,0.864,0.035,1.028,-0.04,-6.56,122.97,0.4909,0.4930,0.4452,0.4472,8232,28.254,720.3,381.0,476.2,22.6,498.8,20.38,24.47,0.98622,2.029,13.89,25.13,14,2
20.603,hall_mission,9x4.5,pi5,-2.197,5.259,-1.997,-0.551,0.870,0.032,1.031,0.08,-6.55,122.77,0.4874,0.4895,0.4490,0.4506,8232,28.246,720.1,380.6,475.7,22.6,498.3,20.36,24.47,0.98617,2.036,13.90,25.13,14,2
20.651,hall_mission,9x4.5,pi5,-2.218,5.294,-1.995,-0.549,0.873,0.030,1.032,0.14,-6.54,122.71,0.4838,0.4859,0.4531,0.4539,8234,28.243,720.0,380.3,475.4,22.6,498.0,20.35,24.47,0.98612,2.043,13.91,25.13,14,2
20.703,hall_mission,9x4.5,pi5,-2.248,5.344,-1.993,-0.547,0.877,0.027,1.034,0.22,-6.54,122.69,0.4799,0.4820,0.4565,0.4585,8234,28.237,719.8,380.0,475.0,22.6,497.6,20.33,24.47,0.98607,2.050,13.92,25.13,14,2
20.751,hall_mission,9x4.5,pi5,-2.270,5.379,-1.991,-0.546,0.879,0.025,1.035,0.26,-6.53,122.72,0.4769,0.4783,0.4602,0.4619,8235,28.240,719.9,379.9,474.9,22.6,497.5,20.33,24.47,0.98603,2.057,13.92,25.13,14,2
20.799,hall_mission,9x4.5,pi5,-2.305,5.436,-1.989,-0.545,0.882,0.022,1.037,0.30,-6.53,122.81,0.4733,0.4757,0.4637,0.4649,8237,28.246,720.1,380.0,474.9,22.6,497.5,20.33,24.47,0.98598,2.064,13.92,25.13,14,2
20.851,hall_mission,9x4.5,pi5,-2.326,5.472,-1.988,-0.545,0.883,0.021,1.038,0.32,-6.53,122.89,0.4746,0.4570,0.4641,0.4835,8242,28.290,721.2,381.0,476.2,22.6,498.8,20.38,24.47,0.98594,2.071,13.88,25.13,14,2
20.903,hall_mission,9x4.5,pi5,-2.357,5.521,-1.986,-0.545,0.886,0.016,1.040,0.21,-6.54,123.00,0.4125,0.4126,0.5261,0.5256,8234,28.503,726.6,390.8,488.4,22.6,511.0,20.90,24.45,0.98588,2.078,13.54,25.13,14,2
20.951,hall_mission,9x4.5,pi5,-2.380,5.556,-1.985,-0.545,0.888,0.007,1.042,-0.18,-6.51,122.97,0.3679,0.3728,0.5641,0.5634,8202,28.826,734.9,408.0,510.0,22.6,532.6,21.80,24.43,0.98584,2.085,12.98,25.13,14,2
21.003,hall_mission,9x4.5,pi5,-2.415,5.612,-1.984,-0.538,0.895,-0.014,1.045,-0.85,-6.42,122.54,0.3469,0.3565,0.5765,0.5748,8153,28.772,733.5,412.3,515.3,22.6,537.9,22.03,24.42,0.98578,2.093,12.84,25.12,14,2
21.051,hall_mission,9x4.5,pi5,-2.436,5.647,-1.984,-0.530,0.901,-0.024,1.046,-1.21,-6.37,121.94,0.3523,0.3597,0.5680,0.5667,8124,28.456,725.4,403.4,504.3,22.6,526.9,21.56,24.43,0.98574,2.100,13.12,25.12,14,2
21.103,hall_mission,9x4.5,pi5,-2.465,5.696,-1.984,-0.515,0.909,-0.031,1.045,-1.55,-6.32,120.54,0.3712,0.3803,0.5461,0.5453,8111,28.018,714.3,387.8,484.8,22.6,507.4,20.75,24.46,0.98569,2.107,13.63,25.12,14,2
21.151,hall_mission,9x4.5,pi5,-2.486,5.731,-1.984,-0.502,0.915,-0.031,1.044,-1.65,-6.31,119.33,0.3988,0.4041,0.5197,0.5201,8110,27.688,705.9,374.8,468.5,22.6,491.1,20.06,24.48,0.98564,2.114,14.10,25.12,14,2
21.203,hall_mission,9x4.5,pi5,-2.516,5.788,-1.985,-0.479,0.923,-0.026,1.040,-1.63,-6.34,117.22,0.4299,0.4349,0.4917,0.4900,8124,27.548,702.3,367.4,459.2,22.6,481.8,19.68,24.49,0.98559,2.121,14.37,25.12,14,2
21.251,hall_mission,9x4.5,pi5,-2.535,5.823,-1.985,-0.465,0.928,-0.021,1.038,-1.53,-6.38,115.70,0.4584,0.4620,0.4653,0.4660,8142,27.600,703.6,367.0,458.7,22.6,481.3,19.65,24.49,0.98555,2.127,14.39,25.12,14,2
21.303,hall_mission,9x4.5,pi5,-2.559,5.873,-1.984,-0.445,0.935,-0.013,1.035,-1.29,-6.46,113.39,0.4843,0.4882,0.4418,0.4422,8160,27.764,707.8,371.1,463.9,22.6,486.5,19.87,24.48,0.98550,2.134,14.23,25.12,14,2
21.351,hall_mission,9x4.5,pi5,-2.575,5.908,-1.984,-0.431,0.939,-0.009,1.034,-1.09,-6.51,111.90,0.5040,0.5067,0.4245,0.4253,8174,27.957,712.7,376.9,471.2,22.6,493.8,20.18,24.47,0.98546,2.141,14.01,25.12,14,2
21.403,hall_mission,9x4.5,pi5,-2.601,5.966,-1.983,-0.411,0.947,-0.005,1.032,-0.78,-6.57,109.86,0.5120,0.4932,0.4195,0.4396,8189,28.040,714.8,378.3,472.8,22.6,495.4,20.25,24.47,0.98541,2.148,13.97,25.12,14,2
21.451,hall_mission,9x4.5,pi5,-2.616,6.002,-1.982,-0.400,0.951,-0.005,1.032,-0.72,-6.58,108.65,0.4618,0.4658,0.4678,0.4701,8193,27.942,712.3,373.8,467.3,22.6,489.9,20.01,24.48,0.98536,2.155,14.13,25.12,14,2
21.503,hall_mission,9x4.5,pi5,-2.636,6.053,-1.981,-0.382,0.958,-0.006,1.031,-1.02,-6.54,106.91,0.4313,0.4381,0.4992,0.4963,8190,28.013,714.1,377.0,471.2,22.6,493.8,20.18,24.47,0.98532,2.162,14.01,25.12,14,2
21.551,hall_mission,9x4.5,pi5,-2.651,6.090,-1.981,-0.368,0.963,-0.007,1.030,-1.26,-6.51,105.72,0.4243,0.4298,0.5061,0.5047,8190,28.059,715.3,378.8,473.5,22.6,496.1,20.28,24.47,0.98527,2.168,13.94,25.12,14,2
21.603,hall_mission,9x4.5,pi5,-2.672,6.149,-1.980,-0.340,0.971,-0.005,1.028,-1.49,-6.50,103.79,0.4295,0.4380,0.5007,0.4984,8197,28.068,715.5,378.2,472.8,22.6,495.4,20.25,24.47,0.98522,2.175,13.96,25.12,14,2
21.651,hall_mission,9x4.5,pi5,-2.684,6.187,-1.980,-0.322,0.975,-0.003,1.027,-1.54,-6.51,102.42,0.4455,0.4500,0.4871,0.4861,8204,28.051,715.1,376.7,470.8,22.6,493.4,20.16,24.47,0.98518,2.182,14.02,25.12,14,2
21.703,hall_mission,9x4.5,pi5,-2.702,6.247,-1.980,-0.292,0.983,-0.002,1.025,-1.46,-6.55,100.13,0.4639,0.4681,0.4694,0.4677,8206,28.030,714.6,375.6,469.5,22.6,492.1,20.11,24.47,0.98513,2.189,14.06,25.12,14,2
21.751,hall_mission,9x4.5,pi5,-2.710,6.278,-1.981,-0.277,0.986,-0.002,1.024,-1.35,-6.58,98.83,0.4808,0.4846,0.4516,0.4519,8205,28.048,715.0,376.3,470.4,22.6,493.0,20.15,24.47,0.98508,2.196,14.03,25.12,14,2
21.803,hall_mission,9x4.5,pi5,-2.725,6.339,-1.982,-0.248,0.993,-0.002,1.023,-1.10,-6.61,96.74,0.4977,0.4996,0.4351,0.4358,8202,28.094,716.2,378.6,473.3,22.6,495.9,20.27,24.47,0.98503,2.203,13.94,25.12,14,2
21.851,hall_mission,9x4.5,pi5,-2.734,6.377,-1.982,-0.232,0.997,-0.003,1.023,-0.92,-6.63,95.44,0.5105,0.5019,0.4225,0.4328,8200,28.132,717.2,380.3,475.4,22.6,498.0,20.36,24.46,0.98499,2.210,13.88,25.12,14,2
21.903,hall_mission,9x4.5,pi5,-2.745,6.432,-1.984,-0.210,1.002,-0.003,1.023,-0.72,-6.63,93.68,0.4806,0.4854,0.4510,0.4495,8196,27.990,713.5,375.2,469.0,22.6,491.6,20.09,24.47,0.98494,2.217,14.07,25.12,14,2
21.951,hall_mission,9x4.5,pi5,-2.752,6.470,-1.985,-0.195,1.005,-0.003,1.023,-0.78,-6.60,92.60,0.4615,0.4640,0.4694,0.4706,8193,27.943,712.3,373.8,467.3,22.6,489.9,20.02,24.47,0.98490,2.223,14.12,25.12,14,2
22.003,hall_mission,9x4.5,pi5,-2.763,6.533,-1.987,-0.170,1.008,-0.003,1.023,-0.90,-6.57,91.03,0.4505,0.4583,0.4785,0.4779,8191,27.945,712.4,374.1,467.7,22.6,490.3,20.03,24.47,0.98485,2.230,14.10,25.12,14,2
22.051,hall_mission,9x4.5,pi5,-2.769,6.572,-1.988,-0.153,1.010,-0.001,1.022,-0.95,-6.55,89.98,0.4548,0.4582,0.4771,0.4763,8196,27.972,713.1,374.6,468.2,22.6,490.8,20.06,24.47,0.98480,2.237,14.09,25.12,14,2
22.103,hall_mission,9x4.5,pi5,-2.776,6.627,-1.989,-0.130,1.012,0.003,1.020,-0.93,-6.54,88.37,0.4624,0.4674,0.4698,0.4687,8203,28.010,714.1,375.2,469.0,22.6,491.6,20.09,24.47,0.98476,2.244,14.06,25.12,14,2
22.151,hall_mission,9x4.5,pi5,-2.781,6.666,-1.990,-0.113,1.013,0.005,1.019,-0.86,-6.54,87.29,0.4730,0.4766,0.4596,0.4600,8206,28.038,714.8,375.8,469.8,22.6,492.4,20.12,24.47,0.98471,2.250,14.04,25.12,14,2
22.203,hall_mission,9x4.5,pi5,-2.786,6.730,-1.991,-0.088,1.014,0.006,1.018,-0.69,-6.55,85.71,0.4835,0.4877,0.4497,0.4487,8208,28.073,715.7,377.0,471.3,22.6,493.9,20.19,24.47,0.98466,2.258,13.99,25.12,14,2
22.251,hall_mission,9x4.5,pi5,-2.789,6.769,-1.991,-0.073,1.015,0.006,1.018,-0.55,-6.55,84.72,0.4932,0.4954,0.4405,0.4406,8208,28.108,716.6,378.4,473.0,22.6,495.6,20.26,24.46,0.98462,2.264,13.94,25.12,14,2
22.303,hall_mission,9x4.5,pi5,-2.792,6.825,-1.991,-0.053,1.016,0.006,1.018,-0.32,-6.55,83.36,0.4964,0.4810,0.4386,0.4541,8209,28.097,716.3,377.8,472.2,22.6,494.8,20.23,24.46,0.98457,2.271,13.96,25.12,14,2
22.351,hall_mission,9x4.5,pi5,-2.793,6.864,-1.992,-0.040,1.017,0.006,1.018,-0.27,-6.54,82.55,0.4482,0.4515,0.4840,0.4852,8205,28.052,715.1,376.5,470.7,22.6,493.3,20.16,24.47,0.98452,2.278,14.01,25.12,14,2
22.403,hall_mission,9x4.5,pi5,-2.794,6.928,-1.992,-0.018,1.018,0.001,1.018,-0.58,-6.46,81.34,0.4165,0.4225,0.5138,0.5121,8190,28.118,716.8,381.2,476.4,22.6,499.0,20.40,24.46,0.98447,2.285,13.84,25.12,14,2
22.451,hall_mission,9x4.5,pi5,-2.794,6.967,-1.992,-0.002,1.017,-0.002,1.017,-0.82,-6.41,80.43,0.4083,0.4139,0.5208,0.5194,8181,28.124,717.0,382.7,478.3,22.6,500.9,20.48,24.46,0.98443,2.292,13.79,25.12,14,2
22.503,hall_mission,9x4.5,pi5,-2.792,7.023,-1.993,0.022,1.014,-0.003,1.014,-1.06,-6.35,78.86,0.4142,0.4211,0.5142,0.5126,8180,28.059,715.3,380.2,475.2,22.6,497.8,20.35,24.46,0.98438,2.299,13.87,25.12,14,2
22.551,hall_mission,9x4.5,pi5,-2.790,7.062,-1.993,0.041,1.011,-0.002,1.012,-1.13,-6.33,77.68,0.4296,0.4347,0.4991,0.4995,8183,27.975,713.2,376.4,470.6,22.6,493.2,20.16,24.46,0.98434,2.306,14.01,25.12,14,2
22.603,hall_mission,9x4.5,pi5,-2.785,7.125,-1.993,0.071,1.006,-0.000,1.008,-1.08,-6.33,75.74,0.4495,0.4543,0.4809,0.4790,8186,27.914,711.6,373.6,467.0,22.6,489.6,20.01,24.47,0.98429,2.313,14.11,25.12,14,2
22.651,hall_mission,9x4.5,pi5,-2.781,7.163,-1.993,0.089,1.002,0.001,1.005,-0.98,-6.34,74.39,0.4687,0.4723,0.4614,0.4621,8189,27.919,711.7,373.4,466.7,22.6,489.3,20.00,24.47,0.98424,2.319,14.12,25.12,14,2
22.703,hall_mission,9x4.5,pi5,-2.774,7.217,-1.994,0.114,0.996,0.002,1.002,-0.74,-6.35,72.37,0.4838,0.4749,0.4481,0.4587,8192,27.957,712.7,374.4,468.0,22.6,490.6,20.05,24.47,0.98419,2.326,14.08,25.12,14,2
22.743,hall_mission,9x4.5,pi5,-2.768,7.255,-1.994,0.130,0.991,0.003,1.000,-0.64,-6.35,71.08,0.4635,0.4659,0.4691,0.4683,8197,27.974,713.1,374.4,468.0,22.6,490.6,20.05,24.47,0.98416,2.332,14.08,25.12,14,2
22.795,hall_mission,9x4.5,pi5,-2.757,7.316,-1.993,0.157,0.984,0.005,0.996,-0.74,-6.30,69.16,0.4488,0.4519,0.4833,0.4840,8202,28.028,714.5,376.0,470.0,22.6,492.6,20.14,24.46,0.98411,2.339,14.02,25.12,14,2
22.843,hall_mission,9x4.5,pi5,-2.750,7.353,-1.993,0.175,0.978,0.005,0.993,-0.84,-6.27,67.87,0.4496,0.4415,0.4853,0.4941,8210,28.108,716.5,378.0,472.5,22.6,495.1,20.24,24.46,0.98406,2.345,13.94,25.12,14,2
22.891,hall_mission,9x4.5,pi5,-2.738,7.405,-1.992,0.200,0.969,0.005,0.989,-1.06,-6.23,65.85,0.4199,0.4233,0.5145,0.5125,8210,28.243,720.0,383.6,479.4,22.6,502.0,20.53,24.45,0.98402,2.352,13.75,25.12,14,2
22.943,hall_mission,9x4.5,pi5,-2.729,7.442,-1.992,0.220,0.961,0.002,0.986,-1.31,-6.17,64.41,0.4018,0.4082,0.5293,0.5279,8199,28.317,721.9,388.0,485.1,22.6,507.7,20.77,24.44,0.98397,2.360,13.59,25.12,14,2
22.995,hall_mission,9x4.5,pi5,-2.712,7.501,-1.991,0.254,0.946,-0.003,0.979,-1.60,-6.09,62.02,0.4042,0.4137,0.5244,0.5218,8187,28.191,718.7,384.5,480.7,22.6,503.3,20.58,24.45,0.98392,2.367,13.71,25.12,14,2
23.043,hall_mission,9x4.5,pi5,-2.701,7.537,-1.991,0.277,0.935,-0.004,0.975,-1.68,-6.07,60.27,0.4227,0.4283,0.5067,0.5058,8185,28.035,714.7,378.5,473.2,22.6,495.8,20.27,24.46,0.98387,2.373,13.92,25.12,14,2
23.091,hall_mission,9x4.5,pi5,-2.683,7.586,-1.991,0.309,0.918,-0.004,0.968,-1.63,-6.07,57.49,0.4446,0.4516,0.4850,0.4823,8185,27.917,711.7,373.9,467.3,22.6,489.9,20.03,24.46,0.98383,2.380,14.09,25.12,14,2
23.143,hall_mission,9x4.5,pi5,-2.669,7.621,-1.990,0.331,0.905,-0.004,0.964,-1.50,-6.08,55.59,0.4726,0.4757,0.4579,0.4576,8187,27.906,711.4,373.2,466.5,22.6,489.1,19.99,24.46,0.98378,2.387,14.11,25.12,14,2
23.191,hall_mission,9x4.5,pi5,-2.645,7.676,-1.990,0.365,0.886,-0.003,0.958,-1.20,-6.11,52.81,0.4944,0.4984,0.4367,0.4350,8189,27.997,713.7,376.5,470.6,22.6,493.2,20.17,24.46,0.98374,2.394,13.99,25.12,14,2
23.243,hall_mission,9x4.5,pi5,-2.628,7.710,-1.990,0.385,0.874,-0.003,0.955,-0.95,-6.13,51.06,0.5148,0.5174,0.4161,0.4161,8189,28.134,717.2,382.0,477.5,22.6,500.1,20.46,24.45,0.98369,2.401,13.79,25.12,14,2
23.291,hall_mission,9x4.5,pi5,-2.604,7.757,-1.990,0.410,0.859,-0.005,0.952,-0.56,-6.14,48.68,0.5274,0.5305,0.4035,0.4019,8185,28.236,719.8,386.7,483.3,22.6,505.9,20.70,24.44,0.98364,2.408,13.63,25.12,14,2
23.343,hall_mission,9x4.5,pi5,-2.586,7.789,-1.990,0.427,0.850,-0.007,0.951,-0.31,-6.14,47.30,0.5365,0.5374,0.3933,0.3942,8178,28.289,721.2,389.7,487.2,22.6,509.8,20.86,24.44,0.98359,2.415,13.52,25.12,14,2
23.391,hall_mission,9x4.5,pi5,-2.556,7.841,-1.990,0.451,0.836,-0.010,0.950,0.06,-6.12,45.59,0.5385,0.5402,0.3904,0.3905,8171,28.278,720.9,390.2,487.8,22.6,510.4,20.89,24.44,0.98354,2.422,13.51,25.12,14,2
23.443,hall_mission,9x4.5,pi5,-2.537,7.873,-1.991,0.465,0.829,-0.011,0.950,0.31,-6.10,44.61,0.5367,0.5381,0.3909,0.3926,8166,28.226,719.6,388.7,485.9,22.6,508.5,20.81,24.44,0.98349,2.429,13.55,25.12,14,2
23.491,hall_mission,9x4.5,pi5,-2.509,7.918,-1.991,0.481,0.820,-0.011,0.950,0.57,-6.07,43.69,0.5311,0.5335,0.3963,0.3970,8165,28.155,717.8,386.1,482.6,22.6,505.2,20.67,24.44,0.98345,2.436,13.64,25.12,14,2
23.543,hall_mission,9x4.5,pi5,-2.489,7.949,-1.992,0.491,0.814,-0.011,0.951,0.73,-6.04,43.24,0.5236,0.5246,0.4044,0.4052,8165,28.063,715.4,382.4,478.0,22.6,500.6,20.48,24.45,0.98340,2.443,13.77,25.12,14,2
23.595,hall_mission,9x4.5,pi5,-2.456,7.999,-1.992,0.504,0.806,-0.010,0.950,0.93,-6.01,42.85,0.5083,0.4921,0.4206,0.4365,8164,27.862,710.3,374.5,468.2,22.6,490.8,20.07,24.46,0.98335,2.450,14.05,25.12,14,2
23.643,hall_mission,9x4.5,pi5,-2.436,8.030,-1.993,0.511,0.801,-0.009,0.950,0.87,-6.00,42.72,0.4523,0.4546,0.4737,0.4767,8163,27.752,707.5,370.2,462.7,22.6,485.3,19.84,24.46,0.98331,2.457,14.21,25.12,14,2
23.695,hall_mission,9x4.5,pi5,-2.407,8.073,-1.993,0.521,0.793,-0.010,0.949,0.49,-5.94,42.53,0.4148,0.4200,0.5115,0.5101,8160,27.908,711.5,376.9,471.2,22.6,493.8,20.19,24.45,0.98326,2.464,13.97,25.12,14,2
23.743,hall_mission,9x4.5,pi5,-2.386,8.103,-1.994,0.529,0.786,-0.011,0.947,0.22,-5.91,42.29,0.4004,0.4054,0.5247,0.5248,8156,28.016,714.2,381.8,477.2,22.6,499.8,20.44,24.45,0.98321,2.470,13.79,25.12,14,2
23.791,hall_mission,9x4.5,pi5,-2.353,8.151,-1.995,0.543,0.771,-0.010,0.943,-0.07,-5.87,41.67,0.3987,0.4060,0.5256,0.5249,8155,28.019,714.3,381.9,477.4,22.6,500.0,20.45,24.45,0.98317,2.477,13.78,25.12,14,2
23.843,hall_mission,9x4.5,pi5,-2.332,8.181,-1.995,0.551,0.761,-0.008,0.939,-0.17,-5.86,41.07,0.4098,0.4147,0.5167,0.5156,8161,27.965,712.9,379.0,473.7,22.6,496.3,20.30,24.45,0.98312,2.484,13.89,25.12,14,2
23.895,hall_mission,9x4.5,pi5,-2.301,8.221,-1.996,0.564,0.745,-0.005,0.935,-0.21,-5.86,39.95,0.4265,0.4294,0.5012,0.5013,8167,27.883,710.8,375.0,468.7,22.6,491.3,20.09,24.46,0.98307,2.491,14.03,25.12,14,2
23.943,hall_mission,9x4.5,pi5,-2.279,8.249,-1.996,0.573,0.734,-0.003,0.931,-0.19,-5.86,39.09,0.4423,0.4467,0.4864,0.4849,8173,27.849,709.9,372.7,465.8,22.6,488.4,19.97,24.46,0.98303,2.498,14.12,25.12,14,2
23.995,hall_mission,9x4.5,pi5,-2.243,8.294,-1.996,0.587,0.717,0.001,0.927,-0.10,-5.88,37.71,0.4600,0.4645,0.4697,0.4687,8183,27.879,710.7,372.5,465.7,22.6,488.3,19.96,24.46,0.98298,2.505,14.12,25.11,14,2
24.043,hall_mission,9x4.5,pi5,-2.220,8.322,-1.995,0.595,0.707,0.002,0.924,0.02,-5.90,36.78,0.4753,0.4783,0.4557,0.4558,8191,27.940,712.3,373.9,467.4,22.6,490.0,20.04,24.46,0.98293,2.511,14.07,25.11,14,2
24.091,hall_mission,9x4.5,pi5,-2.188,8.360,-1.995,0.606,0.695,0.004,0.922,0.24,-5.93,35.44,0.4870,0.4904,0.4454,0.4442,8198,28.022,714.4,376.2,470.3,22.6,492.9,20.16,24.45,0.98289,2.518,13.98,25.11,14,2
24.143,hall_mission,9x4.5,pi5,-2.164,8.388,-1.994,0.613,0.687,0.005,0.921,0.38,-5.94,34.62,0.4971,0.4990,0.4353,0.4370,8203,28.097,716.3,378.6,473.2,22.6,495.8,20.28,24.45,0.98284,2.525,13.90,25.11,14,2
24.195,hall_mission,9x4.5,pi5,-2.126,8.431,-1.993,0.623,0.676,0.005,0.920,0.60,-5.96,33.55,0.5028,0.5047,0.4310,0.4310,8207,28.157,717.8,380.4,475.5,22.6,498.1,20.38,24.44,0.98279,2.532,13.83,25.11,14,2
24.243,hall_mission,9x4.5,pi5,-2.102,8.458,-1.993,0.629,0.670,0.005,0.919,0.73,-5.97,32.96,0.5051,0.5067,0.4284,0.4298,8209,28.182,718.4,381.2,476.5,22.6,499.1,20.42,24.44,0.98274,2.539,13.80,25.11,14,2
24.291,hall_mission,9x4.5,pi5,-2.068,8.495,-1.992,0.637,0.664,0.004,0.920,0.90,-5.97,32.26,0.5049,0.5063,0.4302,0.4291,8210,28.188,718.6,381.3,476.6,22.6,499.2,20.42,24.44,0.98270,2.546,13.80,25.11,14,2
24.343,hall_mission,9x4.5,pi5,-2.043,8.521,-1.992,0.642,0.660,0.005,0.920,0.99,-5.98,31.91,0.5023,0.5039,0.4319,0.4326,8212,28.182,718.4,380.8,476.0,22.6,498.6,20.40,24.44,0.98265,2.553,13.81,25.11,14,2
24.391,hall_mission,9x4.5,pi5,-2.018,8.548,-1.992,0.646,0.656,0.004,0.921,1.07,-5.99,31.66,0.4982,0.5004,0.4362,0.4363,8213,28.168,718.1,380.1,475.1,22.6,497.7,20.36,24.44,0.98260,2.560,13.84,25.11,14,2
24.443,hall_mission,9x4.5,pi5,-1.978,8.590,-1.992,0.652,0.652,0.004,0.922,1.16,-6.00,31.44,0.4938,0.4942,0.4407,0.4421,8212,28.136,717.3,378.9,473.6,22.6,496.2,20.30,24.44,0.98256,2.567,13.88,25.11,14,2
24.495,hall_mission,9x4.5,pi5,-1.942,8.627,-1.992,0.658,0.650,0.003,0.924,1.23,-6.01,31.38,0.4867,0.4898,0.4477,0.4467,8212,28.110,716.6,377.9,472.4,22.6,495.0,20.25,24.45,0.98251,2.574,13.91,25.11,14,2
24.543,hall_mission,9x4.5,pi5,-1.916,8.654,-1.992,0.661,0.648,0.003,0.926,1.25,-6.02,31.41,0.4823,0.4835,0.4512,0.4537,8211,28.089,716.1,377.2,471.5,22.6,494.1,20.21,24.45,0.98246,2.580,13.94,25.11,14,2
24.591,hall_mission,9x4.5,pi5,-1.875,8.697,-1.992,0.666,0.647,0.004,0.929,1.27,-6.03,31.53,0.4765,0.4794,0.4575,0.4576,8213,28.087,716.0,376.9,471.1,22.6,493.7,20.20,24.45,0.98242,2.587,13.95,25.11,14,2
24.643,hall_mission,9x4.5,pi5,-1.848,8.724,-1.992,0.669,0.647,0.004,0.931,1.28,-6.04,31.65,0.4723,0.4739,0.4623,0.4628,8213,28.086,716.0,376.7,470.9,22.6,493.5,20.19,24.45,0.98237,2.594,13.95,25.11,14,2
24.691,hall_mission,9x4.5,pi5,-1.822,8.751,-1.993,0.672,0.646,0.004,0.932,1.28,-6.05,31.78,0.4679,0.4709,0.4664,0.4666,8215,28.097,716.3,376.9,471.1,22.6,493.7,20.20,24.45,0.98232,2.601,13.94,25.11,14,2
24.743,hall_mission,9x4.5,pi5,-1.785,8.789,-1.993,0.675,0.647,0.005,0.935,1.27,-6.06,31.98,0.4659,0.4665,0.4695,0.4704,8217,28.109,716.6,377.2,471.5,22.6,494.1,20.21,24.45,0.98227,2.608,13.93,25.11,14,2
24.791,hall_mission,9x4.5,pi5,-1.743,8.832,-1.993,0.679,0.647,0.005,0.938,1.25,-6.07,32.18,0.4624,0.4658,0.4721,0.4726,8219,28.127,717.0,377.5,471.9,22.6,494.5,20.23,24.44,0.98223,2.614,13.92,25.11,14,2
24.843,hall_mission,9x4.5,pi5,-1.716,8.860,-1.993,0.681,0.648,0.006,0.940,1.24,-6.08,32.30,0.4621,0.4634,0.4732,0.4750,8222,28.145,717.5,377.9,472.4,22.6,495.0,20.25,24.44,0.98218,2.622,13.90,25.11,14,2
24.891,hall_mission,9x4.5,pi5,-1.679,8.898,-1.992,0.684,0.649,0.006,0.943,1.21,-6.09,32.44,0.4607,0.4636,0.4751,0.4749,8224,28.163,718.0,378.3,472.9,22.6,495.5,20.27,24.44,0.98214,2.628,13.89,25.11,14,2
24.943,hall_mission,9x4.5,pi5,-1.652,8.925,-1.992,0.686,0.649,0.006,0.945,1.20,-6.09,32.52,0.4613,0.4631,0.4745,0.4761,8227,28.182,718.4,378.7,473.4,22.6,496.0,20.29,24.44,0.98209,2.635,13.87,25.11,14,2
24.991,hall_mission,9x4.5,pi5,-1.625,8.952,-1.991,0.688,0.649,0.006,0.946,1.17,-6.10,32.60,0.4616,0.4637,0.4747,0.4757,8230,28.198,718.8,379.0,473.8,22.6,496.4,20.31,24.44,0.98204,2.642,13.86,25.11,14,2
25.043,hall_mission,9x4.5,pi5,-1.581,8.996,-1.990,0.692,0.650,0.006,0.949,1.15,-6.11,32.63,0.4676,0.4428,0.4718,0.4950,8235,28.264,720.5,380.9,476.1,22.6,498.7,20.41,24.44,0.98199,2.649,13.79,25.11,14,2
25.095,hall_mission,9x4.5,pi5,-1.543,9.033,-1.990,0.695,0.649,0.001,0.951,0.82,-6.12,32.62,0.3854,0.3854,0.5527,0.5504,8223,28.753,733.0,402.3,502.9,22.6,525.5,21.53,24.40,0.98194,2.657,13.07,25.11,14,2
25.143,hall_mission,9x4.5,pi5,-1.515,9.060,-1.989,0.701,0.647,-0.014,0.954,0.23,-6.02,32.42,0.3271,0.3318,0.6027,0.5984,8172,29.412,749.8,435.4,544.2,22.6,566.8,23.28,24.35,0.98189,2.664,12.09,25.11,14,2
25.195,hall_mission,9x4.5,pi5,-1.469,9.102,-1.991,0.714,0.635,-0.048,0.957,-0.69,-5.84,31.56,0.2980,0.3113,0.6150,0.6107,8081,29.268,746.1,441.1,551.4,22.6,574.0,23.58,24.34,0.98183,2.673,11.94,25.11,14,2
25.243,hall_mission,9x4.5,pi5,-1.440,9.127,-1.993,0.723,0.622,-0.064,0.956,-1.18,-5.73,30.55,0.3058,0.3155,0.5985,0.5980,8020,28.584,728.7,421.7,527.1,22.6,549.7,22.56,24.37,0.98178,2.680,12.48,25.11,14,2
25.291,hall_mission,9x4.5,pi5,-1.399,9.162,-1.997,0.736,0.598,-0.073,0.951,-1.62,-5.61,28.39,0.3290,0.3412,0.5708,0.5672,7985,27.741,707.2,392.9,491.1,22.6,513.7,21.04,24.42,0.98174,2.687,13.37,25.11,14,2
25.343,hall_mission,9x4.5,pi5,-1.369,9.186,-2.000,0.745,0.578,-0.071,0.946,-1.74,-5.58,26.61,0.3700,0.3768,0.5295,0.5305,7980,27.046,689.5,366.4,458.0,22.6,480.6,19.65,24.46,0.98169,2.694,14.32,25.11,14,2
25.395,hall_mission,9x4.5,pi5,-1.320,9.221,-2.004,0.757,0.544,-0.055,0.934,-1.70,-5.60,23.59,0.4126,0.4207,0.4916,0.4893,8006,26.806,683.4,353.6,442.0,22.6,464.6,18.98,24.48,0.98164,2.700,14.83,25.11,14,2
25.443,hall_mission,9x4.5,pi5,-1.289,9.242,-2.006,0.764,0.523,-0.040,0.927,-1.56,-5.64,21.46,0.4534,0.4571,0.4565,0.4572,8043,26.930,686.5,353.7,442.1,22.6,464.7,18.99,24.48,0.98160,2.707,14.82,25.11,14,2
25.495,hall_mission,9x4.5,pi5,-1.246,9.270,-2.008,0.774,0.494,-0.022,0.918,-1.24,-5.73,18.28,0.4894,0.4935,0.4264,0.4247,8078,27.263,695.0,362.1,452.7,22.6,475.3,19.43,24.46,0.98155,2.714,14.48,25.11,14,2
25.543,hall_mission,9x4.5,pi5,-1.214,9.288,-2.009,0.780,0.474,-0.013,0.913,-0.99,-5.79,16.26,0.5171,0.5182,0.4030,0.4028,8104,27.628,704.3,373.2,466.5,22.6,489.1,20.01,24.44,0.98151,2.720,14.06,25.11,14,2
25.595,hall_mission,9x4.5,pi5,-1.164,9.317,-2.009,0.791,0.445,-0.006,0.907,-0.58,-5.85,13.50,0.5365,0.5380,0.3859,0.3849,8119,27.949,712.5,383.9,479.9,22.6,502.5,20.57,24.43,0.98146,2.727,13.68,25.11,14,2
25.643,hall_mission,9x4.5,pi5,-1.132,9.333,-2.009,0.797,0.428,-0.004,0.905,-0.31,-5.88,11.90,0.5467,0.5483,0.3749,0.3763,8122,28.111,716.6,390.0,487.4,22.6,510.0,20.89,24.42,0.98141,2.734,13.47,25.11,14,2
25.695,hall_mission,9x4.5,pi5,-1.088,9.356,-2.009,0.805,0.408,-0.004,0.903,0.07,-5.90,9.91,0.5586,0.5791,0.3694,0.3437,8139,28.577,728.5,406.3,507.8,22.6,530.4,21.75,24.39,0.98136,2.742,12.93,25.11,14,2
25.744,hall_mission,9x4.5,pi5,-1.056,9.371,-2.009,0.812,0.396,-0.011,0.903,0.50,-5.95,8.90,0.6172,0.6216,0.3053,0.2991,8111,29.591,754.4,450.2,562.8,22.6,585.4,24.07,24.32,0.98131,2.750,11.69,25.11,14,2
25.792,hall_mission,9x4.5,pi5,-1.004,9.395,-2.010,0.822,0.385,-0.047,0.909,1.49,-5.88,8.08,0.6476,0.6434,0.2631,0.2668,8031,30.015,765.2,476.7,595.8,22.6,618.4,25.47,24.28,0.98125,2.758,11.04,25.11,14,2
25.844,hall_mission,9x4.5,pi5,-0.971,9.410,-2.012,0.828,0.384,-0.072,0.915,2.13,-5.79,8.08,0.6411,0.6370,0.2520,0.2599,7919,29.316,747.3,462.1,577.6,22.6,600.2,24.70,24.30,0.98119,2.767,11.39,25.11,14,2
25.896,hall_mission,9x4.5,pi5,-0.926,9.432,-2.017,0.831,0.391,-0.094,0.923,2.87,-5.67,8.93,0.6113,0.6108,0.2710,0.2784,7852,28.141,717.4,424.2,530.3,22.6,552.9,22.70,24.36,0.98114,2.775,12.39,25.11,14,2
25.944,hall_mission,9x4.5,pi5,-0.893,9.448,-2.021,0.831,0.399,-0.097,0.927,3.18,-5.63,10.01,0.5755,0.5742,0.3032,0.3112,7825,27.057,689.8,385.8,482.2,22.6,504.8,20.67,24.42,0.98109,2.781,13.60,25.11,14,2
25.996,hall_mission,9x4.5,pi5,-0.841,9.474,-2.027,0.826,0.414,-0.079,0.928,3.40,-5.65,12.22,0.5334,0.5329,0.3487,0.3550,7847,26.352,671.8,356.1,445.1,22.6,467.7,19.11,24.47,0.98104,2.788,14.71,25.10,14,2
26.044,hall_mission,9x4.5,pi5,-0.808,9.492,-2.030,0.822,0.425,-0.058,0.927,3.41,-5.71,13.97,0.4958,0.4969,0.3934,0.3984,7899,26.196,667.8,343.6,429.5,22.6,452.1,18.46,24.49,0.98100,2.794,15.23,25.10,14,2
26.088,hall_mission,9x4.5,pi5,-0.776,9.509,-2.032,0.816,0.435,-0.036,0.926,3.33,-5.80,15.84,0.4649,0.4660,0.4328,0.4353,7952,26.345,671.6,342.6,428.3,22.6,450.9,18.41,24.49,0.98097,2.800,15.27,25.10,14,2
26.136,hall_mission,9x4.5,pi5,-0.732,9.535,-2.033,0.809,0.451,-0.006,0.926,3.11,-5.98,18.73,0.4362,0.4377,0.4707,0.4716,8014,26.762,682.2,350.9,438.6,22.6,461.2,18.84,24.47,0.98092,2.806,14.92,25.10,14,2
26.188,hall_mission,9x4.5,pi5,-0.701,9.554,-2.033,0.804,0.462,0.010,0.927,2.91,-6.09,20.61,0.4189,0.4359,0.4982,0.4829,8085,27.306,696.1,362.9,453.7,22.6,476.3,19.48,24.46,0.98088,2.813,14.43,25.10,14,2
26.236,hall_mission,9x4.5,pi5,-0.652,9.586,-2.031,0.797,0.480,0.028,0.931,2.81,-6.21,23.26,0.4466,0.4494,0.4737,0.4769,8124,27.492,700.8,365.1,456.4,22.6,479.0,19.59,24.45,0.98083,2.819,14.35,25.10,14,2
26.288,hall_mission,9x4.5,pi5,-0.621,9.607,-2.028,0.792,0.493,0.035,0.933,2.91,-6.25,24.94,0.4621,0.4629,0.4628,0.4669,8153,27.674,705.5,368.4,460.6,22.6,483.2,19.76,24.45,0.98079,2.826,14.22,25.10,14,2
26.336,hall_mission,9x4.5,pi5,-0.579,9.636,-2.025,0.783,0.513,0.042,0.937,3.05,-6.34,27.40,0.4636,0.4642,0.4647,0.4691,8178,27.844,709.8,371.8,464.8,22.6,487.4,19.94,24.44,0.98074,2.832,14.09,25.10,14,2
26.388,hall_mission,9x4.5,pi5,-0.549,9.658,-2.022,0.777,0.528,0.047,0.941,3.08,-6.41,29.02,0.4576,0.4568,0.4752,0.4788,8203,28.022,714.4,375.6,469.5,22.6,492.1,20.14,24.43,0.98069,2.840,13.96,25.10,14,2
26.436,hall_mission,9x4.5,pi5,-0.501,9.694,-2.017,0.766,0.554,0.049,0.946,3.00,-6.53,31.37,0.4468,0.4469,0.4877,0.4904,8215,28.136,717.3,378.5,473.1,22.6,495.7,20.29,24.43,0.98065,2.846,13.85,25.10,14,2
26.488,hall_mission,9x4.5,pi5,-0.472,9.718,-2.015,0.759,0.570,0.047,0.950,2.89,-6.60,32.87,0.4344,0.4349,0.5007,0.5029,8219,28.222,719.5,381.4,476.8,22.6,499.4,20.45,24.42,0.98060,2.853,13.74,25.10,14,2
26.536,hall_mission,9x4.5,pi5,-0.430,9.751,-2.012,0.750,0.592,0.043,0.956,2.65,-6.69,34.94,0.4240,0.4250,0.5109,0.5125,8218,28.281,721.0,384.0,479.9,22.6,502.5,20.58,24.42,0.98055,2.860,13.65,25.10,14,2
26.588,hall_mission,9x4.5,pi5,-0.401,9.776,-2.010,0.744,0.607,0.040,0.961,2.46,-6.74,36.18,0.4155,0.4171,0.5183,0.5202,8213,28.310,721.7,385.9,482.3,22.6,504.9,20.68,24.42,0.98050,2.867,13.59,25.10,14,2
26.636,hall_mission,9x4.5,pi5,-0.354,9.818,-2.007,0.736,0.629,0.034,0.968,2.17,-6.79,37.79,0.4112,0.4123,0.5223,0.5236,8207,28.309,721.7,386.6,483.3,22.6,505.9,20.72,24.41,0.98046,2.874,13.56,25.10,14,2
26.688,hall_mission,9x4.5,pi5,-0.325,9.844,-2.006,0.731,0.641,0.031,0.973,1.98,-6.81,38.67,0.4092,0.4114,0.5232,0.5241,8201,28.282,721.0,386.3,482.8,22.6,505.4,20.70,24.41,0.98041,2.881,13.57,25.10,14,2
26.736,hall_mission,9x4.5,pi5,-0.284,9.882,-2.005,0.726,0.657,0.028,0.979,1.71,-6.82,39.73,0.4110,0.4127,0.5211,0.5220,8198,28.239,719.9,385.0,481.3,22.6,503.9,20.64,24.42,0.98036,2.888,13.61,25.10,14,2
26.788,hall_mission,9x4.5,pi5,-0.255,9.910,-2.005,0.722,0.667,0.026,0.984,1.55,-6.81,40.25,0.4216,0.4380,0.5131,0.4953,8202,28.131,717.1,380.1,475.2,22.6,497.8,20.38,24.42,0.98031,2.895,13.78,25.10,14,2
26.836,hall_mission,9x4.5,pi5,-0.208,9.955,-2.004,0.718,0.682,0.021,0.991,1.56,-6.79,40.81,0.4676,0.4718,0.4613,0.4646,8192,27.937,712.2,373.7,467.1,22.6,489.7,20.04,24.43,0.98027,2.902,14.01,25.10,14,2
26.888,hall_mission,9x4.5,pi5,-0.179,9.983,-2.004,0.715,0.692,0.017,0.995,1.75,-6.75,41.16,0.5005,0.4997,0.4294,0.4326,8180,27.962,712.8,376.3,470.4,22.6,493.0,20.18,24.43,0.98022,2.909,13.92,25.10,14,2
26.936,hall_mission,9x4.5,pi5,-0.139,10.024,-2.004,0.708,0.706,0.014,1.000,2.06,-6.70,41.78,0.5117,0.5119,0.4164,0.4205,8174,28.006,713.9,378.9,473.6,22.6,496.2,20.32,24.42,0.98017,2.916,13.82,25.10,14,2
26.988,hall_mission,9x4.5,pi5,-0.111,10.053,-2.004,0.702,0.717,0.014,1.003,2.20,-6.69,42.32,0.5114,0.5114,0.4166,0.4209,8174,28.001,713.8,378.7,473.4,22.6,496.0,20.31,24.42,0.98013,2.923,13.83,25.10,14,2
27.036,hall_mission,9x4.5,pi5,-0.066,10.101,-2.005,0.690,0.734,0.017,1.007,2.29,-6.68,43.33,0.5030,0.5039,0.4254,0.4293,8179,27.973,713.1,376.9,471.2,22.6,493.8,20.21,24.43,0.98008,2.929,13.89,25.10,14,2
27.088,hall_mission,9x4.5,pi5,-0.038,10.131,-2.005,0.682,0.745,0.018,1.010,2.27,-6.68,44.11,0.4897,0.4908,0.4396,0.4426,8182,27.924,711.9,374.5,468.1,22.6,490.7,20.09,24.43,0.98003,2.936,13.98,25.10,14,2
27.136,hall_mission,9x4.5,pi5,0.000,10.175,-2.005,0.671,0.760,0.019,1.014,2.17,-6.71,45.40,0.4757,0.4772,0.4542,0.4563,8185,27.899,711.2,373.1,466.4,22.6,489.0,20.02,24.43,0.97999,2.943,14.03,25.10,14,2
27.188,hall_mission,9x4.5,pi5,0.027,10.206,-2.005,0.664,0.770,0.020,1.017,2.05,-6.73,46.30,0.4615,0.4629,0.4690,0.4710,8189,27.916,711.7,373.3,466.6,22.6,489.2,20.02,24.43,0.97994,2.950,14.02,25.10,14,2
27.236,hall_mission,9x4.5,pi5,0.070,10.257,-2.006,0.652,0.784,0.022,1.020,1.84,-6.76,47.63,0.4498,0.4518,0.4812,0.4824,8191,27.954,712.6,374.5,468.1,22.6,490.7,20.09,24.43,0.97989,2.957,13.98,25.10,14,2
27.288,hall_mission,9x4.5,pi5,0.095,10.290,-2.006,0.646,0.793,0.022,1.023,1.68,-6.77,48.47,0.4440,0.4602,0.4882,0.4754,8201,28.024,714.4,375.9,469.9,22.6,492.5,20.16,24.43,0.97985,2.964,13.92,25.10,14,2
27.336,hall_mission,9x4.5,pi5,0.131,10.335,-2.006,0.636,0.804,0.022,1.025,1.63,-6.78,49.65,0.4795,0.4823,0.4515,0.4542,8200,28.008,714.0,375.5,469.3,22.6,491.9,20.14,24.43,0.97980,2.970,13.94,25.10,14,2
27.388,hall_mission,9x4.5,pi5,0.156,10.368,-2.006,0.629,0.812,0.019,1.027,1.79,-6.75,50.43,0.5021,0.5019,0.4283,0.4324,8190,28.035,714.7,377.9,472.4,22.6,495.0,20.27,24.42,0.97975,2.977,13.85,25.10,14,2
27.436,hall_mission,9x4.5,pi5,0.195,10.422,-2.007,0.615,0.826,0.017,1.030,2.04,-6.73,51.73,0.5067,0.5063,0.4229,0.4273,8184,28.028,714.5,378.4,473.0,22.6,495.6,20.30,24.42,0.97971,2.984,13.83,25.10,14,2
27.488,hall_mission,9x4.5,pi5,0.219,10.456,-2.007,0.605,0.835,0.017,1.031,2.14,-6.73,52.71,0.5003,0.5000,0.4296,0.4337,8185,27.996,713.7,376.9,471.2,22.6,493.8,20.22,24.42,0.97966,2.991,13.88,25.10,14,2
27.536,hall_mission,9x4.5,pi5,0.251,10.504,-2.007,0.589,0.848,0.019,1.033,2.17,-6.76,54.31,0.4878,0.4887,0.4427,0.4454,8189,27.961,712.8,375.0,468.8,22.6,491.4,20.12,24.43,0.97961,2.998,13.95,25.10,14,2
27.588,hall_mission,9x4.5,pi5,0.274,10.539,-2.007,0.577,0.858,0.019,1.034,2.11,-6.79,55.43,0.4791,0.4926,0.4545,0.4415,8200,28.031,714.6,376.3,470.4,22.6,493.0,20.18,24.42,0.97957,3.005,13.90,25.10,14,2
27.636,hall_mission,9x4.5,pi5,0.309,10.596,-2.006,0.559,0.873,0.020,1.037,2.15,-6.80,57.19,0.5043,0.5058,0.4277,0.4302,8201,28.128,717.1,380.1,475.1,22.6,497.7,20.38,24.42,0.97952,3.011,13.77,25.10,14,2
27.688,hall_mission,9x4.5,pi5,0.331,10.632,-2.006,0.546,0.883,0.018,1.038,2.30,-6.78,58.44,0.5139,0.5132,0.4166,0.4222,8194,28.145,717.5,381.8,477.2,22.6,499.8,20.47,24.41,0.97947,3.019,13.71,25.10,14,2
27.736,hall_mission,9x4.5,pi5,0.360,10.683,-2.006,0.525,0.898,0.016,1.040,2.48,-6.77,60.49,0.5071,0.5082,0.4229,0.4269,8191,28.082,715.9,379.6,474.5,22.6,497.1,20.36,24.42,0.97943,3.025,13.78,25.10,14,2
27.788,hall_mission,9x4.5,pi5,0.379,10.720,-2.006,0.508,0.908,0.016,1.041,2.51,-6.79,61.98,0.4992,0.5103,0.4343,0.4239,8200,28.123,716.9,380.0,475.0,22.6,497.6,20.38,24.42,0.97938,3.033,13.77,25.10,14,2
27.836,hall_mission,9x4.5,pi5,0.409,10.780,-2.005,0.480,0.925,0.016,1.042,2.62,-6.80,64.34,0.5176,0.5193,0.4131,0.4171,8198,28.215,719.3,384.0,480.0,22.6,502.6,20.59,24.41,0.97933,3.039,13.63,25.10,14,2
27.888,hall_mission,9x4.5,pi5,0.426,10.818,-2.005,0.461,0.935,0.014,1.043,2.77,-6.77,66.05,0.5207,0.5183,0.4092,0.4167,8190,28.176,718.3,383.5,479.4,22.6,502.0,20.56,24.41,0.97928,3.046,13.64,25.10,14,2
27.936,hall_mission,9x4.5,pi5,0.450,10.872,-2.004,0.431,0.949,0.012,1.043,2.90,-6.77,68.81,0.5069,0.5065,0.4228,0.4280,8188,28.056,715.2,379.0,473.7,22.6,496.3,20.33,24.42,0.97924,3.053,13.80,25.10,14,2
27.988,hall_mission,9x4.5,pi5,0.465,10.910,-2.004,0.408,0.959,0.012,1.042,2.88,-6.80,70.76,0.4847,0.4835,0.4447,0.4511,8187,27.934,712.1,374.2,467.8,22.6,490.4,20.08,24.42,0.97919,3.060,13.97,25.09,14,2
28.036,hall_mission,9x4.5,pi5,0.488,10.973,-2.003,0.371,0.973,0.012,1.042,2.69,-6.87,73.77,0.4606,0.4605,0.4696,0.4737,8189,27.918,711.7,373.4,466.7,22.6,489.3,20.03,24.42,0.97914,3.067,14.00,25.09,14,2
28.088,hall_mission,9x4.5,pi5,0.500,11.012,-2.003,0.348,0.981,0.012,1.041,2.48,-6.92,75.75,0.4366,0.4356,0.4941,0.4983,8189,27.998,713.7,376.5,470.6,22.6,493.2,20.20,24.42,0.97909,3.074,13.89,25.09,14,2
28.132,hall_mission,9x4.5,pi5,0.512,11.052,-2.003,0.326,0.989,0.012,1.041,2.24,-6.97,77.67,0.4179,0.4186,0.5123,0.5154,8188,28.108,716.6,381.1,476.4,22.6,499.0,20.44,24.41,0.97905,3.080,13.72,25.09,14,2
28.180,hall_mission,9x4.5,pi5,0.528,11.108,-2.002,0.297,0.998,0.010,1.042,1.81,-7.03,80.32,0.4022,0.4037,0.5278,0.5291,8183,28.218,719.4,386.2,482.8,22.6,505.4,20.71,24.40,0.97901,3.087,13.54,25.09,14,2
28.232,hall_mission,9x4.5,pi5,0.538,11.148,-2.002,0.279,1.005,0.008,1.043,1.53,-7.05,81.89,0.3914,0.3924,0.5375,0.5395,8176,28.296,721.3,390.3,487.9,22.6,510.5,20.92,24.40,0.97896,3.094,13.40,25.09,14,2
28.280,hall_mission,9x4.5,pi5,0.553,11.213,-2.002,0.251,1.014,0.003,1.045,1.13,-7.05,83.88,0.4205,0.3447,0.5752,0.5156,8158,28.388,723.7,396.2,495.2,22.6,517.8,21.23,24.39,0.97891,3.101,13.21,25.09,14,2
28.332,hall_mission,9x4.5,pi5,0.562,11.254,-2.002,0.236,1.019,-0.003,1.046,0.93,-6.52,84.97,0.3682,0.3692,0.5598,0.5546,8143,28.381,723.5,398.0,497.5,22.6,520.1,21.33,24.38,0.97886,3.108,13.14,25.09,14,2
28.380,hall_mission,9x4.5,pi5,0.573,11.311,-2.002,0.216,1.013,-0.012,1.035,0.56,-4.19,86.17,0.3568,0.3645,0.5569,0.5682,8123,28.363,723.1,399.9,499.9,22.6,522.5,21.43,24.38,0.97881,3.115,13.08,25.09,14,2
28.432,hall_mission,9x4.5,pi5,0.581,11.351,-2.003,0.203,0.994,-0.017,1.015,0.37,-2.41,86.66,0.3423,0.3618,0.5646,0.5713,8100,28.340,722.5,401.9,502.4,22.6,525.0,21.54,24.38,0.97876,3.123,13.02,25.09,14,2
28.480,hall_mission,9x4.5,pi5,0.593,11.413,-2.004,0.185,0.942,-0.024,0.960,0.14,-0.02,86.89,0.3421,0.3587,0.5616,0.5717,8078,28.195,718.8,399.0,498.7,22.6,521.3,21.38,24.38,0.97871,3.130,13.11,25.09,14,2
28.532,hall_mission,9x4.5,pi5,0.600,11.449,-2.006,0.174,0.897,-0.026,0.914,0.04,1.27,86.72,0.3425,0.3582,0.5589,0.5693,8060,28.048,715.0,395.5,494.4,22.6,517.0,21.20,24.39,0.97866,3.137,13.22,25.09,14,2
28.580,hall_mission,9x4.5,pi5,0.608,11.496,-2.008,0.160,0.825,-0.026,0.840,-0.09,2.73,86.00,0.3263,0.4439,0.4909,0.5816,8110,28.121,716.9,391.7,489.6,22.6,512.2,21.00,24.39,0.97861,3.144,13.35,25.09,14,2
28.632,hall_mission,9x4.5,pi5,0.614,11.526,-2.009,0.150,0.768,-0.031,0.783,-0.14,2.90,85.26,0.4883,0.5060,0.4270,0.4193,8102,27.453,699.8,366.5,458.1,22.6,480.7,19.68,24.43,0.97857,3.151,14.24,25.09,14,2
28.680,hall_mission,9x4.5,pi5,0.622,11.569,-2.011,0.135,0.689,-0.041,0.703,0.16,0.94,84.19,0.5801,0.5787,0.3367,0.3394,8082,28.464,725.6,409.2,511.5,22.6,534.1,21.93,24.36,0.97852,3.158,12.78,25.09,14,2
28.732,hall_mission,9x4.5,pi5,0.627,11.593,-2.013,0.125,0.655,-0.054,0.669,0.55,-0.80,83.75,0.6216,0.6160,0.2959,0.2823,8012,29.105,742.0,443.0,553.8,22.6,576.4,23.71,24.31,0.97846,3.167,11.82,25.09,14,2
28.780,hall_mission,9x4.5,pi5,0.634,11.624,-2.017,0.109,0.631,-0.078,0.645,1.09,-3.26,83.77,0.6237,0.6168,0.2831,0.2715,7937,28.802,734.2,440.0,550.0,22.6,572.6,23.55,24.31,0.97841,3.174,11.90,25.09,14,2
28.832,hall_mission,9x4.5,pi5,0.638,11.646,-2.020,0.098,0.627,-0.089,0.641,1.37,-4.64,84.28,0.6039,0.5944,0.2965,0.2857,7884,27.956,712.7,413.4,516.8,22.6,539.4,22.15,24.35,0.97835,3.182,12.65,25.09,14,2
28.880,hall_mission,9x4.5,pi5,0.644,11.681,-2.026,0.079,0.638,-0.089,0.649,1.60,-6.25,85.74,0.5720,0.5639,0.3230,0.3158,7864,27.095,690.7,382.6,478.3,22.6,500.9,20.53,24.40,0.97831,3.189,13.65,25.09,14,2
28.932,hall_mission,9x4.5,pi5,0.648,11.704,-2.029,0.067,0.652,-0.078,0.660,1.63,-7.05,87.10,0.5334,0.5268,0.3623,0.3574,7883,26.502,675.6,357.4,446.8,22.6,469.4,19.21,24.44,0.97826,3.196,14.59,25.09,14,2
28.980,hall_mission,9x4.5,pi5,0.652,11.737,-2.033,0.050,0.676,-0.052,0.680,1.50,-7.91,89.55,0.4989,0.4930,0.4014,0.3992,7928,26.366,672.1,346.5,433.1,22.6,455.7,18.63,24.46,0.97822,3.202,15.04,25.09,14,2
29.032,hall_mission,9x4.5,pi5,0.654,11.762,-2.035,0.037,0.695,-0.030,0.697,1.33,-8.30,91.34,0.4635,0.4608,0.4431,0.4409,7985,26.555,677.0,346.5,433.1,22.6,455.7,18.63,24.46,0.97818,3.208,15.04,25.09,14,2
29.080,hall_mission,9x4.5,pi5,0.657,11.805,-2.035,0.018,0.730,0.002,0.730,0.99,-8.67,94.07,0.4377,0.4344,0.4764,0.4751,8041,26.950,687.0,354.7,443.4,22.6,466.0,19.06,24.44,0.97813,3.214,14.69,25.09,14,2
29.132,hall_mission,9x4.5,pi5,0.659,11.834,-2.034,0.006,0.753,0.017,0.753,0.73,-8.79,95.84,0.4145,0.4138,0.5055,0.5042,8093,27.444,699.6,367.4,459.3,22.6,481.9,19.73,24.42,0.97809,3.221,14.20,25.09,14,2
29.180,hall_mission,9x4.5,pi5,0.660,11.876,-2.032,-0.010,0.785,0.030,0.786,0.34,-8.85,98.26,0.3992,0.3998,0.5237,0.5235,8122,27.802,708.7,377.7,472.1,22.6,494.7,20.27,24.41,0.97804,3.228,13.82,25.09,14,2
29.232,hall_mission,9x4.5,pi5,0.661,11.908,-2.029,-0.020,0.809,0.036,0.810,0.10,-8.82,99.68,0.3909,0.3720,0.5367,0.5552,8154,28.277,720.9,392.4,490.5,22.6,513.1,21.04,24.38,0.97799,3.235,13.31,25.09,14,2
29.280,hall_mission,9x4.5,pi5,0.661,11.961,-2.025,-0.036,0.845,0.033,0.847,-0.38,-8.73,101.41,0.3281,0.3202,0.6028,0.6022,8148,29.335,747.8,435.4,544.2,22.6,566.8,23.31,24.32,0.97794,3.243,12.01,25.09,14,2
29.332,hall_mission,9x4.5,pi5,0.660,11.996,-2.022,-0.043,0.870,0.014,0.871,-0.98,-8.59,102.20,0.2742,0.2769,0.6429,0.6383,8072,30.038,765.8,472.7,590.9,22.6,613.5,25.29,24.26,0.97788,3.252,11.07,25.09,14,2
29.380,hall_mission,9x4.5,pi5,0.659,12.046,-2.021,-0.046,0.904,-0.023,0.905,-1.90,-8.27,102.57,0.2768,0.2120,0.6958,0.6139,7950,30.114,767.7,490.1,612.6,22.6,635.2,26.22,24.23,0.97782,3.260,10.68,25.09,14,2
29.432,hall_mission,9x4.5,pi5,0.659,12.084,-2.022,-0.042,0.926,-0.051,0.928,-2.16,-7.62,102.22,0.1995,0.1788,0.7017,0.6917,7852,31.308,798.1,546.0,682.5,22.6,705.1,29.21,24.14,0.97775,3.270,9.59,25.09,14,2
29.480,hall_mission,9x4.5,pi5,0.658,12.146,-2.026,-0.031,0.946,-0.114,0.954,-2.09,-5.24,100.58,0.1603,0.1730,0.6866,0.7109,7704,30.910,788.0,544.9,681.1,22.6,703.7,29.15,24.14,0.97768,3.280,9.60,25.09,14,2
29.532,hall_mission,9x4.5,pi5,0.658,12.185,-2.031,-0.021,0.942,-0.152,0.954,-1.98,-3.35,98.74,0.1705,0.1946,0.6551,0.6640,7536,28.622,729.7,474.7,593.4,22.6,616.0,25.40,24.25,0.97762,3.289,11.02,25.09,14,2
29.580,hall_mission,9x4.5,pi5,0.659,12.239,-2.040,-0.004,0.911,-0.174,0.927,-1.86,-0.79,94.98,0.2147,0.2397,0.6004,0.6102,7466,26.338,671.4,397.4,496.8,22.6,519.4,21.31,24.37,0.97758,3.296,13.14,25.09,14,2
29.632,hall_mission,9x4.5,pi5,0.660,12.276,-2.047,0.009,0.875,-0.162,0.890,-1.84,0.57,91.93,0.2852,0.3036,0.5344,0.5475,7487,24.668,628.9,334.2,417.7,22.6,440.3,17.99,24.47,0.97753,3.302,15.56,25.09,14,2
29.680,hall_mission,9x4.5,pi5,0.664,12.331,-2.057,0.026,0.804,-0.105,0.811,-1.87,2.09,86.84,0.3484,0.3588,0.4896,0.4994,7579,24.349,620.7,312.1,390.2,22.6,412.8,16.84,24.51,0.97750,3.308,16.62,25.09,14,2
29.732,hall_mission,9x4.5,pi5,0.667,12.363,-2.060,0.036,0.754,-0.059,0.757,-1.95,2.79,83.25,0.3867,0.3957,0.4733,0.4814,7727,25.021,637.9,319.8,399.8,22.6,422.4,17.25,24.49,0.97745,3.314,16.23,25.09,14,2
29.781,hall_mission,9x4.5,pi5,0.671,12.403,-2.062,0.047,0.679,-0.000,0.681,-2.15,3.45,77.74,0.4245,0.4315,0.4542,0.4606,7849,25.670,654.4,329.5,411.9,22.6,434.5,17.75,24.48,0.97741,3.319,15.77,25.09,14,2
29.833,hall_mission,9x4.5,pi5,0.675,12.428,-2.061,0.053,0.624,0.033,0.627,-2.31,3.69,74.06,0.4693,0.4747,0.4246,0.4296,7949,26.348,671.7,343.1,428.9,22.6,451.5,18.46,24.46,0.97737,3.326,15.16,25.09,14,2
29.881,hall_mission,9x4.5,pi5,0.682,12.464,-2.055,0.062,0.535,0.065,0.542,-2.55,3.82,68.67,0.4825,0.5586,0.3562,0.4578,8155,28.143,717.4,386.7,483.4,22.6,506.0,20.75,24.39,0.97732,3.333,13.49,25.09,14,2
29.933,hall_mission,9x4.5,pi5,0.686,12.482,-2.051,0.066,0.479,0.061,0.488,-2.64,3.12,65.31,0.5412,0.5650,0.3801,0.3727,8169,28.469,725.8,398.2,497.7,22.6,520.3,21.35,24.37,0.97727,3.340,13.11,25.09,14,2
29.981,hall_mission,9x4.5,pi5,0.693,12.504,-2.045,0.078,0.417,0.047,0.427,-2.80,0.10,60.80,0.5766,0.5715,0.3608,0.3440,8147,28.706,731.8,410.5,513.1,22.6,535.7,22.00,24.35,0.97722,3.347,12.72,25.08,14,2
30.033,hall_mission,9x4.5,pi5,0.698,12.517,-2.042,0.095,0.390,0.034,0.403,-2.69,-2.17,58.17,0.5926,0.5818,0.3477,0.3196,8106,28.771,733.4,418.2,522.8,22.6,545.4,22.41,24.34,0.97717,3.355,12.48,25.08,14,2
30.081,hall_mission,9x4.5,pi5,0.708,12.537,-2.038,0.134,0.374,0.016,0.398,-2.21,-5.16,54.78,0.5947,0.5876,0.3356,0.3119,8063,28.636,730.0,418.3,522.9,22.6,545.5,22.42,24.34,0.97712,3.363,12.48,25.08,14,2
30.133,hall_mission,9x4.5,pi5,0.716,12.550,-2.036,0.165,0.379,0.008,0.413,-1.74,-6.71,52.91,0.5921,0.5840,0.3320,0.3111,8025,28.369,723.2,412.5,515.7,22.6,538.3,22.11,24.34,0.97707,3.370,12.65,25.08,14,2
30.185,hall_mission,9x4.5,pi5,0.729,12.568,-2.034,0.211,0.398,0.004,0.451,-0.99,-8.36,50.70,0.5841,0.5753,0.3352,0.3201,8008,28.090,716.1,403.7,504.6,22.6,527.2,21.65,24.36,0.97701,3.378,12.92,25.08,14,2
30.225,hall_mission,9x4.5,pi5,0.741,12.583,-2.033,0.245,0.419,0.006,0.485,-0.50,-9.08,49.62,0.5736,0.5668,0.3417,0.3317,8005,27.870,710.5,395.5,494.4,22.6,517.0,21.21,24.37,0.97698,3.384,13.19,25.08,14,2
30.277,hall_mission,9x4.5,pi5,0.762,12.610,-2.031,0.298,0.460,0.013,0.548,0.12,-9.71,48.54,0.5580,0.5527,0.3558,0.3498,8014,27.635,704.5,385.1,481.4,22.6,504.0,20.67,24.39,0.97693,3.391,13.53,25.08,14,2
30.325,hall_mission,9x4.5,pi5,0.777,12.628,-2.030,0.329,0.488,0.021,0.589,0.45,-9.91,48.15,0.5426,0.5379,0.3724,0.3688,8034,27.502,701.1,377.3,471.6,22.6,494.2,20.26,24.40,0.97688,3.398,13.81,25.08,14,2
30.377,hall_mission,9x4.5,pi5,0.800,12.658,-2.027,0.370,0.529,0.033,0.646,0.81,-9.98,47.97,0.5243,0.5224,0.3918,0.3909,8062,27.436,699.4,371.2,464.0,22.6,486.6,19.94,24.41,0.97683,3.405,14.03,25.08,14,2
30.425,hall_mission,9x4.5,pi5,0.819,12.681,-2.025,0.396,0.558,0.043,0.686,0.97,-9.91,48.07,0.5088,0.5079,0.4108,0.4104,8092,27.470,700.3,368.5,460.6,22.6,483.2,19.79,24.41,0.97679,3.411,14.13,25.08,14,2
30.477,hall_mission,9x4.5,pi5,0.850,12.721,-2.021,0.434,0.604,0.056,0.746,1.10,-9.71,48.47,0.4938,0.4931,0.4302,0.4307,8129,27.594,703.4,368.6,460.7,22.6,483.3,19.80,24.41,0.97674,3.418,14.12,25.08,14,2
30.525,hall_mission,9x4.5,pi5,0.870,12.749,-2.019,0.454,0.631,0.063,0.780,1.13,-9.54,48.84,0.4813,0.4813,0.4458,0.4475,8158,27.730,706.9,370.1,462.6,22.6,485.2,19.88,24.41,0.97670,3.424,14.07,25.08,14,2
30.577,hall_mission,9x4.5,pi5,0.900,12.788,-2.014,0.480,0.667,0.070,0.824,1.11,-9.24,49.47,0.4690,0.4713,0.4602,0.4623,8183,27.879,710.7,372.6,465.7,22.6,488.3,20.01,24.40,0.97665,3.432,13.97,25.08,14,2
30.625,hall_mission,9x4.5,pi5,0.922,12.818,-2.010,0.496,0.690,0.073,0.853,1.08,-9.03,49.92,0.4607,0.4634,0.4711,0.4733,8203,28.017,714.2,375.3,469.2,22.6,491.8,20.16,24.40,0.97660,3.438,13.87,25.08,14,2
30.677,hall_mission,9x4.5,pi5,0.958,12.868,-2.005,0.517,0.724,0.074,0.893,1.00,-8.71,50.55,0.4548,0.4564,0.4801,0.4818,8220,28.145,717.5,378.2,472.7,22.6,495.3,20.30,24.39,0.97655,3.445,13.77,25.08,14,2
30.725,hall_mission,9x4.5,pi5,0.981,12.900,-2.001,0.529,0.742,0.073,0.915,0.94,-8.50,50.94,0.4505,0.4529,0.4851,0.4874,8230,28.225,719.5,380.0,475.0,22.6,497.6,20.40,24.39,0.97651,3.452,13.70,25.08,14,2
30.777,hall_mission,9x4.5,pi5,1.014,12.945,-1.997,0.543,0.765,0.070,0.941,0.85,-8.21,51.42,0.4482,0.4509,0.4881,0.4906,8237,28.280,720.9,381.3,476.6,22.6,499.2,20.47,24.39,0.97646,3.459,13.66,25.08,14,2
30.821,hall_mission,9x4.5,pi5,1.037,12.979,-1.994,0.551,0.780,0.067,0.957,0.79,-8.03,51.67,0.4474,0.4510,0.4894,0.4912,8241,28.313,721.8,382.0,477.5,22.6,500.1,20.51,24.39,0.97642,3.465,13.63,25.08,14,2
30.869,hall_mission,9x4.5,pi5,1.061,13.012,-1.991,0.559,0.792,0.065,0.971,0.74,-7.86,51.87,0.4484,0.4519,0.4891,0.4905,8245,28.332,722.3,382.4,477.9,22.6,500.5,20.53,24.39,0.97637,3.472,13.62,25.08,14,2
30.921,hall_mission,9x4.5,pi5,1.099,13.066,-1.987,0.569,0.808,0.059,0.990,0.68,-7.64,52.07,0.4508,0.4536,0.4872,0.4888,8246,28.335,722.3,382.3,477.8,22.6,500.4,20.52,24.39,0.97632,3.479,13.62,25.08,14,2
30.973,hall_mission,9x4.5,pi5,1.123,13.100,-1.985,0.574,0.817,0.056,1.000,0.65,-7.51,52.14,0.4539,0.4562,0.4845,0.4859,8247,28.333,722.3,382.1,477.6,22.6,500.2,20.51,24.39,0.97627,3.486,13.62,25.08,14,2
31.021,hall_mission,9x4.5,pi5,1.157,13.149,-1.981,0.580,0.827,0.051,1.012,0.61,-7.34,52.16,0.4564,0.4596,0.4816,0.4828,8246,28.323,722.0,381.7,477.1,22.6,499.7,20.49,24.39,0.97623,3.493,13.64,25.08,14,2
31.069,hall_mission,9x4.5,pi5,1.181,13.183,-1.979,0.584,0.833,0.048,1.019,0.60,-7.24,52.14,0.4596,0.4625,0.4785,0.4797,8246,28.317,721.9,381.5,476.9,22.6,499.5,20.48,24.39,0.97618,3.500,13.64,25.08,14,2
31.121,hall_mission,9x4.5,pi5,1.219,13.239,-1.976,0.589,0.841,0.042,1.028,0.58,-7.12,52.06,0.4632,0.4652,0.4752,0.4765,8246,28.307,721.6,381.2,476.5,22.6,499.1,20.47,24.39,0.97613,3.507,13.65,25.08,14,2
31.169,hall_mission,9x4.5,pi5,1.243,13.274,-1.975,0.591,0.845,0.039,1.032,0.57,-7.05,51.98,0.4655,0.4680,0.4730,0.4733,8245,28.298,721.4,381.0,476.2,22.6,498.8,20.46,24.39,0.97609,3.514,13.66,25.08,14,2
31.221,hall_mission,9x4.5,pi5,1.277,13.323,-1.973,0.594,0.850,0.035,1.038,0.56,-6.97,51.85,0.4680,0.4704,0.4696,0.4714,8243,28.286,721.1,380.7,475.9,22.6,498.5,20.44,24.39,0.97604,3.521,13.67,25.08,14,2
31.269,hall_mission,9x4.5,pi5,1.301,13.358,-1.972,0.596,0.852,0.032,1.041,0.56,-6.92,51.76,0.4695,0.4724,0.4682,0.4690,8242,28.279,720.9,380.6,475.7,22.6,498.3,20.43,24.39,0.97599,3.527,13.67,25.08,14,2
31.321,hall_mission,9x4.5,pi5,1.339,13.413,-1.971,0.599,0.855,0.028,1.044,0.56,-6.87,51.63,0.4713,0.4733,0.4664,0.4677,8241,28.270,720.7,380.4,475.5,22.6,498.1,20.43,24.39,0.97594,3.535,13.68,25.08,14,2
31.369,hall_mission,9x4.5,pi5,1.364,13.448,-1.970,0.600,0.857,0.026,1.046,0.55,-6.84,51.54,0.4722,0.4741,0.4654,0.4665,8239,28.258,720.4,380.2,475.2,22.6,497.8,20.41,24.39,0.97590,3.541,13.68,25.08,14,2
31.421,hall_mission,9x4.5,pi5,1.398,13.496,-1.969,0.602,0.858,0.022,1.048,0.57,-6.82,51.43,0.4929,0.5093,0.4507,0.4272,8246,28.398,723.9,384.9,481.1,22.6,503.7,20.66,24.38,0.97585,3.548,13.52,25.08,14,2
31.469,hall_mission,9x4.5,pi5,1.422,13.531,-1.969,0.604,0.859,0.015,1.050,0.83,-6.81,51.42,0.5459,0.5514,0.3854,0.3898,8218,28.682,731.2,400.1,500.1,22.6,522.7,21.46,24.35,0.97580,3.555,13.01,25.08,14,2
31.521,hall_mission,9x4.5,pi5,1.462,13.586,-1.971,0.602,0.866,-0.006,1.054,1.52,-6.72,51.70,0.5753,0.5745,0.3528,0.3569,8171,28.851,735.5,413.2,516.5,22.6,539.1,22.15,24.33,0.97575,3.563,12.61,25.08,14,2
31.573,hall_mission,9x4.5,pi5,1.486,13.621,-1.972,0.597,0.872,-0.019,1.057,1.94,-6.66,52.18,0.5748,0.5724,0.3447,0.3526,8117,28.534,727.4,407.5,509.4,22.6,532.0,21.86,24.34,0.97570,3.571,12.78,25.08,14,2
31.621,hall_mission,9x4.5,pi5,1.520,13.670,-1.976,0.586,0.881,-0.029,1.059,2.40,-6.61,53.41,0.5572,0.5578,0.3587,0.3636,8090,28.090,716.1,393.4,491.7,22.6,514.3,21.11,24.36,0.97565,3.578,13.23,25.08,14,2
31.669,hall_mission,9x4.5,pi5,1.544,13.705,-1.978,0.576,0.888,-0.030,1.059,2.55,-6.60,54.53,0.5334,0.5330,0.3809,0.3865,8078,27.652,704.9,377.6,472.0,22.6,494.6,20.28,24.39,0.97560,3.584,13.77,25.08,14,2
31.721,hall_mission,9x4.5,pi5,1.581,13.762,-1.982,0.557,0.900,-0.025,1.058,2.60,-6.64,56.55,0.5025,0.5042,0.4120,0.4158,8080,27.356,697.4,365.6,456.9,22.6,479.5,19.65,24.41,0.97556,3.591,14.21,25.08,14,2
31.769,hall_mission,9x4.5,pi5,1.604,13.798,-1.985,0.544,0.906,-0.019,1.057,2.53,-6.68,58.05,0.4762,0.4766,0.4403,0.4449,8093,27.292,695.8,361.3,451.7,22.6,474.3,19.43,24.41,0.97551,3.598,14.37,25.08,14,2
31.821,hall_mission,9x4.5,pi5,1.634,13.848,-1.988,0.526,0.915,-0.008,1.056,2.32,-6.78,60.39,0.4500,0.4512,0.4702,0.4728,8115,27.427,699.2,363.7,454.6,22.6,477.2,19.55,24.41,0.97547,3.605,14.28,25.08,14,2
31.869,hall_mission,9x4.5,pi5,1.655,13.885,-1.989,0.514,0.922,-0.001,1.055,2.14,-6.84,61.93,0.4302,0.4315,0.4932,0.4942,8133,27.623,704.2,369.1,461.4,22.6,484.0,19.84,24.40,0.97542,3.611,14.07,25.08,14,2
31.921,hall_mission,9x4.5,pi5,1.688,13.944,-1.991,0.496,0.932,0.007,1.055,1.83,-6.93,64.08,0.4141,0.4152,0.5108,0.5126,8146,27.833,709.6,375.7,469.7,22.6,492.3,20.18,24.39,0.97537,3.618,13.83,25.08,14,2
31.973,hall_mission,9x4.5,pi5,1.707,13.981,-1.991,0.485,0.937,0.010,1.056,1.61,-6.98,65.38,0.4035,0.4049,0.5227,0.5241,8155,27.996,713.7,381.1,476.3,22.6,498.9,20.47,24.38,0.97532,3.625,13.64,25.08,14,2
32.021,hall_mission,9x4.5,pi5,1.734,14.034,-1.991,0.472,0.945,0.011,1.057,1.30,-7.03,67.04,0.3986,0.4003,0.5276,0.5298,8159,28.080,715.8,383.8,479.8,22.6,502.4,20.61,24.37,0.97528,3.632,13.54,25.08,14,2
32.069,hall_mission,9x4.5,pi5,1.752,14.072,-1.991,0.463,0.951,0.012,1.058,1.12,-7.05,67.94,0.3978,0.3998,0.5287,0.5308,8162,28.107,716.5,384.6,480.7,22.6,503.3,20.65,24.37,0.97523,3.639,13.51,25.08,14,2
32.121,hall_mission,9x4.5,pi5,1.780,14.133,-1.991,0.451,0.959,0.013,1.060,0.87,-7.07,68.98,0.4006,0.4037,0.5266,0.5272,8166,28.099,716.3,383.7,479.7,22.6,502.3,20.61,24.37,0.97518,3.646,13.54,25.08,14,2
32.169,hall_mission,9x4.5,pi5,1.797,14.172,-1.991,0.444,0.964,0.013,1.061,0.72,-7.07,69.47,0.4070,0.4089,0.5208,0.5221,8168,28.059,715.3,381.8,477.2,22.6,499.8,20.50,24.38,0.97514,3.653,13.61,25.08,14,2
32.221,hall_mission,9x4.5,pi5,1.821,14.226,-1.991,0.436,0.969,0.014,1.063,0.55,-7.07,69.93,0.4149,0.4179,0.5129,0.5140,8172,28.006,714.0,379.2,474.0,22.6,496.6,20.37,24.38,0.97509,3.660,13.70,25.08,14,2
32.269,hall_mission,9x4.5,pi5,1.837,14.265,-1.991,0.431,0.973,0.014,1.064,0.46,-7.07,70.07,0.4239,0.4269,0.5047,0.5055,8176,27.969,713.0,377.1,471.4,22.6,494.0,20.26,24.38,0.97504,3.666,13.77,25.08,14,2
32.321,hall_mission,9x4.5,pi5,1.864,14.327,-1.990,0.425,0.977,0.016,1.066,0.35,-7.06,70.09,0.4342,0.4370,0.4953,0.4963,8183,27.954,712.6,375.6,469.5,22.6,492.1,20.18,24.38,0.97499,3.674,13.82,25.08,14,2
32.369,hall_mission,9x4.5,pi5,1.880,14.367,-1.990,0.421,0.980,0.017,1.067,0.30,-7.06,70.00,0.4432,0.4463,0.4867,0.4883,8189,27.957,712.7,374.9,468.6,22.6,491.2,20.14,24.39,0.97495,3.680,13.85,25.08,14,2
32.421,hall_mission,9x4.5,pi5,1.903,14.422,-1.990,0.418,0.983,0.019,1.069,0.25,-7.05,69.75,0.4528,0.4551,0.4791,0.4794,8196,27.978,713.2,374.8,468.5,22.6,491.1,20.14,24.39,0.97490,3.687,13.85,25.08,14,2
32.469,hall_mission,9x4.5,pi5,1.919,14.462,-1.989,0.416,0.986,0.019,1.070,0.23,-7.05,69.54,0.4599,0.4628,0.4725,0.4730,8202,28.010,714.1,375.2,469.0,22.6,491.6,20.16,24.38,0.97486,3.694,13.84,25.08,14,2
32.521,hall_mission,9x4.5,pi5,1.945,14.525,-1.989,0.413,0.989,0.021,1.072,0.22,-7.05,69.19,0.4662,0.4695,0.4662,0.4677,8207,28.043,714.9,375.8,469.8,22.6,492.4,20.19,24.38,0.97481,3.701,13.81,25.08,14,2
32.569,hall_mission,9x4.5,pi5,1.960,14.565,-1.988,0.412,0.991,0.021,1.073,0.21,-7.05,68.95,0.4714,0.4737,0.4617,0.4639,8211,28.072,715.6,376.4,470.6,22.6,493.2,20.23,24.38,0.97476,3.707,13.79,25.08,14,2
32.621,hall_mission,9x4.5,pi5,1.983,14.621,-1.988,0.411,0.993,0.021,1.075,0.21,-7.04,68.62,0.4745,0.4781,0.4590,0.4604,8216,28.106,716.5,377.2,471.5,22.6,494.1,20.27,24.38,0.97471,3.715,13.76,25.08,14,2
32.669,hall_mission,9x4.5,pi5,1.999,14.661,-1.988,0.411,0.994,0.021,1.076,0.21,-7.04,68.42,0.4769,0.4798,0.4574,0.4585,8218,28.127,717.0,377.7,472.1,22.6,494.7,20.29,24.38,0.97467,3.721,13.74,25.08,14,2
32.721,hall_mission,9x4.5,pi5,2.025,14.725,-1.987,0.410,0.996,0.021,1.078,0.21,-7.04,68.16,0.4783,0.4805,0.4566,0.4577,8220,28.141,717.4,378.0,472.5,22.6,495.1,20.31,24.38,0.97462,3.728,13.73,25.08,14,2
32.769,hall_mission,9x4.5,pi5,2.041,14.765,-1.987,0.411,0.997,0.020,1.079,0.21,-7.04,68.03,0.4782,0.4809,0.4568,0.4578,8222,28.156,717.8,378.3,472.9,22.6,495.5,20.33,24.38,0.97457,3.735,13.72,25.08,14,2
32.821,hall_mission,9x4.5,pi5,2.063,14.821,-1.986,0.411,0.998,0.020,1.079,0.22,-7.04,67.89,0.4776,0.4804,0.4574,0.4590,8225,28.170,718.1,378.6,473.2,22.6,495.8,20.34,24.38,0.97453,3.742,13.71,25.08,14,2
32.869,hall_mission,9x4.5,pi5,2.079,14.860,-1.986,0.411,0.999,0.019,1.080,0.21,-7.04,67.82,0.4769,0.4789,0.4584,0.4605,8226,28.178,718.3,378.7,473.4,22.6,496.0,20.35,24.38,0.97448,3.749,13.70,25.08,14,2
32.921,hall_mission,9x4.5,pi5,2.105,14.923,-1.985,0.411,0.999,0.018,1.081,0.21,-7.04,67.77,0.4754,0.4776,0.4608,0.4613,8227,28.183,718.5,378.7,473.4,22.6,496.0,20.35,24.38,0.97443,3.756,13.70,25.08,14,2
32.969,hall_mission,9x4.5,pi5,2.122,14.963,-1.985,0.411,1.000,0.016,1.081,0.21,-7.05,67.77,0.4740,0.4759,0.4624,0.4629,8228,28.185,718.5,378.7,473.4,22.6,496.0,20.35,24.37,0.97439,3.763,13.70,25.07,14,2
33.021,hall_mission,9x4.5,pi5,2.145,15.018,-1.984,0.412,1.000,0.015,1.082,0.20,-7.05,67.79,0.4723,0.4741,0.4641,0.4649,8228,28.188,718.6,378.8,473.5,22.6,496.1,20.35,24.37,0.97434,3.770,13.70,25.07,14,2
33.069,hall_mission,9x4.5,pi5,2.161,15.057,-1.984,0.413,1.001,0.014,1.083,0.20,-7.06,67.81,0.4706,0.4728,0.4652,0.4667,8228,28.184,718.5,378.7,473.4,22.6,496.0,20.35,24.37,0.97429,3.776,13.70,25.07,14,2
33.121,hall_mission,9x4.5,pi5,2.188,15.120,-1.983,0.414,1.001,0.013,1.084,0.20,-7.06,67.87,0.4693,0.4710,0.4668,0.4680,8227,28.179,718.4,378.6,473.2,22.6,495.8,20.34,24.37,0.97424,3.783,13.70,25.07,14,2
33.169,hall_mission,9x4.5,pi5,2.205,15.160,-1.983,0.415,1.002,0.012,1.084,0.20,-7.07,67.91,0.4679,0.4702,0.4683,0.4686,8227,28.176,718.3,378.5,473.1,22.6,495.7,20.34,24.37,0.97420,3.790,13.70,25.07,14,2
33.221,hall_mission,9x4.5,pi5,2.228,15.215,-1.983,0.415,1.002,0.011,1.085,0.19,-7.08,67.98,0.4672,0.4690,0.4692,0.4697,8227,28.177,718.3,378.5,473.1,22.6,495.7,20.34,24.37,0.97415,3.797,13.70,25.07,14,2
33.269,hall_mission,9x4.5,pi5,2.244,15.255,-1.983,0.416,1.003,0.010,1.086,0.19,-7.08,68.02,0.4672,0.4844,0.4697,0.4550,8232,28.219,719.4,379.6,474.4,22.6,497.0,20.39,24.37,0.97410,3.804,13.66,25.07,14,2
33.321,hall_mission,9x4.5,pi5,2.271,15.319,-1.982,0.416,1.005,0.006,1.087,0.36,-7.10,68.10,0.5090,0.5129,0.4255,0.4270,8224,28.317,721.9,384.5,480.6,22.6,503.2,20.66,24.36,0.97405,3.811,13.49,25.07,14,2
33.369,hall_mission,9x4.5,pi5,2.287,15.359,-1.982,0.415,1.007,-0.000,1.089,0.65,-7.07,68.25,0.5331,0.5326,0.3994,0.4037,8204,28.400,724.0,390.6,488.2,22.6,510.8,20.98,24.35,0.97401,3.818,13.28,25.07,14,2
33.421,hall_mission,9x4.5,pi5,2.309,15.415,-1.982,0.409,1.011,-0.009,1.091,1.10,-7.04,68.73,0.5387,0.5379,0.3909,0.3955,8183,28.339,722.4,391.0,488.7,22.6,511.3,21.00,24.35,0.97396,3.825,13.27,25.07,14,2
33.473,hall_mission,9x4.5,pi5,2.325,15.456,-1.982,0.402,1.015,-0.012,1.092,1.32,-7.02,69.26,0.5305,0.5303,0.3974,0.4025,8175,28.194,718.8,386.3,482.9,22.6,505.5,20.75,24.36,0.97391,3.833,13.43,25.07,14,2
33.521,hall_mission,9x4.5,pi5,2.350,15.522,-1.981,0.389,1.021,-0.014,1.093,1.51,-7.01,70.36,0.5156,0.5164,0.4121,0.4159,8173,28.034,714.7,380.2,475.2,22.6,497.8,20.43,24.37,0.97386,3.839,13.64,25.07,14,2
33.569,hall_mission,9x4.5,pi5,2.365,15.563,-1.981,0.380,1.025,-0.014,1.093,1.55,-7.01,71.26,0.4981,0.4987,0.4303,0.4333,8174,27.912,711.6,375.1,468.9,22.6,491.5,20.16,24.38,0.97382,3.846,13.81,25.07,14,2
33.621,hall_mission,9x4.5,pi5,2.385,15.621,-1.981,0.366,1.030,-0.012,1.093,1.50,-7.03,72.75,0.4785,0.4792,0.4505,0.4539,8181,27.876,710.6,372.8,466.0,22.6,488.6,20.04,24.38,0.97377,3.853,13.90,25.07,14,2
33.673,hall_mission,9x4.5,pi5,2.398,15.663,-1.980,0.355,1.034,-0.010,1.093,1.42,-7.05,73.80,0.4603,0.4615,0.4698,0.4727,8188,27.915,711.6,373.3,466.6,22.6,489.2,20.07,24.38,0.97372,3.860,13.88,25.07,14,2
33.721,hall_mission,9x4.5,pi5,2.419,15.731,-1.979,0.339,1.040,-0.007,1.094,1.23,-7.08,75.36,0.4464,0.4480,0.4853,0.4871,8197,28.006,714.0,375.7,469.7,22.6,492.3,20.20,24.37,0.97367,3.866,13.79,25.07,14,2
33.770,hall_mission,9x4.5,pi5,2.431,15.773,-1.978,0.330,1.043,-0.006,1.094,1.08,-7.10,76.35,0.4360,0.4369,0.4965,0.4992,8204,28.102,716.4,378.7,473.3,22.6,495.9,20.35,24.37,0.97363,3.873,13.68,25.07,14,2
33.822,hall_mission,9x4.5,pi5,2.448,15.833,-1.977,0.317,1.048,-0.006,1.095,0.85,-7.12,77.68,0.4275,0.4301,0.5056,0.5072,8210,28.193,718.7,381.5,476.9,22.6,499.5,20.50,24.36,0.97358,3.880,13.58,25.07,14,2
33.874,hall_mission,9x4.5,pi5,2.459,15.876,-1.976,0.309,1.052,-0.006,1.096,0.70,-7.13,78.44,0.4239,0.4257,0.5104,0.5112,8213,28.245,720.0,383.1,478.9,22.6,501.5,20.59,24.36,0.97353,3.888,13.53,25.07,14,2
33.922,hall_mission,9x4.5,pi5,2.477,15.945,-1.974,0.298,1.057,-0.007,1.098,0.50,-7.13,79.38,0.4229,0.4257,0.5113,0.5123,8217,28.274,720.8,383.8,479.8,22.6,502.4,20.63,24.36,0.97348,3.894,13.50,25.07,14,2
33.970,hall_mission,9x4.5,pi5,2.488,15.988,-1.973,0.292,1.059,-0.007,1.099,0.38,-7.13,79.86,0.4254,0.4270,0.5096,0.5111,8220,28.286,721.1,383.8,479.8,22.6,502.4,20.63,24.36,0.97344,3.901,13.50,25.07,14,2
34.022,hall_mission,9x4.5,pi5,2.502,16.049,-1.971,0.285,1.063,-0.008,1.101,0.23,-7.12,80.37,0.4291,0.4317,0.5058,0.5074,8223,28.279,720.9,383.1,478.9,22.6,501.5,20.59,24.36,0.97339,3.908,13.52,25.07,14,2
34.070,hall_mission,9x4.5,pi5,2.513,16.092,-1.970,0.280,1.066,-0.009,1.102,0.14,-7.12,80.59,0.4339,0.4369,0.5013,0.5023,8225,28.258,720.4,382.1,477.6,22.6,500.2,20.53,24.36,0.97334,3.915,13.56,25.07,14,2
34.122,hall_mission,9x4.5,pi5,2.528,16.162,-1.968,0.274,1.069,-0.011,1.104,0.05,-7.11,80.75,0.4407,0.4429,0.4954,0.4961,8227,28.242,720.0,381.1,476.4,22.6,499.0,20.48,24.36,0.97329,3.922,13.59,25.07,14,2
34.170,hall_mission,9x4.5,pi5,2.538,16.205,-1.967,0.270,1.071,-0.011,1.105,0.00,-7.10,80.77,0.4471,0.4490,0.4894,0.4904,8230,28.236,719.8,380.5,475.6,22.6,498.2,20.45,24.36,0.97325,3.929,13.61,25.07,14,2
34.222,hall_mission,9x4.5,pi5,2.552,16.266,-1.966,0.267,1.073,-0.012,1.106,-0.05,-7.09,80.69,0.4536,0.4558,0.4833,0.4842,8233,28.239,719.9,380.1,475.2,22.6,497.8,20.43,24.36,0.97320,3.936,13.62,25.07,14,2
34.270,hall_mission,9x4.5,pi5,2.561,16.309,-1.965,0.264,1.074,-0.013,1.106,-0.07,-7.09,80.59,0.4590,0.4615,0.4778,0.4790,8236,28.243,720.0,380.0,475.0,22.6,497.6,20.43,24.36,0.97315,3.943,13.63,25.07,14,2
34.322,hall_mission,9x4.5,pi5,2.576,16.379,-1.964,0.261,1.076,-0.014,1.107,-0.09,-7.08,80.38,0.4640,0.4671,0.4727,0.4742,8238,28.252,720.2,380.1,475.1,22.6,497.7,20.43,24.36,0.97310,3.950,13.62,25.07,14,2
34.370,hall_mission,9x4.5,pi5,2.586,16.422,-1.963,0.260,1.077,-0.014,1.108,-0.10,-7.08,80.23,0.4741,0.4933,0.4657,0.4467,8244,28.319,721.9,381.9,477.3,22.6,499.9,20.52,24.36,0.97306,3.956,13.56,25.07,14,2
34.422,hall_mission,9x4.5,pi5,2.599,16.482,-1.962,0.257,1.079,-0.020,1.109,0.15,-7.09,80.04,0.5329,0.5387,0.4012,0.4030,8230,28.589,728.8,394.7,493.4,22.6,516.0,21.20,24.34,0.97301,3.964,13.13,25.07,14,2
34.470,hall_mission,9x4.5,pi5,2.608,16.525,-1.962,0.253,1.081,-0.029,1.111,0.56,-7.05,80.06,0.5673,0.5639,0.3649,0.3700,8195,28.816,734.6,408.6,510.7,22.6,533.3,21.93,24.32,0.97296,3.971,12.69,25.07,14,2
34.522,hall_mission,9x4.5,pi5,2.622,16.594,-1.962,0.242,1.085,-0.047,1.112,1.17,-6.96,80.50,0.5727,0.5712,0.3533,0.3583,8157,28.720,732.1,409.7,512.2,22.6,534.8,21.99,24.31,0.97291,3.979,12.65,25.07,14,2
34.570,hall_mission,9x4.5,pi5,2.631,16.637,-1.963,0.231,1.087,-0.054,1.112,1.48,-6.92,81.11,0.5610,0.5607,0.3597,0.3667,8130,28.368,723.2,399.3,499.1,22.6,521.7,21.44,24.33,0.97286,3.986,12.98,25.07,14,2
34.622,hall_mission,9x4.5,pi5,2.642,16.698,-1.965,0.213,1.088,-0.058,1.110,1.73,-6.89,82.48,0.5384,0.5384,0.3811,0.3862,8115,27.938,712.2,384.1,480.1,22.6,502.7,20.64,24.35,0.97281,3.993,13.48,25.07,14,2
34.670,hall_mission,9x4.5,pi5,2.648,16.741,-1.967,0.198,1.089,-0.056,1.108,1.77,-6.89,83.64,0.5128,0.5139,0.4068,0.4106,8115,27.655,705.0,372.8,466.0,22.6,488.6,20.05,24.37,0.97276,3.999,13.88,25.07,14,2
34.722,hall_mission,9x4.5,pi5,2.658,16.809,-1.969,0.174,1.089,-0.049,1.104,1.71,-6.92,85.62,0.4854,0.4862,0.4353,0.4401,8125,27.536,702.0,366.7,458.4,22.6,481.0,19.73,24.38,0.97272,4.006,14.10,25.07,14,2
34.766,hall_mission,9x4.5,pi5,2.663,16.852,-1.970,0.159,1.088,-0.043,1.101,1.59,-6.96,87.03,0.4638,0.4650,0.4587,0.4639,8142,27.596,703.5,366.9,458.6,22.6,481.2,19.74,24.38,0.97268,4.012,14.09,25.07,14,2
34.814,hall_mission,9x4.5,pi5,2.667,16.895,-1.971,0.144,1.088,-0.036,1.098,1.43,-7.00,88.44,0.4437,0.4448,0.4823,0.4851,8158,27.738,707.1,370.4,463.0,22.6,485.6,19.92,24.37,0.97263,4.019,13.96,25.07,14,2
34.866,hall_mission,9x4.5,pi5,2.672,16.955,-1.972,0.124,1.088,-0.030,1.095,1.12,-7.05,90.49,0.4296,0.4432,0.4988,0.4885,8173,27.882,710.8,374.1,467.6,22.6,490.2,20.12,24.37,0.97258,4.026,13.82,25.07,14,2
34.906,hall_mission,9x4.5,pi5,2.675,16.997,-1.972,0.111,1.088,-0.026,1.094,0.99,-7.07,91.75,0.4513,0.4544,0.4777,0.4795,8183,27.891,711.0,373.1,466.3,22.6,488.9,20.06,24.37,0.97255,4.031,13.86,25.07,14,2
34.958,hall_mission,9x4.5,pi5,2.679,17.066,-1.973,0.090,1.087,-0.021,1.091,1.06,-7.05,93.54,0.4702,0.4707,0.4603,0.4644,8193,27.943,712.4,373.8,467.3,22.6,489.9,20.11,24.37,0.97250,4.038,13.83,25.06,14,2
35.006,hall_mission,9x4.5,pi5,2.680,17.108,-1.973,0.076,1.087,-0.018,1.090,1.14,-7.05,94.71,0.4749,0.4759,0.4567,0.4604,8201,28.005,713.9,375.2,469.0,22.6,491.6,20.18,24.36,0.97245,4.045,13.78,25.06,14,2
35.058,hall_mission,9x4.5,pi5,2.682,17.169,-1.973,0.055,1.086,-0.014,1.088,1.18,-7.06,96.47,0.4722,0.4714,0.4610,0.4658,8210,28.066,715.5,376.3,470.4,22.6,493.0,20.24,24.36,0.97240,4.052,13.74,25.06,14,2
35.106,hall_mission,9x4.5,pi5,2.682,17.212,-1.973,0.039,1.086,-0.012,1.086,1.15,-7.07,97.65,0.4629,0.4648,0.4711,0.4738,8218,28.120,716.9,377.4,471.8,22.6,494.4,20.29,24.36,0.97236,4.059,13.70,25.06,14,2
35.158,hall_mission,9x4.5,pi5,2.682,17.280,-1.973,0.015,1.085,-0.011,1.085,1.03,-7.09,99.37,0.4536,0.4532,0.4817,0.4853,8222,28.166,718.0,378.7,473.4,22.6,496.0,20.36,24.36,0.97231,4.066,13.65,25.06,14,2
35.206,hall_mission,9x4.5,pi5,2.682,17.323,-1.972,0.000,1.084,-0.011,1.084,0.91,-7.10,100.47,0.4425,0.4451,0.4922,0.4941,8223,28.204,719.0,380.1,475.2,22.6,497.8,20.44,24.35,0.97227,4.072,13.60,25.06,14,2
35.258,hall_mission,9x4.5,pi5,2.680,17.383,-1.972,-0.019,1.083,-0.012,1.083,0.70,-7.11,101.99,0.4391,0.4531,0.4971,0.4851,8224,28.208,719.1,380.1,475.1,22.6,497.7,20.44,24.35,0.97222,4.080,13.60,25.06,14,2
35.278,hall_mission,9x4.5,pi5,2.680,17.408,-1.972,-0.026,1.082,-0.012,1.083,0.66,-7.11,102.46,0.4534,0.4625,0.4835,0.4746,8223,28.164,718.0,378.5,473.1,22.6,495.7,20.35,24.36,0.97220,4.082,13.66,25.06,14,2
35.322,hall_mission,9x4.5,pi5,2.678,17.451,-1.972,-0.039,1.082,-0.015,1.082,0.75,-7.08,103.37,0.4825,0.4867,0.4497,0.4535,8218,28.137,717.3,378.2,472.8,22.6,495.4,20.34,24.36,0.97216,4.088,13.67,25.06,14,2
35.374,hall_mission,9x4.5,pi5,2.675,17.493,-1.973,-0.053,1.080,-0.017,1.081,0.93,-7.04,104.29,0.5449,0.4557,0.4679,0.3988,8199,28.223,719.5,384.3,480.4,22.6,503.0,20.66,24.35,0.97211,4.096,13.46,25.06,14,2
35.422,hall_mission,9x4.5,pi5,2.671,17.552,-1.973,-0.074,1.075,-0.022,1.078,0.94,-6.04,105.80,0.5018,0.4997,0.4314,0.4330,8194,28.053,715.1,378.1,472.6,22.6,495.2,20.33,24.36,0.97206,4.102,13.67,25.06,14,2
35.474,hall_mission,9x4.5,pi5,2.668,17.594,-1.974,-0.086,1.063,-0.024,1.067,0.81,-4.39,106.90,0.4839,0.4985,0.4383,0.4438,8189,27.973,713.1,375.6,469.5,22.6,492.1,20.20,24.36,0.97201,4.109,13.76,25.06,14,2
35.522,hall_mission,9x4.5,pi5,2.661,17.659,-1.975,-0.096,1.020,-0.024,1.025,0.57,-1.73,108.66,0.4296,0.5273,0.4122,0.4964,8193,28.138,717.3,381.7,477.1,22.6,499.7,20.52,24.35,0.97197,4.116,13.54,25.06,14,2
35.574,hall_mission,9x4.5,pi5,2.657,17.698,-1.976,-0.097,0.982,-0.029,0.987,0.52,-0.77,109.86,0.4584,0.4671,0.4593,0.4791,8187,27.908,711.4,373.2,466.5,22.6,489.1,20.08,24.36,0.97192,4.123,13.84,25.06,14,2
35.622,hall_mission,9x4.5,pi5,2.650,17.749,-1.978,-0.097,0.928,-0.032,0.933,0.61,-1.51,111.63,0.4490,0.4641,0.4775,0.4733,8187,27.911,711.5,373.4,466.7,22.6,489.3,20.09,24.36,0.97187,4.130,13.83,25.06,14,2
35.674,hall_mission,9x4.5,pi5,2.646,17.783,-1.979,-0.101,0.896,-0.031,0.902,0.69,-2.53,112.76,0.4777,0.4752,0.4569,0.4543,8187,27.916,711.6,373.5,466.8,22.6,489.4,20.09,24.36,0.97183,4.137,13.83,25.06,14,2
35.722,hall_mission,9x4.5,pi5,2.639,17.836,-1.981,-0.113,0.860,-0.030,0.868,0.93,-4.07,114.45,0.4929,0.4842,0.4434,0.4426,8184,27.929,712.0,374.5,468.1,22.6,490.7,20.14,24.36,0.97178,4.143,13.79,25.06,14,2
35.774,hall_mission,9x4.5,pi5,2.634,17.867,-1.982,-0.125,0.845,-0.028,0.855,1.06,-4.96,115.62,0.4921,0.4851,0.4444,0.4412,8183,27.920,711.8,374.3,467.9,22.6,490.5,20.13,24.36,0.97173,4.150,13.80,25.06,14,2
35.822,hall_mission,9x4.5,pi5,2.626,17.910,-1.984,-0.147,0.832,-0.024,0.846,1.11,-6.05,117.46,0.4845,0.4766,0.4518,0.4510,8187,27.922,711.8,373.8,467.2,22.6,489.8,20.11,24.36,0.97169,4.157,13.82,25.06,14,2
35.874,hall_mission,9x4.5,pi5,2.620,17.940,-1.985,-0.166,0.828,-0.020,0.844,1.06,-6.60,118.72,0.4692,0.4654,0.4659,0.4645,8191,27.928,712.0,373.5,466.9,22.6,489.5,20.09,24.36,0.97164,4.164,13.82,25.06,14,2
35.922,hall_mission,9x4.5,pi5,2.607,17.990,-1.986,-0.198,0.826,-0.016,0.850,0.87,-7.21,120.62,0.4560,0.4518,0.4786,0.4792,8193,27.957,712.7,374.4,468.0,22.6,490.6,20.14,24.36,0.97159,4.171,13.79,25.06,14,2
35.974,hall_mission,9x4.5,pi5,2.598,18.021,-1.987,-0.218,0.828,-0.013,0.857,0.70,-7.50,121.85,0.4411,0.4401,0.4930,0.4918,8194,28.011,714.1,376.4,470.4,22.6,493.0,20.24,24.35,0.97155,4.178,13.72,25.06,14,2
36.022,hall_mission,9x4.5,pi5,2.584,18.065,-1.988,-0.247,0.834,-0.011,0.870,0.40,-7.76,123.56,0.4318,0.4293,0.5031,0.5019,8195,28.070,715.6,378.6,473.3,22.6,495.9,20.37,24.35,0.97150,4.184,13.64,25.06,14,2
36.074,hall_mission,9x4.5,pi5,2.573,18.097,-1.989,-0.267,0.839,-0.009,0.880,0.20,-7.86,124.59,0.4228,0.4233,0.5104,0.5096,8195,28.121,716.9,380.7,475.9,22.6,498.5,20.47,24.35,0.97145,4.191,13.56,25.06,14,2
36.122,hall_mission,9x4.5,pi5,2.553,18.150,-1.989,-0.297,0.848,-0.008,0.898,-0.10,-7.91,125.91,0.4193,0.4193,0.5131,0.5145,8195,28.154,717.7,382.0,477.4,22.6,500.0,20.54,24.34,0.97141,4.198,13.52,25.06,14,2
36.174,hall_mission,9x4.5,pi5,2.539,18.183,-1.990,-0.314,0.854,-0.006,0.910,-0.28,-7.90,126.63,0.4179,0.4192,0.5139,0.5153,8195,28.163,717.9,382.3,477.8,22.6,500.4,20.56,24.34,0.97136,4.205,13.51,25.06,14,2
36.222,hall_mission,9x4.5,pi5,2.519,18.230,-1.990,-0.336,0.863,-0.005,0.926,-0.51,-7.83,127.48,0.4205,0.4205,0.5129,0.5129,8197,28.158,717.8,381.9,477.3,22.6,499.9,20.54,24.34,0.97131,4.212,13.52,25.06,14,2
36.270,hall_mission,9x4.5,pi5,2.504,18.264,-1.991,-0.351,0.869,-0.003,0.937,-0.64,-7.77,127.89,0.4234,0.4253,0.5089,0.5094,8198,28.135,717.2,380.8,476.0,22.6,498.6,20.48,24.34,0.97126,4.219,13.56,25.06,14,2
36.318,hall_mission,9x4.5,pi5,2.478,18.320,-1.992,-0.371,0.879,-0.002,0.954,-0.79,-7.66,128.30,0.4358,0.4518,0.4980,0.4808,8196,28.014,714.2,376.3,470.3,22.6,492.9,20.24,24.35,0.97122,4.225,13.72,25.06,14,2
36.370,hall_mission,9x4.5,pi5,2.462,18.356,-1.992,-0.382,0.885,-0.003,0.964,-0.70,-7.58,128.48,0.4885,0.4931,0.4401,0.4431,8190,27.978,713.2,375.6,469.5,22.6,492.1,20.21,24.35,0.97117,4.232,13.74,25.06,14,2
36.418,hall_mission,9x4.5,pi5,2.439,18.406,-1.993,-0.399,0.891,-0.007,0.976,-0.28,-7.41,128.80,0.5196,0.5196,0.4100,0.4120,8177,28.095,716.2,382.0,477.5,22.6,500.1,20.55,24.34,0.97113,4.239,13.51,25.06,14,2
36.470,hall_mission,9x4.5,pi5,2.421,18.442,-1.993,-0.412,0.892,-0.009,0.983,0.02,-7.30,129.14,0.5304,0.5305,0.3954,0.4012,8164,28.126,717.0,385.1,481.4,22.6,504.0,20.71,24.34,0.97108,4.246,13.40,25.06,14,2
36.518,hall_mission,9x4.5,pi5,2.392,18.500,-1.995,-0.434,0.891,-0.010,0.991,0.35,-7.14,129.93,0.5276,0.5265,0.3975,0.4047,8159,28.062,715.4,383.1,478.9,22.6,501.5,20.61,24.34,0.97103,4.253,13.47,25.06,14,2
36.570,hall_mission,9x4.5,pi5,2.373,18.537,-1.995,-0.448,0.888,-0.009,0.995,0.47,-7.05,130.65,0.5137,0.5156,0.4114,0.4160,8161,27.948,712.5,378.4,473.0,22.6,495.6,20.35,24.35,0.97098,4.260,13.64,25.06,14,2
36.618,hall_mission,9x4.5,pi5,2.345,18.588,-1.996,-0.468,0.882,-0.007,0.999,0.50,-6.94,131.95,0.4991,0.4986,0.4273,0.4328,8165,27.856,710.1,374.1,467.7,22.6,490.3,20.13,24.35,0.97094,4.267,13.79,25.06,14,2
36.670,hall_mission,9x4.5,pi5,2.325,18.624,-1.996,-0.481,0.877,-0.005,1.001,0.45,-6.88,132.93,0.4796,0.4812,0.4484,0.4505,8172,27.820,709.2,371.8,464.7,22.6,487.3,20.01,24.36,0.97089,4.274,13.87,25.06,14,2
36.718,hall_mission,9x4.5,pi5,2.291,18.681,-1.995,-0.502,0.869,-0.001,1.003,0.31,-6.81,134.47,0.4648,0.4640,0.4651,0.4683,8181,27.861,710.3,372.2,465.2,22.6,487.8,20.03,24.35,0.97084,4.280,13.85,25.06,14,2
36.770,hall_mission,9x4.5,pi5,2.270,18.717,-1.995,-0.513,0.863,0.001,1.004,0.18,-6.77,135.50,0.4485,0.4503,0.4819,0.4840,8190,27.949,712.5,374.4,468.0,22.6,490.6,20.15,24.35,0.97079,4.287,13.77,25.06,14,2
36.818,hall_mission,9x4.5,pi5,2.239,18.766,-1.993,-0.528,0.856,0.003,1.006,-0.03,-6.71,136.97,0.4422,0.4570,0.4896,0.4781,8198,28.005,713.9,375.6,469.5,22.6,492.1,20.21,24.35,0.97075,4.294,13.73,25.06,14,2
36.870,hall_mission,9x4.5,pi5,2.217,18.801,-1.992,-0.538,0.851,0.004,1.007,-0.03,-6.66,137.88,0.4790,0.4827,0.4525,0.4545,8204,28.039,714.8,376.1,470.1,22.6,492.7,20.24,24.35,0.97070,4.301,13.71,25.06,14,2
36.918,hall_mission,9x4.5,pi5,2.181,18.856,-1.990,-0.555,0.841,0.002,1.007,0.25,-6.55,139.25,0.5010,0.4991,0.4313,0.4370,8203,28.108,716.6,379.0,473.8,22.6,496.4,20.39,24.34,0.97066,4.308,13.60,25.06,14,2
36.970,hall_mission,9x4.5,pi5,2.158,18.890,-1.989,-0.566,0.832,0.000,1.006,0.44,-6.49,140.23,0.5045,0.5046,0.4276,0.4319,8203,28.137,717.3,380.2,475.2,22.6,497.8,20.45,24.34,0.97061,4.315,13.56,25.05,14,2
37.018,hall_mission,9x4.5,pi5,2.125,18.937,-1.987,-0.582,0.818,0.000,1.003,0.62,-6.42,141.85,0.4985,0.4978,0.4337,0.4398,8208,28.131,717.1,379.2,474.1,22.6,496.7,20.40,24.34,0.97056,4.321,13.60,25.05,14,2
37.070,hall_mission,9x4.5,pi5,2.100,18.970,-1.986,-0.593,0.806,0.000,1.001,0.66,-6.40,143.02,0.4845,0.4850,0.4487,0.4527,8212,28.099,716.3,377.5,471.8,22.6,494.4,20.31,24.34,0.97051,4.329,13.66,25.05,14,2
37.118,hall_mission,9x4.5,pi5,2.060,19.022,-1.984,-0.612,0.788,-0.001,0.997,0.62,-6.37,144.83,0.4703,0.4696,0.4631,0.4683,8213,28.085,716.0,376.7,470.8,22.6,493.4,20.27,24.34,0.97047,4.335,13.68,25.05,14,2
37.170,hall_mission,9x4.5,pi5,2.035,19.053,-1.983,-0.623,0.776,-0.002,0.995,0.53,-6.37,146.05,0.4531,0.4551,0.4808,0.4826,8215,28.108,716.6,377.5,471.8,22.6,494.4,20.31,24.34,0.97042,4.342,13.65,25.05,14,2
37.218,hall_mission,9x4.5,pi5,1.998,19.097,-1.983,-0.638,0.760,-0.003,0.992,0.33,-6.35,147.80,0.4410,0.4417,0.4923,0.4963,8214,28.149,717.6,379.2,474.0,22.6,496.6,20.40,24.34,0.97037,4.349,13.59,25.05,14,2
37.270,hall_mission,9x4.5,pi5,1.971,19.127,-1.982,-0.648,0.749,-0.005,0.990,0.19,-6.35,148.88,0.4299,0.4311,0.5036,0.5059,8211,28.186,718.5,381.1,476.4,22.6,499.0,20.50,24.34,0.97032,4.356,13.52,25.05,14,2
37.318,hall_mission,9x4.5,pi5,1.928,19.174,-1.982,-0.662,0.733,-0.007,0.988,-0.04,-6.34,150.33,0.4234,0.4240,0.5097,0.5125,8207,28.209,719.1,382.5,478.1,22.6,500.7,20.58,24.33,0.97028,4.363,13.48,25.05,14,2
37.370,hall_mission,9x4.5,pi5,1.900,19.203,-1.982,-0.670,0.723,-0.008,0.986,-0.19,-6.33,151.16,0.4186,0.4212,0.5132,0.5154,8203,28.208,719.1,383.1,478.8,22.6,501.4,20.61,24.33,0.97023,4.370,13.46,25.05,14,2
37.418,hall_mission,9x4.5,pi5,1.861,19.243,-1.983,-0.681,0.711,-0.009,0.985,-0.41,-6.31,152.17,0.4182,0.4205,0.5141,0.5148,8200,28.192,718.7,382.8,478.5,22.6,501.1,20.59,24.33,0.97018,4.377,13.46,25.05,14,2
37.470,hall_mission,9x4.5,pi5,1.833,19.270,-1.983,-0.688,0.703,-0.010,0.984,-0.52,-6.30,152.69,0.4204,0.4229,0.5112,0.5128,8199,28.165,718.0,381.9,477.3,22.6,499.9,20.54,24.33,0.97013,4.384,13.49,25.05,14,2
37.518,hall_mission,9x4.5,pi5,1.788,19.314,-1.984,-0.697,0.692,-0.010,0.983,-0.66,-6.29,153.25,0.4261,0.4397,0.5064,0.4941,8196,28.066,715.5,378.3,472.9,22.6,495.5,20.36,24.34,0.97009,4.391,13.62,25.05,14,2
37.570,hall_mission,9x4.5,pi5,1.759,19.341,-1.984,-0.703,0.686,-0.010,0.982,-0.65,-6.28,153.50,0.4702,0.4733,0.4601,0.4615,8191,27.937,712.2,373.7,467.2,22.6,489.8,20.12,24.35,0.97004,4.398,13.78,25.05,14,2
37.618,hall_mission,9x4.5,pi5,1.720,19.379,-1.985,-0.710,0.677,-0.013,0.981,-0.36,-6.24,153.85,0.5049,0.5131,0.4287,0.4170,8186,28.060,715.3,379.5,474.3,22.6,496.9,20.42,24.34,0.96999,4.404,13.58,25.05,14,2
37.670,hall_mission,9x4.5,pi5,1.691,19.405,-1.986,-0.717,0.668,-0.017,0.980,-0.02,-6.22,154.17,0.5546,0.5569,0.3717,0.3746,8165,28.481,726.1,399.1,498.9,22.6,521.5,21.46,24.30,0.96994,4.412,12.92,25.05,14,2
37.718,hall_mission,9x4.5,pi5,1.645,19.447,-1.987,-0.729,0.650,-0.032,0.977,0.64,-6.11,155.00,0.5764,0.5728,0.3447,0.3539,8128,28.614,729.5,409.3,511.6,22.6,534.2,21.99,24.29,0.96989,4.419,12.60,25.05,14,2
37.770,hall_mission,9x4.5,pi5,1.615,19.472,-1.988,-0.738,0.635,-0.040,0.974,1.02,-6.03,155.86,0.5704,0.5693,0.3460,0.3534,8097,28.352,722.8,402.9,503.6,22.6,526.2,21.66,24.30,0.96984,4.426,12.80,25.05,14,2
37.818,hall_mission,9x4.5,pi5,1.574,19.506,-1.990,-0.749,0.610,-0.044,0.967,1.36,-5.95,157.64,0.5517,0.5493,0.3624,0.3714,8081,27.924,711.9,387.9,484.9,22.6,507.5,20.87,24.32,0.96980,4.433,13.28,25.05,14,2
37.870,hall_mission,9x4.5,pi5,1.544,19.529,-1.991,-0.757,0.590,-0.043,0.961,1.45,-5.93,159.10,0.5212,0.5214,0.3931,0.3987,8080,27.524,701.7,372.2,465.3,22.6,487.9,20.04,24.35,0.96975,4.440,13.83,25.05,14,2
37.918,hall_mission,9x4.5,pi5,1.495,19.564,-1.993,-0.769,0.557,-0.035,0.950,1.40,-5.93,161.58,0.4931,0.4913,0.4237,0.4298,8093,27.359,697.5,364.0,455.0,22.6,477.6,19.61,24.36,0.96970,4.447,14.13,25.05,14,2
37.970,hall_mission,9x4.5,pi5,1.464,19.585,-1.993,-0.776,0.537,-0.028,0.944,1.27,-5.96,163.35,0.4613,0.4631,0.4580,0.4614,8114,27.408,698.7,363.1,453.9,22.6,476.5,19.56,24.36,0.96966,4.454,14.16,25.05,14,2
38.018,hall_mission,9x4.5,pi5,1.420,19.612,-1.993,-0.785,0.509,-0.018,0.936,0.99,-6.01,165.99,0.4383,0.4381,0.4843,0.4890,8135,27.604,703.7,368.1,460.1,22.6,482.7,19.82,24.35,0.96961,4.460,13.98,25.05,14,2
38.070,hall_mission,9x4.5,pi5,1.389,19.631,-1.993,-0.791,0.490,-0.013,0.931,0.77,-6.04,167.68,0.4171,0.4179,0.5087,0.5112,8154,27.865,710.4,376.0,470.0,22.6,492.6,20.24,24.34,0.96956,4.467,13.69,25.05,14,2
38.118,hall_mission,9x4.5,pi5,1.338,19.658,-1.992,-0.801,0.463,-0.010,0.925,0.40,-6.07,170.00,0.3987,0.3778,0.5321,0.5514,8172,28.328,722.2,392.0,490.0,22.6,512.6,21.08,24.31,0.96952,4.474,13.14,25.05,14,2
38.170,hall_mission,9x4.5,pi5,1.306,19.675,-1.991,-0.807,0.447,-0.016,0.923,-0.03,-6.12,171.32,0.3319,0.3322,0.5929,0.5971,8151,29.171,743.7,428.5,535.6,22.6,558.2,23.02,24.25,0.96946,4.482,12.04,25.05,14,2
38.218,hall_mission,9x4.5,pi5,1.260,19.697,-1.991,-0.817,0.432,-0.039,0.925,-0.92,-6.09,172.75,0.2966,0.3013,0.6212,0.6186,8092,29.509,752.3,449.4,561.8,22.6,584.4,24.13,24.22,0.96941,4.490,11.48,25.05,14,2
38.270,hall_mission,9x4.5,pi5,1.227,19.713,-1.992,-0.823,0.427,-0.059,0.929,-1.48,-6.04,173.23,0.2855,0.2931,0.6208,0.6158,8010,29.077,741.3,442.2,552.8,22.6,575.4,23.75,24.23,0.96935,4.498,11.66,25.05,14,2
38.318,hall_mission,9x4.5,pi5,1.174,19.738,-1.995,-0.830,0.425,-0.079,0.936,-2.14,-5.96,173.19,0.2971,0.3038,0.6005,0.6003,7961,28.354,722.8,419.8,524.7,22.6,547.3,22.55,24.27,0.96930,4.505,12.28,25.05,14,2
38.370,hall_mission,9x4.5,pi5,1.141,19.754,-1.998,-0.832,0.427,-0.082,0.939,-2.43,-5.92,172.71,0.3233,0.3300,0.5714,0.5707,7939,27.543,702.2,390.9,488.6,22.6,511.2,21.03,24.31,0.96925,4.513,13.17,25.05,14,2
38.418,hall_mission,9x4.5,pi5,1.094,19.777,-2.002,-0.833,0.433,-0.075,0.942,-2.66,-5.90,171.42,0.3555,0.3612,0.5401,0.5403,7945,26.999,688.3,369.0,461.3,22.6,483.9,19.87,24.35,0.96921,4.519,13.93,25.05,14,2
38.470,hall_mission,9x4.5,pi5,1.061,19.794,-2.004,-0.832,0.439,-0.062,0.943,-2.71,-5.93,170.27,0.3932,0.3989,0.5066,0.5081,7980,26.782,682.7,356.0,445.1,22.6,467.7,19.19,24.37,0.96916,4.526,14.43,25.05,14,2
38.518,hall_mission,9x4.5,pi5,1.008,19.821,-2.007,-0.830,0.448,-0.037,0.944,-2.65,-6.00,168.28,0.4295,0.4312,0.4800,0.4813,8035,26.931,686.5,354.8,443.5,22.6,466.1,19.13,24.37,0.96912,4.532,14.48,25.05,14,2
38.570,hall_mission,9x4.5,pi5,0.975,19.839,-2.008,-0.828,0.455,-0.022,0.945,-2.57,-6.07,166.87,0.4392,0.4375,0.4754,0.4819,8078,27.202,693.5,359.8,449.7,22.6,472.3,19.39,24.36,0.96907,4.539,14.28,25.05,14,2
38.618,hall_mission,9x4.5,pi5,0.929,19.865,-2.008,-0.825,0.465,-0.003,0.947,-2.67,-6.13,164.69,0.4330,0.4366,0.4867,0.4892,8120,27.510,701.3,366.4,458.0,22.6,480.6,19.74,24.35,0.96903,4.545,14.03,25.05,14,2
38.670,hall_mission,9x4.5,pi5,0.897,19.883,-2.007,-0.823,0.475,0.006,0.950,-2.80,-6.18,163.19,0.4385,0.4432,0.4872,0.4868,8157,27.745,707.3,370.8,463.5,22.6,486.1,19.97,24.34,0.96898,4.552,13.86,25.05,14,2
38.718,hall_mission,9x4.5,pi5,0.845,19.915,-2.006,-0.818,0.493,0.017,0.955,-2.91,-6.27,160.86,0.4519,0.4559,0.4775,0.4766,8179,27.863,710.3,372.4,465.6,22.6,488.2,20.06,24.34,0.96893,4.559,13.80,25.05,14,2
38.770,hall_mission,9x4.5,pi5,0.813,19.935,-2.004,-0.814,0.506,0.020,0.959,-2.91,-6.35,159.28,0.4692,0.4740,0.4612,0.4613,8193,27.949,712.5,374.0,467.5,22.6,490.1,20.14,24.33,0.96889,4.566,13.74,25.05,14,2
38.818,hall_mission,9x4.5,pi5,0.767,19.964,-2.002,-0.809,0.525,0.022,0.965,-2.81,-6.46,156.95,0.4866,0.4897,0.4463,0.4455,8202,28.044,714.9,376.6,470.8,22.6,493.4,20.28,24.33,0.96884,4.573,13.65,25.05,14,2
38.870,hall_mission,9x4.5,pi5,0.735,19.986,-2.000,-0.806,0.539,0.021,0.970,-2.68,-6.53,155.46,0.5023,0.5055,0.4309,0.4304,8206,28.149,717.6,380.3,475.4,22.6,498.0,20.47,24.32,0.96879,4.580,13.52,25.05,14,2
38.918,hall_mission,9x4.5,pi5,0.684,20.023,-1.998,-0.801,0.560,0.019,0.978,-2.44,-6.63,153.42,0.5138,0.5164,0.4194,0.4198,8206,28.235,719.8,383.7,479.6,22.6,502.2,20.65,24.32,0.96874,4.587,13.40,25.05,14,2
38.970,hall_mission,9x4.5,pi5,0.652,20.046,-1.996,-0.798,0.573,0.017,0.983,-2.26,-6.67,152.21,0.5220,0.5240,0.4111,0.4118,8205,28.296,721.3,386.4,483.0,22.6,505.6,20.79,24.31,0.96869,4.594,13.31,25.04,14,2
39.018,hall_mission,9x4.5,pi5,0.608,20.080,-1.994,-0.795,0.589,0.013,0.990,-1.98,-6.72,150.67,0.5257,0.5270,0.4068,0.4087,8202,28.314,721.8,387.4,484.3,22.6,506.9,20.85,24.31,0.96865,4.601,13.27,25.04,14,2
39.070,hall_mission,9x4.5,pi5,0.576,20.105,-1.993,-0.793,0.600,0.011,0.994,-1.80,-6.73,149.83,0.5251,0.5276,0.4074,0.4078,8201,28.309,721.7,387.4,484.2,22.6,506.8,20.85,24.31,0.96860,4.608,13.27,25.04,14,2
39.118,hall_mission,9x4.5,pi5,0.525,20.145,-1.991,-0.790,0.615,0.009,1.001,-1.56,-6.74,148.87,0.5231,0.5239,0.4103,0.4108,8202,28.284,721.0,386.3,482.8,22.6,505.4,20.79,24.31,0.96855,4.615,13.31,25.04,14,2
39.170,hall_mission,9x4.5,pi5,0.494,20.170,-1.989,-0.788,0.623,0.008,1.005,-1.41,-6.74,148.41,0.5167,0.5189,0.4165,0.4160,8202,28.233,719.7,384.2,480.2,22.6,502.8,20.68,24.32,0.96850,4.622,13.38,25.04,14,2
39.218,hall_mission,9x4.5,pi5,0.450,20.207,-1.988,-0.786,0.634,0.006,1.010,-1.23,-6.73,147.97,0.5105,0.5116,0.4218,0.4242,8203,28.179,718.4,382.0,477.4,22.6,500.0,20.56,24.32,0.96846,4.629,13.45,25.04,14,2
39.266,hall_mission,9x4.5,pi5,0.418,20.233,-1.987,-0.786,0.640,0.005,1.013,-1.13,-6.72,147.82,0.5023,0.5047,0.4300,0.4315,8203,28.129,717.1,379.9,474.8,22.6,497.4,20.45,24.32,0.96841,4.635,13.53,25.04,14,2
39.318,hall_mission,9x4.5,pi5,0.368,20.276,-1.987,-0.785,0.649,0.005,1.018,-1.00,-6.70,147.78,0.4944,0.4957,0.4389,0.4403,8206,28.101,716.4,378.3,472.9,22.6,495.5,20.37,24.32,0.96836,4.642,13.58,25.04,14,2
39.370,hall_mission,9x4.5,pi5,0.336,20.303,-1.986,-0.785,0.653,0.005,1.021,-0.94,-6.69,147.85,0.4856,0.4883,0.4476,0.4486,8209,28.088,716.0,377.4,471.7,22.6,494.3,20.32,24.32,0.96831,4.649,13.61,25.04,14,2
39.418,hall_mission,9x4.5,pi5,0.292,20.341,-1.985,-0.785,0.658,0.005,1.024,-0.86,-6.67,148.04,0.4798,0.4805,0.4546,0.4564,8213,28.096,716.3,377.2,471.5,22.6,494.1,20.31,24.32,0.96827,4.656,13.62,25.04,14,2
39.466,hall_mission,9x4.5,pi5,0.260,20.368,-1.985,-0.785,0.661,0.006,1.026,-0.82,-6.66,148.22,0.4728,0.4757,0.4613,0.4628,8218,28.118,716.8,377.4,471.7,22.6,494.3,20.32,24.32,0.96822,4.663,13.61,25.04,14,2
39.518,hall_mission,9x4.5,pi5,0.209,20.412,-1.984,-0.786,0.665,0.006,1.030,-0.78,-6.65,148.51,0.4642,0.4437,0.4754,0.4930,8232,28.238,719.9,380.3,475.4,22.6,498.0,20.48,24.32,0.96817,4.670,13.50,25.04,14,2
39.570,hall_mission,9x4.5,pi5,0.176,20.439,-1.983,-0.787,0.667,0.002,1.032,-0.94,-6.66,148.68,0.4026,0.4062,0.5299,0.5343,8220,28.486,726.2,391.9,489.9,22.6,512.5,21.09,24.30,0.96812,4.677,13.11,25.04,14,2
39.618,hall_mission,9x4.5,pi5,0.132,20.477,-1.982,-0.788,0.673,-0.011,1.036,-1.47,-6.60,148.70,0.3725,0.3765,0.5587,0.5577,8192,28.674,731.0,403.3,504.1,22.6,526.7,21.69,24.28,0.96807,4.684,12.75,25.04,14,2
39.670,hall_mission,9x4.5,pi5,0.100,20.504,-1.982,-0.786,0.680,-0.020,1.040,-1.81,-6.56,148.46,0.3616,0.3682,0.5642,0.5617,8157,28.560,728.1,403.3,504.1,22.6,526.7,21.69,24.28,0.96802,4.692,12.75,25.04,14,2
39.718,hall_mission,9x4.5,pi5,0.049,20.548,-1.982,-0.781,0.694,-0.029,1.045,-2.18,-6.52,147.66,0.3719,0.3554,0.5565,0.5714,8155,28.571,728.4,404.0,505.0,22.6,527.6,21.73,24.28,0.96797,4.699,12.72,25.04,14,2
39.770,hall_mission,9x4.5,pi5,0.017,20.576,-1.982,-0.775,0.703,-0.034,1.047,-2.43,-6.51,146.83,0.3357,0.3382,0.5870,0.5886,8134,28.922,737.3,420.7,525.9,22.6,548.5,22.62,24.25,0.96792,4.707,12.22,25.04,14,2
39.818,hall_mission,9x4.5,pi5,-0.027,20.616,-1.984,-0.765,0.720,-0.047,1.052,-2.99,-6.42,145.06,0.3223,0.3327,0.5938,0.5897,8095,28.807,734.4,421.2,526.5,22.6,549.0,22.64,24.25,0.96787,4.714,12.21,25.04,14,2
39.870,hall_mission,9x4.5,pi5,-0.057,20.644,-1.985,-0.755,0.735,-0.054,1.055,-3.30,-6.37,143.50,0.3375,0.3464,0.5731,0.5720,8060,28.206,719.1,401.8,502.3,22.6,524.9,21.62,24.28,0.96782,4.722,12.79,25.04,14,2
39.918,hall_mission,9x4.5,pi5,-0.104,20.692,-1.988,-0.733,0.760,-0.056,1.057,-3.54,-6.38,140.66,0.3654,0.3764,0.5432,0.5406,8048,27.602,703.7,379.5,474.4,22.6,497.0,20.44,24.32,0.96777,4.728,13.52,25.04,14,2
39.970,hall_mission,9x4.5,pi5,-0.133,20.722,-1.989,-0.717,0.775,-0.051,1.057,-3.55,-6.43,138.50,0.4071,0.4143,0.5034,0.5032,8057,27.210,693.7,362.9,453.6,22.6,476.2,19.56,24.34,0.96772,4.735,14.13,25.04,14,2
40.018,hall_mission,9x4.5,pi5,-0.171,20.766,-1.991,-0.693,0.797,-0.038,1.057,-3.36,-6.57,135.06,0.4443,0.4371,0.4732,0.4822,8089,27.269,695.2,361.0,451.2,22.6,473.8,19.46,24.34,0.96768,4.742,14.20,25.04,14,2
40.066,hall_mission,9x4.5,pi5,-0.198,20.798,-1.992,-0.676,0.811,-0.027,1.056,-3.24,-6.65,132.71,0.4454,0.4472,0.4764,0.4764,8119,27.465,700.2,364.6,455.8,22.6,478.4,19.66,24.34,0.96764,4.748,14.06,25.04,14,2
40.118,hall_mission,9x4.5,pi5,-0.238,20.851,-1.992,-0.647,0.835,-0.009,1.056,-3.20,-6.75,129.16,0.4534,0.4605,0.4717,0.4699,8156,27.699,706.1,369.0,461.3,22.6,483.9,19.89,24.33,0.96759,4.755,13.90,25.04,14,2
40.170,hall_mission,9x4.5,pi5,-0.263,20.885,-1.992,-0.628,0.849,-0.002,1.057,-3.13,-6.82,126.81,0.4731,0.4783,0.4555,0.4552,8180,27.868,710.4,372.5,465.6,22.6,488.2,20.07,24.33,0.96754,4.762,13.77,25.04,14,2
40.218,hall_mission,9x4.5,pi5,-0.295,20.933,-1.991,-0.601,0.870,0.004,1.058,-2.93,-6.94,123.34,0.4932,0.4982,0.4379,0.4363,8193,28.019,714.3,376.8,471.1,22.6,493.7,20.30,24.32,0.96750,4.769,13.61,25.04,14,2
40.270,hall_mission,9x4.5,pi5,-0.317,20.967,-1.990,-0.582,0.885,0.005,1.059,-2.72,-7.02,121.14,0.5146,0.5181,0.4174,0.4172,8199,28.201,718.9,383.3,479.1,22.6,501.7,20.64,24.31,0.96745,4.776,13.38,25.04,14,2
40.318,hall_mission,9x4.5,pi5,-0.351,21.025,-1.988,-0.552,0.908,0.003,1.063,-2.34,-7.11,118.08,0.5294,0.5343,0.4027,0.4004,8197,28.345,722.6,389.3,486.7,22.6,509.3,20.96,24.30,0.96740,4.783,13.18,25.04,14,2
40.366,hall_mission,9x4.5,pi5,-0.371,21.061,-1.987,-0.534,0.922,0.000,1.065,-2.06,-7.15,116.25,0.5411,0.5445,0.3898,0.3896,8191,28.442,725.1,394.1,492.6,22.6,515.2,21.21,24.29,0.96735,4.789,13.02,25.04,14,2
40.418,hall_mission,9x4.5,pi5,-0.398,21.113,-1.986,-0.511,0.939,-0.005,1.069,-1.62,-7.19,113.89,0.5479,0.5503,0.3820,0.3823,8182,28.477,726.0,396.7,495.9,22.6,518.5,21.35,24.29,0.96730,4.797,12.94,25.04,14,2
40.466,hall_mission,9x4.5,pi5,-0.416,21.151,-1.986,-0.496,0.950,-0.008,1.072,-1.35,-7.19,112.58,0.5494,0.5506,0.3799,0.3803,8173,28.441,725.0,396.4,495.5,22.6,518.1,21.33,24.29,0.96725,4.804,12.95,25.04,14,2
40.518,hall_mission,9x4.5,pi5,-0.445,21.211,-1.985,-0.475,0.965,-0.011,1.076,-0.97,-7.17,111.03,0.5451,0.5481,0.3820,0.3830,8166,28.352,722.8,393.8,492.2,22.6,514.8,21.20,24.29,0.96720,4.811,13.03,25.04,14,2
40.566,hall_mission,9x4.5,pi5,-0.462,21.249,-1.985,-0.464,0.973,-0.013,1.078,-0.75,-7.15,110.26,0.5396,0.5409,0.3877,0.3892,8163,28.244,720.0,389.9,487.4,22.6,510.0,20.99,24.29,0.96716,4.818,13.16,25.04,14,2
40.618,hall_mission,9x4.5,pi5,-0.486,21.303,-1.985,-0.450,0.982,-0.013,1.080,-0.46,-7.11,109.48,0.5348,0.5246,0.4017,0.3926,8150,28.037,714.8,383.4,479.2,22.6,501.8,20.65,24.30,0.96711,4.825,13.37,25.04,14,2
40.670,hall_mission,9x4.5,pi5,-0.503,21.341,-1.985,-0.441,0.988,-0.014,1.082,-0.32,-6.94,109.17,0.5203,0.4971,0.4350,0.4025,8154,27.874,710.6,376.3,470.3,22.6,492.9,20.27,24.32,0.96706,4.832,13.62,25.04,14,2
40.718,hall_mission,9x4.5,pi5,-0.529,21.402,-1.986,-0.426,0.987,-0.015,1.075,-0.30,-5.00,108.93,0.4834,0.4826,0.4471,0.4425,8157,27.732,707.0,370.2,462.8,22.6,485.4,19.95,24.32,0.96701,4.839,13.84,25.04,14,2
40.770,hall_mission,9x4.5,pi5,-0.545,21.440,-1.986,-0.412,0.973,-0.014,1.057,-0.31,-3.22,108.86,0.4446,0.4630,0.4703,0.4786,8160,27.732,707.0,369.9,462.3,22.6,484.9,19.94,24.32,0.96697,4.846,13.85,25.04,14,2
40.818,hall_mission,9x4.5,pi5,-0.566,21.492,-1.987,-0.388,0.936,-0.013,1.013,-0.32,-0.68,108.75,0.4268,0.4398,0.4888,0.5012,8160,27.805,708.8,372.8,466.0,22.6,488.6,20.09,24.32,0.96692,4.852,13.74,25.04,14,2
40.870,hall_mission,9x4.5,pi5,-0.581,21.527,-1.987,-0.367,0.898,-0.012,0.971,-0.32,0.74,108.60,0.4054,0.4210,0.5088,0.5206,8157,27.931,712.0,378.1,472.7,22.6,495.3,20.37,24.31,0.96687,4.860,13.55,25.04,14,2
40.918,hall_mission,9x4.5,pi5,-0.602,21.579,-1.987,-0.330,0.824,-0.011,0.888,-0.32,2.39,108.17,0.3952,0.4076,0.5213,0.5304,8153,28.012,714.1,382.0,477.5,22.6,500.1,20.58,24.30,0.96683,4.866,13.42,25.04,14,2
40.970,hall_mission,9x4.5,pi5,-0.614,21.609,-1.988,-0.305,0.771,-0.011,0.830,-0.33,3.19,107.70,0.3870,0.3974,0.5303,0.5384,8148,28.080,715.8,385.4,481.7,22.6,504.3,20.76,24.30,0.96678,4.874,13.30,25.03,14,2
41.018,hall_mission,9x4.5,pi5,-0.629,21.645,-1.988,-0.271,0.693,-0.010,0.744,-0.36,4.03,106.69,0.3879,0.3955,0.5314,0.5373,8144,28.059,715.3,385.0,481.3,22.6,503.9,20.74,24.30,0.96673,4.880,13.31,25.03,14,2
41.070,hall_mission,9x4.5,pi5,-0.639,21.668,-1.988,-0.246,0.635,-0.009,0.681,-0.39,4.38,105.80,0.3887,0.3968,0.5309,0.5363,8146,28.061,715.4,384.8,481.0,22.6,503.6,20.73,24.30,0.96668,4.888,13.32,25.03,14,2
41.118,hall_mission,9x4.5,pi5,-0.651,21.699,-1.988,-0.208,0.543,-0.010,0.581,-0.48,4.61,104.15,0.3754,0.4939,0.4626,0.5577,8280,28.918,737.2,401.0,501.3,22.6,523.9,21.58,24.27,0.96663,4.895,12.79,25.03,14,2
41.170,hall_mission,9x4.5,pi5,-0.658,21.715,-1.988,-0.185,0.487,-0.025,0.522,-0.49,3.65,102.92,0.5071,0.5243,0.4325,0.4168,8247,28.503,726.6,388.9,486.1,22.6,508.7,20.94,24.29,0.96658,4.902,13.18,25.03,14,2
41.218,hall_mission,9x4.5,pi5,-0.665,21.734,-1.989,-0.161,0.432,-0.047,0.463,-0.21,0.47,101.21,0.5749,0.5647,0.3681,0.3584,8195,28.891,736.5,411.6,514.5,22.6,537.1,22.14,24.25,0.96653,4.909,12.46,25.03,14,2
41.270,hall_mission,9x4.5,pi5,-0.670,21.746,-1.991,-0.151,0.411,-0.064,0.443,0.15,-1.79,100.33,0.6005,0.5888,0.3378,0.3155,8109,28.955,738.1,425.1,531.4,22.6,554.0,22.86,24.23,0.96648,4.917,12.07,25.03,14,2
41.318,hall_mission,9x4.5,pi5,-0.677,21.764,-1.996,-0.147,0.410,-0.085,0.444,0.73,-4.72,99.58,0.6000,0.5901,0.3263,0.3070,8040,28.610,729.3,420.2,525.3,22.6,547.9,22.60,24.24,0.96643,4.924,12.21,25.03,14,2
41.370,hall_mission,9x4.5,pi5,-0.681,21.776,-2.000,-0.150,0.425,-0.090,0.459,1.07,-6.26,99.49,0.5862,0.5744,0.3326,0.3174,7994,28.031,714.6,403.2,504.0,22.6,526.6,21.70,24.27,0.96638,4.932,12.71,25.03,14,2
41.418,hall_mission,9x4.5,pi5,-0.688,21.795,-2.005,-0.160,0.457,-0.086,0.492,1.44,-7.96,99.96,0.5629,0.5536,0.3500,0.3388,7974,27.477,700.5,383.9,479.9,22.6,502.5,20.68,24.30,0.96633,4.939,13.34,25.03,14,2
41.470,hall_mission,9x4.5,pi5,-0.694,21.811,-2.009,-0.170,0.486,-0.076,0.521,1.57,-8.75,100.63,0.5349,0.5269,0.3771,0.3686,7983,27.075,690.2,367.2,459.0,22.6,481.6,19.80,24.32,0.96628,4.946,13.93,25.03,14,2
41.518,hall_mission,9x4.5,pi5,-0.705,21.839,-2.014,-0.190,0.538,-0.051,0.573,1.62,-9.53,102.04,0.5086,0.5022,0.4051,0.3996,8011,26.950,687.0,358.6,448.3,22.6,470.9,19.35,24.34,0.96624,4.952,14.26,25.03,14,2
41.570,hall_mission,9x4.5,pi5,-0.712,21.860,-2.016,-0.204,0.572,-0.033,0.608,1.56,-9.84,103.16,0.4813,0.4778,0.4344,0.4326,8050,27.021,688.9,356.4,445.5,22.6,468.1,19.23,24.34,0.96619,4.959,14.34,25.03,14,2
41.618,hall_mission,9x4.5,pi5,-0.725,21.891,-2.018,-0.224,0.619,-0.010,0.659,1.38,-10.07,105.00,0.4603,0.4573,0.4601,0.4594,8089,27.243,694.5,359.9,449.8,22.6,472.4,19.41,24.33,0.96615,4.965,14.21,25.03,14,2
41.670,hall_mission,9x4.5,pi5,-0.735,21.916,-2.019,-0.239,0.653,0.004,0.695,1.23,-10.10,106.24,0.4411,0.4401,0.4843,0.4824,8129,27.550,702.3,366.7,458.4,22.6,481.0,19.78,24.32,0.96610,4.972,13.94,25.03,14,2
41.718,hall_mission,9x4.5,pi5,-0.752,21.959,-2.018,-0.263,0.704,0.020,0.752,0.97,-10.03,108.01,0.4279,0.4276,0.5000,0.4997,8155,27.800,708.7,373.2,466.5,22.6,489.1,20.12,24.31,0.96606,4.978,13.71,25.03,14,2
41.770,hall_mission,9x4.5,pi5,-0.764,21.989,-2.018,-0.277,0.735,0.027,0.786,0.79,-9.91,109.08,0.4045,0.3925,0.5291,0.5336,8171,28.183,718.5,386.4,483.0,22.6,505.6,20.81,24.29,0.96601,4.986,13.25,25.03,14,2
41.818,hall_mission,9x4.5,pi5,-0.782,22.033,-2.016,-0.296,0.776,0.026,0.831,0.29,-9.69,110.41,0.3602,0.3637,0.5657,0.5684,8165,28.676,731.0,406.9,508.6,22.6,531.2,21.90,24.26,0.96596,4.993,12.59,25.03,14,2
41.870,hall_mission,9x4.5,pi5,-0.795,22.066,-2.016,-0.307,0.806,0.018,0.862,-0.12,-9.47,111.01,0.3387,0.3425,0.5839,0.5834,8131,28.814,734.6,416.9,521.1,22.6,543.7,22.43,24.24,0.96590,5.001,12.29,25.03,14,2
41.918,hall_mission,9x4.5,pi5,-0.817,22.122,-2.015,-0.318,0.849,0.005,0.907,-0.64,-9.11,111.36,0.3358,0.3426,0.5822,0.5797,8101,28.599,729.1,412.1,515.2,22.6,537.8,22.18,24.25,0.96585,5.008,12.43,25.03,14,2
41.970,hall_mission,9x4.5,pi5,-0.832,22.159,-2.015,-0.321,0.873,0.000,0.931,-0.87,-8.86,111.22,0.3496,0.3550,0.5650,0.5660,8084,28.199,718.9,398.5,498.1,22.6,520.7,21.45,24.27,0.96580,5.015,12.85,25.03,14,2
42.018,hall_mission,9x4.5,pi5,-0.852,22.213,-2.015,-0.322,0.903,-0.001,0.959,-1.04,-8.52,110.51,0.3697,0.3756,0.5443,0.5443,8078,27.810,708.9,383.8,479.8,22.6,502.4,20.68,24.29,0.96576,5.022,13.33,25.03,14,2
42.070,hall_mission,9x4.5,pi5,-0.867,22.252,-2.015,-0.321,0.922,0.002,0.976,-1.06,-8.31,109.76,0.3973,0.4018,0.5181,0.5194,8088,27.543,702.1,372.0,464.9,22.6,487.5,20.05,24.31,0.96571,5.029,13.75,25.03,14,2
42.118,hall_mission,9x4.5,pi5,-0.890,22.316,-2.015,-0.317,0.947,0.011,0.999,-0.98,-8.05,108.34,0.4227,0.4282,0.4954,0.4955,8107,27.466,700.2,366.4,458.0,22.6,480.6,19.76,24.32,0.96567,5.036,13.95,25.03,14,2
42.170,hall_mission,9x4.5,pi5,-0.905,22.357,-2.014,-0.313,0.961,0.018,1.011,-0.88,-7.90,107.27,0.4498,0.4536,0.4712,0.4737,8130,27.528,701.8,365.7,457.1,22.6,479.7,19.73,24.32,0.96562,5.042,13.97,25.03,14,2
42.218,hall_mission,9x4.5,pi5,-0.924,22.415,-2.013,-0.307,0.977,0.026,1.025,-0.68,-7.71,105.61,0.4713,0.4743,0.4541,0.4548,8153,27.677,705.6,368.6,460.8,22.6,483.4,19.88,24.31,0.96557,5.049,13.86,25.03,14,2
42.270,hall_mission,9x4.5,pi5,-0.938,22.456,-2.012,-0.303,0.987,0.031,1.033,-0.54,-7.61,104.53,0.4897,0.4922,0.4381,0.4402,8173,27.869,710.5,373.5,466.9,22.6,489.5,20.14,24.31,0.96552,5.056,13.68,25.03,14,2
42.318,hall_mission,9x4.5,pi5,-0.960,22.523,-2.010,-0.297,1.001,0.035,1.045,-0.33,-7.47,103.02,0.4954,0.4810,0.4348,0.4534,8189,27.967,713.0,375.3,469.1,22.6,491.7,20.23,24.30,0.96548,5.063,13.62,25.03,14,2
42.370,hall_mission,9x4.5,pi5,-0.973,22.566,-2.009,-0.293,1.009,0.036,1.051,-0.37,-7.37,102.10,0.4520,0.4555,0.4779,0.4813,8197,27.985,713.4,375.0,468.7,22.6,491.3,20.22,24.30,0.96543,5.070,13.63,25.03,14,2
42.418,hall_mission,9x4.5,pi5,-0.992,22.625,-2.006,-0.283,1.019,0.033,1.058,-0.72,-7.20,100.73,0.4291,0.4357,0.5017,0.4996,8195,28.060,715.3,378.2,472.8,22.6,495.4,20.39,24.30,0.96539,5.076,13.52,25.03,14,2
42.470,hall_mission,9x4.5,pi5,-1.004,22.668,-2.005,-0.274,1.025,0.031,1.062,-0.96,-7.10,99.74,0.4242,0.4302,0.5065,0.5056,8196,28.100,716.4,379.7,474.6,22.6,497.2,20.47,24.30,0.96534,5.083,13.46,25.03,14,2
42.518,hall_mission,9x4.5,pi5,-1.023,22.736,-2.003,-0.255,1.034,0.031,1.065,-1.20,-7.00,98.11,0.4302,0.4377,0.5011,0.4990,8202,28.100,716.4,378.9,473.6,22.6,496.2,20.42,24.30,0.96529,5.090,13.49,25.03,14,2
42.566,hall_mission,9x4.5,pi5,-1.034,22.779,-2.001,-0.242,1.039,0.031,1.067,-1.27,-6.96,96.93,0.4446,0.4494,0.4877,0.4879,8207,28.079,715.8,377.3,471.6,22.6,494.2,20.34,24.30,0.96525,5.097,13.54,25.03,14,2
42.614,hall_mission,9x4.5,pi5,-1.044,22.822,-2.000,-0.228,1.043,0.030,1.068,-1.26,-6.93,95.70,0.4552,0.4425,0.4804,0.4940,8216,28.138,717.3,378.5,473.1,22.6,495.7,20.40,24.30,0.96520,5.103,13.50,25.03,14,2
42.662,hall_mission,9x4.5,pi5,-1.057,22.882,-1.998,-0.207,1.048,0.028,1.068,-1.36,-6.88,93.80,0.4252,0.4287,0.5083,0.5098,8216,28.248,720.1,382.9,478.6,22.6,501.2,20.64,24.29,0.96516,5.110,13.35,25.03,14,2
42.714,hall_mission,9x4.5,pi5,-1.066,22.925,-1.997,-0.190,1.051,0.024,1.068,-1.57,-6.81,92.44,0.4128,0.4185,0.5196,0.5185,8206,28.271,720.7,385.1,481.4,22.6,504.0,20.75,24.28,0.96511,5.117,13.27,25.03,14,2
42.762,hall_mission,9x4.5,pi5,-1.077,22.993,-1.997,-0.159,1.054,0.017,1.066,-1.79,-6.74,90.23,0.4846,0.5199,0.4578,0.4103,8218,28.256,720.3,382.9,478.6,22.6,501.2,20.64,24.29,0.96506,5.124,13.35,25.03,14,2
42.814,hall_mission,9x4.5,pi5,-1.083,23.036,-1.996,-0.140,1.057,0.003,1.066,-1.14,-6.79,88.76,0.6930,0.6276,0.2902,0.2341,8118,30.984,789.9,504.9,631.2,22.6,653.8,27.14,24.09,0.96499,5.133,10.15,25.03,14,2
42.862,hall_mission,9x4.5,pi5,-1.090,23.096,-1.998,-0.122,1.063,-0.059,1.072,0.12,-5.75,87.24,0.7808,0.7499,0.1362,0.1276,7935,35.001,892.3,681.4,851.8,22.6,874.4,36.73,23.80,0.96491,5.145,7.50,25.03,14,2
42.914,hall_mission,9x4.5,pi5,-1.094,23.139,-2.003,-0.116,1.062,-0.150,1.079,0.65,-4.19,87.06,0.7974,0.7930,0.0441,0.0651,7591,35.989,917.5,743.4,929.3,22.6,951.9,40.16,23.70,0.96482,5.159,6.86,25.03,14,2
42.962,hall_mission,9x4.5,pi5,-1.100,23.206,-2.019,-0.116,1.033,-0.315,1.086,1.16,-1.52,88.38,0.7590,0.7850,0.0040,0.0441,7202,33.848,862.9,686.0,857.5,22.6,880.1,36.99,23.79,0.96473,5.170,7.44,25.03,14,2
43.014,hall_mission,9x4.5,pi5,-1.104,23.247,-2.034,-0.120,0.996,-0.392,1.077,1.44,0.16,90.29,0.7089,0.7144,0.0040,0.0638,6836,29.538,753.0,553.9,692.4,22.6,715.0,29.78,24.01,0.96466,5.181,9.24,25.03,14,2
43.062,hall_mission,9x4.5,pi5,-1.110,23.301,-2.061,-0.127,0.926,-0.433,1.030,1.94,2.23,94.53,0.6502,0.6549,0.0419,0.1013,6681,25.998,662.8,444.7,555.8,22.6,578.4,23.92,24.19,0.96461,5.189,11.51,25.03,14,2
43.114,hall_mission,9x4.5,pi5,-1.115,23.336,-2.080,-0.132,0.868,-0.413,0.971,2.28,3.22,98.10,0.5813,0.5932,0.1169,0.1577,6683,23.043,587.4,348.3,435.3,22.6,457.9,18.82,24.34,0.96456,5.195,14.63,25.03,14,2
43.162,hall_mission,9x4.5,pi5,-1.122,23.386,-2.108,-0.137,0.772,-0.313,0.844,2.70,4.09,104.32,0.5376,0.5426,0.1922,0.2139,6818,21.844,556.9,298.6,373.2,22.6,395.8,16.21,24.42,0.96453,5.200,16.98,25.03,14,2
43.214,hall_mission,9x4.5,pi5,-1.127,23.414,-2.121,-0.138,0.712,-0.227,0.760,2.92,4.32,108.87,0.3782,0.3855,0.3897,0.4022,7069,20.812,530.6,240.4,300.5,22.6,323.1,13.18,24.51,0.96450,5.205,20.88,25.03,14,2
43.262,hall_mission,9x4.5,pi5,-1.135,23.448,-2.133,-0.137,0.628,-0.115,0.653,3.15,4.27,115.81,0.0186,0.0257,0.7800,0.7816,7252,34.481,879.0,706.4,883.0,22.6,905.6,38.12,23.76,0.96441,5.217,7.22,25.03,14,2
43.314,hall_mission,9x4.5,pi5,-1.140,23.469,-2.138,-0.136,0.561,-0.147,0.595,3.19,4.12,119.72,0.0000,0.0118,0.7633,0.7641,6652,32.805,836.3,665.0,831.2,22.6,853.8,35.83,23.83,0.96432,5.229,7.68,25.03,14,2
43.362,hall_mission,9x4.5,pi5,-1.149,23.496,-2.151,-0.133,0.454,-0.261,0.540,3.10,3.88,123.92,0.0000,0.0143,0.7244,0.7263,6383,29.985,764.4,580.2,725.2,22.6,747.8,31.21,23.96,0.96426,5.239,8.82,25.03,14,2
43.414,hall_mission,9x4.5,pi5,-1.154,23.508,-2.161,-0.128,0.395,-0.291,0.507,2.97,3.72,125.74,0.0000,0.0136,0.7022,0.7016,6210,28.315,721.8,532.1,665.1,22.6,687.7,28.61,24.04,0.96419,5.249,9.62,25.03,14,2
43.462,hall_mission,9x4.5,pi5,-1.161,23.522,-2.178,-0.121,0.321,-0.296,0.453,2.71,3.49,127.11,0.0000,0.0124,0.6927,0.6932,6141,27.686,705.8,514.4,643.1,22.6,665.7,27.66,24.07,0.96412,5.258,9.95,25.03,14,2
43.514,hall_mission,9x4.5,pi5,-1.165,23.529,-2.190,-0.115,0.274,-0.287,0.413,2.51,3.34,127.16,0.0000,0.0087,0.6899,0.6902,6107,27.469,700.3,508.8,636.0,22.6,658.6,27.35,24.08,0.96406,5.268,10.06,25.03,14,2
43.562,hall_mission,9x4.5,pi5,-1.172,23.537,-2.208,-0.105,0.206,-0.262,0.349,2.20,3.15,126.01,0.0000,0.0082,0.6887,0.6873,6090,27.323,696.5,504.8,631.0,22.6,653.6,27.14,24.08,0.96400,5.276,10.14,25.03,14,2
43.614,hall_mission,9x4.5,pi5,-1.176,23.539,-2.219,-0.099,0.168,-0.245,0.313,1.98,3.03,124.44,0.0000,0.0071,0.6872,0.6873,6081,27.267,695.1,503.3,629.2,22.6,651.8,27.06,24.09,0.96393,5.286,10.16,25.03,14,2
43.662,hall_mission,9x4.5,pi5,-1.182,23.540,-2.232,-0.091,0.119,-0.220,0.266,1.61,2.87,120.88,0.0000,0.0062,0.6873,0.6873,6078,27.269,695.2,503.5,629.4,22.6,652.0,27.07,24.08,0.96387,5.295,10.16,25.03,14,2
43.714,hall_mission,9x4.5,pi5,-1.185,23.540,-2.240,-0.085,0.088,-0.203,0.237,1.34,2.76,117.71,0.0000,0.0059,0.6881,0.6868,6078,27.277,695.4,503.7,629.7,22.6,652.3,27.08,24.08,0.96381,5.304,10.15,25.03,14,2
43.762,hall_mission,9x4.5,pi5,-1.191,23.537,-2.252,-0.077,0.043,-0.177,0.198,0.92,2.59,111.76,0.0000,0.0057,0.6881,0.6874,6079,27.296,695.9,504.3,630.4,22.6,653.0,27.11,24.08,0.96375,5.313,10.14,25.03,14,2
43.806,hall_mission,9x4.5,pi5,-1.194,23.534,-2.258,-0.073,0.019,-0.161,0.178,0.62,2.46,107.02,0.0111,0.0172,0.6773,0.6761,6439,26.860,684.7,484.3,605.3,22.6,627.9,26.04,24.11,0.96369,5.320,10.56,25.03,14,2
43.858,hall_mission,9x4.5,pi5,-1.199,23.529,-2.265,-0.067,-0.010,-0.128,0.145,0.18,2.24,98.81,0.1141,0.1191,0.5800,0.5786,6476,22.139,564.4,333.1,416.4,22.6,439.0,18.02,24.35,0.96365,5.327,15.25,25.03,14,2
43.906,hall_mission,9x4.5,pi5,-1.202,23.525,-2.269,-0.063,-0.027,-0.065,0.095,-0.09,2.06,92.78,0.2272,0.2295,0.4934,0.4914,6656,19.968,509.0,250.2,312.7,22.6,335.3,13.69,24.48,0.96362,5.331,20.07,25.03,14,2
43.958,hall_mission,9x4.5,pi5,-1.207,23.518,-2.267,-0.058,-0.049,0.084,0.113,-0.43,1.73,83.31,0.3568,0.3575,0.4116,0.4105,7000,20.463,521.7,235.4,294.2,22.6,316.8,12.93,24.51,0.96359,5.336,21.27,25.02,14,2
44.006,hall_mission,9x4.5,pi5,-1.210,23.513,-2.261,-0.054,-0.060,0.174,0.192,-0.61,1.50,76.94,0.4658,0.4659,0.3452,0.3431,7302,22.524,574.2,276.3,345.4,22.6,368.0,15.05,24.44,0.96356,5.341,18.26,25.02,14,2
44.058,hall_mission,9x4.5,pi5,-1.213,23.506,-2.245,-0.050,-0.074,0.262,0.277,-0.82,1.15,67.71,0.5612,0.5616,0.2813,0.2790,7532,25.346,646.1,354.3,442.8,22.6,465.4,19.14,24.32,0.96351,5.347,14.36,25.02,14,2
44.106,hall_mission,9x4.5,pi5,-1.216,23.501,-2.231,-0.046,-0.083,0.289,0.304,-0.91,0.93,61.98,0.6259,0.6267,0.2335,0.2313,7656,27.794,708.6,432.3,540.4,22.6,563.0,23.27,24.20,0.96346,5.355,11.81,25.02,14,2
44.158,hall_mission,9x4.5,pi5,-1.220,23.493,-2.208,-0.040,-0.096,0.276,0.295,-0.98,0.63,54.29,0.6689,0.6686,0.1940,0.1918,7677,29.490,751.8,493.9,617.3,22.6,639.9,26.56,24.10,0.96339,5.364,10.35,25.02,14,2
44.206,hall_mission,9x4.5,pi5,-1.222,23.488,-2.194,-0.036,-0.103,0.243,0.266,-0.97,0.44,49.89,0.6595,0.7382,0.1367,0.2285,7820,31.448,801.7,554.0,692.6,22.6,715.2,29.80,24.00,0.96333,5.374,9.22,25.02,14,2
44.258,hall_mission,9x4.5,pi5,-1.224,23.481,-2.179,-0.030,-0.107,0.166,0.200,-0.31,-1.08,44.50,0.6830,0.7040,0.1586,0.1760,7671,30.562,779.1,534.8,668.4,22.6,691.0,28.76,24.03,0.96326,5.384,9.55,25.02,14,2
44.306,hall_mission,9x4.5,pi5,-1.226,23.477,-2.171,-0.020,-0.097,0.121,0.157,0.23,-2.89,41.70,0.6878,0.6623,0.1783,0.1564,7538,29.303,747.0,499.8,624.7,22.6,647.3,26.88,24.09,0.96320,5.392,10.22,25.02,14,2
44.358,hall_mission,9x4.5,pi5,-1.227,23.472,-2.162,0.011,-0.060,0.081,0.101,1.04,-5.72,38.61,0.6507,0.6429,0.1977,0.1671,7442,27.781,708.2,452.3,565.4,22.6,588.0,24.34,24.16,0.96314,5.401,11.29,25.02,14,2
44.406,hall_mission,9x4.5,pi5,-1.226,23.471,-2.157,0.038,-0.027,0.078,0.091,1.52,-7.27,37.23,0.6255,0.6113,0.2228,0.1944,7426,26.640,679.1,412.3,515.3,22.6,537.9,22.21,24.22,0.96309,5.408,12.37,25.02,14,2
44.458,hall_mission,9x4.5,pi5,-1.222,23.472,-2.151,0.084,0.028,0.097,0.131,2.08,-8.93,36.06,0.5940,0.5802,0.2556,0.2357,7468,25.772,657.0,376.6,470.7,22.6,493.3,20.32,24.28,0.96304,5.415,13.52,25.02,14,2
44.506,hall_mission,9x4.5,pi5,-1.217,23.475,-2.146,0.119,0.070,0.122,0.184,2.34,-9.65,35.82,0.5631,0.5559,0.2912,0.2791,7554,25.403,647.6,354.0,442.5,22.6,465.1,19.13,24.32,0.96300,5.421,14.36,25.02,14,2
44.550,hall_mission,9x4.5,pi5,-1.211,23.481,-2.139,0.154,0.113,0.152,0.244,2.50,-10.11,35.93,0.5406,0.5323,0.3274,0.3199,7666,25.457,649.0,343.5,429.3,22.6,451.9,18.57,24.33,0.96296,5.427,14.79,25.02,14,2
44.602,hall_mission,9x4.5,pi5,-1.197,23.494,-2.126,0.209,0.183,0.203,0.344,2.57,-10.44,36.62,0.4731,0.3663,0.4529,0.4384,7704,24.849,633.5,316.0,395.0,22.6,417.6,17.13,24.37,0.96292,5.433,16.03,25.02,14,2
44.650,hall_mission,9x4.5,pi5,-1.186,23.506,-2.116,0.244,0.227,0.225,0.402,2.23,-10.14,37.22,0.1453,0.1311,0.7424,0.7388,7801,33.273,848.2,626.0,782.5,22.6,805.1,33.72,23.88,0.96285,5.444,8.14,25.02,14,2
44.702,hall_mission,9x4.5,pi5,-1.167,23.525,-2.103,0.299,0.292,0.125,0.436,1.35,-8.01,37.19,0.0085,0.0000,0.8340,0.8329,7145,38.260,975.4,839.3,1049.1,22.6,1071.7,45.56,23.52,0.96274,5.459,6.03,25.02,14,2
44.750,hall_mission,9x4.5,pi5,-1.152,23.542,-2.100,0.336,0.331,-0.025,0.472,0.95,-6.16,36.04,0.0000,0.0160,0.7710,0.7619,6687,33.034,842.1,671.4,839.3,22.6,861.9,36.21,23.80,0.96266,5.471,7.58,25.02,14,2
44.802,hall_mission,9x4.5,pi5,-1.125,23.572,-2.106,0.364,0.357,-0.175,0.539,0.41,-3.36,32.70,0.0000,0.0422,0.7059,0.7179,6387,29.180,743.9,553.1,691.4,22.6,714.0,29.76,23.99,0.96258,5.481,9.23,25.02,14,2
44.850,hall_mission,9x4.5,pi5,-1.108,23.591,-2.114,0.365,0.355,-0.205,0.549,0.04,-1.61,29.57,0.0000,0.0578,0.6821,0.6888,6252,27.440,699.5,501.4,626.8,22.6,649.4,26.97,24.08,0.96252,5.490,10.18,25.02,14,2
44.902,hall_mission,9x4.5,pi5,-1.083,23.616,-2.128,0.352,0.338,-0.201,0.528,-0.54,0.62,23.66,0.0000,0.0623,0.6749,0.6803,6211,26.933,686.6,486.7,608.4,22.6,631.0,26.18,24.10,0.96246,5.499,10.48,25.02,14,2
44.950,hall_mission,9x4.5,pi5,-1.067,23.633,-2.138,0.334,0.319,-0.184,0.497,-0.94,1.78,18.95,0.0198,0.0795,0.6557,0.6631,6571,26.148,666.6,455.1,568.9,22.6,591.5,24.49,24.15,0.96241,5.507,11.21,25.02,14,2
44.994,hall_mission,9x4.5,pi5,-1.043,23.658,-2.152,0.293,0.282,-0.141,0.431,-1.54,2.98,10.82,0.0807,0.1251,0.6079,0.6129,6602,23.797,606.7,378.0,472.5,22.6,495.1,20.40,24.27,0.96237,5.513,13.45,25.02,14,2
45.046,hall_mission,9x4.5,pi5,-1.030,23.671,-2.158,0.264,0.258,-0.087,0.379,-1.88,3.41,4.80,0.1559,0.1790,0.5647,0.5695,6756,22.502,573.6,325.4,406.7,22.6,429.3,17.63,24.36,0.96232,5.519,15.57,25.02,14,2
45.098,hall_mission,9x4.5,pi5,-1.014,23.687,-2.163,0.222,0.226,0.012,0.317,-2.29,3.58,-4.90,0.2228,0.2312,0.5349,0.5376,6964,22.282,568.0,300.9,376.2,22.6,398.8,16.35,24.39,0.96228,5.525,16.79,25.02,14,2
45.146,hall_mission,9x4.5,pi5,-1.005,23.696,-2.162,0.192,0.206,0.085,0.294,-2.51,3.47,-11.72,0.2882,0.2906,0.5048,0.5065,7195,22.573,575.4,289.2,361.5,22.6,384.1,15.74,24.41,0.96225,5.530,17.44,25.02,14,2
45.198,hall_mission,9x4.5,pi5,-0.993,23.709,-2.154,0.143,0.177,0.190,0.297,-2.82,3.09,-22.28,0.3772,0.3777,0.4534,0.4543,7457,23.277,593.4,286.5,358.2,22.6,380.8,15.60,24.42,0.96221,5.535,17.59,25.02,14,2
45.246,hall_mission,9x4.5,pi5,-0.988,23.716,-2.145,0.114,0.160,0.243,0.313,-2.99,2.75,-29.38,0.4587,0.4594,0.4001,0.3992,7656,24.477,624.0,307.9,384.9,22.6,407.5,16.71,24.38,0.96217,5.541,16.42,25.02,14,2
45.298,hall_mission,9x4.5,pi5,-0.983,23.724,-2.129,0.074,0.140,0.291,0.331,-3.18,2.16,-39.80,0.5404,0.5398,0.3394,0.3392,7806,26.247,669.1,357.0,446.3,22.6,468.9,19.29,24.30,0.96213,5.547,14.22,25.02,14,2
45.346,hall_mission,9x4.5,pi5,-0.981,23.729,-2.116,0.046,0.126,0.302,0.331,-3.24,1.76,-46.41,0.5990,0.5984,0.2926,0.2913,7887,27.955,712.7,413.0,516.3,22.6,538.9,22.25,24.21,0.96208,5.555,12.33,25.02,14,2
45.398,hall_mission,9x4.5,pi5,-0.980,23.735,-2.095,0.003,0.106,0.282,0.301,-3.24,1.18,-55.53,0.6451,0.6448,0.2475,0.2457,7894,29.412,749.8,468.6,585.7,22.6,608.3,25.21,24.13,0.96202,5.563,10.88,25.02,14,2
45.446,hall_mission,9x4.5,pi5,-0.981,23.738,-2.084,-0.023,0.094,0.251,0.269,-3.18,0.84,-60.97,0.6717,0.6711,0.2137,0.2111,7838,30.179,769.4,504.1,630.2,22.6,652.8,27.12,24.07,0.96196,5.572,10.11,25.02,14,2
45.498,hall_mission,9x4.5,pi5,-0.985,23.741,-2.071,-0.055,0.079,0.195,0.217,-3.01,0.40,-68.01,0.7693,0.7708,0.1009,0.1010,7745,34.758,886.1,687.1,858.9,22.6,881.5,37.09,23.77,0.96187,5.585,7.40,25.02,14,2
45.546,hall_mission,9x4.5,pi5,-0.988,23.743,-2.064,-0.078,0.068,0.098,0.143,-2.85,0.16,-71.77,0.8257,0.8268,0.0006,0.0000,7065,37.640,959.5,819.9,1024.8,22.6,1047.4,44.49,23.55,0.96177,5.599,6.16,25.02,14,2
45.598,hall_mission,9x4.5,pi5,-0.996,23.745,-2.066,-0.114,0.050,-0.121,0.174,-2.58,-0.11,-75.57,0.7537,0.7512,0.0052,0.0000,6546,31.928,813.9,639.1,798.9,22.6,821.5,34.45,23.85,0.96169,5.611,7.96,25.02,14,2
45.646,hall_mission,9x4.5,pi5,-1.002,23.746,-2.074,-0.130,0.041,-0.193,0.237,-2.38,-0.24,-77.01,0.7172,0.7166,0.0051,0.0000,6289,29.337,747.9,562.4,703.0,22.6,725.6,30.27,23.97,0.96162,5.620,9.06,25.02,14,2
45.698,hall_mission,9x4.5,pi5,-1.011,23.746,-2.089,-0.147,0.029,-0.230,0.275,-2.09,-0.35,-77.77,0.6996,0.6991,0.0038,0.0000,6157,28.091,716.1,526.9,658.6,22.6,681.2,28.35,24.03,0.96155,5.630,9.67,25.02,14,2
45.742,hall_mission,9x4.5,pi5,-1.018,23.746,-2.102,-0.156,0.021,-0.232,0.281,-1.90,-0.36,-77.41,0.6923,0.6906,0.0020,0.0000,6093,27.534,701.9,511.4,639.2,22.6,661.8,27.52,24.05,0.96149,5.638,9.96,25.02,14,2
45.794,hall_mission,9x4.5,pi5,-1.025,23.746,-2.114,-0.163,0.014,-0.225,0.278,-1.71,-0.32,-76.38,0.6882,0.6873,0.0009,0.0000,6062,27.275,695.3,504.2,630.3,22.6,652.9,27.13,24.06,0.96143,5.648,10.10,25.02,14,2
46.710,hall_mission,9x4.5,pi5,-1.037,23.746,-2.133,-0.170,0.004,-0.203,0.265,-1.46,-0.22,-73.62,0.6853,0.6851,0.0000,0.0023,6049,27.107,691.0,499.4,624.3,22.6,646.9,26.87,24.07,0.96029,5.812,10.18,25.02,14,2
46.762,hall_mission,9x4.5,pi5,-1.044,23.745,-2.144,-0.173,-0.000,-0.187,0.255,-1.30,-0.12,-70.98,0.6840,0.6839,0.0000,0.0041,6046,27.028,689.0,497.0,621.3,22.6,643.9,26.76,24.06,0.96023,5.821,10.23,25.02,14,2
46.810,hall_mission,9x4.5,pi5,-1.054,23.744,-2.156,-0.175,-0.006,-0.163,0.239,-1.07,0.05,-65.86,0.6835,0.6837,0.0000,0.0062,6051,27.016,688.7,496.4,620.6,22.6,643.2,26.73,24.06,0.96017,5.830,10.24,25.02,14,2
46.862,hall_mission,9x4.5,pi5,-1.061,23.743,-2.165,-0.175,-0.009,-0.146,0.228,-0.92,0.16,-61.67,0.6853,0.6838,0.0000,0.0069,6060,27.081,690.4,498.2,622.7,22.6,645.3,26.82,24.06,0.96010,5.839,10.20,25.01,14,2
46.910,hall_mission,9x4.5,pi5,-1.072,23.742,-2.175,-0.174,-0.012,-0.121,0.212,-0.70,0.32,-54.25,0.6847,0.6852,0.0000,0.0086,6070,27.121,691.4,499.1,623.9,22.6,646.5,26.87,24.06,0.96004,5.848,10.18,25.01,14,2
46.962,hall_mission,9x4.5,pi5,-1.078,23.741,-2.181,-0.173,-0.013,-0.107,0.203,-0.56,0.41,-48.56,0.6656,0.6659,0.0210,0.0288,6438,26.237,668.9,464.6,580.8,22.6,603.4,25.02,24.11,0.95998,5.857,10.93,25.01,14,2
47.010,hall_mission,9x4.5,pi5,-1.087,23.741,-2.187,-0.170,-0.013,-0.078,0.188,-0.36,0.51,-38.93,0.5879,0.5881,0.1067,0.1129,6490,22.535,574.5,344.8,431.0,22.6,453.6,18.66,24.30,0.95994,5.863,14.66,25.01,14,2
47.062,hall_mission,9x4.5,pi5,-1.094,23.740,-2.190,-0.168,-0.013,-0.024,0.170,-0.24,0.53,-31.95,0.4936,0.4932,0.2284,0.2314,6674,20.064,511.5,251.8,314.7,22.6,337.3,13.80,24.45,0.95991,5.868,19.83,25.01,14,2
47.110,hall_mission,9x4.5,pi5,-1.103,23.740,-2.187,-0.163,-0.013,0.115,0.200,-0.10,0.52,-21.00,0.4105,0.4101,0.3527,0.3527,6962,20.253,516.3,231.9,289.9,22.6,312.5,12.76,24.48,0.95988,5.872,21.43,25.01,14,2
47.162,hall_mission,9x4.5,pi5,-1.109,23.739,-2.180,-0.160,-0.012,0.205,0.260,-0.04,0.49,-13.64,0.3303,0.3293,0.4814,0.4812,7311,22.755,580.1,283.6,354.5,22.6,377.1,15.46,24.40,0.95984,5.877,17.70,25.01,14,2
47.210,hall_mission,9x4.5,pi5,-1.117,23.740,-2.164,-0.156,-0.012,0.293,0.332,0.04,0.43,-2.91,0.2621,0.2616,0.5795,0.5791,7528,25.799,657.7,371.3,464.1,22.6,486.7,20.06,24.26,0.95980,5.884,13.63,25.01,14,2
47.258,hall_mission,9x4.5,pi5,-1.123,23.740,-2.149,-0.154,-0.011,0.316,0.352,0.07,0.39,3.78,0.1546,0.2776,0.6434,0.6846,7811,29.969,764.0,496.5,620.6,22.6,643.2,26.73,24.06,0.95974,5.892,10.23,25.01,14,2
47.310,hall_mission,9x4.5,pi5,-1.132,23.740,-2.127,-0.149,-0.011,0.267,0.306,0.12,-0.32,12.79,0.1371,0.1900,0.6976,0.7167,7743,31.457,801.9,561.5,701.9,22.6,724.5,30.24,23.95,0.95966,5.903,9.04,25.01,14,2
47.362,hall_mission,9x4.5,pi5,-1.137,23.740,-2.115,-0.138,-0.008,0.210,0.252,0.41,-1.80,17.98,0.1386,0.1140,0.7195,0.7207,7567,31.551,804.3,580.4,725.5,22.6,748.1,31.27,23.92,0.95959,5.914,8.75,25.01,14,2
47.410,hall_mission,9x4.5,pi5,-1.144,23.741,-2.102,-0.105,0.009,0.131,0.168,0.87,-4.65,24.39,0.1373,0.0811,0.7203,0.7079,7399,30.831,786.0,566.0,707.5,22.6,730.1,30.49,23.95,0.95952,5.923,8.97,25.01,14,2
47.462,hall_mission,9x4.5,pi5,-1.147,23.743,-2.097,-0.070,0.031,0.085,0.114,1.02,-6.48,27.77,0.1416,0.0764,0.6955,0.6942,7258,29.484,751.6,527.5,659.3,22.6,681.9,28.40,24.01,0.95945,5.933,9.63,25.01,14,2
47.510,hall_mission,9x4.5,pi5,-1.148,23.748,-2.092,0.001,0.081,0.043,0.091,1.03,-8.62,31.56,0.1514,0.0935,0.6723,0.6665,7171,27.988,713.5,481.1,601.4,22.6,624.0,25.91,24.08,0.95940,5.941,10.55,25.01,14,2
47.558,hall_mission,9x4.5,pi5,-1.146,23.754,-2.090,0.048,0.116,0.039,0.131,0.92,-9.59,33.31,0.1694,0.1264,0.6452,0.6370,7151,26.626,678.8,435.2,544.1,22.6,566.7,23.46,24.16,0.95934,5.949,11.65,25.01,14,2
47.610,hall_mission,9x4.5,pi5,-1.139,23.764,-2.088,0.116,0.166,0.059,0.211,0.64,-10.40,34.87,0.1989,0.1739,0.6124,0.6079,7205,25.547,651.3,393.0,491.3,22.6,513.9,21.22,24.22,0.95929,5.956,12.88,25.01,14,2
47.658,hall_mission,9x4.5,pi5,-1.131,23.774,-2.086,0.162,0.200,0.089,0.273,0.44,-10.57,35.29,0.2344,0.2227,0.5850,0.5789,7306,24.956,636.2,362.9,453.7,22.6,476.3,19.62,24.27,0.95925,5.963,13.93,25.01,14,2
47.710,hall_mission,9x4.5,pi5,-1.114,23.792,-2.079,0.233,0.250,0.148,0.373,0.19,-10.49,35.14,0.2785,0.2757,0.5526,0.5508,7439,24.685,629.3,339.9,424.9,22.6,447.5,18.41,24.31,0.95920,5.969,14.85,25.01,14,2
47.758,hall_mission,9x4.5,pi5,-1.100,23.806,-2.072,0.275,0.277,0.188,0.433,0.09,-10.29,34.63,0.3233,0.3230,0.5261,0.5256,7586,24.854,633.6,330.1,412.6,22.6,435.2,17.90,24.32,0.95916,5.975,15.27,25.01,14,2
47.810,hall_mission,9x4.5,pi5,-1.078,23.827,-2.061,0.330,0.311,0.239,0.513,0.03,-9.89,33.39,0.3706,0.3728,0.5016,0.5000,7756,25.405,647.6,331.0,413.7,22.6,436.3,17.94,24.32,0.95912,5.981,15.23,25.01,14,2
47.862,hall_mission,9x4.5,pi5,-1.060,23.843,-2.050,0.368,0.333,0.268,0.564,0.06,-9.59,32.35,0.3777,0.2798,0.5676,0.5486,7860,26.979,687.8,377.8,472.2,22.6,494.8,20.41,24.24,0.95907,5.989,13.39,25.01,14,2
47.910,hall_mission,9x4.5,pi5,-1.028,23.870,-2.032,0.428,0.364,0.271,0.624,-0.15,-8.54,30.42,0.1320,0.1049,0.7722,0.7763,7902,35.409,902.7,699.6,874.5,22.6,897.1,37.82,23.72,0.95899,6.000,7.22,25.01,14,2
47.954,hall_mission,9x4.5,pi5,-1.006,23.888,-2.022,0.470,0.381,0.170,0.629,-0.49,-6.90,28.39,0.0098,0.0043,0.8461,0.8454,7613,39.509,1007.2,873.5,1091.9,22.6,1114.5,47.57,23.43,0.95889,6.014,5.74,25.01,14,2
48.002,hall_mission,9x4.5,pi5,-0.982,23.907,-2.018,0.506,0.388,0.017,0.637,-0.80,-4.96,25.47,0.0000,0.0173,0.7831,0.7753,6784,34.011,867.0,701.5,876.9,22.6,899.5,37.93,23.72,0.95881,6.026,7.20,25.01,14,2
48.054,hall_mission,9x4.5,pi5,-0.946,23.932,-2.022,0.526,0.375,-0.145,0.662,-1.35,-2.08,19.43,0.0000,0.0453,0.7131,0.7238,6445,29.663,756.2,566.6,708.2,22.6,730.8,30.53,23.94,0.95873,6.037,8.95,25.01,14,2
48.102,hall_mission,9x4.5,pi5,-0.921,23.949,-2.030,0.521,0.353,-0.194,0.659,-2.08,0.42,11.76,0.0000,0.0596,0.6838,0.6943,6284,27.696,706.0,508.3,635.4,22.6,658.0,27.38,24.03,0.95867,6.045,9.98,25.01,14,2
48.154,hall_mission,9x4.5,pi5,-0.881,23.974,-2.047,0.489,0.309,-0.202,0.613,-2.64,1.74,5.85,0.0272,0.0909,0.6498,0.6545,6587,25.799,657.7,443.0,553.7,22.6,576.3,23.88,24.14,0.95862,6.054,11.44,25.01,14,2
48.202,hall_mission,9x4.5,pi5,-0.850,23.991,-2.061,0.444,0.265,-0.163,0.542,-3.52,3.03,-4.03,0.0923,0.1409,0.5971,0.6045,6632,23.463,598.1,365.2,456.6,22.6,479.2,19.75,24.26,0.95857,6.060,13.83,25.01,14,2
48.254,hall_mission,9x4.5,pi5,-0.830,24.002,-2.069,0.406,0.235,-0.105,0.481,-4.02,3.43,-11.14,0.1669,0.1916,0.5559,0.5609,6778,22.279,567.9,316.2,395.3,22.6,417.9,17.17,24.34,0.95853,6.066,15.90,25.01,14,2
48.302,hall_mission,9x4.5,pi5,-0.812,24.010,-2.074,0.366,0.208,-0.034,0.423,-4.42,3.49,-18.58,0.2286,0.2406,0.5310,0.5332,6989,22.271,567.8,298.4,372.9,22.6,395.5,16.23,24.36,0.95849,6.071,16.82,25.01,14,2
48.354,hall_mission,9x4.5,pi5,-0.789,24.021,-2.074,0.301,0.169,0.085,0.355,-4.87,3.12,-30.18,0.3831,0.3924,0.4139,0.4184,7259,21.953,559.6,260.6,325.8,22.6,348.4,14.26,24.42,0.95846,6.076,19.14,25.01,14,2
48.402,hall_mission,9x4.5,pi5,-0.777,24.026,-2.069,0.259,0.147,0.148,0.333,-5.10,2.39,-41.76,0.8256,0.8255,0.0004,0.0023,7425,37.808,963.8,818.6,1023.3,22.6,1045.9,44.47,23.52,0.95836,6.090,6.14,25.01,14,2
48.454,hall_mission,9x4.5,pi5,-0.764,24.030,-2.062,0.188,0.115,0.064,0.229,-5.10,1.86,-48.54,0.7874,0.7853,0.0003,0.0000,6774,34.480,879.0,718.4,897.9,22.6,920.5,38.87,23.68,0.95827,6.104,7.02,25.01,14,2
48.502,hall_mission,9x4.5,pi5,-0.758,24.032,-2.060,0.136,0.092,-0.044,0.170,-4.92,1.13,-56.92,0.7403,0.7417,0.0038,0.0000,6459,31.078,792.3,613.7,767.2,22.6,789.8,33.11,23.86,0.95819,6.114,8.24,25.01,14,2
48.554,hall_mission,9x4.5,pi5,-0.753,24.033,-2.065,0.066,0.063,-0.139,0.166,-4.71,0.71,-61.44,0.7115,0.7110,0.0065,0.0000,6253,28.941,737.8,550.8,688.6,22.6,711.2,29.68,23.96,0.95812,6.125,9.19,25.01,14,2
48.602,hall_mission,9x4.5,pi5,-0.754,24.032,-2.074,0.017,0.043,-0.163,0.169,-4.33,0.22,-66.79,0.7002,0.6982,0.0075,0.0000,6169,28.099,716.3,526.7,658.4,22.6,681.0,28.38,24.00,0.95806,6.134,9.62,25.01,14,2
48.654,hall_mission,9x4.5,pi5,-0.756,24.031,-2.081,-0.014,0.030,-0.164,0.167,-4.06,-0.00,-69.45,0.6940,0.6941,0.0069,0.0000,6130,27.739,707.1,516.6,645.7,22.6,668.3,27.83,24.01,0.95799,6.143,9.80,25.01,14,2
48.702,hall_mission,9x4.5,pi5,-0.759,24.029,-2.088,-0.041,0.018,-0.159,0.165,-3.66,-0.18,-72.14,0.6933,0.6921,0.0046,0.0000,6111,27.632,704.4,513.8,642.3,22.6,664.9,27.68,24.02,0.95793,6.152,9.86,25.01,14,2
48.754,hall_mission,9x4.5,pi5,-0.766,24.026,-2.099,-0.078,0.001,-0.145,0.165,-3.40,-0.21,-73.08,0.6925,0.6915,0.0029,0.0000,6100,27.578,703.1,512.5,640.6,22.6,663.2,27.61,24.02,0.95786,6.162,9.88,25.01,14,2
48.802,hall_mission,9x4.5,pi5,-0.775,24.022,-2.107,-0.106,-0.011,-0.132,0.169,-3.01,-0.15,-73.23,0.6926,0.6922,0.0006,0.0000,6095,27.597,703.5,513.3,641.6,22.6,664.2,27.66,24.02,0.95780,6.171,9.86,25.01,14,2
48.854,hall_mission,9x4.5,pi5,-0.782,24.020,-2.113,-0.122,-0.018,-0.123,0.174,-2.76,-0.05,-72.51,0.6915,0.6908,0.0000,0.0018,6090,27.515,701.4,510.9,638.6,22.6,661.2,27.53,24.02,0.95774,6.180,9.91,25.00,14,2
48.902,hall_mission,9x4.5,pi5,-0.794,24.016,-2.120,-0.144,-0.026,-0.108,0.182,-2.38,0.16,-70.20,0.6891,0.6892,0.0000,0.0056,6089,27.394,698.4,507.1,633.8,22.6,656.4,27.32,24.03,0.95768,6.189,9.98,25.00,14,2
48.954,hall_mission,9x4.5,pi5,-0.802,24.013,-2.124,-0.155,-0.028,-0.098,0.186,-2.13,0.32,-67.87,0.6886,0.6892,0.0000,0.0073,6093,27.383,698.1,506.6,633.2,22.6,655.8,27.30,24.03,0.95761,6.198,9.99,25.00,14,2
49.002,hall_mission,9x4.5,pi5,-0.811,24.011,-2.128,-0.165,-0.030,-0.088,0.189,-1.76,0.58,-63.17,0.6889,0.6885,0.0000,0.0097,6101,27.381,698.0,506.2,632.8,22.6,655.4,27.28,24.03,0.95755,6.207,10.00,25.00,14,2
49.054,hall_mission,9x4.5,pi5,-0.823,24.008,-2.132,-0.176,-0.031,-0.074,0.193,-1.51,0.74,-59.27,0.6889,0.6893,0.0000,0.0112,6109,27.417,698.9,507.1,633.8,22.6,656.4,27.32,24.02,0.95748,6.217,9.98,25.00,14,2
49.102,hall_mission,9x4.5,pi5,-0.838,24.005,-2.136,-0.185,-0.029,-0.060,0.197,-1.13,0.95,-52.25,0.6784,0.6797,0.0103,0.0231,6475,27.049,689.6,488.8,611.0,22.6,633.6,26.34,24.05,0.95742,6.225,10.35,25.00,14,2
49.154,hall_mission,9x4.5,pi5,-0.847,24.003,-2.138,-0.189,-0.027,-0.044,0.196,-0.88,1.05,-46.83,0.6150,0.6151,0.0812,0.0919,6517,23.791,606.5,383.2,479.0,22.6,501.6,20.71,24.22,0.95738,6.232,13.17,25.00,14,2
49.202,hall_mission,9x4.5,pi5,-0.860,24.001,-2.138,-0.193,-0.023,0.022,0.195,-0.54,1.12,-37.80,0.5686,0.5685,0.1492,0.1563,6660,22.246,567.1,324.1,405.2,22.6,427.8,17.59,24.31,0.95734,6.238,15.50,25.00,14,2
49.254,hall_mission,9x4.5,pi5,-0.869,24.000,-2.136,-0.194,-0.020,0.090,0.215,-0.35,1.11,-31.33,0.5050,0.5027,0.2461,0.2496,6880,21.140,538.9,269.7,337.1,22.6,359.7,14.74,24.40,0.95730,6.243,18.49,25.00,14,2
49.302,hall_mission,9x4.5,pi5,-0.884,23.999,-2.125,-0.194,-0.016,0.215,0.290,-0.11,1.02,-21.21,0.4382,0.4368,0.3502,0.3513,7145,21.420,546.0,253.8,317.2,22.6,339.8,13.91,24.42,0.95727,6.248,19.60,25.00,14,2
49.354,hall_mission,9x4.5,pi5,-0.892,23.998,-2.114,-0.193,-0.014,0.285,0.345,0.01,0.93,-14.40,0.3681,0.3671,0.4623,0.4629,7450,23.301,594.0,288.2,360.3,22.6,382.9,15.71,24.37,0.95723,6.253,17.35,25.00,14,2
49.402,hall_mission,9x4.5,pi5,-0.901,23.997,-2.100,-0.192,-0.012,0.337,0.388,0.14,0.77,-4.46,0.3073,0.3052,0.5512,0.5518,7649,25.671,654.4,353.5,441.8,22.6,464.4,19.14,24.27,0.95719,6.259,14.24,25.00,14,2
49.454,hall_mission,9x4.5,pi5,-0.912,23.997,-2.077,-0.190,-0.009,0.366,0.413,0.21,0.67,1.78,0.2477,0.2462,0.6260,0.6254,7757,28.185,718.5,436.4,545.6,22.6,568.2,23.54,24.13,0.95713,6.268,11.58,25.00,14,2
49.502,hall_mission,9x4.5,pi5,-0.924,23.996,-2.050,-0.187,-0.006,0.337,0.386,0.26,0.51,10.23,0.2023,0.2000,0.6738,0.6727,7770,30.008,765.0,504.4,630.5,22.6,653.1,27.19,24.02,0.95707,6.276,10.03,25.00,14,2
49.554,hall_mission,9x4.5,pi5,-0.932,23.996,-2.035,-0.185,-0.005,0.292,0.346,0.27,0.41,15.14,0.1092,0.2381,0.6906,0.7408,7878,32.470,827.8,585.4,731.7,22.6,754.3,31.57,23.89,0.95700,6.287,8.63,25.00,14,2
49.602,hall_mission,9x4.5,pi5,-0.942,23.997,-2.019,-0.178,-0.002,0.194,0.263,0.08,-0.81,21.23,0.1140,0.1642,0.7129,0.7383,7699,32.232,821.7,594.7,743.4,22.6,766.0,32.08,23.88,0.95692,6.297,8.49,25.00,14,2
49.654,hall_mission,9x4.5,pi5,-0.948,23.997,-2.011,-0.163,0.003,0.126,0.206,0.12,-2.53,24.40,0.1346,0.1125,0.7200,0.7097,7508,31.122,793.4,569.1,711.4,22.6,734.0,30.69,23.92,0.95685,6.308,8.88,25.00,14,2
49.702,hall_mission,9x4.5,pi5,-0.954,23.998,-2.006,-0.136,0.015,0.071,0.154,0.21,-4.46,26.86,0.1504,0.1057,0.6932,0.6835,7349,29.373,748.8,517.4,646.8,22.6,669.4,27.89,24.00,0.95679,6.317,9.77,25.00,14,2
49.754,hall_mission,9x4.5,pi5,-0.958,24.002,-2.004,-0.074,0.048,0.024,0.091,0.36,-7.06,29.31,0.1753,0.1275,0.6547,0.6481,7251,27.378,698.0,453.8,567.2,22.6,589.8,24.47,24.10,0.95673,6.325,11.13,25.00,14,2
49.802,hall_mission,9x4.5,pi5,-0.958,24.006,-2.003,-0.008,0.086,0.028,0.090,0.45,-8.92,30.44,0.2058,0.1677,0.6215,0.6106,7251,25.933,661.1,402.7,503.3,22.6,525.9,21.75,24.18,0.95668,6.333,12.53,25.00,14,2
49.854,hall_mission,9x4.5,pi5,-0.955,24.011,-2.002,0.041,0.115,0.051,0.132,0.49,-9.72,30.58,0.2454,0.2224,0.5820,0.5749,7320,24.906,634.9,359.8,449.8,22.6,472.4,19.48,24.25,0.95663,6.339,13.98,25.00,14,2
49.902,hall_mission,9x4.5,pi5,-0.945,24.022,-1.999,0.119,0.162,0.110,0.229,0.54,-10.35,30.03,0.2885,0.2759,0.5483,0.5443,7437,24.553,625.9,335.2,419.0,22.6,441.6,18.18,24.29,0.95659,6.345,14.98,25.00,14,2
49.954,hall_mission,9x4.5,pi5,-0.936,24.030,-1.994,0.167,0.190,0.152,0.295,0.59,-10.50,29.27,0.3397,0.3327,0.5182,0.5130,7606,24.786,631.9,325.3,406.6,22.6,429.2,17.66,24.31,0.95655,6.351,15.42,25.00,14,2
50.002,hall_mission,9x4.5,pi5,-0.925,24.040,-1.987,0.215,0.217,0.192,0.361,0.66,-10.49,28.29,0.3837,0.3814,0.4914,0.4877,7753,25.273,644.3,326.3,407.9,22.6,430.5,17.71,24.30,0.95651,6.357,15.38,25.00,14,2
50.054,hall_mission,9x4.5,pi5,-0.905,24.055,-1.975,0.279,0.252,0.239,0.445,0.80,-10.28,26.54,0.4264,0.4268,0.4650,0.4630,7887,25.928,661.0,334.7,418.4,22.6,441.0,18.15,24.29,0.95647,6.364,15.00,25.00,14,2
50.102,hall_mission,9x4.5,pi5,-0.877,24.075,-1.957,0.350,0.288,0.273,0.529,0.99,-9.93,24.67,0.4601,0.4622,0.4453,0.4446,7999,26.642,679.2,348.1,435.2,22.6,457.8,18.86,24.27,0.95643,6.370,14.44,25.00,14,2
50.154,hall_mission,9x4.5,pi5,-0.857,24.088,-1.946,0.393,0.309,0.284,0.575,1.11,-9.65,23.45,0.4908,0.4906,0.4295,0.4284,8098,27.382,698.0,364.3,455.3,22.6,477.9,19.71,24.24,0.95638,6.377,13.81,25.00,14,2
50.202,hall_mission,9x4.5,pi5,-0.836,24.103,-1.933,0.433,0.328,0.288,0.615,1.23,-9.34,22.31,0.5092,0.5103,0.4178,0.4182,8156,27.878,710.7,376.2,470.2,22.6,492.8,20.35,24.22,0.95633,6.383,13.38,25.00,14,2
50.254,hall_mission,9x4.5,pi5,-0.803,24.124,-1.916,0.485,0.353,0.283,0.664,1.37,-8.85,20.80,0.5216,0.5236,0.4105,0.4108,8196,28.239,719.9,385.3,481.6,22.6,504.2,20.83,24.21,0.95628,6.390,13.07,25.00,14,2
50.302,hall_mission,9x4.5,pi5,-0.777,24.140,-1.905,0.520,0.369,0.274,0.694,1.44,-8.52,19.97,0.5276,0.5294,0.4075,0.4092,8222,28.459,725.5,390.6,488.2,22.6,510.8,21.11,24.20,0.95624,6.397,12.90,25.00,14,2
50.354,hall_mission,9x4.5,pi5,-0.734,24.166,-1.887,0.569,0.392,0.256,0.736,1.50,-8.04,19.02,0.5285,0.5308,0.4094,0.4105,8242,28.596,729.0,393.3,491.6,22.6,514.2,21.25,24.19,0.95619,6.405,12.81,25.00,14,2
50.402,hall_mission,9x4.5,pi5,-0.695,24.190,-1.872,0.605,0.408,0.238,0.768,1.52,-7.60,18.42,0.5255,0.5280,0.4140,0.4149,8254,28.637,730.0,393.4,491.7,22.6,514.3,21.26,24.19,0.95614,6.411,12.80,25.00,14,2
50.454,hall_mission,9x4.5,pi5,-0.666,24.208,-1.863,0.628,0.418,0.224,0.787,1.50,-7.33,18.20,0.5190,0.5221,0.4206,0.4226,8261,28.622,729.7,391.9,489.8,22.6,512.4,21.18,24.20,0.95609,6.419,12.85,25.00,14,2
50.502,hall_mission,9x4.5,pi5,-0.636,24.226,-1.854,0.648,0.427,0.209,0.804,1.47,-7.08,18.11,0.5116,0.5146,0.4289,0.4302,8264,28.586,728.7,389.9,487.3,22.6,509.9,21.07,24.20,0.95604,6.426,12.92,25.00,14,2
50.554,hall_mission,9x4.5,pi5,-0.588,24.254,-1.841,0.675,0.439,0.187,0.827,1.41,-6.75,18.18,0.5024,0.5057,0.4383,0.4396,8267,28.542,727.6,387.8,484.7,22.6,507.3,20.96,24.20,0.95599,6.433,12.98,25.00,14,2
50.602,hall_mission,9x4.5,pi5,-0.545,24.279,-1.832,0.695,0.447,0.169,0.843,1.34,-6.48,18.45,0.4944,0.4968,0.4468,0.4485,8268,28.512,726.8,386.3,482.9,22.6,505.5,20.88,24.20,0.95594,6.440,13.03,25.00,14,2
50.654,hall_mission,9x4.5,pi5,-0.514,24.297,-1.826,0.707,0.451,0.157,0.853,1.29,-6.32,18.70,0.4854,0.4885,0.4560,0.4569,8270,28.491,726.3,385.3,481.6,22.6,504.2,20.83,24.21,0.95589,6.447,13.06,25.00,14,2
50.702,hall_mission,9x4.5,pi5,-0.463,24.326,-1.817,0.722,0.456,0.139,0.866,1.21,-6.13,19.15,0.4789,0.4808,0.4628,0.4646,8271,28.485,726.2,384.9,481.1,22.6,503.7,20.81,24.21,0.95585,6.454,13.08,25.00,14,2
50.754,hall_mission,9x4.5,pi5,-0.432,24.344,-1.813,0.731,0.459,0.128,0.872,1.16,-6.02,19.48,0.4722,0.4746,0.4697,0.4711,8272,28.489,726.3,384.8,481.0,22.6,503.6,20.81,24.20,0.95580,6.461,13.08,25.00,14,2
50.802,hall_mission,9x4.5,pi5,-0.388,24.369,-1.807,0.740,0.462,0.114,0.880,1.10,-5.89,19.97,0.4674,0.4700,0.4747,0.4756,8273,28.493,726.4,384.9,481.2,22.6,503.8,20.81,24.20,0.95575,6.468,13.07,25.00,14,2
50.854,hall_mission,9x4.5,pi5,-0.356,24.387,-1.803,0.746,0.463,0.105,0.884,1.06,-5.83,20.29,0.4636,0.4664,0.4783,0.4796,8273,28.499,726.5,385.1,481.4,22.6,504.0,20.82,24.20,0.95570,6.475,13.07,24.99,14,2
50.902,hall_mission,9x4.5,pi5,-0.324,24.405,-1.800,0.751,0.464,0.095,0.888,1.02,-5.77,20.59,0.4614,0.4640,0.4809,0.4814,8273,28.500,726.5,385.2,481.5,22.6,504.1,20.83,24.20,0.95565,6.482,13.06,24.99,14,2
50.954,hall_mission,9x4.5,pi5,-0.274,24.433,-1.796,0.757,0.465,0.081,0.892,0.98,-5.70,20.99,0.4601,0.4625,0.4822,0.4827,8272,28.499,726.5,385.2,481.5,22.6,504.1,20.83,24.20,0.95560,6.489,13.06,24.99,14,2
51.002,hall_mission,9x4.5,pi5,-0.230,24.457,-1.793,0.761,0.466,0.070,0.895,0.95,-5.66,21.34,0.4599,0.4623,0.4818,0.4835,8272,28.498,726.5,385.2,481.5,22.6,504.1,20.83,24.20,0.95556,6.496,13.06,24.99,14,2
51.054,hall_mission,9x4.5,pi5,-0.199,24.475,-1.791,0.764,0.466,0.063,0.897,0.94,-5.64,21.53,0.4602,0.4628,0.4814,0.4830,8272,28.495,726.4,385.1,481.4,22.6,504.0,20.83,24.20,0.95551,6.503,13.06,24.99,14,2
51.102,hall_mission,9x4.5,pi5,-0.149,24.503,-1.788,0.767,0.466,0.052,0.899,0.91,-5.63,21.77,0.4610,0.4638,0.4806,0.4820,8272,28.493,726.4,385.1,481.3,22.6,503.9,20.82,24.20,0.95546,6.510,13.06,24.99,14,2
51.154,hall_mission,9x4.5,pi5,-0.118,24.520,-1.787,0.769,0.466,0.045,0.901,0.91,-5.62,21.90,0.4696,0.4842,0.4765,0.4587,8278,28.533,727.4,385.9,482.3,22.6,504.9,20.87,24.20,0.95541,6.517,13.03,24.99,14,2
51.202,hall_mission,9x4.5,pi5,-0.075,24.544,-1.786,0.772,0.467,0.032,0.903,1.13,-5.62,22.11,0.5097,0.5129,0.4305,0.4331,8267,28.592,728.9,389.7,487.1,22.6,509.7,21.07,24.19,0.95537,6.524,12.91,24.99,14,2
51.254,hall_mission,9x4.5,pi5,-0.044,24.562,-1.785,0.773,0.470,0.020,0.905,1.43,-5.58,22.33,0.5349,0.5340,0.4038,0.4077,8246,28.671,730.9,395.8,494.8,22.6,517.4,21.39,24.18,0.95531,6.531,12.71,24.99,14,2
51.302,hall_mission,9x4.5,pi5,0.006,24.590,-1.785,0.772,0.477,0.003,0.908,1.86,-5.54,22.94,0.5388,0.5393,0.3963,0.4007,8227,28.611,729.4,396.0,495.0,22.6,517.6,21.40,24.18,0.95527,6.538,12.70,24.99,14,2
51.354,hall_mission,9x4.5,pi5,0.037,24.607,-1.785,0.770,0.484,-0.005,0.909,2.07,-5.52,23.55,0.5415,0.5537,0.3996,0.3807,8229,28.738,732.6,400.8,501.0,22.6,523.6,21.66,24.17,0.95521,6.546,12.55,24.99,14,2
51.402,hall_mission,9x4.5,pi5,0.080,24.633,-1.786,0.765,0.496,-0.018,0.912,2.51,-5.50,24.81,0.5717,0.5743,0.3602,0.3633,8207,29.017,739.7,415.0,518.8,22.6,541.4,22.42,24.15,0.95516,6.553,12.13,24.99,14,2
51.454,hall_mission,9x4.5,pi5,0.110,24.652,-1.787,0.760,0.507,-0.032,0.915,2.91,-5.43,25.94,0.5800,0.5782,0.3464,0.3542,8168,28.921,737.3,416.3,520.3,22.6,542.9,22.48,24.15,0.95511,6.561,12.09,24.99,14,2
51.502,hall_mission,9x4.5,pi5,0.157,24.683,-1.790,0.747,0.530,-0.048,0.917,3.37,-5.38,28.13,0.5647,0.5643,0.3570,0.3647,8139,28.484,726.1,402.6,503.3,22.6,525.9,21.76,24.17,0.95506,6.568,12.49,24.99,14,2
51.554,hall_mission,9x4.5,pi5,0.186,24.703,-1.793,0.737,0.546,-0.053,0.918,3.54,-5.38,29.89,0.5982,0.5054,0.3991,0.3442,8125,28.321,722.0,398.3,497.9,22.6,520.5,21.53,24.18,0.95501,6.575,12.62,24.99,14,2
51.602,hall_mission,9x4.5,pi5,0.225,24.733,-1.796,0.718,0.568,-0.059,0.917,3.27,-4.29,32.98,0.5606,0.5630,0.3630,0.3587,8119,28.329,722.2,399.0,498.8,22.6,521.4,21.57,24.18,0.95496,6.582,12.60,24.99,14,2
51.654,hall_mission,9x4.5,pi5,0.252,24.755,-1.799,0.697,0.575,-0.063,0.906,2.91,-2.80,35.35,0.5470,0.5626,0.3644,0.3687,8110,28.159,717.9,393.5,491.9,22.6,514.5,21.28,24.18,0.95491,6.590,12.77,24.99,14,2
51.702,hall_mission,9x4.5,pi5,0.293,24.791,-1.803,0.648,0.571,-0.064,0.866,2.38,-0.47,39.27,0.5248,0.5370,0.3852,0.3945,8105,27.788,708.4,379.4,474.2,22.6,496.8,20.52,24.21,0.95486,6.596,13.24,24.99,14,2
51.754,hall_mission,9x4.5,pi5,0.316,24.813,-1.806,0.609,0.557,-0.062,0.828,2.16,0.86,42.06,0.4341,0.5604,0.3919,0.4621,8131,27.860,710.2,379.1,473.9,22.6,496.5,20.51,24.21,0.95482,6.604,13.25,24.99,14,2
51.802,hall_mission,9x4.5,pi5,0.345,24.842,-1.809,0.550,0.529,-0.061,0.766,2.34,1.11,46.32,0.4652,0.4626,0.4505,0.4743,8145,27.627,704.3,367.6,459.5,22.6,482.1,19.90,24.22,0.95477,6.610,13.65,24.99,14,2
51.854,hall_mission,9x4.5,pi5,0.364,24.862,-1.811,0.509,0.513,-0.059,0.726,2.70,0.06,49.10,0.4304,0.4280,0.4960,0.5020,8160,27.825,709.3,373.6,467.0,22.6,489.6,20.22,24.21,0.95472,6.617,13.44,24.99,14,2
51.902,hall_mission,9x4.5,pi5,0.390,24.892,-1.814,0.455,0.503,-0.057,0.681,3.00,-1.99,53.06,0.4087,0.3934,0.5272,0.5288,8166,28.113,716.7,384.3,480.4,22.6,503.0,20.79,24.20,0.95468,6.624,13.07,24.99,14,2
51.954,hall_mission,9x4.5,pi5,0.404,24.911,-1.816,0.427,0.507,-0.059,0.665,3.01,-3.30,55.49,0.3839,0.3700,0.5516,0.5503,8157,28.365,723.1,395.5,494.4,22.6,517.0,21.38,24.18,0.95462,6.631,12.71,24.99,14,2
52.002,hall_mission,9x4.5,pi5,0.417,24.929,-1.818,0.405,0.516,-0.063,0.659,2.88,-4.45,57.72,0.3673,0.3557,0.5657,0.5630,8142,28.502,726.6,402.9,503.6,22.6,526.2,21.78,24.17,0.95458,6.638,12.48,24.99,14,2
52.054,hall_mission,9x4.5,pi5,0.434,24.956,-1.821,0.381,0.538,-0.068,0.663,2.50,-5.81,60.60,0.3614,0.3636,0.5691,0.5543,8131,28.390,723.7,400.0,500.0,22.6,522.6,21.62,24.17,0.95452,6.646,12.56,24.99,14,2
52.102,hall_mission,9x4.5,pi5,0.453,24.989,-1.824,0.362,0.570,-0.070,0.679,2.23,-6.70,62.91,0.3949,0.3908,0.5307,0.5290,8120,27.859,710.2,380.3,475.3,22.6,497.9,20.58,24.20,0.95448,6.652,13.20,24.99,14,2
52.154,hall_mission,9x4.5,pi5,0.464,25.011,-1.827,0.352,0.592,-0.067,0.692,2.18,-7.08,64.21,0.4243,0.4195,0.5026,0.5004,8124,27.617,704.0,370.1,462.6,22.6,485.2,20.03,24.22,0.95443,6.659,13.56,24.99,14,2
52.202,hall_mission,9x4.5,pi5,0.475,25.034,-1.829,0.342,0.615,-0.061,0.707,2.16,-7.36,65.38,0.4402,0.4362,0.4876,0.4882,8144,27.667,705.3,369.4,461.7,22.6,484.3,20.00,24.22,0.95439,6.666,13.58,24.99,14,2
52.254,hall_mission,9x4.5,pi5,0.490,25.068,-1.831,0.330,0.648,-0.049,0.728,2.08,-7.61,66.97,0.4477,0.4459,0.4824,0.4834,8170,27.818,709.2,371.9,464.8,22.6,487.4,20.13,24.21,0.95434,6.673,13.49,24.99,14,2
52.302,hall_mission,9x4.5,pi5,0.507,25.110,-1.833,0.316,0.685,-0.037,0.755,1.93,-7.73,68.43,0.4502,0.4488,0.4832,0.4843,8196,27.992,713.6,375.3,469.1,22.6,491.7,20.31,24.21,0.95429,6.679,13.37,24.99,14,2
52.354,hall_mission,9x4.5,pi5,0.517,25.137,-1.833,0.308,0.707,-0.031,0.772,1.80,-7.76,69.33,0.4493,0.4487,0.4868,0.4885,8221,28.168,718.1,379.0,473.7,22.6,496.3,20.51,24.20,0.95424,6.687,13.24,24.99,14,2
52.402,hall_mission,9x4.5,pi5,0.531,25.178,-1.834,0.297,0.738,-0.026,0.796,1.57,-7.74,70.58,0.4468,0.4472,0.4916,0.4919,8236,28.284,721.0,381.6,476.9,22.6,499.5,20.65,24.20,0.95420,6.693,13.15,24.99,14,2
52.454,hall_mission,9x4.5,pi5,0.541,25.208,-1.834,0.291,0.759,-0.025,0.813,1.41,-7.70,71.33,0.4441,0.4451,0.4950,0.4961,8246,28.366,723.1,383.5,479.4,22.6,502.0,20.75,24.19,0.95415,6.701,13.09,24.99,14,2
52.502,hall_mission,9x4.5,pi5,0.551,25.240,-1.834,0.285,0.778,-0.024,0.829,1.16,-7.60,72.33,0.4421,0.4440,0.4975,0.4987,8253,28.424,724.6,384.8,481.1,22.6,503.7,20.82,24.19,0.95410,6.707,13.04,24.99,14,2
52.554,hall_mission,9x4.5,pi5,0.568,25.293,-1.834,0.277,0.807,-0.026,0.854,1.01,-7.52,72.90,0.4414,0.4432,0.4990,0.5000,8258,28.459,725.5,385.7,482.1,22.6,504.7,20.86,24.19,0.95405,6.715,13.01,24.99,14,2
52.602,hall_mission,9x4.5,pi5,0.578,25.326,-1.835,0.273,0.824,-0.027,0.868,0.87,-7.43,73.39,0.4416,0.4440,0.4993,0.4992,8260,28.473,725.8,385.9,482.4,22.6,505.0,20.88,24.19,0.95400,6.721,13.00,24.99,14,2
52.654,hall_mission,9x4.5,pi5,0.592,25.375,-1.835,0.269,0.844,-0.028,0.886,0.68,-7.29,73.98,0.4434,0.4454,0.4969,0.4990,8262,28.479,726.0,385.9,482.4,22.6,505.0,20.88,24.19,0.95395,6.729,13.00,24.99,14,2
52.702,hall_mission,9x4.5,pi5,0.608,25.432,-1.836,0.265,0.864,-0.031,0.905,0.53,-7.14,74.41,0.4456,0.4479,0.4949,0.4961,8262,28.466,725.7,385.4,481.8,22.6,504.4,20.85,24.19,0.95391,6.735,13.02,24.99,14,2
52.754,hall_mission,9x4.5,pi5,0.619,25.468,-1.837,0.263,0.875,-0.033,0.914,0.44,-7.05,74.62,0.4490,0.4510,0.4912,0.4930,8260,28.445,725.1,384.7,480.9,22.6,503.5,20.82,24.19,0.95386,6.743,13.04,24.99,14,2
52.802,hall_mission,9x4.5,pi5,0.629,25.504,-1.838,0.261,0.885,-0.035,0.923,0.33,-6.93,74.82,0.4523,0.4545,0.4879,0.4894,8260,28.429,724.7,384.2,480.2,22.6,502.8,20.79,24.19,0.95381,6.749,13.06,24.99,14,2
52.854,hall_mission,9x4.5,pi5,0.644,25.556,-1.840,0.260,0.897,-0.037,0.935,0.28,-6.85,74.89,0.4561,0.4584,0.4842,0.4851,8259,28.412,724.3,383.6,479.5,22.6,502.1,20.76,24.19,0.95376,6.757,13.07,24.99,14,2
52.902,hall_mission,9x4.5,pi5,0.661,25.616,-1.842,0.259,0.908,-0.039,0.945,0.21,-6.75,74.93,0.4594,0.4621,0.4805,0.4816,8258,28.400,724.0,383.2,479.0,22.6,501.6,20.74,24.19,0.95372,6.763,13.09,24.99,14,2
52.954,hall_mission,9x4.5,pi5,0.672,25.653,-1.843,0.258,0.914,-0.040,0.951,0.18,-6.69,74.92,0.4630,0.4656,0.4766,0.4784,8258,28.393,723.8,383.0,478.7,22.6,501.3,20.72,24.19,0.95367,6.770,13.09,24.99,14,2
53.002,hall_mission,9x4.5,pi5,0.687,25.706,-1.845,0.258,0.921,-0.041,0.957,0.15,-6.62,74.87,0.4654,0.4690,0.4742,0.4749,8258,28.390,723.7,382.8,478.6,22.6,501.2,20.72,24.19,0.95362,6.777,13.09,24.99,14,2
53.054,hall_mission,9x4.5,pi5,0.698,25.743,-1.846,0.258,0.925,-0.042,0.961,0.13,-6.58,74.83,0.4419,0.3437,0.5583,0.5404,8261,29.053,740.6,408.7,510.9,22.6,533.5,22.09,24.15,0.95357,6.785,12.28,24.99,14,2
53.098,hall_mission,9x4.5,pi5,0.708,25.781,-1.848,0.259,0.929,-0.056,0.966,-0.10,-6.23,74.68,0.1617,0.1399,0.7828,0.7780,8182,36.541,931.5,719.8,899.8,22.6,922.4,39.02,23.64,0.95349,6.796,6.95,24.99,14,2
53.150,hall_mission,9x4.5,pi5,0.726,25.842,-1.856,0.267,0.936,-0.232,1.001,-0.83,-4.19,73.34,0.0000,0.0019,0.8700,0.8746,7403,41.467,1057.1,948.5,1185.7,22.6,1208.3,51.97,23.25,0.95336,6.814,5.22,24.99,14,2
53.198,hall_mission,9x4.5,pi5,0.737,25.879,-1.869,0.276,0.926,-0.408,1.049,-1.26,-2.47,71.23,0.0000,0.0301,0.7780,0.7729,6803,33.792,861.4,692.8,866.1,22.6,888.7,37.52,23.68,0.95328,6.825,7.23,24.99,14,2
53.250,hall_mission,9x4.5,pi5,0.753,25.931,-1.897,0.283,0.880,-0.544,1.072,-1.96,0.03,66.41,0.0000,0.0564,0.7000,0.7087,6383,28.737,732.6,538.2,672.8,22.6,695.4,29.05,23.94,0.95321,6.835,9.33,24.99,14,2
53.298,hall_mission,9x4.5,pi5,0.765,25.965,-1.922,0.284,0.832,-0.564,1.045,-2.48,1.47,62.29,0.0000,0.0659,0.6758,0.6843,6242,27.124,691.5,491.4,614.3,22.6,636.9,26.52,24.01,0.95315,6.844,10.22,24.99,14,2
53.350,hall_mission,9x4.5,pi5,0.785,26.015,-1.962,0.280,0.739,-0.533,0.953,-3.28,3.09,54.93,0.0000,0.0664,0.6715,0.6767,6200,26.724,681.3,480.3,600.4,22.6,623.0,25.93,24.03,0.95309,6.853,10.46,24.99,14,2
53.398,hall_mission,9x4.5,pi5,0.796,26.042,-1.986,0.273,0.675,-0.500,0.883,-3.80,3.76,49.29,0.0260,0.0862,0.6485,0.6530,6555,25.661,654.2,440.2,550.3,22.6,572.9,23.78,24.09,0.95303,6.861,11.40,24.99,14,2
53.450,hall_mission,9x4.5,pi5,0.812,26.074,-2.015,0.258,0.582,-0.437,0.772,-4.50,4.16,39.84,0.1436,0.1800,0.5530,0.5552,6621,21.627,551.3,306.7,383.3,22.6,405.9,16.70,24.30,0.95299,6.866,16.23,24.99,14,2
53.498,hall_mission,9x4.5,pi5,0.823,26.093,-2.033,0.245,0.519,-0.356,0.676,-4.81,4.03,33.06,0.2720,0.2832,0.4650,0.4668,6821,20.146,513.6,241.7,302.1,22.6,324.7,13.30,24.41,0.95296,6.871,20.38,24.99,14,2
53.550,hall_mission,9x4.5,pi5,0.839,26.119,-2.053,0.221,0.429,-0.189,0.519,-5.03,3.40,22.61,0.4005,0.4013,0.3806,0.3813,7099,20.991,535.1,243.5,304.4,22.6,327.0,13.40,24.40,0.95293,6.876,20.23,24.99,14,2
53.598,hall_mission,9x4.5,pi5,0.848,26.131,-2.058,0.205,0.377,-0.093,0.439,-5.07,2.87,15.69,0.4968,0.4957,0.3221,0.3224,7364,23.239,592.4,295.4,369.2,22.6,391.8,16.11,24.32,0.95290,6.881,16.82,24.99,14,2
53.650,hall_mission,9x4.5,pi5,0.859,26.144,-2.060,0.181,0.306,-0.000,0.356,-5.02,2.05,5.73,0.5774,0.5762,0.2721,0.2702,7578,25.947,661.5,371.6,464.5,22.6,487.1,20.13,24.20,0.95285,6.888,13.46,24.99,14,2
53.698,hall_mission,9x4.5,pi5,0.866,26.151,-2.058,0.163,0.257,0.033,0.307,-4.92,1.55,-0.46,0.6229,0.6226,0.2382,0.2360,7664,27.705,706.3,428.1,535.1,22.6,557.7,23.13,24.11,0.95280,6.895,11.72,24.99,14,2
53.750,hall_mission,9x4.5,pi5,0.876,26.159,-2.052,0.135,0.183,0.043,0.232,-4.68,0.89,-8.84,0.7449,0.7459,0.1156,0.1173,7679,33.196,846.3,633.1,791.4,22.6,814.0,34.24,23.78,0.95271,6.907,7.92,24.99,14,2
53.798,hall_mission,9x4.5,pi5,0.880,26.161,-2.049,0.116,0.137,-0.026,0.181,-4.45,0.51,-13.60,0.8254,0.8270,0.0014,0.0000,7067,37.638,959.5,819.7,1024.7,22.6,1047.3,44.63,23.46,0.95261,6.921,6.07,24.99,14,2
53.846,hall_mission,9x4.5,pi5,0.885,26.161,-2.053,0.090,0.072,-0.212,0.241,-4.03,0.05,-18.91,0.7631,0.7628,0.0072,0.0000,6630,32.721,834.2,663.0,828.7,22.6,851.3,35.88,23.73,0.95254,6.932,7.55,24.98,14,2
53.898,hall_mission,9x4.5,pi5,0.887,26.160,-2.062,0.074,0.034,-0.289,0.300,-3.73,-0.17,-21.34,0.7198,0.7184,0.0090,0.0000,6319,29.512,752.3,567.0,708.8,22.6,731.4,30.62,23.88,0.95246,6.943,8.85,24.98,14,2
53.950,hall_mission,9x4.5,pi5,0.890,26.155,-2.082,0.055,-0.014,-0.332,0.337,-3.26,-0.38,-23.54,0.7023,0.7006,0.0080,0.0000,6187,28.258,720.4,531.1,663.9,22.6,686.5,28.68,23.94,0.95239,6.953,9.45,24.98,14,2
53.998,hall_mission,9x4.5,pi5,0.890,26.151,-2.097,0.045,-0.039,-0.332,0.337,-2.95,-0.42,-24.11,0.6945,0.6932,0.0050,0.0000,6121,27.716,706.6,516.2,645.2,22.6,667.8,27.87,23.96,0.95233,6.962,9.72,24.98,14,2
54.050,hall_mission,9x4.5,pi5,0.891,26.144,-2.116,0.033,-0.067,-0.316,0.325,-2.53,-0.35,-23.71,0.6901,0.6900,0.0018,0.0000,6082,27.440,699.5,508.7,635.9,22.6,658.5,27.47,23.98,0.95226,6.971,9.86,24.98,14,2
54.094,hall_mission,9x4.5,pi5,0.890,26.138,-2.130,0.026,-0.084,-0.300,0.313,-2.27,-0.24,-22.61,0.6883,0.6875,0.0000,0.0018,6067,27.292,695.8,504.6,630.8,22.6,653.4,27.24,23.98,0.95221,6.979,9.94,24.98,14,2
54.142,hall_mission,9x4.5,pi5,0.890,26.132,-2.142,0.020,-0.098,-0.283,0.300,-2.01,-0.09,-20.87,0.6848,0.6858,0.0000,0.0048,6058,27.121,691.4,499.5,624.4,22.6,647.0,26.97,23.99,0.95215,6.988,10.04,24.98,14,2
54.194,hall_mission,9x4.5,pi5,0.889,26.122,-2.161,0.009,-0.115,-0.251,0.276,-1.65,0.18,-17.05,0.6844,0.6839,0.0000,0.0073,6059,27.059,689.8,497.5,621.9,22.6,644.5,26.86,23.99,0.95208,6.997,10.08,24.98,14,2
54.242,hall_mission,9x4.5,pi5,0.888,26.116,-2.171,0.003,-0.122,-0.231,0.262,-1.41,0.36,-13.73,0.6843,0.6844,0.0000,0.0090,6067,27.077,690.3,497.8,622.3,22.6,644.9,26.88,23.99,0.95202,7.006,10.07,24.98,14,2
54.294,hall_mission,9x4.5,pi5,0.886,26.108,-2.183,-0.006,-0.130,-0.204,0.242,-1.07,0.62,-7.59,0.6842,0.6851,0.0000,0.0110,6076,27.108,691.1,498.5,623.1,22.6,645.7,26.91,23.99,0.95196,7.015,10.06,24.98,14,2
54.342,hall_mission,9x4.5,pi5,0.884,26.102,-2.190,-0.012,-0.133,-0.185,0.228,-0.84,0.78,-2.73,0.6759,0.6757,0.0097,0.0217,6444,26.818,683.7,482.7,603.4,22.6,626.0,26.07,24.01,0.95190,7.023,10.38,24.98,14,2
54.394,hall_mission,9x4.5,pi5,0.881,26.093,-2.201,-0.022,-0.136,-0.151,0.204,-0.51,0.95,5.67,0.6127,0.6130,0.0794,0.0897,6487,23.621,602.2,379.5,474.4,22.6,497.0,20.55,24.18,0.95185,7.031,13.17,24.98,14,2
54.442,hall_mission,9x4.5,pi5,0.879,26.088,-2.206,-0.028,-0.135,-0.102,0.172,-0.31,1.01,11.90,0.5693,0.5692,0.1446,0.1508,6628,22.177,565.4,324.2,405.2,22.6,427.8,17.63,24.27,0.95181,7.036,15.35,24.98,14,2
54.494,hall_mission,9x4.5,pi5,0.876,26.081,-2.208,-0.036,-0.134,-0.002,0.139,-0.06,1.02,21.96,0.5259,0.5246,0.2204,0.2231,6846,21.526,548.8,285.7,357.1,22.6,379.7,15.61,24.33,0.95178,7.042,17.34,24.98,14,2
54.542,hall_mission,9x4.5,pi5,0.874,26.077,-2.205,-0.040,-0.133,0.078,0.159,0.08,0.98,29.03,0.4667,0.4665,0.3151,0.3151,7098,21.476,547.5,260.5,325.7,22.6,348.3,14.29,24.37,0.95174,7.046,18.93,24.98,14,2
54.594,hall_mission,9x4.5,pi5,0.870,26.070,-2.194,-0.047,-0.130,0.200,0.244,0.25,0.89,39.88,0.3965,0.3955,0.4274,0.4264,7397,22.797,581.2,275.8,344.8,22.6,367.4,15.09,24.34,0.95171,7.052,17.93,24.98,14,2
54.642,hall_mission,9x4.5,pi5,0.868,26.066,-2.183,-0.051,-0.129,0.261,0.296,0.34,0.81,47.07,0.3299,0.3296,0.5226,0.5226,7610,24.921,635.3,329.9,412.3,22.6,434.9,17.93,24.26,0.95167,7.058,15.09,24.98,14,2
54.694,hall_mission,9x4.5,pi5,0.864,26.061,-2.163,-0.056,-0.127,0.307,0.337,0.44,0.68,57.43,0.2637,0.2628,0.6068,0.6074,7740,27.524,701.7,413.2,516.5,22.6,539.1,22.35,24.12,0.95161,7.065,12.11,24.98,14,2
54.742,hall_mission,9x4.5,pi5,0.861,26.058,-2.148,-0.059,-0.126,0.307,0.337,0.48,0.60,63.83,0.2121,0.2116,0.6628,0.6631,7773,29.600,754.6,488.6,610.8,22.6,633.4,26.39,24.00,0.95156,7.074,10.25,24.98,14,2
54.794,hall_mission,9x4.5,pi5,0.857,26.053,-2.126,-0.064,-0.124,0.259,0.295,0.52,0.48,72.40,0.1694,0.1682,0.6968,0.6967,7705,30.813,785.5,541.1,676.4,22.6,699.0,29.23,23.92,0.95148,7.084,9.26,24.98,14,2
54.842,hall_mission,9x4.5,pi5,0.854,26.050,-2.114,-0.067,-0.123,0.212,0.254,0.53,0.42,77.32,0.1035,0.2132,0.6829,0.7615,7814,32.572,830.4,596.8,746.0,22.6,768.6,32.26,23.82,0.95141,7.094,8.38,24.98,14,2
54.894,hall_mission,9x4.5,pi5,0.850,26.046,-2.102,-0.069,-0.120,0.120,0.183,0.20,-0.39,83.39,0.1141,0.1712,0.7077,0.7145,7620,31.276,797.3,565.2,706.5,22.6,729.1,30.54,23.88,0.95134,7.105,8.86,24.98,14,2
54.942,hall_mission,9x4.5,pi5,0.848,26.043,-2.097,-0.066,-0.110,0.061,0.142,-0.09,-2.01,86.56,0.1478,0.1368,0.6966,0.6796,7450,29.626,755.2,519.0,648.8,22.6,671.4,28.03,23.95,0.95128,7.114,9.65,24.98,14,2
54.986,hall_mission,9x4.5,pi5,0.844,26.042,-2.094,-0.058,-0.068,0.008,0.090,-0.41,-5.06,90.11,0.1713,0.1361,0.6631,0.6595,7339,28.070,715.6,471.5,589.4,22.6,612.0,25.47,24.03,0.95123,7.121,10.62,24.98,14,2
55.034,hall_mission,9x4.5,pi5,0.843,26.042,-2.094,-0.053,-0.026,0.002,0.059,-0.55,-6.90,91.73,0.1969,0.1598,0.6384,0.6234,7298,26.667,679.8,424.7,530.9,22.6,553.5,22.97,24.10,0.95117,7.128,11.78,24.98,14,2
55.086,hall_mission,9x4.5,pi5,0.841,26.047,-2.094,-0.047,0.046,0.022,0.069,-0.74,-9.02,93.18,0.2306,0.1992,0.6024,0.5935,7323,25.548,651.3,382.4,478.0,22.6,500.6,20.71,24.17,0.95112,7.136,13.06,24.98,14,2
55.134,hall_mission,9x4.5,pi5,0.840,26.054,-2.094,-0.043,0.102,0.051,0.122,-0.84,-9.99,93.58,0.2628,0.2279,0.5784,0.5793,7406,25.278,644.4,364.6,455.8,22.6,478.4,19.77,24.20,0.95108,7.142,13.68,24.98,14,2
55.186,hall_mission,9x4.5,pi5,0.839,26.070,-2.090,-0.037,0.196,0.109,0.228,-1.09,-10.88,93.44,0.2672,0.2475,0.5894,0.5794,7533,25.968,662.0,377.0,471.3,22.6,493.9,20.43,24.18,0.95103,7.149,13.23,24.98,14,2
55.238,hall_mission,9x4.5,pi5,0.838,26.084,-2.085,-0.031,0.257,0.140,0.294,-1.33,-11.16,92.89,0.2820,0.2747,0.5800,0.5746,7634,26.214,668.3,375.5,469.4,22.6,492.0,20.35,24.18,0.95098,7.156,13.29,24.98,14,2
55.286,hall_mission,9x4.5,pi5,0.838,26.109,-2.077,-0.020,0.341,0.176,0.385,-1.60,-11.24,91.43,0.3114,0.3093,0.5596,0.5560,7724,26.179,667.4,364.0,455.0,22.6,477.6,19.74,24.20,0.95094,7.163,13.70,24.98,14,2
55.338,hall_mission,9x4.5,pi5,0.839,26.130,-2.070,-0.009,0.399,0.198,0.446,-1.66,-11.14,90.08,0.3531,0.3540,0.5311,0.5267,7828,26.184,667.5,351.9,439.9,22.6,462.5,19.10,24.21,0.95089,7.169,14.15,24.98,14,2
55.386,hall_mission,9x4.5,pi5,0.841,26.168,-2.056,0.011,0.486,0.230,0.537,-1.57,-10.85,87.68,0.3947,0.3965,0.5002,0.4984,7918,26.338,671.4,346.6,433.3,22.6,455.9,18.82,24.22,0.95085,7.175,14.36,24.98,14,2
55.438,hall_mission,9x4.5,pi5,0.843,26.195,-2.046,0.024,0.536,0.246,0.590,-1.42,-10.60,85.93,0.4376,0.4400,0.4681,0.4676,8004,26.686,680.3,349.2,436.5,22.6,459.1,18.96,24.22,0.95081,7.182,14.26,24.98,14,2
55.486,hall_mission,9x4.5,pi5,0.846,26.237,-2.032,0.044,0.600,0.261,0.656,-1.11,-10.18,83.23,0.4730,0.4753,0.4420,0.4431,8076,27.174,692.8,358.9,448.7,22.6,471.3,19.47,24.20,0.95076,7.188,13.88,24.98,14,2
55.534,hall_mission,9x4.5,pi5,0.850,26.269,-2.021,0.058,0.642,0.266,0.698,-0.88,-9.88,81.48,0.5274,0.4670,0.4599,0.3860,8102,27.545,702.2,370.2,462.7,22.6,485.3,20.07,24.18,0.95072,7.195,13.47,24.98,14,2
55.586,hall_mission,9x4.5,pi5,0.856,26.323,-2.003,0.080,0.701,0.263,0.753,-0.62,-8.36,79.05,0.5137,0.5039,0.4171,0.4222,8162,27.907,711.4,376.6,470.7,22.6,493.3,20.41,24.17,0.95067,7.202,13.24,24.98,14,2
55.634,hall_mission,9x4.5,pi5,0.861,26.358,-1.993,0.090,0.724,0.255,0.773,-0.44,-6.44,77.58,0.5099,0.5148,0.4164,0.4243,8192,28.126,717.0,381.2,476.5,22.6,499.1,20.65,24.17,0.95062,7.209,13.08,24.98,14,2
55.686,hall_mission,9x4.5,pi5,0.868,26.408,-1.979,0.101,0.733,0.241,0.778,-0.36,-3.42,75.63,0.4990,0.5108,0.4226,0.4377,8209,28.182,718.5,381.2,476.4,22.6,499.0,20.65,24.17,0.95057,7.216,13.08,24.98,14,2
55.738,hall_mission,9x4.5,pi5,0.873,26.443,-1.970,0.104,0.723,0.230,0.766,-0.40,-1.64,74.48,0.4887,0.5010,0.4342,0.4483,8217,28.173,718.2,379.8,474.7,22.6,497.3,20.58,24.17,0.95052,7.223,13.13,24.98,14,2
55.786,hall_mission,9x4.5,pi5,0.882,26.496,-1.957,0.105,0.685,0.211,0.725,-0.55,0.55,72.90,0.4755,0.4875,0.4486,0.4610,8218,28.133,717.2,378.0,472.5,22.6,495.1,20.48,24.17,0.95048,7.230,13.19,24.98,14,2
55.834,hall_mission,9x4.5,pi5,0.887,26.527,-1.950,0.103,0.651,0.199,0.689,-0.69,1.67,71.92,0.4666,0.4768,0.4593,0.4699,8219,28.123,716.9,377.5,471.9,22.6,494.5,20.46,24.17,0.95043,7.236,13.21,24.97,14,2
55.886,hall_mission,9x4.5,pi5,0.895,26.567,-1.940,0.098,0.594,0.185,0.630,-0.91,2.92,70.48,0.4541,0.4639,0.4742,0.4810,8220,28.141,717.4,378.0,472.5,22.6,495.1,20.48,24.17,0.95038,7.243,13.19,24.97,14,2
55.938,hall_mission,9x4.5,pi5,0.899,26.593,-1.934,0.094,0.549,0.176,0.584,-1.05,3.52,69.52,0.4465,0.4543,0.4832,0.4899,8223,28.180,718.4,379.2,474.0,22.6,496.6,20.55,24.17,0.95033,7.251,13.15,24.97,14,2
55.986,hall_mission,9x4.5,pi5,0.907,26.628,-1.924,0.086,0.472,0.162,0.506,-1.25,4.11,68.00,0.4392,0.4459,0.4926,0.4967,8225,28.221,719.4,380.6,475.8,22.6,498.4,20.62,24.16,0.95029,7.257,13.10,24.97,14,2
56.034,hall_mission,9x4.5,pi5,0.911,26.646,-1.919,0.080,0.422,0.153,0.457,-1.37,4.35,66.93,0.4377,0.4430,0.4956,0.4985,8227,28.245,720.1,381.3,476.6,22.6,499.2,20.66,24.16,0.95024,7.264,13.07,24.97,14,2
56.086,hall_mission,9x4.5,pi5,0.916,26.668,-1.912,0.072,0.354,0.142,0.388,-1.52,4.52,65.21,0.4350,0.4387,0.4998,0.5023,8230,28.285,721.1,382.5,478.1,22.6,500.7,20.73,24.16,0.95019,7.271,13.03,24.97,14,2
56.138,hall_mission,9x4.5,pi5,0.919,26.680,-1.907,0.066,0.306,0.134,0.340,-1.61,4.53,63.98,0.4283,0.5548,0.4301,0.5017,8371,29.420,750.0,409.0,511.2,22.6,533.8,22.13,24.12,0.95014,7.279,12.20,24.97,14,2
56.186,hall_mission,9x4.5,pi5,0.922,26.694,-1.901,0.057,0.233,0.089,0.256,-1.27,3.05,62.19,0.5969,0.6140,0.3513,0.3361,8311,30.261,771.4,451.5,564.4,22.6,587.0,24.41,24.05,0.95008,7.287,11.06,24.97,14,2
56.234,hall_mission,9x4.5,pi5,0.924,26.700,-1.899,0.053,0.203,0.042,0.214,-0.62,0.99,61.31,0.6896,0.6706,0.2556,0.2440,8172,31.852,812.0,533.2,666.5,22.6,689.1,28.81,23.92,0.95002,7.296,9.37,24.97,14,2
56.286,hall_mission,9x4.5,pi5,0.927,26.707,-1.900,0.053,0.191,-0.044,0.203,0.62,-2.18,60.85,0.7103,0.6892,0.2130,0.1905,7966,31.850,811.9,555.6,694.5,22.6,717.1,30.03,23.88,0.94995,7.306,8.99,24.97,14,2
56.338,hall_mission,9x4.5,pi5,0.928,26.712,-1.904,0.055,0.203,-0.099,0.232,1.39,-4.02,61.23,0.6734,0.6537,0.2003,0.1728,7594,28.992,739.1,483.1,603.9,22.6,626.5,26.11,24.00,0.94988,7.315,10.34,24.97,14,2
56.386,hall_mission,9x4.5,pi5,0.931,26.722,-1.914,0.060,0.245,-0.142,0.290,2.10,-5.99,62.85,0.6514,0.5956,0.2483,0.1805,7505,27.192,693.2,424.8,531.0,22.6,553.6,22.98,24.09,0.94983,7.323,11.75,24.97,14,2
56.434,hall_mission,9x4.5,pi5,0.933,26.730,-1.921,0.064,0.276,-0.135,0.314,1.83,-5.99,64.58,0.5446,0.6249,0.2570,0.2808,7619,26.425,673.6,385.6,482.1,22.6,504.7,20.90,24.15,0.94979,7.329,12.92,24.97,14,2
56.486,hall_mission,9x4.5,pi5,0.936,26.745,-1.930,0.067,0.311,-0.108,0.336,1.64,-5.71,67.88,0.5333,0.5287,0.3209,0.3347,7657,25.312,645.3,339.1,423.9,22.6,446.5,18.43,24.23,0.94974,7.336,14.65,24.97,14,2
56.538,hall_mission,9x4.5,pi5,0.939,26.757,-1.936,0.068,0.334,-0.077,0.350,1.77,-6.18,70.37,0.4824,0.4814,0.3871,0.3933,7753,25.210,642.7,323.8,404.8,22.6,427.4,17.62,24.25,0.94970,7.342,15.31,24.97,14,2
56.586,hall_mission,9x4.5,pi5,0.942,26.779,-1.941,0.066,0.377,-0.021,0.384,1.86,-7.15,74.33,0.4467,0.4372,0.4428,0.4443,7850,25.655,654.0,328.9,411.1,22.6,433.7,17.89,24.24,0.94966,7.348,15.08,24.97,14,2
56.634,hall_mission,9x4.5,pi5,0.944,26.795,-1.941,0.064,0.409,0.009,0.414,1.80,-7.77,76.99,0.4128,0.4039,0.4897,0.4884,7937,26.366,672.2,345.4,431.8,22.6,454.4,18.76,24.21,0.94962,7.354,14.38,24.97,14,2
56.686,hall_mission,9x4.5,pi5,0.948,26.821,-1.940,0.060,0.458,0.039,0.464,1.54,-8.48,80.80,0.3829,0.3762,0.5284,0.5254,8002,27.131,691.6,366.9,458.6,22.6,481.2,19.90,24.18,0.94957,7.361,13.56,24.97,14,2
56.738,hall_mission,9x4.5,pi5,0.950,26.841,-1.938,0.057,0.496,0.051,0.502,1.30,-8.80,83.13,0.3628,0.3571,0.5533,0.5526,8049,27.783,708.3,386.6,483.2,22.6,505.8,20.95,24.15,0.94952,7.368,12.88,24.97,14,2
56.786,hall_mission,9x4.5,pi5,0.953,26.877,-1.934,0.051,0.559,0.059,0.564,0.91,-9.04,86.19,0.3515,0.3473,0.5673,0.5656,8070,28.143,717.4,398.0,497.5,22.6,520.1,21.56,24.13,0.94947,7.375,12.52,24.97,14,2
56.834,hall_mission,9x4.5,pi5,0.954,26.902,-1.930,0.047,0.598,0.059,0.603,0.66,-9.07,87.89,0.3469,0.3448,0.5721,0.5710,8082,28.303,721.5,402.9,503.6,22.6,526.2,21.81,24.12,0.94942,7.382,12.37,24.97,14,2
56.886,hall_mission,9x4.5,pi5,0.956,26.940,-1.926,0.042,0.650,0.058,0.654,0.35,-8.98,89.90,0.3495,0.3492,0.5699,0.5690,8091,28.314,721.8,402.1,502.6,22.6,525.2,21.77,24.12,0.94937,7.390,12.39,24.97,14,2
56.934,hall_mission,9x4.5,pi5,0.957,26.969,-1.922,0.038,0.684,0.056,0.688,0.18,-8.84,90.89,0.3575,0.3584,0.5622,0.5622,8101,28.231,719.7,397.6,497.0,22.6,519.6,21.53,24.13,0.94932,7.396,12.53,24.97,14,2
56.986,hall_mission,9x4.5,pi5,0.959,27.018,-1.917,0.033,0.735,0.054,0.738,0.01,-8.58,91.89,0.3711,0.3718,0.5503,0.5502,8112,28.094,716.2,390.6,488.3,22.6,510.9,21.16,24.14,0.94927,7.404,12.74,24.97,14,2
57.034,hall_mission,9x4.5,pi5,0.960,27.050,-1.914,0.030,0.764,0.053,0.766,-0.06,-8.39,92.26,0.3857,0.3874,0.5363,0.5374,8125,27.974,713.1,384.2,480.3,22.6,502.9,20.82,24.15,0.94923,7.411,12.95,24.97,14,2
57.086,hall_mission,9x4.5,pi5,0.961,27.098,-1.911,0.026,0.799,0.054,0.801,-0.11,-8.09,92.45,0.4030,0.4054,0.5210,0.5219,8141,27.890,711.0,378.7,473.4,22.6,496.0,20.53,24.16,0.94918,7.418,13.14,24.97,14,2
57.134,hall_mission,9x4.5,pi5,0.961,27.133,-1.908,0.023,0.821,0.055,0.823,-0.11,-7.89,92.38,0.4195,0.4220,0.5066,0.5083,8160,27.881,710.8,375.9,469.8,22.6,492.4,20.38,24.16,0.94913,7.424,13.23,24.97,14,2
57.186,hall_mission,9x4.5,pi5,0.961,27.191,-1.903,0.020,0.852,0.056,0.854,-0.09,-7.61,92.07,0.4366,0.4390,0.4926,0.4944,8182,27.939,712.3,375.1,468.9,22.6,491.5,20.34,24.16,0.94908,7.431,13.26,24.97,14,2
57.234,hall_mission,9x4.5,pi5,0.961,27.227,-1.900,0.018,0.869,0.056,0.871,-0.07,-7.44,91.76,0.4505,0.4531,0.4816,0.4824,8201,28.016,714.2,375.7,469.6,22.6,492.2,20.37,24.16,0.94904,7.438,13.24,24.97,14,2
57.286,hall_mission,9x4.5,pi5,0.961,27.280,-1.896,0.015,0.890,0.055,0.892,-0.02,-7.20,91.22,0.4636,0.4655,0.4705,0.4724,8216,28.105,716.5,377.1,471.4,22.6,494.0,20.45,24.16,0.94899,7.445,13.19,24.97,14,2
57.334,hall_mission,9x4.5,pi5,0.961,27.318,-1.894,0.014,0.903,0.054,0.905,0.01,-7.06,90.85,0.4736,0.4744,0.4628,0.4648,8229,28.194,718.7,378.9,473.6,22.6,496.2,20.54,24.16,0.94894,7.452,13.12,24.97,14,2
57.386,hall_mission,9x4.5,pi5,0.961,27.380,-1.890,0.012,0.921,0.050,0.923,0.05,-6.87,90.30,0.4808,0.4824,0.4570,0.4585,8240,28.280,720.9,380.9,476.1,22.6,498.7,20.65,24.15,0.94889,7.459,13.06,24.97,14,2
57.434,hall_mission,9x4.5,pi5,0.961,27.419,-1.887,0.011,0.931,0.047,0.932,0.08,-6.76,89.96,0.4848,0.4875,0.4534,0.4543,8245,28.326,722.1,382.0,477.5,22.6,500.1,20.71,24.15,0.94885,7.466,13.02,24.97,14,2
57.486,hall_mission,9x4.5,pi5,0.961,27.474,-1.885,0.010,0.942,0.041,0.943,0.11,-6.62,89.54,0.4874,0.4903,0.4505,0.4527,8249,28.356,722.9,382.8,478.4,22.6,501.0,20.75,24.15,0.94880,7.473,12.99,24.97,14,2
57.534,hall_mission,9x4.5,pi5,0.961,27.513,-1.883,0.010,0.949,0.037,0.950,0.12,-6.54,89.31,0.4888,0.4906,0.4502,0.4519,8251,28.371,723.3,383.1,478.9,22.6,501.5,20.77,24.15,0.94875,7.480,12.98,24.97,14,2
57.586,hall_mission,9x4.5,pi5,0.961,27.576,-1.881,0.010,0.959,0.031,0.959,0.14,-6.43,89.05,0.4882,0.4900,0.4513,0.4522,8251,28.374,723.3,383.1,478.9,22.6,501.5,20.77,24.15,0.94870,7.487,12.98,24.97,14,2
57.630,hall_mission,9x4.5,pi5,0.961,27.616,-1.880,0.010,0.964,0.027,0.964,0.14,-6.37,88.94,0.4869,0.4885,0.4524,0.4540,8251,28.371,723.3,383.0,478.7,22.6,501.3,20.76,24.15,0.94866,7.493,12.98,24.97,14,2
57.678,hall_mission,9x4.5,pi5,0.962,27.655,-1.880,0.010,0.968,0.023,0.968,0.15,-6.33,88.88,0.4843,0.4866,0.4543,0.4564,8251,28.361,723.0,382.6,478.3,22.6,500.9,20.74,24.15,0.94861,7.500,12.99,24.97,14,2
57.730,hall_mission,9x4.5,pi5,0.962,27.710,-1.879,0.011,0.972,0.018,0.973,0.15,-6.27,88.85,0.4811,0.4840,0.4573,0.4588,8249,28.342,722.5,382.1,477.6,22.6,500.2,20.72,24.15,0.94856,7.507,13.01,24.97,14,2
57.778,hall_mission,9x4.5,pi5,0.963,27.749,-1.879,0.011,0.975,0.015,0.975,0.14,-6.23,88.87,0.4786,0.4808,0.4600,0.4611,8247,28.324,722.1,381.6,477.1,22.6,499.7,20.69,24.15,0.94852,7.513,13.02,24.97,14,2
57.830,hall_mission,9x4.5,pi5,0.964,27.811,-1.879,0.012,0.978,0.010,0.978,0.14,-6.20,88.94,0.4754,0.4781,0.4625,0.4640,8245,28.305,721.6,381.2,476.5,22.6,499.1,20.67,24.15,0.94847,7.521,13.04,24.96,14,2
57.878,hall_mission,9x4.5,pi5,0.965,27.850,-1.880,0.012,0.980,0.007,0.980,0.13,-6.19,89.01,0.4732,0.4751,0.4651,0.4660,8243,28.290,721.2,380.8,476.0,22.6,498.6,20.65,24.15,0.94842,7.527,13.05,24.96,14,2
57.930,hall_mission,9x4.5,pi5,0.965,27.904,-1.881,0.012,0.981,0.003,0.981,0.13,-6.17,89.15,0.4711,0.4724,0.4670,0.4684,8241,28.275,720.8,380.5,475.6,22.6,498.2,20.63,24.15,0.94837,7.535,13.06,24.96,14,2
57.978,hall_mission,9x4.5,pi5,0.966,27.943,-1.881,0.012,0.982,0.001,0.982,0.12,-6.17,89.24,0.4688,0.4708,0.4693,0.4697,8240,28.267,720.6,380.3,475.4,22.6,498.0,20.62,24.15,0.94833,7.541,13.06,24.96,14,2
58.026,hall_mission,9x4.5,pi5,0.966,28.004,-1.883,0.012,0.983,-0.002,0.983,0.11,-6.17,89.39,0.4671,0.4696,0.4705,0.4712,8239,28.262,720.5,380.2,475.3,22.6,497.9,20.62,24.15,0.94828,7.548,13.06,24.96,14,2
58.078,hall_mission,9x4.5,pi5,0.967,28.042,-1.884,0.012,0.984,-0.003,0.984,0.10,-6.18,89.49,0.4664,0.4680,0.4713,0.4726,8239,28.260,720.4,380.2,475.2,22.6,497.8,20.62,24.15,0.94823,7.555,13.06,24.96,14,2
58.130,hall_mission,9x4.5,pi5,0.967,28.096,-1.885,0.012,0.985,-0.006,0.985,0.09,-6.19,89.62,0.4653,0.4679,0.4721,0.4732,8240,28.265,720.6,380.3,475.4,22.6,498.0,20.62,24.15,0.94818,7.562,13.06,24.96,14,2
58.178,hall_mission,9x4.5,pi5,0.968,28.134,-1.885,0.012,0.986,-0.007,0.986,0.09,-6.20,89.69,0.4655,0.4673,0.4728,0.4734,8241,28.276,720.8,380.5,475.7,22.6,498.3,20.64,24.15,0.94813,7.569,13.05,24.96,14,2
58.226,hall_mission,9x4.5,pi5,0.969,28.195,-1.886,0.011,0.986,-0.009,0.986,0.08,-6.22,89.79,0.4672,0.4858,0.4732,0.4542,8247,28.324,722.0,381.7,477.1,22.6,499.7,20.70,24.14,0.94809,7.575,13.01,24.96,14,2
58.278,hall_mission,9x4.5,pi5,0.969,28.233,-1.887,0.011,0.987,-0.013,0.988,0.21,-6.24,89.87,0.5189,0.5217,0.4178,0.4198,8238,28.478,726.0,389.1,486.4,22.6,509.0,21.09,24.13,0.94804,7.583,12.77,24.96,14,2
58.330,hall_mission,9x4.5,pi5,0.970,28.287,-1.888,0.008,0.989,-0.025,0.990,0.74,-6.20,90.15,0.5498,0.5476,0.3840,0.3880,8207,28.617,729.5,399.0,498.8,22.6,521.4,21.62,24.11,0.94799,7.590,12.46,24.96,14,2
58.378,hall_mission,9x4.5,pi5,0.970,28.325,-1.889,0.002,0.990,-0.034,0.991,1.11,-6.17,90.55,0.5543,0.5542,0.3741,0.3793,8180,28.542,727.6,399.6,499.5,22.6,522.1,21.65,24.11,0.94794,7.597,12.43,24.96,14,2
58.426,hall_mission,9x4.5,pi5,0.970,28.386,-1.891,-0.012,0.991,-0.043,0.992,1.52,-6.14,91.54,0.5462,0.5453,0.3801,0.3858,8163,28.322,722.0,393.0,491.2,22.6,513.8,21.30,24.12,0.94789,7.604,12.64,24.96,14,2
58.478,hall_mission,9x4.5,pi5,0.969,28.425,-1.893,-0.023,0.991,-0.045,0.992,1.68,-6.13,92.44,0.5269,0.5273,0.3991,0.4025,8157,28.048,715.0,382.9,478.6,22.6,501.2,20.76,24.14,0.94784,7.611,12.97,24.96,14,2
58.530,hall_mission,9x4.5,pi5,0.968,28.478,-1.895,-0.040,0.990,-0.045,0.992,1.76,-6.15,94.09,0.5038,0.5037,0.4226,0.4259,8158,27.844,709.8,374.6,468.2,22.6,490.8,20.32,24.15,0.94779,7.619,13.25,24.96,14,2
58.578,hall_mission,9x4.5,pi5,0.966,28.516,-1.896,-0.052,0.989,-0.043,0.991,1.74,-6.18,95.32,0.4818,0.4819,0.4452,0.4491,8166,27.784,708.3,371.2,463.9,22.6,486.5,20.14,24.16,0.94775,7.625,13.37,24.96,14,2
58.626,hall_mission,9x4.5,pi5,0.962,28.577,-1.898,-0.072,0.986,-0.037,0.990,1.61,-6.24,97.26,0.4611,0.4621,0.4670,0.4709,8177,27.835,709.6,371.7,464.6,22.6,487.2,20.17,24.16,0.94770,7.631,13.35,24.96,14,2
58.678,hall_mission,9x4.5,pi5,0.958,28.615,-1.899,-0.084,0.985,-0.034,0.989,1.48,-6.28,98.54,0.4421,0.4442,0.4879,0.4901,8188,27.959,712.7,375.1,468.8,22.6,491.4,20.35,24.15,0.94765,7.639,13.23,24.96,14,2
58.726,hall_mission,9x4.5,pi5,0.953,28.668,-1.899,-0.100,0.982,-0.031,0.988,1.24,-6.34,100.36,0.4296,0.4305,0.5023,0.5044,8197,28.091,716.1,379.2,473.9,22.6,496.5,20.57,24.14,0.94761,7.645,13.09,24.96,14,2
58.778,hall_mission,9x4.5,pi5,0.948,28.706,-1.900,-0.111,0.981,-0.030,0.988,1.07,-6.37,101.45,0.4193,0.4216,0.5139,0.5141,8205,28.215,719.3,383.1,478.9,22.6,501.5,20.78,24.14,0.94756,7.652,12.95,24.96,14,2
58.830,hall_mission,9x4.5,pi5,0.939,28.765,-1.900,-0.127,0.979,-0.030,0.988,0.82,-6.41,102.88,0.4145,0.4161,0.5192,0.5201,8209,28.288,721.2,385.5,481.9,22.6,504.5,20.91,24.13,0.94751,7.660,12.87,24.96,14,2
58.878,hall_mission,9x4.5,pi5,0.933,28.803,-1.900,-0.136,0.979,-0.031,0.989,0.67,-6.43,103.66,0.4132,0.4155,0.5204,0.5216,8211,28.318,721.9,386.4,482.9,22.6,505.5,20.95,24.13,0.94746,7.666,12.84,24.96,14,2
58.930,hall_mission,9x4.5,pi5,0.924,28.855,-1.901,-0.148,0.978,-0.031,0.990,0.47,-6.46,104.58,0.4223,0.4388,0.5140,0.4973,8217,28.240,719.9,382.4,478.0,22.6,500.6,20.74,24.14,0.94741,7.674,12.97,24.96,14,2
58.978,hall_mission,9x4.5,pi5,0.917,28.892,-1.901,-0.155,0.978,-0.033,0.990,0.49,-6.46,105.04,0.4683,0.4736,0.4635,0.4660,8214,28.088,716.0,376.7,470.9,22.6,493.5,20.44,24.15,0.94736,7.680,13.16,24.96,14,2
59.030,hall_mission,9x4.5,pi5,0.905,28.952,-1.901,-0.169,0.977,-0.038,0.992,0.82,-6.43,105.69,0.5023,0.5012,0.4309,0.4348,8206,28.138,717.3,379.8,474.8,22.6,497.4,20.60,24.14,0.94732,7.687,13.06,24.96,14,2
59.078,hall_mission,9x4.5,pi5,0.897,28.989,-1.902,-0.179,0.975,-0.040,0.992,1.06,-6.41,106.18,0.5134,0.5134,0.4184,0.4231,8202,28.197,718.8,382.7,478.4,22.6,501.0,20.76,24.13,0.94727,7.694,12.96,24.96,14,2
59.130,hall_mission,9x4.5,pi5,0.885,29.041,-1.903,-0.196,0.971,-0.040,0.991,1.31,-6.40,107.10,0.5130,0.5123,0.4183,0.4250,8204,28.199,718.9,382.6,478.2,22.6,500.8,20.75,24.13,0.94722,7.701,12.96,24.96,14,2
59.178,hall_mission,9x4.5,pi5,0.876,29.077,-1.904,-0.209,0.967,-0.039,0.990,1.40,-6.40,107.84,0.5037,0.5046,0.4288,0.4327,8208,28.167,718.1,380.7,475.9,22.6,498.5,20.65,24.14,0.94717,7.708,13.03,24.96,14,2
59.230,hall_mission,9x4.5,pi5,0.861,29.136,-1.905,-0.231,0.961,-0.037,0.989,1.40,-6.42,109.12,0.4908,0.4903,0.4432,0.4467,8212,28.122,716.9,378.3,472.9,22.6,495.5,20.53,24.14,0.94712,7.715,13.10,24.96,14,2
59.278,hall_mission,9x4.5,pi5,0.851,29.172,-1.906,-0.244,0.957,-0.036,0.988,1.35,-6.44,110.04,0.4759,0.4773,0.4588,0.4601,8216,28.110,716.6,377.3,471.6,22.6,494.2,20.47,24.14,0.94708,7.722,13.14,24.96,14,2
59.326,hall_mission,9x4.5,pi5,0.836,29.222,-1.907,-0.261,0.951,-0.035,0.987,1.19,-6.48,111.47,0.4622,0.4640,0.4725,0.4743,8219,28.127,717.0,377.6,471.9,22.6,494.5,20.49,24.14,0.94703,7.728,13.13,24.96,14,2
59.378,hall_mission,9x4.5,pi5,0.825,29.258,-1.908,-0.273,0.948,-0.035,0.987,1.06,-6.50,112.41,0.4501,0.4510,0.4856,0.4870,8222,28.173,718.2,379.0,473.8,22.6,496.4,20.56,24.14,0.94698,7.736,13.08,24.96,14,2
59.426,hall_mission,9x4.5,pi5,0.806,29.316,-1.909,-0.291,0.943,-0.034,0.987,0.84,-6.53,113.72,0.4407,0.4423,0.4948,0.4964,8224,28.222,719.5,380.7,475.9,22.6,498.5,20.65,24.14,0.94694,7.742,13.02,24.96,14,2
59.478,hall_mission,9x4.5,pi5,0.794,29.352,-1.910,-0.301,0.940,-0.034,0.987,0.69,-6.55,114.52,0.4340,0.4356,0.5023,0.5027,8225,28.267,720.6,382.3,477.9,22.6,500.5,20.74,24.13,0.94689,7.749,12.96,24.96,14,2
59.530,hall_mission,9x4.5,pi5,0.776,29.402,-1.911,-0.313,0.937,-0.034,0.988,0.47,-6.57,115.54,0.4302,0.4322,0.5057,0.5065,8225,28.288,721.1,383.2,479.0,22.6,501.6,20.79,24.13,0.94684,7.757,12.93,24.96,14,2
59.578,hall_mission,9x4.5,pi5,0.763,29.438,-1.912,-0.321,0.935,-0.034,0.989,0.34,-6.58,116.11,0.4292,0.4318,0.5057,0.5080,8226,28.297,721.4,383.5,479.4,22.6,502.0,20.80,24.13,0.94679,7.763,12.92,24.96,14,2
59.630,hall_mission,9x4.5,pi5,0.741,29.495,-1.914,-0.333,0.933,-0.034,0.991,0.17,-6.59,116.77,0.4304,0.4338,0.5047,0.5060,8227,28.292,721.2,383.2,479.0,22.6,501.6,20.79,24.13,0.94674,7.771,12.93,24.96,14,2
59.678,hall_mission,9x4.5,pi5,0.727,29.531,-1.915,-0.339,0.931,-0.034,0.992,0.08,-6.59,117.09,0.4342,0.4363,0.5018,0.5027,8227,28.275,720.8,382.5,478.1,22.6,500.7,20.75,24.13,0.94669,7.777,12.95,24.96,14,2
59.730,hall_mission,9x4.5,pi5,0.707,29.582,-1.917,-0.347,0.930,-0.033,0.994,-0.04,-6.59,117.40,0.4394,0.4405,0.4968,0.4983,8227,28.247,720.1,381.4,476.7,22.6,499.3,20.69,24.13,0.94665,7.785,12.99,24.96,14,2
59.778,hall_mission,9x4.5,pi5,0.693,29.618,-1.918,-0.352,0.930,-0.033,0.995,-0.10,-6.59,117.52,0.4439,0.4460,0.4922,0.4929,8227,28.223,719.5,380.4,475.6,22.6,498.2,20.64,24.13,0.94660,7.791,13.02,24.96,14,2
59.830,hall_mission,9x4.5,pi5,0.670,29.677,-1.920,-0.358,0.930,-0.033,0.997,-0.18,-6.59,117.56,0.4990,0.4449,0.5043,0.4260,8224,28.256,720.3,382.1,477.7,22.6,500.3,20.73,24.13,0.94655,7.798,12.96,24.95,14,2
59.878,hall_mission,9x4.5,pi5,0.655,29.714,-1.921,-0.362,0.930,-0.038,0.999,-0.17,-6.05,117.56,0.5501,0.5463,0.3839,0.3907,8212,28.643,730.2,399.3,499.1,22.6,521.7,21.65,24.10,0.94650,7.805,12.41,24.95,14,2
59.926,hall_mission,9x4.5,pi5,0.635,29.765,-1.924,-0.362,0.920,-0.058,0.990,0.04,-3.74,117.82,0.5941,0.6047,0.3262,0.3325,8164,29.342,748.0,433.7,542.1,22.6,564.7,23.48,24.05,0.94645,7.813,11.44,24.95,14,2
59.978,hall_mission,9x4.5,pi5,0.620,29.801,-1.927,-0.356,0.900,-0.079,0.971,0.14,-2.00,118.35,0.6071,0.6174,0.2945,0.3137,8074,29.218,744.9,440.0,550.1,22.6,572.7,23.83,24.04,0.94639,7.821,11.28,24.95,14,2
60.026,hall_mission,9x4.5,pi5,0.598,29.857,-1.933,-0.338,0.848,-0.105,0.918,0.29,0.34,119.81,0.5930,0.6023,0.3003,0.3185,8007,28.508,726.8,420.3,525.4,22.6,548.0,22.77,24.07,0.94634,7.828,11.80,24.95,14,2
60.078,hall_mission,9x4.5,pi5,0.585,29.890,-1.938,-0.321,0.805,-0.111,0.874,0.39,1.60,121.21,0.5604,0.5713,0.3284,0.3432,7967,27.586,703.2,389.1,486.3,22.6,508.9,21.10,24.12,0.94629,7.836,12.73,24.95,14,2
60.126,hall_mission,9x4.5,pi5,0.568,29.932,-1.945,-0.293,0.737,-0.105,0.800,0.57,3.01,123.82,0.5257,0.5338,0.3649,0.3764,7958,26.919,686.2,364.2,455.3,22.6,477.9,19.78,24.16,0.94625,7.842,13.58,24.95,14,2
60.178,hall_mission,9x4.5,pi5,0.557,29.959,-1.950,-0.270,0.685,-0.093,0.742,0.70,3.67,125.81,0.4870,0.4938,0.4088,0.4175,7981,26.647,679.3,350.7,438.4,22.6,461.0,19.07,24.18,0.94620,7.849,14.09,24.95,14,2
60.230,hall_mission,9x4.5,pi5,0.542,29.998,-1.957,-0.231,0.600,-0.067,0.646,0.92,4.29,128.96,0.3955,0.4804,0.4330,0.5328,8106,27.588,703.3,371.3,464.2,22.6,486.8,20.16,24.14,0.94615,7.856,13.32,24.95,14,2
60.278,hall_mission,9x4.5,pi5,0.534,30.019,-1.960,-0.205,0.546,-0.064,0.587,0.89,3.84,131.01,0.3358,0.3295,0.5827,0.5971,8119,28.889,736.5,421.4,526.8,22.6,549.4,22.83,24.06,0.94610,7.863,11.76,24.95,14,2
60.330,hall_mission,9x4.5,pi5,0.526,30.043,-1.964,-0.176,0.485,-0.089,0.524,0.42,1.18,133.58,0.2504,0.2404,0.6709,0.6591,8031,30.702,782.7,503.6,629.6,22.6,652.2,27.25,23.93,0.94604,7.873,9.85,24.95,14,2
60.378,hall_mission,9x4.5,pi5,0.520,30.058,-1.969,-0.165,0.457,-0.126,0.502,-0.10,-0.86,134.72,0.2168,0.1940,0.6919,0.6762,7879,30.860,786.7,526.1,657.6,22.6,680.2,28.47,23.89,0.94597,7.882,9.43,24.95,14,2
60.430,hall_mission,9x4.5,pi5,0.512,30.081,-1.979,-0.163,0.442,-0.185,0.507,-0.91,-3.61,135.42,0.2112,0.1883,0.6720,0.6645,7723,29.636,755.5,494.8,618.5,22.6,641.1,26.78,23.94,0.94591,7.891,10.03,24.95,14,2
60.478,hall_mission,9x4.5,pi5,0.507,30.095,-1.988,-0.170,0.447,-0.205,0.521,-1.37,-5.09,135.20,0.2283,0.2105,0.6390,0.6285,7616,27.905,711.4,440.5,550.6,22.6,573.2,23.85,24.03,0.94585,7.899,11.26,24.95,14,2
60.530,hall_mission,9x4.5,pi5,0.498,30.115,-2.000,-0.186,0.466,-0.203,0.541,-1.86,-6.75,133.94,0.2655,0.2540,0.5936,0.5823,7577,26.257,669.4,383.2,479.0,22.6,501.6,20.79,24.12,0.94580,7.906,12.91,24.95,14,2
60.578,hall_mission,9x4.5,pi5,0.491,30.131,-2.009,-0.198,0.485,-0.180,0.554,-2.06,-7.55,132.58,0.3107,0.3048,0.5488,0.5417,7615,25.373,646.8,346.2,432.7,22.6,455.3,18.83,24.18,0.94576,7.912,14.26,24.95,14,2
60.630,hall_mission,9x4.5,pi5,0.477,30.159,-2.020,-0.219,0.519,-0.122,0.577,-2.14,-8.36,130.00,0.3645,0.3617,0.5047,0.4983,7699,25.095,639.8,326.0,407.5,22.6,430.1,17.77,24.21,0.94572,7.918,15.11,24.95,14,2
60.678,hall_mission,9x4.5,pi5,0.467,30.178,-2.024,-0.232,0.543,-0.082,0.596,-2.08,-8.73,128.05,0.4133,0.4122,0.4682,0.4641,7802,25.406,647.7,325.3,406.6,22.6,429.2,17.73,24.21,0.94568,7.924,15.14,24.95,14,2
60.726,hall_mission,9x4.5,pi5,0.452,30.208,-2.027,-0.249,0.580,-0.029,0.632,-1.87,-9.07,124.98,0.4569,0.4569,0.4377,0.4343,7904,26.015,663.2,336.0,420.0,22.6,442.6,18.29,24.19,0.94564,7.930,14.67,24.95,14,2
60.778,hall_mission,9x4.5,pi5,0.440,30.231,-2.027,-0.261,0.607,0.000,0.661,-1.67,-9.19,122.97,0.4958,0.4962,0.4113,0.4092,8001,26.808,683.4,354.4,443.0,22.6,465.6,19.27,24.17,0.94559,7.936,13.93,24.95,14,2
60.830,hall_mission,9x4.5,pi5,0.421,30.272,-2.024,-0.280,0.653,0.032,0.711,-1.34,-9.24,120.16,0.5235,0.5237,0.3911,0.3902,8058,27.420,699.0,371.0,463.7,22.6,486.3,20.15,24.14,0.94555,7.943,13.32,24.95,14,2
60.878,hall_mission,9x4.5,pi5,0.408,30.299,-2.021,-0.290,0.681,0.042,0.742,-1.11,-9.20,118.49,0.5399,0.5405,0.3793,0.3793,8096,27.855,710.1,383.2,479.0,22.6,501.6,20.80,24.12,0.94550,7.950,12.90,24.95,14,2
60.930,hall_mission,9x4.5,pi5,0.388,30.341,-2.017,-0.304,0.720,0.050,0.783,-0.81,-9.05,116.38,0.5490,0.5493,0.3742,0.3738,8123,28.137,717.3,391.0,488.7,22.6,511.3,21.21,24.11,0.94545,7.958,12.65,24.95,14,2
60.978,hall_mission,9x4.5,pi5,0.374,30.372,-2.013,-0.314,0.746,0.052,0.811,-0.64,-8.92,115.27,0.5501,0.5508,0.3744,0.3749,8137,28.237,719.8,393.1,491.4,22.6,514.0,21.33,24.10,0.94540,7.964,12.58,24.95,14,2
61.030,hall_mission,9x4.5,pi5,0.351,30.424,-2.008,-0.327,0.784,0.052,0.852,-0.43,-8.67,114.02,0.5454,0.5466,0.3797,0.3813,8147,28.233,719.7,391.5,489.4,22.6,512.0,21.24,24.10,0.94535,7.972,12.63,24.95,14,2
61.078,hall_mission,9x4.5,pi5,0.335,30.458,-2.005,-0.335,0.806,0.052,0.874,-0.34,-8.49,113.47,0.5373,0.5390,0.3887,0.3904,8155,28.172,718.2,388.0,485.0,22.6,507.6,21.06,24.11,0.94530,7.979,12.74,24.95,14,2
61.130,hall_mission,9x4.5,pi5,0.314,30.507,-2.000,-0.344,0.833,0.050,0.902,-0.24,-8.23,113.00,0.5261,0.5277,0.4015,0.4025,8165,28.092,716.1,383.6,479.5,22.6,502.1,20.82,24.12,0.94525,7.986,12.89,24.95,14,2
61.178,hall_mission,9x4.5,pi5,0.298,30.543,-1.998,-0.350,0.850,0.050,0.920,-0.21,-8.05,112.91,0.5136,0.5170,0.4144,0.4152,8173,28.032,714.6,380.0,475.0,22.6,497.6,20.63,24.12,0.94521,7.992,13.00,24.95,14,2
61.230,hall_mission,9x4.5,pi5,0.272,30.603,-1.993,-0.358,0.873,0.050,0.945,-0.20,-7.81,113.01,0.5012,0.5039,0.4281,0.4301,8184,28.003,713.9,377.4,471.7,22.6,494.3,20.49,24.13,0.94516,8.000,13.09,24.95,14,2
61.278,hall_mission,9x4.5,pi5,0.257,30.641,-1.991,-0.362,0.886,0.050,0.958,-0.21,-7.66,113.21,0.4903,0.4924,0.4404,0.4430,8195,28.012,714.1,376.3,470.4,22.6,493.0,20.43,24.13,0.94511,8.006,13.13,24.95,14,2
61.326,hall_mission,9x4.5,pi5,0.234,30.694,-1.987,-0.367,0.901,0.049,0.974,-0.24,-7.46,113.63,0.4799,0.4827,0.4523,0.4541,8205,28.044,714.9,376.2,470.2,22.6,492.8,20.43,24.13,0.94507,8.013,13.13,24.95,14,2
61.378,hall_mission,9x4.5,pi5,0.218,30.733,-1.985,-0.370,0.910,0.049,0.984,-0.26,-7.34,113.96,0.4705,0.4737,0.4631,0.4646,8216,28.103,716.4,377.1,471.3,22.6,493.9,20.47,24.12,0.94502,8.020,13.10,24.95,14,2
61.426,hall_mission,9x4.5,pi5,0.193,30.796,-1.982,-0.373,0.923,0.048,0.997,-0.30,-7.18,114.48,0.4646,0.4516,0.4718,0.4872,8228,28.197,718.8,379.2,474.0,22.6,496.6,20.59,24.12,0.94497,8.027,13.03,24.95,14,2
61.478,hall_mission,9x4.5,pi5,0.177,30.835,-1.980,-0.375,0.930,0.044,1.004,-0.42,-7.10,114.80,0.4170,0.4200,0.5173,0.5203,8225,28.386,723.7,387.2,484.0,22.6,506.6,21.01,24.11,0.94492,8.034,12.76,24.95,14,2
61.526,hall_mission,9x4.5,pi5,0.154,30.891,-1.977,-0.376,0.940,0.033,1.013,-0.86,-6.96,115.09,0.3892,0.3942,0.5439,0.5424,8208,28.548,727.8,396.1,495.1,22.6,517.7,21.49,24.09,0.94487,8.041,12.48,24.95,14,2
61.578,hall_mission,9x4.5,pi5,0.139,30.930,-1.976,-0.374,0.946,0.024,1.018,-1.15,-6.87,115.08,0.3786,0.3842,0.5505,0.5496,8183,28.499,726.5,397.4,496.8,22.6,519.4,21.56,24.09,0.94482,8.048,12.44,24.95,14,2
61.630,hall_mission,9x4.5,pi5,0.113,30.993,-1.975,-0.367,0.957,0.015,1.025,-1.48,-6.76,114.68,0.3843,0.3889,0.5431,0.5427,8169,28.314,721.8,391.9,489.9,22.6,512.5,21.27,24.10,0.94477,8.056,12.61,24.95,14,2
61.678,hall_mission,9x4.5,pi5,0.098,31.032,-1.975,-0.360,0.962,0.011,1.028,-1.60,-6.71,114.17,0.3981,0.4021,0.5286,0.5283,8162,28.094,716.2,384.0,480.0,22.6,502.6,20.85,24.11,0.94472,8.062,12.86,24.95,14,2
61.730,hall_mission,9x4.5,pi5,0.077,31.087,-1.975,-0.350,0.969,0.010,1.031,-1.65,-6.66,113.10,0.4171,0.4220,0.5087,0.5091,8161,27.904,711.4,376.5,470.7,22.6,493.3,20.45,24.12,0.94467,8.069,13.11,24.95,14,2
61.778,hall_mission,9x4.5,pi5,0.062,31.126,-1.975,-0.342,0.974,0.010,1.032,-1.63,-6.65,112.24,0.4374,0.4409,0.4900,0.4900,8167,27.822,709.3,372.5,465.6,22.6,488.2,20.24,24.13,0.94463,8.076,13.25,24.95,14,2
61.830,hall_mission,9x4.5,pi5,0.039,31.189,-1.975,-0.329,0.980,0.013,1.034,-1.51,-6.66,110.82,0.4578,0.4612,0.4702,0.4715,8175,27.825,709.3,371.5,464.4,22.6,487.0,20.18,24.13,0.94458,8.083,13.28,24.95,14,2
61.878,hall_mission,9x4.5,pi5,0.025,31.228,-1.975,-0.322,0.983,0.015,1.035,-1.40,-6.67,109.85,0.4750,0.4769,0.4552,0.4559,8183,27.887,710.9,372.9,466.1,22.6,488.7,20.25,24.13,0.94454,8.090,13.23,24.95,14,2
61.930,hall_mission,9x4.5,pi5,0.007,31.284,-1.975,-0.311,0.988,0.017,1.036,-1.20,-6.70,108.43,0.4888,0.4917,0.4418,0.4429,8191,27.983,713.4,375.6,469.5,22.6,492.1,20.40,24.12,0.94449,8.097,13.14,24.95,14,2
61.978,hall_mission,9x4.5,pi5,-0.006,31.323,-1.975,-0.304,0.991,0.017,1.037,-1.06,-6.72,107.55,0.4981,0.5011,0.4331,0.4340,8195,28.056,715.2,378.0,472.5,22.6,495.1,20.53,24.12,0.94444,8.103,13.06,24.95,14,2
62.030,hall_mission,9x4.5,pi5,-0.025,31.386,-1.975,-0.294,0.995,0.017,1.038,-0.85,-6.74,106.40,0.5048,0.5070,0.4273,0.4279,8198,28.111,716.6,379.9,474.9,22.6,497.5,20.63,24.11,0.94439,8.110,12.99,24.95,14,2
62.078,hall_mission,9x4.5,pi5,-0.036,31.426,-1.975,-0.288,0.998,0.017,1.039,-0.72,-6.76,105.75,0.5075,0.5092,0.4248,0.4261,8200,28.142,717.4,380.8,476.0,22.6,498.6,20.68,24.11,0.94435,8.117,12.96,24.95,14,2
62.126,hall_mission,9x4.5,pi5,-0.052,31.482,-1.975,-0.281,1.002,0.017,1.041,-0.55,-6.77,104.98,0.5071,0.5093,0.4251,0.4266,8202,28.153,717.7,381.0,476.3,22.6,498.9,20.69,24.11,0.94430,8.124,12.95,24.95,14,2
62.178,hall_mission,9x4.5,pi5,-0.063,31.522,-1.976,-0.277,1.004,0.017,1.041,-0.45,-6.78,104.59,0.5044,0.5068,0.4276,0.4296,8203,28.144,717.5,380.5,475.6,22.6,498.2,20.66,24.11,0.94425,8.131,12.97,24.95,14,2
62.226,hall_mission,9x4.5,pi5,-0.080,31.586,-1.976,-0.271,1.007,0.017,1.043,-0.33,-6.79,104.21,0.5005,0.5024,0.4316,0.4340,8203,28.118,716.8,379.4,474.3,22.6,496.9,20.61,24.11,0.94420,8.138,13.00,24.95,14,2
62.278,hall_mission,9x4.5,pi5,-0.091,31.627,-1.977,-0.268,1.009,0.016,1.044,-0.26,-6.79,104.07,0.4949,0.4968,0.4375,0.4393,8203,28.087,716.0,378.2,472.7,22.6,495.3,20.54,24.12,0.94415,8.145,13.04,24.95,14,2
62.330,hall_mission,9x4.5,pi5,-0.105,31.684,-1.978,-0.265,1.012,0.016,1.046,-0.19,-6.80,103.99,0.4885,0.4911,0.4440,0.4451,8204,28.065,715.5,377.2,471.5,22.6,494.1,20.49,24.12,0.94411,8.152,13.08,24.95,14,2
62.378,hall_mission,9x4.5,pi5,-0.115,31.724,-1.978,-0.263,1.014,0.016,1.047,-0.15,-6.80,104.02,0.4835,0.4849,0.4504,0.4505,8206,28.060,715.3,376.7,470.8,22.6,493.4,20.46,24.12,0.94406,8.158,13.09,24.95,14,2
62.431,hall_mission,9x4.5,pi5,-0.131,31.790,-1.978,-0.260,1.016,0.017,1.049,-0.11,-6.80,104.16,0.4777,0.4792,0.4565,0.4567,8209,28.066,715.5,376.5,470.6,22.6,493.2,20.45,24.12,0.94401,8.166,13.10,24.95,14,2
62.479,hall_mission,9x4.5,pi5,-0.141,31.831,-1.978,-0.259,1.018,0.017,1.051,-0.10,-6.80,104.29,0.4725,0.4750,0.4613,0.4623,8213,28.083,715.9,376.7,470.9,22.6,493.5,20.46,24.12,0.94396,8.172,13.09,24.95,14,2
62.531,hall_mission,9x4.5,pi5,-0.155,31.889,-1.978,-0.257,1.021,0.017,1.053,-0.08,-6.81,104.51,0.4685,0.4707,0.4657,0.4674,8217,28.110,716.6,377.2,471.5,22.6,494.1,20.49,24.11,0.94392,8.179,13.07,24.95,14,2
62.579,hall_mission,9x4.5,pi5,-0.164,31.930,-1.977,-0.257,1.022,0.017,1.054,-0.08,-6.81,104.67,0.4659,0.4672,0.4693,0.4709,8221,28.134,717.2,377.7,472.1,22.6,494.7,20.51,24.11,0.94387,8.186,13.05,24.95,14,2
62.631,hall_mission,9x4.5,pi5,-0.180,31.997,-1.977,-0.256,1.025,0.017,1.057,-0.07,-6.81,104.90,0.4613,0.4495,0.4765,0.4877,8227,28.195,718.8,379.2,474.1,22.6,496.7,20.60,24.11,0.94382,8.193,13.00,24.95,14,2
62.679,hall_mission,9x4.5,pi5,-0.189,32.039,-1.976,-0.255,1.027,0.015,1.058,-0.16,-6.82,105.03,0.4224,0.4247,0.5123,0.5141,8222,28.316,721.8,384.8,481.1,22.6,503.7,20.90,24.10,0.94377,8.200,12.81,24.95,14,2
62.723,hall_mission,9x4.5,pi5,-0.199,32.081,-1.976,-0.254,1.029,0.009,1.060,-0.41,-6.80,105.08,0.4009,0.4029,0.5324,0.5324,8204,28.393,723.8,390.3,487.9,22.6,510.5,21.19,24.09,0.94373,8.206,12.64,24.95,14,2
62.771,hall_mission,9x4.5,pi5,-0.212,32.139,-1.976,-0.249,1.033,0.000,1.063,-0.81,-6.76,104.90,0.3905,0.3956,0.5387,0.5390,8186,28.362,723.0,391.5,489.4,22.6,512.0,21.25,24.09,0.94368,8.213,12.60,24.95,14,2
62.823,hall_mission,9x4.5,pi5,-0.221,32.181,-1.976,-0.243,1.036,-0.004,1.064,-1.03,-6.74,104.56,0.3948,0.4001,0.5337,0.5325,8177,28.236,719.8,387.7,484.7,22.6,507.3,21.05,24.10,0.94363,8.220,12.72,24.95,14,2
62.871,hall_mission,9x4.5,pi5,-0.235,32.247,-1.976,-0.232,1.040,-0.006,1.065,-1.22,-6.72,103.75,0.4074,0.4118,0.5206,0.5202,8173,28.075,715.7,381.8,477.3,22.6,499.9,20.74,24.10,0.94359,8.227,12.91,24.94,14,2
62.923,hall_mission,9x4.5,pi5,-0.243,32.289,-1.977,-0.223,1.042,-0.007,1.065,-1.26,-6.72,103.02,0.4250,0.4298,0.5028,0.5025,8173,27.931,712.0,376.1,470.1,22.6,492.7,20.43,24.11,0.94354,8.234,13.10,24.94,14,2
62.971,hall_mission,9x4.5,pi5,-0.254,32.347,-1.977,-0.210,1.044,-0.005,1.065,-1.23,-6.74,101.76,0.4431,0.4472,0.4855,0.4854,8177,27.869,710.5,373.0,466.3,22.6,488.9,20.27,24.12,0.94349,8.240,13.20,24.94,14,2
63.023,hall_mission,9x4.5,pi5,-0.261,32.389,-1.977,-0.201,1.046,-0.004,1.065,-1.15,-6.76,100.84,0.4618,0.4653,0.4678,0.4681,8183,27.879,710.7,372.5,465.7,22.6,488.3,20.25,24.12,0.94344,8.248,13.22,24.94,14,2
63.075,hall_mission,9x4.5,pi5,-0.272,32.455,-1.977,-0.187,1.049,-0.001,1.065,-0.99,-6.79,99.44,0.4778,0.4815,0.4528,0.4534,8193,27.957,712.7,374.4,468.0,22.6,490.6,20.34,24.11,0.94339,8.255,13.15,24.94,14,2
63.123,hall_mission,9x4.5,pi5,-0.278,32.497,-1.976,-0.179,1.050,0.001,1.065,-0.86,-6.81,98.54,0.4903,0.4923,0.4424,0.4424,8199,28.038,714.8,376.8,471.0,22.6,493.6,20.47,24.11,0.94335,8.261,13.07,24.94,14,2
63.171,hall_mission,9x4.5,pi5,-0.286,32.556,-1.976,-0.168,1.053,0.002,1.066,-0.66,-6.84,97.30,0.4985,0.5008,0.4341,0.4352,8204,28.109,716.6,379.0,473.8,22.6,496.4,20.59,24.11,0.94330,8.268,13.00,24.94,14,2
63.223,hall_mission,9x4.5,pi5,-0.291,32.598,-1.976,-0.160,1.054,0.002,1.066,-0.52,-6.85,96.57,0.5042,0.5060,0.4289,0.4305,8207,28.165,718.0,380.8,476.0,22.6,498.6,20.69,24.10,0.94325,8.275,12.94,24.94,14,2
63.275,hall_mission,9x4.5,pi5,-0.298,32.664,-1.975,-0.150,1.057,0.002,1.067,-0.34,-6.87,95.65,0.5062,0.5081,0.4279,0.4282,8210,28.199,718.9,381.7,477.1,22.6,499.7,20.74,24.10,0.94320,8.282,12.90,24.94,14,2
63.323,hall_mission,9x4.5,pi5,-0.302,32.706,-1.974,-0.144,1.058,0.002,1.068,-0.22,-6.88,95.17,0.5054,0.5077,0.4287,0.4295,8214,28.218,719.4,382.0,477.5,22.6,500.1,20.75,24.10,0.94316,8.289,12.89,24.94,14,2
63.375,hall_mission,9x4.5,pi5,-0.308,32.765,-1.974,-0.136,1.060,0.002,1.069,-0.08,-6.89,94.64,0.5026,0.5051,0.4319,0.4328,8217,28.223,719.5,381.7,477.1,22.6,499.7,20.73,24.10,0.94311,8.296,12.90,24.94,14,2
63.423,hall_mission,9x4.5,pi5,-0.311,32.807,-1.973,-0.132,1.061,0.001,1.069,0.00,-6.89,94.40,0.4965,0.4849,0.4395,0.4527,8222,28.187,718.6,379.7,474.6,22.6,497.2,20.63,24.10,0.94306,8.303,12.97,24.94,14,2
63.471,hall_mission,9x4.5,pi5,-0.317,32.874,-1.971,-0.125,1.064,-0.002,1.071,-0.04,-6.90,94.18,0.4531,0.4563,0.4806,0.4829,8219,28.141,717.4,378.1,472.6,22.6,495.2,20.54,24.11,0.94302,8.309,13.02,24.94,14,2
63.523,hall_mission,9x4.5,pi5,-0.320,32.917,-1.971,-0.120,1.066,-0.006,1.072,-0.26,-6.88,94.04,0.4239,0.4273,0.5096,0.5090,8208,28.201,718.9,382.1,477.6,22.6,500.2,20.76,24.10,0.94297,8.317,12.89,24.94,14,2
63.571,hall_mission,9x4.5,pi5,-0.324,32.976,-1.970,-0.110,1.068,-0.010,1.074,-0.61,-6.86,93.69,0.4118,0.4171,0.5200,0.5189,8201,28.240,719.9,384.6,480.8,22.6,503.4,20.89,24.09,0.94292,8.323,12.80,24.94,14,2
63.623,hall_mission,9x4.5,pi5,-0.326,33.019,-1.969,-0.101,1.070,-0.012,1.075,-0.79,-6.84,93.32,0.4124,0.4184,0.5187,0.5176,8198,28.213,719.2,383.9,479.8,22.6,502.4,20.85,24.09,0.94287,8.331,12.82,24.94,14,2
63.675,hall_mission,9x4.5,pi5,-0.329,33.087,-1.969,-0.085,1.072,-0.013,1.075,-0.94,-6.83,92.53,0.4228,0.4272,0.5088,0.5090,8201,28.152,717.7,381.1,476.4,22.6,499.0,20.71,24.10,0.94282,8.338,12.91,24.94,14,2
63.723,hall_mission,9x4.5,pi5,-0.330,33.130,-1.969,-0.074,1.073,-0.013,1.075,-0.96,-6.83,91.86,0.4354,0.4404,0.4964,0.4962,8203,28.089,716.1,378.2,472.8,22.6,495.4,20.55,24.10,0.94277,8.344,13.01,24.94,14,2
63.771,hall_mission,9x4.5,pi5,-0.331,33.190,-1.968,-0.058,1.074,-0.012,1.075,-0.90,-6.84,90.73,0.4505,0.4538,0.4828,0.4822,8206,28.054,715.2,376.4,470.6,22.6,493.2,20.46,24.11,0.94273,8.351,13.07,24.94,14,2
63.823,hall_mission,9x4.5,pi5,-0.332,33.232,-1.968,-0.047,1.074,-0.012,1.076,-0.82,-6.85,89.91,0.4659,0.4682,0.4675,0.4685,8209,28.056,715.2,376.1,470.1,22.6,492.7,20.44,24.11,0.94268,8.358,13.08,24.94,14,2
63.871,hall_mission,9x4.5,pi5,-0.331,33.300,-1.968,-0.031,1.075,-0.011,1.076,-0.65,-6.87,88.68,0.4780,0.4803,0.4561,0.4567,8213,28.090,716.1,377.0,471.2,22.6,493.8,20.49,24.10,0.94263,8.365,13.05,24.94,14,2
63.923,hall_mission,9x4.5,pi5,-0.331,33.343,-1.968,-0.022,1.075,-0.011,1.076,-0.52,-6.88,87.90,0.4881,0.4910,0.4462,0.4466,8216,28.140,717.4,378.6,473.2,22.6,495.8,20.57,24.10,0.94258,8.372,12.99,24.94,14,2
63.971,hall_mission,9x4.5,pi5,-0.329,33.402,-1.968,-0.010,1.076,-0.011,1.076,-0.32,-6.89,86.81,0.4953,0.4974,0.4393,0.4402,8217,28.179,718.4,380.0,475.0,22.6,497.6,20.65,24.10,0.94254,8.378,12.95,24.94,14,2
64.023,hall_mission,9x4.5,pi5,-0.328,33.444,-1.968,-0.002,1.076,-0.011,1.076,-0.19,-6.89,86.18,0.4993,0.5021,0.4352,0.4357,8217,28.204,719.0,380.9,476.2,22.6,498.8,20.70,24.10,0.94249,8.386,12.91,24.94,14,2
64.071,hall_mission,9x4.5,pi5,-0.326,33.512,-1.969,0.008,1.077,-0.011,1.077,-0.01,-6.90,85.38,0.5014,0.5031,0.4337,0.4342,8217,28.212,719.2,381.3,476.6,22.6,499.2,20.72,24.10,0.94244,8.392,12.90,24.94,14,2
64.123,hall_mission,9x4.5,pi5,-0.325,33.555,-1.969,0.014,1.077,-0.011,1.077,0.10,-6.90,84.96,0.4967,0.4825,0.4393,0.4541,8218,28.161,717.9,379.1,473.9,22.6,496.5,20.60,24.10,0.94239,8.399,12.97,24.94,14,2
64.171,hall_mission,9x4.5,pi5,-0.322,33.614,-1.970,0.021,1.078,-0.012,1.078,0.06,-6.91,84.46,0.4532,0.4570,0.4788,0.4820,8212,28.090,716.1,377.0,471.3,22.6,493.9,20.49,24.10,0.94235,8.406,13.04,24.94,14,2
64.223,hall_mission,9x4.5,pi5,-0.320,33.656,-1.971,0.027,1.078,-0.015,1.079,-0.15,-6.88,84.14,0.4266,0.4308,0.5053,0.5050,8200,28.122,716.9,380.0,475.0,22.6,497.6,20.65,24.10,0.94230,8.413,12.94,24.94,14,2
64.271,hall_mission,9x4.5,pi5,-0.317,33.723,-1.972,0.040,1.078,-0.019,1.079,-0.48,-6.85,83.53,0.4171,0.4220,0.5138,0.5125,8192,28.130,717.1,381.4,476.8,22.6,499.4,20.73,24.09,0.94225,8.420,12.89,24.94,14,2
64.323,hall_mission,9x4.5,pi5,-0.315,33.766,-1.973,0.049,1.077,-0.019,1.078,-0.64,-6.83,83.00,0.4187,0.4253,0.5114,0.5096,8191,28.101,716.4,380.4,475.5,22.6,498.1,20.67,24.09,0.94220,8.427,12.92,24.94,14,2
64.371,hall_mission,9x4.5,pi5,-0.311,33.824,-1.973,0.064,1.075,-0.017,1.077,-0.77,-6.83,82.00,0.4300,0.4321,0.5022,0.4997,8187,28.012,714.1,377.3,471.7,22.6,494.3,20.51,24.10,0.94216,8.434,13.03,24.94,14,2
64.423,hall_mission,9x4.5,pi5,-0.307,33.866,-1.974,0.075,1.073,-0.015,1.076,-0.78,-6.81,81.23,0.4440,0.4453,0.4885,0.4858,8186,27.935,712.1,374.4,468.0,22.6,490.6,20.36,24.10,0.94211,8.441,13.12,24.94,14,2
64.475,hall_mission,9x4.5,pi5,-0.301,33.934,-1.974,0.092,1.070,-0.012,1.074,-0.71,-6.71,79.97,0.4590,0.4602,0.4735,0.4714,8188,27.911,711.5,373.2,466.6,22.6,489.2,20.29,24.10,0.94206,8.448,13.16,24.94,14,2
64.523,hall_mission,9x4.5,pi5,-0.296,33.975,-1.975,0.102,1.067,-0.009,1.072,-0.61,-6.58,79.10,0.4710,0.4741,0.4607,0.4592,8190,27.931,712.0,373.6,467.0,22.6,489.6,20.31,24.10,0.94201,8.454,13.15,24.94,14,2
64.575,hall_mission,9x4.5,pi5,-0.290,34.034,-1.975,0.116,1.061,-0.007,1.067,-0.43,-6.30,77.82,0.4834,0.4853,0.4483,0.4484,8193,27.970,713.0,374.9,468.6,22.6,491.2,20.38,24.10,0.94196,8.461,13.10,24.94,14,2
64.623,hall_mission,9x4.5,pi5,-0.284,34.075,-1.975,0.124,1.056,-0.005,1.063,-0.29,-6.07,77.02,0.4922,0.4935,0.4400,0.4405,8195,28.020,714.3,376.6,470.7,22.6,493.3,20.47,24.10,0.94192,8.468,13.05,24.94,14,2
64.671,hall_mission,9x4.5,pi5,-0.275,34.141,-1.975,0.135,1.044,-0.003,1.053,-0.10,-5.68,75.93,0.4981,0.4989,0.4339,0.4357,8197,28.059,715.3,377.9,472.4,22.6,495.0,20.54,24.10,0.94187,8.475,13.00,24.94,14,2
64.723,hall_mission,9x4.5,pi5,-0.269,34.182,-1.975,0.141,1.035,-0.003,1.045,0.01,-5.39,75.32,0.5011,0.5023,0.4316,0.4318,8197,28.080,715.8,378.7,473.4,22.6,496.0,20.58,24.09,0.94182,8.482,12.97,24.94,14,2
64.767,hall_mission,9x4.5,pi5,-0.261,34.238,-1.975,0.146,1.020,-0.003,1.031,0.17,-4.94,74.55,0.5012,0.5032,0.4306,0.4318,8197,28.083,715.9,378.8,473.5,22.6,496.1,20.59,24.09,0.94178,8.488,12.97,24.94,14,2
64.819,hall_mission,9x4.5,pi5,-0.254,34.278,-1.975,0.149,1.008,-0.002,1.019,0.26,-4.64,74.16,0.4998,0.5019,0.4324,0.4333,8199,28.087,716.0,378.7,473.4,22.6,496.0,20.59,24.09,0.94173,8.495,12.97,24.94,14,2
64.867,hall_mission,9x4.5,pi5,-0.244,34.340,-1.975,0.151,0.985,-0.002,0.997,0.37,-4.20,73.74,0.4967,0.4993,0.4349,0.4365,8200,28.075,715.7,378.2,472.7,22.6,495.3,20.56,24.09,0.94169,8.502,12.99,24.93,14,2
64.915,hall_mission,9x4.5,pi5,-0.238,34.378,-1.975,0.152,0.970,-0.002,0.982,0.43,-3.92,73.56,0.4934,0.4947,0.4392,0.4402,8200,28.054,715.2,377.3,471.7,22.6,494.3,20.51,24.09,0.94164,8.508,13.01,24.93,14,2
64.967,hall_mission,9x4.5,pi5,-0.229,34.430,-1.975,0.151,0.945,-0.002,0.957,0.48,-3.51,73.42,0.4878,0.4904,0.4444,0.4448,8199,28.032,714.6,376.5,470.6,22.6,493.2,20.47,24.10,0.94159,8.515,13.04,24.93,14,2
65.019,hall_mission,9x4.5,pi5,-0.222,34.466,-1.975,0.149,0.927,-0.002,0.939,0.51,-3.25,73.40,0.4806,0.4789,0.4515,0.4562,8199,27.999,713.8,375.2,469.0,22.6,491.6,20.40,24.10,0.94154,8.522,13.08,24.93,14,2
65.067,hall_mission,9x4.5,pi5,-0.212,34.522,-1.976,0.146,0.896,-0.003,0.908,0.50,-2.89,73.44,0.4632,0.4649,0.4682,0.4704,8197,27.973,713.1,374.4,468.0,22.6,490.6,20.36,24.10,0.94150,8.529,13.11,24.93,14,2
65.119,hall_mission,9x4.5,pi5,-0.206,34.555,-1.976,0.144,0.875,-0.004,0.887,0.44,-2.66,73.47,0.4461,0.4492,0.4849,0.4857,8194,27.983,713.4,375.2,469.1,22.6,491.7,20.40,24.10,0.94145,8.536,13.08,24.93,14,2
65.167,hall_mission,9x4.5,pi5,-0.197,34.601,-1.976,0.141,0.845,-0.005,0.857,0.34,-2.34,73.46,0.4315,0.4348,0.4988,0.4999,8191,28.024,714.4,377.4,471.7,22.6,494.3,20.52,24.09,0.94140,8.543,13.01,24.93,14,2
65.219,hall_mission,9x4.5,pi5,-0.191,34.633,-1.977,0.139,0.823,-0.007,0.834,0.28,-2.14,73.36,0.4215,0.4244,0.5089,0.5087,8185,28.053,715.2,379.3,474.1,22.6,496.7,20.62,24.09,0.94135,8.550,12.94,24.93,14,2
65.267,hall_mission,9x4.5,pi5,-0.182,34.681,-1.977,0.136,0.786,-0.009,0.797,0.21,-1.88,73.03,0.4136,0.4166,0.5162,0.5161,8182,28.090,716.1,381.2,476.5,22.6,499.1,20.72,24.09,0.94131,8.557,12.88,24.93,14,2
65.319,hall_mission,9x4.5,pi5,-0.176,34.710,-1.977,0.134,0.762,-0.010,0.774,0.18,-1.71,72.67,0.4101,0.4128,0.5193,0.5195,8179,28.101,716.4,382.1,477.6,22.6,500.2,20.77,24.08,0.94126,8.564,12.85,24.93,14,2
65.367,hall_mission,9x4.5,pi5,-0.169,34.749,-1.978,0.131,0.729,-0.011,0.741,0.16,-1.48,71.90,0.4084,0.4115,0.5199,0.5211,8176,28.094,716.2,382.2,477.7,22.6,500.3,20.78,24.08,0.94121,8.570,12.84,24.93,14,2
65.419,hall_mission,9x4.5,pi5,-0.164,34.776,-1.978,0.128,0.705,-0.011,0.717,0.15,-1.35,71.23,0.4125,0.4146,0.5162,0.5171,8174,28.046,715.0,380.5,475.7,22.6,498.3,20.69,24.09,0.94116,8.578,12.90,24.93,14,2
65.467,hall_mission,9x4.5,pi5,-0.157,34.817,-1.979,0.124,0.667,-0.011,0.679,0.15,-1.16,69.99,0.4157,0.4183,0.5127,0.5134,8173,28.008,714.0,379.1,473.9,22.6,496.5,20.61,24.09,0.94111,8.584,12.94,24.93,14,2
65.519,hall_mission,9x4.5,pi5,-0.152,34.841,-1.980,0.121,0.643,-0.011,0.655,0.15,-1.06,69.02,0.4222,0.4245,0.5062,0.5069,8172,27.955,712.6,377.1,471.3,22.6,493.9,20.50,24.09,0.94107,8.591,13.01,24.93,14,2
65.567,hall_mission,9x4.5,pi5,-0.146,34.873,-1.980,0.117,0.611,-0.010,0.622,0.15,-0.91,67.40,0.4277,0.4301,0.5004,0.5020,8173,27.926,711.9,375.8,469.7,22.6,492.3,20.43,24.09,0.94102,8.598,13.06,24.93,14,2
65.615,hall_mission,9x4.5,pi5,-0.142,34.895,-1.981,0.114,0.588,-0.009,0.599,0.15,-0.83,66.21,0.4357,0.4384,0.4932,0.4935,8176,27.896,711.2,374.3,467.8,22.6,490.4,20.36,24.09,0.94097,8.604,13.10,24.93,14,2
65.667,hall_mission,9x4.5,pi5,-0.137,34.928,-1.982,0.109,0.553,-0.007,0.563,0.15,-0.72,64.33,0.4423,0.4445,0.4870,0.4880,8179,27.893,711.1,373.7,467.1,22.6,489.7,20.32,24.09,0.94093,8.612,13.12,24.93,14,2
65.719,hall_mission,9x4.5,pi5,-0.133,34.948,-1.982,0.105,0.531,-0.005,0.541,0.15,-0.66,63.02,0.4498,0.4510,0.4809,0.4811,8183,27.894,711.1,373.2,466.5,22.6,489.1,20.30,24.09,0.94088,8.619,13.14,24.93,14,2
65.767,hall_mission,9x4.5,pi5,-0.129,34.974,-1.983,0.101,0.502,-0.003,0.512,0.14,-0.57,61.00,0.4545,0.4553,0.4771,0.4769,8186,27.911,711.5,373.4,466.7,22.6,489.3,20.31,24.09,0.94083,8.625,13.13,24.93,14,2
65.819,hall_mission,9x4.5,pi5,-0.126,34.992,-1.983,0.098,0.481,-0.002,0.491,0.14,-0.52,59.64,0.4602,0.4618,0.4710,0.4718,8190,27.926,711.9,373.5,466.9,22.6,489.5,20.32,24.09,0.94078,8.632,13.13,24.93,14,2
65.867,hall_mission,9x4.5,pi5,-0.121,35.019,-1.984,0.092,0.450,-0.001,0.459,0.13,-0.46,57.60,0.4628,0.4648,0.4687,0.4692,8192,27.939,712.2,373.7,467.2,22.6,489.8,20.33,24.09,0.94074,8.639,13.12,24.93,14,2
65.919,hall_mission,9x4.5,pi5,-0.119,35.035,-1.985,0.089,0.431,0.000,0.440,0.12,-0.42,56.24,0.4676,0.4687,0.4648,0.4648,8194,27.949,712.5,373.9,467.4,22.6,490.0,20.34,24.09,0.94069,8.646,13.11,24.93,14,2
65.967,hall_mission,9x4.5,pi5,-0.116,35.056,-1.986,0.085,0.406,0.001,0.415,0.10,-0.38,54.24,0.4680,0.4694,0.4642,0.4643,8194,27.952,712.6,374.0,467.5,22.6,490.1,20.34,24.09,0.94064,8.652,13.11,24.93,14,2
66.015,hall_mission,9x4.5,pi5,-0.114,35.070,-1.987,0.082,0.389,0.002,0.397,0.08,-0.35,52.94,0.4690,0.4711,0.4629,0.4631,8195,27.957,712.7,374.1,467.6,22.6,490.2,20.35,24.09,0.94060,8.659,13.10,24.93,14,2
66.067,hall_mission,9x4.5,pi5,-0.111,35.092,-1.988,0.077,0.362,0.003,0.370,0.06,-0.32,51.02,0.4684,0.4687,0.4645,0.4647,8195,27.960,712.8,374.2,467.7,22.6,490.3,20.35,24.09,0.94055,8.666,13.10,24.93,14,2
66.119,hall_mission,9x4.5,pi5,-0.109,35.106,-1.989,0.075,0.346,0.004,0.354,0.04,-0.30,49.77,0.4677,0.4682,0.4653,0.4653,8196,27.967,713.0,374.3,467.9,22.6,490.5,20.36,24.09,0.94050,8.673,13.09,24.93,14,2
66.167,hall_mission,9x4.5,pi5,-0.106,35.123,-1.990,0.072,0.326,0.005,0.333,0.01,-0.27,47.94,0.4660,0.4661,0.4674,0.4674,8198,27.977,713.2,374.5,468.1,22.6,490.7,20.37,24.09,0.94046,8.680,13.09,24.93,14,2
66.219,hall_mission,9x4.5,pi5,-0.104,35.135,-1.990,0.070,0.311,0.005,0.319,-0.01,-0.26,46.73,0.4657,0.4665,0.4680,0.4671,8199,27.986,713.4,374.7,468.3,22.6,490.9,20.38,24.09,0.94041,8.687,13.08,24.93,14,2
66.267,hall_mission,9x4.5,pi5,-0.101,35.154,-1.990,0.067,0.289,0.006,0.297,-0.03,-0.24,44.95,0.4642,0.4645,0.4690,0.4700,8201,27.999,713.8,374.9,468.7,22.6,491.3,20.40,24.09,0.94036,8.693,13.07,24.93,14,2
66.319,hall_mission,9x4.5,pi5,-0.099,35.165,-1.990,0.065,0.276,0.006,0.283,-0.05,-0.22,43.77,0.4632,0.4641,0.4701,0.4709,8203,28.011,714.1,375.2,469.0,22.6,491.6,20.41,24.09,0.94031,8.700,13.06,24.93,14,2
66.367,hall_mission,9x4.5,pi5,-0.096,35.179,-1.990,0.063,0.258,0.006,0.266,-0.08,-0.20,42.02,0.4615,0.4622,0.4729,0.4720,8204,28.021,714.3,375.4,469.3,22.6,491.9,20.42,24.09,0.94027,8.707,13.05,24.93,14,2
66.419,hall_mission,9x4.5,pi5,-0.094,35.189,-1.990,0.061,0.246,0.006,0.253,-0.10,-0.18,40.86,0.4616,0.4630,0.4724,0.4720,8205,28.030,714.6,375.6,469.5,22.6,492.1,20.43,24.09,0.94022,8.714,13.04,24.93,14,2
66.467,hall_mission,9x4.5,pi5,-0.091,35.203,-1.990,0.059,0.227,0.006,0.234,-0.12,-0.16,39.11,0.4604,0.4616,0.4736,0.4736,8206,28.036,714.7,375.7,469.7,22.6,492.3,20.44,24.08,0.94017,8.721,13.04,24.93,14,2
66.519,hall_mission,9x4.5,pi5,-0.090,35.212,-1.990,0.057,0.215,0.005,0.223,-0.14,-0.15,37.94,0.4606,0.4611,0.4739,0.4738,8206,28.039,714.8,375.8,469.8,22.6,492.4,20.44,24.08,0.94012,8.728,13.03,24.93,14,2
66.567,hall_mission,9x4.5,pi5,-0.087,35.223,-1.990,0.055,0.200,0.005,0.208,-0.16,-0.13,36.19,0.4597,0.4597,0.4754,0.4747,8207,28.047,715.0,376.0,470.0,22.6,492.6,20.45,24.08,0.94008,8.734,13.03,24.93,14,2
66.619,hall_mission,9x4.5,pi5,-0.086,35.230,-1.989,0.053,0.190,0.005,0.197,-0.18,-0.12,35.02,0.4607,0.4608,0.4742,0.4740,8208,28.050,715.1,376.0,470.1,22.6,492.7,20.46,24.08,0.94003,8.741,13.02,24.93,14,2
66.667,hall_mission,9x4.5,pi5,-0.083,35.242,-1.989,0.050,0.173,0.004,0.181,-0.20,-0.11,33.26,0.4597,0.4605,0.4751,0.4746,8209,28.055,715.2,376.2,470.2,22.6,492.8,20.46,24.08,0.93998,8.748,13.02,24.93,14,2
66.719,hall_mission,9x4.5,pi5,-0.082,35.248,-1.989,0.049,0.164,0.004,0.171,-0.21,-0.11,32.07,0.4603,0.4607,0.4745,0.4744,8208,28.054,715.2,376.1,470.2,22.6,492.8,20.46,24.08,0.93993,8.755,13.02,24.93,14,2
66.767,hall_mission,9x4.5,pi5,-0.080,35.257,-1.989,0.046,0.150,0.003,0.157,-0.24,-0.10,30.30,0.4596,0.4600,0.4752,0.4753,8209,28.060,715.3,376.3,470.3,22.6,492.9,20.47,24.08,0.93989,8.762,13.01,24.93,14,2
66.819,hall_mission,9x4.5,pi5,-0.079,35.262,-1.989,0.044,0.142,0.003,0.148,-0.25,-0.10,29.10,0.4608,0.4616,0.4741,0.4736,8209,28.060,715.3,376.2,470.3,22.6,492.9,20.47,24.08,0.93984,8.769,13.01,24.93,14,2
66.867,hall_mission,9x4.5,pi5,-0.078,35.271,-1.988,0.042,0.128,0.002,0.134,-0.27,-0.11,27.32,0.4605,0.4609,0.4743,0.4746,8210,28.062,715.4,376.3,470.4,22.6,493.0,20.47,24.08,0.93979,8.775,13.01,24.92,14,2
66.919,hall_mission,9x4.5,pi5,-0.077,35.276,-1.988,0.040,0.120,0.002,0.126,-0.28,-0.11,26.12,0.4608,0.4616,0.4744,0.4736,8211,28.068,715.5,376.4,470.5,22.6,493.1,20.48,24.08,0.93974,8.782,13.01,24.92,14,2
66.967,hall_mission,9x4.5,pi5,-0.076,35.282,-1.988,0.038,0.109,0.001,0.115,-0.30,-0.12,24.33,0.4605,0.4606,0.4750,0.4745,8211,28.069,715.6,376.4,470.5,22.6,493.1,20.48,24.08,0.93970,8.789,13.00,24.92,14,2
67.019,hall_mission,9x4.5,pi5,-0.075,35.286,-1.987,0.037,0.101,0.001,0.108,-0.31,-0.13,23.13,0.4616,0.4623,0.4730,0.4738,8211,28.072,715.6,376.5,470.6,22.6,493.2,20.48,24.08,0.93965,8.796,13.00,24.92,14,2
67.067,hall_mission,9x4.5,pi5,-0.073,35.293,-1.987,0.035,0.090,0.000,0.097,-0.32,-0.14,21.34,0.4619,0.4611,0.4740,0.4739,8212,28.078,715.8,376.6,470.7,22.6,493.3,20.49,24.08,0.93960,8.803,13.00,24.92,14,2
67.119,hall_mission,9x4.5,pi5,-0.072,35.296,-1.986,0.034,0.084,-0.000,0.091,-0.33,-0.15,20.14,0.4619,0.4622,0.4739,0.4733,8213,28.086,716.0,376.7,470.9,22.6,493.5,20.50,24.08,0.93955,8.810,12.99,24.92,14,2
67.167,hall_mission,9x4.5,pi5,-0.071,35.301,-1.985,0.033,0.076,-0.001,0.082,-0.35,-0.17,18.34,0.4616,0.4610,0.4747,0.4743,8214,28.095,716.2,376.9,471.2,22.6,493.8,20.51,24.08,0.93951,8.816,12.98,24.92,14,2
67.219,hall_mission,9x4.5,pi5,-0.070,35.305,-1.985,0.032,0.070,-0.001,0.077,-0.35,-0.17,17.15,0.4625,0.4628,0.4735,0.4730,8215,28.099,716.3,377.0,471.2,22.6,493.8,20.51,24.08,0.93946,8.824,12.98,24.92,14,2
67.267,hall_mission,9x4.5,pi5,-0.069,35.309,-1.984,0.031,0.061,-0.002,0.068,-0.37,-0.19,15.35,0.4621,0.4619,0.4739,0.4740,8216,28.104,716.5,377.1,471.4,22.6,494.0,20.52,24.08,0.93941,8.830,12.97,24.92,14,2
67.319,hall_mission,9x4.5,pi5,-0.068,35.312,-1.984,0.030,0.055,-0.003,0.063,-0.38,-0.19,14.16,0.4625,0.4622,0.4735,0.4737,8216,28.104,716.4,377.1,471.4,22.6,494.0,20.52,24.08,0.93936,8.837,12.97,24.92,14,2
67.367,hall_mission,9x4.5,pi5,-0.067,35.314,-1.983,0.029,0.047,-0.004,0.056,-0.39,-0.20,12.37,0.4610,0.4620,0.4749,0.4742,8216,28.108,716.6,377.2,471.5,22.6,494.1,20.52,24.07,0.93932,8.844,12.97,24.92,14,2
67.419,hall_mission,9x4.5,pi5,-0.066,35.316,-1.982,0.029,0.042,-0.005,0.051,-0.40,-0.21,11.18,0.4624,0.4630,0.4729,0.4738,8217,28.108,716.6,377.2,471.5,22.6,494.1,20.52,24.07,0.93927,8.851,12.97,24.92,14,2
67.467,hall_mission,9x4.5,pi5,-0.065,35.318,-1.982,0.027,0.033,-0.006,0.043,-0.40,-0.22,9.38,0.4619,0.4621,0.4741,0.4741,8217,28.112,716.6,377.3,471.6,22.6,494.2,20.53,24.07,0.93922,8.858,12.96,24.92,14,2
67.519,hall_mission,9x4.5,pi5,-0.064,35.319,-1.981,0.027,0.028,-0.006,0.039,-0.40,-0.23,8.19,0.4639,0.4635,0.4726,0.4722,8217,28.109,716.6,377.2,471.5,22.6,494.1,20.52,24.07,0.93917,8.865,12.97,24.92,14,2
67.567,hall_mission,9x4.5,pi5,-0.063,35.320,-1.981,0.026,0.021,-0.007,0.034,-0.40,-0.24,6.41,0.4626,0.4629,0.4737,0.4729,8217,28.109,716.6,377.2,471.5,22.6,494.1,20.52,24.07,0.93913,8.871,12.96,24.92,14,2
67.619,hall_mission,9x4.5,pi5,-0.063,35.320,-1.981,0.025,0.017,-0.008,0.031,-0.39,-0.25,5.22,0.4637,0.4626,0.4733,0.4726,8216,28.106,716.5,377.1,471.4,22.6,494.0,20.52,24.07,0.93908,8.879,12.97,24.92,14,2
67.667,hall_mission,9x4.5,pi5,-0.062,35.321,-1.980,0.024,0.010,-0.009,0.027,-0.38,-0.27,3.44,0.4615,0.4620,0.4743,0.4742,8216,28.103,716.4,377.1,471.4,22.6,494.0,20.52,24.07,0.93903,8.885,12.97,24.92,14,2
67.719,hall_mission,9x4.5,pi5,-0.061,35.321,-1.980,0.023,0.007,-0.009,0.026,-0.37,-0.28,2.26,0.4613,0.4619,0.4743,0.4745,8216,28.105,716.5,377.1,471.4,22.6,494.0,20.52,24.07,0.93898,8.892,12.96,24.92,14,2
67.767,hall_mission,9x4.5,pi5,-0.060,35.321,-1.980,0.022,0.002,-0.010,0.024,-0.36,-0.30,0.48,0.4606,0.4604,0.4757,0.4754,8216,28.108,716.6,377.2,471.5,22.6,494.1,20.53,24.07,0.93894,8.899,12.96,24.92,14,2
67.819,hall_mission,9x4.5,pi5,-0.059,35.321,-1.980,0.022,-0.002,-0.010,0.024,-0.35,-0.30,-0.71,0.4615,0.4619,0.4745,0.4743,8217,28.110,716.6,377.2,471.6,22.6,494.2,20.53,24.07,0.93889,8.906,12.96,24.92,14,2
67.867,hall_mission,9x4.5,pi5,-0.058,35.321,-1.979,0.021,-0.007,-0.010,0.025,-0.34,-0.32,-2.50,0.4613,0.4609,0.4749,0.4753,8217,28.113,716.7,377.3,471.7,22.6,494.3,20.53,24.07,0.93884,8.913,12.95,24.92,14,2
67.919,hall_mission,9x4.5,pi5,-0.057,35.321,-1.979,0.021,-0.009,-0.011,0.025,-0.33,-0.33,-3.69,0.4613,0.4618,0.4746,0.4746,8217,28.110,716.6,377.2,471.6,22.6,494.2,20.53,24.07,0.93879,8.920,12.96,24.92,14,2
67.967,hall_mission,9x4.5,pi5,-0.056,35.320,-1.979,0.021,-0.013,-0.011,0.027,-0.32,-0.34,-5.49,0.4606,0.4610,0.4754,0.4752,8217,28.111,716.6,377.3,471.6,22.6,494.2,20.53,24.07,0.93875,8.926,12.95,24.92,14,2
68.019,hall_mission,9x4.5,pi5,-0.055,35.320,-1.979,0.021,-0.015,-0.011,0.028,-0.31,-0.35,-6.68,0.4622,0.4623,0.4737,0.4743,8218,28.116,716.8,377.3,471.7,22.6,494.3,20.54,24.07,0.93870,8.933,12.95,24.92,14,2
68.067,hall_mission,9x4.5,pi5,-0.053,35.320,-1.978,0.020,-0.017,-0.011,0.029,-0.31,-0.35,-8.49,0.4616,0.4620,0.4748,0.4745,8219,28.128,717.1,377.6,472.0,22.6,494.6,20.55,24.07,0.93865,8.940,12.94,24.92,14,2
68.119,hall_mission,9x4.5,pi5,-0.052,35.319,-1.978,0.020,-0.019,-0.012,0.030,-0.30,-0.36,-9.69,0.4619,0.4630,0.4742,0.4745,8222,28.143,717.5,377.9,472.4,22.6,495.0,20.57,24.07,0.93860,8.947,12.93,24.92,14,2
68.167,hall_mission,9x4.5,pi5,-0.050,35.319,-1.977,0.020,-0.021,-0.012,0.031,-0.30,-0.36,-11.49,0.4619,0.4617,0.4754,0.4749,8223,28.153,717.7,378.1,472.6,22.6,495.2,20.58,24.07,0.93856,8.954,12.92,24.92,14,2
68.219,hall_mission,9x4.5,pi5,-0.049,35.318,-1.977,0.020,-0.023,-0.012,0.033,-0.30,-0.37,-12.69,0.4631,0.4632,0.4738,0.4739,8223,28.155,717.7,378.1,472.6,22.6,495.2,20.58,24.07,0.93851,8.961,12.92,24.92,14,2
68.267,hall_mission,9x4.5,pi5,-0.047,35.317,-1.976,0.019,-0.026,-0.013,0.034,-0.30,-0.37,-14.50,0.4620,0.4631,0.4741,0.4747,8223,28.152,717.7,378.1,472.6,22.6,495.2,20.58,24.07,0.93846,8.968,12.92,24.92,14,2
68.319,hall_mission,9x4.5,pi5,-0.046,35.316,-1.976,0.018,-0.027,-0.014,0.035,-0.30,-0.37,-15.70,0.4628,0.4630,0.4739,0.4740,8222,28.148,717.6,378.0,472.5,22.6,495.1,20.57,24.07,0.93841,8.975,12.92,24.92,14,2
68.327,hall_mission,9x4.5,pi5,-0.046,35.316,-1.976,0.018,-0.028,-0.014,0.036,-0.30,-0.38,-16.30,0.4625,0.4626,0.4745,0.4742,8222,28.148,717.6,378.0,472.5,22.6,495.1,20.57,24.07,0.93840,8.976,12.92,24.92,14,2
68.379,hall_mission,9x4.5,pi5,-0.045,35.314,-1.976,0.018,-0.029,-0.015,0.037,-0.30,-0.38,-17.50,0.4572,0.4580,0.4787,0.4792,8220,28.140,717.4,378.0,472.5,22.6,495.1,20.57,24.07,0.93836,8.983,12.92,24.92,14,2
68.427,hall_mission,9x4.5,pi5,-0.044,35.312,-1.977,0.017,-0.032,-0.016,0.040,-0.29,-0.39,-19.31,0.4501,0.4505,0.4863,0.4851,8216,28.129,717.1,378.1,472.6,22.6,495.2,20.58,24.06,0.93831,8.990,12.92,24.92,14,2
68.479,hall_mission,9x4.5,pi5,-0.043,35.310,-1.977,0.016,-0.034,-0.017,0.041,-0.29,-0.39,-20.55,0.4446,0.4443,0.4911,0.4903,8210,28.107,716.5,378.0,472.5,22.6,495.1,20.58,24.06,0.93826,8.997,12.92,24.92,14,2
68.527,hall_mission,9x4.5,pi5,-0.042,35.307,-1.979,0.015,-0.037,-0.018,0.044,-0.28,-0.40,-22.48,0.4451,0.4452,0.4892,0.4897,8206,28.076,715.7,377.3,471.7,22.6,494.3,20.54,24.07,0.93821,9.003,12.94,24.92,14,2
68.579,hall_mission,9x4.5,pi5,-0.041,35.305,-1.980,0.014,-0.039,-0.018,0.045,-0.26,-0.40,-23.81,0.4468,0.4462,0.4879,0.4876,8203,28.053,715.1,376.8,471.0,22.6,493.6,20.51,24.07,0.93817,9.010,12.96,24.92,14,2
68.627,hall_mission,9x4.5,pi5,-0.040,35.301,-1.981,0.014,-0.042,-0.017,0.047,-0.24,-0.41,-25.88,0.4506,0.4503,0.4833,0.4836,8201,28.023,714.4,375.9,469.9,22.6,492.5,20.46,24.07,0.93812,9.017,12.99,24.92,14,2
68.679,hall_mission,9x4.5,pi5,-0.039,35.298,-1.983,0.014,-0.044,-0.017,0.049,-0.22,-0.41,-27.29,0.4539,0.4538,0.4801,0.4797,8200,28.004,713.9,375.3,469.2,22.6,491.8,20.43,24.07,0.93807,9.024,13.00,24.92,14,2
68.727,hall_mission,9x4.5,pi5,-0.037,35.294,-1.984,0.013,-0.046,-0.016,0.050,-0.20,-0.40,-29.45,0.4591,0.4598,0.4742,0.4739,8198,27.983,713.4,374.7,468.4,22.6,491.0,20.40,24.07,0.93803,9.031,13.02,24.92,14,2
68.779,hall_mission,9x4.5,pi5,-0.036,35.291,-1.985,0.013,-0.048,-0.015,0.052,-0.18,-0.40,-30.89,0.4623,0.4631,0.4706,0.4706,8197,27.970,713.0,374.4,468.0,22.6,490.6,20.38,24.07,0.93798,9.038,13.03,24.92,14,2
68.827,hall_mission,9x4.5,pi5,-0.034,35.286,-1.987,0.013,-0.050,-0.013,0.053,-0.15,-0.39,-33.04,0.4662,0.4665,0.4669,0.4668,8196,27.965,712.9,374.3,467.8,22.6,490.4,20.38,24.07,0.93793,9.044,13.04,24.91,14,2
68.879,hall_mission,9x4.5,pi5,-0.032,35.282,-1.988,0.013,-0.051,-0.012,0.054,-0.13,-0.38,-34.46,0.4681,0.4678,0.4656,0.4652,8197,27.971,713.1,374.4,468.0,22.6,490.6,20.38,24.07,0.93788,9.051,13.03,24.91,14,2
68.927,hall_mission,9x4.5,pi5,-0.030,35.277,-1.989,0.014,-0.052,-0.010,0.055,-0.10,-0.36,-36.56,0.4711,0.4709,0.4625,0.4627,8199,27.985,713.4,374.7,468.3,22.6,490.9,20.40,24.07,0.93784,9.058,13.02,24.91,14,2
68.979,hall_mission,9x4.5,pi5,-0.028,35.274,-1.990,0.014,-0.053,-0.009,0.056,-0.08,-0.34,-37.92,0.4713,0.4708,0.4626,0.4630,8200,27.996,713.7,374.9,468.6,22.6,491.2,20.41,24.07,0.93779,9.065,13.01,24.91,14,2
69.027,hall_mission,9x4.5,pi5,-0.025,35.269,-1.991,0.014,-0.054,-0.007,0.056,-0.06,-0.31,-39.92,0.4719,0.4715,0.4624,0.4623,8202,28.008,714.0,375.2,468.9,22.6,491.5,20.43,24.06,0.93774,9.072,13.00,24.91,14,2
69.079,hall_mission,9x4.5,pi5,-0.024,35.266,-1.991,0.014,-0.054,-0.006,0.056,-0.04,-0.29,-41.22,0.4698,0.4705,0.4641,0.4641,8204,28.018,714.3,375.3,469.2,22.6,491.8,20.44,24.06,0.93769,9.079,13.00,24.91,14,2
69.127,hall_mission,9x4.5,pi5,-0.021,35.262,-1.992,0.014,-0.053,-0.005,0.056,-0.03,-0.26,-43.13,0.4709,0.4706,0.4638,0.4637,8205,28.027,714.5,375.5,469.4,22.6,492.0,20.45,24.06,0.93765,9.085,12.99,24.91,14,2
69.179,hall_mission,9x4.5,pi5,-0.020,35.260,-1.992,0.014,-0.053,-0.005,0.055,-0.03,-0.24,-44.37,0.4688,0.4687,0.4660,0.4660,8207,28.038,714.8,375.7,469.7,22.6,492.3,20.46,24.06,0.93760,9.092,12.98,24.91,14,2
69.227,hall_mission,9x4.5,pi5,-0.017,35.256,-1.992,0.014,-0.051,-0.004,0.053,-0.02,-0.21,-46.20,0.4677,0.4681,0.4670,0.4670,8208,28.048,715.0,375.9,469.9,22.6,492.5,20.47,24.06,0.93755,9.099,12.97,24.91,14,2
69.279,hall_mission,9x4.5,pi5,-0.016,35.254,-1.992,0.013,-0.050,-0.004,0.052,-0.02,-0.20,-47.40,0.4653,0.4655,0.4694,0.4697,8208,28.050,715.1,376.0,470.0,22.6,492.6,20.47,24.06,0.93750,9.106,12.97,24.91,14,2
69.327,hall_mission,9x4.5,pi5,-0.014,35.251,-1.992,0.013,-0.049,-0.004,0.050,-0.03,-0.18,-49.18,0.4652,0.4658,0.4692,0.4698,8209,28.054,715.2,376.0,470.1,22.6,492.7,20.48,24.06,0.93746,9.113,12.97,24.91,14,2
69.379,hall_mission,9x4.5,pi5,-0.013,35.249,-1.993,0.012,-0.047,-0.004,0.049,-0.03,-0.18,-50.35,0.4631,0.4636,0.4716,0.4717,8209,28.054,715.2,376.1,470.1,22.6,492.7,20.48,24.06,0.93741,9.120,12.96,24.91,14,2
69.427,hall_mission,9x4.5,pi5,-0.010,35.247,-1.993,0.011,-0.046,-0.004,0.047,-0.04,-0.17,-52.10,0.4630,0.4624,0.4718,0.4725,8208,28.048,715.0,376.0,470.0,22.6,492.6,20.47,24.06,0.93736,9.126,12.97,24.91,14,2
69.479,hall_mission,9x4.5,pi5,-0.009,35.245,-1.993,0.011,-0.044,-0.004,0.046,-0.05,-0.17,-53.27,0.4606,0.4608,0.4737,0.4745,8207,28.046,715.0,376.0,470.0,22.6,492.6,20.47,24.06,0.93731,9.133,12.97,24.91,14,2
69.527,hall_mission,9x4.5,pi5,-0.007,35.243,-1.994,0.011,-0.043,-0.004,0.045,-0.06,-0.17,-55.01,0.4612,0.4616,0.4732,0.4734,8207,28.042,714.9,375.9,469.8,22.6,492.4,20.47,24.06,0.93727,9.140,12.97,24.91,14,2
69.579,hall_mission,9x4.5,pi5,-0.005,35.241,-1.994,0.010,-0.042,-0.003,0.044,-0.07,-0.18,-56.18,0.4599,0.4603,0.4748,0.4746,8207,28.047,715.0,376.0,470.0,22.6,492.6,20.47,24.06,0.93722,9.147,12.96,24.91,14,2
69.627,hall_mission,9x4.5,pi5,-0.002,35.238,-1.994,0.010,-0.041,-0.003,0.042,-0.09,-0.18,-57.94,0.4602,0.4607,0.4747,0.4743,8208,28.054,715.2,376.1,470.1,22.6,492.7,20.48,24.06,0.93717,9.154,12.96,24.91,14,2
69.679,hall_mission,9x4.5,pi5,-0.001,35.237,-1.994,0.009,-0.040,-0.003,0.041,-0.10,-0.18,-59.12,0.4594,0.4594,0.4764,0.4749,8209,28.062,715.4,376.3,470.4,22.6,493.0,20.49,24.06,0.93712,9.161,12.95,24.91,14,2
69.727,hall_mission,9x4.5,pi5,0.001,35.235,-1.994,0.009,-0.040,-0.002,0.041,-0.11,-0.19,-60.90,0.4603,0.4614,0.4740,0.4745,8210,28.063,715.4,376.3,470.4,22.6,493.0,20.49,24.06,0.93708,9.167,12.95,24.91,14,2
69.779,hall_mission,9x4.5,pi5,0.003,35.233,-1.994,0.008,-0.039,-0.002,0.040,-0.13,-0.19,-62.08,0.4606,0.4598,0.4753,0.4747,8210,28.065,715.5,376.4,470.5,22.6,493.1,20.50,24.06,0.93703,9.174,12.95,24.91,14,2
69.827,hall_mission,9x4.5,pi5,0.005,35.231,-1.994,0.007,-0.038,-0.002,0.039,-0.14,-0.20,-63.87,0.4610,0.4607,0.4743,0.4742,8210,28.063,715.4,376.3,470.4,22.6,493.0,20.49,24.06,0.93698,9.181,12.95,24.91,14,2
69.879,hall_mission,9x4.5,pi5,0.006,35.230,-1.995,0.006,-0.037,-0.002,0.038,-0.15,-0.20,-65.07,0.4601,0.4599,0.4750,0.4751,8209,28.060,715.3,376.3,470.3,22.6,492.9,20.49,24.06,0.93693,9.188,12.95,24.91,14,2
69.927,hall_mission,9x4.5,pi5,0.008,35.229,-1.995,0.006,-0.036,-0.002,0.037,-0.16,-0.21,-66.87,0.4619,0.4612,0.4734,0.4733,8208,28.051,715.1,376.0,470.1,22.6,492.7,20.48,24.06,0.93689,9.195,12.95,24.91,14,2
69.979,hall_mission,9x4.5,pi5,0.009,35.228,-1.996,0.005,-0.036,-0.002,0.036,-0.17,-0.22,-68.08,0.4606,0.4612,0.4736,0.4742,8207,28.044,714.9,375.9,469.9,22.6,492.5,20.47,24.06,0.93684,9.202,12.96,24.91,14,2
70.027,hall_mission,9x4.5,pi5,0.010,35.226,-1.996,0.003,-0.035,-0.002,0.035,-0.18,-0.24,-69.88,0.4616,0.4615,0.4731,0.4732,8207,28.041,714.8,375.8,469.8,22.6,492.4,20.47,24.06,0.93679,9.208,12.96,24.91,14,2
70.079,hall_mission,9x4.5,pi5,0.010,35.226,-1.996,0.002,-0.034,-0.002,0.035,-0.18,-0.25,-71.09,0.4607,0.4607,0.4743,0.4737,8207,28.043,714.9,375.9,469.9,22.6,492.5,20.47,24.05,0.93674,9.215,12.96,24.91,14,2
70.127,hall_mission,9x4.5,pi5,0.011,35.224,-1.997,0.001,-0.034,-0.001,0.034,-0.18,-0.27,-72.90,0.4621,0.4625,0.4721,0.4728,8207,28.044,714.9,375.9,469.9,22.6,492.5,20.47,24.05,0.93670,9.222,12.95,24.91,14,2
70.179,hall_mission,9x4.5,pi5,0.011,35.223,-1.997,0.000,-0.034,-0.001,0.034,-0.18,-0.28,-74.11,0.4618,0.4616,0.4735,0.4731,8209,28.055,715.2,376.1,470.1,22.6,492.7,20.48,24.05,0.93665,9.229,12.95,24.91,14,2
70.227,hall_mission,9x4.5,pi5,0.012,35.222,-1.996,-0.001,-0.033,-0.001,0.033,-0.18,-0.30,-75.92,0.4621,0.4627,0.4727,0.4730,8210,28.066,715.5,376.3,470.4,22.6,493.0,20.50,24.05,0.93660,9.236,12.94,24.91,14,2
70.279,hall_mission,9x4.5,pi5,0.012,35.221,-1.996,-0.002,-0.033,-0.001,0.033,-0.18,-0.31,-77.13,0.4614,0.4617,0.4738,0.4739,8212,28.078,715.8,376.6,470.7,22.6,493.3,20.51,24.05,0.93655,9.243,12.93,24.91,14,2
70.327,hall_mission,9x4.5,pi5,0.012,35.219,-1.996,-0.002,-0.033,-0.001,0.033,-0.17,-0.33,-78.94,0.4628,0.4635,0.4725,0.4725,8213,28.086,716.0,376.7,470.9,22.6,493.5,20.52,24.05,0.93651,9.249,12.92,24.91,14,2
70.379,hall_mission,9x4.5,pi5,0.012,35.218,-1.995,-0.003,-0.033,-0.001,0.033,-0.16,-0.35,-80.15,0.4623,0.4624,0.4734,0.4735,8214,28.093,716.2,376.9,471.1,22.6,493.7,20.53,24.05,0.93646,9.257,12.92,24.91,14,2
70.427,hall_mission,9x4.5,pi5,0.012,35.216,-1.995,-0.004,-0.033,-0.001,0.034,-0.15,-0.36,-81.96,0.4627,0.4629,0.4735,0.4727,8215,28.099,716.3,377.0,471.2,22.6,493.8,20.53,24.05,0.93641,9.263,12.91,24.91,14,2
70.479,hall_mission,9x4.5,pi5,0.012,35.215,-1.994,-0.005,-0.034,-0.001,0.034,-0.15,-0.37,-83.16,0.4620,0.4617,0.4741,0.4743,8217,28.110,716.6,377.2,471.5,22.6,494.1,20.55,24.05,0.93636,9.270,12.90,24.91,14,2
70.523,hall_mission,9x4.5,pi5,0.011,35.213,-1.993,-0.006,-0.034,-0.001,0.035,-0.13,-0.38,-84.36,0.4629,0.4638,0.4731,0.4728,8219,28.121,716.9,377.4,471.8,22.6,494.4,20.56,24.05,0.93632,9.276,12.89,24.91,14,2
70.571,hall_mission,9x4.5,pi5,0.011,35.211,-1.993,-0.007,-0.035,-0.002,0.036,-0.12,-0.39,-86.17,0.4624,0.4625,0.4743,0.4740,8220,28.131,717.2,377.7,472.1,22.6,494.7,20.57,24.05,0.93628,9.283,12.89,24.91,14,2
70.623,hall_mission,9x4.5,pi5,0.010,35.210,-1.992,-0.007,-0.035,-0.002,0.036,-0.10,-0.40,-87.37,0.4640,0.4627,0.4737,0.4732,8222,28.143,717.4,377.9,472.3,22.6,494.9,20.58,24.05,0.93623,9.290,12.88,24.91,14,2
70.671,hall_mission,9x4.5,pi5,0.009,35.207,-1.990,-0.008,-0.036,-0.003,0.037,-0.08,-0.40,-89.17,0.4617,0.4623,0.4747,0.4753,8223,28.153,717.7,378.1,472.6,22.6,495.2,20.59,24.05,0.93618,9.297,12.87,24.91,14,2
70.723,hall_mission,9x4.5,pi5,0.009,35.205,-1.990,-0.009,-0.036,-0.004,0.038,-0.07,-0.40,-90.37,0.4620,0.4627,0.4748,0.4746,8224,28.160,717.9,378.2,472.8,22.6,495.4,20.60,24.05,0.93613,9.304,12.86,24.91,14,2
70.771,hall_mission,9x4.5,pi5,0.008,35.203,-1.989,-0.009,-0.037,-0.005,0.038,-0.04,-0.40,-92.18,0.4614,0.4610,0.4762,0.4757,8224,28.164,718.0,378.4,472.9,22.6,495.5,20.61,24.05,0.93609,9.310,12.86,24.91,14,2
70.823,hall_mission,9x4.5,pi5,0.007,35.201,-1.988,-0.009,-0.037,-0.005,0.039,-0.03,-0.39,-93.38,0.4625,0.4630,0.4741,0.4745,8224,28.159,717.8,378.2,472.8,22.6,495.4,20.60,24.05,0.93604,9.318,12.86,24.91,14,2
70.871,hall_mission,9x4.5,pi5,0.006,35.198,-1.987,-0.010,-0.038,-0.007,0.039,-0.00,-0.39,-95.20,0.4620,0.4619,0.4749,0.4750,8223,28.153,717.7,378.1,472.6,22.6,495.2,20.60,24.04,0.93599,9.324,12.86,24.90,14,2
70.923,hall_mission,9x4.5,pi5,0.006,35.196,-1.987,-0.010,-0.038,-0.007,0.040,0.01,-0.38,-96.41,0.4623,0.4630,0.4739,0.4742,8221,28.139,717.3,377.8,472.3,22.6,494.9,20.58,24.04,0.93594,9.331,12.87,24.90,14,2
70.971,hall_mission,9x4.5,pi5,0.005,35.194,-1.987,-0.010,-0.038,-0.008,0.040,0.04,-0.37,-98.23,0.4614,0.4618,0.4749,0.4748,8219,28.129,717.1,377.6,472.0,22.6,494.6,20.57,24.04,0.93590,9.338,12.88,24.90,14,2
71.023,hall_mission,9x4.5,pi5,0.004,35.192,-1.988,-0.010,-0.038,-0.009,0.041,0.05,-0.37,-99.45,0.4633,0.4630,0.4733,0.4727,8217,28.110,716.6,377.2,471.5,22.6,494.1,20.55,24.05,0.93585,9.345,12.89,24.90,14,2
71.071,hall_mission,9x4.5,pi5,0.004,35.188,-1.988,-0.009,-0.039,-0.009,0.041,0.07,-0.36,-101.27,0.4621,0.4623,0.4736,0.4738,8215,28.100,716.4,377.0,471.3,22.6,493.9,20.54,24.04,0.93580,9.352,12.90,24.90,14,2
71.123,hall_mission,9x4.5,pi5,0.005,35.186,-1.988,-0.008,-0.039,-0.009,0.041,0.08,-0.35,-102.48,0.4624,0.4633,0.4729,0.4729,8215,28.094,716.2,376.9,471.1,22.6,493.7,20.53,24.04,0.93575,9.359,12.90,24.90,14,2
71.171,hall_mission,9x4.5,pi5,0.006,35.183,-1.989,-0.007,-0.039,-0.009,0.040,0.10,-0.34,-104.31,0.4619,0.4619,0.4742,0.4736,8215,28.096,716.3,377.0,471.2,22.6,493.8,20.54,24.04,0.93571,9.365,12.90,24.90,14,2
71.223,hall_mission,9x4.5,pi5,0.007,35.181,-1.989,-0.006,-0.039,-0.009,0.040,0.10,-0.33,-105.52,0.4635,0.4635,0.4716,0.4731,8215,28.098,716.3,377.0,471.2,22.6,493.8,20.54,24.04,0.93566,9.373,12.90,24.90,14,2
71.271,hall_mission,9x4.5,pi5,0.008,35.178,-1.989,-0.003,-0.039,-0.008,0.040,0.10,-0.32,-107.35,0.4625,0.4628,0.4730,0.4733,8215,28.094,716.2,376.9,471.1,22.6,493.7,20.53,24.04,0.93561,9.379,12.90,24.90,14,2
71.323,hall_mission,9x4.5,pi5,0.009,35.175,-1.990,-0.002,-0.039,-0.008,0.040,0.09,-0.31,-108.56,0.4633,0.4631,0.4725,0.4725,8214,28.087,716.0,376.7,470.9,22.6,493.5,20.53,24.04,0.93556,9.386,12.90,24.90,14,2
71.371,hall_mission,9x4.5,pi5,0.011,35.172,-1.991,-0.000,-0.039,-0.008,0.039,0.08,-0.31,-110.38,0.4619,0.4619,0.4736,0.4735,8212,28.079,715.8,376.6,470.7,22.6,493.3,20.52,24.04,0.93552,9.393,12.90,24.90,14,2
71.423,hall_mission,9x4.5,pi5,0.012,35.170,-1.991,0.001,-0.038,-0.008,0.039,0.06,-0.30,-111.59,0.4629,0.4638,0.4719,0.4722,8211,28.072,715.6,376.4,470.5,22.6,493.1,20.51,24.04,0.93547,9.400,12.91,24.90,14,2
71.471,hall_mission,9x4.5,pi5,0.014,35.166,-1.992,0.002,-0.038,-0.007,0.039,0.04,-0.30,-113.40,0.4624,0.4622,0.4725,0.4735,8211,28.070,715.6,376.4,470.5,22.6,493.1,20.51,24.04,0.93542,9.407,12.91,24.90,14,2
71.523,hall_mission,9x4.5,pi5,0.015,35.164,-1.992,0.002,-0.038,-0.007,0.039,0.03,-0.30,-114.60,0.4631,0.4624,0.4724,0.4727,8211,28.072,715.6,376.5,470.6,22.6,493.2,20.51,24.04,0.93537,9.414,12.91,24.90,14,2
71.571,hall_mission,9x4.5,pi5,0.017,35.160,-1.993,0.003,-0.038,-0.006,0.039,0.01,-0.30,-116.41,0.4617,0.4615,0.4739,0.4736,8211,28.072,715.6,376.5,470.6,22.6,493.2,20.51,24.04,0.93533,9.420,12.90,24.90,14,2
71.615,hall_mission,9x4.5,pi5,0.017,35.158,-1.993,0.003,-0.038,-0.006,0.039,-0.01,-0.30,-117.61,0.4628,0.4634,0.4719,0.4724,8211,28.066,715.5,376.3,470.4,22.6,493.0,20.51,24.04,0.93528,9.426,12.91,24.90,14,2
71.667,hall_mission,9x4.5,pi5,0.018,35.153,-1.994,0.002,-0.038,-0.006,0.038,-0.03,-0.30,-119.41,0.4617,0.4619,0.4731,0.4736,8210,28.063,715.4,376.3,470.4,22.6,493.0,20.50,24.04,0.93523,9.433,12.91,24.90,14,2
71.719,hall_mission,9x4.5,pi5,0.018,35.151,-1.994,0.002,-0.038,-0.005,0.038,-0.04,-0.30,-120.61,0.4613,0.4611,0.4739,0.4741,8210,28.065,715.5,376.3,470.4,22.6,493.0,20.51,24.04,0.93519,9.440,12.91,24.90,14,2
71.767,hall_mission,9x4.5,pi5,0.018,35.147,-1.995,0.001,-0.038,-0.005,0.038,-0.05,-0.29,-122.41,0.4600,0.4596,0.4754,0.4754,8210,28.068,715.5,376.4,470.5,22.6,493.1,20.51,24.04,0.93514,9.447,12.90,24.90,14,2
71.815,hall_mission,9x4.5,pi5,0.018,35.144,-1.995,0.001,-0.037,-0.005,0.038,-0.05,-0.28,-123.62,0.4610,0.4610,0.4742,0.4741,8210,28.064,715.4,376.3,470.4,22.6,493.0,20.51,24.04,0.93509,9.454,12.90,24.90,14,2
71.867,hall_mission,9x4.5,pi5,0.018,35.140,-1.996,-0.000,-0.037,-0.004,0.037,-0.07,-0.27,-125.43,0.4602,0.4602,0.4751,0.4747,8210,28.062,715.4,376.3,470.4,22.6,493.0,20.51,24.04,0.93504,9.461,12.90,24.90,14,2
71.915,hall_mission,9x4.5,pi5,0.018,35.137,-1.996,-0.001,-0.037,-0.004,0.037,-0.07,-0.26,-126.65,0.4609,0.4610,0.4742,0.4740,8209,28.058,715.3,376.2,470.3,22.6,492.9,20.50,24.04,0.93500,9.467,12.91,24.90,14,2
71.967,hall_mission,9x4.5,pi5,0.017,35.134,-1.997,-0.001,-0.036,-0.003,0.036,-0.07,-0.25,-128.47,0.4603,0.4604,0.4749,0.4745,8209,28.059,715.3,376.2,470.3,22.6,492.9,20.50,24.04,0.93495,9.474,12.90,24.90,14,2
72.015,hall_mission,9x4.5,pi5,0.017,35.132,-1.997,-0.002,-0.035,-0.003,0.035,-0.08,-0.24,-129.69,0.4622,0.4621,0.4730,0.4728,8209,28.058,715.3,376.2,470.2,22.6,492.8,20.50,24.04,0.93490,9.481,12.91,24.90,14,2
72.067,hall_mission,9x4.5,pi5,0.016,35.128,-1.997,-0.003,-0.033,-0.003,0.033,-0.08,-0.23,-131.52,0.4613,0.4619,0.4737,0.4731,8209,28.057,715.3,376.2,470.2,22.6,492.8,20.50,24.04,0.93485,9.488,12.90,24.90,14,2
72.115,hall_mission,9x4.5,pi5,0.015,35.127,-1.998,-0.003,-0.032,-0.002,0.032,-0.08,-0.22,-132.75,0.4625,0.4624,0.4725,0.4726,8209,28.057,715.3,376.2,470.2,22.6,492.8,20.50,24.04,0.93481,9.495,12.90,24.90,14,2
72.159,hall_mission,9x4.5,pi5,0.015,35.125,-1.998,-0.003,-0.030,-0.002,0.031,-0.07,-0.21,-133.97,0.4611,0.4621,0.4736,0.4736,8210,28.065,715.5,376.3,470.4,22.6,493.0,20.51,24.04,0.93477,9.501,12.90,24.90,14,2
72.211,hall_mission,9x4.5,pi5,0.014,35.124,-1.998,-0.004,-0.028,-0.002,0.028,-0.06,-0.20,-135.80,0.4623,0.4621,0.4733,0.4729,8211,28.070,715.6,376.4,470.5,22.6,493.1,20.52,24.04,0.93472,9.508,12.89,24.90,14,2
72.259,hall_mission,9x4.5,pi5,0.013,35.123,-1.998,-0.003,-0.026,-0.001,0.027,-0.05,-0.20,-137.02,0.4607,0.4618,0.4741,0.4743,8212,28.077,715.8,376.6,470.7,22.6,493.3,20.52,24.04,0.93467,9.514,12.89,24.90,14,2
72.311,hall_mission,9x4.5,pi5,0.013,35.122,-1.998,-0.003,-0.024,-0.002,0.024,-0.04,-0.20,-138.85,0.4626,0.4631,0.4726,0.4724,8212,28.074,715.7,376.5,470.6,22.6,493.2,20.52,24.04,0.93462,9.522,12.89,24.90,14,2
72.359,hall_mission,9x4.5,pi5,0.013,35.122,-1.998,-0.003,-0.022,-0.002,0.022,-0.03,-0.20,-140.07,0.4622,0.4620,0.4736,0.4729,8212,28.075,715.7,376.5,470.7,22.6,493.3,20.52,24.04,0.93458,9.528,12.89,24.90,14,2
72.411,hall_mission,9x4.5,pi5,0.012,35.121,-1.997,-0.002,-0.020,-0.001,0.020,-0.01,-0.21,-141.90,0.4629,0.4631,0.4725,0.4728,8213,28.084,715.9,376.7,470.8,22.6,493.4,20.53,24.03,0.93453,9.535,12.88,24.90,14,2
72.459,hall_mission,9x4.5,pi5,0.011,35.121,-1.997,-0.002,-0.019,-0.001,0.019,0.01,-0.22,-143.12,0.4616,0.4623,0.4737,0.4737,8213,28.087,716.0,376.8,471.0,22.6,493.6,20.54,24.03,0.93448,9.542,12.88,24.90,14,2
72.511,hall_mission,9x4.5,pi5,0.010,35.121,-1.997,-0.002,-0.017,-0.001,0.018,0.04,-0.22,-144.94,0.4639,0.4632,0.4720,0.4722,8214,28.088,716.0,376.8,470.9,22.6,493.5,20.54,24.03,0.93443,9.549,12.88,24.90,14,2
72.559,hall_mission,9x4.5,pi5,0.009,35.121,-1.997,-0.002,-0.017,-0.001,0.017,0.05,-0.23,-146.16,0.4623,0.4630,0.4731,0.4730,8214,28.091,716.1,376.8,471.0,22.6,493.6,20.54,24.03,0.93439,9.556,12.87,24.90,14,2
72.611,hall_mission,9x4.5,pi5,0.008,35.121,-1.997,-0.002,-0.016,-0.001,0.016,0.08,-0.24,-147.98,0.4630,0.4637,0.4725,0.4725,8215,28.097,716.3,376.9,471.2,22.6,493.8,20.55,24.03,0.93434,9.563,12.87,24.90,14,2
72.659,hall_mission,9x4.5,pi5,0.007,35.121,-1.996,-0.002,-0.015,-0.002,0.015,0.10,-0.24,-149.19,0.4624,0.4619,0.4737,0.4737,8215,28.099,716.3,377.0,471.3,22.6,493.9,20.55,24.03,0.93429,9.569,12.86,24.90,14,2
72.711,hall_mission,9x4.5,pi5,0.005,35.121,-1.996,-0.002,-0.014,-0.002,0.014,0.13,-0.24,-151.00,0.4633,0.4640,0.4725,0.4722,8216,28.102,716.4,377.0,471.3,22.6,493.9,20.55,24.03,0.93424,9.576,12.86,24.90,14,2
72.759,hall_mission,9x4.5,pi5,0.004,35.121,-1.996,-0.002,-0.013,-0.002,0.014,0.15,-0.24,-152.20,0.4621,0.4632,0.4734,0.4733,8216,28.103,716.4,377.1,471.4,22.6,494.0,20.55,24.03,0.93420,9.583,12.86,24.90,14,2
72.811,hall_mission,9x4.5,pi5,0.002,35.121,-1.996,-0.002,-0.013,-0.002,0.013,0.18,-0.24,-154.01,0.4628,0.4634,0.4731,0.4727,8216,28.105,716.5,377.1,471.4,22.6,494.0,20.56,24.03,0.93415,9.590,12.86,24.90,14,2
72.859,hall_mission,9x4.5,pi5,0.001,35.121,-1.995,-0.002,-0.013,-0.002,0.013,0.20,-0.23,-155.21,0.4622,0.4617,0.4739,0.4744,8217,28.110,716.6,377.2,471.5,22.6,494.1,20.56,24.03,0.93410,9.597,12.85,24.90,14,2
72.911,hall_mission,9x4.5,pi5,-0.001,35.121,-1.995,-0.002,-0.013,-0.003,0.014,0.23,-0.22,-157.02,0.4633,0.4634,0.4727,0.4726,8216,28.106,716.5,377.1,471.4,22.6,494.0,20.56,24.03,0.93405,9.604,12.85,24.90,14,2
72.959,hall_mission,9x4.5,pi5,-0.003,35.121,-1.995,-0.002,-0.014,-0.003,0.014,0.25,-0.21,-158.22,0.4619,0.4629,0.4739,0.4735,8217,28.109,716.6,377.2,471.5,22.6,494.1,20.56,24.03,0.93401,9.610,12.85,24.90,14,2
73.011,hall_mission,9x4.5,pi5,-0.005,35.119,-1.995,-0.002,-0.015,-0.003,0.016,0.27,-0.19,-160.02,0.4628,0.4630,0.4728,0.4736,8217,28.113,716.7,377.3,471.6,22.6,494.2,20.57,24.03,0.93396,9.618,12.85,24.90,14,2
73.059,hall_mission,9x4.5,pi5,-0.006,35.118,-1.994,-0.002,-0.016,-0.003,0.017,0.28,-0.18,-161.22,0.4618,0.4618,0.4740,0.4748,8218,28.115,716.7,377.3,471.7,22.6,494.3,20.57,24.03,0.93391,9.624,12.84,24.90,14,2
73.111,hall_mission,9x4.5,pi5,-0.009,35.117,-1.994,-0.001,-0.018,-0.004,0.019,0.29,-0.15,-163.02,0.4634,0.4631,0.4731,0.4729,8218,28.115,716.7,377.3,471.6,22.6,494.2,20.57,24.03,0.93386,9.631,12.84,24.90,14,2
73.159,hall_mission,9x4.5,pi5,-0.010,35.116,-1.994,-0.001,-0.019,-0.004,0.020,0.30,-0.13,-164.22,0.4622,0.4623,0.4741,0.4740,8218,28.119,716.8,377.4,471.8,22.6,494.4,20.58,24.03,0.93382,9.638,12.84,24.90,14,2
73.211,hall_mission,9x4.5,pi5,-0.012,35.114,-1.993,-0.000,-0.020,-0.004,0.021,0.30,-0.10,-166.03,0.4625,0.4633,0.4736,0.4733,8218,28.121,716.9,377.4,471.8,22.6,494.4,20.58,24.03,0.93377,9.645,12.84,24.90,14,2
73.259,hall_mission,9x4.5,pi5,-0.014,35.113,-1.993,-0.000,-0.021,-0.004,0.021,0.29,-0.08,-167.22,0.4621,0.4615,0.4746,0.4748,8220,28.129,717.1,377.6,472.0,22.6,494.6,20.59,24.03,0.93372,9.652,12.83,24.90,14,2
73.311,hall_mission,9x4.5,pi5,-0.016,35.111,-1.992,0.000,-0.022,-0.005,0.023,0.29,-0.06,-169.03,0.4634,0.4631,0.4734,0.4731,8220,28.131,717.1,377.6,472.1,22.6,494.7,20.59,24.03,0.93367,9.659,12.83,24.90,14,2
73.359,hall_mission,9x4.5,pi5,-0.018,35.109,-1.992,0.001,-0.023,-0.005,0.023,0.29,-0.04,-170.23,0.4626,0.4621,0.4742,0.4743,8220,28.133,717.2,377.7,472.1,22.6,494.7,20.59,24.03,0.93363,9.665,12.83,24.90,14,2
73.411,hall_mission,9x4.5,pi5,-0.020,35.107,-1.992,0.002,-0.023,-0.006,0.024,0.28,-0.01,-172.03,0.4627,0.4631,0.4736,0.4738,8220,28.132,717.2,377.7,472.1,22.6,494.7,20.59,24.02,0.93358,9.673,12.83,24.90,14,2
73.459,hall_mission,9x4.5,pi5,-0.021,35.106,-1.992,0.002,-0.024,-0.006,0.025,0.27,0.01,-173.23,0.4617,0.4618,0.4750,0.4744,8219,28.127,717.0,377.6,472.0,22.6,494.6,20.59,24.02,0.93353,9.679,12.83,24.90,14,2
73.511,hall_mission,9x4.5,pi5,-0.023,35.103,-1.992,0.004,-0.025,-0.006,0.026,0.25,0.04,-175.03,0.4631,0.4632,0.4728,0.4734,8218,28.116,716.8,377.3,471.7,22.6,494.3,20.57,24.02,0.93348,9.686,12.83,24.90,14,2
73.559,hall_mission,9x4.5,pi5,-0.024,35.102,-1.992,0.005,-0.025,-0.007,0.026,0.25,0.05,-176.24,0.4622,0.4622,0.4739,0.4740,8217,28.112,716.6,377.3,471.6,22.6,494.2,20.57,24.02,0.93344,9.693,12.84,24.90,14,2
73.611,hall_mission,9x4.5,pi5,-0.026,35.100,-1.992,0.006,-0.025,-0.007,0.027,0.23,0.07,-178.04,0.4627,0.4628,0.4735,0.4730,8216,28.102,716.4,377.1,471.3,22.6,493.9,20.56,24.02,0.93339,9.700,12.84,24.90,14,2
73.659,hall_mission,9x4.5,pi5,-0.027,35.099,-1.992,0.007,-0.025,-0.007,0.027,0.22,0.08,-179.24,0.4613,0.4616,0.4742,0.4743,8214,28.093,716.2,376.9,471.1,22.6,493.7,20.55,24.02,0.93334,9.707,12.85,24.90,14,2
73.711,hall_mission,9x4.5,pi5,-0.029,35.097,-1.993,0.008,-0.025,-0.007,0.027,0.20,0.10,178.95,0.4630,0.4629,0.4727,0.4726,8213,28.085,716.0,376.7,470.9,22.6,493.5,20.54,24.02,0.93329,9.714,12.85,24.90,14,2
73.759,hall_mission,9x4.5,pi5,-0.030,35.096,-1.993,0.009,-0.025,-0.007,0.027,0.19,0.11,177.75,0.4617,0.4624,0.4732,0.4739,8213,28.083,715.9,376.7,470.8,22.6,493.4,20.54,24.02,0.93324,9.720,12.85,24.90,14,2
73.811,hall_mission,9x4.5,pi5,-0.031,35.094,-1.994,0.010,-0.024,-0.006,0.027,0.18,0.12,175.95,0.4627,0.4623,0.4730,0.4731,8213,28.082,715.9,376.7,470.8,22.6,493.4,20.54,24.02,0.93320,9.727,12.85,24.90,14,2
73.859,hall_mission,9x4.5,pi5,-0.033,35.094,-1.994,0.011,-0.024,-0.006,0.027,0.17,0.13,174.75,0.4615,0.4613,0.4736,0.4748,8213,28.083,715.9,376.7,470.9,22.6,493.5,20.54,24.02,0.93315,9.734,12.85,24.89,14,2
73.911,hall_mission,9x4.5,pi5,-0.034,35.093,-1.994,0.012,-0.023,-0.006,0.027,0.16,0.14,172.95,0.4628,0.4629,0.4728,0.4725,8212,28.077,715.8,376.6,470.7,22.6,493.3,20.53,24.02,0.93310,9.741,12.85,24.89,14,2
73.963,hall_mission,9x4.5,pi5,-0.035,35.092,-1.995,0.012,-0.022,-0.006,0.026,0.15,0.15,171.75,0.4621,0.4616,0.4739,0.4731,8211,28.073,715.7,376.5,470.6,22.6,493.2,20.53,24.02,0.93305,9.748,12.85,24.89,14,2
74.011,hall_mission,9x4.5,pi5,-0.037,35.091,-1.995,0.013,-0.022,-0.005,0.026,0.15,0.16,169.95,0.4620,0.4626,0.4727,0.4733,8211,28.070,715.6,376.4,470.5,22.6,493.1,20.53,24.02,0.93301,9.755,12.85,24.89,14,2
74.059,hall_mission,9x4.5,pi5,-0.038,35.091,-1.996,0.014,-0.021,-0.005,0.026,0.14,0.17,168.75,0.4613,0.4610,0.4737,0.4745,8211,28.068,715.5,376.4,470.5,22.6,493.1,20.53,24.02,0.93296,9.761,12.85,24.89,14,2
74.111,hall_mission,9x4.5,pi5,-0.040,35.090,-1.996,0.014,-0.020,-0.005,0.025,0.14,0.19,166.95,0.4627,0.4625,0.4728,0.4722,8210,28.060,715.3,376.2,470.2,22.6,492.8,20.52,24.02,0.93291,9.768,12.86,24.89,14,2
74.163,hall_mission,9x4.5,pi5,-0.041,35.089,-1.997,0.015,-0.020,-0.004,0.025,0.14,0.20,165.75,0.4616,0.4619,0.4729,0.4737,8209,28.057,715.3,376.2,470.2,22.6,492.8,20.52,24.02,0.93286,9.776,12.86,24.89,14,2
74.211,hall_mission,9x4.5,pi5,-0.042,35.089,-1.997,0.015,-0.019,-0.004,0.025,0.13,0.21,163.95,0.4626,0.4619,0.4726,0.4729,8209,28.055,715.2,376.1,470.1,22.6,492.7,20.51,24.02,0.93282,9.782,12.86,24.89,14,2
74.259,hall_mission,9x4.5,pi5,-0.043,35.088,-1.998,0.016,-0.019,-0.004,0.025,0.13,0.23,162.74,0.4612,0.4610,0.4737,0.4741,8209,28.055,715.2,376.1,470.2,22.6,492.8,20.51,24.02,0.93277,9.789,12.86,24.89,14,2
74.311,hall_mission,9x4.5,pi5,-0.044,35.087,-1.999,0.017,-0.018,-0.003,0.025,0.13,0.24,160.94,0.4628,0.4623,0.4721,0.4726,8208,28.049,715.1,376.0,470.0,22.6,492.6,20.51,24.02,0.93272,9.796,12.86,24.89,14,2
74.359,hall_mission,9x4.5,pi5,-0.044,35.086,-1.999,0.018,-0.018,-0.003,0.026,0.13,0.25,159.74,0.4613,0.4619,0.4734,0.4731,8207,28.046,715.0,375.9,469.9,22.6,492.5,20.50,24.02,0.93267,9.802,12.86,24.89,14,2
74.411,hall_mission,9x4.5,pi5,-0.044,35.084,-2.000,0.020,-0.018,-0.002,0.027,0.12,0.27,157.94,0.4623,0.4619,0.4727,0.4726,8207,28.042,714.9,375.9,469.8,22.6,492.4,20.50,24.02,0.93263,9.810,12.87,24.89,14,2
74.459,hall_mission,9x4.5,pi5,-0.044,35.083,-2.000,0.021,-0.018,-0.001,0.028,0.11,0.27,156.74,0.4609,0.4610,0.4735,0.4741,8207,28.043,714.9,375.9,469.9,22.6,492.5,20.50,24.02,0.93258,9.816,12.86,24.89,14,2
74.511,hall_mission,9x4.5,pi5,-0.043,35.081,-2.001,0.023,-0.019,-0.001,0.030,0.11,0.27,154.94,0.4624,0.4626,0.4724,0.4723,8207,28.044,714.9,375.9,469.9,22.6,492.5,20.50,24.02,0.93253,9.823,12.86,24.89,14,2
74.559,hall_mission,9x4.5,pi5,-0.043,35.079,-2.001,0.025,-0.019,0.000,0.031,0.10,0.27,153.74,0.4617,0.4614,0.4729,0.4738,8208,28.051,715.1,376.0,470.0,22.6,492.6,20.51,24.02,0.93248,9.830,12.86,24.89,14,2
74.611,hall_mission,9x4.5,pi5,-0.042,35.077,-2.002,0.026,-0.020,0.001,0.033,0.09,0.26,151.94,0.4619,0.4624,0.4730,0.4728,8209,28.056,715.2,376.1,470.2,22.6,492.8,20.52,24.02,0.93244,9.837,12.85,24.89,14,2
74.659,hall_mission,9x4.5,pi5,-0.041,35.075,-2.002,0.027,-0.021,0.001,0.034,0.08,0.25,150.75,0.4610,0.4611,0.4742,0.4739,8210,28.063,715.4,376.3,470.4,22.6,493.0,20.53,24.02,0.93239,9.843,12.85,24.89,14,2
74.711,hall_mission,9x4.5,pi5,-0.041,35.072,-2.002,0.027,-0.022,0.001,0.035,0.07,0.23,148.94,0.4625,0.4627,0.4723,0.4729,8210,28.062,715.4,376.3,470.3,22.6,492.9,20.52,24.02,0.93234,9.851,12.85,24.89,14,2
74.763,hall_mission,9x4.5,pi5,-0.041,35.071,-2.002,0.028,-0.022,0.002,0.035,0.06,0.22,147.74,0.4622,0.4614,0.4739,0.4731,8211,28.069,715.6,376.4,470.5,22.6,493.1,20.53,24.02,0.93229,9.858,12.84,24.89,14,2
74.811,hall_mission,9x4.5,pi5,-0.040,35.068,-2.002,0.028,-0.022,0.002,0.036,0.04,0.20,145.94,0.4625,0.4621,0.4732,0.4729,8211,28.073,715.7,376.5,470.6,22.6,493.2,20.54,24.02,0.93225,9.864,12.84,24.89,14,2
74.863,hall_mission,9x4.5,pi5,-0.040,35.067,-2.002,0.028,-0.022,0.002,0.036,0.03,0.19,144.75,0.4615,0.4611,0.4746,0.4736,8212,28.076,715.7,376.6,470.7,22.6,493.3,20.54,24.01,0.93220,9.871,12.83,24.89,14,2
74.911,hall_mission,9x4.5,pi5,-0.040,35.064,-2.002,0.027,-0.022,0.002,0.035,0.01,0.17,142.95,0.4624,0.4631,0.4729,0.4727,8212,28.080,715.8,376.6,470.8,22.6,493.4,20.54,24.01,0.93215,9.878,12.83,24.89,14,2
74.959,hall_mission,9x4.5,pi5,-0.040,35.062,-2.002,0.027,-0.022,0.002,0.035,0.00,0.16,141.75,0.4621,0.4616,0.4734,0.4741,8213,28.087,716.0,376.8,471.0,22.6,493.6,20.55,24.01,0.93210,9.885,12.82,24.89,14,2
75.011,hall_mission,9x4.5,pi5,-0.040,35.060,-2.001,0.026,-0.022,0.002,0.034,-0.02,0.15,139.95,0.4626,0.4624,0.4736,0.4728,8214,28.090,716.1,376.8,471.0,22.6,493.6,20.56,24.01,0.93206,9.892,12.82,24.89,14,2
75.059,hall_mission,9x4.5,pi5,-0.039,35.059,-2.001,0.026,-0.022,0.002,0.034,-0.03,0.14,138.75,0.4613,0.4614,0.4745,0.4743,8214,28.092,716.1,376.9,471.1,22.6,493.7,20.56,24.01,0.93201,9.898,12.82,24.89,14,2
75.111,hall_mission,9x4.5,pi5,-0.039,35.056,-2.001,0.026,-0.021,0.002,0.033,-0.05,0.13,136.95,0.4629,0.4628,0.4731,0.4724,8213,28.086,716.0,376.7,470.9,22.6,493.5,20.55,24.01,0.93196,9.905,12.82,24.89,14,2
75.159,hall_mission,9x4.5,pi5,-0.039,35.055,-2.001,0.025,-0.021,0.002,0.033,-0.06,0.12,135.75,0.4622,0.4615,0.4737,0.4736,8212,28.080,715.8,376.6,470.8,22.6,493.4,20.55,24.01,0.93191,9.912,12.82,24.89,14,2
75.211,hall_mission,9x4.5,pi5,-0.039,35.053,-2.001,0.025,-0.020,0.002,0.032,-0.08,0.11,133.95,0.4626,0.4621,0.4733,0.4730,8213,28.080,715.8,376.6,470.8,22.6,493.4,20.55,24.01,0.93186,9.919,12.82,24.89,14,2
75.263,hall_mission,9x4.5,pi5,-0.038,35.052,-2.001,0.025,-0.019,0.002,0.031,-0.09,0.10,132.76,0.4610,0.4617,0.4744,0.4741,8213,28.085,716.0,376.7,470.9,22.6,493.5,20.55,24.01,0.93182,9.926,12.82,24.89,14,2
75.311,hall_mission,9x4.5,pi5,-0.038,35.051,-2.001,0.025,-0.018,0.002,0.031,-0.10,0.10,130.96,0.4624,0.4630,0.4731,0.4730,8214,28.093,716.2,376.9,471.1,22.6,493.7,20.56,24.01,0.93177,9.933,12.81,24.89,14,2
75.363,hall_mission,9x4.5,pi5,-0.037,35.050,-2.001,0.025,-0.017,0.002,0.030,-0.10,0.09,129.76,0.4621,0.4619,0.4745,0.4733,8215,28.100,716.4,377.0,471.3,22.6,493.9,20.57,24.01,0.93172,9.940,12.81,24.89,14,2
75.411,hall_mission,9x4.5,pi5,-0.036,35.049,-2.000,0.025,-0.015,0.002,0.029,-0.11,0.09,127.96,0.4628,0.4623,0.4739,0.4729,8216,28.102,716.4,377.1,471.3,22.6,493.9,20.57,24.01,0.93167,9.947,12.80,24.89,14,2
75.463,hall_mission,9x4.5,pi5,-0.036,35.048,-2.000,0.025,-0.014,0.002,0.029,-0.11,0.08,126.77,0.4617,0.4614,0.4745,0.4744,8216,28.104,716.5,377.1,471.4,22.6,494.0,20.58,24.01,0.93162,9.954,12.80,24.89,14,2
75.511,hall_mission,9x4.5,pi5,-0.034,35.048,-2.000,0.025,-0.013,0.001,0.028,-0.11,0.08,124.97,0.4630,0.4627,0.4732,0.4729,8216,28.101,716.4,377.0,471.3,22.6,493.9,20.57,24.01,0.93158,9.960,12.80,24.89,14,2
75.559,hall_mission,9x4.5,pi5,-0.034,35.047,-2.000,0.025,-0.012,0.001,0.027,-0.11,0.08,123.77,0.4621,0.4620,0.4739,0.4740,8216,28.104,716.5,377.1,471.4,22.6,494.0,20.58,24.01,0.93153,9.967,12.80,24.89,14,2
75.607,hall_mission,9x4.5,pi5,-0.033,35.047,-1.999,0.024,-0.011,0.001,0.026,-0.10,0.08,121.97,0.4628,0.4628,0.4733,0.4731,8216,28.103,716.4,377.1,471.3,22.6,493.9,20.57,24.01,0.93149,9.973,12.80,24.89,14,2
75.655,hall_mission,9x4.5,pi5,-0.032,35.046,-1.999,0.024,-0.010,0.001,0.026,-0.10,0.08,120.78,0.4611,0.4617,0.4752,0.4740,8216,28.106,716.5,377.2,471.5,22.6,494.1,20.58,24.01,0.93144,9.980,12.80,24.89,14,2
75.703,hall_mission,9x4.5,pi5,-0.032,35.046,-1.999,0.024,-0.010,0.000,0.026,-0.10,0.08,119.58,0.4617,0.4623,0.4743,0.4738,8216,28.107,716.5,377.2,471.5,22.6,494.1,20.58,24.01,0.93140,9.987,12.79,24.89,14,2
75.755,hall_mission,9x4.5,pi5,-0.030,35.045,-1.998,0.024,-0.009,0.000,0.025,-0.09,0.08,117.78,0.4607,0.4606,0.4756,0.4753,8217,28.112,716.7,377.3,471.6,22.6,494.2,20.59,24.01,0.93135,9.994,12.79,24.89,14,2
75.803,hall_mission,9x4.5,pi5,-0.029,35.044,-1.998,0.024,-0.009,-0.000,0.025,-0.09,0.08,116.57,0.4610,0.4611,0.4751,0.4751,8217,28.114,716.7,377.3,471.7,22.6,494.3,20.59,24.01,0.93130,10.000,12.79,24.89,14,2
75.855,hall_mission,9x4.5,pi5,-0.027,35.043,-1.998,0.024,-0.009,-0.001,0.025,-0.08,0.08,114.76,0.4599,0.4603,0.4761,0.4758,8217,28.112,716.7,377.3,471.7,22.6,494.3,20.59,24.01,0.93125,10.007,12.79,24.88,14,2
75.903,hall_mission,9x4.5,pi5,-0.026,35.042,-1.998,0.024,-0.009,-0.001,0.026,-0.08,0.08,113.55,0.4622,0.4615,0.4745,0.4740,8217,28.110,716.6,377.2,471.6,22.6,494.2,20.59,24.00,0.93121,10.014,12.79,24.88,14,2
75.955,hall_mission,9x4.5,pi5,-0.024,35.041,-1.997,0.024,-0.009,-0.001,0.026,-0.07,0.07,111.73,0.4612,0.4617,0.4747,0.4747,8217,28.112,716.7,377.3,471.6,22.6,494.2,20.59,24.00,0.93116,10.021,12.78,24.88,14,2
76.003,hall_mission,9x4.5,pi5,-0.023,35.040,-1.997,0.024,-0.009,-0.001,0.026,-0.06,0.06,110.51,0.4627,0.4620,0.4737,0.4740,8218,28.116,716.7,377.3,471.7,22.6,494.3,20.59,24.00,0.93111,10.028,12.78,24.88,14,2
76.055,hall_mission,9x4.5,pi5,-0.020,35.039,-1.997,0.024,-0.009,-0.001,0.026,-0.05,0.05,108.68,0.4616,0.4619,0.4745,0.4745,8218,28.118,716.8,377.4,471.7,22.6,494.3,20.59,24.00,0.93106,10.035,12.78,24.88,14,2
76.103,hall_mission,9x4.5,pi5,-0.019,35.038,-1.997,0.025,-0.009,-0.002,0.026,-0.04,0.04,107.46,0.4633,0.4634,0.4727,0.4729,8217,28.108,716.6,377.2,471.5,22.6,494.1,20.58,24.00,0.93101,10.042,12.79,24.88,14,2
76.155,hall_mission,9x4.5,pi5,-0.016,35.037,-1.997,0.024,-0.009,-0.002,0.026,-0.03,0.03,105.63,0.4627,0.4623,0.4732,0.4733,8214,28.093,716.2,376.9,471.1,22.6,493.7,20.57,24.00,0.93097,10.049,12.79,24.88,14,2
76.203,hall_mission,9x4.5,pi5,-0.015,35.036,-1.998,0.024,-0.010,-0.002,0.026,-0.02,0.02,104.42,0.4632,0.4629,0.4724,0.4726,8213,28.080,715.8,376.6,470.8,22.6,493.4,20.55,24.00,0.93092,10.055,12.80,24.88,14,2
76.255,hall_mission,9x4.5,pi5,-0.014,35.034,-1.998,0.023,-0.010,-0.002,0.025,-0.00,0.01,102.60,0.4621,0.4617,0.4735,0.4732,8211,28.069,715.6,376.4,470.5,22.6,493.1,20.54,24.00,0.93087,10.062,12.81,24.88,14,2
76.303,hall_mission,9x4.5,pi5,-0.013,35.033,-1.999,0.022,-0.010,-0.002,0.025,0.00,0.00,101.39,0.4633,0.4630,0.4718,0.4719,8209,28.057,715.2,376.1,470.2,22.6,492.8,20.53,24.00,0.93082,10.069,12.82,24.88,14,2
76.355,hall_mission,9x4.5,pi5,-0.012,35.030,-2.000,0.021,-0.011,-0.002,0.024,0.02,-0.01,99.58,0.4623,0.4621,0.4721,0.4731,8207,28.045,715.0,375.9,469.9,22.6,492.5,20.52,24.00,0.93078,10.076,12.82,24.88,14,2
76.403,hall_mission,9x4.5,pi5,-0.011,35.029,-2.001,0.020,-0.012,-0.002,0.023,0.02,-0.03,98.38,0.4630,0.4622,0.4722,0.4720,8206,28.037,714.8,375.7,469.7,22.6,492.3,20.51,24.00,0.93073,10.083,12.83,24.88,14,2
76.455,hall_mission,9x4.5,pi5,-0.010,35.027,-2.002,0.019,-0.012,-0.001,0.022,0.03,-0.05,96.58,0.4612,0.4616,0.4735,0.4728,8206,28.034,714.7,375.7,469.6,22.6,492.2,20.51,24.00,0.93068,10.090,12.83,24.88,14,2
76.503,hall_mission,9x4.5,pi5,-0.010,35.025,-2.002,0.018,-0.012,-0.000,0.022,0.03,-0.06,95.38,0.4630,0.4624,0.4718,0.4718,8205,28.029,714.5,375.6,469.5,22.6,492.1,20.50,24.00,0.93063,10.096,12.83,24.88,14,2
76.555,hall_mission,9x4.5,pi5,-0.009,35.023,-2.003,0.017,-0.012,0.000,0.020,0.03,-0.08,93.58,0.4616,0.4618,0.4728,0.4726,8205,28.028,714.5,375.6,469.5,22.6,492.1,20.50,24.00,0.93059,10.103,12.83,24.88,14,2
76.603,hall_mission,9x4.5,pi5,-0.008,35.022,-2.004,0.016,-0.012,0.001,0.020,0.03,-0.09,92.38,0.4618,0.4623,0.4725,0.4723,8205,28.027,714.5,375.5,469.4,22.6,492.0,20.50,24.00,0.93054,10.110,12.83,24.88,14,2
76.655,hall_mission,9x4.5,pi5,-0.007,35.021,-2.005,0.015,-0.011,0.002,0.019,0.03,-0.11,90.59,0.4611,0.4606,0.4738,0.4733,8204,28.025,714.4,375.5,469.4,22.6,492.0,20.50,24.00,0.93049,10.117,12.83,24.88,14,2
76.703,hall_mission,9x4.5,pi5,-0.007,35.020,-2.005,0.015,-0.010,0.002,0.018,0.04,-0.12,89.40,0.4620,0.4622,0.4723,0.4721,8204,28.021,714.3,375.4,469.3,22.6,491.9,20.49,24.00,0.93045,10.124,12.83,24.88,14,2
76.755,hall_mission,9x4.5,pi5,-0.006,35.019,-2.006,0.014,-0.009,0.003,0.017,0.04,-0.13,87.61,0.4613,0.4609,0.4729,0.4736,8204,28.023,714.4,375.5,469.3,22.6,491.9,20.50,24.00,0.93040,10.131,12.83,24.88,14,2
76.803,hall_mission,9x4.5,pi5,-0.006,35.018,-2.006,0.013,-0.009,0.004,0.016,0.05,-0.13,86.41,0.4619,0.4612,0.4730,0.4726,8204,28.025,714.4,375.5,469.4,22.6,492.0,20.50,24.00,0.93035,10.137,12.83,24.88,14,2
76.855,hall_mission,9x4.5,pi5,-0.005,35.016,-2.007,0.012,-0.009,0.004,0.015,0.05,-0.14,84.62,0.4606,0.4605,0.4743,0.4735,8205,28.028,714.5,375.6,469.5,22.6,492.1,20.50,24.00,0.93030,10.144,12.82,24.88,14,2
76.903,hall_mission,9x4.5,pi5,-0.005,35.016,-2.007,0.011,-0.008,0.005,0.015,0.05,-0.14,83.43,0.4647,0.4643,0.4700,0.4698,8205,28.024,714.4,375.5,469.3,22.6,491.9,20.50,24.00,0.93026,10.151,12.83,24.88,14,2
76.947,hall_mission,9x4.5,pi5,-0.005,35.014,-2.008,0.010,-0.008,0.005,0.014,0.06,-0.15,81.64,0.3858,0.3868,0.5485,0.5473,8203,28.584,728.7,398.2,497.7,22.6,520.3,21.71,23.96,0.93021,10.157,12.11,24.88,14,2
76.999,hall_mission,9x4.5,pi5,-0.005,35.013,-2.008,0.010,-0.008,-0.021,0.024,0.07,-0.15,80.31,0.1401,0.1413,0.7786,0.7782,8094,36.163,921.9,713.0,891.2,22.6,913.8,38.98,23.44,0.93012,10.171,6.74,24.88,14,2
77.051,hall_mission,9x4.5,pi5,-0.004,35.012,-2.014,0.009,-0.007,-0.171,0.171,0.11,-0.15,77.16,0.0119,0.0117,0.8408,0.8414,7614,39.172,998.6,860.9,1076.2,22.6,1098.8,47.38,23.19,0.93000,10.186,5.55,24.88,14,2
77.099,hall_mission,9x4.5,pi5,-0.004,35.011,-2.025,0.008,-0.006,-0.317,0.318,0.14,-0.17,73.95,0.0002,0.0000,0.7782,0.7824,6731,34.017,867.2,703.9,879.9,22.6,902.5,38.47,23.46,0.92992,10.198,6.83,24.88,14,2
77.151,hall_mission,9x4.5,pi5,-0.004,35.010,-2.054,0.006,-0.004,-0.474,0.474,0.19,-0.18,67.54,0.0008,0.0000,0.7284,0.7274,6353,30.109,767.6,585.4,731.8,22.6,754.4,31.89,23.65,0.92984,10.209,8.24,24.88,14,2
77.199,hall_mission,9x4.5,pi5,-0.003,35.009,-2.076,0.005,-0.003,-0.507,0.507,0.22,-0.18,62.33,0.0196,0.0188,0.6814,0.6802,6506,27.191,693.2,492.2,615.2,22.6,637.8,26.79,23.81,0.92978,10.218,9.81,24.88,14,2
77.251,hall_mission,9x4.5,pi5,-0.003,35.009,-2.110,0.003,-0.002,-0.490,0.490,0.26,-0.18,53.35,0.0761,0.0756,0.6156,0.6161,6446,23.672,603.5,383.4,479.2,22.6,501.8,20.92,23.98,0.92973,10.225,12.56,24.88,14,2
77.299,hall_mission,9x4.5,pi5,-0.002,35.009,-2.132,0.003,-0.001,-0.433,0.433,0.29,-0.16,46.73,0.1354,0.1340,0.5715,0.5712,6549,22.026,561.5,324.7,405.9,22.6,428.5,17.80,24.08,0.92969,10.231,14.76,24.88,14,2
77.347,hall_mission,9x4.5,pi5,-0.001,35.009,-2.160,0.002,0.001,-0.298,0.298,0.31,-0.13,36.07,0.1931,0.1932,0.5403,0.5399,6747,21.583,550.2,295.8,369.7,22.6,392.3,16.26,24.12,0.92966,10.236,16.15,24.88,14,2
77.399,hall_mission,9x4.5,pi5,-0.001,35.009,-2.173,0.001,0.002,-0.205,0.205,0.32,-0.10,28.60,0.2496,0.2496,0.5161,0.5169,6985,21.870,557.5,285.0,356.2,22.6,378.8,15.69,24.14,0.92962,10.241,16.74,24.88,14,2
77.447,hall_mission,9x4.5,pi5,0.000,35.010,-2.182,0.001,0.004,-0.083,0.083,0.33,-0.04,16.99,0.2955,0.2958,0.5037,0.5039,7227,22.689,578.4,290.1,362.6,22.6,385.2,15.96,24.13,0.92958,10.247,16.45,24.88,14,2
77.499,hall_mission,9x4.5,pi5,0.001,35.011,-2.184,0.000,0.005,-0.007,0.009,0.32,-0.00,9.07,0.3383,0.3375,0.4972,0.4970,7484,23.871,608.6,305.3,381.6,22.6,404.2,16.77,24.11,0.92954,10.252,15.66,24.88,14,2
77.547,hall_mission,9x4.5,pi5,0.002,35.012,-2.180,0.000,0.008,0.087,0.088,0.30,0.06,-3.01,0.3675,0.3674,0.4931,0.4934,7671,24.840,633.2,319.8,399.7,22.6,422.3,17.54,24.08,0.92950,10.258,14.98,24.88,14,2
77.599,hall_mission,9x4.5,pi5,0.002,35.013,-2.174,-0.000,0.009,0.130,0.130,0.27,0.10,-11.14,0.3905,0.3909,0.4911,0.4908,7822,25.692,655.0,333.8,417.2,22.6,439.8,18.28,24.06,0.92946,10.264,14.37,24.88,14,2
77.651,hall_mission,9x4.5,pi5,0.003,35.015,-2.163,-0.000,0.012,0.171,0.171,0.22,0.14,-23.38,0.4084,0.4082,0.4921,0.4919,7958,26.516,676.0,348.5,435.7,22.6,458.3,19.07,24.04,0.92941,10.271,13.77,24.88,14,2
77.699,hall_mission,9x4.5,pi5,0.004,35.017,-2.153,-0.001,0.013,0.189,0.190,0.18,0.16,-31.56,0.4308,0.4300,0.4817,0.4817,8043,26.988,688.0,355.9,444.9,22.6,467.5,19.46,24.02,0.92937,10.277,13.49,24.88,14,2
77.751,hall_mission,9x4.5,pi5,0.004,35.019,-2.137,-0.001,0.016,0.202,0.203,0.11,0.18,-43.77,0.4879,0.4873,0.4324,0.4325,8101,27.384,698.1,364.0,455.0,22.6,477.6,19.89,24.01,0.92932,10.284,13.20,24.88,14,2
77.799,hall_mission,9x4.5,pi5,0.005,35.021,-2.127,-0.001,0.017,0.199,0.200,0.07,0.17,-51.77,0.5529,0.5540,0.3699,0.3702,8126,28.223,719.5,394.0,492.5,22.6,515.1,21.50,23.96,0.92927,10.291,12.21,24.88,14,2
77.851,hall_mission,9x4.5,pi5,0.005,35.023,-2.113,-0.002,0.019,0.177,0.178,0.01,0.15,-63.26,0.6210,0.6207,0.2994,0.2988,8100,29.575,753.9,451.0,563.8,22.6,586.4,24.57,23.87,0.92921,10.300,10.69,24.87,14,2
77.899,hall_mission,9x4.5,pi5,0.005,35.024,-2.105,-0.002,0.020,0.147,0.148,-0.02,0.13,-70.40,0.6698,0.6697,0.2389,0.2383,8016,30.812,785.5,509.7,637.1,22.6,659.7,27.75,23.77,0.92915,10.308,9.46,24.87,14,2
77.947,hall_mission,9x4.5,pi5,0.006,35.026,-2.095,-0.002,0.020,0.073,0.076,-0.05,0.08,-80.06,0.7015,0.7010,0.1879,0.1881,7877,31.591,805.4,554.5,693.1,22.6,715.7,30.20,23.70,0.92909,10.318,8.69,24.87,14,2
77.999,hall_mission,9x4.5,pi5,0.006,35.028,-2.092,-0.002,0.020,0.018,0.028,-0.07,0.05,-85.69,0.7173,0.7158,0.1491,0.1484,7704,31.755,809.5,576.8,721.0,22.6,743.6,31.43,23.66,0.92901,10.329,8.35,24.87,14,2
78.047,hall_mission,9x4.5,pi5,0.006,35.029,-2.093,-0.003,0.020,-0.057,0.061,-0.07,-0.01,-92.81,0.7002,0.7474,0.0934,0.1787,7664,32.112,818.6,592.4,740.5,22.6,763.1,32.29,23.64,0.92894,10.339,8.13,24.87,14,2
78.091,hall_mission,9x4.5,pi5,0.005,35.030,-2.097,-0.003,0.019,-0.113,0.115,0.15,-0.55,-96.66,0.7074,0.7064,0.0908,0.1576,7456,30.617,780.5,553.7,692.2,22.6,714.8,30.16,23.70,0.92888,10.348,8.70,24.87,14,2
78.143,hall_mission,9x4.5,pi5,0.005,35.031,-2.103,-0.002,0.012,-0.155,0.155,0.35,-1.78,-99.82,0.6856,0.6763,0.1299,0.1253,7292,28.835,735.1,502.9,628.6,22.6,651.2,27.38,23.78,0.92881,10.357,9.58,24.87,14,2
78.191,hall_mission,9x4.5,pi5,0.005,35.031,-2.115,-0.003,-0.020,-0.180,0.181,0.49,-4.14,-103.34,0.6530,0.6516,0.1571,0.1294,7198,27.248,694.6,453.5,566.9,22.6,589.5,24.71,23.86,0.92876,10.365,10.62,24.87,14,2
78.243,hall_mission,9x4.5,pi5,0.004,35.030,-2.124,-0.008,-0.050,-0.170,0.178,0.51,-5.60,-104.95,0.6267,0.6147,0.1889,0.1560,7180,25.870,659.5,406.5,508.1,22.6,530.7,22.17,23.94,0.92870,10.372,11.83,24.87,14,2
78.291,hall_mission,9x4.5,pi5,0.002,35.026,-2.134,-0.018,-0.102,-0.131,0.167,0.56,-7.34,-106.40,0.5960,0.5892,0.2214,0.1944,7234,25.031,638.1,372.2,465.3,22.6,487.9,20.34,23.99,0.92866,10.379,12.90,24.87,14,2
78.343,hall_mission,9x4.5,pi5,0.001,35.020,-2.139,-0.028,-0.144,-0.089,0.172,0.59,-8.15,-106.81,0.5658,0.5606,0.2602,0.2424,7336,24.533,625.4,344.9,431.1,22.6,453.7,18.88,24.03,0.92861,10.386,13.90,24.87,14,2
78.391,hall_mission,9x4.5,pi5,-0.003,35.007,-2.144,-0.044,-0.213,-0.013,0.218,0.63,-8.89,-106.72,0.5410,0.5357,0.2995,0.2891,7467,24.515,625.0,330.7,413.4,22.6,436.0,18.12,24.06,0.92857,10.391,14.47,24.87,14,2
78.443,hall_mission,9x4.5,pi5,-0.006,34.997,-2.143,-0.055,-0.257,0.035,0.265,0.63,-9.14,-106.30,0.5161,0.5123,0.3448,0.3377,7632,24.905,634.9,326.7,408.4,22.6,431.0,17.91,24.06,0.92853,10.398,14.64,24.87,14,2
78.491,hall_mission,9x4.5,pi5,-0.011,34.978,-2.139,-0.068,-0.318,0.095,0.339,0.57,-9.26,-105.25,0.4944,0.4917,0.3827,0.3799,7770,25.404,647.6,329.2,411.5,22.6,434.1,18.04,24.06,0.92849,10.403,14.53,24.87,14,2
79.511,hall_mission,9x4.5,pi5,-0.015,34.963,-2.134,-0.076,-0.361,0.131,0.391,0.50,-9.21,-104.37,0.4732,0.4708,0.4198,0.4187,7892,25.988,662.5,336.5,420.6,22.6,443.2,18.43,24.05,0.92762,10.529,14.21,24.87,14,2
79.559,hall_mission,9x4.5,pi5,-0.021,34.934,-2.123,-0.089,-0.427,0.173,0.469,0.35,-9.02,-102.90,0.4564,0.4555,0.4493,0.4493,7993,26.600,678.1,347.2,434.0,22.6,456.6,19.01,24.02,0.92758,10.535,13.78,24.87,14,2
79.611,hall_mission,9x4.5,pi5,-0.026,34.913,-2.114,-0.095,-0.467,0.190,0.513,0.24,-8.84,-101.91,0.4420,0.4426,0.4756,0.4755,8085,27.234,694.3,360.1,450.2,22.6,472.8,19.70,24.00,0.92753,10.542,13.30,24.87,14,2
79.659,hall_mission,9x4.5,pi5,-0.033,34.881,-2.101,-0.104,-0.520,0.202,0.567,0.08,-8.51,-100.49,0.4323,0.4328,0.4927,0.4931,8140,27.662,705.2,369.8,462.2,22.6,484.8,20.21,23.98,0.92748,10.548,12.96,24.87,14,2
79.711,hall_mission,9x4.5,pi5,-0.038,34.857,-2.091,-0.109,-0.554,0.204,0.601,-0.02,-8.27,-99.64,0.4246,0.4263,0.5050,0.5056,8178,27.983,713.4,377.4,471.7,22.6,494.3,20.62,23.97,0.92743,10.555,12.70,24.87,14,2
79.759,hall_mission,9x4.5,pi5,-0.046,34.815,-2.076,-0.116,-0.605,0.201,0.648,-0.15,-7.90,-98.54,0.4217,0.4234,0.5110,0.5125,8204,28.192,718.7,382.3,477.9,22.6,500.5,20.88,23.96,0.92739,10.562,12.54,24.87,14,2
79.811,hall_mission,9x4.5,pi5,-0.051,34.787,-2.067,-0.120,-0.634,0.195,0.674,-0.21,-7.65,-97.96,0.4219,0.4234,0.5132,0.5152,8222,28.327,722.2,385.2,481.5,22.6,504.1,21.04,23.96,0.92734,10.569,12.44,24.87,14,2
79.859,hall_mission,9x4.5,pi5,-0.059,34.746,-2.056,-0.125,-0.669,0.185,0.705,-0.28,-7.29,-97.30,0.4243,0.4261,0.5124,0.5136,8232,28.380,723.5,386.0,482.5,22.6,505.1,21.08,23.96,0.92729,10.576,12.42,24.87,14,2
79.911,hall_mission,9x4.5,pi5,-0.065,34.716,-2.048,-0.128,-0.691,0.177,0.725,-0.31,-7.07,-97.01,0.4286,0.4310,0.5083,0.5096,8236,28.377,723.4,385.3,481.6,22.6,504.2,21.05,23.96,0.92724,10.583,12.44,24.87,14,2
79.959,hall_mission,9x4.5,pi5,-0.074,34.667,-2.037,-0.131,-0.722,0.164,0.752,-0.32,-6.76,-96.76,0.4339,0.4369,0.5027,0.5044,8237,28.347,722.7,384.0,480.0,22.6,502.6,20.98,23.96,0.92719,10.590,12.48,24.87,14,2
80.011,hall_mission,9x4.5,pi5,-0.079,34.635,-2.031,-0.133,-0.738,0.155,0.766,-0.32,-6.58,-96.72,0.4411,0.4431,0.4955,0.4977,8236,28.301,721.5,382.3,477.9,22.6,500.5,20.89,23.96,0.92714,10.597,12.53,24.87,14,2
80.059,hall_mission,9x4.5,pi5,-0.087,34.589,-2.023,-0.135,-0.758,0.144,0.783,-0.31,-6.34,-96.78,0.4479,0.4492,0.4891,0.4907,8234,28.262,720.5,381.0,476.2,22.6,498.8,20.82,23.96,0.92710,10.604,12.57,24.87,14,2
80.111,hall_mission,9x4.5,pi5,-0.093,34.556,-2.018,-0.137,-0.770,0.136,0.794,-0.29,-6.20,-96.90,0.4541,0.4566,0.4816,0.4843,8233,28.233,719.7,380.0,475.0,22.6,497.6,20.76,23.96,0.92705,10.611,12.61,24.87,14,2
80.159,hall_mission,9x4.5,pi5,-0.102,34.503,-2.011,-0.138,-0.786,0.125,0.808,-0.26,-6.03,-97.14,0.4602,0.4620,0.4764,0.4779,8233,28.221,719.4,379.5,474.4,22.6,497.0,20.74,23.97,0.92700,10.618,12.62,24.87,14,2
80.211,hall_mission,9x4.5,pi5,-0.107,34.470,-2.007,-0.138,-0.795,0.119,0.815,-0.25,-5.93,-97.33,0.4656,0.4673,0.4711,0.4727,8233,28.220,719.4,379.4,474.2,22.6,496.8,20.73,23.96,0.92695,10.625,12.62,24.87,14,2
80.259,hall_mission,9x4.5,pi5,-0.114,34.423,-2.002,-0.138,-0.805,0.111,0.824,-0.22,-5.81,-97.63,0.4694,0.4716,0.4670,0.4689,8233,28.222,719.5,379.4,474.3,22.6,496.9,20.73,23.96,0.92690,10.632,12.62,24.87,14,2
80.311,hall_mission,9x4.5,pi5,-0.119,34.389,-1.998,-0.138,-0.811,0.105,0.829,-0.20,-5.74,-97.83,0.4727,0.4747,0.4643,0.4652,8234,28.226,719.6,379.5,474.4,22.6,497.0,20.74,23.96,0.92685,10.639,12.62,24.87,14,2
80.359,hall_mission,9x4.5,pi5,-0.127,34.335,-1.993,-0.137,-0.819,0.097,0.836,-0.19,-5.67,-98.11,0.4750,0.4765,0.4619,0.4634,8234,28.227,719.6,379.6,474.5,22.6,497.1,20.74,23.96,0.92681,10.645,12.61,24.87,14,2
80.411,hall_mission,9x4.5,pi5,-0.132,34.301,-1.991,-0.136,-0.823,0.092,0.840,-0.18,-5.63,-98.27,0.4761,0.4779,0.4602,0.4628,8234,28.231,719.7,379.7,474.7,22.6,497.3,20.75,23.96,0.92676,10.653,12.61,24.87,14,2
80.459,hall_mission,9x4.5,pi5,-0.139,34.253,-1.987,-0.136,-0.828,0.086,0.844,-0.18,-5.59,-98.48,0.4766,0.4783,0.4602,0.4621,8235,28.238,719.9,379.9,474.8,22.6,497.4,20.76,23.96,0.92671,10.659,12.60,24.87,14,2
80.503,hall_mission,9x4.5,pi5,-0.144,34.219,-1.984,-0.136,-0.832,0.081,0.847,-0.18,-5.57,-98.59,0.4765,0.4783,0.4609,0.4619,8236,28.244,720.0,380.0,475.0,22.6,497.6,20.77,23.96,0.92667,10.665,12.60,24.87,14,2
80.555,hall_mission,9x4.5,pi5,-0.151,34.165,-1.980,-0.135,-0.836,0.075,0.850,-0.18,-5.55,-98.72,0.4757,0.4779,0.4614,0.4628,8237,28.251,720.2,380.1,475.1,22.6,497.7,20.77,23.96,0.92662,10.672,12.59,24.87,14,2
80.603,hall_mission,9x4.5,pi5,-0.156,34.131,-1.978,-0.134,-0.839,0.071,0.852,-0.19,-5.55,-98.78,0.4752,0.4766,0.4627,0.4632,8237,28.247,720.1,380.0,475.0,22.6,497.6,20.77,23.96,0.92657,10.679,12.60,24.87,14,2
80.655,hall_mission,9x4.5,pi5,-0.162,34.083,-1.976,-0.134,-0.842,0.065,0.855,-0.21,-5.55,-98.85,0.4698,0.4481,0.4718,0.4907,8246,28.330,722.2,382.0,477.5,22.6,500.1,20.87,23.96,0.92652,10.686,12.53,24.87,14,2
80.703,hall_mission,9x4.5,pi5,-0.167,34.050,-1.974,-0.134,-0.844,0.057,0.857,-0.43,-5.56,-98.91,0.4009,0.4024,0.5349,0.5377,8230,28.597,729.0,395.0,493.7,22.6,516.3,21.57,23.94,0.92648,10.693,12.12,24.87,14,2
80.755,hall_mission,9x4.5,pi5,-0.174,33.995,-1.972,-0.140,-0.848,0.033,0.860,-1.16,-5.47,-99.24,0.3532,0.3604,0.5757,0.5724,8179,28.881,736.3,413.3,516.6,22.6,539.2,22.56,23.91,0.92642,10.701,11.59,24.87,14,2
80.803,hall_mission,9x4.5,pi5,-0.180,33.962,-1.972,-0.148,-0.848,0.016,0.861,-1.64,-5.41,-99.76,0.3389,0.3472,0.5822,0.5795,8129,28.744,732.8,414.4,518.0,22.6,540.6,22.61,23.90,0.92637,10.708,11.56,24.86,14,2
80.855,hall_mission,9x4.5,pi5,-0.188,33.915,-1.973,-0.165,-0.847,0.001,0.863,-2.19,-5.34,-101.06,0.3469,0.3559,0.5683,0.5668,8092,28.285,721.1,400.8,501.0,22.6,523.6,21.88,23.93,0.92632,10.716,11.95,24.86,14,2
80.903,hall_mission,9x4.5,pi5,-0.194,33.882,-1.974,-0.179,-0.844,-0.004,0.863,-2.41,-5.33,-102.24,0.3695,0.3758,0.5444,0.5432,8074,27.782,708.3,383.2,479.0,22.6,501.6,20.94,23.95,0.92627,10.722,12.49,24.86,14,2
80.955,hall_mission,9x4.5,pi5,-0.206,33.829,-1.977,-0.204,-0.837,-0.003,0.862,-2.54,-5.37,-104.41,0.3993,0.4074,0.5139,0.5116,8072,27.385,698.1,367.8,459.8,22.6,482.4,20.12,23.98,0.92622,10.729,12.99,24.86,14,2
81.003,hall_mission,9x4.5,pi5,-0.215,33.797,-1.978,-0.220,-0.832,0.002,0.861,-2.52,-5.43,-106.03,0.4323,0.4359,0.4838,0.4840,8085,27.269,695.2,361.5,451.8,22.6,474.4,19.78,23.99,0.92618,10.736,13.22,24.86,14,2
81.055,hall_mission,9x4.5,pi5,-0.228,33.752,-1.980,-0.241,-0.825,0.011,0.859,-2.35,-5.54,-108.56,0.4642,0.4669,0.4553,0.4553,8106,27.358,697.4,362.2,452.7,22.6,475.3,19.82,23.99,0.92613,10.743,13.19,24.86,14,2
81.103,hall_mission,9x4.5,pi5,-0.238,33.720,-1.981,-0.257,-0.820,0.017,0.859,-2.19,-5.62,-110.23,0.4882,0.4925,0.4334,0.4327,8125,27.554,702.4,367.5,459.3,22.6,481.9,20.10,23.98,0.92609,10.749,13.00,24.86,14,2
81.155,hall_mission,9x4.5,pi5,-0.256,33.669,-1.981,-0.280,-0.812,0.024,0.859,-1.91,-5.73,-112.60,0.5092,0.5133,0.4146,0.4141,8140,27.793,708.5,374.9,468.6,22.6,491.2,20.50,23.96,0.92604,10.756,12.75,24.86,14,2
81.203,hall_mission,9x4.5,pi5,-0.268,33.638,-1.982,-0.293,-0.808,0.025,0.860,-1.70,-5.80,-114.02,0.5239,0.5244,0.4014,0.4032,8147,27.955,712.7,380.5,475.6,22.6,498.2,20.80,23.95,0.92599,10.763,12.57,24.86,14,2
81.255,hall_mission,9x4.5,pi5,-0.286,33.594,-1.982,-0.311,-0.803,0.026,0.862,-1.39,-5.88,-115.87,0.5319,0.5318,0.3948,0.3952,8150,28.062,715.4,384.3,480.4,22.6,503.0,21.00,23.95,0.92594,10.770,12.44,24.86,14,2
81.303,hall_mission,9x4.5,pi5,-0.299,33.563,-1.981,-0.322,-0.801,0.025,0.864,-1.19,-5.92,-116.88,0.5331,0.5349,0.3923,0.3944,8153,28.107,716.5,385.7,482.2,22.6,504.8,21.08,23.95,0.92589,10.777,12.40,24.86,14,2
81.355,hall_mission,9x4.5,pi5,-0.322,33.513,-1.980,-0.338,-0.798,0.024,0.867,-0.90,-5.96,-118.05,0.5480,0.5767,0.3881,0.3467,8171,28.653,730.4,405.1,506.4,22.6,529.0,22.12,23.91,0.92584,10.784,11.81,24.86,14,2
81.403,hall_mission,9x4.5,pi5,-0.336,33.482,-1.980,-0.347,-0.798,0.012,0.870,-0.41,-6.01,-118.56,0.6292,0.6363,0.2947,0.2886,8132,30.074,766.7,466.9,583.6,22.6,606.2,25.46,23.81,0.92578,10.792,10.26,24.86,14,2
81.455,hall_mission,9x4.5,pi5,-0.357,33.438,-1.980,-0.354,-0.804,-0.032,0.879,0.79,-5.87,-118.60,0.6723,0.6680,0.2345,0.2427,8018,30.840,786.2,510.5,638.1,22.6,660.7,27.83,23.74,0.92572,10.802,9.39,24.86,14,2
81.503,hall_mission,9x4.5,pi5,-0.372,33.407,-1.983,-0.352,-0.812,-0.071,0.888,1.55,-5.71,-118.02,0.6668,0.6581,0.2213,0.2338,7883,30.008,765.0,492.8,616.0,22.6,638.6,26.86,23.77,0.92566,10.811,9.72,24.86,14,2
81.555,hall_mission,9x4.5,pi5,-0.395,33.355,-1.989,-0.336,-0.825,-0.111,0.898,2.44,-5.50,-116.19,0.6263,0.6257,0.2402,0.2560,7767,28.240,719.9,437.4,546.7,22.6,569.3,23.86,23.86,0.92560,10.819,10.95,24.86,14,2
81.603,hall_mission,9x4.5,pi5,-0.409,33.322,-1.994,-0.321,-0.833,-0.115,0.900,2.80,-5.42,-114.41,0.5815,0.5807,0.2821,0.2941,7732,26.765,682.3,385.3,481.6,22.6,504.2,21.06,23.94,0.92555,10.825,12.40,24.86,14,2
81.655,hall_mission,9x4.5,pi5,-0.427,33.275,-2.001,-0.295,-0.840,-0.097,0.896,3.02,-5.41,-111.10,0.5300,0.5285,0.3383,0.3477,7754,25.791,657.5,345.8,432.2,22.6,454.8,18.95,24.01,0.92551,10.832,13.79,24.86,14,2
81.703,hall_mission,9x4.5,pi5,-0.439,33.241,-2.005,-0.275,-0.844,-0.072,0.891,3.00,-5.48,-108.61,0.4839,0.4843,0.3942,0.4001,7819,25.620,653.1,331.4,414.2,22.6,436.8,18.18,24.03,0.92547,10.838,14.37,24.86,14,2
81.755,hall_mission,9x4.5,pi5,-0.455,33.186,-2.009,-0.242,-0.850,-0.027,0.884,2.78,-5.64,-104.70,0.4418,0.4409,0.4504,0.4553,7913,26.069,664.6,336.9,421.1,22.6,443.7,18.47,24.02,0.92542,10.844,14.14,24.86,14,2
81.803,hall_mission,9x4.5,pi5,-0.464,33.151,-2.010,-0.222,-0.854,-0.003,0.882,2.54,-5.77,-102.11,0.4080,0.4080,0.4946,0.4974,7984,26.709,680.9,352.6,440.8,22.6,463.4,19.31,23.99,0.92538,10.850,13.52,24.86,14,2
81.855,hall_mission,9x4.5,pi5,-0.475,33.103,-2.010,-0.195,-0.860,0.019,0.882,2.11,-5.95,-98.44,0.3793,0.3797,0.5306,0.5322,8034,27.377,697.9,372.4,465.5,22.6,488.1,20.37,23.96,0.92533,10.858,12.82,24.86,14,2
81.903,hall_mission,9x4.5,pi5,-0.482,33.068,-2.009,-0.176,-0.866,0.027,0.884,1.80,-6.04,-96.23,0.3605,0.3618,0.5531,0.5539,8061,27.862,710.3,388.0,485.1,22.6,507.7,21.21,23.94,0.92528,10.864,12.31,24.86,14,2
81.955,hall_mission,9x4.5,pi5,-0.491,33.011,-2.007,-0.149,-0.875,0.029,0.888,1.35,-6.14,-93.38,0.3496,0.3498,0.5655,0.5672,8072,28.149,717.6,398.1,497.6,22.6,520.2,21.75,23.92,0.92523,10.872,12.01,24.86,14,2
82.003,hall_mission,9x4.5,pi5,-0.495,32.976,-2.005,-0.134,-0.880,0.028,0.891,1.06,-6.17,-91.82,0.3454,0.3475,0.5687,0.5707,8072,28.219,719.4,400.7,500.9,22.6,523.5,21.89,23.92,0.92518,10.879,11.93,24.86,14,2
82.055,hall_mission,9x4.5,pi5,-0.501,32.926,-2.003,-0.114,-0.888,0.026,0.895,0.67,-6.18,-90.01,0.3492,0.3512,0.5653,0.5668,8073,28.152,717.7,398.0,497.5,22.6,520.1,21.74,23.92,0.92513,10.886,12.01,24.86,14,2
82.103,hall_mission,9x4.5,pi5,-0.504,32.890,-2.002,-0.102,-0.892,0.024,0.898,0.46,-6.17,-89.15,0.3578,0.3600,0.5576,0.5579,8076,28.016,714.2,392.3,490.3,22.6,512.9,21.44,23.93,0.92508,10.893,12.18,24.86,14,2
82.155,hall_mission,9x4.5,pi5,-0.508,32.833,-1.999,-0.086,-0.899,0.024,0.903,0.19,-6.14,-88.34,0.3716,0.3736,0.5446,0.5456,8084,27.854,710.1,384.8,481.0,22.6,503.6,21.04,23.94,0.92503,10.900,12.41,24.86,14,2
82.203,hall_mission,9x4.5,pi5,-0.511,32.796,-1.998,-0.077,-0.902,0.026,0.906,0.05,-6.12,-88.07,0.3870,0.3886,0.5311,0.5320,8096,27.737,707.1,378.6,473.3,22.6,495.9,20.70,23.95,0.92499,10.907,12.61,24.86,14,2
82.255,hall_mission,9x4.5,pi5,-0.514,32.746,-1.995,-0.067,-0.907,0.030,0.910,-0.11,-6.09,-88.02,0.4041,0.4069,0.5158,0.5166,8112,27.665,705.3,373.6,467.0,22.6,489.6,20.44,23.96,0.92494,10.914,12.77,24.86,14,2
82.307,hall_mission,9x4.5,pi5,-0.516,32.709,-1.994,-0.061,-0.909,0.033,0.912,-0.18,-6.08,-88.17,0.4218,0.4249,0.5007,0.5023,8135,27.686,705.8,371.3,464.2,22.6,486.8,20.32,23.96,0.92489,10.921,12.85,24.86,14,2
82.355,hall_mission,9x4.5,pi5,-0.519,32.651,-1.990,-0.053,-0.913,0.038,0.915,-0.26,-6.06,-88.59,0.4377,0.4399,0.4883,0.4896,8156,27.751,707.4,371.1,463.8,22.6,486.4,20.30,23.96,0.92484,10.928,12.85,24.86,14,2
82.403,hall_mission,9x4.5,pi5,-0.521,32.614,-1.988,-0.049,-0.915,0.041,0.917,-0.29,-6.06,-88.95,0.4514,0.4536,0.4769,0.4792,8177,27.847,709.9,372.2,465.2,22.6,487.8,20.36,23.96,0.92480,10.934,12.81,24.86,14,2
82.455,hall_mission,9x4.5,pi5,-0.523,32.563,-1.984,-0.044,-0.918,0.043,0.920,-0.31,-6.06,-89.56,0.4687,0.4826,0.4646,0.4507,8196,27.980,713.3,374.8,468.5,22.6,491.1,20.50,23.95,0.92475,10.941,12.73,24.86,14,2
82.503,hall_mission,9x4.5,pi5,-0.525,32.526,-1.981,-0.041,-0.921,0.042,0.922,-0.18,-6.07,-89.95,0.5183,0.5209,0.4139,0.4151,8202,28.248,720.1,384.8,481.0,22.6,503.6,21.04,23.94,0.92470,10.948,12.40,24.86,14,2
82.555,hall_mission,9x4.5,pi5,-0.527,32.467,-1.977,-0.034,-0.925,0.030,0.926,0.29,-6.04,-90.34,0.5511,0.5501,0.3792,0.3832,8186,28.521,727.1,398.0,497.5,22.6,520.1,21.75,23.92,0.92465,10.955,12.00,24.86,14,2
82.599,hall_mission,9x4.5,pi5,-0.528,32.430,-1.975,-0.027,-0.928,0.020,0.928,0.60,-6.02,-90.36,0.5590,0.5588,0.3681,0.3729,8168,28.550,727.8,401.5,501.8,22.6,524.4,21.93,23.91,0.92460,10.962,11.89,24.86,14,2
82.647,hall_mission,9x4.5,pi5,-0.529,32.393,-1.974,-0.018,-0.930,0.013,0.931,0.85,-5.99,-90.16,0.5545,0.5536,0.3704,0.3757,8152,28.379,723.5,396.8,496.0,22.6,518.6,21.68,23.92,0.92456,10.969,12.03,24.86,14,2
82.699,hall_mission,9x4.5,pi5,-0.530,32.341,-1.972,-0.004,-0.933,0.007,0.933,1.07,-5.96,-89.45,0.5382,0.5388,0.3853,0.3894,8143,28.101,716.4,386.9,483.6,22.6,506.2,21.15,23.93,0.92451,10.976,12.33,24.86,14,2
82.747,hall_mission,9x4.5,pi5,-0.530,32.303,-1.972,0.007,-0.934,0.005,0.934,1.13,-5.96,-88.73,0.5193,0.5189,0.4047,0.4083,8141,27.866,710.4,377.8,472.2,22.6,494.8,20.67,23.95,0.92446,10.983,12.62,24.86,14,2
82.799,hall_mission,9x4.5,pi5,-0.528,32.244,-1.971,0.026,-0.935,0.005,0.935,1.11,-5.96,-87.39,0.4957,0.4975,0.4286,0.4312,8147,27.730,706.9,371.5,464.4,22.6,487.0,20.33,23.96,0.92441,10.990,12.83,24.86,14,2
82.847,hall_mission,9x4.5,pi5,-0.527,32.207,-1.971,0.038,-0.935,0.008,0.936,1.03,-5.98,-86.38,0.4764,0.4771,0.4499,0.4526,8158,27.723,706.7,369.7,462.1,22.6,484.7,20.23,23.96,0.92437,10.996,12.89,24.86,14,2
82.899,hall_mission,9x4.5,pi5,-0.524,32.155,-1.970,0.053,-0.935,0.011,0.937,0.86,-6.01,-84.80,0.4572,0.4590,0.4715,0.4728,8174,27.819,709.2,371.4,464.3,22.6,486.9,20.32,23.95,0.92432,11.003,12.83,24.86,14,2
82.947,hall_mission,9x4.5,pi5,-0.521,32.118,-1.969,0.064,-0.935,0.013,0.937,0.72,-6.03,-83.76,0.4436,0.4444,0.4872,0.4884,8186,27.937,712.2,374.5,468.2,22.6,490.8,20.49,23.95,0.92427,11.010,12.72,24.86,14,2
82.991,hall_mission,9x4.5,pi5,-0.518,32.081,-1.968,0.074,-0.935,0.015,0.938,0.57,-6.05,-82.78,0.4334,0.4348,0.4978,0.4996,8193,28.038,714.8,377.6,471.9,22.6,494.5,20.65,23.94,0.92423,11.016,12.62,24.86,14,2
83.043,hall_mission,9x4.5,pi5,-0.512,32.022,-1.966,0.089,-0.935,0.015,0.939,0.35,-6.07,-81.45,0.4257,0.4271,0.5060,0.5086,8200,28.134,717.2,380.5,475.6,22.6,498.2,20.81,23.94,0.92418,11.023,12.53,24.86,14,2
83.091,hall_mission,9x4.5,pi5,-0.507,31.986,-1.966,0.097,-0.935,0.014,0.941,0.20,-6.08,-80.68,0.4218,0.4237,0.5110,0.5119,8203,28.186,718.5,382.1,477.7,22.6,500.3,20.90,23.94,0.92413,11.030,12.47,24.86,14,2
83.143,hall_mission,9x4.5,pi5,-0.501,31.935,-1.965,0.107,-0.936,0.013,0.942,0.00,-6.10,-79.75,0.4214,0.4231,0.5117,0.5129,8206,28.207,719.1,382.7,478.4,22.6,501.0,20.93,23.93,0.92408,11.037,12.45,24.86,14,2
83.191,hall_mission,9x4.5,pi5,-0.496,31.898,-1.964,0.113,-0.936,0.012,0.943,-0.11,-6.10,-79.28,0.4344,0.4488,0.5009,0.4860,8209,28.118,716.8,378.6,473.3,22.6,495.9,20.71,23.94,0.92404,11.044,12.58,24.86,14,2
83.243,hall_mission,9x4.5,pi5,-0.488,31.839,-1.964,0.123,-0.938,0.008,0.946,-0.01,-6.11,-78.73,0.4841,0.4877,0.4455,0.4507,8201,28.034,714.7,376.3,470.3,22.6,492.9,20.59,23.94,0.92399,11.051,12.66,24.86,14,2
83.291,hall_mission,9x4.5,pi5,-0.482,31.803,-1.963,0.130,-0.938,0.003,0.947,0.26,-6.08,-78.38,0.5119,0.5120,0.4196,0.4214,8190,28.108,716.5,380.8,476.0,22.6,498.6,20.83,23.94,0.92394,11.057,12.51,24.86,14,2
83.343,hall_mission,9x4.5,pi5,-0.475,31.751,-1.963,0.143,-0.938,-0.002,0.949,0.65,-6.05,-77.70,0.5216,0.5212,0.4072,0.4126,8182,28.140,717.4,383.2,479.0,22.6,501.6,20.96,23.93,0.92389,11.065,12.43,24.86,14,2
83.391,hall_mission,9x4.5,pi5,-0.469,31.714,-1.964,0.154,-0.937,-0.003,0.949,0.84,-6.04,-77.09,0.5179,0.5178,0.4116,0.4150,8181,28.100,716.4,381.8,477.2,22.6,499.8,20.88,23.93,0.92384,11.071,12.48,24.86,14,2
83.443,hall_mission,9x4.5,pi5,-0.459,31.655,-1.964,0.174,-0.934,-0.002,0.950,1.00,-6.03,-75.95,0.5068,0.5051,0.4230,0.4280,8184,28.022,714.4,378.2,472.8,22.6,495.4,20.69,23.94,0.92379,11.078,12.59,24.86,14,2
83.491,hall_mission,9x4.5,pi5,-0.452,31.619,-1.965,0.187,-0.932,-0.002,0.950,1.02,-6.04,-75.06,0.4908,0.4914,0.4392,0.4421,8185,27.949,712.5,375.0,468.8,22.6,491.4,20.52,23.94,0.92375,11.085,12.70,24.86,14,2
83.543,hall_mission,9x4.5,pi5,-0.442,31.568,-1.965,0.205,-0.928,-0.001,0.951,0.95,-6.06,-73.61,0.4742,0.4739,0.4566,0.4597,8188,27.919,711.7,373.4,466.8,22.6,489.4,20.44,23.95,0.92370,11.092,12.75,24.86,14,2
83.591,hall_mission,9x4.5,pi5,-0.434,31.531,-1.966,0.217,-0.926,-0.000,0.951,0.85,-6.08,-72.60,0.4586,0.4603,0.4720,0.4747,8193,27.947,712.4,374.0,467.5,22.6,490.1,20.47,23.95,0.92365,11.098,12.73,24.86,14,2
83.643,hall_mission,9x4.5,pi5,-0.420,31.473,-1.966,0.236,-0.922,0.001,0.952,0.67,-6.11,-71.13,0.4459,0.4463,0.4861,0.4886,8198,28.014,714.2,376.0,470.0,22.6,492.6,20.57,23.94,0.92360,11.106,12.66,24.86,14,2
83.691,hall_mission,9x4.5,pi5,-0.411,31.437,-1.966,0.247,-0.920,0.002,0.953,0.53,-6.13,-70.20,0.4357,0.4375,0.4965,0.4980,8200,28.075,715.7,378.1,472.6,22.6,495.2,20.69,23.94,0.92356,11.112,12.59,24.86,14,2
83.743,hall_mission,9x4.5,pi5,-0.398,31.387,-1.966,0.261,-0.918,0.002,0.954,0.31,-6.14,-68.95,0.4295,0.4300,0.5037,0.5050,8202,28.128,717.1,380.0,475.0,22.6,497.6,20.79,23.93,0.92351,11.119,12.53,24.86,14,2
83.791,hall_mission,9x4.5,pi5,-0.388,31.351,-1.967,0.270,-0.917,0.001,0.956,0.17,-6.15,-68.24,0.4256,0.4273,0.5070,0.5082,8202,28.151,717.7,380.9,476.1,22.6,498.7,20.84,23.93,0.92346,11.126,12.50,24.86,14,2
83.843,hall_mission,9x4.5,pi5,-0.371,31.293,-1.967,0.283,-0.915,0.001,0.958,-0.02,-6.16,-67.36,0.4252,0.4269,0.5074,0.5091,8204,28.166,718.0,381.3,476.6,22.6,499.2,20.86,23.93,0.92341,11.133,12.49,24.85,14,2
83.891,hall_mission,9x4.5,pi5,-0.361,31.257,-1.967,0.290,-0.915,0.001,0.959,-0.14,-6.16,-66.91,0.4272,0.4287,0.5062,0.5070,8206,28.166,718.0,381.0,476.3,22.6,498.9,20.85,23.93,0.92337,11.140,12.49,24.85,14,2
83.943,hall_mission,9x4.5,pi5,-0.346,31.207,-1.967,0.298,-0.914,0.001,0.961,-0.28,-6.16,-66.42,0.4350,0.4479,0.4992,0.4875,8207,28.105,716.5,378.3,472.9,22.6,495.5,20.70,23.94,0.92332,11.147,12.58,24.85,14,2
83.991,hall_mission,9x4.5,pi5,-0.335,31.171,-1.968,0.304,-0.914,0.000,0.963,-0.28,-6.17,-66.21,0.4761,0.4791,0.4552,0.4582,8204,28.028,714.5,375.7,469.6,22.6,492.2,20.56,23.94,0.92327,11.154,12.66,24.85,14,2
84.043,hall_mission,9x4.5,pi5,-0.317,31.114,-1.968,0.313,-0.913,-0.005,0.965,0.03,-6.14,-65.90,0.5061,0.5056,0.4253,0.4286,8192,28.077,715.8,379.2,474.0,22.6,496.6,20.75,23.93,0.92322,11.161,12.55,24.85,14,2
84.091,hall_mission,9x4.5,pi5,-0.305,31.078,-1.968,0.321,-0.912,-0.008,0.967,0.27,-6.12,-65.63,0.5165,0.5162,0.4132,0.4177,8186,28.116,716.8,381.7,477.2,22.6,499.8,20.89,23.93,0.92317,11.167,12.46,24.85,14,2
84.143,hall_mission,9x4.5,pi5,-0.289,31.027,-1.969,0.334,-0.908,-0.009,0.968,0.54,-6.09,-65.00,0.5154,0.5153,0.4141,0.4182,8183,28.094,716.2,381.2,476.4,22.6,499.0,20.86,23.93,0.92312,11.175,12.48,24.85,14,2
84.191,hall_mission,9x4.5,pi5,-0.276,30.991,-1.969,0.344,-0.905,-0.008,0.968,0.66,-6.09,-64.44,0.5077,0.5064,0.4226,0.4271,8186,28.047,715.0,378.9,473.6,22.6,496.2,20.73,23.93,0.92308,11.181,12.56,24.85,14,2
84.235,hall_mission,9x4.5,pi5,-0.256,30.934,-1.970,0.361,-0.899,-0.007,0.969,0.73,-6.08,-63.41,0.4963,0.4957,0.4346,0.4380,8189,27.995,713.7,376.4,470.5,22.6,493.1,20.60,23.94,0.92303,11.187,12.63,24.85,14,2
84.287,hall_mission,9x4.5,pi5,-0.243,30.899,-1.970,0.371,-0.895,-0.006,0.969,0.71,-6.09,-62.62,0.4804,0.4820,0.4508,0.4521,8191,27.953,712.6,374.4,468.0,22.6,490.6,20.49,23.94,0.92299,11.194,12.70,24.85,14,2
84.335,hall_mission,9x4.5,pi5,-0.223,30.851,-1.971,0.386,-0.888,-0.005,0.969,0.59,-6.10,-61.38,0.4678,0.4679,0.4640,0.4665,8195,27.957,712.7,374.1,467.6,22.6,490.2,20.48,23.94,0.92294,11.201,12.71,24.85,14,2
84.387,hall_mission,9x4.5,pi5,-0.209,30.816,-1.971,0.396,-0.884,-0.004,0.969,0.49,-6.12,-60.54,0.4541,0.4562,0.4778,0.4793,8199,28.000,713.8,375.2,469.0,22.6,491.6,20.54,23.94,0.92289,11.208,12.67,24.85,14,2
84.435,hall_mission,9x4.5,pi5,-0.186,30.762,-1.972,0.410,-0.877,-0.002,0.968,0.30,-6.13,-59.34,0.4459,0.4458,0.4871,0.4896,8203,28.053,715.2,376.8,471.0,22.6,493.6,20.62,23.93,0.92284,11.215,12.62,24.85,14,2
84.487,hall_mission,9x4.5,pi5,-0.171,30.728,-1.972,0.419,-0.873,-0.002,0.968,0.17,-6.15,-58.61,0.4374,0.4398,0.4956,0.4966,8207,28.111,716.6,378.6,473.3,22.6,495.9,20.72,23.93,0.92279,11.222,12.56,24.85,14,2
84.535,hall_mission,9x4.5,pi5,-0.149,30.682,-1.972,0.429,-0.868,-0.002,0.968,-0.02,-6.16,-57.64,0.4338,0.4353,0.5000,0.5009,8209,28.149,717.6,379.9,474.8,22.6,497.4,20.79,23.93,0.92275,11.228,12.52,24.85,14,2
84.587,hall_mission,9x4.5,pi5,-0.134,30.649,-1.972,0.436,-0.864,-0.002,0.968,-0.14,-6.17,-57.10,0.4321,0.4338,0.5020,0.5028,8211,28.173,718.2,380.5,475.7,22.6,498.3,20.83,23.93,0.92270,11.236,12.49,24.85,14,2
84.635,hall_mission,9x4.5,pi5,-0.108,30.598,-1.972,0.446,-0.860,-0.002,0.968,-0.29,-6.18,-56.42,0.4428,0.4653,0.4940,0.4695,8215,28.124,717.0,378.0,472.5,22.6,495.1,20.69,23.93,0.92265,11.242,12.57,24.85,14,2
84.687,hall_mission,9x4.5,pi5,-0.092,30.565,-1.973,0.451,-0.857,-0.005,0.969,-0.14,-6.19,-56.10,0.5114,0.5154,0.4188,0.4230,8204,28.206,719.0,382.9,478.6,22.6,501.2,20.95,23.92,0.92260,11.249,12.42,24.85,14,2
84.735,hall_mission,9x4.5,pi5,-0.069,30.520,-1.973,0.463,-0.852,-0.015,0.969,0.45,-6.11,-55.45,0.5496,0.5463,0.3802,0.3852,8177,28.436,724.9,395.7,494.6,22.6,517.2,21.64,23.90,0.92255,11.256,12.02,24.85,14,2
84.787,hall_mission,9x4.5,pi5,-0.052,30.488,-1.974,0.473,-0.846,-0.023,0.969,0.85,-6.06,-54.80,0.5583,0.5564,0.3659,0.3719,8145,28.395,723.9,398.3,497.9,22.6,520.5,21.78,23.90,0.92250,11.264,11.94,24.85,14,2
84.835,hall_mission,9x4.5,pi5,-0.023,30.437,-1.976,0.493,-0.832,-0.030,0.967,1.27,-6.01,-53.43,0.5490,0.5475,0.3715,0.3797,8128,28.156,717.8,391.0,488.8,22.6,511.4,21.39,23.91,0.92245,11.271,12.16,24.85,14,2
84.887,hall_mission,9x4.5,pi5,-0.005,30.406,-1.978,0.506,-0.821,-0.030,0.965,1.42,-6.00,-52.26,0.5273,0.5272,0.3932,0.3982,8122,27.838,709.7,379.2,474.0,22.6,496.6,20.76,23.93,0.92240,11.278,12.53,24.85,14,2
84.935,hall_mission,9x4.5,pi5,0.022,30.363,-1.980,0.526,-0.805,-0.027,0.962,1.47,-6.02,-50.21,0.5038,0.5020,0.4171,0.4233,8123,27.616,704.0,370.3,462.8,22.6,485.4,20.28,23.94,0.92236,11.284,12.83,24.85,14,2
84.987,hall_mission,9x4.5,pi5,0.042,30.333,-1.981,0.540,-0.793,-0.023,0.959,1.40,-6.05,-48.71,0.4758,0.4765,0.4471,0.4499,8134,27.558,702.5,366.5,458.1,22.6,480.7,20.07,23.95,0.92231,11.291,12.95,24.85,14,2
85.035,hall_mission,9x4.5,pi5,0.076,30.287,-1.983,0.562,-0.773,-0.015,0.956,1.18,-6.11,-46.40,0.4539,0.4528,0.4710,0.4751,8146,27.637,704.5,367.9,459.8,22.6,482.4,20.15,23.94,0.92227,11.298,12.90,24.85,14,2
85.079,hall_mission,9x4.5,pi5,0.098,30.258,-1.984,0.575,-0.761,-0.011,0.954,1.00,-6.14,-44.88,0.4347,0.4360,0.4913,0.4932,8155,27.758,707.6,371.5,464.4,22.6,487.0,20.34,23.94,0.92222,11.304,12.78,24.85,14,2
85.131,hall_mission,9x4.5,pi5,0.120,30.230,-1.985,0.587,-0.750,-0.008,0.953,0.79,-6.18,-43.44,0.4116,0.3770,0.5227,0.5504,8179,28.313,721.8,390.5,488.1,22.6,510.7,21.36,23.91,0.92217,11.311,12.17,24.85,14,2
85.179,hall_mission,9x4.5,pi5,0.152,30.192,-1.987,0.604,-0.737,-0.016,0.953,0.10,-6.27,-41.56,0.3155,0.3114,0.6095,0.6161,8145,29.580,754.1,445.6,557.0,22.6,579.6,24.33,23.82,0.92212,11.319,10.68,24.85,14,2
85.231,hall_mission,9x4.5,pi5,0.176,30.165,-1.989,0.614,-0.733,-0.039,0.957,-0.70,-6.23,-40.68,0.2518,0.2564,0.6595,0.6574,8046,30.527,778.2,495.0,618.8,22.6,641.4,27.02,23.74,0.92205,11.328,9.62,24.85,14,2
85.279,hall_mission,9x4.5,pi5,0.214,30.121,-1.994,0.623,-0.737,-0.092,0.969,-1.89,-6.09,-40.23,0.2295,0.2399,0.6629,0.6571,7917,30.049,766.0,490.7,613.4,22.6,636.0,26.79,23.74,0.92199,11.337,9.70,24.85,14,2
85.331,hall_mission,9x4.5,pi5,0.238,30.093,-1.999,0.623,-0.743,-0.118,0.977,-2.53,-5.98,-40.55,0.2372,0.2521,0.6354,0.6315,7796,28.613,729.4,448.5,560.6,22.6,583.2,24.49,23.81,0.92194,11.345,10.61,24.85,14,2
85.379,hall_mission,9x4.5,pi5,0.270,30.053,-2.008,0.615,-0.754,-0.132,0.982,-3.16,-5.86,-41.93,0.2691,0.2804,0.5964,0.5963,7746,27.242,694.5,401.8,502.2,22.6,524.8,21.97,23.89,0.92189,11.352,11.83,24.85,14,2
85.431,hall_mission,9x4.5,pi5,0.293,30.024,-2.014,0.605,-0.762,-0.126,0.981,-3.38,-5.84,-43.34,0.3157,0.3250,0.5512,0.5511,7749,26.162,667.0,360.5,450.6,22.6,473.2,19.76,23.95,0.92184,11.359,13.15,24.85,14,2
85.475,hall_mission,9x4.5,pi5,0.329,29.976,-2.023,0.586,-0.774,-0.092,0.975,-3.46,-5.90,-45.99,0.3610,0.3675,0.5135,0.5143,7797,25.800,657.7,341.0,426.2,22.6,448.8,18.71,23.98,0.92180,11.364,13.89,24.85,14,2
85.523,hall_mission,9x4.5,pi5,0.350,29.946,-2.027,0.573,-0.781,-0.064,0.971,-3.38,-6.00,-47.99,0.4091,0.4143,0.4770,0.4761,7870,25.878,659.7,334.9,418.7,22.6,441.3,18.39,23.99,0.92176,11.370,14.13,24.85,14,2
85.575,hall_mission,9x4.5,pi5,0.379,29.902,-2.031,0.554,-0.791,-0.026,0.966,-3.13,-6.19,-51.13,0.4563,0.4593,0.4408,0.4414,7947,26.298,670.4,341.4,426.8,22.6,449.4,18.74,23.98,0.92171,11.377,13.87,24.85,14,2
85.623,hall_mission,9x4.5,pi5,0.398,29.871,-2.031,0.542,-0.798,-0.003,0.964,-2.90,-6.33,-53.20,0.4915,0.4950,0.4146,0.4147,8013,26.863,684.8,355.0,443.7,22.6,466.3,19.46,23.96,0.92167,11.383,13.35,24.85,14,2
85.675,hall_mission,9x4.5,pi5,0.428,29.819,-2.030,0.522,-0.811,0.020,0.965,-2.50,-6.51,-56.12,0.5212,0.5233,0.3930,0.3935,8067,27.458,700.0,371.3,464.1,22.6,486.7,20.34,23.93,0.92162,11.390,12.77,24.85,14,2
85.723,hall_mission,9x4.5,pi5,0.445,29.786,-2.029,0.511,-0.819,0.028,0.966,-2.24,-6.62,-57.86,0.5387,0.5404,0.3791,0.3805,8095,27.839,709.7,382.7,478.4,22.6,501.0,20.95,23.91,0.92158,11.397,12.40,24.85,14,2
85.775,hall_mission,9x4.5,pi5,0.470,29.739,-2.026,0.498,-0.831,0.032,0.970,-1.84,-6.73,-60.10,0.5490,0.5495,0.3718,0.3723,8110,28.065,715.4,389.8,487.3,22.6,509.9,21.33,23.90,0.92152,11.404,12.18,24.85,14,2
85.823,hall_mission,9x4.5,pi5,0.487,29.705,-2.024,0.490,-0.839,0.032,0.972,-1.60,-6.78,-61.31,0.5478,0.5357,0.3742,0.3892,8125,28.047,715.0,387.1,483.8,22.6,506.4,21.19,23.91,0.92148,11.411,12.26,24.84,14,2
85.875,hall_mission,9x4.5,pi5,0.513,29.650,-2.021,0.478,-0.852,0.031,0.977,-1.50,-6.80,-62.73,0.4997,0.5033,0.4205,0.4246,8130,27.650,704.9,370.7,463.3,22.6,485.9,20.30,23.93,0.92143,11.418,12.79,24.84,14,2
85.923,hall_mission,9x4.5,pi5,0.530,29.615,-2.019,0.470,-0.859,0.032,0.980,-1.63,-6.79,-63.51,0.4707,0.4737,0.4532,0.4527,8138,27.577,703.0,366.7,458.3,22.6,480.9,20.09,23.94,0.92138,11.424,12.93,24.84,14,2
85.975,hall_mission,9x4.5,pi5,0.553,29.565,-2.017,0.457,-0.870,0.036,0.984,-1.86,-6.78,-64.58,0.4541,0.4586,0.4709,0.4713,8154,27.685,705.8,368.7,460.9,22.6,483.5,20.20,23.93,0.92134,11.431,12.85,24.84,14,2
86.023,hall_mission,9x4.5,pi5,0.569,29.529,-2.015,0.447,-0.878,0.040,0.986,-1.96,-6.78,-65.29,0.4505,0.4551,0.4774,0.4773,8174,27.826,709.4,371.7,464.7,22.6,487.3,20.36,23.93,0.92129,11.438,12.75,24.84,14,2
86.067,hall_mission,9x4.5,pi5,0.585,29.492,-2.013,0.436,-0.886,0.043,0.989,-2.01,-6.79,-66.03,0.4536,0.4577,0.4773,0.4771,8193,27.956,712.7,374.3,467.8,22.6,490.4,20.50,23.92,0.92125,11.444,12.67,24.84,14,2
86.119,hall_mission,9x4.5,pi5,0.610,29.432,-2.009,0.419,-0.899,0.047,0.993,-2.00,-6.80,-67.16,0.4606,0.4648,0.4719,0.4723,8207,28.044,714.9,375.9,469.9,22.6,492.5,20.59,23.92,0.92120,11.451,12.61,24.84,14,2
86.167,hall_mission,9x4.5,pi5,0.625,29.395,-2.007,0.408,-0.907,0.047,0.996,-1.94,-6.82,-67.92,0.4693,0.4722,0.4652,0.4653,8216,28.102,716.4,377.0,471.3,22.6,493.9,20.65,23.92,0.92115,11.457,12.57,24.84,14,2
86.219,hall_mission,9x4.5,pi5,0.646,29.341,-2.005,0.394,-0.918,0.046,1.000,-1.80,-6.83,-69.05,0.4776,0.4811,0.4568,0.4576,8220,28.141,717.4,378.0,472.5,22.6,495.1,20.70,23.92,0.92110,11.464,12.54,24.84,14,2
86.267,hall_mission,9x4.5,pi5,0.661,29.302,-2.003,0.385,-0.925,0.044,1.003,-1.68,-6.84,-69.77,0.4851,0.4875,0.4501,0.4510,8222,28.171,718.2,379.0,473.7,22.6,496.3,20.75,23.91,0.92106,11.471,12.51,24.84,14,2
86.319,hall_mission,9x4.5,pi5,0.683,29.240,-2.001,0.371,-0.936,0.041,1.008,-1.49,-6.84,-70.76,0.4914,0.4926,0.4443,0.4456,8223,28.195,718.8,379.9,474.8,22.6,497.4,20.80,23.91,0.92101,11.478,12.48,24.84,14,2
86.367,hall_mission,9x4.5,pi5,0.697,29.200,-1.999,0.364,-0.943,0.039,1.011,-1.36,-6.84,-71.35,0.4944,0.4964,0.4409,0.4420,8222,28.208,719.1,380.4,475.5,22.6,498.1,20.83,23.91,0.92096,11.485,12.46,24.84,14,2
86.419,hall_mission,9x4.5,pi5,0.716,29.145,-1.998,0.354,-0.951,0.036,1.015,-1.18,-6.83,-72.09,0.4953,0.4990,0.4389,0.4405,8222,28.218,719.3,380.8,476.0,22.6,498.6,20.85,23.91,0.92091,11.492,12.45,24.84,14,2
86.467,hall_mission,9x4.5,pi5,0.730,29.105,-1.997,0.348,-0.956,0.034,1.018,-1.07,-6.82,-72.49,0.4961,0.4980,0.4393,0.4405,8223,28.220,719.4,380.8,476.0,22.6,498.6,20.85,23.91,0.92086,11.499,12.44,24.84,14,2
86.519,hall_mission,9x4.5,pi5,0.751,29.040,-1.995,0.340,-0.963,0.032,1.022,-0.92,-6.80,-72.95,0.4916,0.4760,0.4471,0.4615,8231,28.230,719.7,380.1,475.1,22.6,497.7,20.81,23.91,0.92081,11.506,12.47,24.84,14,2
86.567,hall_mission,9x4.5,pi5,0.764,28.999,-1.993,0.335,-0.968,0.028,1.025,-0.96,-6.80,-73.19,0.4381,0.4417,0.4956,0.4984,8223,28.220,719.4,380.8,476.0,22.6,498.6,20.85,23.91,0.92077,11.513,12.44,24.84,14,2
86.619,hall_mission,9x4.5,pi5,0.781,28.942,-1.992,0.327,-0.975,0.018,1.029,-1.37,-6.73,-73.61,0.4022,0.4078,0.5298,0.5275,8199,28.320,722.0,388.1,485.1,22.6,507.7,21.25,23.90,0.92072,11.520,12.21,24.84,14,2
86.667,hall_mission,9x4.5,pi5,0.794,28.901,-1.992,0.318,-0.981,0.011,1.031,-1.67,-6.69,-74.04,0.3904,0.3957,0.5381,0.5377,8179,28.311,721.7,390.4,488.0,22.6,510.6,21.37,23.89,0.92067,11.527,12.14,24.84,14,2
86.719,hall_mission,9x4.5,pi5,0.813,28.834,-1.991,0.301,-0.989,0.004,1.034,-1.99,-6.64,-74.99,0.3935,0.4005,0.5333,0.5317,8169,28.182,718.4,386.6,483.3,22.6,505.9,21.17,23.90,0.92062,11.534,12.26,24.84,14,2
86.767,hall_mission,9x4.5,pi5,0.824,28.792,-1.991,0.289,-0.994,0.003,1.035,-2.11,-6.62,-75.83,0.4077,0.4131,0.5186,0.5189,8167,28.022,714.4,380.5,475.7,22.6,498.3,20.84,23.91,0.92057,11.541,12.45,24.84,14,2
86.819,hall_mission,9x4.5,pi5,0.839,28.734,-1.991,0.271,-1.000,0.003,1.036,-2.14,-6.63,-77.33,0.4273,0.4332,0.5002,0.4982,8168,27.879,710.7,374.6,468.3,22.6,490.9,20.52,23.92,0.92052,11.548,12.64,24.84,14,2
86.867,hall_mission,9x4.5,pi5,0.850,28.692,-1.991,0.258,-1.004,0.005,1.037,-2.08,-6.65,-78.44,0.4476,0.4527,0.4798,0.4804,8174,27.837,709.7,372.1,465.1,22.6,487.7,20.39,23.92,0.92048,11.554,12.72,24.84,14,2
86.919,hall_mission,9x4.5,pi5,0.865,28.624,-1.990,0.237,-1.010,0.008,1.038,-1.91,-6.69,-80.18,0.4681,0.4731,0.4607,0.4609,8183,27.875,710.6,372.5,465.6,22.6,488.2,20.41,23.92,0.92043,11.561,12.71,24.84,14,2
86.967,hall_mission,9x4.5,pi5,0.873,28.582,-1.989,0.225,-1.014,0.009,1.038,-1.76,-6.71,-81.33,0.4858,0.4878,0.4450,0.4463,8191,27.965,712.9,375.0,468.7,22.6,491.3,20.54,23.92,0.92038,11.568,12.62,24.84,14,2
87.019,hall_mission,9x4.5,pi5,0.885,28.522,-1.988,0.208,-1.018,0.010,1.039,-1.51,-6.75,-82.96,0.4996,0.5014,0.4328,0.4331,8198,28.077,715.8,378.5,473.1,22.6,495.7,20.73,23.91,0.92033,11.575,12.51,24.84,14,2
87.067,hall_mission,9x4.5,pi5,0.892,28.479,-1.988,0.197,-1.021,0.011,1.040,-1.34,-6.77,-83.94,0.5081,0.5100,0.4241,0.4258,8202,28.158,717.8,381.2,476.5,22.6,499.1,20.88,23.90,0.92029,11.582,12.42,24.84,14,2
87.119,hall_mission,9x4.5,pi5,0.903,28.411,-1.986,0.182,-1.026,0.010,1.042,-1.09,-6.79,-85.21,0.5124,0.5158,0.4194,0.4211,8204,28.213,719.2,383.1,478.9,22.6,501.5,20.98,23.90,0.92024,11.589,12.36,24.84,14,2
87.167,hall_mission,9x4.5,pi5,0.910,28.368,-1.985,0.173,-1.029,0.009,1.044,-0.93,-6.80,-85.90,0.5142,0.5167,0.4184,0.4203,8207,28.243,720.0,383.9,479.9,22.6,502.5,21.03,23.90,0.92019,11.596,12.33,24.84,14,2
87.219,hall_mission,9x4.5,pi5,0.918,28.308,-1.983,0.163,-1.033,0.008,1.045,-0.73,-6.80,-86.71,0.5133,0.5145,0.4210,0.4218,8211,28.255,720.3,383.8,479.8,22.6,502.4,21.02,23.90,0.92014,11.603,12.33,24.84,14,2
87.267,hall_mission,9x4.5,pi5,0.923,28.265,-1.982,0.156,-1.035,0.008,1.047,-0.62,-6.80,-87.10,0.5092,0.5112,0.4246,0.4264,8214,28.244,720.0,383.0,478.8,22.6,501.4,20.98,23.90,0.92009,11.610,12.36,24.84,14,2
87.319,hall_mission,9x4.5,pi5,0.931,28.196,-1.981,0.147,-1.039,0.006,1.049,-0.47,-6.79,-87.47,0.5037,0.5053,0.4307,0.4321,8215,28.212,719.2,381.6,477.0,22.6,499.6,20.90,23.90,0.92004,11.617,12.40,24.84,14,2
87.359,hall_mission,9x4.5,pi5,0.936,28.153,-1.980,0.143,-1.041,0.005,1.051,-0.40,-6.78,-87.60,0.4982,0.5004,0.4362,0.4372,8216,28.187,718.6,380.4,475.6,22.6,498.2,20.84,23.90,0.92000,11.622,12.44,24.84,14,2
87.411,hall_mission,9x4.5,pi5,0.941,28.110,-1.980,0.139,-1.043,0.005,1.053,-0.35,-6.77,-87.64,0.6024,0.5659,0.4086,0.2941,8213,29.423,750.1,429.5,536.9,22.6,559.5,23.49,23.82,0.91995,11.630,11.04,24.84,14,2
87.459,hall_mission,9x4.5,pi5,0.948,28.050,-1.979,0.135,-1.049,-0.029,1.058,0.02,-6.01,-87.35,0.8110,0.8099,0.1169,0.0997,8091,38.037,969.7,787.4,984.2,22.6,1006.8,43.35,23.23,0.91985,11.644,5.98,24.84,14,2
87.511,hall_mission,9x4.5,pi5,0.953,28.006,-1.982,0.136,-1.053,-0.149,1.072,0.45,-4.54,-86.35,0.8434,0.8582,0.0000,0.0012,7245,39.659,1011.0,887.1,1108.9,22.6,1131.5,49.08,23.05,0.91973,11.660,5.28,24.84,14,2
87.559,hall_mission,9x4.5,pi5,0.961,27.937,-2.001,0.146,-1.035,-0.406,1.121,1.00,-1.95,-83.02,0.7572,0.7579,0.0000,0.0290,6670,32.429,826.7,651.1,813.9,22.6,836.5,35.66,23.46,0.91965,11.671,7.26,24.84,14,2
87.611,hall_mission,9x4.5,pi5,0.966,27.896,-2.020,0.154,-1.001,-0.485,1.122,1.41,-0.27,-79.73,0.6927,0.6976,0.0000,0.0523,6302,28.069,715.6,519.9,649.9,22.6,672.5,28.41,23.67,0.91958,11.681,9.12,24.84,14,2
87.659,hall_mission,9x4.5,pi5,0.974,27.841,-2.051,0.164,-0.932,-0.501,1.071,2.15,1.88,-73.48,0.6692,0.6799,0.0000,0.0623,6189,26.726,681.3,481.0,601.3,22.6,623.9,26.28,23.74,0.91953,11.689,9.86,24.84,14,2
87.711,hall_mission,9x4.5,pi5,0.981,27.804,-2.073,0.170,-0.874,-0.477,1.010,2.68,2.98,-68.54,0.6687,0.6747,0.0000,0.0614,6165,26.527,676.2,475.7,594.6,22.6,617.2,25.99,23.74,0.91946,11.698,9.96,24.84,14,2
87.759,hall_mission,9x4.5,pi5,0.991,27.753,-2.106,0.177,-0.770,-0.423,0.896,3.49,4.03,-60.06,0.6397,0.6452,0.0327,0.0891,6530,25.182,642.0,426.2,532.8,22.6,555.4,23.31,23.82,0.91941,11.706,11.11,24.84,14,2
87.811,hall_mission,9x4.5,pi5,0.998,27.726,-2.124,0.178,-0.702,-0.377,0.816,4.00,4.33,-53.74,0.5719,0.5762,0.1229,0.1580,6611,22.320,569.0,329.8,412.2,22.6,434.8,18.13,23.98,0.91937,11.712,14.28,24.83,14,2
87.859,hall_mission,9x4.5,pi5,1.008,27.693,-2.144,0.174,-0.610,-0.274,0.690,4.56,4.23,-43.53,0.4876,0.4905,0.2447,0.2582,6799,20.483,522.2,254.8,318.6,22.6,341.2,14.16,24.10,0.91934,11.717,18.29,24.83,14,2
87.911,hall_mission,9x4.5,pi5,1.014,27.673,-2.154,0.169,-0.548,-0.176,0.600,4.79,3.86,-36.45,0.3927,0.3946,0.3836,0.3850,7071,20.814,530.6,240.4,300.4,22.6,323.0,13.39,24.12,0.91930,11.721,19.34,24.83,14,2
87.955,hall_mission,9x4.5,pi5,1.024,27.648,-2.160,0.158,-0.457,-0.026,0.484,4.95,3.08,-25.83,0.3149,0.3154,0.5003,0.4999,7341,23.180,590.9,295.8,369.7,22.6,392.3,16.32,24.03,0.91927,11.726,15.86,24.83,14,2
88.003,hall_mission,9x4.5,pi5,1.029,27.635,-2.159,0.150,-0.401,0.035,0.430,4.98,2.53,-19.02,0.2358,0.2356,0.6050,0.6042,7522,26.532,676.4,399.0,498.7,22.6,521.3,21.84,23.87,0.91922,11.733,11.85,24.83,14,2
88.055,hall_mission,9x4.5,pi5,1.036,27.622,-2.153,0.136,-0.324,0.059,0.356,4.89,1.76,-9.65,0.1571,0.1555,0.6916,0.6891,7568,30.082,766.9,525.9,657.4,22.6,680.0,28.74,23.66,0.91915,11.743,9.01,24.83,14,2
88.103,hall_mission,9x4.5,pi5,1.040,27.616,-2.149,0.125,-0.269,0.032,0.299,4.77,1.31,-4.19,0.0998,0.0966,0.7369,0.7349,7477,32.167,820.0,609.9,762.3,22.6,784.9,33.37,23.52,0.91908,11.753,7.76,24.83,14,2
88.155,hall_mission,9x4.5,pi5,1.044,27.610,-2.145,0.107,-0.187,-0.055,0.222,4.47,0.76,2.61,0.0501,0.0458,0.7553,0.7556,7255,32.861,837.7,648.7,810.8,22.6,833.4,35.53,23.45,0.91899,11.765,7.28,24.83,14,2
88.204,hall_mission,9x4.5,pi5,1.047,27.609,-2.147,0.096,-0.141,-0.118,0.207,4.22,0.49,6.14,0.0013,0.0000,0.7685,0.7743,6670,33.338,849.9,682.7,853.3,22.6,875.9,37.44,23.40,0.91891,11.777,6.91,24.83,14,2
88.256,hall_mission,9x4.5,pi5,1.048,27.610,-2.154,0.081,-0.082,-0.209,0.238,3.77,0.19,9.88,0.0008,0.0000,0.7382,0.7358,6419,30.768,784.4,604.9,756.1,22.6,778.7,33.10,23.53,0.91883,11.788,7.82,24.83,14,2
88.304,hall_mission,9x4.5,pi5,1.049,27.612,-2.163,0.072,-0.046,-0.250,0.264,3.46,0.06,11.39,0.0020,0.0000,0.7129,0.7103,6239,28.947,737.9,551.5,689.4,22.6,712.0,30.15,23.61,0.91876,11.798,8.58,24.83,14,2
88.356,hall_mission,9x4.5,pi5,1.049,27.618,-2.179,0.059,-0.000,-0.269,0.275,2.99,-0.05,12.30,0.0021,0.0000,0.6960,0.6965,6128,27.870,710.5,520.8,651.0,22.6,673.6,28.47,23.66,0.91869,11.807,9.09,24.83,14,2
88.404,hall_mission,9x4.5,pi5,1.048,27.623,-2.190,0.052,0.023,-0.263,0.269,2.70,-0.06,12.07,0.0001,0.0000,0.6918,0.6907,6084,27.510,701.3,510.9,638.6,22.6,661.2,27.92,23.68,0.91863,11.816,9.26,24.83,14,2
88.456,hall_mission,9x4.5,pi5,1.047,27.631,-2.205,0.044,0.051,-0.245,0.254,2.29,0.02,10.48,0.0000,0.0019,0.6875,0.6872,6063,27.254,694.8,503.5,629.4,22.6,652.0,27.52,23.69,0.91857,11.826,9.40,24.83,14,2
88.504,hall_mission,9x4.5,pi5,1.045,27.636,-2.215,0.038,0.067,-0.229,0.241,2.03,0.11,8.63,0.0000,0.0041,0.6860,0.6845,6055,27.117,691.3,499.5,624.3,22.6,646.9,27.30,23.70,0.91851,11.834,9.47,24.83,14,2
88.556,hall_mission,9x4.5,pi5,1.042,27.646,-2.229,0.029,0.088,-0.200,0.220,1.67,0.29,4.67,0.0000,0.0069,0.6845,0.6838,6058,27.054,689.7,497.4,621.8,22.6,644.4,27.19,23.70,0.91844,11.844,9.51,24.83,14,2
88.604,hall_mission,9x4.5,pi5,1.040,27.652,-2.237,0.023,0.097,-0.181,0.207,1.43,0.41,1.26,0.0000,0.0084,0.6839,0.6848,6065,27.076,690.3,497.9,622.4,22.6,645.0,27.21,23.70,0.91838,11.852,9.50,24.83,14,2
88.656,hall_mission,9x4.5,pi5,1.036,27.661,-2.247,0.016,0.108,-0.157,0.191,1.09,0.59,-5.02,0.0000,0.0103,0.6845,0.6843,6072,27.087,690.5,498.0,622.4,22.6,645.0,27.22,23.70,0.91831,11.862,9.50,24.83,14,2
88.704,hall_mission,9x4.5,pi5,1.034,27.667,-2.253,0.010,0.113,-0.140,0.180,0.87,0.69,-9.96,0.0000,0.0100,0.6856,0.6856,6080,27.170,692.7,500.3,625.4,22.6,648.0,27.35,23.69,0.91825,11.870,9.45,24.83,14,2
88.756,hall_mission,9x4.5,pi5,1.029,27.675,-2.261,0.001,0.118,-0.112,0.163,0.57,0.79,-18.49,0.0567,0.0672,0.6320,0.6305,6456,24.441,623.1,407.1,508.8,22.6,531.4,22.29,23.84,0.91820,11.878,11.60,24.83,14,2
88.804,hall_mission,9x4.5,pi5,1.026,27.680,-2.265,-0.004,0.120,-0.071,0.140,0.38,0.82,-24.83,0.1283,0.1343,0.5773,0.5762,6564,22.276,567.9,331.8,414.7,22.6,437.3,18.25,23.97,0.91816,11.884,14.17,24.83,14,2
88.856,hall_mission,9x4.5,pi5,1.022,27.687,-2.266,-0.011,0.121,0.025,0.124,0.17,0.80,-35.08,0.2343,0.2368,0.5020,0.5004,6772,20.636,526.1,262.3,327.9,22.6,350.5,14.56,24.08,0.91812,11.889,17.76,24.83,14,2
88.904,hall_mission,9x4.5,pi5,1.019,27.692,-2.263,-0.015,0.121,0.111,0.165,0.07,0.74,-42.21,0.3471,0.3470,0.4280,0.4273,7047,20.815,530.6,242.8,303.5,22.6,326.1,13.53,24.11,0.91809,11.893,19.11,24.83,14,2
88.956,hall_mission,9x4.5,pi5,1.014,27.699,-2.251,-0.020,0.120,0.239,0.268,-0.04,0.64,-52.98,0.4672,0.4674,0.3525,0.3517,7371,22.907,584.0,282.7,353.4,22.6,376.0,15.64,24.04,0.91806,11.899,16.53,24.83,14,2
89.004,hall_mission,9x4.5,pi5,1.011,27.703,-2.240,-0.022,0.119,0.294,0.318,-0.08,0.58,-59.98,0.5623,0.5611,0.2869,0.2856,7578,25.565,651.7,357.4,446.7,22.6,469.3,19.62,23.92,0.91801,11.905,13.18,24.83,14,2
89.056,hall_mission,9x4.5,pi5,1.007,27.709,-2.220,-0.026,0.118,0.320,0.342,-0.13,0.49,-69.82,0.6390,0.6376,0.2239,0.2232,7679,28.310,721.7,449.3,561.6,22.6,584.2,24.57,23.77,0.91795,11.913,10.52,24.83,14,2
89.104,hall_mission,9x4.5,pi5,1.004,27.713,-2.206,-0.028,0.118,0.303,0.326,-0.14,0.43,-75.75,0.6730,0.7286,0.1340,0.2545,7919,31.908,813.4,560.4,700.5,22.6,723.1,30.65,23.59,0.91789,11.923,8.43,24.83,14,2
89.156,hall_mission,9x4.5,pi5,0.999,27.718,-2.186,-0.028,0.114,0.207,0.238,0.09,-0.78,-83.46,0.7000,0.7326,0.1284,0.1758,7726,31.846,811.9,578.0,722.5,22.6,745.1,31.63,23.56,0.91781,11.934,8.17,24.83,14,2
89.204,hall_mission,9x4.5,pi5,0.996,27.721,-2.178,-0.026,0.099,0.144,0.176,0.11,-2.67,-87.74,0.7187,0.7042,0.1433,0.1165,7530,31.011,790.6,563.3,704.1,22.6,726.7,30.81,23.59,0.91774,11.943,8.39,24.83,14,2
89.256,hall_mission,9x4.5,pi5,0.993,27.723,-2.171,-0.025,0.052,0.074,0.094,0.14,-5.92,-92.87,0.6982,0.6873,0.1530,0.0968,7358,29.627,755.3,525.6,657.0,22.6,679.6,28.74,23.65,0.91767,11.953,8.99,24.83,14,2
89.304,hall_mission,9x4.5,pi5,0.990,27.723,-2.168,-0.026,0.004,0.046,0.053,0.26,-7.85,-95.46,0.6698,0.6648,0.1649,0.1046,7245,28.094,716.2,479.3,599.1,22.6,621.7,26.21,23.72,0.91761,11.961,9.86,24.83,14,2
89.356,hall_mission,9x4.5,pi5,0.987,27.716,-2.167,-0.033,-0.091,0.039,0.104,0.50,-10.00,-98.22,0.6431,0.6304,0.1839,0.1351,7203,26.607,678.3,430.3,537.9,22.6,560.5,23.55,23.80,0.91756,11.970,10.97,24.83,14,2
89.404,hall_mission,9x4.5,pi5,0.984,27.708,-2.166,-0.038,-0.154,0.056,0.168,0.71,-10.92,-99.37,0.6126,0.6047,0.2090,0.1764,7240,25.617,653.1,392.4,490.5,22.6,513.1,21.50,23.86,0.91751,11.976,12.01,24.83,14,2
89.456,hall_mission,9x4.5,pi5,0.981,27.692,-2.163,-0.046,-0.243,0.098,0.266,1.02,-11.65,-100.20,0.5949,0.6033,0.2355,0.1953,7335,25.639,653.6,384.4,480.6,22.6,503.2,21.07,23.87,0.91746,11.984,12.26,24.83,14,2
89.504,hall_mission,9x4.5,pi5,0.979,27.676,-2.159,-0.050,-0.306,0.132,0.337,1.37,-11.83,-100.22,0.6179,0.6155,0.2205,0.2048,7443,26.633,678.9,410.5,513.1,22.6,535.7,22.48,23.83,0.91741,11.991,11.49,24.83,14,2
89.556,hall_mission,9x4.5,pi5,0.975,27.645,-2.150,-0.050,-0.408,0.168,0.444,2.00,-11.71,-99.39,0.6180,0.6118,0.2284,0.2247,7531,26.910,686.0,412.1,515.1,22.6,537.7,22.56,23.83,0.91735,11.999,11.45,24.83,14,2
89.600,hall_mission,9x4.5,pi5,0.973,27.622,-2.142,-0.046,-0.469,0.185,0.506,2.32,-11.47,-98.28,0.5967,0.5931,0.2522,0.2562,7586,26.497,675.5,391.1,488.9,22.6,511.5,21.43,23.86,0.91731,12.005,12.05,24.83,14,2
89.648,hall_mission,9x4.5,pi5,0.971,27.595,-2.134,-0.038,-0.526,0.202,0.565,2.51,-11.17,-96.78,0.5635,0.5617,0.2945,0.2998,7663,25.988,662.5,363.7,454.7,22.6,477.3,19.96,23.91,0.91727,12.011,12.93,24.83,14,2
89.700,hall_mission,9x4.5,pi5,0.969,27.555,-2.121,-0.022,-0.598,0.230,0.641,2.52,-10.68,-93.94,0.5237,0.5228,0.3495,0.3543,7775,25.809,657.9,344.0,430.0,22.6,452.6,18.91,23.94,0.91722,12.018,13.66,24.83,14,2
89.748,hall_mission,9x4.5,pi5,0.969,27.523,-2.111,-0.008,-0.644,0.252,0.691,2.39,-10.36,-91.77,0.4864,0.4868,0.4014,0.4052,7882,26.015,663.2,338.7,423.4,22.6,446.0,18.63,23.95,0.91718,12.024,13.86,24.83,14,2
89.800,hall_mission,9x4.5,pi5,0.970,27.469,-2.093,0.015,-0.709,0.281,0.763,2.03,-9.89,-88.34,0.4848,0.4022,0.4807,0.4299,7947,26.396,672.9,345.2,431.6,22.6,454.2,18.97,23.94,0.91713,12.030,13.61,24.82,14,2
89.848,hall_mission,9x4.5,pi5,0.971,27.433,-2.080,0.030,-0.744,0.293,0.800,1.72,-9.08,-86.04,0.3986,0.4080,0.5128,0.5050,8044,27.181,692.9,363.5,454.3,22.6,476.9,19.95,23.91,0.91709,12.037,12.94,24.82,14,2
89.900,hall_mission,9x4.5,pi5,0.974,27.382,-2.063,0.049,-0.778,0.293,0.833,1.02,-6.35,-82.80,0.3603,0.3701,0.5531,0.5585,8107,28.158,717.8,393.8,492.3,22.6,514.9,21.58,23.86,0.91704,12.044,11.96,24.82,14,2
89.948,hall_mission,9x4.5,pi5,0.977,27.345,-2.050,0.060,-0.786,0.280,0.837,0.69,-4.34,-80.94,0.3216,0.3450,0.5843,0.5926,8112,28.828,734.9,419.7,524.6,22.6,547.2,22.98,23.81,0.91699,12.051,11.23,24.82,14,2
90.000,hall_mission,9x4.5,pi5,0.982,27.286,-2.032,0.069,-0.773,0.243,0.813,0.41,-1.59,-78.75,0.3008,0.3217,0.6035,0.6098,8085,29.123,742.4,434.9,543.6,22.6,566.2,23.80,23.79,0.91693,12.060,10.84,24.82,14,2
90.048,hall_mission,9x4.5,pi5,0.985,27.251,-2.023,0.071,-0.749,0.218,0.783,0.35,-0.07,-77.75,0.2870,0.3069,0.6123,0.6179,8043,29.148,743.1,441.0,551.3,22.6,573.9,24.13,23.78,0.91687,12.067,10.69,24.82,14,2
90.100,hall_mission,9x4.5,pi5,0.990,27.205,-2.011,0.069,-0.701,0.184,0.728,0.36,1.73,-76.97,0.2852,0.3013,0.6077,0.6165,7994,28.828,734.9,434.4,543.0,22.6,565.6,23.78,23.79,0.91682,12.075,10.85,24.82,14,2
90.148,hall_mission,9x4.5,pi5,0.993,27.175,-2.004,0.066,-0.660,0.165,0.683,0.38,2.62,-76.93,0.2895,0.3030,0.6011,0.6088,7964,28.489,726.3,424.7,530.9,22.6,553.5,23.25,23.80,0.91677,12.083,11.10,24.82,14,2
90.200,hall_mission,9x4.5,pi5,0.997,27.133,-1.995,0.060,-0.585,0.143,0.605,0.41,3.60,-77.57,0.3052,0.3157,0.5860,0.5907,7947,27.979,713.3,406.9,508.6,22.6,531.2,22.29,23.83,0.91671,12.090,11.58,24.82,14,2
90.248,hall_mission,9x4.5,pi5,1.000,27.110,-1.990,0.055,-0.535,0.136,0.555,0.40,4.03,-78.41,0.3219,0.3296,0.5707,0.5753,7946,27.625,704.2,393.2,491.5,22.6,514.1,21.55,23.85,0.91666,12.097,11.97,24.82,14,2
90.300,hall_mission,9x4.5,pi5,1.004,27.080,-1.983,0.048,-0.454,0.133,0.476,0.32,4.47,-80.37,0.3456,0.3509,0.5511,0.5551,7965,27.330,696.7,379.3,474.2,22.6,496.8,20.81,23.88,0.91661,12.104,12.40,24.82,14,2
90.348,hall_mission,9x4.5,pi5,1.005,27.068,-1.980,0.044,-0.414,0.135,0.438,0.25,4.60,-81.75,0.3658,0.3713,0.5351,0.5386,7995,27.228,694.1,371.6,464.5,22.6,487.1,20.39,23.89,0.91657,12.111,12.65,24.82,14,2
90.400,hall_mission,9x4.5,pi5,1.008,27.048,-1.972,0.038,-0.336,0.139,0.365,0.08,4.65,-84.39,0.3753,0.4577,0.4650,0.5641,8180,28.249,720.1,387.9,484.9,22.6,507.5,21.27,23.86,0.91652,12.118,12.13,24.82,14,2
90.448,hall_mission,9x4.5,pi5,1.009,27.039,-1.968,0.033,-0.289,0.127,0.317,-0.13,3.89,-86.31,0.4669,0.4818,0.4660,0.4483,8184,27.893,711.1,373.0,466.3,22.6,488.9,20.47,23.88,0.91647,12.125,12.60,24.82,14,2
90.500,hall_mission,9x4.5,pi5,1.011,27.029,-1.962,0.027,-0.243,0.111,0.269,-0.54,0.73,-89.17,0.5274,0.5239,0.4096,0.3976,8167,28.098,716.3,383.4,479.3,22.6,501.9,21.03,23.87,0.91642,12.132,12.26,24.82,14,2
90.548,hall_mission,9x4.5,pi5,1.011,27.023,-1.959,0.022,-0.230,0.099,0.252,-0.60,-1.60,-90.90,0.5587,0.5503,0.3840,0.3573,8138,28.315,721.8,396.0,495.1,22.6,517.7,21.71,23.85,0.91637,12.139,11.88,24.82,14,2
90.600,hall_mission,9x4.5,pi5,1.012,27.015,-1.955,0.012,-0.243,0.080,0.256,-0.48,-4.69,-93.11,0.5734,0.5640,0.3632,0.3401,8103,28.370,723.2,402.8,503.5,22.6,526.1,22.07,23.84,0.91632,12.147,11.68,24.82,14,2
90.648,hall_mission,9x4.5,pi5,1.011,27.008,-1.953,0.006,-0.266,0.072,0.276,-0.29,-6.30,-94.26,0.5755,0.5645,0.3556,0.3373,8075,28.241,719.9,401.3,501.6,22.6,524.2,21.99,23.84,0.91627,12.154,11.73,24.82,14,2
90.700,hall_mission,9x4.5,pi5,1.011,26.997,-1.950,-0.002,-0.314,0.066,0.321,0.03,-8.05,-95.48,0.5676,0.5579,0.3591,0.3441,8059,28.017,714.2,394.4,493.0,22.6,515.6,21.62,23.85,0.91622,12.161,11.93,24.82,14,2
90.748,hall_mission,9x4.5,pi5,1.010,26.986,-1.949,-0.008,-0.354,0.066,0.361,0.23,-8.85,-95.96,0.5552,0.5465,0.3689,0.3582,8060,27.813,709.0,386.3,482.9,22.6,505.5,21.18,23.86,0.91617,12.168,12.17,24.82,14,2
90.800,hall_mission,9x4.5,pi5,1.007,26.964,-1.946,-0.015,-0.425,0.070,0.431,0.45,-9.58,-96.25,0.5375,0.5321,0.3847,0.3778,8071,27.637,704.5,377.8,472.3,22.6,494.9,20.73,23.87,0.91612,12.175,12.44,24.82,14,2
90.844,hall_mission,9x4.5,pi5,1.005,26.947,-1.944,-0.019,-0.471,0.074,0.477,0.55,-9.83,-96.18,0.5221,0.5185,0.4011,0.3957,8091,27.577,703.0,372.9,466.2,22.6,488.8,20.47,23.88,0.91608,12.181,12.60,24.82,14,2
90.892,hall_mission,9x4.5,pi5,1.003,26.928,-1.942,-0.023,-0.516,0.080,0.522,0.60,-9.95,-95.96,0.5065,0.5028,0.4190,0.4162,8116,27.589,703.3,370.0,462.5,22.6,485.1,20.31,23.89,0.91603,12.187,12.69,24.82,14,2
90.944,hall_mission,9x4.5,pi5,1.000,26.897,-1.938,-0.026,-0.577,0.088,0.585,0.61,-9.93,-95.39,0.4889,0.4886,0.4378,0.4368,8144,27.670,705.4,369.5,461.9,22.6,484.5,20.28,23.89,0.91599,12.194,12.71,24.82,14,2
90.992,hall_mission,9x4.5,pi5,0.997,26.872,-1.935,-0.028,-0.619,0.092,0.627,0.58,-9.82,-94.92,0.4766,0.4754,0.4534,0.4540,8170,27.800,708.7,371.2,464.0,22.6,486.6,20.37,23.88,0.91594,12.201,12.65,24.82,14,2
91.044,hall_mission,9x4.5,pi5,0.994,26.829,-1.930,-0.030,-0.682,0.097,0.689,0.50,-9.57,-94.15,0.4649,0.4644,0.4685,0.4689,8197,27.972,713.1,374.4,468.0,22.6,490.6,20.55,23.88,0.91589,12.208,12.54,24.82,14,2
91.092,hall_mission,9x4.5,pi5,0.991,26.799,-1.927,-0.030,-0.718,0.097,0.725,0.44,-9.37,-93.63,0.5062,0.4439,0.5017,0.4111,8183,28.016,714.2,378.0,472.5,22.6,495.1,20.74,23.87,0.91585,12.214,12.42,24.82,14,2
91.144,hall_mission,9x4.5,pi5,0.988,26.756,-1.922,-0.030,-0.764,0.093,0.770,0.44,-8.38,-92.85,0.5634,0.5620,0.3690,0.3724,8197,28.779,733.7,406.8,508.5,22.6,531.1,22.29,23.82,0.91579,12.222,11.56,24.82,14,2
91.192,hall_mission,9x4.5,pi5,0.986,26.723,-1.918,-0.029,-0.788,0.077,0.792,0.59,-6.66,-92.15,0.6117,0.6230,0.3066,0.3149,8159,29.770,758.9,451.4,564.3,22.6,586.9,24.71,23.75,0.91574,12.230,10.43,24.82,14,2
91.244,hall_mission,9x4.5,pi5,0.983,26.669,-1.915,-0.021,-0.800,0.030,0.800,0.77,-3.74,-90.51,0.6215,0.6323,0.2776,0.2988,8065,29.589,754.3,455.8,569.8,22.6,592.4,24.95,23.74,0.91568,12.239,10.33,24.82,14,2
91.292,hall_mission,9x4.5,pi5,0.982,26.636,-1.914,-0.015,-0.789,0.004,0.789,0.88,-1.94,-88.94,0.6017,0.6095,0.2899,0.3093,7993,28.649,730.3,427.4,534.3,22.6,556.9,23.41,23.79,0.91562,12.246,11.01,24.82,14,2
91.344,hall_mission,9x4.5,pi5,0.982,26.591,-1.914,-0.004,-0.753,-0.017,0.754,1.04,0.26,-85.90,0.5597,0.5706,0.3269,0.3423,7954,27.503,701.1,387.5,484.3,22.6,506.9,21.25,23.85,0.91557,12.253,12.12,24.82,14,2
91.392,hall_mission,9x4.5,pi5,0.982,26.560,-1.915,0.003,-0.718,-0.020,0.718,1.16,1.39,-83.52,0.5174,0.5257,0.3717,0.3842,7952,26.776,682.6,359.4,449.3,22.6,471.9,19.74,23.90,0.91553,12.260,13.05,24.82,14,2
91.444,hall_mission,9x4.5,pi5,0.984,26.517,-1.916,0.014,-0.649,-0.007,0.649,1.37,2.60,-79.59,0.4710,0.4796,0.4242,0.4341,7987,26.607,678.3,348.3,435.4,22.6,458.0,19.15,23.92,0.91548,12.266,13.45,24.82,14,2
91.492,hall_mission,9x4.5,pi5,0.985,26.493,-1.916,0.020,-0.601,0.006,0.602,1.51,3.14,-76.88,0.4331,0.4406,0.4702,0.4770,8031,26.879,685.2,353.3,441.6,22.6,464.2,19.42,23.91,0.91544,12.272,13.27,24.82,14,2
91.544,hall_mission,9x4.5,pi5,0.988,26.463,-1.916,0.026,-0.531,0.020,0.532,1.72,3.62,-72.88,0.3215,0.3839,0.5326,0.6216,8172,29.029,740.0,420.5,525.7,22.6,548.3,23.04,23.80,0.91538,12.280,11.18,24.82,14,2
91.592,hall_mission,9x4.5,pi5,0.991,26.436,-1.915,0.029,-0.453,-0.019,0.455,1.16,2.30,-69.45,0.2093,0.1649,0.7362,0.6929,7967,32.553,829.9,582.9,728.6,22.6,751.2,31.92,23.53,0.91531,12.290,8.07,24.82,14,2
91.644,hall_mission,9x4.5,pi5,0.993,26.421,-1.916,0.031,-0.416,-0.092,0.427,0.90,1.24,-67.88,0.0830,0.0535,0.8179,0.7717,7687,36.176,922.2,745.0,931.3,22.6,953.9,41.01,23.26,0.91521,12.304,6.28,24.82,14,2
91.692,hall_mission,9x4.5,pi5,0.995,26.409,-1.922,0.033,-0.386,-0.199,0.436,0.76,0.65,-67.11,0.0312,0.0073,0.8029,0.7794,7306,35.261,898.9,731.8,914.7,22.6,937.3,40.26,23.28,0.91513,12.317,6.39,24.82,14,2
91.744,hall_mission,9x4.5,pi5,0.998,26.393,-1.938,0.037,-0.352,-0.341,0.492,0.65,0.28,-67.57,0.0315,0.0124,0.7275,0.7510,6949,31.366,799.6,611.6,764.4,22.6,787.0,33.52,23.48,0.91504,12.328,7.68,24.82,14,2
91.792,hall_mission,9x4.5,pi5,1.000,26.383,-1.954,0.040,-0.331,-0.401,0.521,0.62,0.25,-68.88,0.0650,0.0550,0.6739,0.6672,6727,26.989,688.0,475.5,594.4,22.6,617.0,26.03,23.71,0.91499,12.336,9.89,24.82,14,2
91.844,hall_mission,9x4.5,pi5,1.003,26.369,-1.982,0.042,-0.300,-0.398,0.500,0.48,0.31,-72.07,0.1308,0.1290,0.5976,0.5927,6687,23.350,595.3,358.4,447.9,22.6,470.5,19.69,23.90,0.91494,12.343,13.07,24.82,14,2
91.892,hall_mission,9x4.5,pi5,1.006,26.361,-1.999,0.042,-0.281,-0.344,0.446,0.34,0.38,-74.83,0.2094,0.2111,0.5306,0.5348,6817,21.618,551.1,291.2,364.1,22.6,386.7,16.11,24.00,0.91490,12.348,15.98,24.82,14,2
91.944,hall_mission,9x4.5,pi5,1.009,26.351,-2.018,0.041,-0.257,-0.228,0.346,0.12,0.51,-79.62,0.2993,0.3028,0.4725,0.4721,7037,21.259,542.0,259.0,323.8,22.6,346.4,14.40,24.05,0.91487,12.353,17.87,24.82,14,2
91.992,hall_mission,9x4.5,pi5,1.011,26.344,-2.027,0.039,-0.241,-0.137,0.280,-0.02,0.57,-83.07,0.3653,0.4205,0.3887,0.4835,7441,23.221,592.0,286.4,358.0,22.6,380.6,15.85,24.01,0.91483,12.358,16.23,24.82,14,2
92.044,hall_mission,9x4.5,pi5,1.014,26.335,-2.032,0.034,-0.217,-0.027,0.221,-0.36,-0.15,-88.34,0.4602,0.4779,0.3979,0.3857,7672,24.637,628.1,312.0,390.0,22.6,412.6,17.22,23.97,0.91479,12.364,14.95,24.82,14,2
92.092,hall_mission,9x4.5,pi5,1.016,26.329,-2.031,0.030,-0.210,0.019,0.213,-0.78,-1.74,-91.75,0.5211,0.5249,0.3645,0.3487,7807,25.984,662.4,346.8,433.4,22.6,456.0,19.07,23.91,0.91475,12.370,13.49,24.82,14,2
92.144,hall_mission,9x4.5,pi5,1.018,26.320,-2.027,0.018,-0.219,0.058,0.227,-1.10,-4.43,-96.50,0.5653,0.5624,0.3402,0.3132,7887,27.131,691.6,381.2,476.5,22.6,499.1,20.92,23.86,0.91470,12.378,12.30,24.82,14,2
92.192,hall_mission,9x4.5,pi5,1.020,26.309,-2.020,-0.003,-0.255,0.074,0.265,-1.01,-6.73,-100.61,0.5888,0.5847,0.3206,0.2969,7923,27.827,709.4,403.8,504.8,22.6,527.4,22.14,23.82,0.91465,12.385,11.62,24.82,14,2
92.244,hall_mission,9x4.5,pi5,1.020,26.300,-2.016,-0.018,-0.288,0.076,0.299,-0.79,-7.89,-102.94,0.6009,0.5947,0.3099,0.2889,7935,28.162,717.9,415.4,519.3,22.6,541.9,22.77,23.80,0.91460,12.392,11.30,24.82,14,2
92.292,hall_mission,9x4.5,pi5,1.018,26.284,-2.009,-0.043,-0.344,0.075,0.355,-0.35,-9.09,-105.76,0.6012,0.5945,0.3073,0.2923,7938,28.180,718.4,415.7,519.6,22.6,542.2,22.78,23.80,0.91454,12.400,11.29,24.82,14,2
92.344,hall_mission,9x4.5,pi5,1.016,26.270,-2.005,-0.060,-0.388,0.076,0.400,-0.05,-9.57,-107.19,0.5920,0.5880,0.3139,0.3036,7946,28.016,714.2,408.4,510.5,22.6,533.1,22.39,23.81,0.91449,12.407,11.49,24.82,14,2
92.392,hall_mission,9x4.5,pi5,1.013,26.253,-2.000,-0.077,-0.433,0.077,0.447,0.22,-9.85,-108.25,0.5788,0.5759,0.3266,0.3201,7960,27.789,708.4,397.9,497.3,22.6,519.9,21.82,23.83,0.91444,12.414,11.79,24.82,14,2
92.444,hall_mission,9x4.5,pi5,1.007,26.221,-1.993,-0.102,-0.505,0.083,0.522,0.53,-9.98,-109.24,0.5620,0.5586,0.3465,0.3417,7987,27.578,703.0,386.3,482.9,22.6,505.5,21.20,23.85,0.91439,12.422,12.13,24.82,14,2
92.492,hall_mission,9x4.5,pi5,1.000,26.189,-1.987,-0.122,-0.564,0.091,0.584,0.72,-9.88,-109.60,0.5438,0.5420,0.3672,0.3647,8019,27.458,700.0,377.5,471.8,22.6,494.4,20.72,23.86,0.91435,12.428,12.41,24.82,14,2
92.544,hall_mission,9x4.5,pi5,0.995,26.163,-1.983,-0.134,-0.605,0.097,0.627,0.78,-9.72,-109.55,0.5238,0.5232,0.3906,0.3905,8057,27.412,698.8,370.8,463.5,22.6,486.1,20.37,23.87,0.91430,12.435,12.63,24.82,14,2
92.592,hall_mission,9x4.5,pi5,0.989,26.135,-1.978,-0.145,-0.642,0.104,0.667,0.80,-9.53,-109.33,0.5063,0.5069,0.4124,0.4135,8097,27.486,700.7,368.5,460.6,22.6,483.2,20.24,23.87,0.91425,12.442,12.70,24.82,14,2
92.644,hall_mission,9x4.5,pi5,0.978,26.087,-1.969,-0.160,-0.698,0.113,0.725,0.76,-9.20,-108.74,0.4895,0.4909,0.4354,0.4355,8141,27.658,705.1,369.4,461.8,22.6,484.4,20.29,23.87,0.91420,12.449,12.67,24.82,14,2
92.692,hall_mission,9x4.5,pi5,0.971,26.055,-1.964,-0.168,-0.730,0.117,0.758,0.70,-8.97,-108.25,0.4761,0.4777,0.4531,0.4537,8175,27.833,709.6,371.9,464.8,22.6,487.4,20.42,23.87,0.91416,12.455,12.59,24.82,14,2
92.744,hall_mission,9x4.5,pi5,0.961,26.008,-1.956,-0.177,-0.770,0.118,0.799,0.59,-8.62,-107.44,0.4637,0.4661,0.4682,0.4701,8202,28.005,713.9,375.1,468.8,22.6,491.4,20.60,23.86,0.91411,12.462,12.48,24.82,14,2
92.792,hall_mission,9x4.5,pi5,0.954,25.973,-1.950,-0.183,-0.796,0.117,0.825,0.51,-8.38,-106.90,0.4550,0.4579,0.4794,0.4815,8222,28.158,717.8,378.4,473.0,22.6,495.6,20.78,23.86,0.91406,12.469,12.37,24.82,14,2
92.844,hall_mission,9x4.5,pi5,0.941,25.915,-1.942,-0.191,-0.832,0.112,0.861,0.40,-8.05,-106.13,0.4490,0.4512,0.4881,0.4901,8239,28.295,721.3,381.6,477.0,22.6,499.6,20.95,23.85,0.91401,12.476,12.27,24.81,14,2
92.892,hall_mission,9x4.5,pi5,0.930,25.863,-1.935,-0.196,-0.860,0.105,0.888,0.29,-7.75,-105.47,0.4461,0.4309,0.4939,0.5109,8252,28.442,725.1,385.8,482.2,22.6,504.8,21.17,23.84,0.91396,12.483,12.14,24.81,14,2
92.944,hall_mission,9x4.5,pi5,0.922,25.824,-1.930,-0.200,-0.877,0.097,0.905,0.09,-7.57,-105.13,0.3981,0.4003,0.5393,0.5430,8248,28.760,733.2,399.2,499.0,22.6,521.6,21.90,23.82,0.91391,12.490,11.74,24.81,14,2
92.992,hall_mission,9x4.5,pi5,0.909,25.763,-1.923,-0.208,-0.901,0.074,0.928,-0.45,-7.26,-104.92,0.3702,0.3767,0.5649,0.5619,8222,28.935,737.6,409.7,512.1,22.6,534.7,22.46,23.80,0.91386,12.497,11.44,24.81,14,2
93.044,hall_mission,9x4.5,pi5,0.901,25.724,-1.920,-0.216,-0.912,0.059,0.939,-0.79,-7.07,-105.06,0.3628,0.3689,0.5671,0.5653,8187,28.783,733.8,408.3,510.3,22.6,532.9,22.39,23.80,0.91381,12.505,11.48,24.81,14,2
93.092,hall_mission,9x4.5,pi5,0.892,25.684,-1.918,-0.225,-0.921,0.047,0.949,-1.07,-6.89,-105.44,0.3701,0.3774,0.5555,0.5553,8167,28.486,726.2,399.1,498.9,22.6,521.5,21.89,23.82,0.91376,12.512,11.74,24.81,14,2
93.144,hall_mission,9x4.5,pi5,0.879,25.629,-1.915,-0.240,-0.929,0.036,0.960,-1.32,-6.68,-106.43,0.3896,0.3953,0.5348,0.5356,8156,28.136,717.3,386.6,483.2,22.6,505.8,21.22,23.84,0.91371,12.519,12.11,24.81,14,2
93.192,hall_mission,9x4.5,pi5,0.863,25.566,-1.913,-0.258,-0.933,0.029,0.969,-1.40,-6.52,-107.83,0.4116,0.4174,0.5127,0.5132,8154,27.893,711.1,377.0,471.3,22.6,493.9,20.71,23.85,0.91366,12.526,12.41,24.81,14,2
93.244,hall_mission,9x4.5,pi5,0.852,25.527,-1.912,-0.269,-0.934,0.028,0.973,-1.37,-6.45,-108.92,0.4379,0.4421,0.4886,0.4890,8164,27.798,708.7,372.0,464.9,22.6,487.5,20.43,23.86,0.91361,12.533,12.57,24.81,14,2
93.288,hall_mission,9x4.5,pi5,0.841,25.489,-1.911,-0.280,-0.934,0.029,0.975,-1.29,-6.40,-110.08,0.4581,0.4625,0.4700,0.4699,8175,27.821,709.2,371.4,464.3,22.6,486.9,20.40,23.86,0.91357,12.539,12.59,24.81,14,2
93.340,hall_mission,9x4.5,pi5,0.825,25.435,-1.909,-0.295,-0.932,0.029,0.978,-1.13,-6.36,-111.84,0.4799,0.4829,0.4506,0.4515,8190,27.944,712.4,374.2,467.8,22.6,490.4,20.56,23.86,0.91352,12.546,12.50,24.81,14,2
93.388,hall_mission,9x4.5,pi5,0.813,25.397,-1.908,-0.305,-0.931,0.029,0.980,-0.99,-6.35,-112.97,0.4960,0.4760,0.4391,0.4589,8209,28.090,716.1,377.5,471.9,22.6,494.5,20.73,23.85,0.91348,12.553,12.39,24.81,14,2
93.440,hall_mission,9x4.5,pi5,0.793,25.336,-1.905,-0.320,-0.929,0.027,0.983,-1.00,-6.30,-114.57,0.4452,0.4488,0.4878,0.4900,8215,28.135,717.2,378.4,473.1,22.6,495.7,20.78,23.85,0.91343,12.560,12.36,24.81,14,2
93.488,hall_mission,9x4.5,pi5,0.780,25.298,-1.904,-0.331,-0.926,0.021,0.984,-1.27,-6.23,-115.63,0.4162,0.4216,0.5169,0.5152,8209,28.257,720.4,384.3,480.4,22.6,503.0,21.10,23.84,0.91338,12.567,12.17,24.81,14,2
93.536,hall_mission,9x4.5,pi5,0.761,25.246,-1.903,-0.350,-0.920,0.014,0.985,-1.71,-6.15,-117.39,0.4054,0.4120,0.5257,0.5247,8201,28.296,721.3,386.9,483.6,22.6,506.2,21.24,23.84,0.91333,12.573,12.09,24.81,14,2
93.588,hall_mission,9x4.5,pi5,0.746,25.209,-1.902,-0.365,-0.914,0.010,0.984,-1.94,-6.11,-118.71,0.4119,0.4183,0.5193,0.5181,8200,28.227,719.6,384.2,480.3,22.6,502.9,21.10,23.84,0.91328,12.581,12.17,24.81,14,2
93.636,hall_mission,9x4.5,pi5,0.721,25.150,-1.901,-0.391,-0.901,0.008,0.982,-2.13,-6.10,-120.91,0.4266,0.4307,0.5053,0.5058,8203,28.141,717.4,380.4,475.5,22.6,498.1,20.89,23.84,0.91323,12.587,12.29,24.81,14,2
93.688,hall_mission,9x4.5,pi5,0.701,25.107,-1.900,-0.412,-0.890,0.006,0.980,-2.19,-6.12,-122.80,0.4402,0.4465,0.4918,0.4908,8206,28.085,716.0,377.7,472.1,22.6,494.7,20.74,23.85,0.91318,12.594,12.38,24.81,14,2
93.740,hall_mission,9x4.5,pi5,0.679,25.064,-1.899,-0.434,-0.877,0.005,0.979,-2.16,-6.15,-124.94,0.4584,0.4620,0.4755,0.4751,8213,28.083,715.9,376.7,470.9,22.6,493.5,20.69,23.85,0.91313,12.601,12.41,24.81,14,2
93.788,hall_mission,9x4.5,pi5,0.661,25.030,-1.899,-0.451,-0.867,0.004,0.977,-2.08,-6.18,-126.60,0.4750,0.4794,0.4596,0.4586,8218,28.124,717.0,377.6,472.0,22.6,494.6,20.74,23.85,0.91309,12.608,12.38,24.81,14,2
93.840,hall_mission,9x4.5,pi5,0.629,24.976,-1.897,-0.479,-0.849,0.002,0.975,-1.87,-6.24,-129.03,0.4923,0.4953,0.4429,0.4434,8223,28.205,719.0,380.2,475.3,22.6,497.9,20.88,23.84,0.91304,12.615,12.29,24.81,14,2
93.888,hall_mission,9x4.5,pi5,0.608,24.943,-1.897,-0.496,-0.839,0.000,0.974,-1.70,-6.27,-130.57,0.5281,0.4688,0.4772,0.4022,8231,28.383,723.6,386.2,482.7,22.6,505.3,21.20,23.83,0.91299,12.622,12.11,24.81,14,2
93.940,hall_mission,9x4.5,pi5,0.577,24.898,-1.896,-0.518,-0.823,-0.007,0.973,-1.42,-5.37,-132.74,0.4757,0.4781,0.4615,0.4601,8229,28.193,718.7,379.0,473.7,22.6,496.3,20.81,23.84,0.91294,12.629,12.33,24.81,14,2
93.988,hall_mission,9x4.5,pi5,0.555,24.867,-1.895,-0.526,-0.807,-0.012,0.963,-1.21,-3.79,-134.14,0.4620,0.4658,0.4697,0.4767,8224,28.158,717.8,378.2,472.7,22.6,495.3,20.77,23.85,0.91289,12.636,12.35,24.81,14,2
94.036,hall_mission,9x4.5,pi5,0.519,24.819,-1.895,-0.520,-0.765,-0.017,0.925,-0.94,-1.22,-136.19,0.4547,0.4691,0.4696,0.4798,8220,28.138,717.3,377.9,472.3,22.6,494.9,20.76,23.85,0.91285,12.642,12.36,24.81,14,2
94.088,hall_mission,9x4.5,pi5,0.497,24.791,-1.895,-0.505,-0.730,-0.018,0.888,-0.83,0.32,-137.55,0.4623,0.4741,0.4606,0.4756,8218,28.121,716.9,377.5,471.8,22.6,494.4,20.73,23.85,0.91280,12.650,12.38,24.81,14,2
94.140,hall_mission,9x4.5,pi5,0.469,24.755,-1.895,-0.472,-0.673,-0.019,0.822,-0.74,2.15,-139.56,0.4730,0.4843,0.4513,0.4631,8215,28.107,716.5,377.4,471.7,22.6,494.3,20.73,23.85,0.91275,12.657,12.38,24.81,14,2
94.188,hall_mission,9x4.5,pi5,0.450,24.732,-1.896,-0.441,-0.629,-0.020,0.769,-0.74,3.07,-140.85,0.4841,0.4939,0.4409,0.4514,8210,28.105,716.5,377.9,472.4,22.6,495.0,20.76,23.84,0.91270,12.663,12.36,24.81,14,2
94.241,hall_mission,9x4.5,pi5,0.424,24.700,-1.897,-0.386,-0.555,-0.021,0.677,-0.79,4.04,-142.69,0.4961,0.5026,0.4316,0.4390,8206,28.127,717.0,379.3,474.2,22.6,496.8,20.84,23.84,0.91265,12.670,12.31,24.81,14,2
94.289,hall_mission,9x4.5,pi5,0.410,24.682,-1.897,-0.349,-0.508,-0.021,0.617,-0.83,4.45,-143.81,0.5035,0.5102,0.4246,0.4304,8204,28.159,717.9,380.9,476.2,22.6,498.8,20.92,23.84,0.91261,12.677,12.26,24.81,14,2
94.341,hall_mission,9x4.5,pi5,0.394,24.662,-1.898,-0.296,-0.443,-0.021,0.533,-0.90,4.81,-145.30,0.5091,0.5152,0.4190,0.4247,8202,28.183,718.5,382.2,477.8,22.6,500.4,20.99,23.84,0.91255,12.684,12.22,24.81,14,2
94.389,hall_mission,9x4.5,pi5,0.384,24.650,-1.899,-0.257,-0.397,-0.021,0.474,-0.94,4.91,-146.15,0.4807,0.5982,0.3732,0.4519,8332,29.473,751.3,416.9,521.1,22.6,543.7,22.86,23.78,0.91250,12.692,11.22,24.81,14,2
94.437,hall_mission,9x4.5,pi5,0.373,24.635,-1.901,-0.197,-0.328,-0.048,0.386,-0.59,3.85,-147.13,0.5971,0.6078,0.3399,0.3455,8282,30.034,765.6,446.1,557.7,22.6,580.3,24.45,23.73,0.91245,12.699,10.49,24.81,14,2
94.489,hall_mission,9x4.5,pi5,0.368,24.628,-1.904,-0.169,-0.296,-0.080,0.350,-0.06,1.90,-147.44,0.6540,0.6347,0.2899,0.2814,8173,30.624,780.7,484.0,604.9,22.6,627.5,26.51,23.67,0.91239,12.708,9.67,24.81,14,2
94.541,hall_mission,9x4.5,pi5,0.363,24.619,-1.910,-0.148,-0.274,-0.130,0.337,0.92,-1.37,-147.18,0.6517,0.6330,0.2738,0.2568,8010,29.829,760.4,471.7,589.6,22.6,612.2,25.84,23.69,0.91232,12.717,9.92,24.81,14,2
94.589,hall_mission,9x4.5,pi5,0.360,24.614,-1.916,-0.146,-0.273,-0.156,0.347,1.51,-3.34,-146.48,0.6217,0.6122,0.2836,0.2674,7901,28.539,727.6,434.0,542.5,22.6,565.1,23.80,23.75,0.91227,12.725,10.78,24.81,14,2
94.637,hall_mission,9x4.5,pi5,0.354,24.604,-1.928,-0.160,-0.293,-0.168,0.373,2.11,-5.70,-144.67,0.5884,0.5716,0.3110,0.2983,7844,27.276,695.3,391.9,489.9,22.6,512.5,21.52,23.82,0.91222,12.732,11.92,24.81,14,2
94.689,hall_mission,9x4.5,pi5,0.349,24.597,-1.935,-0.175,-0.313,-0.157,0.391,2.33,-6.90,-143.03,0.5406,0.5307,0.3524,0.3446,7840,26.359,672.0,357.1,446.4,22.6,469.0,19.64,23.87,0.91218,12.738,13.05,24.81,14,2
94.741,hall_mission,9x4.5,pi5,0.340,24.584,-1.944,-0.201,-0.348,-0.125,0.421,2.39,-8.21,-140.11,0.4977,0.4888,0.4008,0.3947,7890,26.115,665.8,341.6,427.0,22.6,449.6,18.81,23.90,0.91213,12.745,13.63,24.81,14,2
94.789,hall_mission,9x4.5,pi5,0.332,24.573,-1.949,-0.220,-0.377,-0.097,0.447,2.28,-8.81,-137.98,0.4612,0.4548,0.4441,0.4391,7952,26.332,671.3,342.1,427.6,22.6,450.2,18.84,23.90,0.91209,12.751,13.61,24.81,14,2
94.837,hall_mission,9x4.5,pi5,0.317,24.551,-1.955,-0.254,-0.426,-0.056,0.500,1.98,-9.39,-134.72,0.4306,0.4251,0.4822,0.4780,8013,26.788,682.9,352.1,440.1,22.6,462.7,19.37,23.88,0.91205,12.757,13.23,24.80,14,2
94.889,hall_mission,9x4.5,pi5,0.305,24.535,-1.957,-0.276,-0.459,-0.036,0.537,1.72,-9.61,-132.61,0.4029,0.4003,0.5140,0.5120,8061,27.324,696.6,366.8,458.5,22.6,481.1,20.17,23.86,0.91200,12.764,12.71,24.80,14,2
94.941,hall_mission,9x4.5,pi5,0.288,24.510,-1.958,-0.306,-0.506,-0.017,0.591,1.31,-9.73,-129.68,0.3844,0.3822,0.5374,0.5354,8098,27.811,709.0,381.3,476.6,22.6,499.2,20.95,23.83,0.91195,12.771,12.24,24.80,14,2
94.989,hall_mission,9x4.5,pi5,0.274,24.489,-1.958,-0.327,-0.539,-0.009,0.630,1.05,-9.70,-127.96,0.3734,0.3723,0.5503,0.5482,8115,28.098,716.3,390.4,488.0,22.6,510.6,21.44,23.82,0.91190,12.778,11.96,24.80,14,2
95.041,hall_mission,9x4.5,pi5,0.249,24.453,-1.958,-0.358,-0.590,-0.002,0.690,0.70,-9.53,-125.80,0.3680,0.3690,0.5551,0.5547,8124,28.237,719.9,394.7,493.4,22.6,516.0,21.67,23.81,0.91185,12.785,11.82,24.80,14,2
95.089,hall_mission,9x4.5,pi5,0.233,24.427,-1.957,-0.376,-0.620,0.000,0.725,0.51,-9.37,-124.66,0.3695,0.3709,0.5540,0.5542,8132,28.266,720.6,394.9,493.7,22.6,516.3,21.68,23.81,0.91180,12.792,11.82,24.80,14,2
95.137,hall_mission,9x4.5,pi5,0.209,24.390,-1.956,-0.398,-0.658,0.003,0.769,0.30,-9.07,-123.38,0.3756,0.3775,0.5486,0.5490,8139,28.224,719.5,392.3,490.4,22.6,513.0,21.54,23.81,0.91175,12.799,11.89,24.80,14,2
95.189,hall_mission,9x4.5,pi5,0.190,24.361,-1.956,-0.413,-0.683,0.004,0.798,0.20,-8.85,-122.81,0.3858,0.3883,0.5388,0.5396,8146,28.129,717.1,387.6,484.5,22.6,507.1,21.29,23.82,0.91170,12.806,12.04,24.80,14,2
95.241,hall_mission,9x4.5,pi5,0.160,24.313,-1.955,-0.434,-0.718,0.006,0.839,0.11,-8.52,-122.33,0.3991,0.4011,0.5261,0.5282,8153,28.025,714.4,382.5,478.1,22.6,500.7,21.01,23.83,0.91165,12.814,12.19,24.80,14,2
95.289,hall_mission,9x4.5,pi5,0.141,24.282,-1.954,-0.445,-0.737,0.008,0.861,0.09,-8.31,-122.22,0.4117,0.4151,0.5146,0.5157,8162,27.959,712.8,378.7,473.3,22.6,495.9,20.81,23.83,0.91160,12.820,12.31,24.80,14,2
95.337,hall_mission,9x4.5,pi5,0.112,24.237,-1.953,-0.458,-0.760,0.011,0.888,0.09,-8.01,-122.31,0.4259,0.4279,0.5020,0.5043,8173,27.935,712.1,376.2,470.2,22.6,492.8,20.68,23.84,0.91156,12.827,12.39,24.80,14,2
95.389,hall_mission,9x4.5,pi5,0.092,24.204,-1.953,-0.467,-0.774,0.013,0.904,0.10,-7.83,-122.50,0.4394,0.4425,0.4903,0.4919,8187,27.961,712.8,375.3,469.1,22.6,491.7,20.63,23.84,0.91151,12.834,12.42,24.80,14,2
95.441,hall_mission,9x4.5,pi5,0.059,24.151,-1.951,-0.478,-0.794,0.017,0.927,0.14,-7.58,-122.92,0.4523,0.4547,0.4788,0.4817,8200,28.005,713.9,375.4,469.2,22.6,491.8,20.63,23.84,0.91146,12.841,12.41,24.80,14,2
95.489,hall_mission,9x4.5,pi5,0.038,24.117,-1.950,-0.484,-0.804,0.018,0.939,0.17,-7.43,-123.24,0.4621,0.4648,0.4715,0.4723,8211,28.068,715.5,376.4,470.4,22.6,493.0,20.68,23.84,0.91141,12.848,12.38,24.80,14,2
95.541,hall_mission,9x4.5,pi5,0.008,24.069,-1.948,-0.491,-0.817,0.019,0.953,0.21,-7.24,-123.76,0.4715,0.4729,0.4636,0.4657,8222,28.146,717.5,377.9,472.4,22.6,495.0,20.77,23.83,0.91136,12.855,12.33,24.80,14,2
95.589,hall_mission,9x4.5,pi5,-0.013,24.034,-1.947,-0.495,-0.824,0.019,0.962,0.24,-7.13,-124.09,0.4829,0.4986,0.4557,0.4398,8234,28.272,720.7,381.4,476.7,22.6,499.3,20.96,23.83,0.91131,12.862,12.22,24.80,14,2
95.641,hall_mission,9x4.5,pi5,-0.047,23.979,-1.945,-0.501,-0.835,0.013,0.974,0.48,-7.01,-124.52,0.5267,0.5318,0.4069,0.4102,8229,28.510,726.8,391.7,489.6,22.6,512.2,21.51,23.81,0.91126,12.869,11.90,24.80,14,2
95.689,hall_mission,9x4.5,pi5,-0.068,23.944,-1.944,-0.503,-0.843,0.005,0.981,0.80,-6.90,-124.66,0.5503,0.5489,0.3834,0.3871,8208,28.637,730.0,399.6,499.5,22.6,522.1,21.94,23.80,0.91121,12.876,11.67,24.80,14,2
95.737,hall_mission,9x4.5,pi5,-0.097,23.895,-1.942,-0.501,-0.853,-0.007,0.989,1.24,-6.76,-124.51,0.5536,0.5526,0.3762,0.3815,8186,28.563,728.2,399.6,499.5,22.6,522.1,21.94,23.80,0.91117,12.883,11.67,24.80,14,2
95.785,hall_mission,9x4.5,pi5,-0.118,23.859,-1.942,-0.497,-0.861,-0.013,0.994,1.45,-6.69,-124.16,0.5440,0.5457,0.3831,0.3873,8173,28.364,723.1,393.4,491.7,22.6,514.3,21.61,23.81,0.91112,12.890,11.85,24.80,14,2
95.833,hall_mission,9x4.5,pi5,-0.138,23.824,-1.942,-0.491,-0.869,-0.016,0.998,1.58,-6.63,-123.61,0.5296,0.5291,0.3974,0.4021,8166,28.128,717.1,384.9,481.1,22.6,503.7,21.15,23.82,0.91107,12.896,12.11,24.80,14,2
95.881,hall_mission,9x4.5,pi5,-0.170,23.766,-1.942,-0.480,-0.880,-0.018,1.003,1.66,-6.58,-122.47,0.5099,0.5107,0.4168,0.4206,8165,27.939,712.3,377.4,471.8,22.6,494.4,20.74,23.83,0.91102,12.903,12.34,24.80,14,2
95.933,hall_mission,9x4.5,pi5,-0.189,23.730,-1.942,-0.472,-0.887,-0.017,1.005,1.62,-6.57,-121.56,0.4883,0.4899,0.4394,0.4424,8173,27.856,710.1,373.1,466.4,22.6,489.0,20.51,23.84,0.91097,12.910,12.48,24.80,14,2
95.985,hall_mission,9x4.5,pi5,-0.215,23.678,-1.943,-0.460,-0.896,-0.014,1.008,1.48,-6.57,-120.07,0.4687,0.4700,0.4607,0.4632,8182,27.870,710.5,372.4,465.5,22.6,488.1,20.47,23.84,0.91093,12.917,12.50,24.80,14,2
96.033,hall_mission,9x4.5,pi5,-0.233,23.641,-1.943,-0.452,-0.902,-0.012,1.009,1.36,-6.58,-119.06,0.4527,0.4549,0.4776,0.4799,8191,27.944,712.4,374.1,467.6,22.6,490.2,20.57,23.83,0.91088,12.924,12.44,24.80,14,2
96.081,hall_mission,9x4.5,pi5,-0.261,23.582,-1.943,-0.440,-0.911,-0.009,1.011,1.14,-6.60,-117.59,0.4404,0.4424,0.4912,0.4932,8199,28.042,714.9,376.9,471.2,22.6,493.8,20.72,23.83,0.91083,12.930,12.35,24.80,14,2
96.133,hall_mission,9x4.5,pi5,-0.278,23.545,-1.943,-0.433,-0.916,-0.008,1.013,0.98,-6.61,-116.68,0.4304,0.4334,0.5017,0.5036,8206,28.140,717.4,380.0,475.0,22.6,497.6,20.88,23.82,0.91078,12.937,12.25,24.80,14,2
96.185,hall_mission,9x4.5,pi5,-0.302,23.492,-1.943,-0.425,-0.922,-0.008,1.015,0.76,-6.63,-115.49,0.4284,0.4411,0.5055,0.4959,8212,28.172,718.2,380.4,475.5,22.6,498.1,20.91,23.82,0.91073,12.945,12.24,24.80,14,2
96.233,hall_mission,9x4.5,pi5,-0.319,23.454,-1.943,-0.419,-0.927,-0.008,1.017,0.69,-6.63,-114.82,0.4584,0.4618,0.4742,0.4769,8214,28.093,716.2,376.9,471.2,22.6,493.8,20.72,23.83,0.91069,12.951,12.35,24.80,14,2
96.285,hall_mission,9x4.5,pi5,-0.344,23.393,-1.943,-0.409,-0.934,-0.010,1.019,0.85,-6.61,-113.90,0.4803,0.4809,0.4533,0.4563,8211,28.084,715.9,376.9,471.2,22.6,493.8,20.72,23.83,0.91064,12.958,12.35,24.80,14,2
96.333,hall_mission,9x4.5,pi5,-0.360,23.355,-1.943,-0.401,-0.938,-0.011,1.021,0.99,-6.61,-113.29,0.4886,0.4880,0.4456,0.4489,8213,28.115,716.7,378.0,472.5,22.6,495.1,20.78,23.83,0.91059,12.965,12.31,24.80,14,2
96.385,hall_mission,9x4.5,pi5,-0.381,23.301,-1.943,-0.389,-0.945,-0.010,1.022,1.13,-6.61,-112.31,0.4878,0.4875,0.4465,0.4506,8217,28.144,717.5,378.5,473.2,22.6,495.8,20.81,23.82,0.91054,12.972,12.29,24.80,14,2
96.433,hall_mission,9x4.5,pi5,-0.396,23.263,-1.943,-0.379,-0.950,-0.009,1.023,1.17,-6.61,-111.60,0.4809,0.4832,0.4531,0.4570,8224,28.172,718.2,378.7,473.4,22.6,496.0,20.82,23.82,0.91049,12.979,12.28,24.80,14,2
96.481,hall_mission,9x4.5,pi5,-0.419,23.200,-1.943,-0.363,-0.958,-0.008,1.025,1.14,-6.63,-110.48,0.4737,0.4742,0.4620,0.4657,8229,28.193,718.7,378.9,473.6,22.6,496.2,20.83,23.82,0.91045,12.985,12.28,24.80,14,2
96.533,hall_mission,9x4.5,pi5,-0.434,23.161,-1.943,-0.354,-0.963,-0.008,1.026,1.08,-6.65,-109.72,0.4639,0.4647,0.4731,0.4747,8232,28.213,719.2,379.3,474.1,22.6,496.7,20.85,23.82,0.91040,12.993,12.27,24.80,14,2
96.585,hall_mission,9x4.5,pi5,-0.453,23.106,-1.942,-0.341,-0.970,-0.009,1.028,0.94,-6.67,-108.60,0.4545,0.4564,0.4821,0.4840,8234,28.242,720.0,380.2,475.2,22.6,497.8,20.90,23.82,0.91035,13.000,12.24,24.80,14,2
96.633,hall_mission,9x4.5,pi5,-0.466,23.067,-1.942,-0.332,-0.975,-0.010,1.030,0.83,-6.68,-107.89,0.4478,0.4497,0.4894,0.4905,8236,28.273,720.7,381.2,476.5,22.6,499.1,20.95,23.82,0.91030,13.006,12.20,24.80,14,2
96.681,hall_mission,9x4.5,pi5,-0.487,23.003,-1.941,-0.319,-0.982,-0.011,1.033,0.65,-6.69,-106.94,0.4432,0.4446,0.4944,0.4955,8236,28.298,721.4,382.1,477.6,22.6,500.2,21.00,23.82,0.91025,13.013,12.17,24.80,14,2
96.733,hall_mission,9x4.5,pi5,-0.499,22.962,-1.941,-0.312,-0.987,-0.012,1.035,0.53,-6.70,-106.38,0.4397,0.4420,0.4973,0.4992,8239,28.328,722.2,383.0,478.8,22.6,501.4,21.05,23.81,0.91020,13.020,12.14,24.80,14,2
96.785,hall_mission,9x4.5,pi5,-0.516,22.906,-1.940,-0.303,-0.992,-0.013,1.037,0.35,-6.70,-105.68,0.4394,0.4408,0.4985,0.5001,8241,28.349,722.7,383.5,479.4,22.6,502.0,21.08,23.81,0.91015,13.028,12.13,24.80,14,2
96.833,hall_mission,9x4.5,pi5,-0.527,22.866,-1.939,-0.297,-0.995,-0.014,1.039,0.25,-6.69,-105.31,0.4510,0.4638,0.4898,0.4755,8246,28.323,722.0,381.8,477.3,22.6,499.9,20.99,23.82,0.91011,13.034,12.18,24.79,14,2
96.881,hall_mission,9x4.5,pi5,-0.545,22.801,-1.938,-0.289,-1.001,-0.019,1.042,0.34,-6.68,-104.86,0.5256,0.4556,0.4750,0.4205,8233,28.345,722.6,384.5,480.6,22.6,503.2,21.13,23.81,0.91006,13.041,12.10,24.79,14,2
96.933,hall_mission,9x4.5,pi5,-0.557,22.760,-1.937,-0.282,-1.004,-0.025,1.043,0.42,-6.11,-104.54,0.5075,0.4985,0.4334,0.4354,8226,28.275,720.8,382.6,478.2,22.6,500.8,21.03,23.81,0.91001,13.048,12.15,24.79,14,2
96.981,hall_mission,9x4.5,pi5,-0.572,22.704,-1.937,-0.270,-0.995,-0.031,1.032,0.42,-3.79,-103.91,0.4941,0.5038,0.4346,0.4408,8221,28.219,719.4,381.1,476.3,22.6,498.9,20.95,23.82,0.90996,13.055,12.20,24.79,14,2
97.033,hall_mission,9x4.5,pi5,-0.583,22.664,-1.937,-0.259,-0.976,-0.032,1.010,0.34,-2.03,-103.39,0.4722,0.4853,0.4512,0.4634,8217,28.119,716.8,377.6,472.0,22.6,494.6,20.76,23.82,0.90991,13.062,12.31,24.79,14,2
97.085,hall_mission,9x4.5,pi5,-0.599,22.604,-1.937,-0.237,-0.923,-0.036,0.953,0.23,0.30,-102.56,0.4477,0.4615,0.4740,0.4863,8207,28.056,715.2,376.4,470.6,22.6,493.2,20.70,23.82,0.90986,13.069,12.34,24.79,14,2
97.133,hall_mission,9x4.5,pi5,-0.608,22.568,-1.937,-0.221,-0.878,-0.037,0.907,0.18,1.55,-102.02,0.4233,0.4362,0.4981,0.5092,8197,28.097,716.3,379.4,474.2,22.6,496.8,20.86,23.82,0.90982,13.076,12.25,24.79,14,2
97.185,hall_mission,9x4.5,pi5,-0.621,22.522,-1.938,-0.199,-0.807,-0.039,0.832,0.12,2.98,-101.35,0.4292,0.4422,0.4930,0.4996,8187,27.986,713.4,376.3,470.4,22.6,493.0,20.70,23.82,0.90977,13.083,12.35,24.79,14,2
97.233,hall_mission,9x4.5,pi5,-0.629,22.493,-1.939,-0.183,-0.751,-0.039,0.774,0.10,3.67,-101.02,0.5028,0.5103,0.4202,0.4287,8180,28.003,713.9,378.0,472.5,22.6,495.1,20.79,23.82,0.90972,13.089,12.29,24.79,14,2
97.285,hall_mission,9x4.5,pi5,-0.640,22.452,-1.941,-0.158,-0.657,-0.047,0.677,0.15,4.36,-100.46,0.5597,0.5659,0.3595,0.3680,8148,28.505,726.7,402.3,502.9,22.6,525.5,22.10,23.78,0.90967,13.097,11.56,24.79,14,2
97.333,hall_mission,9x4.5,pi5,-0.647,22.430,-1.942,-0.143,-0.597,-0.056,0.616,0.20,4.64,-99.87,0.5781,0.5830,0.3370,0.3442,8109,28.632,729.9,412.5,515.6,22.6,538.2,22.65,23.76,0.90962,13.104,11.28,24.79,14,2
97.385,hall_mission,9x4.5,pi5,-0.655,22.404,-1.945,-0.122,-0.514,-0.066,0.532,0.33,4.85,-98.49,0.5720,0.5743,0.3407,0.3465,8077,28.310,721.7,403.8,504.7,22.6,527.3,22.18,23.78,0.90956,13.112,11.52,24.79,14,2
97.433,hall_mission,9x4.5,pi5,-0.661,22.389,-1.948,-0.108,-0.457,-0.068,0.474,0.43,4.87,-97.22,0.5501,0.5523,0.3611,0.3657,8061,27.824,709.3,386.6,483.2,22.6,505.8,21.25,23.80,0.90952,13.119,12.02,24.79,14,2
97.485,hall_mission,9x4.5,pi5,-0.668,22.371,-1.952,-0.087,-0.369,-0.066,0.385,0.61,4.75,-94.88,0.4758,0.5857,0.3567,0.4551,8221,28.714,732.0,401.1,501.4,22.6,524.0,22.04,23.78,0.90946,13.126,11.59,24.79,14,2
97.533,hall_mission,9x4.5,pi5,-0.672,22.362,-1.955,-0.074,-0.318,-0.075,0.335,0.81,3.89,-93.12,0.5053,0.4887,0.4273,0.4447,8194,28.042,714.9,377.6,471.9,22.6,494.5,20.76,23.82,0.90942,13.133,12.30,24.79,14,2
97.581,hall_mission,9x4.5,pi5,-0.676,22.354,-1.959,-0.057,-0.269,-0.081,0.287,1.18,0.63,-90.36,0.4700,0.4594,0.4661,0.4644,8172,27.801,708.7,371.0,463.7,22.6,486.3,20.41,23.83,0.90937,13.139,12.51,24.79,14,2
97.633,hall_mission,9x4.5,pi5,-0.679,22.349,-1.963,-0.044,-0.254,-0.081,0.270,1.22,-1.77,-88.52,0.4459,0.4229,0.4974,0.4884,8153,27.752,707.5,371.6,464.5,22.6,487.1,20.44,23.83,0.90932,13.146,12.49,24.79,14,2
97.685,hall_mission,9x4.5,pi5,-0.682,22.342,-1.968,-0.025,-0.262,-0.075,0.274,1.01,-4.93,-85.87,0.4212,0.3996,0.5194,0.5092,8134,27.788,708.4,375.5,469.4,22.6,492.0,20.65,23.82,0.90927,13.153,12.36,24.79,14,2
97.733,hall_mission,9x4.5,pi5,-0.683,22.336,-1.972,-0.013,-0.284,-0.070,0.293,0.74,-6.58,-84.23,0.4035,0.3862,0.5345,0.5220,8122,27.859,710.2,379.9,474.9,22.6,497.5,20.89,23.81,0.90923,13.160,12.22,24.79,14,2
97.785,hall_mission,9x4.5,pi5,-0.684,22.326,-1.976,0.003,-0.329,-0.061,0.335,0.24,-8.38,-82.06,0.3909,0.3793,0.5423,0.5318,8116,27.929,712.0,383.6,479.5,22.6,502.1,21.09,23.80,0.90917,13.167,12.10,24.79,14,2
97.833,hall_mission,9x4.5,pi5,-0.683,22.315,-1.979,0.014,-0.369,-0.054,0.373,-0.10,-9.19,-80.84,0.3862,0.3778,0.5444,0.5355,8114,27.958,712.7,384.9,481.2,22.6,503.8,21.17,23.80,0.90913,13.174,12.06,24.79,14,2
97.885,hall_mission,9x4.5,pi5,-0.682,22.294,-1.983,0.031,-0.439,-0.041,0.442,-0.55,-9.93,-79.39,0.3876,0.3812,0.5415,0.5352,8120,27.968,713.0,384.6,480.7,22.6,503.3,21.15,23.80,0.90908,13.181,12.07,24.79,14,2
97.933,hall_mission,9x4.5,pi5,-0.680,22.277,-1.985,0.040,-0.485,-0.033,0.487,-0.80,-10.18,-78.69,0.3936,0.3878,0.5356,0.5309,8129,27.952,712.6,382.8,478.5,22.6,501.1,21.05,23.80,0.90903,13.188,12.13,24.79,14,2
97.985,hall_mission,9x4.5,pi5,-0.677,22.249,-1.987,0.052,-0.549,-0.022,0.552,-1.06,-10.30,-77.99,0.4015,0.3996,0.5258,0.5238,8139,27.916,711.7,380.0,475.0,22.6,497.6,20.90,23.81,0.90898,13.195,12.21,24.79,14,2
98.033,hall_mission,9x4.5,pi5,-0.674,22.226,-1.988,0.059,-0.594,-0.014,0.597,-1.18,-10.26,-77.75,0.4121,0.4111,0.5158,0.5151,8151,27.896,711.2,377.6,472.0,22.6,494.6,20.77,23.81,0.90893,13.202,12.29,24.79,14,2
98.085,hall_mission,9x4.5,pi5,-0.669,22.183,-1.989,0.069,-0.662,-0.003,0.666,-1.28,-10.06,-77.66,0.4246,0.4244,0.5048,0.5046,8167,27.907,711.4,375.9,469.9,22.6,492.5,20.68,23.81,0.90888,13.209,12.34,24.79,14,2
98.133,hall_mission,9x4.5,pi5,-0.666,22.154,-1.989,0.075,-0.702,0.003,0.706,-1.30,-9.87,-77.74,0.4361,0.4367,0.4953,0.4944,8181,27.940,712.3,375.3,469.1,22.6,491.7,20.64,23.82,0.90884,13.215,12.36,24.79,14,2
98.185,hall_mission,9x4.5,pi5,-0.661,22.110,-1.988,0.081,-0.754,0.011,0.758,-1.29,-9.54,-78.02,0.4476,0.4492,0.4841,0.4855,8196,27.992,713.6,375.4,469.2,22.6,491.8,20.65,23.81,0.90879,13.222,12.36,24.79,14,2
98.234,hall_mission,9x4.5,pi5,-0.658,22.076,-1.987,0.084,-0.787,0.015,0.792,-1.25,-9.30,-78.27,0.4574,0.4591,0.4759,0.4776,8209,28.061,715.4,376.3,470.4,22.6,493.0,20.70,23.81,0.90874,13.229,12.32,24.79,14,2
98.286,hall_mission,9x4.5,pi5,-0.652,22.019,-1.986,0.089,-0.835,0.020,0.840,-1.17,-8.94,-78.71,0.4666,0.4682,0.4684,0.4705,8222,28.145,717.5,377.9,472.3,22.6,494.9,20.79,23.81,0.90869,13.236,12.27,24.79,14,2
98.334,hall_mission,9x4.5,pi5,-0.649,21.982,-1.984,0.091,-0.862,0.022,0.867,-1.11,-8.70,-79.01,0.4727,0.4751,0.4635,0.4649,8231,28.209,719.1,379.2,474.0,22.6,496.6,20.86,23.81,0.90865,13.243,12.23,24.79,14,2
98.386,hall_mission,9x4.5,pi5,-0.644,21.928,-1.982,0.093,-0.895,0.023,0.900,-1.02,-8.35,-79.44,0.4811,0.4946,0.4567,0.4452,8237,28.275,720.8,381.2,476.5,22.6,499.1,20.97,23.80,0.90860,13.250,12.17,24.79,14,2
98.434,hall_mission,9x4.5,pi5,-0.641,21.889,-1.981,0.095,-0.916,0.022,0.921,-0.88,-8.14,-79.68,0.5191,0.5215,0.4168,0.4194,8234,28.452,725.3,388.7,485.8,22.6,508.4,21.37,23.79,0.90855,13.257,11.94,24.79,14,2
98.486,hall_mission,9x4.5,pi5,-0.635,21.824,-1.980,0.100,-0.945,0.012,0.951,-0.41,-7.82,-79.86,0.5422,0.5420,0.3911,0.3957,8212,28.560,728.1,395.9,494.9,22.6,517.5,21.76,23.78,0.90850,13.264,11.72,24.79,14,2
98.534,hall_mission,9x4.5,pi5,-0.631,21.783,-1.979,0.105,-0.960,0.005,0.966,-0.09,-7.61,-79.78,0.5452,0.5464,0.3843,0.3893,8191,28.486,726.2,395.8,494.8,22.6,517.4,21.76,23.78,0.90845,13.271,11.72,24.79,14,2
98.582,hall_mission,9x4.5,pi5,-0.625,21.724,-1.980,0.115,-0.977,-0.002,0.984,0.27,-7.32,-79.30,0.5385,0.5385,0.3891,0.3952,8177,28.304,721.5,390.4,488.0,22.6,510.6,21.47,23.79,0.90840,13.278,11.88,24.79,14,2
98.634,hall_mission,9x4.5,pi5,-0.621,21.682,-1.980,0.124,-0.986,-0.004,0.994,0.42,-7.15,-78.75,0.5225,0.5232,0.4043,0.4088,8169,28.074,715.7,382.4,477.9,22.6,500.5,21.03,23.80,0.90835,13.285,12.12,24.79,14,2
98.686,hall_mission,9x4.5,pi5,-0.613,21.614,-1.982,0.140,-0.997,-0.005,1.007,0.52,-6.95,-77.65,0.5035,0.5035,0.4234,0.4276,8165,27.890,711.0,375.4,469.3,22.6,491.9,20.66,23.81,0.90830,13.292,12.34,24.79,14,2
98.734,hall_mission,9x4.5,pi5,-0.607,21.572,-1.983,0.150,-1.002,-0.003,1.013,0.52,-6.84,-76.77,0.4843,0.4860,0.4429,0.4456,8168,27.813,709.0,371.9,464.9,22.6,487.5,20.47,23.82,0.90825,13.299,12.46,24.79,14,2
98.782,hall_mission,9x4.5,pi5,-0.599,21.512,-1.984,0.163,-1.006,-0.000,1.020,0.43,-6.70,-75.36,0.4675,0.4688,0.4607,0.4633,8174,27.815,709.1,371.3,464.1,22.6,486.7,20.43,23.82,0.90821,13.305,12.48,24.79,14,2
98.834,hall_mission,9x4.5,pi5,-0.593,21.470,-1.985,0.173,-1.009,0.002,1.023,0.35,-6.64,-74.39,0.4508,0.4541,0.4781,0.4791,8180,27.872,710.5,372.7,465.9,22.6,488.5,20.51,23.81,0.90816,13.312,12.43,24.78,14,2
98.886,hall_mission,9x4.5,pi5,-0.581,21.402,-1.986,0.187,-1.010,0.006,1.028,0.19,-6.55,-73.00,0.4393,0.4413,0.4908,0.4924,8186,27.957,712.7,375.3,469.1,22.6,491.7,20.65,23.81,0.90811,13.320,12.34,24.78,14,2
98.934,hall_mission,9x4.5,pi5,-0.574,21.361,-1.987,0.196,-1.011,0.008,1.030,0.08,-6.51,-72.15,0.4319,0.4330,0.4983,0.5018,8191,28.028,714.5,377.5,471.9,22.6,494.5,20.77,23.80,0.90806,13.326,12.27,24.78,14,2
98.982,hall_mission,9x4.5,pi5,-0.563,21.303,-1.988,0.207,-1.011,0.009,1.032,-0.07,-6.45,-71.03,0.4285,0.4478,0.5037,0.4861,8195,28.037,714.7,377.3,471.6,22.6,494.2,20.76,23.80,0.90802,13.333,12.28,24.78,14,2
99.034,hall_mission,9x4.5,pi5,-0.555,21.262,-1.988,0.214,-1.010,0.009,1.033,-0.06,-6.42,-70.39,0.4814,0.4831,0.4495,0.4518,8194,27.972,713.1,374.8,468.6,22.6,491.2,20.63,23.81,0.90797,13.340,12.35,24.78,14,2
99.086,hall_mission,9x4.5,pi5,-0.542,21.197,-1.989,0.227,-1.008,0.004,1.033,0.35,-6.32,-69.44,0.5148,0.5130,0.4147,0.4197,8181,28.066,715.5,380.4,475.5,22.6,498.1,20.93,23.80,0.90792,13.347,12.18,24.78,14,2
99.134,hall_mission,9x4.5,pi5,-0.534,21.158,-1.989,0.238,-1.004,0.001,1.032,0.66,-6.27,-68.72,0.5230,0.5240,0.4034,0.4091,8171,28.093,716.2,382.8,478.5,22.6,501.1,21.06,23.79,0.90787,13.354,12.10,24.78,14,2
99.186,hall_mission,9x4.5,pi5,-0.522,21.103,-1.990,0.255,-0.997,-0.000,1.029,0.99,-6.21,-67.39,0.5187,0.5185,0.4075,0.4140,8168,28.029,714.5,380.6,475.8,22.6,498.4,20.94,23.80,0.90782,13.361,12.17,24.78,14,2
99.234,hall_mission,9x4.5,pi5,-0.512,21.064,-1.991,0.269,-0.990,0.001,1.026,1.11,-6.20,-66.35,0.5054,0.5056,0.4216,0.4266,8170,27.933,712.1,376.5,470.6,22.6,493.2,20.72,23.80,0.90777,13.367,12.30,24.78,14,2
99.286,hall_mission,9x4.5,pi5,-0.496,21.004,-1.992,0.292,-0.978,0.003,1.021,1.15,-6.20,-64.60,0.4875,0.4860,0.4402,0.4460,8171,27.840,709.7,372.6,465.7,22.6,488.3,20.51,23.81,0.90772,13.375,12.42,24.78,14,2
99.334,hall_mission,9x4.5,pi5,-0.485,20.967,-1.993,0.307,-0.970,0.004,1.017,1.09,-6.23,-63.36,0.4682,0.4691,0.4603,0.4631,8175,27.823,709.3,371.4,464.3,22.6,486.9,20.45,23.81,0.90768,13.381,12.46,24.78,14,2
99.386,hall_mission,9x4.5,pi5,-0.468,20.916,-1.994,0.327,-0.958,0.007,1.013,0.91,-6.27,-61.48,0.4549,0.4659,0.4752,0.4666,8182,27.875,710.6,372.5,465.7,22.6,488.3,20.51,23.81,0.90763,13.388,12.42,24.78,14,2
99.434,hall_mission,9x4.5,pi5,-0.455,20.881,-1.994,0.340,-0.951,0.009,1.010,0.85,-6.28,-60.24,0.4777,0.4791,0.4530,0.4547,8189,27.929,712.0,373.8,467.3,22.6,489.9,20.58,23.81,0.90758,13.395,12.38,24.78,14,2
99.486,hall_mission,9x4.5,pi5,-0.434,20.824,-1.995,0.363,-0.937,0.011,1.005,0.98,-6.26,-58.40,0.4907,0.4896,0.4394,0.4451,8190,27.975,713.2,375.5,469.3,22.6,491.9,20.67,23.80,0.90753,13.402,12.33,24.78,14,2
99.534,hall_mission,9x4.5,pi5,-0.420,20.789,-1.996,0.378,-0.928,0.012,1.002,1.09,-6.25,-57.13,0.4889,0.4889,0.4418,0.4458,8192,27.984,713.4,375.5,469.4,22.6,492.0,20.67,23.80,0.90749,13.408,12.32,24.78,14,2
99.586,hall_mission,9x4.5,pi5,-0.399,20.741,-1.997,0.399,-0.914,0.014,0.998,1.14,-6.26,-55.15,0.4798,0.4782,0.4513,0.4571,8196,27.977,713.2,374.8,468.5,22.6,491.1,20.63,23.80,0.90744,13.415,12.35,24.78,14,2
99.634,hall_mission,9x4.5,pi5,-0.383,20.707,-1.997,0.415,-0.904,0.015,0.995,1.11,-6.28,-53.80,0.4657,0.4659,0.4660,0.4692,8197,27.972,713.1,374.4,468.0,22.6,490.6,20.61,23.80,0.90739,13.422,12.36,24.78,14,2
99.686,hall_mission,9x4.5,pi5,-0.357,20.654,-1.998,0.440,-0.888,0.015,0.991,0.97,-6.31,-51.78,0.4512,0.4498,0.4809,0.4848,8197,27.994,713.7,375.3,469.1,22.6,491.7,20.66,23.80,0.90734,13.429,12.33,24.78,14,2
99.734,hall_mission,9x4.5,pi5,-0.339,20.621,-1.998,0.455,-0.878,0.015,0.989,0.83,-6.33,-50.48,0.4371,0.4382,0.4945,0.4963,8195,28.033,714.6,377.1,471.4,22.6,494.0,20.76,23.80,0.90730,13.436,12.27,24.78,14,2
99.782,hall_mission,9x4.5,pi5,-0.313,20.576,-1.999,0.475,-0.865,0.014,0.987,0.57,-6.36,-48.67,0.4276,0.4270,0.5041,0.5069,8193,28.081,715.9,379.3,474.1,22.6,496.7,20.87,23.80,0.90725,13.442,12.20,24.78,14,2
99.834,hall_mission,9x4.5,pi5,-0.294,20.544,-1.999,0.489,-0.856,0.013,0.986,0.39,-6.37,-47.59,0.4186,0.4202,0.5123,0.5139,8190,28.118,716.8,381.2,476.5,22.6,499.1,20.98,23.79,0.90720,13.449,12.14,24.78,14,2
99.882,hall_mission,9x4.5,pi5,-0.262,20.494,-1.999,0.508,-0.844,0.012,0.985,0.11,-6.37,-46.19,0.4148,0.4161,0.5155,0.5178,8188,28.133,717.2,382.1,477.6,22.6,500.2,21.03,23.79,0.90715,13.456,12.11,24.78,14,2
99.934,hall_mission,9x4.5,pi5,-0.242,20.464,-2.000,0.519,-0.836,0.011,0.985,-0.06,-6.37,-45.42,0.4139,0.4155,0.5165,0.5178,8186,28.125,717.0,382.1,477.6,22.6,500.2,21.03,23.79,0.90710,13.463,12.11,24.78,14,2
99.982,hall_mission,9x4.5,pi5,-0.212,20.421,-2.000,0.533,-0.827,0.011,0.984,-0.30,-6.36,-44.52,0.4162,0.4172,0.5142,0.5160,8186,28.105,716.5,381.3,476.6,22.6,499.2,20.99,23.79,0.90706,13.470,12.13,24.78,14,2
100.034,hall_mission,9x4.5,pi5,-0.191,20.391,-2.001,0.542,-0.822,0.011,0.984,-0.44,-6.35,-44.08,0.4332,0.4478,0.4995,0.4826,8184,27.945,712.4,375.1,468.9,22.6,491.5,20.65,23.80,0.90701,13.477,12.33,24.78,14,2
100.086,hall_mission,9x4.5,pi5,-0.156,20.343,-2.001,0.555,-0.813,0.009,0.985,-0.33,-6.33,-43.59,0.4906,0.4934,0.4354,0.4413,8175,27.883,710.8,373.9,467.3,22.6,489.9,20.58,23.80,0.90696,13.484,12.36,24.78,14,2
100.134,hall_mission,9x4.5,pi5,-0.134,20.314,-2.002,0.564,-0.807,0.005,0.985,-0.04,-6.28,-43.25,0.5223,0.5217,0.4055,0.4076,8162,28.023,714.4,381.2,476.5,22.6,499.1,20.98,23.79,0.90691,13.491,12.13,24.78,14,2
100.182,hall_mission,9x4.5,pi5,-0.102,20.272,-2.002,0.579,-0.795,0.001,0.984,0.39,-6.21,-42.55,0.5330,0.5315,0.3911,0.3981,8150,28.067,715.5,384.6,480.7,22.6,503.3,21.16,23.78,0.90686,13.498,12.02,24.78,14,2
100.234,hall_mission,9x4.5,pi5,-0.079,20.243,-2.003,0.590,-0.785,-0.000,0.982,0.59,-6.18,-41.90,0.5273,0.5287,0.3965,0.4005,8147,27.999,713.8,382.2,477.8,22.6,500.4,21.04,23.79,0.90681,13.505,12.10,24.78,14,2
100.282,hall_mission,9x4.5,pi5,-0.042,20.197,-2.003,0.607,-0.767,0.002,0.978,0.74,-6.14,-40.63,0.5160,0.5145,0.4085,0.4151,8151,27.895,711.1,377.5,471.9,22.6,494.5,20.78,23.79,0.90677,13.511,12.24,24.78,14,2
100.334,hall_mission,9x4.5,pi5,-0.018,20.168,-2.003,0.618,-0.755,0.003,0.976,0.75,-6.14,-39.62,0.4962,0.4971,0.4295,0.4332,8158,27.802,708.7,372.8,466.1,22.6,488.7,20.53,23.80,0.90672,13.518,12.39,24.78,14,2
100.382,hall_mission,9x4.5,pi5,0.017,20.129,-2.002,0.634,-0.738,0.006,0.973,0.65,-6.15,-37.96,0.4784,0.4781,0.4490,0.4530,8167,27.782,708.2,370.9,463.6,22.6,486.2,20.43,23.80,0.90667,13.525,12.45,24.78,14,2
100.434,hall_mission,9x4.5,pi5,0.042,20.102,-2.002,0.644,-0.726,0.008,0.971,0.54,-6.16,-36.80,0.4588,0.4602,0.4703,0.4715,8175,27.826,709.4,371.5,464.4,22.6,487.0,20.46,23.80,0.90662,13.532,12.43,24.78,14,2
100.486,hall_mission,9x4.5,pi5,0.082,20.059,-2.000,0.660,-0.709,0.011,0.969,0.31,-6.17,-35.08,0.4437,0.4439,0.4867,0.4895,8186,27.941,712.3,374.6,468.3,22.6,490.9,20.63,23.80,0.90657,13.539,12.33,24.78,14,2
100.534,hall_mission,9x4.5,pi5,0.108,20.033,-1.999,0.669,-0.699,0.012,0.967,0.14,-6.19,-33.99,0.4315,0.4336,0.4991,0.5013,8193,28.043,714.9,377.8,472.3,22.6,494.9,20.80,23.79,0.90653,13.546,12.23,24.78,14,2
100.586,hall_mission,9x4.5,pi5,0.145,19.996,-1.998,0.681,-0.686,0.012,0.967,-0.12,-6.19,-32.52,0.4242,0.4244,0.5085,0.5096,8197,28.129,717.1,380.7,475.9,22.6,498.5,20.96,23.79,0.90647,13.553,12.14,24.78,14,2
100.634,hall_mission,9x4.5,pi5,0.172,19.971,-1.996,0.688,-0.678,0.011,0.966,-0.28,-6.19,-31.67,0.4192,0.4213,0.5134,0.5135,8200,28.182,718.4,382.4,478.0,22.6,500.6,21.05,23.78,0.90643,13.560,12.08,24.78,14,2
100.686,hall_mission,9x4.5,pi5,0.215,19.931,-1.994,0.699,-0.666,0.010,0.966,-0.50,-6.18,-30.63,0.4190,0.4200,0.5137,0.5157,8203,28.210,719.2,383.2,479.0,22.6,501.6,21.09,23.78,0.90638,13.567,12.06,24.78,14,2
100.734,hall_mission,9x4.5,pi5,0.243,19.906,-1.993,0.706,-0.660,0.009,0.966,-0.64,-6.18,-30.08,0.4207,0.4225,0.5128,0.5133,8206,28.218,719.4,383.0,478.8,22.6,501.4,21.08,23.78,0.90633,13.573,12.06,24.78,14,2
100.786,hall_mission,9x4.5,pi5,0.281,19.872,-1.991,0.714,-0.652,0.008,0.966,-0.81,-6.18,-29.49,0.4254,0.4265,0.5077,0.5104,8209,28.205,719.0,382.1,477.7,22.6,500.3,21.03,23.78,0.90628,13.581,12.09,24.78,14,2
100.834,hall_mission,9x4.5,pi5,0.309,19.847,-1.990,0.719,-0.647,0.007,0.967,-0.90,-6.17,-29.23,0.4306,0.4323,0.5035,0.5042,8211,28.184,718.5,381.0,476.2,22.6,498.8,20.97,23.78,0.90623,13.587,12.12,24.77,14,2
100.886,hall_mission,9x4.5,pi5,0.354,19.809,-1.988,0.726,-0.640,0.006,0.968,-1.01,-6.17,-29.03,0.4379,0.4389,0.4963,0.4983,8214,28.164,718.0,379.8,474.7,22.6,497.3,20.91,23.79,0.90618,13.595,12.16,24.77,14,2
100.934,hall_mission,9x4.5,pi5,0.382,19.785,-1.987,0.730,-0.636,0.005,0.968,-1.07,-6.17,-29.00,0.4443,0.4460,0.4900,0.4919,8217,28.152,717.7,378.9,473.7,22.6,496.3,20.86,23.79,0.90614,13.601,12.18,24.77,14,2
100.986,hall_mission,9x4.5,pi5,0.422,19.751,-1.986,0.734,-0.632,0.004,0.969,-1.13,-6.18,-29.07,0.4511,0.4534,0.4838,0.4848,8220,28.152,717.7,378.5,473.1,22.6,495.7,20.84,23.79,0.90609,13.608,12.20,24.77,14,2
101.034,hall_mission,9x4.5,pi5,0.450,19.727,-1.985,0.738,-0.630,0.004,0.970,-1.15,-6.18,-29.17,0.4568,0.4600,0.4780,0.4793,8224,28.163,718.0,378.4,473.0,22.6,495.6,20.84,23.79,0.90604,13.615,12.20,24.77,14,2
101.086,hall_mission,9x4.5,pi5,0.497,19.688,-1.983,0.742,-0.627,0.003,0.972,-1.16,-6.19,-29.38,0.4636,0.4649,0.4726,0.4744,8229,28.192,718.7,378.8,473.6,22.6,496.2,20.86,23.78,0.90599,13.622,12.18,24.77,14,2
101.134,hall_mission,9x4.5,pi5,0.526,19.663,-1.982,0.745,-0.626,0.003,0.973,-1.17,-6.20,-29.54,0.4680,0.4695,0.4689,0.4701,8233,28.216,719.3,379.3,474.1,22.6,496.7,20.88,23.78,0.90594,13.629,12.17,24.77,14,2
101.186,hall_mission,9x4.5,pi5,0.566,19.629,-1.980,0.749,-0.624,0.002,0.975,-1.18,-6.22,-29.79,0.4722,0.4732,0.4650,0.4672,8236,28.242,720.0,379.9,474.8,22.6,497.4,20.92,23.78,0.90589,13.636,12.15,24.77,14,2
101.234,hall_mission,9x4.5,pi5,0.595,19.605,-1.979,0.751,-0.623,0.002,0.976,-1.18,-6.23,-29.95,0.4739,0.4766,0.4635,0.4644,8239,28.265,720.6,380.4,475.4,22.6,498.0,20.94,23.78,0.90585,13.643,12.13,24.77,14,2
101.286,hall_mission,9x4.5,pi5,0.642,19.565,-1.976,0.754,-0.623,0.000,0.978,-1.18,-6.24,-30.16,0.4762,0.4781,0.4617,0.4636,8244,28.296,721.3,381.0,476.3,22.6,498.9,20.98,23.78,0.90580,13.650,12.11,24.77,14,2
101.334,hall_mission,9x4.5,pi5,0.671,19.541,-1.975,0.756,-0.622,-0.000,0.979,-1.18,-6.25,-30.28,0.4769,0.4794,0.4618,0.4627,8248,28.323,722.0,381.6,477.0,22.6,499.6,21.01,23.78,0.90575,13.656,12.09,24.77,14,2
101.386,hall_mission,9x4.5,pi5,0.712,19.506,-1.973,0.759,-0.622,-0.002,0.981,-1.17,-6.26,-30.43,0.4779,0.4790,0.4613,0.4637,8252,28.354,722.8,382.2,477.8,22.6,500.4,21.04,23.78,0.90570,13.664,12.07,24.77,14,2
101.430,hall_mission,9x4.5,pi5,0.741,19.481,-1.971,0.760,-0.622,-0.003,0.982,-1.17,-6.27,-30.50,0.4772,0.4792,0.4626,0.4635,8254,28.369,723.2,382.5,478.1,22.6,500.7,21.06,23.78,0.90566,13.670,12.06,24.77,14,2
101.454,hall_mission,9x4.5,pi5,0.759,19.466,-1.971,0.761,-0.622,-0.003,0.983,-1.16,-6.27,-30.52,0.4766,0.4792,0.4628,0.4641,8255,28.374,723.3,382.6,478.2,22.6,500.8,21.06,23.78,0.90563,13.673,12.06,24.77,14,2
101.498,hall_mission,9x4.5,pi5,0.800,19.431,-1.969,0.763,-0.623,-0.005,0.985,-1.15,-6.28,-30.58,0.4958,0.4600,0.4829,0.4470,8266,28.474,725.9,385.2,481.4,22.6,504.0,21.20,23.77,0.90559,13.679,11.98,24.77,14,2
101.546,hall_mission,9x4.5,pi5,0.829,19.406,-1.968,0.765,-0.623,-0.011,0.986,-1.14,-6.01,-30.60,0.4833,0.4709,0.4722,0.4575,8259,28.402,724.0,383.2,479.0,22.6,501.6,21.10,23.77,0.90554,13.686,12.04,24.77,14,2
101.598,hall_mission,9x4.5,pi5,0.876,19.366,-1.967,0.758,-0.617,-0.022,0.978,-1.13,-3.84,-30.63,0.4755,0.4751,0.4646,0.4638,8241,28.279,720.9,380.6,475.8,22.6,498.4,20.96,23.78,0.90549,13.693,12.12,24.77,14,2
101.646,hall_mission,9x4.5,pi5,0.905,19.342,-1.967,0.741,-0.606,-0.025,0.958,-1.12,-2.05,-30.65,0.4666,0.4807,0.4577,0.4711,8231,28.208,719.1,379.3,474.1,22.6,496.7,20.89,23.78,0.90545,13.700,12.16,24.77,14,2
101.698,hall_mission,9x4.5,pi5,0.944,19.309,-1.968,0.701,-0.581,-0.028,0.911,-1.10,0.43,-30.64,0.4591,0.4732,0.4639,0.4771,8221,28.137,717.3,377.8,472.3,22.6,494.9,20.81,23.78,0.90540,13.707,12.20,24.77,14,2
101.746,hall_mission,9x4.5,pi5,0.970,19.286,-1.969,0.664,-0.557,-0.028,0.867,-1.07,1.78,-30.63,0.4462,0.4588,0.4769,0.4888,8211,28.092,716.1,377.3,471.6,22.6,494.2,20.78,23.78,0.90535,13.713,12.22,24.77,14,2
101.798,hall_mission,9x4.5,pi5,1.008,19.252,-1.970,0.592,-0.512,-0.030,0.783,-1.04,3.27,-30.65,0.3945,0.5046,0.4365,0.5421,8237,28.535,727.4,391.5,489.4,22.6,512.0,21.55,23.76,0.90530,13.721,11.78,24.77,14,2
101.846,hall_mission,9x4.5,pi5,1.029,19.233,-1.971,0.543,-0.482,-0.038,0.727,-1.08,3.06,-30.70,0.4530,0.4621,0.4765,0.4829,8225,28.175,718.3,378.7,473.4,22.6,496.0,20.86,23.78,0.90525,13.728,12.17,24.77,14,2
101.898,hall_mission,9x4.5,pi5,1.054,19.208,-1.973,0.487,-0.447,-0.043,0.663,-1.11,0.86,-30.79,0.4919,0.4200,0.5019,0.4287,8109,27.494,700.9,367.2,459.0,22.6,481.6,20.24,23.80,0.90520,13.734,12.55,24.77,14,2
101.946,hall_mission,9x4.5,pi5,1.069,19.191,-1.975,0.460,-0.431,-0.040,0.631,-1.12,-0.30,-30.87,0.4538,0.4485,0.4736,0.4680,8114,27.419,699.0,363.5,454.4,22.6,477.0,20.04,23.80,0.90516,13.741,12.67,24.77,14,2
101.998,hall_mission,9x4.5,pi5,1.092,19.165,-1.978,0.424,-0.410,-0.030,0.591,-1.14,-0.38,-31.03,0.4463,0.4404,0.4845,0.4779,8133,27.569,702.8,367.0,458.7,22.6,481.3,20.23,23.80,0.90511,13.748,12.55,24.77,14,2
102.046,hall_mission,9x4.5,pi5,1.104,19.150,-1.979,0.402,-0.397,-0.023,0.565,-1.15,-0.01,-31.19,0.4290,0.4347,0.4949,0.4950,8150,27.736,707.1,371.4,464.3,22.6,486.9,20.47,23.79,0.90506,13.754,12.40,24.77,14,2
102.098,hall_mission,9x4.5,pi5,1.121,19.130,-1.980,0.368,-0.378,-0.017,0.528,-1.14,0.64,-31.55,0.4203,0.4256,0.5031,0.5072,8159,27.860,710.2,375.1,468.9,22.6,491.5,20.67,23.78,0.90501,13.761,12.28,24.77,14,2
102.146,hall_mission,9x4.5,pi5,1.132,19.115,-1.981,0.342,-0.362,-0.015,0.499,-1.12,1.02,-31.90,0.4112,0.4153,0.5132,0.5179,8164,27.975,713.2,379.0,473.8,22.6,496.4,20.88,23.78,0.90497,13.768,12.16,24.77,14,2
102.198,hall_mission,9x4.5,pi5,1.147,19.094,-1.982,0.299,-0.337,-0.013,0.451,-1.07,1.46,-32.64,0.4053,0.4095,0.5198,0.5231,8164,28.032,714.6,381.3,476.6,22.6,499.2,21.00,23.77,0.90492,13.775,12.08,24.77,14,2
102.246,hall_mission,9x4.5,pi5,1.156,19.081,-1.983,0.272,-0.321,-0.012,0.420,-1.04,1.65,-33.28,0.4009,0.4044,0.5244,0.5278,8164,28.078,715.8,383.2,479.0,22.6,501.6,21.10,23.77,0.90487,13.782,12.02,24.77,14,2
102.298,hall_mission,9x4.5,pi5,1.165,19.064,-1.984,0.234,-0.297,-0.014,0.378,-0.98,1.80,-34.51,0.3939,0.4712,0.4795,0.5548,8316,29.071,741.1,402.4,503.0,22.6,525.6,22.14,23.74,0.90482,13.789,11.46,24.77,14,2
102.346,hall_mission,9x4.5,pi5,1.171,19.053,-1.985,0.207,-0.280,-0.030,0.350,-0.98,1.10,-35.45,0.4847,0.4945,0.4592,0.4483,8270,28.500,726.6,385.7,482.1,22.6,504.7,21.24,23.76,0.90477,13.796,11.95,24.77,14,2
102.398,hall_mission,9x4.5,pi5,1.178,19.036,-1.987,0.183,-0.266,-0.052,0.327,-0.90,-1.53,-36.79,0.5424,0.5343,0.4001,0.3925,8207,28.481,726.1,393.5,491.9,22.6,514.5,21.66,23.75,0.90472,13.804,11.71,24.77,14,2
102.446,hall_mission,9x4.5,pi5,1.182,19.026,-1.990,0.182,-0.267,-0.063,0.329,-0.72,-3.41,-37.51,0.5663,0.5553,0.3754,0.3570,8151,28.493,726.4,401.4,501.8,22.6,524.4,22.09,23.74,0.90467,13.811,11.48,24.77,14,2
102.498,hall_mission,9x4.5,pi5,1.189,19.010,-1.994,0.198,-0.280,-0.072,0.350,-0.43,-5.86,-38.17,0.5700,0.5617,0.3621,0.3473,8104,28.318,721.9,400.6,500.7,22.6,523.3,22.05,23.74,0.90461,13.818,11.51,24.77,14,2
102.546,hall_mission,9x4.5,pi5,1.194,18.998,-1.997,0.220,-0.295,-0.073,0.375,-0.23,-7.11,-38.31,0.5637,0.5529,0.3643,0.3524,8076,28.027,714.5,392.7,490.9,22.6,513.5,21.62,23.75,0.90457,13.825,11.73,24.77,14,2
102.598,hall_mission,9x4.5,pi5,1.207,18.977,-2.002,0.266,-0.325,-0.065,0.424,-0.02,-8.45,-38.06,0.5465,0.5380,0.3770,0.3684,8064,27.700,706.2,381.3,476.7,22.6,499.3,21.01,23.77,0.90452,13.832,12.07,24.77,14,2
102.646,hall_mission,9x4.5,pi5,1.217,18.963,-2.005,0.299,-0.346,-0.056,0.460,0.05,-9.03,-37.63,0.5272,0.5206,0.3960,0.3874,8068,27.482,700.6,372.2,465.2,22.6,487.8,20.51,23.78,0.90447,13.839,12.36,24.77,14,2
102.698,hall_mission,9x4.5,pi5,1.234,18.940,-2.008,0.348,-0.376,-0.040,0.513,0.07,-9.55,-36.68,0.5057,0.5002,0.4166,0.4131,8084,27.376,697.9,365.9,457.3,22.6,479.9,20.17,23.79,0.90442,13.846,12.57,24.77,14,2
102.746,hall_mission,9x4.5,pi5,1.249,18.922,-2.010,0.383,-0.397,-0.028,0.553,0.03,-9.71,-35.90,0.4854,0.4837,0.4376,0.4352,8107,27.411,698.8,364.2,455.2,22.6,477.8,20.08,23.79,0.90438,13.852,12.63,24.77,14,2
102.798,hall_mission,9x4.5,pi5,1.276,18.891,-2.012,0.440,-0.430,-0.009,0.615,-0.08,-9.75,-34.64,0.4688,0.4656,0.4587,0.4568,8136,27.559,702.6,366.2,457.7,22.6,480.3,20.19,23.79,0.90433,13.859,12.56,24.77,14,2
102.846,hall_mission,9x4.5,pi5,1.296,18.871,-2.012,0.475,-0.449,0.001,0.654,-0.18,-9.68,-33.78,0.4542,0.4536,0.4749,0.4735,8159,27.719,706.6,369.5,461.9,22.6,484.5,20.37,23.79,0.90428,13.865,12.45,24.77,14,2
102.898,hall_mission,9x4.5,pi5,1.326,18.840,-2.012,0.521,-0.475,0.011,0.705,-0.33,-9.47,-32.55,0.4428,0.4428,0.4875,0.4884,8178,27.887,710.9,373.6,467.0,22.6,489.6,20.59,23.78,0.90423,13.873,12.31,24.77,14,2
102.946,hall_mission,9x4.5,pi5,1.350,18.817,-2.011,0.551,-0.491,0.017,0.739,-0.43,-9.28,-31.81,0.4355,0.4364,0.4967,0.4970,8193,28.023,714.4,377.1,471.3,22.6,493.9,20.78,23.77,0.90419,13.879,12.20,24.77,14,2
102.998,hall_mission,9x4.5,pi5,1.390,18.779,-2.010,0.597,-0.515,0.022,0.789,-0.55,-8.93,-30.86,0.4731,0.3894,0.5373,0.4625,8181,28.103,716.4,381.8,477.3,22.6,499.9,21.03,23.76,0.90414,13.886,12.05,24.77,14,2
103.046,hall_mission,9x4.5,pi5,1.418,18.755,-2.009,0.622,-0.528,0.022,0.816,-0.58,-7.95,-30.35,0.4319,0.4338,0.4998,0.4996,8191,28.031,714.6,377.5,471.9,22.6,494.5,20.80,23.77,0.90409,13.893,12.18,24.77,14,2
103.098,hall_mission,9x4.5,pi5,1.458,18.721,-2.008,0.640,-0.536,0.020,0.835,-0.64,-5.19,-29.77,0.4337,0.4417,0.4910,0.5003,8197,28.045,714.9,377.4,471.7,22.6,494.3,20.79,23.77,0.90404,13.900,12.19,24.77,14,2
103.146,hall_mission,9x4.5,pi5,1.487,18.697,-2.006,0.640,-0.533,0.020,0.833,-0.63,-3.24,-29.49,0.4405,0.4533,0.4812,0.4925,8200,28.031,714.6,376.3,470.4,22.6,493.0,20.74,23.77,0.90399,13.907,12.22,24.77,14,2
103.198,hall_mission,9x4.5,pi5,1.532,18.659,-2.005,0.616,-0.515,0.018,0.803,-0.58,-0.68,-29.18,0.4481,0.4620,0.4724,0.4849,8199,28.004,713.9,375.4,469.2,22.6,491.8,20.69,23.77,0.90395,13.914,12.25,24.77,14,2
103.246,hall_mission,9x4.5,pi5,1.560,18.637,-2.003,0.590,-0.497,0.017,0.772,-0.54,0.70,-29.01,0.4537,0.4660,0.4677,0.4798,8199,27.993,713.6,375.0,468.7,22.6,491.3,20.67,23.77,0.90390,13.920,12.26,24.77,14,2
103.298,hall_mission,9x4.5,pi5,1.595,18.608,-2.002,0.544,-0.466,0.018,0.717,-0.46,2.30,-28.79,0.4599,0.4706,0.4640,0.4733,8201,28.004,713.9,375.1,468.8,22.6,491.4,20.67,23.77,0.90385,13.927,12.26,24.77,14,2
103.346,hall_mission,9x4.5,pi5,1.619,18.589,-2.000,0.506,-0.441,0.018,0.671,-0.40,3.08,-28.65,0.4701,0.4782,0.4559,0.4645,8204,28.027,714.5,375.6,469.5,22.6,492.1,20.70,23.77,0.90380,13.934,12.24,24.77,14,2
103.398,hall_mission,9x4.5,pi5,1.651,18.561,-1.998,0.439,-0.396,0.018,0.592,-0.30,3.92,-28.40,0.4781,0.4848,0.4496,0.4569,8206,28.055,715.2,376.4,470.5,22.6,493.1,20.75,23.77,0.90375,13.941,12.21,24.77,14,2
103.446,hall_mission,9x4.5,pi5,1.668,18.546,-1.997,0.395,-0.367,0.018,0.540,-0.24,4.29,-28.20,0.4836,0.4891,0.4462,0.4511,8209,28.085,716.0,377.3,471.6,22.6,494.2,20.79,23.77,0.90371,13.948,12.18,24.77,14,2
103.498,hall_mission,9x4.5,pi5,1.689,18.527,-1.995,0.334,-0.327,0.019,0.467,-0.14,4.62,-27.80,0.4886,0.4915,0.4425,0.4479,8211,28.112,716.7,378.1,472.6,22.6,495.2,20.84,23.77,0.90366,13.955,12.16,24.77,14,2
103.546,hall_mission,9x4.5,pi5,1.700,18.515,-1.994,0.291,-0.298,0.019,0.416,-0.08,4.72,-27.47,0.4964,0.4991,0.4361,0.4394,8213,28.157,717.8,379.7,474.6,22.6,497.2,20.92,23.76,0.90361,13.961,12.11,24.77,14,2
103.598,hall_mission,9x4.5,pi5,1.715,18.499,-1.993,0.223,-0.253,0.018,0.338,0.02,4.74,-26.85,0.4982,0.5013,0.4340,0.4370,8211,28.156,717.8,379.9,474.9,22.6,497.5,20.94,23.76,0.90356,13.969,12.10,24.77,14,2
103.646,hall_mission,9x4.5,pi5,1.721,18.491,-1.992,0.183,-0.225,0.017,0.291,0.09,4.67,-26.35,0.5036,0.5049,0.4294,0.4326,8211,28.182,718.4,381.0,476.2,22.6,498.8,20.99,23.76,0.90351,13.975,12.06,24.77,14,2
103.698,hall_mission,9x4.5,pi5,1.727,18.481,-1.991,0.131,-0.189,0.015,0.231,0.18,4.50,-25.45,0.5200,0.5200,0.4142,0.4152,8207,28.280,720.9,385.4,481.8,22.6,504.4,21.24,23.75,0.90346,13.983,11.93,24.77,14,2
103.746,hall_mission,9x4.5,pi5,1.729,18.475,-1.991,0.095,-0.165,0.012,0.191,0.24,4.35,-24.71,0.5236,0.5237,0.4085,0.4106,8196,28.247,720.1,385.6,482.0,22.6,504.6,21.25,23.75,0.90342,13.989,11.92,24.77,14,2
103.798,hall_mission,9x4.5,pi5,1.728,18.468,-1.991,0.043,-0.130,0.008,0.137,0.35,4.07,-23.37,0.5153,0.5157,0.4159,0.4175,8188,28.126,717.0,381.8,477.2,22.6,499.8,21.04,23.76,0.90336,13.997,12.04,24.76,14,2
103.846,hall_mission,9x4.5,pi5,1.726,18.465,-1.991,0.014,-0.110,0.007,0.111,0.42,3.86,-22.34,0.5011,0.5012,0.4302,0.4309,8185,27.997,713.7,377.1,471.3,22.6,493.9,20.78,23.76,0.90332,14.003,12.18,24.76,14,2
103.898,hall_mission,9x4.5,pi5,1.722,18.461,-1.990,-0.023,-0.084,0.006,0.087,0.52,3.52,-20.64,0.4826,0.4822,0.4487,0.4496,8184,27.905,711.4,373.5,466.9,22.6,489.5,20.59,23.77,0.90327,14.010,12.29,24.76,14,2
103.946,hall_mission,9x4.5,pi5,1.718,18.459,-1.990,-0.046,-0.067,0.006,0.082,0.58,3.29,-19.46,0.4653,0.4646,0.4666,0.4666,8184,27.883,710.8,372.6,465.8,22.6,488.4,20.54,23.77,0.90322,14.017,12.32,24.76,14,2
103.998,hall_mission,9x4.5,pi5,1.710,18.457,-1.990,-0.078,-0.044,0.007,0.089,0.66,2.94,-17.70,0.4488,0.4474,0.4836,0.4837,8185,27.919,711.7,373.9,467.4,22.6,490.0,20.61,23.77,0.90317,14.024,12.28,24.76,14,2
104.046,hall_mission,9x4.5,pi5,1.705,18.457,-1.990,-0.094,-0.030,0.007,0.099,0.69,2.72,-16.58,0.4361,0.4349,0.4962,0.4964,8186,27.975,713.2,376.1,470.1,22.6,492.7,20.73,23.76,0.90313,14.030,12.21,24.76,14,2
104.098,hall_mission,9x4.5,pi5,1.696,18.457,-1.990,-0.115,-0.014,0.006,0.116,0.73,2.39,-15.06,0.4259,0.4251,0.5064,0.5060,8185,28.031,714.6,378.4,473.0,22.6,495.6,20.86,23.76,0.90308,14.037,12.13,24.76,14,2
104.146,hall_mission,9x4.5,pi5,1.689,18.457,-1.990,-0.127,-0.003,0.006,0.127,0.74,2.19,-14.17,0.4204,0.4194,0.5124,0.5108,8184,28.065,715.5,379.9,474.9,22.6,497.5,20.94,23.76,0.90303,14.044,12.09,24.76,14,2
104.190,hall_mission,9x4.5,pi5,1.682,18.458,-1.990,-0.138,0.007,0.005,0.138,0.74,2.00,-13.40,0.4183,0.4172,0.5138,0.5138,8184,28.084,715.9,380.7,475.8,22.6,498.4,20.98,23.76,0.90299,14.050,12.06,24.76,14,2
104.238,hall_mission,9x4.5,pi5,1.670,18.459,-1.990,-0.152,0.020,0.005,0.153,0.73,1.73,-12.47,0.4184,0.4179,0.5131,0.5140,8185,28.088,716.0,380.7,475.9,22.6,498.5,20.98,23.76,0.90294,14.057,12.06,24.76,14,2
104.290,hall_mission,9x4.5,pi5,1.662,18.460,-1.990,-0.159,0.027,0.005,0.161,0.72,1.56,-12.00,0.4233,0.4223,0.5093,0.5090,8187,28.064,715.4,379.5,474.4,22.6,497.0,20.92,23.76,0.90289,14.064,12.10,24.76,14,2
104.338,hall_mission,9x4.5,pi5,1.651,18.463,-1.989,-0.166,0.036,0.005,0.170,0.69,1.34,-11.51,0.4326,0.4329,0.4997,0.4990,8188,28.006,714.0,377.0,471.3,22.6,493.9,20.79,23.76,0.90284,14.071,12.17,24.76,14,2
104.390,hall_mission,9x4.5,pi5,1.643,18.464,-1.989,-0.170,0.042,0.005,0.175,0.67,1.20,-11.30,0.4460,0.4450,0.4869,0.4865,8188,27.950,712.5,374.7,468.4,22.6,491.0,20.66,23.76,0.90279,14.078,12.25,24.76,14,2
104.438,hall_mission,9x4.5,pi5,1.630,18.467,-1.989,-0.174,0.049,0.004,0.181,0.63,1.01,-11.10,0.4604,0.4594,0.4730,0.4719,8189,27.923,711.8,373.5,466.8,22.6,489.4,20.59,23.77,0.90275,14.084,12.28,24.76,14,2
104.490,hall_mission,9x4.5,pi5,1.623,18.469,-1.989,-0.175,0.053,0.005,0.183,0.61,0.90,-11.00,0.4709,0.4705,0.4619,0.4617,8191,27.931,712.1,373.6,467.0,22.6,489.6,20.60,23.77,0.90270,14.091,12.28,24.76,14,2
104.538,hall_mission,9x4.5,pi5,1.612,18.473,-1.989,-0.175,0.058,0.005,0.185,0.58,0.74,-10.85,0.4764,0.4753,0.4577,0.4565,8194,27.957,712.7,374.3,467.8,22.6,490.4,20.64,23.76,0.90265,14.098,12.26,24.76,14,2
104.582,hall_mission,9x4.5,pi5,1.605,18.475,-1.989,-0.174,0.061,0.006,0.185,0.57,0.65,-10.73,0.4809,0.4804,0.4526,0.4532,8198,27.997,713.7,375.2,469.1,22.6,491.7,20.69,23.76,0.90261,14.104,12.22,24.76,14,2
104.630,hall_mission,9x4.5,pi5,1.598,18.477,-1.989,-0.173,0.064,0.007,0.184,0.55,0.57,-10.58,0.4883,0.4879,0.4461,0.4456,8201,28.039,714.8,376.5,470.6,22.6,493.2,20.76,23.76,0.90257,14.110,12.18,24.76,14,2
104.682,hall_mission,9x4.5,pi5,1.588,18.481,-1.988,-0.169,0.067,0.007,0.182,0.53,0.46,-10.27,0.4914,0.4910,0.4432,0.4427,8203,28.062,715.4,377.2,471.5,22.6,494.1,20.80,23.76,0.90252,14.118,12.16,24.76,14,2
104.730,hall_mission,9x4.5,pi5,1.582,18.484,-1.988,-0.166,0.069,0.007,0.180,0.52,0.39,-10.00,0.4899,0.4889,0.4458,0.4445,8205,28.071,715.6,377.3,471.6,22.6,494.2,20.80,23.76,0.90247,14.124,12.16,24.76,14,2
104.782,hall_mission,9x4.5,pi5,1.574,18.488,-1.988,-0.161,0.070,0.007,0.176,0.50,0.31,-9.50,0.4849,0.4843,0.4508,0.4496,8207,28.068,715.5,376.8,471.1,22.6,493.7,20.78,23.76,0.90242,14.131,12.17,24.76,14,2
104.830,hall_mission,9x4.5,pi5,1.569,18.490,-1.987,-0.158,0.071,0.006,0.173,0.49,0.27,-9.11,0.4801,0.4792,0.4559,0.4547,8208,28.062,715.4,376.5,470.6,22.6,493.2,20.76,23.76,0.90237,14.138,12.18,24.76,14,2
104.882,hall_mission,9x4.5,pi5,1.561,18.494,-1.987,-0.151,0.072,0.006,0.168,0.48,0.21,-8.47,0.4756,0.4748,0.4601,0.4595,8209,28.058,715.3,376.2,470.3,22.6,492.9,20.75,23.76,0.90232,14.145,12.19,24.76,14,2
104.930,hall_mission,9x4.5,pi5,1.557,18.496,-1.987,-0.147,0.072,0.006,0.164,0.47,0.18,-8.02,0.4756,0.4759,0.4595,0.4594,8211,28.071,715.6,376.5,470.6,22.6,493.2,20.76,23.76,0.90228,14.152,12.18,24.76,14,2
104.982,hall_mission,9x4.5,pi5,1.551,18.500,-1.986,-0.141,0.072,0.006,0.159,0.46,0.15,-7.32,0.4744,0.4748,0.4613,0.4608,8214,28.089,716.1,376.8,471.0,22.6,493.6,20.78,23.76,0.90223,14.159,12.17,24.76,14,2
105.030,hall_mission,9x4.5,pi5,1.546,18.502,-1.986,-0.137,0.072,0.006,0.155,0.45,0.13,-6.84,0.4712,0.4712,0.4648,0.4645,8215,28.096,716.2,376.9,471.1,22.6,493.7,20.78,23.76,0.90218,14.165,12.16,24.76,14,2
105.082,hall_mission,9x4.5,pi5,1.540,18.505,-1.986,-0.131,0.071,0.005,0.150,0.45,0.12,-6.11,0.4664,0.4663,0.4697,0.4694,8215,28.097,716.3,376.9,471.1,22.6,493.7,20.78,23.75,0.90213,14.172,12.16,24.76,14,2
105.130,hall_mission,9x4.5,pi5,1.536,18.507,-1.986,-0.128,0.071,0.004,0.146,0.45,0.11,-5.62,0.4624,0.4621,0.4734,0.4737,8215,28.096,716.2,376.9,471.2,22.6,493.8,20.79,23.75,0.90208,14.179,12.16,24.76,14,2
105.182,hall_mission,9x4.5,pi5,1.531,18.509,-1.985,-0.123,0.070,0.003,0.141,0.45,0.10,-4.93,0.4606,0.4605,0.4753,0.4751,8215,28.097,716.3,377.0,471.2,22.6,493.8,20.79,23.75,0.90203,14.186,12.16,24.76,14,2
105.226,hall_mission,9x4.5,pi5,1.528,18.511,-1.985,-0.120,0.069,0.003,0.138,0.45,0.09,-4.50,0.4633,0.4636,0.4725,0.4724,8215,28.097,716.3,376.9,471.2,22.6,493.8,20.79,23.75,0.90199,14.192,12.16,24.76,14,2
105.274,hall_mission,9x4.5,pi5,1.523,18.513,-1.985,-0.115,0.068,0.003,0.134,0.46,0.09,-3.87,0.4653,0.4655,0.4707,0.4706,8216,28.104,716.4,377.1,471.3,22.6,493.9,20.79,23.75,0.90195,14.199,12.15,24.76,14,2
105.326,hall_mission,9x4.5,pi5,1.519,18.515,-1.985,-0.112,0.068,0.003,0.131,0.47,0.08,-3.48,0.4647,0.4655,0.4710,0.4713,8218,28.116,716.7,377.3,471.6,22.6,494.2,20.81,23.75,0.90190,14.206,12.14,24.76,14,2
105.374,hall_mission,9x4.5,pi5,1.516,18.517,-1.985,-0.109,0.067,0.003,0.128,0.48,0.08,-3.09,0.4634,0.4635,0.4731,0.4730,8220,28.128,717.1,377.6,472.0,22.6,494.6,20.82,23.75,0.90185,14.212,12.13,24.76,14,2
105.426,hall_mission,9x4.5,pi5,1.512,18.520,-1.984,-0.106,0.067,0.002,0.125,0.49,0.08,-2.54,0.4613,0.4607,0.4758,0.4753,8220,28.136,717.3,377.8,472.2,22.6,494.8,20.83,23.75,0.90180,14.220,12.13,24.76,14,2
105.470,hall_mission,9x4.5,pi5,1.509,18.523,-1.984,-0.103,0.067,0.002,0.123,0.50,0.07,-2.20,0.4590,0.4590,0.4778,0.4774,8220,28.138,717.3,377.9,472.3,22.6,494.9,20.84,23.75,0.90176,14.226,12.12,24.76,14,2
105.518,hall_mission,9x4.5,pi5,1.506,18.527,-1.984,-0.099,0.067,0.001,0.120,0.51,0.07,-1.73,0.4572,0.4569,0.4790,0.4800,8220,28.139,717.3,378.0,472.5,22.6,495.1,20.85,23.75,0.90171,14.232,12.12,24.76,14,2
105.566,hall_mission,9x4.5,pi5,1.503,18.530,-1.984,-0.096,0.068,0.000,0.118,0.51,0.06,-1.46,0.4564,0.4555,0.4804,0.4807,8219,28.139,717.3,378.0,472.5,22.6,495.1,20.85,23.75,0.90166,14.239,12.12,24.76,14,2
105.618,hall_mission,9x4.5,pi5,1.500,18.534,-1.984,-0.093,0.068,-0.000,0.116,0.51,0.06,-1.11,0.4560,0.4563,0.4802,0.4804,8219,28.138,717.3,378.0,472.5,22.6,495.1,20.85,23.75,0.90161,14.246,12.12,24.76,14,2
105.670,hall_mission,9x4.5,pi5,1.498,18.538,-1.983,-0.091,0.069,-0.001,0.114,0.51,0.06,-0.91,0.5165,0.5160,0.4204,0.4197,8218,28.319,721.9,385.5,481.8,22.6,504.4,21.25,23.74,0.90156,14.253,11.88,24.76,14,2
105.718,hall_mission,9x4.5,pi5,1.495,18.543,-1.984,-0.088,0.070,-0.023,0.115,0.50,0.06,-0.49,0.6734,0.6721,0.2553,0.2556,8160,31.525,803.7,521.5,651.9,22.6,674.5,28.69,23.51,0.90150,14.262,8.80,24.76,14,2
105.766,hall_mission,9x4.5,pi5,1.493,18.547,-1.985,-0.086,0.071,-0.082,0.138,0.48,0.06,0.26,0.7641,0.7635,0.1343,0.1351,7944,34.928,890.4,677.6,847.0,22.6,869.6,37.40,23.25,0.90142,14.274,6.75,24.76,14,2
105.818,hall_mission,9x4.5,pi5,1.490,18.552,-1.994,-0.083,0.073,-0.213,0.240,0.46,0.05,2.69,0.7692,0.7682,0.0833,0.0827,7605,34.360,875.9,682.0,852.6,22.6,875.2,37.65,23.24,0.90133,14.287,6.71,24.75,14,2
105.870,hall_mission,9x4.5,pi5,1.488,18.556,-2.005,-0.082,0.074,-0.297,0.316,0.45,0.04,5.26,0.7091,0.7095,0.0931,0.0927,7247,30.169,769.1,553.6,692.0,22.6,714.6,30.46,23.46,0.90125,14.297,8.29,24.75,14,2
105.918,hall_mission,9x4.5,pi5,1.485,18.562,-2.028,-0.079,0.074,-0.355,0.371,0.42,0.01,10.39,0.6342,0.6337,0.1457,0.1454,7082,26.097,665.3,422.4,528.0,22.6,550.6,23.26,23.67,0.90120,14.304,10.85,24.75,14,2
105.970,hall_mission,9x4.5,pi5,1.483,18.566,-2.044,-0.077,0.073,-0.335,0.352,0.39,-0.02,14.49,0.5491,0.5491,0.2309,0.2301,7083,23.104,589.0,318.6,398.2,22.6,420.8,17.65,23.84,0.90116,14.310,14.30,24.75,14,2
106.018,hall_mission,9x4.5,pi5,1.481,18.570,-2.064,-0.075,0.071,-0.253,0.274,0.36,-0.05,21.27,0.4765,0.4773,0.3212,0.3202,7213,22.193,565.8,274.0,342.4,22.6,365.0,15.27,23.91,0.90112,14.315,16.53,24.75,14,2
106.062,hall_mission,9x4.5,pi5,1.479,18.573,-2.075,-0.073,0.069,-0.179,0.205,0.34,-0.07,26.00,0.4195,0.4195,0.4043,0.4044,7403,22.819,581.7,276.0,344.9,22.6,367.5,15.37,23.91,0.90109,14.320,16.42,24.75,14,2
106.114,hall_mission,9x4.5,pi5,1.477,18.576,-2.082,-0.072,0.068,-0.108,0.146,0.32,-0.09,30.74,0.3586,0.3590,0.4905,0.4904,7587,24.342,620.5,310.9,388.7,22.6,411.3,17.24,23.85,0.90105,14.326,14.64,24.75,14,2
106.162,hall_mission,9x4.5,pi5,1.474,18.581,-2.088,-0.070,0.065,-0.028,0.099,0.30,-0.12,37.56,0.2614,0.2615,0.6060,0.6059,7719,27.399,698.5,410.8,513.4,22.6,536.0,22.63,23.69,0.90100,14.333,11.15,24.75,14,2
106.214,hall_mission,9x4.5,pi5,1.473,18.584,-2.089,-0.069,0.063,-0.024,0.096,0.29,-0.14,41.68,0.0237,0.0243,0.8350,0.8335,7653,38.737,987.5,842.8,1053.6,22.6,1076.2,46.87,22.96,0.90089,14.348,5.38,24.75,14,2
106.262,hall_mission,9x4.5,pi5,1.470,18.588,-2.093,-0.067,0.062,-0.177,0.199,0.28,-0.16,46.37,0.0000,0.0004,0.7952,0.7958,6841,35.194,897.2,740.9,926.1,22.6,948.7,41.00,23.14,0.90080,14.361,6.15,24.75,14,2
106.310,hall_mission,9x4.5,pi5,1.469,18.591,-2.103,-0.066,0.061,-0.297,0.310,0.27,-0.16,48.30,0.0000,0.0008,0.7397,0.7406,6441,30.998,790.2,611.7,764.6,22.6,787.2,33.71,23.36,0.90072,14.371,7.48,24.75,14,2
106.362,hall_mission,9x4.5,pi5,1.467,18.596,-2.126,-0.064,0.059,-0.385,0.395,0.26,-0.16,49.66,0.0000,0.0004,0.7094,0.7085,6214,28.751,732.9,546.1,682.6,22.6,705.2,30.05,23.46,0.90065,14.382,8.39,24.75,14,2
106.414,hall_mission,9x4.5,pi5,1.466,18.599,-2.143,-0.063,0.058,-0.394,0.404,0.26,-0.16,49.64,0.0000,0.0005,0.6915,0.6917,6089,27.540,702.1,511.7,639.6,22.6,662.2,28.15,23.52,0.90058,14.391,8.96,24.75,14,2
106.462,hall_mission,9x4.5,pi5,1.464,18.603,-2.167,-0.061,0.056,-0.379,0.388,0.26,-0.14,48.35,0.0000,0.0004,0.6855,0.6855,6044,27.119,691.3,499.9,624.9,22.6,647.5,27.51,23.54,0.90052,14.400,9.17,24.75,14,2
106.514,hall_mission,9x4.5,pi5,1.463,18.606,-2.184,-0.059,0.055,-0.358,0.367,0.26,-0.13,46.67,0.0000,0.0014,0.6827,0.6827,6027,26.929,686.5,494.6,618.2,22.6,640.8,27.21,23.55,0.90046,14.409,9.27,24.75,14,2
106.562,hall_mission,9x4.5,pi5,1.462,18.611,-2.208,-0.057,0.053,-0.319,0.329,0.27,-0.10,42.97,0.0000,0.0007,0.6820,0.6829,6023,26.913,686.1,494.2,617.7,22.6,640.3,27.19,23.55,0.90039,14.418,9.27,24.75,14,2
106.614,hall_mission,9x4.5,pi5,1.461,18.613,-2.222,-0.056,0.052,-0.293,0.302,0.27,-0.08,39.73,0.0914,0.0918,0.5956,0.5946,6409,22.644,577.2,353.0,441.2,22.6,463.8,19.51,23.78,0.90035,14.424,12.92,24.75,14,2
106.662,hall_mission,9x4.5,pi5,1.460,18.618,-2.237,-0.055,0.050,-0.209,0.222,0.28,-0.04,33.94,0.1909,0.1911,0.5181,0.5181,6572,20.319,518.0,268.2,335.3,22.6,357.9,14.97,23.91,0.90031,14.429,16.85,24.75,14,2
106.714,hall_mission,9x4.5,pi5,1.460,18.621,-2.245,-0.053,0.048,-0.094,0.118,0.29,-0.02,29.21,0.3010,0.3004,0.4465,0.4467,6849,19.991,509.6,234.0,292.5,22.6,315.1,13.14,23.97,0.90028,14.434,19.18,24.75,14,2
106.762,hall_mission,9x4.5,pi5,1.459,18.624,-2.246,-0.052,0.045,0.047,0.084,0.29,0.02,22.94,0.3975,0.3970,0.3933,0.3923,7158,21.330,543.8,249.3,311.6,22.6,334.2,13.96,23.94,0.90025,14.438,18.06,24.75,14,2
106.814,hall_mission,9x4.5,pi5,1.459,18.627,-2.241,-0.051,0.044,0.132,0.148,0.29,0.05,18.46,0.4880,0.4877,0.3453,0.3453,7471,23.679,603.7,299.7,374.6,22.6,397.2,16.65,23.86,0.90021,14.444,15.14,24.75,14,2
106.862,hall_mission,9x4.5,pi5,1.459,18.630,-2.229,-0.050,0.042,0.211,0.221,0.29,0.09,12.05,0.5510,0.5510,0.3078,0.3083,7658,25.705,655.3,353.7,442.1,22.6,464.7,19.55,23.78,0.90017,14.450,12.89,24.75,14,2
106.914,hall_mission,9x4.5,pi5,1.458,18.632,-2.218,-0.049,0.041,0.238,0.247,0.29,0.12,8.12,0.5817,0.5828,0.2919,0.2915,7766,26.955,687.2,388.6,485.8,22.6,508.4,21.43,23.72,0.90012,14.457,11.76,24.75,14,2
106.962,hall_mission,9x4.5,pi5,1.457,18.635,-2.197,-0.049,0.039,0.249,0.257,0.28,0.14,2.91,0.5699,0.6082,0.2682,0.3700,8014,28.460,725.5,416.6,520.7,22.6,543.3,22.95,23.67,0.90007,14.465,10.98,24.75,14,2
107.010,hall_mission,9x4.5,pi5,1.457,18.637,-2.185,-0.049,0.038,0.235,0.243,0.15,-0.35,-0.12,0.5769,0.5795,0.3238,0.3362,8015,28.089,716.1,402.9,503.6,22.6,526.2,22.21,23.69,0.90002,14.472,11.35,24.75,14,2
107.054,hall_mission,9x4.5,pi5,1.456,18.640,-2.169,-0.036,0.033,0.219,0.224,-0.50,-2.63,-4.03,0.5699,0.5725,0.3401,0.3326,8010,27.915,711.6,396.6,495.8,22.6,518.4,21.87,23.70,0.89997,14.478,11.52,24.75,14,2
107.106,hall_mission,9x4.5,pi5,1.456,18.641,-2.158,-0.014,0.024,0.212,0.213,-0.92,-4.38,-6.23,0.5673,0.5634,0.3540,0.3311,8013,27.818,709.2,392.5,490.6,22.6,513.2,21.64,23.71,0.89992,14.485,11.64,24.75,14,2
107.154,hall_mission,9x4.5,pi5,1.458,18.642,-2.142,0.040,0.001,0.207,0.210,-1.34,-6.68,-8.98,0.5632,0.5579,0.3602,0.3371,8022,27.779,708.2,389.7,487.1,22.6,509.7,21.49,23.71,0.89987,14.492,11.72,24.75,14,2
107.206,hall_mission,9x4.5,pi5,1.462,18.642,-2.133,0.083,-0.017,0.206,0.223,-1.46,-7.86,-10.47,0.5578,0.5517,0.3673,0.3464,8039,27.768,707.9,387.1,483.9,22.6,506.5,21.35,23.72,0.89982,14.499,11.80,24.75,14,2
107.254,hall_mission,9x4.5,pi5,1.468,18.642,-2.124,0.131,-0.038,0.206,0.247,-1.50,-8.75,-11.71,0.5515,0.5447,0.3750,0.3575,8059,27.768,707.9,384.5,480.7,22.6,503.3,21.22,23.72,0.89977,14.506,11.87,24.75,14,2
107.306,hall_mission,9x4.5,pi5,1.480,18.639,-2.111,0.203,-0.068,0.207,0.298,-1.44,-9.58,-13.14,0.5420,0.5369,0.3837,0.3726,8083,27.769,707.9,381.6,476.9,22.6,499.5,21.05,23.73,0.89972,14.513,11.96,24.75,14,2
107.354,hall_mission,9x4.5,pi5,1.500,18.633,-2.097,0.286,-0.104,0.207,0.369,-1.32,-9.96,-14.10,0.5321,0.5290,0.3945,0.3867,8108,27.798,708.7,379.4,474.2,22.6,496.8,20.94,23.73,0.89968,14.520,12.03,24.75,14,2
107.406,hall_mission,9x4.5,pi5,1.516,18.628,-2.088,0.337,-0.126,0.208,0.416,-1.24,-10.01,-14.51,0.5218,0.5188,0.4073,0.4026,8138,27.864,710.3,378.0,472.5,22.6,495.1,20.86,23.73,0.89963,14.527,12.07,24.75,14,2
107.454,hall_mission,9x4.5,pi5,1.541,18.620,-2.076,0.406,-0.155,0.207,0.481,-1.12,-9.87,-14.85,0.5438,0.4647,0.4575,0.3775,8113,27.701,706.2,375.0,468.7,22.6,491.3,20.70,23.74,0.89958,14.534,12.17,24.75,14,2
107.506,hall_mission,9x4.5,pi5,1.562,18.613,-2.068,0.451,-0.174,0.206,0.525,-1.07,-9.06,-14.94,0.4777,0.4876,0.4474,0.4417,8152,27.701,706.2,369.6,462.0,22.6,484.6,20.41,23.75,0.89953,14.541,12.34,24.75,14,2
107.554,hall_mission,9x4.5,pi5,1.599,18.600,-2.054,0.503,-0.197,0.200,0.576,-1.02,-6.38,-14.99,0.4614,0.4644,0.4663,0.4708,8183,27.875,710.6,372.5,465.6,22.6,488.2,20.56,23.74,0.89949,14.547,12.25,24.75,14,2
107.606,hall_mission,9x4.5,pi5,1.623,18.591,-2.046,0.518,-0.207,0.193,0.590,-0.95,-4.43,-15.02,0.4315,0.4464,0.4909,0.4989,8201,28.067,715.5,377.7,472.2,22.6,494.8,20.85,23.73,0.89943,14.554,12.08,24.75,14,2
107.654,hall_mission,9x4.5,pi5,1.648,18.582,-2.039,0.521,-0.212,0.184,0.591,-0.84,-1.82,-15.15,0.4165,0.4292,0.5055,0.5169,8202,28.178,718.3,382.0,477.5,22.6,500.1,21.08,23.72,0.89939,14.561,11.94,24.75,14,2
107.706,hall_mission,9x4.5,pi5,1.682,18.570,-2.029,0.506,-0.213,0.169,0.575,-0.76,-0.39,-15.35,0.3997,0.4125,0.5219,0.5324,8196,28.288,721.1,387.2,484.0,22.6,506.6,21.36,23.72,0.89934,14.568,11.78,24.75,14,2
107.754,hall_mission,9x4.5,pi5,1.706,18.561,-2.023,0.486,-0.210,0.158,0.553,-0.66,1.27,-15.89,0.3925,0.4022,0.5298,0.5392,8186,28.311,721.7,389.5,486.9,22.6,509.5,21.49,23.71,0.89929,14.575,11.72,24.75,14,2
107.806,hall_mission,9x4.5,pi5,1.740,18.549,-2.014,0.441,-0.200,0.142,0.505,-0.61,2.10,-16.45,0.3856,0.3945,0.5363,0.5442,8175,28.316,721.9,391.2,489.0,22.6,511.6,21.58,23.71,0.89924,14.583,11.67,24.74,14,2
107.854,hall_mission,9x4.5,pi5,1.767,18.539,-2.007,0.393,-0.188,0.129,0.455,-0.57,3.00,-17.60,0.3905,0.3979,0.5324,0.5377,8167,28.203,719.0,387.7,484.6,22.6,507.2,21.39,23.71,0.89919,14.589,11.77,24.74,14,2
107.906,hall_mission,9x4.5,pi5,1.784,18.532,-2.003,0.357,-0.178,0.122,0.417,-0.57,3.41,-18.57,0.4008,0.4062,0.5229,0.5276,8163,28.067,715.5,382.8,478.5,22.6,501.1,21.12,23.72,0.89914,14.597,11.92,24.74,14,2
107.954,hall_mission,9x4.5,pi5,1.806,18.523,-1.997,0.295,-0.160,0.110,0.353,-0.62,3.76,-20.30,0.3838,0.4564,0.4777,0.5706,8276,28.899,736.7,401.1,501.4,22.6,524.0,22.12,23.69,0.89909,14.604,11.38,24.74,14,2
108.006,hall_mission,9x4.5,pi5,1.817,18.518,-1.993,0.258,-0.149,0.092,0.312,-0.84,2.97,-21.59,0.4325,0.4470,0.5035,0.4967,8244,28.378,723.4,384.2,480.3,22.6,502.9,21.20,23.72,0.89904,14.611,11.87,24.74,14,2
108.054,hall_mission,9x4.5,pi5,1.830,18.513,-1.990,0.222,-0.143,0.073,0.274,-1.28,0.21,-23.62,0.4604,0.4609,0.4800,0.4712,8217,28.117,716.8,377.4,471.8,22.6,494.4,20.83,23.73,0.89899,14.617,12.08,24.74,14,2
108.106,hall_mission,9x4.5,pi5,1.838,18.509,-1.988,0.211,-0.146,0.065,0.264,-1.45,-1.79,-24.98,0.4851,0.4780,0.4611,0.4426,8197,27.996,713.7,375.4,469.2,22.6,491.8,20.72,23.73,0.89894,14.625,12.14,24.74,14,2
108.154,hall_mission,9x4.5,pi5,1.845,18.505,-1.986,0.211,-0.155,0.060,0.269,-1.51,-3.59,-26.32,0.5012,0.4932,0.4426,0.4253,8181,27.955,712.7,375.9,469.8,22.6,492.4,20.75,23.73,0.89890,14.631,12.12,24.74,14,2
108.206,hall_mission,9x4.5,pi5,1.857,18.497,-1.984,0.231,-0.181,0.056,0.298,-1.42,-5.75,-28.19,0.5158,0.5040,0.4276,0.4119,8170,27.971,713.1,378.0,472.5,22.6,495.1,20.87,23.73,0.89885,14.638,12.06,24.74,14,2
108.254,hall_mission,9x4.5,pi5,1.866,18.491,-1.983,0.252,-0.201,0.055,0.327,-1.21,-7.25,-29.85,0.5219,0.5133,0.4173,0.4060,8167,28.015,714.2,380.2,475.2,22.6,497.8,20.98,23.72,0.89880,14.645,11.99,24.74,14,2
108.306,hall_mission,9x4.5,pi5,1.880,18.481,-1.980,0.289,-0.233,0.056,0.375,-1.04,-7.93,-30.79,0.5248,0.5184,0.4119,0.4038,8169,28.063,715.4,381.9,477.4,22.6,500.0,21.08,23.72,0.89875,14.652,11.93,24.74,14,2
108.354,hall_mission,9x4.5,pi5,1.899,18.467,-1.978,0.338,-0.271,0.058,0.437,-0.78,-8.57,-31.94,0.5238,0.5199,0.4112,0.4057,8175,28.102,716.4,382.6,478.3,22.6,500.9,21.12,23.72,0.89870,14.659,11.91,24.74,14,2
108.406,hall_mission,9x4.5,pi5,1.913,18.457,-1.976,0.371,-0.295,0.059,0.477,-0.63,-8.79,-32.52,0.5208,0.5173,0.4147,0.4104,8184,28.133,717.2,382.6,478.3,22.6,500.9,21.12,23.72,0.89865,14.666,11.91,24.74,14,2
108.454,hall_mission,9x4.5,pi5,1.936,18.440,-1.973,0.416,-0.327,0.061,0.532,-0.46,-8.91,-33.14,0.5152,0.5132,0.4201,0.4169,8193,28.143,717.4,381.8,477.3,22.6,499.9,21.08,23.72,0.89860,14.673,11.93,24.74,14,2
108.506,hall_mission,9x4.5,pi5,1.954,18.427,-1.970,0.447,-0.349,0.061,0.571,-0.37,-8.88,-33.40,0.5077,0.5071,0.4272,0.4259,8201,28.142,717.4,380.7,475.9,22.6,498.5,21.01,23.72,0.89855,14.680,11.97,24.74,14,2
108.554,hall_mission,9x4.5,pi5,1.986,18.404,-1.967,0.495,-0.382,0.061,0.628,-0.28,-8.73,-33.58,0.5002,0.5004,0.4348,0.4348,8209,28.150,717.6,379.9,474.8,22.6,497.4,20.97,23.72,0.89851,14.686,11.99,24.74,14,2
108.606,hall_mission,9x4.5,pi5,2.008,18.388,-1.964,0.523,-0.400,0.061,0.661,-0.25,-8.57,-33.59,0.4921,0.4926,0.4440,0.4438,8218,28.168,718.1,379.4,474.2,22.6,496.8,20.94,23.72,0.89846,14.694,12.01,24.74,14,2
108.654,hall_mission,9x4.5,pi5,2.040,18.365,-1.961,0.559,-0.424,0.059,0.704,-0.24,-8.30,-33.49,0.4860,0.4650,0.4533,0.4717,8230,28.212,719.2,379.5,474.3,22.6,496.9,20.95,23.72,0.89841,14.700,12.00,24.74,14,2
108.706,hall_mission,9x4.5,pi5,2.064,18.348,-1.960,0.583,-0.440,0.055,0.732,-0.41,-8.12,-33.39,0.4206,0.4236,0.5138,0.5164,8225,28.352,722.8,385.9,482.3,22.6,504.9,21.29,23.71,0.89836,14.708,11.81,24.74,14,2
108.754,hall_mission,9x4.5,pi5,2.105,18.318,-1.957,0.615,-0.466,0.041,0.773,-1.00,-7.75,-33.42,0.3827,0.3871,0.5502,0.5482,8203,28.599,729.1,398.9,498.6,22.6,521.2,22.00,23.69,0.89831,14.715,11.43,24.74,14,2
108.806,hall_mission,9x4.5,pi5,2.132,18.299,-1.957,0.631,-0.483,0.030,0.795,-1.38,-7.51,-33.66,0.3658,0.3720,0.5614,0.5599,8169,28.586,728.8,402.8,503.5,22.6,526.1,22.21,23.68,0.89826,14.722,11.32,24.74,14,2
108.854,hall_mission,9x4.5,pi5,2.170,18.271,-1.956,0.646,-0.508,0.020,0.822,-1.81,-7.17,-34.44,0.3690,0.3752,0.5544,0.5550,8149,28.377,723.4,397.0,496.3,22.6,518.9,21.90,23.69,0.89821,14.729,11.48,24.74,14,2
108.906,hall_mission,9x4.5,pi5,2.198,18.250,-1.956,0.653,-0.526,0.016,0.839,-1.99,-6.98,-35.23,0.3837,0.3725,0.5438,0.5540,8151,28.299,721.4,393.7,492.1,22.6,514.7,21.72,23.70,0.89816,14.736,11.57,24.74,14,2
108.954,hall_mission,9x4.5,pi5,2.243,18.216,-1.957,0.659,-0.554,0.011,0.861,-2.31,-6.71,-36.80,0.3596,0.3654,0.5637,0.5627,8141,28.474,725.9,402.0,502.4,22.6,525.0,22.17,23.68,0.89811,14.743,11.34,24.74,14,2
109.006,hall_mission,9x4.5,pi5,2.271,18.193,-1.957,0.659,-0.572,0.006,0.873,-2.61,-6.51,-38.12,0.3560,0.3634,0.5642,0.5625,8122,28.371,723.3,400.3,500.4,22.6,523.0,22.08,23.69,0.89805,14.751,11.38,24.74,14,2
109.054,hall_mission,9x4.5,pi5,2.310,18.160,-1.959,0.653,-0.598,0.002,0.886,-2.95,-6.29,-40.54,0.3700,0.3794,0.5470,0.5461,8109,28.023,714.4,388.2,485.2,22.6,507.8,21.42,23.71,0.89801,14.758,11.73,24.74,14,2
109.106,hall_mission,9x4.5,pi5,2.337,18.136,-1.960,0.646,-0.617,0.001,0.893,-3.05,-6.20,-42.40,0.3997,0.4068,0.5175,0.5179,8107,27.646,704.8,373.5,466.9,22.6,489.5,20.63,23.73,0.89796,14.765,12.18,24.74,14,2
109.154,hall_mission,9x4.5,pi5,2.364,18.111,-1.961,0.636,-0.635,0.003,0.899,-3.05,-6.15,-44.40,0.4498,0.3992,0.5392,0.4574,8121,27.673,705.5,372.9,466.1,22.6,488.7,20.60,23.73,0.89791,14.771,12.20,24.74,14,2
109.206,hall_mission,9x4.5,pi5,2.405,18.070,-1.962,0.618,-0.661,0.008,0.905,-2.78,-5.36,-47.60,0.4237,0.4192,0.5007,0.5072,8139,27.727,706.8,372.5,465.6,22.6,488.2,20.57,23.73,0.89786,14.778,12.21,24.74,14,2
109.254,hall_mission,9x4.5,pi5,2.430,18.044,-1.962,0.601,-0.669,0.010,0.900,-2.40,-3.83,-49.86,0.3947,0.4565,0.4456,0.5549,8142,27.892,711.1,378.9,473.6,22.6,496.2,20.92,23.72,0.89781,14.785,12.01,24.74,14,2
109.306,hall_mission,9x4.5,pi5,2.464,18.007,-1.962,0.568,-0.664,0.009,0.874,-2.13,-1.99,-53.34,0.4328,0.4504,0.4837,0.4858,8146,27.669,705.4,369.2,461.5,22.6,484.1,20.40,23.73,0.89776,14.792,12.32,24.74,14,2
109.350,hall_mission,9x4.5,pi5,2.486,17.981,-1.962,0.541,-0.655,0.009,0.850,-2.32,-2.05,-55.67,0.4524,0.4710,0.4612,0.4705,8155,27.689,705.9,368.8,461.0,22.6,483.6,20.38,23.74,0.89772,14.798,12.33,24.74,14,2
109.402,hall_mission,9x4.5,pi5,2.519,17.941,-1.962,0.498,-0.647,0.011,0.816,-2.57,-2.93,-59.13,0.4843,0.4913,0.4446,0.4377,8165,27.803,708.8,372.0,465.0,22.6,487.6,20.55,23.73,0.89767,14.805,12.22,24.74,14,2
109.450,hall_mission,9x4.5,pi5,2.538,17.917,-1.962,0.473,-0.647,0.012,0.801,-2.63,-3.69,-61.36,0.5088,0.5115,0.4231,0.4157,8169,27.964,712.9,377.8,472.3,22.6,494.9,20.86,23.72,0.89763,14.812,12.04,24.74,14,2
109.502,hall_mission,9x4.5,pi5,2.563,17.882,-1.962,0.441,-0.654,0.011,0.789,-2.52,-4.75,-64.47,0.5295,0.5299,0.4029,0.3965,8168,28.144,717.5,385.2,481.5,22.6,504.1,21.26,23.71,0.89758,14.819,11.81,24.74,14,2
109.550,hall_mission,9x4.5,pi5,2.579,17.858,-1.961,0.421,-0.663,0.009,0.785,-2.34,-5.34,-66.36,0.5416,0.5428,0.3899,0.3828,8162,28.267,720.6,390.9,488.7,22.6,511.3,21.57,23.70,0.89753,14.826,11.64,24.74,14,2
109.598,hall_mission,9x4.5,pi5,2.602,17.817,-1.961,0.394,-0.682,0.004,0.788,-1.99,-6.02,-68.82,0.5490,0.5497,0.3805,0.3760,8155,28.328,722.2,394.3,492.9,22.6,515.5,21.76,23.69,0.89748,14.833,11.54,24.74,14,2
109.650,hall_mission,9x4.5,pi5,2.616,17.791,-1.960,0.379,-0.696,0.002,0.793,-1.73,-6.35,-70.20,0.5510,0.5519,0.3771,0.3737,8150,28.328,722.2,395.0,493.8,22.6,516.4,21.80,23.69,0.89743,14.840,11.52,24.74,14,2
109.702,hall_mission,9x4.5,pi5,2.635,17.753,-1.960,0.362,-0.717,0.000,0.803,-1.35,-6.69,-71.84,0.5488,0.5483,0.3791,0.3770,8148,28.273,720.8,393.1,491.3,22.6,513.9,21.69,23.69,0.89738,14.847,11.57,24.74,14,2
109.750,hall_mission,9x4.5,pi5,2.647,17.726,-1.959,0.351,-0.732,-0.001,0.812,-1.11,-6.82,-72.66,0.5385,0.5225,0.3907,0.4021,8150,28.051,715.1,383.9,479.9,22.6,502.5,21.19,23.71,0.89733,14.854,11.84,24.74,14,2
109.802,hall_mission,9x4.5,pi5,2.668,17.680,-1.959,0.338,-0.755,-0.002,0.827,-0.99,-6.93,-73.55,0.4858,0.4883,0.4389,0.4407,8150,27.700,706.1,369.9,462.4,22.6,485.0,20.44,23.73,0.89728,14.861,12.28,24.73,14,2
109.850,hall_mission,9x4.5,pi5,2.680,17.651,-1.959,0.330,-0.769,-0.001,0.837,-1.10,-6.93,-74.00,0.4562,0.4585,0.4707,0.4696,8154,27.686,705.8,368.7,460.9,22.6,483.5,20.37,23.73,0.89723,14.868,12.32,24.73,14,2
109.898,hall_mission,9x4.5,pi5,2.697,17.608,-1.958,0.318,-0.788,0.003,0.850,-1.29,-6.90,-74.66,0.4408,0.4438,0.4876,0.4862,8167,27.809,708.9,372.0,465.0,22.6,487.6,20.55,23.73,0.89719,14.874,12.21,24.73,14,2
109.950,hall_mission,9x4.5,pi5,2.709,17.577,-1.958,0.308,-0.801,0.007,0.858,-1.38,-6.87,-75.15,0.4371,0.4399,0.4930,0.4932,8184,27.950,712.5,375.3,469.1,22.6,491.7,20.73,23.72,0.89714,14.881,12.11,24.73,14,2
109.998,hall_mission,9x4.5,pi5,2.727,17.526,-1.957,0.291,-0.821,0.012,0.871,-1.44,-6.82,-75.98,0.4405,0.4442,0.4920,0.4909,8200,28.046,715.0,376.9,471.2,22.6,493.8,20.82,23.72,0.89709,14.888,12.05,24.73,14,2
110.050,hall_mission,9x4.5,pi5,2.738,17.493,-1.956,0.281,-0.833,0.015,0.879,-1.43,-6.79,-76.61,0.4489,0.4526,0.4848,0.4848,8213,28.107,716.5,377.6,472.0,22.6,494.6,20.86,23.72,0.89704,14.895,12.03,24.73,14,2
110.102,hall_mission,9x4.5,pi5,2.753,17.447,-1.955,0.266,-0.848,0.016,0.889,-1.33,-6.74,-77.62,0.4600,0.4625,0.4753,0.4762,8223,28.156,717.8,378.2,472.7,22.6,495.3,20.89,23.72,0.89699,14.902,12.01,24.73,14,2
110.150,hall_mission,9x4.5,pi5,2.762,17.413,-1.954,0.256,-0.858,0.016,0.896,-1.23,-6.70,-78.32,0.4692,0.4725,0.4668,0.4668,8228,28.183,718.5,378.7,473.3,22.6,495.9,20.91,23.71,0.89694,14.909,12.00,24.73,14,2
110.198,hall_mission,9x4.5,pi5,2.777,17.358,-1.952,0.241,-0.873,0.014,0.906,-1.05,-6.65,-79.35,0.4779,0.4809,0.4580,0.4592,8231,28.212,719.2,379.4,474.3,22.6,496.9,20.95,23.71,0.89690,14.915,11.97,24.73,14,2
110.250,hall_mission,9x4.5,pi5,2.785,17.323,-1.952,0.232,-0.881,0.013,0.912,-0.91,-6.61,-80.01,0.4816,0.4635,0.4579,0.4755,8240,28.272,720.7,380.6,475.7,22.6,498.3,21.02,23.71,0.89685,14.923,11.94,24.73,14,2
110.302,hall_mission,9x4.5,pi5,2.797,17.273,-1.951,0.221,-0.892,0.008,0.919,-0.99,-6.54,-80.96,0.4221,0.4253,0.5124,0.5161,8230,28.375,723.4,386.1,482.7,22.6,505.3,21.32,23.70,0.89680,14.930,11.77,24.73,14,2
110.350,hall_mission,9x4.5,pi5,2.805,17.237,-1.951,0.211,-0.900,0.001,0.924,-1.30,-6.44,-81.66,0.3891,0.3957,0.5435,0.5402,8204,28.505,726.7,394.9,493.7,22.6,516.3,21.80,23.69,0.89675,14.937,11.51,24.73,14,2
110.402,hall_mission,9x4.5,pi5,2.816,17.179,-1.952,0.190,-0.910,-0.012,0.930,-1.78,-6.30,-83.01,0.3802,0.3871,0.5487,0.5456,8178,28.430,724.8,395.3,494.1,22.6,516.7,21.82,23.69,0.89670,14.944,11.50,24.73,14,2
110.450,hall_mission,9x4.5,pi5,2.822,17.143,-1.953,0.174,-0.916,-0.016,0.932,-2.01,-6.24,-84.13,0.3887,0.3965,0.5369,0.5354,8163,28.195,718.8,387.9,484.8,22.6,507.4,21.41,23.70,0.89665,14.951,11.71,24.73,14,2
110.502,hall_mission,9x4.5,pi5,2.830,17.091,-1.954,0.149,-0.922,-0.018,0.934,-2.16,-6.18,-86.14,0.4102,0.4163,0.5149,0.5143,8157,27.924,711.9,377.9,472.4,22.6,495.0,20.87,23.71,0.89660,14.958,12.01,24.73,14,2
110.542,hall_mission,9x4.5,pi5,2.834,17.054,-1.956,0.130,-0.925,-0.017,0.934,-2.15,-6.18,-87.63,0.4297,0.4361,0.4958,0.4941,8157,27.783,708.3,372.3,465.4,22.6,488.0,20.57,23.72,0.89656,14.964,12.19,24.73,14,2
110.594,hall_mission,9x4.5,pi5,2.838,17.017,-1.957,0.112,-0.928,-0.015,0.934,-2.06,-6.19,-89.20,0.4574,0.4613,0.4690,0.4695,8163,27.740,707.2,369.8,462.2,22.6,484.8,20.43,23.73,0.89651,14.971,12.27,24.73,14,2
110.646,hall_mission,9x4.5,pi5,2.842,16.957,-1.959,0.082,-0.931,-0.010,0.935,-1.84,-6.23,-91.59,0.4813,0.4864,0.4464,0.4458,8172,27.833,709.5,372.2,465.3,22.6,487.9,20.57,23.72,0.89646,14.978,12.19,24.73,14,2
110.694,hall_mission,9x4.5,pi5,2.843,16.920,-1.960,0.065,-0.933,-0.007,0.935,-1.64,-6.26,-93.13,0.5009,0.5039,0.4280,0.4288,8179,27.967,713.0,376.7,470.9,22.6,493.5,20.81,23.71,0.89641,14.984,12.05,24.73,14,2
110.746,hall_mission,9x4.5,pi5,2.844,16.867,-1.961,0.043,-0.935,-0.005,0.936,-1.32,-6.30,-95.28,0.5162,0.5183,0.4141,0.4139,8182,28.099,716.3,381.6,477.0,22.6,499.6,21.08,23.71,0.89636,14.991,11.90,24.73,14,2
110.794,hall_mission,9x4.5,pi5,2.844,16.830,-1.961,0.028,-0.936,-0.005,0.937,-1.10,-6.31,-96.55,0.5251,0.5261,0.4049,0.4062,8181,28.179,718.4,384.8,481.1,22.6,503.7,21.25,23.70,0.89632,14.998,11.80,24.73,14,2
110.842,hall_mission,9x4.5,pi5,2.844,16.770,-1.963,0.007,-0.938,-0.006,0.938,-0.79,-6.33,-98.17,0.5258,0.5151,0.4045,0.4171,8182,28.133,717.2,382.9,478.7,22.6,501.3,21.15,23.70,0.89627,15.005,11.85,24.73,14,2
110.894,hall_mission,9x4.5,pi5,2.843,16.733,-1.963,-0.004,-0.939,-0.006,0.940,-0.70,-6.32,-99.06,0.4856,0.4888,0.4418,0.4453,8178,27.885,710.9,373.5,466.9,22.6,489.5,20.64,23.72,0.89622,15.012,12.15,24.73,14,2
110.946,hall_mission,9x4.5,pi5,2.841,16.681,-1.965,-0.020,-0.940,-0.007,0.941,-0.85,-6.28,-100.22,0.4598,0.4647,0.4687,0.4676,8175,27.826,709.4,371.5,464.4,22.6,487.0,20.53,23.72,0.89617,15.019,12.21,24.73,14,2
110.994,hall_mission,9x4.5,pi5,2.839,16.643,-1.966,-0.032,-0.940,-0.006,0.941,-0.98,-6.25,-100.96,0.4502,0.4542,0.4790,0.4785,8179,27.868,710.4,372.6,465.8,22.6,488.4,20.59,23.72,0.89612,15.025,12.17,24.73,14,2
111.046,hall_mission,9x4.5,pi5,2.836,16.584,-1.967,-0.054,-0.938,-0.001,0.940,-1.12,-6.24,-102.09,0.4502,0.4534,0.4804,0.4809,8190,27.944,712.4,374.2,467.7,22.6,490.3,20.68,23.72,0.89607,15.032,12.12,24.73,14,2
111.094,hall_mission,9x4.5,pi5,2.833,16.547,-1.968,-0.067,-0.937,0.002,0.939,-1.16,-6.24,-102.87,0.4547,0.4599,0.4774,0.4759,8201,28.010,714.1,375.3,469.2,22.6,491.8,20.74,23.71,0.89603,15.039,12.08,24.73,14,2
111.146,hall_mission,9x4.5,pi5,2.828,16.496,-1.968,-0.086,-0.934,0.006,0.938,-1.16,-6.25,-104.09,0.4636,0.4685,0.4690,0.4690,8209,28.057,715.3,376.1,470.1,22.6,492.7,20.78,23.71,0.89598,15.046,12.06,24.73,14,2
111.194,hall_mission,9x4.5,pi5,2.824,16.459,-1.968,-0.100,-0.932,0.007,0.937,-1.09,-6.26,-104.90,0.4733,0.4764,0.4606,0.4614,8215,28.099,716.3,377.0,471.3,22.6,493.9,20.83,23.71,0.89593,15.053,12.03,24.73,14,2
111.246,hall_mission,9x4.5,pi5,2.817,16.401,-1.968,-0.120,-0.929,0.007,0.937,-0.94,-6.29,-106.09,0.4822,0.4849,0.4531,0.4524,8218,28.136,717.3,378.1,472.6,22.6,495.2,20.89,23.71,0.89588,15.060,11.99,24.73,14,2
111.294,hall_mission,9x4.5,pi5,2.811,16.365,-1.969,-0.132,-0.927,0.007,0.936,-0.82,-6.30,-106.83,0.4894,0.4907,0.4457,0.4470,8219,28.163,718.0,379.1,473.8,22.6,496.4,20.94,23.71,0.89584,15.067,11.96,24.73,14,2
111.346,hall_mission,9x4.5,pi5,2.803,16.315,-1.969,-0.148,-0.924,0.006,0.936,-0.62,-6.32,-107.84,0.4938,0.4964,0.4411,0.4415,8219,28.184,718.5,379.9,474.9,22.6,497.5,20.99,23.71,0.89579,15.074,11.93,24.73,14,2
111.394,hall_mission,9x4.5,pi5,2.796,16.279,-1.969,-0.158,-0.923,0.006,0.936,-0.49,-6.33,-108.43,0.4974,0.4981,0.4382,0.4390,8219,28.195,718.8,380.4,475.5,22.6,498.1,21.01,23.70,0.89574,15.080,11.92,24.73,14,2
111.446,hall_mission,9x4.5,pi5,2.784,16.222,-1.970,-0.172,-0.921,0.005,0.937,-0.30,-6.35,-109.18,0.4975,0.4998,0.4379,0.4378,8220,28.208,719.1,380.8,476.0,22.6,498.6,21.03,23.70,0.89569,15.088,11.91,24.73,14,2
111.494,hall_mission,9x4.5,pi5,2.776,16.186,-1.970,-0.181,-0.919,0.005,0.937,-0.19,-6.36,-109.58,0.4971,0.4986,0.4379,0.4395,8220,28.208,719.1,380.7,475.8,22.6,498.4,21.03,23.70,0.89564,15.094,11.91,24.73,14,2
111.546,hall_mission,9x4.5,pi5,2.764,16.136,-1.970,-0.191,-0.918,0.005,0.938,-0.04,-6.37,-110.02,0.4944,0.4966,0.4407,0.4417,8221,28.203,719.0,380.3,475.4,22.6,498.0,21.01,23.70,0.89559,15.101,11.92,24.73,14,2
111.594,hall_mission,9x4.5,pi5,2.755,16.100,-1.971,-0.197,-0.918,0.005,0.939,0.05,-6.38,-110.23,0.4914,0.4933,0.4438,0.4450,8221,28.188,718.6,379.7,474.7,22.6,497.3,20.98,23.70,0.89554,15.108,11.94,24.73,14,2
111.646,hall_mission,9x4.5,pi5,2.740,16.043,-1.972,-0.206,-0.917,0.004,0.940,0.16,-6.39,-110.42,0.4872,0.4893,0.4477,0.4492,8221,28.171,718.2,379.1,473.9,22.6,496.5,20.94,23.70,0.89549,15.115,11.95,24.73,14,2
111.694,hall_mission,9x4.5,pi5,2.731,16.006,-1.972,-0.211,-0.918,0.004,0.942,0.22,-6.39,-110.48,0.4835,0.4849,0.4517,0.4533,8221,28.157,717.8,378.5,473.2,22.6,495.8,20.91,23.71,0.89545,15.122,11.97,24.73,14,2
111.742,hall_mission,9x4.5,pi5,2.717,15.955,-1.973,-0.217,-0.919,0.004,0.944,0.29,-6.41,-110.49,0.4791,0.4669,0.4570,0.4704,8221,28.144,717.5,378.0,472.5,22.6,495.1,20.88,23.71,0.89540,15.128,11.99,24.73,14,2
111.794,hall_mission,9x4.5,pi5,2.707,15.918,-1.973,-0.221,-0.920,0.003,0.946,0.25,-6.42,-110.46,0.4354,0.4374,0.4986,0.5005,8216,28.187,718.6,380.5,475.6,22.6,498.2,21.02,23.70,0.89535,15.136,11.91,24.73,14,2
111.846,hall_mission,9x4.5,pi5,2.691,15.858,-1.974,-0.228,-0.922,-0.004,0.950,-0.09,-6.39,-110.50,0.4070,0.4119,0.5250,0.5227,8197,28.257,720.4,385.9,482.3,22.6,504.9,21.31,23.69,0.89530,15.143,11.74,24.73,14,2
111.894,hall_mission,9x4.5,pi5,2.681,15.821,-1.975,-0.234,-0.922,-0.008,0.952,-0.34,-6.37,-110.67,0.3983,0.4028,0.5310,0.5307,8182,28.244,720.0,387.3,484.1,22.6,506.7,21.39,23.69,0.89525,15.150,11.70,24.73,14,2
111.946,hall_mission,9x4.5,pi5,2.667,15.768,-1.976,-0.245,-0.922,-0.011,0.954,-0.64,-6.34,-111.20,0.4016,0.4068,0.5268,0.5258,8176,28.154,717.7,384.6,480.7,22.6,503.3,21.24,23.69,0.89520,15.157,11.78,24.73,14,2
111.994,hall_mission,9x4.5,pi5,2.656,15.730,-1.977,-0.254,-0.920,-0.011,0.955,-0.76,-6.32,-111.74,0.4134,0.4170,0.5150,0.5151,8175,28.037,714.8,380.1,475.1,22.6,497.7,21.00,23.70,0.89515,15.164,11.92,24.73,14,2
112.046,hall_mission,9x4.5,pi5,2.639,15.669,-1.978,-0.269,-0.917,-0.010,0.956,-0.82,-6.31,-112.78,0.4288,0.4342,0.4996,0.4984,8176,27.931,712.0,375.6,469.5,22.6,492.1,20.76,23.71,0.89510,15.171,12.06,24.73,14,2
112.094,hall_mission,9x4.5,pi5,2.627,15.631,-1.979,-0.279,-0.915,-0.008,0.957,-0.81,-6.32,-113.59,0.4463,0.4495,0.4826,0.4839,8181,27.889,711.0,373.3,466.6,22.6,489.2,20.63,23.71,0.89506,15.177,12.13,24.73,14,2
112.146,hall_mission,9x4.5,pi5,2.611,15.578,-1.980,-0.292,-0.912,-0.005,0.957,-0.71,-6.33,-114.91,0.4635,0.4661,0.4672,0.4671,8187,27.901,711.3,373.0,466.2,22.6,488.8,20.62,23.71,0.89501,15.184,12.14,24.73,14,2
112.194,hall_mission,9x4.5,pi5,2.598,15.541,-1.980,-0.301,-0.909,-0.004,0.958,-0.63,-6.33,-115.79,0.4770,0.4797,0.4542,0.4546,8192,27.953,712.6,374.3,467.8,22.6,490.4,20.69,23.71,0.89496,15.191,12.10,24.73,14,2
112.246,hall_mission,9x4.5,pi5,2.578,15.480,-1.981,-0.315,-0.906,-0.001,0.959,-0.49,-6.35,-117.07,0.4880,0.4920,0.4435,0.4436,8198,28.025,714.4,376.4,470.5,22.6,493.1,20.80,23.71,0.89491,15.198,12.03,24.73,14,2
113.209,hall_mission,9x4.5,pi5,2.564,15.442,-1.981,-0.323,-0.904,-0.000,0.960,-0.38,-6.36,-117.86,0.4971,0.4980,0.4357,0.4371,8201,28.083,715.9,378.3,472.8,22.6,495.4,20.90,23.70,0.89398,15.330,11.95,24.73,14,2
113.258,hall_mission,9x4.5,pi5,2.545,15.389,-1.981,-0.334,-0.902,0.001,0.962,-0.20,-6.36,-118.90,0.5008,0.5034,0.4323,0.4319,8203,28.121,716.9,379.5,474.4,22.6,497.0,20.98,23.69,0.89393,15.337,11.91,24.73,14,2
113.310,hall_mission,9x4.5,pi5,2.530,15.352,-1.982,-0.341,-0.901,0.001,0.964,-0.09,-6.36,-119.48,0.5036,0.5045,0.4294,0.4313,8205,28.142,717.4,380.2,475.3,22.6,497.9,21.01,23.69,0.89388,15.344,11.89,24.73,14,2
113.358,hall_mission,9x4.5,pi5,2.507,15.292,-1.982,-0.351,-0.900,0.002,0.966,0.06,-6.36,-120.20,0.5023,0.5046,0.4310,0.4315,8207,28.151,717.6,380.3,475.4,22.6,498.0,21.02,23.69,0.89384,15.351,11.88,24.73,14,2
113.410,hall_mission,9x4.5,pi5,2.492,15.254,-1.982,-0.356,-0.899,0.002,0.967,0.14,-6.36,-120.51,0.5003,0.5016,0.4338,0.4343,8209,28.149,717.6,379.9,474.9,22.6,497.5,21.00,23.69,0.89379,15.358,11.89,24.73,14,2
113.462,hall_mission,9x4.5,pi5,2.471,15.202,-1.983,-0.363,-0.898,0.003,0.969,0.24,-6.36,-120.86,0.4960,0.4978,0.4379,0.4389,8211,28.140,717.4,379.3,474.1,22.6,496.7,20.96,23.69,0.89373,15.365,11.91,24.73,14,2
113.510,hall_mission,9x4.5,pi5,2.456,15.164,-1.983,-0.368,-0.898,0.003,0.971,0.29,-6.36,-120.99,0.4916,0.4929,0.4420,0.4443,8212,28.126,717.0,378.5,473.2,22.6,495.8,20.92,23.69,0.89369,15.372,11.94,24.73,14,2
113.562,hall_mission,9x4.5,pi5,2.431,15.104,-1.983,-0.374,-0.898,0.003,0.973,0.35,-6.36,-121.07,0.4815,0.4687,0.4538,0.4673,8213,28.092,716.2,377.0,471.2,22.6,493.8,20.84,23.70,0.89364,15.379,11.98,24.73,14,2
113.610,hall_mission,9x4.5,pi5,2.415,15.066,-1.984,-0.378,-0.899,0.002,0.975,0.27,-6.37,-121.07,0.4368,0.4396,0.4948,0.4983,8207,28.113,716.7,378.7,473.4,22.6,496.0,20.93,23.69,0.89359,15.386,11.93,24.73,14,2
113.662,hall_mission,9x4.5,pi5,2.393,15.014,-1.984,-0.385,-0.898,-0.003,0.977,-0.11,-6.33,-121.14,0.4083,0.4130,0.5230,0.5211,8192,28.210,719.2,384.6,480.8,22.6,503.4,21.25,23.68,0.89354,15.393,11.75,24.73,14,2
113.710,hall_mission,9x4.5,pi5,2.376,14.976,-1.984,-0.391,-0.897,-0.007,0.978,-0.38,-6.30,-121.32,0.3988,0.4040,0.5303,0.5289,8180,28.213,719.2,386.4,483.0,22.6,505.6,21.35,23.68,0.89349,15.400,11.69,24.73,14,2
113.762,hall_mission,9x4.5,pi5,2.350,14.917,-1.985,-0.404,-0.892,-0.010,0.979,-0.68,-6.27,-121.86,0.4012,0.4084,0.5264,0.5243,8174,28.131,717.1,383.9,479.9,22.6,502.5,21.22,23.68,0.89344,15.407,11.77,24.72,14,2
113.810,hall_mission,9x4.5,pi5,2.333,14.880,-1.986,-0.413,-0.887,-0.010,0.978,-0.80,-6.26,-122.41,0.4132,0.4183,0.5146,0.5143,8174,28.027,714.5,379.8,474.7,22.6,497.3,20.99,23.69,0.89340,15.414,11.89,24.72,14,2
113.862,hall_mission,9x4.5,pi5,2.309,14.829,-1.986,-0.426,-0.880,-0.009,0.977,-0.86,-6.25,-123.47,0.4300,0.4339,0.4985,0.4985,8175,27.922,711.8,375.3,469.2,22.6,491.8,20.75,23.70,0.89335,15.421,12.03,24.72,14,2
113.906,hall_mission,9x4.5,pi5,2.291,14.793,-1.987,-0.435,-0.874,-0.008,0.977,-0.84,-6.26,-124.28,0.4447,0.4488,0.4839,0.4843,8179,27.880,710.7,373.2,466.4,22.6,489.0,20.63,23.70,0.89330,15.427,12.10,24.72,14,2
113.954,hall_mission,9x4.5,pi5,2.262,14.736,-1.988,-0.450,-0.865,-0.005,0.975,-0.74,-6.28,-125.60,0.4605,0.4645,0.4692,0.4690,8184,27.886,710.9,372.7,465.9,22.6,488.5,20.61,23.70,0.89326,15.433,12.11,24.72,14,2
114.006,hall_mission,9x4.5,pi5,2.243,14.701,-1.988,-0.459,-0.860,-0.003,0.975,-0.64,-6.30,-126.49,0.4761,0.4788,0.4544,0.4556,8190,27.938,712.2,373.9,467.4,22.6,490.0,20.68,23.70,0.89321,15.440,12.07,24.72,14,2
114.054,hall_mission,9x4.5,pi5,2.216,14.652,-1.988,-0.471,-0.853,-0.001,0.975,-0.46,-6.32,-127.77,0.4872,0.4900,0.4445,0.4449,8196,28.007,714.0,375.9,469.9,22.6,492.5,20.79,23.70,0.89316,15.447,12.01,24.72,14,2
114.102,hall_mission,9x4.5,pi5,2.196,14.618,-1.988,-0.478,-0.849,0.000,0.974,-0.33,-6.34,-128.55,0.4953,0.4978,0.4360,0.4382,8199,28.063,715.4,377.8,472.2,22.6,494.8,20.88,23.69,0.89311,15.453,11.95,24.72,14,2
114.154,hall_mission,9x4.5,pi5,2.164,14.562,-1.989,-0.490,-0.843,0.001,0.975,-0.15,-6.35,-129.59,0.5009,0.5029,0.4313,0.4329,8201,28.107,716.5,379.3,474.1,22.6,496.7,20.97,23.69,0.89306,15.461,11.90,24.72,14,2
114.206,hall_mission,9x4.5,pi5,2.143,14.528,-1.989,-0.496,-0.839,0.002,0.975,-0.04,-6.36,-130.17,0.5027,0.5054,0.4301,0.4300,8203,28.129,717.1,380.0,475.0,22.6,497.6,21.00,23.69,0.89301,15.468,11.88,24.72,14,2
114.254,hall_mission,9x4.5,pi5,2.114,14.480,-1.989,-0.505,-0.835,0.003,0.976,0.10,-6.37,-130.86,0.5028,0.5045,0.4306,0.4309,8204,28.138,717.3,380.1,475.1,22.6,497.7,21.01,23.69,0.89297,15.474,11.87,24.72,14,2
114.306,hall_mission,9x4.5,pi5,2.093,14.446,-1.990,-0.510,-0.833,0.003,0.977,0.18,-6.38,-131.20,0.5005,0.5021,0.4329,0.4342,8208,28.145,717.5,379.9,474.8,22.6,497.4,21.00,23.69,0.89292,15.482,11.88,24.72,14,2
114.354,hall_mission,9x4.5,pi5,2.059,14.393,-1.990,-0.518,-0.829,0.003,0.978,0.28,-6.39,-131.54,0.4896,0.4612,0.4488,0.4718,8214,28.106,716.5,377.5,471.9,22.6,494.5,20.87,23.69,0.89287,15.488,11.95,24.72,14,2
114.406,hall_mission,9x4.5,pi5,2.037,14.359,-1.989,-0.523,-0.828,-0.001,0.979,0.08,-6.39,-131.72,0.4034,0.4072,0.5262,0.5309,8200,28.327,722.1,388.2,485.2,22.6,507.8,21.45,23.67,0.89282,15.495,11.63,24.72,14,2
114.454,hall_mission,9x4.5,pi5,2.007,14.313,-1.990,-0.533,-0.822,-0.014,0.980,-0.65,-6.29,-132.17,0.3578,0.3646,0.5696,0.5658,8165,28.686,731.3,407.3,509.1,22.6,531.7,22.49,23.64,0.89277,15.503,11.09,24.72,14,2
114.506,hall_mission,9x4.5,pi5,1.985,14.280,-1.991,-0.544,-0.815,-0.026,0.980,-1.12,-6.21,-132.74,0.3408,0.3487,0.5792,0.5759,8117,28.612,729.4,410.6,513.3,22.6,535.9,22.67,23.64,0.89271,15.510,11.00,24.72,14,2
114.554,hall_mission,9x4.5,pi5,1.948,14.229,-1.993,-0.563,-0.799,-0.038,0.978,-1.64,-6.13,-134.10,0.3463,0.3575,0.5675,0.5652,8088,28.238,719.9,399.5,499.4,22.6,522.0,22.07,23.65,0.89267,15.517,11.30,24.72,14,2
114.606,hall_mission,9x4.5,pi5,1.924,14.197,-1.994,-0.576,-0.786,-0.039,0.975,-1.83,-6.10,-135.32,0.3715,0.3783,0.5419,0.5413,8075,27.752,707.5,381.9,477.4,22.6,500.0,21.11,23.68,0.89261,15.525,11.81,24.72,14,2
114.654,hall_mission,9x4.5,pi5,1.890,14.154,-1.997,-0.595,-0.765,-0.036,0.970,-1.90,-6.11,-137.54,0.4000,0.4067,0.5142,0.5121,8075,27.408,698.7,368.3,460.4,22.6,483.0,20.38,23.70,0.89257,15.531,12.24,24.72,14,2
114.706,hall_mission,9x4.5,pi5,1.865,14.125,-1.999,-0.608,-0.749,-0.030,0.965,-1.83,-6.14,-139.19,0.4346,0.4390,0.4816,0.4821,8091,27.294,695.8,361.8,452.2,22.6,474.8,20.02,23.71,0.89252,15.538,12.45,24.72,14,2
114.754,hall_mission,9x4.5,pi5,1.823,14.079,-2.001,-0.628,-0.724,-0.017,0.959,-1.61,-6.21,-141.77,0.4636,0.4685,0.4559,0.4546,8110,27.382,698.0,362.7,453.3,22.6,475.9,20.07,23.71,0.89248,15.544,12.42,24.72,14,2
114.806,hall_mission,9x4.5,pi5,1.797,14.051,-2.002,-0.640,-0.710,-0.010,0.956,-1.40,-6.26,-143.48,0.4921,0.4939,0.4305,0.4315,8129,27.596,703.5,368.5,460.7,22.6,483.3,20.39,23.70,0.89243,15.551,12.23,24.72,14,2
114.854,hall_mission,9x4.5,pi5,1.759,14.013,-2.003,-0.656,-0.691,-0.003,0.952,-1.04,-6.33,-145.89,0.5221,0.5519,0.4083,0.3750,8163,28.224,719.5,389.1,486.4,22.6,509.0,21.50,23.67,0.89238,15.558,11.59,24.72,14,2
114.906,hall_mission,9x4.5,pi5,1.731,13.986,-2.003,-0.667,-0.679,-0.008,0.952,-0.51,-6.42,-147.30,0.6293,0.6353,0.2953,0.2878,8128,30.040,765.8,466.1,582.6,22.6,605.2,25.71,23.54,0.89232,15.567,9.70,24.72,14,2
114.954,hall_mission,9x4.5,pi5,1.686,13.944,-2.005,-0.684,-0.671,-0.057,0.960,0.84,-6.37,-148.73,0.6855,0.6775,0.2235,0.2274,8006,31.229,796.1,527.2,659.0,22.6,681.6,29.07,23.44,0.89225,15.576,8.57,24.72,14,2
115.006,hall_mission,9x4.5,pi5,1.658,13.918,-2.008,-0.691,-0.674,-0.101,0.970,1.72,-6.25,-149.04,0.6901,0.6802,0.1942,0.2043,7842,30.766,784.3,526.2,657.8,22.6,680.4,29.02,23.44,0.89218,15.586,8.59,24.72,14,2
115.054,hall_mission,9x4.5,pi5,1.618,13.881,-2.016,-0.692,-0.685,-0.150,0.985,2.77,-6.04,-148.42,0.6564,0.6582,0.2009,0.2143,7701,29.112,742.1,477.3,596.6,22.6,619.2,26.32,23.52,0.89212,15.594,9.47,24.72,14,2
115.106,hall_mission,9x4.5,pi5,1.590,13.853,-2.023,-0.687,-0.696,-0.166,0.992,3.23,-5.93,-147.34,0.6112,0.6103,0.2356,0.2487,7614,27.107,691.0,410.9,513.6,22.6,536.2,22.69,23.63,0.89207,15.602,10.98,24.72,14,2
115.154,hall_mission,9x4.5,pi5,1.546,13.807,-2.034,-0.672,-0.714,-0.152,0.992,3.59,-5.87,-144.90,0.5642,0.5633,0.2842,0.2951,7617,25.800,657.7,361.8,452.2,22.6,474.8,20.03,23.71,0.89203,15.608,12.44,24.72,14,2
115.206,hall_mission,9x4.5,pi5,1.519,13.778,-2.041,-0.659,-0.724,-0.124,0.987,3.65,-5.91,-142.87,0.5140,0.5138,0.3438,0.3525,7680,25.156,641.3,330.5,413.2,22.6,435.8,18.34,23.76,0.89198,15.614,13.58,24.72,14,2
115.254,hall_mission,9x4.5,pi5,1.483,13.736,-2.047,-0.639,-0.738,-0.073,0.979,3.51,-6.06,-139.45,0.4719,0.4732,0.3995,0.4056,7775,25.271,644.2,323.5,404.4,22.6,427.0,17.96,23.77,0.89194,15.620,13.87,24.72,14,2
115.306,hall_mission,9x4.5,pi5,1.458,13.705,-2.050,-0.625,-0.748,-0.038,0.975,3.31,-6.20,-137.07,0.4340,0.4351,0.4547,0.4580,7889,25.922,660.8,334.2,417.7,22.6,440.3,18.54,23.76,0.89190,15.626,13.44,24.72,14,2
115.354,hall_mission,9x4.5,pi5,1.420,13.655,-2.051,-0.603,-0.764,0.007,0.974,2.90,-6.43,-133.53,0.4132,0.4288,0.4907,0.4744,7981,26.604,678.2,349.0,436.2,22.6,458.8,19.33,23.73,0.89185,15.632,12.88,24.72,14,2
115.406,hall_mission,9x4.5,pi5,1.397,13.623,-2.051,-0.590,-0.775,0.028,0.974,2.77,-6.52,-131.28,0.4384,0.4407,0.4721,0.4743,8048,26.986,688.0,355.3,444.1,22.6,466.7,19.67,23.72,0.89181,15.639,12.66,24.72,14,2
115.454,hall_mission,9x4.5,pi5,1.367,13.578,-2.048,-0.570,-0.791,0.049,0.976,2.80,-6.61,-128.04,0.4496,0.4501,0.4672,0.4729,8100,27.320,696.5,361.6,451.9,22.6,474.5,20.01,23.71,0.89176,15.645,12.44,24.72,14,2
115.506,hall_mission,9x4.5,pi5,1.345,13.544,-2.045,-0.555,-0.804,0.060,0.979,2.83,-6.68,-125.95,0.4485,0.4486,0.4763,0.4797,8147,27.653,704.9,368.4,460.5,22.6,483.1,20.38,23.70,0.89171,15.652,12.22,24.72,14,2
115.546,hall_mission,9x4.5,pi5,1.325,13.510,-2.042,-0.539,-0.817,0.068,0.981,2.80,-6.75,-123.92,0.4420,0.4408,0.4865,0.4904,8171,27.846,709.9,372.8,466.0,22.6,488.6,20.63,23.69,0.89167,15.658,12.07,24.72,14,2
115.598,hall_mission,9x4.5,pi5,1.293,13.454,-2.037,-0.513,-0.839,0.072,0.987,2.66,-6.86,-121.00,0.4288,0.4288,0.5016,0.5054,8190,28.044,714.9,378.3,472.9,22.6,495.5,20.92,23.68,0.89162,15.665,11.90,24.72,14,2
115.650,hall_mission,9x4.5,pi5,1.274,13.419,-2.033,-0.497,-0.854,0.071,0.990,2.49,-6.92,-119.19,0.4163,0.4158,0.5158,0.5193,8199,28.210,719.2,383.7,479.6,22.6,502.2,21.22,23.67,0.89157,15.672,11.74,24.72,14,2
115.698,hall_mission,9x4.5,pi5,1.249,13.367,-2.028,-0.475,-0.873,0.066,0.996,2.18,-7.00,-116.71,0.4060,0.4064,0.5269,0.5283,8200,28.317,721.9,387.8,484.7,22.6,507.3,21.44,23.67,0.89153,15.679,11.61,24.72,14,2
115.750,hall_mission,9x4.5,pi5,1.231,13.330,-2.025,-0.461,-0.886,0.062,1.001,1.95,-7.03,-115.25,0.3982,0.3997,0.5336,0.5353,8198,28.378,723.4,390.6,488.3,22.6,510.9,21.59,23.66,0.89147,15.686,11.53,24.71,14,2
115.798,hall_mission,9x4.5,pi5,1.204,13.269,-2.020,-0.440,-0.906,0.055,1.008,1.60,-7.04,-113.40,0.3952,0.3967,0.5360,0.5380,8194,28.388,723.7,391.5,489.3,22.6,511.9,21.64,23.66,0.89143,15.693,11.50,24.71,14,2
115.850,hall_mission,9x4.5,pi5,1.188,13.231,-2.017,-0.428,-0.917,0.050,1.013,1.37,-7.03,-112.39,0.3956,0.3977,0.5350,0.5368,8191,28.354,722.8,390.6,488.2,22.6,510.8,21.59,23.66,0.89137,15.701,11.53,24.71,14,2
115.898,hall_mission,9x4.5,pi5,1.166,13.176,-2.013,-0.413,-0.930,0.045,1.019,1.06,-7.00,-111.22,0.3994,0.4014,0.5316,0.5322,8189,28.298,721.4,388.5,485.7,22.6,508.3,21.48,23.66,0.89133,15.707,11.59,24.71,14,2
115.950,hall_mission,9x4.5,pi5,1.150,13.137,-2.011,-0.404,-0.939,0.042,1.023,0.88,-6.97,-110.66,0.4057,0.4087,0.5248,0.5254,8189,28.223,719.5,385.5,481.9,22.6,504.5,21.32,23.67,0.89127,15.715,11.67,24.71,14,2
115.998,hall_mission,9x4.5,pi5,1.126,13.073,-2.007,-0.392,-0.951,0.038,1.029,0.65,-6.93,-110.11,0.4140,0.4166,0.5166,0.5178,8191,28.157,717.8,382.7,478.3,22.6,500.9,21.16,23.67,0.89123,15.721,11.76,24.71,14,2
116.050,hall_mission,9x4.5,pi5,1.111,13.034,-2.005,-0.385,-0.957,0.037,1.032,0.52,-6.90,-109.91,0.4242,0.4263,0.5074,0.5083,8195,28.105,716.5,380.1,475.1,22.6,497.7,21.02,23.68,0.89118,15.729,11.84,24.71,14,2
116.098,hall_mission,9x4.5,pi5,1.091,12.978,-2.003,-0.377,-0.964,0.035,1.036,0.37,-6.85,-109.83,0.4335,0.4358,0.4979,0.5002,8199,28.079,715.8,378.4,473.0,22.6,495.6,20.93,23.68,0.89113,15.735,11.89,24.71,14,2
116.146,hall_mission,9x4.5,pi5,1.076,12.938,-2.001,-0.372,-0.968,0.034,1.038,0.29,-6.82,-109.88,0.4428,0.4450,0.4902,0.4909,8205,28.073,715.7,377.4,471.7,22.6,494.3,20.87,23.68,0.89108,15.742,11.92,24.71,14,2
116.198,hall_mission,9x4.5,pi5,1.054,12.875,-1.998,-0.366,-0.974,0.033,1.041,0.19,-6.79,-110.08,0.4519,0.4541,0.4813,0.4829,8210,28.077,715.8,376.9,471.1,22.6,493.7,20.85,23.68,0.89103,15.749,11.93,24.71,14,2
116.246,hall_mission,9x4.5,pi5,1.040,12.835,-1.997,-0.363,-0.977,0.031,1.043,0.11,-6.76,-110.27,0.3175,0.2200,0.6851,0.6498,8217,31.705,808.2,520.6,650.7,22.6,673.3,28.72,23.44,0.89097,15.758,8.66,24.71,14,2
116.298,hall_mission,9x4.5,pi5,1.020,12.779,-1.997,-0.365,-0.985,-0.051,1.052,-0.66,-5.57,-111.18,0.0458,0.0316,0.8649,0.8537,7941,40.977,1044.6,913.2,1141.5,22.6,1164.1,51.12,22.77,0.89085,15.775,4.87,24.71,14,2
116.350,hall_mission,9x4.5,pi5,1.006,12.739,-2.002,-0.373,-0.986,-0.211,1.075,-1.31,-3.96,-112.83,0.0000,0.0097,0.8014,0.8236,6998,36.586,932.7,784.5,980.6,22.6,1003.2,43.63,23.00,0.89074,15.789,5.70,24.71,14,2
116.398,hall_mission,9x4.5,pi5,0.982,12.676,-2.025,-0.384,-0.949,-0.431,1.111,-2.16,-1.25,-117.11,0.0000,0.0439,0.7263,0.7296,6509,30.339,773.4,586.5,733.1,22.6,755.7,32.39,23.33,0.89067,15.799,7.68,24.71,14,2
116.450,hall_mission,9x4.5,pi5,0.967,12.638,-2.045,-0.384,-0.904,-0.477,1.092,-2.74,0.46,-120.96,0.0000,0.0671,0.6802,0.6800,6246,27.135,691.7,491.5,614.4,22.6,637.0,27.12,23.49,0.89060,15.808,9.17,24.71,14,2
116.498,hall_mission,9x4.5,pi5,0.946,12.590,-2.076,-0.377,-0.825,-0.467,1.020,-3.66,2.56,-127.95,0.0000,0.0713,0.6637,0.6754,6185,26.454,674.4,472.2,590.2,22.6,612.8,26.05,23.52,0.89055,15.817,9.54,24.71,14,2
116.550,hall_mission,9x4.5,pi5,0.931,12.559,-2.097,-0.366,-0.760,-0.436,0.949,-4.25,3.56,-133.34,0.0060,0.0724,0.6630,0.6684,6541,26.443,674.1,465.7,582.2,22.6,604.8,25.70,23.53,0.89048,15.825,9.67,24.71,14,2
116.598,hall_mission,9x4.5,pi5,0.909,12.516,-2.128,-0.341,-0.647,-0.374,0.822,-5.06,4.40,-142.45,0.0707,0.1225,0.6102,0.6141,6569,23.805,606.9,380.1,475.2,22.6,497.8,21.03,23.67,0.89044,15.832,11.82,24.71,14,2
116.646,hall_mission,9x4.5,pi5,0.896,12.494,-2.144,-0.321,-0.578,-0.314,0.732,-5.50,4.52,-149.11,0.1414,0.1683,0.5677,0.5718,6684,22.370,570.3,326.4,407.9,22.6,430.5,18.12,23.76,0.89040,15.838,13.72,24.71,14,2
116.698,hall_mission,9x4.5,pi5,0.879,12.468,-2.161,-0.288,-0.487,-0.202,0.601,-5.90,4.12,-159.73,0.2127,0.2221,0.5380,0.5399,6914,22.165,565.1,301.3,376.7,22.6,399.3,16.78,23.80,0.89036,15.843,14.81,24.71,14,2
116.750,hall_mission,9x4.5,pi5,0.868,12.454,-2.169,-0.263,-0.427,-0.117,0.515,-6.02,3.58,-167.14,0.2707,0.2716,0.5165,0.5175,7145,22.572,575.4,294.2,367.7,22.6,390.3,16.39,23.81,0.89032,15.849,15.16,24.71,14,2
116.798,hall_mission,9x4.5,pi5,0.853,12.436,-2.173,-0.222,-0.339,0.007,0.405,-6.05,2.56,-178.60,0.3377,0.3362,0.4827,0.4820,7370,23.077,588.3,288.9,361.1,22.6,383.7,16.11,23.82,0.89028,15.854,15.43,24.71,14,2
116.846,hall_mission,9x4.5,pi5,0.844,12.427,-2.170,-0.197,-0.288,0.072,0.356,-5.97,1.82,173.64,0.4246,0.4213,0.4246,0.4243,7574,23.881,608.8,295.4,369.2,22.6,391.8,16.46,23.81,0.89025,15.859,15.10,24.71,14,2
116.898,hall_mission,9x4.5,pi5,0.834,12.419,-2.163,-0.161,-0.221,0.140,0.308,-5.71,0.73,162.07,0.5220,0.5192,0.3537,0.3520,7763,25.702,655.2,341.4,426.7,22.6,449.3,18.93,23.73,0.89020,15.866,13.12,24.71,14,2
116.946,hall_mission,9x4.5,pi5,0.828,12.416,-2.155,-0.137,-0.177,0.166,0.279,-5.45,0.07,154.62,0.6001,0.5986,0.2872,0.2853,7851,27.806,708.9,411.4,514.3,22.6,536.9,22.73,23.62,0.89015,15.873,10.93,24.71,14,2
116.998,hall_mission,9x4.5,pi5,0.820,12.415,-2.141,-0.098,-0.109,0.160,0.217,-4.96,-0.75,144.19,0.6645,0.6634,0.2223,0.2211,7851,29.937,763.2,493.4,616.8,22.6,639.4,27.23,23.48,0.89008,15.882,9.12,24.71,14,2
117.046,hall_mission,9x4.5,pi5,0.817,12.416,-2.133,-0.075,-0.069,0.129,0.165,-4.58,-1.17,137.89,0.6944,0.6925,0.1818,0.1793,7767,30.867,786.9,537.4,671.7,22.6,694.3,29.66,23.41,0.89002,15.892,8.38,24.71,14,2
117.098,hall_mission,9x4.5,pi5,0.813,12.420,-2.125,-0.044,-0.019,0.070,0.085,-4.00,-1.58,129.63,0.6860,0.6826,0.1712,0.1694,7626,29.988,764.5,517.3,646.7,22.6,669.3,28.55,23.44,0.88995,15.901,8.70,24.71,14,2
117.150,hall_mission,9x4.5,pi5,0.812,12.425,-2.121,-0.025,0.012,0.037,0.047,-3.61,-1.74,124.92,0.6476,0.7021,0.1580,0.1965,7608,29.560,753.6,503.2,629.0,22.6,651.6,27.77,23.47,0.88988,15.911,8.94,24.71,14,2
117.198,hall_mission,9x4.5,pi5,0.811,12.434,-2.119,0.002,0.055,-0.003,0.056,-2.74,-2.35,119.04,0.6641,0.6540,0.1743,0.1891,7526,28.564,728.2,473.5,591.9,22.6,614.5,26.13,23.52,0.88982,15.919,9.50,24.71,14,2
117.250,hall_mission,9x4.5,pi5,0.811,12.441,-2.119,0.011,0.081,-0.015,0.083,-1.95,-3.31,115.87,0.6467,0.6357,0.1958,0.1885,7472,27.654,705.0,445.1,556.3,22.6,578.9,24.57,23.56,0.88977,15.927,10.11,24.71,14,2
117.298,hall_mission,9x4.5,pi5,0.811,12.452,-2.120,0.012,0.121,-0.014,0.122,-0.77,-4.82,112.11,0.6267,0.6219,0.2146,0.2020,7466,26.993,688.1,421.4,526.7,22.6,549.3,23.28,23.60,0.88971,15.935,10.67,24.71,14,2
117.350,hall_mission,9x4.5,pi5,0.810,12.461,-2.121,0.005,0.151,-0.003,0.151,-0.09,-5.62,110.21,0.6097,0.5993,0.2367,0.2264,7492,26.410,673.3,397.6,496.9,22.6,519.5,21.98,23.64,0.88966,15.942,11.30,24.71,14,2
117.398,hall_mission,9x4.5,pi5,0.808,12.478,-2.120,-0.015,0.203,0.027,0.205,0.76,-6.46,108.20,0.5887,0.5822,0.2606,0.2552,7545,26.045,664.0,378.7,473.4,22.6,496.0,20.95,23.67,0.88961,15.949,11.85,24.71,14,2
117.446,hall_mission,9x4.5,pi5,0.805,12.490,-2.119,-0.031,0.236,0.051,0.243,1.19,-6.79,107.37,0.5693,0.5626,0.2887,0.2862,7617,25.852,659.0,363.8,454.7,22.6,477.3,20.14,23.69,0.88957,15.955,12.32,24.71,14,2
117.498,hall_mission,9x4.5,pi5,0.799,12.509,-2.115,-0.057,0.280,0.087,0.299,1.64,-7.04,106.77,0.5475,0.5430,0.3230,0.3211,7718,25.889,660.0,353.7,442.2,22.6,464.8,19.60,23.71,0.88952,15.962,12.66,24.71,14,2
117.546,hall_mission,9x4.5,pi5,0.793,12.524,-2.111,-0.077,0.311,0.113,0.340,1.81,-7.08,106.74,0.5280,0.5213,0.3543,0.3561,7809,26.014,663.2,347.7,434.6,22.6,457.2,19.28,23.72,0.88948,15.968,12.88,24.71,14,2
117.598,hall_mission,9x4.5,pi5,0.782,12.550,-2.102,-0.110,0.357,0.150,0.402,1.90,-7.03,107.12,0.4986,0.4978,0.3939,0.3940,7898,26.206,668.1,344.1,430.1,22.6,452.7,19.08,23.72,0.88943,15.974,13.01,24.71,14,2
117.646,hall_mission,9x4.5,pi5,0.773,12.567,-2.095,-0.130,0.383,0.168,0.438,1.85,-6.95,107.56,0.4778,0.4768,0.4255,0.4263,7979,26.559,677.1,347.5,434.4,22.6,457.0,19.27,23.72,0.88939,15.980,12.88,24.71,14,2
117.698,hall_mission,9x4.5,pi5,0.760,12.593,-2.085,-0.158,0.418,0.187,0.484,1.68,-6.77,108.39,0.4602,0.4605,0.4539,0.4541,8059,27.037,689.3,355.8,444.7,22.6,467.3,19.72,23.70,0.88934,15.987,12.59,24.71,14,2
117.750,hall_mission,9x4.5,pi5,0.749,12.612,-2.077,-0.176,0.441,0.195,0.514,1.54,-6.63,108.97,0.4468,0.4486,0.4739,0.4743,8113,27.418,699.0,363.6,454.5,22.6,477.1,20.14,23.69,0.88929,15.994,12.32,24.70,14,2
117.798,hall_mission,9x4.5,pi5,0.730,12.645,-2.063,-0.203,0.476,0.199,0.554,1.32,-6.39,109.81,0.4394,0.4409,0.4867,0.4877,8153,27.724,706.8,370.4,463.0,22.6,485.6,20.51,23.68,0.88925,16.001,12.10,24.70,14,2
117.846,hall_mission,9x4.5,pi5,0.718,12.666,-2.055,-0.218,0.495,0.197,0.576,1.17,-6.23,110.30,0.4346,0.4372,0.4954,0.4955,8182,27.948,712.5,375.5,469.3,22.6,491.9,20.78,23.67,0.88920,16.007,11.94,24.70,14,2
117.898,hall_mission,9x4.5,pi5,0.699,12.697,-2.043,-0.237,0.520,0.191,0.602,0.98,-5.98,110.90,0.4339,0.4351,0.4995,0.5004,8205,28.119,716.8,379.2,474.0,22.6,496.6,20.99,23.67,0.88915,16.014,11.82,24.70,14,2
117.950,hall_mission,9x4.5,pi5,0.685,12.719,-2.035,-0.249,0.535,0.185,0.618,0.86,-5.82,111.20,0.4341,0.4373,0.5004,0.5010,8219,28.213,719.2,381.1,476.4,22.6,499.0,21.09,23.66,0.88910,16.022,11.76,24.70,14,2
117.998,hall_mission,9x4.5,pi5,0.662,12.756,-2.023,-0.265,0.557,0.174,0.641,0.71,-5.60,111.49,0.4376,0.4398,0.4984,0.4996,8228,28.266,720.6,381.9,477.4,22.6,500.0,21.13,23.66,0.88905,16.028,11.74,24.70,14,2
118.050,hall_mission,9x4.5,pi5,0.647,12.779,-2.016,-0.273,0.568,0.166,0.652,0.63,-5.46,111.57,0.4421,0.4444,0.4946,0.4960,8235,28.288,721.1,381.9,477.4,22.6,500.0,21.13,23.66,0.88900,16.035,11.74,24.70,14,2
118.098,hall_mission,9x4.5,pi5,0.626,12.811,-2.007,-0.283,0.582,0.154,0.666,0.53,-5.28,111.57,0.4470,0.4492,0.4899,0.4916,8237,28.283,721.0,381.5,476.8,22.6,499.4,21.11,23.66,0.88896,16.042,11.75,24.70,14,2
118.150,hall_mission,9x4.5,pi5,0.611,12.835,-2.001,-0.289,0.591,0.145,0.674,0.48,-5.17,111.50,0.4524,0.4549,0.4847,0.4860,8238,28.272,720.7,380.9,476.1,22.6,498.7,21.08,23.66,0.88891,16.049,11.77,24.70,14,2
118.198,hall_mission,9x4.5,pi5,0.586,12.872,-1.992,-0.297,0.603,0.133,0.685,0.41,-5.04,111.29,0.4588,0.4586,0.4797,0.4811,8239,28.267,720.6,380.5,475.7,22.6,498.3,21.06,23.66,0.88886,16.056,11.78,24.70,14,2
118.246,hall_mission,9x4.5,pi5,0.570,12.896,-1.987,-0.301,0.609,0.125,0.691,0.37,-4.96,111.12,0.4619,0.4649,0.4756,0.4760,8240,28.266,720.6,380.4,475.5,22.6,498.1,21.05,23.66,0.88881,16.063,11.78,24.70,14,2
118.298,hall_mission,9x4.5,pi5,0.549,12.929,-1.981,-0.305,0.617,0.115,0.698,0.33,-4.88,110.81,0.4668,0.4689,0.4710,0.4718,8240,28.266,720.6,380.3,475.4,22.6,498.0,21.05,23.66,0.88876,16.070,11.78,24.70,14,2
118.346,hall_mission,9x4.5,pi5,0.534,12.953,-1.976,-0.307,0.622,0.108,0.702,0.31,-4.83,110.60,0.4710,0.4717,0.4672,0.4690,8241,28.272,720.7,380.4,475.5,22.6,498.1,21.05,23.66,0.88871,16.076,11.78,24.70,14,2
118.398,hall_mission,9x4.5,pi5,0.510,12.992,-1.969,-0.309,0.629,0.097,0.708,0.28,-4.78,110.28,0.4732,0.4752,0.4653,0.4653,8242,28.281,721.0,380.6,475.8,22.6,498.4,21.07,23.66,0.88866,16.084,11.77,24.70,14,2
118.450,hall_mission,9x4.5,pi5,0.495,13.016,-1.965,-0.310,0.633,0.091,0.711,0.26,-4.75,110.08,0.4750,0.4777,0.4635,0.4634,8244,28.297,721.4,381.0,476.3,22.6,498.9,21.09,23.66,0.88861,16.091,11.76,24.70,14,2
118.498,hall_mission,9x4.5,pi5,0.475,13.050,-1.960,-0.310,0.638,0.083,0.715,0.24,-4.73,109.80,0.4769,0.4781,0.4622,0.4628,8245,28.304,721.5,381.2,476.5,22.6,499.1,21.09,23.66,0.88857,16.097,11.75,24.70,14,2
118.550,hall_mission,9x4.5,pi5,0.461,13.074,-1.957,-0.310,0.642,0.077,0.717,0.25,-4.72,109.63,0.4765,0.4794,0.4616,0.4625,8245,28.307,721.6,381.2,476.6,22.6,499.2,21.10,23.66,0.88852,16.105,11.75,24.70,14,2
118.598,hall_mission,9x4.5,pi5,0.439,13.112,-1.952,-0.309,0.646,0.069,0.719,0.26,-4.72,109.43,0.4777,0.4783,0.4617,0.4626,8246,28.311,721.7,381.3,476.7,22.6,499.3,21.10,23.66,0.88847,16.111,11.74,24.70,14,2
118.646,hall_mission,9x4.5,pi5,0.425,13.136,-1.949,-0.309,0.648,0.064,0.721,0.26,-4.73,109.31,0.4769,0.4783,0.4623,0.4628,8246,28.314,721.8,381.4,476.7,22.6,499.3,21.11,23.66,0.88842,16.118,11.74,24.70,14,2
118.698,hall_mission,9x4.5,pi5,0.406,13.170,-1.945,-0.308,0.651,0.057,0.723,0.27,-4.74,109.18,0.4765,0.4772,0.4627,0.4642,8247,28.319,721.9,381.5,476.8,22.6,499.4,21.11,23.66,0.88837,16.125,11.74,24.70,14,2
118.750,hall_mission,9x4.5,pi5,0.392,13.194,-1.943,-0.307,0.654,0.052,0.724,0.28,-4.76,109.11,0.4749,0.4768,0.4643,0.4648,8248,28.325,722.1,381.6,477.0,22.6,499.6,21.12,23.66,0.88832,16.132,11.73,24.70,14,2
118.798,hall_mission,9x4.5,pi5,0.371,13.233,-1.939,-0.307,0.657,0.045,0.726,0.29,-4.78,109.03,0.4742,0.4756,0.4651,0.4661,8249,28.327,722.1,381.6,477.0,22.6,499.6,21.12,23.66,0.88827,16.139,11.73,24.70,14,2
118.850,hall_mission,9x4.5,pi5,0.357,13.258,-1.937,-0.306,0.659,0.041,0.728,0.30,-4.80,109.00,0.4725,0.4749,0.4668,0.4667,8248,28.325,722.1,381.5,476.9,22.6,499.5,21.12,23.66,0.88822,16.146,11.73,24.70,14,2
118.898,hall_mission,9x4.5,pi5,0.339,13.292,-1.934,-0.306,0.662,0.035,0.730,0.30,-4.83,108.97,0.4722,0.4730,0.4672,0.4683,8248,28.320,722.0,381.4,476.8,22.6,499.4,21.11,23.66,0.88818,16.153,11.74,24.70,14,2
118.950,hall_mission,9x4.5,pi5,0.325,13.317,-1.933,-0.305,0.664,0.031,0.732,0.31,-4.85,108.96,0.4747,0.4893,0.4659,0.4523,8253,28.371,723.3,382.8,478.5,22.6,501.1,21.18,23.65,0.88812,16.160,11.69,24.70,14,2
118.998,hall_mission,9x4.5,pi5,0.304,13.357,-1.931,-0.305,0.667,0.022,0.734,0.47,-4.90,108.98,0.5122,0.5156,0.4249,0.4266,8243,28.455,725.4,387.6,484.5,22.6,507.1,21.44,23.65,0.88808,16.167,11.55,24.70,14,2
119.050,hall_mission,9x4.5,pi5,0.291,13.382,-1.930,-0.307,0.669,0.012,0.736,0.76,-4.90,109.09,0.5361,0.5350,0.3992,0.4012,8214,28.491,726.3,392.9,491.1,22.6,513.7,21.73,23.64,0.88802,16.174,11.40,24.70,14,2
119.098,hall_mission,9x4.5,pi5,0.272,13.416,-1.930,-0.313,0.670,-0.000,0.740,1.21,-4.91,109.52,0.5401,0.5381,0.3910,0.3959,8191,28.395,723.9,392.2,490.2,22.6,512.8,21.70,23.64,0.88798,16.181,11.42,24.70,14,2
119.150,hall_mission,9x4.5,pi5,0.258,13.441,-1.931,-0.320,0.670,-0.006,0.742,1.44,-4.93,110.02,0.5303,0.5306,0.3982,0.4020,8177,28.207,719.1,386.6,483.2,22.6,505.8,21.39,23.65,0.88792,16.189,11.58,24.70,14,2
119.198,hall_mission,9x4.5,pi5,0.236,13.482,-1.932,-0.333,0.668,-0.010,0.746,1.66,-4.97,111.06,0.5160,0.5153,0.4124,0.4158,8171,28.018,714.3,379.8,474.8,22.6,497.4,21.02,23.66,0.88788,16.195,11.78,24.70,14,2
119.246,hall_mission,9x4.5,pi5,0.221,13.506,-1.933,-0.342,0.666,-0.011,0.748,1.72,-5.00,111.93,0.4975,0.4980,0.4302,0.4334,8169,27.877,710.7,374.4,468.0,22.6,490.6,20.73,23.67,0.88783,16.202,11.94,24.70,14,2
119.298,hall_mission,9x4.5,pi5,0.200,13.541,-1.934,-0.355,0.663,-0.010,0.752,1.71,-5.07,113.38,0.4784,0.4778,0.4508,0.4534,8174,27.830,709.5,371.9,464.8,22.6,487.4,20.59,23.67,0.88778,16.209,12.02,24.70,14,2
119.350,hall_mission,9x4.5,pi5,0.184,13.566,-1.934,-0.364,0.660,-0.009,0.754,1.65,-5.12,114.40,0.4596,0.4607,0.4702,0.4716,8180,27.861,710.3,372.2,465.3,22.6,487.9,20.61,23.67,0.88773,16.216,12.01,24.70,14,2
119.398,hall_mission,9x4.5,pi5,0.159,13.605,-1.935,-0.379,0.657,-0.006,0.758,1.51,-5.19,115.91,0.4460,0.4466,0.4850,0.4863,8187,27.938,712.2,374.4,468.0,22.6,490.6,20.73,23.66,0.88769,16.222,11.94,24.70,14,2
119.446,hall_mission,9x4.5,pi5,0.142,13.630,-1.936,-0.387,0.655,-0.005,0.761,1.39,-5.24,116.86,0.4352,0.4361,0.4960,0.4981,8193,28.024,714.4,377.1,471.4,22.6,494.0,20.88,23.66,0.88764,16.229,11.86,24.70,14,2
119.498,hall_mission,9x4.5,pi5,0.119,13.664,-1.936,-0.399,0.653,-0.005,0.765,1.21,-5.30,118.15,0.4275,0.4281,0.5045,0.5064,8196,28.097,716.3,379.6,474.4,22.6,497.0,21.01,23.66,0.88759,16.236,11.78,24.70,14,2
119.550,hall_mission,9x4.5,pi5,0.102,13.689,-1.937,-0.406,0.652,-0.005,0.768,1.09,-5.33,118.89,0.4228,0.4246,0.5094,0.5100,8197,28.133,717.2,380.9,476.1,22.6,498.7,21.08,23.65,0.88754,16.243,11.74,24.70,14,2
119.598,hall_mission,9x4.5,pi5,0.074,13.728,-1.938,-0.417,0.651,-0.005,0.773,0.92,-5.37,119.79,0.4222,0.4237,0.5102,0.5110,8199,28.150,717.6,381.3,476.7,22.6,499.3,21.11,23.65,0.88749,16.250,11.72,24.70,14,2
119.650,hall_mission,9x4.5,pi5,0.056,13.753,-1.939,-0.423,0.651,-0.005,0.776,0.82,-5.39,120.25,0.4243,0.4257,0.5089,0.5091,8202,28.158,717.8,381.2,476.5,22.6,499.1,21.10,23.65,0.88744,16.257,11.73,24.70,14,2
119.694,hall_mission,9x4.5,pi5,0.031,13.788,-1.939,-0.430,0.651,-0.005,0.780,0.69,-5.42,120.74,0.4275,0.4293,0.5052,0.5064,8203,28.145,717.5,380.5,475.6,22.6,498.2,21.06,23.65,0.88740,16.263,11.75,24.70,14,2
119.742,hall_mission,9x4.5,pi5,0.013,13.813,-1.940,-0.435,0.651,-0.005,0.783,0.61,-5.43,120.94,0.4322,0.4344,0.5011,0.5009,8204,28.118,716.8,379.4,474.2,22.6,496.8,21.00,23.65,0.88735,16.270,11.78,24.69,14,2
119.794,hall_mission,9x4.5,pi5,-0.016,13.853,-1.941,-0.441,0.652,-0.006,0.788,0.52,-5.45,121.07,0.4384,0.4407,0.4944,0.4952,8204,28.089,716.1,378.1,472.6,22.6,495.2,20.93,23.66,0.88730,16.277,11.82,24.69,14,2
119.842,hall_mission,9x4.5,pi5,-0.034,13.878,-1.942,-0.445,0.653,-0.006,0.790,0.48,-5.46,121.07,0.4502,0.3491,0.5581,0.5186,8230,28.750,732.9,400.7,500.8,22.6,523.4,22.16,23.62,0.88725,16.284,11.16,24.69,14,2
119.894,hall_mission,9x4.5,pi5,-0.060,13.913,-1.943,-0.449,0.656,-0.034,0.796,0.20,-4.65,120.77,0.1850,0.1771,0.7486,0.7467,8163,34.763,886.2,650.5,813.2,22.6,835.8,36.02,23.20,0.88717,16.296,6.87,24.69,14,2
119.942,hall_mission,9x4.5,pi5,-0.078,13.938,-1.946,-0.449,0.656,-0.126,0.805,-0.14,-3.16,119.90,0.0117,0.0171,0.8643,0.8721,7829,41.459,1056.9,937.6,1172.0,22.6,1194.6,52.62,22.70,0.88705,16.312,4.70,24.69,14,2
119.994,hall_mission,9x4.5,pi5,-0.107,13.978,-1.963,-0.429,0.640,-0.374,0.857,-0.65,-0.62,116.86,0.0000,0.0343,0.7714,0.7764,6807,33.696,859.0,689.2,861.5,22.6,884.1,38.22,23.14,0.88696,16.325,6.47,24.69,14,2
120.042,hall_mission,9x4.5,pi5,-0.124,14.003,-1.981,-0.405,0.615,-0.469,0.873,-1.04,0.99,113.72,0.0000,0.0541,0.7090,0.7140,6427,29.225,745.0,552.5,690.7,22.6,713.3,30.53,23.37,0.88689,16.334,8.10,24.69,14,2
120.094,hall_mission,9x4.5,pi5,-0.146,14.035,-2.012,-0.361,0.564,-0.502,0.837,-1.80,2.97,107.65,0.0000,0.0630,0.6777,0.6887,6254,27.319,696.4,497.3,621.6,22.6,644.2,27.46,23.46,0.88682,16.344,9.00,24.69,14,2
120.146,hall_mission,9x4.5,pi5,-0.159,14.055,-2.035,-0.327,0.521,-0.486,0.784,-2.37,3.92,102.82,0.1150,0.1856,0.5541,0.5581,6552,21.526,548.8,307.7,384.7,22.6,407.3,17.14,23.77,0.88678,16.350,14.43,24.69,14,2
120.194,hall_mission,9x4.5,pi5,-0.177,14.084,-2.068,-0.273,0.448,-0.382,0.649,-3.08,4.67,94.77,0.5420,0.5464,0.1772,0.1885,6702,21.555,549.5,298.4,373.0,22.6,395.6,16.63,23.78,0.88674,16.355,14.86,24.69,14,2
120.246,hall_mission,9x4.5,pi5,-0.186,14.099,-2.084,-0.241,0.400,-0.311,0.561,-3.26,4.70,89.70,0.7334,0.7383,0.0000,0.0121,6452,30.740,783.6,602.7,753.4,22.6,776.0,33.33,23.28,0.88666,16.366,7.42,24.69,14,2
120.294,hall_mission,9x4.5,pi5,-0.196,14.116,-2.104,-0.195,0.324,-0.339,0.508,-3.33,4.56,83.55,0.7098,0.7161,0.0000,0.0156,6298,29.108,742.0,554.6,693.2,22.6,715.8,30.64,23.36,0.88660,16.376,8.07,24.69,14,2
120.346,hall_mission,9x4.5,pi5,-0.202,14.126,-2.119,-0.166,0.272,-0.348,0.472,-3.29,4.43,80.40,0.6967,0.6951,0.0000,0.0178,6182,27.919,711.7,520.4,650.5,22.6,673.1,28.74,23.42,0.88653,16.385,8.60,24.69,14,2
120.394,hall_mission,9x4.5,pi5,-0.208,14.137,-2.142,-0.128,0.196,-0.335,0.409,-3.13,4.17,77.01,0.6901,0.6914,0.0000,0.0151,6135,27.549,702.3,510.3,637.9,22.6,660.5,28.18,23.43,0.88646,16.394,8.77,24.69,14,2
120.446,hall_mission,9x4.5,pi5,-0.211,14.141,-2.155,-0.107,0.152,-0.319,0.369,-3.00,3.99,75.61,0.6887,0.6891,0.0000,0.0124,6112,27.408,698.7,506.7,633.3,22.6,655.9,27.98,23.44,0.88640,16.404,8.83,24.69,14,2
120.494,hall_mission,9x4.5,pi5,-0.213,14.143,-2.173,-0.082,0.096,-0.293,0.319,-2.77,3.71,74.76,0.6895,0.6884,0.0000,0.0089,6100,27.394,698.4,506.7,633.4,22.6,656.0,27.99,23.44,0.88633,16.412,8.83,24.69,14,2
120.546,hall_mission,9x4.5,pi5,-0.213,14.144,-2.184,-0.066,0.060,-0.274,0.288,-2.60,3.53,75.02,0.6890,0.6892,0.0000,0.0061,6091,27.392,698.3,506.9,633.7,22.6,656.3,28.00,23.44,0.88627,16.422,8.82,24.69,14,2
120.594,hall_mission,9x4.5,pi5,-0.213,14.141,-2.200,-0.042,0.007,-0.246,0.250,-2.30,3.27,76.64,0.6888,0.6896,0.0000,0.0042,6085,27.389,698.2,507.1,633.8,22.6,656.4,28.01,23.44,0.88620,16.431,8.82,24.69,14,2
120.638,hall_mission,9x4.5,pi5,-0.212,14.138,-2.209,-0.029,-0.021,-0.229,0.232,-2.07,3.11,78.53,0.6898,0.6891,0.0000,0.0026,6080,27.399,698.5,507.5,634.4,22.6,657.0,28.03,23.44,0.88615,16.439,8.81,24.69,14,2
120.686,hall_mission,9x4.5,pi5,-0.210,14.134,-2.218,-0.016,-0.047,-0.213,0.219,-1.82,2.95,81.06,0.6889,0.6889,0.0000,0.0026,6077,27.362,697.5,506.5,633.1,22.6,655.7,27.98,23.44,0.88609,16.447,8.83,24.69,14,2
120.738,hall_mission,9x4.5,pi5,-0.208,14.127,-2.228,-0.000,-0.079,-0.191,0.207,-1.41,2.73,86.04,0.6891,0.6881,0.0000,0.0027,6075,27.342,697.0,505.9,632.4,22.6,655.0,27.94,23.44,0.88602,16.457,8.84,24.69,14,2
120.786,hall_mission,9x4.5,pi5,-0.205,14.122,-2.234,0.010,-0.098,-0.176,0.202,-1.12,2.59,90.14,0.6889,0.6883,0.0000,0.0030,6076,27.343,697.1,505.9,632.4,22.6,655.0,27.95,23.44,0.88596,16.465,8.84,24.69,14,2
120.838,hall_mission,9x4.5,pi5,-0.201,14.111,-2.243,0.023,-0.124,-0.144,0.191,-0.67,2.36,97.42,0.5778,0.5771,0.1152,0.1181,6462,22.029,561.6,330.4,413.0,22.6,435.6,18.36,23.72,0.88591,16.472,13.45,24.69,14,2
120.886,hall_mission,9x4.5,pi5,-0.198,14.104,-2.246,0.030,-0.136,-0.082,0.161,-0.38,2.19,102.86,0.4797,0.4780,0.2395,0.2408,6643,19.618,500.1,239.8,299.8,22.6,322.4,13.51,23.87,0.88588,16.476,18.28,24.69,14,2
120.938,hall_mission,9x4.5,pi5,-0.194,14.094,-2.245,0.036,-0.147,0.053,0.161,0.00,1.90,111.44,0.3917,0.3893,0.3774,0.3780,7000,20.402,520.1,233.3,291.6,22.6,314.2,13.16,23.88,0.88585,16.481,18.77,24.69,14,2
120.986,hall_mission,9x4.5,pi5,-0.191,14.086,-2.239,0.040,-0.154,0.148,0.217,0.21,1.70,117.19,0.3193,0.3162,0.4927,0.4916,7302,22.865,582.9,288.5,360.6,22.6,383.2,16.11,23.79,0.88581,16.486,15.33,24.69,14,2
121.038,hall_mission,9x4.5,pi5,-0.187,14.074,-2.223,0.045,-0.164,0.244,0.297,0.44,1.38,125.44,0.2113,0.3177,0.5741,0.6287,7708,27.372,697.8,409.8,512.3,22.6,534.9,22.67,23.59,0.88576,16.493,10.89,24.69,14,2
121.086,hall_mission,9x4.5,pi5,-0.184,14.067,-2.210,0.047,-0.168,0.247,0.303,0.47,0.63,130.46,0.1973,0.2233,0.6522,0.6717,7754,29.504,752.1,486.8,608.4,22.6,631.0,26.89,23.47,0.88570,16.502,9.18,24.69,14,2
121.138,hall_mission,9x4.5,pi5,-0.181,14.057,-2.194,0.039,-0.164,0.207,0.267,0.63,-2.14,136.95,0.1826,0.1442,0.6967,0.6973,7668,30.722,783.2,540.7,675.9,22.6,698.5,29.88,23.38,0.88563,16.512,8.26,24.69,14,2
121.186,hall_mission,9x4.5,pi5,-0.179,14.051,-2.184,0.020,-0.149,0.164,0.222,0.65,-4.30,140.49,0.1589,0.1016,0.7182,0.7038,7529,31.014,790.6,562.9,703.6,22.6,726.2,31.11,23.34,0.88556,16.522,7.93,24.69,14,2
121.238,hall_mission,9x4.5,pi5,-0.179,14.043,-2.173,-0.035,-0.109,0.093,0.147,0.39,-7.14,144.54,0.1736,0.0359,0.7347,0.6572,7236,29.712,757.4,535.1,668.9,22.6,691.5,29.57,23.39,0.88549,16.532,8.35,24.69,14,2
121.286,hall_mission,9x4.5,pi5,-0.181,14.040,-2.169,-0.080,-0.077,0.064,0.128,0.37,-8.15,146.42,0.1631,0.0444,0.6834,0.6876,7152,28.852,735.5,510.2,637.8,22.6,660.4,28.19,23.43,0.88543,16.540,8.75,24.69,14,2
121.338,hall_mission,9x4.5,pi5,-0.189,14.039,-2.165,-0.144,-0.036,0.042,0.154,0.49,-7.70,148.02,0.1433,0.0936,0.6608,0.6678,7105,27.558,702.5,471.0,588.8,22.6,611.4,26.02,23.49,0.88536,16.549,9.48,24.69,14,2
121.386,hall_mission,9x4.5,pi5,-0.196,14.040,-2.163,-0.181,-0.013,0.042,0.186,0.45,-6.63,148.34,0.1458,0.1365,0.6461,0.6398,7115,26.584,677.7,436.8,546.1,22.6,568.7,24.15,23.55,0.88531,16.557,10.22,24.69,14,2
121.438,hall_mission,9x4.5,pi5,-0.212,14.044,-2.160,-0.222,0.015,0.064,0.232,0.17,-4.75,147.79,0.1766,0.1872,0.6053,0.6133,7167,25.378,647.0,390.5,488.1,22.6,510.7,21.62,23.62,0.88526,16.564,11.41,24.69,14,2
121.486,hall_mission,9x4.5,pi5,-0.223,14.048,-2.156,-0.236,0.028,0.090,0.254,-0.04,-3.54,146.82,0.2227,0.2391,0.5701,0.5762,7260,24.508,624.8,351.3,439.2,22.6,461.8,19.49,23.69,0.88521,16.570,12.65,24.69,14,2
121.538,hall_mission,9x4.5,pi5,-0.240,14.054,-2.150,-0.242,0.040,0.141,0.282,-0.32,-1.98,144.66,0.2690,0.2847,0.5462,0.5517,7417,24.524,625.2,336.3,420.4,22.6,443.0,18.68,23.71,0.88517,16.577,13.20,24.69,14,2
121.586,hall_mission,9x4.5,pi5,-0.251,14.060,-2.143,-0.239,0.046,0.180,0.303,-0.48,-1.17,142.85,0.3065,0.3185,0.5317,0.5362,7567,24.912,635.1,334.4,417.9,22.6,440.5,18.58,23.71,0.88513,16.583,13.28,24.69,14,2
121.638,hall_mission,9x4.5,pi5,-0.269,14.068,-2.128,-0.226,0.052,0.235,0.330,-0.66,-0.25,139.68,0.3492,0.3580,0.5108,0.5144,7710,25.301,645.0,332.5,415.6,22.6,438.2,18.48,23.72,0.88508,16.589,13.35,24.69,14,2
121.686,hall_mission,9x4.5,pi5,-0.279,14.073,-2.117,-0.214,0.053,0.261,0.342,-0.76,0.19,137.34,0.3842,0.3906,0.4946,0.4980,7837,25.832,658.5,337.2,421.5,22.6,444.1,18.73,23.71,0.88504,16.595,13.16,24.69,14,2
121.738,hall_mission,9x4.5,pi5,-0.292,14.081,-2.099,-0.194,0.052,0.288,0.351,-0.87,0.66,133.63,0.4207,0.4251,0.4767,0.4795,7962,26.461,674.6,345.8,432.2,22.6,454.8,19.19,23.69,0.88499,16.601,12.85,24.69,14,2
121.786,hall_mission,9x4.5,pi5,-0.300,14.086,-2.086,-0.178,0.050,0.299,0.351,-0.93,0.87,131.08,0.4465,0.4498,0.4638,0.4654,8047,26.967,687.5,354.5,443.1,22.6,465.7,19.67,23.68,0.88495,16.608,12.54,24.69,14,2
121.838,hall_mission,9x4.5,pi5,-0.310,14.093,-2.064,-0.151,0.044,0.304,0.342,-0.99,1.08,127.25,0.4716,0.4743,0.4479,0.4498,8113,27.415,698.9,363.5,454.4,22.6,477.0,20.16,23.67,0.88490,16.615,12.23,24.69,14,2
121.886,hall_mission,9x4.5,pi5,-0.316,14.097,-2.051,-0.133,0.040,0.301,0.331,-1.03,1.16,124.74,0.4865,0.4887,0.4401,0.4414,8161,27.774,708.0,371.4,464.2,22.6,486.8,20.58,23.65,0.88486,16.621,11.98,24.69,14,2
121.938,hall_mission,9x4.5,pi5,-0.322,14.103,-2.032,-0.110,0.032,0.290,0.312,-1.05,1.21,121.12,0.4992,0.5008,0.4336,0.4338,8199,28.084,715.9,378.6,473.2,22.6,495.8,20.97,23.64,0.88481,16.628,11.75,24.69,14,2
121.986,hall_mission,9x4.5,pi5,-0.326,14.106,-2.019,-0.094,0.027,0.280,0.296,-1.06,1.21,118.84,0.5041,0.5046,0.4321,0.4327,8221,28.251,720.2,382.3,477.9,22.6,500.5,21.18,23.63,0.88476,16.635,11.64,24.69,14,2
122.038,hall_mission,9x4.5,pi5,-0.331,14.111,-2.000,-0.069,0.018,0.260,0.270,-1.05,1.19,115.61,0.5082,0.5085,0.4303,0.4306,8237,28.376,723.4,385.2,481.5,22.6,504.1,21.34,23.63,0.88471,16.642,11.55,24.69,14,2
122.086,hall_mission,9x4.5,pi5,-0.333,14.114,-1.988,-0.055,0.012,0.247,0.253,-1.02,1.15,113.60,0.5052,0.5068,0.4344,0.4341,8247,28.425,724.6,385.8,482.2,22.6,504.8,21.37,23.63,0.88466,16.649,11.54,24.69,14,2
122.138,hall_mission,9x4.5,pi5,-0.335,14.117,-1.973,-0.037,0.003,0.228,0.231,-0.98,1.09,110.80,0.5032,0.5026,0.4378,0.4389,8254,28.454,725.4,386.0,482.4,22.6,505.0,21.38,23.63,0.88461,16.656,11.53,24.69,14,2
122.186,hall_mission,9x4.5,pi5,-0.336,14.119,-1.964,-0.025,-0.002,0.214,0.216,-0.94,1.04,109.07,0.4957,0.4966,0.4451,0.4455,8256,28.431,724.8,384.8,481.0,22.6,503.6,21.31,23.63,0.88456,16.663,11.56,24.69,14,2
122.238,hall_mission,9x4.5,pi5,-0.336,14.121,-1.950,-0.008,-0.011,0.193,0.193,-0.88,0.97,106.63,0.4914,0.4919,0.4500,0.4499,8257,28.419,724.5,384.2,480.2,22.6,502.8,21.28,23.63,0.88451,16.670,11.58,24.69,14,2
122.286,hall_mission,9x4.5,pi5,-0.335,14.122,-1.942,0.002,-0.016,0.180,0.181,-0.83,0.92,105.09,0.4845,0.4836,0.4574,0.4577,8257,28.397,723.9,383.3,479.1,22.6,501.7,21.23,23.63,0.88446,16.677,11.61,24.69,14,2
122.338,hall_mission,9x4.5,pi5,-0.334,14.123,-1.932,0.014,-0.023,0.163,0.166,-0.76,0.85,102.90,0.4782,0.4778,0.4636,0.4633,8255,28.377,723.4,382.6,478.3,22.6,500.9,21.20,23.63,0.88441,16.684,11.62,24.69,14,2
122.390,hall_mission,9x4.5,pi5,-0.332,14.124,-1.926,0.021,-0.028,0.152,0.156,-0.71,0.80,101.49,0.4705,0.4704,0.4708,0.4709,8255,28.367,723.2,382.4,477.9,22.6,500.5,21.18,23.63,0.88436,16.691,11.63,24.69,14,2
122.438,hall_mission,9x4.5,pi5,-0.330,14.124,-1.916,0.031,-0.035,0.136,0.143,-0.63,0.73,99.41,0.4710,0.4710,0.4702,0.4703,8254,28.364,723.1,382.3,477.9,22.6,500.5,21.18,23.63,0.88431,16.698,11.63,24.69,14,2
122.486,hall_mission,9x4.5,pi5,-0.328,14.124,-1.911,0.036,-0.038,0.126,0.137,-0.58,0.68,98.05,0.4780,0.4777,0.4638,0.4635,8256,28.380,723.5,382.7,478.4,22.6,501.0,21.20,23.63,0.88427,16.705,11.62,24.69,14,2
122.538,hall_mission,9x4.5,pi5,-0.325,14.123,-1.904,0.043,-0.043,0.113,0.128,-0.51,0.61,96.06,0.3800,0.3797,0.5613,0.5610,8252,29.068,741.0,411.0,513.8,22.6,536.4,22.75,23.58,0.88421,16.712,10.83,24.69,14,2
122.586,hall_mission,9x4.5,pi5,-0.324,14.122,-1.899,0.046,-0.047,0.087,0.109,-0.46,0.58,94.61,0.1796,0.1801,0.7472,0.7475,8152,34.710,884.9,649.6,811.9,22.6,834.5,35.99,23.19,0.88413,16.724,6.84,24.69,14,2
122.638,hall_mission,9x4.5,pi5,-0.320,14.121,-1.897,0.052,-0.053,-0.067,0.100,-0.40,0.53,91.43,0.0423,0.0410,0.8384,0.8389,7812,39.296,1001.8,855.6,1069.5,22.6,1092.1,47.84,22.83,0.88402,16.739,5.15,24.69,14,2
122.686,hall_mission,9x4.5,pi5,-0.318,14.119,-1.903,0.055,-0.057,-0.215,0.229,-0.37,0.49,88.26,0.0001,0.0000,0.8114,0.8122,6958,36.478,929.9,782.1,977.6,22.6,1000.2,43.57,22.96,0.88392,16.753,5.65,24.69,14,2
122.738,hall_mission,9x4.5,pi5,-0.315,14.117,-1.920,0.058,-0.062,-0.383,0.392,-0.34,0.42,81.85,0.0249,0.0249,0.7208,0.7195,6832,29.999,764.8,570.5,713.1,22.6,735.7,31.55,23.32,0.88384,16.763,7.80,24.68,14,2
122.782,hall_mission,9x4.5,pi5,-0.313,14.115,-1.939,0.059,-0.064,-0.434,0.442,-0.32,0.36,76.64,0.0949,0.0935,0.6272,0.6284,6665,24.719,630.2,404.5,505.7,22.6,528.3,22.39,23.59,0.88380,16.770,10.99,24.68,14,2
122.834,hall_mission,9x4.5,pi5,-0.309,14.112,-1.969,0.059,-0.067,-0.379,0.390,-0.28,0.28,67.83,0.2073,0.2062,0.5223,0.5219,6715,20.946,534.0,277.4,346.7,22.6,369.3,15.52,23.80,0.88376,16.775,15.86,24.68,14,2
122.882,hall_mission,9x4.5,pi5,-0.307,14.110,-1.985,0.058,-0.068,-0.289,0.303,-0.26,0.23,61.57,0.3243,0.3231,0.4362,0.4360,6939,20.323,518.1,236.5,295.7,22.6,318.3,13.34,23.86,0.88373,16.779,18.45,24.68,14,2
122.934,hall_mission,9x4.5,pi5,-0.304,14.107,-2.001,0.057,-0.068,-0.149,0.173,-0.24,0.16,52.01,0.4444,0.4438,0.3540,0.3535,7215,21.848,557.0,261.6,327.0,22.6,349.6,14.67,23.82,0.88370,16.784,16.77,24.68,14,2
122.982,hall_mission,9x4.5,pi5,-0.302,14.105,-2.006,0.056,-0.069,-0.066,0.111,-0.22,0.13,45.78,0.5399,0.5404,0.2897,0.2900,7448,24.461,623.6,330.8,413.5,22.6,436.1,18.39,23.71,0.88366,16.790,13.38,24.68,14,2
123.034,hall_mission,9x4.5,pi5,-0.299,14.102,-2.008,0.054,-0.069,0.003,0.088,-0.18,0.06,37.03,0.6017,0.6520,0.1919,0.2898,7721,28.209,719.1,440.1,550.1,22.6,572.7,24.34,23.53,0.88360,16.798,10.11,24.68,14,2
123.082,hall_mission,9x4.5,pi5,-0.297,14.100,-2.007,0.054,-0.068,0.001,0.087,-0.04,-0.55,31.77,0.6586,0.6808,0.1862,0.2070,7711,29.656,756.0,496.9,621.1,22.6,643.7,27.46,23.44,0.88354,16.807,8.96,24.68,14,2
123.134,hall_mission,9x4.5,pi5,-0.294,14.097,-2.007,0.064,-0.060,-0.031,0.093,0.04,-2.61,24.98,0.6905,0.6901,0.1782,0.1505,7626,30.269,771.7,527.6,659.5,22.6,682.1,29.17,23.39,0.88347,16.817,8.44,24.68,14,2
123.182,hall_mission,9x4.5,pi5,-0.291,14.096,-2.008,0.082,-0.049,-0.059,0.113,0.14,-4.13,21.24,0.6970,0.6828,0.1688,0.1303,7517,29.923,762.8,524.1,655.2,22.6,677.8,28.98,23.39,0.88340,16.826,8.49,24.68,14,2
123.234,hall_mission,9x4.5,pi5,-0.285,14.095,-2.011,0.131,-0.026,-0.094,0.164,0.45,-6.10,16.82,0.6775,0.6724,0.1686,0.1298,7405,28.888,736.4,495.6,619.4,22.6,642.0,27.39,23.44,0.88334,16.835,8.98,24.68,14,2
123.282,hall_mission,9x4.5,pi5,-0.279,14.095,-2.015,0.169,-0.010,-0.103,0.198,0.71,-7.06,14.65,0.6573,0.6499,0.1789,0.1469,7350,27.769,707.9,459.8,574.7,22.6,597.3,25.42,23.50,0.88328,16.843,9.68,24.68,14,2
123.334,hall_mission,9x4.5,pi5,-0.267,14.098,-2.021,0.227,0.015,-0.094,0.247,1.10,-7.97,12.46,0.6246,0.6042,0.2021,0.1995,7341,26.179,667.4,403.6,504.6,22.6,527.2,22.35,23.59,0.88323,16.851,11.01,24.68,14,2
123.378,hall_mission,9x4.5,pi5,-0.256,14.101,-2.025,0.269,0.032,-0.072,0.280,1.21,-8.27,11.62,0.5562,0.5550,0.2681,0.2657,7394,24.581,626.6,340.8,426.0,22.6,448.6,18.93,23.69,0.88319,16.856,12.99,24.68,14,2
123.426,hall_mission,9x4.5,pi5,-0.243,14.105,-2.027,0.308,0.048,-0.034,0.313,1.09,-8.38,11.15,0.5050,0.5008,0.3379,0.3342,7513,24.107,614.6,310.7,388.4,22.6,411.0,17.31,23.74,0.88315,16.862,14.21,24.68,14,2
123.478,hall_mission,9x4.5,pi5,-0.219,14.113,-2.028,0.366,0.070,0.043,0.375,0.78,-8.40,10.88,0.4661,0.4673,0.3949,0.3917,7665,24.580,626.6,310.6,388.3,22.6,410.9,17.31,23.74,0.88311,16.868,14.21,24.68,14,2
123.526,hall_mission,9x4.5,pi5,-0.201,14.119,-2.025,0.401,0.081,0.088,0.419,0.55,-8.32,10.84,0.4483,0.4494,0.4331,0.4300,7813,25.420,648.0,324.5,405.6,22.6,428.2,18.05,23.72,0.88307,16.873,13.62,24.68,14,2
123.578,hall_mission,9x4.5,pi5,-0.174,14.128,-2.019,0.450,0.094,0.136,0.479,0.25,-8.14,10.86,0.4401,0.4411,0.4606,0.4582,7955,26.354,671.8,342.5,428.2,22.6,450.8,19.03,23.69,0.88302,16.880,12.92,24.68,14,2
123.626,hall_mission,9x4.5,pi5,-0.153,14.134,-2.013,0.483,0.101,0.159,0.518,0.10,-7.99,10.85,0.4374,0.4396,0.4752,0.4733,8048,26.989,688.0,355.4,444.2,22.6,466.8,19.73,23.67,0.88298,16.886,12.46,24.68,14,2
123.678,hall_mission,9x4.5,pi5,-0.116,14.146,-2.002,0.534,0.111,0.181,0.574,-0.08,-7.72,10.76,0.4398,0.4411,0.4823,0.4815,8117,27.468,700.2,365.1,456.3,22.6,478.9,20.25,23.65,0.88293,16.893,12.14,24.68,14,2
123.726,hall_mission,9x4.5,pi5,-0.092,14.153,-1.995,0.563,0.116,0.186,0.605,-0.16,-7.52,10.64,0.4440,0.4463,0.4846,0.4835,8167,27.799,708.7,371.6,464.5,22.6,487.1,20.60,23.64,0.88288,16.900,11.93,24.68,14,2
123.778,hall_mission,9x4.5,pi5,-0.056,14.164,-1.984,0.601,0.121,0.187,0.641,-0.23,-7.22,10.37,0.4513,0.4523,0.4826,0.4831,8206,28.055,715.2,376.5,470.6,22.6,493.2,20.87,23.63,0.88283,16.907,11.78,24.68,14,2
123.826,hall_mission,9x4.5,pi5,-0.029,14.171,-1.977,0.626,0.123,0.184,0.664,-0.25,-7.01,10.14,0.4588,0.4841,0.4801,0.4543,8235,28.248,720.1,380.3,475.3,22.6,497.9,21.08,23.62,0.88278,16.913,11.66,24.68,14,2
123.878,hall_mission,9x4.5,pi5,0.015,14.183,-1.966,0.662,0.127,0.169,0.695,0.01,-6.74,9.78,0.5329,0.5365,0.4031,0.4051,8236,28.614,729.4,394.9,493.6,22.6,516.2,21.87,23.60,0.88273,16.921,11.24,24.68,14,2
123.926,hall_mission,9x4.5,pi5,0.043,14.191,-1.959,0.681,0.132,0.151,0.710,0.49,-6.51,9.68,0.5772,0.5730,0.3575,0.3616,8206,29.051,740.6,416.5,520.6,22.6,543.2,23.05,23.56,0.88268,16.928,10.66,24.68,14,2
123.978,hall_mission,9x4.5,pi5,0.084,14.203,-1.952,0.704,0.144,0.121,0.729,1.24,-6.18,9.96,0.5889,0.5853,0.3365,0.3442,8154,29.010,739.6,421.7,527.1,22.6,549.7,23.34,23.56,0.88262,16.936,10.53,24.68,14,2
124.026,hall_mission,9x4.5,pi5,0.114,14.211,-1.949,0.717,0.156,0.102,0.741,1.63,-5.98,10.51,0.5774,0.5780,0.3411,0.3484,8118,28.622,729.6,410.9,513.6,22.6,536.2,22.74,23.57,0.88257,16.943,10.80,24.68,14,2
124.078,hall_mission,9x4.5,pi5,0.162,14.226,-1.944,0.731,0.179,0.082,0.757,2.00,-5.73,11.86,0.5542,0.5547,0.3621,0.3685,8098,28.084,715.9,392.1,490.1,22.6,512.7,21.72,23.60,0.88252,16.951,11.31,24.68,14,2
124.126,hall_mission,9x4.5,pi5,0.192,14.236,-1.942,0.737,0.195,0.076,0.766,2.11,-5.61,13.06,0.5269,0.5268,0.3890,0.3953,8093,27.661,705.2,376.0,470.0,22.6,492.6,20.85,23.63,0.88248,16.957,11.79,24.68,14,2
124.174,hall_mission,9x4.5,pi5,0.234,14.251,-1.940,0.742,0.217,0.074,0.776,2.12,-5.51,15.18,0.4975,0.4989,0.4204,0.4237,8102,27.453,699.9,366.5,458.2,22.6,480.8,20.33,23.64,0.88243,16.964,12.08,24.68,14,2
124.222,hall_mission,9x4.5,pi5,0.264,14.263,-1.938,0.743,0.233,0.075,0.783,2.03,-5.47,16.72,0.4707,0.4718,0.4498,0.4533,8120,27.459,700.0,364.3,455.4,22.6,478.0,20.21,23.65,0.88239,16.970,12.15,24.68,14,2
124.270,hall_mission,9x4.5,pi5,0.293,14.275,-1.937,0.744,0.248,0.077,0.788,1.91,-5.45,18.29,0.4473,0.4482,0.4771,0.4787,8141,27.612,703.9,367.6,459.5,22.6,482.1,20.39,23.64,0.88234,16.976,12.05,24.68,14,2
124.322,hall_mission,9x4.5,pi5,0.340,14.295,-1.934,0.744,0.271,0.079,0.796,1.66,-5.45,20.59,0.4269,0.4278,0.4998,0.5023,8161,27.847,709.9,374.3,467.8,22.6,490.4,20.75,23.63,0.88229,16.983,11.84,24.68,14,2
124.370,hall_mission,9x4.5,pi5,0.369,14.309,-1.932,0.744,0.284,0.078,0.800,1.48,-5.45,22.02,0.4126,0.4143,0.5159,0.5172,8172,28.036,714.7,380.3,475.4,22.6,498.0,21.08,23.62,0.88224,16.990,11.65,24.68,14,2
124.422,hall_mission,9x4.5,pi5,0.409,14.329,-1.929,0.743,0.302,0.074,0.806,1.20,-5.46,23.93,0.4032,0.4045,0.5262,0.5276,8178,28.171,718.2,385.0,481.3,22.6,503.9,21.34,23.61,0.88219,16.997,11.51,24.68,14,2
124.470,hall_mission,9x4.5,pi5,0.438,14.344,-1.927,0.743,0.314,0.070,0.809,1.02,-5.46,25.01,0.3992,0.4006,0.5302,0.5320,8180,28.232,719.7,387.1,483.9,22.6,506.5,21.45,23.61,0.88214,17.004,11.45,24.68,14,2
124.522,hall_mission,9x4.5,pi5,0.483,14.369,-1.924,0.742,0.331,0.064,0.815,0.77,-5.45,26.32,0.3991,0.4014,0.5304,0.5315,8182,28.240,719.9,387.3,484.1,22.6,506.7,21.46,23.61,0.88209,17.011,11.44,24.68,14,2
124.570,hall_mission,9x4.5,pi5,0.510,14.386,-1.923,0.741,0.340,0.060,0.818,0.62,-5.45,26.99,0.4030,0.4054,0.5268,0.5281,8184,28.218,719.4,386.0,482.5,22.6,505.1,21.39,23.61,0.88205,17.018,11.48,24.68,14,2
124.614,hall_mission,9x4.5,pi5,0.549,14.409,-1.921,0.740,0.351,0.055,0.821,0.43,-5.44,27.68,0.4088,0.4111,0.5215,0.5225,8187,28.175,718.3,384.0,480.0,22.6,502.6,21.28,23.61,0.88200,17.024,11.54,24.68,14,2
124.666,hall_mission,9x4.5,pi5,0.576,14.425,-1.919,0.740,0.358,0.052,0.824,0.32,-5.43,27.96,0.4175,0.4199,0.5134,0.5140,8190,28.123,716.9,381.4,476.7,22.6,499.3,21.14,23.62,0.88195,17.031,11.61,24.68,14,2
124.714,hall_mission,9x4.5,pi5,0.620,14.452,-1.917,0.739,0.368,0.048,0.827,0.19,-5.43,28.14,0.4269,0.4288,0.5049,0.5056,8195,28.088,716.0,379.3,474.2,22.6,496.8,21.03,23.62,0.88190,17.038,11.67,24.67,14,2
124.766,hall_mission,9x4.5,pi5,0.647,14.469,-1.916,0.739,0.373,0.045,0.829,0.12,-5.43,28.14,0.4372,0.4388,0.4951,0.4964,8200,28.065,715.5,377.7,472.2,22.6,494.8,20.94,23.62,0.88185,17.045,11.72,24.67,14,2
124.814,hall_mission,9x4.5,pi5,0.685,14.492,-1.914,0.739,0.379,0.043,0.832,0.04,-5.44,27.98,0.4463,0.4481,0.4868,0.4881,8206,28.069,715.6,377.1,471.3,22.6,493.9,20.91,23.62,0.88181,17.052,11.74,24.67,14,2
124.866,hall_mission,9x4.5,pi5,0.712,14.509,-1.913,0.740,0.382,0.041,0.834,0.00,-5.45,27.81,0.4557,0.4568,0.4784,0.4803,8213,28.093,716.2,377.1,471.3,22.6,493.9,20.91,23.62,0.88176,17.059,11.74,24.67,14,2
124.914,hall_mission,9x4.5,pi5,0.756,14.536,-1.912,0.740,0.387,0.038,0.836,-0.04,-5.46,27.48,0.4627,0.4643,0.4722,0.4734,8218,28.116,716.8,377.3,471.7,22.6,494.3,20.92,23.62,0.88171,17.066,11.73,24.67,14,2
124.966,hall_mission,9x4.5,pi5,0.783,14.553,-1.911,0.741,0.389,0.036,0.838,-0.05,-5.48,27.25,0.4688,0.4708,0.4665,0.4674,8222,28.140,717.4,377.8,472.2,22.6,494.8,20.95,23.62,0.88166,17.073,11.71,24.67,14,2
125.014,hall_mission,9x4.5,pi5,0.822,14.577,-1.911,0.742,0.392,0.033,0.840,-0.07,-5.50,26.90,0.4732,0.4753,0.4625,0.4635,8225,28.167,718.0,378.4,473.0,22.6,495.6,20.98,23.62,0.88161,17.079,11.70,24.67,14,2
125.066,hall_mission,9x4.5,pi5,0.849,14.594,-1.910,0.743,0.394,0.031,0.842,-0.08,-5.51,26.68,0.4769,0.4785,0.4597,0.4605,8229,28.196,718.8,379.0,473.8,22.6,496.4,21.02,23.62,0.88156,17.087,11.67,24.67,14,2
125.114,hall_mission,9x4.5,pi5,0.893,14.621,-1.909,0.745,0.396,0.028,0.844,-0.09,-5.54,26.39,0.4783,0.4809,0.4584,0.4588,8232,28.218,719.3,379.5,474.4,22.6,497.0,21.04,23.62,0.88152,17.093,11.66,24.67,14,2
125.166,hall_mission,9x4.5,pi5,0.921,14.637,-1.909,0.746,0.397,0.026,0.846,-0.09,-5.56,26.24,0.4796,0.4815,0.4576,0.4583,8234,28.237,719.8,379.9,474.9,22.6,497.5,21.07,23.62,0.88147,17.100,11.65,24.67,14,2
125.214,hall_mission,9x4.5,pi5,0.960,14.661,-1.908,0.748,0.399,0.023,0.848,-0.10,-5.58,26.05,0.4797,0.4814,0.4579,0.4585,8236,28.251,720.2,380.2,475.3,22.6,497.9,21.08,23.62,0.88142,17.107,11.64,24.67,14,2
125.266,hall_mission,9x4.5,pi5,0.989,14.677,-1.908,0.750,0.400,0.021,0.850,-0.10,-5.60,25.96,0.4783,0.4815,0.4582,0.4602,8239,28.266,720.6,380.5,475.6,22.6,498.2,21.10,23.62,0.88137,17.114,11.63,24.67,14,2
125.314,hall_mission,9x4.5,pi5,1.034,14.703,-1.908,0.752,0.401,0.017,0.853,-0.11,-5.62,25.88,0.4781,0.4795,0.4600,0.4611,8240,28.275,720.8,380.6,475.8,22.6,498.4,21.10,23.62,0.88132,17.121,11.62,24.67,14,2
125.366,hall_mission,9x4.5,pi5,1.063,14.719,-1.907,0.754,0.401,0.015,0.854,-0.11,-5.64,25.86,0.4770,0.4775,0.4618,0.4627,8241,28.278,720.9,380.7,475.8,22.6,498.4,21.11,23.61,0.88127,17.128,11.62,24.67,14,2
125.414,hall_mission,9x4.5,pi5,1.103,14.742,-1.907,0.757,0.402,0.012,0.857,-0.11,-5.66,25.86,0.4790,0.4931,0.4604,0.4473,8244,28.323,722.0,382.0,477.5,22.6,500.1,21.18,23.61,0.88122,17.135,11.58,24.67,14,2
125.466,hall_mission,9x4.5,pi5,1.132,14.758,-1.907,0.759,0.403,0.008,0.859,0.01,-5.68,25.89,0.5182,0.5223,0.4177,0.4188,8234,28.454,725.4,388.7,485.9,22.6,508.5,21.54,23.60,0.88117,17.142,11.38,24.67,14,2
125.514,hall_mission,9x4.5,pi5,1.179,14.783,-1.907,0.761,0.408,-0.005,0.864,0.45,-5.66,26.14,0.5396,0.5389,0.3942,0.3978,8211,28.515,726.9,394.3,492.9,22.6,515.5,21.85,23.59,0.88112,17.149,11.22,24.67,14,2
125.566,hall_mission,9x4.5,pi5,1.207,14.800,-1.908,0.761,0.413,-0.013,0.866,0.74,-5.65,26.50,0.5421,0.5417,0.3883,0.3925,8190,28.423,724.6,393.5,491.9,22.6,514.5,21.81,23.59,0.88107,17.156,11.24,24.67,14,2
125.614,hall_mission,9x4.5,pi5,1.248,14.823,-1.909,0.758,0.422,-0.019,0.868,1.07,-5.63,27.37,0.5326,0.5331,0.3962,0.3997,8178,28.240,719.9,387.7,484.7,22.6,507.3,21.49,23.60,0.88102,17.163,11.41,24.67,14,2
125.666,hall_mission,9x4.5,pi5,1.277,14.840,-1.911,0.755,0.430,-0.021,0.870,1.20,-5.63,28.15,0.5156,0.5157,0.4125,0.4159,8171,28.022,714.4,379.9,474.9,22.6,497.5,21.07,23.61,0.88097,17.170,11.64,24.67,14,2
125.714,hall_mission,9x4.5,pi5,1.322,14.868,-1.913,0.749,0.445,-0.021,0.871,1.28,-5.66,29.57,0.4973,0.4963,0.4308,0.4350,8170,27.879,710.7,374.3,467.9,22.6,490.5,20.76,23.62,0.88093,17.177,11.81,24.67,14,2
125.766,hall_mission,9x4.5,pi5,1.351,14.885,-1.914,0.745,0.454,-0.020,0.873,1.26,-5.68,30.61,0.4759,0.4770,0.4525,0.4551,8175,27.830,709.5,371.8,464.7,22.6,487.3,20.63,23.63,0.88088,17.184,11.88,24.67,14,2
125.814,hall_mission,9x4.5,pi5,1.390,14.911,-1.916,0.739,0.467,-0.017,0.874,1.14,-5.73,32.24,0.4590,0.4600,0.4702,0.4734,8182,27.872,710.5,372.5,465.6,22.6,488.2,20.66,23.63,0.88083,17.190,11.86,24.67,14,2
125.866,hall_mission,9x4.5,pi5,1.418,14.930,-1.917,0.735,0.476,-0.015,0.876,1.03,-5.76,33.31,0.4434,0.4451,0.4875,0.4890,8191,27.972,713.1,375.2,469.1,22.6,491.7,20.81,23.62,0.88078,17.197,11.77,24.67,14,2
125.914,hall_mission,9x4.5,pi5,1.463,14.960,-1.918,0.729,0.490,-0.013,0.878,0.84,-5.81,34.81,0.4331,0.4342,0.4989,0.5004,8196,28.062,715.4,378.1,472.6,22.6,495.2,20.97,23.62,0.88073,17.204,11.69,24.67,14,2
125.966,hall_mission,9x4.5,pi5,1.491,14.980,-1.919,0.725,0.497,-0.013,0.879,0.70,-5.83,35.71,0.4254,0.4267,0.5068,0.5089,8201,28.142,717.4,380.7,475.9,22.6,498.5,21.11,23.61,0.88068,17.211,11.61,24.67,14,2
126.014,hall_mission,9x4.5,pi5,1.529,15.007,-1.919,0.721,0.507,-0.013,0.882,0.51,-5.86,36.86,0.4261,0.4414,0.5080,0.4942,8208,28.149,717.6,380.0,475.1,22.6,497.7,21.08,23.61,0.88064,17.218,11.63,24.67,14,2
126.066,hall_mission,9x4.5,pi5,1.556,15.027,-1.920,0.719,0.513,-0.014,0.883,0.53,-5.87,37.50,0.4701,0.4740,0.4618,0.4632,8205,28.032,714.6,375.6,469.5,22.6,492.1,20.84,23.62,0.88059,17.225,11.76,24.67,14,2
126.114,hall_mission,9x4.5,pi5,1.599,15.060,-1.921,0.713,0.525,-0.018,0.886,0.85,-5.85,38.43,0.4979,0.4965,0.4345,0.4382,8198,28.060,715.3,377.8,472.2,22.6,494.8,20.95,23.61,0.88054,17.232,11.69,24.67,14,2
126.166,hall_mission,9x4.5,pi5,1.626,15.080,-1.922,0.708,0.533,-0.019,0.886,1.08,-5.84,39.11,0.5076,0.5069,0.4240,0.4278,8195,28.105,716.5,380.0,475.0,22.6,497.6,21.07,23.61,0.88049,17.239,11.62,24.67,14,2
126.214,hall_mission,9x4.5,pi5,1.662,15.110,-1.922,0.698,0.547,-0.019,0.887,1.32,-5.84,40.28,0.5054,0.5046,0.4260,0.4310,8198,28.108,716.5,379.7,474.6,22.6,497.2,21.06,23.61,0.88044,17.245,11.63,24.67,14,2
126.266,hall_mission,9x4.5,pi5,1.688,15.131,-1.923,0.689,0.557,-0.017,0.887,1.40,-5.86,41.17,0.4951,0.4952,0.4374,0.4416,8206,28.101,716.4,378.4,472.9,22.6,495.5,20.99,23.61,0.88039,17.253,11.67,24.67,14,2
126.314,hall_mission,9x4.5,pi5,1.728,15.166,-1.924,0.676,0.575,-0.016,0.887,1.40,-5.90,42.63,0.4822,0.4823,0.4509,0.4551,8210,28.082,715.9,377.0,471.2,22.6,493.8,20.91,23.61,0.88034,17.259,11.71,24.67,14,2
126.366,hall_mission,9x4.5,pi5,1.752,15.189,-1.924,0.667,0.586,-0.016,0.888,1.34,-5.93,43.64,0.4670,0.4677,0.4671,0.4694,8213,28.084,715.9,376.7,470.8,22.6,493.4,20.89,23.62,0.88029,17.266,11.72,24.67,14,2
126.414,hall_mission,9x4.5,pi5,1.786,15.222,-1.925,0.656,0.601,-0.016,0.889,1.18,-5.99,45.16,0.4543,0.4547,0.4807,0.4822,8216,28.116,716.8,377.6,472.0,22.6,494.6,20.95,23.61,0.88025,17.273,11.69,24.67,14,2
126.466,hall_mission,9x4.5,pi5,1.810,15.247,-1.925,0.648,0.611,-0.016,0.891,1.04,-6.02,46.13,0.4426,0.4433,0.4925,0.4938,8217,28.161,717.9,379.3,474.1,22.6,496.7,21.04,23.61,0.88020,17.280,11.64,24.67,14,2
126.514,hall_mission,9x4.5,pi5,1.847,15.287,-1.926,0.636,0.627,-0.017,0.893,0.82,-6.06,47.46,0.4353,0.4501,0.5000,0.4875,8219,28.185,718.5,379.9,474.9,22.6,497.5,21.07,23.61,0.88015,17.287,11.62,24.67,14,2
126.566,hall_mission,9x4.5,pi5,1.869,15.312,-1.927,0.630,0.636,-0.018,0.895,0.77,-6.06,48.26,0.4699,0.4713,0.4641,0.4669,8217,28.107,716.5,377.1,471.4,22.6,494.0,20.92,23.61,0.88010,17.294,11.70,24.67,14,2
126.614,hall_mission,9x4.5,pi5,1.901,15.349,-1.929,0.620,0.649,-0.021,0.898,0.96,-6.04,49.41,0.4900,0.4896,0.4436,0.4468,8208,28.093,716.2,377.7,472.1,22.6,494.7,20.95,23.61,0.88005,17.300,11.68,24.67,14,2
126.666,hall_mission,9x4.5,pi5,1.923,15.375,-1.931,0.611,0.659,-0.022,0.899,1.10,-6.04,50.22,0.4959,0.4964,0.4358,0.4399,8202,28.077,715.8,378.0,472.5,22.6,495.1,20.97,23.61,0.88000,17.308,11.67,24.67,14,2
126.714,hall_mission,9x4.5,pi5,1.958,15.419,-1.934,0.596,0.675,-0.021,0.901,1.23,-6.04,51.54,0.4925,0.4928,0.4397,0.4433,8203,28.067,715.5,377.5,471.8,22.6,494.4,20.94,23.61,0.87996,17.314,11.69,24.66,14,2
126.766,hall_mission,9x4.5,pi5,1.980,15.446,-1.935,0.586,0.685,-0.019,0.902,1.25,-6.04,52.48,0.4825,0.4833,0.4503,0.4528,8205,28.046,715.0,376.3,470.4,22.6,493.0,20.88,23.61,0.87991,17.321,11.72,24.66,14,2
126.814,hall_mission,9x4.5,pi5,2.011,15.485,-1.938,0.572,0.699,-0.017,0.904,1.21,-6.07,53.96,0.4717,0.4705,0.4617,0.4650,8205,28.030,714.6,375.6,469.5,22.6,492.1,20.84,23.61,0.87986,17.328,11.75,24.66,14,2
126.866,hall_mission,9x4.5,pi5,2.032,15.514,-1.939,0.563,0.709,-0.017,0.905,1.13,-6.09,54.96,0.4574,0.4589,0.4747,0.4780,8205,28.037,714.7,375.8,469.8,22.6,492.4,20.85,23.61,0.87981,17.335,11.74,24.66,14,2
126.914,hall_mission,9x4.5,pi5,2.066,15.560,-1.942,0.548,0.724,-0.015,0.908,0.94,-6.11,56.41,0.4476,0.4475,0.4853,0.4888,8206,28.065,715.5,377.0,471.2,22.6,493.8,20.91,23.61,0.87976,17.342,11.70,24.66,14,2
126.967,hall_mission,9x4.5,pi5,2.086,15.589,-1.943,0.540,0.732,-0.015,0.910,0.80,-6.12,57.31,0.4380,0.4387,0.4952,0.4973,8206,28.107,716.5,378.6,473.2,22.6,495.8,21.00,23.61,0.87971,17.349,11.65,24.66,14,2
127.015,hall_mission,9x4.5,pi5,2.115,15.630,-1.945,0.529,0.743,-0.014,0.913,0.57,-6.14,58.52,0.4317,0.4334,0.5013,0.5029,8206,28.139,717.3,379.9,474.8,22.6,497.4,21.07,23.61,0.87966,17.355,11.61,24.66,14,2
127.067,hall_mission,9x4.5,pi5,2.136,15.660,-1.946,0.523,0.750,-0.014,0.915,0.43,-6.14,59.22,0.4280,0.4301,0.5052,0.5058,8206,28.159,717.9,380.7,475.9,22.6,498.5,21.12,23.60,0.87961,17.363,11.58,24.66,14,2
127.115,hall_mission,9x4.5,pi5,2.168,15.708,-1.948,0.514,0.760,-0.013,0.918,0.23,-6.15,60.08,0.4273,0.4295,0.5051,0.5074,8207,28.170,718.1,381.0,476.3,22.6,498.9,21.14,23.60,0.87957,17.369,11.57,24.66,14,2
127.167,hall_mission,9x4.5,pi5,2.188,15.738,-1.949,0.509,0.766,-0.012,0.919,0.11,-6.15,60.52,0.4295,0.4308,0.5044,0.5051,8208,28.169,718.1,380.8,476.0,22.6,498.6,21.12,23.60,0.87952,17.376,11.58,24.66,14,2
127.215,hall_mission,9x4.5,pi5,2.216,15.781,-1.950,0.503,0.772,-0.012,0.922,-0.04,-6.15,61.01,0.4370,0.4508,0.4980,0.4847,8211,28.120,716.9,378.4,473.1,22.6,495.7,21.00,23.61,0.87947,17.383,11.65,24.66,14,2
127.267,hall_mission,9x4.5,pi5,2.236,15.811,-1.951,0.500,0.776,-0.013,0.924,0.01,-6.15,61.25,0.4837,0.4875,0.4471,0.4503,8204,28.050,715.1,376.6,470.7,22.6,493.3,20.89,23.61,0.87942,17.390,11.71,24.66,14,2
127.315,hall_mission,9x4.5,pi5,2.268,15.860,-1.953,0.492,0.784,-0.018,0.926,0.38,-6.12,61.63,0.5134,0.5116,0.4184,0.4217,8191,28.117,716.8,381.1,476.3,22.6,498.9,21.14,23.60,0.87937,17.397,11.57,24.66,14,2
127.367,hall_mission,9x4.5,pi5,2.287,15.891,-1.954,0.486,0.790,-0.021,0.927,0.63,-6.09,61.99,0.5239,0.5223,0.4058,0.4099,8180,28.143,717.5,383.6,479.6,22.6,502.2,21.28,23.60,0.87932,17.404,11.49,24.66,14,2
127.415,hall_mission,9x4.5,pi5,2.314,15.934,-1.956,0.474,0.798,-0.022,0.928,0.91,-6.07,62.76,0.5206,0.5204,0.4075,0.4121,8175,28.090,716.1,382.1,477.6,22.6,500.2,21.20,23.60,0.87927,17.411,11.54,24.66,14,2
127.467,hall_mission,9x4.5,pi5,2.332,15.965,-1.957,0.464,0.804,-0.021,0.928,1.01,-6.07,63.45,0.5092,0.5097,0.4189,0.4230,8176,27.998,713.8,378.3,472.9,22.6,495.5,20.99,23.61,0.87922,17.418,11.65,24.66,14,2
127.515,hall_mission,9x4.5,pi5,2.361,16.016,-1.959,0.447,0.813,-0.018,0.929,1.04,-6.08,64.67,0.4953,0.4951,0.4333,0.4379,8178,27.923,711.8,375.0,468.7,22.6,491.3,20.81,23.61,0.87918,17.424,11.75,24.66,14,2
127.567,hall_mission,9x4.5,pi5,2.379,16.047,-1.960,0.437,0.819,-0.016,0.929,1.00,-6.10,65.58,0.4779,0.4789,0.4517,0.4542,8182,27.887,710.9,373.0,466.2,22.6,488.8,20.70,23.61,0.87913,17.432,11.81,24.66,14,2
127.615,hall_mission,9x4.5,pi5,2.403,16.092,-1.962,0.422,0.827,-0.014,0.929,0.87,-6.13,67.00,0.4639,0.4637,0.4670,0.4697,8188,27.913,711.6,373.2,466.5,22.6,489.1,20.71,23.61,0.87908,17.438,11.80,24.66,14,2
127.667,hall_mission,9x4.5,pi5,2.419,16.125,-1.962,0.412,0.833,-0.012,0.929,0.75,-6.15,67.95,0.4495,0.4511,0.4821,0.4837,8195,27.985,713.4,375.1,468.9,22.6,491.5,20.82,23.61,0.87903,17.445,11.74,24.66,14,2
127.715,hall_mission,9x4.5,pi5,2.444,16.177,-1.963,0.397,0.840,-0.010,0.929,0.55,-6.18,69.29,0.4393,0.4416,0.4924,0.4942,8200,28.052,715.1,377.2,471.5,22.6,494.1,20.93,23.61,0.87898,17.452,11.68,24.66,14,2
127.767,hall_mission,9x4.5,pi5,2.460,16.210,-1.963,0.388,0.845,-0.009,0.930,0.42,-6.20,70.11,0.4323,0.4338,0.5002,0.5023,8204,28.120,716.9,379.4,474.3,22.6,496.9,21.05,23.60,0.87893,17.459,11.61,24.66,14,2
127.815,hall_mission,9x4.5,pi5,2.481,16.256,-1.963,0.378,0.851,-0.008,0.931,0.24,-6.22,71.17,0.4337,0.4492,0.5011,0.4862,8210,28.123,716.9,378.7,473.4,22.6,496.0,21.01,23.60,0.87889,17.466,11.63,24.66,14,2
127.867,hall_mission,9x4.5,pi5,2.495,16.290,-1.963,0.371,0.856,-0.009,0.933,0.28,-6.23,71.77,0.4815,0.4852,0.4503,0.4526,8207,28.062,715.4,376.7,470.8,22.6,493.4,20.90,23.61,0.87884,17.473,11.69,24.66,14,2
127.911,hall_mission,9x4.5,pi5,2.510,16.323,-1.963,0.363,0.861,-0.012,0.934,0.50,-6.20,72.37,0.5095,0.5076,0.4230,0.4269,8198,28.132,717.2,380.7,475.9,22.6,498.5,21.12,23.60,0.87879,17.479,11.57,24.66,14,2
127.959,hall_mission,9x4.5,pi5,2.533,16.377,-1.963,0.347,0.869,-0.017,0.935,0.88,-6.15,73.39,0.5195,0.5186,0.4106,0.4159,8190,28.166,718.0,383.2,479.0,22.6,501.6,21.26,23.60,0.87875,17.485,11.49,24.66,14,2
128.011,hall_mission,9x4.5,pi5,2.547,16.411,-1.964,0.334,0.873,-0.017,0.935,1.07,-6.14,74.21,0.5162,0.5154,0.4134,0.4192,8188,28.126,717.0,381.8,477.3,22.6,499.9,21.18,23.60,0.87870,17.493,11.53,24.66,14,2
128.059,hall_mission,9x4.5,pi5,2.565,16.459,-1.964,0.316,0.880,-0.016,0.935,1.21,-6.14,75.65,0.5044,0.5046,0.4258,0.4304,8192,28.063,715.4,378.8,473.5,22.6,496.1,21.02,23.60,0.87865,17.499,11.62,24.66,14,2
128.111,hall_mission,9x4.5,pi5,2.578,16.494,-1.964,0.302,0.885,-0.015,0.935,1.22,-6.15,76.72,0.4885,0.4869,0.4432,0.4476,8195,27.996,713.7,375.7,469.6,22.6,492.2,20.85,23.61,0.87860,17.506,11.72,24.66,14,2
128.159,hall_mission,9x4.5,pi5,2.598,16.550,-1.964,0.279,0.893,-0.014,0.936,1.13,-6.17,78.44,0.4704,0.4716,0.4614,0.4636,8198,27.981,713.3,374.6,468.3,22.6,490.9,20.79,23.61,0.87855,17.513,11.75,24.66,14,2
128.211,hall_mission,9x4.5,pi5,2.609,16.585,-1.964,0.266,0.897,-0.013,0.936,1.03,-6.19,79.60,0.4598,0.4725,0.4744,0.4625,8206,28.037,714.8,375.8,469.7,22.6,492.3,20.86,23.61,0.87850,17.520,11.71,24.66,14,2
128.259,hall_mission,9x4.5,pi5,2.624,16.634,-1.964,0.247,0.903,-0.011,0.936,0.99,-6.19,81.31,0.4831,0.4854,0.4499,0.4525,8212,28.100,716.3,377.4,471.8,22.6,494.4,20.95,23.60,0.87846,17.527,11.66,24.66,14,2
128.311,hall_mission,9x4.5,pi5,2.634,16.670,-1.964,0.234,0.907,-0.011,0.936,1.10,-6.17,82.47,0.4956,0.4936,0.4382,0.4437,8213,28.143,717.5,379.1,473.9,22.6,496.5,21.04,23.60,0.87841,17.534,11.61,24.66,14,2
128.359,hall_mission,9x4.5,pi5,2.649,16.726,-1.964,0.209,0.912,-0.011,0.936,1.27,-6.14,84.29,0.4919,0.4931,0.4415,0.4453,8215,28.149,717.6,379.0,473.8,22.6,496.4,21.03,23.60,0.87836,17.540,11.61,24.66,14,2
128.411,hall_mission,9x4.5,pi5,2.658,16.762,-1.964,0.192,0.915,-0.010,0.935,1.32,-6.14,85.57,0.4829,0.4810,0.4515,0.4574,8219,28.139,717.3,378.1,472.6,22.6,495.2,20.98,23.60,0.87831,17.548,11.64,24.66,14,2
128.459,hall_mission,9x4.5,pi5,2.668,16.812,-1.964,0.168,0.919,-0.010,0.935,1.28,-6.16,87.54,0.4678,0.4688,0.4657,0.4704,8219,28.121,716.9,377.4,471.7,22.6,494.3,20.95,23.60,0.87826,17.554,11.66,24.66,14,2
128.511,hall_mission,9x4.5,pi5,2.675,16.848,-1.964,0.152,0.922,-0.011,0.934,1.19,-6.18,88.84,0.4531,0.4528,0.4816,0.4849,8217,28.132,717.2,378.0,472.5,22.6,495.1,20.98,23.60,0.87821,17.561,11.64,24.66,14,2
128.559,hall_mission,9x4.5,pi5,2.685,16.906,-1.964,0.126,0.925,-0.012,0.934,0.99,-6.21,90.74,0.4393,0.4408,0.4950,0.4964,8214,28.158,717.8,379.5,474.4,22.6,497.0,21.06,23.60,0.87816,17.568,11.59,24.66,14,2
128.611,hall_mission,9x4.5,pi5,2.690,16.942,-1.965,0.111,0.928,-0.013,0.934,0.83,-6.22,91.91,0.4288,0.4287,0.5051,0.5078,8210,28.194,718.8,381.5,476.9,22.6,499.5,21.17,23.59,0.87811,17.575,11.53,24.66,14,2
128.659,hall_mission,9x4.5,pi5,2.696,16.993,-1.966,0.091,0.930,-0.015,0.935,0.57,-6.24,93.49,0.4207,0.4225,0.5128,0.5133,8206,28.219,719.4,383.0,478.8,22.6,501.4,21.25,23.59,0.87807,17.582,11.49,24.66,14,2
128.711,hall_mission,9x4.5,pi5,2.700,17.029,-1.966,0.079,0.932,-0.016,0.935,0.40,-6.24,94.40,0.4160,0.4188,0.5158,0.5176,8203,28.227,719.6,383.8,479.8,22.6,502.4,21.30,23.59,0.87801,17.589,11.46,24.66,14,2
128.759,hall_mission,9x4.5,pi5,2.706,17.087,-1.968,0.061,0.935,-0.017,0.937,0.17,-6.24,95.51,0.4157,0.4177,0.5167,0.5174,8200,28.214,719.2,383.7,479.6,22.6,502.2,21.29,23.59,0.87797,17.596,11.46,24.65,14,2
128.811,hall_mission,9x4.5,pi5,2.709,17.124,-1.968,0.052,0.936,-0.016,0.937,0.05,-6.24,96.10,0.4340,0.4455,0.5006,0.4873,8199,28.056,715.2,377.4,471.8,22.6,494.4,20.95,23.60,0.87792,17.603,11.65,24.65,14,2
128.859,hall_mission,9x4.5,pi5,2.713,17.175,-1.970,0.039,0.938,-0.019,0.939,0.16,-6.22,96.79,0.4790,0.4833,0.4496,0.4530,8190,27.947,712.4,374.3,467.9,22.6,490.5,20.78,23.60,0.87787,17.609,11.74,24.65,14,2
128.911,hall_mission,9x4.5,pi5,2.716,17.212,-1.971,0.029,0.939,-0.021,0.940,0.41,-6.18,97.23,0.5099,0.5085,0.4196,0.4238,8179,28.015,714.2,378.6,473.3,22.6,495.9,21.01,23.60,0.87782,17.617,11.61,24.65,14,2
128.959,hall_mission,9x4.5,pi5,2.719,17.271,-1.972,0.010,0.940,-0.023,0.940,0.76,-6.14,98.05,0.5178,0.5177,0.4103,0.4141,8172,28.047,715.0,380.8,476.0,22.6,498.6,21.13,23.59,0.87777,17.623,11.55,24.65,14,2
129.011,hall_mission,9x4.5,pi5,2.720,17.309,-1.973,-0.004,0.940,-0.022,0.940,0.93,-6.12,98.73,0.5145,0.5136,0.4127,0.4195,8173,28.021,714.3,379.6,474.5,22.6,497.1,21.07,23.59,0.87772,17.630,11.58,24.65,14,2
129.059,hall_mission,9x4.5,pi5,2.721,17.361,-1.974,-0.024,0.938,-0.019,0.939,1.04,-6.11,99.96,0.5028,0.5037,0.4259,0.4292,8178,27.969,713.0,376.8,471.1,22.6,493.7,20.92,23.60,0.87768,17.637,11.66,24.65,14,2
129.111,hall_mission,9x4.5,pi5,2.721,17.398,-1.975,-0.039,0.937,-0.017,0.938,1.03,-6.11,100.90,0.4881,0.4868,0.4422,0.4458,8183,27.915,711.6,374.1,467.6,22.6,490.2,20.77,23.60,0.87763,17.644,11.75,24.65,14,2
129.159,hall_mission,9x4.5,pi5,2.719,17.457,-1.976,-0.062,0.935,-0.015,0.937,0.93,-6.13,102.42,0.4712,0.4727,0.4591,0.4609,8187,27.905,711.4,373.1,466.4,22.6,489.0,20.72,23.60,0.87758,17.651,11.78,24.65,14,2
129.211,hall_mission,9x4.5,pi5,2.717,17.493,-1.977,-0.077,0.933,-0.013,0.937,0.82,-6.14,103.46,0.4619,0.4754,0.4701,0.4588,8195,27.960,712.8,374.2,467.8,22.6,490.4,20.78,23.60,0.87753,17.658,11.74,24.65,14,2
129.259,hall_mission,9x4.5,pi5,2.713,17.545,-1.977,-0.095,0.931,-0.010,0.936,0.78,-6.14,105.00,0.4876,0.4892,0.4445,0.4462,8200,28.031,714.6,376.4,470.5,22.6,493.1,20.90,23.60,0.87748,17.664,11.67,24.65,14,2
129.311,hall_mission,9x4.5,pi5,2.710,17.582,-1.977,-0.110,0.929,-0.010,0.936,0.91,-6.11,106.05,0.5008,0.4991,0.4312,0.4363,8199,28.084,715.9,378.6,473.2,22.6,495.8,21.01,23.59,0.87743,17.671,11.61,24.65,14,2
129.359,hall_mission,9x4.5,pi5,2.703,17.641,-1.978,-0.134,0.925,-0.009,0.935,1.09,-6.07,107.75,0.4980,0.4982,0.4342,0.4372,8200,28.079,715.8,378.2,472.8,22.6,495.4,21.00,23.59,0.87739,17.678,11.61,24.65,14,2
129.411,hall_mission,9x4.5,pi5,2.698,17.677,-1.978,-0.150,0.922,-0.008,0.934,1.15,-6.07,108.96,0.4881,0.4868,0.4439,0.4498,8204,28.055,715.2,376.8,471.0,22.6,493.6,20.92,23.60,0.87734,17.685,11.66,24.65,14,2
129.459,hall_mission,9x4.5,pi5,2.689,17.729,-1.978,-0.174,0.916,-0.007,0.933,1.14,-6.07,110.86,0.4731,0.4737,0.4594,0.4627,8205,28.029,714.5,375.6,469.5,22.6,492.1,20.85,23.60,0.87729,17.692,11.69,24.65,14,2
129.511,hall_mission,9x4.5,pi5,2.682,17.765,-1.979,-0.190,0.912,-0.007,0.932,1.05,-6.08,112.15,0.4574,0.4570,0.4756,0.4789,8205,28.034,714.7,375.8,469.8,22.6,492.4,20.87,23.60,0.87724,17.699,11.68,24.65,14,2
129.563,hall_mission,9x4.5,pi5,2.668,17.823,-1.979,-0.216,0.906,-0.007,0.931,0.87,-6.10,114.03,0.4414,0.4436,0.4912,0.4928,8205,28.080,715.8,377.6,472.0,22.6,494.6,20.96,23.59,0.87719,17.706,11.63,24.65,14,2
129.611,hall_mission,9x4.5,pi5,2.659,17.859,-1.979,-0.232,0.902,-0.007,0.932,0.71,-6.11,115.21,0.4364,0.4493,0.4970,0.4863,8205,28.083,715.9,377.7,472.2,22.6,494.8,20.97,23.59,0.87714,17.713,11.62,24.65,14,2
129.659,hall_mission,9x4.5,pi5,2.645,17.909,-1.979,-0.252,0.897,-0.007,0.932,0.62,-6.10,116.84,0.4637,0.4665,0.4682,0.4707,8206,28.033,714.6,375.6,469.5,22.6,492.1,20.86,23.60,0.87710,17.719,11.69,24.65,14,2
129.711,hall_mission,9x4.5,pi5,2.634,17.944,-1.979,-0.266,0.893,-0.008,0.932,0.72,-6.06,117.88,0.4799,0.4816,0.4529,0.4544,8204,28.036,714.7,376.0,470.0,22.6,492.6,20.88,23.60,0.87705,17.726,11.68,24.65,14,2
129.759,hall_mission,9x4.5,pi5,2.616,18.000,-1.979,-0.290,0.885,-0.008,0.932,0.89,-6.01,119.45,0.4833,0.4839,0.4489,0.4531,8206,28.056,715.2,376.6,470.7,22.6,493.3,20.91,23.60,0.87700,17.733,11.66,24.65,14,2
129.811,hall_mission,9x4.5,pi5,2.603,18.035,-1.979,-0.306,0.879,-0.007,0.931,0.99,-5.99,120.53,0.4794,0.4775,0.4541,0.4603,8213,28.094,716.2,377.0,471.3,22.6,493.9,20.93,23.59,0.87695,17.740,11.64,24.65,14,2
129.859,hall_mission,9x4.5,pi5,2.585,18.084,-1.978,-0.328,0.869,-0.005,0.929,1.03,-5.98,122.19,0.4690,0.4696,0.4652,0.4688,8218,28.116,716.8,377.3,471.6,22.6,494.2,20.95,23.59,0.87690,17.747,11.63,24.65,14,2
129.911,hall_mission,9x4.5,pi5,2.571,18.118,-1.978,-0.344,0.862,-0.005,0.928,0.98,-5.97,123.29,0.4588,0.4563,0.4763,0.4814,8219,28.134,717.2,377.9,472.3,22.6,494.9,20.98,23.59,0.87685,17.754,11.62,24.65,14,2
129.959,hall_mission,9x4.5,pi5,2.548,18.172,-1.978,-0.368,0.850,-0.006,0.927,0.83,-5.99,124.88,0.4463,0.4478,0.4880,0.4904,8218,28.155,717.7,378.9,473.6,22.6,496.2,21.03,23.59,0.87680,17.760,11.58,24.65,14,2
130.011,hall_mission,9x4.5,pi5,2.533,18.205,-1.977,-0.382,0.843,-0.007,0.926,0.67,-5.99,125.88,0.4377,0.4374,0.4972,0.4996,8216,28.184,718.5,380.3,475.4,22.6,498.0,21.11,23.59,0.87675,17.768,11.54,24.65,14,2
130.059,hall_mission,9x4.5,pi5,2.510,18.251,-1.977,-0.400,0.834,-0.008,0.925,0.41,-6.00,127.24,0.4301,0.4324,0.5034,0.5055,8214,28.203,719.0,381.4,476.8,22.6,499.4,21.17,23.59,0.87671,17.774,11.51,24.65,14,2
130.111,hall_mission,9x4.5,pi5,2.494,18.283,-1.978,-0.412,0.828,-0.009,0.925,0.23,-6.00,128.03,0.4297,0.4428,0.5039,0.4942,8211,28.157,717.8,379.9,474.9,22.6,497.5,21.09,23.59,0.87666,17.781,11.55,24.65,14,2
130.159,hall_mission,9x4.5,pi5,2.467,18.334,-1.978,-0.429,0.820,-0.011,0.925,0.12,-5.98,129.03,0.4641,0.4666,0.4686,0.4704,8208,28.046,715.0,375.9,469.9,22.6,492.5,20.87,23.59,0.87661,17.788,11.67,24.65,14,2
130.211,hall_mission,9x4.5,pi5,2.449,18.365,-1.978,-0.439,0.814,-0.013,0.925,0.23,-5.95,129.65,0.4890,0.4873,0.4432,0.4477,8199,28.023,714.4,376.2,470.3,22.6,492.9,20.89,23.59,0.87656,17.795,11.66,24.65,14,2
130.259,hall_mission,9x4.5,pi5,2.424,18.409,-1.979,-0.454,0.805,-0.014,0.924,0.44,-5.91,130.63,0.4958,0.4965,0.4354,0.4386,8195,28.037,714.7,377.2,471.5,22.6,494.1,20.95,23.59,0.87651,17.802,11.63,24.65,14,2
130.311,hall_mission,9x4.5,pi5,2.405,18.440,-1.980,-0.466,0.797,-0.014,0.923,0.53,-5.90,131.35,0.4946,0.4941,0.4367,0.4415,8197,28.042,714.9,377.1,471.4,22.6,494.0,20.94,23.59,0.87646,17.809,11.63,24.65,14,2
130.359,hall_mission,9x4.5,pi5,2.374,18.488,-1.981,-0.484,0.783,-0.011,0.921,0.58,-5.89,132.54,0.4866,0.4871,0.4456,0.4487,8202,28.039,714.8,376.4,470.5,22.6,493.1,20.90,23.59,0.87642,17.815,11.65,24.65,14,2
130.411,hall_mission,9x4.5,pi5,2.355,18.518,-1.981,-0.495,0.775,-0.010,0.919,0.55,-5.90,133.39,0.4756,0.4755,0.4574,0.4603,8205,28.030,714.6,375.7,469.6,22.6,492.2,20.86,23.59,0.87637,17.823,11.67,24.65,14,2
130.459,hall_mission,9x4.5,pi5,2.326,18.559,-1.982,-0.510,0.763,-0.009,0.918,0.44,-5.91,134.71,0.4634,0.4652,0.4698,0.4706,8205,28.028,714.5,375.5,469.4,22.6,492.0,20.85,23.59,0.87632,17.829,11.67,24.65,14,2
130.511,hall_mission,9x4.5,pi5,2.305,18.589,-1.982,-0.521,0.755,-0.008,0.917,0.33,-5.92,135.58,0.4531,0.4531,0.4805,0.4825,8206,28.050,715.1,376.3,470.4,22.6,493.0,20.90,23.59,0.87627,17.836,11.65,24.65,14,2
130.563,hall_mission,9x4.5,pi5,2.271,18.635,-1.983,-0.536,0.744,-0.008,0.917,0.15,-5.93,136.82,0.4431,0.4447,0.4902,0.4912,8206,28.078,715.8,377.5,471.9,22.6,494.5,20.96,23.59,0.87622,17.843,11.61,24.65,14,2
130.611,hall_mission,9x4.5,pi5,2.249,18.663,-1.984,-0.546,0.737,-0.008,0.917,0.01,-5.94,137.58,0.4433,0.4603,0.4904,0.4750,8205,28.056,715.2,376.6,470.8,22.6,493.4,20.91,23.59,0.87617,17.850,11.64,24.65,14,2
130.659,hall_mission,9x4.5,pi5,2.217,18.703,-1.985,-0.558,0.729,-0.008,0.918,0.02,-5.93,138.61,0.4834,0.4864,0.4482,0.4498,8201,28.024,714.4,376.0,470.0,22.6,492.6,20.88,23.59,0.87613,17.857,11.66,24.65,14,2
130.711,hall_mission,9x4.5,pi5,2.195,18.730,-1.986,-0.567,0.722,-0.011,0.918,0.23,-5.89,139.30,0.5096,0.5065,0.4220,0.4265,8189,28.073,715.7,379.5,474.4,22.6,497.0,21.07,23.58,0.87607,17.864,11.55,24.65,14,2
130.759,hall_mission,9x4.5,pi5,2.158,18.774,-1.987,-0.583,0.708,-0.014,0.917,0.55,-5.83,140.47,0.5131,0.5133,0.4162,0.4199,8182,28.065,715.5,380.2,475.3,22.6,497.9,21.11,23.58,0.87603,17.870,11.53,24.64,14,2
130.811,hall_mission,9x4.5,pi5,2.134,18.802,-1.987,-0.593,0.698,-0.013,0.916,0.70,-5.81,141.38,0.5066,0.5071,0.4225,0.4267,8183,28.024,714.4,378.4,473.0,22.6,495.6,21.01,23.59,0.87598,17.877,11.58,24.64,14,2
130.859,hall_mission,9x4.5,pi5,2.101,18.839,-1.988,-0.608,0.682,-0.011,0.914,0.82,-5.80,142.92,0.4941,0.4947,0.4362,0.4389,8187,27.972,713.1,375.8,469.8,22.6,492.4,20.87,23.59,0.87593,17.884,11.66,24.64,14,2
130.911,hall_mission,9x4.5,pi5,2.076,18.865,-1.988,-0.618,0.670,-0.010,0.912,0.84,-5.79,144.03,0.4787,0.4767,0.4523,0.4570,8190,27.934,712.1,373.9,467.3,22.6,489.9,20.77,23.59,0.87588,17.891,11.72,24.64,14,2
130.959,hall_mission,9x4.5,pi5,2.036,18.905,-1.988,-0.635,0.651,-0.008,0.909,0.76,-5.81,145.76,0.4616,0.4625,0.4696,0.4719,8193,27.946,712.4,373.9,467.4,22.6,490.0,20.77,23.59,0.87583,17.898,11.71,24.64,14,2
131.011,hall_mission,9x4.5,pi5,2.011,18.930,-1.988,-0.645,0.639,-0.007,0.908,0.64,-5.82,146.90,0.4472,0.4468,0.4846,0.4880,8197,28.004,713.9,375.7,469.7,22.6,492.3,20.87,23.59,0.87578,17.905,11.66,24.64,14,2
131.059,hall_mission,9x4.5,pi5,1.975,18.965,-1.989,-0.658,0.624,-0.006,0.907,0.40,-5.84,148.53,0.4346,0.4368,0.4966,0.4990,8198,28.064,715.4,377.9,472.4,22.6,495.0,20.99,23.59,0.87574,17.911,11.59,24.64,14,2
131.111,hall_mission,9x4.5,pi5,1.949,18.989,-1.989,-0.667,0.614,-0.006,0.906,0.23,-5.85,149.51,0.4262,0.4278,0.5059,0.5074,8199,28.125,717.0,380.2,475.3,22.6,497.9,21.11,23.58,0.87569,17.919,11.52,24.64,14,2
131.163,hall_mission,9x4.5,pi5,1.906,19.027,-1.989,-0.679,0.600,-0.006,0.907,-0.02,-5.86,150.80,0.4211,0.4230,0.5113,0.5119,8199,28.160,717.9,381.7,477.1,22.6,499.7,21.19,23.58,0.87564,17.926,11.48,24.64,14,2
131.211,hall_mission,9x4.5,pi5,1.879,19.050,-1.989,-0.687,0.593,-0.006,0.907,-0.17,-5.86,151.52,0.4199,0.4213,0.5120,0.5141,8199,28.173,718.2,382.2,477.7,22.6,500.3,21.22,23.58,0.87559,17.932,11.46,24.64,14,2
131.259,hall_mission,9x4.5,pi5,1.840,19.083,-1.989,-0.696,0.584,-0.006,0.908,-0.38,-5.86,152.37,0.4206,0.4230,0.5116,0.5123,8200,28.167,718.1,381.9,477.3,22.6,499.9,21.20,23.58,0.87554,17.939,11.47,24.64,14,2
131.311,hall_mission,9x4.5,pi5,1.812,19.106,-1.989,-0.701,0.579,-0.006,0.909,-0.50,-5.86,152.79,0.4313,0.4511,0.5037,0.4818,8201,28.067,715.5,377.7,472.1,22.6,494.7,20.97,23.58,0.87549,17.946,11.59,24.64,14,2
131.363,hall_mission,9x4.5,pi5,1.768,19.142,-1.990,-0.710,0.571,-0.008,0.911,-0.40,-5.86,153.26,0.5010,0.5047,0.4276,0.4314,8190,28.041,714.8,378.1,472.7,22.6,495.3,21.00,23.58,0.87544,17.953,11.58,24.64,14,2
131.411,hall_mission,9x4.5,pi5,1.740,19.165,-1.991,-0.716,0.565,-0.014,0.912,-0.01,-5.80,153.59,0.5424,0.5396,0.3853,0.3905,8165,28.264,720.5,390.5,488.1,22.6,510.7,21.67,23.56,0.87539,17.960,11.22,24.64,14,2
131.459,hall_mission,9x4.5,pi5,1.700,19.196,-1.993,-0.726,0.552,-0.023,0.912,0.60,-5.70,154.37,0.5542,0.5542,0.3682,0.3738,8138,28.302,721.5,395.6,494.4,22.6,517.0,21.95,23.55,0.87534,17.967,11.08,24.64,14,2
131.511,hall_mission,9x4.5,pi5,1.671,19.218,-1.994,-0.733,0.539,-0.028,0.911,0.92,-5.66,155.13,0.5484,0.5480,0.3704,0.3785,8119,28.101,716.4,390.0,487.6,22.6,510.2,21.65,23.56,0.87529,17.975,11.23,24.64,14,2
131.559,hall_mission,9x4.5,pi5,1.624,19.252,-1.997,-0.746,0.516,-0.028,0.907,1.21,-5.61,156.67,0.5315,0.5311,0.3874,0.3934,8113,27.833,709.6,380.2,475.3,22.6,497.9,21.12,23.58,0.87524,17.981,11.51,24.64,14,2
131.611,hall_mission,9x4.5,pi5,1.595,19.272,-1.999,-0.753,0.499,-0.026,0.904,1.28,-5.61,157.91,0.5073,0.5063,0.4116,0.4186,8114,27.593,703.4,370.5,463.1,22.6,485.7,20.59,23.59,0.87520,17.988,11.81,24.64,14,2
131.659,hall_mission,9x4.5,pi5,1.553,19.300,-2.001,-0.763,0.476,-0.020,0.900,1.23,-5.63,159.99,0.4827,0.4829,0.4382,0.4424,8123,27.508,701.3,365.9,457.4,22.6,480.0,20.34,23.60,0.87515,17.995,11.95,24.64,14,2
131.711,hall_mission,9x4.5,pi5,1.522,19.319,-2.002,-0.770,0.460,-0.015,0.897,1.12,-5.65,161.46,0.4588,0.4581,0.4649,0.4682,8136,27.559,702.6,366.2,457.7,22.6,480.3,20.35,23.60,0.87510,18.001,11.94,24.64,14,2
131.759,hall_mission,9x4.5,pi5,1.474,19.347,-2.003,-0.780,0.435,-0.007,0.893,0.89,-5.70,163.64,0.4382,0.4399,0.4871,0.4880,8148,27.691,705.9,369.8,462.2,22.6,484.8,20.55,23.59,0.87506,18.008,11.83,24.64,14,2
131.811,hall_mission,9x4.5,pi5,1.443,19.365,-2.004,-0.786,0.421,-0.003,0.891,0.71,-5.73,165.03,0.4220,0.4233,0.5045,0.5062,8158,27.856,710.1,375.1,468.8,22.6,491.4,20.84,23.59,0.87501,18.015,11.66,24.64,14,2
131.859,hall_mission,9x4.5,pi5,1.399,19.387,-2.005,-0.794,0.402,0.000,0.890,0.45,-5.76,166.92,0.4109,0.4132,0.5161,0.5171,8163,27.978,713.2,379.3,474.1,22.6,496.7,21.07,23.58,0.87496,18.022,11.53,24.64,14,2
131.911,hall_mission,9x4.5,pi5,1.368,19.403,-2.005,-0.799,0.390,0.001,0.889,0.29,-5.77,168.02,0.3837,0.3582,0.5553,0.5640,8177,28.623,729.7,403.1,503.9,22.6,526.5,22.37,23.54,0.87490,18.029,10.86,24.64,14,2
131.959,hall_mission,9x4.5,pi5,1.318,19.427,-2.006,-0.808,0.373,-0.014,0.890,-0.38,-5.82,169.29,0.3101,0.3125,0.6108,0.6171,8138,29.575,753.9,446.2,557.8,22.6,580.4,24.73,23.47,0.87485,18.037,9.82,24.64,14,2
132.011,hall_mission,9x4.5,pi5,1.287,19.442,-2.007,-0.814,0.368,-0.037,0.894,-1.07,-5.77,169.74,0.2725,0.2778,0.6355,0.6369,8037,29.744,758.3,465.2,581.5,22.6,604.1,25.78,23.44,0.87479,18.046,9.42,24.64,14,2
132.059,hall_mission,9x4.5,pi5,1.243,19.462,-2.010,-0.820,0.369,-0.070,0.902,-2.02,-5.65,169.62,0.2668,0.2765,0.6296,0.6257,7950,29.083,741.4,449.5,561.9,22.6,584.5,24.91,23.46,0.87473,18.054,9.75,24.64,14,2
132.111,hall_mission,9x4.5,pi5,1.212,19.476,-2.014,-0.821,0.375,-0.085,0.907,-2.49,-5.59,169.01,0.2871,0.2964,0.6001,0.5987,7891,27.994,713.6,414.1,517.6,22.6,540.2,22.97,23.52,0.87468,18.061,10.58,24.64,14,2
132.159,hall_mission,9x4.5,pi5,1.161,19.501,-2.020,-0.819,0.389,-0.088,0.911,-2.95,-5.54,167.37,0.3196,0.3284,0.5644,0.5640,7870,27.045,689.5,380.0,474.9,22.6,497.5,21.11,23.57,0.87463,18.068,11.51,24.64,14,2
132.211,hall_mission,9x4.5,pi5,1.130,19.516,-2.024,-0.816,0.399,-0.078,0.911,-3.08,-5.56,165.91,0.3636,0.3708,0.5244,0.5239,7893,26.472,674.8,355.0,443.8,22.6,466.4,19.75,23.62,0.87458,18.075,12.30,24.64,14,2
132.259,hall_mission,9x4.5,pi5,1.086,19.539,-2.028,-0.808,0.414,-0.053,0.910,-3.10,-5.65,163.33,0.4064,0.4116,0.4891,0.4889,7940,26.389,672.7,345.8,432.2,22.6,454.8,19.25,23.63,0.87454,18.081,12.62,24.64,14,2
132.311,hall_mission,9x4.5,pi5,1.056,19.556,-2.030,-0.803,0.425,-0.033,0.909,-3.01,-5.75,161.48,0.4487,0.4529,0.4546,0.4552,7996,26.620,678.6,347.6,434.5,22.6,457.1,19.35,23.63,0.87449,18.087,12.55,24.64,14,2
132.359,hall_mission,9x4.5,pi5,1.007,19.585,-2.030,-0.795,0.444,-0.004,0.910,-2.77,-5.92,158.67,0.4824,0.4854,0.4289,0.4290,8048,27.032,689.1,357.0,446.2,22.6,468.8,19.86,23.61,0.87445,18.094,12.23,24.64,14,2
132.411,hall_mission,9x4.5,pi5,0.977,19.603,-2.030,-0.790,0.455,0.008,0.912,-2.57,-6.03,156.87,0.5110,0.5128,0.4067,0.4075,8093,27.504,701.2,369.8,462.2,22.6,484.8,20.55,23.59,0.87440,18.101,11.81,24.64,14,2
132.459,hall_mission,9x4.5,pi5,0.935,19.630,-2.028,-0.785,0.471,0.019,0.915,-2.24,-6.18,154.41,0.5285,0.5300,0.3925,0.3933,8116,27.826,709.4,379.5,474.4,22.6,497.0,21.08,23.57,0.87435,18.107,11.52,24.64,14,2
132.511,hall_mission,9x4.5,pi5,0.905,19.650,-2.027,-0.782,0.482,0.022,0.919,-2.02,-6.25,152.97,0.5358,0.5196,0.3892,0.4069,8142,27.971,713.1,381.8,477.3,22.6,499.9,21.21,23.57,0.87430,18.115,11.45,24.64,14,2
132.559,hall_mission,9x4.5,pi5,0.857,19.682,-2.024,-0.779,0.498,0.023,0.925,-1.92,-6.31,151.16,0.4852,0.4891,0.4385,0.4403,8147,27.682,705.7,369.6,462.0,22.6,484.6,20.54,23.59,0.87426,18.121,11.82,24.64,14,2
132.611,hall_mission,9x4.5,pi5,0.827,19.703,-2.023,-0.776,0.509,0.023,0.929,-2.12,-6.30,150.09,0.4507,0.4556,0.4748,0.4731,8152,27.673,705.5,368.6,460.7,22.6,483.3,20.49,23.59,0.87421,18.128,11.85,24.64,14,2
132.659,hall_mission,9x4.5,pi5,0.785,19.733,-2.021,-0.770,0.527,0.025,0.934,-2.46,-6.31,148.51,0.4380,0.4426,0.4880,0.4883,8162,27.782,708.2,371.6,464.5,22.6,487.1,20.65,23.59,0.87416,18.134,11.75,24.64,14,2
132.711,hall_mission,9x4.5,pi5,0.756,19.755,-2.019,-0.764,0.541,0.028,0.937,-2.62,-6.32,147.42,0.4384,0.4439,0.4898,0.4887,8176,27.876,710.6,373.5,466.9,22.6,489.5,20.76,23.58,0.87411,18.142,11.69,24.64,14,2
132.759,hall_mission,9x4.5,pi5,0.708,19.792,-2.017,-0.753,0.565,0.034,0.942,-2.73,-6.37,145.70,0.4480,0.4527,0.4828,0.4819,8192,27.962,712.8,374.6,468.3,22.6,490.9,20.82,23.58,0.87406,18.148,11.66,24.64,14,2
132.811,hall_mission,9x4.5,pi5,0.679,19.817,-2.015,-0.746,0.581,0.035,0.946,-2.71,-6.41,144.51,0.4620,0.4666,0.4706,0.4699,8205,28.029,714.5,375.6,469.4,22.6,492.0,20.87,23.58,0.87401,18.155,11.63,24.64,14,2
132.859,hall_mission,9x4.5,pi5,0.639,19.851,-2.012,-0.735,0.602,0.035,0.951,-2.59,-6.47,142.72,0.4759,0.4799,0.4571,0.4579,8212,28.081,715.9,376.8,471.0,22.6,493.6,20.93,23.58,0.87397,18.162,11.59,24.64,14,2
132.911,hall_mission,9x4.5,pi5,0.611,19.877,-2.010,-0.728,0.617,0.034,0.955,-2.46,-6.51,141.55,0.4873,0.4773,0.4489,0.4606,8224,28.174,718.2,378.8,473.5,22.6,496.1,21.05,23.57,0.87392,18.169,11.53,24.64,14,2
132.960,hall_mission,9x4.5,pi5,0.567,19.919,-2.007,-0.716,0.640,0.032,0.960,-2.37,-6.54,139.89,0.4583,0.4620,0.4767,0.4770,8224,28.160,717.9,378.3,472.9,22.6,495.5,21.02,23.57,0.87387,18.176,11.54,24.64,14,2
133.012,hall_mission,9x4.5,pi5,0.540,19.946,-2.006,-0.707,0.654,0.028,0.964,-2.46,-6.53,138.80,0.4409,0.4468,0.4926,0.4916,8216,28.151,717.6,379.0,473.8,22.6,496.4,21.06,23.57,0.87382,18.183,11.52,24.64,14,2
133.060,hall_mission,9x4.5,pi5,0.503,19.985,-2.004,-0.694,0.675,0.025,0.968,-2.60,-6.53,137.11,0.4399,0.4444,0.4934,0.4934,8213,28.138,717.3,378.9,473.6,22.6,496.2,21.05,23.57,0.87377,18.189,11.52,24.64,14,2
133.112,hall_mission,9x4.5,pi5,0.477,20.014,-2.003,-0.684,0.690,0.024,0.971,-2.63,-6.54,135.92,0.4478,0.4529,0.4858,0.4850,8214,28.116,716.8,377.8,472.3,22.6,494.9,20.99,23.57,0.87372,18.196,11.55,24.64,14,2
133.160,hall_mission,9x4.5,pi5,0.436,20.061,-2.002,-0.666,0.713,0.023,0.976,-2.56,-6.57,134.07,0.4609,0.4644,0.4730,0.4735,8215,28.100,716.4,377.0,471.3,22.6,493.9,20.95,23.57,0.87368,18.203,11.58,24.64,14,2
133.212,hall_mission,9x4.5,pi5,0.411,20.091,-2.001,-0.655,0.727,0.022,0.979,-2.45,-6.60,132.82,0.4754,0.4792,0.4586,0.4583,8214,28.097,716.3,377.1,471.3,22.6,493.9,20.95,23.57,0.87362,18.210,11.57,24.64,14,2
133.260,hall_mission,9x4.5,pi5,0.377,20.134,-2.000,-0.640,0.745,0.020,0.983,-2.22,-6.65,130.99,0.4886,0.4917,0.4452,0.4458,8214,28.129,717.1,378.4,473.0,22.6,495.6,21.03,23.57,0.87358,18.217,11.53,24.64,14,2
133.312,hall_mission,9x4.5,pi5,0.353,20.165,-1.999,-0.630,0.758,0.019,0.985,-2.03,-6.68,129.84,0.5004,0.5025,0.4335,0.4343,8212,28.172,718.2,380.4,475.5,22.6,498.1,21.14,23.57,0.87353,18.224,11.47,24.64,14,2
133.360,hall_mission,9x4.5,pi5,0.316,20.216,-1.997,-0.615,0.776,0.016,0.990,-1.74,-6.71,128.28,0.5072,0.5109,0.4255,0.4266,8209,28.208,719.1,382.2,477.7,22.6,500.3,21.23,23.56,0.87348,18.231,11.42,24.64,14,2
133.412,hall_mission,9x4.5,pi5,0.293,20.249,-1.997,-0.606,0.786,0.014,0.992,-1.54,-6.72,127.37,0.5124,0.5152,0.4207,0.4213,8207,28.229,719.6,383.4,479.2,22.6,501.8,21.30,23.56,0.87343,18.238,11.38,24.64,14,2
133.464,hall_mission,9x4.5,pi5,0.262,20.295,-1.996,-0.595,0.799,0.012,0.996,-1.25,-6.73,126.22,0.5147,0.5159,0.4188,0.4200,8206,28.237,719.9,383.8,479.7,22.6,502.3,21.32,23.56,0.87338,18.245,11.37,24.64,14,2
133.512,hall_mission,9x4.5,pi5,0.240,20.328,-1.995,-0.588,0.807,0.011,0.999,-1.08,-6.73,125.62,0.5134,0.5146,0.4197,0.4216,8206,28.226,719.6,383.3,479.2,22.6,501.8,21.30,23.56,0.87333,18.252,11.38,24.64,14,2
133.560,hall_mission,9x4.5,pi5,0.205,20.382,-1.994,-0.579,0.818,0.010,1.002,-0.85,-6.72,124.94,0.5096,0.5118,0.4230,0.4250,8207,28.202,719.0,382.3,477.9,22.6,500.5,21.24,23.56,0.87328,18.259,11.41,24.64,14,2
133.612,hall_mission,9x4.5,pi5,0.184,20.415,-1.994,-0.574,0.824,0.009,1.004,-0.72,-6.72,124.63,0.5048,0.5061,0.4281,0.4304,8207,28.164,718.0,380.8,476.0,22.6,498.6,21.16,23.56,0.87323,18.266,11.45,24.64,14,2
133.660,hall_mission,9x4.5,pi5,0.154,20.463,-1.993,-0.569,0.831,0.008,1.007,-0.55,-6.71,124.35,0.4985,0.5007,0.4350,0.4355,8207,28.133,717.2,379.4,474.3,22.6,496.9,21.09,23.57,0.87319,18.272,11.49,24.64,14,2
133.712,hall_mission,9x4.5,pi5,0.132,20.497,-1.993,-0.566,0.835,0.008,1.009,-0.46,-6.70,124.28,0.4920,0.4935,0.4416,0.4429,8209,28.107,716.5,378.2,472.8,22.6,495.4,21.02,23.57,0.87313,18.280,11.53,24.64,14,2
133.760,hall_mission,9x4.5,pi5,0.098,20.551,-1.992,-0.562,0.841,0.008,1.012,-0.36,-6.69,124.30,0.4860,0.4872,0.4479,0.4495,8211,28.098,716.3,377.6,471.9,22.6,494.5,20.98,23.57,0.87309,18.286,11.55,24.63,14,2
133.812,hall_mission,9x4.5,pi5,0.076,20.586,-1.991,-0.560,0.844,0.008,1.013,-0.31,-6.69,124.38,0.4761,0.4619,0.4601,0.4743,8218,28.119,716.8,377.4,471.8,22.6,494.4,20.98,23.57,0.87304,18.293,11.55,24.63,14,2
133.860,hall_mission,9x4.5,pi5,0.046,20.634,-1.991,-0.558,0.849,0.006,1.016,-0.42,-6.69,124.54,0.4309,0.4344,0.5012,0.5044,8212,28.182,718.4,380.8,476.0,22.6,498.6,21.16,23.56,0.87299,18.300,11.45,24.63,14,2
133.912,hall_mission,9x4.5,pi5,0.024,20.669,-1.990,-0.557,0.853,0.001,1.018,-0.66,-6.67,124.58,0.4040,0.4075,0.5277,0.5275,8197,28.297,721.4,387.4,484.3,22.6,506.9,21.52,23.55,0.87294,18.307,11.26,24.63,14,2
133.960,hall_mission,9x4.5,pi5,-0.011,20.724,-1.990,-0.551,0.860,-0.007,1.022,-1.04,-6.63,124.41,0.3948,0.3994,0.5351,0.5336,8183,28.288,721.1,389.0,486.2,22.6,508.8,21.61,23.55,0.87289,18.314,11.21,24.63,14,2
134.012,hall_mission,9x4.5,pi5,-0.032,20.760,-1.990,-0.545,0.866,-0.009,1.023,-1.25,-6.61,124.09,0.3977,0.4041,0.5299,0.5286,8174,28.176,718.3,385.7,482.1,22.6,504.7,21.43,23.55,0.87284,18.321,11.30,24.63,14,2
134.060,hall_mission,9x4.5,pi5,-0.063,20.809,-1.990,-0.536,0.874,-0.010,1.025,-1.41,-6.60,123.33,0.4099,0.4148,0.5177,0.5178,8173,28.052,715.1,380.9,476.1,22.6,498.7,21.16,23.56,0.87279,18.328,11.44,24.63,14,2
134.112,hall_mission,9x4.5,pi5,-0.084,20.844,-1.990,-0.529,0.880,-0.009,1.026,-1.44,-6.60,122.65,0.4270,0.4311,0.5013,0.5011,8175,27.934,712.1,375.9,469.9,22.6,492.5,20.89,23.57,0.87274,18.335,11.59,24.63,14,2
134.160,hall_mission,9x4.5,pi5,-0.118,20.901,-1.990,-0.516,0.889,-0.007,1.028,-1.38,-6.62,121.46,0.4448,0.4471,0.4846,0.4856,8180,27.891,711.0,373.4,466.8,22.6,489.4,20.76,23.57,0.87270,18.342,11.67,24.63,14,2
134.212,hall_mission,9x4.5,pi5,-0.138,20.937,-1.990,-0.509,0.894,-0.005,1.029,-1.30,-6.63,120.60,0.4625,0.4646,0.4689,0.4685,8189,27.917,711.7,373.3,466.6,22.6,489.2,20.75,23.57,0.87265,18.349,11.67,24.63,14,2
134.260,hall_mission,9x4.5,pi5,-0.166,20.987,-1.990,-0.498,0.901,-0.002,1.030,-1.13,-6.67,119.27,0.4767,0.4788,0.4553,0.4560,8197,27.983,713.4,374.8,468.5,22.6,491.1,20.84,23.57,0.87260,18.355,11.62,24.63,14,2
134.312,hall_mission,9x4.5,pi5,-0.186,21.023,-1.989,-0.491,0.906,-0.001,1.030,-1.00,-6.68,118.42,0.4889,0.4908,0.4446,0.4444,8204,28.063,715.4,377.1,471.4,22.6,494.0,20.96,23.57,0.87255,18.362,11.55,24.63,14,2
134.360,hall_mission,9x4.5,pi5,-0.217,21.082,-1.988,-0.482,0.913,0.000,1.032,-0.80,-6.71,117.25,0.4971,0.4986,0.4365,0.4378,8209,28.134,717.2,379.3,474.1,22.6,496.7,21.08,23.56,0.87250,18.369,11.49,24.63,14,2
134.412,hall_mission,9x4.5,pi5,-0.237,21.118,-1.987,-0.476,0.917,0.001,1.033,-0.67,-6.73,116.56,0.5020,0.5040,0.4323,0.4327,8213,28.186,718.6,380.9,476.1,22.6,498.7,21.17,23.56,0.87245,18.376,11.44,24.63,14,2
134.460,hall_mission,9x4.5,pi5,-0.263,21.170,-1.986,-0.469,0.922,0.000,1.035,-0.49,-6.74,115.69,0.5044,0.5055,0.4299,0.4318,8215,28.212,719.2,381.6,477.1,22.6,499.7,21.21,23.56,0.87240,18.383,11.41,24.63,14,2
134.480,hall_mission,9x4.5,pi5,-0.275,21.192,-1.986,-0.467,0.924,0.000,1.035,-0.44,-6.75,115.45,0.5042,0.5059,0.4306,0.4311,8215,28.217,719.3,381.7,477.2,22.6,499.8,21.21,23.56,0.87238,18.386,11.41,24.63,14,2
134.520,hall_mission,9x4.5,pi5,-0.294,21.229,-1.986,-0.463,0.927,-0.000,1.036,-0.35,-6.75,115.04,0.4949,0.4820,0.4417,0.4548,8221,28.175,718.3,379.3,474.1,22.6,496.7,21.08,23.56,0.87235,18.391,11.48,24.63,14,2
134.572,hall_mission,9x4.5,pi5,-0.312,21.267,-1.985,-0.459,0.931,-0.002,1.038,-0.42,-6.76,114.70,0.4450,0.4489,0.4866,0.4907,8213,28.119,716.8,378.1,472.7,22.6,495.3,21.02,23.56,0.87229,18.398,11.52,24.63,14,2
134.620,hall_mission,9x4.5,pi5,-0.338,21.319,-1.984,-0.453,0.937,-0.008,1.040,-0.79,-6.71,114.16,0.4577,0.3871,0.5580,0.4665,8206,28.359,722.9,388.8,486.0,22.6,508.6,21.60,23.55,0.87225,18.405,11.20,24.63,14,2
134.672,hall_mission,9x4.5,pi5,-0.357,21.356,-1.984,-0.446,0.941,-0.014,1.042,-0.91,-6.22,113.69,0.4133,0.4149,0.5190,0.5195,8197,28.214,719.3,384.1,480.1,22.6,502.7,21.34,23.55,0.87220,18.412,11.34,24.63,14,2
134.720,hall_mission,9x4.5,pi5,-0.386,21.416,-1.984,-0.428,0.935,-0.022,1.028,-0.87,-3.79,112.75,0.4150,0.4211,0.5097,0.5180,8187,28.102,716.4,381.1,476.3,22.6,498.9,21.18,23.56,0.87215,18.419,11.43,24.63,14,2
134.772,hall_mission,9x4.5,pi5,-0.403,21.453,-1.984,-0.412,0.916,-0.023,1.004,-0.78,-1.91,111.98,0.4231,0.4364,0.4948,0.5076,8180,27.968,713.0,376.6,470.8,22.6,493.4,20.94,23.56,0.87210,18.426,11.56,24.63,14,2
134.820,hall_mission,9x4.5,pi5,-0.426,21.503,-1.984,-0.383,0.871,-0.023,0.952,-0.70,0.60,110.66,0.4293,0.4410,0.4867,0.5035,8174,27.900,711.2,374.6,468.3,22.6,490.9,20.83,23.57,0.87205,18.433,11.62,24.63,14,2
134.872,hall_mission,9x4.5,pi5,-0.445,21.543,-1.985,-0.354,0.819,-0.021,0.893,-0.69,2.08,109.60,0.4057,0.4194,0.5123,0.5227,8173,28.052,715.1,380.9,476.1,22.6,498.7,21.17,23.56,0.87200,18.440,11.43,24.63,14,2
134.920,hall_mission,9x4.5,pi5,-0.465,21.585,-1.985,-0.318,0.747,-0.022,0.812,-0.78,3.49,108.08,0.3941,0.4065,0.5236,0.5333,8164,28.107,716.5,384.3,480.4,22.6,503.0,21.36,23.55,0.87195,18.447,11.33,24.63,14,2
134.972,hall_mission,9x4.5,pi5,-0.477,21.613,-1.985,-0.290,0.691,-0.022,0.750,-0.87,4.22,106.84,0.3995,0.4098,0.5194,0.5267,8156,28.002,713.9,381.1,476.4,22.6,499.0,21.18,23.56,0.87190,18.454,11.42,24.63,14,2
135.020,hall_mission,9x4.5,pi5,-0.492,21.646,-1.985,-0.252,0.610,-0.020,0.660,-1.05,4.93,104.71,0.4160,0.4242,0.5052,0.5100,8156,27.861,710.3,375.5,469.4,22.6,492.0,20.88,23.57,0.87186,18.460,11.58,24.63,14,2
135.072,hall_mission,9x4.5,pi5,-0.501,21.666,-1.985,-0.224,0.550,-0.017,0.594,-1.17,5.20,103.15,0.4399,0.4455,0.4828,0.4877,8158,27.744,707.3,370.6,463.3,22.6,485.9,20.61,23.57,0.87181,18.467,11.73,24.63,14,2
135.120,hall_mission,9x4.5,pi5,-0.513,21.693,-1.986,-0.182,0.457,-0.012,0.492,-1.36,5.37,100.72,0.4625,0.4676,0.4620,0.4650,8162,27.736,707.1,369.7,462.1,22.6,484.7,20.56,23.57,0.87176,18.474,11.76,24.63,14,2
135.172,hall_mission,9x4.5,pi5,-0.519,21.706,-1.986,-0.157,0.400,-0.009,0.429,-1.47,5.35,99.09,0.4853,0.4902,0.4408,0.4429,8170,27.832,709.5,372.5,465.7,22.6,488.3,20.72,23.57,0.87171,18.481,11.67,24.63,14,2
135.220,hall_mission,9x4.5,pi5,-0.526,21.720,-1.986,-0.124,0.323,-0.005,0.346,-1.61,5.20,96.74,0.5035,0.5066,0.4240,0.4263,8174,27.953,712.6,376.8,471.0,22.6,493.6,20.95,23.56,0.87166,18.487,11.54,24.63,14,2
135.272,hall_mission,9x4.5,pi5,-0.529,21.728,-1.986,-0.102,0.271,-0.004,0.290,-1.67,5.03,95.30,0.5181,0.5194,0.4111,0.4123,8176,28.079,715.8,381.5,476.9,22.6,499.5,21.21,23.55,0.87161,18.495,11.40,24.63,14,2
135.320,hall_mission,9x4.5,pi5,-0.533,21.735,-1.985,-0.069,0.194,-0.007,0.206,-1.71,4.69,93.39,0.4928,0.5888,0.3755,0.4608,8383,29.763,758.7,421.4,526.8,22.6,549.4,23.39,23.49,0.87156,18.502,10.34,24.63,14,2
135.372,hall_mission,9x4.5,pi5,-0.534,21.737,-1.985,-0.050,0.149,-0.030,0.161,-1.55,3.66,92.34,0.5364,0.5416,0.4111,0.4085,8309,29.106,742.0,404.8,506.0,22.6,528.6,22.48,23.51,0.87151,18.510,10.75,24.63,14,2
135.420,hall_mission,9x4.5,pi5,-0.535,21.737,-1.987,-0.030,0.111,-0.057,0.128,-1.09,0.14,91.13,0.5408,0.5261,0.4116,0.4004,8241,28.631,729.9,394.9,493.6,22.6,516.2,21.94,23.53,0.87146,18.517,11.02,24.63,14,2
135.472,hall_mission,9x4.5,pi5,-0.535,21.736,-1.989,-0.020,0.105,-0.067,0.127,-0.70,-2.41,90.52,0.5327,0.5180,0.4165,0.3972,8189,28.227,719.6,385.8,482.2,22.6,504.8,21.44,23.55,0.87141,18.524,11.27,24.63,14,2
135.520,hall_mission,9x4.5,pi5,-0.534,21.736,-1.993,-0.011,0.131,-0.070,0.149,-0.14,-5.67,89.86,0.5258,0.5075,0.4199,0.4020,8155,27.940,712.3,378.8,473.5,22.6,496.1,21.06,23.56,0.87136,18.530,11.48,24.63,14,2
135.572,hall_mission,9x4.5,pi5,-0.534,21.738,-1.995,-0.008,0.163,-0.065,0.176,0.19,-7.35,89.58,0.5144,0.4995,0.4255,0.4111,8138,27.748,707.4,373.4,466.8,22.6,489.4,20.77,23.57,0.87131,18.537,11.64,24.63,14,2
135.620,hall_mission,9x4.5,pi5,-0.534,21.745,-1.999,-0.008,0.223,-0.053,0.229,0.58,-9.16,89.39,0.5043,0.4923,0.4326,0.4213,8138,27.684,705.7,370.9,463.6,22.6,486.2,20.63,23.57,0.87126,18.544,11.71,24.63,14,2
135.672,hall_mission,9x4.5,pi5,-0.533,21.753,-2.001,-0.009,0.272,-0.043,0.275,0.77,-9.96,89.39,0.4933,0.4856,0.4409,0.4331,8147,27.691,705.9,370.0,462.5,22.6,485.1,20.58,23.57,0.87121,18.551,11.74,24.63,14,2
135.720,hall_mission,9x4.5,pi5,-0.533,21.772,-2.002,-0.013,0.357,-0.025,0.358,0.96,-10.69,89.54,0.4857,0.4787,0.4493,0.4433,8162,27.760,707.7,370.7,463.4,22.6,486.0,20.62,23.57,0.87117,18.557,11.72,24.62,14,2
135.772,hall_mission,9x4.5,pi5,-0.534,21.787,-2.003,-0.017,0.411,-0.015,0.412,1.03,-10.93,89.71,0.4780,0.4728,0.4579,0.4538,8182,27.876,710.7,372.7,465.8,22.6,488.4,20.73,23.57,0.87112,18.565,11.66,24.62,14,2
135.820,hall_mission,9x4.5,pi5,-0.535,21.814,-2.003,-0.024,0.487,-0.002,0.487,1.08,-11.02,90.05,0.4716,0.4685,0.4649,0.4620,8198,27.980,713.3,374.6,468.2,22.6,490.8,20.83,23.56,0.87107,18.571,11.60,24.62,14,2
135.872,hall_mission,9x4.5,pi5,-0.537,21.837,-2.003,-0.029,0.539,0.005,0.539,1.07,-10.94,90.30,0.4660,0.4645,0.4707,0.4696,8212,28.073,715.7,376.4,470.5,22.6,493.1,20.93,23.56,0.87102,18.578,11.54,24.62,14,2
135.920,hall_mission,9x4.5,pi5,-0.541,21.879,-2.001,-0.038,0.617,0.014,0.619,1.04,-10.69,90.67,0.4619,0.4622,0.4753,0.4747,8224,28.157,717.8,378.2,472.7,22.6,495.3,21.03,23.56,0.87097,18.585,11.49,24.62,14,2
135.968,hall_mission,9x4.5,pi5,-0.544,21.908,-2.001,-0.044,0.663,0.018,0.665,1.00,-10.47,90.91,0.4595,0.4602,0.4779,0.4790,8233,28.223,719.5,379.6,474.5,22.6,497.1,21.11,23.55,0.87093,18.591,11.44,24.62,14,2
136.020,hall_mission,9x4.5,pi5,-0.549,21.953,-1.999,-0.052,0.722,0.022,0.724,0.93,-10.07,91.22,0.4581,0.4591,0.4803,0.4812,8240,28.279,720.9,380.8,476.0,22.6,498.6,21.17,23.55,0.87088,18.599,11.41,24.62,14,2
136.072,hall_mission,9x4.5,pi5,-0.552,21.987,-1.998,-0.057,0.760,0.023,0.763,0.88,-9.78,91.40,0.4578,0.4585,0.4808,0.4828,8245,28.310,721.7,381.4,476.8,22.6,499.4,21.21,23.55,0.87083,18.606,11.39,24.62,14,2
136.120,hall_mission,9x4.5,pi5,-0.559,22.045,-1.996,-0.065,0.815,0.024,0.817,0.81,-9.35,91.60,0.4574,0.4597,0.4814,0.4823,8248,28.333,722.3,381.9,477.4,22.6,500.0,21.23,23.55,0.87078,18.612,11.37,24.62,14,2
136.172,hall_mission,9x4.5,pi5,-0.564,22.083,-1.995,-0.070,0.844,0.024,0.848,0.76,-9.06,91.71,0.4584,0.4608,0.4805,0.4818,8250,28.346,722.6,382.1,477.7,22.6,500.3,21.25,23.55,0.87073,18.620,11.37,24.62,14,2
136.220,hall_mission,9x4.5,pi5,-0.571,22.138,-1.993,-0.076,0.881,0.023,0.885,0.70,-8.66,91.80,0.4594,0.4623,0.4792,0.4806,8251,28.348,722.7,382.1,477.7,22.6,500.3,21.24,23.55,0.87068,18.626,11.36,24.62,14,2
136.272,hall_mission,9x4.5,pi5,-0.577,22.178,-1.992,-0.080,0.904,0.022,0.908,0.65,-8.41,91.83,0.4613,0.4637,0.4774,0.4790,8250,28.340,722.5,381.9,477.4,22.6,500.0,21.23,23.55,0.87063,18.634,11.37,24.62,14,2
136.320,hall_mission,9x4.5,pi5,-0.586,22.244,-1.990,-0.085,0.935,0.020,0.939,0.60,-8.06,91.83,0.4626,0.4656,0.4757,0.4772,8249,28.332,722.3,381.7,477.1,22.6,499.7,21.22,23.55,0.87058,18.640,11.37,24.62,14,2
136.372,hall_mission,9x4.5,pi5,-0.591,22.286,-1.989,-0.088,0.951,0.018,0.955,0.56,-7.85,91.81,0.4645,0.4670,0.4733,0.4756,8247,28.313,721.8,381.3,476.6,22.6,499.2,21.20,23.55,0.87053,18.647,11.39,24.62,14,2
136.420,hall_mission,9x4.5,pi5,-0.599,22.345,-1.988,-0.091,0.970,0.016,0.974,0.52,-7.58,91.75,0.4643,0.4549,0.4738,0.4870,8245,28.313,721.8,381.5,476.9,22.6,499.5,21.21,23.55,0.87048,18.654,11.38,24.62,14,2
136.472,hall_mission,9x4.5,pi5,-0.605,22.388,-1.988,-0.092,0.982,0.013,0.986,0.40,-7.43,91.69,0.4273,0.4304,0.5085,0.5116,8237,28.390,723.7,385.7,482.2,22.6,504.8,21.44,23.54,0.87043,18.661,11.26,24.62,14,2
136.512,hall_mission,9x4.5,pi5,-0.614,22.457,-1.987,-0.092,0.997,0.004,1.002,-0.02,-7.19,91.45,0.4076,0.4134,0.5264,0.5260,8221,28.429,724.7,389.5,486.9,22.6,509.5,21.65,23.53,0.87039,18.667,11.15,24.62,14,2
136.564,hall_mission,9x4.5,pi5,-0.620,22.500,-1.987,-0.089,1.005,-0.002,1.009,-0.30,-7.05,91.13,0.3989,0.4045,0.5325,0.5314,8199,28.356,722.9,389.6,486.9,22.6,509.5,21.65,23.53,0.87034,18.674,11.15,24.62,14,2
136.616,hall_mission,9x4.5,pi5,-0.628,22.560,-1.988,-0.081,1.014,-0.007,1.017,-0.63,-6.87,90.37,0.4042,0.4093,0.5251,0.5257,8188,28.219,719.4,385.5,481.9,22.6,504.5,21.43,23.54,0.87029,18.682,11.26,24.62,14,2
136.664,hall_mission,9x4.5,pi5,-0.633,22.603,-1.988,-0.074,1.018,-0.008,1.021,-0.77,-6.78,89.68,0.4167,0.4213,0.5119,0.5130,8183,28.066,715.5,380.1,475.1,22.6,497.7,21.14,23.55,0.87024,18.688,11.42,24.62,14,2
136.712,hall_mission,9x4.5,pi5,-0.638,22.646,-1.989,-0.066,1.022,-0.008,1.024,-0.90,-6.67,88.44,0.4310,0.4384,0.4979,0.4949,8181,27.944,712.4,375.5,469.4,22.6,492.0,20.89,23.55,0.87020,18.695,11.55,24.62,14,2
136.764,hall_mission,9x4.5,pi5,-0.645,22.715,-1.990,-0.050,1.025,-0.007,1.026,-0.91,-6.63,87.51,0.4507,0.4554,0.4775,0.4791,8182,27.886,710.9,373.0,466.2,22.6,488.8,20.75,23.56,0.87015,18.702,11.63,24.62,14,2
136.812,hall_mission,9x4.5,pi5,-0.649,22.774,-1.990,-0.037,1.027,-0.005,1.028,-0.82,-6.58,86.06,0.4670,0.4564,0.4644,0.4766,8189,27.919,711.7,373.4,466.8,22.6,489.4,20.77,23.56,0.87010,18.709,11.61,24.62,14,2
136.864,hall_mission,9x4.5,pi5,-0.652,22.816,-1.991,-0.027,1.027,-0.003,1.028,-0.84,-6.55,85.09,0.4413,0.4449,0.4897,0.4903,8195,28.006,714.0,376.0,470.1,22.6,492.7,20.92,23.55,0.87005,18.716,11.53,24.62,14,2
136.908,hall_mission,9x4.5,pi5,-0.655,22.859,-1.991,-0.016,1.027,-0.002,1.027,-1.00,-6.51,84.08,0.4289,0.4351,0.5014,0.5007,8195,28.060,715.3,378.3,472.8,22.6,495.4,21.04,23.55,0.87001,18.722,11.47,24.62,14,2
136.960,hall_mission,9x4.5,pi5,-0.657,22.926,-1.991,0.004,1.026,-0.002,1.026,-1.23,-6.46,82.45,0.4302,0.4342,0.5008,0.5009,8195,28.059,715.3,378.2,472.8,22.6,495.4,21.04,23.55,0.86996,18.729,11.47,24.62,14,2
137.008,hall_mission,9x4.5,pi5,-0.658,22.968,-1.992,0.018,1.024,-0.001,1.024,-1.33,-6.44,81.27,0.5027,0.4782,0.4919,0.3936,8196,28.125,717.0,380.6,475.7,22.6,498.3,21.16,23.54,0.86991,18.736,11.40,24.62,14,2
137.056,hall_mission,9x4.5,pi5,-0.657,23.025,-1.992,0.039,1.022,-0.015,1.022,-1.00,-5.64,79.55,0.6697,0.6670,0.2603,0.2604,8164,31.384,800.1,515.4,644.2,22.6,666.8,28.59,23.32,0.86984,18.744,8.43,24.62,14,2
137.108,hall_mission,9x4.5,pi5,-0.656,23.067,-1.994,0.050,1.016,-0.069,1.019,-0.47,-4.13,78.85,0.7916,0.7971,0.0954,0.1041,7912,36.616,933.4,745.7,932.2,22.6,954.8,41.64,22.93,0.86974,18.758,5.79,24.62,14,2
137.160,hall_mission,9x4.5,pi5,-0.654,23.131,-2.004,0.056,0.987,-0.250,1.020,0.24,-1.56,79.25,0.8147,0.8208,0.0000,0.0340,7124,37.125,946.4,798.2,997.8,22.6,1020.4,44.68,22.84,0.86964,18.773,5.40,24.62,14,2
137.208,hall_mission,9x4.5,pi5,-0.653,23.170,-2.018,0.051,0.953,-0.371,1.024,0.68,0.10,80.64,0.6598,0.7167,0.0000,0.1715,6684,28.725,732.3,516.9,646.1,22.6,668.7,28.68,23.32,0.86957,18.782,8.41,24.62,14,2
137.252,hall_mission,9x4.5,pi5,-0.652,23.207,-2.035,0.040,0.908,-0.427,1.004,1.25,1.27,82.79,0.4639,0.4501,0.2124,0.3743,6870,20.523,523.2,248.2,310.2,22.6,332.8,14.01,23.76,0.86954,18.786,17.20,24.62,14,2
137.300,hall_mission,9x4.5,pi5,-0.651,23.254,-2.061,0.024,0.843,-0.357,0.916,1.21,0.79,86.63,0.2259,0.1909,0.6008,0.5062,6954,22.850,582.5,322.2,402.7,22.6,425.3,17.99,23.64,0.86950,18.792,13.39,24.62,14,2
137.352,hall_mission,9x4.5,pi5,-0.651,23.286,-2.076,0.017,0.804,-0.284,0.853,0.66,0.02,88.93,0.0505,0.0236,0.7508,0.7287,7062,31.573,804.9,613.3,766.7,22.6,789.3,34.09,23.15,0.86942,18.803,7.07,24.62,14,2
137.400,hall_mission,9x4.5,pi5,-0.651,23.333,-2.098,0.010,0.749,-0.313,0.811,0.35,0.00,91.15,0.0140,0.0000,0.7355,0.7563,6531,31.487,802.7,624.9,781.1,22.6,803.7,34.74,23.13,0.86935,18.814,6.94,24.62,14,2
137.452,hall_mission,9x4.5,pi5,-0.652,23.359,-2.113,0.006,0.713,-0.358,0.798,0.29,0.38,91.65,0.0000,0.0024,0.7152,0.7203,6285,29.385,749.1,564.1,705.2,22.6,727.8,31.32,23.24,0.86927,18.824,7.69,24.62,14,2
137.500,hall_mission,9x4.5,pi5,-0.653,23.394,-2.135,0.003,0.661,-0.385,0.765,0.20,1.10,91.01,0.0000,0.0146,0.6963,0.6910,6155,27.748,707.4,516.0,645.0,22.6,667.6,28.63,23.32,0.86921,18.833,8.41,24.62,14,2
137.552,hall_mission,9x4.5,pi5,-0.654,23.417,-2.151,0.001,0.621,-0.381,0.729,0.08,1.56,89.73,0.0000,0.0202,0.6789,0.6867,6096,27.027,689.0,495.1,618.9,22.6,641.5,27.47,23.35,0.86914,18.842,8.77,24.62,14,2
137.600,hall_mission,9x4.5,pi5,-0.656,23.450,-2.176,-0.001,0.556,-0.345,0.655,-0.14,2.15,86.61,0.0605,0.0823,0.6204,0.6212,6450,23.923,609.9,391.0,488.7,22.6,511.3,21.74,23.52,0.86909,18.849,11.08,24.62,14,2
137.652,hall_mission,9x4.5,pi5,-0.657,23.468,-2.190,-0.002,0.516,-0.292,0.593,-0.31,2.43,83.84,0.1339,0.1491,0.5680,0.5695,6580,22.017,561.3,322.3,402.9,22.6,425.5,18.00,23.63,0.86905,18.855,13.38,24.62,14,2
137.700,hall_mission,9x4.5,pi5,-0.659,23.492,-2.204,-0.003,0.462,-0.182,0.497,-0.55,2.64,78.89,0.2136,0.2213,0.5213,0.5230,6793,21.239,541.4,280.6,350.8,22.6,373.4,15.75,23.70,0.86901,18.860,15.29,24.62,14,2
137.752,hall_mission,9x4.5,pi5,-0.659,23.507,-2.209,-0.003,0.425,-0.091,0.435,-0.69,2.67,75.21,0.3040,0.3069,0.4703,0.4702,7054,21.309,543.2,259.1,323.9,22.6,346.5,14.60,23.74,0.86898,18.865,16.50,24.61,14,2
137.800,hall_mission,9x4.5,pi5,-0.660,23.528,-2.209,-0.005,0.369,0.047,0.372,-0.87,2.58,69.36,0.3639,0.4274,0.3861,0.4842,7454,23.314,594.3,288.3,360.4,22.6,383.0,16.17,23.69,0.86894,18.870,14.90,24.61,14,2
137.852,hall_mission,9x4.5,pi5,-0.661,23.539,-2.204,-0.006,0.335,0.107,0.352,-1.07,1.93,65.41,0.4635,0.4838,0.3973,0.3840,7696,24.817,632.7,315.8,394.8,22.6,417.4,17.65,23.64,0.86890,18.876,13.64,24.61,14,2
137.900,hall_mission,9x4.5,pi5,-0.661,23.553,-2.193,0.000,0.299,0.162,0.340,-1.55,-0.83,59.71,0.5287,0.5314,0.3630,0.3436,7834,26.240,668.9,353.2,441.6,22.6,464.2,19.68,23.58,0.86886,18.883,12.23,24.61,14,2
137.952,hall_mission,9x4.5,pi5,-0.661,23.562,-2.183,0.013,0.286,0.182,0.339,-1.61,-2.90,56.19,0.5757,0.5708,0.3357,0.3050,7909,27.449,699.7,390.8,488.5,22.6,511.1,21.73,23.52,0.86880,18.890,11.08,24.61,14,2
138.000,hall_mission,9x4.5,pi5,-0.659,23.576,-2.166,0.049,0.286,0.187,0.345,-1.33,-5.61,51.45,0.6004,0.5953,0.3134,0.2852,7935,28.168,718.1,415.6,519.5,22.6,542.1,23.09,23.48,0.86875,18.897,10.43,24.61,14,2
138.052,hall_mission,9x4.5,pi5,-0.656,23.586,-2.156,0.080,0.298,0.180,0.357,-0.95,-7.01,48.73,0.6133,0.6062,0.2987,0.2751,7931,28.471,725.8,427.8,534.8,22.6,557.4,23.76,23.46,0.86870,18.905,10.13,24.61,14,2
138.100,hall_mission,9x4.5,pi5,-0.649,23.601,-2.142,0.128,0.325,0.167,0.388,-0.27,-8.47,45.36,0.6135,0.6065,0.2942,0.2764,7921,28.430,724.8,427.4,534.3,22.6,556.9,23.74,23.46,0.86864,18.913,10.14,24.61,14,2
138.152,hall_mission,9x4.5,pi5,-0.642,23.613,-2.133,0.165,0.350,0.160,0.418,0.19,-9.08,43.61,0.6043,0.5992,0.2987,0.2872,7917,28.179,718.4,418.2,522.8,22.6,545.4,23.23,23.47,0.86859,18.921,10.36,24.61,14,2
138.200,hall_mission,9x4.5,pi5,-0.627,23.636,-2.120,0.224,0.393,0.153,0.478,0.79,-9.56,41.72,0.5901,0.5867,0.3107,0.3036,7923,27.863,710.3,405.2,506.5,22.6,529.1,22.52,23.50,0.86854,18.928,10.69,24.61,14,2
138.252,hall_mission,9x4.5,pi5,-0.616,23.653,-2.112,0.259,0.422,0.152,0.518,1.10,-9.67,40.91,0.5722,0.5682,0.3302,0.3266,7945,27.556,702.5,390.7,488.3,22.6,510.9,21.72,23.52,0.86848,18.935,11.08,24.61,14,2
138.300,hall_mission,9x4.5,pi5,-0.597,23.679,-2.101,0.305,0.462,0.156,0.575,1.43,-9.62,40.28,0.5530,0.5502,0.3525,0.3504,7978,27.371,697.8,379.4,474.2,22.6,496.8,21.11,23.54,0.86844,18.942,11.40,24.61,14,2
138.352,hall_mission,9x4.5,pi5,-0.581,23.699,-2.094,0.335,0.490,0.161,0.615,1.56,-9.49,40.20,0.5310,0.5308,0.3777,0.3780,8019,27.281,695.5,370.6,463.3,22.6,485.9,20.63,23.55,0.86839,18.949,11.66,24.61,14,2
138.400,hall_mission,9x4.5,pi5,-0.554,23.735,-2.081,0.378,0.532,0.170,0.674,1.64,-9.23,40.46,0.5120,0.5135,0.4020,0.4023,8063,27.334,696.8,366.9,458.6,22.6,481.2,20.43,23.56,0.86834,18.955,11.78,24.61,14,2
138.452,hall_mission,9x4.5,pi5,-0.536,23.759,-2.073,0.401,0.556,0.175,0.708,1.64,-9.03,40.83,0.4945,0.4953,0.4261,0.4280,8114,27.511,701.3,367.2,459.0,22.6,481.6,20.44,23.56,0.86829,18.962,11.77,24.61,14,2
138.500,hall_mission,9x4.5,pi5,-0.508,23.794,-2.061,0.431,0.588,0.179,0.751,1.58,-8.71,41.56,0.4795,0.4666,0.4469,0.4607,8150,27.662,705.2,368.4,460.5,22.6,483.1,20.51,23.55,0.86825,18.968,11.73,24.61,14,2
138.552,hall_mission,9x4.5,pi5,-0.488,23.821,-2.053,0.450,0.609,0.178,0.778,1.43,-8.50,42.09,0.4264,0.4291,0.5019,0.5036,8176,27.952,712.6,376.5,470.6,22.6,493.2,20.95,23.54,0.86820,18.976,11.48,24.61,14,2
138.600,hall_mission,9x4.5,pi5,-0.453,23.865,-2.040,0.479,0.639,0.168,0.816,0.93,-8.15,42.79,0.3943,0.3986,0.5357,0.5344,8184,28.302,721.5,389.4,486.8,22.6,509.4,21.66,23.52,0.86815,18.982,11.11,24.61,14,2
138.652,hall_mission,9x4.5,pi5,-0.430,23.894,-2.032,0.497,0.653,0.158,0.836,0.58,-7.92,43.07,0.3792,0.3834,0.5497,0.5496,8179,28.471,725.8,396.8,496.0,22.6,518.6,22.06,23.51,0.86810,18.990,10.90,24.61,14,2
138.700,hall_mission,9x4.5,pi5,-0.397,23.935,-2.022,0.521,0.669,0.143,0.860,0.16,-7.58,43.13,0.3785,0.3846,0.5499,0.5479,8176,28.440,725.0,396.0,495.0,22.6,517.6,22.02,23.51,0.86805,18.997,10.92,24.61,14,2
138.752,hall_mission,9x4.5,pi5,-0.373,23.965,-2.016,0.538,0.676,0.135,0.874,-0.03,-7.36,42.90,0.3901,0.3944,0.5376,0.5388,8176,28.292,721.3,390.1,487.7,22.6,510.3,21.70,23.52,0.86799,19.004,11.08,24.61,14,2
138.800,hall_mission,9x4.5,pi5,-0.334,24.013,-2.007,0.562,0.684,0.123,0.893,-0.18,-7.08,42.22,0.4056,0.4097,0.5229,0.5229,8177,28.125,717.0,383.3,479.1,22.6,501.7,21.32,23.53,0.86795,19.011,11.28,24.61,14,2
138.852,hall_mission,9x4.5,pi5,-0.308,24.042,-2.002,0.576,0.686,0.117,0.903,-0.22,-6.91,41.58,0.4261,0.4284,0.5036,0.5045,8182,27.998,713.8,377.5,471.9,22.6,494.5,21.01,23.54,0.86790,19.018,11.45,24.61,14,2
138.900,hall_mission,9x4.5,pi5,-0.272,24.084,-1.995,0.593,0.686,0.110,0.914,-0.23,-6.70,40.42,0.4426,0.4489,0.4880,0.4856,8191,27.968,713.0,375.1,468.8,22.6,491.4,20.87,23.54,0.86785,19.025,11.52,24.61,14,2
138.952,hall_mission,9x4.5,pi5,-0.246,24.114,-1.990,0.605,0.685,0.107,0.920,-0.18,-6.59,39.57,0.4621,0.4661,0.4687,0.4707,8200,27.995,713.7,374.9,468.6,22.6,491.2,20.87,23.54,0.86780,19.032,11.52,24.61,14,2
139.000,hall_mission,9x4.5,pi5,-0.204,24.160,-1.984,0.620,0.682,0.100,0.927,-0.05,-6.44,38.27,0.4769,0.4803,0.4564,0.4565,8209,28.067,715.5,376.5,470.7,22.6,493.3,20.96,23.54,0.86775,19.038,11.47,24.61,14,2
139.052,hall_mission,9x4.5,pi5,-0.177,24.189,-1.980,0.629,0.680,0.097,0.931,0.06,-6.37,37.43,0.4893,0.4921,0.4445,0.4463,8217,28.154,717.7,379.0,473.7,22.6,496.3,21.09,23.53,0.86770,19.045,11.40,24.61,14,2
139.100,hall_mission,9x4.5,pi5,-0.139,24.229,-1.975,0.640,0.676,0.090,0.935,0.23,-6.28,36.28,0.4969,0.5000,0.4379,0.4387,8222,28.218,719.4,380.9,476.2,22.6,498.8,21.20,23.53,0.86766,19.052,11.34,24.61,14,2
139.152,hall_mission,9x4.5,pi5,-0.111,24.257,-1.971,0.647,0.673,0.085,0.938,0.34,-6.23,35.61,0.5022,0.5044,0.4328,0.4348,8224,28.263,720.5,382.4,478.0,22.6,500.6,21.28,23.53,0.86760,19.059,11.30,24.61,14,2
139.200,hall_mission,9x4.5,pi5,-0.067,24.302,-1.966,0.657,0.669,0.078,0.941,0.48,-6.17,34.76,0.5038,0.5060,0.4319,0.4330,8226,28.285,721.1,383.0,478.8,22.6,501.4,21.31,23.53,0.86756,19.066,11.28,24.61,14,2
139.252,hall_mission,9x4.5,pi5,-0.039,24.329,-1.964,0.662,0.667,0.073,0.943,0.56,-6.14,34.32,0.5035,0.5047,0.4329,0.4343,8228,28.294,721.3,383.1,478.8,22.6,501.4,21.31,23.53,0.86751,19.073,11.27,24.61,14,2
139.300,hall_mission,9x4.5,pi5,-0.000,24.368,-1.960,0.669,0.664,0.067,0.945,0.67,-6.10,33.82,0.5007,0.5026,0.4363,0.4364,8230,28.293,721.3,382.7,478.4,22.6,501.0,21.30,23.53,0.86746,19.080,11.28,24.61,14,2
139.352,hall_mission,9x4.5,pi5,0.028,24.395,-1.957,0.672,0.662,0.063,0.946,0.72,-6.08,33.60,0.4964,0.4986,0.4400,0.4414,8232,28.281,721.0,382.0,477.5,22.6,500.1,21.26,23.53,0.86741,19.087,11.30,24.61,14,2
139.400,hall_mission,9x4.5,pi5,0.072,24.439,-1.953,0.678,0.660,0.056,0.947,0.78,-6.06,33.41,0.4918,0.4938,0.4452,0.4458,8233,28.265,720.5,381.3,476.6,22.6,499.2,21.22,23.53,0.86736,19.094,11.32,24.61,14,2
139.452,hall_mission,9x4.5,pi5,0.100,24.466,-1.951,0.680,0.659,0.052,0.948,0.80,-6.06,33.37,0.4865,0.4882,0.4503,0.4516,8233,28.248,720.1,380.5,475.7,22.6,498.3,21.18,23.53,0.86731,19.101,11.34,24.61,14,2
139.500,hall_mission,9x4.5,pi5,0.140,24.504,-1.948,0.684,0.657,0.047,0.950,0.83,-6.06,33.40,0.4811,0.4839,0.4554,0.4567,8235,28.244,720.0,380.2,475.2,22.6,497.8,21.16,23.53,0.86726,19.108,11.35,24.61,14,2
139.552,hall_mission,9x4.5,pi5,0.168,24.531,-1.947,0.686,0.656,0.043,0.951,0.83,-6.06,33.46,0.4764,0.4785,0.4602,0.4621,8235,28.240,719.9,379.9,474.9,22.6,497.5,21.14,23.53,0.86721,19.115,11.36,24.61,14,2
139.600,hall_mission,9x4.5,pi5,0.213,24.574,-1.944,0.690,0.655,0.038,0.952,0.84,-6.07,33.60,0.4767,0.4917,0.4626,0.4488,8244,28.318,721.9,381.8,477.3,22.6,499.9,21.25,23.53,0.86716,19.121,11.30,24.61,14,2
139.652,hall_mission,9x4.5,pi5,0.241,24.601,-1.943,0.692,0.654,0.033,0.953,0.94,-6.08,33.73,0.5145,0.5185,0.4212,0.4228,8234,28.422,724.6,387.4,484.3,22.6,506.9,21.55,23.52,0.86711,19.129,11.14,24.61,14,2
139.700,hall_mission,9x4.5,pi5,0.281,24.638,-1.942,0.694,0.656,0.022,0.955,1.38,-6.07,34.08,0.5353,0.5339,0.3993,0.4029,8214,28.476,725.9,392.4,490.5,22.6,513.1,21.83,23.51,0.86706,19.136,11.00,24.61,14,2
139.752,hall_mission,9x4.5,pi5,0.309,24.665,-1.942,0.694,0.660,0.013,0.957,1.67,-6.06,34.49,0.5374,0.5361,0.3939,0.3987,8195,28.387,723.7,391.4,489.2,22.6,511.8,21.77,23.51,0.86701,19.143,11.03,24.60,14,2
139.796,hall_mission,9x4.5,pi5,0.353,24.708,-1.941,0.689,0.668,0.006,0.960,2.00,-6.07,35.42,0.5285,0.5288,0.4012,0.4051,8185,28.237,719.8,386.6,483.3,22.6,505.9,21.51,23.52,0.86697,19.149,11.16,24.60,14,2
139.844,hall_mission,9x4.5,pi5,0.381,24.735,-1.941,0.686,0.675,0.003,0.962,2.13,-6.09,36.22,0.5134,0.5139,0.4157,0.4193,8181,28.068,715.5,380.4,475.5,22.6,498.1,21.17,23.53,0.86692,19.156,11.34,24.60,14,2
139.896,hall_mission,9x4.5,pi5,0.420,24.774,-1.941,0.679,0.686,0.002,0.965,2.19,-6.14,37.65,0.4938,0.4944,0.4359,0.4382,8181,27.935,712.1,375.1,468.8,22.6,491.4,20.88,23.54,0.86687,19.163,11.50,24.60,14,2
139.944,hall_mission,9x4.5,pi5,0.447,24.802,-1.941,0.674,0.693,0.002,0.967,2.15,-6.18,38.69,0.4754,0.4761,0.4546,0.4571,8185,27.896,711.2,373.0,466.3,22.6,488.9,20.77,23.54,0.86682,19.169,11.56,24.60,14,2
139.996,hall_mission,9x4.5,pi5,0.490,24.848,-1.941,0.665,0.706,0.002,0.970,2.08,-6.23,40.30,0.4829,0.4928,0.4510,0.4420,8204,28.058,715.3,376.9,471.1,22.6,493.7,20.98,23.53,0.86677,19.177,11.44,24.60,14,2
140.044,hall_mission,9x4.5,pi5,0.516,24.877,-1.942,0.660,0.715,0.002,0.973,2.25,-6.25,41.41,0.5096,0.5151,0.4201,0.4237,8203,28.194,718.8,382.5,478.1,22.6,500.7,21.29,23.52,0.86673,19.183,11.28,24.60,14,2
140.096,hall_mission,9x4.5,pi5,0.553,24.919,-1.942,0.649,0.729,-0.003,0.976,2.60,-6.23,43.24,0.5687,0.4968,0.4292,0.3692,8187,28.389,723.7,392.6,490.7,22.6,513.3,21.84,23.51,0.86667,19.191,10.99,24.60,14,2
140.144,hall_mission,9x4.5,pi5,0.578,24.948,-1.942,0.639,0.740,-0.010,0.978,2.61,-5.60,44.65,0.5684,0.5642,0.3638,0.3633,8172,28.699,731.6,406.9,508.7,22.6,531.3,22.63,23.48,0.86662,19.198,10.61,24.60,14,2
140.196,hall_mission,9x4.5,pi5,0.618,24.997,-1.944,0.612,0.746,-0.029,0.965,2.50,-3.36,47.22,0.5224,0.6333,0.3132,0.3827,8142,28.939,737.7,421.1,526.4,22.6,549.0,23.40,23.46,0.86657,19.206,10.25,24.60,14,2
140.244,hall_mission,9x4.5,pi5,0.642,25.027,-1.946,0.585,0.741,-0.045,0.945,2.75,-2.47,49.22,0.5595,0.5670,0.3414,0.3701,8093,28.217,719.3,398.0,497.5,22.6,520.1,22.13,23.50,0.86652,19.213,10.84,24.60,14,2
140.296,hall_mission,9x4.5,pi5,0.672,25.068,-1.949,0.542,0.733,-0.053,0.913,3.33,-2.76,52.59,0.5353,0.5285,0.3741,0.3935,8069,27.588,703.3,376.2,470.3,22.6,492.9,20.95,23.53,0.86647,19.220,11.45,24.60,14,2
140.336,hall_mission,9x4.5,pi5,0.692,25.097,-1.952,0.512,0.731,-0.050,0.893,3.62,-3.43,55.03,0.5041,0.5010,0.4098,0.4166,8069,27.280,695.4,364.0,455.0,22.6,477.6,20.28,23.55,0.86643,19.225,11.83,24.60,14,2
140.388,hall_mission,9x4.5,pi5,0.711,25.126,-1.954,0.482,0.733,-0.044,0.878,3.71,-4.19,57.56,0.4674,0.4596,0.4517,0.4571,8085,27.213,693.7,359.3,449.1,22.6,471.7,20.02,23.56,0.86638,19.232,11.98,24.60,14,2
140.436,hall_mission,9x4.5,pi5,0.736,25.172,-1.957,0.439,0.744,-0.031,0.864,3.58,-5.29,61.38,0.4328,0.4275,0.4893,0.4913,8103,27.415,698.9,364.9,456.1,22.6,478.7,20.33,23.55,0.86634,19.238,11.80,24.60,14,2
140.488,hall_mission,9x4.5,pi5,0.751,25.202,-1.959,0.415,0.755,-0.024,0.862,3.35,-5.92,63.85,0.4026,0.3966,0.5220,0.5233,8116,27.756,707.6,376.6,470.8,22.6,493.4,20.97,23.53,0.86629,19.245,11.44,24.60,14,2
140.536,hall_mission,9x4.5,pi5,0.769,25.244,-1.960,0.384,0.774,-0.020,0.864,2.86,-6.67,67.29,0.3799,0.3762,0.5452,0.5444,8121,28.064,715.4,388.3,485.4,22.6,508.0,21.61,23.51,0.86624,19.252,11.10,24.60,14,2
140.588,hall_mission,9x4.5,pi5,0.781,25.275,-1.961,0.366,0.789,-0.019,0.870,2.49,-7.04,69.32,0.3672,0.3750,0.5561,0.5471,8120,28.160,717.9,392.3,490.3,22.6,512.9,21.82,23.50,0.86619,19.260,10.99,24.60,14,2
140.636,hall_mission,9x4.5,pi5,0.799,25.326,-1.962,0.340,0.816,-0.019,0.884,2.06,-7.38,71.95,0.3868,0.3864,0.5360,0.5358,8118,27.925,711.9,383.1,478.9,22.6,501.5,21.32,23.52,0.86614,19.266,11.25,24.60,14,2
140.688,hall_mission,9x4.5,pi5,0.809,25.360,-1.963,0.325,0.832,-0.016,0.893,1.90,-7.51,73.43,0.4027,0.4017,0.5205,0.5216,8124,27.782,708.2,376.7,470.9,22.6,493.5,20.98,23.53,0.86609,19.273,11.43,24.60,14,2
140.736,hall_mission,9x4.5,pi5,0.822,25.408,-1.963,0.304,0.855,-0.010,0.907,1.70,-7.63,75.34,0.4118,0.4115,0.5125,0.5144,8137,27.789,708.4,375.2,469.0,22.6,491.6,20.89,23.53,0.86604,19.280,11.48,24.60,14,2
140.788,hall_mission,9x4.5,pi5,0.831,25.443,-1.963,0.290,0.870,-0.005,0.917,1.57,-7.67,76.43,0.4179,0.4184,0.5087,0.5107,8157,27.881,710.8,376.2,470.3,22.6,492.9,20.95,23.53,0.86599,19.287,11.44,24.60,14,2
140.836,hall_mission,9x4.5,pi5,0.844,25.501,-1.963,0.269,0.895,0.003,0.934,1.35,-7.68,77.83,0.4227,0.4216,0.5076,0.5087,8175,27.982,713.3,377.8,472.3,22.6,494.9,21.04,23.52,0.86594,19.294,11.40,24.60,14,2
140.888,hall_mission,9x4.5,pi5,0.852,25.539,-1.962,0.257,0.909,0.007,0.945,1.20,-7.66,78.61,0.4249,0.4261,0.5062,0.5077,8190,28.071,715.6,379.3,474.1,22.6,496.7,21.12,23.52,0.86589,19.301,11.35,24.60,14,2
140.936,hall_mission,9x4.5,pi5,0.862,25.592,-1.960,0.241,0.928,0.010,0.959,0.97,-7.61,79.58,0.4277,0.4294,0.5049,0.5064,8203,28.145,717.5,380.5,475.6,22.6,498.2,21.18,23.52,0.86585,19.307,11.32,24.60,14,2
140.988,hall_mission,9x4.5,pi5,0.869,25.631,-1.959,0.231,0.940,0.012,0.969,0.82,-7.56,80.10,0.4315,0.4330,0.5027,0.5045,8215,28.205,719.0,381.3,476.6,22.6,499.2,21.23,23.52,0.86579,19.315,11.29,24.60,14,2
141.036,hall_mission,9x4.5,pi5,0.880,25.695,-1.957,0.217,0.959,0.012,0.983,0.62,-7.46,80.69,0.4352,0.4367,0.5002,0.5015,8222,28.234,719.8,381.5,476.9,22.6,499.5,21.24,23.52,0.86575,19.321,11.28,24.60,14,2
141.088,hall_mission,9x4.5,pi5,0.887,25.735,-1.955,0.210,0.969,0.012,0.992,0.49,-7.40,80.97,0.4127,0.3129,0.5831,0.5637,8217,29.194,744.2,420.0,525.0,22.6,547.6,23.35,23.45,0.86569,19.329,10.26,24.60,14,2
141.136,hall_mission,9x4.5,pi5,0.896,25.792,-1.954,0.202,0.985,-0.026,1.006,-0.02,-6.59,81.01,0.1209,0.1011,0.8115,0.8154,8132,38.327,977.1,795.5,994.4,22.6,1017.0,44.57,22.82,0.86559,19.343,5.38,24.60,14,2
141.188,hall_mission,9x4.5,pi5,0.903,25.833,-1.957,0.202,0.998,-0.156,1.030,-0.55,-5.10,80.18,0.0021,0.0000,0.8402,0.8516,7213,39.258,1000.8,873.4,1091.8,22.6,1114.4,49.14,22.68,0.86547,19.359,4.88,24.60,14,2
141.236,hall_mission,9x4.5,pi5,0.914,25.900,-1.974,0.208,0.990,-0.414,1.093,-1.21,-2.45,77.07,0.0000,0.0296,0.7584,0.7510,6651,32.221,821.4,644.8,805.9,22.6,828.5,35.91,23.08,0.86539,19.370,6.67,24.60,14,2
141.288,hall_mission,9x4.5,pi5,0.921,25.940,-1.993,0.212,0.960,-0.488,1.098,-1.69,-0.73,73.93,0.0000,0.0539,0.6944,0.7028,6333,28.323,722.0,526.8,658.5,22.6,681.1,29.27,23.27,0.86532,19.380,8.18,24.60,14,2
141.336,hall_mission,9x4.5,pi5,0.932,25.994,-2.023,0.215,0.896,-0.501,1.049,-2.49,1.49,67.92,0.0000,0.0663,0.6710,0.6799,6210,26.814,683.6,482.8,603.5,22.6,626.1,26.82,23.35,0.86526,19.388,8.93,24.60,14,2
141.388,hall_mission,9x4.5,pi5,0.940,26.029,-2.044,0.215,0.840,-0.477,0.990,-3.03,2.62,63.14,0.0000,0.0683,0.6688,0.6727,6183,26.511,675.8,474.2,592.7,22.6,615.3,26.34,23.36,0.86520,19.397,9.09,24.60,14,2
141.436,hall_mission,9x4.5,pi5,0.953,26.080,-2.076,0.211,0.739,-0.423,0.877,-3.83,3.71,54.89,0.0173,0.0783,0.6556,0.6614,6551,26.064,664.5,453.3,566.6,22.6,589.2,25.19,23.40,0.86514,19.405,9.51,24.60,14,2
141.488,hall_mission,9x4.5,pi5,0.961,26.107,-2.094,0.206,0.672,-0.382,0.800,-4.31,4.03,48.71,0.0901,0.1316,0.6001,0.6035,6597,23.407,596.7,365.8,457.2,22.6,479.8,20.38,23.54,0.86510,19.412,11.75,24.60,14,2
141.536,hall_mission,9x4.5,pi5,0.972,26.140,-2.114,0.194,0.581,-0.291,0.678,-4.85,3.94,38.63,0.1667,0.1861,0.5543,0.5567,6737,22.040,561.9,311.6,389.5,22.6,412.1,17.44,23.63,0.86506,19.417,13.73,24.60,14,2
141.588,hall_mission,9x4.5,pi5,0.980,26.159,-2.124,0.183,0.520,-0.208,0.589,-5.05,3.56,31.52,0.2727,0.2779,0.4911,0.4920,6990,21.365,544.7,267.2,334.0,22.6,356.6,15.05,23.70,0.86502,19.422,15.91,24.60,14,2
141.636,hall_mission,9x4.5,pi5,0.992,26.185,-2.132,0.163,0.430,-0.066,0.464,-5.17,2.73,20.52,0.3754,0.3758,0.4267,0.4267,7247,21.921,558.8,260.8,325.9,22.6,348.5,14.70,23.71,0.86499,19.427,16.28,24.60,14,2
141.688,hall_mission,9x4.5,pi5,0.999,26.197,-2.132,0.149,0.377,0.013,0.406,-5.15,2.10,13.17,0.4805,0.4797,0.3560,0.3552,7489,23.688,603.9,298.0,372.4,22.6,395.0,16.70,23.65,0.86495,19.433,14.33,24.60,14,2
141.736,hall_mission,9x4.5,pi5,1.008,26.210,-2.126,0.131,0.307,0.090,0.346,-5.01,1.18,2.48,0.5610,0.5597,0.3007,0.2993,7668,25.959,661.8,362.1,452.7,22.6,475.3,20.19,23.54,0.86490,19.439,11.86,24.60,14,2
141.788,hall_mission,9x4.5,pi5,1.013,26.216,-2.119,0.117,0.258,0.115,0.306,-4.84,0.62,-4.23,0.7380,0.7413,0.1331,0.1333,7758,33.101,843.8,623.1,778.9,22.6,801.5,34.68,23.11,0.86482,19.451,6.90,24.60,14,2
141.836,hall_mission,9x4.5,pi5,1.022,26.223,-2.109,0.095,0.176,-0.001,0.200,-4.47,-0.10,-13.07,0.8278,0.8309,0.0044,0.0000,7101,37.908,966.4,828.2,1035.2,22.6,1057.8,46.49,22.75,0.86472,19.465,5.15,24.60,14,2
141.888,hall_mission,9x4.5,pi5,1.026,26.224,-2.109,0.081,0.124,-0.145,0.207,-4.17,-0.49,-17.72,0.7627,0.7605,0.0112,0.0000,6635,32.642,832.1,660.0,825.1,22.6,847.7,36.78,23.04,0.86463,19.477,6.50,24.60,14,2
141.936,hall_mission,9x4.5,pi5,1.031,26.222,-2.117,0.065,0.064,-0.256,0.272,-3.65,-0.93,-23.03,0.7220,0.7205,0.0138,0.0000,6352,29.690,756.9,571.6,714.5,22.6,737.1,31.78,23.19,0.86456,19.487,7.53,24.60,14,2
141.988,hall_mission,9x4.5,pi5,1.035,26.219,-2.126,0.057,0.030,-0.285,0.292,-3.30,-1.10,-25.58,0.7019,0.6997,0.0114,0.0000,6195,28.229,719.6,529.9,662.4,22.6,685.0,29.45,23.26,0.86449,19.497,8.12,24.60,14,2
142.036,hall_mission,9x4.5,pi5,1.039,26.212,-2.145,0.046,-0.017,-0.288,0.292,-2.80,-1.18,-28.07,0.6947,0.6932,0.0084,0.0000,6134,27.736,707.1,516.3,645.4,22.6,668.0,28.69,23.29,0.86442,19.506,8.34,24.60,14,2
142.088,hall_mission,9x4.5,pi5,1.042,26.206,-2.156,0.041,-0.041,-0.278,0.283,-2.49,-1.12,-28.88,0.6926,0.6913,0.0037,0.0000,6102,27.576,703.0,512.4,640.5,22.6,663.1,28.47,23.29,0.86435,19.515,8.40,24.60,14,2
142.136,hall_mission,9x4.5,pi5,1.045,26.197,-2.172,0.034,-0.069,-0.259,0.270,-2.08,-0.92,-28.83,0.6908,0.6905,0.0000,0.0009,6083,27.475,700.4,509.8,637.3,22.6,659.9,28.33,23.30,0.86429,19.524,8.44,24.60,14,2
142.188,hall_mission,9x4.5,pi5,1.048,26.191,-2.182,0.030,-0.085,-0.244,0.260,-1.82,-0.72,-27.98,0.6872,0.6877,0.0000,0.0034,6069,27.264,695.0,503.7,629.6,22.6,652.2,27.98,23.31,0.86422,19.533,8.55,24.60,14,2
142.236,hall_mission,9x4.5,pi5,1.051,26.179,-2.197,0.023,-0.105,-0.217,0.242,-1.48,-0.38,-25.48,0.6855,0.6850,0.0000,0.0069,6066,27.133,691.7,499.6,624.5,22.6,647.1,27.76,23.31,0.86416,19.542,8.61,24.60,14,2
142.288,hall_mission,9x4.5,pi5,1.053,26.171,-2.206,0.019,-0.114,-0.199,0.231,-1.27,-0.14,-23.03,0.6847,0.6848,0.0000,0.0091,6070,27.107,691.0,498.7,623.3,22.6,645.9,27.71,23.31,0.86410,19.551,8.63,24.60,14,2
142.336,hall_mission,9x4.5,pi5,1.056,26.161,-2.216,0.012,-0.123,-0.174,0.214,-0.97,0.20,-18.17,0.6843,0.6858,0.0000,0.0108,6078,27.134,691.7,499.2,624.0,22.6,646.6,27.74,23.31,0.86403,19.560,8.62,24.60,14,2
142.388,hall_mission,9x4.5,pi5,1.057,26.154,-2.222,0.006,-0.128,-0.157,0.203,-0.78,0.41,-14.16,0.6855,0.6860,0.0000,0.0122,6088,27.188,693.1,500.6,625.7,22.6,648.3,27.81,23.31,0.86397,19.569,8.59,24.60,14,2
142.436,hall_mission,9x4.5,pi5,1.059,26.143,-2.231,-0.004,-0.131,-0.133,0.187,-0.50,0.67,-7.00,0.6867,0.6875,0.0000,0.0115,6096,27.281,695.5,503.2,629.0,22.6,651.6,27.96,23.30,0.86390,19.578,8.55,24.60,14,2
142.488,hall_mission,9x4.5,pi5,1.060,26.136,-2.236,-0.010,-0.132,-0.118,0.177,-0.31,0.80,-1.47,0.6301,0.6305,0.0590,0.0703,6469,24.420,622.5,405.8,507.2,22.6,529.8,22.58,23.47,0.86385,19.586,10.58,24.60,14,2
142.536,hall_mission,9x4.5,pi5,1.060,26.127,-2.241,-0.019,-0.131,-0.063,0.147,-0.05,0.91,7.79,0.5793,0.5800,0.1258,0.1329,6571,22.409,571.3,335.6,419.5,22.6,442.1,18.75,23.58,0.86381,19.592,12.75,24.60,14,2
142.588,hall_mission,9x4.5,pi5,1.060,26.121,-2.241,-0.026,-0.130,0.003,0.133,0.09,0.93,14.47,0.5138,0.5138,0.2269,0.2294,6810,21.091,537.7,274.2,342.8,22.6,365.4,15.43,23.68,0.86377,19.597,15.49,24.60,14,2
142.636,hall_mission,9x4.5,pi5,1.059,26.113,-2.236,-0.034,-0.128,0.133,0.188,0.28,0.87,24.98,0.4441,0.4440,0.3348,0.3355,7080,21.127,538.6,250.2,312.8,22.6,335.4,14.14,23.72,0.86374,19.601,16.90,24.60,14,2
142.688,hall_mission,9x4.5,pi5,1.058,26.107,-2.229,-0.040,-0.126,0.213,0.251,0.37,0.81,32.09,0.3673,0.3667,0.4510,0.4497,7356,22.680,578.2,276.1,345.1,22.6,367.7,15.53,23.68,0.86370,19.607,15.39,24.60,14,2
142.736,hall_mission,9x4.5,pi5,1.056,26.101,-2.212,-0.047,-0.124,0.295,0.323,0.49,0.68,42.53,0.3026,0.3017,0.5460,0.5457,7579,25.210,642.7,344.1,430.1,22.6,452.7,19.21,23.57,0.86366,19.613,12.44,24.59,14,2
142.788,hall_mission,9x4.5,pi5,1.055,26.096,-2.197,-0.052,-0.123,0.320,0.347,0.55,0.59,49.12,0.2408,0.2402,0.6257,0.6271,7715,28.038,714.8,435.3,544.1,22.6,566.7,24.20,23.42,0.86360,19.621,9.87,24.59,14,2
142.836,hall_mission,9x4.5,pi5,1.052,26.090,-2.173,-0.059,-0.121,0.302,0.331,0.60,0.45,58.11,0.1938,0.1925,0.6743,0.6747,7721,29.882,761.8,504.5,630.6,22.6,653.2,28.03,23.30,0.86354,19.630,8.52,24.59,14,2
142.888,hall_mission,9x4.5,pi5,1.050,26.086,-2.159,-0.064,-0.119,0.264,0.296,0.62,0.37,63.37,0.1159,0.2312,0.6889,0.7468,7893,32.595,831.0,589.7,737.1,22.6,759.7,32.81,23.16,0.86346,19.641,7.28,24.59,14,2
142.936,hall_mission,9x4.5,pi5,1.047,26.081,-2.144,-0.068,-0.116,0.169,0.216,0.32,-0.75,69.99,0.1188,0.1791,0.7075,0.7243,7701,31.758,809.6,576.4,720.5,22.6,743.1,32.06,23.18,0.86339,19.651,7.45,24.59,14,2
142.988,hall_mission,9x4.5,pi5,1.045,26.078,-2.137,-0.066,-0.104,0.107,0.163,0.22,-2.57,73.53,0.1477,0.1286,0.7062,0.6872,7483,30.140,768.3,535.1,668.9,22.6,691.5,29.75,23.25,0.86332,19.661,8.03,24.59,14,2
143.036,hall_mission,9x4.5,pi5,1.042,26.075,-2.131,-0.054,-0.056,0.044,0.090,0.11,-5.80,77.59,0.1684,0.1214,0.6727,0.6703,7349,28.576,728.5,488.6,610.8,22.6,633.4,27.15,23.33,0.86326,19.669,8.79,24.59,14,2
143.080,hall_mission,9x4.5,pi5,1.041,26.076,-2.130,-0.044,-0.011,0.031,0.055,0.03,-7.72,79.52,0.1864,0.1392,0.6524,0.6387,7291,27.252,694.7,446.0,557.5,22.6,580.1,24.80,23.40,0.86321,19.676,9.63,24.59,14,2
143.132,hall_mission,9x4.5,pi5,1.040,26.079,-2.129,-0.034,0.043,0.036,0.066,-0.07,-9.26,80.90,0.2147,0.1750,0.6195,0.6077,7292,25.988,662.5,400.9,501.2,22.6,523.8,22.32,23.47,0.86315,19.684,10.70,24.59,14,2
143.180,hall_mission,9x4.5,pi5,1.040,26.088,-2.128,-0.019,0.126,0.067,0.144,-0.25,-10.83,82.04,0.2454,0.2193,0.5894,0.5815,7359,25.281,644.5,369.4,461.8,22.6,484.4,20.59,23.52,0.86311,19.690,11.59,24.59,14,2
143.232,hall_mission,9x4.5,pi5,1.040,26.098,-2.126,-0.009,0.187,0.102,0.213,-0.36,-11.44,82.26,0.2844,0.2695,0.5599,0.5520,7469,24.928,635.5,345.6,432.0,22.6,454.6,19.29,23.56,0.86306,19.697,12.37,24.59,14,2
143.284,hall_mission,9x4.5,pi5,1.042,26.121,-2.118,0.010,0.284,0.164,0.328,-0.46,-11.87,81.96,0.3284,0.3204,0.5326,0.5271,7623,25.118,640.3,335.7,419.6,22.6,442.2,18.76,23.58,0.86302,19.703,12.73,24.59,14,2
143.332,hall_mission,9x4.5,pi5,1.044,26.140,-2.111,0.022,0.344,0.201,0.399,-0.47,-11.91,81.42,0.3683,0.3638,0.5088,0.5051,7760,25.500,650.1,334.1,417.6,22.6,440.2,18.67,23.58,0.86297,19.709,12.78,24.59,14,2
143.380,hall_mission,9x4.5,pi5,1.048,26.170,-2.099,0.039,0.424,0.246,0.492,-0.40,-11.75,80.26,0.4049,0.4036,0.4876,0.4850,7886,26.039,663.8,339.1,423.9,22.6,446.5,18.94,23.57,0.86293,19.715,12.60,24.59,14,2
143.432,hall_mission,9x4.5,pi5,1.051,26.194,-2.088,0.052,0.479,0.270,0.552,-0.31,-11.54,79.35,0.4399,0.4393,0.4663,0.4657,7996,26.630,678.9,348.1,435.1,22.6,457.7,19.43,23.55,0.86289,19.721,12.28,24.59,14,2
143.484,hall_mission,9x4.5,pi5,1.057,26.239,-2.069,0.072,0.562,0.294,0.638,-0.13,-11.12,77.90,0.4689,0.4691,0.4511,0.4496,8095,27.290,695.7,360.9,451.2,22.6,473.8,20.13,23.53,0.86284,19.728,11.85,24.59,14,2
143.532,hall_mission,9x4.5,pi5,1.062,26.269,-2.056,0.084,0.610,0.300,0.685,-0.01,-10.79,76.95,0.4886,0.4899,0.4384,0.4390,8158,27.762,707.7,371.3,464.1,22.6,486.7,20.70,23.52,0.86279,19.735,11.53,24.59,14,2
143.580,hall_mission,9x4.5,pi5,1.070,26.315,-2.038,0.101,0.672,0.299,0.743,0.17,-10.27,75.64,0.5028,0.5044,0.4304,0.4305,8202,28.121,716.9,379.7,474.7,22.6,497.3,21.16,23.50,0.86274,19.741,11.28,24.59,14,2
143.632,hall_mission,9x4.5,pi5,1.076,26.350,-2.026,0.113,0.713,0.292,0.779,0.28,-9.92,74.88,0.5113,0.5143,0.4241,0.4262,8230,28.368,723.2,385.8,482.2,22.6,504.8,21.49,23.49,0.86269,19.749,11.10,24.59,14,2
143.676,hall_mission,9x4.5,pi5,1.087,26.409,-2.007,0.129,0.771,0.277,0.829,0.40,-9.39,73.96,0.5154,0.5178,0.4235,0.4242,8249,28.514,726.9,389.1,486.4,22.6,509.0,21.67,23.49,0.86265,19.755,11.01,24.59,14,2
143.728,hall_mission,9x4.5,pi5,1.094,26.447,-1.996,0.138,0.802,0.265,0.856,0.45,-9.05,73.49,0.5157,0.5181,0.4239,0.4262,8260,28.584,728.7,390.5,488.1,22.6,510.7,21.75,23.48,0.86260,19.762,10.97,24.59,14,2
143.776,hall_mission,9x4.5,pi5,1.104,26.503,-1.981,0.150,0.841,0.247,0.889,0.50,-8.57,73.02,0.5130,0.5156,0.4272,0.4299,8266,28.605,729.2,390.4,488.0,22.6,510.6,21.74,23.48,0.86255,19.769,10.97,24.59,14,2
143.828,hall_mission,9x4.5,pi5,1.112,26.543,-1.972,0.157,0.865,0.234,0.910,0.51,-8.28,72.84,0.5076,0.5106,0.4334,0.4348,8268,28.585,728.7,389.3,486.6,22.6,509.2,21.68,23.48,0.86249,19.777,11.00,24.59,14,2
143.876,hall_mission,9x4.5,pi5,1.126,26.609,-1.958,0.167,0.897,0.213,0.937,0.51,-7.88,72.76,0.5015,0.5044,0.4387,0.4417,8268,28.545,727.7,387.7,484.6,22.6,507.2,21.60,23.49,0.86245,19.783,11.04,24.59,14,2
143.928,hall_mission,9x4.5,pi5,1.135,26.651,-1.951,0.172,0.914,0.201,0.951,0.49,-7.65,72.81,0.4942,0.4972,0.4465,0.4483,8268,28.508,726.8,386.2,482.8,22.6,505.4,21.52,23.49,0.86240,19.791,11.08,24.59,14,2
143.976,hall_mission,9x4.5,pi5,1.147,26.710,-1.941,0.179,0.933,0.184,0.968,0.46,-7.35,73.01,0.4877,0.4905,0.4531,0.4549,8267,28.480,726.0,385.2,481.5,22.6,504.1,21.46,23.49,0.86235,19.797,11.11,24.59,14,2
144.028,hall_mission,9x4.5,pi5,1.157,26.752,-1.934,0.183,0.945,0.173,0.978,0.43,-7.17,73.20,0.4811,0.4836,0.4597,0.4615,8266,28.458,725.5,384.4,480.5,22.6,503.1,21.42,23.49,0.86230,19.805,11.13,24.59,14,2
144.076,hall_mission,9x4.5,pi5,1.172,26.820,-1.925,0.189,0.960,0.156,0.990,0.39,-6.95,73.53,0.4755,0.4782,0.4649,0.4672,8266,28.446,725.2,384.0,480.0,22.6,502.6,21.40,23.49,0.86225,19.811,11.14,24.59,14,2
144.128,hall_mission,9x4.5,pi5,1.182,26.862,-1.920,0.192,0.967,0.146,0.996,0.37,-6.83,73.77,0.4703,0.4734,0.4701,0.4716,8265,28.436,724.9,383.8,479.7,22.6,502.3,21.38,23.49,0.86220,19.819,11.15,24.59,14,2
144.176,hall_mission,9x4.5,pi5,1.196,26.920,-1.914,0.196,0.974,0.133,1.003,0.30,-6.68,74.13,0.4503,0.4396,0.4939,0.5022,8267,28.516,727.0,386.7,483.3,22.6,505.9,21.54,23.49,0.86215,19.825,11.07,24.59,14,2
144.228,hall_mission,9x4.5,pi5,1.206,26.962,-1.909,0.199,0.979,0.120,1.006,0.04,-6.61,74.32,0.3992,0.4040,0.5362,0.5410,8246,28.721,732.2,397.8,497.3,22.6,519.9,22.15,23.47,0.86210,19.833,10.76,24.59,14,2
144.276,hall_mission,9x4.5,pi5,1.223,27.028,-1.904,0.208,0.984,0.093,1.010,-0.51,-6.49,74.33,0.3770,0.3822,0.5568,0.5560,8216,28.785,733.8,404.5,505.6,22.6,528.2,22.52,23.46,0.86205,19.840,10.58,24.59,14,2
144.328,hall_mission,9x4.5,pi5,1.234,27.069,-1.901,0.216,0.986,0.079,1.012,-0.83,-6.42,74.09,0.3728,0.3796,0.5572,0.5553,8190,28.632,729.9,401.9,502.3,22.6,524.9,22.37,23.46,0.86199,19.847,10.65,24.59,14,2
144.376,hall_mission,9x4.5,pi5,1.249,27.126,-1.898,0.230,0.985,0.064,1.013,-1.15,-6.34,73.32,0.3831,0.3897,0.5444,0.5436,8175,28.368,723.2,393.2,491.5,22.6,514.1,21.90,23.47,0.86194,19.854,10.88,24.59,14,2
144.428,hall_mission,9x4.5,pi5,1.259,27.167,-1.896,0.241,0.983,0.057,1.013,-1.26,-6.31,72.56,0.4031,0.4086,0.5237,0.5232,8168,28.076,715.7,382.5,478.1,22.6,500.7,21.32,23.49,0.86189,19.861,11.18,24.59,14,2
144.476,hall_mission,9x4.5,pi5,1.278,27.231,-1.894,0.258,0.978,0.050,1.012,-1.28,-6.30,71.15,0.4245,0.4306,0.5022,0.5020,8170,27.911,711.5,375.6,469.5,22.6,492.1,20.94,23.50,0.86185,19.868,11.38,24.59,14,2
144.528,hall_mission,9x4.5,pi5,1.289,27.270,-1.893,0.269,0.974,0.048,1.012,-1.23,-6.31,70.09,0.4494,0.4538,0.4792,0.4793,8179,27.864,710.3,372.6,465.7,22.6,488.3,20.77,23.51,0.86180,19.875,11.47,24.59,14,2
144.576,hall_mission,9x4.5,pi5,1.307,27.325,-1.891,0.285,0.969,0.047,1.011,-1.07,-6.34,68.42,0.4697,0.4740,0.4602,0.4607,8189,27.923,711.8,373.5,466.8,22.6,489.4,20.82,23.51,0.86175,19.882,11.44,24.59,14,2
144.628,hall_mission,9x4.5,pi5,1.320,27.363,-1.890,0.295,0.965,0.046,1.010,-0.93,-6.36,67.33,0.4888,0.4916,0.4431,0.4442,8201,28.044,714.9,376.8,471.0,22.6,493.6,21.00,23.50,0.86170,19.889,11.34,24.59,14,2
144.676,hall_mission,9x4.5,pi5,1.341,27.425,-1.888,0.311,0.959,0.043,1.009,-0.71,-6.40,65.78,0.5016,0.5041,0.4315,0.4323,8207,28.153,717.7,380.3,475.3,22.6,497.9,21.19,23.49,0.86165,19.895,11.24,24.59,14,2
144.728,hall_mission,9x4.5,pi5,1.355,27.463,-1.887,0.320,0.956,0.040,1.009,-0.55,-6.42,64.86,0.5107,0.5132,0.4232,0.4238,8212,28.244,720.0,383.3,479.1,22.6,501.7,21.36,23.49,0.86160,19.903,11.15,24.58,14,2
144.776,hall_mission,9x4.5,pi5,1.375,27.516,-1.886,0.331,0.952,0.036,1.009,-0.33,-6.44,63.69,0.5153,0.5172,0.4191,0.4200,8215,28.298,721.4,385.1,481.3,22.6,503.9,21.46,23.49,0.86155,19.909,11.10,24.58,14,2
144.828,hall_mission,9x4.5,pi5,1.390,27.553,-1.885,0.339,0.950,0.032,1.009,-0.20,-6.45,63.07,0.5165,0.5179,0.4187,0.4194,8218,28.326,722.1,385.8,482.2,22.6,504.8,21.49,23.48,0.86150,19.917,11.08,24.58,14,2
144.876,hall_mission,9x4.5,pi5,1.414,27.613,-1.884,0.349,0.947,0.028,1.010,-0.02,-6.47,62.37,0.5143,0.5162,0.4213,0.4215,8221,28.327,722.1,385.4,481.8,22.6,504.4,21.48,23.48,0.86145,19.923,11.09,24.58,14,2
144.928,hall_mission,9x4.5,pi5,1.430,27.650,-1.883,0.355,0.945,0.025,1.010,0.08,-6.47,62.05,0.5105,0.5109,0.4254,0.4271,8223,28.303,721.5,384.2,480.2,22.6,502.8,21.41,23.49,0.86140,19.931,11.12,24.58,14,2
144.976,hall_mission,9x4.5,pi5,1.452,27.702,-1.882,0.363,0.944,0.021,1.011,0.19,-6.48,61.79,0.5014,0.4907,0.4348,0.4479,8226,28.238,719.9,381.1,476.4,22.6,499.0,21.24,23.49,0.86135,19.937,11.21,24.58,14,2
146.007,hall_mission,9x4.5,pi5,1.468,27.739,-1.882,0.368,0.943,0.017,1.013,0.14,-6.49,61.71,0.4567,0.4613,0.4768,0.4791,8223,28.158,717.8,378.3,472.9,22.6,495.5,21.09,23.50,0.86035,20.079,11.27,24.58,14,2
146.059,hall_mission,9x4.5,pi5,1.494,27.797,-1.881,0.377,0.942,0.008,1.014,-0.19,-6.48,61.60,0.4275,0.4304,0.5073,0.5061,8214,28.219,719.4,382.0,477.5,22.6,500.1,21.30,23.48,0.86030,20.087,11.16,24.58,14,2
146.111,hall_mission,9x4.5,pi5,1.511,27.834,-1.881,0.385,0.939,0.004,1.015,-0.43,-6.47,61.43,0.4141,0.4188,0.5187,0.5182,8208,28.274,720.8,385.0,481.3,22.6,503.9,21.46,23.48,0.86024,20.094,11.07,24.58,14,2
146.159,hall_mission,9x4.5,pi5,1.535,27.885,-1.881,0.398,0.934,-0.000,1.015,-0.72,-6.46,60.97,0.4134,0.4200,0.5183,0.5174,8205,28.253,720.2,384.5,480.7,22.6,503.3,21.44,23.48,0.86020,20.100,11.09,24.58,14,2
146.211,hall_mission,9x4.5,pi5,1.553,27.921,-1.882,0.408,0.930,-0.001,1.015,-0.83,-6.46,60.51,0.4232,0.4275,0.5097,0.5094,8208,28.205,719.0,382.2,477.7,22.6,500.3,21.31,23.48,0.86014,20.108,11.15,24.58,14,2
146.260,hall_mission,9x4.5,pi5,1.582,27.979,-1.882,0.424,0.922,-0.003,1.015,-0.86,-6.47,59.63,0.4357,0.4392,0.4980,0.4976,8211,28.144,717.5,379.5,474.3,22.6,496.9,21.16,23.49,0.86010,20.114,11.23,24.58,14,2
146.311,hall_mission,9x4.5,pi5,1.601,28.014,-1.883,0.435,0.917,-0.004,1.015,-0.82,-6.49,58.94,0.4508,0.4536,0.4831,0.4838,8213,28.105,716.5,377.5,471.9,22.6,494.5,21.05,23.49,0.86005,20.121,11.29,24.58,14,2
146.359,hall_mission,9x4.5,pi5,1.628,28.064,-1.884,0.449,0.911,-0.005,1.016,-0.68,-6.51,57.84,0.4641,0.4670,0.4701,0.4710,8217,28.106,716.5,377.1,471.4,22.6,494.0,21.03,23.49,0.86000,20.128,11.30,24.58,14,2
146.411,hall_mission,9x4.5,pi5,1.648,28.100,-1.884,0.458,0.907,-0.006,1.016,-0.57,-6.52,57.10,0.4772,0.4794,0.4576,0.4588,8220,28.135,717.2,377.8,472.3,22.6,494.9,21.07,23.49,0.85995,20.135,11.28,24.58,14,2
146.459,hall_mission,9x4.5,pi5,1.680,28.156,-1.886,0.472,0.901,-0.007,1.018,-0.38,-6.54,56.02,0.4865,0.4890,0.4488,0.4492,8222,28.174,718.2,379.1,473.9,22.6,496.5,21.14,23.49,0.85990,20.142,11.24,24.58,14,2
146.505,hall_mission,9x4.5,pi5,1.701,28.192,-1.887,0.480,0.898,-0.008,1.018,-0.25,-6.54,55.37,0.4933,0.4950,0.4421,0.4435,8223,28.207,719.1,380.3,475.3,22.6,497.9,21.20,23.48,0.85986,20.148,11.20,24.58,14,2
146.559,hall_mission,9x4.5,pi5,1.722,28.227,-1.887,0.488,0.896,-0.009,1.020,-0.12,-6.55,54.78,0.4977,0.5003,0.4379,0.4385,8224,28.239,719.9,381.4,476.8,22.6,499.4,21.27,23.48,0.85981,20.156,11.17,24.58,14,2
146.608,hall_mission,9x4.5,pi5,1.751,28.277,-1.889,0.496,0.893,-0.010,1.022,0.05,-6.55,54.04,0.5005,0.5015,0.4357,0.4370,8226,28.259,720.4,382.0,477.5,22.6,500.1,21.30,23.48,0.85976,20.162,11.15,24.58,14,2
146.661,hall_mission,9x4.5,pi5,1.773,28.312,-1.889,0.502,0.891,-0.010,1.023,0.15,-6.55,53.65,0.5002,0.5015,0.4362,0.4373,8228,28.272,720.7,382.2,477.8,22.6,500.4,21.31,23.48,0.85970,20.170,11.14,24.58,14,2
146.709,hall_mission,9x4.5,pi5,1.807,28.369,-1.891,0.510,0.889,-0.011,1.025,0.28,-6.54,53.22,0.4982,0.4997,0.4381,0.4398,8230,28.275,720.8,382.1,477.6,22.6,500.2,21.30,23.48,0.85966,20.177,11.15,24.58,14,2
146.761,hall_mission,9x4.5,pi5,1.828,28.404,-1.891,0.514,0.888,-0.012,1.026,0.34,-6.54,53.04,0.4947,0.4966,0.4423,0.4427,8232,28.271,720.7,381.7,477.1,22.6,499.7,21.28,23.48,0.85961,20.184,11.16,24.58,14,2
146.809,hall_mission,9x4.5,pi5,1.858,28.454,-1.892,0.519,0.888,-0.013,1.028,0.42,-6.53,52.89,0.4912,0.4921,0.4457,0.4476,8233,28.261,720.5,381.1,476.4,22.6,499.0,21.25,23.48,0.85956,20.190,11.17,24.58,14,2
146.861,hall_mission,9x4.5,pi5,1.880,28.489,-1.893,0.523,0.887,-0.014,1.030,0.46,-6.53,52.87,0.4862,0.4878,0.4511,0.4519,8234,28.252,720.2,380.6,475.7,22.6,498.3,21.22,23.48,0.85951,20.198,11.19,24.58,14,2
146.909,hall_mission,9x4.5,pi5,1.915,28.545,-1.894,0.527,0.887,-0.015,1.032,0.50,-6.53,52.93,0.4817,0.4835,0.4554,0.4566,8235,28.245,720.1,380.2,475.3,22.6,497.9,21.20,23.48,0.85946,20.204,11.20,24.58,14,2
146.961,hall_mission,9x4.5,pi5,1.937,28.580,-1.895,0.529,0.886,-0.016,1.033,0.51,-6.53,53.01,0.4769,0.4793,0.4599,0.4613,8235,28.241,720.0,380.0,474.9,22.6,497.5,21.19,23.48,0.85941,20.211,11.20,24.58,14,2
147.009,hall_mission,9x4.5,pi5,1.967,28.629,-1.897,0.532,0.886,-0.017,1.034,0.53,-6.53,53.19,0.4731,0.4755,0.4636,0.4652,8236,28.238,719.9,379.8,474.7,22.6,497.3,21.18,23.48,0.85936,20.218,11.21,24.58,14,2
147.061,hall_mission,9x4.5,pi5,1.988,28.664,-1.898,0.533,0.886,-0.017,1.034,0.53,-6.53,53.32,0.4696,0.4721,0.4671,0.4686,8236,28.238,719.9,379.7,474.7,22.6,497.3,21.18,23.48,0.85931,20.225,11.21,24.58,14,2
147.109,hall_mission,9x4.5,pi5,2.022,28.720,-1.900,0.535,0.886,-0.018,1.035,0.52,-6.54,53.53,0.4672,0.4693,0.4697,0.4714,8237,28.245,720.0,379.9,474.9,22.6,497.5,21.19,23.48,0.85926,20.232,11.20,24.58,14,2
147.161,hall_mission,9x4.5,pi5,2.044,28.755,-1.901,0.536,0.886,-0.018,1.036,0.52,-6.54,53.67,0.4817,0.3823,0.5336,0.4794,8234,28.488,726.2,389.9,487.3,22.6,509.9,21.73,23.46,0.85921,20.239,10.92,24.58,14,2
147.209,hall_mission,9x4.5,pi5,2.074,28.803,-1.903,0.537,0.886,-0.031,1.037,0.43,-5.66,53.79,0.3120,0.3158,0.6262,0.6135,8200,30.039,765.8,457.1,571.3,22.6,593.9,25.43,23.35,0.85915,20.247,9.33,24.58,14,2
147.261,hall_mission,9x4.5,pi5,2.095,28.838,-1.905,0.535,0.881,-0.063,1.032,0.17,-4.09,53.55,0.2155,0.2272,0.6916,0.6980,8072,32.030,816.5,551.4,689.3,22.6,711.9,30.69,23.19,0.85908,20.257,7.73,24.58,14,2
147.309,hall_mission,9x4.5,pi5,2.129,28.893,-1.912,0.520,0.851,-0.149,1.008,-0.17,-1.47,52.23,0.1743,0.2001,0.6961,0.7068,7873,31.596,805.5,555.0,693.7,22.6,716.3,30.89,23.19,0.85901,20.267,7.68,24.58,14,2
147.361,hall_mission,9x4.5,pi5,2.149,28.926,-1.920,0.504,0.818,-0.196,0.981,-0.39,0.13,50.61,0.1774,0.2073,0.6629,0.6721,7664,29.401,749.5,491.6,614.5,22.6,637.1,27.35,23.29,0.85895,20.276,8.67,24.58,14,2
147.409,hall_mission,9x4.5,pi5,2.176,28.970,-1.933,0.472,0.759,-0.230,0.923,-0.76,2.06,47.15,0.2092,0.2357,0.6190,0.6276,7562,27.328,696.7,424.3,530.4,22.6,553.0,23.63,23.40,0.85889,20.284,10.04,24.58,14,2
147.461,hall_mission,9x4.5,pi5,2.193,28.998,-1.943,0.444,0.711,-0.226,0.868,-1.01,3.00,44.25,0.2667,0.2851,0.5637,0.5710,7544,25.552,651.4,360.6,450.7,22.6,473.3,20.13,23.51,0.85885,20.290,11.78,24.58,14,2
147.501,hall_mission,9x4.5,pi5,2.210,29.024,-1.953,0.415,0.661,-0.203,0.806,-1.28,3.68,41.00,0.3160,0.3292,0.5237,0.5292,7586,24.867,633.9,330.6,413.2,22.6,435.8,18.50,23.56,0.85881,20.295,12.82,24.58,14,2
147.553,hall_mission,9x4.5,pi5,2.233,29.060,-1.966,0.364,0.580,-0.142,0.699,-1.68,4.27,35.67,0.3497,0.4383,0.4223,0.5411,7779,25.598,652.6,335.7,419.7,22.6,442.3,18.78,23.55,0.85877,20.302,12.63,24.58,14,2
147.601,hall_mission,9x4.5,pi5,2.246,29.080,-1.972,0.332,0.529,-0.107,0.634,-2.03,3.83,31.99,0.4384,0.4649,0.4466,0.4286,7877,25.847,658.9,332.8,416.1,22.6,438.7,18.62,23.55,0.85872,20.307,12.73,24.58,14,2
147.653,hall_mission,9x4.5,pi5,2.262,29.103,-1.977,0.300,0.465,-0.066,0.557,-2.66,1.13,26.60,0.5033,0.5057,0.4016,0.3893,7955,26.603,678.2,352.3,440.4,22.6,463.0,19.68,23.52,0.85868,20.314,12.05,24.58,14,2
147.701,hall_mission,9x4.5,pi5,2.272,29.117,-1.979,0.291,0.425,-0.046,0.518,-2.79,-0.99,23.19,0.5403,0.5367,0.3806,0.3548,8000,27.290,695.7,373.3,466.6,22.6,489.2,20.83,23.49,0.85863,20.321,11.38,24.58,14,2
147.753,hall_mission,9x4.5,pi5,2.288,29.137,-1.981,0.302,0.374,-0.029,0.481,-2.58,-3.86,18.46,0.5663,0.5606,0.3571,0.3341,8020,27.823,709.3,391.7,489.6,22.6,512.2,21.84,23.46,0.85858,20.328,10.86,24.57,14,2
147.801,hall_mission,9x4.5,pi5,2.299,29.147,-1.981,0.321,0.348,-0.024,0.474,-2.19,-5.52,15.35,0.5763,0.5705,0.3459,0.3261,8023,28.035,714.7,399.7,499.6,22.6,522.2,22.27,23.44,0.85853,20.335,10.64,24.57,14,2
147.853,hall_mission,9x4.5,pi5,2.317,29.160,-1.981,0.360,0.319,-0.020,0.482,-1.55,-7.06,11.89,0.5802,0.5752,0.3392,0.3241,8023,28.125,717.0,403.2,504.0,22.6,526.6,22.47,23.44,0.85847,20.343,10.55,24.57,14,2
147.901,hall_mission,9x4.5,pi5,2.331,29.169,-1.980,0.394,0.303,-0.017,0.497,-1.05,-7.82,9.77,0.5808,0.5747,0.3375,0.3263,8025,28.137,717.3,403.4,504.2,22.6,526.8,22.48,23.44,0.85842,20.350,10.54,24.57,14,2
147.953,hall_mission,9x4.5,pi5,2.357,29.183,-1.979,0.453,0.283,-0.011,0.534,-0.33,-8.51,7.17,0.5760,0.5716,0.3413,0.3326,8033,28.092,716.1,400.7,500.9,22.6,523.5,22.33,23.44,0.85837,20.357,10.61,24.57,14,2
148.001,hall_mission,9x4.5,pi5,2.376,29.191,-1.978,0.491,0.273,-0.008,0.562,0.10,-8.75,5.82,0.5686,0.5646,0.3476,0.3433,8042,27.997,713.7,395.8,494.7,22.6,517.3,22.06,23.45,0.85832,20.364,10.74,24.57,14,2
148.053,hall_mission,9x4.5,pi5,2.407,29.203,-1.977,0.544,0.265,-0.001,0.605,0.64,-8.86,4.32,0.5648,0.4799,0.4130,0.3589,8015,27.261,695.0,370.6,463.2,22.6,485.8,20.68,23.49,0.85827,20.371,11.46,24.57,14,2
148.101,hall_mission,9x4.5,pi5,2.431,29.211,-1.975,0.580,0.260,0.005,0.635,0.81,-8.40,3.62,0.4030,0.4146,0.5068,0.5012,8048,27.163,692.5,362.2,452.8,22.6,475.4,20.23,23.50,0.85823,20.378,11.72,24.57,14,2
148.153,hall_mission,9x4.5,pi5,2.473,29.225,-1.972,0.622,0.252,0.006,0.671,0.69,-6.02,2.59,0.3168,0.3200,0.5932,0.5974,8054,28.683,731.2,421.3,526.7,22.6,549.3,23.47,23.41,0.85817,20.385,10.10,24.57,14,2
148.201,hall_mission,9x4.5,pi5,2.501,29.233,-1.971,0.633,0.245,-0.008,0.679,0.62,-4.16,1.61,0.2730,0.2920,0.6219,0.6272,8007,29.250,745.7,449.4,561.7,22.6,584.3,25.01,23.36,0.85812,20.393,9.47,24.57,14,2
148.253,hall_mission,9x4.5,pi5,2.541,29.245,-1.971,0.628,0.234,-0.033,0.671,0.51,-1.58,-0.53,0.5094,0.5422,0.3735,0.3741,7952,26.842,684.3,362.0,452.5,22.6,475.1,20.22,23.50,0.85807,20.400,11.72,24.57,14,2
148.301,hall_mission,9x4.5,pi5,2.568,29.252,-1.972,0.611,0.226,-0.048,0.653,0.68,-0.17,-2.12,0.8441,0.8512,0.0289,0.0479,7854,40.003,1019.8,880.3,1100.4,22.6,1123.0,49.65,22.62,0.85796,20.415,4.77,24.57,14,2
148.349,hall_mission,9x4.5,pi5,2.610,29.265,-1.978,0.565,0.222,-0.237,0.652,1.28,1.46,-3.19,0.8045,0.7985,0.0000,0.0368,7017,35.853,914.0,756.7,945.9,22.6,968.5,42.41,22.84,0.85786,20.428,5.58,24.57,14,2
148.401,hall_mission,9x4.5,pi5,2.634,29.273,-1.990,0.526,0.226,-0.358,0.675,1.69,2.36,-2.73,0.7280,0.7269,0.0000,0.0512,6532,30.350,773.7,585.7,732.1,22.6,754.7,32.63,23.13,0.85778,20.439,7.26,24.57,14,2
148.453,hall_mission,9x4.5,pi5,2.664,29.285,-2.014,0.466,0.233,-0.428,0.675,2.19,3.49,-0.55,0.6974,0.7016,0.0000,0.0515,6330,28.365,723.1,528.4,660.5,22.6,683.1,29.41,23.22,0.85771,20.449,8.05,24.57,14,2
148.501,hall_mission,9x4.5,pi5,2.683,29.295,-2.032,0.421,0.239,-0.433,0.650,2.42,4.06,1.77,0.6885,0.6896,0.0000,0.0477,6241,27.615,704.0,507.8,634.8,22.6,657.4,28.26,23.26,0.85765,20.458,8.38,24.57,14,2
148.553,hall_mission,9x4.5,pi5,2.707,29.310,-2.063,0.345,0.246,-0.409,0.589,2.64,4.60,6.47,0.6864,0.6877,0.0000,0.0396,6197,27.428,699.2,503.7,629.7,22.6,652.3,28.04,23.26,0.85758,20.467,8.44,24.57,14,2
148.601,hall_mission,9x4.5,pi5,2.719,29.320,-2.081,0.296,0.248,-0.388,0.548,2.73,4.76,10.37,0.6877,0.6888,0.0000,0.0317,6177,27.465,700.2,505.8,632.3,22.6,654.9,28.15,23.26,0.85752,20.476,8.41,24.57,14,2
148.653,hall_mission,9x4.5,pi5,2.731,29.335,-2.104,0.228,0.248,-0.359,0.492,2.81,4.71,17.39,0.6912,0.6915,0.0000,0.0207,6160,27.619,704.1,511.6,639.5,22.6,662.1,28.48,23.25,0.85745,20.485,8.31,24.57,14,2
148.701,hall_mission,9x4.5,pi5,2.737,29.345,-2.119,0.181,0.245,-0.340,0.456,2.84,4.51,22.82,0.6369,0.6366,0.0577,0.0692,6507,24.816,632.6,416.4,520.5,22.6,543.1,23.20,23.41,0.85740,20.492,10.20,24.57,14,2
148.753,hall_mission,9x4.5,pi5,2.742,29.362,-2.140,0.114,0.234,-0.275,0.379,2.84,4.00,31.98,0.5829,0.5835,0.1302,0.1310,6606,22.647,577.3,340.9,426.2,22.6,448.8,19.07,23.53,0.85735,20.499,12.41,24.57,14,2
148.801,hall_mission,9x4.5,pi5,2.742,29.371,-2.150,0.079,0.224,-0.204,0.313,2.80,3.57,38.62,0.5485,0.5489,0.1935,0.1890,6795,22.017,561.3,306.3,382.9,22.6,405.5,17.19,23.59,0.85732,20.504,13.77,24.57,14,2
148.849,hall_mission,9x4.5,pi5,2.740,29.384,-2.158,0.038,0.208,-0.088,0.229,2.71,2.85,49.16,0.5261,0.5252,0.2496,0.2438,7030,22.278,567.9,294.8,368.5,22.6,391.1,16.57,23.61,0.85728,20.510,14.28,24.57,14,2
148.901,hall_mission,9x4.5,pi5,2.737,29.392,-2.159,0.012,0.196,-0.007,0.196,2.64,2.37,56.48,0.5090,0.5083,0.2995,0.2943,7271,22.987,586.0,296.2,370.2,22.6,392.8,16.64,23.60,0.85724,20.515,14.22,24.57,14,2
148.949,hall_mission,9x4.5,pi5,2.731,29.404,-2.154,-0.022,0.176,0.103,0.205,2.53,1.70,67.77,0.5010,0.4995,0.3377,0.3339,7491,23.956,610.7,307.5,384.4,22.6,407.0,17.26,23.59,0.85720,20.521,13.71,24.57,14,2
149.001,hall_mission,9x4.5,pi5,2.726,29.411,-2.146,-0.041,0.163,0.157,0.230,2.44,1.29,75.44,0.4968,0.4963,0.3707,0.3685,7710,25.098,639.8,324.8,406.1,22.6,428.7,18.20,23.56,0.85716,20.527,13.00,24.57,14,2
149.053,hall_mission,9x4.5,pi5,2.718,29.419,-2.133,-0.064,0.146,0.210,0.263,2.28,0.73,87.07,0.3913,0.4520,0.4437,0.5449,8071,27.386,698.1,368.2,460.2,22.6,482.8,20.56,23.49,0.85711,20.534,11.51,24.57,14,2
149.101,hall_mission,9x4.5,pi5,2.712,29.424,-2.121,-0.079,0.134,0.211,0.262,1.97,-0.16,94.74,0.1351,0.0793,0.8130,0.8041,8069,37.899,966.2,782.9,978.7,22.6,1001.3,43.95,22.78,0.85701,20.547,5.38,24.57,14,2
149.153,hall_mission,9x4.5,pi5,2.701,29.431,-2.108,-0.099,0.138,0.037,0.174,0.31,-3.02,105.03,0.1149,0.0000,0.8248,0.6999,7016,33.604,856.7,676.6,845.8,22.6,868.4,37.81,22.97,0.85692,20.560,6.26,24.57,14,2
149.201,hall_mission,9x4.5,pi5,2.694,29.437,-2.106,-0.105,0.163,-0.081,0.210,-0.88,-4.38,110.75,0.0939,0.0000,0.7239,0.7315,6689,30.691,782.4,588.2,735.3,22.6,757.9,32.78,23.12,0.85685,20.570,7.21,24.57,14,2
149.253,hall_mission,9x4.5,pi5,2.685,29.446,-2.111,-0.109,0.202,-0.158,0.278,-1.86,-4.52,117.79,0.0463,0.0000,0.7212,0.7333,6513,30.304,772.5,585.1,731.4,22.6,754.0,32.61,23.12,0.85677,20.581,7.25,24.57,14,2
149.301,hall_mission,9x4.5,pi5,2.678,29.454,-2.118,-0.110,0.227,-0.190,0.316,-2.29,-3.88,121.49,0.0110,0.0000,0.7357,0.7157,6374,30.000,764.8,581.2,726.4,22.6,749.0,32.39,23.13,0.85669,20.591,7.30,24.57,14,2
149.353,hall_mission,9x4.5,pi5,2.668,29.470,-2.132,-0.102,0.259,-0.228,0.360,-2.80,-2.55,125.57,0.0000,0.0304,0.7019,0.6912,6233,28.032,714.6,522.0,652.5,22.6,675.1,29.06,23.23,0.85662,20.600,8.13,24.57,14,2
149.401,hall_mission,9x4.5,pi5,2.663,29.482,-2.143,-0.092,0.272,-0.235,0.370,-3.00,-1.58,127.37,0.0000,0.0453,0.6756,0.6859,6172,27.035,689.2,492.0,615.0,22.6,637.6,27.39,23.28,0.85656,20.609,8.63,24.57,14,2
149.453,hall_mission,9x4.5,pi5,2.656,29.499,-2.157,-0.072,0.280,-0.215,0.360,-3.04,-0.25,128.83,0.1389,0.2843,0.4828,0.5270,6625,20.407,520.2,264.7,330.9,22.6,353.5,14.95,23.65,0.85653,20.614,15.81,24.57,14,2
149.501,hall_mission,9x4.5,pi5,2.653,29.511,-2.166,-0.056,0.279,-0.157,0.325,-2.89,0.07,129.25,0.3766,0.4041,0.3502,0.3572,6825,19.431,495.4,217.4,271.8,22.6,294.4,12.41,23.73,0.85650,20.618,19.05,24.57,14,2
149.553,hall_mission,9x4.5,pi5,2.649,29.531,-2.173,-0.040,0.276,0.001,0.279,-1.88,-1.38,129.83,0.4557,0.3577,0.3820,0.3597,7068,20.934,533.7,244.9,306.2,22.6,328.8,13.88,23.68,0.85647,20.623,17.02,24.57,14,2
149.601,hall_mission,9x4.5,pi5,2.648,29.544,-2.171,-0.039,0.278,0.093,0.295,-1.36,-2.43,130.30,0.2049,0.1670,0.6329,0.6235,7333,26.681,680.2,422.1,527.6,22.6,550.2,23.52,23.39,0.85641,20.630,10.05,24.57,14,2
149.649,hall_mission,9x4.5,pi5,2.646,29.561,-2.164,-0.043,0.286,0.122,0.314,-1.16,-2.57,130.37,0.0279,0.0000,0.8031,0.7948,6966,35.604,907.6,750.2,937.7,22.6,960.3,42.05,22.84,0.85632,20.643,5.62,24.57,14,2
149.701,hall_mission,9x4.5,pi5,2.645,29.574,-2.160,-0.047,0.296,0.031,0.301,-1.11,-2.20,129.48,0.0182,0.0000,0.7645,0.7583,6658,32.661,832.6,659.7,824.7,22.6,847.3,36.85,22.99,0.85623,20.655,6.41,24.57,14,2
149.753,hall_mission,9x4.5,pi5,2.642,29.596,-2.162,-0.048,0.305,-0.094,0.322,-1.07,-1.47,126.62,0.0039,0.0000,0.7276,0.7314,6376,30.239,770.9,588.9,736.1,22.6,758.7,32.83,23.11,0.85615,20.666,7.20,24.56,14,2
149.801,hall_mission,9x4.5,pi5,2.641,29.610,-2.166,-0.045,0.304,-0.136,0.336,-1.08,-0.95,123.78,0.0000,0.0077,0.7055,0.7088,6227,28.655,730.5,542.5,678.1,22.6,700.7,30.22,23.19,0.85609,20.675,7.82,24.56,14,2
149.853,hall_mission,9x4.5,pi5,2.639,29.629,-2.175,-0.036,0.298,-0.160,0.340,-1.17,-0.22,118.23,0.0000,0.0157,0.6915,0.6925,6146,27.635,704.5,512.6,640.8,22.6,663.4,28.55,23.24,0.85602,20.685,8.27,24.56,14,2
149.901,hall_mission,9x4.5,pi5,2.639,29.642,-2.183,-0.027,0.290,-0.158,0.332,-1.27,0.18,113.74,0.0758,0.0933,0.6106,0.6139,6483,23.588,601.3,378.6,473.3,22.6,495.9,21.14,23.46,0.85597,20.692,11.17,24.56,14,2
149.953,hall_mission,9x4.5,pi5,2.639,29.663,-2.194,-0.011,0.273,-0.094,0.289,-1.42,0.60,106.02,0.1901,0.2012,0.5202,0.5223,6628,20.608,525.4,273.2,341.5,22.6,364.1,15.41,23.63,0.85593,20.697,15.33,24.56,14,2
150.001,hall_mission,9x4.5,pi5,2.640,29.674,-2.197,-0.002,0.260,-0.011,0.260,-1.49,0.75,100.44,0.3047,0.3095,0.4450,0.4471,6891,20.190,514.7,236.7,295.8,22.6,318.4,13.44,23.69,0.85590,20.701,17.57,24.56,14,2
150.053,hall_mission,9x4.5,pi5,2.642,29.689,-2.195,0.010,0.240,0.122,0.270,-1.54,0.82,91.81,0.4210,0.4215,0.3724,0.3744,7192,21.581,550.2,254.6,318.3,22.6,340.9,14.40,23.66,0.85587,20.706,16.39,24.56,14,2
150.101,hall_mission,9x4.5,pi5,2.644,29.699,-2.188,0.019,0.225,0.203,0.304,-1.55,0.81,86.10,0.5139,0.5135,0.3161,0.3178,7453,23.970,611.1,312.3,390.4,22.6,413.0,17.52,23.57,0.85583,20.712,13.47,24.56,14,2
150.153,hall_mission,9x4.5,pi5,2.648,29.713,-2.171,0.032,0.200,0.277,0.343,-1.55,0.73,77.97,0.5731,0.6306,0.2167,0.3386,7806,27.867,710.4,417.4,521.8,22.6,544.4,23.27,23.40,0.85577,20.719,10.15,24.56,14,2
150.201,hall_mission,9x4.5,pi5,2.651,29.720,-2.158,0.040,0.184,0.276,0.334,-1.48,0.16,73.02,0.6325,0.6573,0.2290,0.2469,7831,29.161,743.4,465.8,582.3,22.6,604.9,25.94,23.32,0.85572,20.728,9.10,24.56,14,2
150.253,hall_mission,9x4.5,pi5,2.656,29.730,-2.141,0.055,0.173,0.242,0.303,-1.58,-2.28,66.56,0.6682,0.6672,0.2228,0.1942,7783,29.836,760.6,496.4,620.5,22.6,643.1,27.64,23.26,0.85565,20.737,8.54,24.56,14,2
150.301,hall_mission,9x4.5,pi5,2.660,29.736,-2.130,0.072,0.179,0.210,0.285,-1.57,-4.20,62.96,0.6778,0.6633,0.2143,0.1746,7702,29.671,756.4,498.1,622.6,22.6,645.2,27.74,23.26,0.85559,20.745,8.51,24.56,14,2
150.349,hall_mission,9x4.5,pi5,2.669,29.747,-2.117,0.112,0.208,0.163,0.288,-1.30,-6.74,58.62,0.6626,0.6597,0.2129,0.1734,7624,29.004,739.4,480.5,600.6,22.6,623.2,26.76,23.29,0.85553,20.754,8.82,24.56,14,2
150.401,hall_mission,9x4.5,pi5,2.676,29.755,-2.110,0.143,0.237,0.145,0.312,-1.00,-8.02,56.41,0.6452,0.6386,0.2208,0.1892,7570,28.045,715.0,450.0,562.5,22.6,585.1,25.07,23.34,0.85547,20.762,9.41,24.56,14,2
150.453,hall_mission,9x4.5,pi5,2.687,29.769,-2.102,0.189,0.284,0.135,0.366,-0.49,-9.29,54.07,0.6218,0.6135,0.2385,0.2185,7565,27.143,692.0,417.2,521.5,22.6,544.1,23.26,23.40,0.85541,20.770,10.15,24.56,14,2
150.501,hall_mission,9x4.5,pi5,2.698,29.781,-2.097,0.221,0.320,0.140,0.413,-0.15,-9.78,53.11,0.5950,0.5911,0.2634,0.2520,7598,26.495,675.4,389.8,487.2,22.6,509.8,21.75,23.44,0.85536,20.777,10.85,24.56,14,2
150.553,hall_mission,9x4.5,pi5,2.717,29.804,-2.087,0.269,0.378,0.163,0.492,0.26,-10.10,52.43,0.5691,0.5638,0.2979,0.2922,7676,26.139,666.4,368.0,460.0,22.6,482.6,20.56,23.48,0.85531,20.784,11.48,24.56,14,2
150.601,hall_mission,9x4.5,pi5,2.731,29.821,-2.081,0.297,0.414,0.183,0.541,0.45,-10.12,52.42,0.5433,0.5411,0.3327,0.3299,7763,26.063,664.4,355.0,443.8,22.6,466.4,19.85,23.50,0.85527,20.790,11.88,24.56,14,2
150.653,hall_mission,9x4.5,pi5,2.752,29.848,-2.070,0.332,0.463,0.213,0.608,0.61,-9.99,52.90,0.5173,0.5165,0.3693,0.3700,7858,26.177,667.3,348.0,435.0,22.6,457.6,19.47,23.51,0.85522,20.797,12.12,24.56,14,2
150.701,hall_mission,9x4.5,pi5,2.768,29.869,-2.062,0.354,0.496,0.232,0.652,0.64,-9.83,53.48,0.4958,0.4961,0.4031,0.4035,7950,26.496,675.5,348.8,436.0,22.6,458.6,19.51,23.51,0.85518,20.803,12.09,24.56,14,2
150.753,hall_mission,9x4.5,pi5,2.796,29.906,-2.046,0.386,0.547,0.255,0.717,0.60,-9.53,54.59,0.4756,0.4707,0.4367,0.4415,8044,26.962,687.3,354.8,443.5,22.6,466.1,19.84,23.50,0.85513,20.809,11.89,24.56,14,2
150.801,hall_mission,9x4.5,pi5,2.814,29.931,-2.036,0.404,0.577,0.263,0.752,0.51,-9.31,55.40,0.4482,0.4492,0.4718,0.4729,8108,27.379,698.0,362.8,453.5,22.6,476.1,20.27,23.48,0.85509,20.816,11.63,24.56,14,2
150.853,hall_mission,9x4.5,pi5,2.840,29.968,-2.021,0.426,0.616,0.265,0.795,0.27,-8.95,56.60,0.4280,0.4295,0.4975,0.4997,8153,27.781,708.2,372.7,465.9,22.6,488.5,20.82,23.47,0.85504,20.823,11.33,24.56,14,2
150.901,hall_mission,9x4.5,pi5,2.859,29.995,-2.011,0.441,0.642,0.262,0.821,0.10,-8.71,57.31,0.4173,0.4194,0.5124,0.5141,8184,28.081,715.9,380.5,475.7,22.6,498.3,21.25,23.45,0.85499,20.830,11.10,24.56,14,2
150.953,hall_mission,9x4.5,pi5,2.890,30.042,-1.995,0.462,0.678,0.250,0.858,-0.12,-8.35,58.16,0.4129,0.4157,0.5205,0.5206,8208,28.290,721.2,385.8,482.2,22.6,504.8,21.53,23.44,0.85494,20.837,10.95,24.56,14,2
151.001,hall_mission,9x4.5,pi5,2.911,30.072,-1.986,0.475,0.697,0.241,0.877,-0.23,-8.12,58.57,0.4136,0.4171,0.5202,0.5217,8219,28.363,723.0,387.2,484.0,22.6,506.6,21.61,23.44,0.85489,20.844,10.91,24.56,14,2
151.049,hall_mission,9x4.5,pi5,2.940,30.114,-1.974,0.490,0.721,0.227,0.901,-0.34,-7.80,58.92,0.4192,0.4215,0.5167,0.5184,8230,28.405,724.1,387.3,484.1,22.6,506.7,21.62,23.44,0.85484,20.850,10.91,24.56,14,2
151.101,hall_mission,9x4.5,pi5,2.961,30.146,-1.966,0.500,0.735,0.217,0.916,-0.38,-7.60,58.99,0.4266,0.4296,0.5100,0.5113,8236,28.386,723.7,385.7,482.2,22.6,504.8,21.53,23.44,0.85479,20.858,10.95,24.56,14,2
151.153,hall_mission,9x4.5,pi5,2.996,30.196,-1.954,0.515,0.755,0.199,0.935,-0.39,-7.34,58.90,0.4356,0.4392,0.5014,0.5025,8240,28.359,723.0,384.0,480.0,22.6,502.6,21.44,23.45,0.85474,20.865,10.99,24.56,14,2
151.201,hall_mission,9x4.5,pi5,3.018,30.228,-1.947,0.522,0.765,0.189,0.945,-0.38,-7.18,58.73,0.4448,0.4480,0.4924,0.4942,8243,28.336,722.4,382.7,478.4,22.6,501.0,21.37,23.45,0.85469,20.872,11.03,24.56,14,2
151.253,hall_mission,9x4.5,pi5,3.048,30.274,-1.939,0.531,0.776,0.175,0.957,-0.35,-6.98,58.35,0.4543,0.4572,0.4837,0.4850,8246,28.324,722.1,381.8,477.3,22.6,499.9,21.32,23.45,0.85464,20.879,11.05,24.56,14,2
151.301,hall_mission,9x4.5,pi5,3.071,30.306,-1.933,0.537,0.783,0.166,0.964,-0.31,-6.87,58.04,0.4631,0.4641,0.4757,0.4779,8248,28.326,722.1,381.6,477.0,22.6,499.6,21.31,23.45,0.85459,20.885,11.06,24.56,14,2
151.353,hall_mission,9x4.5,pi5,3.106,30.358,-1.925,0.545,0.792,0.151,0.973,-0.25,-6.72,57.55,0.4695,0.4721,0.4690,0.4710,8251,28.342,722.5,381.9,477.3,22.6,499.9,21.32,23.45,0.85454,20.893,11.05,24.56,14,2
151.401,hall_mission,9x4.5,pi5,3.128,30.390,-1.920,0.548,0.796,0.143,0.977,-0.21,-6.65,57.22,0.4748,0.4774,0.4638,0.4662,8253,28.360,723.0,382.3,477.8,22.6,500.4,21.34,23.45,0.85449,20.899,11.04,24.56,14,2
151.453,hall_mission,9x4.5,pi5,3.159,30.436,-1.914,0.553,0.801,0.131,0.982,-0.15,-6.55,56.74,0.4785,0.4819,0.4606,0.4617,8255,28.376,723.4,382.7,478.4,22.6,501.0,21.37,23.45,0.85444,20.907,11.03,24.56,14,2
151.501,hall_mission,9x4.5,pi5,3.181,30.468,-1.909,0.555,0.803,0.123,0.984,-0.12,-6.50,56.45,0.4817,0.4836,0.4585,0.4594,8257,28.395,723.9,383.2,479.0,22.6,501.6,21.39,23.44,0.85439,20.913,11.01,24.56,14,2
151.553,hall_mission,9x4.5,pi5,3.216,30.520,-1.903,0.559,0.807,0.111,0.988,-0.08,-6.44,56.07,0.4828,0.4852,0.4570,0.4586,8258,28.405,724.1,383.4,479.3,22.6,501.9,21.41,23.44,0.85434,20.921,11.00,24.56,14,2
151.601,hall_mission,9x4.5,pi5,3.238,30.552,-1.900,0.561,0.809,0.104,0.990,-0.05,-6.42,55.86,0.4830,0.4852,0.4571,0.4583,8258,28.405,724.1,383.4,479.3,22.6,501.9,21.41,23.44,0.85430,20.927,11.00,24.56,14,2
151.653,hall_mission,9x4.5,pi5,3.269,30.598,-1.896,0.563,0.811,0.094,0.991,-0.02,-6.39,55.61,0.4821,0.4844,0.4583,0.4585,8257,28.397,723.9,383.2,479.0,22.6,501.6,21.40,23.44,0.85424,20.934,11.01,24.56,14,2
151.702,hall_mission,9x4.5,pi5,3.290,30.630,-1.894,0.564,0.812,0.087,0.992,-0.01,-6.37,55.49,0.4805,0.4833,0.4592,0.4601,8256,28.390,723.7,383.0,478.8,22.6,501.4,21.39,23.44,0.85420,20.941,11.01,24.56,14,2
151.754,hall_mission,9x4.5,pi5,3.325,30.681,-1.890,0.566,0.813,0.077,0.994,0.01,-6.36,55.36,0.4789,0.4814,0.4609,0.4620,8256,28.386,723.6,382.9,478.6,22.6,501.2,21.38,23.44,0.85415,20.948,11.02,24.56,14,2
151.802,hall_mission,9x4.5,pi5,3.347,30.713,-1.888,0.567,0.814,0.071,0.994,0.01,-6.36,55.30,0.4774,0.4792,0.4621,0.4645,8256,28.384,723.6,382.8,478.5,22.6,501.1,21.37,23.44,0.85410,20.955,11.02,24.56,14,2
151.850,hall_mission,9x4.5,pi5,3.377,30.758,-1.885,0.567,0.815,0.063,0.995,0.02,-6.36,55.26,0.4754,0.4775,0.4645,0.4657,8256,28.380,723.5,382.7,478.3,22.6,500.9,21.37,23.44,0.85405,20.962,11.02,24.56,14,2
151.902,hall_mission,9x4.5,pi5,3.399,30.790,-1.884,0.568,0.815,0.058,0.995,0.02,-6.37,55.25,0.4734,0.4754,0.4667,0.4673,8255,28.373,723.3,382.5,478.1,22.6,500.7,21.36,23.44,0.85400,20.969,11.02,24.56,14,2
151.954,hall_mission,9x4.5,pi5,3.433,30.841,-1.882,0.569,0.816,0.050,0.996,0.02,-6.38,55.26,0.4713,0.4739,0.4684,0.4690,8254,28.365,723.1,382.3,477.9,22.6,500.5,21.35,23.44,0.85395,20.976,11.03,24.56,14,2
152.002,hall_mission,9x4.5,pi5,3.455,30.873,-1.881,0.569,0.817,0.045,0.997,0.02,-6.39,55.27,0.4701,0.4723,0.4693,0.4707,8254,28.361,723.0,382.2,477.8,22.6,500.4,21.34,23.44,0.85390,20.983,11.03,24.56,14,2
152.054,hall_mission,9x4.5,pi5,3.485,30.919,-1.879,0.570,0.818,0.039,0.998,0.01,-6.40,55.30,0.4690,0.4710,0.4702,0.4721,8254,28.361,723.0,382.2,477.8,22.6,500.4,21.34,23.44,0.85385,20.990,11.03,24.56,14,2
152.102,hall_mission,9x4.5,pi5,3.506,30.951,-1.879,0.570,0.819,0.035,0.999,0.01,-6.41,55.32,0.4683,0.4700,0.4717,0.4722,8253,28.357,722.9,382.2,477.7,22.6,500.3,21.34,23.44,0.85380,20.997,11.03,24.56,14,2
152.154,hall_mission,9x4.5,pi5,3.541,31.003,-1.878,0.571,0.821,0.029,1.000,-0.00,-6.43,55.34,0.4674,0.4697,0.4725,0.4727,8254,28.360,723.0,382.2,477.8,22.6,500.4,21.34,23.44,0.85375,21.004,11.03,24.56,14,2
152.202,hall_mission,9x4.5,pi5,3.563,31.036,-1.877,0.572,0.822,0.026,1.001,-0.01,-6.44,55.35,0.4673,0.4693,0.4724,0.4734,8254,28.361,723.0,382.2,477.8,22.6,500.4,21.35,23.44,0.85370,21.011,11.02,24.56,14,2
152.254,hall_mission,9x4.5,pi5,3.593,31.082,-1.876,0.573,0.823,0.021,1.003,-0.01,-6.45,55.35,0.4676,0.4689,0.4725,0.4733,8254,28.361,723.0,382.2,477.8,22.6,500.4,21.35,23.44,0.85365,21.018,11.02,24.56,14,2
152.302,hall_mission,9x4.5,pi5,3.615,31.115,-1.876,0.573,0.824,0.018,1.004,-0.02,-6.46,55.35,0.4671,0.4696,0.4722,0.4734,8253,28.358,722.9,382.2,477.7,22.6,500.3,21.34,23.44,0.85360,21.025,11.02,24.56,14,2
152.354,hall_mission,9x4.5,pi5,3.650,31.167,-1.876,0.574,0.826,0.013,1.006,-0.02,-6.47,55.33,0.4673,0.4698,0.4726,0.4726,8253,28.357,722.9,382.2,477.7,22.6,500.3,21.34,23.44,0.85355,21.032,11.02,24.56,14,2
152.402,hall_mission,9x4.5,pi5,3.673,31.200,-1.876,0.575,0.827,0.010,1.007,-0.02,-6.48,55.31,0.4681,0.4696,0.4718,0.4727,8253,28.355,722.9,382.1,477.6,22.6,500.2,21.34,23.44,0.85350,21.038,11.02,24.56,14,2
152.450,hall_mission,9x4.5,pi5,3.704,31.246,-1.876,0.576,0.828,0.006,1.009,-0.02,-6.49,55.27,0.4683,0.4701,0.4715,0.4723,8253,28.357,722.9,382.2,477.7,22.6,500.3,21.34,23.44,0.85346,21.045,11.02,24.56,14,2
152.502,hall_mission,9x4.5,pi5,3.726,31.279,-1.876,0.577,0.829,0.004,1.010,-0.02,-6.50,55.25,0.4682,0.4709,0.4707,0.4724,8253,28.356,722.9,382.1,477.7,22.6,500.3,21.34,23.44,0.85341,21.052,11.02,24.56,14,2
152.554,hall_mission,9x4.5,pi5,3.762,31.332,-1.876,0.578,0.831,0.000,1.012,-0.02,-6.51,55.20,0.4692,0.4708,0.4702,0.4723,8254,28.364,723.1,382.3,477.9,22.6,500.5,21.35,23.44,0.85335,21.060,11.02,24.56,14,2
152.602,hall_mission,9x4.5,pi5,3.784,31.365,-1.876,0.579,0.832,-0.002,1.013,-0.02,-6.51,55.16,0.4692,0.4715,0.4706,0.4713,8255,28.367,723.2,382.4,477.9,22.6,500.5,21.35,23.44,0.85331,21.066,11.01,24.56,14,2
152.654,hall_mission,9x4.5,pi5,3.815,31.411,-1.877,0.581,0.833,-0.005,1.016,-0.01,-6.52,55.11,0.4903,0.4999,0.4530,0.4404,8258,28.446,725.2,385.0,481.3,22.6,503.9,21.50,23.43,0.85326,21.074,10.94,24.56,14,2
152.702,hall_mission,9x4.5,pi5,3.838,31.445,-1.877,0.582,0.834,-0.011,1.017,0.19,-6.54,55.11,0.5298,0.5342,0.4064,0.4091,8243,28.626,729.8,394.4,493.0,22.6,515.6,22.02,23.42,0.85321,21.080,10.68,24.56,14,2
152.754,hall_mission,9x4.5,pi5,3.874,31.498,-1.877,0.580,0.839,-0.026,1.021,0.73,-6.50,55.33,0.5516,0.5507,0.3817,0.3863,8210,28.670,730.9,400.7,500.9,22.6,523.5,22.36,23.41,0.85315,21.088,10.51,24.55,14,2
152.802,hall_mission,9x4.5,pi5,3.896,31.531,-1.879,0.576,0.844,-0.035,1.022,1.06,-6.48,55.70,0.5512,0.5503,0.3781,0.3838,8185,28.520,727.1,398.0,497.5,22.6,520.1,22.22,23.41,0.85310,21.095,10.58,24.55,14,2
152.854,hall_mission,9x4.5,pi5,3.927,31.578,-1.881,0.566,0.852,-0.042,1.024,1.41,-6.45,56.64,0.5866,0.5167,0.4095,0.3459,8168,28.532,727.4,400.8,501.0,22.6,523.6,22.37,23.41,0.85305,21.102,10.51,24.55,14,2
152.902,hall_mission,9x4.5,pi5,3.949,31.612,-1.883,0.558,0.858,-0.048,1.025,1.46,-6.01,57.52,0.5784,0.5797,0.3497,0.3461,8150,28.820,734.7,414.6,518.3,22.6,540.9,23.13,23.38,0.85300,21.110,10.16,24.55,14,2
152.954,hall_mission,9x4.5,pi5,3.982,31.667,-1.886,0.537,0.857,-0.065,1.013,1.37,-3.81,59.34,0.5789,0.5955,0.3299,0.3378,8108,28.771,733.5,418.2,522.7,22.6,545.3,23.32,23.38,0.85294,21.118,10.08,24.55,14,2
153.002,hall_mission,9x4.5,pi5,4.002,31.701,-1.889,0.516,0.843,-0.075,0.992,1.27,-2.07,60.91,0.5683,0.5745,0.3369,0.3519,8070,28.241,719.9,401.9,502.4,22.6,525.0,22.43,23.40,0.85289,21.125,10.48,24.55,14,2
153.054,hall_mission,9x4.5,pi5,4.028,31.747,-1.893,0.479,0.808,-0.081,0.943,1.19,0.24,63.75,0.5328,0.5462,0.3667,0.3801,8049,27.576,703.0,378.4,473.0,22.6,495.6,21.14,23.44,0.85284,21.132,11.12,24.55,14,2
153.102,hall_mission,9x4.5,pi5,4.045,31.779,-1.897,0.449,0.773,-0.079,0.897,1.19,1.48,65.90,0.4983,0.5100,0.4027,0.4144,8047,27.163,692.5,362.3,452.8,22.6,475.4,20.26,23.47,0.85280,21.138,11.60,24.55,14,2
153.154,hall_mission,9x4.5,pi5,4.070,31.825,-1.901,0.397,0.705,-0.066,0.812,1.27,2.87,69.35,0.4612,0.4714,0.4444,0.4538,8067,27.099,690.8,357.2,446.5,22.6,469.1,19.98,23.48,0.85275,21.145,11.76,24.55,14,2
153.202,hall_mission,9x4.5,pi5,4.083,31.851,-1.904,0.364,0.657,-0.056,0.754,1.36,3.52,71.70,0.4305,0.4391,0.4800,0.4877,8090,27.300,696.0,362.1,452.6,22.6,475.2,20.25,23.47,0.85270,21.151,11.61,24.55,14,2
153.254,hall_mission,9x4.5,pi5,4.099,31.884,-1.906,0.318,0.588,-0.044,0.669,1.53,4.14,75.11,0.3512,0.4387,0.4913,0.5871,8203,28.650,730.4,400.9,501.2,22.6,523.8,22.38,23.40,0.85265,21.159,10.50,24.55,14,2
153.302,hall_mission,9x4.5,pi5,4.108,31.905,-1.908,0.285,0.536,-0.049,0.609,1.45,3.81,77.18,0.3135,0.3136,0.6102,0.6262,8185,29.924,762.8,454.3,567.9,22.6,590.5,25.33,23.32,0.85259,21.167,9.28,24.55,14,2
153.354,hall_mission,9x4.5,pi5,4.121,31.933,-1.911,0.243,0.468,-0.093,0.535,0.93,1.23,79.64,0.2532,0.2424,0.6751,0.6596,8065,30.931,788.5,508.8,636.1,22.6,658.7,28.36,23.22,0.85252,21.176,8.28,24.55,14,2
153.402,hall_mission,9x4.5,pi5,4.127,31.948,-1.915,0.225,0.444,-0.133,0.515,0.41,-0.84,80.70,0.2322,0.2100,0.6835,0.6620,7911,30.522,778.1,509.7,637.2,22.6,659.8,28.41,23.22,0.85246,21.185,8.27,24.55,14,2
153.454,hall_mission,9x4.5,pi5,4.135,31.969,-1.924,0.211,0.436,-0.182,0.517,-0.40,-3.65,81.32,0.2357,0.2123,0.6524,0.6489,7771,29.130,742.6,470.7,588.4,22.6,611.0,26.24,23.29,0.85240,21.194,8.95,24.55,14,2
153.502,hall_mission,9x4.5,pi5,4.141,31.983,-1.932,0.209,0.444,-0.199,0.529,-0.86,-5.15,81.10,0.2558,0.2388,0.6214,0.6101,7687,27.574,702.9,420.7,525.9,22.6,548.5,23.47,23.37,0.85235,21.201,10.01,24.55,14,2
153.554,hall_mission,9x4.5,pi5,4.150,32.008,-1.946,0.213,0.471,-0.192,0.551,-1.38,-6.84,79.94,0.2931,0.2825,0.5780,0.5675,7669,26.262,669.5,373.4,466.7,22.6,489.3,20.87,23.45,0.85230,21.208,11.25,24.55,14,2
153.602,hall_mission,9x4.5,pi5,4.156,32.025,-1.953,0.220,0.492,-0.169,0.565,-1.59,-7.63,78.70,0.3359,0.3302,0.5375,0.5296,7713,25.650,653.9,345.2,431.5,22.6,454.1,19.33,23.49,0.85225,21.214,12.15,24.55,14,2
153.654,hall_mission,9x4.5,pi5,4.166,32.051,-1.962,0.234,0.526,-0.123,0.588,-1.71,-8.45,76.35,0.3843,0.3825,0.4971,0.4911,7792,25.547,651.3,331.9,414.9,22.6,437.5,18.60,23.52,0.85221,21.221,12.62,24.55,14,2
153.702,hall_mission,9x4.5,pi5,4.174,32.072,-1.967,0.246,0.551,-0.087,0.610,-1.68,-8.81,74.59,0.4276,0.4275,0.4648,0.4605,7884,25.905,660.4,334.2,417.7,22.6,440.3,18.73,23.51,0.85217,21.226,12.54,24.55,14,2
153.750,hall_mission,9x4.5,pi5,4.189,32.107,-1.970,0.268,0.593,-0.036,0.651,-1.50,-9.13,71.83,0.4657,0.4660,0.4380,0.4343,7970,26.462,674.6,344.9,431.1,22.6,453.7,19.31,23.49,0.85212,21.232,12.16,24.55,14,2
153.802,hall_mission,9x4.5,pi5,4.199,32.131,-1.970,0.284,0.619,-0.012,0.681,-1.33,-9.24,70.01,0.4994,0.4990,0.4146,0.4128,8049,27.129,691.6,360.7,450.9,22.6,473.5,20.18,23.47,0.85207,21.239,11.63,24.55,14,2
153.854,hall_mission,9x4.5,pi5,4.216,32.167,-1.969,0.307,0.655,0.011,0.724,-1.03,-9.27,67.48,0.5220,0.5225,0.3979,0.3965,8096,27.630,704.4,374.3,467.9,22.6,490.5,20.92,23.44,0.85202,21.246,11.22,24.55,14,2
153.902,hall_mission,9x4.5,pi5,4.229,32.194,-1.967,0.323,0.681,0.021,0.754,-0.83,-9.22,65.98,0.5350,0.5363,0.3883,0.3878,8127,27.973,713.1,383.8,479.8,22.6,502.4,21.44,23.43,0.85198,21.253,10.95,24.55,14,2
153.950,hall_mission,9x4.5,pi5,4.251,32.240,-1.964,0.349,0.719,0.028,0.800,-0.56,-9.06,64.08,0.5412,0.5430,0.3841,0.3844,8146,28.169,718.1,389.2,486.5,22.6,509.1,21.74,23.42,0.85193,21.260,10.80,24.55,14,2
154.002,hall_mission,9x4.5,pi5,4.266,32.271,-1.962,0.364,0.742,0.030,0.827,-0.40,-8.92,63.06,0.5417,0.5437,0.3855,0.3858,8161,28.266,720.6,391.0,488.8,22.6,511.4,21.84,23.42,0.85188,21.267,10.75,24.55,14,2
154.054,hall_mission,9x4.5,pi5,4.289,32.315,-1.959,0.384,0.770,0.031,0.861,-0.22,-8.68,61.92,0.5375,0.5389,0.3910,0.3922,8171,28.263,720.5,389.6,487.0,22.6,509.6,21.76,23.42,0.85182,21.275,10.78,24.55,14,2
154.102,hall_mission,9x4.5,pi5,4.306,32.347,-1.956,0.396,0.788,0.030,0.883,-0.14,-8.50,61.41,0.5294,0.5321,0.3990,0.4010,8178,28.217,719.3,386.8,483.5,22.6,506.1,21.61,23.42,0.85178,21.281,10.86,24.55,14,2
154.154,hall_mission,9x4.5,pi5,4.335,32.401,-1.953,0.415,0.814,0.029,0.914,-0.05,-8.24,60.96,0.5196,0.5215,0.4105,0.4122,8186,28.160,717.9,383.4,479.3,22.6,501.9,21.42,23.43,0.85172,21.289,10.95,24.55,14,2
154.202,hall_mission,9x4.5,pi5,4.353,32.436,-1.951,0.425,0.828,0.028,0.931,-0.02,-8.08,60.85,0.5086,0.5117,0.4217,0.4239,8194,28.118,716.8,380.7,475.8,22.6,498.4,21.27,23.43,0.85168,21.295,11.03,24.55,14,2
154.254,hall_mission,9x4.5,pi5,4.380,32.485,-1.949,0.437,0.846,0.028,0.952,-0.00,-7.84,60.90,0.4976,0.4998,0.4347,0.4358,8202,28.091,716.1,378.6,473.2,22.6,495.8,21.16,23.44,0.85163,21.302,11.09,24.55,14,2
154.302,hall_mission,9x4.5,pi5,4.399,32.521,-1.947,0.445,0.856,0.028,0.965,-0.01,-7.70,61.05,0.4871,0.4906,0.4455,0.4471,8210,28.100,716.4,377.8,472.2,22.6,494.8,21.11,23.44,0.85158,21.309,11.11,24.55,14,2
154.354,hall_mission,9x4.5,pi5,4.431,32.578,-1.945,0.456,0.871,0.027,0.983,-0.03,-7.50,61.39,0.4727,0.4518,0.4645,0.4851,8224,28.168,718.1,378.6,473.2,22.6,495.8,21.16,23.43,0.85153,21.316,11.09,24.55,14,2
154.402,hall_mission,9x4.5,pi5,4.451,32.615,-1.944,0.462,0.878,0.023,0.993,-0.20,-7.40,61.64,0.4061,0.4094,0.5259,0.5308,8217,28.427,724.7,390.0,487.5,22.6,510.1,21.78,23.42,0.85148,21.323,10.77,24.55,14,2
154.454,hall_mission,9x4.5,pi5,4.479,32.666,-1.942,0.472,0.887,0.010,1.005,-0.83,-7.20,61.82,0.3645,0.3707,0.5653,0.5641,8189,28.768,733.4,407.4,509.3,22.6,531.9,22.74,23.39,0.85142,21.331,10.31,24.55,14,2
154.502,hall_mission,9x4.5,pi5,4.500,32.703,-1.942,0.482,0.890,-0.002,1.012,-1.25,-7.06,61.69,0.3509,0.3581,0.5741,0.5722,8155,28.734,732.5,410.5,513.1,22.6,535.7,22.91,23.38,0.85137,21.338,10.23,24.55,14,2
154.554,hall_mission,9x4.5,pi5,4.533,32.761,-1.942,0.501,0.890,-0.016,1.021,-1.74,-6.88,61.02,0.3558,0.3647,0.5640,0.5628,8127,28.398,723.9,400.8,501.0,22.6,523.6,22.38,23.40,0.85132,21.345,10.48,24.55,14,2
154.602,hall_mission,9x4.5,pi5,4.555,32.797,-1.943,0.515,0.886,-0.020,1.025,-1.92,-6.80,60.25,0.3745,0.3814,0.5443,0.5442,8116,28.026,714.5,387.4,484.3,22.6,506.9,21.65,23.42,0.85127,21.352,10.83,24.55,14,2
154.654,hall_mission,9x4.5,pi5,4.586,32.847,-1.944,0.534,0.879,-0.021,1.029,-2.01,-6.72,58.71,0.4015,0.4065,0.5178,0.5184,8115,27.702,706.2,374.6,468.3,22.6,490.9,20.94,23.44,0.85122,21.359,11.19,24.55,14,2
154.702,hall_mission,9x4.5,pi5,4.610,32.882,-1.945,0.547,0.872,-0.018,1.030,-1.98,-6.69,57.49,0.4284,0.4325,0.4931,0.4932,8126,27.576,703.0,368.2,460.2,22.6,482.8,20.59,23.45,0.85118,21.366,11.39,24.55,14,2
154.754,hall_mission,9x4.5,pi5,4.648,32.937,-1.945,0.568,0.860,-0.011,1.031,-1.84,-6.69,55.50,0.4559,0.4607,0.4685,0.4678,8147,27.634,704.5,367.7,459.6,22.6,482.2,20.56,23.45,0.85113,21.373,11.40,24.54,14,2
154.802,hall_mission,9x4.5,pi5,4.672,32.971,-1.945,0.580,0.853,-0.006,1.031,-1.70,-6.71,54.14,0.4795,0.4821,0.4479,0.4488,8166,27.787,708.4,371.1,463.9,22.6,486.5,20.75,23.44,0.85108,21.379,11.29,24.54,14,2
154.854,hall_mission,9x4.5,pi5,4.707,33.018,-1.944,0.596,0.842,-0.001,1.032,-1.44,-6.74,52.17,0.4946,0.4825,0.4364,0.4505,8187,27.953,712.6,375.0,468.7,22.6,491.3,20.96,23.44,0.85103,21.386,11.18,24.54,14,2
154.902,hall_mission,9x4.5,pi5,4.732,33.051,-1.943,0.607,0.835,0.002,1.033,-1.34,-6.74,50.94,0.4600,0.4639,0.4716,0.4723,8201,27.999,713.8,375.0,468.7,22.6,491.3,20.96,23.44,0.85098,21.393,11.18,24.54,14,2
154.954,hall_mission,9x4.5,pi5,4.773,33.103,-1.942,0.625,0.823,0.002,1.034,-1.53,-6.70,49.14,0.4385,0.4440,0.4939,0.4927,8206,28.090,716.1,378.0,472.4,22.6,495.0,21.13,23.43,0.85093,21.400,11.09,24.54,14,2
155.002,hall_mission,9x4.5,pi5,4.800,33.136,-1.941,0.638,0.814,0.002,1.034,-1.68,-6.67,47.91,0.4350,0.4403,0.4974,0.4978,8211,28.144,717.5,379.4,474.3,22.6,496.9,21.21,23.43,0.85089,21.407,11.05,24.54,14,2
155.054,hall_mission,9x4.5,pi5,4.838,33.180,-1.940,0.656,0.799,0.003,1.034,-1.80,-6.67,45.96,0.4429,0.4489,0.4913,0.4897,8219,28.165,718.0,379.2,474.0,22.6,496.6,21.19,23.43,0.85083,21.414,11.06,24.54,14,2
155.102,hall_mission,9x4.5,pi5,4.865,33.212,-1.939,0.669,0.788,0.003,1.034,-1.80,-6.68,44.60,0.4565,0.4623,0.4781,0.4778,8226,28.177,718.3,378.7,473.3,22.6,495.9,21.17,23.43,0.85079,21.420,11.07,24.54,14,2
155.154,hall_mission,9x4.5,pi5,4.911,33.261,-1.938,0.691,0.769,0.002,1.034,-1.69,-6.71,42.52,0.4727,0.4792,0.4625,0.4609,8228,28.188,718.6,378.8,473.5,22.6,496.1,21.18,23.43,0.85074,21.427,11.06,24.54,14,2
155.202,hall_mission,9x4.5,pi5,4.940,33.291,-1.937,0.704,0.758,0.000,1.034,-1.56,-6.73,41.16,0.4886,0.4924,0.4470,0.4472,8228,28.224,719.5,380.3,475.4,22.6,498.0,21.26,23.43,0.85069,21.434,11.02,24.54,14,2
155.254,hall_mission,9x4.5,pi5,4.982,33.332,-1.937,0.722,0.742,-0.002,1.035,-1.30,-6.76,39.22,0.4991,0.4895,0.4374,0.4495,8229,28.250,720.2,381.2,476.5,22.6,499.1,21.31,23.42,0.85064,21.441,10.99,24.54,14,2
155.302,hall_mission,9x4.5,pi5,5.013,33.361,-1.937,0.734,0.732,-0.004,1.036,-1.20,-6.76,38.01,0.4691,0.4730,0.4657,0.4669,8226,28.172,718.2,378.4,473.0,22.6,495.6,21.16,23.43,0.85059,21.448,11.07,24.54,14,2
155.354,hall_mission,9x4.5,pi5,5.063,33.406,-1.938,0.753,0.714,-0.008,1.037,-1.31,-6.71,36.29,0.4506,0.4558,0.4837,0.4826,8219,28.139,717.3,378.1,472.7,22.6,495.3,21.14,23.43,0.85054,21.455,11.08,24.54,14,2
155.402,hall_mission,9x4.5,pi5,5.095,33.433,-1.938,0.765,0.701,-0.009,1.038,-1.41,-6.68,35.14,0.4473,0.4522,0.4863,0.4860,8216,28.129,717.1,378.1,472.7,22.6,495.3,21.14,23.43,0.85049,21.462,11.08,24.54,14,2
155.454,hall_mission,9x4.5,pi5,5.141,33.471,-1.939,0.782,0.682,-0.008,1.037,-1.47,-6.66,33.35,0.4529,0.4595,0.4812,0.4792,8219,28.133,717.2,377.9,472.4,22.6,495.0,21.13,23.43,0.85044,21.469,11.08,24.54,14,2
155.502,hall_mission,9x4.5,pi5,5.174,33.497,-1.940,0.793,0.667,-0.008,1.037,-1.44,-6.65,32.14,0.4650,0.4686,0.4698,0.4699,8221,28.134,717.2,377.7,472.1,22.6,494.7,21.11,23.43,0.85039,21.475,11.09,24.54,14,2
155.554,hall_mission,9x4.5,pi5,5.227,33.537,-1.941,0.811,0.644,-0.008,1.036,-1.30,-6.66,30.31,0.4772,0.4823,0.4577,0.4559,8220,28.140,717.4,378.0,472.5,22.6,495.1,21.13,23.43,0.85034,21.483,11.08,24.54,14,2
155.602,hall_mission,9x4.5,pi5,5.261,33.561,-1.942,0.822,0.630,-0.009,1.036,-1.17,-6.66,29.13,0.4892,0.4929,0.4445,0.4458,8218,28.160,717.9,379.1,473.9,22.6,496.5,21.19,23.43,0.85030,21.489,11.05,24.54,14,2
155.654,hall_mission,9x4.5,pi5,5.309,33.595,-1.944,0.835,0.612,-0.010,1.035,-0.91,-6.67,27.47,0.4959,0.4804,0.4403,0.4562,8219,28.160,717.9,379.0,473.7,22.6,496.3,21.19,23.43,0.85025,21.496,11.05,24.54,14,2
155.702,hall_mission,9x4.5,pi5,5.343,33.618,-1.945,0.844,0.599,-0.011,1.035,-0.85,-6.65,26.45,0.4485,0.4519,0.4844,0.4863,8213,28.107,716.5,377.6,472.1,22.6,494.7,21.11,23.43,0.85020,21.503,11.09,24.54,14,2
155.754,hall_mission,9x4.5,pi5,5.399,33.654,-1.947,0.858,0.578,-0.016,1.035,-1.14,-6.57,24.92,0.4194,0.4227,0.5129,0.5119,8197,28.157,717.8,381.8,477.2,22.6,499.8,21.34,23.42,0.85015,21.510,10.97,24.54,14,2
155.802,hall_mission,9x4.5,pi5,5.435,33.675,-1.948,0.867,0.562,-0.019,1.034,-1.38,-6.51,23.82,0.4106,0.4170,0.5184,0.5175,8185,28.130,717.1,382.3,477.9,22.6,500.5,21.37,23.42,0.85010,21.517,10.95,24.54,14,2
155.854,hall_mission,9x4.5,pi5,5.484,33.704,-1.949,0.880,0.537,-0.020,1.031,-1.67,-6.44,21.96,0.4175,0.4262,0.5112,0.5081,8184,28.051,715.1,379.4,474.2,22.6,496.8,21.21,23.42,0.85005,21.524,11.03,24.54,14,2
155.902,hall_mission,9x4.5,pi5,5.520,33.724,-1.951,0.888,0.518,-0.018,1.028,-1.73,-6.42,20.60,0.4347,0.4405,0.4948,0.4935,8185,27.962,712.8,375.6,469.5,22.6,492.1,21.00,23.43,0.85000,21.531,11.14,24.54,14,2
155.954,hall_mission,9x4.5,pi5,5.578,33.754,-1.952,0.901,0.486,-0.017,1.024,-1.64,-6.43,18.42,0.4552,0.4612,0.4747,0.4729,8187,27.909,711.5,373.2,466.6,22.6,489.2,20.87,23.43,0.84995,21.538,11.21,24.54,14,2
156.002,hall_mission,9x4.5,pi5,5.615,33.772,-1.954,0.908,0.466,-0.015,1.021,-1.49,-6.45,16.94,0.4753,0.4792,0.4544,0.4558,8189,27.931,712.1,373.8,467.2,22.6,489.8,20.90,23.43,0.84991,21.544,11.19,24.54,14,2
156.054,hall_mission,9x4.5,pi5,5.666,33.795,-1.955,0.918,0.440,-0.014,1.018,-1.19,-6.49,14.77,0.4905,0.4816,0.4408,0.4527,8193,27.979,713.3,375.3,469.1,22.6,491.7,20.98,23.43,0.84986,21.551,11.15,24.54,14,2
156.102,hall_mission,9x4.5,pi5,5.703,33.811,-1.956,0.924,0.423,-0.012,1.016,-1.05,-6.49,13.39,0.4667,0.4691,0.4652,0.4658,8197,27.973,713.1,374.4,468.0,22.6,490.6,20.94,23.43,0.84981,21.558,11.17,24.54,14,2
156.154,hall_mission,9x4.5,pi5,5.763,33.835,-1.957,0.933,0.395,-0.010,1.013,-1.10,-6.44,11.40,0.4513,0.4580,0.4801,0.4779,8199,27.998,713.8,375.2,469.0,22.6,491.6,20.98,23.43,0.84976,21.565,11.15,24.54,14,2
156.202,hall_mission,9x4.5,pi5,5.800,33.849,-1.958,0.938,0.376,-0.009,1.011,-1.16,-6.42,10.07,0.4521,0.4569,0.4796,0.4798,8203,28.024,714.4,375.7,469.7,22.6,492.3,21.01,23.43,0.84971,21.572,11.13,24.54,14,2
156.254,hall_mission,9x4.5,pi5,5.853,33.867,-1.959,0.944,0.350,-0.007,1.007,-1.17,-6.40,8.04,0.4602,0.4659,0.4731,0.4709,8209,28.056,715.2,376.1,470.2,22.6,492.8,21.03,23.43,0.84966,21.579,11.12,24.54,14,2
156.302,hall_mission,9x4.5,pi5,5.890,33.879,-1.959,0.948,0.330,-0.005,1.004,-1.12,-6.40,6.69,0.4734,0.4759,0.4607,0.4610,8213,28.083,715.9,376.7,470.9,22.6,493.5,21.07,23.43,0.84961,21.585,11.10,24.54,14,2
156.354,hall_mission,9x4.5,pi5,5.950,33.897,-1.960,0.955,0.300,-0.005,1.001,-0.94,-6.41,4.69,0.4856,0.4902,0.4485,0.4469,8213,28.120,716.9,378.1,472.6,22.6,495.2,21.14,23.42,0.84956,21.592,11.06,24.54,14,2
156.402,hall_mission,9x4.5,pi5,5.988,33.907,-1.960,0.958,0.282,-0.006,0.998,-0.79,-6.42,3.43,0.4977,0.5002,0.4361,0.4371,8213,28.163,717.9,379.9,474.9,22.6,497.5,21.24,23.42,0.84952,21.599,11.01,24.54,14,2
156.454,hall_mission,9x4.5,pi5,6.041,33.920,-1.961,0.962,0.259,-0.007,0.996,-0.53,-6.42,1.68,0.5074,0.5092,0.4271,0.4269,8211,28.209,719.1,382.1,477.6,22.6,500.2,21.36,23.42,0.84946,21.606,10.95,24.54,14,2
156.502,hall_mission,9x4.5,pi5,6.078,33.929,-1.961,0.964,0.243,-0.008,0.995,-0.34,-6.42,0.64,0.5133,0.5145,0.4205,0.4214,8208,28.235,719.8,383.5,479.3,22.6,501.9,21.44,23.41,0.84942,21.613,10.91,24.54,14,2
156.554,hall_mission,9x4.5,pi5,6.138,33.942,-1.961,0.968,0.221,-0.010,0.993,-0.07,-6.42,-0.69,0.5151,0.5184,0.4176,0.4181,8206,28.246,720.1,384.2,480.2,22.6,502.8,21.48,23.41,0.84937,21.620,10.88,24.54,14,2
156.602,hall_mission,9x4.5,pi5,6.176,33.949,-1.962,0.970,0.209,-0.010,0.992,0.10,-6.41,-1.42,0.5154,0.5179,0.4172,0.4185,8205,28.241,719.9,384.1,480.1,22.6,502.7,21.47,23.41,0.84932,21.627,10.89,24.54,14,2
156.654,hall_mission,9x4.5,pi5,6.228,33.959,-1.962,0.972,0.193,-0.011,0.991,0.33,-6.40,-2.27,0.5101,0.4986,0.4244,0.4358,8205,28.147,717.6,380.4,475.5,22.6,498.1,21.27,23.42,0.84927,21.634,10.99,24.54,14,2
156.702,hall_mission,9x4.5,pi5,6.265,33.966,-1.962,0.973,0.184,-0.011,0.991,0.38,-6.40,-2.70,0.4662,0.4694,0.4647,0.4679,8202,28.006,714.0,375.1,468.9,22.6,491.5,20.98,23.43,0.84922,21.641,11.14,24.54,14,2
156.754,hall_mission,9x4.5,pi5,6.325,33.977,-1.962,0.975,0.168,-0.015,0.990,0.14,-6.35,-3.26,0.4356,0.4401,0.4959,0.4946,8195,28.029,714.6,377.0,471.2,22.6,493.8,21.08,23.42,0.84917,21.648,11.08,24.53,14,2
156.802,hall_mission,9x4.5,pi5,6.362,33.983,-1.963,0.976,0.157,-0.016,0.988,-0.06,-6.32,-3.67,0.4240,0.4276,0.5074,0.5062,8191,28.077,715.8,379.4,474.2,22.6,496.8,21.22,23.42,0.84912,21.654,11.01,24.53,14,2
156.854,hall_mission,9x4.5,pi5,6.415,33.992,-1.963,0.976,0.140,-0.016,0.986,-0.28,-6.29,-4.45,0.4239,0.4278,0.5073,0.5069,8194,28.095,716.2,379.8,474.7,22.6,497.3,21.24,23.42,0.84907,21.662,11.00,24.53,14,2
156.902,hall_mission,9x4.5,pi5,6.452,33.997,-1.963,0.975,0.127,-0.014,0.984,-0.37,-6.28,-5.09,0.4333,0.4478,0.5018,0.4878,8211,28.135,717.2,379.0,473.8,22.6,496.4,21.20,23.42,0.84902,21.668,11.02,24.53,14,2
156.954,hall_mission,9x4.5,pi5,6.512,34.005,-1.964,0.975,0.105,-0.021,0.981,-0.25,-6.24,-6.14,0.7621,0.7105,0.2394,0.1510,8184,34.397,876.9,632.7,790.9,22.6,813.5,35.38,22.99,0.84894,21.680,6.60,24.53,14,2
157.002,hall_mission,9x4.5,pi5,6.550,34.009,-1.966,0.982,0.095,-0.098,0.992,0.60,-5.61,-6.42,0.8787,0.8579,0.0275,0.0000,7467,41.260,1051.8,937.7,1172.2,22.6,1194.8,53.20,22.46,0.84882,21.696,4.39,24.53,14,2
157.054,hall_mission,9x4.5,pi5,6.604,34.015,-1.977,0.989,0.097,-0.337,1.050,1.97,-3.52,-5.06,0.7846,0.8102,0.0000,0.0028,6864,35.362,901.5,746.2,932.7,22.6,955.3,41.91,22.80,0.84872,21.710,5.57,24.53,14,2
157.102,hall_mission,9x4.5,pi5,6.642,34.019,-1.994,0.975,0.110,-0.461,1.084,2.72,-1.83,-2.96,0.7217,0.7181,0.0000,0.0401,6437,29.739,758.1,569.5,711.9,22.6,734.5,31.80,23.10,0.84865,21.719,7.34,24.53,14,2
157.150,hall_mission,9x4.5,pi5,6.700,34.028,-2.028,0.920,0.139,-0.525,1.068,3.77,0.63,1.67,0.6813,0.6783,0.0000,0.0641,6233,27.093,690.7,490.8,613.5,22.6,636.1,27.38,23.23,0.84859,21.728,8.53,24.53,14,2
157.202,hall_mission,9x4.5,pi5,6.735,34.035,-2.051,0.870,0.160,-0.509,1.021,4.41,2.05,5.59,0.6623,0.6725,0.0000,0.0719,6172,26.314,670.8,468.2,585.3,22.6,607.9,26.13,23.27,0.84852,21.737,8.94,24.53,14,2
157.254,hall_mission,9x4.5,pi5,6.778,34.047,-2.082,0.786,0.189,-0.460,0.930,5.18,3.68,12.56,0.6682,0.6711,0.0000,0.0695,6180,26.448,674.2,472.3,590.3,22.6,612.9,26.35,23.26,0.84846,21.746,8.86,24.53,14,2
157.302,hall_mission,9x4.5,pi5,6.806,34.057,-2.102,0.718,0.208,-0.422,0.858,5.60,4.38,17.90,0.6656,0.6666,0.0111,0.0705,6556,26.482,675.1,466.5,583.1,22.6,605.7,26.03,23.27,0.84840,21.754,8.97,24.53,14,2
157.354,hall_mission,9x4.5,pi5,6.843,34.074,-2.129,0.602,0.232,-0.360,0.739,6.06,4.81,26.94,0.6063,0.6110,0.0845,0.1247,6602,23.716,604.6,375.5,469.3,22.6,491.9,21.01,23.42,0.84835,21.761,11.11,24.53,14,2
157.402,hall_mission,9x4.5,pi5,6.861,34.086,-2.144,0.530,0.240,-0.300,0.655,6.22,4.73,33.54,0.5665,0.5691,0.1556,0.1726,6737,22.461,572.6,325.5,406.9,22.6,429.5,18.27,23.50,0.84831,21.766,12.77,24.53,14,2
157.454,hall_mission,9x4.5,pi5,6.882,34.103,-2.159,0.437,0.243,-0.190,0.535,6.23,4.14,44.08,0.5356,0.5360,0.2241,0.2245,6941,22.179,565.4,299.5,374.3,22.6,396.9,16.86,23.54,0.84827,21.772,13.84,24.53,14,2
157.502,hall_mission,9x4.5,pi5,6.893,34.114,-2.165,0.375,0.241,-0.106,0.458,6.13,3.56,51.44,0.5159,0.5182,0.2769,0.2724,7170,22.689,578.4,295.8,369.7,22.6,392.3,16.66,23.55,0.84823,21.777,14.01,24.53,14,2
157.554,hall_mission,9x4.5,pi5,6.905,34.133,-2.166,0.284,0.232,0.016,0.367,5.89,2.58,62.83,0.5056,0.5058,0.3241,0.3194,7429,23.718,604.7,305.7,382.1,22.6,404.7,17.20,23.53,0.84819,21.783,13.57,24.53,14,2
157.602,hall_mission,9x4.5,pi5,6.910,34.144,-2.163,0.231,0.224,0.078,0.331,5.69,1.92,70.59,0.4984,0.4992,0.3573,0.3536,7624,24.646,628.3,318.0,397.5,22.6,420.1,17.87,23.51,0.84815,21.789,13.06,24.53,14,2
157.654,hall_mission,9x4.5,pi5,6.913,34.158,-2.154,0.164,0.210,0.146,0.304,5.31,0.96,82.40,0.4899,0.4902,0.3889,0.3845,7786,25.474,649.4,329.8,412.3,22.6,434.9,18.51,23.49,0.84811,21.795,12.60,24.53,14,2
157.702,hall_mission,9x4.5,pi5,6.914,34.168,-2.145,0.120,0.200,0.180,0.294,5.01,0.37,90.33,0.4519,0.4524,0.4452,0.4394,7915,26.083,664.9,337.2,421.4,22.6,444.0,18.91,23.48,0.84807,21.801,12.34,24.53,14,2
157.754,hall_mission,9x4.5,pi5,6.912,34.181,-2.128,0.057,0.182,0.210,0.283,4.49,-0.41,102.17,0.3890,0.3889,0.5209,0.5181,8016,27.124,691.5,364.8,456.0,22.6,478.6,20.42,23.44,0.84802,21.808,11.42,24.53,14,2
157.802,hall_mission,9x4.5,pi5,6.909,34.189,-2.117,0.021,0.170,0.213,0.273,4.10,-0.82,109.87,0.3236,0.3242,0.5904,0.5885,8052,28.531,727.4,415.7,519.6,22.6,542.2,23.22,23.35,0.84797,21.815,10.05,24.53,14,2
157.854,hall_mission,9x4.5,pi5,6.903,34.198,-2.102,-0.023,0.152,0.190,0.245,3.51,-1.27,120.78,0.2560,0.2580,0.6537,0.6511,8024,30.220,770.4,485.5,606.9,22.6,629.5,27.09,23.24,0.84790,21.824,8.61,24.53,14,2
157.902,hall_mission,9x4.5,pi5,6.898,34.204,-2.092,-0.052,0.139,0.155,0.215,3.12,-1.47,127.45,0.2033,0.2057,0.6926,0.6913,7930,31.372,799.8,540.7,675.9,22.6,698.5,30.18,23.14,0.84783,21.834,7.73,24.53,14,2
157.954,hall_mission,9x4.5,pi5,6.888,34.212,-2.081,-0.092,0.119,0.074,0.167,2.58,-1.61,136.31,0.1360,0.1964,0.6924,0.7445,7844,32.354,824.8,586.8,733.5,22.6,756.1,32.78,23.06,0.84775,21.845,7.11,24.53,14,2
158.002,hall_mission,9x4.5,pi5,6.882,34.216,-2.078,-0.114,0.107,0.011,0.157,1.99,-2.03,141.35,0.1288,0.1484,0.7099,0.7270,7644,31.686,807.8,579.2,724.0,22.6,746.6,32.35,23.08,0.84768,21.855,7.21,24.53,14,2
158.050,hall_mission,9x4.5,pi5,6.871,34.220,-2.078,-0.143,0.102,-0.067,0.188,0.90,-3.49,147.56,0.1332,0.1187,0.7159,0.6959,7461,30.536,778.5,551.4,689.3,22.6,711.9,30.79,23.12,0.84761,21.864,7.57,24.53,14,2
158.102,hall_mission,9x4.5,pi5,6.863,34.223,-2.082,-0.167,0.106,-0.105,0.225,0.19,-4.61,150.83,0.1406,0.1175,0.6853,0.6813,7320,29.031,740.1,507.6,634.5,22.6,657.1,28.33,23.20,0.84755,21.874,8.23,24.53,14,2
158.154,hall_mission,9x4.5,pi5,6.848,34.229,-2.090,-0.212,0.125,-0.132,0.279,-0.74,-5.96,154.53,0.1563,0.1355,0.6580,0.6505,7231,27.425,699.1,457.3,571.6,22.6,594.2,25.53,23.28,0.84748,21.882,9.13,24.53,14,2
158.202,hall_mission,9x4.5,pi5,6.838,34.233,-2.096,-0.241,0.142,-0.126,0.307,-1.26,-6.58,156.25,0.1797,0.1660,0.6303,0.6221,7223,26.218,668.4,415.3,519.1,22.6,541.7,23.20,23.35,0.84743,21.889,10.05,24.53,14,2
158.254,hall_mission,9x4.5,pi5,6.821,34.241,-2.104,-0.281,0.168,-0.095,0.341,-1.88,-7.13,157.83,0.2137,0.2069,0.5972,0.5935,7271,25.253,643.8,376.8,471.0,22.6,493.6,21.08,23.41,0.84738,21.896,11.05,24.53,14,2
158.302,hall_mission,9x4.5,pi5,6.808,34.247,-2.109,-0.309,0.188,-0.060,0.366,-2.18,-7.30,158.30,0.2518,0.2488,0.5699,0.5660,7363,24.774,631.6,350.9,438.6,22.6,461.2,19.66,23.45,0.84734,21.903,11.85,24.53,14,2
158.354,hall_mission,9x4.5,pi5,6.785,34.260,-2.112,-0.349,0.221,0.008,0.413,-2.45,-7.39,158.29,0.2973,0.2970,0.5420,0.5394,7505,24.743,630.8,335.0,418.8,22.6,441.4,18.80,23.48,0.84729,21.909,12.40,24.53,14,2
158.402,hall_mission,9x4.5,pi5,6.770,34.270,-2.112,-0.372,0.241,0.051,0.446,-2.53,-7.37,157.89,0.3394,0.3399,0.5176,0.5158,7639,24.976,636.7,328.6,410.8,22.6,433.4,18.45,23.49,0.84725,21.915,12.63,24.53,14,2
158.454,hall_mission,9x4.5,pi5,6.747,34.285,-2.108,-0.402,0.269,0.107,0.496,-2.52,-7.28,156.89,0.3819,0.3824,0.4929,0.4915,7769,25.392,647.3,328.8,411.1,22.6,433.7,18.46,23.49,0.84721,21.921,12.62,24.53,14,2
158.502,hall_mission,9x4.5,pi5,6.729,34.297,-2.103,-0.422,0.289,0.140,0.530,-2.45,-7.20,156.03,0.4166,0.4188,0.4725,0.4729,7885,25.950,661.5,335.8,419.8,22.6,442.4,18.84,23.48,0.84717,21.927,12.37,24.53,14,2
158.550,hall_mission,9x4.5,pi5,6.700,34.319,-2.092,-0.451,0.321,0.179,0.582,-2.27,-7.06,154.59,0.4472,0.4485,0.4558,0.4561,7983,26.529,676.3,345.8,432.3,22.6,454.9,19.39,23.46,0.84712,21.933,12.02,24.53,14,2
158.602,hall_mission,9x4.5,pi5,6.681,34.334,-2.084,-0.469,0.340,0.194,0.611,-2.12,-6.95,153.61,0.4735,0.4751,0.4414,0.4417,8070,27.137,691.8,358.2,447.8,22.6,470.4,20.07,23.44,0.84707,21.940,11.61,24.53,14,2
158.654,hall_mission,9x4.5,pi5,6.653,34.356,-2.072,-0.491,0.366,0.205,0.646,-1.88,-6.77,152.21,0.4923,0.4936,0.4296,0.4311,8124,27.561,702.6,367.9,459.8,22.6,482.4,20.60,23.42,0.84703,21.947,11.31,24.53,14,2
158.702,hall_mission,9x4.5,pi5,6.633,34.374,-2.063,-0.506,0.383,0.207,0.667,-1.72,-6.64,151.36,0.5035,0.5056,0.4235,0.4244,8162,27.873,710.6,375.2,469.0,22.6,491.6,21.00,23.41,0.84698,21.953,11.09,24.53,14,2
158.754,hall_mission,9x4.5,pi5,6.598,34.403,-2.049,-0.528,0.408,0.203,0.697,-1.50,-6.44,150.28,0.5114,0.5120,0.4200,0.4218,8191,28.113,716.7,380.8,476.0,22.6,498.6,21.31,23.40,0.84693,21.961,10.93,24.52,14,2
158.802,hall_mission,9x4.5,pi5,6.576,34.422,-2.041,-0.540,0.422,0.197,0.713,-1.36,-6.30,149.70,0.5128,0.5149,0.4203,0.4217,8208,28.233,719.7,383.4,479.3,22.6,501.9,21.45,23.40,0.84688,21.967,10.86,24.52,14,2
158.854,hall_mission,9x4.5,pi5,6.545,34.451,-2.029,-0.555,0.440,0.187,0.733,-1.19,-6.10,149.06,0.5118,0.5133,0.4229,0.4249,8219,28.295,721.3,384.4,480.4,22.6,503.0,21.50,23.40,0.84683,21.974,10.83,24.52,14,2
158.902,hall_mission,9x4.5,pi5,6.522,34.471,-2.022,-0.565,0.451,0.179,0.745,-1.09,-5.97,148.78,0.5078,0.5100,0.4282,0.4287,8226,28.308,721.7,384.0,480.0,22.6,502.6,21.48,23.40,0.84678,21.981,10.84,24.52,14,2
158.954,hall_mission,9x4.5,pi5,6.485,34.505,-2.010,-0.578,0.467,0.165,0.761,-0.96,-5.80,148.55,0.5022,0.5041,0.4338,0.4356,8229,28.296,721.3,383.0,478.7,22.6,501.3,21.43,23.40,0.84673,21.988,10.87,24.52,14,2
159.002,hall_mission,9x4.5,pi5,6.462,34.527,-2.004,-0.585,0.475,0.157,0.770,-0.89,-5.69,148.51,0.4953,0.4983,0.4404,0.4420,8231,28.272,720.7,381.8,477.2,22.6,499.8,21.36,23.40,0.84668,21.995,10.90,24.52,14,2
159.054,hall_mission,9x4.5,pi5,6.429,34.558,-1.996,-0.594,0.484,0.145,0.780,-0.77,-5.55,148.60,0.4894,0.4901,0.4472,0.4499,8233,28.254,720.3,380.8,476.0,22.6,498.6,21.31,23.40,0.84663,22.002,10.92,24.52,14,2
159.098,hall_mission,9x4.5,pi5,6.406,34.580,-1.991,-0.599,0.490,0.137,0.786,-0.72,-5.47,148.73,0.4830,0.4850,0.4536,0.4555,8234,28.245,720.1,380.3,475.4,22.6,498.0,21.28,23.40,0.84659,22.008,10.94,24.52,14,2
159.146,hall_mission,9x4.5,pi5,6.368,34.616,-1.983,-0.606,0.497,0.125,0.794,-0.67,-5.37,148.99,0.4773,0.4790,0.4590,0.4618,8235,28.238,719.9,379.9,474.9,22.6,497.5,21.26,23.40,0.84654,22.015,10.95,24.52,14,2
159.198,hall_mission,9x4.5,pi5,6.345,34.638,-1.979,-0.610,0.500,0.118,0.798,-0.65,-5.31,149.20,0.4723,0.4729,0.4651,0.4669,8235,28.232,719.7,379.6,474.6,22.6,497.2,21.24,23.40,0.84649,22.022,10.96,24.52,14,2
159.246,hall_mission,9x4.5,pi5,6.312,34.668,-1.974,-0.615,0.504,0.109,0.802,-0.63,-5.25,149.54,0.4674,0.4695,0.4693,0.4711,8235,28.234,719.8,379.7,474.6,22.6,497.2,21.25,23.40,0.84644,22.029,10.95,24.52,14,2
159.298,hall_mission,9x4.5,pi5,6.289,34.690,-1.970,-0.618,0.505,0.103,0.805,-0.62,-5.22,149.76,0.4640,0.4663,0.4729,0.4744,8236,28.242,720.0,379.9,474.8,22.6,497.4,21.26,23.40,0.84639,22.036,10.95,24.52,14,2
159.346,hall_mission,9x4.5,pi5,6.252,34.724,-1.965,-0.622,0.508,0.094,0.808,-0.62,-5.19,150.08,0.4626,0.4632,0.4751,0.4769,8237,28.250,720.2,380.1,475.1,22.6,497.7,21.27,23.40,0.84634,22.043,10.94,24.52,14,2
159.398,hall_mission,9x4.5,pi5,6.228,34.745,-1.962,-0.623,0.508,0.089,0.809,-0.61,-5.18,150.27,0.4608,0.4622,0.4766,0.4784,8238,28.257,720.4,380.2,475.3,22.6,497.9,21.28,23.40,0.84629,22.050,10.93,24.52,14,2
159.446,hall_mission,9x4.5,pi5,6.196,34.774,-1.958,-0.626,0.509,0.081,0.811,-0.60,-5.17,150.51,0.4606,0.4615,0.4772,0.4789,8238,28.262,720.5,380.4,475.4,22.6,498.0,21.28,23.40,0.84624,22.056,10.93,24.52,14,2
159.498,hall_mission,9x4.5,pi5,6.173,34.795,-1.956,-0.628,0.509,0.077,0.812,-0.60,-5.17,150.65,0.4601,0.4622,0.4778,0.4783,8239,28.268,720.6,380.5,475.6,22.6,498.2,21.29,23.40,0.84619,22.064,10.93,24.52,14,2
159.546,hall_mission,9x4.5,pi5,6.136,34.828,-1.952,-0.630,0.510,0.069,0.814,-0.59,-5.19,150.81,0.4616,0.4620,0.4771,0.4780,8240,28.275,720.8,380.6,475.7,22.6,498.3,21.30,23.40,0.84615,22.070,10.92,24.52,14,2
159.598,hall_mission,9x4.5,pi5,6.112,34.848,-1.949,-0.632,0.509,0.065,0.814,-0.58,-5.20,150.89,0.4627,0.4630,0.4759,0.4774,8241,28.279,720.9,380.7,475.8,22.6,498.4,21.30,23.40,0.84609,22.078,10.92,24.52,14,2
159.646,hall_mission,9x4.5,pi5,6.079,34.876,-1.946,-0.635,0.509,0.059,0.816,-0.58,-5.22,150.98,0.4636,0.4645,0.4746,0.4766,8243,28.287,721.1,380.8,476.0,22.6,498.6,21.31,23.40,0.84605,22.084,10.91,24.52,14,2
159.698,hall_mission,9x4.5,pi5,6.056,34.896,-1.944,-0.636,0.508,0.055,0.816,-0.57,-5.24,151.02,0.4647,0.4661,0.4743,0.4745,8244,28.293,721.3,380.9,476.1,22.6,498.7,21.32,23.40,0.84600,22.091,10.91,24.52,14,2
159.746,hall_mission,9x4.5,pi5,6.018,34.928,-1.941,-0.640,0.508,0.048,0.818,-0.56,-5.27,151.06,0.4661,0.4670,0.4726,0.4740,8244,28.296,721.3,380.9,476.2,22.6,498.8,21.32,23.40,0.84595,22.098,10.91,24.52,14,2
159.798,hall_mission,9x4.5,pi5,5.994,34.947,-1.939,-0.642,0.508,0.044,0.819,-0.56,-5.29,151.08,0.4670,0.4687,0.4718,0.4724,8245,28.298,721.4,381.0,476.2,22.6,498.8,21.32,23.40,0.84590,22.105,10.91,24.52,14,2
159.846,hall_mission,9x4.5,pi5,5.960,34.975,-1.937,-0.645,0.508,0.039,0.821,-0.56,-5.32,151.08,0.4682,0.4696,0.4704,0.4718,8245,28.301,721.5,381.0,476.3,22.6,498.9,21.32,23.40,0.84585,22.112,10.90,24.52,14,2
159.898,hall_mission,9x4.5,pi5,5.936,34.994,-1.935,-0.647,0.507,0.035,0.823,-0.55,-5.33,151.09,0.4684,0.4711,0.4702,0.4703,8245,28.299,721.4,381.0,476.2,22.6,498.8,21.32,23.40,0.84580,22.119,10.90,24.52,14,2
159.946,hall_mission,9x4.5,pi5,5.896,35.025,-1.933,-0.650,0.507,0.030,0.825,-0.55,-5.36,151.08,0.4700,0.4709,0.4684,0.4706,8245,28.299,721.4,381.0,476.2,22.6,498.8,21.32,23.40,0.84575,22.126,10.90,24.52,14,2
159.998,hall_mission,9x4.5,pi5,5.872,35.045,-1.932,-0.652,0.508,0.027,0.827,-0.54,-5.38,151.08,0.4705,0.4715,0.4686,0.4694,8245,28.298,721.4,381.0,476.2,22.6,498.8,21.32,23.39,0.84570,22.133,10.90,24.52,14,2
160.042,hall_mission,9x4.5,pi5,5.847,35.065,-1.931,-0.654,0.508,0.023,0.828,-0.54,-5.40,151.08,0.4699,0.4725,0.4689,0.4685,8244,28.296,721.4,380.9,476.2,22.6,498.8,21.32,23.39,0.84566,22.139,10.90,24.52,14,2
160.090,hall_mission,9x4.5,pi5,5.813,35.092,-1.929,-0.657,0.508,0.019,0.831,-0.52,-5.42,151.09,0.4702,0.4726,0.4680,0.4690,8244,28.294,721.3,380.9,476.1,22.6,498.7,21.32,23.39,0.84561,22.146,10.90,24.52,14,2
160.142,hall_mission,9x4.5,pi5,5.788,35.112,-1.929,-0.659,0.509,0.017,0.833,-0.50,-5.44,151.10,0.4707,0.4720,0.4672,0.4697,8244,28.292,721.2,380.8,476.0,22.6,498.6,21.31,23.39,0.84556,22.153,10.90,24.52,14,2
160.190,hall_mission,9x4.5,pi5,5.747,35.144,-1.928,-0.663,0.509,0.013,0.836,-0.48,-5.46,151.12,0.4703,0.4722,0.4676,0.4694,8243,28.290,721.2,380.8,476.0,22.6,498.6,21.31,23.39,0.84551,22.160,10.90,24.52,14,2
160.242,hall_mission,9x4.5,pi5,5.722,35.163,-1.927,-0.665,0.509,0.011,0.838,-0.48,-5.48,151.14,0.4706,0.4718,0.4678,0.4695,8244,28.292,721.3,380.9,476.1,22.6,498.7,21.32,23.39,0.84546,22.167,10.90,24.52,14,2
160.290,hall_mission,9x4.5,pi5,5.686,35.191,-1.926,-0.668,0.510,0.008,0.841,-0.47,-5.50,151.17,0.4699,0.4721,0.4685,0.4692,8244,28.294,721.3,380.9,476.1,22.6,498.7,21.32,23.39,0.84541,22.173,10.90,24.52,14,2
160.342,hall_mission,9x4.5,pi5,5.661,35.210,-1.926,-0.670,0.510,0.006,0.842,-0.47,-5.51,151.20,0.4701,0.4714,0.4681,0.4701,8244,28.292,721.2,380.8,476.0,22.6,498.6,21.32,23.39,0.84536,22.181,10.90,24.52,14,2
160.390,hall_mission,9x4.5,pi5,5.620,35.241,-1.926,-0.674,0.510,0.003,0.845,-0.47,-5.53,151.24,0.4697,0.4713,0.4687,0.4698,8243,28.290,721.2,380.8,476.0,22.6,498.6,21.31,23.39,0.84531,22.187,10.90,24.52,14,2
160.442,hall_mission,9x4.5,pi5,5.594,35.260,-1.926,-0.676,0.509,0.001,0.846,-0.46,-5.54,151.27,0.4695,0.4710,0.4686,0.4704,8243,28.288,721.1,380.8,475.9,22.6,498.5,21.31,23.39,0.84526,22.194,10.90,24.52,14,2
160.490,hall_mission,9x4.5,pi5,5.558,35.287,-1.925,-0.679,0.509,-0.002,0.848,-0.46,-5.56,151.31,0.4696,0.4705,0.4696,0.4699,8244,28.292,721.2,380.8,476.0,22.6,498.6,21.32,23.39,0.84521,22.201,10.90,24.52,14,2
160.542,hall_mission,9x4.5,pi5,5.531,35.306,-1.925,-0.681,0.509,-0.003,0.850,-0.47,-5.58,151.35,0.4693,0.4706,0.4691,0.4709,8245,28.297,721.4,380.9,476.2,22.6,498.8,21.32,23.39,0.84516,22.208,10.89,24.52,14,2
160.590,hall_mission,9x4.5,pi5,5.489,35.337,-1.925,-0.684,0.509,-0.006,0.852,-0.46,-5.60,151.39,0.4690,0.4706,0.4701,0.4703,8245,28.301,721.5,381.0,476.3,22.6,498.9,21.33,23.39,0.84511,22.215,10.89,24.52,14,2
160.642,hall_mission,9x4.5,pi5,5.463,35.356,-1.925,-0.686,0.509,-0.007,0.854,-0.47,-5.62,151.42,0.4692,0.4702,0.4697,0.4711,8246,28.307,721.6,381.1,476.4,22.6,499.0,21.33,23.39,0.84506,22.222,10.89,24.52,14,2
160.690,hall_mission,9x4.5,pi5,5.425,35.382,-1.925,-0.689,0.509,-0.009,0.856,-0.47,-5.64,151.47,0.4685,0.4707,0.4700,0.4709,8245,28.303,721.5,381.1,476.3,22.6,498.9,21.33,23.39,0.84502,22.229,10.89,24.52,14,2
160.742,hall_mission,9x4.5,pi5,5.398,35.401,-1.925,-0.691,0.509,-0.010,0.858,-0.47,-5.65,151.50,0.4688,0.4702,0.4696,0.4713,8245,28.298,721.4,381.0,476.2,22.6,498.8,21.32,23.39,0.84496,22.236,10.89,24.51,14,2
160.790,hall_mission,9x4.5,pi5,5.355,35.431,-1.925,-0.695,0.508,-0.012,0.861,-0.47,-5.68,151.54,0.4689,0.4700,0.4698,0.4711,8244,28.295,721.3,380.9,476.1,22.6,498.7,21.32,23.39,0.84492,22.243,10.89,24.51,14,2
160.842,hall_mission,9x4.5,pi5,5.327,35.450,-1.926,-0.697,0.508,-0.013,0.862,-0.47,-5.69,151.56,0.4690,0.4698,0.4698,0.4711,8244,28.293,721.3,380.9,476.1,22.6,498.7,21.32,23.39,0.84487,22.250,10.89,24.51,14,2
160.890,hall_mission,9x4.5,pi5,5.289,35.476,-1.926,-0.700,0.508,-0.015,0.865,-0.47,-5.71,151.60,0.4685,0.4705,0.4703,0.4705,8244,28.295,721.3,380.9,476.1,22.6,498.7,21.32,23.39,0.84482,22.257,10.89,24.51,14,2
160.942,hall_mission,9x4.5,pi5,5.261,35.495,-1.926,-0.702,0.508,-0.015,0.867,-0.48,-5.72,151.62,0.4691,0.4701,0.4698,0.4709,8245,28.299,721.4,381.0,476.2,22.6,498.8,21.33,23.39,0.84477,22.264,10.88,24.51,14,2
160.990,hall_mission,9x4.5,pi5,5.217,35.526,-1.927,-0.705,0.509,-0.017,0.870,-0.47,-5.74,151.65,0.4685,0.4707,0.4702,0.4704,8244,28.296,721.3,380.9,476.1,22.6,498.7,21.32,23.39,0.84472,22.270,10.88,24.51,14,2
161.042,hall_mission,9x4.5,pi5,5.190,35.545,-1.928,-0.707,0.509,-0.017,0.871,-0.47,-5.76,151.67,0.4691,0.4702,0.4697,0.4706,8244,28.291,721.2,380.8,476.0,22.6,498.6,21.32,23.39,0.84467,22.278,10.89,24.51,14,2
161.090,hall_mission,9x4.5,pi5,5.151,35.571,-1.929,-0.709,0.509,-0.018,0.873,-0.46,-5.77,151.70,0.4739,0.4728,0.4776,0.4617,8267,28.455,725.4,384.2,480.3,22.6,502.9,21.51,23.38,0.84462,22.284,10.79,24.51,14,2
161.142,hall_mission,9x4.5,pi5,5.123,35.590,-1.929,-0.711,0.509,-0.021,0.875,-0.42,-5.73,151.72,0.6552,0.6309,0.3268,0.2696,8254,31.006,790.4,488.8,611.0,22.6,633.6,27.30,23.21,0.84456,22.293,8.50,24.51,14,2
161.190,hall_mission,9x4.5,pi5,5.078,35.621,-1.932,-0.716,0.508,-0.096,0.884,0.06,-4.21,152.24,0.8426,0.8319,0.0772,0.0795,8068,39.696,1012.0,854.9,1068.6,22.6,1091.2,48.33,22.58,0.84445,22.308,4.80,24.51,14,2
161.242,hall_mission,9x4.5,pi5,5.050,35.640,-1.939,-0.715,0.500,-0.243,0.905,0.46,-2.49,153.50,0.8223,0.8164,0.0000,0.0191,7082,37.171,947.6,802.0,1002.5,22.6,1025.1,45.22,22.67,0.84434,22.323,5.13,24.51,14,2
161.290,hall_mission,9x4.5,pi5,5.012,35.665,-1.960,-0.692,0.470,-0.452,0.951,1.06,0.14,157.22,0.7271,0.7432,0.0000,0.0473,6574,30.888,787.4,602.2,752.7,22.6,775.3,33.69,23.02,0.84426,22.333,6.88,24.51,14,2
161.342,hall_mission,9x4.5,pi5,4.985,35.682,-1.981,-0.660,0.440,-0.516,0.946,1.54,1.74,160.72,0.5995,0.6866,0.0000,0.1593,6312,25.608,652.8,435.9,544.8,22.6,567.4,24.36,23.29,0.84421,22.341,9.52,24.51,14,2
161.390,hall_mission,9x4.5,pi5,4.946,35.705,-2.019,-0.595,0.383,-0.494,0.863,2.67,2.84,167.09,0.4699,0.4422,0.1832,0.3460,6655,19.539,498.1,234.3,292.9,22.6,315.5,13.35,23.62,0.84418,22.346,17.36,24.51,14,2
161.442,hall_mission,9x4.5,pi5,4.925,35.717,-2.040,-0.558,0.348,-0.406,0.773,3.02,1.95,171.65,0.2096,0.2000,0.5483,0.5519,6904,22.451,572.3,311.9,389.9,22.6,412.5,17.55,23.50,0.84413,22.351,13.21,24.51,14,2
161.490,hall_mission,9x4.5,pi5,4.897,35.732,-2.062,-0.518,0.306,-0.291,0.668,2.19,-0.54,177.96,0.0773,0.0437,0.7187,0.7095,7047,30.026,765.4,560.5,700.6,22.6,723.2,31.33,23.08,0.84406,22.361,7.40,24.51,14,2
161.542,hall_mission,9x4.5,pi5,4.878,35.741,-2.075,-0.502,0.279,-0.293,0.645,1.32,-2.19,-178.60,0.0502,0.0000,0.7360,0.7273,6559,30.647,781.3,594.6,743.2,22.6,765.8,33.26,23.03,0.84398,22.372,6.97,24.51,14,2
161.590,hall_mission,9x4.5,pi5,4.849,35.753,-2.097,-0.502,0.248,-0.344,0.657,-0.01,-4.24,-174.86,0.0560,0.0000,0.7070,0.7033,6388,28.792,734.0,539.8,674.8,22.6,697.4,30.16,23.12,0.84392,22.381,7.68,24.51,14,2
161.642,hall_mission,9x4.5,pi5,4.830,35.759,-2.111,-0.513,0.236,-0.350,0.664,-0.81,-5.23,-173.26,0.0480,0.0000,0.7004,0.6885,6281,27.995,713.7,518.5,648.1,22.6,670.7,28.97,23.15,0.84385,22.391,8.00,24.51,14,2
161.690,hall_mission,9x4.5,pi5,4.803,35.767,-2.130,-0.536,0.225,-0.339,0.672,-1.85,-6.21,-172.14,0.0354,0.0000,0.6973,0.6914,6235,27.910,711.5,517.8,647.3,22.6,669.9,28.93,23.16,0.84378,22.400,8.01,24.51,14,2
161.742,hall_mission,9x4.5,pi5,4.782,35.772,-2.144,-0.556,0.222,-0.326,0.681,-2.41,-6.57,-172.24,0.0457,0.0259,0.6732,0.6698,6558,26.748,681.9,475.7,594.7,22.6,617.3,26.58,23.23,0.84372,22.409,8.72,24.51,14,2
161.790,hall_mission,9x4.5,pi5,4.747,35.781,-2.164,-0.589,0.223,-0.289,0.693,-3.03,-6.80,-173.59,0.0989,0.0934,0.6149,0.6103,6569,23.799,606.7,380.4,475.5,22.6,498.1,21.30,23.38,0.84367,22.416,10.88,24.51,14,2
161.842,hall_mission,9x4.5,pi5,4.723,35.787,-2.174,-0.605,0.227,-0.234,0.687,-3.31,-6.83,-175.17,0.1717,0.1777,0.5566,0.5546,6725,22.004,560.9,311.3,389.2,22.6,411.8,17.52,23.50,0.84363,22.422,13.22,24.51,14,2
161.890,hall_mission,9x4.5,pi5,4.689,35.796,-2.184,-0.623,0.235,-0.123,0.677,-3.53,-6.80,-178.30,0.2474,0.2565,0.5096,0.5100,6953,21.583,550.2,278.1,347.6,22.6,370.2,15.72,23.55,0.84359,22.427,14.74,24.51,14,2
161.942,hall_mission,9x4.5,pi5,4.664,35.804,-2.186,-0.632,0.242,-0.035,0.678,-3.55,-6.79,179.26,0.3289,0.3361,0.4658,0.4652,7216,22.063,562.4,269.1,336.3,22.6,358.9,15.23,23.56,0.84356,22.432,15.21,24.51,14,2
161.990,hall_mission,9x4.5,pi5,4.622,35.816,-2.181,-0.645,0.257,0.093,0.700,-3.39,-6.84,175.34,0.3988,0.4041,0.4313,0.4318,7470,23.247,592.6,284.0,355.0,22.6,377.6,16.04,23.54,0.84352,22.437,14.44,24.51,14,2
162.042,hall_mission,9x4.5,pi5,4.595,35.825,-2.173,-0.653,0.268,0.155,0.723,-3.20,-6.90,172.67,0.4641,0.4670,0.4019,0.4012,7717,24.880,634.3,315.8,394.7,22.6,417.3,17.77,23.49,0.84348,22.443,13.04,24.51,14,2
162.090,hall_mission,9x4.5,pi5,4.557,35.839,-2.159,-0.666,0.286,0.213,0.756,-2.83,-6.98,168.81,0.5095,0.5113,0.3779,0.3781,7871,26.176,667.3,346.3,432.9,22.6,455.5,19.43,23.44,0.84344,22.449,11.92,24.51,14,2
162.142,hall_mission,9x4.5,pi5,4.530,35.850,-2.147,-0.676,0.299,0.236,0.776,-2.55,-7.02,166.44,0.5429,0.5451,0.3587,0.3588,7975,27.227,694.1,374.1,467.6,22.6,490.2,20.96,23.39,0.84339,22.456,11.05,24.51,14,2
162.190,hall_mission,9x4.5,pi5,4.484,35.868,-2.126,-0.693,0.321,0.247,0.803,-2.12,-7.03,163.31,0.5620,0.5640,0.3477,0.3488,8037,27.898,711.2,392.6,490.7,22.6,513.3,21.97,23.36,0.84334,22.463,10.54,24.51,14,2
162.242,hall_mission,9x4.5,pi5,4.455,35.881,-2.113,-0.704,0.334,0.244,0.816,-1.85,-7.00,161.55,0.5717,0.5727,0.3437,0.3451,8076,28.284,721.0,402.9,503.6,22.6,526.2,22.54,23.34,0.84328,22.470,10.27,24.51,14,2
162.290,hall_mission,9x4.5,pi5,4.413,35.899,-2.096,-0.718,0.351,0.233,0.832,-1.49,-6.91,159.47,0.5712,0.5728,0.3467,0.3476,8094,28.377,723.4,404.3,505.3,22.6,527.9,22.62,23.34,0.84323,22.477,10.24,24.51,14,2
162.342,hall_mission,9x4.5,pi5,4.383,35.913,-2.085,-0.728,0.362,0.223,0.843,-1.28,-6.83,158.44,0.5640,0.5657,0.3551,0.3567,8106,28.308,721.6,399.9,499.9,22.6,522.5,22.38,23.35,0.84318,22.485,10.35,24.51,14,2
162.390,hall_mission,9x4.5,pi5,4.333,35.937,-2.069,-0.741,0.377,0.208,0.857,-1.04,-6.69,157.40,0.5532,0.5547,0.3677,0.3687,8116,28.174,718.2,393.4,491.7,22.6,514.3,22.02,23.36,0.84313,22.492,10.52,24.51,14,2
162.442,hall_mission,9x4.5,pi5,4.301,35.952,-2.060,-0.749,0.385,0.199,0.865,-0.91,-6.60,157.01,0.5385,0.5403,0.3834,0.3858,8129,28.031,714.6,386.0,482.5,22.6,505.1,21.61,23.37,0.84308,22.499,10.71,24.51,14,2
162.490,hall_mission,9x4.5,pi5,4.256,35.974,-2.047,-0.758,0.395,0.189,0.875,-0.77,-6.47,156.81,0.5238,0.5258,0.3998,0.4025,8143,27.939,712.3,380.4,475.5,22.6,498.1,21.30,23.38,0.84303,22.506,10.87,24.51,14,2
162.542,hall_mission,9x4.5,pi5,4.224,35.990,-2.039,-0.763,0.401,0.184,0.881,-0.71,-6.39,156.89,0.5080,0.5099,0.4184,0.4203,8160,27.897,711.2,376.4,470.5,22.6,493.1,21.09,23.39,0.84298,22.513,10.98,24.51,14,2
162.590,hall_mission,9x4.5,pi5,4.172,36.017,-2.027,-0.771,0.408,0.175,0.890,-0.65,-6.29,157.23,0.4940,0.4967,0.4346,0.4361,8178,27.919,711.7,374.9,468.6,22.6,491.2,21.00,23.39,0.84293,22.519,11.02,24.51,14,2
162.642,hall_mission,9x4.5,pi5,4.140,36.034,-2.020,-0.775,0.412,0.171,0.894,-0.63,-6.23,157.57,0.4817,0.4827,0.4500,0.4521,8197,27.991,713.6,375.2,469.0,22.6,491.6,21.02,23.39,0.84288,22.527,11.01,24.51,14,2
162.690,hall_mission,9x4.5,pi5,4.094,36.058,-2.010,-0.780,0.416,0.163,0.899,-0.61,-6.16,158.16,0.4709,0.4731,0.4624,0.4642,8211,28.068,715.5,376.4,470.4,22.6,493.0,21.08,23.38,0.84283,22.533,10.98,24.51,14,2
162.742,hall_mission,9x4.5,pi5,4.062,36.075,-2.004,-0.784,0.418,0.157,0.902,-0.61,-6.12,158.58,0.4657,0.4802,0.4694,0.4590,8224,28.164,718.0,378.4,472.9,22.6,495.5,21.19,23.38,0.84278,22.540,10.92,24.51,14,2
162.790,hall_mission,9x4.5,pi5,4.009,36.103,-1.994,-0.789,0.421,0.147,0.906,-0.45,-6.07,159.20,0.4984,0.5002,0.4377,0.4399,8231,28.286,721.1,382.3,477.9,22.6,500.5,21.41,23.37,0.84274,22.547,10.81,24.51,14,2
162.842,hall_mission,9x4.5,pi5,3.976,36.121,-1.989,-0.793,0.421,0.137,0.908,-0.17,-6.02,159.68,0.5185,0.5170,0.4171,0.4219,8225,28.375,723.4,386.8,483.5,22.6,506.1,21.66,23.37,0.84268,22.554,10.68,24.51,14,2
162.890,hall_mission,9x4.5,pi5,3.930,36.145,-1.982,-0.800,0.416,0.123,0.910,0.27,-5.95,160.57,0.5212,0.5197,0.4139,0.4179,8219,28.360,723.0,387.0,483.8,22.6,506.4,21.67,23.37,0.84264,22.561,10.68,24.51,14,2
162.942,hall_mission,9x4.5,pi5,3.896,36.162,-1.977,-0.804,0.410,0.115,0.910,0.49,-5.93,161.31,0.5128,0.5123,0.4208,0.4265,8218,28.286,721.1,384.2,480.2,22.6,502.8,21.52,23.37,0.84258,22.568,10.75,24.51,14,2
162.990,hall_mission,9x4.5,pi5,3.842,36.188,-1.971,-0.812,0.398,0.104,0.910,0.70,-5.91,162.62,0.4989,0.4999,0.4348,0.4386,8217,28.195,718.8,380.6,475.8,22.6,498.4,21.32,23.38,0.84254,22.575,10.85,24.51,14,2
163.042,hall_mission,9x4.5,pi5,3.808,36.204,-1.967,-0.817,0.388,0.098,0.910,0.76,-5.90,163.60,0.4906,0.5058,0.4466,0.4310,8224,28.237,719.8,381.4,476.7,22.6,499.3,21.36,23.37,0.84249,22.582,10.83,24.51,14,2
163.090,hall_mission,9x4.5,pi5,3.760,36.225,-1.963,-0.824,0.374,0.089,0.910,0.97,-5.88,165.18,0.5221,0.5235,0.4128,0.4149,8221,28.394,723.9,388.1,485.1,22.6,507.7,21.73,23.36,0.84244,22.589,10.64,24.51,14,2
163.142,hall_mission,9x4.5,pi5,3.726,36.240,-1.960,-0.830,0.362,0.080,0.909,1.27,-5.84,166.35,0.5359,0.5331,0.3979,0.4026,8207,28.436,724.9,391.6,489.6,22.6,512.2,21.93,23.36,0.84238,22.596,10.55,24.51,14,2
163.190,hall_mission,9x4.5,pi5,3.671,36.262,-1.956,-0.838,0.337,0.067,0.906,1.69,-5.78,168.36,0.5283,0.5278,0.4024,0.4080,8196,28.298,721.4,387.6,484.5,22.6,507.1,21.70,23.36,0.84234,22.603,10.65,24.51,14,2
163.242,hall_mission,9x4.5,pi5,3.636,36.274,-1.954,-0.844,0.318,0.062,0.904,1.90,-5.77,169.89,0.5056,0.4922,0.4221,0.4439,8187,28.003,713.9,377.0,471.3,22.6,493.9,21.13,23.38,0.84229,22.610,10.95,24.51,14,2
163.290,hall_mission,9x4.5,pi5,3.587,36.291,-1.952,-0.850,0.291,0.055,0.900,1.86,-5.81,172.33,0.4494,0.4499,0.4788,0.4849,8184,27.903,711.3,373.5,466.8,22.6,489.4,20.93,23.39,0.84224,22.617,11.05,24.51,14,2
163.342,hall_mission,9x4.5,pi5,3.552,36.302,-1.950,-0.855,0.272,0.050,0.898,1.56,-5.87,173.95,0.4056,0.4057,0.5245,0.5254,8177,28.147,717.5,384.1,480.2,22.6,502.8,21.51,23.37,0.84219,22.624,10.75,24.51,14,2
163.390,hall_mission,9x4.5,pi5,3.496,36.317,-1.947,-0.861,0.245,0.039,0.897,1.00,-5.95,176.14,0.3786,0.3814,0.5493,0.5488,8166,28.383,723.6,395.1,493.9,22.6,516.5,22.12,23.35,0.84214,22.631,10.45,24.51,14,2
163.442,hall_mission,9x4.5,pi5,3.460,36.326,-1.946,-0.865,0.232,0.032,0.896,0.63,-5.98,177.36,0.3658,0.3670,0.5606,0.5602,8149,28.469,725.8,400.7,500.9,22.6,523.5,22.43,23.34,0.84208,22.638,10.31,24.51,14,2
163.490,hall_mission,9x4.5,pi5,3.411,36.337,-1.945,-0.871,0.216,0.022,0.897,0.15,-6.00,178.73,0.3629,0.3659,0.5604,0.5607,8136,28.398,723.9,399.6,499.5,22.6,522.1,22.37,23.34,0.84203,22.645,10.33,24.51,14,2
163.542,hall_mission,9x4.5,pi5,3.376,36.345,-1.945,-0.874,0.207,0.017,0.899,-0.12,-6.00,179.34,0.3698,0.3720,0.5526,0.5535,8129,28.233,719.7,394.0,492.5,22.6,515.1,22.06,23.35,0.84198,22.653,10.48,24.51,14,2
163.590,hall_mission,9x4.5,pi5,3.319,36.356,-1.944,-0.879,0.197,0.013,0.901,-0.41,-6.00,179.81,0.3803,0.3844,0.5413,0.5414,8127,28.046,715.0,386.8,483.5,22.6,506.1,21.66,23.36,0.84193,22.660,10.67,24.51,14,2
163.642,hall_mission,9x4.5,pi5,3.283,36.363,-1.944,-0.882,0.192,0.012,0.903,-0.55,-6.00,179.86,0.3971,0.3997,0.5250,0.5266,8130,27.874,710.6,379.5,474.3,22.6,496.9,21.26,23.37,0.84188,22.667,10.87,24.51,14,2
163.686,hall_mission,9x4.5,pi5,3.233,36.372,-1.944,-0.885,0.186,0.014,0.904,-0.69,-5.99,179.63,0.4123,0.4141,0.5116,0.5121,8137,27.777,708.1,374.7,468.4,22.6,491.0,21.00,23.38,0.84184,22.673,11.00,24.51,14,2
163.734,hall_mission,9x4.5,pi5,3.198,36.378,-1.944,-0.886,0.184,0.016,0.905,-0.74,-6.00,179.31,0.4285,0.4308,0.4961,0.4983,8149,27.748,707.4,371.9,464.9,22.6,487.5,20.84,23.39,0.84179,22.679,11.08,24.50,14,2
163.786,hall_mission,9x4.5,pi5,3.141,36.388,-1.944,-0.889,0.180,0.020,0.907,-0.77,-6.01,178.67,0.4448,0.4480,0.4820,0.4834,8166,27.788,708.4,371.3,464.1,22.6,486.7,20.81,23.39,0.84174,22.686,11.10,24.50,14,2
163.834,hall_mission,9x4.5,pi5,3.106,36.395,-1.944,-0.890,0.179,0.023,0.908,-0.76,-6.03,178.18,0.4592,0.4605,0.4708,0.4715,8180,27.857,710.2,372.2,465.2,22.6,487.8,20.86,23.38,0.84170,22.693,11.07,24.50,14,2
163.886,hall_mission,9x4.5,pi5,3.056,36.403,-1.944,-0.892,0.177,0.025,0.910,-0.73,-6.05,177.42,0.4709,0.4726,0.4603,0.4614,8192,27.937,712.2,373.7,467.2,22.6,489.8,20.95,23.38,0.84165,22.700,11.03,24.50,14,2
163.934,hall_mission,9x4.5,pi5,3.020,36.410,-1.943,-0.894,0.177,0.026,0.911,-0.71,-6.07,176.92,0.4792,0.4811,0.4528,0.4548,8201,28.017,714.2,375.6,469.5,22.6,492.1,21.05,23.38,0.84160,22.706,10.97,24.50,14,2
163.986,hall_mission,9x4.5,pi5,2.962,36.420,-1.942,-0.896,0.176,0.027,0.914,-0.66,-6.10,176.24,0.4855,0.4876,0.4481,0.4494,8211,28.100,716.4,377.6,472.0,22.6,494.6,21.16,23.37,0.84155,22.714,10.91,24.50,14,2
164.034,hall_mission,9x4.5,pi5,2.925,36.426,-1.942,-0.898,0.176,0.027,0.916,-0.63,-6.12,175.85,0.4894,0.4907,0.4457,0.4466,8218,28.155,717.8,378.9,473.7,22.6,496.3,21.23,23.37,0.84150,22.720,10.88,24.50,14,2
164.086,hall_mission,9x4.5,pi5,2.874,36.435,-1.941,-0.901,0.176,0.026,0.919,-0.58,-6.14,175.37,0.4906,0.4925,0.4451,0.4457,8223,28.196,718.8,379.8,474.8,22.6,497.4,21.28,23.37,0.84145,22.727,10.85,24.50,14,2
164.130,hall_mission,9x4.5,pi5,2.837,36.441,-1.940,-0.903,0.176,0.025,0.921,-0.56,-6.15,175.12,0.4902,0.4926,0.4457,0.4466,8227,28.222,719.5,380.3,475.4,22.6,498.0,21.31,23.37,0.84141,22.734,10.84,24.50,14,2
164.178,hall_mission,9x4.5,pi5,2.800,36.448,-1.940,-0.905,0.176,0.023,0.922,-0.53,-6.16,174.93,0.4886,0.4912,0.4475,0.4485,8230,28.234,719.8,380.4,475.5,22.6,498.1,21.32,23.37,0.84136,22.740,10.83,24.50,14,2
164.230,hall_mission,9x4.5,pi5,2.741,36.458,-1.939,-0.908,0.176,0.021,0.925,-0.49,-6.17,174.75,0.4870,0.4876,0.4499,0.4518,8232,28.237,719.9,380.3,475.4,22.6,498.0,21.31,23.37,0.84131,22.747,10.83,24.50,14,2
164.278,hall_mission,9x4.5,pi5,2.704,36.464,-1.939,-0.910,0.176,0.019,0.927,-0.48,-6.18,174.69,0.4834,0.4852,0.4532,0.4548,8233,28.237,719.9,380.1,475.2,22.6,497.8,21.30,23.37,0.84126,22.754,10.84,24.50,14,2
164.326,hall_mission,9x4.5,pi5,2.653,36.474,-1.938,-0.913,0.177,0.017,0.930,-0.47,-6.19,174.68,0.4801,0.4821,0.4566,0.4580,8233,28.233,719.7,379.9,474.9,22.6,497.5,21.29,23.37,0.84121,22.761,10.84,24.50,14,2
164.378,hall_mission,9x4.5,pi5,2.616,36.480,-1.938,-0.914,0.177,0.015,0.931,-0.47,-6.20,174.71,0.4767,0.4784,0.4604,0.4613,8234,28.228,719.6,379.7,474.6,22.6,497.2,21.28,23.37,0.84116,22.768,10.85,24.50,14,2
164.430,hall_mission,9x4.5,pi5,2.557,36.491,-1.938,-0.917,0.176,0.013,0.934,-0.47,-6.21,174.80,0.4732,0.4754,0.4633,0.4650,8234,28.225,719.5,379.5,474.4,22.6,497.0,21.27,23.37,0.84111,22.775,10.85,24.50,14,2
164.478,hall_mission,9x4.5,pi5,2.520,36.497,-1.938,-0.918,0.176,0.011,0.935,-0.47,-6.21,174.87,0.4706,0.4727,0.4661,0.4677,8235,28.229,719.6,379.6,474.5,22.6,497.1,21.27,23.37,0.84106,22.782,10.85,24.50,14,2
164.530,hall_mission,9x4.5,pi5,2.468,36.506,-1.938,-0.920,0.175,0.010,0.937,-0.47,-6.23,175.00,0.4682,0.4703,0.4685,0.4702,8235,28.231,719.7,379.6,474.5,22.6,497.1,21.27,23.37,0.84101,22.789,10.85,24.50,14,2
164.578,hall_mission,9x4.5,pi5,2.430,36.512,-1.938,-0.922,0.175,0.008,0.938,-0.48,-6.23,175.09,0.4666,0.4685,0.4705,0.4715,8235,28.230,719.7,379.6,474.5,22.6,497.1,21.27,23.37,0.84096,22.795,10.85,24.50,14,2
164.630,hall_mission,9x4.5,pi5,2.370,36.522,-1.939,-0.924,0.174,0.007,0.941,-0.48,-6.25,175.22,0.4654,0.4671,0.4715,0.4732,8235,28.230,719.7,379.6,474.5,22.6,497.1,21.27,23.37,0.84091,22.803,10.85,24.50,14,2
164.678,hall_mission,9x4.5,pi5,2.332,36.528,-1.939,-0.926,0.174,0.006,0.942,-0.49,-6.25,175.29,0.4647,0.4663,0.4725,0.4738,8235,28.236,719.8,379.7,474.7,22.6,497.3,21.28,23.37,0.84087,22.809,10.84,24.50,14,2
164.726,hall_mission,9x4.5,pi5,2.280,36.537,-1.939,-0.928,0.173,0.005,0.944,-0.49,-6.27,175.38,0.4644,0.4660,0.4725,0.4747,8237,28.244,720.0,379.9,474.9,22.6,497.5,21.29,23.37,0.84082,22.816,10.84,24.50,14,2
164.778,hall_mission,9x4.5,pi5,2.242,36.543,-1.940,-0.930,0.172,0.004,0.946,-0.50,-6.27,175.43,0.4645,0.4662,0.4732,0.4743,8238,28.256,720.3,380.1,475.2,22.6,497.8,21.30,23.37,0.84077,22.823,10.83,24.50,14,2
164.830,hall_mission,9x4.5,pi5,2.181,36.553,-1.940,-0.933,0.171,0.002,0.948,-0.49,-6.29,175.49,0.4693,0.4837,0.4695,0.4563,8241,28.279,720.9,380.7,475.9,22.6,498.5,21.34,23.36,0.84072,22.830,10.81,24.50,14,2
164.878,hall_mission,9x4.5,pi5,2.143,36.560,-1.940,-0.935,0.171,-0.001,0.950,-0.38,-6.30,175.52,0.5104,0.5137,0.4254,0.4275,8234,28.386,723.6,386.0,482.5,22.6,505.1,21.62,23.36,0.84067,22.837,10.67,24.50,14,2
164.930,hall_mission,9x4.5,pi5,2.090,36.569,-1.940,-0.938,0.168,-0.010,0.952,0.08,-6.27,175.73,0.5374,0.5361,0.3963,0.4004,8209,28.475,725.9,392.9,491.2,22.6,513.8,22.01,23.34,0.84061,22.844,10.48,24.50,14,2
164.978,hall_mission,9x4.5,pi5,2.052,36.575,-1.941,-0.940,0.163,-0.017,0.954,0.40,-6.25,176.05,0.5423,0.5412,0.3881,0.3925,8188,28.409,724.2,393.2,491.5,22.6,514.1,22.02,23.34,0.84057,22.851,10.47,24.50,14,2
165.030,hall_mission,9x4.5,pi5,1.991,36.584,-1.943,-0.942,0.151,-0.024,0.955,0.76,-6.22,176.85,0.5336,0.5340,0.3937,0.3993,8175,28.234,719.8,387.9,484.9,22.6,507.5,21.73,23.35,0.84051,22.859,10.61,24.50,14,2
165.078,hall_mission,9x4.5,pi5,1.953,36.590,-1.944,-0.944,0.141,-0.025,0.954,0.90,-6.21,177.60,0.5189,0.5189,0.4089,0.4125,8170,28.043,714.9,380.9,476.2,22.6,498.8,21.35,23.36,0.84047,22.865,10.80,24.50,14,2
165.130,hall_mission,9x4.5,pi5,1.900,36.597,-1.946,-0.945,0.126,-0.024,0.954,0.99,-6.22,178.97,0.4987,0.4994,0.4281,0.4329,8169,27.884,710.8,374.7,468.4,22.6,491.0,21.01,23.37,0.84042,22.872,10.98,24.50,14,2
165.178,hall_mission,9x4.5,pi5,1.861,36.601,-1.947,-0.946,0.115,-0.023,0.953,0.97,-6.24,180.00,0.4795,0.4808,0.4486,0.4513,8173,27.830,709.5,372.0,464.9,22.6,487.5,20.86,23.38,0.84037,22.879,11.05,24.50,14,2
165.230,hall_mission,9x4.5,pi5,1.800,36.608,-1.949,-0.947,0.098,-0.019,0.952,0.85,-6.27,-178.39,0.4605,0.4623,0.4690,0.4705,8181,27.862,710.3,372.2,465.3,22.6,487.9,20.87,23.38,0.84032,22.886,11.04,24.50,14,2
165.278,hall_mission,9x4.5,pi5,1.761,36.611,-1.950,-0.947,0.087,-0.016,0.951,0.76,-6.29,-177.32,0.4460,0.4476,0.4847,0.4859,8188,27.943,712.3,374.5,468.1,22.6,490.7,20.99,23.37,0.84027,22.892,10.98,24.50,14,2
165.330,hall_mission,9x4.5,pi5,1.707,36.615,-1.951,-0.948,0.072,-0.013,0.951,0.63,-6.31,-175.80,0.4524,0.4604,0.4787,0.4756,8198,27.991,713.6,375.0,468.7,22.6,491.3,21.02,23.37,0.84022,22.900,10.96,24.50,14,2
165.378,hall_mission,9x4.5,pi5,1.669,36.617,-1.951,-0.949,0.062,-0.011,0.951,0.70,-6.31,-174.85,0.4752,0.4794,0.4563,0.4579,8204,28.030,714.6,375.7,469.7,22.6,492.3,21.07,23.37,0.84017,22.906,10.94,24.50,14,2
165.430,hall_mission,9x4.5,pi5,1.607,36.620,-1.951,-0.949,0.043,-0.011,0.950,0.90,-6.29,-173.42,0.4880,0.4875,0.4442,0.4492,8205,28.063,715.4,377.0,471.2,22.6,493.8,21.13,23.37,0.84012,22.913,10.90,24.50,14,2
165.478,hall_mission,9x4.5,pi5,1.569,36.621,-1.952,-0.949,0.030,-0.010,0.949,1.01,-6.29,-172.43,0.4875,0.4866,0.4460,0.4497,8208,28.082,715.9,377.3,471.6,22.6,494.2,21.15,23.37,0.84008,22.920,10.89,24.50,14,2
165.530,hall_mission,9x4.5,pi5,1.515,36.621,-1.953,-0.948,0.010,-0.008,0.948,1.08,-6.30,-170.89,0.4796,0.4790,0.4535,0.4594,8214,28.101,716.4,377.2,471.5,22.6,494.1,21.15,23.37,0.84003,22.927,10.90,24.50,14,2
165.578,hall_mission,9x4.5,pi5,1.476,36.621,-1.953,-0.948,-0.004,-0.007,0.948,1.07,-6.32,-169.82,0.4681,0.4692,0.4657,0.4689,8216,28.098,716.3,376.9,471.2,22.6,493.8,21.13,23.37,0.83998,22.934,10.90,24.50,14,2
165.630,hall_mission,9x4.5,pi5,1.414,36.619,-1.955,-0.947,-0.027,-0.007,0.947,0.96,-6.34,-168.24,0.4615,0.4756,0.4747,0.4613,8220,28.132,717.2,377.7,472.1,22.6,494.7,21.17,23.36,0.83993,22.941,10.88,24.50,14,2
165.678,hall_mission,9x4.5,pi5,1.376,36.617,-1.956,-0.946,-0.042,-0.008,0.947,0.98,-6.35,-167.20,0.4974,0.4986,0.4365,0.4394,8216,28.180,718.4,380.2,475.2,22.6,497.8,21.31,23.36,0.83988,22.947,10.81,24.50,14,2
165.730,hall_mission,9x4.5,pi5,1.322,36.612,-1.957,-0.945,-0.063,-0.012,0.947,1.30,-6.29,-165.56,0.5184,0.5158,0.4133,0.4200,8200,28.212,719.2,383.7,479.6,22.6,502.2,21.50,23.35,0.83983,22.955,10.71,24.49,14,2
165.779,hall_mission,9x4.5,pi5,1.283,36.608,-1.958,-0.943,-0.081,-0.015,0.947,1.51,-6.25,-164.36,0.5179,0.5172,0.4124,0.4175,8191,28.158,717.8,382.8,478.4,22.6,501.0,21.45,23.36,0.83978,22.961,10.74,24.49,14,2
165.831,hall_mission,9x4.5,pi5,1.222,36.601,-1.960,-0.938,-0.112,-0.015,0.944,1.69,-6.23,-162.35,0.5059,0.5048,0.4233,0.4302,8188,28.046,715.0,378.6,473.2,22.6,495.8,21.22,23.36,0.83973,22.968,10.85,24.49,14,2
165.879,hall_mission,9x4.5,pi5,1.183,36.594,-1.961,-0.933,-0.132,-0.014,0.943,1.71,-6.23,-160.90,0.4874,0.4882,0.4425,0.4460,8187,27.948,712.5,374.8,468.4,22.6,491.0,21.01,23.37,0.83968,22.975,10.96,24.49,14,2
165.931,hall_mission,9x4.5,pi5,1.131,36.584,-1.963,-0.927,-0.160,-0.013,0.940,1.61,-6.25,-158.62,0.4739,0.4870,0.4593,0.4458,8194,27.973,713.1,374.8,468.5,22.6,491.1,21.02,23.37,0.83963,22.982,10.96,24.49,14,2
165.979,hall_mission,9x4.5,pi5,1.093,36.576,-1.964,-0.921,-0.180,-0.011,0.939,1.61,-6.25,-157.08,0.4969,0.4983,0.4341,0.4378,8198,28.065,715.4,377.9,472.4,22.6,495.0,21.19,23.36,0.83959,22.989,10.87,24.49,14,2
166.031,hall_mission,9x4.5,pi5,1.034,36.560,-1.965,-0.911,-0.213,-0.010,0.936,1.80,-6.19,-154.69,0.5055,0.5034,0.4252,0.4323,8196,28.093,716.2,379.3,474.2,22.6,496.8,21.27,23.36,0.83953,22.996,10.83,24.49,14,2
166.079,hall_mission,9x4.5,pi5,0.997,36.550,-1.965,-0.903,-0.234,-0.010,0.933,1.90,-6.16,-153.01,0.4968,0.4978,0.4342,0.4382,8198,28.061,715.4,377.8,472.3,22.6,494.9,21.18,23.36,0.83949,23.002,10.87,24.49,14,2
166.131,hall_mission,9x4.5,pi5,0.947,36.533,-1.966,-0.890,-0.265,-0.008,0.929,1.92,-6.16,-150.37,0.4815,0.4794,0.4503,0.4567,8201,28.018,714.3,375.6,469.6,22.6,492.2,21.06,23.37,0.83944,23.010,10.93,24.49,14,2
166.179,hall_mission,9x4.5,pi5,0.912,36.520,-1.966,-0.881,-0.288,-0.007,0.927,1.84,-6.18,-148.58,0.4613,0.4614,0.4706,0.4750,8203,28.016,714.2,375.3,469.2,22.6,491.8,21.05,23.37,0.83939,23.016,10.94,24.49,14,2
166.231,hall_mission,9x4.5,pi5,0.856,36.498,-1.966,-0.865,-0.322,-0.007,0.923,1.62,-6.21,-145.94,0.4464,0.4593,0.4878,0.4766,8209,28.075,715.7,376.9,471.1,22.6,493.7,21.13,23.36,0.83934,23.023,10.89,24.49,14,2
166.279,hall_mission,9x4.5,pi5,0.821,36.482,-1.966,-0.856,-0.342,-0.007,0.921,1.55,-6.20,-144.24,0.4747,0.4758,0.4584,0.4617,8211,28.074,715.7,376.5,470.7,22.6,493.3,21.11,23.36,0.83929,23.030,10.90,24.49,14,2
166.331,hall_mission,9x4.5,pi5,0.774,36.460,-1.966,-0.841,-0.370,-0.008,0.919,1.70,-6.13,-141.72,0.4898,0.4900,0.4436,0.4469,8210,28.102,716.4,377.9,472.3,22.6,494.9,21.19,23.36,0.83924,23.037,10.86,24.49,14,2
166.379,hall_mission,9x4.5,pi5,0.740,36.443,-1.966,-0.829,-0.391,-0.008,0.917,1.83,-6.09,-140.02,0.4889,0.4881,0.4441,0.4494,8211,28.103,716.4,377.8,472.3,22.6,494.9,21.18,23.36,0.83919,23.044,10.86,24.49,14,2
166.431,hall_mission,9x4.5,pi5,0.688,36.415,-1.965,-0.807,-0.424,-0.006,0.912,1.94,-6.05,-137.41,0.4775,0.4757,0.4556,0.4632,8216,28.109,716.6,377.3,471.6,22.6,494.2,21.16,23.36,0.83914,23.051,10.88,24.49,14,2
166.479,hall_mission,9x4.5,pi5,0.655,36.396,-1.965,-0.792,-0.445,-0.006,0.909,1.90,-6.05,-135.65,0.4606,0.4610,0.4737,0.4774,8218,28.123,716.9,377.5,471.9,22.6,494.5,21.17,23.36,0.83910,23.057,10.87,24.49,14,2
166.531,hall_mission,9x4.5,pi5,0.611,36.368,-1.964,-0.772,-0.474,-0.007,0.906,1.68,-6.07,-133.06,0.4433,0.4419,0.4918,0.4957,8219,28.176,718.3,379.7,474.6,22.6,497.2,21.29,23.36,0.83904,23.064,10.81,24.49,14,2
166.579,hall_mission,9x4.5,pi5,0.581,36.347,-1.964,-0.758,-0.492,-0.008,0.904,1.48,-6.09,-131.42,0.4268,0.4279,0.5074,0.5097,8215,28.241,720.0,382.7,478.4,22.6,501.0,21.46,23.35,0.83900,23.071,10.72,24.49,14,2
166.631,hall_mission,9x4.5,pi5,0.533,36.312,-1.964,-0.736,-0.521,-0.012,0.902,1.13,-6.10,-129.16,0.4144,0.4140,0.5191,0.5228,8210,28.311,721.7,386.2,482.8,22.6,505.4,21.65,23.34,0.83895,23.078,10.63,24.49,14,2
166.679,hall_mission,9x4.5,pi5,0.504,36.289,-1.964,-0.724,-0.537,-0.014,0.902,0.89,-6.10,-127.83,0.4049,0.4071,0.5273,0.5291,8203,28.340,722.5,388.4,485.4,22.6,508.0,21.77,23.34,0.83890,23.085,10.57,24.49,14,2
166.731,hall_mission,9x4.5,pi5,0.464,36.257,-1.964,-0.709,-0.558,-0.017,0.902,0.53,-6.08,-126.12,0.4010,0.4022,0.5307,0.5326,8196,28.337,722.4,389.1,486.4,22.6,509.0,21.81,23.34,0.83884,23.093,10.54,24.49,14,2
166.779,hall_mission,9x4.5,pi5,0.436,36.233,-1.964,-0.699,-0.571,-0.019,0.902,0.31,-6.06,-125.19,0.4003,0.4024,0.5307,0.5318,8192,28.304,721.6,388.5,485.6,22.6,508.2,21.77,23.34,0.83880,23.099,10.56,24.49,14,2
166.831,hall_mission,9x4.5,pi5,0.392,36.194,-1.965,-0.685,-0.589,-0.020,0.904,0.01,-6.03,-124.12,0.4042,0.4054,0.5266,0.5285,8189,28.249,720.1,386.6,483.2,22.6,505.8,21.67,23.34,0.83874,23.107,10.61,24.49,14,2
166.879,hall_mission,9x4.5,pi5,0.364,36.169,-1.965,-0.678,-0.600,-0.020,0.905,-0.16,-6.00,-123.61,0.4090,0.4118,0.5216,0.5218,8188,28.180,718.4,384.0,480.0,22.6,502.6,21.53,23.35,0.83870,23.113,10.68,24.49,14,2
166.931,hall_mission,9x4.5,pi5,0.327,36.133,-1.966,-0.669,-0.612,-0.020,0.907,-0.38,-5.97,-123.11,0.4175,0.4195,0.5125,0.5146,8188,28.105,716.5,381.0,476.3,22.6,498.9,21.36,23.35,0.83864,23.121,10.76,24.49,14,2
166.979,hall_mission,9x4.5,pi5,0.300,36.107,-1.967,-0.663,-0.620,-0.019,0.908,-0.49,-5.95,-122.94,0.4258,0.4282,0.5047,0.5059,8189,28.052,715.1,378.7,473.4,22.6,496.0,21.24,23.35,0.83860,23.127,10.83,24.49,14,2
167.031,hall_mission,9x4.5,pi5,0.258,36.065,-1.968,-0.656,-0.632,-0.017,0.911,-0.63,-5.92,-122.87,0.4359,0.4374,0.4953,0.4972,8194,28.026,714.5,377.0,471.3,22.6,493.9,21.15,23.36,0.83855,23.134,10.87,24.49,14,2
167.079,hall_mission,9x4.5,pi5,0.231,36.039,-1.968,-0.652,-0.637,-0.015,0.912,-0.71,-5.91,-122.93,0.4439,0.4468,0.4876,0.4889,8199,28.025,714.4,376.3,470.3,22.6,492.9,21.10,23.36,0.83850,23.141,10.89,24.49,14,2
167.131,hall_mission,9x4.5,pi5,0.194,36.002,-1.968,-0.648,-0.644,-0.013,0.914,-0.79,-5.90,-123.12,0.4532,0.4550,0.4797,0.4813,8206,28.049,715.1,376.3,470.3,22.6,492.9,21.10,23.36,0.83845,23.148,10.89,24.49,14,2
167.179,hall_mission,9x4.5,pi5,0.168,35.976,-1.969,-0.645,-0.649,-0.011,0.915,-0.83,-5.89,-123.30,0.4606,0.4618,0.4737,0.4747,8212,28.077,715.8,376.6,470.7,22.6,493.3,21.12,23.36,0.83840,23.155,10.88,24.49,14,2
167.231,hall_mission,9x4.5,pi5,0.125,35.934,-1.969,-0.643,-0.654,-0.009,0.917,-0.87,-5.89,-123.60,0.4665,0.4685,0.4675,0.4698,8217,28.111,716.6,377.2,471.5,22.6,494.1,21.15,23.36,0.83835,23.162,10.86,24.49,14,2
167.279,hall_mission,9x4.5,pi5,0.099,35.908,-1.969,-0.641,-0.657,-0.008,0.918,-0.89,-5.90,-123.80,0.4710,0.4729,0.4644,0.4650,8221,28.138,717.3,377.8,472.2,22.6,494.8,21.19,23.35,0.83830,23.168,10.85,24.49,14,2
167.331,hall_mission,9x4.5,pi5,0.062,35.872,-1.969,-0.640,-0.660,-0.007,0.920,-0.91,-5.90,-124.09,0.4748,0.4763,0.4607,0.4627,8225,28.167,718.1,378.4,473.0,22.6,495.6,21.22,23.35,0.83825,23.176,10.83,24.49,14,2
167.379,hall_mission,9x4.5,pi5,0.035,35.846,-1.970,-0.640,-0.662,-0.007,0.921,-0.91,-5.91,-124.26,0.4761,0.4791,0.4592,0.4607,8227,28.185,718.5,378.8,473.5,22.6,496.1,21.25,23.35,0.83821,23.182,10.81,24.49,14,2
167.431,hall_mission,9x4.5,pi5,-0.007,35.806,-1.970,-0.639,-0.665,-0.006,0.922,-0.91,-5.93,-124.48,0.4778,0.4795,0.4587,0.4597,8230,28.203,719.0,379.2,474.0,22.6,496.6,21.27,23.35,0.83815,23.189,10.80,24.49,14,2
167.479,hall_mission,9x4.5,pi5,-0.033,35.781,-1.970,-0.638,-0.666,-0.006,0.922,-0.90,-5.94,-124.59,0.4786,0.4791,0.4584,0.4600,8231,28.216,719.3,379.5,474.3,22.6,496.9,21.28,23.35,0.83811,23.196,10.79,24.49,14,2
167.531,hall_mission,9x4.5,pi5,-0.070,35.745,-1.971,-0.637,-0.668,-0.006,0.923,-0.86,-5.96,-124.70,0.4778,0.4788,0.4582,0.4617,8232,28.221,719.4,379.6,474.4,22.6,497.0,21.29,23.35,0.83806,23.203,10.79,24.49,14,2
167.579,hall_mission,9x4.5,pi5,-0.097,35.720,-1.971,-0.637,-0.669,-0.006,0.923,-0.85,-5.98,-124.75,0.4757,0.4788,0.4600,0.4618,8232,28.215,719.3,379.4,474.2,22.6,496.8,21.28,23.35,0.83801,23.210,10.79,24.49,14,2
167.631,hall_mission,9x4.5,pi5,-0.139,35.681,-1.972,-0.637,-0.670,-0.006,0.924,-0.85,-6.00,-124.78,0.4754,0.4761,0.4611,0.4636,8231,28.210,719.2,379.3,474.1,22.6,496.7,21.27,23.35,0.83796,23.217,10.80,24.49,14,2
167.643,hall_mission,9x4.5,pi5,-0.139,35.681,-1.972,-0.637,-0.670,-0.006,0.924,-0.85,-6.00,-124.78,0.4748,0.4760,0.4615,0.4639,8231,28.208,719.1,379.2,474.0,22.6,496.6,21.27,23.35,0.83795,23.219,10.80,24.49,14,2
167.667,hall_mission,9x4.5,pi5,-0.165,35.656,-1.973,-0.637,-0.671,-0.006,0.925,-0.85,-6.02,-124.78,0.4734,0.4759,0.4633,0.4635,8231,28.205,719.0,379.1,473.9,22.6,496.5,21.26,23.35,0.83792,23.222,10.80,24.49,14,2
167.715,hall_mission,9x4.5,pi5,-0.192,35.631,-1.974,-0.637,-0.671,-0.006,0.925,-0.86,-6.03,-124.77,0.4721,0.4742,0.4639,0.4657,8230,28.198,718.9,379.0,473.7,22.6,496.3,21.26,23.35,0.83787,23.228,10.80,24.48,14,2
167.767,hall_mission,9x4.5,pi5,-0.229,35.596,-1.975,-0.637,-0.673,-0.008,0.927,-0.85,-5.99,-124.73,0.5062,0.4398,0.5002,0.4340,8246,28.403,724.1,385.0,481.3,22.6,503.9,21.59,23.34,0.83782,23.236,10.64,24.48,14,2
167.815,hall_mission,9x4.5,pi5,-0.255,35.571,-1.976,-0.637,-0.673,-0.015,0.926,-0.84,-5.09,-124.70,0.4244,0.4898,0.4326,0.5232,8209,28.200,718.9,381.9,477.4,22.6,500.0,21.42,23.34,0.83777,23.242,10.72,24.48,14,2
167.867,hall_mission,9x4.5,pi5,-0.297,35.531,-1.978,-0.627,-0.659,-0.028,0.910,-1.10,-3.68,-124.71,0.4050,0.4122,0.5130,0.5308,8176,28.117,716.8,383.0,478.8,22.6,501.4,21.48,23.34,0.83772,23.250,10.69,24.48,14,2
167.915,hall_mission,9x4.5,pi5,-0.322,35.507,-1.981,-0.621,-0.646,-0.034,0.897,-1.41,-3.64,-124.83,0.3719,0.3853,0.5508,0.5464,8152,28.301,721.5,393.6,492.0,22.6,514.6,22.06,23.32,0.83767,23.257,10.40,24.48,14,2
167.967,hall_mission,9x4.5,pi5,-0.357,35.473,-1.984,-0.616,-0.628,-0.042,0.880,-1.94,-4.11,-125.35,0.3677,0.3701,0.5562,0.5531,8126,28.245,720.0,394.8,493.5,22.6,516.1,22.13,23.32,0.83762,23.264,10.37,24.48,14,2
168.015,hall_mission,9x4.5,pi5,-0.382,35.450,-1.987,-0.617,-0.616,-0.044,0.873,-2.21,-4.54,-125.95,0.3746,0.3773,0.5460,0.5445,8109,28.000,713.8,387.3,484.2,22.6,506.8,21.72,23.33,0.83757,23.271,10.57,24.48,14,2
168.067,hall_mission,9x4.5,pi5,-0.422,35.414,-1.991,-0.624,-0.599,-0.041,0.866,-2.44,-5.16,-127.24,0.3936,0.3954,0.5278,0.5238,8102,27.705,706.3,376.5,470.6,22.6,493.2,21.12,23.35,0.83752,23.278,10.87,24.48,14,2
168.115,hall_mission,9x4.5,pi5,-0.447,35.391,-1.993,-0.631,-0.591,-0.037,0.865,-2.50,-5.53,-128.31,0.4162,0.4177,0.5052,0.5028,8107,27.525,701.7,368.7,460.9,22.6,483.5,20.70,23.36,0.83748,23.284,11.09,24.48,14,2
168.167,hall_mission,9x4.5,pi5,-0.483,35.361,-1.996,-0.643,-0.581,-0.028,0.867,-2.44,-5.99,-130.11,0.4423,0.4433,0.4810,0.4787,8120,27.476,700.4,365.1,456.3,22.6,478.9,20.49,23.37,0.83743,23.291,11.20,24.48,14,2
168.215,hall_mission,9x4.5,pi5,-0.509,35.339,-1.997,-0.653,-0.576,-0.021,0.871,-2.33,-6.25,-131.37,0.4640,0.4665,0.4604,0.4589,8136,27.558,702.5,366.1,457.7,22.6,480.3,20.55,23.37,0.83738,23.298,11.16,24.48,14,2
168.267,hall_mission,9x4.5,pi5,-0.553,35.305,-1.998,-0.671,-0.569,-0.011,0.880,-2.11,-6.54,-133.25,0.4857,0.4866,0.4420,0.4406,8154,27.725,706.8,370.3,462.9,22.6,485.5,20.78,23.36,0.83733,23.305,11.04,24.48,14,2
168.315,hall_mission,9x4.5,pi5,-0.581,35.283,-1.999,-0.682,-0.566,-0.006,0.886,-1.94,-6.68,-134.44,0.5005,0.5016,0.4286,0.4278,8167,27.883,710.8,374.9,468.7,22.6,491.3,21.04,23.35,0.83728,23.311,10.91,24.48,14,2
168.359,hall_mission,9x4.5,pi5,-0.609,35.262,-1.999,-0.693,-0.564,-0.003,0.894,-1.76,-6.79,-135.54,0.5098,0.5114,0.4197,0.4195,8174,27.996,713.7,378.5,473.1,22.6,495.7,21.23,23.35,0.83724,23.317,10.80,24.48,14,2
168.407,hall_mission,9x4.5,pi5,-0.650,35.232,-1.998,-0.708,-0.563,0.000,0.904,-1.49,-6.90,-136.97,0.5168,0.5172,0.4140,0.4141,8180,28.087,716.0,381.3,476.7,22.6,499.3,21.39,23.34,0.83719,23.324,10.72,24.48,14,2
168.459,hall_mission,9x4.5,pi5,-0.680,35.210,-1.998,-0.718,-0.562,0.001,0.912,-1.33,-6.93,-137.76,0.5191,0.5199,0.4116,0.4128,8185,28.140,717.4,382.8,478.5,22.6,501.1,21.47,23.34,0.83714,23.331,10.68,24.48,14,2
168.507,hall_mission,9x4.5,pi5,-0.729,35.176,-1.998,-0.734,-0.562,0.003,0.924,-1.11,-6.95,-138.68,0.5178,0.5190,0.4129,0.4147,8189,28.154,717.7,382.8,478.6,22.6,501.2,21.47,23.34,0.83709,23.338,10.68,24.48,14,2
168.559,hall_mission,9x4.5,pi5,-0.760,35.155,-1.997,-0.742,-0.562,0.004,0.931,-0.99,-6.95,-139.12,0.5136,0.5152,0.4174,0.4193,8193,28.145,717.5,381.9,477.4,22.6,500.0,21.42,23.34,0.83704,23.345,10.71,24.48,14,2
168.607,hall_mission,9x4.5,pi5,-0.805,35.125,-1.997,-0.754,-0.563,0.005,0.941,-0.83,-6.93,-139.56,0.5083,0.5093,0.4235,0.4253,8196,28.121,716.9,380.5,475.6,22.6,498.2,21.35,23.34,0.83699,23.352,10.74,24.48,14,2
168.655,hall_mission,9x4.5,pi5,-0.838,35.104,-1.996,-0.762,-0.564,0.005,0.947,-0.75,-6.90,-139.70,0.5012,0.5031,0.4305,0.4324,8199,28.092,716.2,379.0,473.8,22.6,496.4,21.26,23.34,0.83695,23.358,10.78,24.48,14,2
168.707,hall_mission,9x4.5,pi5,-0.890,35.069,-1.995,-0.772,-0.565,0.006,0.957,-0.65,-6.86,-139.76,0.4937,0.4951,0.4395,0.4401,8203,28.079,715.8,377.9,472.3,22.6,494.9,21.20,23.35,0.83690,23.365,10.82,24.48,14,2
168.755,hall_mission,9x4.5,pi5,-0.923,35.047,-1.995,-0.777,-0.567,0.007,0.962,-0.59,-6.82,-139.70,0.4865,0.4884,0.4471,0.4478,8207,28.078,715.8,377.2,471.5,22.6,494.1,21.17,23.35,0.83685,23.372,10.83,24.48,14,2
168.807,hall_mission,9x4.5,pi5,-0.969,35.016,-1.993,-0.784,-0.569,0.008,0.968,-0.52,-6.78,-139.52,0.4801,0.4807,0.4539,0.4564,8213,28.096,716.3,377.2,471.5,22.6,494.1,21.16,23.35,0.83680,23.379,10.83,24.48,14,2
168.859,hall_mission,9x4.5,pi5,-1.002,34.994,-1.993,-0.787,-0.571,0.008,0.972,-0.49,-6.75,-139.35,0.4733,0.4754,0.4614,0.4626,8219,28.125,717.0,377.5,471.9,22.6,494.5,21.18,23.35,0.83675,23.386,10.82,24.48,14,2
168.907,hall_mission,9x4.5,pi5,-1.055,34.958,-1.992,-0.792,-0.573,0.008,0.978,-0.48,-6.71,-139.08,0.4690,0.4702,0.4662,0.4683,8222,28.145,717.5,377.9,472.3,22.6,494.9,21.20,23.34,0.83670,23.393,10.81,24.48,14,2
168.959,hall_mission,9x4.5,pi5,-1.088,34.936,-1.991,-0.794,-0.575,0.008,0.981,-0.48,-6.69,-138.88,0.4641,0.4669,0.4708,0.4726,8225,28.164,718.0,378.3,472.8,22.6,495.4,21.22,23.34,0.83665,23.400,10.80,24.48,14,2
169.007,hall_mission,9x4.5,pi5,-1.135,34.905,-1.990,-0.797,-0.577,0.008,0.984,-0.48,-6.66,-138.61,0.4621,0.4635,0.4737,0.4758,8228,28.183,718.5,378.7,473.4,22.6,496.0,21.25,23.34,0.83660,23.407,10.79,24.48,14,2
169.059,hall_mission,9x4.5,pi5,-1.168,34.882,-1.990,-0.799,-0.578,0.008,0.987,-0.49,-6.65,-138.45,0.4600,0.4619,0.4758,0.4778,8229,28.196,718.8,379.0,473.8,22.6,496.4,21.27,23.34,0.83655,23.414,10.78,24.48,14,2
169.107,hall_mission,9x4.5,pi5,-1.221,34.846,-1.989,-0.802,-0.581,0.007,0.990,-0.49,-6.63,-138.24,0.4596,0.4609,0.4769,0.4789,8232,28.216,719.3,379.4,474.3,22.6,496.9,21.29,23.34,0.83650,23.420,10.76,24.48,14,2
169.159,hall_mission,9x4.5,pi5,-1.254,34.823,-1.988,-0.803,-0.582,0.007,0.992,-0.49,-6.63,-138.13,0.4592,0.4614,0.4773,0.4790,8234,28.232,719.7,379.8,474.7,22.6,497.3,21.31,23.34,0.83645,23.428,10.75,24.48,14,2
169.207,hall_mission,9x4.5,pi5,-1.301,34.791,-1.987,-0.804,-0.585,0.006,0.994,-0.49,-6.62,-138.01,0.4598,0.4621,0.4771,0.4786,8236,28.245,720.1,380.0,475.0,22.6,497.6,21.32,23.34,0.83640,23.434,10.75,24.48,14,2
169.259,hall_mission,9x4.5,pi5,-1.333,34.768,-1.987,-0.805,-0.586,0.006,0.996,-0.49,-6.62,-137.96,0.4604,0.4635,0.4763,0.4777,8237,28.253,720.2,380.1,475.2,22.6,497.8,21.33,23.34,0.83635,23.442,10.74,24.48,14,2
169.307,hall_mission,9x4.5,pi5,-1.386,34.730,-1.986,-0.806,-0.589,0.005,0.999,-0.48,-6.62,-137.91,0.4627,0.4635,0.4750,0.4768,8238,28.256,720.3,380.2,475.2,22.6,497.8,21.33,23.34,0.83631,23.448,10.74,24.48,14,2
169.359,hall_mission,9x4.5,pi5,-1.419,34.707,-1.986,-0.807,-0.591,0.004,1.000,-0.48,-6.62,-137.91,0.4638,0.4651,0.4735,0.4755,8238,28.252,720.2,380.1,475.1,22.6,497.7,21.33,23.34,0.83625,23.455,10.74,24.48,14,2
169.407,hall_mission,9x4.5,pi5,-1.465,34.674,-1.985,-0.807,-0.593,0.003,1.002,-0.47,-6.62,-137.92,0.4651,0.4665,0.4726,0.4738,8238,28.252,720.2,380.1,475.1,22.6,497.7,21.32,23.34,0.83621,23.462,10.74,24.48,14,2
169.455,hall_mission,9x4.5,pi5,-1.498,34.650,-1.985,-0.808,-0.595,0.002,1.003,-0.47,-6.62,-137.94,0.4662,0.4678,0.4713,0.4725,8237,28.247,720.1,379.9,474.9,22.6,497.5,21.32,23.34,0.83616,23.469,10.74,24.48,14,2
169.507,hall_mission,9x4.5,pi5,-1.550,34.611,-1.985,-0.809,-0.597,0.001,1.006,-0.46,-6.63,-137.99,0.4675,0.4688,0.4700,0.4714,8237,28.243,720.0,379.8,474.8,22.6,497.4,21.31,23.34,0.83611,23.476,10.74,24.48,14,2
169.559,hall_mission,9x4.5,pi5,-1.583,34.587,-1.984,-0.810,-0.599,0.000,1.007,-0.46,-6.63,-138.02,0.4683,0.4698,0.4690,0.4702,8235,28.235,719.8,379.7,474.6,22.6,497.2,21.30,23.34,0.83606,23.483,10.75,24.48,14,2
169.607,hall_mission,9x4.5,pi5,-1.630,34.553,-1.984,-0.811,-0.601,-0.000,1.009,-0.45,-6.63,-138.08,0.4691,0.4705,0.4682,0.4696,8236,28.235,719.8,379.7,474.6,22.6,497.2,21.31,23.34,0.83601,23.490,10.75,24.48,14,2
169.659,hall_mission,9x4.5,pi5,-1.663,34.529,-1.984,-0.812,-0.603,-0.001,1.011,-0.45,-6.64,-138.11,0.4693,0.4713,0.4677,0.4689,8235,28.232,719.7,379.6,474.5,22.6,497.1,21.30,23.34,0.83596,23.497,10.75,24.48,14,2
169.707,hall_mission,9x4.5,pi5,-1.717,34.490,-1.985,-0.813,-0.605,-0.001,1.013,-0.44,-6.64,-138.15,0.4698,0.4715,0.4670,0.4689,8235,28.232,719.7,379.6,474.5,22.6,497.1,21.30,23.34,0.83591,23.503,10.75,24.47,14,2
169.759,hall_mission,9x4.5,pi5,-1.750,34.466,-1.985,-0.814,-0.606,-0.001,1.015,-0.44,-6.64,-138.18,0.4694,0.4722,0.4669,0.4685,8235,28.229,719.6,379.6,474.5,22.6,497.1,21.30,23.34,0.83586,23.511,10.75,24.47,14,2
169.807,hall_mission,9x4.5,pi5,-1.797,34.432,-1.985,-0.815,-0.608,-0.002,1.017,-0.43,-6.65,-138.21,0.4700,0.4717,0.4667,0.4685,8234,28.227,719.6,379.5,474.4,22.6,497.0,21.30,23.34,0.83581,23.517,10.75,24.47,14,2
169.859,hall_mission,9x4.5,pi5,-1.830,34.408,-1.985,-0.816,-0.609,-0.002,1.018,-0.42,-6.65,-138.23,0.4701,0.4715,0.4668,0.4685,8234,28.224,719.5,379.5,474.3,22.6,496.9,21.30,23.34,0.83576,23.524,10.75,24.47,14,2
169.907,hall_mission,9x4.5,pi5,-1.884,34.369,-1.986,-0.817,-0.611,-0.002,1.020,-0.39,-6.65,-138.24,0.4702,0.4711,0.4667,0.4688,8234,28.223,719.5,379.4,474.3,22.6,496.9,21.29,23.34,0.83571,23.531,10.75,24.47,14,2
169.959,hall_mission,9x4.5,pi5,-1.917,34.344,-1.986,-0.817,-0.612,-0.002,1.021,-0.39,-6.66,-138.25,0.4694,0.4714,0.4671,0.4689,8233,28.221,719.4,379.4,474.3,22.6,496.9,21.29,23.34,0.83566,23.538,10.75,24.47,14,2
170.007,hall_mission,9x4.5,pi5,-1.964,34.309,-1.986,-0.818,-0.614,-0.002,1.022,-0.38,-6.66,-138.25,0.4688,0.4715,0.4676,0.4689,8233,28.221,719.4,379.4,474.3,22.6,496.9,21.29,23.34,0.83562,23.545,10.75,24.47,14,2
170.059,hall_mission,9x4.5,pi5,-1.998,34.285,-1.986,-0.818,-0.615,-0.002,1.024,-0.38,-6.67,-138.25,0.4691,0.4707,0.4680,0.4689,8233,28.221,719.4,379.4,474.3,22.6,496.9,21.29,23.33,0.83556,23.552,10.75,24.47,14,2
170.107,hall_mission,9x4.5,pi5,-2.051,34.246,-1.987,-0.819,-0.616,-0.003,1.025,-0.39,-6.68,-138.25,0.4651,0.4520,0.4732,0.4875,8237,28.261,720.4,380.5,475.6,22.6,498.2,21.35,23.33,0.83552,23.559,10.71,24.47,14,2
170.159,hall_mission,9x4.5,pi5,-2.085,34.221,-1.987,-0.820,-0.617,-0.005,1.027,-0.52,-6.69,-138.27,0.4229,0.4276,0.5102,0.5140,8226,28.335,722.4,385.0,481.3,22.6,503.9,21.60,23.32,0.83546,23.566,10.59,24.47,14,2
170.207,hall_mission,9x4.5,pi5,-2.132,34.187,-1.988,-0.824,-0.617,-0.013,1.029,-0.92,-6.66,-138.45,0.4034,0.4071,0.5299,0.5286,8205,28.364,723.1,389.0,486.3,22.6,508.9,21.82,23.32,0.83542,23.573,10.48,24.47,14,2
170.259,hall_mission,9x4.5,pi5,-2.165,34.162,-1.989,-0.827,-0.614,-0.018,1.031,-1.18,-6.65,-138.74,0.3976,0.4021,0.5328,0.5310,8185,28.273,720.8,388.1,485.1,22.6,507.7,21.77,23.32,0.83536,23.580,10.51,24.47,14,2
170.307,hall_mission,9x4.5,pi5,-2.220,34.123,-1.991,-0.835,-0.608,-0.020,1.033,-1.45,-6.64,-139.47,0.4038,0.4088,0.5241,0.5247,8178,28.145,717.5,384.0,480.0,22.6,502.6,21.55,23.33,0.83532,23.587,10.62,24.47,14,2
170.359,hall_mission,9x4.5,pi5,-2.254,34.099,-1.992,-0.840,-0.602,-0.020,1.033,-1.55,-6.64,-140.13,0.4188,0.4221,0.5099,0.5096,8174,27.990,713.6,378.3,472.8,22.6,495.4,21.23,23.33,0.83526,23.594,10.77,24.47,14,2
170.407,hall_mission,9x4.5,pi5,-2.302,34.066,-1.994,-0.848,-0.593,-0.018,1.035,-1.58,-6.67,-141.34,0.4349,0.4384,0.4937,0.4934,8174,27.884,710.8,374.0,467.6,22.6,490.2,21.00,23.34,0.83522,23.600,10.89,24.47,14,2
170.459,hall_mission,9x4.5,pi5,-2.336,34.042,-1.995,-0.853,-0.586,-0.016,1.035,-1.53,-6.69,-142.23,0.4533,0.4565,0.4755,0.4761,8178,27.849,710.0,372.1,465.2,22.6,487.8,20.89,23.34,0.83517,23.607,10.94,24.47,14,2
170.507,hall_mission,9x4.5,pi5,-2.392,34.005,-1.996,-0.861,-0.575,-0.011,1.036,-1.41,-6.73,-143.62,0.4687,0.4721,0.4608,0.4614,8183,27.881,710.8,372.6,465.8,22.6,488.4,20.92,23.34,0.83512,23.614,10.93,24.47,14,2
170.559,hall_mission,9x4.5,pi5,-2.426,33.982,-1.997,-0.866,-0.569,-0.009,1.036,-1.30,-6.76,-144.54,0.4836,0.4855,0.4474,0.4482,8190,27.951,712.6,374.6,468.2,22.6,490.8,21.03,23.34,0.83507,23.621,10.87,24.47,14,2
170.607,hall_mission,9x4.5,pi5,-2.475,33.950,-1.997,-0.873,-0.561,-0.006,1.037,-1.11,-6.80,-145.83,0.4937,0.4954,0.4380,0.4392,8195,28.029,714.5,376.9,471.1,22.6,493.7,21.16,23.34,0.83502,23.628,10.80,24.47,14,2
170.655,hall_mission,9x4.5,pi5,-2.510,33.928,-1.997,-0.877,-0.555,-0.004,1.038,-0.98,-6.83,-146.59,0.5001,0.5026,0.4318,0.4330,8200,28.097,716.3,379.0,473.7,22.6,496.3,21.27,23.33,0.83498,23.634,10.75,24.47,14,2
170.707,hall_mission,9x4.5,pi5,-2.566,33.893,-1.997,-0.883,-0.548,-0.002,1.039,-0.80,-6.86,-147.58,0.5041,0.5066,0.4283,0.4297,8204,28.147,717.5,380.5,475.6,22.6,498.2,21.35,23.33,0.83493,23.641,10.70,24.47,14,2
170.759,hall_mission,9x4.5,pi5,-2.601,33.871,-1.997,-0.886,-0.544,-0.002,1.040,-0.69,-6.87,-148.11,0.5053,0.5072,0.4276,0.4296,8207,28.175,718.3,381.1,476.4,22.6,499.0,21.39,23.33,0.83487,23.649,10.68,24.47,14,2
170.807,hall_mission,9x4.5,pi5,-2.651,33.841,-1.997,-0.890,-0.539,-0.000,1.041,-0.55,-6.89,-148.73,0.5040,0.5055,0.4297,0.4313,8211,28.185,718.5,381.1,476.4,22.6,499.0,21.39,23.33,0.83483,23.655,10.68,24.47,14,2
170.859,hall_mission,9x4.5,pi5,-2.686,33.819,-1.997,-0.893,-0.535,0.000,1.041,-0.46,-6.90,-149.01,0.5013,0.5013,0.4327,0.4375,8219,28.217,719.3,381.3,476.6,22.6,499.2,21.40,23.33,0.83477,23.663,10.68,24.47,14,2
170.907,hall_mission,9x4.5,pi5,-2.743,33.785,-1.996,-0.897,-0.532,-0.000,1.043,-0.41,-6.92,-149.29,0.4776,0.4679,0.4602,0.4668,8218,28.118,716.8,377.4,471.8,22.6,494.4,21.19,23.33,0.83473,23.669,10.79,24.47,14,2
170.959,hall_mission,9x4.5,pi5,-2.779,33.763,-1.996,-0.900,-0.529,-0.003,1.044,-0.59,-6.92,-149.42,0.4300,0.4342,0.5008,0.5047,8208,28.153,717.7,380.2,475.3,22.6,497.9,21.34,23.33,0.83468,23.676,10.71,24.47,14,2
171.007,hall_mission,9x4.5,pi5,-2.829,33.734,-1.996,-0.906,-0.523,-0.009,1.046,-1.00,-6.90,-149.73,0.4080,0.4134,0.5226,0.5220,8194,28.225,719.5,384.9,481.2,22.6,503.8,21.60,23.32,0.83463,23.683,10.58,24.47,14,2
171.059,hall_mission,9x4.5,pi5,-2.865,33.713,-1.996,-0.910,-0.517,-0.011,1.047,-1.24,-6.88,-150.08,0.4019,0.4075,0.5273,0.5263,8183,28.205,719.0,385.6,482.0,22.6,504.6,21.64,23.32,0.83458,23.690,10.56,24.47,14,2
171.107,hall_mission,9x4.5,pi5,-2.924,33.680,-1.997,-0.919,-0.504,-0.012,1.048,-1.48,-6.87,-150.87,0.4080,0.4133,0.5206,0.5204,8181,28.129,717.1,382.8,478.5,22.6,501.1,21.49,23.32,0.83453,23.697,10.63,24.47,14,2
171.155,hall_mission,9x4.5,pi5,-2.961,33.659,-1.998,-0.924,-0.495,-0.011,1.048,-1.55,-6.88,-151.57,0.4203,0.4259,0.5087,0.5078,8182,28.030,714.6,378.7,473.4,22.6,496.0,21.26,23.33,0.83448,23.704,10.74,24.47,14,2
171.207,hall_mission,9x4.5,pi5,-3.013,33.632,-1.998,-0.932,-0.481,-0.009,1.049,-1.53,-6.90,-152.80,0.4380,0.4418,0.4919,0.4914,8184,27.940,712.3,374.9,468.7,22.6,491.3,21.05,23.34,0.83443,23.711,10.85,24.47,14,2
171.259,hall_mission,9x4.5,pi5,-3.050,33.612,-1.999,-0.937,-0.471,-0.008,1.049,-1.47,-6.93,-153.71,0.4560,0.4588,0.4739,0.4755,8188,27.915,711.6,373.4,466.7,22.6,489.3,20.97,23.34,0.83438,23.718,10.89,24.47,14,2
171.307,hall_mission,9x4.5,pi5,-3.111,33.583,-1.999,-0.945,-0.456,-0.004,1.050,-1.31,-6.96,-155.11,0.4707,0.4741,0.4603,0.4605,8193,27.948,712.5,374.0,467.5,22.6,490.1,21.00,23.34,0.83433,23.724,10.87,24.47,14,2
171.359,hall_mission,9x4.5,pi5,-3.149,33.564,-1.999,-0.950,-0.447,-0.003,1.050,-1.17,-6.99,-156.02,0.4845,0.4875,0.4472,0.4480,8199,28.016,714.2,375.9,469.9,22.6,492.5,21.11,23.33,0.83428,23.731,10.82,24.47,14,2
171.407,hall_mission,9x4.5,pi5,-3.203,33.539,-1.999,-0.957,-0.436,-0.001,1.051,-0.95,-7.02,-157.30,0.4943,0.4969,0.4383,0.4389,8203,28.085,716.0,378.1,472.6,22.6,495.2,21.23,23.33,0.83424,23.738,10.76,24.47,14,2
171.459,hall_mission,9x4.5,pi5,-3.242,33.522,-1.999,-0.961,-0.428,0.000,1.052,-0.81,-7.04,-158.07,0.5013,0.5035,0.4314,0.4333,8207,28.147,717.6,380.1,475.1,22.6,497.7,21.34,23.33,0.83418,23.745,10.70,24.47,14,2
171.507,hall_mission,9x4.5,pi5,-3.305,33.495,-1.999,-0.968,-0.418,0.002,1.054,-0.60,-7.06,-159.04,0.5049,0.5065,0.4289,0.4302,8210,28.190,718.6,381.3,476.7,22.6,499.3,21.41,23.32,0.83414,23.752,10.66,24.47,14,2
171.559,hall_mission,9x4.5,pi5,-3.344,33.479,-1.998,-0.972,-0.412,0.002,1.055,-0.48,-7.07,-159.57,0.5058,0.5068,0.4283,0.4302,8213,28.208,719.1,381.8,477.2,22.6,499.8,21.43,23.32,0.83408,23.759,10.65,24.47,14,2
171.607,hall_mission,9x4.5,pi5,-3.401,33.457,-1.998,-0.977,-0.404,0.003,1.057,-0.31,-7.07,-160.18,0.5008,0.4904,0.4346,0.4465,8217,28.178,718.3,379.9,474.9,22.6,497.5,21.33,23.32,0.83404,23.766,10.70,24.47,14,2
171.655,hall_mission,9x4.5,pi5,-3.441,33.441,-1.998,-0.980,-0.399,0.002,1.058,-0.34,-7.08,-160.48,0.4594,0.4629,0.4734,0.4755,8213,28.086,716.0,376.8,471.0,22.6,493.6,21.16,23.33,0.83399,23.772,10.79,24.47,14,2
171.707,hall_mission,9x4.5,pi5,-3.506,33.417,-1.998,-0.986,-0.390,-0.003,1.061,-0.63,-7.04,-160.91,0.4308,0.4348,0.5012,0.5009,8201,28.100,716.3,379.0,473.8,22.6,496.4,21.28,23.33,0.83394,23.779,10.72,24.47,14,2
171.759,hall_mission,9x4.5,pi5,-3.547,33.403,-1.999,-0.991,-0.382,-0.005,1.062,-0.83,-7.02,-161.28,0.4190,0.4242,0.5114,0.5110,8193,28.118,716.8,380.9,476.1,22.6,498.7,21.38,23.32,0.83389,23.787,10.67,24.47,14,2
171.807,hall_mission,9x4.5,pi5,-3.604,33.382,-2.000,-0.996,-0.369,-0.005,1.062,-1.04,-7.00,-162.02,0.4200,0.4253,0.5101,0.5094,8190,28.092,716.1,380.1,475.2,22.6,497.8,21.34,23.32,0.83384,23.793,10.69,24.47,14,2
171.859,hall_mission,9x4.5,pi5,-3.645,33.369,-2.001,-1.000,-0.359,-0.003,1.063,-1.11,-7.00,-162.63,0.4298,0.4336,0.5005,0.5015,8192,28.043,714.9,377.9,472.4,22.6,495.0,21.22,23.33,0.83379,23.800,10.75,24.47,14,2
171.907,hall_mission,9x4.5,pi5,-3.711,33.347,-2.002,-1.006,-0.341,-0.001,1.063,-1.11,-7.00,-163.72,0.4416,0.4454,0.4890,0.4895,8193,27.988,713.5,375.6,469.5,22.6,492.1,21.09,23.33,0.83374,23.807,10.82,24.47,14,2
171.959,hall_mission,9x4.5,pi5,-3.753,33.334,-2.003,-1.010,-0.330,-0.000,1.063,-1.06,-7.01,-164.51,0.4610,0.4503,0.4810,0.4709,8184,27.896,711.2,373.1,466.4,22.6,489.0,20.96,23.33,0.83369,23.814,10.89,24.47,14,2
172.007,hall_mission,9x4.5,pi5,-3.811,33.317,-2.005,-1.015,-0.316,-0.000,1.063,-0.97,-6.77,-165.76,0.4083,0.4178,0.4909,0.5510,8201,28.297,721.4,387.0,483.8,22.6,506.4,21.72,23.31,0.83364,23.821,10.50,24.47,14,2
172.055,hall_mission,9x4.5,pi5,-3.853,33.306,-2.006,-1.016,-0.304,-0.008,1.061,-1.23,-6.12,-166.71,0.3473,0.3620,0.5784,0.5713,8169,28.843,735.3,413.1,516.3,22.6,538.9,23.16,23.27,0.83359,23.828,9.85,24.47,14,2
172.107,hall_mission,9x4.5,pi5,-3.920,33.288,-2.009,-1.014,-0.277,-0.032,1.052,-1.96,-5.77,-168.54,0.3166,0.3340,0.6027,0.5864,8099,28.899,736.7,424.3,530.3,22.6,552.9,23.78,23.25,0.83353,23.836,9.59,24.47,14,2
172.159,hall_mission,9x4.5,pi5,-3.962,33.278,-2.011,-1.013,-0.256,-0.045,1.045,-2.41,-5.78,-170.13,0.3255,0.3360,0.5808,0.5829,8047,28.334,722.3,408.5,510.7,22.6,533.3,22.91,23.27,0.83348,23.844,9.95,24.47,14,2
172.207,hall_mission,9x4.5,pi5,-4.020,33.265,-2.016,-1.010,-0.222,-0.051,1.035,-2.81,-5.96,-173.05,0.3501,0.3617,0.5546,0.5509,8018,27.613,703.9,383.7,479.7,22.6,502.3,21.54,23.31,0.83343,23.850,10.59,24.47,14,2
172.255,hall_mission,9x4.5,pi5,-4.061,33.257,-2.019,-1.008,-0.196,-0.048,1.028,-2.88,-6.13,-175.29,0.3883,0.3956,0.5177,0.5150,8015,27.085,690.5,363.4,454.2,22.6,476.8,20.42,23.35,0.83339,23.857,11.17,24.47,14,2
172.307,hall_mission,9x4.5,pi5,-4.127,33.247,-2.023,-1.005,-0.153,-0.032,1.017,-2.75,-6.43,-178.92,0.4317,0.4393,0.4772,0.4745,8038,26.932,686.6,354.4,443.0,22.6,465.6,19.93,23.36,0.83334,23.864,11.44,24.47,14,2
172.359,hall_mission,9x4.5,pi5,-4.168,33.242,-2.025,-1.004,-0.127,-0.020,1.012,-2.53,-6.63,178.60,0.4756,0.4782,0.4390,0.4378,8066,27.119,691.3,358.0,447.5,22.6,470.1,20.13,23.36,0.83329,23.870,11.33,24.47,14,2
172.407,hall_mission,9x4.5,pi5,-4.226,33.236,-2.027,-1.003,-0.092,-0.005,1.008,-2.09,-6.89,174.96,0.5081,0.5112,0.4101,0.4081,8091,27.473,700.4,368.8,461.0,22.6,483.6,20.72,23.34,0.83324,23.877,11.00,24.47,14,2
172.459,hall_mission,9x4.5,pi5,-4.267,33.233,-2.028,-1.004,-0.068,0.001,1.006,-1.74,-7.02,172.68,0.5354,0.5372,0.3848,0.3844,8107,27.861,710.3,382.1,477.7,22.6,500.3,21.46,23.32,0.83319,23.884,10.62,24.47,14,2
172.507,hall_mission,9x4.5,pi5,-4.333,33.231,-2.029,-1.006,-0.033,0.005,1.007,-1.22,-7.16,169.63,0.5456,0.5340,0.3750,0.3884,8111,27.937,712.2,384.6,480.7,22.6,503.3,21.59,23.31,0.83314,23.891,10.56,24.47,14,2
172.559,hall_mission,9x4.5,pi5,-4.375,33.230,-2.029,-1.008,-0.013,0.007,1.008,-1.03,-7.17,167.86,0.5117,0.5147,0.4084,0.4097,8116,27.659,705.1,372.8,466.0,22.6,488.6,20.94,23.33,0.83309,23.898,10.88,24.47,14,2
172.607,hall_mission,9x4.5,pi5,-4.433,33.231,-2.029,-1.010,0.015,0.012,1.010,-1.01,-7.14,165.51,0.4923,0.4973,0.4292,0.4283,8126,27.584,703.2,368.5,460.7,22.6,483.3,20.71,23.34,0.83305,23.904,11.01,24.47,14,2
172.659,hall_mission,9x4.5,pi5,-4.475,33.233,-2.028,-1.010,0.036,0.018,1.010,-1.02,-7.12,164.09,0.4854,0.4892,0.4392,0.4389,8146,27.679,705.6,369.5,461.9,22.6,484.5,20.76,23.34,0.83300,23.911,10.97,24.47,14,2
172.707,hall_mission,9x4.5,pi5,-4.542,33.238,-2.027,-1.008,0.069,0.027,1.011,-0.99,-7.09,162.11,0.4845,0.4912,0.4425,0.4403,8167,27.817,709.1,372.2,465.3,22.6,487.9,20.91,23.33,0.83295,23.918,10.90,24.46,14,2
172.759,hall_mission,9x4.5,pi5,-4.584,33.243,-2.026,-1.007,0.090,0.032,1.012,-0.91,-7.07,160.89,0.4912,0.4939,0.4393,0.4394,8186,27.961,712.8,375.4,469.3,22.6,491.9,21.09,23.33,0.83290,23.925,10.80,24.46,14,2
172.807,hall_mission,9x4.5,pi5,-4.643,33.250,-2.023,-1.006,0.119,0.036,1.014,-0.73,-7.04,159.19,0.4960,0.5000,0.4364,0.4352,8200,28.077,715.8,378.2,472.8,22.6,495.4,21.24,23.32,0.83285,23.931,10.73,24.46,14,2
172.859,hall_mission,9x4.5,pi5,-4.685,33.257,-2.022,-1.005,0.138,0.037,1.015,-0.59,-7.02,158.17,0.5020,0.5046,0.4310,0.4322,8208,28.161,717.9,380.4,475.6,22.6,498.2,21.37,23.32,0.83280,23.939,10.66,24.46,14,2
172.907,hall_mission,9x4.5,pi5,-4.753,33.269,-2.019,-1.004,0.167,0.036,1.018,-0.34,-6.97,156.82,0.5049,0.5087,0.4290,0.4284,8212,28.209,719.1,381.9,477.3,22.6,499.9,21.44,23.31,0.83275,23.945,10.62,24.46,14,2
172.959,hall_mission,9x4.5,pi5,-4.795,33.278,-2.017,-1.003,0.184,0.034,1.020,-0.18,-6.94,156.05,0.5075,0.5096,0.4262,0.4280,8214,28.231,719.7,382.5,478.1,22.6,500.7,21.48,23.31,0.83270,23.952,10.60,24.46,14,2
173.007,hall_mission,9x4.5,pi5,-4.853,33.290,-2.015,-1.001,0.204,0.032,1.023,0.06,-6.88,155.09,0.5078,0.5090,0.4267,0.4280,8214,28.234,719.8,382.6,478.2,22.6,500.8,21.48,23.31,0.83265,23.959,10.60,24.46,14,2
173.055,hall_mission,9x4.5,pi5,-4.895,33.300,-2.014,-1.000,0.218,0.031,1.024,0.19,-6.84,154.59,0.5053,0.5079,0.4287,0.4297,8215,28.224,719.5,382.1,477.6,22.6,500.2,21.46,23.31,0.83261,23.966,10.61,24.46,14,2
173.107,hall_mission,9x4.5,pi5,-4.961,33.316,-2.012,-0.999,0.237,0.023,1.027,0.44,-6.79,154.05,0.7002,0.6842,0.3156,0.1724,8218,32.735,834.5,559.7,699.7,22.6,722.3,31.38,23.01,0.83253,23.976,7.26,24.46,14,2
173.159,hall_mission,9x4.5,pi5,-5.002,33.327,-2.012,-1.007,0.248,-0.054,1.038,1.27,-6.41,154.17,0.8682,0.8832,0.0447,0.0000,7583,41.988,1070.4,959.7,1199.7,22.6,1222.3,54.78,22.31,0.83240,23.994,4.16,24.46,14,2
173.207,hall_mission,9x4.5,pi5,-5.061,33.342,-2.022,-1.026,0.247,-0.289,1.094,2.72,-4.45,156.11,0.7968,0.8191,0.0172,0.0000,6992,36.257,924.3,772.8,966.1,22.6,988.7,43.66,22.64,0.83230,24.007,5.21,24.46,14,2
173.259,hall_mission,9x4.5,pi5,-5.103,33.353,-2.037,-1.025,0.228,-0.413,1.128,3.49,-2.70,158.61,0.7426,0.7187,0.0000,0.0263,6465,30.441,776.0,592.2,740.2,22.6,762.8,33.23,22.96,0.83222,24.018,6.85,24.46,14,2
173.307,hall_mission,9x4.5,pi5,-5.171,33.367,-2.070,-0.991,0.177,-0.491,1.121,4.61,-0.09,163.85,0.6809,0.6884,0.0000,0.0543,6233,27.357,697.4,499.7,624.6,22.6,647.2,28.00,23.11,0.83216,24.027,8.13,24.46,14,2
173.355,hall_mission,9x4.5,pi5,-5.212,33.374,-2.092,-0.954,0.138,-0.481,1.077,5.29,1.47,168.19,0.6624,0.6700,0.0000,0.0701,6157,26.220,668.4,466.0,582.5,22.6,605.1,26.12,23.17,0.83210,24.035,8.71,24.46,14,2
173.407,hall_mission,9x4.5,pi5,-5.265,33.379,-2.122,-0.885,0.080,-0.434,0.989,6.17,3.34,175.79,0.6656,0.6664,0.0000,0.0708,6158,26.212,668.2,465.6,582.0,22.6,604.6,26.10,23.17,0.83204,24.044,8.72,24.46,14,2
173.459,hall_mission,9x4.5,pi5,-5.300,33.381,-2.142,-0.826,0.037,-0.394,0.915,6.66,4.17,-178.45,0.6393,0.6440,0.0318,0.0957,6545,25.181,641.9,425.3,531.6,22.6,554.2,23.85,23.24,0.83198,24.052,9.54,24.46,14,2
173.507,hall_mission,9x4.5,pi5,-5.350,33.379,-2.168,-0.719,-0.026,-0.316,0.786,7.20,4.78,-168.87,0.5902,0.5956,0.1027,0.1434,6621,23.097,588.8,354.2,442.7,22.6,465.3,19.93,23.35,0.83194,24.058,11.42,24.46,14,2
173.559,hall_mission,9x4.5,pi5,-5.377,33.375,-2.180,-0.650,-0.059,-0.244,0.696,7.37,4.75,-161.99,0.5506,0.5554,0.1779,0.1940,6788,22.131,564.2,310.6,388.3,22.6,410.9,17.54,23.43,0.83190,24.064,12.97,24.46,14,2
173.607,hall_mission,9x4.5,pi5,-5.409,33.367,-2.192,-0.555,-0.094,-0.127,0.577,7.41,4.22,-151.15,0.5271,0.5303,0.2390,0.2427,7010,22.268,567.7,296.4,370.5,22.6,393.1,16.76,23.45,0.83186,24.069,13.57,24.46,14,2
173.659,hall_mission,9x4.5,pi5,-5.428,33.360,-2.195,-0.488,-0.113,-0.044,0.503,7.32,3.65,-143.65,0.5115,0.5150,0.2948,0.2933,7283,23.133,589.7,300.1,375.1,22.6,397.7,16.97,23.44,0.83182,24.075,13.41,24.46,14,2
173.707,hall_mission,9x4.5,pi5,-5.452,33.347,-2.192,-0.387,-0.136,0.069,0.416,7.10,2.63,-132.12,0.5026,0.5046,0.3353,0.3317,7500,24.048,613.0,310.0,387.5,22.6,410.1,17.51,23.43,0.83178,24.080,12.99,24.46,14,2
173.755,hall_mission,9x4.5,pi5,-5.463,33.339,-2.186,-0.326,-0.145,0.125,0.378,6.88,1.91,-124.29,0.4974,0.4986,0.3667,0.3629,7686,24.980,636.8,323.2,404.0,22.6,426.6,18.23,23.40,0.83174,24.086,12.48,24.46,14,2
173.807,hall_mission,9x4.5,pi5,-5.473,33.326,-2.175,-0.246,-0.154,0.182,0.343,6.46,0.84,-112.42,0.4940,0.4948,0.3918,0.3871,7838,25.818,658.2,336.6,420.8,22.6,443.4,18.96,23.38,0.83169,24.092,11.99,24.46,14,2
173.859,hall_mission,9x4.5,pi5,-5.478,33.316,-2.164,-0.192,-0.159,0.210,0.326,6.10,0.16,-104.46,0.4938,0.4936,0.4114,0.4068,7976,26.638,679.1,351.0,438.7,22.6,461.3,19.75,23.36,0.83164,24.099,11.51,24.46,14,2
173.907,hall_mission,9x4.5,pi5,-5.480,33.301,-2.146,-0.113,-0.162,0.235,0.306,5.46,-0.75,-92.47,0.4650,0.4654,0.4507,0.4479,8060,27.051,689.6,356.2,445.2,22.6,467.8,20.04,23.35,0.83160,24.105,11.35,24.46,14,2
173.959,hall_mission,9x4.5,pi5,-5.479,33.292,-2.134,-0.068,-0.162,0.238,0.295,4.99,-1.25,-84.54,0.4069,0.4078,0.5159,0.5124,8111,27.639,704.6,372.7,465.8,22.6,488.4,20.94,23.32,0.83155,24.112,10.86,24.46,14,2
174.007,hall_mission,9x4.5,pi5,-5.475,33.279,-2.118,-0.010,-0.160,0.227,0.278,4.23,-1.83,-72.96,0.3441,0.3451,0.5805,0.5775,8126,28.691,731.4,412.6,515.7,22.6,538.3,23.15,23.25,0.83150,24.119,9.82,24.46,14,2
174.059,hall_mission,9x4.5,pi5,-5.470,33.270,-2.107,0.027,-0.157,0.206,0.260,3.72,-2.08,-65.63,0.2763,0.2775,0.6425,0.6383,8081,30.072,766.6,473.0,591.3,22.6,613.9,26.51,23.15,0.83143,24.128,8.57,24.46,14,2
174.107,hall_mission,9x4.5,pi5,-5.460,33.256,-2.093,0.081,-0.152,0.145,0.224,3.00,-2.27,-55.55,0.2205,0.2233,0.6836,0.6795,7980,31.132,793.6,526.1,657.6,22.6,680.2,29.49,23.06,0.83137,24.137,7.71,24.46,14,2
174.155,hall_mission,9x4.5,pi5,-5.452,33.249,-2.087,0.110,-0.147,0.093,0.206,2.58,-2.28,-49.57,0.1764,0.1794,0.7066,0.7037,7832,31.618,806.0,559.8,699.8,22.6,722.4,31.40,23.01,0.83130,24.147,7.24,24.46,14,2
174.207,hall_mission,9x4.5,pi5,-5.440,33.238,-2.082,0.145,-0.140,0.016,0.202,2.04,-2.18,-41.85,0.1312,0.1696,0.6967,0.7375,7720,31.864,812.3,579.6,724.5,22.6,747.1,32.52,22.97,0.83122,24.158,6.99,24.46,14,2
174.255,hall_mission,9x4.5,pi5,-5.431,33.231,-2.082,0.166,-0.134,-0.039,0.217,1.47,-2.42,-37.59,0.1235,0.1446,0.7063,0.7096,7535,30.842,786.3,556.7,695.9,22.6,718.5,31.22,23.01,0.83115,24.167,7.28,24.46,14,2
174.307,hall_mission,9x4.5,pi5,-5.416,33.221,-2.087,0.196,-0.136,-0.103,0.260,0.50,-3.42,-32.51,0.1338,0.1288,0.6935,0.6803,7362,29.316,747.3,514.8,643.5,22.6,666.1,28.86,23.08,0.83108,24.177,7.87,24.46,14,2
174.359,hall_mission,9x4.5,pi5,-5.407,33.215,-2.092,0.216,-0.143,-0.122,0.286,-0.11,-4.17,-29.94,0.1510,0.1392,0.6621,0.6592,7272,27.829,709.4,468.5,585.6,22.6,608.2,26.26,23.16,0.83102,24.186,8.65,24.46,14,2
174.403,hall_mission,9x4.5,pi5,-5.396,33.208,-2.097,0.236,-0.155,-0.124,0.309,-0.62,-4.81,-27.96,0.1711,0.1611,0.6396,0.6314,7242,26.652,679.4,429.1,536.4,22.6,559.0,24.07,23.22,0.83097,24.193,9.44,24.46,14,2
174.451,hall_mission,9x4.5,pi5,-5.381,33.198,-2.105,0.266,-0.175,-0.103,0.334,-1.23,-5.51,-26.02,0.2010,0.1940,0.6112,0.6047,7270,25.688,654.9,392.4,490.5,22.6,513.1,22.04,23.28,0.83092,24.199,10.31,24.46,14,2
174.503,hall_mission,9x4.5,pi5,-5.370,33.190,-2.109,0.286,-0.192,-0.074,0.352,-1.53,-5.80,-25.33,0.2400,0.2357,0.5798,0.5763,7346,24.995,637.2,360.5,450.7,22.6,473.3,20.28,23.34,0.83087,24.206,11.20,24.46,14,2
174.551,hall_mission,9x4.5,pi5,-5.351,33.177,-2.112,0.317,-0.219,-0.013,0.385,-1.82,-6.04,-25.04,0.2797,0.2781,0.5537,0.5505,7455,24.768,631.4,341.2,426.5,22.6,449.1,19.22,23.37,0.83083,24.212,11.82,24.46,14,2
174.603,hall_mission,9x4.5,pi5,-5.338,33.167,-2.112,0.335,-0.236,0.028,0.411,-1.92,-6.12,-25.27,0.3250,0.3253,0.5280,0.5250,7604,24.960,636.3,331.9,414.9,22.6,437.5,18.71,23.38,0.83078,24.219,12.14,24.46,14,2
174.651,hall_mission,9x4.5,pi5,-5.319,33.152,-2.108,0.358,-0.260,0.084,0.451,-1.96,-6.15,-26.08,0.3650,0.3661,0.5048,0.5032,7734,25.322,645.5,330.4,413.0,22.6,435.6,18.63,23.39,0.83074,24.224,12.19,24.46,14,2
174.703,hall_mission,9x4.5,pi5,-5.305,33.141,-2.103,0.374,-0.277,0.118,0.480,-1.92,-6.14,-26.84,0.4048,0.4077,0.4811,0.4783,7853,25.791,657.5,333.7,417.2,22.6,439.8,18.81,23.38,0.83070,24.231,12.07,24.46,14,2
174.751,hall_mission,9x4.5,pi5,-5.283,33.122,-2.093,0.397,-0.304,0.159,0.525,-1.78,-6.08,-28.18,0.4428,0.4438,0.4564,0.4567,7954,26.343,671.6,342.2,427.8,22.6,450.4,19.28,23.37,0.83066,24.237,11.78,24.45,14,2
174.803,hall_mission,9x4.5,pi5,-5.268,33.109,-2.085,0.411,-0.320,0.175,0.550,-1.62,-6.02,-29.12,0.4752,0.4757,0.4369,0.4373,8046,26.984,687.9,355.4,444.2,22.6,466.8,20.00,23.34,0.83061,24.243,11.35,24.45,14,2
174.851,hall_mission,9x4.5,pi5,-5.247,33.089,-2.074,0.430,-0.341,0.188,0.580,-1.36,-5.91,-30.45,0.4957,0.4961,0.4241,0.4248,8103,27.443,699.6,366.0,457.5,22.6,480.1,20.58,23.33,0.83056,24.250,11.03,24.45,14,2
174.903,hall_mission,9x4.5,pi5,-5.231,33.075,-2.065,0.442,-0.355,0.190,0.598,-1.20,-5.83,-31.24,0.5094,0.5093,0.4158,0.4171,8142,27.789,708.4,374.5,468.1,22.6,490.7,21.05,23.31,0.83051,24.257,10.78,24.45,14,2
174.951,hall_mission,9x4.5,pi5,-5.204,33.050,-2.051,0.461,-0.375,0.187,0.623,-0.98,-5.68,-32.21,0.5150,0.5162,0.4131,0.4151,8170,28.014,714.1,379.7,474.7,22.6,497.3,21.34,23.30,0.83046,24.264,10.64,24.45,14,2
175.003,hall_mission,9x4.5,pi5,-5.188,33.035,-2.042,0.472,-0.386,0.183,0.636,-0.86,-5.58,-32.70,0.5167,0.5175,0.4150,0.4167,8194,28.175,718.3,383.0,478.7,22.6,501.3,21.52,23.30,0.83041,24.271,10.55,24.45,14,2
175.051,hall_mission,9x4.5,pi5,-5.164,33.012,-2.031,0.485,-0.399,0.174,0.652,-0.71,-5.43,-33.20,0.5137,0.5153,0.4193,0.4213,8208,28.238,719.9,383.6,479.5,22.6,502.1,21.55,23.30,0.83036,24.278,10.53,24.45,14,2
175.103,hall_mission,9x4.5,pi5,-5.146,32.996,-2.023,0.494,-0.407,0.167,0.662,-0.64,-5.34,-33.37,0.5082,0.5096,0.4259,0.4283,8216,28.248,720.1,382.9,478.6,22.6,501.2,21.51,23.30,0.83031,24.285,10.55,24.45,14,2
175.151,hall_mission,9x4.5,pi5,-5.118,32.969,-2.012,0.507,-0.418,0.154,0.675,-0.56,-5.21,-33.44,0.5016,0.5027,0.4337,0.4356,8222,28.241,719.9,381.8,477.3,22.6,499.9,21.46,23.30,0.83026,24.291,10.58,24.45,14,2
175.203,hall_mission,9x4.5,pi5,-5.100,32.951,-2.005,0.514,-0.424,0.145,0.682,-0.52,-5.13,-33.37,0.4926,0.4957,0.4427,0.4438,8226,28.225,719.5,380.6,475.8,22.6,498.4,21.39,23.30,0.83021,24.299,10.61,24.45,14,2
175.251,hall_mission,9x4.5,pi5,-5.075,32.927,-1.997,0.522,-0.432,0.135,0.691,-0.47,-5.03,-33.13,0.4864,0.4870,0.4504,0.4516,8228,28.215,719.3,379.8,474.8,22.6,497.4,21.35,23.30,0.83016,24.305,10.63,24.45,14,2
175.303,hall_mission,9x4.5,pi5,-5.056,32.909,-1.991,0.528,-0.436,0.127,0.696,-0.44,-4.98,-32.92,0.4788,0.4797,0.4582,0.4596,8232,28.218,719.4,379.5,474.4,22.6,497.0,21.33,23.30,0.83011,24.312,10.63,24.45,14,2
175.351,hall_mission,9x4.5,pi5,-5.026,32.880,-1.983,0.536,-0.442,0.116,0.705,-0.42,-4.91,-32.54,0.4725,0.4740,0.4644,0.4660,8234,28.224,719.5,379.5,474.4,22.6,497.0,21.33,23.30,0.83007,24.319,10.63,24.45,14,2
175.399,hall_mission,9x4.5,pi5,-5.006,32.862,-1.979,0.541,-0.445,0.109,0.709,-0.42,-4.87,-32.26,0.4683,0.4683,0.4698,0.4711,8236,28.239,719.9,379.8,474.7,22.6,497.3,21.34,23.30,0.83002,24.326,10.63,24.45,14,2
175.451,hall_mission,9x4.5,pi5,-4.979,32.836,-1.973,0.547,-0.448,0.101,0.714,-0.42,-4.82,-31.86,0.4629,0.4656,0.4744,0.4755,8239,28.263,720.5,380.3,475.4,22.6,498.0,21.37,23.30,0.82997,24.333,10.61,24.45,14,2
175.499,hall_mission,9x4.5,pi5,-4.960,32.818,-1.969,0.551,-0.451,0.095,0.718,-0.43,-4.80,-31.60,0.4613,0.4618,0.4768,0.4788,8241,28.276,720.8,380.6,475.8,22.6,498.4,21.39,23.30,0.82992,24.340,10.60,24.45,14,2
175.551,hall_mission,9x4.5,pi5,-4.928,32.790,-1.963,0.556,-0.453,0.086,0.722,-0.43,-4.78,-31.26,0.4591,0.4606,0.4789,0.4804,8242,28.286,721.1,380.9,476.1,22.6,498.7,21.41,23.30,0.82987,24.347,10.59,24.45,14,2
