t,x,y,z,qw,qx,qy,qz
1791098004.237,-0.0000,0.0000,0.2049,1.00000,-0.00000,-0.00000,0.00000
1791098004.351,-0.0000,0.0000,0.2050,1.00000,-0.00000,-0.00000,0.00000
1791098004.416,-0.0000,0.0000,0.2051,1.00000,-0.00000,-0.00000,0.00000
1791098004.476,-0.0000,0.0000,0.2052,1.00000,-0.00000,-0.00000,0.00000
1791098004.536,-0.0000,0.0000,0.2052,1.00000,-0.00000,-0.00000,0.00000
1791098004.596,-0.0000,0.0000,0.2053,1.00000,-0.00000,-0.00000,0.00000
1791098004.656,-0.0000,0.0000,0.2054,1.00000,-0.00000,-0.00000,0.00000
1791098004.716,-0.0000,0.0000,0.2054,1.00000,-0.00000,-0.00000,0.00000
1791098006.427,-0.0000,0.0000,0.2055,1.00000,-0.00000,-0.00000,0.00000
1791098006.486,-0.0000,0.0000,0.2055,1.00000,-0.00000,-0.00000,0.00000
1791098006.546,-0.0000,0.0000,0.2056,1.00000,-0.00000,-0.00000,0.00000
1791098006.606,-0.0000,0.0000,0.2057,1.00000,-0.00000,-0.00000,0.00000
1791098006.672,-0.0000,0.0000,0.2057,1.00000,-0.00000,-0.00000,0.00000
1791098006.732,-0.0000,0.0000,0.2058,1.00000,-0.00000,-0.00000,0.00000
1791098006.792,-0.0000,0.0000,0.2058,1.00000,-0.00000,-0.00000,0.00000
1791098006.852,-0.0000,0.0000,0.2059,1.00000,-0.00000,-0.00000,0.00000
1791098006.912,-0.0000,0.0000,0.2060,1.00000,-0.00000,-0.00000,0.00000
1791098006.972,-0.0000,0.0000,0.2060,1.00000,-0.00000,-0.00000,0.00000
1791098007.032,-0.0000,0.0000,0.2061,1.00000,-0.00000,-0.00000,0.00000
1791098007.092,-0.0000,0.0000,0.2061,1.00000,-0.00000,-0.00000,0.00000
1791098007.148,-0.0000,0.0000,0.2062,1.00000,-0.00000,-0.00000,0.00000
1791098007.207,-0.0000,0.0000,0.2063,1.00000,-0.00000,-0.00000,0.00000
1791098007.267,-0.0000,0.0000,0.2063,1.00000,-0.00000,-0.00000,0.00000
1791098007.328,-0.0000,0.0000,0.2064,1.00000,-0.00000,-0.00000,0.00000
1791098007.388,-0.0000,0.0000,0.2064,1.00000,-0.00000,-0.00000,0.00000
1791098007.448,-0.0000,0.0000,0.2065,1.00000,-0.00000,-0.00000,0.00000
1791098007.508,-0.0000,0.0000,0.2066,1.00000,-0.00000,-0.00000,0.00000
1791098007.567,-0.0000,0.0000,0.2066,1.00000,-0.00000,-0.00000,0.00000
1791098007.624,-0.0000,0.0000,0.2067,1.00000,-0.00000,-0.00000,0.00000
1791098007.683,-0.0000,0.0000,0.2067,1.00000,-0.00000,-0.00000,0.00000
1791098007.743,-0.0000,0.0000,0.2068,1.00000,-0.00000,-0.00000,0.00000
1791098007.803,-0.0000,0.0000,0.2069,1.00000,-0.00000,-0.00000,0.00000
1791098007.864,-0.0000,0.0000,0.2069,1.00000,-0.00000,-0.00000,0.00000
1791098007.924,-0.0000,0.0000,0.2070,1.00000,-0.00000,-0.00000,0.00000
1791098007.984,-0.0000,0.0000,0.2070,1.00000,-0.00000,-0.00000,0.00000
1791098008.043,-0.0000,0.0000,0.2071,1.00000,-0.00000,-0.00000,0.00000
1791098008.104,-0.0000,0.0000,0.2072,1.00000,-0.00000,-0.00000,0.00000
1791098008.164,-0.0000,0.0000,0.2072,1.00000,-0.00000,-0.00000,0.00000
1791098008.223,-0.0000,0.0000,0.2073,1.00000,-0.00000,-0.00000,0.00000
1791098008.283,-0.0000,0.0000,0.2073,1.00000,-0.00000,-0.00000,0.00000
1791098008.343,-0.0000,0.0000,0.2074,1.00000,-0.00000,-0.00000,0.00000
1791098008.403,-0.0000,0.0000,0.2075,1.00000,-0.00000,-0.00000,0.00000
1791098008.463,-0.0000,0.0000,0.2075,1.00000,-0.00000,-0.00000,0.00000
1791098008.523,-0.0000,0.0000,0.2076,1.00000,-0.00000,-0.00000,0.00000
1791098008.583,-0.0000,0.0000,0.2076,1.00000,-0.00000,-0.00000,0.00000
1791098008.644,-0.0000,0.0000,0.2077,1.00000,-0.00000,-0.00000,0.00000
1791098008.704,-0.0000,0.0000,0.2078,1.00000,-0.00000,-0.00000,0.00000
1791098008.764,-0.0000,0.0000,0.2078,1.00000,-0.00000,-0.00000,0.00000
1791098008.824,-0.0000,0.0000,0.2079,1.00000,-0.00000,-0.00000,0.00000
1791098008.883,-0.0000,0.0000,0.2079,1.00000,-0.00000,-0.00000,0.00000
1791098008.943,-0.0000,0.0000,0.2080,1.00000,-0.00000,-0.00000,0.00000
1791098009.003,-0.0000,0.0000,0.2081,1.00000,-0.00000,-0.00000,0.00000
1791098009.063,-0.0000,0.0000,0.2081,1.00000,-0.00000,-0.00000,0.00000
1791098009.123,-0.0000,0.0000,0.2082,1.00000,-0.00000,-0.00000,0.00000
1791098009.183,-0.0000,0.0000,0.2082,1.00000,-0.00000,-0.00000,0.00000
1791098009.244,-0.0000,0.0000,0.2083,1.00000,-0.00000,-0.00000,0.00000
1791098009.303,-0.0000,0.0000,0.2084,1.00000,-0.00000,-0.00000,0.00000
1791098009.363,-0.0000,0.0000,0.2084,1.00000,-0.00000,-0.00000,0.00000
1791098009.426,-0.0000,0.0000,0.2085,1.00000,-0.00000,-0.00000,0.00000
1791098009.485,-0.0000,0.0000,0.2085,1.00000,-0.00000,-0.00000,0.00000
1791098009.545,-0.0000,0.0000,0.2086,1.00000,-0.00000,-0.00000,0.00000
1791098009.606,-0.0000,0.0000,0.2087,1.00000,-0.00000,-0.00000,0.00000
1791098009.665,-0.0000,0.0000,0.2087,1.00000,-0.00000,-0.00000,0.00000
1791098009.725,-0.0000,0.0000,0.2088,1.00000,-0.00000,-0.00000,0.00000
1791098009.785,-0.0000,0.0000,0.2088,1.00000,-0.00000,-0.00000,0.00000
1791098009.845,-0.0000,0.0000,0.2089,1.00000,0.00000,-0.00000,0.00000
1791098009.905,-0.0000,0.0000,0.2090,1.00000,0.00000,-0.00000,0.00000
1791098009.965,-0.0000,0.0000,0.2090,1.00000,0.00000,-0.00000,0.00000
1791098010.025,-0.0000,0.0000,0.2091,1.00000,0.00000,-0.00000,0.00000
1791098010.085,-0.0000,0.0000,0.2091,1.00000,0.00000,-0.00000,0.00000
1791098010.145,-0.0000,0.0000,0.2092,1.00000,0.00000,-0.00000,0.00000
1791098010.205,-0.0000,0.0000,0.2093,1.00000,0.00000,-0.00000,0.00000
1791098010.265,-0.0000,0.0000,0.2093,1.00000,0.00000,-0.00000,0.00000
1791098010.325,-0.0000,0.0000,0.2094,1.00000,0.00000,-0.00000,0.00000
1791098010.385,-0.0000,0.0000,0.2094,1.00000,0.00000,-0.00000,0.00000
1791098010.445,-0.0000,0.0000,0.2095,1.00000,0.00000,-0.00000,0.00000
1791098010.506,-0.0000,0.0000,0.2096,1.00000,0.00000,-0.00000,0.00000
1791098010.565,-0.0000,0.0000,0.2096,1.00000,0.00000,-0.00000,0.00000
1791098010.624,-0.0000,0.0000,0.2097,1.00000,-0.00000,-0.00000,-0.00000
1791098010.683,-0.0000,0.0000,0.2097,1.00000,-0.00000,-0.00000,0.00000
1791098010.743,-0.0000,0.0000,0.2098,1.00000,-0.00000,-0.00000,0.00000
1791098010.803,-0.0000,0.0000,0.2098,1.00000,-0.00000,-0.00000,0.00000
1791098010.863,-0.0000,0.0000,0.2099,1.00000,-0.00000,-0.00000,0.00000
1791098010.923,-0.0000,0.0000,0.2100,1.00000,-0.00000,-0.00000,-0.00000
1791098010.983,-0.0000,0.0000,0.2100,1.00000,-0.00000,-0.00000,-0.00000
1791098011.043,-0.0000,0.0000,0.2101,1.00000,-0.00000,-0.00000,-0.00000
1791098011.103,-0.0000,0.0000,0.2101,1.00000,-0.00000,-0.00000,0.00000
1791098011.163,-0.0000,0.0000,0.2102,1.00000,-0.00000,-0.00000,0.00000
1791098011.223,-0.0000,0.0000,0.2103,1.00000,-0.00000,-0.00000,0.00000
1791098011.283,-0.0000,0.0000,0.2103,1.00000,-0.00000,-0.00000,0.00000
1791098011.343,-0.0000,0.0000,0.2104,1.00000,-0.00000,-0.00000,0.00000
1791098011.403,-0.0000,0.0000,0.2104,1.00000,-0.00000,-0.00000,0.00000
1791098011.463,-0.0000,0.0000,0.2105,1.00000,-0.00000,-0.00000,0.00000
1791098011.523,-0.0000,0.0000,0.2106,1.00000,-0.00000,-0.00000,0.00000
1791098011.583,-0.0000,0.0000,0.2106,1.00000,-0.00000,-0.00000,0.00000
1791098011.643,-0.0000,0.0000,0.2107,1.00000,-0.00000,-0.00000,0.00000
1791098011.703,-0.0000,0.0000,0.2107,1.00000,-0.00000,-0.00000,0.00000
1791098011.764,-0.0000,0.0000,0.2108,1.00000,-0.00000,-0.00000,0.00000
1791098011.824,-0.0000,0.0000,0.2109,1.00000,-0.00000,-0.00000,0.00000
1791098011.883,-0.0000,0.0000,0.2109,1.00000,-0.00000,-0.00000,0.00000
1791098011.943,-0.0000,0.0000,0.2110,1.00000,-0.00000,-0.00000,0.00000
1791098012.003,-0.0000,0.0000,0.2110,1.00000,-0.00000,-0.00000,0.00000
1791098012.063,-0.0000,0.0000,0.2111,1.00000,-0.00000,-0.00000,0.00000
1791098012.123,-0.0000,0.0000,0.2112,1.00000,-0.00000,-0.00000,0.00000
1791098012.183,-0.0000,0.0000,0.2112,1.00000,-0.00000,-0.00000,0.00000
1791098012.243,-0.0000,0.0000,0.2113,1.00000,-0.00000,-0.00000,0.00000
1791098012.303,-0.0000,0.0000,0.2113,1.00000,-0.00000,-0.00000,0.00000
1791098012.359,-0.0000,0.0000,0.2114,1.00000,-0.00000,-0.00000,0.00000
1791098012.419,-0.0000,0.0000,0.2115,1.00000,-0.00000,-0.00000,0.00000
1791098012.479,-0.0000,0.0000,0.2115,1.00000,-0.00000,-0.00000,0.00000
1791098012.539,-0.0000,0.0000,0.2116,1.00000,-0.00000,-0.00000,0.00000
1791098012.599,-0.0000,0.0000,0.2116,1.00000,-0.00000,-0.00000,0.00000
1791098012.659,-0.0000,0.0000,0.2117,1.00000,-0.00000,-0.00000,0.00000
1791098012.717,-0.0000,0.0000,0.2118,1.00000,-0.00000,-0.00000,0.00000
1791098012.777,-0.0000,0.0000,0.2118,1.00000,-0.00000,-0.00000,0.00000
1791098012.837,-0.0000,0.0000,0.2119,1.00000,-0.00000,-0.00000,0.00000
1791098012.897,-0.0000,0.0000,0.2119,1.00000,-0.00000,-0.00000,0.00000
1791098012.957,-0.0000,0.0000,0.2120,1.00000,-0.00000,-0.00000,0.00000
1791098013.017,-0.0000,0.0000,0.2121,1.00000,-0.00000,-0.00000,0.00000
1791098013.077,-0.0000,-0.0000,0.2121,1.00000,0.00000,-0.00000,0.00000
1791098013.137,-0.0000,-0.0000,0.2122,1.00000,0.00000,-0.00000,0.00000
1791098013.197,-0.0000,-0.0000,0.2122,1.00000,0.00000,-0.00000,0.00000
1791098013.257,-0.0000,-0.0000,0.2123,1.00000,0.00000,-0.00000,0.00000
1791098013.317,-0.0000,-0.0000,0.2124,1.00000,0.00000,-0.00000,0.00000
1791098013.377,-0.0000,-0.0000,0.2124,1.00000,0.00000,-0.00000,0.00000
1791098013.437,-0.0000,-0.0000,0.2125,1.00000,0.00000,-0.00000,0.00000
1791098013.497,-0.0000,-0.0000,0.2125,1.00000,0.00000,-0.00000,0.00000
1791098013.557,-0.0000,-0.0000,0.2126,1.00000,0.00000,-0.00000,0.00000
1791098013.617,-0.0000,-0.0000,0.2127,1.00000,0.00000,-0.00000,0.00000
1791098013.677,-0.0000,-0.0000,0.2127,1.00000,0.00000,-0.00000,0.00000
1791098013.737,-0.0000,-0.0000,0.2128,1.00000,0.00000,-0.00000,0.00000
1791098013.797,-0.0000,-0.0000,0.2128,1.00000,0.00000,-0.00000,0.00000
1791098013.857,-0.0000,-0.0000,0.2129,1.00000,0.00000,-0.00000,0.00000
1791098013.915,-0.0000,-0.0000,0.2129,1.00000,0.00000,-0.00000,0.00000
1791098013.975,-0.0000,-0.0000,0.2130,1.00000,0.00000,-0.00000,0.00000
1791098014.035,-0.0000,-0.0000,0.2131,1.00000,0.00000,-0.00000,0.00000
1791098014.095,-0.0000,-0.0000,0.2131,1.00000,0.00000,-0.00000,0.00000
1791098014.155,-0.0000,-0.0000,0.2132,1.00000,0.00000,-0.00000,0.00000
1791098014.215,-0.0000,-0.0000,0.2132,1.00000,0.00000,-0.00000,0.00000
1791098014.275,-0.0000,-0.0000,0.2133,1.00000,0.00000,-0.00000,0.00000
1791098014.335,-0.0000,-0.0000,0.2134,1.00000,0.00000,-0.00000,0.00000
1791098014.395,-0.0000,-0.0000,0.2134,1.00000,0.00000,-0.00000,0.00000
1791098014.456,-0.0000,-0.0000,0.2135,1.00000,0.00000,-0.00000,0.00000
1791098014.516,-0.0000,-0.0000,0.2135,1.00000,0.00000,-0.00000,0.00000
1791098014.575,-0.0000,-0.0000,0.2136,1.00000,0.00000,-0.00000,0.00000
1791098014.635,-0.0000,-0.0000,0.2137,1.00000,0.00000,-0.00000,0.00000
1791098014.695,-0.0000,-0.0000,0.2137,1.00000,0.00000,-0.00000,0.00000
1791098014.755,-0.0000,0.0000,0.2138,1.00000,0.00000,0.00000,0.00005
1791098014.815,-0.0003,-0.0001,0.2139,1.00000,0.00018,0.00000,0.00101
1791098014.876,-0.0009,-0.0004,0.2142,0.99999,0.00090,0.00003,0.00340
1791098014.936,-0.0019,-0.0010,0.2146,0.99997,0.00212,0.00030,0.00727
1791098014.995,-0.0028,-0.0018,0.2154,0.99991,0.00405,0.00050,0.01311
1791098015.055,-0.0037,-0.0029,0.2169,0.99977,0.00540,0.00076,0.02096
1791098015.115,-0.0044,-0.0043,0.2194,0.99953,0.00616,0.00090,0.02996
1791098015.175,-0.0050,-0.0060,0.2230,0.99921,0.00636,0.00097,0.03924
1791098015.235,-0.0055,-0.0081,0.2277,0.99883,0.00611,0.00101,0.04801
1791098015.295,-0.0059,-0.0104,0.2338,0.99843,0.00554,0.00105,0.05569
1791098015.355,-0.0061,-0.0130,0.2412,0.99807,0.00477,0.00111,0.06191
1791098015.415,-0.0063,-0.0158,0.2500,0.99778,0.00390,0.00116,0.06650
1791098015.475,-0.0063,-0.0187,0.2600,0.99758,0.00299,0.00123,0.06948
1791098015.535,-0.0062,-0.0216,0.2713,0.99747,0.00209,0.00129,0.07099
1791098015.595,-0.0060,-0.0245,0.2839,0.99745,0.00127,0.00137,0.07128
1791098015.655,-0.0057,-0.0273,0.2977,0.99750,0.00053,0.00144,0.07064
1791098015.715,-0.0054,-0.0299,0.3127,0.99759,-0.00009,0.00150,0.06938
1791098015.775,-0.0049,-0.0324,0.3289,0.99770,-0.00061,0.00152,0.06776
1791098015.835,-0.0044,-0.0346,0.3463,0.99782,-0.00100,0.00153,0.06604
1791098015.895,-0.0038,-0.0366,0.3647,0.99792,-0.00130,0.00151,0.06439
1791098015.955,-0.0031,-0.0384,0.3843,0.99802,-0.00147,0.00151,0.06294
1791098016.015,-0.0024,-0.0400,0.4048,0.99809,-0.00155,0.00150,0.06174
1791098016.075,-0.0016,-0.0413,0.4264,0.99815,-0.00150,0.00145,0.06082
1791098016.135,-0.0007,-0.0425,0.4490,0.99819,-0.00138,0.00138,0.06015
1791098016.195,0.0001,-0.0435,0.4726,0.99822,-0.00120,0.00130,0.05968
1791098016.255,0.0011,-0.0443,0.4972,0.99824,-0.00098,0.00118,0.05936
1791098016.315,0.0020,-0.0450,0.5226,0.99825,-0.00078,0.00106,0.05913
1791098016.371,0.0029,-0.0455,0.5472,0.99826,-0.00061,0.00095,0.05894
1791098016.432,0.0038,-0.0460,0.5744,0.99827,-0.00047,0.00083,0.05872
1791098016.491,0.0048,-0.0464,0.6025,0.99829,-0.00038,0.00070,0.05846
1791098016.551,0.0057,-0.0468,0.6314,0.99831,-0.00034,0.00058,0.05814
1791098016.611,0.0067,-0.0471,0.6611,0.99833,-0.00037,0.00047,0.05774
1791098016.671,0.0076,-0.0474,0.6916,0.99836,-0.00045,0.00034,0.05729
1791098016.731,0.0084,-0.0476,0.7229,0.99839,-0.00056,0.00023,0.05680
1791098016.791,0.0093,-0.0478,0.7549,0.99841,-0.00070,0.00014,0.05628
1791098016.851,0.0101,-0.0479,0.7877,0.99844,-0.00085,0.00007,0.05576
1791098016.911,0.0108,-0.0479,0.8212,0.99847,-0.00102,0.00002,0.05524
1791098016.971,0.0115,-0.0479,0.8555,0.99850,-0.00120,0.00001,0.05475
1791098017.031,0.0121,-0.0477,0.8904,0.99852,-0.00138,0.00003,0.05429
1791098017.091,0.0127,-0.0475,0.9260,0.99855,-0.00157,0.00008,0.05386
1791098017.151,0.0133,-0.0472,0.9622,0.99857,-0.00175,0.00014,0.05348
1791098017.211,0.0138,-0.0468,0.9991,0.99859,-0.00194,0.00021,0.05314
1791098017.271,0.0143,-0.0462,1.0366,0.99860,-0.00213,0.00025,0.05283
1791098017.331,0.0148,-0.0455,1.0747,0.99862,-0.00230,0.00023,0.05255
1791098017.391,0.0152,-0.0447,1.1134,0.99863,-0.00248,0.00019,0.05229
1791098017.451,0.0157,-0.0438,1.1526,0.99864,-0.00263,0.00010,0.05205
1791098017.511,0.0161,-0.0427,1.1924,0.99865,-0.00276,-0.00002,0.05183
1791098017.571,0.0164,-0.0415,1.2327,0.99866,-0.00283,-0.00016,0.05162
1791098017.631,0.0167,-0.0401,1.2731,0.99867,-0.00286,-0.00030,0.05142
1791098017.691,0.0170,-0.0387,1.3128,0.99868,-0.00286,-0.00046,0.05123
1791098017.751,0.0172,-0.0371,1.3513,0.99869,-0.00279,-0.00061,0.05103
1791098017.811,0.0173,-0.0354,1.3884,0.99870,-0.00268,-0.00074,0.05083
1791098017.871,0.0174,-0.0337,1.4240,0.99871,-0.00255,-0.00084,0.05062
1791098017.931,0.0174,-0.0319,1.4582,0.99873,-0.00236,-0.00092,0.05040
1791098017.991,0.0173,-0.0300,1.4908,0.99874,-0.00211,-0.00097,0.05016
1791098018.051,0.0172,-0.0281,1.5221,0.99875,-0.00181,-0.00096,0.04989
1791098018.111,0.0170,-0.0262,1.5521,0.99877,-0.00146,-0.00094,0.04961
1791098018.171,0.0167,-0.0243,1.5807,0.99878,-0.00108,-0.00090,0.04931
1791098018.231,0.0164,-0.0225,1.6082,0.99880,-0.00070,-0.00083,0.04900
1791098018.297,0.0161,-0.0208,1.6345,0.99881,-0.00033,-0.00077,0.04868
1791098018.357,0.0157,-0.0191,1.6597,0.99883,0.00002,-0.00068,0.04836
1791098018.417,0.0153,-0.0175,1.6838,0.99885,0.00032,-0.00058,0.04804
1791098018.477,0.0148,-0.0161,1.7070,0.99886,0.00059,-0.00048,0.04773
1791098018.537,0.0144,-0.0148,1.7292,0.99887,0.00082,-0.00040,0.04743
1791098018.597,0.0140,-0.0136,1.7506,0.99889,0.00102,-0.00032,0.04715
1791098018.657,0.0136,-0.0126,1.7711,0.99890,0.00116,-0.00029,0.04690
1791098018.717,0.0132,-0.0119,1.7883,0.99891,0.00127,-0.00031,0.04671
1791098018.776,0.0128,-0.0111,1.8074,0.99892,0.00132,-0.00037,0.04652
1791098018.836,0.0124,-0.0105,1.8258,0.99892,0.00134,-0.00047,0.04636
1791098018.897,0.0120,-0.0100,1.8434,0.99893,0.00131,-0.00060,0.04625
1791098018.956,0.0116,-0.0097,1.8604,0.99893,0.00123,-0.00075,0.04617
1791098019.016,0.0112,-0.0095,1.8766,0.99893,0.00112,-0.00091,0.04615
1791098019.076,0.0107,-0.0093,1.8922,0.99893,0.00099,-0.00107,0.04617
1791098019.136,0.0102,-0.0093,1.9053,0.99893,0.00087,-0.00121,0.04622
1791098019.196,0.0097,-0.0092,1.9197,0.99893,0.00071,-0.00136,0.04631
1791098019.255,0.0091,-0.0093,1.9336,0.99892,0.00053,-0.00149,0.04643
1791098019.316,0.0084,-0.0094,1.9470,0.99891,0.00034,-0.00156,0.04655
1791098019.375,0.0077,-0.0095,1.9598,0.99891,0.00015,-0.00163,0.04667
1791098019.436,0.0069,-0.0096,1.9721,0.99890,-0.00004,-0.00167,0.04677
1791098019.496,0.0060,-0.0097,1.9839,0.99890,-0.00021,-0.00165,0.04686
1791098019.556,0.0051,-0.0098,1.9952,0.99890,-0.00038,-0.00160,0.04691
1791098019.616,0.0041,-0.0099,2.0060,0.99890,-0.00051,-0.00154,0.04692
1791098019.676,0.0031,-0.0099,2.0163,0.99890,-0.00063,-0.00146,0.04690
1791098019.736,0.0020,-0.0099,2.0262,0.99890,-0.00074,-0.00136,0.04685
1791098019.795,0.0009,-0.0099,2.0357,0.99890,-0.00081,-0.00124,0.04677
1791098019.856,-0.0002,-0.0098,2.0448,0.99891,-0.00086,-0.00111,0.04667
1791098019.916,-0.0013,-0.0096,2.0535,0.99891,-0.00093,-0.00098,0.04656
1791098019.975,-0.0024,-0.0094,2.0618,0.99892,-0.00099,-0.00086,0.04644
1791098020.036,-0.0035,-0.0092,2.0696,0.99893,-0.00105,-0.00075,0.04632
1791098020.096,-0.0046,-0.0089,2.0774,0.99893,-0.00105,0.00215,0.04616
1791098020.156,-0.0054,-0.0085,2.0862,0.99875,-0.00108,0.02011,0.04567
1791098020.216,-0.0047,-0.0080,2.0954,0.99818,-0.00095,0.04090,0.04441
1791098020.275,-0.0013,-0.0074,2.1043,0.99744,-0.00076,0.05765,0.04222
1791098020.336,0.0058,-0.0065,2.1125,0.99685,-0.00058,0.06900,0.03921
1791098020.395,0.0172,-0.0055,2.1197,0.99650,-0.00048,0.07559,0.03563
1791098020.456,0.0329,-0.0044,2.1261,0.99640,-0.00043,0.07856,0.03179
1791098020.515,0.0530,-0.0031,2.1316,0.99649,-0.00038,0.07892,0.02798
1791098020.576,0.0773,-0.0017,2.1364,0.99669,-0.00035,0.07750,0.02446
1791098020.636,0.1053,-0.0003,2.1406,0.99695,-0.00028,0.07499,0.02140
1791098020.696,0.1367,0.0012,2.1444,0.99723,-0.00018,0.07187,0.01890
1791098020.756,0.1710,0.0027,2.1479,0.99751,-0.00002,0.06848,0.01700
1791098020.816,0.2079,0.0041,2.1511,0.99776,0.00020,0.06510,0.01565
1791098020.876,0.2470,0.0056,2.1540,0.99797,0.00046,0.06188,0.01476
1791098020.936,0.2879,0.0070,2.1568,0.99816,0.00074,0.05892,0.01424
1791098020.995,0.3302,0.0083,2.1596,0.99831,0.00101,0.05633,0.01395
1791098021.055,0.3738,0.0095,2.1622,0.99844,0.00133,0.05410,0.01379
1791098021.115,0.4183,0.0106,2.1647,0.99854,0.00168,0.05226,0.01363
1791098021.176,0.4637,0.0115,2.1672,0.99862,0.00210,0.05079,0.01339
1791098021.235,0.5097,0.0123,2.1696,0.99868,0.00250,0.04963,0.01300
1791098021.296,0.5562,0.0129,2.1720,0.99873,0.00279,0.04876,0.01241
1791098021.356,0.6032,0.0134,2.1743,0.99877,0.00301,0.04813,0.01160
1791098021.416,0.6505,0.0136,2.1766,0.99880,0.00319,0.04767,0.01058
1791098021.476,0.6981,0.0136,2.1788,0.99883,0.00332,0.04735,0.00939
1791098021.536,0.7460,0.0135,2.1811,0.99885,0.00342,0.04714,0.00808
1791098021.596,0.7941,0.0131,2.1833,0.99887,0.00344,0.04703,0.00669
1791098021.655,0.8424,0.0125,2.1856,0.99888,0.00345,0.04696,0.00529
1791098021.715,0.8909,0.0118,2.1877,0.99888,0.00343,0.04695,0.00394
1791098021.775,0.9396,0.0109,2.1899,0.99889,0.00341,0.04700,0.00268
1791098021.835,0.9885,0.0098,2.1920,0.99888,0.00339,0.04710,0.00154
1791098021.896,1.0375,0.0086,2.1941,0.99888,0.00337,0.04725,0.00056
1791098021.956,1.0867,0.0072,2.1961,0.99887,0.00334,0.04742,-0.00027
1791098022.016,1.1360,0.0056,2.1981,0.99886,0.00329,0.04761,-0.00094
1791098022.076,1.1855,0.0039,2.1999,0.99885,0.00323,0.04783,-0.00146
1791098022.136,1.2352,0.0021,2.2018,0.99884,0.00319,0.04806,-0.00183
1791098022.195,1.2850,0.0002,2.2035,0.99882,0.00311,0.04832,-0.00208
1791098022.256,1.3351,-0.0018,2.2052,0.99881,0.00306,0.04860,-0.00221
1791098022.316,1.3853,-0.0039,2.2068,0.99880,0.00301,0.04889,-0.00226
1791098022.375,1.4357,-0.0061,2.2084,0.99878,0.00291,0.04922,-0.00223
1791098022.436,1.4863,-0.0083,2.2099,0.99877,0.00278,0.04955,-0.00213
1791098022.495,1.5372,-0.0106,2.2114,0.99875,0.00265,0.04986,-0.00197
1791098022.555,1.5882,-0.0130,2.2127,0.99874,0.00255,0.05017,-0.00177
1791098022.616,1.6395,-0.0154,2.2140,0.99872,0.00248,0.05049,-0.00155
1791098022.676,1.6910,-0.0178,2.2152,0.99871,0.00243,0.05077,-0.00130
1791098022.736,1.7428,-0.0202,2.2164,0.99869,0.00242,0.05107,-0.00105
1791098022.796,1.7948,-0.0226,2.2175,0.99868,0.00242,0.05133,-0.00081
1791098022.858,1.8436,-0.0249,2.2185,0.99867,0.00242,0.05156,-0.00059
1791098022.918,1.8961,-0.0274,2.2195,0.99866,0.00247,0.05177,-0.00039
1791098022.978,1.9489,-0.0299,2.2206,0.99864,0.00522,0.05193,-0.00094
1791098023.038,2.0019,-0.0326,2.2222,0.99861,0.00993,0.05162,-0.00402
1791098023.098,2.0553,-0.0359,2.2243,0.99853,0.01393,0.05129,-0.01071
1791098023.158,2.1088,-0.0399,2.2266,0.99834,0.01657,0.05107,-0.02098
1791098023.218,2.1624,-0.0449,2.2287,0.99796,0.01785,0.05106,-0.03404
1791098023.278,2.2161,-0.0509,2.2304,0.99733,0.01824,0.05122,-0.04874
1791098023.339,2.2698,-0.0580,2.2317,0.99647,0.01789,0.05152,-0.06384
1791098023.398,2.3236,-0.0660,2.2327,0.99544,0.01684,0.05189,-0.07823
1791098023.458,2.3774,-0.0750,2.2334,0.99435,0.01550,0.05226,-0.09106
1791098023.518,2.4313,-0.0848,2.2340,0.99332,0.01409,0.05254,-0.10176
1791098023.578,2.4853,-0.0953,2.2344,0.99244,0.01273,0.05278,-0.11007
1791098023.638,2.5394,-0.1064,2.2349,0.99176,0.01217,0.05288,-0.11607
1791098023.698,2.5937,-0.1180,2.2356,0.99112,0.01551,0.05210,-0.12137
1791098023.758,2.6479,-0.1305,2.2366,0.99025,0.01964,0.05115,-0.12805
1791098023.818,2.7021,-0.1440,2.2378,0.98900,0.02270,0.05045,-0.13719
1791098023.878,2.7561,-0.1586,2.2389,0.98730,0.02437,0.05015,-0.14879
1791098023.938,2.8099,-0.1745,2.2399,0.98517,0.02487,0.05016,-0.16217
1791098023.998,2.8634,-0.1916,2.2408,0.98273,0.02444,0.05045,-0.17637
1791098024.058,2.9166,-0.2099,2.2417,0.98011,0.02347,0.05088,-0.19038
1791098024.118,2.9696,-0.2293,2.2424,0.97751,0.02215,0.05137,-0.20332
1791098024.179,3.0225,-0.2497,2.2432,0.97512,0.02069,0.05184,-0.21455
1791098024.238,3.0751,-0.2710,2.2440,0.97307,0.01929,0.05223,-0.22369
1791098024.298,3.1277,-0.2930,2.2448,0.97145,0.01828,0.05247,-0.23063
1791098024.358,3.1802,-0.3158,2.2459,0.96997,0.02223,0.05097,-0.23678
1791098024.418,3.2325,-0.3395,2.2478,0.96782,0.02878,0.04807,-0.24534
1791098024.485,3.2843,-0.3645,2.2505,0.96439,0.03420,0.04553,-0.25827
1791098024.545,3.3352,-0.3910,2.2536,0.95949,0.03754,0.04389,-0.27575
1791098024.604,3.3852,-0.4192,2.2566,0.95319,0.03890,0.04329,-0.29671
1791098024.664,3.4341,-0.4490,2.2590,0.94579,0.03878,0.04355,-0.31951
1791098024.725,3.4818,-0.4803,2.2606,0.93774,0.03768,0.04436,-0.34243
1791098024.783,3.5223,-0.5087,2.2615,0.93069,0.03617,0.04534,-0.36118
1791098024.843,3.5682,-0.5427,2.2622,0.92298,0.03413,0.04654,-0.38050
1791098024.903,3.6132,-0.5779,2.2627,0.91620,0.03191,0.04770,-0.39658
1791098024.963,3.6575,-0.6142,2.2632,0.91071,0.02973,0.04875,-0.40908
1791098025.023,3.7013,-0.6515,2.2637,0.90665,0.02801,0.04946,-0.41804
1791098025.083,3.7445,-0.6896,2.2641,0.90337,0.03070,0.04752,-0.42511
1791098025.143,3.7871,-0.7286,2.2648,0.89959,0.03516,0.04438,-0.43305
1791098025.203,3.8288,-0.7687,2.2654,0.89443,0.03866,0.04185,-0.44356
1791098025.263,3.8692,-0.8099,2.2659,0.88767,0.04069,0.04035,-0.45690
1791098025.323,3.9082,-0.8522,2.2660,0.87949,0.04133,0.03983,-0.47244
1791098025.383,3.9458,-0.8956,2.2658,0.87035,0.04112,0.03994,-0.48908
1791098025.443,3.9821,-0.9401,2.2652,0.86086,0.04012,0.04064,-0.50563
1791098025.503,4.0171,-0.9855,2.2643,0.85165,0.03846,0.04171,-0.52103
1791098025.563,4.0509,-1.0318,2.2632,0.84326,0.03659,0.04287,-0.53454
1791098025.623,4.0838,-1.0788,2.2622,0.83614,0.03456,0.04410,-0.54565
1791098025.683,4.1159,-1.1266,2.2618,0.83144,0.02801,0.04833,-0.55280
1791098025.741,4.1435,-1.1686,2.2635,0.83098,0.01912,0.05246,-0.55350
1791098025.801,4.1758,-1.2173,2.2686,0.83546,0.00978,0.05601,-0.54661
1791098025.861,4.2092,-1.2659,2.2756,0.84489,0.00308,0.05797,-0.53178
1791098025.921,4.2437,-1.3137,2.2825,0.85788,-0.00056,0.05899,-0.51046
1791098025.982,4.2794,-1.3605,2.2876,0.87266,-0.00154,0.05950,-0.48469
1791098026.041,4.3163,-1.4062,2.2900,0.88761,-0.00066,0.05976,-0.45670
1791098026.101,4.3543,-1.4506,2.2901,0.90146,0.00146,0.05978,-0.42872
1791098026.159,4.3881,-1.4884,2.2889,0.91193,0.00378,0.05958,-0.40598
1791098026.219,4.4282,-1.5311,2.2868,0.92190,0.00662,0.05908,-0.38284
1791098026.280,4.4692,-1.5731,2.2846,0.92954,0.00935,0.05834,-0.36396
1791098026.340,4.5112,-1.6145,2.2825,0.93500,0.01181,0.05741,-0.34978
1791098026.400,4.5540,-1.6554,2.2805,0.93859,0.01306,0.05673,-0.34008
1791098026.460,4.5974,-1.6959,2.2786,0.94109,0.01087,0.05684,-0.33316
1791098026.519,4.6415,-1.7359,2.2763,0.94325,0.00830,0.05723,-0.32702
1791098026.578,4.6803,-1.7699,2.2741,0.94519,0.00669,0.05747,-0.32135
1791098026.638,4.7257,-1.8085,2.2711,0.94767,0.00580,0.05758,-0.31397
1791098026.698,4.7719,-1.8462,2.2679,0.95035,0.00584,0.05750,-0.30576
1791098026.758,4.8187,-1.8831,2.2646,0.95311,0.00647,0.05726,-0.29708
1791098026.819,4.8662,-1.9193,2.2614,0.95578,0.00750,0.05689,-0.28841
1791098026.878,4.9143,-1.9549,2.2583,0.95823,0.00875,0.05648,-0.28024
1791098026.938,4.9629,-1.9898,2.2553,0.96034,0.01007,0.05601,-0.27297
1791098026.998,5.0120,-2.0243,2.2526,0.96207,0.01137,0.05552,-0.26687
1791098027.058,5.0615,-2.0584,2.2500,0.96339,0.01257,0.05505,-0.26208
1791098027.118,5.1112,-2.0921,2.2477,0.96434,0.01366,0.05462,-0.25862
1791098027.178,5.1612,-2.1256,2.2455,0.96494,0.01459,0.05424,-0.25639
1791098027.238,5.2115,-2.1590,2.2435,0.96525,0.01536,0.05393,-0.25523
1791098027.298,5.2618,-2.1922,2.2418,0.96534,0.01599,0.05370,-0.25493
1791098027.358,5.3123,-2.2253,2.2402,0.96525,0.01647,0.05351,-0.25526
1791098027.418,5.3629,-2.2584,2.2388,0.96505,0.01684,0.05339,-0.25602
1791098027.478,5.4136,-2.2914,2.2375,0.96479,0.01709,0.05333,-0.25699
1791098027.538,5.4643,-2.3245,2.2367,0.96477,0.01371,0.05417,-0.25711
1791098027.598,5.5153,-2.3573,2.2368,0.96561,0.00766,0.05499,-0.25398
1791098027.658,5.5667,-2.3897,2.2380,0.96763,0.00242,0.05555,-0.24616
1791098027.718,5.6186,-2.4211,2.2398,0.97072,-0.00096,0.05587,-0.23363
1791098027.778,5.6711,-2.4514,2.2418,0.97448,-0.00253,0.05611,-0.21734
1791098027.838,5.7240,-2.4804,2.2435,0.97843,-0.00265,0.05635,-0.19874
1791098027.898,5.7773,-2.5083,2.2447,0.98214,-0.00170,0.05658,-0.17942
1791098027.958,5.8311,-2.5349,2.2455,0.98535,-0.00016,0.05682,-0.16082
1791098028.018,5.8854,-2.5605,2.2461,0.98792,0.00156,0.05695,-0.14411
1791098028.078,5.9401,-2.5851,2.2466,0.98999,-0.00024,0.05703,-0.12907
1791098028.138,5.9952,-2.6087,2.2473,0.99184,-0.00424,0.05701,-0.11396
1791098028.198,6.0508,-2.6309,2.2480,0.99356,-0.00739,0.05702,-0.09759
1791098028.258,6.1069,-2.6516,2.2486,0.99513,-0.00904,0.05709,-0.07986
1791098028.318,6.1634,-2.6707,2.2490,0.99643,-0.00929,0.05719,-0.06137
1791098028.378,6.2202,-2.6883,2.2495,0.99739,-0.00850,0.05731,-0.04306
1791098028.438,6.2775,-2.7043,2.2499,0.99799,-0.00712,0.05740,-0.02589
1791098028.498,6.3351,-2.7189,2.2504,0.99828,-0.00598,0.05735,-0.01058
1791098028.558,6.3931,-2.7322,2.2508,0.99835,-0.00738,0.05690,0.00326
1791098028.618,6.4513,-2.7441,2.2512,0.99822,-0.00923,0.05650,0.01674
1791098028.678,6.5096,-2.7546,2.2514,0.99790,-0.01030,0.05622,0.03040
1791098028.738,6.5682,-2.7636,2.2513,0.99739,-0.01051,0.05611,0.04419
1791098028.798,6.6268,-2.7712,2.2511,0.99671,-0.00991,0.05611,0.05765
1791098028.858,6.6856,-2.7774,2.2508,0.99591,-0.00880,0.05618,0.07024
1791098028.918,6.7444,-2.7823,2.2505,0.99506,-0.00746,0.05623,0.08146
1791098028.978,6.8034,-2.7861,2.2503,0.99418,-0.00902,0.05572,0.09173
1791098029.039,6.8624,-2.7886,2.2503,0.99312,-0.01275,0.05454,0.10283
1791098029.098,6.9214,-2.7897,2.2505,0.99168,-0.01571,0.05360,0.11594
1791098029.158,6.9801,-2.7893,2.2507,0.98979,-0.01733,0.05304,0.13113
1791098029.218,7.0387,-2.7872,2.2508,0.98746,-0.01763,0.05285,0.14774
1791098029.278,7.0969,-2.7836,2.2509,0.98477,-0.01689,0.05299,0.16475
1791098029.343,7.1510,-2.7788,2.2508,0.98208,-0.01593,0.05316,0.18010
1791098029.403,7.2088,-2.7723,2.2506,0.97904,-0.01717,0.05252,0.19604
1791098029.462,7.2661,-2.7643,2.2503,0.97568,-0.01921,0.05164,0.21217
1791098029.523,7.3231,-2.7549,2.2500,0.97186,-0.02206,0.05049,0.22904
1791098029.583,7.3795,-2.7437,2.2500,0.96728,-0.02583,0.04850,0.24769
1791098029.643,7.4352,-2.7306,2.2502,0.96168,-0.02847,0.04702,0.26861
1791098029.702,7.4899,-2.7157,2.2506,0.95507,-0.02946,0.04633,0.29125
1791098029.762,7.5437,-2.6988,2.2509,0.94769,-0.02912,0.04632,0.31448
1791098029.823,7.5965,-2.6800,2.2512,0.93994,-0.02775,0.04681,0.33696
1791098029.882,7.6483,-2.6596,2.2515,0.93235,-0.02577,0.04759,0.35749
1791098029.943,7.6993,-2.6376,2.2519,0.92538,-0.02354,0.04840,0.37520
1791098030.002,7.7496,-2.6142,2.2525,0.91945,-0.02119,0.04921,0.38955
1791098030.063,7.7992,-2.5897,2.2533,0.91479,-0.01897,0.04994,0.40039
1791098030.123,7.8484,-2.5641,2.2541,0.91150,-0.01700,0.05051,0.40784
1791098030.182,7.8972,-2.5376,2.2549,0.90952,-0.01530,0.05101,0.41224
1791098030.242,7.9456,-2.5104,2.2556,0.90863,-0.01464,0.05114,0.41421
1791098030.302,7.9938,-2.4825,2.2563,0.90807,-0.01714,0.04951,0.41553
1791098030.362,8.0415,-2.4539,2.2570,0.90689,-0.02026,0.04761,0.41817
1791098030.423,8.0887,-2.4244,2.2577,0.90460,-0.02260,0.04624,0.42315
1791098030.482,8.1350,-2.3941,2.2583,0.90111,-0.02385,0.04553,0.43054
1791098030.542,8.1806,-2.3629,2.2587,0.89662,-0.02436,0.04536,0.43980
1791098030.602,8.2253,-2.3307,2.2589,0.89146,-0.02443,0.04553,0.45015
1791098030.662,8.2693,-2.2977,2.2589,0.88605,-0.02378,0.04614,0.46068
1791098030.722,8.3125,-2.2639,2.2588,0.88077,-0.02276,0.04696,0.47066
1791098030.783,8.3551,-2.2293,2.2586,0.87598,-0.02162,0.04782,0.47949
1791098030.843,8.3972,-2.1940,2.2584,0.87192,-0.02054,0.04862,0.48680
1791098030.903,8.4389,-2.1581,2.2582,0.86873,-0.01957,0.04933,0.49243
1791098030.963,8.4802,-2.1216,2.2580,0.86646,-0.01878,0.04992,0.49638
1791098031.023,8.5213,-2.0846,2.2578,0.86507,-0.01817,0.05040,0.49878
1791098031.082,8.5621,-2.0471,2.2577,0.86444,-0.01766,0.05080,0.49985
1791098031.143,8.6028,-2.0091,2.2575,0.86442,-0.01738,0.05106,0.49987
1791098031.202,8.6434,-1.9708,2.2574,0.86485,-0.01718,0.05127,0.49911
1791098031.262,8.6839,-1.9321,2.2571,0.86556,-0.01707,0.05138,0.49787
1791098031.323,8.7242,-1.8931,2.2568,0.86640,-0.01708,0.05144,0.49640
1791098031.382,8.7646,-1.8537,2.2565,0.86726,-0.01713,0.05146,0.49489
1791098031.443,8.8048,-1.8141,2.2560,0.86806,-0.01724,0.05143,0.49350
1791098031.502,8.8450,-1.7742,2.2556,0.86872,-0.01736,0.05141,0.49233
1791098031.563,8.8852,-1.7340,2.2551,0.86922,-0.01752,0.05134,0.49143
1791098031.623,8.9253,-1.6936,2.2545,0.86957,-0.01771,0.05129,0.49083
1791098031.682,8.9653,-1.6529,2.2541,0.86974,-0.01820,0.05106,0.49052
1791098031.743,9.0053,-1.6120,2.2540,0.86909,-0.02302,0.04784,0.49179
1791098031.802,9.0449,-1.5705,2.2554,0.86600,-0.02964,0.04229,0.49738
1791098031.862,9.0836,-1.5282,2.2586,0.85942,-0.03495,0.03729,0.50871
1791098031.922,9.1209,-1.4851,2.2627,0.84930,-0.03822,0.03391,0.52544
1791098031.983,9.1564,-1.4413,2.2668,0.83616,-0.03966,0.03235,0.54609
1791098032.042,9.1901,-1.3968,2.2699,0.82094,-0.03983,0.03227,0.56872
1791098032.103,9.2220,-1.3516,2.2718,0.80475,-0.03906,0.03328,0.59139
1791098032.163,9.2520,-1.3059,2.2726,0.78878,-0.03782,0.03485,0.61252
1791098032.222,9.2805,-1.2596,2.2728,0.77409,-0.03622,0.03665,0.63098
1791098032.283,9.3076,-1.2128,2.2729,0.76150,-0.03447,0.03846,0.64610
1791098032.342,9.3334,-1.1653,2.2730,0.75162,-0.03228,0.04083,0.65754
1791098032.402,9.3583,-1.1172,2.2741,0.74589,-0.02641,0.04580,0.66397
1791098032.463,9.3829,-1.0685,2.2775,0.74578,-0.01939,0.05058,0.66399
1791098032.522,9.4077,-1.0193,2.2826,0.75144,-0.01369,0.05404,0.65744
1791098032.582,9.4332,-0.9700,2.2882,0.76190,-0.01007,0.05614,0.64518
1791098032.643,9.4595,-0.9209,2.2927,0.77558,-0.00848,0.05727,0.62859
1791098032.703,9.4867,-0.8720,2.2954,0.79076,-0.00850,0.05782,0.60933
1791098032.762,9.5111,-0.8299,2.2961,0.80396,-0.00941,0.05799,0.59177
1791098032.821,9.5401,-0.7816,2.2954,0.81819,-0.01090,0.05792,0.57191
1791098032.881,9.5700,-0.7335,2.2937,0.83105,-0.00987,0.05884,0.55298
1791098032.942,9.6009,-0.6857,2.2914,0.84299,-0.00779,0.06033,0.53449
1791098033.001,9.6331,-0.6383,2.2886,0.85425,-0.00647,0.06149,0.51617
1791098033.061,9.6666,-0.5914,2.2855,0.86477,-0.00622,0.06213,0.49827
1791098033.122,9.7014,-0.5449,2.2826,0.87431,-0.00684,0.06223,0.48131
1791098033.181,9.7376,-0.4988,2.2799,0.88263,-0.00804,0.06192,0.46590
1791098033.241,9.7750,-0.4532,2.2775,0.88958,-0.00956,0.06130,0.45254
1791098033.302,9.8136,-0.4079,2.2754,0.89510,-0.01118,0.06050,0.44159
1791098033.361,9.8531,-0.3630,2.2736,0.89924,-0.01274,0.05960,0.43318
1791098033.421,9.8934,-0.3183,2.2719,0.90213,-0.01403,0.05877,0.42722
1791098033.482,9.9345,-0.2738,2.2704,0.90425,-0.01246,0.05905,0.42271
1791098033.541,9.9763,-0.2296,2.2692,0.90650,-0.00941,0.05985,0.41784
1791098033.601,10.0190,-0.1859,2.2680,0.90941,-0.00697,0.06046,0.41143
1791098033.661,10.0625,-0.1428,2.2668,0.91309,-0.00560,0.06075,0.40316
1791098033.721,10.1070,-0.1004,2.2655,0.91737,-0.00528,0.06077,0.39334
1791098033.781,10.1523,-0.0586,2.2640,0.92192,-0.00566,0.06060,0.38257
1791098033.841,10.1984,-0.0176,2.2623,0.92640,-0.00658,0.06025,0.37162
1791098033.901,10.2453,0.0228,2.2606,0.93055,-0.00785,0.05978,0.36117
1791098033.962,10.2928,0.0626,2.2588,0.93426,-0.00773,0.05971,0.35148
1791098034.022,10.3411,0.1019,2.2571,0.93796,-0.00497,0.06022,0.34145
1791098034.081,10.3900,0.1404,2.2556,0.94198,-0.00243,0.06078,0.33010
1791098034.142,10.4398,0.1781,2.2540,0.94638,-0.00096,0.06114,0.31722
1791098034.201,10.4903,0.2147,2.2523,0.95095,-0.00063,0.06128,0.30322
1791098034.261,10.5417,0.2504,2.2505,0.95552,0.00055,0.06148,0.28846
1791098034.321,10.5939,0.2850,2.2488,0.96023,0.00355,0.06177,0.27226
1791098034.381,10.6469,0.3183,2.2472,0.96514,0.00583,0.06197,0.25424
1791098034.441,10.7008,0.3503,2.2456,0.97007,0.00742,0.06208,0.23465
1791098034.502,10.7556,0.3807,2.2441,0.97498,0.01066,0.06208,0.21317
1791098034.561,10.8113,0.4094,2.2427,0.97982,0.01339,0.06200,0.18954
1791098034.621,10.8678,0.4362,2.2414,0.98436,0.01442,0.06193,0.16430
1791098034.682,10.9251,0.4611,2.2400,0.98832,0.01391,0.06186,0.13857
1791098034.741,10.9832,0.4840,2.2387,0.99151,0.01236,0.06178,0.11373
1791098034.807,11.0419,0.5052,2.2374,0.99389,0.01008,0.06165,0.09102
1791098034.867,11.1012,0.5247,2.2364,0.99552,0.00767,0.06143,0.07142
1791098034.928,11.1611,0.5427,2.2356,0.99663,0.00545,0.06019,0.05552
1791098034.987,11.2213,0.5594,2.2353,0.99806,0.00398,0.04424,0.04372
1791098035.047,11.2808,0.5750,2.2356,0.99910,0.00237,0.02109,0.03659
1791098035.107,11.3380,0.5895,2.2364,0.99940,0.00109,0.00004,0.03448
1791098035.167,11.3917,0.6029,2.2374,0.99917,0.00035,-0.01618,0.03746
1791098035.227,11.4409,0.6155,2.2384,0.99861,-0.00015,-0.02684,0.04532
1791098035.287,11.4853,0.6272,2.2399,0.99831,0.00063,-0.01654,0.05572
1791098035.347,11.5257,0.6380,2.2420,0.99798,0.00398,0.00578,0.06320
1791098035.408,11.5640,0.6479,2.2454,0.99755,0.00739,0.02772,0.06387
1791098035.467,11.6019,0.6568,2.2501,0.99732,0.01005,0.04524,0.05670
1791098035.527,11.6406,0.6646,2.2549,0.99735,0.01166,0.05789,0.04249
1791098035.587,11.6807,0.6713,2.2587,0.99745,0.01215,0.06642,0.02304
1791098035.647,11.7227,0.6769,2.2607,0.99735,0.01172,0.07176,0.00048
1791098035.707,11.7667,0.6814,2.2608,0.99688,0.01054,0.07479,-0.02302
1791098035.768,11.8129,0.6848,2.2594,0.99601,0.00891,0.07618,-0.04559
1791098035.827,11.8612,0.6871,2.2570,0.99488,0.00713,0.07632,-0.06580
1791098035.887,11.9116,0.6885,2.2543,0.99369,0.00523,0.07570,-0.08265
1791098035.948,11.9641,0.6890,2.2521,0.99274,-0.00107,0.07488,-0.09407
1791098036.008,12.0187,0.6890,2.2519,0.99251,-0.00907,0.07287,-0.09759
1791098036.067,12.0753,0.6892,2.2543,0.99374,-0.01285,0.06201,-0.09202
1791098036.127,12.1331,0.6899,2.2600,0.99630,-0.01469,0.03870,-0.07532
1791098036.187,12.1902,0.6915,2.2690,0.99866,-0.01585,0.01462,-0.04715
1791098036.248,12.2450,0.6940,2.2788,0.99981,-0.01600,-0.00511,-0.00955
1791098036.308,12.2960,0.6974,2.2864,0.99911,-0.01558,-0.01928,0.03424
1791098036.367,12.3426,0.7015,2.2901,0.99619,-0.01518,-0.02858,0.08100
1791098036.427,12.3845,0.7061,2.2899,0.99097,-0.01512,-0.03424,0.12876
1791098036.487,12.4215,0.7111,2.2869,0.98360,-0.01525,-0.03726,0.17581
1791098036.547,12.4536,0.7164,2.2826,0.97479,-0.01621,-0.03292,0.22008
1791098036.607,12.4813,0.7220,2.2790,0.96546,-0.02305,-0.00884,0.25940
1791098036.667,12.5062,0.7286,2.2765,0.95557,-0.02939,0.01904,0.29267
1791098036.727,12.5302,0.7372,2.2751,0.94609,-0.03280,0.04261,0.31940
1791098036.788,12.5548,0.7483,2.2744,0.93806,-0.03328,0.06001,0.33962
1791098036.846,12.5773,0.7603,2.2740,0.93273,-0.03214,0.07036,0.35219
1791098036.906,12.6053,0.7768,2.2733,0.92861,-0.02987,0.07782,0.36158
1791098036.966,12.6357,0.7961,2.2720,0.92651,-0.02724,0.08160,0.36630
1791098037.026,12.6686,0.8179,2.2700,0.92609,-0.02472,0.08277,0.36729
1791098037.086,12.7040,0.8419,2.2672,0.92690,-0.02259,0.08219,0.36551
1791098037.146,12.7417,0.8679,2.2636,0.92851,-0.02092,0.08045,0.36189
1791098037.206,12.7817,0.8955,2.2594,0.93053,-0.01965,0.07807,0.35727
1791098037.266,12.8235,0.9245,2.2549,0.93264,-0.01873,0.07536,0.35235
1791098037.326,12.8671,0.9548,2.2503,0.93463,-0.01806,0.07254,0.34768
1791098037.386,12.9122,0.9860,2.2458,0.93633,-0.01757,0.06982,0.34366
1791098037.446,12.9586,1.0180,2.2415,0.93768,-0.01720,0.06731,0.34049
1791098037.511,13.0059,1.0507,2.2374,0.93864,-0.01691,0.06504,0.33828
1791098037.571,13.0541,1.0840,2.2336,0.93924,-0.01667,0.06310,0.33699
1791098037.633,13.1030,1.1177,2.2301,0.93952,-0.01644,0.06146,0.33652
1791098037.691,13.1524,1.1518,2.2269,0.93955,-0.01622,0.06008,0.33672
1791098037.751,13.2023,1.1862,2.2240,0.93937,-0.01606,0.05898,0.33740
1791098037.811,13.2524,1.2209,2.2214,0.93907,-0.01592,0.05807,0.33840
1791098037.871,13.3028,1.2557,2.2191,0.93870,-0.01583,0.05739,0.33955
1791098037.931,13.3533,1.2908,2.2170,0.93831,-0.01577,0.05686,0.34071
1791098037.991,13.4040,1.3259,2.2151,0.93795,-0.01573,0.05646,0.34179
1791098038.051,13.4548,1.3613,2.2134,0.93763,-0.01569,0.05621,0.34271
1791098038.111,13.5057,1.3967,2.2120,0.93765,-0.01253,0.05717,0.34263
1791098038.171,13.5568,1.4321,2.2117,0.93882,-0.00634,0.05852,0.33933
1791098038.231,13.6085,1.4671,2.2125,0.94161,-0.00092,0.05959,0.33140
1791098038.291,13.6609,1.5014,2.2138,0.94591,0.00261,0.06024,0.31878
1791098038.351,13.7139,1.5347,2.2151,0.95124,0.00435,0.06066,0.30240
1791098038.411,13.7676,1.5668,2.2159,0.95697,0.00458,0.06093,0.28368
1791098038.471,13.8219,1.5978,2.2159,0.96253,0.00377,0.06111,0.26417
1791098038.532,13.8769,1.6277,2.2153,0.96751,0.00234,0.06122,0.24531
1791098038.591,13.9325,1.6566,2.2142,0.97167,0.00061,0.06122,0.22827
1791098038.651,13.9886,1.6846,2.2129,0.97495,-0.00121,0.06111,0.21387
1791098038.707,14.0415,1.7100,2.2116,0.97723,-0.00285,0.06093,0.20322
1791098038.767,14.0986,1.7366,2.2102,0.97894,-0.00443,0.06068,0.19488
1791098038.827,14.1562,1.7626,2.2086,0.97999,-0.00583,0.06040,0.18958
1791098038.887,14.2141,1.7881,2.2071,0.98050,-0.00702,0.06012,0.18695
1791098038.948,14.2723,1.8133,2.2054,0.98059,-0.00798,0.05987,0.18651
1791098039.007,14.3308,1.8382,2.2037,0.98037,-0.00872,0.05968,0.18771
1791098039.067,14.3894,1.8628,2.2018,0.97993,-0.00927,0.05954,0.19001
1791098039.127,14.4483,1.8874,2.1998,0.97937,-0.00965,0.05941,0.19291
1791098039.187,14.5073,1.9118,2.1978,0.97876,-0.00994,0.05932,0.19600
1791098039.247,14.5664,1.9361,2.1957,0.97816,-0.01016,0.05925,0.19896
1791098039.307,14.6257,1.9604,2.1936,0.97763,-0.01031,0.05918,0.20156
1791098039.367,14.6850,1.9846,2.1915,0.97720,-0.01043,0.05913,0.20367
1791098039.427,14.7445,2.0089,2.1894,0.97687,-0.01051,0.05911,0.20522
1791098039.487,14.8040,2.0332,2.1873,0.97666,-0.01057,0.05911,0.20624
1791098039.547,14.8635,2.0575,2.1853,0.97655,-0.01062,0.05913,0.20676
1791098039.607,14.9232,2.0818,2.1833,0.97652,-0.01065,0.05916,0.20688
1791098039.667,14.9829,2.1061,2.1814,0.97655,-0.01069,0.05921,0.20669
1791098039.727,15.0426,2.1305,2.1795,0.97664,-0.01072,0.05927,0.20629
1791098039.787,15.1025,2.1549,2.1777,0.97674,-0.01073,0.05934,0.20576
1791098039.848,15.1624,2.1793,2.1760,0.97686,-0.01070,0.05939,0.20520
1791098039.907,15.2223,2.2037,2.1743,0.97697,-0.01068,0.05946,0.20464
1791098039.967,15.2824,2.2282,2.1727,0.97715,-0.00894,0.05994,0.20374
1791098040.028,15.3426,2.2525,2.1716,0.97771,-0.00473,0.06046,0.20101
1791098040.087,15.4031,2.2765,2.1710,0.97885,-0.00097,0.06087,0.19533
1791098040.147,15.4639,2.2999,2.1707,0.98055,0.00158,0.06111,0.18653
1791098040.207,15.5250,2.3225,2.1705,0.98262,0.00283,0.06124,0.17520
1791098040.267,15.5864,2.3442,2.1702,0.98484,0.00315,0.06132,0.16226
1791098040.327,15.6481,2.3650,2.1697,0.98696,0.00271,0.06135,0.14881
1791098040.387,15.7102,2.3850,2.1692,0.98883,0.00170,0.06132,0.13583
1791098040.448,15.7725,2.4042,2.1685,0.99037,0.00045,0.06123,0.12413
1791098040.507,15.8351,2.4226,2.1679,0.99157,-0.00090,0.06111,0.11425
1791098040.567,15.8979,2.4404,2.1674,0.99244,-0.00219,0.06094,0.10650
1791098040.627,15.9609,2.4577,2.1670,0.99303,-0.00331,0.06074,0.10093
1791098040.687,16.0240,2.4746,2.1666,0.99339,-0.00428,0.06054,0.09741
1791098040.747,16.0874,2.4911,2.1664,0.99357,-0.00508,0.06035,0.09570
1791098040.807,16.1508,2.5073,2.1662,0.99360,-0.00569,0.06019,0.09544
1791098040.868,16.2143,2.5232,2.1662,0.99352,-0.00616,0.06005,0.09627
1791098040.927,16.2780,2.5390,2.1662,0.99338,-0.00650,0.05994,0.09781
1791098040.987,16.3416,2.5547,2.1664,0.99319,-0.00677,0.05989,0.09974
1791098041.047,16.4054,2.5702,2.1666,0.99300,-0.00575,0.06010,0.10152
1791098041.107,16.4692,2.5856,2.1675,0.99305,-0.00056,0.06015,0.10113
1791098041.167,16.5333,2.6004,2.1693,0.99351,0.00494,0.05998,0.09654
1791098041.228,16.5976,2.6144,2.1720,0.99436,0.00894,0.05977,0.08714
1791098041.287,16.6620,2.6273,2.1748,0.99545,0.01107,0.05964,0.07347
1791098041.347,16.7265,2.6389,2.1775,0.99653,0.01181,0.05967,0.05678
1791098041.414,16.7911,2.6492,2.1797,0.99740,0.01153,0.05983,0.03858
1791098041.474,16.8557,2.6582,2.1813,0.99793,0.01029,0.06010,0.02039
1791098041.534,16.9203,2.6661,2.1824,0.99813,0.00883,0.06031,0.00342
1791098041.593,16.9764,2.6720,2.1832,0.99809,0.00972,0.06017,-0.01029
1791098041.653,17.0411,2.6777,2.1838,0.99781,0.01163,0.05992,-0.02567
1791098041.713,17.1058,2.6822,2.1841,0.99728,0.01296,0.05981,-0.04105
1791098041.774,17.1705,2.6854,2.1843,0.99653,0.01341,0.05981,-0.05633
1791098041.833,17.2351,2.6872,2.1844,0.99559,0.01310,0.05985,-0.07106
1791098041.893,17.2998,2.6877,2.1845,0.99453,0.01216,0.05992,-0.08467
1791098042.687,17.3644,2.6870,2.1846,0.99342,0.01209,0.05977,-0.09692
1791098042.747,17.4289,2.6851,2.1850,0.99220,0.01488,0.05886,-0.10892
1791098042.807,17.4933,2.6818,2.1856,0.99114,0.01496,0.05063,-0.12189
1791098042.867,17.5570,2.6773,2.1865,0.99019,0.01089,0.02887,-0.13629
1791098042.927,17.6185,2.6721,2.1875,0.98840,0.00635,0.00762,-0.15155
1791098042.987,17.6767,2.6667,2.1888,0.98593,0.00681,0.00723,-0.16685
1791098043.047,17.7317,2.6610,2.1902,0.98315,0.01011,0.01898,-0.18153
1791098043.107,17.7844,2.6548,2.1915,0.97999,0.01504,0.03167,-0.19591
1791098043.167,17.8356,2.6475,2.1927,0.97641,0.01937,0.04227,-0.21085
1791098043.227,17.8862,2.6388,2.1936,0.97245,0.02214,0.05045,-0.22650
1791098043.288,17.9366,2.6284,2.1942,0.96826,0.02328,0.05639,-0.24240
1791098043.347,17.9871,2.6162,2.1946,0.96401,0.02322,0.06053,-0.25783
1791098043.407,18.0381,2.6021,2.1947,0.95994,0.02225,0.06318,-0.27207
1791098043.467,18.0896,2.5863,2.1947,0.95625,0.02082,0.06475,-0.28454
1791098043.527,18.1417,2.5689,2.1946,0.95311,0.01918,0.06544,-0.29483
1791098043.587,18.1944,2.5499,2.1944,0.95064,0.01747,0.06554,-0.30281
1791098043.654,18.2477,2.5297,2.1940,0.94885,0.01591,0.06523,-0.30850
1791098043.712,18.3016,2.5083,2.1935,0.94773,0.01459,0.06465,-0.31210
1791098043.772,18.3559,2.4859,2.1930,0.94698,0.01600,0.06298,-0.31465
1791098043.832,18.4107,2.4625,2.1927,0.94591,0.01945,0.06024,-0.31819
1791098043.892,18.4655,2.4379,2.1925,0.94399,0.02253,0.05760,-0.32411
1791098043.952,18.5201,2.4122,2.1924,0.94107,0.02438,0.05561,-0.33271
1791098044.012,18.5743,2.3852,2.1921,0.93723,0.02501,0.05429,-0.34355
1791098044.072,18.6280,2.3570,2.1917,0.93270,0.02477,0.05353,-0.35579
1791098044.132,18.6811,2.3278,2.1910,0.92782,0.02400,0.05314,-0.36846
1791098044.192,18.7337,2.2975,2.1902,0.92292,0.02282,0.05304,-0.38065
1791098044.252,18.7857,2.2663,2.1893,0.91824,0.02259,0.05246,-0.39187
1791098044.312,18.8371,2.2342,2.1884,0.91346,0.02502,0.05034,-0.40302
1791098044.372,18.8877,2.2011,2.1877,0.90807,0.02750,0.04831,-0.41511
1791098044.432,18.9374,2.1671,2.1871,0.90190,0.02917,0.04692,-0.42840
1791098044.492,18.9861,2.1319,2.1865,0.89508,0.02977,0.04625,-0.44249
1791098044.552,19.0336,2.0958,2.1860,0.88794,0.02960,0.04610,-0.45669
1791098044.612,19.0800,2.0587,2.1856,0.88086,0.02882,0.04633,-0.47021
1791098044.672,19.1254,2.0206,2.1853,0.87426,0.02775,0.04681,-0.48240
1791098044.733,19.1698,1.9817,2.1851,0.86846,0.02654,0.04733,-0.49278
1791098044.793,19.2133,1.9421,2.1851,0.86370,0.02525,0.04793,-0.50109
1791098044.852,19.2561,1.9018,2.1850,0.86007,0.02419,0.04842,-0.50729
1791098044.912,19.2982,1.8609,2.1850,0.85759,0.02328,0.04890,-0.51147
1791098044.972,19.3398,1.8195,2.1850,0.85595,0.02395,0.04841,-0.51424
1791098045.032,19.3807,1.7776,2.1852,0.85420,0.02660,0.04643,-0.51718
1791098045.092,19.4208,1.7350,2.1857,0.85112,0.03111,0.04281,-0.52230
1791098045.152,19.4598,1.6917,2.1871,0.84558,0.03545,0.03880,-0.53126
1791098045.212,19.4973,1.6476,2.1890,0.83723,0.03826,0.03599,-0.54432
1791098045.272,19.5332,1.6026,2.1909,0.82637,0.03956,0.03460,-0.56066
1791098045.332,19.5672,1.5570,2.1924,0.81369,0.03977,0.03437,-0.57891
1791098045.392,19.5994,1.5107,2.1934,0.80011,0.03909,0.03508,-0.59755
1791098045.452,19.6299,1.4638,2.1937,0.78659,0.03791,0.03628,-0.61525
1791098045.512,19.6589,1.4162,2.1937,0.77403,0.03637,0.03780,-0.63097
1791098045.572,19.6864,1.3681,2.1940,0.76365,0.03268,0.04146,-0.64347
1791098045.632,19.7130,1.3193,2.1957,0.75724,0.02688,0.04593,-0.65097
1791098045.692,19.7392,1.2699,2.1990,0.75574,0.02159,0.04960,-0.65263
1791098045.752,19.7654,1.2202,2.2033,0.75904,0.01770,0.05200,-0.64872
1791098045.812,19.7919,1.1703,2.2076,0.76623,0.01536,0.05344,-0.64016
1791098045.872,19.8188,1.1204,2.2110,0.77602,0.01440,0.05424,-0.62820
1791098045.932,19.8462,1.0707,2.2130,0.78709,0.01453,0.05457,-0.61424
1791098045.993,19.8741,1.0211,2.2136,0.79847,0.01394,0.05531,-0.59933
1791098046.052,19.9027,0.9717,2.2132,0.81004,0.01185,0.05695,-0.58348
1791098046.112,19.9321,0.9225,2.2120,0.82175,0.01026,0.05842,-0.56676
1791098046.172,19.9626,0.8736,2.2105,0.83325,0.00967,0.05934,-0.54961
1791098046.232,19.9941,0.8250,2.2088,0.84410,0.01001,0.05969,-0.53277
1791098046.292,20.0268,0.7766,2.2073,0.85383,0.01097,0.05958,-0.51702
1791098046.352,20.0605,0.7286,2.2059,0.86214,0.01229,0.05910,-0.50307
1791098046.412,20.0952,0.6807,2.2047,0.86886,0.01376,0.05841,-0.49141
1791098046.472,20.1307,0.6331,2.2037,0.87398,0.01521,0.05759,-0.48230
1791098046.532,20.1670,0.5856,2.2029,0.87758,0.01658,0.05675,-0.47577
1791098046.592,20.2039,0.5383,2.2023,0.87984,0.01775,0.05595,-0.47164
1791098046.652,20.2413,0.4910,2.2017,0.88095,0.01879,0.05519,-0.46960
1791098046.712,20.2790,0.4438,2.2013,0.88117,0.01965,0.05452,-0.46924
1791098046.772,20.3171,0.3966,2.2008,0.88071,0.02035,0.05395,-0.47013
1791098046.832,20.3554,0.3494,2.2003,0.87981,0.02094,0.05348,-0.47184
1791098046.892,20.3938,0.3022,2.1998,0.87868,0.02139,0.05310,-0.47397
1791098046.952,20.4323,0.2549,2.1994,0.87761,0.02046,0.05365,-0.47592
1791098047.012,20.4711,0.2076,2.1995,0.87762,0.01622,0.05539,-0.47587
1791098047.072,20.5102,0.1604,2.2005,0.87951,0.01198,0.05703,-0.47229
1791098047.132,20.5500,0.1135,2.2021,0.88349,0.00880,0.05819,-0.46473
1791098047.192,20.5907,0.0671,2.2043,0.88966,0.00379,0.05992,-0.45265
1791098047.252,20.6324,0.0215,2.2073,0.89821,-0.00173,0.06130,-0.43526
1791098047.312,20.6755,-0.0230,2.2107,0.90866,-0.00529,0.06217,-0.41286
1791098047.372,20.7198,-0.0661,2.2138,0.92003,-0.00658,0.06265,-0.38675
1791098047.432,20.7655,-0.1078,2.2163,0.93131,-0.00631,0.06289,-0.35871
1791098047.492,20.8123,-0.1479,2.2177,0.94188,-0.00734,0.06334,-0.32985
1791098047.552,20.8604,-0.1865,2.2183,0.95156,-0.00844,0.06378,-0.30065
1791098047.612,20.9098,-0.2234,2.2183,0.96016,-0.00843,0.06400,-0.27188
1791098047.673,20.9604,-0.2586,2.2182,0.96748,-0.00733,0.06401,-0.24460
1791098047.732,21.0123,-0.2922,2.2182,0.97343,-0.00545,0.06377,-0.21988
1791098047.792,21.0653,-0.3243,2.2185,0.97803,-0.00308,0.06331,-0.19861
1791098047.852,21.1193,-0.3550,2.2191,0.98142,-0.00061,0.06268,-0.18133
1791098047.915,21.1742,-0.3846,2.2200,0.98379,0.00178,0.06196,-0.16824
1791098047.973,21.2298,-0.4131,2.2210,0.98534,0.00396,0.06124,-0.15921
1791098048.032,21.2861,-0.4408,2.2221,0.98622,0.00583,0.06053,-0.15383
1791098048.092,21.3429,-0.4677,2.2233,0.98718,0.00491,0.05015,-0.15143
1791098048.152,21.3994,-0.4938,2.2245,0.98818,0.00136,0.02792,-0.15073
1791098048.212,21.4542,-0.5187,2.2255,0.98865,-0.00213,0.00587,-0.15010
1791098048.273,21.5061,-0.5419,2.2265,0.98887,-0.00472,-0.01178,-0.14822
1791098048.332,21.5539,-0.5632,2.2275,0.98924,-0.00653,-0.02458,-0.14409
1791098048.393,21.5971,-0.5825,2.2285,0.98998,-0.00769,-0.03311,-0.13705
1791098048.452,21.6355,-0.5997,2.2294,0.99115,-0.00844,-0.03823,-0.12684
1791098048.512,21.6689,-0.6150,2.2301,0.99268,-0.00889,-0.04041,-0.11350
1791098048.572,21.6975,-0.6283,2.2318,0.99481,-0.00652,-0.02462,-0.09848
1791098048.632,21.7227,-0.6402,2.2348,0.99633,-0.00031,0.00431,-0.08549
1791098048.692,21.7466,-0.6514,2.2393,0.99645,0.00663,0.03165,-0.07770
1791098048.752,21.7711,-0.6625,2.2448,0.99560,0.01272,0.05278,-0.07633
1791098048.812,21.7977,-0.6740,2.2505,0.99426,0.01733,0.06748,-0.08117
1791098048.872,21.8270,-0.6863,2.2554,0.99266,0.02040,0.07688,-0.09110
1791098048.932,21.8595,-0.6997,2.2590,0.99086,0.02201,0.08226,-0.10458
1791098048.992,21.8952,-0.7143,2.2611,0.98889,0.02248,0.08484,-0.11995
1791098049.052,21.9341,-0.7301,2.2616,0.98681,0.02208,0.08547,-0.13571
1791098049.112,21.9761,-0.7472,2.2611,0.98473,0.02113,0.08478,-0.15058
1791098049.172,22.0208,-0.7655,2.2599,0.98281,0.01953,0.08335,-0.16357
1791098049.232,22.0682,-0.7849,2.2586,0.98141,0.01505,0.08170,-0.17300
1791098049.292,22.1180,-0.8051,2.2580,0.98089,0.00999,0.07947,-0.17733
1791098049.352,22.1701,-0.8257,2.2581,0.98136,0.00597,0.07686,-0.17604
1791098049.412,22.2241,-0.8464,2.2584,0.98271,0.00341,0.07413,-0.16963
1791098049.472,22.2797,-0.8669,2.2586,0.98465,0.00210,0.07156,-0.15920
1791098049.532,22.3366,-0.8870,2.2583,0.98683,0.00170,0.06927,-0.14614
1791098049.592,22.3946,-0.9066,2.2574,0.98898,0.00200,0.06730,-0.13187
1791098049.652,22.4533,-0.9258,2.2560,0.99088,0.00265,0.06565,-0.11767
1791098049.713,22.5128,-0.9444,2.2543,0.99244,0.00343,0.06421,-0.10457
1791098049.772,22.5729,-0.9626,2.2524,0.99371,0.00139,0.06300,-0.09252
1791098049.832,22.6335,-0.9801,2.2507,0.99486,-0.00280,0.06185,-0.08009
1791098049.892,22.6946,-0.9966,2.2491,0.99592,-0.00626,0.06094,-0.06629
1791098049.952,22.7560,-1.0120,2.2475,0.99684,-0.00845,0.06027,-0.05104
1791098050.018,22.8177,-1.0261,2.2460,0.99756,-0.00934,0.05978,-0.03491
1791098050.078,22.8796,-1.0387,2.2445,0.99802,-0.01211,0.05904,-0.01793
1791098050.138,22.9418,-1.0498,2.2434,0.99819,-0.01603,0.05802,0.00078
1791098050.198,23.0041,-1.0591,2.2427,0.99804,-0.01212,0.05815,0.01987
1791098050.258,23.0666,-1.0668,2.2443,0.99821,-0.00155,0.04988,0.03283
1791098050.318,23.1292,-1.0739,2.2527,0.99904,0.00548,0.02882,0.03266
1791098050.378,23.1905,-1.0808,2.2701,0.99980,0.01040,0.00567,0.01626
1791098050.438,23.2484,-1.0882,2.2942,0.99967,0.01462,-0.01453,-0.01548
1791098050.498,23.3017,-1.0962,2.3197,0.99761,0.01762,-0.02974,-0.05981
1791098050.558,23.3498,-1.1047,2.3414,0.99261,0.01884,-0.03888,-0.11337
1791098050.618,23.3926,-1.1135,2.3561,0.98384,0.01889,-0.04275,-0.17282
1791098050.678,23.4302,-1.1224,2.3635,0.97204,0.01817,-0.04292,-0.23013
1791098050.738,23.4619,-1.1313,2.3737,0.96128,0.01669,-0.04158,-0.27189
1791098050.798,23.4881,-1.1400,2.3894,0.95369,0.01471,-0.03948,-0.29784
1791098050.858,23.5096,-1.1484,2.4068,0.94993,0.01268,-0.03693,-0.31000
1791098050.918,23.5270,-1.1563,2.4237,0.95025,0.01079,-0.03426,-0.30941
1791098050.978,23.5408,-1.1636,2.4393,0.95447,0.00900,-0.03164,-0.29650
1791098051.038,23.5516,-1.1705,2.4534,0.96201,0.00716,-0.02906,-0.27138
1791098051.098,23.5597,-1.1769,2.4659,0.97186,0.00519,-0.02650,-0.23401
1791098051.158,23.5655,-1.1828,2.4769,0.98258,0.00309,-0.02397,-0.18425
1791098051.220,23.5691,-1.1879,2.4859,0.99172,0.00104,-0.02162,-0.12656
1791098051.280,23.5714,-1.1929,2.4938,0.99837,-0.00110,-0.01911,-0.05367
1791098051.340,23.5724,-1.1975,2.4961,0.99951,-0.00296,-0.01645,0.02658
1791098051.400,23.5725,-1.2017,2.4901,0.99393,-0.00448,-0.01380,0.10901
1791098051.460,23.5718,-1.2054,2.4769,0.98201,-0.00572,-0.01136,0.18841
1791098051.520,23.5705,-1.2087,2.4600,0.96548,-0.00667,-0.00917,0.26025
1791098051.580,23.5685,-1.2116,2.4433,0.94689,-0.00729,-0.00719,0.32138
1791098051.640,23.5660,-1.2139,2.4296,0.92893,-0.00681,-0.00080,0.37020
1791098051.700,23.5635,-1.2156,2.4208,0.91345,-0.00881,0.02147,0.40628
1791098051.761,23.5623,-1.2159,2.4154,0.90124,-0.01365,0.04691,0.43055
1791098051.820,23.5637,-1.2139,2.4112,0.89299,-0.01784,0.06698,0.44471
1791098051.880,23.5685,-1.2090,2.4062,0.88885,-0.02030,0.08032,0.45065
1791098051.946,23.5769,-1.2009,2.3990,0.88835,-0.02128,0.08794,0.45016
1791098052.005,23.5891,-1.1897,2.3890,0.89062,-0.02151,0.09125,0.44497
1791098052.066,23.6051,-1.1754,2.3765,0.89403,-0.02268,0.08407,0.43946
1791098052.126,23.6249,-1.1577,2.3682,0.89311,-0.02019,0.06213,0.44506
1791098052.186,23.6478,-1.1369,2.3720,0.88371,-0.01446,0.03761,0.46630
1791098052.245,23.6716,-1.1149,2.3834,0.86576,-0.00809,0.01414,0.50019
1791098052.306,23.6945,-1.0931,2.3963,0.83916,-0.00231,-0.00577,0.54385
1791098052.366,23.7156,-1.0728,2.4082,0.80316,0.00249,-0.02089,0.59539
1791098052.426,23.7332,-1.0558,2.4173,0.76038,0.00590,-0.03028,0.64874
1791098052.487,23.7499,-1.0400,2.4226,0.70497,0.00819,-0.03517,0.70832
1791098052.546,23.7644,-1.0270,2.4216,0.64030,0.00889,-0.03629,0.76721
1791098052.606,23.7771,-1.0166,2.4142,0.56750,0.00817,-0.03564,0.82256
1791098052.666,23.7883,-1.0088,2.4013,0.48904,0.00647,-0.03430,0.87156
1791098052.726,23.7981,-1.0035,2.3849,0.40872,0.00426,-0.03265,0.91207
1791098052.787,23.8066,-1.0005,2.3673,0.33089,0.00195,-0.03075,0.94317
1791098052.846,23.8141,-0.9998,2.3511,0.25946,-0.00016,-0.02864,0.96533
1791098052.907,23.8205,-1.0011,2.3379,0.19740,-0.00188,-0.02634,0.97997
1791098052.967,23.8260,-1.0043,2.3303,0.14881,-0.00325,-0.02380,0.98857
1791098053.026,23.8305,-1.0094,2.3350,0.11848,-0.00438,-0.02117,0.99272
1791098053.087,23.8341,-1.0159,2.3470,0.10417,-0.00511,-0.01851,0.99437
1791098053.151,23.8370,-1.0234,2.3613,0.10392,-0.00525,-0.01595,0.99444
1791098053.210,23.8393,-1.0315,2.3752,0.11676,-0.00477,-0.01358,0.99306
1791098053.271,23.8410,-1.0399,2.3880,0.14218,-0.00378,-0.01147,0.98977
1791098053.331,23.8422,-1.0486,2.3992,0.17971,-0.00250,-0.00957,0.98367
1791098053.391,23.8431,-1.0573,2.4088,0.22884,-0.00110,-0.00790,0.97343
1791098053.451,23.8437,-1.0660,2.4168,0.28889,0.00026,-0.00646,0.95734
1791098053.511,23.8441,-1.0745,2.4235,0.35890,0.00148,-0.00524,0.93336
1791098053.571,23.8445,-1.0829,2.4286,0.43695,0.00240,-0.00420,0.89947
1791098053.631,23.8449,-1.0911,2.4290,0.51848,0.00281,-0.00341,0.85508
1791098053.691,23.8453,-1.0989,2.4217,0.59799,0.00276,-0.00278,0.80150
1791098053.751,23.8458,-1.1065,2.4070,0.67051,0.00252,-0.00229,0.74189
1791098053.811,23.8462,-1.1139,2.3886,0.73247,0.00218,-0.00186,0.68080
1791098053.871,23.8466,-1.1209,2.3715,0.78212,-0.00268,0.00525,0.62310
1791098053.930,23.8472,-1.1270,2.3593,0.81938,-0.01183,0.02628,0.57253
1791098053.991,23.8489,-1.1309,2.3522,0.84548,-0.02121,0.04927,0.53131
1791098054.050,23.8528,-1.1312,2.3487,0.86258,-0.02898,0.06730,0.50059
1791098054.111,23.8595,-1.1273,2.3466,0.87284,-0.03485,0.07827,0.48042
1791098054.171,23.8693,-1.1191,2.3438,0.87796,-0.03892,0.08270,0.46994
1791098054.231,23.8819,-1.1067,2.3384,0.87907,-0.04132,0.08244,0.46769
1791098054.291,23.8971,-1.0905,2.3296,0.87703,-0.04220,0.07963,0.47191
1791098054.351,23.9143,-1.0707,2.3173,0.87256,-0.04190,0.07586,0.48075
1791098054.411,23.9333,-1.0476,2.3020,0.86640,-0.04068,0.07193,0.49246
1791098054.471,23.9539,-1.0214,2.2855,0.85810,-0.03823,0.05989,0.50854
1791098054.533,23.9742,-0.9939,2.2764,0.84385,-0.03158,0.03789,0.53430
1791098054.593,23.9959,-0.9620,2.2791,0.81770,-0.02243,0.01290,0.57506
1791098054.654,24.0162,-0.9299,2.2897,0.77989,-0.01341,-0.01018,0.62569
1791098054.713,24.0340,-0.8994,2.3020,0.73018,-0.00595,-0.02902,0.68261
1791098054.774,24.0491,-0.8718,2.3127,0.66841,-0.00064,-0.04212,0.74260
1791098054.833,24.0615,-0.8477,2.3187,0.59543,0.00235,-0.04886,0.80192
1791098054.893,24.0716,-0.8274,2.3180,0.51249,0.00297,-0.05094,0.85718
1791098054.953,24.0798,-0.8109,2.3109,0.42252,0.00167,-0.05024,0.90496
1791098055.013,24.0861,-0.7986,2.3040,0.33935,-0.00063,-0.04762,0.93946
1791098055.073,24.0906,-0.7909,2.3065,0.27125,-0.00290,-0.04402,0.96150
1791098055.133,24.0936,-0.7870,2.3144,0.21751,-0.00490,-0.03999,0.97523
1791098055.193,24.0954,-0.7861,2.3240,0.17740,-0.00619,-0.03602,0.98346
1791098055.253,24.0963,-0.7876,2.3335,0.15059,-0.00658,-0.03233,0.98805
1791098055.313,24.0963,-0.7912,2.3422,0.13692,-0.00612,-0.02885,0.99014
1791098055.373,24.0956,-0.7964,2.3501,0.13624,-0.00496,-0.02554,0.99033
1791098055.433,24.0945,-0.8030,2.3571,0.14838,-0.00327,-0.02239,0.98867
1791098055.493,24.0929,-0.8107,2.3634,0.17306,-0.00124,-0.01941,0.98472
1791098055.553,24.0911,-0.8191,2.3687,0.20985,0.00092,-0.01662,0.97759
1791098055.614,24.0893,-0.8281,2.3731,0.25826,0.00300,-0.01404,0.96597
1791098055.673,24.0875,-0.8376,2.3767,0.31755,0.00484,-0.01165,0.94816
1791098055.733,24.0859,-0.8473,2.3789,0.38593,0.00623,-0.00948,0.92246
1791098055.793,24.0845,-0.8571,2.3771,0.45983,0.00687,-0.00764,0.88795
1791098055.853,24.0833,-0.8668,2.3689,0.53530,0.00678,-0.00605,0.84461
1791098055.913,24.0824,-0.8764,2.3540,0.60797,0.00629,-0.00469,0.79392
1791098055.973,24.0816,-0.8858,2.3339,0.67377,0.00563,-0.00349,0.73891
1791098056.033,24.0810,-0.8950,2.3120,0.72986,0.00491,-0.00247,0.68358
1791098056.093,24.0805,-0.9040,2.2919,0.77494,0.00416,-0.00164,0.63202
1791098056.153,24.0802,-0.9127,2.2764,0.80904,-0.00124,0.00291,0.58775
1791098056.213,24.0801,-0.9207,2.2673,0.83281,-0.01283,0.02090,0.55302
1791098056.274,24.0808,-0.9264,2.2633,0.84744,-0.02405,0.04300,0.52860
1791098056.334,24.0832,-0.9286,2.2619,0.85479,-0.03280,0.06115,0.51431
1791098056.393,24.0878,-0.9267,2.2603,0.85674,-0.03863,0.07288,0.50912
1791098056.453,24.0948,-0.9203,2.2563,0.85469,-0.04195,0.07871,0.51142
1791098056.513,24.1043,-0.9097,2.2486,0.84972,-0.04325,0.08043,0.51927
1791098056.573,24.1159,-0.8950,2.2372,0.84271,-0.04304,0.07973,0.53068
1791098056.634,24.1296,-0.8763,2.2229,0.83455,-0.04170,0.07777,0.54382
1791098056.693,24.1451,-0.8539,2.2066,0.82608,-0.03960,0.07514,0.55712
1791098056.753,24.1622,-0.8280,2.1896,0.81808,-0.03710,0.07210,0.56936
1791098056.813,24.1809,-0.7989,2.1726,0.81116,-0.03447,0.06883,0.57974
1791098056.873,24.2008,-0.7670,2.1564,0.80573,-0.03194,0.06547,0.58778
1791098056.933,24.2218,-0.7326,2.1412,0.80200,-0.02964,0.06214,0.59334
1791098056.993,24.2437,-0.6962,2.1273,0.79996,-0.02763,0.05900,0.59651
1791098057.053,24.2664,-0.6581,2.1146,0.79944,-0.02597,0.05611,0.59756
1791098057.113,24.2898,-0.6186,2.1032,0.80019,-0.02464,0.05354,0.59685
1791098057.173,24.3136,-0.5779,2.0929,0.80188,-0.02360,0.05134,0.59481
1791098057.233,24.3378,-0.5364,2.0837,0.80420,-0.02280,0.04946,0.59186
1791098057.293,24.3623,-0.4942,2.0755,0.80685,-0.02220,0.04795,0.58839
1791098057.353,24.3871,-0.4514,2.0683,0.80957,-0.02175,0.04676,0.58475
1791098057.413,24.4120,-0.4082,2.0619,0.81219,-0.02139,0.04582,0.58120
1791098057.473,24.4371,-0.3647,2.0562,0.81456,-0.02113,0.04515,0.57793
1791098057.533,24.4623,-0.3209,2.0514,0.81663,-0.02094,0.04469,0.57505
1791098057.593,24.4876,-0.2769,2.0472,0.81834,-0.02080,0.04438,0.57263
1791098057.653,24.5131,-0.2327,2.0436,0.81973,-0.02076,0.04421,0.57067
1791098057.713,24.5386,-0.1883,2.0406,0.82082,-0.02072,0.04417,0.56911
1791098057.773,24.5642,-0.1438,2.0384,0.82200,-0.01865,0.04545,0.56737
1791098057.833,24.5901,-0.0993,2.0371,0.82424,-0.01492,0.04743,0.56406
1791098057.893,24.6166,-0.0547,2.0368,0.82811,-0.01174,0.04913,0.55828
1791098057.953,24.6437,-0.0104,2.0372,0.83378,-0.00843,0.05104,0.54967
1791098058.013,24.6719,0.0336,2.0386,0.84174,-0.00296,0.05327,0.53724
1791098058.073,24.7013,0.0770,2.0411,0.85213,0.00163,0.05500,0.52043
1791098058.134,24.7322,0.1197,2.0441,0.86450,0.00474,0.05420,0.49968
1791098058.193,24.7646,0.1612,2.0474,0.87900,0.01018,0.03789,0.47521
1791098058.253,24.7975,0.2007,2.0510,0.89448,0.01634,0.01703,0.44648
1791098058.314,24.8300,0.2372,2.0545,0.90992,0.02143,-0.00069,0.41423
1791098058.373,24.8610,0.2702,2.0580,0.92451,0.02337,-0.00026,0.38045
1791098058.433,24.8907,0.2996,2.0613,0.93748,0.02176,0.01503,0.34703
1791098058.493,24.9201,0.3261,2.0645,0.94821,0.01785,0.03184,0.31553
1791098058.553,24.9500,0.3505,2.0679,0.95661,0.01289,0.04558,0.28748
1791098058.617,24.9835,0.3748,2.0720,0.96325,0.00742,0.05600,0.26260
1791098058.677,25.0169,0.3967,2.0760,0.96775,0.00484,0.06236,0.24402
1791098058.737,25.0524,0.4179,2.0798,0.97124,0.00443,0.06639,0.22862
1791098058.797,25.0902,0.4385,2.0830,0.97416,0.00425,0.06863,0.21512
1791098058.857,25.1301,0.4585,2.0854,0.97673,0.00366,0.06955,0.20286
1791098058.917,25.1723,0.4780,2.0873,0.97899,0.00265,0.06955,0.19164
1791098058.977,25.2165,0.4970,2.0888,0.98097,0.00137,0.06890,0.18152
1791098059.037,25.2626,0.5156,2.0902,0.98265,0.00001,0.06781,0.17265
1791098059.097,25.3103,0.5338,2.0916,0.98403,-0.00135,0.06645,0.16515
1791098059.157,25.3597,0.5517,2.0931,0.98512,-0.00260,0.06497,0.15909
1791098059.218,25.4103,0.5694,2.0947,0.98595,-0.00368,0.06347,0.15447
1791098059.278,25.4620,0.5869,2.0965,0.98654,-0.00459,0.06204,0.15120
1791098059.337,25.5147,0.6043,2.0985,0.98694,-0.00533,0.06074,0.14910
1791098059.397,25.5682,0.6215,2.1007,0.98717,-0.00591,0.05959,0.14800
1791098059.457,25.6223,0.6387,2.1030,0.98728,-0.00632,0.05860,0.14764
1791098059.517,25.6770,0.6559,2.1054,0.98730,-0.00662,0.05777,0.14783
1791098059.577,25.7321,0.6730,2.1080,0.98726,-0.00683,0.05710,0.14834
1791098059.635,25.7802,0.6878,2.1103,0.98721,-0.00742,0.05591,0.14914
1791098059.694,25.8361,0.7050,2.1158,0.98674,-0.01135,0.04133,0.15656
1791098059.754,25.8921,0.7228,2.1336,0.98317,-0.01425,0.01830,0.18121
1791098059.815,25.9460,0.7411,2.1638,0.97474,-0.01618,-0.00491,0.22270
1791098059.875,25.9960,0.7594,2.1975,0.96043,-0.01751,-0.02484,0.27684
1791098059.934,26.0410,0.7773,2.2296,0.93898,-0.01826,-0.03953,0.34120
1791098059.995,26.0803,0.7944,2.2586,0.90875,-0.01871,-0.04849,0.41410
1791098060.054,26.1140,0.8102,2.2824,0.86898,-0.01875,-0.05133,0.49182
1791098060.114,26.1427,0.8245,2.2975,0.82071,-0.01867,-0.04938,0.56890
1791098060.175,26.1669,0.8373,2.3037,0.76646,-0.01891,-0.04563,0.64039
1791098060.234,26.1869,0.8485,2.3037,0.70979,-0.01933,-0.04156,0.70292
1791098060.294,26.2029,0.8579,2.3012,0.65449,-0.01954,-0.03758,0.75488
1791098060.354,26.2152,0.8657,2.2997,0.60494,-0.01938,-0.03346,0.79533
1791098060.414,26.2235,0.8717,2.3083,0.56823,-0.01897,-0.02907,0.82214
1791098060.474,26.2285,0.8761,2.3253,0.54464,-0.01814,-0.02472,0.83811
1791098060.534,26.2310,0.8795,2.3451,0.53307,-0.01662,-0.02089,0.84565
1791098060.595,26.2315,0.8820,2.3649,0.53288,-0.01435,-0.01780,0.84588
1791098060.652,26.2308,0.8837,2.3810,0.54159,-0.01189,-0.01568,0.84042
1791098060.712,26.2288,0.8850,2.3981,0.56141,-0.00871,-0.01375,0.82738
1791098060.772,26.2259,0.8859,2.4135,0.59097,-0.00540,-0.01222,0.80658
1791098060.832,26.2225,0.8862,2.4271,0.62928,-0.00222,-0.01100,0.77710
1791098060.892,26.2186,0.8860,2.4389,0.67501,0.00068,-0.00997,0.73774
1791098060.952,26.2146,0.8854,2.4491,0.72638,0.00312,-0.00902,0.68723
1791098061.011,26.2106,0.8842,2.4561,0.78018,0.00485,-0.00806,0.62548
1791098061.072,26.2066,0.8826,2.4573,0.83279,0.00575,-0.00708,0.55351
1791098061.132,26.2027,0.8806,2.4514,0.88093,0.00610,-0.00606,0.47316
1791098061.192,26.1989,0.8783,2.4389,0.92165,0.00618,-0.00507,0.38794
1791098061.252,26.1953,0.8757,2.4219,0.95305,0.00614,-0.00418,0.30273
1791098061.312,26.1917,0.8728,2.4037,0.97487,0.00602,-0.00339,0.22267
1791098061.372,26.1882,0.8697,2.3878,0.98835,0.00583,-0.00277,0.15203
1791098061.432,26.1848,0.8662,2.3762,0.99560,0.00478,-0.00117,0.09353
1791098061.492,26.1816,0.8627,2.3704,0.99870,-0.00060,0.01559,0.04845
1791098061.552,26.1799,0.8594,2.3691,0.99898,-0.00342,0.04193,0.01633
1791098061.611,26.1808,0.8569,2.3694,0.99802,-0.00421,0.06274,-0.00200
1791098061.671,26.1858,0.8546,2.3691,0.99664,-0.00480,0.08057,-0.01362
1791098061.731,26.1956,0.8526,2.3664,0.99565,-0.00567,0.09151,-0.01675
1791098061.791,26.2105,0.8509,2.3604,0.99517,-0.00885,0.09697,-0.01235
1791098061.851,26.2305,0.8499,2.3515,0.99509,-0.01251,0.09816,-0.00100
1791098061.911,26.2556,0.8498,2.3406,0.99508,-0.01501,0.09663,0.01611
1791098061.971,26.2853,0.8507,2.3277,0.99479,-0.01600,0.09358,0.03721
1791098062.031,26.3191,0.8528,2.3133,0.99401,-0.01573,0.08979,0.06030
1791098062.091,26.3566,0.8561,2.2980,0.99272,-0.01461,0.08568,0.08340
1791098062.151,26.3974,0.8607,2.2824,0.99145,-0.01316,0.07624,0.10505
1791098062.212,26.4406,0.8664,2.2671,0.99081,-0.00946,0.05200,0.12448
1791098062.272,26.4845,0.8728,2.2527,0.98960,-0.00617,0.02591,0.14137
1791098062.331,26.5273,0.8795,2.2393,0.98773,-0.00403,0.00380,0.15606
1791098062.391,26.5677,0.8861,2.2269,0.98549,-0.00289,-0.01311,0.16920
1791098062.451,26.6047,0.8924,2.2155,0.98305,-0.00244,-0.02528,0.18155
1791098062.511,26.6376,0.8981,2.2049,0.98047,-0.00245,-0.03352,0.19379
1791098062.571,26.6661,0.9031,2.1951,0.97768,-0.00269,-0.03871,0.20650
1791098062.631,26.6903,0.9075,2.1860,0.97459,-0.00301,-0.04155,0.22011
1791098062.691,26.7100,0.9112,2.1776,0.97110,-0.00338,-0.04262,0.23480
1791098062.751,26.7256,0.9141,2.1704,0.96758,-0.00346,-0.03494,0.25013
1791098062.811,26.7377,0.9166,2.1663,0.96514,-0.00204,-0.00745,0.26161
1791098062.871,26.7485,0.9188,2.1672,0.96435,0.00120,0.02189,0.26374
1791098062.931,26.7603,0.9213,2.1732,0.96593,0.00440,0.04572,0.25470
1791098062.991,26.7746,0.9241,2.1814,0.97024,0.00459,0.05534,0.23569
1791098063.051,26.7917,0.9274,2.1889,0.97661,0.00386,0.05060,0.20895
1791098063.112,26.8110,0.9309,2.1941,0.98264,0.00618,0.05608,0.17673
1791098063.171,26.8327,0.9344,2.1961,0.98772,0.00760,0.06442,0.14216
1791098063.231,26.8571,0.9378,2.1953,0.99155,0.00770,0.07145,0.10799
1791098063.291,26.8847,0.9410,2.1926,0.99414,0.00685,0.07606,0.07647
1791098063.351,26.9156,0.9439,2.1889,0.99570,0.00551,0.07830,0.04924
1791098063.411,26.9499,0.9465,2.1849,0.99653,0.00406,0.07859,0.02728
1791098063.467,26.9848,0.9487,2.1813,0.99691,0.00284,0.07759,0.01182
1791098063.527,27.0252,0.9508,2.1777,0.99713,0.00177,0.07563,0.00050
1791098063.587,27.0682,0.9526,2.1741,0.99730,0.00101,0.07315,-0.00591
1791098063.648,27.1135,0.9542,2.1707,0.99748,0.00055,0.07049,-0.00820
1791098063.707,27.1608,0.9556,2.1672,0.99767,0.00032,0.06783,-0.00728
1791098063.767,27.2097,0.9569,2.1637,0.99785,0.00024,0.06534,-0.00410
1791098063.828,27.2601,0.9581,2.1602,0.99801,0.00027,0.06308,0.00044
1791098063.887,27.3116,0.9592,2.1567,0.99812,0.00032,0.06107,0.00558
1791098063.947,27.3640,0.9602,2.1534,0.99818,0.00038,0.05931,0.01069
1791098064.007,27.4173,0.9612,2.1503,0.99821,0.00043,0.05782,0.01531
1791098064.067,27.4711,0.9621,2.1476,0.99821,0.00047,0.05658,0.01915
1791098064.128,27.5255,0.9630,2.1452,0.99821,0.00052,0.05552,0.02204
1791098064.187,27.5803,0.9639,2.1432,0.99822,0.00054,0.05467,0.02398
1791098064.247,27.6281,0.9647,2.1417,0.99823,0.00054,0.05407,0.02492
1791098064.307,27.6834,0.9656,2.1402,0.99825,0.00054,0.05353,0.02527
1791098064.367,27.7390,0.9665,2.1391,0.99827,0.00052,0.05316,0.02497
1791098064.427,27.7947,0.9674,2.1382,0.99831,0.00052,0.05291,0.02420
1791098064.487,27.8506,0.9683,2.1375,0.99834,0.00053,0.05278,0.02312
1791098064.547,27.9066,0.9692,2.1370,0.99837,0.00052,0.05273,0.02188
1791098064.607,27.9627,0.9701,2.1367,0.99839,0.00050,0.05277,0.02060
1791098064.667,28.0189,0.9710,2.1365,0.99841,0.00047,0.05287,0.01938
1791098064.727,28.0752,0.9718,2.1364,0.99843,0.00041,0.05300,0.01829
1791098064.787,28.1316,0.9726,2.1363,0.99844,0.00038,0.05316,0.01735
1791098064.847,28.1881,0.9735,2.1364,0.99844,0.00124,0.05341,0.01643
1791098064.907,28.2448,0.9742,2.1371,0.99847,0.00581,0.05320,0.01398
1791098064.967,28.3016,0.9745,2.1385,0.99851,0.01077,0.05282,0.00822
1791098065.027,28.3586,0.9741,2.1405,0.99851,0.01449,0.05251,-0.00148
1791098065.087,28.4156,0.9727,2.1427,0.99838,0.01657,0.05237,-0.01467
1791098065.147,28.4727,0.9702,2.1449,0.99801,0.01741,0.05244,-0.03028
1791098065.207,28.5297,0.9665,2.1469,0.99735,0.01733,0.05271,-0.04699
1791098065.267,28.5866,0.9618,2.1485,0.99643,0.01651,0.05309,-0.06351
1791098065.327,28.6436,0.9559,2.1500,0.99534,0.01526,0.05353,-0.07875
1791098065.387,28.7005,0.9491,2.1514,0.99421,0.01382,0.05397,-0.09193
1791098065.447,28.7575,0.9415,2.1528,0.99316,0.01240,0.05435,-0.10259
1791098065.507,28.8145,0.9331,2.1543,0.99230,0.01106,0.05467,-0.11058
1791098065.567,28.8716,0.9240,2.1559,0.99162,0.01196,0.05462,-0.11647
1791098065.627,28.9287,0.9142,2.1578,0.99092,0.01533,0.05386,-0.12221
1791098065.687,28.9859,0.9035,2.1600,0.99000,0.01836,0.05323,-0.12933
1791098065.747,29.0429,0.8918,2.1621,0.98875,0.02030,0.05288,-0.13841
1791098065.807,29.0998,0.8789,2.1641,0.98717,0.02105,0.05283,-0.14920
1791098065.863,29.1526,0.8659,2.1660,0.98543,0.02098,0.05302,-0.16025
1791098065.923,29.2091,0.8508,2.1680,0.98338,0.02026,0.05336,-0.17236
1791098065.983,29.2654,0.8346,2.1699,0.98127,0.01913,0.05377,-0.18397
1791098066.043,29.3215,0.8175,2.1718,0.97925,0.01784,0.05420,-0.19444
1791098066.103,29.3776,0.7995,2.1738,0.97745,0.01651,0.05462,-0.20331
1791098066.163,29.4335,0.7808,2.1757,0.97596,0.01525,0.05498,-0.21034
1791098066.223,29.4895,0.7615,2.1777,0.97484,0.01411,0.05528,-0.21549
1791098066.283,29.5454,0.7415,2.1796,0.97409,0.01323,0.05551,-0.21884
1791098066.343,29.6013,0.7211,2.1816,0.97369,0.01245,0.05570,-0.22062
1791098066.403,29.6573,0.7003,2.1835,0.97357,0.01179,0.05587,-0.22112
1791098066.463,29.7133,0.6792,2.1856,0.97394,0.01036,0.04861,-0.22129
1791098066.523,29.7689,0.6579,2.1886,0.97406,0.00750,0.02738,-0.22449
1791098066.583,29.8228,0.6370,2.1934,0.97232,0.00391,0.00552,-0.23354
1791098066.643,29.8737,0.6170,2.1996,0.96839,0.00075,-0.01241,-0.24912
1791098066.703,29.9205,0.5985,2.2062,0.96245,-0.00164,-0.02544,-0.27027
1791098066.763,29.9628,0.5817,2.2119,0.95487,-0.00312,-0.03407,-0.29506
1791098066.823,30.0004,0.5668,2.2162,0.94618,-0.00371,-0.03875,-0.32130
1791098066.883,30.0332,0.5539,2.2200,0.93798,-0.00161,-0.02432,-0.34583
1791098066.943,30.0624,0.5424,2.2256,0.93164,0.00200,0.00257,-0.36337
1791098067.003,30.0899,0.5315,2.2346,0.92829,0.00456,0.02829,-0.37075
1791098067.063,30.1175,0.5202,2.2462,0.92861,0.00603,0.04850,-0.36782
1791098067.123,30.1463,0.5080,2.2584,0.93234,0.00656,0.06271,-0.35603
1791098067.183,30.1771,0.4946,2.2686,0.93854,0.00668,0.07188,-0.33753
1791098067.243,30.2101,0.4802,2.2756,0.94602,0.00687,0.07731,-0.31468
1791098067.303,30.2454,0.4647,2.2790,0.95369,0.00740,0.08009,-0.28984
1791098067.363,30.2833,0.4482,2.2793,0.96076,0.00824,0.08104,-0.26515
1791098067.423,30.3237,0.4309,2.2777,0.96678,0.00922,0.08065,-0.24240
1791098067.483,30.3667,0.4128,2.2750,0.97156,0.01015,0.07929,-0.22288
1791098067.543,30.4120,0.3939,2.2719,0.97514,0.01089,0.07730,-0.20737
1791098067.603,30.4595,0.3743,2.2688,0.97764,0.01137,0.07494,-0.19613
1791098067.663,30.5089,0.3543,2.2657,0.97924,0.01159,0.07244,-0.18898
1791098067.723,30.5600,0.3337,2.2627,0.98009,0.01156,0.06999,-0.18547
1791098067.783,30.6124,0.3128,2.2598,0.98035,0.01134,0.06770,-0.18495
1791098067.843,30.6659,0.2916,2.2569,0.98017,0.01101,0.06564,-0.18666
1791098067.903,30.7204,0.2701,2.2540,0.97968,0.01065,0.06384,-0.18986
1791098067.963,30.7756,0.2484,2.2512,0.97900,0.01029,0.06230,-0.19386
1791098068.023,30.8313,0.2266,2.2485,0.97824,0.00992,0.06102,-0.19806
1791098068.083,30.8876,0.2046,2.2460,0.97763,0.00723,0.06044,-0.20134
1791098068.143,30.9443,0.1827,2.2443,0.97755,0.00313,0.06002,-0.20194
1791098068.203,31.0015,0.1611,2.2433,0.97821,-0.00023,0.05962,-0.19889
1791098068.263,31.0592,0.1400,2.2427,0.97956,-0.00237,0.05924,-0.19219
1791098068.323,31.1173,0.1197,2.2423,0.98143,-0.00333,0.05892,-0.18253
1791098068.383,31.1758,0.1001,2.2419,0.98353,-0.00343,0.05873,-0.17091
1791098068.443,31.2346,0.0812,2.2412,0.98562,-0.00288,0.05863,-0.15847
1791098068.503,31.2936,0.0632,2.2405,0.98751,-0.00192,0.05857,-0.14623
1791098068.563,31.3530,0.0458,2.2395,0.98911,-0.00077,0.05855,-0.13503
1791098068.623,31.4125,0.0290,2.2386,0.99037,0.00043,0.05853,-0.12546
1791098068.683,31.4723,0.0127,2.2376,0.99130,0.00160,0.05850,-0.11786
1791098068.743,31.5323,-0.0031,2.2366,0.99195,0.00265,0.05844,-0.11233
1791098068.803,31.5925,-0.0186,2.2355,0.99234,0.00356,0.05839,-0.10878
1791098068.863,31.6529,-0.0337,2.2345,0.99254,0.00431,0.05835,-0.10698
1791098068.923,31.7134,-0.0487,2.2334,0.99258,0.00488,0.05831,-0.10663
1791098068.983,31.7740,-0.0634,2.2323,0.99250,0.00535,0.05828,-0.10736
1791098069.043,31.8347,-0.0780,2.2311,0.99234,0.00571,0.05826,-0.10883
1791098069.103,31.8955,-0.0926,2.2299,0.99213,0.00597,0.05824,-0.11071
1791098069.163,31.9565,-0.1070,2.2286,0.99190,0.00619,0.05821,-0.11271
1791098069.223,32.0175,-0.1214,2.2273,0.99168,0.00629,0.05818,-0.11462
1791098069.285,32.0745,-0.1348,2.2263,0.99156,0.00430,0.05841,-0.11563
1791098069.345,32.1357,-0.1491,2.2257,0.99171,0.00066,0.05848,-0.11445
1791098069.405,32.1972,-0.1630,2.2255,0.99219,-0.00247,0.05848,-0.11011
1791098069.465,32.2587,-0.1762,2.2256,0.99299,-0.00444,0.05846,-0.10261
1791098069.525,32.3205,-0.1888,2.2257,0.99397,-0.00532,0.05847,-0.09260
1791098069.585,32.3824,-0.2005,2.2257,0.99498,-0.00531,0.05855,-0.08104
1791098069.645,32.4444,-0.2115,2.2255,0.99588,-0.00471,0.05866,-0.06895
1791098069.705,32.5065,-0.2218,2.2252,0.99662,-0.00376,0.05879,-0.05727
1791098069.765,32.5688,-0.2314,2.2248,0.99717,-0.00261,0.05890,-0.04675
1791098069.825,32.6312,-0.2404,2.2244,0.99754,-0.00141,0.05899,-0.03788
1791098069.885,32.6937,-0.2488,2.2239,0.99777,-0.00029,0.05907,-0.03093
1791098069.945,32.7563,-0.2569,2.2235,0.99791,0.00076,0.05911,-0.02597
1791098070.005,32.8190,-0.2646,2.2231,0.99799,0.00167,0.05915,-0.02287
1791098070.065,32.8819,-0.2720,2.2228,0.99802,0.00086,0.05924,-0.02103
1791098070.125,32.9449,-0.2791,2.2228,0.99808,-0.00233,0.05903,-0.01872
1791098070.185,33.0080,-0.2857,2.2231,0.99815,-0.00527,0.05885,-0.01458
1791098070.245,33.0713,-0.2915,2.2236,0.99822,-0.00723,0.05870,-0.00811
1791098070.305,33.1346,-0.2965,2.2241,0.99825,-0.00807,0.05861,0.00045
1791098070.365,33.1979,-0.3007,2.2246,0.99819,-0.00806,0.05864,0.01045
1791098070.425,33.2613,-0.3040,2.2250,0.99803,-0.00744,0.05871,0.02106
1791098070.485,33.3247,-0.3065,2.2254,0.99775,-0.00647,0.05882,0.03150
1791098070.545,33.3881,-0.3082,2.2258,0.99740,-0.00531,0.05895,0.04108
1791098070.605,33.4516,-0.3093,2.2262,0.99703,-0.00408,0.05908,0.04932
1791098070.665,33.5151,-0.3099,2.2266,0.99667,-0.00291,0.05919,0.05594
1791098070.725,33.5787,-0.3100,2.2270,0.99638,-0.00206,0.05928,0.06089
1791098070.785,33.6424,-0.3097,2.2275,0.99613,-0.00412,0.05901,0.06507
1791098070.845,33.7061,-0.3088,2.2282,0.99579,-0.00734,0.05849,0.07013
1791098070.905,33.7698,-0.3073,2.2290,0.99529,-0.00994,0.05807,0.07703
1791098070.965,33.8333,-0.3048,2.2297,0.99456,-0.01147,0.05784,0.08587
1791098071.026,33.8968,-0.3014,2.2303,0.99364,-0.01197,0.05733,0.09622
1791098071.085,33.9601,-0.2969,2.2306,0.99258,-0.01151,0.05602,0.10732
1791098071.145,34.0231,-0.2916,2.2308,0.99145,-0.01041,0.05386,0.11841
1791098071.205,34.0858,-0.2855,2.2308,0.99032,-0.00890,0.05102,0.12876
1791098071.265,34.1479,-0.2787,2.2308,0.98928,-0.00727,0.04773,0.13784
1791098071.325,34.2092,-0.2714,2.2306,0.98839,-0.00562,0.04413,0.14530
1791098071.387,34.2656,-0.2642,2.2304,0.98774,-0.00416,0.04068,0.15068
1791098071.447,34.3250,-0.2563,2.2302,0.98726,-0.00274,0.03700,0.15475
1791098071.507,34.3831,-0.2484,2.2299,0.98700,-0.00148,0.03344,0.15722
1791098071.567,34.4398,-0.2405,2.2297,0.98693,-0.00047,0.02999,0.15831
1791098071.627,34.4949,-0.2327,2.2294,0.98703,0.00040,0.02679,0.15831
1791098071.687,34.5484,-0.2251,2.2292,0.98719,0.00042,0.02369,0.15779
1791098071.747,34.6002,-0.2178,2.2291,0.98729,0.00002,0.02077,0.15758
1791098071.807,34.6500,-0.2108,2.2290,0.98719,-0.00038,0.01808,0.15854
1791098071.867,34.6980,-0.2039,2.2291,0.98678,-0.00061,0.01571,0.16132
1791098071.927,34.7440,-0.1973,2.2294,0.98598,-0.00071,0.01357,0.16632
1791098071.987,34.7880,-0.1909,2.2296,0.98472,-0.00065,0.01171,0.17374
1791098072.047,34.8300,-0.1847,2.2299,0.98296,-0.00054,0.01010,0.18354
1791098072.107,34.8701,-0.1787,2.2302,0.98067,-0.00040,0.00871,0.19547
1791098072.167,34.9082,-0.1729,2.2305,0.97784,-0.00027,0.00752,0.20920
1791098072.227,34.9444,-0.1674,2.2307,0.97449,-0.00017,0.00650,0.22434
1791098072.287,34.9787,-0.1622,2.2307,0.97064,-0.00010,0.00564,0.24046
1791098072.347,35.0113,-0.1571,2.2306,0.96636,-0.00008,0.00490,0.25715
1791098072.407,35.0421,-0.1523,2.2304,0.96169,-0.00010,0.00428,0.27410
1791098072.467,35.0713,-0.1477,2.2301,0.95672,-0.00013,0.00373,0.29100
1791098072.527,35.0989,-0.1434,2.2297,0.95150,-0.00020,0.00326,0.30764
1791098072.587,35.1249,-0.1392,2.2292,0.94610,-0.00034,0.00284,0.32385
1791098072.647,35.1495,-0.1352,2.2287,0.94058,-0.00050,0.00248,0.33957
1791098072.707,35.1727,-0.1313,2.2280,0.93494,-0.00067,0.00216,0.35480
1791098072.767,35.1945,-0.1276,2.2272,0.92919,-0.00086,0.00187,0.36960
1791098072.827,35.2150,-0.1240,2.2264,0.92331,-0.00105,0.00157,0.38405
1791098072.887,35.2344,-0.1206,2.2256,0.91729,-0.00123,0.00127,0.39821
1791098072.947,35.2525,-0.1172,2.2247,0.91112,-0.00142,0.00095,0.41213
1791098073.007,35.2696,-0.1140,2.2238,0.90476,-0.00156,0.00064,0.42591
1791098073.067,35.2855,-0.1108,2.2229,0.89821,-0.00169,0.00035,0.43956
1791098073.127,35.3004,-0.1078,2.2221,0.89144,-0.00182,0.00008,0.45313
1791098073.187,35.3144,-0.1048,2.2212,0.88445,-0.00197,-0.00017,0.46664
1791098073.247,35.3273,-0.1019,2.2204,0.87721,-0.00210,-0.00037,0.48010
1791098073.307,35.3394,-0.0990,2.2196,0.86974,-0.00225,-0.00055,0.49351
1791098073.367,35.3506,-0.0962,2.2189,0.86202,-0.00240,-0.00072,0.50686
1791098073.427,35.3610,-0.0935,2.2182,0.85406,-0.00257,-0.00085,0.52016
1791098073.487,35.3705,-0.0908,2.2175,0.84588,-0.00273,-0.00093,0.53337
1791098073.547,35.3794,-0.0882,2.2169,0.83746,-0.00291,-0.00098,0.54649
1791098073.607,35.3875,-0.0856,2.2163,0.82882,-0.00311,-0.00099,0.55951
1791098073.667,35.3949,-0.0830,2.2158,0.81996,-0.00328,-0.00103,0.57241
1791098073.727,35.4016,-0.0805,2.2153,0.81090,-0.00345,-0.00107,0.58518
1791098073.787,35.4078,-0.0779,2.2148,0.80163,-0.00360,-0.00109,0.59781
1791098073.847,35.4133,-0.0754,2.2144,0.79216,-0.00377,-0.00115,0.61030
1791098073.907,35.4183,-0.0729,2.2141,0.78250,-0.00390,-0.00120,0.62264
1791098073.967,35.4227,-0.0703,2.2139,0.77265,-0.00402,-0.00124,0.63482
1791098074.027,35.4266,-0.0678,2.2137,0.76259,-0.00410,-0.00126,0.64686
1791098074.087,35.4300,-0.0653,2.2136,0.75236,-0.00418,-0.00126,0.65874
1791098074.147,35.4329,-0.0628,2.2135,0.74195,-0.00423,-0.00121,0.67044
1791098074.207,35.4354,-0.0602,2.2135,0.73139,-0.00426,-0.00112,0.68194
1791098074.267,35.4375,-0.0577,2.2136,0.72068,-0.00429,-0.00103,0.69325
1791098074.327,35.4392,-0.0552,2.2137,0.70979,-0.00430,-0.00092,0.70440
1791098074.387,35.4406,-0.0526,2.2139,0.69870,-0.00431,-0.00083,0.71540
1791098074.447,35.4416,-0.0501,2.2141,0.68740,-0.00432,-0.00072,0.72627
1791098074.507,35.4423,-0.0476,2.2143,0.67589,-0.00432,-0.00062,0.73699
1791098074.567,35.4427,-0.0450,2.2146,0.66419,-0.00433,-0.00054,0.74755
1791098074.627,35.4428,-0.0424,2.2150,0.65229,-0.00436,-0.00051,0.75796
1791098074.687,35.4427,-0.0399,2.2154,0.64021,-0.00437,-0.00049,0.76819
1791098074.747,35.4423,-0.0373,2.2158,0.62796,-0.00439,-0.00052,0.77824
1791098074.807,35.4417,-0.0347,2.2163,0.61553,-0.00442,-0.00056,0.78810
1791098074.867,35.4409,-0.0321,2.2169,0.60295,-0.00447,-0.00060,0.79777
1791098075.816,35.4398,-0.0296,2.2176,0.59023,-0.00451,-0.00065,0.80723
1791098075.876,35.4386,-0.0270,2.2183,0.57734,-0.00455,-0.00065,0.81649
1791098075.935,35.4371,-0.0245,2.2192,0.56411,-0.00459,-0.00062,0.82568
1791098075.996,35.4355,-0.0220,2.2201,0.55022,-0.00456,-0.00057,0.83501
1791098076.056,35.4336,-0.0195,2.2211,0.53551,-0.00453,-0.00046,0.84452
1791098076.115,35.4316,-0.0170,2.2221,0.52004,-0.00445,-0.00032,0.85413
1791098076.176,35.4295,-0.0146,2.2229,0.50397,-0.00433,-0.00018,0.86371
1791098076.235,35.4272,-0.0121,2.2238,0.48749,-0.00415,-0.00004,0.87312
1791098076.296,35.4249,-0.0097,2.2245,0.47084,-0.00392,0.00011,0.88221
1791098076.355,35.4224,-0.0073,2.2251,0.45422,-0.00366,0.00023,0.89088
1791098076.416,35.4199,-0.0049,2.2256,0.43776,-0.00337,0.00033,0.89909
1791098076.476,35.4173,-0.0025,2.2260,0.42159,-0.00306,0.00037,0.90678
1791098076.536,35.4148,-0.0002,2.2262,0.40577,-0.00273,0.00038,0.91397
1791098076.596,35.4122,0.0020,2.2264,0.39027,-0.00243,0.00035,0.92070
1791098076.656,35.4096,0.0043,2.2266,0.37509,-0.00214,0.00027,0.92699
1791098076.715,35.4071,0.0064,2.2266,0.36017,-0.00192,0.00016,0.93289
1791098076.776,35.4046,0.0085,2.2267,0.34543,-0.00177,0.00004,0.93844
1791098076.835,35.4022,0.0104,2.2268,0.33080,-0.00169,-0.00008,0.94370
1791098076.895,35.3998,0.0123,2.2268,0.31622,-0.00165,-0.00021,0.94868
1791098076.956,35.3975,0.0141,2.2268,0.30163,-0.00168,-0.00032,0.95342
1791098077.016,35.3951,0.0158,2.2269,0.28695,-0.00173,-0.00045,0.95794
1791098077.076,35.3928,0.0174,2.2269,0.27218,-0.00180,-0.00059,0.96224
1791098077.135,35.3906,0.0189,2.2268,0.25728,-0.00184,-0.00076,0.96633
1791098077.196,35.3883,0.0203,2.2268,0.24224,-0.00191,-0.00093,0.97021
1791098077.256,35.3860,0.0215,2.2268,0.22706,-0.00195,-0.00109,0.97388
1791098077.316,35.3837,0.0227,2.2268,0.21175,-0.00202,-0.00123,0.97732
1791098077.376,35.3814,0.0237,2.2268,0.19634,-0.00211,-0.00137,0.98053
1791098077.435,35.3791,0.0246,2.2267,0.18083,-0.00222,-0.00149,0.98351
1791098077.495,35.3768,0.0253,2.2267,0.16524,-0.00234,-0.00161,0.98625
1791098077.555,35.3745,0.0259,2.2267,0.14960,-0.00248,-0.00170,0.98874
1791098077.615,35.3721,0.0264,2.2266,0.13390,-0.00264,-0.00174,0.99099
1791098077.675,35.3696,0.0268,2.2265,0.11818,-0.00279,-0.00175,0.99299
1791098077.735,35.3671,0.0271,2.2264,0.10245,-0.00295,-0.00174,0.99473
1791098077.796,35.3646,0.0272,2.2263,0.08669,-0.00312,-0.00171,0.99623
1791098077.856,35.3620,0.0272,2.2262,0.07094,-0.00325,-0.00166,0.99747
1791098077.915,35.3593,0.0272,2.2262,0.05519,-0.00336,-0.00161,0.99847
1791098077.976,35.3566,0.0270,2.2262,0.03946,-0.00346,-0.00153,0.99921
1791098078.038,35.3540,0.0268,2.2263,0.02476,-0.00352,-0.00142,0.99969
1791098078.098,35.3511,0.0265,2.2264,0.00904,-0.00356,-0.00130,0.99995
1791098078.158,35.3482,0.0261,2.2266,-0.00667,-0.00358,-0.00114,0.99997
1791098078.218,35.3452,0.0256,2.2269,-0.02238,-0.00356,-0.00100,0.99974
1791098078.278,35.3421,0.0252,2.2273,-0.03812,-0.00353,-0.00084,0.99927
1791098078.338,35.3390,0.0246,2.2278,-0.05389,-0.00348,-0.00068,0.99854
1791098078.398,35.3359,0.0241,2.2284,-0.06967,-0.00342,-0.00051,0.99756
1791098078.459,35.3327,0.0235,2.2290,-0.08544,-0.00335,-0.00035,0.99634
1791098078.518,35.3295,0.0229,2.2297,-0.10120,-0.00328,-0.00018,0.99486
1791098078.578,35.3263,0.0224,2.2305,-0.11692,-0.00319,-0.00005,0.99314
1791098078.638,35.3231,0.0218,2.2312,-0.13259,-0.00309,0.00003,0.99117
1791098078.698,35.3198,0.0212,2.2319,-0.14821,-0.00301,0.00004,0.98895
1791098078.758,35.3166,0.0207,2.2327,-0.16376,-0.00292,-0.00002,0.98650
1791098078.818,35.3134,0.0201,2.2334,-0.17923,-0.00283,-0.00015,0.98380
1791098078.878,35.3101,0.0196,2.2341,-0.19462,-0.00276,-0.00033,0.98088
1791098078.938,35.3069,0.0190,2.2349,-0.20993,-0.00269,-0.00054,0.97771
1791098078.998,35.3038,0.0184,2.2355,-0.22515,-0.00263,-0.00078,0.97432
1791098079.059,35.3006,0.0177,2.2362,-0.24027,-0.00257,-0.00103,0.97070
1791098079.119,35.2978,0.0170,2.2368,-0.25434,-0.00250,-0.00124,0.96711
1791098079.179,35.2947,0.0162,2.2374,-0.26932,-0.00244,-0.00142,0.96305
1791098079.239,35.2917,0.0153,2.2379,-0.28422,-0.00234,-0.00157,0.95875
1791098079.299,35.2888,0.0143,2.2385,-0.29912,-0.00223,-0.00166,0.95421
1791098079.359,35.2860,0.0132,2.2390,-0.31400,-0.00208,-0.00175,0.94942
1791098079.419,35.2832,0.0121,2.2395,-0.32887,-0.00193,-0.00179,0.94437
1791098079.479,35.2805,0.0108,2.2399,-0.34370,-0.00178,-0.00181,0.93907
1791098079.539,35.2780,0.0095,2.2404,-0.35849,-0.00164,-0.00182,0.93353
1791098079.599,35.2755,0.0080,2.2408,-0.37318,-0.00153,-0.00179,0.92776
1791098079.661,35.2733,0.0067,2.2411,-0.38679,-0.00144,-0.00172,0.92216
1791098079.721,35.2710,0.0051,2.2415,-0.40127,-0.00142,-0.00162,0.91596
1791098079.781,35.2688,0.0036,2.2418,-0.41565,-0.00144,-0.00152,0.90952
1791098079.841,35.2667,0.0020,2.2421,-0.42992,-0.00153,-0.00141,0.90286
1791098079.901,35.2647,0.0003,2.2425,-0.44407,-0.00167,-0.00129,0.89599
1791098079.961,35.2628,-0.0013,2.2428,-0.45807,-0.00185,-0.00116,0.88891
1791098080.021,35.2609,-0.0030,2.2431,-0.47194,-0.00203,-0.00102,0.88163
1791098080.081,35.2590,-0.0047,2.2435,-0.48566,-0.00221,-0.00087,0.87414
1791098080.141,35.2572,-0.0065,2.2438,-0.49922,-0.00236,-0.00072,0.86647
1791098080.201,35.2553,-0.0082,2.2442,0.51264,0.00249,0.00053,-0.85860
1791098080.261,35.2534,-0.0100,2.2446,0.52590,0.00263,0.00030,-0.85055
1791098080.322,35.2515,-0.0117,2.2451,0.53900,0.00275,0.00007,-0.84230
1791098080.381,35.2496,-0.0135,2.2455,0.55195,0.00285,-0.00019,-0.83387
1791098080.441,35.2476,-0.0152,2.2460,0.56476,0.00291,-0.00044,-0.82525
1791098080.501,35.2456,-0.0169,2.2465,0.57743,0.00291,-0.00069,-0.81644
1791098080.561,35.2435,-0.0186,2.2471,0.58993,0.00282,-0.00092,-0.80745
1791098080.621,35.2414,-0.0202,2.2476,0.60230,0.00271,-0.00110,-0.79826
1791098080.681,35.2392,-0.0218,2.2482,0.61452,0.00253,-0.00125,-0.78890
1791098080.741,35.2369,-0.0233,2.2489,0.62658,0.00233,-0.00138,-0.77935
1791098080.801,35.2346,-0.0248,2.2496,0.63850,0.00212,-0.00149,-0.76961
1791098080.861,35.2323,-0.0262,2.2503,0.65027,0.00192,-0.00159,-0.75970
1791098080.921,35.2299,-0.0275,2.2510,0.66188,0.00170,-0.00166,-0.74961
1791098080.981,35.2275,-0.0287,2.2518,0.67333,0.00148,-0.00172,-0.73934
1791098081.041,35.2251,-0.0298,2.2527,0.68463,0.00127,-0.00176,-0.72888
1791098081.101,35.2228,-0.0308,2.2535,0.69577,0.00105,-0.00179,-0.71827
1791098081.161,35.2204,-0.0317,2.2544,0.70673,0.00088,-0.00178,-0.70749
1791098081.221,35.2181,-0.0325,2.2552,0.71753,0.00071,-0.00177,-0.69653
1791098081.281,35.2157,-0.0332,2.2561,0.72815,0.00058,-0.00178,-0.68542
1791098081.341,35.2135,-0.0338,2.2569,0.73858,0.00047,-0.00178,-0.67416
1791098081.401,35.2112,-0.0343,2.2577,0.74885,0.00035,-0.00182,-0.66273
1791098081.461,35.2090,-0.0348,2.2585,0.75894,0.00025,-0.00188,-0.65116
1791098081.521,35.2068,-0.0351,2.2592,0.76885,0.00016,-0.00196,-0.63943
1791098081.581,35.2046,-0.0353,2.2599,0.77857,0.00010,-0.00207,-0.62756
1791098081.641,35.2025,-0.0354,2.2606,0.78811,0.00001,-0.00217,-0.61553
1791098081.701,35.2004,-0.0355,2.2612,0.79747,-0.00008,-0.00229,-0.60336
1791098081.761,35.1983,-0.0354,2.2618,0.80663,-0.00017,-0.00243,-0.59106
1791098081.821,35.1962,-0.0352,2.2624,0.81560,-0.00025,-0.00255,-0.57861
1791098081.881,35.1941,-0.0349,2.2629,0.82438,-0.00034,-0.00265,-0.56603
1791098081.941,35.1919,-0.0345,2.2634,0.83295,-0.00037,-0.00270,-0.55333
1791098082.001,35.1898,-0.0340,2.2638,0.84134,-0.00039,-0.00268,-0.54050
1791098082.061,35.1877,-0.0335,2.2641,0.84953,-0.00039,-0.00261,-0.52754
1791098082.121,35.1856,-0.0328,2.2645,0.85751,-0.00038,-0.00246,-0.51446
1791098082.181,35.1835,-0.0321,2.2648,0.86529,-0.00039,-0.00228,-0.50127
1791098082.241,35.1814,-0.0313,2.2650,0.87287,-0.00041,-0.00210,-0.48794
1791098082.301,35.1793,-0.0305,2.2653,0.88025,-0.00041,-0.00189,-0.47451
1791098082.361,35.1772,-0.0296,2.2656,0.88741,-0.00046,-0.00169,-0.46097
1791098082.421,35.1752,-0.0287,2.2658,0.89438,-0.00052,-0.00153,-0.44731
1791098082.481,35.1732,-0.0278,2.2661,0.90113,-0.00060,-0.00136,-0.43354
1791098082.541,35.1713,-0.0269,2.2664,0.90767,-0.00071,-0.00121,-0.41968
1791098082.601,35.1695,-0.0260,2.2666,0.91400,-0.00082,-0.00108,-0.40572
1791098082.661,35.1677,-0.0250,2.2670,0.92011,-0.00092,-0.00094,-0.39165
1791098082.721,35.1660,-0.0240,2.2673,0.92601,-0.00101,-0.00083,-0.37750
1791098082.781,35.1644,-0.0230,2.2676,0.93168,-0.00107,-0.00074,-0.36327
1791098082.841,35.1629,-0.0219,2.2679,0.93715,-0.00113,-0.00069,-0.34893
1791098082.901,35.1614,-0.0209,2.2683,0.94239,-0.00115,-0.00066,-0.33451
1791098082.961,35.1600,-0.0198,2.2687,0.94741,-0.00114,-0.00064,-0.32002
1791098083.021,35.1587,-0.0187,2.2691,0.95221,-0.00113,-0.00064,-0.30543
1791098083.081,35.1575,-0.0176,2.2695,0.95679,-0.00109,-0.00068,-0.29077
1791098083.148,35.1563,-0.0164,2.2700,0.96114,-0.00104,-0.00071,-0.27605
1791098083.207,35.1551,-0.0153,2.2705,0.96527,-0.00099,-0.00076,-0.26126
1791098083.268,35.1540,-0.0141,2.2710,0.96918,-0.00095,-0.00079,-0.24637
1791098083.327,35.1530,-0.0130,2.2715,0.97287,-0.00089,-0.00082,-0.23136
1791098083.387,35.1519,-0.0118,2.2721,0.97634,-0.00081,-0.00082,-0.21622
1791098083.448,35.1509,-0.0107,2.2727,0.97960,-0.00071,-0.00077,-0.20095
1791098083.507,35.1499,-0.0095,2.2733,0.98262,-0.00060,-0.00071,-0.18560
1791098083.567,35.1490,-0.0084,2.2739,0.98541,-0.00048,-0.00063,-0.17020
1791098083.628,35.1480,-0.0073,2.2746,0.98796,-0.00035,-0.00053,-0.15473
1791098083.688,35.1471,-0.0063,2.2753,0.99026,-0.00019,-0.00044,-0.13926
1791098083.748,35.1462,-0.0053,2.2760,0.99231,-0.00004,-0.00035,-0.12379
1791098083.808,35.1453,-0.0043,2.2767,0.99412,0.00010,-0.00023,-0.10831
1791098083.868,35.1445,-0.0035,2.2773,0.99568,0.00020,-0.00011,-0.09284
1791098083.928,35.1437,-0.0027,2.2779,0.99700,0.00026,0.00007,-0.07739
1791098083.988,35.1430,-0.0019,2.2785,0.99808,0.00029,0.00027,-0.06195
1791098084.048,35.1423,-0.0012,2.2789,0.99892,0.00033,0.00046,-0.04652
1791098084.107,35.1418,-0.0006,2.2793,0.99952,0.00035,0.00063,-0.03110
1791098084.168,35.1412,-0.0001,2.2797,0.99988,0.00037,0.00076,-0.01569
1791098084.228,35.1408,0.0004,2.2800,1.00000,0.00041,0.00085,-0.00027
1791098084.288,35.1405,0.0008,2.2802,0.99988,0.00046,0.00093,0.01515
1791098084.348,35.1402,0.0012,2.2803,0.99953,0.00047,0.00102,0.03057
1791098084.407,35.1401,0.0015,2.2804,0.99894,0.00049,0.00107,0.04601
1791098084.465,35.1400,0.0017,2.2805,0.99824,0.00050,0.00113,0.05935
1791098084.525,35.1400,0.0019,2.2820,0.99691,0.00068,0.00117,0.07852
1791098084.585,35.1401,0.0021,2.2923,0.99373,0.00101,0.00135,0.11183
1791098084.645,35.1403,0.0022,2.3148,0.98673,0.00137,0.00156,0.16237
1791098084.705,35.1407,0.0021,2.3442,0.97384,0.00164,0.00180,0.22722
1791098084.765,35.1412,0.0020,2.3744,0.95298,0.00182,0.00199,0.30301
1791098084.825,35.1418,0.0018,2.4004,0.92259,0.00198,0.00207,0.38576
1791098084.885,35.1425,0.0016,2.4189,0.88178,0.00207,0.00201,0.47166
1791098084.945,35.1434,0.0014,2.4291,0.83026,0.00217,0.00185,0.55737
1791098085.005,35.1443,0.0011,2.4317,0.76833,0.00221,0.00160,0.64005
1791098085.065,35.1453,0.0008,2.4284,0.69674,0.00226,0.00129,0.71732
1791098085.125,35.1464,0.0004,2.4209,0.61655,0.00221,0.00093,0.78731
1791098085.185,35.1476,0.0001,2.4107,0.52898,0.00209,0.00054,0.84863
1791098085.245,35.1489,-0.0003,2.3992,0.43543,0.00187,0.00015,0.90022
1791098085.305,35.1502,-0.0007,2.3873,0.33851,0.00157,-0.00020,0.94096
1791098085.365,35.1515,-0.0011,2.3764,0.24271,0.00121,-0.00047,0.97010
1791098085.425,35.1527,-0.0015,2.3680,0.15304,0.00078,-0.00069,0.98822
1791098085.485,35.1540,-0.0020,2.3637,0.07370,0.00037,-0.00081,0.99728
1791098085.545,35.1552,-0.0025,2.3642,0.00730,-0.00000,-0.00088,0.99997
1791098085.604,35.1562,-0.0030,2.3687,-0.03894,-0.00386,0.00057,0.99923
1791098085.664,35.1569,-0.0035,2.3778,-0.07938,-0.02051,0.00163,0.99663
1791098085.724,35.1560,-0.0039,2.3889,-0.10714,-0.04123,-0.00020,0.99339
1791098085.784,35.1525,-0.0047,2.3992,-0.12379,-0.05852,-0.00261,0.99058
1791098085.844,35.1454,-0.0060,2.4066,-0.13112,-0.07039,-0.00423,0.98886
1791098085.904,35.1346,-0.0081,2.4101,-0.13091,-0.07725,-0.00482,0.98837
1791098085.961,35.1209,-0.0107,2.4094,-0.12553,-0.08018,-0.00482,0.98883
1791098086.020,35.1025,-0.0142,2.4048,-0.11591,-0.08075,-0.00470,0.98996
1791098086.080,35.0803,-0.0184,2.3969,-0.10392,-0.07961,-0.00471,0.99138
1791098086.140,35.0545,-0.0231,2.3867,-0.09109,-0.07740,-0.00487,0.99282
1791098086.200,35.0253,-0.0284,2.3753,-0.07865,-0.07451,-0.00513,0.99410
1791098086.260,34.9931,-0.0340,2.3635,-0.06755,-0.07129,-0.00539,0.99515
1791098086.320,34.9581,-0.0399,2.3519,-0.05840,-0.06795,-0.00560,0.99596
1791098086.380,34.9206,-0.0462,2.3407,-0.05149,-0.06469,-0.00571,0.99656
1791098086.440,34.8811,-0.0527,2.3302,-0.04684,-0.06165,-0.00573,0.99698
1791098086.500,34.8399,-0.0593,2.3205,-0.04430,-0.05891,-0.00566,0.99726
1791098086.561,34.7972,-0.0661,2.3116,-0.04354,-0.05651,-0.00552,0.99744
1791098086.620,34.7533,-0.0731,2.3034,-0.04420,-0.05446,-0.00534,0.99752
1791098086.680,34.7084,-0.0801,2.2958,-0.04585,-0.05275,-0.00512,0.99754
1791098086.740,34.6627,-0.0872,2.2888,-0.04811,-0.05137,-0.00496,0.99751
1791098086.800,34.6164,-0.0944,2.2823,-0.05063,-0.05027,-0.00481,0.99744
1791098086.860,34.5696,-0.1016,2.2763,-0.05315,-0.04942,-0.00474,0.99735
1791098086.920,34.5223,-0.1089,2.2707,-0.05545,-0.04880,-0.00472,0.99726
1791098086.980,34.4747,-0.1162,2.2655,-0.05742,-0.04837,-0.00476,0.99717
1791098087.041,34.4300,-0.1231,2.2610,-0.05890,-0.04809,-0.00482,0.99709
1791098087.101,34.3819,-0.1305,2.2566,-0.06008,-0.04791,-0.00493,0.99703
1791098087.161,34.3335,-0.1380,2.2524,-0.06088,-0.04782,-0.00507,0.99699
1791098087.221,34.2849,-0.1456,2.2486,-0.06137,-0.04782,-0.00535,0.99695
1791098087.281,34.2360,-0.1533,2.2455,-0.06278,-0.04737,-0.00977,0.99685
1791098087.342,34.1870,-0.1615,2.2436,-0.06778,-0.04602,-0.01661,0.99650
1791098087.401,34.1378,-0.1705,2.2430,-0.07791,-0.04479,-0.02227,0.99571
1791098087.461,34.0888,-0.1807,2.2432,-0.09306,-0.04402,-0.02599,0.99435
1791098087.521,34.0400,-0.1923,2.2434,-0.11208,-0.04383,-0.02786,0.99234
1791098087.582,33.9915,-0.2055,2.2433,-0.13329,-0.04420,-0.02817,0.98969
1791098087.641,33.9433,-0.2200,2.2424,-0.15495,-0.04489,-0.02750,0.98652
1791098087.701,33.8955,-0.2360,2.2411,-0.17552,-0.04576,-0.02633,0.98306
1791098087.761,33.8479,-0.2532,2.2394,-0.19380,-0.04669,-0.02469,0.97962
1791098087.821,33.8006,-0.2717,2.2376,-0.20902,-0.04755,-0.02286,0.97649
1791098087.881,33.7533,-0.2912,2.2358,-0.22083,-0.04826,-0.02108,0.97389
1791098087.941,33.7062,-0.3116,2.2341,-0.22889,-0.04947,-0.01796,0.97203
1791098088.001,33.6588,-0.3327,2.2339,-0.23067,-0.05098,-0.00835,0.97166
1791098088.061,33.6109,-0.3540,2.2368,-0.22337,-0.05142,0.00239,0.97337
1791098088.121,33.5621,-0.3747,2.2426,-0.20652,-0.05120,0.01084,0.97704
1791098088.177,33.5161,-0.3928,2.2487,-0.18344,-0.05085,0.01573,0.98159
1791098088.237,33.4663,-0.4107,2.2543,-0.15311,-0.05079,0.01814,0.98674
1791098088.297,33.4162,-0.4268,2.2575,-0.11970,-0.05118,0.01830,0.99132
1791098088.357,33.3658,-0.4411,2.2582,-0.08592,-0.05187,0.01698,0.99481
1791098088.417,33.3151,-0.4537,2.2572,-0.05417,-0.05259,0.01476,0.99704
1791098088.477,33.2641,-0.4647,2.2552,-0.02627,-0.05317,0.01213,0.99817
1791098088.538,33.2126,-0.4743,2.2531,-0.00335,-0.05348,0.00943,0.99852
1791098088.597,33.1607,-0.4826,2.2512,0.01407,-0.05355,0.00683,0.99844
1791098088.657,33.1084,-0.4900,2.2494,0.02606,-0.05342,0.00452,0.99822
1791098088.717,33.0557,-0.4964,2.2476,0.03308,-0.05320,0.00255,0.99803
1791098088.777,33.0027,-0.5021,2.2457,0.03587,-0.05298,0.00098,0.99795
1791098088.837,32.9494,-0.5073,2.2437,0.03532,-0.05279,-0.00026,0.99798
1791098088.898,32.8959,-0.5120,2.2413,0.03238,-0.05266,-0.00121,0.99809
1791098088.957,32.8422,-0.5165,2.2387,0.02795,-0.05260,-0.00191,0.99822
1791098089.017,32.7883,-0.5206,2.2360,0.02281,-0.05261,-0.00235,0.99835
1791098089.077,32.7342,-0.5246,2.2333,0.01830,-0.05264,-0.00012,0.99845
1791098089.137,32.6799,-0.5282,2.2313,0.01656,-0.05224,0.00403,0.99849
1791098089.196,32.6326,-0.5309,2.2302,0.01834,-0.05188,0.00714,0.99846
1791098089.256,32.5778,-0.5333,2.2295,0.02439,-0.05152,0.00957,0.99833
1791098089.317,32.5230,-0.5349,2.2291,0.03411,-0.05131,0.01075,0.99804
1791098089.376,32.4681,-0.5354,2.2287,0.04640,-0.05128,0.01092,0.99755
1791098089.436,32.4132,-0.5350,2.2281,0.06001,-0.05141,0.01040,0.99682
1791098089.496,32.3583,-0.5338,2.2273,0.07371,-0.05164,0.00936,0.99590
1791098089.562,32.3034,-0.5317,2.2264,0.08652,-0.05191,0.00809,0.99486
1791098089.621,32.2484,-0.5289,2.2254,0.09769,-0.05219,0.00673,0.99382
1791098089.682,32.1934,-0.5254,2.2245,0.10679,-0.05246,0.00538,0.99288
1791098089.742,32.1384,-0.5214,2.2237,0.11363,-0.05269,0.00419,0.99212
1791098089.802,32.0832,-0.5170,2.2230,0.11863,-0.05269,0.00489,0.99153
1791098089.862,32.0279,-0.5120,2.2226,0.12366,-0.05190,0.00852,0.99093
1791098089.922,31.9726,-0.5064,2.2225,0.13040,-0.05119,0.01203,0.99007
1791098089.982,31.9174,-0.4998,2.2226,0.13948,-0.05069,0.01443,0.98882
1791098090.042,31.8623,-0.4922,2.2226,0.15065,-0.05047,0.01563,0.98717
1791098090.102,31.8075,-0.4834,2.2226,0.16320,-0.05052,0.01577,0.98517
1791098090.162,31.7529,-0.4736,2.2225,0.17620,-0.05076,0.01526,0.98293
1791098090.222,31.6985,-0.4628,2.2223,0.18877,-0.05108,0.01431,0.98059
1791098090.282,31.6442,-0.4510,2.2220,0.20018,-0.05144,0.01308,0.97832
1791098090.342,31.5901,-0.4384,2.2218,0.20989,-0.05180,0.01182,0.97628
1791098090.402,31.5361,-0.4250,2.2215,0.21764,-0.05211,0.01059,0.97458
1791098090.462,31.4822,-0.4110,2.2213,0.22336,-0.05238,0.00946,0.97328
1791098090.522,31.4283,-0.3964,2.2210,0.22715,-0.05258,0.00858,0.97240
1791098090.582,31.3744,-0.3814,2.2208,0.22990,-0.05212,0.01022,0.97176
1791098090.642,31.3206,-0.3657,2.2209,0.23338,-0.05106,0.01339,0.97095
1791098090.698,31.2705,-0.3505,2.2211,0.23830,-0.05022,0.01586,0.96976
1791098090.758,31.2171,-0.3333,2.2214,0.24566,-0.04962,0.01770,0.96792
1791098090.816,31.1711,-0.3177,2.2215,0.25352,-0.04934,0.01855,0.96589
1791098090.876,31.1184,-0.2987,2.2216,0.26371,-0.04935,0.01862,0.96316
1791098090.936,31.0662,-0.2789,2.2217,0.27433,-0.04958,0.01808,0.96019
1791098090.996,31.0142,-0.2581,2.2216,0.28462,-0.04996,0.01716,0.95718
1791098091.056,30.9626,-0.2366,2.2215,0.29399,-0.05044,0.01611,0.95434
1791098091.116,30.9113,-0.2144,2.2213,0.30197,-0.05092,0.01498,0.95184
1791098091.176,30.8602,-0.1915,2.2211,0.30835,-0.05142,0.01392,0.94978
1791098091.236,30.8092,-0.1680,2.2210,0.31320,-0.05164,0.01378,0.94818
1791098091.296,30.7584,-0.1440,2.2212,0.31837,-0.04973,0.01814,0.94649
1791098091.356,30.7079,-0.1192,2.2221,0.32625,-0.04728,0.02332,0.94381
1791098091.416,30.6579,-0.0933,2.2235,0.33790,-0.04536,0.02720,0.93969
1791098091.476,30.6088,-0.0662,2.2251,0.35304,-0.04432,0.02939,0.93410
1791098091.536,30.5606,-0.0379,2.2265,0.37058,-0.04409,0.03013,0.92726
1791098091.596,30.5135,-0.0084,2.2275,0.38914,-0.04452,0.02975,0.91962
1791098091.658,30.4703,0.0203,2.2280,0.40617,-0.04526,0.02881,0.91222
1791098091.718,30.4250,0.0521,2.2282,0.42297,-0.04639,0.02719,0.90455
1791098091.778,30.3803,0.0849,2.2288,0.43615,-0.04998,0.02093,0.89824
1791098091.838,30.3359,0.1186,2.2316,0.44237,-0.05376,0.01126,0.89515
1791098091.898,30.2910,0.1528,2.2372,0.43998,-0.05643,0.00251,0.89623
1791098091.958,30.2453,0.1867,2.2445,0.42930,-0.05794,-0.00370,0.90130
1791098092.018,30.1988,0.2201,2.2517,0.41180,-0.05881,-0.00711,0.90935
1791098092.076,30.1578,0.2483,2.2565,0.39269,-0.05936,-0.00814,0.91772
1791098092.136,30.1098,0.2799,2.2598,0.36806,-0.05997,-0.00772,0.92783
1791098092.196,30.0610,0.3104,2.2606,0.34272,-0.06050,-0.00612,0.93747
1791098092.256,30.0115,0.3400,2.2597,0.31858,-0.06088,-0.00393,0.94593
1791098092.316,29.9612,0.3688,2.2577,0.29715,-0.06105,-0.00149,0.95288
1791098092.376,29.9100,0.3969,2.2554,0.27943,-0.06097,0.00093,0.95823
1791098092.436,29.8581,0.4245,2.2530,0.26584,-0.06073,0.00273,0.96210
1791098092.496,29.8054,0.4516,2.2507,0.25533,-0.06092,0.00115,0.96493
1791098092.556,29.7521,0.4782,2.2483,0.24614,-0.06132,-0.00134,0.96729
1791098092.616,29.6981,0.5040,2.2456,0.23709,-0.06163,-0.00320,0.96953
1791098092.673,29.6507,0.5257,2.2431,0.22900,-0.06176,-0.00402,0.97146
1791098092.733,29.5953,0.5499,2.2399,0.21941,-0.06176,-0.00418,0.97367
1791098092.794,29.5393,0.5732,2.2368,0.20987,-0.06162,-0.00367,0.97578
1791098092.854,29.4826,0.5958,2.2337,0.20079,-0.06135,-0.00278,0.97771
1791098092.913,29.4253,0.6175,2.2308,0.19256,-0.06100,-0.00166,0.97939
1791098092.974,29.3674,0.6386,2.2281,0.18551,-0.06061,-0.00054,0.98077
1791098093.033,29.3091,0.6591,2.2256,0.17983,-0.06019,0.00058,0.98185
1791098093.094,29.2505,0.6791,2.2231,0.17559,-0.05978,0.00168,0.98265
1791098093.154,29.1914,0.6986,2.2209,0.17245,-0.05967,0.00137,0.98321
1791098093.213,29.1321,0.7178,2.2192,0.16862,-0.05968,-0.00257,0.98387
1791098093.273,29.0723,0.7362,2.2181,0.16232,-0.05969,-0.00664,0.98491
1791098093.334,29.0122,0.7537,2.2173,0.15289,-0.05964,-0.00952,0.98640
1791098093.394,28.9516,0.7701,2.2167,0.14067,-0.05955,-0.01092,0.98820
1791098093.454,28.8908,0.7853,2.2160,0.12652,-0.05950,-0.01115,0.99011
1791098093.514,28.8296,0.7993,2.2152,0.11157,-0.05947,-0.01052,0.99192
1791098093.575,28.7682,0.8122,2.2143,0.09690,-0.05946,-0.00937,0.99347
1791098093.634,28.7065,0.8240,2.2132,0.08345,-0.05944,-0.00797,0.99471
1791098093.694,28.6446,0.8348,2.2122,0.07188,-0.05937,-0.00646,0.99562
1791098093.754,28.5824,0.8448,2.2113,0.06260,-0.05926,-0.00500,0.99627
1791098093.814,28.5201,0.8541,2.2104,0.05572,-0.05912,-0.00367,0.99669
1791098093.874,28.4577,0.8628,2.2097,0.05116,-0.05896,-0.00251,0.99695
1791098093.934,28.3951,0.8710,2.2090,0.04868,-0.05880,-0.00157,0.99708
1791098093.993,28.3408,0.8778,2.2085,0.04792,-0.05865,-0.00098,0.99713
1791098094.053,28.2780,0.8852,2.2085,0.04990,-0.05337,0.00161,0.99733
1791098094.113,28.2149,0.8926,2.2153,0.06449,-0.03350,0.00650,0.99734
1791098094.174,28.1526,0.9003,2.2363,0.09758,-0.01017,0.01033,0.99512
1791098094.233,28.0933,0.9085,2.2651,0.14574,0.01176,0.01360,0.98916
1791098094.293,28.0386,0.9170,2.2944,0.20575,0.02956,0.01634,0.97802
1791098094.353,27.9894,0.9257,2.3210,0.27593,0.04212,0.01839,0.96008
1791098094.413,27.9462,0.9342,2.3440,0.35444,0.04924,0.01971,0.93357
1791098094.473,27.9088,0.9423,2.3609,0.43731,0.05079,0.02020,0.89765
1791098094.532,27.8807,0.9487,2.3687,0.50851,0.04893,0.02042,0.85942
1791098094.592,27.8527,0.9553,2.3699,0.58506,0.04531,0.02086,0.80946
1791098094.652,27.8294,0.9609,2.3664,0.65134,0.04132,0.02132,0.75736
1791098094.712,27.8106,0.9655,2.3632,0.70472,0.03729,0.02142,0.70818
1791098094.772,27.7962,0.9689,2.3641,0.74467,0.03329,0.02093,0.66628
1791098094.832,27.7858,0.9712,2.3707,0.77208,0.02942,0.01978,0.63454
1791098094.892,27.7787,0.9726,2.3830,0.78830,0.02521,0.01822,0.61450
1791098094.952,27.7743,0.9732,2.3984,0.79513,0.02136,0.01639,0.60585
1791098095.011,27.7721,0.9732,2.4142,0.79364,0.01815,0.01420,0.60796
1791098095.072,27.7715,0.9729,2.4290,0.78413,0.01555,0.01169,0.62029
1791098095.132,27.7723,0.9723,2.4424,0.76639,0.01347,0.00898,0.64217
1791098095.191,27.7740,0.9713,2.4541,0.73978,0.01180,0.00625,0.67271
1791098095.252,27.7765,0.9702,2.4643,0.70339,0.01040,0.00366,0.71072
1791098095.312,27.7795,0.9688,2.4728,0.65606,0.00920,0.00136,0.75465
1791098095.372,27.7828,0.9671,2.4799,0.59670,0.00814,-0.00052,0.80242
1791098095.431,27.7863,0.9653,2.4839,0.52570,0.00715,-0.00171,0.85064
1791098095.492,27.7899,0.9632,2.4818,0.44504,0.00614,-0.00215,0.89549
1791098095.552,27.7936,0.9610,2.4721,0.35842,0.00520,-0.00213,0.93354
1791098095.611,27.7972,0.9588,2.4560,0.27085,0.00442,-0.00195,0.96261
1791098095.672,27.8008,0.9565,2.4370,0.18773,0.00380,-0.00172,0.98221
1791098095.731,27.8044,0.9542,2.4191,0.11376,0.00178,-0.00064,0.99351
1791098095.791,27.8078,0.9520,2.4065,0.05215,-0.01675,0.00192,0.99850
1791098095.852,27.8097,0.9501,2.3994,0.00404,-0.04516,0.00155,0.99897
1791098095.912,27.8081,0.9484,2.3960,-0.03080,-0.07062,0.00045,0.99703
1791098095.972,27.8016,0.9468,2.3939,-0.05352,-0.08849,0.00010,0.99464
1791098096.032,27.7897,0.9450,2.3906,-0.06572,-0.09863,0.00096,0.99295
1791098096.092,27.7723,0.9429,2.3845,-0.06896,-0.10286,0.00355,0.99230
1791098096.152,27.7495,0.9407,2.3757,-0.06338,-0.10289,0.00953,0.99263
1791098096.209,27.7254,0.9391,2.3666,-0.05162,-0.10049,0.01470,0.99349
1791098096.270,27.6932,0.9380,2.3547,-0.03120,-0.09614,0.01885,0.99470
1791098096.329,27.6567,0.9379,2.3411,-0.00535,-0.09119,0.02072,0.99560
1791098096.389,27.6167,0.9391,2.3257,0.02353,-0.08636,0.02068,0.99577
1791098096.450,27.5737,0.9417,2.3087,0.05303,-0.07784,0.01904,0.99537
1791098096.509,27.5284,0.9456,2.2912,0.08056,-0.05428,0.01331,0.99518
1791098096.570,27.4824,0.9505,2.2745,0.10367,-0.02830,0.00789,0.99418
1791098096.630,27.4373,0.9558,2.2598,0.12045,-0.00587,0.00385,0.99269
1791098096.690,27.3946,0.9611,2.2473,0.12995,0.01153,0.00135,0.99145
1791098096.750,27.3555,0.9661,2.2369,0.13191,0.02416,-0.00000,0.99097
1791098096.809,27.3204,0.9705,2.2280,0.12661,0.03271,-0.00071,0.99141
1791098096.870,27.2898,0.9744,2.2199,0.11481,0.03800,-0.00117,0.99266
1791098096.929,27.2637,0.9776,2.2121,0.09750,0.04083,-0.00159,0.99440
1791098096.989,27.2419,0.9803,2.2040,0.07582,0.04178,-0.00211,0.99624
1791098097.050,27.2243,0.9824,2.1960,0.05114,0.03556,-0.00315,0.99805
1791098097.109,27.2101,0.9840,2.1889,0.02610,0.00823,-0.00518,0.99961
1791098097.170,27.1974,0.9852,2.1829,0.00359,-0.02190,-0.00541,0.99974
1791098097.230,27.1840,0.9859,2.1778,-0.01437,-0.04683,-0.00445,0.99879
1791098097.289,27.1682,0.9862,2.1735,-0.02696,-0.06470,-0.00275,0.99754
1791098097.349,27.1490,0.9862,2.1695,-0.03422,-0.07626,-0.00092,0.99650
1791098097.409,27.1259,0.9860,2.1653,-0.03673,-0.08285,0.00065,0.99589
1791098097.475,27.0986,0.9856,2.1607,-0.03540,-0.08580,0.00178,0.99568
1791098097.535,27.0672,0.9851,2.1556,-0.03129,-0.08624,0.00246,0.99578
1791098097.595,27.0320,0.9847,2.1499,-0.02544,-0.08502,0.00272,0.99605
1791098097.655,26.9932,0.9843,2.1439,-0.01880,-0.08279,0.00268,0.99639
1791098097.715,26.9512,0.9840,2.1378,-0.01215,-0.07987,0.00247,0.99673
1791098097.776,26.9065,0.9839,2.1319,-0.00481,-0.06584,0.00378,0.99781
1791098097.836,26.8599,0.9840,2.1275,0.00701,-0.04072,0.00627,0.99913
1791098097.895,26.8133,0.9846,2.1258,0.02595,-0.01636,0.00789,0.99950
1791098097.955,26.7683,0.9857,2.1260,0.05204,0.00334,0.00877,0.99860
1791098098.015,26.7265,0.9874,2.1269,0.08359,0.01773,0.00911,0.99630
1791098098.075,26.6885,0.9894,2.1271,0.11808,0.02744,0.00928,0.99258
1791098098.136,26.6547,0.9918,2.1262,0.15285,0.03348,0.00943,0.98764
1791098098.195,26.6254,0.9943,2.1249,0.18496,0.02963,0.00748,0.98227
1791098098.255,26.6002,0.9967,2.1268,0.20784,0.01356,0.00530,0.97806
1791098098.315,26.5777,0.9992,2.1367,0.21540,0.00660,0.00521,0.97649
1791098098.375,26.5574,1.0019,2.1558,0.20658,0.00430,0.00497,0.97841
1791098098.436,26.5387,1.0047,2.1798,0.18350,0.00380,0.00394,0.98300
1791098098.495,26.5215,1.0076,2.2023,0.14948,0.00436,0.00228,0.98875
1791098098.556,26.5056,1.0103,2.2187,0.10804,0.00512,0.00040,0.99413
1791098098.615,26.4910,1.0129,2.2272,0.06267,0.00537,-0.00127,0.99802
1791098098.675,26.4776,1.0153,2.2290,0.01678,-0.00662,-0.00497,0.99982
1791098098.735,26.4646,1.0171,2.2268,-0.02655,-0.02953,-0.01011,0.99916
1791098098.795,26.4505,1.0182,2.2224,-0.06484,-0.05087,-0.01306,0.99651
1791098098.855,26.4340,1.0181,2.2175,-0.09651,-0.06702,-0.01380,0.99298
1791098098.915,26.4141,1.0167,2.2125,-0.12088,-0.07763,-0.01298,0.98954
1791098098.975,26.3903,1.0138,2.2075,-0.13803,-0.08359,-0.01135,0.98683
1791098099.035,26.3624,1.0095,2.2025,-0.14853,-0.08599,-0.00954,0.98512
1791098099.095,26.3306,1.0040,2.1972,-0.15332,-0.08591,-0.00792,0.98440
1791098099.155,26.2952,0.9974,2.1913,-0.15351,-0.08424,-0.00670,0.98453
1791098099.215,26.2565,0.9899,2.1849,-0.15032,-0.08165,-0.00593,0.98524
1791098099.276,26.2148,0.9817,2.1779,-0.14490,-0.07859,-0.00557,0.98630
1791098099.335,26.1706,0.9728,2.1707,-0.13832,-0.07536,-0.00550,0.98750
1791098099.395,26.1241,0.9634,2.1635,-0.13147,-0.07217,-0.00559,0.98867
1791098099.455,26.0757,0.9536,2.1565,-0.12504,-0.06912,-0.00576,0.98972
1791098099.515,26.0257,0.9434,2.1498,-0.11952,-0.06632,-0.00602,0.99060
1791098099.575,25.9743,0.9329,2.1439,-0.11578,-0.06358,-0.00853,0.99120
1791098099.635,25.9218,0.9219,2.1391,-0.11556,-0.06033,-0.01304,0.99138
1791098099.695,25.8684,0.9102,2.1357,-0.11982,-0.05743,-0.01688,0.99099
1791098099.755,25.8145,0.8975,2.1332,-0.12844,-0.05509,-0.01941,0.99000
1791098099.815,25.7604,0.8839,2.1312,-0.14052,-0.05340,-0.02061,0.98842
1791098099.875,25.7063,0.8692,2.1294,-0.15477,-0.05236,-0.02080,0.98634
1791098099.933,25.6594,0.8556,2.1278,-0.16783,-0.05185,-0.02042,0.98424
1791098099.993,25.6055,0.8390,2.1259,-0.18260,-0.05163,-0.01952,0.98164
1791098100.053,25.5518,0.8214,2.1241,-0.19636,-0.05120,-0.01960,0.97900
1791098100.112,25.4982,0.8030,2.1225,-0.21023,-0.04937,-0.02355,0.97612
1791098100.173,25.4450,0.7834,2.1214,-0.22573,-0.04749,-0.02785,0.97263
1791098100.233,25.3924,0.7624,2.1207,-0.24342,-0.04613,-0.03102,0.96833
1791098100.293,25.3405,0.7398,2.1201,-0.26290,-0.04529,-0.03303,0.96319
1791098100.353,25.2895,0.7157,2.1197,-0.28338,-0.04489,-0.03410,0.95735
1791098100.413,25.2394,0.6900,2.1193,-0.30401,-0.04492,-0.03417,0.95100
1791098100.473,25.1902,0.6627,2.1191,-0.32387,-0.04528,-0.03350,0.94442
1791098100.533,25.1419,0.6339,2.1190,-0.34223,-0.04442,-0.03194,0.93802
1791098100.593,25.0946,0.6039,2.1195,-0.35952,-0.02931,-0.02425,0.93236
1791098100.653,25.0490,0.5734,2.1203,-0.37621,-0.00901,-0.01404,0.92638
1791098100.712,25.0060,0.5437,2.1213,-0.39253,0.00900,-0.00496,0.91968
1791098100.773,24.9664,0.5158,2.1224,-0.40834,0.02265,0.00192,0.91255
1791098100.833,24.9306,0.4905,2.1236,-0.42324,0.03210,0.00658,0.90542
1791098100.893,24.8990,0.4680,2.1248,-0.43677,0.03805,0.00943,0.89872
1791098100.952,24.8713,0.4487,2.1261,-0.44851,0.04126,0.01098,0.89276
1791098101.013,24.8476,0.4325,2.1273,-0.45819,0.04226,0.01159,0.88777
1791098101.073,24.8277,0.4194,2.1295,-0.46527,0.02860,0.00945,0.88466
1791098101.133,24.8105,0.4087,2.1345,-0.46670,0.00021,0.00355,0.88441
1791098101.193,24.7943,0.3989,2.1425,-0.46022,-0.02764,-0.00180,0.88737
1791098101.253,24.7774,0.3888,2.1523,-0.44602,-0.04964,-0.00600,0.89363
1791098101.312,24.7587,0.3773,2.1620,-0.42563,-0.06517,-0.00913,0.90250
1791098101.373,24.7376,0.3642,2.1699,-0.40114,-0.07510,-0.01162,0.91286
1791098101.433,24.7136,0.3493,2.1754,-0.37476,-0.08082,-0.01376,0.92349
1791098101.493,24.6866,0.3326,2.1785,-0.34856,-0.08346,-0.01565,0.93343
1791098101.553,24.6564,0.3139,2.1800,-0.32432,-0.08388,-0.01723,0.94206
1791098101.613,24.6232,0.2935,2.1806,-0.30335,-0.08278,-0.01845,0.94910
1791098101.673,24.5872,0.2715,2.1806,-0.28647,-0.08066,-0.01923,0.95449
1791098101.733,24.5484,0.2480,2.1805,-0.27398,-0.07794,-0.01959,0.95837
1791098101.793,24.5073,0.2232,2.1802,-0.26577,-0.07498,-0.01957,0.96092
1791098101.853,24.4642,0.1973,2.1798,-0.26141,-0.07201,-0.01928,0.96234
1791098101.913,24.4193,0.1705,2.1793,-0.26027,-0.06921,-0.01877,0.96287
1791098101.973,24.3731,0.1428,2.1787,-0.26160,-0.06667,-0.01816,0.96270
1791098102.033,24.3256,0.1145,2.1778,-0.26463,-0.06442,-0.01753,0.96204
1791098102.092,24.2773,0.0857,2.1767,-0.26867,-0.06248,-0.01689,0.96106
1791098102.153,24.2281,0.0564,2.1755,-0.27309,-0.06084,-0.01637,0.95992
1791098102.213,24.1784,0.0267,2.1743,-0.27741,-0.05949,-0.01586,0.95878
1791098102.273,24.1281,-0.0033,2.1734,-0.28066,-0.05908,-0.01322,0.95790
1791098102.333,24.0773,-0.0334,2.1731,-0.28117,-0.05900,-0.00891,0.95780
1791098102.391,24.0328,-0.0594,2.1735,-0.27861,-0.05891,-0.00574,0.95858
1791098102.451,23.9808,-0.0891,2.1743,-0.27217,-0.05869,-0.00326,0.96045
1791098102.511,23.9283,-0.1183,2.1754,-0.26260,-0.05843,-0.00203,0.96313
1791098102.571,23.8753,-0.1468,2.1764,-0.25091,-0.05815,-0.00192,0.96626
1791098102.631,23.8217,-0.1747,2.1773,-0.23825,-0.05788,-0.00256,0.96947
1791098102.691,23.7678,-0.2019,2.1779,-0.22569,-0.05762,-0.00366,0.97249
1791098102.751,23.7134,-0.2285,2.1784,-0.21411,-0.05741,-0.00496,0.97511
1791098102.811,23.6587,-0.2546,2.1789,-0.20414,-0.05718,-0.00630,0.97725
1791098102.871,23.6037,-0.2804,2.1794,-0.19578,-0.05717,-0.00601,0.97896
1791098102.931,23.5483,-0.3056,2.1800,-0.18793,-0.05737,-0.00384,0.98050
1791098102.992,23.4926,-0.3303,2.1807,-0.17963,-0.05760,-0.00193,0.98204
1791098103.051,23.4366,-0.3543,2.1813,-0.17058,-0.05779,-0.00082,0.98365
1791098103.111,23.3801,-0.3775,2.1818,-0.16095,-0.05790,-0.00057,0.98526
1791098103.171,23.3233,-0.3999,2.1824,-0.15119,-0.05793,-0.00096,0.98681
1791098103.235,23.2623,-0.4230,2.1830,-0.14119,-0.05787,-0.00183,0.98829
1791098103.295,23.2048,-0.4440,2.1838,-0.13272,-0.05776,-0.00289,0.98947
1791098103.355,23.1470,-0.4643,2.1846,-0.12546,-0.05761,-0.00403,0.99042
1791098103.415,23.0889,-0.4842,2.1855,-0.11963,-0.05743,-0.00519,0.99114
1791098103.475,23.0306,-0.5036,2.1866,-0.11523,-0.05731,-0.00591,0.99167
1791098103.535,22.9720,-0.5227,2.1880,-0.11119,-0.05527,-0.00376,0.99225
1791098103.595,22.9134,-0.5412,2.1898,-0.10621,-0.03755,-0.00151,0.99363
1791098103.655,22.8560,-0.5590,2.1920,-0.09978,-0.01479,0.00019,0.99490
1791098103.715,22.8011,-0.5757,2.1944,-0.09257,0.00513,0.00121,0.99569
1791098103.775,22.7500,-0.5913,2.1970,-0.08581,0.02027,0.00183,0.99610
1791098103.835,22.7034,-0.6057,2.1998,-0.08079,0.03085,0.00222,0.99625
1791098103.895,22.6619,-0.6188,2.2026,-0.07639,0.03760,0.00286,0.99636
1791098103.955,22.6257,-0.6307,2.2061,-0.06901,0.04140,0.00359,0.99675
1791098104.015,22.5946,-0.6414,2.2104,-0.05654,0.04291,0.00432,0.99747
1791098104.075,22.5684,-0.6509,2.2149,-0.03888,0.04272,0.00504,0.99832
1791098104.135,22.5468,-0.6594,2.2194,-0.01722,0.03861,0.00599,0.99909
1791098104.195,22.5292,-0.6668,2.2245,0.00655,0.01329,0.00886,0.99985
1791098104.255,22.5136,-0.6732,2.2298,0.03071,-0.01777,0.01035,0.99932
1791098104.315,22.4978,-0.6785,2.2348,0.05357,-0.04450,0.01019,0.99752
1791098104.375,22.4800,-0.6825,2.2395,0.07381,-0.06423,0.00874,0.99516
1791098104.435,22.4591,-0.6854,2.2435,0.09059,-0.07737,0.00663,0.99286
1791098104.495,22.4343,-0.6872,2.2469,0.10353,-0.08520,0.00436,0.99096
1791098104.555,22.4053,-0.6879,2.2495,0.11264,-0.08903,0.00232,0.98964
1791098104.615,22.3722,-0.6878,2.2513,0.11820,-0.09004,0.00067,0.98890
1791098104.675,22.3350,-0.6869,2.2525,0.12071,-0.08913,-0.00058,0.98868
1791098104.735,22.2942,-0.6854,2.2530,0.12079,-0.08698,-0.00142,0.98886
1791098104.795,22.2501,-0.6833,2.2530,0.11911,-0.08412,-0.00190,0.98931
1791098104.855,22.2030,-0.6808,2.2526,0.11631,-0.08088,-0.00207,0.98991
1791098104.915,22.1534,-0.6780,2.2518,0.11297,-0.07754,-0.00202,0.99057
1791098104.975,22.1015,-0.6749,2.2509,0.10956,-0.07430,-0.00186,0.99120
1791098105.035,22.0479,-0.6715,2.2499,0.10649,-0.07125,-0.00133,0.99176
1791098105.095,21.9927,-0.6679,2.2492,0.10492,-0.06803,0.00189,0.99215
1791098105.155,21.9363,-0.6639,2.2490,0.10630,-0.06476,0.00584,0.99221
1791098105.215,21.8790,-0.6592,2.2495,0.11124,-0.06192,0.00891,0.99182
1791098105.275,21.8210,-0.6538,2.2501,0.11948,-0.05958,0.01075,0.99099
1791098105.335,21.7628,-0.6475,2.2508,0.13022,-0.05777,0.01156,0.98973
1791098105.395,21.7043,-0.6403,2.2513,0.14237,-0.05646,0.01154,0.98813
1791098105.455,21.6459,-0.6322,2.2515,0.15487,-0.05552,0.01105,0.98631
1791098105.515,21.5875,-0.6233,2.2515,0.16678,-0.05487,0.01022,0.98441
1791098105.575,21.5292,-0.6136,2.2514,0.17739,-0.05442,0.00942,0.98259
1791098105.635,21.4710,-0.6032,2.2511,0.18630,-0.05406,0.00891,0.98096
1791098105.695,21.4130,-0.5922,2.2509,0.19453,-0.05274,0.01205,0.97940
1791098105.755,21.3552,-0.5803,2.2509,0.20401,-0.05106,0.01633,0.97750
1791098105.815,21.2978,-0.5674,2.2511,0.21574,-0.04987,0.01960,0.97498
1791098105.875,21.2409,-0.5532,2.2512,0.22968,-0.04923,0.02143,0.97178
1791098105.935,21.1847,-0.5378,2.2511,0.24509,-0.04915,0.02205,0.96800
1791098105.995,21.1292,-0.5210,2.2509,0.26097,-0.04953,0.02164,0.96383
1791098106.055,21.0743,-0.5030,2.2505,0.27649,-0.04965,0.02159,0.95949
1791098106.115,21.0200,-0.4837,2.2499,0.29205,-0.04878,0.02362,0.95487
1791098106.175,20.9664,-0.4631,2.2493,0.30819,-0.04803,0.02547,0.94977
1791098106.235,20.9136,-0.4412,2.2484,0.32487,-0.04773,0.02646,0.94418
1791098106.295,20.8616,-0.4179,2.2474,0.34153,-0.04789,0.02642,0.93828
1791098106.355,20.8104,-0.3932,2.2464,0.35745,-0.04835,0.02568,0.93233
1791098106.415,20.7600,-0.3672,2.2454,0.37192,-0.04897,0.02440,0.92665
1791098106.475,20.7102,-0.3401,2.2445,0.38440,-0.04967,0.02289,0.92154
1791098106.535,20.6611,-0.3119,2.2435,0.39457,-0.05036,0.02129,0.91724
1791098106.595,20.6124,-0.2828,2.2426,0.40231,-0.05104,0.01967,0.91387
1791098106.655,20.5642,-0.2528,2.2417,0.40772,-0.05158,0.01833,0.91146
1791098106.715,20.5163,-0.2222,2.2407,0.41168,-0.05074,0.01975,0.90970
1791098106.775,20.4687,-0.1908,2.2401,0.41633,-0.04847,0.02324,0.90762
1791098106.835,20.4218,-0.1585,2.2396,0.42322,-0.04647,0.02633,0.90445
1791098106.895,20.3758,-0.1253,2.2392,0.43275,-0.04517,0.02817,0.89994
1791098106.955,20.3306,-0.0910,2.2387,0.44451,-0.04464,0.02894,0.89419
1791098107.015,20.2865,-0.0559,2.2380,0.45760,-0.04472,0.02879,0.88756
1791098107.075,20.2433,-0.0197,2.2371,0.47104,-0.04523,0.02806,0.88051
1791098107.135,20.2010,0.0172,2.2360,0.48387,-0.04594,0.02697,0.87351
1791098107.195,20.1596,0.0550,2.2349,0.49538,-0.04676,0.02566,0.86704
1791098107.255,20.1188,0.0936,2.2338,0.50508,-0.04755,0.02438,0.86142
1791098107.315,20.0786,0.1328,2.2328,0.51272,-0.04828,0.02314,0.85688
1791098107.375,20.0390,0.1726,2.2319,0.51827,-0.04897,0.02202,0.85353
1791098107.435,19.9997,0.2130,2.2311,0.52187,-0.04956,0.02108,0.85132
1791098107.495,19.9607,0.2538,2.2304,0.52376,-0.05007,0.02030,0.85015
1791098107.555,19.9221,0.2950,2.2297,0.52426,-0.05051,0.01970,0.84983
1791098107.615,19.8836,0.3366,2.2292,0.52373,-0.05088,0.01925,0.85015
1791098107.675,19.8452,0.3786,2.2287,0.52250,-0.05112,0.01905,0.85089
1791098107.735,19.8070,0.4209,2.2282,0.52089,-0.05132,0.01894,0.85187
1791098107.795,19.7688,0.4635,2.2278,0.51914,-0.05153,0.01882,0.85293
1791098107.855,19.7307,0.5063,2.2275,0.51746,-0.05167,0.01877,0.85394
1791098107.915,19.6926,0.5494,2.2273,0.51601,-0.05181,0.01876,0.85481
1791098107.975,19.6545,0.5927,2.2273,0.51486,-0.05191,0.01879,0.85549
1791098108.035,19.6164,0.6363,2.2273,0.51406,-0.05199,0.01889,0.85597
1791098108.857,19.5910,0.6654,2.2275,0.51371,-0.05203,0.01894,0.85617
1791098108.922,19.5529,0.7094,2.2278,0.51346,-0.05203,0.01909,0.85632
1791098108.982,19.5148,0.7535,2.2286,0.51364,-0.04425,0.01453,0.85674
1791098109.042,19.4770,0.7973,2.2300,0.51412,-0.02505,0.00310,0.85735
1791098109.106,19.4378,0.8421,2.2319,0.51458,-0.00447,-0.00898,0.85739
1791098109.166,19.4028,0.8810,2.2338,0.51485,0.01082,-0.01779,0.85703
1791098109.226,19.3700,0.9161,2.2358,0.51459,0.02063,-0.02344,0.85687
1791098109.286,19.3396,0.9469,2.2383,0.51406,0.01070,-0.01793,0.85750
1791098109.346,19.3112,0.9743,2.2411,0.51317,-0.00593,-0.00819,0.85823
1791098109.406,19.2839,0.9997,2.2436,0.51178,-0.00836,-0.00690,0.85905
1791098109.466,19.2576,1.0233,2.2454,0.50973,-0.00446,-0.00928,0.86028
1791098109.526,19.2324,1.0451,2.2468,0.50649,0.00046,-0.01197,0.86216
1791098109.586,19.2084,1.0648,2.2479,0.50160,0.00460,-0.01390,0.86498
1791098109.646,19.1857,1.0822,2.2490,0.49464,0.00756,-0.01493,0.86893
1791098109.706,19.1644,1.0974,2.2500,0.48535,0.00942,-0.01522,0.87414
1791098109.766,19.1445,1.1105,2.2517,0.47424,0.00137,-0.01051,0.88033
1791098109.826,19.1255,1.1220,2.2548,0.46359,-0.01916,0.00162,0.88584
1791098109.886,19.1065,1.1336,2.2589,0.45569,-0.03908,0.01445,0.88916
1791098109.946,19.0868,1.1465,2.2636,0.45191,-0.05430,0.02502,0.89006
1791098110.006,19.0658,1.1618,2.2681,0.45252,-0.06452,0.03267,0.88882
1791098110.066,19.0432,1.1802,2.2720,0.45696,-0.07066,0.03738,0.88589
1791098110.126,19.0190,1.2018,2.2750,0.46424,-0.07380,0.03982,0.88173
1791098110.186,18.9931,1.2267,2.2768,0.47324,-0.07485,0.04053,0.87681
1791098110.246,18.9658,1.2549,2.2775,0.48287,-0.07447,0.04007,0.87160
1791098110.306,18.9370,1.2861,2.2775,0.49225,-0.07316,0.03883,0.86651
1791098110.366,18.9071,1.3200,2.2768,0.50068,-0.07126,0.03718,0.86189
1791098110.426,18.8761,1.3565,2.2758,0.50779,-0.06811,0.03492,0.85807
1791098110.486,18.8443,1.3950,2.2747,0.51382,-0.05195,0.02519,0.85595
1791098110.546,18.8123,1.4345,2.2738,0.51834,-0.03006,0.01200,0.85456
1791098110.606,18.7810,1.4732,2.2729,0.52143,-0.01005,0.00036,0.85323
1791098110.666,18.7511,1.5099,2.2721,0.52364,0.00573,-0.00857,0.85188
1791098110.726,18.7231,1.5436,2.2714,0.52539,0.01731,-0.01488,0.85056
1791098110.786,18.6973,1.5738,2.2707,0.52706,0.02536,-0.01898,0.84924
1791098110.846,18.6739,1.6000,2.2700,0.52907,0.03060,-0.02136,0.84776
1791098110.907,18.6530,1.6222,2.2692,0.53173,0.03367,-0.02246,0.84595
1791098110.966,18.6346,1.6405,2.2685,0.53523,0.03509,-0.02258,0.84368
1791098111.026,18.6185,1.6550,2.2679,0.53983,0.03531,-0.02201,0.84075
1791098111.086,18.6046,1.6661,2.2673,0.54564,0.03464,-0.02090,0.83704
1791098111.146,18.5929,1.6739,2.2669,0.55299,0.03330,-0.01944,0.83229
1791098111.206,18.5830,1.6789,2.2668,0.56232,0.03154,-0.01766,0.82613
1791098111.266,18.5749,1.6813,2.2669,0.57344,0.02953,-0.01567,0.81856
1791098111.326,18.5683,1.6815,2.2670,0.58570,0.02735,-0.01361,0.80995
1791098111.387,18.5631,1.6799,2.2671,0.59825,0.02509,-0.01155,0.80084
1791098111.446,18.5592,1.6766,2.2672,0.61024,0.02284,-0.00960,0.79183
1791098111.506,18.5563,1.6722,2.2673,0.62103,0.02065,-0.00784,0.78347
1791098111.566,18.5544,1.6667,2.2675,0.63017,0.01855,-0.00625,0.77621
1791098111.626,18.5535,1.6612,2.2676,0.63658,0.01684,-0.00506,0.77101
1791098111.686,18.5530,1.6544,2.2678,0.64217,0.01497,-0.00382,0.76640
1791098111.746,18.5533,1.6472,2.2680,0.64595,0.01323,-0.00273,0.76326
1791098111.806,18.5540,1.6397,2.2683,0.64825,0.01165,-0.00179,0.76134
1791098111.866,18.5553,1.6320,2.2686,0.64958,0.01022,-0.00097,0.76022
1791098111.926,18.5570,1.6243,2.2689,0.65057,0.00895,-0.00024,0.75939
1791098111.986,18.5587,1.6177,2.2691,0.65151,0.00798,0.00031,0.75860
1791098112.046,18.5610,1.6102,2.2693,0.65291,0.00701,0.00088,0.75741
1791098112.106,18.5635,1.6029,2.2695,0.65489,0.00616,0.00136,0.75570
1791098112.166,18.5663,1.5959,2.2697,0.65766,0.00544,0.00174,0.75329
1791098112.226,18.5692,1.5892,2.2699,0.66117,0.00486,0.00204,0.75022
1791098112.285,18.5723,1.5827,2.2702,0.66520,0.00440,0.00225,0.74665
1791098112.346,18.5755,1.5766,2.2705,0.66953,0.00405,0.00239,0.74277
1791098112.405,18.5789,1.5708,2.2708,0.67405,0.00381,0.00250,0.73867
1791098112.463,18.5821,1.5657,2.2711,0.67841,0.00366,0.00255,0.73467
1791098112.522,18.5856,1.5605,2.2715,0.68310,0.00357,0.00261,0.73031
1791098112.582,18.5892,1.5556,2.2719,0.68764,0.00355,0.00266,0.72603
1791098112.647,18.5929,1.5510,2.2724,0.69188,0.00357,0.00272,0.72200
1791098112.708,18.5966,1.5466,2.2729,0.69581,0.00364,0.00279,0.71821
1791098112.767,18.6005,1.5425,2.2734,0.69954,0.00372,0.00288,0.71458
1791098112.828,18.6044,1.5386,2.2740,0.70308,0.00378,0.00298,0.71110
1791098112.887,18.6084,1.5349,2.2746,0.70637,0.00384,0.00309,0.70783
1791098112.946,18.6119,1.5318,2.2752,0.70895,0.00389,0.00315,0.70524
1791098113.006,18.6160,1.5285,2.2760,0.71155,0.00391,0.00319,0.70262
1791098113.059,18.6197,1.5257,2.2767,0.71344,0.00392,0.00318,0.70070
1791098113.118,18.6240,1.5227,2.2775,0.71523,0.00389,0.00310,0.69887
1791098113.174,18.6281,1.5200,2.2790,0.71822,0.00384,0.00300,0.69580
1791098113.230,18.6323,1.5174,2.2846,0.72705,0.00375,0.00287,0.68657
1791098113.291,18.6368,1.5147,2.2984,0.74578,0.00355,0.00276,0.66617
1791098113.350,18.6415,1.5122,2.3187,0.77304,0.00327,0.00264,0.63434
1791098113.410,18.6462,1.5097,2.3402,0.80551,0.00295,0.00253,0.59257
1791098113.471,18.6508,1.5074,2.3578,0.83942,0.00266,0.00248,0.54348
1791098113.529,18.6547,1.5054,2.3677,0.86745,0.00248,0.00247,0.49751
1791098113.588,18.6592,1.5032,2.3734,0.89614,0.00232,0.00250,0.44376
1791098113.649,18.6635,1.5011,2.3754,0.91942,0.00220,0.00254,0.39326
1791098113.708,18.6679,1.4990,2.3814,0.93496,0.00211,0.00259,0.35475
1791098113.768,18.6723,1.4970,2.3985,0.94290,0.00202,0.00259,0.33306
1791098113.825,18.6763,1.4951,2.4198,0.94531,0.00202,0.00253,0.32616
1791098113.885,18.6806,1.4932,2.4437,0.94347,0.00204,0.00242,0.33146
1791098113.944,18.6849,1.4913,2.4665,0.93715,0.00210,0.00229,0.34892
1791098114.005,18.6890,1.4894,2.4871,0.92586,0.00219,0.00213,0.37786
1791098114.064,18.6931,1.4876,2.5054,0.90873,0.00233,0.00194,0.41738
1791098114.124,18.6972,1.4858,2.5191,0.88563,0.00251,0.00174,0.46438
1791098114.185,18.7011,1.4840,2.5245,0.85744,0.00267,0.00155,0.51458
1791098114.245,18.7049,1.4823,2.5211,0.82570,0.00283,0.00135,0.56410
1791098114.304,18.7086,1.4806,2.5109,0.79258,0.00302,0.00115,0.60975
1791098114.364,18.7123,1.4789,2.4973,0.76052,0.00318,0.00095,0.64930
1791098114.424,18.7159,1.4772,2.4829,0.73138,0.00276,0.00118,0.68197
1791098114.484,18.7190,1.4758,2.4711,0.70888,-0.00746,0.00705,0.70525
1791098114.543,18.7222,1.4749,2.4586,0.68596,-0.02806,0.01776,0.72688
1791098114.603,18.7248,1.4764,2.4468,0.66645,-0.04700,0.02801,0.74354
1791098114.663,18.7261,1.4812,2.4352,0.65065,-0.06066,0.03599,0.75609
1791098114.723,18.7258,1.4902,2.4237,0.63863,-0.06900,0.04146,0.76529
1791098114.783,18.7237,1.5038,2.4122,0.63017,-0.07307,0.04471,0.77172
1791098114.843,18.7198,1.5220,2.4006,0.62485,-0.07409,0.04615,0.77585
1791098114.903,18.7143,1.5446,2.3890,0.62211,-0.07306,0.04622,0.77814
1791098114.963,18.7072,1.5713,2.3775,0.62161,-0.06515,0.04068,0.77955
1791098115.023,18.6988,1.6012,2.3662,0.62239,-0.04609,0.02600,0.78092
1791098115.083,18.6896,1.6326,2.3555,0.62270,-0.02611,0.01107,0.78195
1791098115.143,18.6800,1.6637,2.3456,0.62151,-0.00925,-0.00109,0.78335
1791098115.203,18.6705,1.6933,2.3366,0.61824,0.00367,-0.01017,0.78592
1791098115.263,18.6613,1.7203,2.3286,0.61250,0.01299,-0.01652,0.79019
1791098115.323,18.6527,1.7441,2.3214,0.60407,0.01932,-0.02076,0.79643
1791098115.383,18.6449,1.7645,2.3149,0.59311,0.02328,-0.02341,0.80444
1791098115.443,18.6379,1.7814,2.3091,0.58009,0.02142,-0.02314,0.81394
1791098115.503,18.6315,1.7951,2.3047,0.56582,0.00150,-0.01369,0.82442
1791098115.563,18.6251,1.8071,2.3012,0.55066,-0.02144,-0.00129,0.83445
1791098115.623,18.6178,1.8191,2.2982,0.53567,-0.04028,0.01006,0.84341
1791098115.684,18.6091,1.8323,2.2955,0.52194,-0.05367,0.01913,0.85108
1791098115.743,18.5984,1.8477,2.2927,0.51022,-0.06215,0.02575,0.85741
1791098115.803,18.5857,1.8658,2.2899,0.50093,-0.06686,0.03026,0.86237
1791098115.863,18.5709,1.8869,2.2869,0.49415,-0.06885,0.03299,0.86602
1791098115.923,18.5540,1.9109,2.2838,0.48975,-0.06899,0.03431,0.86845
1791098115.984,18.5353,1.9378,2.2807,0.48742,-0.06793,0.03462,0.86983
1791098116.043,18.5148,1.9673,2.2775,0.48676,-0.06616,0.03417,0.87036
1791098116.103,18.4928,1.9992,2.2744,0.48733,-0.06402,0.03322,0.87023
1791098116.163,18.4694,2.0333,2.2715,0.48831,-0.06273,0.03036,0.86989
1791098116.224,18.4448,2.0692,2.2692,0.48763,-0.06246,0.02416,0.87048
1791098116.284,18.4186,2.1065,2.2678,0.48366,-0.06205,0.01824,0.87286
1791098116.339,18.3929,2.1420,2.2671,0.47655,-0.06127,0.01399,0.87690
1791098116.399,18.3638,2.1806,2.2666,0.46547,-0.06043,0.01001,0.88294
1791098116.459,18.3331,2.2194,2.2664,0.45045,-0.06010,0.00440,0.89076
1791098116.519,18.3008,2.2578,2.2666,0.43130,-0.05977,-0.00033,0.90023
1791098116.579,18.2668,2.2956,2.2668,0.40869,-0.05922,-0.00311,0.91074
1791098116.639,18.2312,2.3325,2.2668,0.38392,-0.05605,-0.00482,0.92165
1791098116.699,18.1942,2.3682,2.2666,0.35758,-0.03722,-0.00866,0.93310
1791098116.760,18.1570,2.4020,2.2663,0.32949,-0.02167,-0.01292,0.94382
1791098116.825,18.1203,2.4334,2.2660,0.30048,-0.02479,-0.01516,0.95335
1791098116.885,18.0841,2.4623,2.2655,0.27172,-0.03373,-0.01499,0.96167
1791098116.944,18.0476,2.4890,2.2650,0.24452,-0.04261,-0.01324,0.96862
1791098117.005,18.0103,2.5139,2.2646,0.22008,-0.04968,-0.01048,0.97416
1791098117.065,17.9719,2.5373,2.2645,0.19932,-0.05470,-0.00731,0.97838
1791098117.125,17.9321,2.5595,2.2645,0.18275,-0.05789,-0.00415,0.98145
1791098117.185,17.8908,2.5807,2.2648,0.17048,-0.05970,-0.00120,0.98355
1791098117.244,17.8481,2.6012,2.2651,0.16213,-0.06061,0.00057,0.98491
1791098117.304,17.8039,2.6211,2.2654,0.15603,-0.06093,-0.00090,0.98587
1791098117.364,17.7584,2.6403,2.2656,0.15029,-0.06095,-0.00292,0.98676
1791098117.425,17.7116,2.6588,2.2655,0.14379,-0.06069,-0.00438,0.98774
1791098117.486,17.6637,2.6764,2.2651,0.13620,-0.06024,-0.00514,0.98883
1791098117.545,17.6146,2.6931,2.2645,0.12774,-0.05966,-0.00511,0.99000
1791098117.605,17.5645,2.7089,2.2638,0.11883,-0.05901,-0.00443,0.99115
1791098117.665,17.5135,2.7240,2.2633,0.11001,-0.05835,-0.00341,0.99221
1791098117.725,17.4617,2.7382,2.2628,0.10173,-0.05768,-0.00244,0.99314
1791098117.785,17.4091,2.7518,2.2627,0.09319,-0.05700,-0.00551,0.99400
1791098117.845,17.3559,2.7646,2.2632,0.08232,-0.05601,-0.01056,0.99497
1791098117.904,17.3020,2.7761,2.2644,0.06803,-0.05517,-0.01456,0.99605
1791098117.965,17.2476,2.7861,2.2657,0.05048,-0.05455,-0.01681,0.99709
1791098118.023,17.2002,2.7935,2.2669,0.03341,-0.05425,-0.01743,0.99782
1791098118.083,17.1452,2.8006,2.2680,0.01280,-0.05414,-0.01695,0.99831
1791098118.143,17.0899,2.8061,2.2689,-0.00747,-0.05421,-0.01568,0.99838
1791098118.203,17.0345,2.8102,2.2696,-0.02616,-0.05434,-0.01387,0.99808
1791098118.262,16.9788,2.8129,2.2702,-0.04236,-0.05449,-0.01193,0.99754
1791098118.325,16.9229,2.8145,2.2708,-0.05556,-0.05455,-0.01013,0.99691
1791098118.382,16.8668,2.8151,2.2714,-0.06627,-0.05418,-0.01095,0.99627
1791098118.442,16.8106,2.8147,2.2720,-0.07601,-0.05362,-0.01317,0.99558
1791098118.503,16.7543,2.8131,2.2725,-0.08582,-0.05323,-0.01495,0.99478
1791098118.562,16.6980,2.8102,2.2726,-0.09606,-0.05305,-0.01605,0.99383
1791098118.623,16.6418,2.8061,2.2725,-0.10657,-0.05306,-0.01635,0.99275
1791098118.683,16.5857,2.8008,2.2723,-0.11693,-0.05323,-0.01584,0.99159
1791098118.742,16.5295,2.7943,2.2720,-0.12668,-0.05350,-0.01490,0.99039
1791098118.803,16.4734,2.7867,2.2718,-0.13540,-0.05381,-0.01368,0.98923
1791098118.862,16.4173,2.7782,2.2716,-0.14279,-0.05413,-0.01243,0.98819
1791098118.923,16.3612,2.7688,2.2714,-0.14869,-0.05443,-0.01121,0.98732
1791098118.983,16.3050,2.7587,2.2713,-0.15306,-0.05474,-0.01005,0.98665
1791098119.042,16.2487,2.7480,2.2711,-0.15599,-0.05502,-0.00906,0.98618
1791098119.102,16.1924,2.7367,2.2710,-0.15765,-0.05526,-0.00818,0.98591
1791098119.162,16.1359,2.7250,2.2709,-0.15826,-0.05547,-0.00745,0.98581
1791098119.223,16.0793,2.7130,2.2708,-0.15809,-0.05564,-0.00694,0.98583
1791098119.283,16.0226,2.7006,2.2708,-0.15803,-0.05534,-0.00883,0.98584
1791098119.343,15.9657,2.6877,2.2711,-0.15973,-0.05446,-0.01220,0.98558
1791098119.403,15.9088,2.6742,2.2718,-0.16414,-0.05367,-0.01500,0.98486
1791098119.463,15.8521,2.6600,2.2725,-0.17137,-0.05312,-0.01684,0.98363
1791098119.523,15.7955,2.6449,2.2732,-0.18084,-0.05282,-0.01769,0.98193
1791098119.583,15.7391,2.6289,2.2737,-0.19172,-0.05278,-0.01774,0.97987
1791098119.642,15.6830,2.6120,2.2741,-0.20305,-0.05286,-0.01739,0.97759
1791098119.702,15.6271,2.5943,2.2742,-0.21399,-0.05303,-0.01680,0.97525
1791098119.762,15.5714,2.5758,2.2743,-0.22386,-0.05328,-0.01593,0.97303
1791098119.823,15.5159,2.5565,2.2743,-0.23221,-0.05352,-0.01493,0.97108
1791098119.883,15.4606,2.5367,2.2742,-0.23879,-0.05374,-0.01395,0.96948
1791098119.942,15.4054,2.5163,2.2741,-0.24356,-0.05390,-0.01312,0.96830
1791098120.002,15.3504,2.4953,2.2739,-0.24664,-0.05404,-0.01241,0.96752
1791098120.063,15.2954,2.4740,2.2737,-0.24824,-0.05416,-0.01186,0.96711
1791098120.123,15.2404,2.4523,2.2734,-0.24865,-0.05424,-0.01156,0.96700
1791098120.182,15.1856,2.4302,2.2733,-0.24892,-0.05354,-0.01380,0.96694
1791098120.242,15.1308,2.4077,2.2735,-0.25078,-0.05223,-0.01731,0.96648
1791098120.303,15.0763,2.3846,2.2739,-0.25523,-0.05114,-0.02014,0.96532
1791098120.362,15.0221,2.3606,2.2744,-0.26238,-0.05045,-0.02190,0.96340
1791098120.422,14.9684,2.3358,2.2749,-0.27169,-0.05017,-0.02268,0.96081
1791098120.485,14.9188,2.3119,2.2752,-0.28161,-0.05022,-0.02271,0.95795
1791098120.545,14.8660,2.2854,2.2753,-0.29267,-0.05051,-0.02223,0.95462
1791098120.605,14.8138,2.2582,2.2753,-0.30337,-0.05094,-0.02138,0.95127
1791098120.665,14.7619,2.2302,2.2752,-0.31305,-0.05142,-0.02042,0.94812
1791098120.725,14.7104,2.2015,2.2749,-0.32125,-0.05187,-0.01943,0.94537
1791098120.785,14.6592,2.1723,2.2747,-0.32774,-0.05226,-0.01860,0.94314
1791098120.845,14.6083,2.1425,2.2743,-0.33245,-0.05262,-0.01777,0.94148
1791098120.905,14.5576,2.1122,2.2739,-0.33550,-0.05295,-0.01702,0.94040
1791098120.965,14.5070,2.0815,2.2736,-0.33787,-0.05197,-0.01961,0.93955
1791098121.025,14.4567,2.0502,2.2741,-0.34247,-0.04877,-0.02562,0.93791
1791098121.085,14.4069,2.0180,2.2755,-0.35135,-0.04571,-0.03096,0.93462
1791098121.145,14.3580,1.9846,2.2775,-0.36491,-0.04356,-0.03450,0.92938
1791098121.205,14.3103,1.9501,2.2796,-0.38231,-0.04257,-0.03618,0.92234
1791098121.265,14.2638,1.9143,2.2812,-0.40206,-0.04253,-0.03647,0.91390
1791098121.324,14.2186,1.8774,2.2822,-0.42248,-0.04319,-0.03576,0.90463
1791098121.385,14.1747,1.8393,2.2824,-0.44209,-0.04431,-0.03437,0.89522
1791098121.445,14.1318,1.8003,2.2823,-0.45942,-0.04663,-0.03146,0.88644
1791098121.505,14.0897,1.7602,2.2834,-0.47115,-0.05143,-0.02216,0.88027
1791098121.565,14.0476,1.7193,2.2880,-0.47406,-0.05547,-0.01150,0.87867
1791098121.624,14.0048,1.6782,2.2960,-0.46730,-0.05796,-0.00269,0.88219
1791098121.685,13.9611,1.6376,2.3055,-0.45185,-0.05921,0.00314,0.89012
1791098121.744,13.9165,1.5978,2.3140,-0.42964,-0.05987,0.00601,0.90099
1791098121.805,13.8710,1.5592,2.3198,-0.40301,-0.06037,0.00650,0.91318
1791098121.865,13.8247,1.5219,2.3224,-0.37435,-0.06081,0.00522,0.92528
1791098121.925,13.7776,1.4857,2.3221,-0.34592,-0.06112,0.00317,0.93626
1791098121.986,13.7297,1.4507,2.3200,-0.31864,-0.06169,0.00401,0.94586
1791098122.045,13.6809,1.4168,2.3165,-0.29218,-0.06242,0.00595,0.95431
1791098122.105,13.6310,1.3842,2.3122,-0.26656,-0.06301,0.00699,0.96173
1791098122.163,13.5869,1.3571,2.3082,-0.24541,-0.06331,0.00697,0.96732
1791098122.223,13.5350,1.3270,2.3036,-0.22285,-0.06334,0.00597,0.97278
1791098122.283,13.4820,1.2983,2.2993,-0.20292,-0.06308,0.00433,0.97715
1791098122.343,13.4280,1.2708,2.2954,-0.18617,-0.06258,0.00239,0.98052
1791098122.403,13.3732,1.2444,2.2920,-0.17288,-0.06191,0.00034,0.98300
1791098122.463,13.3175,1.2189,2.2889,-0.16307,-0.06116,-0.00163,0.98472
1791098122.523,13.2613,1.1943,2.2862,-0.15654,-0.06041,-0.00341,0.98582
1791098122.583,13.2045,1.1703,2.2837,-0.15288,-0.05970,-0.00494,0.98643
1791098122.643,13.1472,1.1468,2.2813,-0.15159,-0.05905,-0.00624,0.98666
1791098122.703,13.0897,1.1238,2.2791,-0.15210,-0.05851,-0.00729,0.98660
1791098122.762,13.0318,1.1012,2.2770,-0.15387,-0.05808,-0.00815,0.98635
1791098122.823,12.9738,1.0787,2.2751,-0.15714,-0.05596,-0.01045,0.98593
1791098122.882,12.9153,1.0562,2.2782,-0.17052,-0.03842,-0.01655,0.98447
1791098122.943,12.8572,1.0329,2.2951,-0.20191,-0.01349,-0.02032,0.97910
1791098123.003,12.8018,1.0091,2.3218,-0.24864,0.01124,-0.02290,0.96826
1791098123.063,12.7510,0.9852,2.3500,-0.30683,0.03218,-0.02434,0.95091
1791098123.123,12.7059,0.9620,2.3759,-0.37439,0.04743,-0.02467,0.92573
1791098123.183,12.6671,0.9398,2.3981,-0.44939,0.05640,-0.02441,0.89122
1791098123.243,12.6343,0.9192,2.4147,0.52837,-0.05887,0.02382,-0.84663
1791098123.303,12.6070,0.9005,2.4239,0.60777,-0.05667,0.02357,-0.79174
1791098123.363,12.5847,0.8839,2.4257,0.68445,-0.05212,0.02405,-0.72680
1791098123.423,12.5669,0.8692,2.4214,0.75533,-0.04671,0.02504,-0.65319
1791098123.483,12.5531,0.8567,2.4127,0.81719,-0.04120,0.02603,-0.57430
1791098123.543,12.5431,0.8461,2.4021,0.86775,-0.03594,0.02662,-0.49498
1791098123.603,12.5365,0.8374,2.3928,0.90643,-0.03108,0.02649,-0.42037
1791098123.662,12.5332,0.8306,2.3870,0.93436,-0.02676,0.02554,-0.35442
1791098123.723,12.5325,0.8253,2.3845,0.95376,-0.02273,0.02404,-0.29874
1791098123.783,12.5341,0.8214,2.3843,0.96670,-0.01228,0.02923,-0.25394
1791098123.843,12.5378,0.8181,2.3852,0.97481,-0.00033,0.03943,-0.21950
1791098123.903,12.5439,0.8145,2.3856,0.97964,0.00980,0.04838,-0.19460
1791098123.963,12.5526,0.8098,2.3847,0.98233,0.01740,0.05422,-0.17827
1791098124.023,12.5640,0.8037,2.3817,0.98363,0.02260,0.05719,-0.16938
1791098124.083,12.5780,0.7959,2.3764,0.98398,0.02571,0.05806,-0.16660
1791098124.143,12.5945,0.7864,2.3688,0.98365,0.02707,0.05765,-0.16848
1791098124.203,12.6133,0.7752,2.3593,0.98286,0.02661,0.05655,-0.17343
1791098124.263,12.6343,0.7624,2.3484,0.98182,0.02517,0.05507,-0.17987
1791098124.323,12.6571,0.7480,2.3366,0.98072,0.02328,0.05337,-0.18653
1791098124.382,12.6818,0.7324,2.3245,0.97971,0.02128,0.05153,-0.19251
1791098124.443,12.7080,0.7157,2.3127,0.97891,0.01932,0.04966,-0.19724
1791098124.500,12.7338,0.6993,2.3020,0.97841,0.01764,0.04796,-0.20027
1791098124.559,12.7626,0.6810,2.2911,0.97816,0.01601,0.04628,-0.20200
1791098124.619,12.7925,0.6622,2.2810,0.97820,0.01462,0.04476,-0.20226
1791098124.679,12.8233,0.6429,2.2716,0.97848,0.01344,0.04345,-0.20128
1791098124.739,12.8549,0.6233,2.2629,0.97893,0.01243,0.04239,-0.19934
1791098124.799,12.8872,0.6035,2.2549,0.97950,0.01162,0.04155,-0.19676
1791098124.859,12.9202,0.5836,2.2476,0.98012,0.01097,0.04090,-0.19382
1791098124.918,12.9536,0.5637,2.2409,0.98074,0.01047,0.04044,-0.19079
1791098124.979,12.9876,0.5438,2.2348,0.98132,0.00994,0.04015,-0.18787
1791098125.039,13.0220,0.5240,2.2292,0.98184,0.00955,0.04000,-0.18521
1791098125.099,13.0569,0.5042,2.2242,0.98227,0.00948,0.03991,-0.18292
1791098125.159,13.0921,0.4846,2.2196,0.98262,0.00946,0.03992,-0.18103
1791098125.219,13.1277,0.4650,2.2155,0.98289,0.00951,0.04001,-0.17955
1791098125.279,13.1636,0.4456,2.2119,0.98308,0.00961,0.04018,-0.17845
1791098125.339,13.1999,0.4262,2.2086,0.98321,0.00969,0.04040,-0.17768
1791098125.399,13.2365,0.4069,2.2058,0.98329,0.00979,0.04067,-0.17717
1791098125.459,13.2735,0.3876,2.2034,0.98333,0.00986,0.04095,-0.17686
1791098125.518,13.3108,0.3684,2.2013,0.98335,0.00999,0.04124,-0.17669
1791098125.579,13.3484,0.3492,2.1997,0.98323,0.01244,0.04116,-0.17721
1791098125.638,13.3864,0.3298,2.1989,0.98271,0.01652,0.04050,-0.17992
1791098125.698,13.4245,0.3100,2.1988,0.98158,0.02002,0.03997,-0.18574
1791098125.759,13.4627,0.2896,2.1990,0.97982,0.02231,0.03973,-0.19462
1791098125.819,13.5008,0.2685,2.1994,0.97749,0.02349,0.03984,-0.20586
1791098125.879,13.5389,0.2465,2.1997,0.97474,0.02378,0.04021,-0.21842
1791098125.939,13.5770,0.2237,2.1999,0.97176,0.02343,0.04078,-0.23123
1791098125.999,13.6150,0.2002,2.1999,0.96879,0.02266,0.04145,-0.24335
1791098126.059,13.6529,0.1759,2.1998,0.96603,0.02168,0.04212,-0.25405
1791098126.119,13.6909,0.1510,2.1998,0.96366,0.02065,0.04276,-0.26286
1791098126.179,13.7290,0.1256,2.1997,0.96180,0.01963,0.04331,-0.26958
1791098126.239,13.7671,0.0996,2.1996,0.96050,0.01872,0.04381,-0.27418
1791098126.299,13.8029,0.0750,2.1996,0.95977,0.01797,0.04419,-0.27671
1791098126.360,13.8413,0.0483,2.1995,0.95945,0.01729,0.04457,-0.27778
1791098126.419,13.8799,0.0212,2.1994,0.95955,0.01660,0.04473,-0.27746
1791098126.479,13.9188,-0.0061,2.2007,0.96128,0.01032,0.03507,-0.27314
1791098126.539,13.9578,-0.0333,2.2102,0.96674,-0.00002,0.01561,-0.25529
1791098126.599,13.9958,-0.0591,2.2330,0.97551,-0.01016,-0.00432,-0.21966
1791098126.659,14.0314,-0.0825,2.2619,0.98516,-0.01928,-0.02120,-0.16922
1791098126.719,14.0634,-0.1029,2.2907,0.99343,-0.02646,-0.03349,-0.10614
1791098126.779,14.0917,-0.1201,2.3148,0.99812,-0.02929,-0.03964,-0.03635
1791098126.839,14.1158,-0.1344,2.3331,0.99848,-0.02825,-0.04074,0.02392
1791098126.899,14.1354,-0.1459,2.3527,0.99648,-0.02617,-0.04024,0.06879
1791098126.959,14.1508,-0.1549,2.3725,0.99401,-0.02382,-0.03865,0.09943
1791098127.019,14.1625,-0.1620,2.3911,0.99228,-0.02165,-0.03642,0.11659
1791098127.079,14.1708,-0.1675,2.4081,0.99192,-0.01969,-0.03382,0.12069
1791098127.139,14.1761,-0.1717,2.4235,0.99307,-0.01780,-0.03102,0.11197
1791098127.199,14.1790,-0.1746,2.4374,0.99537,-0.01580,-0.02815,0.09056
1791098127.258,14.1796,-0.1762,2.4482,0.99766,-0.01390,-0.02570,0.06182
1791098127.317,14.1787,-0.1772,2.4594,0.99952,-0.01150,-0.02302,0.01704
1791098127.377,14.1763,-0.1774,2.4694,0.99895,-0.00892,-0.02055,-0.04000
1791098127.437,14.1727,-0.1770,2.4774,0.99399,-0.00626,-0.01824,-0.10776
1791098127.497,14.1683,-0.1761,2.4793,0.98330,-0.00382,-0.01594,-0.18127
1791098127.557,14.1634,-0.1749,2.4726,0.96687,-0.00177,-0.01374,-0.25489
1791098127.617,14.1581,-0.1735,2.4592,0.94620,-0.00010,-0.01145,-0.32339
1791098127.677,14.1525,-0.1720,2.4443,0.92391,0.00541,0.00228,-0.38258
1791098127.737,14.1473,-0.1711,2.4319,0.90239,0.01832,0.02634,-0.42973
1791098127.797,14.1436,-0.1723,2.4237,0.88400,0.02985,0.04957,-0.46390
1791098127.857,14.1423,-0.1771,2.4190,0.87097,0.03745,0.06147,-0.48604
1791098127.917,14.1436,-0.1861,2.4162,0.86484,0.03618,0.05583,-0.49762
1791098127.977,14.1470,-0.1986,2.4137,0.86493,0.02761,0.04331,-0.49925
1791098128.037,14.1517,-0.2133,2.4100,0.86997,0.01689,0.03039,-0.49187
1791098128.097,14.1573,-0.2289,2.4037,0.87862,0.00730,0.01927,-0.47708
1791098128.158,14.1633,-0.2446,2.3940,0.88964,0.00006,0.01062,-0.45654
1791098128.218,14.1696,-0.2596,2.3811,0.90210,-0.00491,0.00425,-0.43147
1791098128.277,14.1758,-0.2735,2.3657,0.91511,-0.00815,-0.00028,-0.40313
1791098128.337,14.1818,-0.2860,2.3486,0.92787,-0.01015,-0.00340,-0.37275
1791098128.397,14.1875,-0.2971,2.3308,0.93978,-0.01129,-0.00546,-0.34156
1791098128.457,14.1928,-0.3066,2.3129,0.95043,-0.01182,-0.00674,-0.31064
1791098128.517,14.1975,-0.3147,2.2957,0.95965,-0.01189,-0.00743,-0.28085
1791098128.578,14.2017,-0.3213,2.2794,0.96743,-0.01163,-0.00773,-0.25277
1791098128.637,14.2053,-0.3266,2.2643,0.97388,-0.01113,-0.00777,-0.22667
1791098128.697,14.2083,-0.3307,2.2504,0.97917,-0.01047,-0.00764,-0.20263
1791098128.757,14.2108,-0.3338,2.2378,0.98350,-0.00967,-0.00738,-0.18052
1791098128.817,14.2127,-0.3358,2.2264,0.98705,-0.00882,-0.00706,-0.16001
1791098128.877,14.2142,-0.3371,2.2162,0.98998,-0.00796,-0.00669,-0.14080
1791098128.938,14.2151,-0.3377,2.2070,0.99242,-0.00708,-0.00629,-0.12250
1791098128.997,14.2156,-0.3377,2.1989,0.99446,-0.00620,-0.00590,-0.10473
1791098129.057,14.2158,-0.3372,2.1916,0.99616,-0.00536,-0.00551,-0.08726
1791098129.117,14.2155,-0.3364,2.1852,0.99751,-0.00459,-0.00512,-0.07016
1791098129.173,14.2150,-0.3353,2.1812,0.99868,-0.00392,-0.00486,-0.05102
1791098129.233,14.2141,-0.3339,2.1849,0.99983,-0.00328,-0.00456,-0.01783
1791098129.293,14.2129,-0.3323,2.2013,0.99945,-0.00274,-0.00414,0.03284
1791098129.359,14.2113,-0.3305,2.2263,0.99509,-0.00228,-0.00361,0.09890
1791098129.418,14.2096,-0.3287,2.2517,0.98454,-0.00187,-0.00303,0.17512
1791098129.478,14.2078,-0.3269,2.2703,0.96678,-0.00156,-0.00250,0.25560
1791098129.539,14.2059,-0.3252,2.2799,0.94232,-0.00136,-0.00209,0.33471
1791098129.599,14.2040,-0.3236,2.2826,0.91318,-0.00117,-0.00176,0.40754
1791098129.658,14.2022,-0.3221,2.2828,0.88242,-0.00268,0.00423,0.47044
1791098129.719,14.2006,-0.3202,2.2842,0.85300,-0.01182,0.01995,0.52139
1791098129.779,14.1999,-0.3170,2.2881,0.82735,-0.02225,0.03656,0.56005
1791098129.838,14.2005,-0.3112,2.2941,0.80725,-0.03000,0.04974,0.58735
1791098129.899,14.2027,-0.3019,2.3007,0.79349,-0.03417,0.05873,0.60477
1791098129.964,14.2065,-0.2890,2.3063,0.78581,-0.03618,0.06297,0.61419
1791098130.024,14.2118,-0.2726,2.3089,0.78246,-0.03869,0.06250,0.61834
1791098130.084,14.2183,-0.2531,2.3073,0.78148,-0.04084,0.06023,0.61967
1791098130.144,14.2257,-0.2306,2.3018,0.78144,-0.04215,0.05740,0.61991
1791098130.204,14.2339,-0.2051,2.2935,0.78146,-0.04260,0.05445,0.62012
1791098130.264,14.2425,-0.1769,2.2837,0.78108,-0.04234,0.05156,0.62086
1791098130.324,14.2516,-0.1462,2.2732,0.78014,-0.04154,0.04883,0.62231
1791098130.384,14.2609,-0.1132,2.2626,0.77868,-0.04033,0.04634,0.62441
1791098130.444,14.2704,-0.0781,2.2524,0.77692,-0.03833,0.04474,0.62684
1791098130.504,14.2800,-0.0412,2.2432,0.77625,-0.03211,0.04614,0.62791
1791098130.564,14.2902,-0.0028,2.2359,0.77831,-0.02510,0.04800,0.62554
1791098130.624,14.3012,0.0368,2.2304,0.78376,-0.01946,0.04909,0.61881
1791098130.684,14.3135,0.0771,2.2260,0.79228,-0.01572,0.04936,0.60795
1791098130.744,14.3270,0.1177,2.2220,0.80296,-0.01374,0.04902,0.59386
1791098130.802,14.3397,0.1532,2.2186,0.81307,-0.01318,0.04842,0.57999
1791098130.862,14.3555,0.1941,2.2145,0.82479,-0.01346,0.04755,0.56328
1791098130.922,14.3725,0.2350,2.2102,0.83570,-0.01437,0.04657,0.54701
1791098130.982,14.3905,0.2759,2.2060,0.84523,-0.01559,0.04557,0.53224
1791098131.042,14.4095,0.3168,2.2020,0.85301,-0.01697,0.04455,0.51971
1791098131.101,14.4293,0.3577,2.1983,0.85897,-0.01835,0.04358,0.50984
1791098131.161,14.4497,0.3986,2.1950,0.86314,-0.01965,0.04269,0.50277
1791098131.219,14.4680,0.4342,2.1923,0.86545,-0.02069,0.04200,0.49879
1791098131.279,14.4894,0.4753,2.1895,0.86683,-0.02175,0.04135,0.49641
1791098131.339,14.5112,0.5165,2.1869,0.86708,-0.02266,0.04084,0.49598
1791098131.400,14.5333,0.5579,2.1844,0.86648,-0.02341,0.04049,0.49701
1791098131.460,14.5557,0.5994,2.1822,0.86532,-0.02404,0.04027,0.49902
1791098131.519,14.5782,0.6411,2.1800,0.86383,-0.02455,0.04018,0.50157
1791098131.579,14.6008,0.6831,2.1780,0.86224,-0.02500,0.04017,0.50429
1791098131.640,14.6235,0.7253,2.1762,0.86071,-0.02534,0.04021,0.50688
1791098131.699,14.6462,0.7677,2.1745,0.85936,-0.02566,0.04030,0.50914
1791098131.759,14.6691,0.8104,2.1730,0.85826,-0.02594,0.04042,0.51097
1791098131.820,14.6919,0.8533,2.1716,0.85745,-0.02617,0.04054,0.51230
1791098131.879,14.7148,0.8965,2.1704,0.85692,-0.02638,0.04068,0.51316
1791098131.939,14.7377,0.9400,2.1693,0.85665,-0.02659,0.04084,0.51358
1791098131.999,14.7607,0.9838,2.1685,0.85660,-0.02675,0.04100,0.51365
1791098132.060,14.7837,1.0278,2.1679,0.85688,-0.02562,0.04197,0.51316
1791098132.120,14.8068,1.0721,2.1679,0.85823,-0.02203,0.04385,0.51091
1791098132.180,14.8303,1.1165,2.1686,0.86118,-0.01862,0.04558,0.50590
1791098132.239,14.8544,1.1609,2.1697,0.86577,-0.01624,0.04683,0.49797
1791098132.299,14.8793,1.2050,2.1709,0.87163,-0.01489,0.04763,0.48762
1791098132.359,14.9049,1.2488,2.1721,0.87816,-0.01455,0.04802,0.47572
1791098132.419,14.9313,1.2924,2.1730,0.88480,-0.01501,0.04809,0.46324
1791098132.479,14.9585,1.3356,2.1738,0.89104,-0.01594,0.04796,0.45111
1791098132.539,14.9865,1.3785,2.1745,0.89653,-0.01705,0.04773,0.44008
1791098132.599,15.0150,1.4213,2.1751,0.90106,-0.01822,0.04741,0.43071
1791098132.660,15.0442,1.4639,2.1758,0.90470,-0.01784,0.04772,0.42298
1791098132.720,15.0741,1.5063,2.1767,0.90815,-0.01471,0.04890,0.41552
1791098132.779,15.1047,1.5484,2.1777,0.91197,-0.01173,0.05008,0.40701
1791098132.839,15.1362,1.5899,2.1787,0.91637,-0.00982,0.05095,0.39695
1791098132.900,15.1686,1.6309,2.1797,0.92120,-0.00909,0.05146,0.38556
1791098132.960,15.2020,1.6712,2.1806,0.92617,-0.00926,0.05171,0.37344
1791098133.019,15.2364,1.7109,2.1815,0.93095,-0.01010,0.05173,0.36131
1791098133.079,15.2717,1.7501,2.1824,0.93529,-0.01135,0.05157,0.34992
1791098133.140,15.3078,1.7887,2.1834,0.93903,-0.01241,0.05135,0.33976
1791098133.199,15.3447,1.8269,2.1845,0.94240,-0.01074,0.05176,0.33029
1791098133.259,15.3824,1.8646,2.1857,0.94581,-0.00844,0.05233,0.32036
1791098133.319,15.4209,1.9016,2.1869,0.94944,-0.00687,0.05275,0.30940
1791098133.380,15.4603,1.9379,2.1879,0.95324,-0.00617,0.05297,0.29749
1791098133.439,15.5006,1.9734,2.1888,0.95700,-0.00623,0.05303,0.28513
1791098133.499,15.5417,2.0081,2.1896,0.96053,-0.00707,0.05290,0.27300
1791098133.560,15.5835,2.0420,2.1903,0.96367,-0.00828,0.05267,0.26173
1791098133.619,15.6261,2.0753,2.1910,0.96631,-0.00965,0.05237,0.25183
1791098133.679,15.6693,2.1081,2.1916,0.96840,-0.01101,0.05204,0.24365
1791098133.739,15.7130,2.1404,2.1922,0.96997,-0.01225,0.05174,0.23736
1791098133.799,15.7573,2.1723,2.1927,0.97104,-0.01336,0.05149,0.23293
1791098133.859,15.8020,2.2040,2.1933,0.97176,-0.01277,0.05167,0.22989
1791098133.919,15.8472,2.2353,2.1940,0.97257,-0.00933,0.05214,0.22648
1791098133.979,15.8928,2.2661,2.1950,0.97379,-0.00599,0.05262,0.22118
1791098134.040,15.9391,2.2961,2.1961,0.97552,-0.00372,0.05297,0.21342
1791098134.099,15.9859,2.3253,2.1970,0.97763,-0.00265,0.05322,0.20345
1791098134.159,16.0334,2.3536,2.1978,0.97995,-0.00251,0.05337,0.19197
1791098134.220,16.0813,2.3810,2.1984,0.98223,-0.00307,0.05347,0.17986
1791098134.279,16.1299,2.4075,2.1988,0.98432,-0.00409,0.05351,0.16801
1791098134.339,16.1789,2.4332,2.1992,0.98611,-0.00528,0.05353,0.15715
1791098134.399,16.2284,2.4583,2.1994,0.98754,-0.00640,0.05353,0.14782
1791098134.460,16.2784,2.4827,2.1997,0.98869,-0.00574,0.05367,0.13995
1791098134.525,16.3288,2.5066,2.2002,0.98980,-0.00208,0.05375,0.13190
1791098134.585,16.3797,2.5295,2.2009,0.99105,0.00140,0.05382,0.12214
1791098134.645,16.4312,2.5514,2.2017,0.99244,0.00364,0.05391,0.11017
1791098134.705,16.4831,2.5720,2.2025,0.99387,0.00460,0.05396,0.09635
1791098134.766,16.5354,2.5914,2.2032,0.99520,0.00458,0.05405,0.08151
1791098134.825,16.5882,2.6096,2.2039,0.99631,0.00405,0.05407,0.06658
1791098134.885,16.6413,2.6266,2.2044,0.99720,0.00569,0.05385,0.05167
1791098134.945,16.6949,2.6423,2.2050,0.99788,0.00815,0.05356,0.03606
1791098135.005,16.7487,2.6566,2.2056,0.99834,0.00973,0.05338,0.01955
1791098135.065,16.8029,2.6694,2.2061,0.99852,0.01020,0.05337,0.00254
1791098135.125,16.8573,2.6807,2.2067,0.99842,0.00975,0.05344,-0.01422
1791098135.185,16.9120,2.6905,2.2074,0.99808,0.00866,0.05356,-0.02993
1791098135.245,16.9669,2.6991,2.2081,0.99757,0.00724,0.05369,-0.04390
1791098135.305,17.0220,2.7064,2.2089,0.99699,0.00562,0.05380,-0.05562
1791098135.365,17.0773,2.7127,2.2098,0.99643,0.00421,0.05388,-0.06485
1791098135.425,17.1328,2.7180,2.2107,0.99597,0.00357,0.05389,-0.07165
1791098135.485,17.1885,2.7225,2.2116,0.99556,0.00629,0.05332,-0.07738
1791098135.545,17.2444,2.7260,2.2128,0.99502,0.00988,0.05259,-0.08407
1791098135.605,17.3003,2.7283,2.2140,0.99424,0.01255,0.05202,-0.09280
1791098135.665,17.3561,2.7293,2.2150,0.99317,0.01397,0.05172,-0.10369
1791098135.725,17.4118,2.7288,2.2158,0.99178,0.01433,0.05164,-0.11616
1791098135.785,17.4674,2.7271,2.2165,0.99015,0.01386,0.05177,-0.12936
1791098135.846,17.5230,2.7240,2.2170,0.98834,0.01368,0.05175,-0.14255
1791098135.905,17.5783,2.7197,2.2173,0.98629,0.01583,0.05099,-0.15613
1791098135.965,17.6335,2.7140,2.2176,0.98386,0.01807,0.05020,-0.17080
1791098136.026,17.6884,2.7069,2.2179,0.98099,0.01938,0.04976,-0.18656
1791098136.085,17.7430,2.6983,2.2180,0.97776,0.01956,0.04967,-0.20284
1791098136.145,17.7971,2.6882,2.2182,0.97430,0.01899,0.04980,-0.21885
1791098136.205,17.8510,2.6767,2.2184,0.97084,0.01784,0.05006,-0.23376
1791098136.265,17.9044,2.6640,2.2185,0.96749,0.01801,0.04976,-0.24731
1791098136.325,17.9575,2.6500,2.2188,0.96407,0.01993,0.04869,-0.26038
1791098136.385,18.0102,2.6347,2.2190,0.96038,0.02185,0.04767,-0.27372
1791098136.445,18.0622,2.6180,2.2191,0.95638,0.02308,0.04699,-0.28740
1791098136.505,18.1137,2.6000,2.2192,0.95219,0.02326,0.04677,-0.30101
1791098136.565,18.1644,2.5805,2.2193,0.94799,0.02258,0.04697,-0.31400
1791098136.625,18.2146,2.5599,2.2195,0.94401,0.02116,0.04744,-0.32579
1791098136.686,18.2642,2.5380,2.2197,0.94045,0.01946,0.04805,-0.33596
1791098136.746,18.3133,2.5152,2.2201,0.93741,0.01837,0.04838,-0.34435
1791098136.805,18.3620,2.4914,2.2206,0.93462,0.01985,0.04746,-0.35191
1791098136.865,18.4103,2.4668,2.2212,0.93159,0.02175,0.04637,-0.35988
1791098136.925,18.4579,2.4411,2.2218,0.92808,0.02306,0.04567,-0.36886
1791098136.985,18.5049,2.4144,2.2223,0.92407,0.02354,0.04543,-0.37878
1791098137.045,18.5512,2.3867,2.2226,0.91973,0.02339,0.04556,-0.38919
1791098137.105,18.5968,2.3581,2.2229,0.91530,0.02270,0.04596,-0.39949
1791098137.166,18.6418,2.3286,2.2231,0.91104,0.02174,0.04650,-0.40911
1791098137.225,18.6863,2.2983,2.2233,0.90716,0.02082,0.04696,-0.41763
1791098137.285,18.7303,2.2672,2.2235,0.90345,0.02261,0.04580,-0.42564
1791098137.346,18.7737,2.2354,2.2239,0.89922,0.02548,0.04384,-0.43455
1791098137.405,18.8163,2.2026,2.2244,0.89406,0.02765,0.04236,-0.44508
1791098137.465,18.8580,2.1689,2.2248,0.88795,0.02899,0.04144,-0.45715
1791098137.526,18.8987,2.1343,2.2250,0.88113,0.02965,0.04101,-0.47015
1791098137.585,18.9384,2.0988,2.2252,0.87402,0.02924,0.04132,-0.48325
1791098137.645,18.9770,2.0623,2.2253,0.86705,0.02824,0.04201,-0.49564
1791098137.705,19.0148,2.0251,2.2254,0.86063,0.02694,0.04288,-0.50671
1791098137.765,19.0518,1.9871,2.2255,0.85508,0.02561,0.04376,-0.51601
1791098137.826,19.0882,1.9484,2.2256,0.85062,0.02434,0.04456,-0.52333
1791098137.885,19.1239,1.9091,2.2257,0.84732,0.02318,0.04530,-0.52863
1791098137.946,19.1592,1.8693,2.2258,0.84506,0.02318,0.04533,-0.53224
1791098138.005,19.1941,1.8290,2.2262,0.84271,0.02702,0.04209,-0.53604
1791098138.065,19.2282,1.7881,2.2272,0.83881,0.03130,0.03838,-0.54217
1791098138.125,19.2613,1.7464,2.2286,0.83266,0.03446,0.03554,-0.55156
1791098138.186,19.2930,1.7041,2.2300,0.82431,0.03622,0.03394,-0.56395
1791098138.245,19.3232,1.6610,2.2311,0.81422,0.03688,0.03340,-0.57842
1791098138.305,19.3520,1.6173,2.2318,0.80311,0.03664,0.03374,-0.59375
1791098138.365,19.3793,1.5730,2.2321,0.79178,0.03592,0.03459,-0.60877
1791098138.425,19.4052,1.5282,2.2319,0.78099,0.03489,0.03567,-0.62254
1791098138.485,19.4299,1.4827,2.2316,0.77140,0.03392,0.03666,-0.63439
1791098138.545,19.4536,1.4368,2.2313,0.76378,0.03129,0.03958,-0.64350
1791098138.605,19.4765,1.3902,2.2324,0.76006,0.02450,0.04467,-0.64786
1791098138.665,19.4993,1.3430,2.2356,0.76153,0.01766,0.04915,-0.64602
1791098138.725,19.5225,1.2956,2.2404,0.76818,0.01244,0.05226,-0.63798
1791098138.785,19.5465,1.2481,2.2453,0.77897,0.00933,0.05419,-0.62465
1791098138.845,19.5714,1.2009,2.2491,0.79238,0.00814,0.05529,-0.60747
1791098138.905,19.5973,1.1540,2.2512,0.80682,0.00844,0.05586,-0.58809
1791098138.965,19.6242,1.1074,2.2516,0.82096,0.00968,0.05604,-0.56815
1791098139.025,19.6521,1.0611,2.2507,0.83376,0.01145,0.05592,-0.54916
1791098139.085,19.6810,1.0150,2.2492,0.84462,0.01338,0.05556,-0.53230
1791098139.145,19.7107,0.9690,2.2475,0.85333,0.01439,0.05536,-0.51822
1791098139.205,19.7414,0.9232,2.2458,0.86065,0.01162,0.05670,-0.50590
1791098139.265,19.7730,0.8775,2.2440,0.86761,0.00831,0.05833,-0.49375
1791098139.325,19.8059,0.8323,2.2420,0.87472,0.00605,0.05952,-0.48092
1791098139.386,19.8400,0.7876,2.2397,0.88202,0.00508,0.06012,-0.46734
1791098139.445,19.8754,0.7435,2.2374,0.88924,0.00514,0.06025,-0.45342
1791098139.505,19.9121,0.7000,2.2350,0.89607,0.00591,0.06006,-0.43980
1791098139.566,19.9500,0.6570,2.2328,0.90233,0.00562,0.06010,-0.42680
1791098139.625,19.9892,0.6146,2.2309,0.90842,0.00351,0.06061,-0.41363
1791098139.686,20.0295,0.5730,2.2292,0.91463,0.00188,0.06101,-0.39966
1791098139.745,20.0711,0.5322,2.2275,0.92094,0.00130,0.06115,-0.38489
1791098139.805,20.1139,0.4922,2.2259,0.92710,0.00172,0.06101,-0.36980
1791098139.865,20.1579,0.4531,2.2244,0.93285,0.00284,0.06066,-0.35510
1791098139.925,20.2030,0.4148,2.2229,0.93795,0.00440,0.06013,-0.34150
1791098139.985,20.2490,0.3772,2.2217,0.94223,0.00616,0.05953,-0.32959
1791098140.046,20.2958,0.3402,2.2206,0.94564,0.00797,0.05888,-0.31975
1791098140.105,20.3433,0.3037,2.2195,0.94819,0.00968,0.05823,-0.31218
1791098140.165,20.3915,0.2676,2.2186,0.94995,0.01123,0.05761,-0.30685
1791098140.226,20.4401,0.2319,2.2177,0.95102,0.01257,0.05706,-0.30357
1791098140.285,20.4892,0.1964,2.2169,0.95151,0.01367,0.05661,-0.30205
1791098140.345,20.5385,0.1610,2.2161,0.95156,0.01457,0.05623,-0.30194
1791098140.405,20.5882,0.1258,2.2152,0.95128,0.01528,0.05594,-0.30283
1791098140.465,20.6381,0.0906,2.2145,0.95091,0.01413,0.05633,-0.30396
1791098140.525,20.6882,0.0555,2.2141,0.95101,0.01083,0.05706,-0.30364
1791098140.586,20.7388,0.0208,2.2141,0.95195,0.00770,0.05770,-0.30068
1791098140.645,20.7898,-0.0136,2.2143,0.95378,0.00556,0.05809,-0.29477
1791098140.705,20.8413,-0.0473,2.2146,0.95634,0.00462,0.05825,-0.28634
1791098140.766,20.8933,-0.0803,2.2147,0.95933,0.00457,0.05829,-0.27615
1791098140.825,20.9458,-0.1127,2.2147,0.96244,0.00512,0.05825,-0.26513
1791098140.885,20.9987,-0.1444,2.2145,0.96539,0.00608,0.05813,-0.25417
1791098140.945,21.0520,-0.1755,2.2142,0.96801,0.00718,0.05803,-0.24400
1791098141.005,21.1057,-0.2061,2.2139,0.97019,0.00832,0.05787,-0.23519
1791098141.065,21.1598,-0.2363,2.2137,0.97189,0.00940,0.05771,-0.22807
1791098141.996,21.1960,-0.2563,2.2135,0.97276,0.01006,0.05761,-0.22432
1791098142.056,21.2505,-0.2859,2.2133,0.97379,0.00913,0.05783,-0.21977
1791098142.116,21.3054,-0.3151,2.2134,0.97490,0.00549,0.05812,-0.21487
1791098142.176,21.3607,-0.3437,2.2140,0.97695,0.00200,0.04634,-0.20836
1791098142.236,21.4156,-0.3714,2.2151,0.97961,-0.00254,0.02288,-0.19959
1791098142.296,21.4686,-0.3974,2.2162,0.98200,-0.00631,0.00015,-0.18878
1791098142.356,21.5184,-0.4214,2.2174,0.98409,-0.00941,-0.01777,-0.17653
1791098142.416,21.5640,-0.4430,2.2184,0.98618,-0.01207,-0.03048,-0.16241
1791098142.476,21.6048,-0.4621,2.2196,0.98847,-0.01410,-0.03872,-0.14568
1791098142.536,21.6405,-0.4787,2.2206,0.99089,-0.01555,-0.04343,-0.12654
1791098142.596,21.6712,-0.4928,2.2213,0.99319,-0.01647,-0.04549,-0.10594
1791098142.656,21.6970,-0.5046,2.2218,0.99518,-0.01696,-0.04559,-0.08512
1791098142.716,21.7182,-0.5142,2.2220,0.99673,-0.01708,-0.04427,-0.06533
1791098142.776,21.7351,-0.5218,2.2221,0.99784,-0.01685,-0.04203,-0.04763
1791098142.836,21.7481,-0.5277,2.2225,0.99869,-0.01555,-0.03613,-0.03278
1791098142.896,21.7579,-0.5320,2.2248,0.99968,-0.01076,-0.00859,-0.02145
1791098142.956,21.7664,-0.5352,2.2285,0.99959,-0.00531,0.02455,-0.01348
1791098143.016,21.7760,-0.5379,2.2326,0.99860,-0.00038,0.05225,-0.00854
1791098143.076,21.7886,-0.5404,2.2365,0.99737,0.00363,0.07218,-0.00619
1791098143.136,21.8053,-0.5430,2.2396,0.99633,0.00660,0.08508,-0.00595
1791098143.196,21.8266,-0.5460,2.2417,0.99565,0.00867,0.09244,-0.00726
1791098143.256,21.8528,-0.5493,2.2428,0.99531,0.00993,0.09574,-0.00958
1791098143.316,21.8839,-0.5532,2.2431,0.99523,0.01055,0.09614,-0.01244
1791098143.376,21.9195,-0.5577,2.2426,0.99534,0.01071,0.09460,-0.01543
1791098143.436,21.9593,-0.5627,2.2417,0.99555,0.01052,0.09185,-0.01824
1791098143.497,22.0029,-0.5682,2.2404,0.99582,0.01007,0.08837,-0.02064
1791098143.556,22.0498,-0.5742,2.2389,0.99612,0.00948,0.08455,-0.02250
1791098143.616,22.0995,-0.5806,2.2373,0.99642,0.00882,0.08066,-0.02376
1791098143.676,22.1517,-0.5873,2.2357,0.99670,0.00814,0.07692,-0.02445
1791098143.736,22.2058,-0.5943,2.2342,0.99697,0.00746,0.07341,-0.02460
1791098143.796,22.2616,-0.6015,2.2328,0.99721,0.00682,0.07027,-0.02432
1791098143.856,22.3187,-0.6089,2.2315,0.99742,0.00623,0.06750,-0.02370
1791098143.917,22.3769,-0.6163,2.2303,0.99760,0.00568,0.06511,-0.02284
1791098143.977,22.4359,-0.6237,2.2294,0.99777,0.00317,0.06314,-0.02131
1791098144.035,22.4876,-0.6300,2.2290,0.99794,-0.00047,0.06143,-0.01843
1791098144.095,22.5477,-0.6369,2.2289,0.99813,-0.00413,0.05976,-0.01252
1791098144.155,22.6082,-0.6432,2.2291,0.99826,-0.00680,0.05841,-0.00380
1791098144.215,22.6689,-0.6485,2.2293,0.99829,-0.00864,0.05741,0.00719
1791098144.275,22.7297,-0.6530,2.2295,0.99816,-0.00926,0.05675,0.01950
1791098144.335,22.7905,-0.6564,2.2295,0.99785,-0.00934,0.05629,0.03219
1791098144.401,22.8514,-0.6589,2.2294,0.99736,-0.01165,0.05559,0.04530
1791098144.461,22.9122,-0.6602,2.2291,0.99661,-0.01452,0.05486,0.05955
1791098144.521,22.9728,-0.6602,2.2288,0.99558,-0.01625,0.05414,0.07505
1791098144.581,23.0333,-0.6589,2.2293,0.99513,-0.01108,0.04226,0.08840
1791098144.641,23.0931,-0.6565,2.2352,0.99566,-0.00263,0.02099,0.09066
1791098144.702,23.1511,-0.6538,2.2516,0.99709,0.00516,-0.00040,0.07604
1791098144.761,23.2055,-0.6518,2.2759,0.99875,0.01294,-0.01229,0.04677
1791098144.820,23.2493,-0.6507,2.2950,0.99979,0.00855,-0.00514,0.01764
1791098144.880,23.2967,-0.6501,2.3115,0.99996,0.00345,0.00037,-0.00881
1791098144.940,23.3411,-0.6498,2.3296,0.99978,0.00219,-0.00312,-0.02051
1791098145.000,23.3825,-0.6496,2.3511,0.99981,0.00126,-0.00909,-0.01730
1791098145.060,23.4207,-0.6495,2.3733,0.99989,-0.00011,-0.01499,-0.00054
1791098145.120,23.4555,-0.6495,2.3938,0.99939,-0.00164,-0.01981,0.02855
1791098145.180,23.4869,-0.6493,2.4101,0.99745,-0.00290,-0.02284,0.06760
1791098145.240,23.5151,-0.6491,2.4193,0.99322,-0.00367,-0.02396,0.11372
1791098145.300,23.5402,-0.6489,2.4205,0.98620,-0.00417,-0.02379,0.16380
1791098145.360,23.5624,-0.6487,2.4149,0.97659,-0.00751,-0.01557,0.21443
1791098145.420,23.5823,-0.6481,2.4052,0.96481,-0.01711,0.00778,0.26229
1791098145.480,23.6012,-0.6465,2.3937,0.95154,-0.02483,0.03209,0.30483
1791098145.540,23.6204,-0.6427,2.3821,0.93839,-0.02916,0.05189,0.34042
1791098145.600,23.6410,-0.6360,2.3713,0.92682,-0.03034,0.06603,0.36840
1791098145.660,23.6638,-0.6262,2.3613,0.91778,-0.02942,0.07497,0.38884
1791098145.720,23.6891,-0.6131,2.3519,0.91161,-0.02739,0.07979,0.40230
1791098145.781,23.7171,-0.5969,2.3426,0.90824,-0.02499,0.08155,0.40966
1791098145.840,23.7476,-0.5779,2.3331,0.90727,-0.02273,0.08121,0.41202
1791098145.900,23.7805,-0.5565,2.3231,0.90814,-0.02083,0.07956,0.41051
1791098145.961,23.8157,-0.5330,2.3127,0.91026,-0.01937,0.07718,0.40631
1791098146.020,23.8528,-0.5076,2.3020,0.91309,-0.01834,0.07437,0.40050
1791098146.080,23.8917,-0.4807,2.2914,0.91593,-0.01959,0.07063,0.39458
1791098146.140,23.9321,-0.4523,2.2813,0.91792,-0.02233,0.06599,0.39061
1791098146.200,23.9735,-0.4224,2.2722,0.91846,-0.02457,0.06170,0.38989
1791098146.260,24.0156,-0.3912,2.2640,0.91744,-0.02592,0.05802,0.39276
1791098146.321,24.0581,-0.3588,2.2565,0.91500,-0.02637,0.05513,0.39881
1791098146.380,24.1006,-0.3251,2.2495,0.91141,-0.02634,0.05287,0.40723
1791098146.440,24.1431,-0.2905,2.2429,0.90709,-0.02598,0.05118,0.41702
1791098146.500,24.1853,-0.2550,2.2367,0.90243,-0.02502,0.05019,0.42718
1791098146.560,24.2272,-0.2187,2.2308,0.89782,-0.02387,0.04965,0.43690
1791098146.620,24.2689,-0.1817,2.2253,0.89360,-0.02270,0.04939,0.44557
1791098146.680,24.3103,-0.1441,2.2203,0.88998,-0.02164,0.04930,0.45280
1791098146.740,24.3514,-0.1060,2.2156,0.88713,-0.02072,0.04928,0.45841
1791098146.800,24.3923,-0.0675,2.2113,0.88508,-0.01993,0.04933,0.46240
1791098146.860,24.4330,-0.0286,2.2074,0.88378,-0.01935,0.04938,0.46488
1791098146.920,24.4735,0.0106,2.2039,0.88316,-0.01896,0.04944,0.46607
1791098146.980,24.5139,0.0501,2.2007,0.88308,-0.01868,0.04954,0.46622
1791098147.040,24.5541,0.0898,2.1979,0.88339,-0.01857,0.04962,0.46564
1791098147.100,24.5942,0.1298,2.1953,0.88395,-0.01851,0.04972,0.46457
1791098147.160,24.6343,0.1699,2.1930,0.88477,-0.01722,0.05054,0.46296
1791098147.220,24.6744,0.2102,2.1914,0.88644,-0.01349,0.05229,0.45967
1791098147.280,24.7148,0.2505,2.1905,0.88944,-0.01000,0.05392,0.45375
1791098147.338,24.7502,0.2853,2.1901,0.89313,-0.00788,0.05497,0.44636
1791098147.398,24.7915,0.3251,2.1897,0.89834,-0.00658,0.05578,0.43569
1791098147.458,24.8335,0.3644,2.1894,0.90411,-0.00630,0.05620,0.42353
1791098147.518,24.8762,0.4033,2.1890,0.90996,-0.00623,0.05649,0.41078
1791098147.578,24.9195,0.4417,2.1886,0.91595,-0.00304,0.05763,0.39712
1791098147.638,24.9637,0.4795,2.1885,0.92258,0.00083,0.05682,0.38159
1791098147.698,25.0088,0.5163,2.1891,0.93091,0.00727,0.04060,0.36290
1791098147.758,25.0538,0.5514,2.1908,0.94012,0.01508,0.02782,0.33938
1791098147.818,25.0983,0.5840,2.1935,0.94958,0.01977,0.03164,0.31131
1791098147.882,25.1396,0.6120,2.1960,0.95828,0.02110,0.04007,0.28223
1791098147.941,25.1840,0.6396,2.1981,0.96687,0.01981,0.04888,0.24978
1791098148.001,25.2292,0.6650,2.1994,0.97419,0.01689,0.05601,0.21801
1791098148.061,25.2755,0.6885,2.2002,0.98002,0.01317,0.06119,0.18881
1791098148.122,25.3231,0.7105,2.2008,0.98438,0.00924,0.06447,0.16357
1791098148.181,25.3722,0.7311,2.2015,0.98753,0.00725,0.06625,0.14263
1791098148.241,25.4228,0.7506,2.2018,0.98982,0.00642,0.06721,0.12530
1791098148.301,25.4748,0.7690,2.2018,0.99152,0.00556,0.06750,0.11089
1791098148.362,25.5281,0.7864,2.2013,0.99280,0.00443,0.06729,0.09900
1791098148.422,25.5827,0.8028,2.2004,0.99375,0.00306,0.06675,0.08938
1791098148.481,25.6383,0.8184,2.1993,0.99446,0.00163,0.06596,0.08185
1791098148.541,25.6950,0.8333,2.1981,0.99497,0.00020,0.06503,0.07626
1791098148.601,25.7526,0.8476,2.1969,0.99532,-0.00120,0.06404,0.07240
1791098148.661,25.8110,0.8614,2.1965,0.99574,-0.00498,0.05720,0.07218
1791098148.721,25.8704,0.8751,2.2043,0.99557,-0.01064,0.03634,0.08605
1791098148.781,25.9295,0.8893,2.2265,0.99277,-0.01502,0.01231,0.11841
1791098148.842,25.9859,0.9040,2.2556,0.98600,-0.01865,-0.01025,0.16538
1791098148.901,26.0379,0.9189,2.2845,0.97396,-0.02146,-0.02841,0.22392
1791098148.962,26.0846,0.9339,2.3107,0.95510,-0.02331,-0.04103,0.29249
1791098149.022,26.1254,0.9487,2.3335,0.92770,-0.02435,-0.04799,0.36942
1791098149.081,26.1604,0.9628,2.3508,0.89066,-0.02459,-0.04931,0.45132
1791098149.141,26.1902,0.9761,2.3606,0.84378,-0.02472,-0.04662,0.53409
1791098149.201,26.2153,0.9883,2.3625,0.78838,-0.02511,-0.04218,0.61323
1791098149.261,26.2361,0.9994,2.3583,0.72751,-0.02562,-0.03738,0.68460
1791098149.322,26.2528,1.0094,2.3511,0.66537,-0.02588,-0.03268,0.74535
1791098149.381,26.2652,1.0182,2.3488,0.61016,-0.02579,-0.02779,0.79137
1791098149.441,26.2734,1.0259,2.3585,0.56760,-0.02528,-0.02293,0.82260
1791098149.501,26.2784,1.0327,2.3743,0.53705,-0.02402,-0.01849,0.84300
1791098149.562,26.2808,1.0389,2.3915,0.51802,-0.02182,-0.01486,0.85496
1791098149.621,26.2812,1.0446,2.4081,0.51032,-0.01877,-0.01211,0.85970
1791098149.681,26.2801,1.0499,2.4236,0.51384,-0.01514,-0.01014,0.85769
1791098149.741,26.2778,1.0548,2.4376,0.52827,-0.01122,-0.00877,0.84895
1791098149.802,26.2747,1.0593,2.4502,0.55303,-0.00734,-0.00786,0.83309
1791098149.862,26.2711,1.0634,2.4611,0.58729,-0.00371,-0.00724,0.80933
1791098149.921,26.2672,1.0670,2.4706,0.62999,-0.00051,-0.00682,0.77657
1791098149.981,26.2632,1.0700,2.4786,0.67970,0.00215,-0.00644,0.73346
1791098150.042,26.2593,1.0724,2.4851,0.73413,0.00419,-0.00600,0.67897
1791098150.101,26.2556,1.0742,2.4874,0.78960,0.00539,-0.00543,0.61358
1791098150.162,26.2520,1.0755,2.4831,0.84224,0.00588,-0.00470,0.53904
1791098150.221,26.2486,1.0763,2.4716,0.88851,0.00600,-0.00386,0.45880
1791098150.281,26.2454,1.0767,2.4546,0.92595,0.00599,-0.00302,0.37759
1791098150.341,26.2423,1.0766,2.4356,0.95375,0.00587,-0.00224,0.30055
1791098150.402,26.2394,1.0761,2.4184,0.97268,0.00565,-0.00154,0.23208
1791098150.461,26.2367,1.0753,2.4060,0.98450,0.00141,0.00667,0.17526
1791098150.521,26.2348,1.0744,2.3995,0.99085,-0.00301,0.03115,0.13132
1791098150.580,26.2351,1.0741,2.3971,0.99311,-0.00526,0.05505,0.10336
1791098150.639,26.2390,1.0745,2.3957,0.99358,-0.00719,0.07763,0.08192
1791098150.699,26.2477,1.0757,2.3935,0.99317,-0.00883,0.09243,0.07063
1791098150.759,26.2617,1.0779,2.3885,0.99259,-0.01046,0.10028,0.06776
1791098150.819,26.2810,1.0810,2.3802,0.99204,-0.01175,0.10306,0.07142
1791098150.879,26.3054,1.0851,2.3684,0.99145,-0.01240,0.10259,0.07970
1791098150.939,26.3345,1.0902,2.3538,0.99074,-0.01236,0.10015,0.09079
1791098150.999,26.3680,1.0964,2.3374,0.98991,-0.01175,0.09654,0.10307
1791098151.059,26.4057,1.1036,2.3200,0.98899,-0.01082,0.09229,0.11517
1791098151.119,26.4471,1.1118,2.3025,0.98809,-0.00975,0.08771,0.12608
1791098151.179,26.4917,1.1208,2.2857,0.98730,-0.00871,0.08306,0.13511
1791098151.236,26.5326,1.1293,2.2718,0.98679,-0.00792,0.07915,0.14112
1791098151.296,26.5820,1.1398,2.2567,0.98644,-0.00715,0.07487,0.14590
1791098151.356,26.6334,1.1509,2.2429,0.98634,-0.00656,0.07097,0.14848
1791098151.417,26.6863,1.1624,2.2302,0.98649,-0.00615,0.06751,0.14914
1791098151.477,26.7405,1.1744,2.2186,0.98682,-0.00588,0.06452,0.14827
1791098151.536,26.7957,1.1867,2.2082,0.98729,-0.00568,0.06198,0.14625
1791098151.597,26.8516,1.1992,2.1987,0.98782,-0.00555,0.05987,0.14351
1791098151.656,26.9080,1.2119,2.1900,0.98837,-0.00544,0.05816,0.14041
1791098151.717,26.9648,1.2247,2.1823,0.98888,-0.00569,0.05686,0.13730
1791098151.776,27.0219,1.2377,2.1755,0.98918,-0.00929,0.05534,0.13554
1791098151.836,27.0792,1.2511,2.1702,0.98902,-0.01385,0.05371,0.13701
1791098151.896,27.1365,1.2651,2.1662,0.98825,-0.01734,0.05240,0.14255
1791098151.956,27.1937,1.2799,2.1629,0.98686,-0.01940,0.05158,0.15189
1791098152.017,27.2505,1.2957,2.1601,0.98491,-0.02020,0.05122,0.16410
1791098152.076,27.3071,1.3124,2.1575,0.98250,-0.02009,0.05128,0.17791
1791098152.136,27.3633,1.3301,2.1550,0.97983,-0.01939,0.05161,0.19207
1791098152.196,27.4191,1.3486,2.1526,0.97711,-0.01830,0.05210,0.20546
1791098152.257,27.4747,1.3679,2.1503,0.97455,-0.01705,0.05262,0.21724
1791098152.316,27.5301,1.3880,2.1483,0.97234,-0.01577,0.05311,0.22689
1791098152.376,27.5853,1.4086,2.1465,0.97062,-0.01454,0.05354,0.23415
1791098152.436,27.6404,1.4299,2.1450,0.96942,-0.01346,0.05391,0.23903
1791098152.496,27.6954,1.4515,2.1438,0.96875,-0.01253,0.05423,0.24171
1791098152.556,27.7504,1.4736,2.1428,0.96848,-0.01288,0.05429,0.24275
1791098152.616,27.8053,1.4960,2.1422,0.96822,-0.01573,0.05346,0.24381
1791098152.676,27.8601,1.5191,2.1421,0.96756,-0.01874,0.05258,0.24640
1791098152.736,27.9147,1.5428,2.1423,0.96632,-0.02098,0.05191,0.25118
1791098152.796,27.9689,1.5673,2.1425,0.96451,-0.02193,0.05167,0.25801
1791098152.857,28.0228,1.5926,2.1428,0.96223,-0.02199,0.05177,0.26635
1791098152.916,28.0763,1.6188,2.1432,0.95966,-0.02140,0.05206,0.27547
1791098152.977,28.1295,1.6457,2.1436,0.95699,-0.02046,0.05246,0.28459
1791098153.036,28.1824,1.6733,2.1441,0.95443,-0.01934,0.05287,0.29307
1791098153.094,28.2280,1.6977,2.1446,0.95243,-0.01833,0.05323,0.29952
1791098153.154,28.2805,1.7264,2.1451,0.95048,-0.01722,0.05358,0.30565
1791098153.214,28.3328,1.7555,2.1457,0.94899,-0.01625,0.05386,0.31023
1791098153.274,28.3850,1.7850,2.1464,0.94799,-0.01544,0.05409,0.31329
1791098153.334,28.4371,1.8149,2.1471,0.94744,-0.01479,0.05426,0.31495
1791098153.394,28.4892,1.8450,2.1478,0.94728,-0.01428,0.05439,0.31542
1791098153.454,28.5412,1.8753,2.1487,0.94744,-0.01390,0.05448,0.31496
1791098153.514,28.5933,1.9058,2.1495,0.94782,-0.01364,0.05454,0.31382
1791098153.574,28.6453,1.9364,2.1505,0.94833,-0.01346,0.05459,0.31226
1791098153.634,28.6973,1.9672,2.1514,0.94890,-0.01337,0.05466,0.31051
1791098153.694,28.7493,1.9981,2.1524,0.94948,-0.01341,0.05472,0.30874
1791098153.754,28.8014,2.0291,2.1536,0.95016,-0.01200,0.04887,0.30767
1791098153.814,28.8532,2.0600,2.1567,0.94970,-0.00877,0.02812,0.31176
1791098153.874,28.9036,2.0903,2.1643,0.94556,-0.00464,0.00573,0.32535
1791098153.934,28.9511,2.1192,2.1762,0.93689,-0.00104,-0.01335,0.34937
1791098153.994,28.9948,2.1461,2.1897,0.92365,0.00159,-0.02738,0.38224
1791098154.062,29.0341,2.1704,2.2019,0.90620,0.00316,-0.03647,0.42125
1791098154.122,29.0689,2.1921,2.2110,0.88523,0.00328,-0.04107,0.46332
1791098154.183,29.0994,2.2111,2.2167,0.86235,-0.00782,-0.02993,0.50537
1791098154.242,29.1261,2.2284,2.2200,0.83828,-0.02391,-0.00897,0.54465
1791098154.303,29.1497,2.2456,2.2218,0.81413,-0.03716,0.01184,0.57937
1791098154.363,29.1710,2.2642,2.2230,0.79152,-0.04571,0.02897,0.60874
1791098154.422,29.1906,2.2854,2.2240,0.77163,-0.05021,0.04177,0.63270
1791098154.483,29.2090,2.3096,2.2247,0.75519,-0.05150,0.05081,0.65150
1791098154.542,29.2266,2.3372,2.2251,0.74249,-0.05070,0.05669,0.66553
1791098154.603,29.2437,2.3683,2.2253,0.73350,-0.04866,0.06014,0.67527
1791098154.662,29.2604,2.4026,2.2250,0.72775,-0.04250,0.05518,0.68229
1791098154.722,29.2769,2.4394,2.2245,0.72188,-0.02817,0.03765,0.69042
1791098154.783,29.2928,2.4772,2.2252,0.71152,-0.01278,0.01955,0.70228
1791098154.842,29.3081,2.5142,2.2274,0.69678,0.00172,0.00586,0.71726
1791098154.903,29.3229,2.5491,2.2344,0.68861,0.01578,-0.00063,0.72496
1791098154.962,29.3378,2.5808,2.2535,0.69341,0.02787,-0.00506,0.71999
1791098155.022,29.3532,2.6087,2.2787,0.70892,0.03707,-0.00937,0.70425
1791098155.083,29.3690,2.6324,2.3045,0.73313,0.04271,-0.01351,0.67862
1791098155.142,29.3851,2.6519,2.3288,0.76454,0.04493,-0.01685,0.64279
1791098155.202,29.4013,2.6671,2.3511,0.80160,0.04434,-0.01890,0.59591
1791098155.263,29.4172,2.6782,2.3716,0.84236,0.04168,-0.01946,0.53696
1791098155.323,29.4326,2.6857,2.3890,0.88365,0.03754,-0.01856,0.46626
1791098155.383,29.4471,2.6902,2.4003,0.92198,0.03274,-0.01644,0.38550
1791098155.443,29.4605,2.6925,2.4042,0.95449,0.02832,-0.01368,0.29657
1791098155.502,29.4729,2.6928,2.4013,0.97913,0.02468,-0.01075,0.20144
1791098155.558,29.4835,2.6918,2.3938,0.99379,0.02192,-0.00816,0.10883
1791098155.619,29.4937,2.6894,2.3821,0.99977,0.01939,-0.00534,0.00735
1791098155.678,29.5031,2.6859,2.3704,0.99579,0.01199,0.01247,-0.08996
1791098155.738,29.5130,2.6815,2.3688,0.98484,0.00017,0.03676,-0.16952
1791098155.799,29.5252,2.6768,2.3762,0.97183,-0.00550,0.04226,-0.23181
1791098155.858,29.5399,2.6721,2.3875,0.95966,-0.01139,0.03655,-0.27855
1791098155.919,29.5565,2.6677,2.4011,0.95004,-0.01777,0.02664,-0.31047
1791098155.979,29.5743,2.6641,2.4155,0.94395,-0.02287,0.01558,-0.32894
1791098156.039,29.5926,2.6619,2.4282,0.94134,-0.02489,0.00751,-0.33647
1791098156.099,29.6106,2.6610,2.4342,0.93986,-0.01408,0.01446,-0.34096
1791098156.159,29.6284,2.6605,2.4314,0.93777,-0.00302,0.02441,-0.34639
1791098156.218,29.6465,2.6598,2.4243,0.93824,-0.00201,0.02342,-0.34519
1791098156.278,29.6653,2.6586,2.4236,0.94407,-0.00366,0.01792,-0.32923
1791098156.339,29.6844,2.6573,2.4297,0.95430,-0.00614,0.01123,-0.29858
1791098156.398,29.7033,2.6563,2.4390,0.96708,-0.00898,0.00485,-0.25425
1791098156.458,29.7215,2.6559,2.4490,0.98033,-0.01155,-0.00054,-0.19704
1791098156.518,29.7387,2.6562,2.4565,0.99151,-0.01322,-0.00451,-0.12932
1791098156.579,29.7547,2.6572,2.4571,0.99835,-0.01366,-0.00681,-0.05544
1791098156.638,29.7694,2.6590,2.4494,0.99968,-0.01343,-0.00789,0.01979
1791098156.699,29.7827,2.6613,2.4353,0.99567,-0.01296,-0.00831,0.09163
1791098156.759,29.7946,2.6642,2.4191,0.98768,-0.01293,-0.00125,0.15593
1791098156.818,29.8056,2.6679,2.4046,0.97736,-0.01863,0.02026,0.20978
1791098156.878,29.8171,2.6730,2.3929,0.96642,-0.02464,0.04329,0.25210
1791098156.939,29.8303,2.6803,2.3838,0.95671,-0.02820,0.06154,0.28305
1791098156.998,29.8464,2.6903,2.3761,0.94949,-0.02899,0.07389,0.30360
1791098157.058,29.8656,2.7030,2.3685,0.94518,-0.02783,0.08092,0.31513
1791098157.119,29.8881,2.7184,2.3599,0.94361,-0.02568,0.08393,0.31920
1791098157.178,29.9138,2.7361,2.3495,0.94424,-0.02343,0.08423,0.31745
1791098157.239,29.9425,2.7558,2.3373,0.94639,-0.02155,0.08285,0.31146
1791098157.298,29.9740,2.7773,2.3234,0.94944,-0.02017,0.08049,0.30278
1791098157.363,30.0105,2.8019,2.3075,0.95301,-0.01963,0.07732,0.29223
1791098157.423,30.0472,2.8263,2.2923,0.95613,-0.02004,0.07383,0.28277
1791098157.483,30.0860,2.8519,2.2774,0.95866,-0.02053,0.07035,0.27495
1791098157.543,30.1266,2.8785,2.2631,0.96046,-0.02079,0.06703,0.26943
1791098157.602,30.1687,2.9061,2.2497,0.96151,-0.02078,0.06405,0.26639
1791098157.663,30.2121,2.9345,2.2372,0.96188,-0.02051,0.06144,0.26569
1791098157.723,30.2564,2.9636,2.2256,0.96168,-0.02004,0.05921,0.26694
1791098157.782,30.3015,2.9934,2.2150,0.96105,-0.01947,0.05738,0.26966
1791098157.842,30.3472,3.0236,2.2052,0.96011,-0.01886,0.05588,0.27334
1791098157.903,30.3934,3.0542,2.1961,0.95900,-0.01825,0.05471,0.27747
1791098157.962,30.4400,3.0852,2.1879,0.95784,-0.01770,0.05382,0.28164
1791098158.022,30.4868,3.1164,2.1803,0.95673,-0.01723,0.05315,0.28555
1791098158.082,30.5339,3.1479,2.1735,0.95574,-0.01688,0.05269,0.28896
1791098158.143,30.5812,3.1795,2.1673,0.95491,-0.01664,0.05237,0.29175
1791098158.202,30.6286,3.2113,2.1617,0.95427,-0.01643,0.05216,0.29390
1791098158.262,30.6762,3.2433,2.1566,0.95381,-0.01629,0.05205,0.29543
1791098158.323,30.7238,3.2754,2.1521,0.95351,-0.01621,0.05202,0.29640
1791098158.382,30.7716,3.3076,2.1480,0.95334,-0.01616,0.05205,0.29693
1791098158.442,30.8194,3.3399,2.1445,0.95328,-0.01618,0.05212,0.29712
1791098158.503,30.8674,3.3723,2.1414,0.95328,-0.01621,0.05222,0.29708
1791098158.563,30.9154,3.4048,2.1386,0.95333,-0.01629,0.05234,0.29692
1791098158.622,30.9635,3.4374,2.1363,0.95338,-0.01640,0.05247,0.29672
1791098158.683,31.0117,3.4701,2.1342,0.95343,-0.01651,0.05258,0.29655
1791098158.743,31.0600,3.5029,2.1325,0.95345,-0.01661,0.05269,0.29645
1791098158.803,31.1084,3.5359,2.1311,0.95344,-0.01669,0.05277,0.29645
1791098158.863,31.1569,3.5689,2.1299,0.95341,-0.01677,0.05286,0.29655
1791098158.922,31.2055,3.6021,2.1289,0.95334,-0.01685,0.05293,0.29676
1791098158.983,31.2541,3.6353,2.1282,0.95324,-0.01693,0.05301,0.29705
1791098159.043,31.3029,3.6687,2.1277,0.95312,-0.01700,0.05310,0.29741
1791098159.102,31.3517,3.7022,2.1274,0.95299,-0.01704,0.05318,0.29782
1791098159.162,31.4006,3.7357,2.1273,0.95284,-0.01711,0.05324,0.29826
1791098159.223,31.4495,3.7694,2.1275,0.95272,-0.01673,0.05350,0.29863
1791098159.282,31.4986,3.8032,2.1281,0.95301,-0.01285,0.05459,0.29770
1791098159.343,31.5481,3.8369,2.1296,0.95421,-0.00814,0.05569,0.29378
1791098159.402,31.5979,3.8702,2.1318,0.95650,-0.00452,0.05648,0.28619
1791098159.463,31.6483,3.9027,2.1344,0.96018,-0.00144,0.04952,0.27495
1791098159.522,31.6989,3.9343,2.1378,0.96545,0.00404,0.02907,0.25894
1791098159.582,31.7483,3.9641,2.1422,0.97135,0.00895,0.00766,0.23738
1791098159.642,31.7952,3.9917,2.1468,0.97734,0.01258,-0.00983,0.21108
1791098159.702,31.8388,4.0165,2.1509,0.98295,0.01521,-0.02247,0.18185
1791098159.763,31.8783,4.0384,2.1543,0.98779,0.01702,-0.03083,0.15179
1791098159.823,31.9135,4.0576,2.1568,0.99162,0.01792,-0.03536,0.12297
1791098159.882,31.9443,4.0740,2.1598,0.99485,0.01253,-0.02154,0.09829
1791098159.943,31.9717,4.0883,2.1654,0.99664,0.00386,0.00438,0.08174
1791098160.003,31.9976,4.1015,2.1746,0.99672,-0.00516,0.02880,0.07540
1791098160.062,32.0241,4.1144,2.1860,0.99565,-0.01271,0.04754,0.07916
1791098160.122,32.0520,4.1275,2.1974,0.99381,-0.01849,0.06040,0.09141
1791098160.182,32.0821,4.1415,2.2069,0.99132,-0.02254,0.06858,0.10989
1791098160.242,32.1145,4.1564,2.2133,0.98820,-0.02484,0.07341,0.13212
1791098160.302,32.1492,4.1727,2.2166,0.98454,-0.02568,0.07601,0.15573
1791098160.358,32.1838,4.1890,2.2174,0.98082,-0.02548,0.07703,0.17725
1791098160.419,32.2232,4.2080,2.2167,0.97682,-0.02460,0.07700,0.19823
1791098160.478,32.2648,4.2284,2.2151,0.97314,-0.02333,0.07610,0.21604
1791098160.539,32.3085,4.2502,2.2132,0.97006,-0.02194,0.07460,0.23008
1791098160.598,32.3541,4.2732,2.2112,0.96777,-0.02060,0.07269,0.24024
1791098160.658,32.4013,4.2974,2.2091,0.96632,-0.01942,0.07059,0.24672
1791098160.719,32.4500,4.3226,2.2072,0.96565,-0.01843,0.06846,0.24998
1791098160.775,32.4965,4.3468,2.2055,0.96563,-0.01768,0.06654,0.25063
1791098160.835,32.5472,4.3735,2.2037,0.96609,-0.01705,0.06464,0.24939
1791098160.894,32.5988,4.4007,2.2020,0.96688,-0.01657,0.06290,0.24680
1791098160.954,32.6510,4.4283,2.2004,0.96773,-0.01791,0.06108,0.24383
1791098161.014,32.7038,4.4565,2.1994,0.96804,-0.02285,0.05796,0.24295
1791098161.074,32.7568,4.4855,2.1994,0.96727,-0.02766,0.05493,0.24618
1791098161.134,32.8098,4.5155,2.2003,0.96524,-0.03095,0.05256,0.25415
1791098161.195,32.8624,4.5466,2.2015,0.96198,-0.03259,0.05107,0.26631
1791098161.254,32.9145,4.5789,2.2026,0.95769,-0.03299,0.05034,0.28143
1791098161.314,32.9660,4.6122,2.2033,0.95267,-0.03264,0.05020,0.29806
1791098161.374,33.0168,4.6466,2.2036,0.94730,-0.03167,0.05049,0.31475
1791098161.435,33.0670,4.6820,2.2036,0.94198,-0.03062,0.05084,0.33037
1791098161.494,33.1166,4.7183,2.2034,0.93667,-0.03230,0.04972,0.34516
1791098161.554,33.1656,4.7555,2.2033,0.93096,-0.03479,0.04821,0.36025
1791098161.615,33.2137,4.7938,2.2032,0.92463,-0.03649,0.04721,0.37617
1791098161.674,33.2608,4.8333,2.2031,0.91773,-0.03711,0.04685,0.39267
1791098161.734,33.3069,4.8739,2.2031,0.91053,-0.03683,0.04700,0.40910
1791098161.795,33.3521,4.9156,2.2033,0.90340,-0.03581,0.04753,0.42465
1791098161.855,33.3963,4.9583,2.2036,0.89662,-0.03524,0.04759,0.43882
1791098161.914,33.4396,5.0020,2.2041,0.88992,-0.03674,0.04616,0.45228
1791098161.975,33.4819,5.0466,2.2048,0.88291,-0.03821,0.04481,0.46584
1791098162.035,33.5230,5.0921,2.2053,0.87546,-0.03892,0.04407,0.47970
1791098162.095,33.5629,5.1386,2.2058,0.86773,-0.03871,0.04396,0.49357
1791098162.155,33.6016,5.1860,2.2064,0.86004,-0.03791,0.04432,0.50688
1791098162.214,33.6392,5.2342,2.2069,0.85276,-0.03667,0.04496,0.51907
1791098162.274,33.6757,5.2831,2.2075,0.84583,-0.03749,0.04389,0.53032
1791098162.334,33.7111,5.3328,2.2084,0.83837,-0.04023,0.04100,0.54206
1791098162.394,33.7451,5.3832,2.2095,0.82969,-0.04278,0.03826,0.55527
1791098162.455,33.7776,5.4343,2.2105,0.81968,-0.04410,0.03672,0.56994
1791098162.514,33.8083,5.4862,2.2114,0.80871,-0.04408,0.03655,0.58541
1791098162.575,33.8374,5.5387,2.2121,0.79734,-0.04321,0.03726,0.60083
1791098162.635,33.8650,5.5918,2.2127,0.78620,-0.04203,0.03817,0.61536
1791098162.691,33.8893,5.6418,2.2131,0.77605,-0.04246,0.03733,0.62814
1791098162.751,33.9140,5.6959,2.2135,0.76499,-0.04348,0.03579,0.64158
1791098162.810,33.9370,5.7504,2.2136,0.75355,-0.04406,0.03490,0.65499
1791098162.870,33.9585,5.8054,2.2137,0.74190,-0.04400,0.03478,0.66816
1791098162.930,33.9783,5.8607,2.2136,0.73047,-0.04340,0.03526,0.68066
1791098162.990,33.9967,5.9164,2.2137,0.71975,-0.04239,0.03620,0.69199
1791098163.051,34.0136,5.9724,2.2138,0.71020,-0.04123,0.03732,0.70180
1791098163.111,34.0293,6.0287,2.2140,0.70217,-0.03998,0.03852,0.70984
1791098163.171,34.0440,6.0853,2.2143,0.69585,-0.03877,0.03970,0.71604
1791098163.230,34.0577,6.1422,2.2146,0.69123,-0.03782,0.04061,0.72050
1791098163.291,34.0706,6.1992,2.2151,0.68762,-0.03876,0.03926,0.72397
1791098163.350,34.0826,6.2566,2.2157,0.68372,-0.04045,0.03691,0.72769
1791098163.411,34.0935,6.3140,2.2165,0.67867,-0.04183,0.03508,0.73241
1791098163.471,34.1033,6.3716,2.2171,0.67230,-0.04276,0.03386,0.73827
1791098163.531,34.1119,6.4293,2.2182,0.66670,-0.03801,0.03598,0.74348
1791098163.590,34.1196,6.4876,2.2276,0.67176,-0.01791,0.03483,0.73973
1791098163.650,34.1279,6.5460,2.2511,0.69030,0.00566,0.02763,0.72297
1791098163.711,34.1375,6.6022,2.2816,0.71875,0.02824,0.01827,0.69445
1791098163.771,34.1489,6.6543,2.3120,0.75396,0.04670,0.00860,0.65520
1791098163.830,34.1620,6.7013,2.3393,0.79393,0.05935,-0.00021,0.60510
1791098163.890,34.1767,6.7424,2.3632,0.83687,0.06607,-0.00698,0.54335
1791098163.951,34.1923,6.7771,2.3831,0.88000,0.06718,-0.01112,0.47007
1791098164.010,34.2083,6.8059,2.3966,0.91986,0.06380,-0.01239,0.38682
1791098164.070,34.2241,6.8294,2.4028,0.95352,0.05848,-0.01146,0.29539
1791098164.131,34.2392,6.8482,2.4020,0.97877,0.05303,-0.00928,0.19776
1791098164.191,34.2534,6.8626,2.3958,0.99421,0.04790,-0.00652,0.09595
1791098164.250,34.2667,6.8732,2.3859,0.99903,0.04314,-0.00365,-0.00802
1791098164.310,34.2789,6.8805,2.3737,0.99303,0.03867,-0.00103,-0.11130
1791098164.371,34.2899,6.8848,2.3610,0.97719,0.03448,0.00106,-0.20956
1791098164.431,34.2999,6.8864,2.3497,0.95396,0.03056,0.00247,-0.29836
1791098164.491,34.3087,6.8857,2.3419,0.92685,0.02690,0.00323,-0.37446
1791098164.550,34.3164,6.8830,2.3391,0.89952,0.02279,0.00822,-0.43620
1791098164.611,34.3234,6.8785,2.3418,0.87482,0.02124,0.02284,-0.48345
1791098164.671,34.3308,6.8721,2.3483,0.85449,0.02182,0.03851,-0.51757
1791098164.730,34.3392,6.8632,2.3564,0.83960,0.02204,0.05067,-0.54039
1791098164.790,34.3492,6.8518,2.3639,0.83034,0.02126,0.05849,-0.55377
1791098164.851,34.3610,6.8378,2.3689,0.82625,0.01978,0.06286,-0.55943
1791098164.910,34.3745,6.8215,2.3703,0.82645,0.01820,0.06473,-0.55898
1791098164.970,34.3899,6.8031,2.3678,0.82985,0.01695,0.06493,-0.55393
1791098165.031,34.4070,6.7828,2.3617,0.83536,0.01623,0.06407,-0.54571
1791098165.091,34.4259,6.7607,2.3527,0.84196,0.01594,0.06250,-0.53568
1791098165.151,34.4464,6.7370,2.3419,0.84876,0.01598,0.06052,-0.52505
1791098165.211,34.4684,6.7118,2.3300,0.85513,0.01620,0.05828,-0.51487
1791098165.271,34.4918,6.6852,2.3179,0.86062,0.01650,0.05593,-0.50590
1791098165.331,34.5165,6.6575,2.3061,0.86498,0.01676,0.05355,-0.49865
1791098165.390,34.5422,6.6286,2.2947,0.86815,0.01694,0.05128,-0.49336
1791098165.450,34.5687,6.5989,2.2841,0.87015,0.01709,0.04919,-0.49002
1791098165.510,34.5960,6.5683,2.2742,0.87112,0.01722,0.04732,-0.48848
1791098165.571,34.6238,6.5370,2.2651,0.87122,0.01744,0.04560,-0.48846
1791098165.639,34.6520,6.5051,2.2567,0.87064,0.01776,0.04409,-0.48961
1791098165.700,34.6824,6.4704,2.2485,0.86952,0.01786,0.04290,-0.49170
1791098165.760,34.7110,6.4375,2.2414,0.86819,0.01790,0.04208,-0.49413
1791098165.819,34.7398,6.4041,2.2349,0.86674,0.01792,0.04149,-0.49671
1791098165.880,34.7686,6.3703,2.2290,0.86532,0.01796,0.04110,-0.49921
1791098165.940,34.7975,6.3362,2.2235,0.86401,0.01807,0.04085,-0.50149
1791098165.999,34.8263,6.3017,2.2184,0.86289,0.01821,0.04074,-0.50342
1791098166.059,34.8551,6.2669,2.2138,0.86197,0.01838,0.04073,-0.50498
1791098166.119,34.8839,6.2318,2.2096,0.86127,0.01860,0.04079,-0.50617
1791098166.179,34.9126,6.1963,2.2057,0.86077,0.01881,0.04090,-0.50700
1791098166.239,34.9413,6.1606,2.2022,0.86044,0.01903,0.04106,-0.50754
1791098166.300,34.9700,6.1245,2.1991,0.86024,0.01921,0.04125,-0.50785
1791098166.359,34.9986,6.0882,2.1963,0.86015,0.01938,0.04145,-0.50799
1791098166.419,35.0272,6.0515,2.1939,0.86011,0.01955,0.04167,-0.50803
1791098166.480,35.0558,6.0145,2.1918,0.86011,0.01972,0.04188,-0.50801
1791098166.539,35.0844,5.9772,2.1899,0.86011,0.01992,0.04206,-0.50799
1791098166.597,35.1091,5.9446,2.1885,0.86009,0.02008,0.04220,-0.50799
1791098166.657,35.1377,5.9068,2.1872,0.86005,0.02032,0.04234,-0.50804
1791098166.717,35.1663,5.8686,2.1860,0.85998,0.02067,0.04237,-0.50815
1791098166.777,35.1949,5.8301,2.1851,0.85987,0.02088,0.04247,-0.50832
1791098166.837,35.2234,5.7913,2.1844,0.85973,0.02105,0.04259,-0.50853
1791098166.897,35.2519,5.7522,2.1839,0.85957,0.02116,0.04273,-0.50879
1791098166.957,35.2786,5.7155,2.1835,0.85940,0.02128,0.04286,-0.50906
1791098167.018,35.3090,5.6732,2.1833,0.85919,0.02142,0.04303,-0.50939
1791098167.077,35.3375,5.6333,2.1832,0.85899,0.02153,0.04322,-0.50972
1791098167.137,35.3661,5.5930,2.1833,0.85878,0.02165,0.04338,-0.51004
1791098167.197,35.3946,5.5525,2.1835,0.85858,0.02176,0.04357,-0.51036
1791098167.257,35.4232,5.5118,2.1839,0.85839,0.02187,0.04375,-0.51065
1791098167.317,35.4518,5.4707,2.1844,0.85822,0.02195,0.04394,-0.51093
1791098167.377,35.4804,5.4294,2.1850,0.85806,0.02204,0.04411,-0.51118
1791098167.438,35.5090,5.3878,2.1857,0.85791,0.02214,0.04428,-0.51141
1791098167.497,35.5377,5.3460,2.1865,0.85778,0.02222,0.04445,-0.51161
1791098167.557,35.5664,5.3040,2.1874,0.85766,0.02233,0.04460,-0.51180
1791098167.617,35.5952,5.2616,2.1884,0.85755,0.02244,0.04474,-0.51197
1791098167.678,35.6240,5.2191,2.1894,0.85744,0.02264,0.04479,-0.51213
1791098167.738,35.6529,5.1762,2.1912,0.85674,0.02148,0.03769,-0.51392
1791098167.797,35.6815,5.1331,2.1992,0.85043,0.01531,0.01661,-0.52560
1791098167.857,35.7090,5.0906,2.2210,0.83352,0.00752,-0.00592,-0.55240
1791098167.918,35.7340,5.0505,2.2512,0.80627,0.00078,-0.02619,-0.59097
1791098167.977,35.7559,5.0138,2.2812,0.77070,0.00589,-0.03425,-0.63625
1791098168.038,35.7748,4.9803,2.3037,0.73248,0.01433,-0.01829,-0.68039
1791098168.097,35.7911,4.9490,2.3208,0.69887,0.02184,0.00412,-0.71490
1791098168.158,35.8055,4.9182,2.3398,0.67452,0.02742,0.02424,-0.73735
1791098168.217,35.8187,4.8868,2.3603,0.66001,0.03028,0.03958,-0.74961
1791098168.277,35.8313,4.8538,2.3804,0.65543,0.03021,0.05042,-0.75296
1791098168.338,35.8438,4.8188,2.3992,0.66075,0.02801,0.05742,-0.74788
1791098168.397,35.8567,4.7820,2.4153,0.67449,0.02466,0.06148,-0.73531
1791098168.457,35.8701,4.7439,2.4255,0.69403,0.02136,0.06340,-0.71683
1791098168.517,35.8843,4.7048,2.4282,0.71675,0.01933,0.06400,-0.69412
1791098168.578,35.8993,4.6649,2.4235,0.74032,0.01882,0.06382,-0.66896
1791098168.637,35.9154,4.6243,2.4135,0.76282,0.01940,0.06307,-0.64324
1791098168.697,35.9327,4.5828,2.4002,0.78287,0.02052,0.06186,-0.61877
1791098168.757,35.9512,4.5404,2.3857,0.79961,0.02181,0.06024,-0.59709
1791098168.817,35.9709,4.4970,2.3714,0.81272,0.02303,0.05830,-0.57927
1791098168.877,35.9917,4.4528,2.3577,0.82225,0.02401,0.05623,-0.56583
1791098168.937,36.0135,4.4078,2.3450,0.82851,0.02472,0.05421,-0.55680
1791098168.997,36.0360,4.3622,2.3333,0.83195,0.02518,0.05236,-0.55181
1791098169.058,36.0592,4.3159,2.3222,0.83308,0.02543,0.05075,-0.55023
1791098169.113,36.0813,4.2724,2.3125,0.83253,0.02553,0.04949,-0.55117
1791098169.174,36.1052,4.2253,2.3024,0.83074,0.02555,0.04841,-0.55397
1791098169.234,36.1295,4.1780,2.2929,0.82816,0.02558,0.04757,-0.55789
1791098169.293,36.1540,4.1303,2.2838,0.82524,0.02557,0.04693,-0.56225
1791098169.353,36.1786,4.0824,2.2752,0.82222,0.02644,0.04582,-0.56671
1791098169.413,36.2032,4.0342,2.2674,0.81860,0.02943,0.04301,-0.57199
1791098169.473,36.2275,3.9856,2.2604,0.81378,0.03241,0.04026,-0.57887
1791098169.533,36.2513,3.9367,2.2542,0.80758,0.03462,0.03825,-0.58749
1791098169.593,36.2743,3.8874,2.2485,0.80025,0.03589,0.03711,-0.59744
1791098169.653,36.2964,3.8376,2.2434,0.79205,0.03752,0.03560,-0.60827
1791098169.713,36.3175,3.7874,2.2389,0.78244,0.04073,0.03217,-0.62056
1791098169.773,36.3373,3.7368,2.2352,0.77088,0.04371,0.02887,-0.63482
1791098169.833,36.3554,3.6858,2.2320,0.75751,0.04559,0.02695,-0.65067
1791098169.893,36.3718,3.6343,2.2291,0.74354,0.04436,0.02850,-0.66661
1791098169.953,36.3866,3.5825,2.2268,0.73065,0.04183,0.03147,-0.68074
1791098170.013,36.4000,3.5304,2.2251,0.72017,0.03913,0.03443,-0.69184
1791098170.073,36.4125,3.4778,2.2241,0.71279,0.03673,0.03692,-0.69944
1791098170.133,36.4242,3.4250,2.2234,0.70868,0.03480,0.03882,-0.70360
1791098170.193,36.4353,3.3719,2.2230,0.70754,0.03334,0.04020,-0.70474
1791098170.254,36.4462,3.3186,2.2225,0.70884,0.03238,0.04113,-0.70343
1791098170.315,36.4560,3.2687,2.2219,0.71165,0.03182,0.04173,-0.70057
1791098170.375,36.4664,3.2150,2.2210,0.71573,0.03154,0.04216,-0.69639
1791098170.435,36.4767,3.1612,2.2199,0.72031,0.03152,0.04245,-0.69164
1791098170.496,36.4870,3.1072,2.2186,0.72486,0.03162,0.04265,-0.68685
1791098170.555,36.4973,3.0531,2.2173,0.72902,0.03183,0.04275,-0.68242
1791098170.615,36.5075,2.9987,2.2158,0.73253,0.03205,0.04278,-0.67863
1791098170.675,36.5178,2.9442,2.2145,0.73528,0.03227,0.04278,-0.67565
1791098170.734,36.5267,2.8968,2.2134,0.73701,0.03246,0.04276,-0.67375
1791098170.795,36.5370,2.8419,2.2122,0.73831,0.03270,0.04269,-0.67231
1791098170.855,36.5473,2.7868,2.2111,0.73895,0.03290,0.04264,-0.67161
1791098170.914,36.5576,2.7316,2.2101,0.73906,0.03299,0.04265,-0.67148
1791098170.974,36.5679,2.6762,2.2093,0.73876,0.03307,0.04269,-0.67180
1791098171.034,36.5781,2.6206,2.2086,0.73820,0.03314,0.04274,-0.67241
1791098171.094,36.5884,2.5649,2.2080,0.73751,0.03322,0.04282,-0.67316
1791098171.154,36.5987,2.5089,2.2075,0.73677,0.03329,0.04291,-0.67395
1791098171.215,36.6090,2.4529,2.2071,0.73609,0.03336,0.04301,-0.67470
1791098171.274,36.6192,2.3966,2.2068,0.73550,0.03342,0.04310,-0.67533
1791098171.334,36.6294,2.3402,2.2065,0.73505,0.03349,0.04317,-0.67581
1791098171.394,36.6396,2.2837,2.2063,0.73473,0.03356,0.04326,-0.67614
1791098171.455,36.6498,2.2270,2.2062,0.73440,0.03451,0.04262,-0.67649
1791098171.514,36.6599,2.1701,2.2065,0.73306,0.03740,0.03961,-0.67798
1791098171.574,36.6696,2.1130,2.2075,0.72969,0.04023,0.03652,-0.68162
1791098171.634,36.6786,2.0557,2.2089,0.72398,0.04232,0.03425,-0.68767
1791098171.694,36.6868,1.9982,2.2104,0.71620,0.04350,0.03302,-0.69575
1791098171.754,36.6941,1.9407,2.2117,0.70697,0.04397,0.03266,-0.70512
1791098171.814,36.7003,1.8830,2.2129,0.69703,0.04393,0.03293,-0.71494
1791098171.874,36.7055,1.8253,2.2139,0.68714,0.04369,0.03345,-0.72444
1791098171.934,36.7099,1.7675,2.2146,0.67782,0.04389,0.03327,-0.73316
1791098171.994,36.7132,1.7096,2.2152,0.66868,0.04527,0.03143,-0.74151
1791098172.054,36.7155,1.6517,2.2158,0.65908,0.04667,0.02961,-0.75004
1791098172.114,36.7166,1.5938,2.2163,0.64888,0.04751,0.02862,-0.75887
1791098172.174,36.7165,1.5359,2.2167,0.63830,0.04778,0.02845,-0.76778
1791098172.234,36.7150,1.4781,2.2170,0.62776,0.04778,0.02851,-0.77642
1791098172.294,36.7124,1.4203,2.2175,0.61684,0.04923,0.02594,-0.78512
1791098172.354,36.7083,1.3627,2.2182,0.60451,0.05091,0.02261,-0.79465
1791098172.414,36.7026,1.3053,2.2190,0.59037,0.05204,0.02034,-0.80520
1791098172.474,36.6952,1.2482,2.2197,0.57475,0.05242,0.01941,-0.81642
1791098172.534,36.6861,1.1916,2.2204,0.55835,0.05236,0.01917,-0.82773
1791098172.594,36.6754,1.1355,2.2209,0.54116,0.05309,0.01679,-0.83908
1791098172.654,36.6629,1.0800,2.2213,0.52266,0.05388,0.01416,-0.85072
1791098172.714,36.6485,1.0252,2.2217,0.50294,0.05420,0.01280,-0.86253
1791098172.775,36.6323,0.9712,2.2220,-0.48267,-0.05403,-0.01279,0.87404
1791098172.834,36.6142,0.9181,2.2223,-0.46274,-0.05353,-0.01334,0.88477
1791098172.894,36.5945,0.8658,2.2226,-0.44313,-0.05370,-0.01126,0.89477
1791098172.954,36.5730,0.8144,2.2229,-0.42303,-0.05409,-0.00832,0.90446
1791098173.015,36.5498,0.7642,2.2232,-0.40218,-0.05434,-0.00607,0.91393
1791098173.074,36.5247,0.7153,2.2235,-0.38111,-0.05414,-0.00568,0.92293
1791098173.134,36.4980,0.6676,2.2239,-0.36062,-0.05358,-0.00660,0.93115
1791098173.194,36.4696,0.6212,2.2245,-0.34163,-0.05279,-0.00836,0.93831
1791098173.254,36.4399,0.5760,2.2253,-0.32491,-0.05190,-0.01036,0.94426
1791098173.314,36.4088,0.5317,2.2263,-0.31101,-0.05091,-0.01251,0.94896
1791098173.374,36.3766,0.4883,2.2275,-0.30019,-0.04994,-0.01458,0.95246
1791098173.434,36.3434,0.4456,2.2288,-0.29243,-0.04902,-0.01640,0.95489
1791098173.494,36.3094,0.4036,2.2301,-0.28752,-0.04821,-0.01801,0.95639
1791098173.555,36.2747,0.3620,2.2315,-0.28507,-0.04752,-0.01934,0.95713
1791098173.614,36.2395,0.3209,2.2327,-0.28459,-0.04696,-0.02045,0.95728
1791098173.674,36.2038,0.2801,2.2338,-0.28555,-0.04652,-0.02133,0.95700
1791098173.734,36.1677,0.2396,2.2348,-0.28747,-0.04623,-0.02203,0.95642
1791098173.794,36.1313,0.1992,2.2356,-0.28989,-0.04604,-0.02259,0.95568
1791098173.854,36.0946,0.1591,2.2364,-0.29245,-0.04595,-0.02295,0.95490
1791098173.914,36.0577,0.1190,2.2371,-0.29487,-0.04595,-0.02322,0.95415
1791098173.975,36.0205,0.0789,2.2378,-0.29696,-0.04601,-0.02339,0.95349
1791098174.034,35.9832,0.0390,2.2384,-0.29861,-0.04617,-0.02345,0.95297
1791098174.094,35.9456,-0.0010,2.2390,-0.29978,-0.04641,-0.02331,0.95259
1791098174.154,35.9079,-0.0409,2.2396,-0.30049,-0.04666,-0.02322,0.95236
1791098174.214,35.8699,-0.0808,2.2402,-0.30081,-0.04690,-0.02329,0.95225
1791098175.168,35.8445,-0.1074,2.2406,-0.30084,-0.04705,-0.02333,0.95223
1791098175.228,35.8062,-0.1472,2.2412,-0.30066,-0.04728,-0.02341,0.95227
1791098175.288,35.7677,-0.1871,2.2419,-0.30038,-0.04408,-0.02225,0.95254
1791098175.348,35.7293,-0.2268,2.2432,-0.30040,-0.02905,-0.01861,0.95319
1791098175.409,35.6916,-0.2660,2.2451,-0.30176,-0.02590,-0.02196,0.95278
1791098175.468,35.6551,-0.3047,2.2476,-0.30637,-0.02844,-0.02771,0.95109
1791098175.529,35.6195,-0.3434,2.2503,-0.31487,-0.03259,-0.03275,0.94801
1791098175.589,35.5848,-0.3825,2.2528,-0.32683,-0.03665,-0.03622,0.94368
1791098175.649,35.5507,-0.4222,2.2548,-0.34114,-0.04024,-0.03816,0.93837
1791098175.708,35.5171,-0.4628,2.2563,-0.35652,-0.04328,-0.03889,0.93247
1791098175.769,35.4838,-0.5044,2.2571,-0.37171,-0.04574,-0.03873,0.92641
1791098175.828,35.4507,-0.5469,2.2574,-0.38571,-0.04766,-0.03800,0.92061
1791098175.888,35.4221,-0.5846,2.2575,-0.39629,-0.04893,-0.03705,0.91607
1791098175.949,35.3891,-0.6289,2.2574,-0.40635,-0.04999,-0.03582,0.91165
1791098176.009,35.3560,-0.6741,2.2571,-0.41392,-0.05068,-0.03454,0.90824
1791098176.069,35.3229,-0.7200,2.2568,-0.41909,-0.05109,-0.03332,0.90589
1791098176.129,35.2896,-0.7665,2.2564,-0.42208,-0.05131,-0.03218,0.90453
1791098176.189,35.2561,-0.8137,2.2559,-0.42324,-0.05133,-0.03119,0.90403
1791098176.249,35.2225,-0.8612,2.2554,-0.42297,-0.05127,-0.03030,0.90418
1791098176.309,35.1887,-0.9092,2.2549,-0.42169,-0.05122,-0.02946,0.90481
1791098176.369,35.1547,-0.9575,2.2543,-0.41981,-0.05108,-0.02888,0.90571
1791098176.429,35.1205,-1.0060,2.2537,-0.41766,-0.05088,-0.02854,0.90673
1791098176.489,35.0861,-1.0546,2.2530,-0.41550,-0.05069,-0.02832,0.90774
1791098176.549,35.0515,-1.1035,2.2524,-0.41355,-0.05058,-0.02816,0.90864
1791098176.608,35.0167,-1.1524,2.2518,-0.41193,-0.05048,-0.02805,0.90938
1791098176.669,34.9817,-1.2015,2.2513,-0.41071,-0.05044,-0.02797,0.90994
1791098176.729,34.9466,-1.2506,2.2507,-0.40989,-0.05041,-0.02790,0.91031
1791098176.789,34.9113,-1.2999,2.2503,-0.40946,-0.05041,-0.02784,0.91051
1791098176.849,34.8759,-1.3491,2.2498,-0.40934,-0.05043,-0.02779,0.91056
1791098176.909,34.8403,-1.3985,2.2495,-0.40948,-0.05045,-0.02777,0.91050
1791098176.969,34.8045,-1.4479,2.2492,-0.40979,-0.05048,-0.02777,0.91036
1791098177.029,34.7687,-1.4974,2.2490,-0.41021,-0.05052,-0.02777,0.91017
1791098177.088,34.7327,-1.5469,2.2489,-0.41068,-0.05053,-0.02779,0.90995
1791098177.149,34.6966,-1.5965,2.2487,-0.41115,-0.05056,-0.02779,0.90974
1791098177.209,34.6604,-1.6461,2.2486,-0.41157,-0.05059,-0.02777,0.90955
1791098177.269,34.6241,-1.6958,2.2485,-0.41193,-0.05062,-0.02773,0.90939
1791098177.331,34.5877,-1.7455,2.2485,-0.41222,-0.05068,-0.02766,0.90926
1791098177.389,34.5512,-1.7953,2.2484,-0.41242,-0.05077,-0.02752,0.90916
1791098177.449,34.5146,-1.8451,2.2483,-0.41256,-0.05086,-0.02743,0.90909
1791098177.509,34.4779,-1.8949,2.2483,-0.41265,-0.05090,-0.02743,0.90905
1791098177.568,34.4411,-1.9447,2.2482,-0.41269,-0.05094,-0.02747,0.90903
1791098177.628,34.4042,-1.9946,2.2481,-0.41274,-0.05091,-0.02775,0.90900
1791098177.689,34.3672,-2.0445,2.2483,-0.41362,-0.04965,-0.03038,0.90858
1791098177.749,34.3303,-2.0947,2.2489,-0.41661,-0.04792,-0.03364,0.90720
1791098177.808,34.2937,-2.1452,2.2499,-0.42224,-0.04658,-0.03615,0.90456
1791098177.868,34.2575,-2.1961,2.2508,-0.43032,-0.04585,-0.03765,0.90072
1791098177.929,34.2219,-2.2475,2.2517,-0.44016,-0.04565,-0.03826,0.89594
1791098177.988,34.1868,-2.2994,2.2523,-0.45088,-0.04589,-0.03824,0.89058
1791098178.049,34.1524,-2.3518,2.2527,-0.46161,-0.04639,-0.03781,0.88506
1791098178.109,34.1185,-2.4046,2.2529,-0.47160,-0.04705,-0.03712,0.87978
1791098178.169,34.0851,-2.4579,2.2529,-0.48031,-0.04777,-0.03632,0.87504
1791098178.229,34.0521,-2.5116,2.2528,-0.48743,-0.04846,-0.03550,0.87109
1791098178.289,34.0195,-2.5656,2.2526,-0.49283,-0.04910,-0.03474,0.86805
1791098178.348,33.9872,-2.6200,2.2524,-0.49653,-0.04966,-0.03409,0.86592
1791098178.409,33.9551,-2.6747,2.2522,-0.49875,-0.05004,-0.03375,0.86464
1791098178.469,33.9233,-2.7297,2.2521,0.50053,0.04872,0.03598,-0.86360
1791098178.529,33.8917,-2.7851,2.2524,0.50349,0.04663,0.03914,-0.86185
1791098178.588,33.8608,-2.8410,2.2529,0.50860,0.04494,0.04163,-0.85882
1791098178.649,33.8305,-2.8974,2.2535,0.51594,0.04397,0.04312,-0.85441
1791098178.709,33.8012,-2.9543,2.2539,0.52502,0.04367,0.04370,-0.84885
1791098178.769,33.7727,-3.0118,2.2543,0.53508,0.04392,0.04365,-0.84253
1791098178.829,33.7450,-3.0698,2.2544,0.54531,0.04453,0.04312,-0.83594
1791098178.889,33.7182,-3.1283,2.2544,0.55499,0.04535,0.04229,-0.82954
1791098178.948,33.6920,-3.1872,2.2543,0.56359,0.04620,0.04135,-0.82373
1791098179.009,33.6666,-3.2466,2.2541,0.57074,0.04702,0.04036,-0.81879
1791098179.069,33.6416,-3.3063,2.2539,0.57628,0.04779,0.03941,-0.81490
1791098179.129,33.6171,-3.3664,2.2536,0.58026,0.04833,0.03871,-0.81207
1791098179.188,33.5930,-3.4268,2.2535,0.58347,0.04709,0.04015,-0.80977
1791098179.249,33.5694,-3.4876,2.2536,0.58727,0.04508,0.04239,-0.80703
1791098179.309,33.5465,-3.5488,2.2538,0.59244,0.04352,0.04412,-0.80323
1791098179.369,33.5244,-3.6103,2.2540,0.59911,0.04266,0.04508,-0.79826
1791098179.429,33.5032,-3.6721,2.2540,0.60692,0.04242,0.04537,-0.79233
1791098179.489,33.4830,-3.7343,2.2538,0.61534,0.04249,0.04518,-0.78582
1791098179.549,33.4636,-3.7968,2.2538,0.62487,0.03561,0.04226,-0.77877
1791098179.609,33.4454,-3.8593,2.2547,0.63722,0.02819,0.04542,-0.76882
1791098179.669,33.4289,-3.9217,2.2569,0.65356,0.02373,0.05035,-0.75482
1791098179.729,33.4144,-3.9839,2.2596,0.67355,0.02187,0.05440,-0.73681
1791098179.789,33.4023,-4.0459,2.2621,0.69580,0.02212,0.05668,-0.71565
1791098179.849,33.3925,-4.1078,2.2635,0.71856,0.02381,0.05765,-0.69266
1791098179.908,33.3850,-4.1697,2.2639,0.74020,0.02639,0.05752,-0.66940
1791098179.969,33.3796,-4.2315,2.2636,0.75951,0.02926,0.05670,-0.64736
1791098180.029,33.3762,-4.2935,2.2629,0.77576,0.03172,0.05546,-0.62778
1791098180.089,33.3746,-4.3557,2.2620,0.78926,0.03137,0.05537,-0.61075
1791098180.149,33.3748,-4.4179,2.2608,0.80087,0.02998,0.05582,-0.59547
1791098180.209,33.3769,-4.4801,2.2591,0.81118,0.02910,0.05596,-0.58138
1791098180.269,33.3807,-4.5422,2.2570,0.82041,0.02895,0.05560,-0.56833
1791098180.329,33.3862,-4.6041,2.2545,0.82855,0.02938,0.05486,-0.55645
1791098180.389,33.3934,-4.6659,2.2520,0.83555,0.03023,0.05376,-0.54595
1791098180.449,33.4021,-4.7276,2.2496,0.84134,0.03123,0.05252,-0.53704
1791098180.508,33.4122,-4.7891,2.2473,0.84594,0.03225,0.05121,-0.52983
1791098180.569,33.4234,-4.8505,2.2451,0.84939,0.03306,0.05008,-0.52435
1791098180.629,33.4356,-4.9119,2.2433,0.85129,0.03587,0.04767,-0.52129
1791098180.689,33.4488,-4.9738,2.2481,0.84701,0.04056,0.03074,-0.52913
1791098180.749,33.4615,-5.0367,2.2670,0.83251,0.03883,0.00570,-0.55261
1791098180.809,33.4721,-5.0989,2.2944,0.80767,0.03364,-0.02026,-0.58833
1791098180.869,33.4793,-5.1584,2.3231,0.77279,0.02636,-0.04332,-0.63263
1791098180.929,33.4827,-5.2137,2.3491,0.72758,0.01833,-0.06077,-0.68308
1791098180.988,33.4823,-5.2638,2.3714,0.67115,0.01103,-0.07170,-0.73776
1791098181.049,33.4784,-5.3081,2.3890,0.60362,0.00533,-0.07569,-0.79365
1791098181.108,33.4719,-5.3463,2.3996,0.52605,0.00191,-0.07403,-0.84722
1791098181.169,33.4636,-5.3787,2.4028,-0.43977,-0.00080,0.06947,0.89542
1791098181.229,33.4540,-5.4057,2.3994,-0.34634,-0.00140,0.06391,0.93593
1791098181.289,33.4436,-5.4275,2.3909,-0.24750,-0.00300,0.05819,0.96713
1791098181.349,33.4328,-5.4445,2.3791,-0.14502,-0.00503,0.05253,0.98802
1791098181.409,33.4219,-5.4573,2.3654,-0.04060,-0.00709,0.04698,0.99805
1791098181.469,33.4111,-5.4661,2.3509,0.06327,-0.00883,0.04161,0.99709
1791098181.529,33.4005,-5.4716,2.3370,0.16254,-0.00995,0.03649,0.98598
1791098181.588,33.3903,-5.4740,2.3252,0.25288,-0.01031,0.03172,0.96692
1791098181.649,33.3807,-5.4738,2.3170,0.33094,-0.00990,0.02735,0.94320
1791098181.709,33.3716,-5.4714,2.3136,0.39505,-0.00890,0.02341,0.91832
1791098181.769,33.3631,-5.4672,2.3152,0.44486,-0.01419,0.01895,0.89529
1791098181.828,33.3548,-5.4614,2.3207,0.48133,-0.02554,0.01687,0.87600
1791098181.887,33.3473,-5.4551,2.3271,0.50347,-0.03509,0.01622,0.86314
1791098181.947,33.3376,-5.4461,2.3342,0.51972,-0.04350,0.01559,0.85308
1791098182.007,33.3267,-5.4354,2.3394,0.52770,-0.04884,0.01481,0.84790
1791098182.067,33.3143,-5.4230,2.3414,0.52902,-0.05180,0.01398,0.84691
1791098182.127,33.3005,-5.4089,2.3397,0.52526,-0.05305,0.01332,0.84918
1791098182.187,33.2852,-5.3933,2.3345,0.51789,-0.05312,0.01298,0.85370
1791098182.247,33.2684,-5.3762,2.3264,0.50834,-0.05242,0.01306,0.85946
1791098182.307,33.2502,-5.3578,2.3163,0.49804,-0.05098,0.01379,0.86555
1791098182.366,33.2308,-5.3382,2.3052,0.48829,-0.04921,0.01468,0.87117
1791098182.426,33.2102,-5.3173,2.2938,0.48001,-0.04732,0.01546,0.87585
1791098182.487,33.1885,-5.2952,2.2826,0.47373,-0.04548,0.01604,0.87935
1791098182.547,33.1661,-5.2721,2.2718,0.46965,-0.04378,0.01644,0.88161
1791098182.607,33.1429,-5.2481,2.2617,0.46767,-0.04229,0.01664,0.88273
1791098182.666,33.1191,-5.2232,2.2523,0.46753,-0.04101,0.01674,0.88287
1791098182.727,33.0949,-5.1975,2.2436,0.46885,-0.03993,0.01677,0.88221
1791098182.787,33.0704,-5.1711,2.2356,0.47121,-0.03899,0.01688,0.88100
1791098182.846,33.0455,-5.1442,2.2283,0.47419,-0.03828,0.01696,0.87943
1791098182.907,33.0205,-5.1166,2.2215,0.47742,-0.03775,0.01690,0.87770
1791098182.967,32.9953,-5.0885,2.2154,0.48061,-0.03739,0.01686,0.87597
1791098183.026,32.9700,-5.0599,2.2097,0.48354,-0.03715,0.01683,0.87437
1791098183.087,32.9446,-5.0308,2.2046,0.48607,-0.03702,0.01682,0.87297
1791098183.147,32.9191,-5.0014,2.1998,0.48813,-0.03668,0.01658,0.87184
1791098183.207,32.8937,-4.9717,2.1938,0.48963,-0.03216,0.01210,0.87125
1791098183.266,32.8685,-4.9422,2.1858,0.49030,-0.02497,0.00542,0.87118
1791098183.326,32.8436,-4.9134,2.1754,0.49004,-0.01806,-0.00061,0.87151
1791098183.387,32.8193,-4.8860,2.1623,0.48896,-0.01252,-0.00505,0.87220
1791098183.447,32.7958,-4.8602,2.1462,0.48727,-0.00834,-0.00799,0.87318
1791098183.507,32.7730,-4.8361,2.1266,0.48521,-0.00517,-0.00978,0.87433
1791098183.567,32.7511,-4.8139,2.1031,0.48301,-0.00263,-0.01076,0.87554
1791098183.626,32.7302,-4.7935,2.0753,0.48088,-0.00037,-0.01131,0.87672
1791098183.686,32.7103,-4.7750,2.0428,0.47895,0.00197,-0.01169,0.87776
1791098183.746,32.6913,-4.7583,2.0068,0.47735,0.00475,-0.01218,0.87862
1791098183.807,32.6735,-4.7434,1.9684,0.47612,0.00845,-0.01319,0.87924
1791098183.867,32.6569,-4.7303,1.9287,0.47527,0.01295,-0.01487,0.87962
1791098183.927,32.6415,-4.7193,1.8885,0.47480,0.01706,-0.01585,0.87979
1791098183.987,32.6276,-4.7104,1.8482,0.47466,0.02010,-0.01546,0.87980
1791098184.047,32.6153,-4.7035,1.8084,0.47479,0.02186,-0.01402,0.87971
1791098184.107,32.6045,-4.6986,1.7694,0.47515,0.02140,-0.01180,0.87956
1791098184.167,32.5953,-4.6953,1.7318,0.47566,0.01876,-0.00913,0.87938
1791098184.227,32.5875,-4.6933,1.6954,0.47623,0.01461,-0.00639,0.87917
1791098184.287,32.5808,-4.6923,1.6597,0.47680,0.00971,-0.00371,0.87895
1791098184.345,32.5757,-4.6919,1.6288,0.47726,0.00522,-0.00151,0.87875
1791098184.405,32.5704,-4.6916,1.5931,0.47769,0.00017,0.00068,0.87853
1791098184.465,32.5654,-4.6914,1.5571,0.47801,-0.00406,0.00261,0.87834
1791098184.525,32.5606,-4.6909,1.5209,0.47823,-0.00718,0.00434,0.87819
1791098184.585,32.5559,-4.6900,1.4844,0.47835,-0.00938,0.00574,0.87810
1791098184.645,32.5511,-4.6885,1.4476,0.47838,-0.01092,0.00683,0.87806
1791098184.705,32.5462,-4.6864,1.4104,0.47835,-0.01206,0.00754,0.87806
1791098184.765,32.5412,-4.6837,1.3730,0.47826,-0.01281,0.00801,0.87809
1791098184.825,32.5360,-4.6803,1.3352,0.47814,-0.01309,0.00838,0.87814
1791098184.885,32.5306,-4.6763,1.2972,0.47802,-0.01305,0.00860,0.87821
1791098184.945,32.5252,-4.6716,1.2589,0.47789,-0.01279,0.00869,0.87828
1791098185.005,32.5196,-4.6664,1.2204,0.47777,-0.01239,0.00869,0.87835
1791098185.065,32.5140,-4.6607,1.1816,0.47768,-0.01189,0.00860,0.87841
1791098185.125,32.5083,-4.6544,1.1427,0.47762,-0.01129,0.00842,0.87846
1791098185.185,32.5026,-4.6478,1.1036,0.47758,-0.01061,0.00817,0.87848
1791098185.245,32.4969,-4.6408,1.0643,0.47758,-0.00990,0.00789,0.87850
1791098185.305,32.4913,-4.6335,1.0249,0.47760,-0.00918,0.00756,0.87850
1791098185.365,32.4857,-4.6259,0.9854,0.47765,-0.00846,0.00723,0.87848
1791098185.425,32.4803,-4.6182,0.9458,0.47772,-0.00779,0.00687,0.87845
1791098185.485,32.4749,-4.6104,0.9060,0.47780,-0.00715,0.00654,0.87842
1791098185.544,32.4697,-4.6024,0.8661,0.47788,-0.00657,0.00621,0.87838
1791098185.605,32.4646,-4.5944,0.8261,0.47797,-0.00606,0.00589,0.87834
1791098185.664,32.4597,-4.5864,0.7860,0.47805,-0.00559,0.00559,0.87830
1791098185.725,32.4550,-4.5785,0.7457,0.47813,-0.00514,0.00531,0.87826
1791098185.785,32.4504,-4.5705,0.7054,0.47821,-0.00472,0.00506,0.87822
1791098185.845,32.4460,-4.5627,0.6649,0.47827,-0.00431,0.00480,0.87819
1791098185.905,32.4418,-4.5549,0.6244,0.47833,-0.00393,0.00457,0.87816
1791098185.965,32.4378,-4.5473,0.5838,0.47837,-0.00358,0.00435,0.87814
1791098186.025,32.4340,-4.5398,0.5431,0.47841,-0.00327,0.00415,0.87812
1791098186.085,32.4303,-4.5324,0.5023,0.47843,-0.00296,0.00394,0.87811
1791098186.145,32.4269,-4.5252,0.4614,0.47844,-0.00266,0.00373,0.87811
1791098186.204,32.4236,-4.5182,0.4205,0.47844,-0.00241,0.00350,0.87811
1791098186.264,32.4205,-4.5113,0.3795,0.47843,-0.00220,0.00331,0.87811
1791098186.325,32.4175,-4.5046,0.3384,0.47842,-0.00200,0.00313,0.87812
1791098186.385,32.4148,-4.4981,0.2973,0.47840,-0.00184,0.00297,0.87814
1791098186.445,32.4122,-4.4918,0.2561,0.47837,-0.00170,0.00281,0.87815
1791098186.505,32.4104,-4.4873,0.2259,0.47835,-0.00160,0.00271,0.87816
1791098186.565,32.4104,-4.4873,0.2260,0.47835,-0.00160,0.00271,0.87816
1791098186.625,32.4104,-4.4873,0.2260,0.47835,-0.00160,0.00271,0.87816
1791098186.685,32.4104,-4.4873,0.2261,0.47835,-0.00160,0.00271,0.87816
1791098186.745,32.4104,-4.4873,0.2261,0.47835,-0.00160,0.00271,0.87816
1791098186.803,32.4104,-4.4873,0.2262,0.47835,-0.00160,0.00271,0.87816
1791098186.859,32.4104,-4.4873,0.2263,0.47835,-0.00160,0.00271,0.87816
1791098186.919,32.4104,-4.4873,0.2263,0.47835,-0.00160,0.00271,0.87816
1791098186.979,32.4104,-4.4873,0.2264,0.47835,-0.00160,0.00271,0.87816
1791098187.039,32.4104,-4.4873,0.2264,0.47835,-0.00159,0.00271,0.87816
1791098187.099,32.4104,-4.4873,0.2265,0.47835,-0.00157,0.00270,0.87816
1791098187.159,32.4104,-4.4873,0.2265,0.47835,-0.00153,0.00268,0.87817
1791098187.218,32.4104,-4.4874,0.2266,0.47835,-0.00149,0.00265,0.87817
1791098187.279,32.4104,-4.4874,0.2266,0.47835,-0.00144,0.00263,0.87817
1791098187.339,32.4104,-4.4874,0.2267,0.47835,-0.00138,0.00259,0.87817
1791098187.398,32.4104,-4.4874,0.2267,0.47835,-0.00131,0.00256,0.87817
1791098187.458,32.4105,-4.4875,0.2268,0.47835,-0.00122,0.00245,0.87817
1791098187.517,32.4105,-4.4876,0.2268,0.47835,-0.00107,0.00216,0.87817
1791098187.577,32.4105,-4.4878,0.2268,0.47835,-0.00092,0.00186,0.87817
