t_s,scenario,prop,payload,x,y,z,vx,vy,vz,speed_ms,roll_deg,pitch_deg,yaw_deg,m0,m1,m2,m3,rpm_mean,thrust_total_n,thrust_per_motor_g,shaft_w,prop_elec_w,avionics_w,power_total_w,current_a,v_terminal,soc,energy_wh,endurance_remaining_min,px4_batt_v,nav_state,arming
0.052,hall_frame_check,9x4.5,pi5,-0.022,-0.028,0.025,-0.008,-0.017,-0.008,0.020,0.02,-0.01,113.82,0.0012,0.0009,0.0011,0.0009,1447,0.872,22.2,2.1,2.6,22.6,25.2,1.00,25.17,1.00000,0.000,287.95,nan,,
0.100,hall_frame_check,9x4.5,pi5,-0.022,-0.028,0.026,-0.008,-0.016,-0.007,0.020,0.02,-0.01,113.82,0.0010,0.0011,0.0008,0.0012,1447,0.872,22.2,2.1,2.6,22.6,25.2,1.00,25.17,1.00000,0.001,287.95,nan,4,1
0.152,hall_frame_check,9x4.5,pi5,-0.022,-0.028,0.026,-0.009,-0.016,-0.006,0.019,0.02,-0.01,113.82,0.0012,0.0008,0.0011,0.0009,1447,0.872,22.2,2.1,2.6,22.6,25.2,1.00,25.17,0.99999,0.001,287.95,nan,4,1
0.200,hall_frame_check,9x4.5,pi5,-0.022,-0.028,0.028,-0.008,-0.016,-0.006,0.019,0.02,-0.01,113.82,0.0013,0.0007,0.0009,0.0010,1447,0.872,22.2,2.1,2.6,22.6,25.2,1.00,25.17,0.99999,0.001,287.95,nan,4,1
0.252,hall_frame_check,9x4.5,pi5,-0.022,-0.028,0.029,-0.008,-0.015,-0.005,0.018,0.02,-0.01,113.82,0.0013,0.0007,0.0011,0.0009,1447,0.872,22.2,2.1,2.6,22.6,25.2,1.00,25.17,0.99999,0.002,287.95,nan,4,1
0.300,hall_frame_check,9x4.5,pi5,-0.022,-0.028,0.030,-0.008,-0.014,-0.005,0.017,0.01,-0.01,113.82,0.0009,0.0011,0.0010,0.0010,1447,0.872,22.2,2.1,2.6,22.6,25.2,1.00,25.17,0.99999,0.002,287.95,nan,4,1
0.352,hall_frame_check,9x4.5,pi5,-0.021,-0.028,0.030,-0.007,-0.013,-0.004,0.016,0.01,-0.02,113.82,0.0013,0.0007,0.0012,0.0008,1447,0.872,22.2,2.1,2.6,22.6,25.2,1.00,25.17,0.99998,0.002,287.95,nan,4,1
0.400,hall_frame_check,9x4.5,pi5,-0.021,-0.027,0.031,-0.006,-0.012,-0.004,0.014,0.00,-0.02,113.81,0.0015,0.0004,0.0013,0.0007,1447,0.872,22.2,2.1,2.6,22.6,25.2,1.00,25.17,0.99998,0.003,287.94,nan,4,1
0.452,hall_frame_check,9x4.5,pi5,-0.020,-0.027,0.032,-0.006,-0.011,-0.004,0.013,0.00,-0.02,113.81,0.0011,0.0009,0.0014,0.0005,1447,0.872,22.2,2.1,2.6,22.6,25.2,1.00,25.17,0.99998,0.003,287.95,nan,4,1
0.500,hall_frame_check,9x4.5,pi5,-0.019,-0.026,0.033,-0.005,-0.009,-0.004,0.011,-0.01,-0.02,113.81,0.0012,0.0009,0.0016,0.0003,1447,0.872,22.2,2.1,2.6,22.6,25.2,1.00,25.17,0.99998,0.003,287.94,nan,4,1
0.552,hall_frame_check,9x4.5,pi5,-0.019,-0.025,0.033,-0.004,-0.009,-0.004,0.010,-0.01,-0.03,113.81,0.0009,0.0011,0.0013,0.0006,1447,0.872,22.2,2.1,2.6,22.6,25.2,1.00,25.17,0.99997,0.004,287.94,nan,4,1
0.600,hall_frame_check,9x4.5,pi5,-0.018,-0.025,0.033,-0.003,-0.008,-0.004,0.009,-0.02,-0.03,113.81,0.0012,0.0008,0.0012,0.0008,1447,0.872,22.2,2.1,2.6,22.6,25.2,1.00,25.17,0.99997,0.004,287.94,nan,4,1
0.652,hall_frame_check,9x4.5,pi5,-0.018,-0.024,0.033,-0.003,-0.007,-0.004,0.009,-0.02,-0.03,113.81,0.0010,0.0009,0.0016,0.0004,1447,0.872,22.2,2.1,2.6,22.6,25.2,1.00,25.17,0.99997,0.005,287.94,nan,4,1
0.700,hall_frame_check,9x4.5,pi5,-0.016,-0.023,0.033,-0.002,-0.006,-0.004,0.007,-0.02,-0.03,113.80,0.0010,0.0009,0.0016,0.0005,1447,0.872,22.2,2.1,2.6,22.6,25.2,1.00,25.17,0.99997,0.005,287.94,nan,4,1
0.752,hall_frame_check,9x4.5,pi5,-0.016,-0.023,0.033,-0.001,-0.005,-0.004,0.006,-0.03,-0.03,113.80,0.0011,0.0010,0.0012,0.0008,1447,0.872,22.2,2.1,2.6,22.6,25.2,1.00,25.17,0.99997,0.005,287.94,nan,4,1
0.800,hall_frame_check,9x4.5,pi5,-0.015,-0.022,0.034,-0.000,-0.004,-0.003,0.005,-0.03,-0.03,113.80,0.0010,0.0011,0.0013,0.0007,1447,0.872,22.2,2.1,2.6,22.6,25.2,1.00,25.17,0.99996,0.006,287.94,nan,4,1
0.852,hall_frame_check,9x4.5,pi5,-0.015,-0.021,0.034,0.000,-0.003,-0.003,0.004,-0.03,-0.03,113.80,0.0009,0.0012,0.0014,0.0006,1447,0.872,22.2,2.1,2.6,22.6,25.2,1.00,25.17,0.99996,0.006,287.93,25.20,4,1
0.900,hall_frame_check,9x4.5,pi5,-0.014,-0.020,0.034,0.001,-0.002,-0.003,0.003,-0.03,-0.03,113.80,0.0012,0.0008,0.0018,0.0002,1447,0.872,22.2,2.1,2.6,22.6,25.2,1.00,25.17,0.99996,0.006,287.94,25.20,4,1
0.952,hall_frame_check,9x4.5,pi5,-0.014,-0.020,0.035,0.001,-0.002,-0.002,0.003,-0.03,-0.03,113.80,0.0010,0.0010,0.0016,0.0004,1447,0.872,22.2,2.1,2.6,22.6,25.2,1.00,25.17,0.99996,0.007,287.93,25.20,4,1
1.000,hall_frame_check,9x4.5,pi5,-0.014,-0.019,0.035,0.001,-0.001,-0.002,0.003,-0.03,-0.03,113.80,0.0014,0.0007,0.0014,0.0006,1447,0.872,22.2,2.1,2.6,22.6,25.2,1.00,25.17,0.99995,0.007,287.94,25.20,4,1
1.052,hall_frame_check,9x4.5,pi5,-0.014,-0.019,0.036,0.001,-0.001,-0.002,0.002,-0.03,-0.03,113.80,0.0011,0.0009,0.0012,0.0007,1447,0.872,22.2,2.1,2.6,22.6,25.2,1.00,25.17,0.99995,0.007,287.93,25.20,4,1
1.100,hall_frame_check,9x4.5,pi5,-0.014,-0.018,0.036,0.000,0.000,-0.002,0.002,-0.03,-0.04,113.80,0.0009,0.0011,0.0013,0.0007,1447,0.872,22.2,2.1,2.6,22.6,25.2,1.00,25.17,0.99995,0.008,287.93,25.20,4,1
1.152,hall_frame_check,9x4.5,pi5,-0.015,-0.018,0.036,0.000,0.001,-0.002,0.002,-0.03,-0.04,113.81,0.0009,0.0010,0.0015,0.0006,1447,0.872,22.2,2.1,2.6,22.6,25.2,1.00,25.17,0.99995,0.008,287.93,25.20,4,1
1.200,hall_frame_check,9x4.5,pi5,-0.015,-0.017,0.036,-0.001,0.002,-0.002,0.003,-0.03,-0.04,113.81,0.0014,0.0006,0.0017,0.0004,1447,0.872,22.2,2.1,2.6,22.6,25.2,1.00,25.17,0.99994,0.008,287.93,25.20,4,1
1.252,hall_frame_check,9x4.5,pi5,-0.016,-0.016,0.037,-0.001,0.003,-0.002,0.004,-0.03,-0.04,113.82,0.0011,0.0008,0.0017,0.0004,1447,0.872,22.2,2.1,2.6,22.6,25.2,1.00,25.17,0.99994,0.009,287.93,25.20,4,1
1.300,hall_frame_check,9x4.5,pi5,-0.017,-0.015,0.036,-0.002,0.004,-0.002,0.005,-0.03,-0.05,113.82,0.0012,0.0007,0.0015,0.0006,1447,0.872,22.2,2.1,2.6,22.6,25.2,1.00,25.17,0.99994,0.009,287.93,25.20,4,1
1.352,hall_frame_check,9x4.5,pi5,-0.018,-0.014,0.036,-0.002,0.005,-0.002,0.006,-0.03,-0.05,113.83,0.0009,0.0010,0.0019,0.0001,1447,0.872,22.2,2.1,2.6,22.6,25.2,1.00,25.17,0.99994,0.009,287.93,25.20,4,1
1.400,hall_frame_check,9x4.5,pi5,-0.019,-0.014,0.035,-0.003,0.007,-0.003,0.008,-0.03,-0.06,113.83,0.0015,0.0005,0.0020,0.0000,1089,0.658,16.8,1.6,1.9,22.6,24.5,0.98,25.17,0.99994,0.010,295.25,25.20,4,1
1.452,hall_frame_check,9x4.5,pi5,-0.019,-0.013,0.035,-0.004,0.007,-0.003,0.009,-0.03,-0.06,113.83,0.0015,0.0004,0.0018,0.0003,1447,0.872,22.2,2.1,2.6,22.6,25.2,1.00,25.17,0.99993,0.010,287.92,25.20,4,1
1.500,hall_frame_check,9x4.5,pi5,-0.020,-0.012,0.034,-0.004,0.008,-0.003,0.010,-0.03,-0.06,113.84,0.0012,0.0007,0.0020,0.0001,1447,0.872,22.2,2.1,2.6,22.6,25.2,1.00,25.17,0.99993,0.010,287.92,25.20,4,1
1.552,hall_frame_check,9x4.5,pi5,-0.021,-0.012,0.034,-0.005,0.009,-0.004,0.011,-0.03,-0.06,113.84,0.0013,0.0006,0.0016,0.0005,1447,0.872,22.2,2.1,2.6,22.6,25.2,1.00,25.17,0.99993,0.011,287.92,25.20,4,1
1.600,hall_frame_check,9x4.5,pi5,-0.022,-0.011,0.033,-0.005,0.010,-0.004,0.012,-0.03,-0.07,113.84,0.0013,0.0007,0.0016,0.0004,1447,0.872,22.2,2.1,2.6,22.6,25.2,1.00,25.17,0.99993,0.011,287.92,25.20,4,1
1.652,hall_frame_check,9x4.5,pi5,-0.022,-0.010,0.033,-0.005,0.011,-0.004,0.013,-0.03,-0.07,113.84,0.0014,0.0007,0.0017,0.0003,1447,0.872,22.2,2.1,2.6,22.6,25.2,1.00,25.17,0.99992,0.012,287.92,25.20,4,1
1.700,hall_frame_check,9x4.5,pi5,-0.022,-0.008,0.033,-0.005,0.012,-0.004,0.014,-0.03,-0.07,113.84,0.0017,0.0004,0.0017,0.0003,1447,0.872,22.2,2.1,2.6,22.6,25.2,1.00,25.17,0.99992,0.012,287.92,25.20,4,1
1.752,hall_frame_check,9x4.5,pi5,-0.022,-0.007,0.032,-0.005,0.013,-0.004,0.015,-0.03,-0.07,113.84,0.0014,0.0006,0.0018,0.0001,1447,0.872,22.2,2.1,2.6,22.6,25.2,1.00,25.17,0.99992,0.012,287.92,25.20,4,1
1.800,hall_frame_check,9x4.5,pi5,-0.022,-0.006,0.032,-0.005,0.015,-0.004,0.016,-0.04,-0.07,113.84,0.0010,0.0009,0.0019,0.0002,1447,0.872,22.2,2.1,2.6,22.6,25.2,1.00,25.17,0.99992,0.013,287.92,25.20,4,1
1.852,hall_frame_check,9x4.5,pi5,-0.022,-0.005,0.032,-0.005,0.016,-0.004,0.017,-0.04,-0.08,113.84,0.0013,0.0007,0.0019,0.0001,1447,0.872,22.2,2.1,2.6,22.6,25.2,1.00,25.17,0.99991,0.013,287.92,25.20,4,1
1.900,hall_frame_check,9x4.5,pi5,-0.022,-0.003,0.031,-0.005,0.017,-0.005,0.018,-0.04,-0.08,113.84,0.0012,0.0008,0.0020,0.0000,1447,0.872,22.2,2.1,2.6,22.6,25.2,1.00,25.17,0.99991,0.013,287.92,25.20,4,1
1.952,hall_frame_check,9x4.5,pi5,-0.022,-0.002,0.030,-0.005,0.018,-0.005,0.019,-0.05,-0.08,113.84,0.0015,0.0005,0.0020,0.0000,1089,0.658,16.8,1.6,1.9,22.6,24.5,0.98,25.17,0.99991,0.014,295.24,25.20,4,1
2.000,hall_frame_check,9x4.5,pi5,-0.021,-0.001,0.030,-0.004,0.018,-0.005,0.019,-0.05,-0.08,113.84,0.0012,0.0008,0.0020,0.0000,1089,0.658,16.8,1.6,1.9,22.6,24.5,0.98,25.17,0.99991,0.014,295.24,25.20,4,1
2.052,hall_frame_check,9x4.5,pi5,-0.021,-0.001,0.029,-0.004,0.018,-0.005,0.020,-0.05,-0.08,113.84,0.0013,0.0007,0.0020,0.0000,1089,0.658,16.8,1.6,1.9,22.6,24.5,0.98,25.17,0.99991,0.014,295.24,25.20,4,1
2.100,hall_frame_check,9x4.5,pi5,-0.020,0.000,0.028,-0.003,0.019,-0.005,0.020,-0.05,-0.08,113.84,0.0015,0.0005,0.0020,0.0000,1089,0.658,16.8,1.6,1.9,22.6,24.5,0.98,25.17,0.99990,0.015,295.24,25.20,4,1
2.152,hall_frame_check,9x4.5,pi5,-0.019,0.001,0.027,-0.003,0.019,-0.005,0.020,-0.05,-0.07,113.83,0.0014,0.0007,0.0019,0.0000,1447,0.872,22.2,2.1,2.6,22.6,25.2,1.00,25.17,0.99990,0.015,287.91,25.20,4,1
2.200,hall_frame_check,9x4.5,pi5,-0.018,0.001,0.026,-0.002,0.019,-0.006,0.020,-0.05,-0.07,113.83,0.0016,0.0004,0.0018,0.0001,1447,0.872,22.2,2.1,2.6,22.6,25.2,1.00,25.17,0.99990,0.015,287.91,25.20,4,1
2.252,hall_frame_check,9x4.5,pi5,-0.017,0.002,0.025,-0.001,0.020,-0.006,0.021,-0.05,-0.07,113.83,0.0007,0.0013,0.0020,0.0000,1089,0.658,16.8,1.6,1.9,22.6,24.5,0.98,25.17,0.99990,0.016,295.24,25.20,4,1
2.300,hall_frame_check,9x4.5,pi5,-0.016,0.003,0.024,-0.000,0.020,-0.007,0.021,-0.05,-0.07,113.83,0.0012,0.0008,0.0020,0.0000,1089,0.658,16.8,1.6,1.9,22.6,24.5,0.98,25.17,0.99989,0.016,295.23,25.20,4,1
2.352,hall_frame_check,9x4.5,pi5,-0.015,0.004,0.023,-0.000,0.021,-0.007,0.022,-0.06,-0.07,113.83,0.0012,0.0008,0.0020,0.0000,1089,0.658,16.8,1.6,1.9,22.6,24.5,0.98,25.17,0.99989,0.016,295.23,25.20,4,1
2.400,hall_frame_check,9x4.5,pi5,-0.014,0.005,0.023,0.000,0.022,-0.007,0.023,-0.06,-0.07,113.83,0.0014,0.0007,0.0019,0.0001,1447,0.872,22.2,2.1,2.6,22.6,25.2,1.00,25.17,0.99989,0.017,287.90,25.20,4,1
2.452,hall_frame_check,9x4.5,pi5,-0.014,0.005,0.022,0.001,0.022,-0.007,0.023,-0.06,-0.07,113.83,0.0008,0.0012,0.0018,0.0001,1447,0.872,22.2,2.1,2.6,22.6,25.2,1.00,25.17,0.99989,0.017,287.91,25.20,4,1
2.500,hall_frame_check,9x4.5,pi5,-0.012,0.007,0.022,0.002,0.023,-0.007,0.024,-0.06,-0.07,113.83,0.0016,0.0004,0.0020,0.0000,1089,0.658,16.8,1.6,2.0,22.6,24.6,0.98,25.17,0.99988,0.017,295.23,25.20,4,1
2.552,hall_frame_check,9x4.5,pi5,-0.011,0.008,0.022,0.002,0.024,-0.007,0.025,-0.06,-0.07,113.83,0.0009,0.0011,0.0019,0.0001,1447,0.872,22.2,2.1,2.6,22.6,25.2,1.00,25.17,0.99988,0.018,287.90,25.20,4,1
2.600,hall_frame_check,9x4.5,pi5,-0.010,0.009,0.022,0.003,0.024,-0.007,0.025,-0.06,-0.07,113.83,0.0009,0.0010,0.0018,0.0002,1447,0.872,22.2,2.1,2.6,22.6,25.2,1.00,25.17,0.99988,0.018,287.90,25.20,4,1
2.652,hall_frame_check,9x4.5,pi5,-0.009,0.010,0.021,0.004,0.024,-0.007,0.026,-0.07,-0.07,113.83,0.0009,0.0012,0.0017,0.0003,1447,0.872,22.2,2.1,2.6,22.6,25.2,1.00,25.17,0.99988,0.018,287.90,25.20,4,1
2.700,hall_frame_check,9x4.5,pi5,-0.008,0.011,0.021,0.005,0.025,-0.007,0.026,-0.07,-0.07,113.82,0.0014,0.0006,0.0020,0.0000,1089,0.658,16.8,1.6,1.9,22.6,24.5,0.98,25.17,0.99988,0.019,295.22,25.20,4,1
2.752,hall_frame_check,9x4.5,pi5,-0.007,0.011,0.021,0.006,0.025,-0.007,0.027,-0.07,-0.07,113.82,0.0010,0.0011,0.0019,0.0000,1447,0.872,22.2,2.1,2.6,22.6,25.2,1.00,25.17,0.99987,0.019,287.90,25.20,4,1
2.800,hall_frame_check,9x4.5,pi5,-0.006,0.012,0.021,0.007,0.026,-0.007,0.028,-0.07,-0.06,113.81,0.0012,0.0008,0.0020,0.0000,1089,0.658,16.8,1.6,1.9,22.6,24.5,0.98,25.17,0.99987,0.019,295.22,25.20,4,1
2.852,hall_frame_check,9x4.5,pi5,-0.004,0.013,0.020,0.009,0.026,-0.007,0.028,-0.08,-0.06,113.81,0.0012,0.0008,0.0020,0.0000,1089,0.658,16.8,1.6,1.9,22.6,24.5,0.98,25.17,0.99987,0.020,295.22,25.20,4,1
2.900,hall_frame_check,9x4.5,pi5,-0.002,0.014,0.020,0.010,0.026,-0.007,0.029,-0.08,-0.06,113.80,0.0013,0.0007,0.0020,0.0000,1089,0.658,16.8,1.6,1.9,22.6,24.5,0.98,25.17,0.99987,0.020,295.22,25.20,4,1
2.952,hall_frame_check,9x4.5,pi5,-0.001,0.015,0.019,0.011,0.026,-0.007,0.029,-0.08,-0.06,113.80,0.0011,0.0009,0.0020,0.0000,1089,0.658,16.8,1.6,1.9,22.6,24.5,0.98,25.17,0.99986,0.021,295.22,25.20,14,2
3.000,hall_frame_check,9x4.5,pi5,0.000,0.016,0.019,0.012,0.027,-0.007,0.030,-0.09,-0.06,113.80,0.0009,0.0011,0.0020,0.0000,1447,0.872,22.2,2.1,2.6,22.6,25.2,1.00,25.17,0.99986,0.021,287.89,25.20,14,2
3.052,hall_frame_check,9x4.5,pi5,0.001,0.016,0.018,0.013,0.027,-0.007,0.030,-0.09,-0.06,113.79,0.0013,0.0006,0.0020,0.0000,1447,0.872,22.2,2.1,2.6,22.6,25.2,1.00,25.17,0.99986,0.021,287.88,25.20,14,2
3.100,hall_frame_check,9x4.5,pi5,0.003,0.017,0.017,0.014,0.026,-0.007,0.030,-0.09,-0.05,113.79,0.0005,0.0015,0.0018,0.0002,1447,0.872,22.2,2.1,2.6,22.6,25.2,1.00,25.17,0.99986,0.022,287.89,25.20,14,2
3.152,hall_frame_check,9x4.5,pi5,0.004,0.017,0.017,0.014,0.026,-0.007,0.030,-0.08,-0.05,113.79,0.0009,0.0011,0.0020,0.0000,1089,0.658,16.8,1.6,1.9,22.6,24.5,0.98,25.17,0.99985,0.022,295.21,25.20,14,2
3.200,hall_frame_check,9x4.5,pi5,0.004,0.017,0.016,0.014,0.026,-0.007,0.030,-0.08,-0.05,113.79,0.0007,0.0014,0.0016,0.0004,1447,0.872,22.2,2.1,2.6,22.6,25.2,1.00,25.17,0.99985,0.022,287.89,25.20,14,2
3.252,hall_frame_check,9x4.5,pi5,0.005,0.017,0.015,0.014,0.025,-0.008,0.030,-0.08,-0.05,113.78,0.0011,0.0009,0.0020,0.0000,1089,0.658,16.8,1.6,1.9,22.6,24.5,0.98,25.17,0.99985,0.023,295.22,25.20,14,2
3.300,hall_frame_check,9x4.5,pi5,0.006,0.017,0.014,0.014,0.024,-0.008,0.029,-0.07,-0.05,113.78,0.0008,0.0013,0.0014,0.0005,1447,0.872,22.2,2.1,2.6,22.6,25.2,1.00,25.17,0.99985,0.023,287.88,25.20,14,2
3.352,hall_frame_check,9x4.5,pi5,0.006,0.017,0.013,0.014,0.023,-0.008,0.028,-0.07,-0.04,113.78,0.0008,0.0013,0.0017,0.0002,1447,0.872,22.2,2.1,2.6,22.6,25.2,1.00,25.17,0.99985,0.023,287.89,25.20,14,2
3.400,hall_frame_check,9x4.5,pi5,0.007,0.016,0.012,0.014,0.022,-0.009,0.027,-0.06,-0.04,113.77,0.0010,0.0011,0.0017,0.0003,1447,0.872,22.2,2.1,2.6,22.6,25.2,1.00,25.17,0.99984,0.024,287.88,25.20,14,2
3.452,hall_frame_check,9x4.5,pi5,0.007,0.016,0.011,0.014,0.021,-0.009,0.027,-0.06,-0.04,113.77,0.0006,0.0014,0.0018,0.0003,1447,0.872,22.2,2.1,2.6,22.6,25.2,1.00,25.17,0.99984,0.024,287.88,25.20,14,2
3.500,hall_frame_check,9x4.5,pi5,0.008,0.015,0.010,0.014,0.019,-0.010,0.026,-0.06,-0.03,113.77,0.0006,0.0014,0.0018,0.0002,1447,0.872,22.2,2.1,2.6,22.6,25.2,1.00,25.17,0.99984,0.024,287.88,25.20,14,2
3.552,hall_frame_check,9x4.5,pi5,0.008,0.014,0.010,0.014,0.018,-0.010,0.025,-0.06,-0.03,113.76,0.0009,0.0011,0.0018,0.0002,1447,0.872,22.2,2.1,2.6,22.6,25.2,1.00,25.17,0.99984,0.025,287.88,25.20,14,2
3.600,hall_frame_check,9x4.5,pi5,0.009,0.013,0.009,0.014,0.017,-0.009,0.024,-0.05,-0.03,113.76,0.0011,0.0008,0.0016,0.0005,1447,0.872,22.2,2.1,2.6,22.6,25.2,1.00,25.17,0.99983,0.025,287.88,25.20,14,2
3.652,hall_frame_check,9x4.5,pi5,0.009,0.013,0.009,0.014,0.016,-0.009,0.023,-0.05,-0.03,113.75,0.0008,0.0012,0.0017,0.0004,1447,0.872,22.2,2.1,2.6,22.6,25.2,1.00,25.17,0.99983,0.025,287.88,25.20,14,2
3.700,hall_frame_check,9x4.5,pi5,0.009,0.012,0.009,0.013,0.016,-0.009,0.023,-0.05,-0.02,113.75,0.0009,0.0011,0.0013,0.0007,1447,0.872,22.2,2.1,2.6,22.6,25.2,1.00,25.17,0.99983,0.026,287.88,25.20,14,2
3.752,hall_frame_check,9x4.5,pi5,0.010,0.012,0.008,0.013,0.016,-0.010,0.022,-0.04,-0.02,113.75,0.0009,0.0011,0.0015,0.0005,1447,0.872,22.2,2.1,2.6,22.6,25.2,1.00,25.17,0.99983,0.026,287.87,25.20,14,2
3.800,hall_frame_check,9x4.5,pi5,0.010,0.013,0.007,0.013,0.016,-0.010,0.022,-0.04,-0.03,113.76,0.0008,0.0011,0.0015,0.0005,1447,0.872,22.2,2.1,2.6,22.6,25.2,1.00,25.17,0.99982,0.026,287.88,25.20,14,2
3.848,hall_frame_check,9x4.5,pi5,0.009,0.013,0.007,0.012,0.016,-0.010,0.022,-0.04,-0.03,113.76,0.0008,0.0011,0.0017,0.0004,1447,0.872,22.2,2.1,2.6,22.6,25.2,1.00,25.17,0.99982,0.027,287.87,25.20,14,2
3.900,hall_frame_check,9x4.5,pi5,0.009,0.014,0.006,0.011,0.017,-0.010,0.023,-0.04,-0.03,113.77,0.0007,0.0012,0.0014,0.0007,1447,0.872,22.2,2.1,2.6,22.6,25.2,1.00,25.17,0.99982,0.027,287.87,25.20,14,2
3.952,hall_frame_check,9x4.5,pi5,0.008,0.015,0.006,0.010,0.018,-0.010,0.023,-0.04,-0.04,113.77,0.0011,0.0008,0.0018,0.0003,1447,0.872,22.2,2.1,2.6,22.6,25.2,1.00,25.17,0.99982,0.027,287.87,25.20,14,2
4.000,hall_frame_check,9x4.5,pi5,0.008,0.016,0.006,0.009,0.019,-0.010,0.023,-0.04,-0.04,113.78,0.0007,0.0011,0.0017,0.0005,1447,0.872,22.2,2.1,2.6,22.6,25.2,1.00,25.17,0.99982,0.028,287.87,25.20,14,2
4.052,hall_frame_check,9x4.5,pi5,0.007,0.017,0.006,0.009,0.019,-0.010,0.023,-0.04,-0.05,113.78,0.0009,0.0000,0.0046,0.0012,1099,0.670,17.1,1.6,2.0,22.6,24.6,0.98,25.17,0.99981,0.028,294.55,25.20,14,2
4.100,hall_frame_check,9x4.5,pi5,0.006,0.019,0.006,0.007,0.021,-0.010,0.024,-0.04,-0.05,113.79,0.0023,0.0000,0.0023,0.0000,733,0.447,11.4,1.1,1.3,22.6,23.9,0.95,25.17,0.99981,0.029,302.76,25.20,14,2
4.152,hall_frame_check,9x4.5,pi5,0.005,0.020,0.006,0.007,0.022,-0.009,0.024,-0.04,-0.05,113.80,0.0054,0.0000,0.0054,0.0000,755,0.475,12.1,1.2,1.5,22.6,24.1,0.96,25.17,0.99981,0.029,301.15,25.20,14,2
4.200,hall_frame_check,9x4.5,pi5,0.004,0.021,0.007,0.006,0.023,-0.009,0.025,-0.04,-0.06,113.80,0.0055,0.0000,0.0055,0.0000,756,0.476,12.1,1.2,1.5,22.6,24.1,0.96,25.17,0.99981,0.029,301.09,25.20,14,2
4.252,hall_frame_check,9x4.5,pi5,0.004,0.022,0.007,0.005,0.024,-0.009,0.026,-0.04,-0.06,113.81,0.0062,0.0000,0.0062,0.0000,761,0.482,12.3,1.2,1.5,22.6,24.1,0.96,25.17,0.99980,0.030,300.72,25.20,14,2
4.300,hall_frame_check,9x4.5,pi5,0.003,0.024,0.008,0.004,0.025,-0.008,0.027,-0.04,-0.06,113.81,0.0074,0.0000,0.0074,0.0000,770,0.493,12.6,1.2,1.6,22.6,24.2,0.96,25.17,0.99980,0.030,300.08,25.20,14,2
4.352,hall_frame_check,9x4.5,pi5,0.003,0.026,0.009,0.004,0.026,-0.007,0.027,-0.04,-0.07,113.82,0.0068,0.0000,0.0108,0.0013,1143,0.726,18.5,1.8,2.3,22.6,24.9,0.99,25.17,0.99980,0.030,291.44,25.20,14,2
4.400,hall_frame_check,9x4.5,pi5,0.002,0.027,0.010,0.003,0.027,-0.007,0.028,-0.04,-0.07,113.82,0.0048,0.0000,0.0151,0.0036,1159,0.748,19.1,1.9,2.4,22.6,25.0,0.99,25.17,0.99980,0.031,290.21,25.20,14,2
4.452,hall_frame_check,9x4.5,pi5,0.002,0.028,0.010,0.003,0.028,-0.007,0.029,-0.04,-0.07,113.82,0.0053,0.0000,0.0179,0.0058,1179,0.774,19.7,2.0,2.5,22.6,25.1,1.00,25.17,0.99980,0.031,288.72,25.20,14,2
4.500,hall_frame_check,9x4.5,pi5,0.001,0.030,0.011,0.003,0.029,-0.006,0.029,-0.04,-0.07,113.82,0.0051,0.0000,0.0211,0.0092,1203,0.806,20.5,2.1,2.7,22.6,25.3,1.00,25.17,0.99979,0.031,286.90,25.20,14,2
4.552,hall_frame_check,9x4.5,pi5,0.000,0.031,0.011,0.002,0.029,-0.006,0.030,-0.04,-0.07,113.82,0.0053,0.0000,0.0260,0.0129,1235,0.851,21.7,2.3,2.9,22.6,25.5,1.01,25.17,0.99979,0.032,284.27,25.20,14,2
4.600,hall_frame_check,9x4.5,pi5,-0.000,0.032,0.011,0.002,0.030,-0.006,0.031,-0.04,-0.07,113.82,0.0063,0.0000,0.0296,0.0170,1266,0.896,22.8,2.5,3.1,22.6,25.7,1.02,25.17,0.99979,0.032,281.66,25.20,14,2
4.652,hall_frame_check,9x4.5,pi5,-0.001,0.033,0.011,0.002,0.030,-0.006,0.031,-0.04,-0.07,113.82,0.0055,0.0000,0.0348,0.0220,1300,0.948,24.2,2.7,3.4,22.6,26.0,1.03,25.17,0.99979,0.032,278.50,25.20,14,2
4.700,hall_frame_check,9x4.5,pi5,-0.001,0.033,0.010,0.002,0.030,-0.006,0.031,-0.04,-0.07,113.82,0.0059,0.0000,0.0400,0.0267,1337,1.005,25.6,3.0,3.8,22.6,26.4,1.05,25.17,0.99978,0.033,274.98,25.20,14,2
4.752,hall_frame_check,9x4.5,pi5,-0.001,0.034,0.009,0.002,0.030,-0.006,0.031,-0.04,-0.07,113.82,0.0063,0.0000,0.0461,0.0332,1384,1.082,27.6,3.4,4.2,22.6,26.8,1.07,25.17,0.99978,0.033,270.29,25.20,14,2
4.800,hall_frame_check,9x4.5,pi5,-0.002,0.034,0.008,0.003,0.030,-0.007,0.031,-0.04,-0.06,113.82,0.0054,0.0000,0.0522,0.0401,1428,1.158,29.5,3.8,4.7,22.6,27.3,1.08,25.17,0.99978,0.033,265.46,25.20,14,2
4.852,hall_frame_check,9x4.5,pi5,-0.002,0.034,0.006,0.003,0.029,-0.008,0.031,-0.04,-0.06,113.81,0.0052,0.0000,0.0589,0.0467,1476,1.244,31.7,4.2,5.3,22.6,27.9,1.11,25.16,0.99978,0.034,260.06,25.19,14,2
4.900,hall_frame_check,9x4.5,pi5,-0.002,0.034,0.005,0.004,0.029,-0.009,0.030,-0.04,-0.06,113.81,0.0050,0.0000,0.0659,0.0540,1527,1.340,34.2,4.7,5.9,22.6,28.5,1.13,25.16,0.99977,0.034,253.98,25.19,14,2
4.952,hall_frame_check,9x4.5,pi5,-0.002,0.034,0.004,0.004,0.028,-0.009,0.030,-0.05,-0.05,113.81,0.0043,0.0000,0.0753,0.0632,1592,1.470,37.5,5.5,6.9,22.6,29.5,1.17,25.16,0.99977,0.035,245.77,25.19,14,2
5.000,hall_frame_check,9x4.5,pi5,-0.002,0.034,0.003,0.005,0.028,-0.010,0.030,-0.05,-0.05,113.81,0.0046,0.0000,0.0834,0.0712,1651,1.592,40.6,6.2,7.8,22.6,30.4,1.21,25.16,0.99977,0.035,238.25,25.19,14,2
5.052,hall_frame_check,9x4.5,pi5,-0.002,0.034,0.002,0.005,0.027,-0.010,0.030,-0.05,-0.05,113.80,0.0036,0.0000,0.0921,0.0808,1714,1.733,44.2,7.2,9.0,22.6,31.6,1.25,25.16,0.99976,0.035,229.60,25.19,14,2
5.100,hall_frame_check,9x4.5,pi5,-0.001,0.033,0.001,0.006,0.026,-0.010,0.029,-0.05,-0.04,113.80,0.0039,0.0000,0.1014,0.0898,1781,1.885,48.1,8.2,10.2,22.6,32.8,1.31,25.16,0.99976,0.036,220.60,25.19,14,2
5.148,hall_frame_check,9x4.5,pi5,-0.001,0.032,0.000,0.006,0.026,-0.011,0.028,-0.05,-0.04,113.80,0.0030,0.0000,0.1112,0.1004,1852,2.059,52.5,9.4,11.8,22.6,34.4,1.37,25.16,0.99976,0.036,210.60,25.19,14,2
5.200,hall_frame_check,9x4.5,pi5,-0.002,0.031,-0.001,0.007,0.025,-0.011,0.028,-0.05,-0.04,113.80,0.0029,0.0000,0.1228,0.1128,1939,2.280,58.1,11.1,13.9,22.6,36.5,1.45,25.15,0.99976,0.037,198.66,25.19,14,2
5.252,hall_frame_check,9x4.5,pi5,-0.002,0.031,-0.001,0.007,0.024,-0.011,0.027,-0.04,-0.03,113.79,0.0028,0.0000,0.1339,0.1236,2017,2.492,63.5,12.8,16.0,22.6,38.6,1.53,25.15,0.99975,0.037,187.84,25.19,14,2
5.300,hall_frame_check,9x4.5,pi5,-0.003,0.029,-0.002,0.006,0.023,-0.012,0.027,-0.04,-0.03,113.79,0.0033,0.0000,0.1443,0.1353,2100,2.720,69.3,14.6,18.3,22.6,40.9,1.63,25.15,0.99975,0.038,177.06,25.19,14,2
5.352,hall_frame_check,9x4.5,pi5,-0.003,0.029,-0.002,0.006,0.022,-0.012,0.026,-0.04,-0.03,113.79,0.0034,0.0000,0.1582,0.1493,2201,3.019,77.0,17.2,21.6,22.6,44.2,1.76,25.15,0.99974,0.039,163.95,25.19,14,2
5.400,hall_frame_check,9x4.5,pi5,-0.005,0.027,-0.002,0.005,0.021,-0.011,0.025,-0.04,-0.03,113.78,0.0039,0.0000,0.1703,0.1620,2292,3.302,84.2,19.8,24.8,22.6,47.4,1.88,25.14,0.99974,0.039,152.75,25.19,14,2
5.452,hall_frame_check,9x4.5,pi5,-0.005,0.026,-0.002,0.004,0.021,-0.011,0.024,-0.03,-0.03,113.78,0.0037,0.0000,0.1830,0.1757,2388,3.615,92.2,22.9,28.6,22.6,51.2,2.04,25.14,0.99973,0.040,141.44,25.19,14,2
5.500,hall_frame_check,9x4.5,pi5,-0.007,0.025,-0.001,0.004,0.020,-0.011,0.023,-0.03,-0.03,113.78,0.0038,0.0000,0.1965,0.1896,2487,3.957,100.9,26.3,32.9,22.6,55.5,2.21,25.13,0.99973,0.041,130.40,25.19,14,2
5.552,hall_frame_check,9x4.5,pi5,-0.007,0.025,-0.001,0.003,0.020,-0.010,0.023,-0.03,-0.03,113.78,0.0041,0.0000,0.2131,0.2061,2608,4.392,112.0,30.9,38.7,22.6,61.3,2.44,25.12,0.99972,0.042,118.05,25.19,14,2
5.600,hall_frame_check,9x4.5,pi5,-0.008,0.025,0.000,0.003,0.020,-0.009,0.023,-0.03,-0.04,113.78,0.0047,0.0000,0.2275,0.2208,2716,4.796,122.3,35.5,44.3,22.6,66.9,2.66,25.12,0.99972,0.043,108.07,25.19,14,2
5.652,hall_frame_check,9x4.5,pi5,-0.008,0.025,0.001,0.003,0.021,-0.009,0.023,-0.03,-0.04,113.78,0.0050,0.0000,0.2427,0.2361,2827,5.238,133.5,40.6,50.8,22.6,73.4,2.92,25.11,0.99971,0.044,98.51,25.19,14,2
5.700,hall_frame_check,9x4.5,pi5,-0.008,0.025,0.002,0.003,0.021,-0.008,0.023,-0.03,-0.04,113.79,0.0048,0.0000,0.2587,0.2520,2942,5.720,145.8,46.6,58.2,22.6,80.8,3.22,25.10,0.99970,0.045,89.43,25.19,14,2
5.752,hall_frame_check,9x4.5,pi5,-0.008,0.025,0.002,0.003,0.022,-0.008,0.023,-0.03,-0.04,113.79,0.0051,0.0000,0.2777,0.2707,3080,6.322,161.2,54.3,67.9,22.6,90.5,3.61,25.09,0.99970,0.046,79.81,25.19,14,2
5.800,hall_frame_check,9x4.5,pi5,-0.008,0.025,0.002,0.003,0.022,-0.008,0.024,-0.03,-0.04,113.80,0.0041,0.0000,0.2955,0.2876,3202,6.896,175.8,62.2,77.7,22.6,100.3,4.00,25.08,0.99969,0.047,71.98,25.19,14,2
5.852,hall_frame_check,9x4.5,pi5,-0.007,0.025,0.002,0.003,0.022,-0.008,0.024,-0.03,-0.04,113.80,0.0043,0.0000,0.3132,0.3043,3328,7.499,191.2,70.7,88.3,22.6,110.9,4.43,25.06,0.99968,0.049,65.04,25.19,14,2
5.900,hall_frame_check,9x4.5,pi5,-0.006,0.025,0.002,0.004,0.023,-0.007,0.024,-0.04,-0.05,113.80,0.0043,0.0000,0.3308,0.3224,3457,8.149,207.7,80.3,100.4,22.6,123.0,4.91,25.05,0.99966,0.051,58.64,25.19,14,2
5.952,hall_frame_check,9x4.5,pi5,-0.006,0.025,0.002,0.004,0.023,-0.007,0.024,-0.04,-0.04,113.80,0.0049,0.0000,0.3523,0.3431,3612,8.955,228.3,92.7,115.9,22.6,138.5,5.53,25.03,0.99965,0.053,52.02,25.19,14,2
6.000,hall_frame_check,9x4.5,pi5,-0.005,0.024,0.001,0.004,0.023,-0.007,0.024,-0.04,-0.04,113.80,0.0040,0.0000,0.3716,0.3623,3749,9.720,247.8,105.2,131.5,22.6,154.1,6.16,25.01,0.99964,0.055,46.73,25.19,14,2
6.052,hall_frame_check,9x4.5,pi5,-0.005,0.024,0.001,0.004,0.023,-0.007,0.024,-0.04,-0.04,113.80,0.0043,0.0000,0.3914,0.3809,3889,10.521,268.2,118.7,148.4,22.6,171.0,6.84,24.99,0.99962,0.057,42.08,25.19,14,2
6.100,hall_frame_check,9x4.5,pi5,-0.005,0.024,0.000,0.004,0.023,-0.007,0.024,-0.04,-0.04,113.80,0.0053,0.0000,0.4108,0.4002,4032,11.360,289.6,133.4,166.7,22.6,189.3,7.58,24.97,0.99960,0.060,37.96,25.19,14,2
6.152,hall_frame_check,9x4.5,pi5,-0.005,0.023,-0.000,0.004,0.022,-0.007,0.024,-0.03,-0.04,113.80,0.0045,0.0000,0.4350,0.4242,4204,12.446,317.3,153.4,191.7,22.6,214.3,8.59,24.94,0.99958,0.063,33.50,25.19,14,2
6.200,hall_frame_check,9x4.5,pi5,-0.005,0.023,-0.001,0.003,0.022,-0.008,0.024,-0.03,-0.04,113.79,0.0062,0.0000,0.4548,0.4444,4355,13.395,341.5,171.4,214.2,22.6,236.8,9.51,24.91,0.99956,0.066,30.28,25.19,14,2
6.252,hall_frame_check,9x4.5,pi5,-0.005,0.022,-0.001,0.003,0.022,-0.008,0.023,-0.03,-0.04,113.79,0.0076,0.0018,0.4750,0.4637,4868,14.588,371.9,191.0,238.8,22.6,261.4,10.51,24.88,0.99954,0.070,27.40,25.19,14,2
6.300,hall_frame_check,9x4.5,pi5,-0.006,0.022,-0.002,0.002,0.021,-0.008,0.023,-0.02,-0.04,113.79,0.0174,0.0108,0.4877,0.4759,5027,15.305,390.2,204.2,255.3,22.6,277.9,11.18,24.86,0.99951,0.073,25.75,25.19,14,2
6.348,hall_frame_check,9x4.5,pi5,-0.006,0.021,-0.002,0.002,0.021,-0.008,0.022,-0.02,-0.04,113.78,0.0254,0.0188,0.5017,0.4909,5189,16.131,411.2,220.1,275.1,22.6,297.7,11.99,24.84,0.99949,0.077,24.01,25.19,14,2
6.400,hall_frame_check,9x4.5,pi5,-0.006,0.021,-0.002,0.001,0.020,-0.008,0.022,-0.02,-0.04,113.78,0.0344,0.0273,0.5201,0.5084,5383,17.176,437.9,240.9,301.1,22.6,323.7,13.05,24.80,0.99945,0.082,22.05,25.19,14,2
6.452,hall_frame_check,9x4.5,pi5,-0.007,0.020,-0.003,0.000,0.019,-0.008,0.021,-0.02,-0.04,113.77,0.0414,0.0334,0.5368,0.5256,5553,18.171,463.2,261.5,326.9,22.6,349.5,14.11,24.77,0.99942,0.087,20.40,25.19,14,2
6.500,hall_frame_check,9x4.5,pi5,-0.008,0.019,-0.003,-0.001,0.018,-0.008,0.020,-0.01,-0.04,113.77,0.0485,0.0401,0.5540,0.5425,5727,19.210,489.7,283.6,354.4,22.6,377.0,15.24,24.74,0.99939,0.092,18.88,25.19,14,2
6.552,hall_frame_check,9x4.5,pi5,-0.008,0.018,-0.004,-0.002,0.017,-0.009,0.019,-0.01,-0.04,113.77,0.0573,0.0486,0.5735,0.5629,5934,20.466,521.7,310.8,388.5,22.6,411.1,16.65,24.70,0.99935,0.098,17.28,25.19,14,2
6.600,hall_frame_check,9x4.5,pi5,-0.009,0.017,-0.005,-0.003,0.016,-0.009,0.019,-0.00,-0.04,113.76,0.0648,0.0555,0.5912,0.5807,6115,21.615,551.0,336.6,420.8,22.6,443.4,17.98,24.66,0.99931,0.104,16.00,25.19,14,2
6.652,hall_frame_check,9x4.5,pi5,-0.010,0.016,-0.005,-0.003,0.015,-0.009,0.018,-0.00,-0.04,113.76,0.0721,0.0622,0.6093,0.5996,6300,22.839,582.2,364.9,456.1,22.6,478.7,19.45,24.61,0.99926,0.111,14.79,25.19,14,2
6.700,hall_frame_check,9x4.5,pi5,-0.011,0.014,-0.006,-0.005,0.014,-0.010,0.017,0.00,-0.04,113.75,0.0799,0.0697,0.6276,0.6180,6488,24.094,614.2,394.5,493.1,22.6,515.7,20.99,24.56,0.99921,0.118,13.71,25.19,14,2
6.752,hall_frame_check,9x4.5,pi5,-0.012,0.013,-0.007,-0.005,0.013,-0.010,0.017,0.00,-0.04,113.75,0.0900,0.0789,0.6485,0.6396,6712,25.606,652.8,430.8,538.5,22.6,561.1,22.90,24.51,0.99916,0.126,12.57,25.19,14,2
6.800,hall_frame_check,9x4.5,pi5,-0.013,0.012,-0.008,-0.006,0.012,-0.010,0.017,0.01,-0.04,113.74,0.0983,0.0870,0.6669,0.6589,6908,26.980,687.8,464.8,581.0,22.6,603.6,24.68,24.45,0.99910,0.134,11.65,25.19,14,2
6.852,hall_frame_check,9x4.5,pi5,-0.014,0.011,-0.009,-0.006,0.009,-0.011,0.015,0.01,-0.03,113.68,0.1155,0.1004,0.6770,0.6731,7107,28.064,715.4,488.9,611.2,22.6,633.8,25.96,24.41,0.99904,0.143,11.08,25.18,14,2
6.900,hall_frame_check,9x4.5,pi5,-0.016,0.009,-0.011,-0.002,0.006,-0.014,0.016,0.05,-0.03,112.93,0.1458,0.1406,0.6652,0.6682,7302,28.189,718.6,479.0,598.7,22.6,621.3,25.43,24.43,0.99898,0.151,11.31,25.18,14,2
6.952,hall_frame_check,9x4.5,pi5,-0.016,0.008,-0.012,-0.003,0.006,-0.018,0.019,0.07,0.03,111.76,0.2048,0.2034,0.6375,0.6369,7530,27.705,706.3,441.5,551.9,22.6,574.5,23.46,24.49,0.99893,0.160,12.26,25.18,14,2
7.000,hall_frame_check,9x4.5,pi5,-0.017,0.007,-0.014,-0.004,0.004,-0.021,0.021,0.03,0.13,109.08,0.2720,0.2721,0.5974,0.5991,7740,27.265,695.1,403.4,504.2,22.6,526.8,21.46,24.55,0.99888,0.167,13.40,25.18,14,2
7.052,hall_frame_check,9x4.5,pi5,-0.018,0.006,-0.015,-0.005,0.003,-0.018,0.019,-0.01,0.19,106.79,0.3477,0.3452,0.5438,0.5520,7914,26.964,687.4,371.4,464.3,22.6,486.9,19.79,24.60,0.99883,0.174,14.53,25.18,14,2
7.100,hall_frame_check,9x4.5,pi5,-0.018,0.005,-0.017,-0.003,0.004,-0.014,0.015,-0.02,0.27,102.91,0.4075,0.4034,0.4964,0.5010,7985,26.736,681.6,353.6,442.0,22.6,464.6,18.87,24.62,0.99879,0.180,15.24,25.18,14,2
7.152,hall_frame_check,9x4.5,pi5,-0.019,0.005,-0.018,-0.002,0.007,-0.013,0.015,-0.02,0.30,100.25,0.4616,0.4562,0.4539,0.4582,8064,27.071,690.1,356.5,445.6,22.6,468.2,19.02,24.62,0.99874,0.187,15.12,25.18,14,2
7.200,hall_frame_check,9x4.5,pi5,-0.019,0.004,-0.019,0.001,0.011,-0.014,0.017,-0.02,0.32,96.46,0.4984,0.4944,0.4249,0.4300,8128,27.608,703.8,369.2,461.5,22.6,484.1,19.68,24.60,0.99870,0.193,14.61,25.18,14,2
7.252,hall_frame_check,9x4.5,pi5,-0.019,0.004,-0.019,0.002,0.011,-0.014,0.018,-0.02,0.35,94.14,0.5260,0.5275,0.4052,0.4063,8191,28.249,720.1,386.4,483.0,22.6,505.6,20.57,24.57,0.99865,0.200,13.97,25.18,14,2
7.300,hall_frame_check,9x4.5,pi5,-0.018,0.003,-0.019,0.002,0.007,-0.020,0.021,-0.07,0.37,91.00,0.5480,0.5479,0.3914,0.3915,8241,28.806,734.4,402.0,502.5,22.6,525.1,21.39,24.55,0.99860,0.207,13.44,25.18,14,2
7.352,hall_frame_check,9x4.5,pi5,-0.017,0.003,-0.020,0.003,0.004,-0.030,0.031,-0.11,0.36,89.16,0.5623,0.5627,0.3808,0.3816,8272,29.204,744.5,413.9,517.3,22.6,539.9,22.01,24.53,0.99855,0.215,13.06,25.18,14,2
7.400,hall_frame_check,9x4.5,pi5,-0.016,0.002,-0.021,0.003,0.001,-0.051,0.051,-0.15,0.32,86.83,0.5683,0.5687,0.3771,0.3767,8284,29.373,748.8,419.0,523.8,22.6,546.4,22.28,24.52,0.99850,0.222,12.90,25.18,14,2
7.452,hall_frame_check,9x4.5,pi5,-0.016,0.001,-0.023,0.004,-0.002,-0.067,0.068,-0.17,0.29,85.60,0.5684,0.5685,0.3782,0.3779,8292,29.416,749.9,419.8,524.7,22.6,547.3,22.32,24.52,0.99845,0.230,12.88,25.18,14,2
7.500,hall_frame_check,9x4.5,pi5,-0.015,-0.000,-0.028,0.005,-0.005,-0.093,0.093,-0.19,0.23,84.21,0.5638,0.5635,0.3840,0.3837,8299,29.382,749.0,417.3,521.7,22.6,544.3,22.20,24.52,0.99840,0.238,12.95,25.18,14,2
7.548,hall_frame_check,9x4.5,pi5,-0.014,-0.001,-0.032,0.005,-0.006,-0.109,0.109,-0.19,0.19,83.59,0.5549,0.5555,0.3939,0.3928,8307,29.300,746.9,413.0,516.2,22.6,538.8,21.97,24.53,0.99835,0.245,13.08,25.18,14,2
7.600,hall_frame_check,9x4.5,pi5,-0.014,-0.002,-0.038,0.005,-0.007,-0.130,0.130,-0.18,0.14,83.06,0.5434,0.5439,0.4064,0.4066,8319,29.219,744.9,408.1,510.1,22.6,532.7,21.71,24.53,0.99830,0.253,13.24,25.18,14,2
7.652,hall_frame_check,9x4.5,pi5,-0.014,-0.003,-0.044,0.005,-0.008,-0.143,0.144,-0.17,0.11,82.94,0.5304,0.5310,0.4211,0.4213,8331,29.158,743.3,403.8,504.7,22.6,527.3,21.49,24.54,0.99825,0.260,13.37,25.18,14,2
7.700,hall_frame_check,9x4.5,pi5,-0.014,-0.004,-0.054,0.005,-0.009,-0.163,0.164,-0.16,0.06,83.04,0.5187,0.5187,0.4353,0.4353,8346,29.152,743.2,401.4,501.8,22.6,524.4,21.37,24.54,0.99820,0.267,13.45,25.18,14,2
7.752,hall_frame_check,9x4.5,pi5,-0.014,-0.006,-0.061,0.005,-0.009,-0.175,0.175,-0.15,0.04,83.25,0.5068,0.5061,0.4502,0.4501,8365,29.201,744.4,400.8,501.0,22.6,523.6,21.33,24.54,0.99815,0.275,13.47,25.18,14,2
7.800,hall_frame_check,9x4.5,pi5,-0.013,-0.008,-0.072,0.005,-0.010,-0.191,0.191,-0.14,0.00,83.72,0.4961,0.4963,0.4626,0.4625,8381,29.268,746.1,401.2,501.5,22.6,524.1,21.35,24.54,0.99810,0.282,13.45,25.18,14,2
7.852,hall_frame_check,9x4.5,pi5,-0.013,-0.009,-0.081,0.004,-0.010,-0.203,0.203,-0.14,-0.02,84.09,0.4866,0.4868,0.4744,0.4738,8396,29.347,748.1,402.4,503.0,22.6,525.6,21.42,24.54,0.99805,0.289,13.41,25.18,14,2
7.900,hall_frame_check,9x4.5,pi5,-0.013,-0.011,-0.095,0.004,-0.010,-0.222,0.222,-0.14,-0.05,84.69,0.4798,0.4797,0.4826,0.4829,8408,29.433,750.3,404.1,505.1,22.6,527.7,21.51,24.54,0.99800,0.296,13.36,25.18,14,2
7.952,hall_frame_check,9x4.5,pi5,-0.013,-0.012,-0.105,0.004,-0.010,-0.234,0.234,-0.13,-0.07,85.09,0.4743,0.4740,0.4904,0.4898,8421,29.525,752.7,406.1,507.6,22.6,530.2,21.61,24.53,0.99795,0.304,13.29,25.18,14,2
8.000,hall_frame_check,9x4.5,pi5,-0.012,-0.014,-0.120,0.004,-0.009,-0.251,0.251,-0.13,-0.10,85.65,0.4710,0.4704,0.4952,0.4942,8429,29.591,754.4,407.6,509.5,22.6,532.1,21.69,24.53,0.99790,0.311,13.24,25.18,14,2
8.052,hall_frame_check,9x4.5,pi5,-0.012,-0.015,-0.130,0.004,-0.009,-0.264,0.264,-0.13,-0.12,85.99,0.4685,0.4688,0.4979,0.4978,8437,29.653,755.9,409.0,511.3,22.6,533.9,21.76,24.53,0.99785,0.319,13.20,25.18,14,2
8.100,hall_frame_check,9x4.5,pi5,-0.011,-0.017,-0.149,0.005,-0.008,-0.283,0.284,-0.13,-0.14,86.44,0.4688,0.4677,0.4998,0.4987,8444,29.704,757.3,410.1,512.7,22.6,535.3,21.82,24.53,0.99780,0.326,13.16,25.18,14,2
8.152,hall_frame_check,9x4.5,pi5,-0.010,-0.019,-0.161,0.006,-0.007,-0.296,0.296,-0.13,-0.16,86.68,0.4690,0.4691,0.4990,0.4997,8451,29.754,758.5,411.2,513.9,22.6,536.5,21.88,24.53,0.99775,0.334,13.13,25.18,14,2
8.200,hall_frame_check,9x4.5,pi5,-0.008,-0.021,-0.178,0.007,-0.006,-0.313,0.313,-0.12,-0.18,86.98,0.4704,0.4707,0.4987,0.4984,8456,29.787,759.3,411.8,514.7,22.6,537.3,21.91,24.52,0.99770,0.341,13.11,25.18,14,2
8.252,hall_frame_check,9x4.5,pi5,-0.006,-0.022,-0.191,0.007,-0.005,-0.325,0.325,-0.11,-0.19,87.13,0.4728,0.4727,0.4971,0.4970,8461,29.814,760.0,412.2,515.3,22.6,537.9,21.93,24.52,0.99764,0.349,13.09,25.18,14,2
8.300,hall_frame_check,9x4.5,pi5,-0.004,-0.024,-0.213,0.009,-0.004,-0.345,0.345,-0.10,-0.21,87.29,0.4749,0.4752,0.4951,0.4953,8464,29.836,760.6,412.6,515.8,22.6,538.4,21.95,24.52,0.99760,0.356,13.08,25.18,14,2
8.352,hall_frame_check,9x4.5,pi5,-0.003,-0.026,-0.227,0.009,-0.004,-0.357,0.357,-0.08,-0.22,87.36,0.4773,0.4781,0.4930,0.4932,8469,29.861,761.2,413.1,516.3,22.6,538.9,21.98,24.52,0.99754,0.364,13.06,25.18,14,2
8.400,hall_frame_check,9x4.5,pi5,-0.001,-0.028,-0.247,0.010,-0.003,-0.373,0.373,-0.06,-0.24,87.42,0.4801,0.4803,0.4909,0.4913,8472,29.883,761.8,413.5,516.8,22.6,539.4,22.00,24.52,0.99749,0.371,13.05,25.18,14,2
8.452,hall_frame_check,9x4.5,pi5,0.000,-0.029,-0.262,0.010,-0.003,-0.384,0.385,-0.04,-0.25,87.44,0.4828,0.4824,0.4892,0.4891,8475,29.904,762.3,413.9,517.3,22.6,539.9,22.02,24.52,0.99744,0.379,13.04,25.18,14,2
8.500,hall_frame_check,9x4.5,pi5,0.002,-0.032,-0.287,0.010,-0.002,-0.402,0.402,-0.01,-0.27,87.44,0.4853,0.4840,0.4877,0.4874,8478,29.925,762.9,414.3,517.8,22.6,540.4,22.04,24.52,0.99739,0.386,13.02,25.18,14,2
8.552,hall_frame_check,9x4.5,pi5,0.004,-0.033,-0.303,0.010,-0.001,-0.413,0.413,0.01,-0.29,87.44,0.4866,0.4864,0.4862,0.4862,8482,29.951,763.5,414.8,518.5,22.6,541.1,22.07,24.52,0.99734,0.394,13.00,25.18,14,2
8.600,hall_frame_check,9x4.5,pi5,0.005,-0.035,-0.327,0.009,-0.000,-0.428,0.428,0.03,-0.31,87.42,0.4884,0.4872,0.4851,0.4855,8485,29.973,764.1,415.3,519.1,22.6,541.7,22.10,24.51,0.99729,0.401,12.99,25.18,14,2
8.652,hall_frame_check,9x4.5,pi5,0.006,-0.037,-0.344,0.009,0.001,-0.439,0.439,0.04,-0.32,87.41,0.4894,0.4884,0.4847,0.4845,8488,29.995,764.6,415.7,519.7,22.6,542.3,22.12,24.51,0.99724,0.409,12.97,25.18,14,2
8.700,hall_frame_check,9x4.5,pi5,0.008,-0.038,-0.373,0.008,0.003,-0.455,0.455,0.06,-0.34,87.40,0.4897,0.4896,0.4844,0.4843,8491,30.016,765.2,416.2,520.2,22.6,542.8,22.15,24.51,0.99719,0.416,12.96,25.18,14,2
8.752,hall_frame_check,9x4.5,pi5,0.009,-0.039,-0.391,0.007,0.004,-0.465,0.465,0.07,-0.35,87.40,0.4901,0.4903,0.4842,0.4843,8495,30.040,765.8,416.7,520.9,22.6,543.5,22.17,24.51,0.99713,0.424,12.94,25.18,14,2
8.800,hall_frame_check,9x4.5,pi5,0.010,-0.040,-0.417,0.006,0.006,-0.478,0.479,0.08,-0.37,87.42,0.4908,0.4900,0.4842,0.4846,8497,30.059,766.3,417.1,521.4,22.6,544.0,22.19,24.51,0.99708,0.431,12.93,25.18,14,2
8.852,hall_frame_check,9x4.5,pi5,0.011,-0.040,-0.436,0.005,0.008,-0.488,0.488,0.09,-0.38,87.43,0.4905,0.4904,0.4847,0.4849,8500,30.080,766.8,417.5,521.9,22.6,544.5,22.22,24.51,0.99703,0.439,12.92,25.17,14,2
8.900,hall_frame_check,9x4.5,pi5,0.012,-0.040,-0.468,0.004,0.011,-0.503,0.503,0.09,-0.38,87.47,0.4903,0.4903,0.4850,0.4855,8503,30.098,767.3,417.9,522.4,22.6,545.0,22.24,24.51,0.99698,0.446,12.90,25.17,14,2
8.952,hall_frame_check,9x4.5,pi5,0.013,-0.039,-0.488,0.003,0.013,-0.512,0.512,0.10,-0.38,87.50,0.4897,0.4904,0.4857,0.4859,8505,30.112,767.7,418.2,522.7,22.6,545.3,22.25,24.51,0.99693,0.454,12.89,25.17,14,2
9.000,hall_frame_check,9x4.5,pi5,0.014,-0.038,-0.517,0.002,0.016,-0.525,0.525,0.10,-0.38,87.56,0.4897,0.4899,0.4864,0.4862,8507,30.126,768.0,418.5,523.1,22.6,545.7,22.27,24.51,0.99688,0.461,12.88,25.17,14,2
9.052,hall_frame_check,9x4.5,pi5,0.015,-0.037,-0.538,0.002,0.018,-0.534,0.534,0.10,-0.37,87.60,0.4894,0.4894,0.4864,0.4875,8509,30.139,768.3,418.7,523.4,22.6,546.0,22.28,24.51,0.99682,0.469,12.87,25.17,14,2
9.100,hall_frame_check,9x4.5,pi5,0.017,-0.035,-0.572,0.001,0.021,-0.547,0.548,0.11,-0.35,87.67,0.4893,0.4891,0.4876,0.4874,8511,30.156,768.8,419.1,523.9,22.6,546.5,22.30,24.50,0.99678,0.476,12.86,25.17,14,2
9.152,hall_frame_check,9x4.5,pi5,0.018,-0.034,-0.594,0.001,0.022,-0.556,0.556,0.11,-0.33,87.72,0.4887,0.4892,0.4881,0.4879,8513,30.171,769.2,419.4,524.3,22.6,546.9,22.32,24.50,0.99672,0.484,12.85,25.17,14,2
9.200,hall_frame_check,9x4.5,pi5,0.019,-0.032,-0.625,-0.000,0.024,-0.567,0.568,0.12,-0.30,87.79,0.4887,0.4890,0.4882,0.4886,8515,30.187,769.6,419.7,524.7,22.6,547.3,22.34,24.50,0.99667,0.492,12.84,25.17,14,2
9.252,hall_frame_check,9x4.5,pi5,0.020,-0.031,-0.648,-0.000,0.024,-0.575,0.576,0.12,-0.29,87.83,0.4887,0.4888,0.4888,0.4888,8517,30.199,769.9,420.0,525.0,22.6,547.6,22.35,24.50,0.99662,0.500,12.83,25.17,14,2
9.300,hall_frame_check,9x4.5,pi5,0.022,-0.029,-0.686,-0.001,0.025,-0.588,0.588,0.13,-0.26,87.91,0.4887,0.4887,0.4891,0.4891,8519,30.213,770.2,420.3,525.3,22.6,547.9,22.36,24.50,0.99657,0.507,12.82,25.17,14,2
9.352,hall_frame_check,9x4.5,pi5,0.023,-0.028,-0.709,-0.001,0.025,-0.595,0.596,0.14,-0.24,87.95,0.4883,0.4892,0.4892,0.4895,8521,30.229,770.6,420.6,525.8,22.6,548.4,22.38,24.50,0.99651,0.515,12.81,25.17,14,2
9.400,hall_frame_check,9x4.5,pi5,0.025,-0.028,-0.743,-0.001,0.024,-0.606,0.606,0.15,-0.22,88.02,0.4886,0.4891,0.4891,0.4899,8523,30.243,771.0,420.9,526.1,22.6,548.7,22.40,24.50,0.99646,0.522,12.80,25.17,14,2
9.452,hall_frame_check,9x4.5,pi5,0.026,-0.027,-0.767,-0.001,0.024,-0.613,0.613,0.16,-0.20,88.06,0.4890,0.4890,0.4898,0.4895,8525,30.256,771.3,421.2,526.5,22.6,549.1,22.41,24.50,0.99641,0.530,12.79,25.17,14,2
9.500,hall_frame_check,9x4.5,pi5,0.028,-0.026,-0.806,-0.001,0.022,-0.624,0.625,0.17,-0.19,88.12,0.4889,0.4893,0.4895,0.4901,8527,30.269,771.6,421.4,526.8,22.6,549.4,22.43,24.50,0.99636,0.537,12.78,25.17,14,2
9.552,hall_frame_check,9x4.5,pi5,0.029,-0.026,-0.831,-0.001,0.021,-0.631,0.632,0.18,-0.18,88.17,0.4891,0.4892,0.4897,0.4902,8529,30.280,771.9,421.7,527.1,22.6,549.7,22.44,24.50,0.99631,0.545,12.78,25.17,14,2
9.600,hall_frame_check,9x4.5,pi5,0.030,-0.025,-0.866,-0.002,0.020,-0.641,0.641,0.20,-0.18,88.23,0.4897,0.4889,0.4899,0.4903,8530,30.294,772.3,422.0,527.5,22.6,550.1,22.46,24.50,0.99626,0.553,12.77,25.17,14,2
9.652,hall_frame_check,9x4.5,pi5,0.031,-0.025,-0.892,-0.002,0.020,-0.647,0.648,0.21,-0.18,88.28,0.4891,0.4897,0.4900,0.4904,8532,30.307,772.6,422.2,527.8,22.6,550.4,22.47,24.49,0.99620,0.561,12.76,25.17,14,2
9.700,hall_frame_check,9x4.5,pi5,0.032,-0.024,-0.933,-0.003,0.019,-0.658,0.658,0.23,-0.19,88.34,0.4895,0.4894,0.4904,0.4904,8534,30.319,772.9,422.5,528.1,22.6,550.7,22.48,24.49,0.99615,0.568,12.75,25.17,14,2
9.752,hall_frame_check,9x4.5,pi5,0.032,-0.024,-0.959,-0.003,0.018,-0.664,0.664,0.24,-0.19,88.39,0.4891,0.4902,0.4906,0.4906,8537,30.338,773.4,422.9,528.6,22.6,551.2,22.50,24.49,0.99610,0.576,12.73,25.17,14,2
9.800,hall_frame_check,9x4.5,pi5,0.033,-0.023,-0.996,-0.004,0.017,-0.672,0.673,0.25,-0.20,88.45,0.4897,0.4893,0.4907,0.4903,8535,30.323,773.0,422.6,528.2,22.6,550.8,22.49,24.49,0.99605,0.583,12.74,25.17,14,2
9.852,hall_frame_check,9x4.5,pi5,0.034,-0.023,-1.023,-0.005,0.017,-0.678,0.678,0.26,-0.20,88.49,0.4835,0.4835,0.4846,0.4847,8449,29.718,757.6,410.0,512.5,22.6,535.1,21.83,24.51,0.99600,0.591,13.13,25.17,14,2
10.552,hall_frame_check,9x4.5,pi5,0.034,-0.022,-1.066,-0.005,0.016,-0.679,0.680,0.26,-0.20,88.55,0.4790,0.4782,0.4802,0.4794,8379,29.226,745.0,399.8,499.8,22.6,522.4,21.30,24.53,0.99531,0.692,13.44,25.17,14,2
10.603,hall_frame_check,9x4.5,pi5,0.035,-0.021,-1.093,-0.006,0.016,-0.673,0.673,0.27,-0.21,88.59,0.4748,0.4748,0.4759,0.4761,8323,28.841,735.3,392.0,490.0,22.6,512.6,20.89,24.53,0.99526,0.700,13.70,25.17,14,2
10.651,hall_frame_check,9x4.5,pi5,0.036,-0.020,-1.130,-0.006,0.016,-0.656,0.656,0.27,-0.21,88.64,0.4726,0.4730,0.4744,0.4736,8295,28.641,730.1,387.9,484.9,22.6,507.5,20.68,24.54,0.99521,0.707,13.84,25.17,14,2
10.704,hall_frame_check,9x4.5,pi5,0.036,-0.019,-1.155,-0.007,0.016,-0.641,0.641,0.28,-0.21,88.67,0.4714,0.4719,0.4728,0.4725,8276,28.514,726.9,385.3,481.7,22.6,504.3,20.55,24.54,0.99516,0.714,13.93,25.17,14,2
10.752,hall_frame_check,9x4.5,pi5,0.037,-0.018,-1.195,-0.008,0.016,-0.614,0.614,0.28,-0.20,88.72,0.4709,0.4710,0.4720,0.4717,8265,28.440,725.0,383.8,479.8,22.6,502.4,20.47,24.55,0.99512,0.721,13.99,25.17,14,2
10.804,hall_frame_check,9x4.5,pi5,0.037,-0.017,-1.218,-0.008,0.016,-0.596,0.597,0.29,-0.20,88.75,0.4707,0.4704,0.4718,0.4710,8259,28.397,723.9,383.0,478.7,22.6,501.3,20.42,24.55,0.99507,0.728,14.02,25.17,14,2
10.851,hall_frame_check,9x4.5,pi5,0.037,-0.015,-1.249,-0.008,0.016,-0.571,0.572,0.29,-0.19,88.79,0.4703,0.4706,0.4714,0.4711,8257,28.385,723.6,382.7,478.4,22.6,501.0,20.41,24.55,0.99502,0.734,14.02,25.17,14,2
10.903,hall_frame_check,9x4.5,pi5,0.038,-0.014,-1.270,-0.009,0.017,-0.554,0.554,0.29,-0.19,88.81,0.4705,0.4706,0.4711,0.4711,8257,28.384,723.6,382.7,478.4,22.6,501.0,20.41,24.55,0.99497,0.742,14.02,25.17,14,2
10.952,hall_frame_check,9x4.5,pi5,0.038,-0.012,-1.302,-0.009,0.017,-0.527,0.527,0.30,-0.18,88.84,0.4707,0.4707,0.4711,0.4710,8258,28.390,723.7,382.8,478.5,22.6,501.1,20.42,24.55,0.99493,0.748,14.02,25.17,14,2
11.004,hall_frame_check,9x4.5,pi5,0.038,-0.010,-1.321,-0.010,0.017,-0.511,0.511,0.30,-0.17,88.87,0.4708,0.4710,0.4710,0.4711,8259,28.400,724.0,383.0,478.8,22.6,501.4,20.43,24.54,0.99488,0.756,14.01,25.17,14,2
11.052,hall_frame_check,9x4.5,pi5,0.038,-0.008,-1.347,-0.010,0.018,-0.490,0.490,0.30,-0.15,88.89,0.4714,0.4708,0.4716,0.4707,8261,28.411,724.3,383.2,479.1,22.6,501.7,20.44,24.54,0.99483,0.762,14.00,25.17,14,2
11.104,hall_frame_check,9x4.5,pi5,0.038,-0.007,-1.364,-0.011,0.018,-0.475,0.475,0.31,-0.14,88.91,0.4713,0.4712,0.4713,0.4712,8263,28.425,724.6,383.5,479.4,22.6,502.0,20.45,24.54,0.99478,0.770,13.99,25.17,14,2
11.152,hall_frame_check,9x4.5,pi5,0.038,-0.004,-1.390,-0.011,0.018,-0.453,0.454,0.31,-0.12,88.94,0.4717,0.4711,0.4716,0.4710,8265,28.435,724.9,383.7,479.7,22.6,502.3,20.46,24.54,0.99474,0.776,13.98,25.17,14,2
11.204,hall_frame_check,9x4.5,pi5,0.038,-0.002,-1.405,-0.011,0.018,-0.440,0.441,0.31,-0.11,88.96,0.4719,0.4712,0.4714,0.4714,8267,28.448,725.2,384.0,480.0,22.6,502.6,20.48,24.54,0.99469,0.784,13.97,25.17,14,2
11.252,hall_frame_check,9x4.5,pi5,0.038,-0.000,-1.426,-0.012,0.018,-0.423,0.424,0.31,-0.08,88.99,0.4717,0.4714,0.4720,0.4711,8268,28.456,725.4,384.2,480.2,22.6,502.8,20.49,24.54,0.99464,0.790,13.96,25.17,14,2
11.304,hall_frame_check,9x4.5,pi5,0.038,0.002,-1.441,-0.012,0.018,-0.412,0.413,0.31,-0.07,89.01,0.4713,0.4719,0.4714,0.4716,8268,28.457,725.5,384.2,480.2,22.6,502.8,20.49,24.54,0.99459,0.798,13.96,25.17,14,2
11.352,hall_frame_check,9x4.5,pi5,0.038,0.005,-1.463,-0.012,0.018,-0.394,0.395,0.30,-0.04,89.04,0.4718,0.4714,0.4716,0.4715,8268,28.457,725.5,384.2,480.2,22.6,502.8,20.49,24.54,0.99455,0.804,13.96,25.17,14,2
11.404,hall_frame_check,9x4.5,pi5,0.037,0.007,-1.476,-0.012,0.018,-0.384,0.385,0.31,-0.03,89.07,0.4716,0.4713,0.4717,0.4712,8266,28.446,725.2,384.0,479.9,22.6,502.5,20.48,24.54,0.99450,0.811,13.97,25.17,14,2
11.452,hall_frame_check,9x4.5,pi5,0.037,0.009,-1.495,-0.013,0.017,-0.370,0.371,0.31,-0.00,89.10,0.4716,0.4710,0.4715,0.4713,8265,28.435,724.9,383.7,479.7,22.6,502.3,20.47,24.54,0.99445,0.818,13.97,25.17,14,2
11.504,hall_frame_check,9x4.5,pi5,0.036,0.011,-1.508,-0.013,0.017,-0.361,0.362,0.31,0.01,89.12,0.4708,0.4713,0.4715,0.4709,8262,28.414,724.4,383.3,479.1,22.6,501.7,20.45,24.54,0.99440,0.825,13.99,25.16,14,2
11.552,hall_frame_check,9x4.5,pi5,0.035,0.015,-1.528,-0.014,0.017,-0.346,0.347,0.30,0.04,89.16,0.4708,0.4707,0.4715,0.4708,8259,28.396,723.9,382.9,478.7,22.6,501.3,20.43,24.54,0.99436,0.832,14.00,25.16,14,2
11.604,hall_frame_check,9x4.5,pi5,0.034,0.017,-1.540,-0.014,0.016,-0.337,0.338,0.30,0.06,89.18,0.4704,0.4706,0.4706,0.4712,8255,28.372,723.3,382.4,478.1,22.6,500.7,20.40,24.54,0.99431,0.839,14.02,25.16,14,2
11.652,hall_frame_check,9x4.5,pi5,0.032,0.020,-1.557,-0.015,0.016,-0.325,0.326,0.29,0.08,89.22,0.4703,0.4702,0.4706,0.4710,8253,28.355,722.8,382.1,477.6,22.6,500.2,20.38,24.54,0.99426,0.846,14.03,25.16,14,2
11.704,hall_frame_check,9x4.5,pi5,0.031,0.023,-1.569,-0.015,0.016,-0.316,0.317,0.29,0.10,89.24,0.4703,0.4697,0.4710,0.4703,8250,28.335,722.3,381.7,477.1,22.6,499.7,20.36,24.54,0.99421,0.853,14.04,25.16,14,2
11.752,hall_frame_check,9x4.5,pi5,0.030,0.027,-1.587,-0.016,0.015,-0.303,0.304,0.27,0.13,89.26,0.4697,0.4702,0.4705,0.4705,8249,28.326,722.1,381.5,476.9,22.6,499.5,20.35,24.54,0.99417,0.860,14.05,25.16,14,2
11.804,hall_frame_check,9x4.5,pi5,0.029,0.029,-1.598,-0.016,0.015,-0.294,0.295,0.27,0.15,89.28,0.4695,0.4702,0.4709,0.4700,8247,28.317,721.9,381.3,476.7,22.6,499.3,20.35,24.54,0.99412,0.867,14.05,25.16,14,2
11.852,hall_frame_check,9x4.5,pi5,0.028,0.032,-1.612,-0.016,0.013,-0.283,0.284,0.25,0.18,89.29,0.4698,0.4700,0.4698,0.4708,8247,28.311,721.7,381.2,476.5,22.6,499.1,20.34,24.54,0.99408,0.874,14.06,25.16,14,2
11.904,hall_frame_check,9x4.5,pi5,0.027,0.034,-1.622,-0.016,0.012,-0.275,0.276,0.24,0.20,89.30,0.4701,0.4697,0.4703,0.4700,8245,28.301,721.5,381.0,476.3,22.6,498.9,20.33,24.54,0.99403,0.881,14.06,25.16,14,2
11.952,hall_frame_check,9x4.5,pi5,0.026,0.036,-1.638,-0.015,0.011,-0.263,0.264,0.23,0.23,89.31,0.4694,0.4704,0.4699,0.4700,8244,28.293,721.3,380.9,476.1,22.6,498.7,20.32,24.54,0.99398,0.888,14.07,25.16,14,2
12.004,hall_frame_check,9x4.5,pi5,0.025,0.038,-1.648,-0.015,0.009,-0.256,0.257,0.23,0.24,89.32,0.4699,0.4702,0.4694,0.4703,8244,28.295,721.3,380.9,476.1,22.6,498.7,20.32,24.54,0.99393,0.895,14.06,25.16,14,2
12.052,hall_frame_check,9x4.5,pi5,0.023,0.039,-1.660,-0.015,0.007,-0.246,0.247,0.22,0.27,89.32,0.4698,0.4705,0.4697,0.4697,8244,28.295,721.3,380.9,476.1,22.6,498.7,20.32,24.54,0.99389,0.901,14.06,25.16,14,2
12.104,hall_frame_check,9x4.5,pi5,0.022,0.041,-1.669,-0.015,0.006,-0.239,0.240,0.21,0.28,89.33,0.4697,0.4708,0.4693,0.4702,8245,28.302,721.5,381.0,476.3,22.6,498.9,20.33,24.54,0.99384,0.909,14.06,25.16,14,2
12.152,hall_frame_check,9x4.5,pi5,0.019,0.042,-1.681,-0.015,0.003,-0.229,0.229,0.20,0.29,89.33,0.4704,0.4704,0.4698,0.4697,8246,28.308,721.7,381.2,476.5,22.6,499.1,20.34,24.54,0.99379,0.915,14.05,25.16,14,2
12.204,hall_frame_check,9x4.5,pi5,0.017,0.042,-1.689,-0.016,0.001,-0.223,0.223,0.19,0.29,89.34,0.4704,0.4705,0.4695,0.4699,8246,28.309,721.7,381.2,476.5,22.6,499.1,20.34,24.54,0.99374,0.923,14.05,25.16,14,2
12.252,hall_frame_check,9x4.5,pi5,0.015,0.043,-1.700,-0.016,-0.002,-0.215,0.215,0.18,0.30,89.35,0.4703,0.4707,0.4694,0.4699,8246,28.306,721.6,381.1,476.4,22.6,499.0,20.34,24.54,0.99370,0.929,14.05,25.16,14,2
12.304,hall_frame_check,9x4.5,pi5,0.013,0.043,-1.707,-0.016,-0.003,-0.209,0.210,0.17,0.30,89.35,0.4706,0.4701,0.4699,0.4694,8245,28.304,721.5,381.1,476.3,22.6,498.9,20.33,24.54,0.99365,0.936,14.05,25.16,14,2
12.352,hall_frame_check,9x4.5,pi5,0.010,0.043,-1.718,-0.016,-0.006,-0.201,0.202,0.15,0.29,89.37,0.4702,0.4704,0.4695,0.4698,8244,28.296,721.3,380.9,476.1,22.6,498.7,20.33,24.54,0.99360,0.943,14.06,25.16,14,2
12.404,hall_frame_check,9x4.5,pi5,0.008,0.043,-1.725,-0.015,-0.008,-0.196,0.197,0.13,0.29,89.37,0.4702,0.4702,0.4692,0.4697,8242,28.283,721.0,380.6,475.8,22.6,498.4,20.31,24.54,0.99356,0.950,14.06,25.16,14,2
12.452,hall_frame_check,9x4.5,pi5,0.006,0.042,-1.735,-0.015,-0.010,-0.189,0.190,0.11,0.28,89.39,0.4701,0.4699,0.4694,0.4695,8241,28.270,720.7,380.4,475.5,22.6,498.1,20.30,24.54,0.99351,0.957,14.07,25.16,14,2
12.504,hall_frame_check,9x4.5,pi5,0.004,0.042,-1.742,-0.015,-0.011,-0.184,0.185,0.10,0.27,89.40,0.4700,0.4698,0.4695,0.4694,8240,28.267,720.6,380.3,475.4,22.6,498.0,20.30,24.54,0.99346,0.964,14.07,25.16,14,2
12.552,hall_frame_check,9x4.5,pi5,0.001,0.041,-1.752,-0.014,-0.013,-0.177,0.178,0.07,0.25,89.41,0.4699,0.4697,0.4691,0.4698,8240,28.263,720.5,380.3,475.3,22.6,497.9,20.29,24.54,0.99342,0.971,14.08,25.16,14,2
12.604,hall_frame_check,9x4.5,pi5,-0.000,0.041,-1.758,-0.014,-0.014,-0.172,0.173,0.06,0.24,89.42,0.4697,0.4697,0.4696,0.4694,8239,28.260,720.4,380.2,475.2,22.6,497.8,20.29,24.54,0.99337,0.978,14.08,25.16,14,2
12.652,hall_frame_check,9x4.5,pi5,-0.003,0.040,-1.766,-0.014,-0.015,-0.166,0.167,0.04,0.22,89.44,0.4696,0.4698,0.4696,0.4695,8239,28.262,720.5,380.2,475.3,22.6,497.9,20.29,24.54,0.99332,0.985,14.07,25.16,14,2
12.704,hall_frame_check,9x4.5,pi5,-0.005,0.039,-1.772,-0.013,-0.016,-0.162,0.163,0.03,0.21,89.45,0.4697,0.4694,0.4695,0.4696,8239,28.257,720.4,380.1,475.2,22.6,497.8,20.29,24.54,0.99327,0.992,14.08,25.16,14,2
12.752,hall_frame_check,9x4.5,pi5,-0.008,0.038,-1.781,-0.012,-0.017,-0.156,0.157,0.00,0.20,89.47,0.4693,0.4696,0.4699,0.4692,8238,28.251,720.2,380.0,475.0,22.6,497.6,20.28,24.54,0.99323,0.998,14.08,25.16,14,2
12.804,hall_frame_check,9x4.5,pi5,-0.009,0.038,-1.786,-0.012,-0.018,-0.152,0.153,-0.01,0.19,89.48,0.4699,0.4691,0.4697,0.4694,8238,28.253,720.3,380.1,475.1,22.6,497.7,20.28,24.53,0.99318,1.006,14.08,25.16,14,2
12.852,hall_frame_check,9x4.5,pi5,-0.012,0.037,-1.793,-0.011,-0.018,-0.146,0.147,-0.03,0.17,89.50,0.4697,0.4693,0.4698,0.4693,8238,28.253,720.2,380.0,475.1,22.6,497.7,20.28,24.53,0.99313,1.012,14.08,25.16,14,2
12.904,hall_frame_check,9x4.5,pi5,-0.013,0.037,-1.798,-0.010,-0.018,-0.142,0.144,-0.04,0.17,89.50,0.4693,0.4697,0.4697,0.4694,8238,28.251,720.2,380.0,475.0,22.6,497.6,20.28,24.53,0.99309,1.019,14.08,25.16,14,2
12.952,hall_frame_check,9x4.5,pi5,-0.015,0.036,-1.806,-0.008,-0.018,-0.137,0.138,-0.06,0.16,89.52,0.4696,0.4692,0.4699,0.4692,8238,28.249,720.2,380.0,475.0,22.6,497.6,20.28,24.53,0.99304,1.026,14.08,25.16,14,2
13.004,hall_frame_check,9x4.5,pi5,-0.017,0.036,-1.810,-0.008,-0.018,-0.133,0.135,-0.07,0.15,89.53,0.4693,0.4695,0.4695,0.4697,8238,28.251,720.2,380.0,475.0,22.6,497.6,20.28,24.53,0.99299,1.033,14.07,25.16,14,2
13.052,hall_frame_check,9x4.5,pi5,-0.019,0.035,-1.816,-0.007,-0.019,-0.129,0.130,-0.09,0.14,89.54,0.4698,0.4691,0.4698,0.4693,8238,28.249,720.2,380.0,475.0,22.6,497.6,20.28,24.53,0.99295,1.040,14.07,25.16,14,2
13.104,hall_frame_check,9x4.5,pi5,-0.020,0.034,-1.821,-0.006,-0.019,-0.126,0.127,-0.10,0.14,89.55,0.4637,0.4985,0.4637,0.4987,8406,29.446,750.7,404.9,506.1,22.6,528.7,21.59,24.49,0.99289,1.047,13.22,25.16,14,2
13.152,hall_frame_check,9x4.5,pi5,-0.022,0.034,-1.828,-0.005,-0.019,-0.137,0.138,-0.10,-0.16,89.56,0.4720,0.4840,0.4725,0.4839,8362,29.114,742.2,397.6,497.0,22.6,519.6,21.20,24.50,0.99285,1.054,13.46,25.16,14,2
13.204,hall_frame_check,9x4.5,pi5,-0.023,0.033,-1.833,-0.004,-0.013,-0.151,0.151,-0.09,-1.43,89.57,0.4731,0.4725,0.4734,0.4728,8288,28.593,728.9,386.9,483.7,22.6,506.3,20.65,24.52,0.99280,1.062,13.82,25.16,14,2
13.252,hall_frame_check,9x4.5,pi5,-0.025,0.034,-1.840,-0.003,0.012,-0.158,0.159,-0.07,-3.92,89.59,0.4770,0.4628,0.4778,0.4625,8245,28.307,721.6,381.2,476.6,22.6,499.2,20.35,24.53,0.99275,1.068,14.02,25.16,14,2
13.304,hall_frame_check,9x4.5,pi5,-0.026,0.036,-1.846,-0.003,0.042,-0.157,0.162,-0.05,-5.46,89.60,0.4747,0.4616,0.4744,0.4625,8221,28.137,717.3,377.8,472.2,22.6,494.8,20.17,24.53,0.99270,1.076,14.15,25.16,14,2
13.352,hall_frame_check,9x4.5,pi5,-0.027,0.043,-1.855,-0.001,0.108,-0.146,0.182,-0.03,-7.27,89.61,0.4728,0.4622,0.4731,0.4625,8211,28.070,715.6,376.4,470.5,22.6,493.1,20.10,24.54,0.99266,1.082,14.20,25.16,14,2
13.404,hall_frame_check,9x4.5,pi5,-0.027,0.049,-1.860,-0.000,0.156,-0.137,0.208,-0.02,-8.11,89.62,0.4723,0.4628,0.4731,0.4625,8211,28.071,715.6,376.4,470.5,22.6,493.1,20.10,24.54,0.99261,1.089,14.20,25.16,14,2
13.452,hall_frame_check,9x4.5,pi5,-0.027,0.063,-1.866,0.001,0.228,-0.123,0.259,-0.01,-8.91,89.64,0.4712,0.4648,0.4720,0.4644,8217,28.112,716.6,377.2,471.5,22.6,494.1,20.14,24.53,0.99257,1.096,14.17,25.16,14,2
13.504,hall_frame_check,9x4.5,pi5,-0.026,0.076,-1.870,0.003,0.281,-0.114,0.303,-0.01,-9.19,89.66,0.4710,0.4660,0.4713,0.4663,8225,28.165,718.0,378.3,472.9,22.6,495.5,20.20,24.53,0.99252,1.103,14.13,25.16,14,2
13.552,hall_frame_check,9x4.5,pi5,-0.024,0.101,-1.876,0.005,0.364,-0.100,0.378,0.00,-9.32,89.70,0.4703,0.4675,0.4715,0.4674,8233,28.220,719.4,379.4,474.2,22.6,496.8,20.26,24.53,0.99247,1.110,14.08,25.16,14,2
13.564,hall_frame_check,9x4.5,pi5,-0.024,0.101,-1.876,0.005,0.364,-0.100,0.378,0.00,-9.32,89.70,0.4711,0.4670,0.4716,0.4678,8236,28.238,719.9,379.8,474.7,22.6,497.3,20.27,24.53,0.99246,1.111,14.07,25.16,14,2
13.592,hall_frame_check,9x4.5,pi5,-0.023,0.120,-1.880,0.007,0.414,-0.093,0.425,0.01,-9.27,89.73,0.4701,0.4683,0.4708,0.4692,8239,28.261,720.4,380.2,475.3,22.6,497.9,20.30,24.53,0.99244,1.115,14.05,25.16,14,2
13.640,hall_frame_check,9x4.5,pi5,-0.021,0.141,-1.883,0.009,0.462,-0.086,0.470,0.01,-9.13,89.75,0.4698,0.4692,0.4713,0.4697,8245,28.303,721.5,381.1,476.3,22.6,498.9,20.34,24.53,0.99239,1.122,14.02,25.16,14,2
13.692,hall_frame_check,9x4.5,pi5,-0.017,0.173,-1.887,0.012,0.523,-0.079,0.529,0.03,-8.83,89.74,0.4694,0.4704,0.4712,0.4705,8250,28.336,722.4,381.7,477.2,22.6,499.8,20.38,24.52,0.99234,1.129,14.00,25.16,14,2
13.740,hall_frame_check,9x4.5,pi5,-0.014,0.199,-1.889,0.016,0.564,-0.075,0.569,0.05,-8.58,89.72,0.4695,0.4710,0.4711,0.4707,8253,28.357,722.9,382.2,477.7,22.6,500.3,20.40,24.52,0.99230,1.136,13.98,25.16,14,2
13.792,hall_frame_check,9x4.5,pi5,-0.007,0.242,-1.894,0.021,0.621,-0.069,0.625,0.08,-8.19,89.65,0.4697,0.4719,0.4706,0.4706,8255,28.368,723.2,382.4,478.0,22.6,500.6,20.41,24.52,0.99225,1.143,13.97,25.16,14,2
13.840,hall_frame_check,9x4.5,pi5,-0.002,0.270,-1.896,0.025,0.653,-0.066,0.656,0.10,-7.92,89.58,0.4708,0.4719,0.4691,0.4709,8255,28.368,723.2,382.4,478.0,22.6,500.6,20.41,24.52,0.99220,1.150,13.97,25.16,14,2
13.892,hall_frame_check,9x4.5,pi5,0.006,0.312,-1.899,0.031,0.692,-0.063,0.695,0.16,-7.53,89.42,0.4713,0.4732,0.4686,0.4695,8254,28.365,723.1,382.3,477.9,22.6,500.5,20.41,24.52,0.99215,1.157,13.97,25.16,14,2
13.940,hall_frame_check,9x4.5,pi5,0.013,0.343,-1.902,0.036,0.716,-0.061,0.719,0.20,-7.29,89.29,0.4719,0.4745,0.4677,0.4684,8254,28.364,723.1,382.3,477.9,22.6,500.5,20.41,24.52,0.99211,1.163,13.97,25.16,14,2
13.992,hall_frame_check,9x4.5,pi5,0.025,0.394,-1.905,0.045,0.749,-0.059,0.753,0.29,-6.95,89.05,0.4730,0.4757,0.4663,0.4671,8253,28.354,722.8,382.1,477.7,22.6,500.3,20.40,24.52,0.99206,1.171,13.98,25.16,14,2
14.040,hall_frame_check,9x4.5,pi5,0.033,0.426,-1.907,0.051,0.767,-0.058,0.770,0.35,-6.75,88.87,0.4738,0.4770,0.4646,0.4662,8251,28.345,722.6,381.9,477.4,22.6,500.0,20.39,24.52,0.99201,1.177,13.98,25.16,14,2
14.092,hall_frame_check,9x4.5,pi5,0.047,0.471,-1.910,0.060,0.787,-0.056,0.791,0.47,-6.49,88.59,0.4752,0.4781,0.4637,0.4644,8250,28.337,722.4,381.8,477.3,22.6,499.9,20.39,24.52,0.99196,1.185,13.99,25.16,14,2
14.140,hall_frame_check,9x4.5,pi5,0.057,0.504,-1.912,0.066,0.799,-0.055,0.804,0.56,-6.33,88.40,0.4760,0.4792,0.4624,0.4633,8248,28.328,722.2,381.7,477.1,22.6,499.7,20.38,24.52,0.99192,1.191,13.99,25.16,14,2
14.192,hall_frame_check,9x4.5,pi5,0.075,0.557,-1.916,0.075,0.815,-0.053,0.821,0.71,-6.13,88.14,0.4773,0.4794,0.4610,0.4627,8247,28.318,721.9,381.5,476.9,22.6,499.5,20.37,24.52,0.99187,1.198,14.00,25.16,14,2
14.240,hall_frame_check,9x4.5,pi5,0.086,0.589,-1.918,0.080,0.823,-0.052,0.829,0.82,-6.02,87.98,0.4776,0.4800,0.4605,0.4618,8245,28.306,721.6,381.3,476.6,22.6,499.2,20.36,24.52,0.99182,1.205,14.00,25.16,14,2
14.292,hall_frame_check,9x4.5,pi5,0.103,0.635,-1.922,0.086,0.833,-0.051,0.839,0.98,-5.89,87.79,0.4775,0.4802,0.4599,0.4614,8241,28.282,721.0,380.8,476.0,22.6,498.6,20.33,24.52,0.99177,1.212,14.02,25.16,14,2
14.340,hall_frame_check,9x4.5,pi5,0.115,0.668,-1.924,0.089,0.838,-0.050,0.844,1.10,-5.82,87.69,0.4771,0.4798,0.4600,0.4613,8238,28.262,720.5,380.4,475.5,22.6,498.1,20.31,24.52,0.99173,1.219,14.03,25.16,14,2
14.392,hall_frame_check,9x4.5,pi5,0.135,0.720,-1.928,0.093,0.845,-0.048,0.851,1.27,-5.73,87.61,0.4764,0.4787,0.4599,0.4625,8236,28.245,720.0,380.0,475.0,22.6,497.6,20.29,24.52,0.99168,1.226,14.05,25.16,14,2
14.440,hall_frame_check,9x4.5,pi5,0.147,0.753,-1.931,0.094,0.848,-0.047,0.854,1.38,-5.69,87.60,0.4755,0.4774,0.4615,0.4626,8234,28.232,719.7,379.7,474.6,22.6,497.2,20.28,24.52,0.99164,1.233,14.05,25.16,14,2
14.492,hall_frame_check,9x4.5,pi5,0.164,0.799,-1.934,0.094,0.852,-0.045,0.858,1.54,-5.65,87.65,0.4738,0.4759,0.4628,0.4639,8232,28.214,719.3,379.3,474.2,22.6,496.8,20.26,24.52,0.99159,1.240,14.07,25.15,14,2
14.540,hall_frame_check,9x4.5,pi5,0.176,0.832,-1.937,0.093,0.855,-0.044,0.861,1.64,-5.63,87.71,0.4720,0.4742,0.4642,0.4654,8229,28.195,718.8,378.9,473.6,22.6,496.2,20.24,24.52,0.99154,1.247,14.08,25.15,14,2
14.592,hall_frame_check,9x4.5,pi5,0.195,0.884,-1.941,0.091,0.858,-0.041,0.864,1.77,-5.62,87.85,0.4703,0.4721,0.4658,0.4671,8228,28.185,718.5,378.7,473.4,22.6,496.0,20.22,24.52,0.99149,1.254,14.09,25.15,14,2
14.640,hall_frame_check,9x4.5,pi5,0.206,0.917,-1.943,0.088,0.860,-0.039,0.866,1.85,-5.61,87.96,0.4690,0.4700,0.4673,0.4688,8228,28.181,718.4,378.6,473.3,22.6,495.9,20.22,24.52,0.99145,1.260,14.09,25.15,14,2
14.688,hall_frame_check,9x4.5,pi5,0.222,0.963,-1.946,0.085,0.863,-0.037,0.868,1.97,-5.61,88.14,0.4668,0.4693,0.4691,0.4702,8228,28.184,718.5,378.7,473.3,22.6,495.9,20.22,24.52,0.99140,1.267,14.09,25.15,14,2
14.740,hall_frame_check,9x4.5,pi5,0.233,0.996,-1.948,0.082,0.865,-0.035,0.869,2.04,-5.62,88.27,0.4657,0.4677,0.4704,0.4719,8230,28.196,718.8,378.9,473.6,22.6,496.2,20.24,24.52,0.99135,1.274,14.08,25.15,14,2
14.792,hall_frame_check,9x4.5,pi5,0.250,1.049,-1.951,0.076,0.868,-0.032,0.872,2.15,-5.62,88.47,0.4649,0.4664,0.4722,0.4728,8232,28.211,719.2,379.2,474.0,22.6,496.6,20.25,24.52,0.99131,1.281,14.06,25.15,14,2
14.840,hall_frame_check,9x4.5,pi5,0.260,1.082,-1.952,0.072,0.869,-0.031,0.873,2.22,-5.63,88.60,0.4640,0.4659,0.4727,0.4743,8234,28.226,719.6,379.5,474.4,22.6,497.0,20.27,24.52,0.99126,1.288,14.05,25.15,14,2
14.892,hall_frame_check,9x4.5,pi5,0.273,1.129,-1.954,0.064,0.871,-0.029,0.874,2.31,-5.64,88.80,0.4635,0.4655,0.4740,0.4747,8237,28.246,720.1,380.0,475.0,22.6,497.6,20.29,24.52,0.99121,1.295,14.04,25.15,14,2
14.940,hall_frame_check,9x4.5,pi5,0.281,1.162,-1.955,0.059,0.873,-0.028,0.875,2.37,-5.64,88.92,0.4634,0.4652,0.4747,0.4751,8240,28.265,720.6,380.3,475.4,22.6,498.0,20.31,24.52,0.99117,1.302,14.02,25.15,14,2
14.992,hall_frame_check,9x4.5,pi5,0.294,1.216,-1.956,0.050,0.876,-0.026,0.877,2.45,-5.65,89.10,0.4637,0.4648,0.4749,0.4758,8242,28.284,721.0,380.7,475.9,22.6,498.5,20.33,24.52,0.99112,1.309,14.01,25.15,14,2
15.040,hall_frame_check,9x4.5,pi5,0.301,1.250,-1.956,0.044,0.877,-0.025,0.879,2.51,-5.66,89.20,0.4636,0.4653,0.4749,0.4759,8244,28.298,721.4,381.0,476.3,22.6,498.9,20.35,24.51,0.99107,1.316,13.99,25.15,14,2
15.092,hall_frame_check,9x4.5,pi5,0.311,1.298,-1.957,0.036,0.880,-0.025,0.881,2.58,-5.66,89.33,0.4639,0.4655,0.4748,0.4757,8245,28.301,721.5,381.1,476.3,22.6,498.9,20.35,24.51,0.99102,1.323,13.99,25.15,14,2
15.140,hall_frame_check,9x4.5,pi5,0.318,1.332,-1.958,0.030,0.882,-0.024,0.883,2.63,-5.67,89.40,0.4641,0.4660,0.4745,0.4752,8244,28.296,721.3,381.0,476.2,22.6,498.8,20.35,24.51,0.99098,1.329,13.99,25.15,14,2
15.192,hall_frame_check,9x4.5,pi5,0.327,1.387,-1.960,0.021,0.885,-0.024,0.885,2.71,-5.67,89.48,0.4646,0.4663,0.4742,0.4744,8244,28.292,721.2,380.9,476.1,22.6,498.7,20.34,24.51,0.99093,1.337,14.00,25.15,14,2
15.240,hall_frame_check,9x4.5,pi5,0.333,1.422,-1.961,0.014,0.886,-0.024,0.887,2.76,-5.67,89.53,0.4650,0.4668,0.4733,0.4742,8243,28.286,721.1,380.7,475.9,22.6,498.5,20.34,24.51,0.99088,1.343,14.00,25.15,14,2
15.292,hall_frame_check,9x4.5,pi5,0.339,1.470,-1.962,0.005,0.888,-0.023,0.888,2.83,-5.66,89.59,0.4652,0.4677,0.4728,0.4733,8242,28.279,720.9,380.6,475.7,22.6,498.3,20.33,24.51,0.99084,1.351,14.00,25.15,14,2
15.340,hall_frame_check,9x4.5,pi5,0.343,1.505,-1.963,-0.001,0.890,-0.022,0.890,2.88,-5.66,89.62,0.4658,0.4681,0.4718,0.4733,8241,28.276,720.8,380.5,475.7,22.6,498.3,20.33,24.51,0.99079,1.357,14.01,25.15,14,2
15.392,hall_frame_check,9x4.5,pi5,0.349,1.561,-1.965,-0.012,0.891,-0.022,0.892,2.96,-5.65,89.66,0.4668,0.4683,0.4717,0.4722,8241,28.276,720.8,380.5,475.7,22.6,498.3,20.33,24.51,0.99074,1.364,14.00,25.15,14,2
15.440,hall_frame_check,9x4.5,pi5,0.351,1.596,-1.966,-0.018,0.892,-0.021,0.893,3.01,-5.64,89.68,0.4669,0.4691,0.4708,0.4720,8241,28.272,720.7,380.4,475.5,22.6,498.1,20.32,24.51,0.99070,1.371,14.01,25.15,14,2
15.492,hall_frame_check,9x4.5,pi5,0.354,1.646,-1.967,-0.028,0.894,-0.021,0.895,3.08,-5.64,89.70,0.4668,0.4697,0.4705,0.4713,8239,28.258,720.4,380.2,475.2,22.6,497.8,20.31,24.51,0.99065,1.378,14.02,25.15,14,2
15.540,hall_frame_check,9x4.5,pi5,0.356,1.681,-1.968,-0.034,0.895,-0.020,0.896,3.13,-5.63,89.72,0.4672,0.4697,0.4701,0.4708,8237,28.248,720.1,380.0,474.9,22.6,497.5,20.30,24.51,0.99060,1.385,14.02,25.15,14,2
15.592,hall_frame_check,9x4.5,pi5,0.357,1.738,-1.971,-0.045,0.896,-0.019,0.898,3.20,-5.62,89.73,0.4678,0.4696,0.4702,0.4700,8236,28.240,719.9,379.8,474.7,22.6,497.3,20.29,24.51,0.99055,1.392,14.03,25.15,14,2
15.640,hall_frame_check,9x4.5,pi5,0.358,1.774,-1.972,-0.052,0.897,-0.018,0.899,3.25,-5.61,89.74,0.4673,0.4702,0.4697,0.4699,8235,28.231,719.7,379.6,474.5,22.6,497.1,20.28,24.51,0.99051,1.399,14.03,25.15,14,2
15.692,hall_frame_check,9x4.5,pi5,0.358,1.824,-1.974,-0.061,0.898,-0.017,0.901,3.32,-5.60,89.75,0.4682,0.4688,0.4697,0.4689,8229,28.192,718.7,378.8,473.5,22.6,496.1,20.24,24.51,0.99046,1.406,14.06,25.15,14,2
15.740,hall_frame_check,9x4.5,pi5,0.357,1.860,-1.975,-0.068,0.899,-0.016,0.902,3.37,-5.59,89.76,0.4685,0.4680,0.4696,0.4685,8225,28.166,718.0,378.3,472.9,22.6,495.5,20.21,24.51,0.99041,1.412,14.08,25.15,14,2
15.792,hall_frame_check,9x4.5,pi5,0.355,1.918,-1.977,-0.078,0.900,-0.014,0.903,3.42,-5.49,89.78,0.4682,0.4679,0.4694,0.4686,8223,28.152,717.7,378.0,472.5,22.6,495.1,20.20,24.51,0.99037,1.420,14.09,25.15,14,2
15.840,hall_frame_check,9x4.5,pi5,0.354,1.954,-1.978,-0.085,0.900,-0.012,0.904,3.44,-5.38,89.79,0.4678,0.4680,0.4688,0.4693,8223,28.149,717.6,378.0,472.5,22.6,495.1,20.20,24.51,0.99032,1.426,14.09,25.15,14,2
15.892,hall_frame_check,9x4.5,pi5,0.351,2.006,-1.979,-0.093,0.899,-0.010,0.904,3.44,-5.13,89.80,0.4673,0.4683,0.4695,0.4686,8222,28.142,717.4,377.8,472.3,22.6,494.9,20.19,24.51,0.99027,1.433,14.09,25.15,14,2
15.940,hall_frame_check,9x4.5,pi5,0.348,2.043,-1.980,-0.099,0.897,-0.008,0.902,3.43,-4.93,89.80,0.4668,0.4686,0.4696,0.4684,8221,28.136,717.3,377.7,472.1,22.6,494.7,20.18,24.51,0.99023,1.440,14.10,25.15,14,2
15.992,hall_frame_check,9x4.5,pi5,0.342,2.103,-1.982,-0.108,0.891,-0.006,0.898,3.40,-4.58,89.81,0.4669,0.4684,0.4692,0.4686,8220,28.126,717.0,377.5,471.9,22.6,494.5,20.17,24.51,0.99018,1.447,14.10,25.15,14,2
16.040,hall_frame_check,9x4.5,pi5,0.338,2.140,-1.983,-0.113,0.886,-0.005,0.893,3.37,-4.33,89.82,0.4666,0.4685,0.4684,0.4690,8218,28.114,716.7,377.3,471.6,22.6,494.2,20.16,24.51,0.99013,1.454,14.11,25.15,14,2
16.092,hall_frame_check,9x4.5,pi5,0.332,2.192,-1.984,-0.120,0.876,-0.004,0.884,3.32,-3.93,89.82,0.4663,0.4687,0.4681,0.4689,8216,28.101,716.4,377.0,471.2,22.6,493.8,20.15,24.51,0.99009,1.461,14.12,25.15,14,2
16.140,hall_frame_check,9x4.5,pi5,0.328,2.228,-1.985,-0.124,0.867,-0.003,0.876,3.27,-3.66,89.82,0.4661,0.4690,0.4680,0.4687,8216,28.099,716.3,376.9,471.2,22.6,493.8,20.14,24.51,0.99004,1.467,14.12,25.15,14,2
16.192,hall_frame_check,9x4.5,pi5,0.320,2.286,-1.987,-0.129,0.850,-0.001,0.860,3.21,-3.26,89.82,0.4661,0.4693,0.4679,0.4685,8215,28.096,716.3,376.9,471.1,22.6,493.7,20.14,24.51,0.98999,1.474,14.12,25.15,14,2
16.240,hall_frame_check,9x4.5,pi5,0.315,2.321,-1.987,-0.131,0.838,-0.000,0.848,3.16,-3.00,89.82,0.4663,0.4693,0.4673,0.4688,8215,28.096,716.3,376.9,471.1,22.6,493.7,20.14,24.51,0.98995,1.481,14.12,25.15,14,2
16.292,hall_frame_check,9x4.5,pi5,0.308,2.370,-1.989,-0.134,0.819,0.000,0.830,3.09,-2.62,89.82,0.4669,0.4689,0.4676,0.4682,8215,28.091,716.1,376.8,471.0,22.6,493.6,20.14,24.51,0.98990,1.488,14.12,25.15,14,2
16.340,hall_frame_check,9x4.5,pi5,0.302,2.405,-1.989,-0.135,0.805,0.001,0.816,3.04,-2.38,89.82,0.4674,0.4686,0.4676,0.4679,8214,28.089,716.1,376.7,470.9,22.6,493.5,20.13,24.51,0.98985,1.495,14.12,25.15,14,2
16.392,hall_frame_check,9x4.5,pi5,0.293,2.459,-1.990,-0.137,0.779,0.002,0.791,2.97,-2.03,89.81,0.4667,0.4696,0.4671,0.4681,8214,28.088,716.0,376.7,470.9,22.6,493.5,20.13,24.51,0.98981,1.502,14.12,25.15,14,2
16.440,hall_frame_check,9x4.5,pi5,0.287,2.491,-1.991,-0.137,0.762,0.002,0.775,2.93,-1.81,89.81,0.4671,0.4693,0.4667,0.4682,8213,28.084,715.9,376.6,470.8,22.6,493.4,20.13,24.51,0.98976,1.508,14.12,25.15,14,2
16.492,hall_frame_check,9x4.5,pi5,0.279,2.536,-1.992,-0.138,0.738,0.003,0.750,2.86,-1.50,89.80,0.4670,0.4695,0.4676,0.4673,8214,28.088,716.0,376.7,470.9,22.6,493.5,20.14,24.51,0.98971,1.516,14.12,25.14,14,2
16.540,hall_frame_check,9x4.5,pi5,0.272,2.566,-1.992,-0.137,0.719,0.003,0.732,2.82,-1.30,89.80,0.4671,0.4695,0.4674,0.4673,8214,28.085,716.0,376.7,470.8,22.6,493.4,20.13,24.51,0.98967,1.522,14.12,25.14,14,2
16.592,hall_frame_check,9x4.5,pi5,0.262,2.614,-1.993,-0.137,0.688,0.003,0.701,2.76,-1.03,89.79,0.4673,0.4694,0.4669,0.4677,8213,28.083,715.9,376.6,470.8,22.6,493.4,20.13,24.51,0.98962,1.529,14.12,25.14,14,2
16.640,hall_frame_check,9x4.5,pi5,0.255,2.642,-1.993,-0.136,0.668,0.004,0.681,2.72,-0.86,89.79,0.4675,0.4691,0.4674,0.4671,8213,28.080,715.8,376.6,470.7,22.6,493.3,20.13,24.51,0.98957,1.536,14.12,25.14,14,2
16.692,hall_frame_check,9x4.5,pi5,0.246,2.680,-1.994,-0.134,0.639,0.004,0.653,2.66,-0.64,89.79,0.4666,0.4696,0.4672,0.4671,8211,28.067,715.5,376.3,470.4,22.6,493.0,20.11,24.51,0.98953,1.543,14.13,25.14,14,2
16.740,hall_frame_check,9x4.5,pi5,0.239,2.706,-1.995,-0.133,0.619,0.004,0.633,2.62,-0.50,89.78,0.4671,0.4688,0.4667,0.4674,8209,28.053,715.1,376.0,470.0,22.6,492.6,20.10,24.51,0.98948,1.550,14.14,25.14,14,2
16.792,hall_frame_check,9x4.5,pi5,0.227,2.746,-1.996,-0.132,0.586,0.004,0.601,2.56,-0.31,89.77,0.4668,0.4690,0.4672,0.4666,8207,28.043,714.9,375.8,469.8,22.6,492.4,20.09,24.51,0.98943,1.557,14.15,25.14,14,2
16.840,hall_frame_check,9x4.5,pi5,0.219,2.771,-1.997,-0.131,0.566,0.005,0.581,2.51,-0.20,89.75,0.4671,0.4686,0.4668,0.4668,8206,28.033,714.7,375.6,469.5,22.6,492.1,20.08,24.51,0.98939,1.563,14.15,25.14,14,2
16.892,hall_frame_check,9x4.5,pi5,0.208,2.803,-1.999,-0.129,0.538,0.005,0.553,2.45,-0.04,89.71,0.4671,0.4687,0.4662,0.4668,8205,28.023,714.4,375.4,469.3,22.6,491.9,20.07,24.51,0.98934,1.570,14.16,25.14,14,2
16.940,hall_frame_check,9x4.5,pi5,0.200,2.826,-1.999,-0.129,0.519,0.006,0.534,2.41,0.05,89.67,0.4673,0.4689,0.4666,0.4661,8205,28.024,714.4,375.4,469.3,22.6,491.9,20.07,24.51,0.98930,1.577,14.16,25.14,14,2
16.992,hall_frame_check,9x4.5,pi5,0.186,2.861,-2.000,-0.128,0.488,0.007,0.505,2.33,0.18,89.60,0.4677,0.4691,0.4665,0.4655,8204,28.023,714.4,375.4,469.3,22.6,491.9,20.07,24.51,0.98925,1.584,14.16,25.14,14,2
17.040,hall_frame_check,9x4.5,pi5,0.176,2.881,-2.001,-0.127,0.470,0.007,0.487,2.28,0.26,89.54,0.4678,0.4697,0.4656,0.4653,8203,28.015,714.2,375.3,469.1,22.6,491.7,20.06,24.51,0.98920,1.591,14.16,25.14,14,2
17.092,hall_frame_check,9x4.5,pi5,0.163,2.909,-2.002,-0.127,0.444,0.008,0.461,2.19,0.38,89.45,0.4685,0.4698,0.4650,0.4651,8203,28.014,714.2,375.2,469.1,22.6,491.7,20.06,24.51,0.98915,1.598,14.16,25.14,14,2
17.140,hall_frame_check,9x4.5,pi5,0.153,2.927,-2.002,-0.127,0.425,0.008,0.444,2.13,0.45,89.38,0.5131,0.4481,0.4435,0.5078,8363,29.207,744.6,401.4,501.7,22.6,524.3,21.43,24.47,0.98911,1.605,13.26,25.14,14,2
17.192,hall_frame_check,9x4.5,pi5,0.136,2.955,-2.004,-0.126,0.396,-0.010,0.416,1.49,0.56,89.27,0.4757,0.4798,0.4725,0.4707,8312,28.766,733.3,390.5,488.1,22.6,510.7,20.86,24.48,0.98906,1.612,13.62,25.14,14,2
17.240,hall_frame_check,9x4.5,pi5,0.126,2.972,-2.005,-0.119,0.378,-0.025,0.397,-0.12,0.64,89.20,0.4711,0.4767,0.4684,0.4656,8251,28.346,722.6,382.0,477.4,22.6,500.0,20.41,24.50,0.98901,1.619,13.91,25.14,14,2
17.292,hall_frame_check,9x4.5,pi5,0.112,2.994,-2.007,-0.088,0.353,-0.034,0.366,-2.93,0.72,89.09,0.4626,0.4795,0.4701,0.4568,8205,28.034,714.7,375.8,469.7,22.6,492.3,20.09,24.50,0.98896,1.626,14.14,25.14,14,2
17.340,hall_frame_check,9x4.5,pi5,0.103,3.008,-2.009,-0.053,0.336,-0.034,0.342,-4.59,0.74,89.03,0.4618,0.4772,0.4693,0.4546,8183,27.881,710.8,372.7,465.9,22.6,488.5,19.93,24.51,0.98892,1.632,14.25,25.14,14,2
17.392,hall_frame_check,9x4.5,pi5,0.093,3.030,-2.012,0.020,0.308,-0.027,0.310,-6.51,0.75,88.97,0.4623,0.4753,0.4668,0.4561,8175,27.823,709.3,371.5,464.4,22.6,487.0,19.87,24.51,0.98887,1.639,14.29,25.14,14,2
17.440,hall_frame_check,9x4.5,pi5,0.089,3.042,-2.014,0.073,0.292,-0.020,0.302,-7.39,0.74,88.94,0.4636,0.4735,0.4663,0.4574,8176,27.828,709.4,371.6,464.5,22.6,487.1,19.87,24.51,0.98883,1.646,14.29,25.14,14,2
17.492,hall_frame_check,9x4.5,pi5,0.087,3.058,-2.015,0.151,0.270,-0.010,0.309,-8.22,0.71,88.94,0.4642,0.4728,0.4663,0.4596,8183,27.880,710.7,372.6,465.7,22.6,488.3,19.92,24.51,0.98878,1.653,14.25,25.14,14,2
17.540,hall_frame_check,9x4.5,pi5,0.090,3.069,-2.016,0.208,0.254,-0.003,0.328,-8.51,0.69,88.96,0.4652,0.4717,0.4666,0.4617,8192,27.937,712.2,373.7,467.1,22.6,489.7,19.98,24.51,0.98873,1.659,14.21,25.14,14,2
17.592,hall_frame_check,9x4.5,pi5,0.099,3.083,-2.016,0.297,0.230,0.007,0.376,-8.64,0.65,89.03,0.4663,0.4702,0.4674,0.4640,8201,27.999,713.8,374.9,468.7,22.6,491.3,20.05,24.50,0.98869,1.667,14.16,25.14,14,2
17.640,hall_frame_check,9x4.5,pi5,0.107,3.091,-2.016,0.350,0.216,0.012,0.412,-8.58,0.62,89.09,0.4667,0.4692,0.4680,0.4664,8210,28.059,715.3,376.1,470.2,22.6,492.8,20.11,24.50,0.98864,1.673,14.12,25.14,14,2
17.692,hall_frame_check,9x4.5,pi5,0.123,3.101,-2.015,0.420,0.197,0.017,0.465,-8.35,0.57,89.19,0.4667,0.4687,0.4694,0.4682,8220,28.129,717.1,377.5,471.9,22.6,494.5,20.19,24.50,0.98859,1.680,14.06,25.14,14,2
17.740,hall_frame_check,9x4.5,pi5,0.137,3.108,-2.014,0.467,0.184,0.020,0.502,-8.12,0.53,89.26,0.4670,0.4680,0.4700,0.4700,8227,28.176,718.3,378.5,473.1,22.6,495.7,20.24,24.50,0.98855,1.687,14.03,25.14,14,2
17.792,hall_frame_check,9x4.5,pi5,0.164,3.116,-2.012,0.534,0.164,0.022,0.559,-7.74,0.47,89.35,0.4668,0.4676,0.4707,0.4711,8231,28.206,719.1,379.1,473.9,22.6,496.5,20.27,24.50,0.98850,1.694,14.01,25.14,14,2
17.840,hall_frame_check,9x4.5,pi5,0.182,3.120,-2.011,0.571,0.153,0.023,0.591,-7.46,0.42,89.38,0.4674,0.4668,0.4711,0.4716,8234,28.224,719.5,379.5,474.3,22.6,496.9,20.29,24.49,0.98845,1.701,13.99,25.14,14,2
17.892,hall_frame_check,9x4.5,pi5,0.211,3.124,-2.010,0.617,0.137,0.023,0.632,-7.04,0.34,89.41,0.4676,0.4668,0.4710,0.4721,8236,28.242,720.0,379.8,474.8,22.6,497.4,20.31,24.49,0.98841,1.708,13.98,25.14,14,2
17.940,hall_frame_check,9x4.5,pi5,0.232,3.126,-2.009,0.646,0.126,0.023,0.658,-6.78,0.28,89.40,0.4674,0.4680,0.4704,0.4723,8238,28.251,720.2,380.0,475.0,22.6,497.6,20.32,24.49,0.98836,1.714,13.97,25.14,14,2
17.992,hall_frame_check,9x4.5,pi5,0.268,3.128,-2.007,0.684,0.109,0.021,0.693,-6.40,0.19,89.33,0.4686,0.4680,0.4696,0.4717,8238,28.249,720.2,380.0,475.0,22.6,497.6,20.32,24.49,0.98831,1.722,13.97,25.14,14,2
18.040,hall_frame_check,9x4.5,pi5,0.291,3.128,-2.006,0.705,0.098,0.020,0.712,-6.18,0.12,89.25,0.4699,0.4684,0.4689,0.4706,8237,28.247,720.1,379.9,474.9,22.6,497.5,20.31,24.49,0.98827,1.728,13.97,25.14,14,2
18.092,hall_frame_check,9x4.5,pi5,0.324,3.127,-2.005,0.728,0.084,0.018,0.733,-5.88,0.02,89.10,0.4708,0.4698,0.4672,0.4698,8236,28.240,719.9,379.8,474.7,22.6,497.3,20.31,24.49,0.98822,1.735,13.97,25.14,14,2
18.140,hall_frame_check,9x4.5,pi5,0.349,3.126,-2.004,0.742,0.075,0.017,0.746,-5.70,-0.05,88.99,0.4720,0.4707,0.4663,0.4681,8235,28.230,719.7,379.6,474.5,22.6,497.1,20.30,24.49,0.98817,1.742,13.98,25.14,14,2
18.192,hall_frame_check,9x4.5,pi5,0.388,3.122,-2.003,0.761,0.060,0.015,0.763,-5.49,-0.17,88.81,0.4733,0.4716,0.4648,0.4670,8233,28.220,719.4,379.4,474.2,22.6,496.8,20.29,24.49,0.98812,1.749,13.99,25.14,14,2
18.240,hall_frame_check,9x4.5,pi5,0.413,3.119,-2.002,0.770,0.052,0.013,0.772,-5.37,-0.25,88.69,0.4740,0.4727,0.4642,0.4653,8231,28.207,719.1,379.2,473.9,22.6,496.5,20.27,24.49,0.98808,1.756,13.99,25.14,14,2
18.292,hall_frame_check,9x4.5,pi5,0.448,3.114,-2.001,0.780,0.041,0.012,0.781,-5.23,-0.37,88.51,0.4749,0.4735,0.4626,0.4649,8230,28.198,718.9,379.0,473.7,22.6,496.3,20.27,24.49,0.98803,1.763,14.00,25.14,14,2
18.340,hall_frame_check,9x4.5,pi5,0.473,3.110,-2.001,0.785,0.034,0.011,0.786,-5.15,-0.45,88.39,0.4756,0.4739,0.4622,0.4640,8229,28.196,718.8,379.0,473.7,22.6,496.3,20.26,24.49,0.98798,1.770,14.00,25.14,14,2
18.392,hall_frame_check,9x4.5,pi5,0.513,3.102,-2.000,0.792,0.024,0.009,0.793,-5.07,-0.57,88.25,0.4757,0.4743,0.4621,0.4635,8229,28.194,718.7,378.9,473.7,22.6,496.3,20.26,24.49,0.98794,1.777,14.00,25.14,14,2
18.440,hall_frame_check,9x4.5,pi5,0.538,3.098,-2.000,0.796,0.018,0.008,0.796,-5.03,-0.65,88.18,0.4754,0.4746,0.4619,0.4636,8228,28.190,718.7,378.9,473.6,22.6,496.2,20.26,24.49,0.98789,1.783,14.00,25.14,14,2
18.492,hall_frame_check,9x4.5,pi5,0.573,3.091,-1.999,0.800,0.012,0.007,0.800,-4.99,-0.77,88.12,0.4750,0.4742,0.4625,0.4636,8228,28.186,718.6,378.8,473.5,22.6,496.1,20.25,24.49,0.98784,1.791,14.00,25.13,14,2
18.540,hall_frame_check,9x4.5,pi5,0.598,3.086,-1.999,0.802,0.009,0.007,0.802,-4.98,-0.84,88.11,0.4746,0.4735,0.4625,0.4645,8227,28.181,718.4,378.6,473.3,22.6,495.9,20.25,24.49,0.98780,1.797,14.01,25.13,14,2
18.592,hall_frame_check,9x4.5,pi5,0.638,3.078,-1.999,0.804,0.005,0.006,0.804,-4.98,-0.93,88.13,0.4738,0.4724,0.4637,0.4651,8227,28.177,718.3,378.6,473.2,22.6,495.8,20.24,24.49,0.98775,1.804,14.01,25.13,14,2
18.640,hall_frame_check,9x4.5,pi5,0.663,3.074,-1.999,0.806,0.004,0.005,0.806,-4.99,-0.98,88.17,0.4728,0.4712,0.4649,0.4659,8226,28.171,718.2,378.4,473.0,22.6,495.6,20.24,24.49,0.98770,1.811,14.01,25.13,14,2
18.692,hall_frame_check,9x4.5,pi5,0.698,3.067,-1.998,0.808,0.002,0.004,0.808,-5.01,-1.05,88.28,0.4710,0.4705,0.4662,0.4670,8226,28.170,718.1,378.4,473.0,22.6,495.6,20.24,24.49,0.98765,1.818,14.01,25.13,14,2
18.740,hall_frame_check,9x4.5,pi5,0.723,3.063,-1.998,0.809,0.002,0.004,0.809,-5.03,-1.09,88.36,0.4700,0.4691,0.4668,0.4688,8226,28.170,718.1,378.4,473.0,22.6,495.6,20.24,24.49,0.98761,1.825,14.01,25.13,14,2
18.792,hall_frame_check,9x4.5,pi5,0.765,3.056,-1.998,0.812,0.002,0.003,0.812,-5.06,-1.13,88.50,0.4690,0.4676,0.4685,0.4696,8226,28.170,718.1,378.4,473.0,22.6,495.6,20.24,24.49,0.98756,1.832,14.01,25.13,14,2
18.840,hall_frame_check,9x4.5,pi5,0.791,3.052,-1.998,0.814,0.002,0.003,0.814,-5.08,-1.15,88.60,0.4675,0.4670,0.4696,0.4706,8226,28.168,718.1,378.3,472.9,22.6,495.5,20.24,24.49,0.98752,1.839,14.01,25.13,14,2
18.892,hall_frame_check,9x4.5,pi5,0.828,3.046,-1.998,0.816,0.003,0.002,0.816,-5.11,-1.18,88.76,0.4669,0.4657,0.4702,0.4717,8225,28.163,718.0,378.2,472.8,22.6,495.4,20.23,24.49,0.98747,1.846,14.01,25.13,14,2
18.940,hall_frame_check,9x4.5,pi5,0.854,3.042,-1.998,0.818,0.004,0.002,0.818,-5.14,-1.19,88.87,0.4658,0.4653,0.4711,0.4723,8225,28.164,718.0,378.3,472.8,22.6,495.4,20.23,24.49,0.98742,1.852,14.01,25.13,14,2
18.992,hall_frame_check,9x4.5,pi5,0.897,3.037,-1.998,0.820,0.005,0.002,0.820,-5.17,-1.21,89.01,0.4653,0.4648,0.4721,0.4727,8226,28.172,718.2,378.4,473.0,22.6,495.6,20.24,24.49,0.98737,1.859,14.00,25.13,14,2
19.040,hall_frame_check,9x4.5,pi5,0.925,3.033,-1.997,0.822,0.006,0.002,0.822,-5.19,-1.22,89.11,0.4653,0.4642,0.4720,0.4736,8227,28.178,718.3,378.6,473.2,22.6,495.8,20.25,24.49,0.98733,1.866,14.00,25.13,14,2
19.092,hall_frame_check,9x4.5,pi5,0.963,3.029,-1.997,0.824,0.008,0.002,0.824,-5.22,-1.22,89.23,0.4648,0.4645,0.4723,0.4737,8228,28.184,718.5,378.7,473.4,22.6,496.0,20.25,24.49,0.98728,1.873,13.99,25.13,14,2
19.140,hall_frame_check,9x4.5,pi5,0.990,3.025,-1.997,0.826,0.009,0.002,0.826,-5.25,-1.23,89.30,0.4652,0.4644,0.4720,0.4740,8229,28.194,718.8,378.9,473.6,22.6,496.2,20.27,24.49,0.98723,1.880,13.98,25.13,14,2
19.192,hall_frame_check,9x4.5,pi5,1.035,3.021,-1.996,0.828,0.011,0.001,0.828,-5.28,-1.23,89.39,0.4656,0.4647,0.4722,0.4734,8230,28.201,718.9,379.0,473.8,22.6,496.4,20.27,24.48,0.98719,1.887,13.98,25.13,14,2
19.240,hall_frame_check,9x4.5,pi5,1.063,3.018,-1.996,0.830,0.012,0.001,0.830,-5.30,-1.24,89.43,0.4658,0.4652,0.4717,0.4734,8231,28.204,719.0,379.1,473.8,22.6,496.4,20.28,24.48,0.98714,1.894,13.98,25.13,14,2
19.292,hall_frame_check,9x4.5,pi5,1.102,3.015,-1.996,0.832,0.013,0.001,0.832,-5.33,-1.24,89.49,0.4664,0.4656,0.4712,0.4731,8232,28.210,719.2,379.2,474.0,22.6,496.6,20.28,24.48,0.98709,1.901,13.97,25.13,14,2
19.340,hall_frame_check,9x4.5,pi5,1.130,3.013,-1.995,0.833,0.014,0.001,0.833,-5.35,-1.24,89.52,0.4667,0.4663,0.4710,0.4725,8232,28.213,719.2,379.3,474.1,22.6,496.7,20.29,24.48,0.98705,1.907,13.97,25.13,14,2
19.392,hall_frame_check,9x4.5,pi5,1.175,3.009,-1.995,0.835,0.016,-0.000,0.835,-5.38,-1.25,89.56,0.4670,0.4670,0.4704,0.4721,8232,28.212,719.2,379.2,474.0,22.6,496.6,20.28,24.48,0.98700,1.915,13.97,25.13,14,2
19.440,hall_frame_check,9x4.5,pi5,1.204,3.007,-1.995,0.837,0.017,-0.000,0.837,-5.40,-1.25,89.58,0.4678,0.4669,0.4699,0.4716,8232,28.209,719.1,379.2,474.0,22.6,496.6,20.28,24.48,0.98695,1.921,13.97,25.13,14,2
19.492,hall_frame_check,9x4.5,pi5,1.244,3.005,-1.995,0.839,0.019,-0.001,0.839,-5.43,-1.25,89.60,0.4681,0.4672,0.4698,0.4710,8231,28.205,719.0,379.1,473.9,22.6,496.5,20.28,24.48,0.98690,1.928,13.97,25.13,14,2
19.540,hall_frame_check,9x4.5,pi5,1.273,3.004,-1.995,0.840,0.020,-0.001,0.840,-5.45,-1.26,89.62,0.4683,0.4676,0.4689,0.4711,8230,28.198,718.9,378.9,473.7,22.6,496.3,20.27,24.48,0.98686,1.935,13.97,25.13,14,2
19.592,hall_frame_check,9x4.5,pi5,1.320,3.002,-1.995,0.843,0.022,-0.002,0.843,-5.48,-1.26,89.64,0.4686,0.4676,0.4688,0.4705,8229,28.189,718.6,378.8,473.5,22.6,496.1,20.26,24.48,0.98681,1.942,13.98,25.13,14,2
19.640,hall_frame_check,9x4.5,pi5,1.350,3.001,-1.996,0.844,0.023,-0.002,0.844,-5.50,-1.26,89.66,0.4686,0.4676,0.4686,0.4701,8227,28.175,718.3,378.5,473.1,22.6,495.7,20.25,24.48,0.98677,1.949,13.99,25.13,14,2
19.692,hall_frame_check,9x4.5,pi5,1.391,3.000,-1.997,0.846,0.024,-0.002,0.847,-5.53,-1.26,89.68,0.4688,0.4673,0.4680,0.4702,8224,28.159,717.9,378.2,472.7,22.6,495.3,20.23,24.48,0.98672,1.956,14.00,25.13,14,2
19.740,hall_frame_check,9x4.5,pi5,1.421,2.999,-1.998,0.848,0.025,-0.002,0.848,-5.55,-1.25,89.70,0.4682,0.4677,0.4681,0.4697,8222,28.144,717.5,377.9,472.3,22.6,494.9,20.22,24.48,0.98667,1.963,14.01,25.13,14,2
19.792,hall_frame_check,9x4.5,pi5,1.470,2.998,-1.999,0.851,0.026,-0.001,0.851,-5.57,-1.25,89.72,0.4683,0.4677,0.4682,0.4693,8221,28.139,717.3,377.7,472.2,22.6,494.8,20.21,24.48,0.98662,1.970,14.01,25.13,14,2
19.840,hall_frame_check,9x4.5,pi5,1.500,2.997,-1.999,0.852,0.027,-0.001,0.853,-5.59,-1.25,89.74,0.4684,0.4675,0.4679,0.4697,8222,28.139,717.4,377.8,472.2,22.6,494.8,20.21,24.48,0.98658,1.976,14.01,25.13,14,2
19.888,hall_frame_check,9x4.5,pi5,1.543,2.996,-2.000,0.855,0.028,-0.000,0.855,-5.62,-1.24,89.76,0.4683,0.4676,0.4682,0.4693,8221,28.136,717.3,377.7,472.1,22.6,494.7,20.21,24.48,0.98653,1.983,14.01,25.13,14,2
19.940,hall_frame_check,9x4.5,pi5,1.574,2.996,-2.000,0.857,0.028,0.000,0.857,-5.64,-1.24,89.77,0.4681,0.4678,0.4675,0.4701,8221,28.139,717.3,377.8,472.2,22.6,494.8,20.21,24.48,0.98648,1.990,14.01,25.13,14,2
19.992,hall_frame_check,9x4.5,pi5,1.624,2.995,-2.001,0.860,0.028,0.001,0.860,-5.66,-1.24,89.79,0.4682,0.4677,0.4677,0.4699,8221,28.139,717.3,377.8,472.2,22.6,494.8,20.21,24.48,0.98644,1.997,14.01,25.13,14,2
20.040,hall_frame_check,9x4.5,pi5,1.656,2.994,-2.001,0.862,0.029,0.001,0.862,-5.68,-1.24,89.81,0.4684,0.4675,0.4678,0.4699,8222,28.141,717.4,377.8,472.2,22.6,494.8,20.21,24.48,0.98639,2.004,14.00,25.13,14,2
20.092,hall_frame_check,9x4.5,pi5,1.701,2.994,-2.002,0.864,0.029,0.001,0.865,-5.70,-1.24,89.82,0.4680,0.4678,0.4674,0.4701,8221,28.135,717.3,377.7,472.1,22.6,494.7,20.21,24.48,0.98634,2.011,14.01,25.13,14,2
20.140,hall_frame_check,9x4.5,pi5,1.734,2.994,-2.002,0.866,0.029,0.002,0.867,-5.71,-1.24,89.84,0.4677,0.4680,0.4676,0.4698,8220,28.129,717.1,377.6,471.9,22.6,494.5,20.20,24.48,0.98630,2.018,14.01,25.13,14,2
20.192,hall_frame_check,9x4.5,pi5,1.787,2.994,-2.003,0.870,0.030,0.002,0.870,-5.73,-1.24,89.85,0.4667,0.4684,0.4683,0.4684,8215,28.098,716.3,376.9,471.2,22.6,493.8,20.17,24.48,0.98625,2.025,14.03,25.13,14,2
20.240,hall_frame_check,9x4.5,pi5,1.820,2.994,-2.003,0.872,0.030,0.003,0.872,-5.72,-1.24,89.87,0.4668,0.4677,0.4680,0.4682,8212,28.071,715.6,376.4,470.5,22.6,493.1,20.14,24.48,0.98620,2.031,14.05,25.13,14,2
20.292,hall_frame_check,9x4.5,pi5,1.867,2.995,-2.004,0.874,0.030,0.004,0.874,-5.63,-1.24,89.88,0.4663,0.4680,0.4678,0.4680,8210,28.057,715.3,376.1,470.1,22.6,492.7,20.13,24.48,0.98616,2.038,14.06,25.13,14,2
20.340,hall_frame_check,9x4.5,pi5,1.901,2.995,-2.005,0.875,0.030,0.005,0.875,-5.52,-1.24,89.89,0.4668,0.4675,0.4675,0.4681,8209,28.051,715.1,376.0,470.0,22.6,492.6,20.12,24.48,0.98611,2.045,14.06,25.13,14,2
20.392,hall_frame_check,9x4.5,pi5,1.955,2.995,-2.005,0.874,0.030,0.007,0.875,-5.28,-1.23,89.91,0.4670,0.4670,0.4670,0.4686,8208,28.044,714.9,375.8,469.8,22.6,492.4,20.11,24.48,0.98606,2.052,14.07,25.13,14,2
20.440,hall_frame_check,9x4.5,pi5,1.989,2.996,-2.006,0.872,0.030,0.008,0.873,-5.09,-1.23,89.91,0.4672,0.4670,0.4666,0.4689,8207,28.042,714.9,375.8,469.8,22.6,492.4,20.11,24.48,0.98602,2.059,14.07,25.13,14,2
20.492,hall_frame_check,9x4.5,pi5,2.036,2.997,-2.006,0.868,0.030,0.009,0.868,-4.76,-1.22,89.93,0.4671,0.4670,0.4671,0.4682,8207,28.037,714.7,375.7,469.6,22.6,492.2,20.11,24.48,0.98597,2.066,14.07,25.12,14,2
20.540,hall_frame_check,9x4.5,pi5,2.070,2.997,-2.007,0.863,0.030,0.010,0.863,-4.53,-1.22,89.93,0.4670,0.4670,0.4670,0.4683,8206,28.034,714.7,375.6,469.6,22.6,492.2,20.11,24.48,0.98592,2.072,14.07,25.12,14,2
20.592,hall_frame_check,9x4.5,pi5,2.124,2.998,-2.007,0.851,0.030,0.011,0.852,-4.17,-1.21,89.94,0.4672,0.4668,0.4667,0.4686,8206,28.035,714.7,375.7,469.6,22.6,492.2,20.11,24.48,0.98588,2.079,14.07,25.12,14,2
20.640,hall_frame_check,9x4.5,pi5,2.157,2.998,-2.007,0.842,0.029,0.011,0.843,-3.94,-1.21,89.95,0.4677,0.4665,0.4663,0.4690,8207,28.039,714.8,375.7,469.7,22.6,492.3,20.11,24.48,0.98583,2.086,14.07,25.12,14,2
20.692,hall_frame_check,9x4.5,pi5,2.202,2.999,-2.007,0.828,0.029,0.012,0.828,-3.59,-1.20,89.96,0.4676,0.4667,0.4665,0.4688,8208,28.046,715.0,375.9,469.8,22.6,492.4,20.12,24.48,0.98578,2.093,14.06,25.12,14,2
20.740,hall_frame_check,9x4.5,pi5,2.234,3.000,-2.006,0.816,0.028,0.012,0.816,-3.36,-1.20,89.97,0.4674,0.4670,0.4668,0.4687,8209,28.052,715.1,376.0,470.0,22.6,492.6,20.13,24.48,0.98574,2.100,14.06,25.12,14,2
20.792,hall_frame_check,9x4.5,pi5,2.284,3.001,-2.006,0.795,0.028,0.012,0.795,-3.04,-1.19,89.97,0.4682,0.4664,0.4670,0.4686,8209,28.056,715.2,376.1,470.1,22.6,492.7,20.13,24.48,0.98569,2.107,14.05,25.12,14,2
20.840,hall_frame_check,9x4.5,pi5,2.314,3.002,-2.006,0.780,0.027,0.012,0.781,-2.84,-1.19,89.98,0.4681,0.4667,0.4664,0.4692,8210,28.061,715.4,376.2,470.2,22.6,492.8,20.14,24.48,0.98565,2.113,14.05,25.12,14,2
20.892,hall_frame_check,9x4.5,pi5,2.356,3.003,-2.005,0.758,0.027,0.012,0.759,-2.55,-1.18,89.99,0.4683,0.4668,0.4668,0.4689,8212,28.071,715.6,376.4,470.5,22.6,493.1,20.15,24.48,0.98560,2.120,14.04,25.12,14,2
20.940,hall_frame_check,9x4.5,pi5,2.385,3.004,-2.004,0.742,0.027,0.011,0.743,-2.37,-1.18,89.99,0.4680,0.4672,0.4666,0.4691,8212,28.075,715.7,376.5,470.6,22.6,493.2,20.15,24.47,0.98555,2.127,14.03,25.12,14,2
20.992,hall_frame_check,9x4.5,pi5,2.430,3.007,-2.003,0.715,0.027,0.010,0.716,-2.13,-1.17,89.99,0.4680,0.4674,0.4669,0.4690,8214,28.085,716.0,376.7,470.8,22.6,493.4,20.16,24.47,0.98550,2.134,14.03,25.12,14,2
21.040,hall_frame_check,9x4.5,pi5,2.457,3.009,-2.002,0.698,0.026,0.010,0.698,-1.97,-1.16,89.99,0.4683,0.4674,0.4670,0.4691,8215,28.096,716.3,376.9,471.1,22.6,493.7,20.17,24.47,0.98546,2.141,14.02,25.12,14,2
21.092,hall_frame_check,9x4.5,pi5,2.494,3.011,-2.001,0.673,0.026,0.009,0.674,-1.76,-1.15,89.99,0.4689,0.4672,0.4671,0.4693,8218,28.113,716.7,377.2,471.5,22.6,494.1,20.19,24.47,0.98541,2.148,14.00,25.12,14,2
21.140,hall_frame_check,9x4.5,pi5,2.520,3.013,-1.999,0.655,0.026,0.009,0.656,-1.63,-1.14,89.99,0.4686,0.4679,0.4675,0.4690,8220,28.127,717.0,377.5,471.9,22.6,494.5,20.21,24.47,0.98536,2.154,13.99,25.12,14,2
21.192,hall_frame_check,9x4.5,pi5,2.560,3.017,-1.997,0.626,0.026,0.007,0.627,-1.45,-1.12,89.98,0.4686,0.4682,0.4672,0.4696,8222,28.140,717.4,377.8,472.2,22.6,494.8,20.22,24.47,0.98532,2.162,13.98,25.12,14,2
21.240,hall_frame_check,9x4.5,pi5,2.584,3.019,-1.996,0.608,0.026,0.006,0.609,-1.34,-1.10,89.98,0.4689,0.4683,0.4670,0.4698,8223,28.150,717.6,378.0,472.5,22.6,495.1,20.23,24.47,0.98527,2.168,13.97,25.12,14,2
21.292,hall_frame_check,9x4.5,pi5,2.616,3.022,-1.994,0.583,0.025,0.005,0.583,-1.19,-1.08,89.97,0.4687,0.4687,0.4677,0.4691,8225,28.160,717.9,378.2,472.7,22.6,495.3,20.24,24.47,0.98522,2.175,13.96,25.12,14,2
21.340,hall_frame_check,9x4.5,pi5,2.638,3.025,-1.993,0.565,0.025,0.004,0.565,-1.09,-1.06,89.96,0.4690,0.4686,0.4673,0.4695,8225,28.163,718.0,378.2,472.8,22.6,495.4,20.25,24.47,0.98518,2.182,13.96,25.12,14,2
21.392,hall_frame_check,9x4.5,pi5,2.672,3.029,-1.992,0.536,0.025,0.002,0.537,-0.96,-1.03,89.95,0.4690,0.4687,0.4678,0.4689,8225,28.163,717.9,378.2,472.8,22.6,495.4,20.25,24.47,0.98513,2.189,13.96,25.12,14,2
21.440,hall_frame_check,9x4.5,pi5,2.693,3.032,-1.991,0.519,0.025,0.001,0.519,-0.89,-1.02,89.93,0.4692,0.4686,0.4672,0.4692,8224,28.158,717.8,378.1,472.7,22.6,495.3,20.24,24.47,0.98508,2.196,13.96,25.12,14,2
21.492,hall_frame_check,9x4.5,pi5,2.721,3.036,-1.990,0.495,0.025,-0.001,0.495,-0.78,-0.98,89.91,0.4690,0.4691,0.4676,0.4686,8224,28.158,717.8,378.1,472.7,22.6,495.3,20.24,24.47,0.98504,2.203,13.96,25.12,14,2
21.540,hall_frame_check,9x4.5,pi5,2.740,3.040,-1.989,0.478,0.025,-0.002,0.479,-0.71,-0.96,89.89,0.4695,0.4688,0.4669,0.4690,8224,28.155,717.8,378.1,472.6,22.6,495.2,20.24,24.47,0.98499,2.209,13.96,25.12,14,2
21.592,hall_frame_check,9x4.5,pi5,2.770,3.045,-1.988,0.452,0.025,-0.003,0.452,-0.62,-0.92,89.87,0.4694,0.4690,0.4671,0.4686,8224,28.154,717.7,378.1,472.6,22.6,495.2,20.24,24.47,0.98494,2.217,13.96,25.12,14,2
21.640,hall_frame_check,9x4.5,pi5,2.787,3.048,-1.987,0.436,0.024,-0.004,0.436,-0.56,-0.89,89.85,0.4693,0.4691,0.4670,0.4685,8223,28.151,717.7,378.0,472.5,22.6,495.1,20.24,24.47,0.98490,2.223,13.96,25.12,14,2
21.692,hall_frame_check,9x4.5,pi5,2.811,3.053,-1.986,0.413,0.024,-0.006,0.414,-0.48,-0.84,89.83,0.4688,0.4697,0.4671,0.4682,8223,28.147,717.5,377.9,472.4,22.6,495.0,20.23,24.47,0.98485,2.230,13.97,25.12,14,2
21.740,hall_frame_check,9x4.5,pi5,2.827,3.057,-1.986,0.398,0.023,-0.007,0.398,-0.43,-0.81,89.82,0.4780,0.4839,0.5229,0.4366,8395,29.419,750.0,405.5,506.9,22.6,529.5,21.68,24.42,0.98480,2.237,13.03,25.12,14,2
21.792,hall_frame_check,9x4.5,pi5,2.851,3.063,-1.986,0.373,0.023,-0.026,0.375,0.03,-0.45,89.78,0.4769,0.4735,0.4762,0.4798,8341,28.961,738.3,394.4,493.0,22.6,515.6,21.10,24.44,0.98475,2.245,13.39,25.12,14,2
21.840,hall_frame_check,9x4.5,pi5,2.865,3.067,-1.986,0.353,0.018,-0.043,0.356,1.18,0.52,89.76,0.4699,0.4690,0.4725,0.4774,8276,28.518,727.0,385.4,481.8,22.6,504.4,20.63,24.45,0.98470,2.252,13.70,25.12,14,2
21.892,hall_frame_check,9x4.5,pi5,2.884,3.072,-1.988,0.311,-0.000,-0.054,0.315,3.15,2.24,89.76,0.4663,0.4649,0.4610,0.4820,8224,28.165,718.0,378.4,473.0,22.6,495.6,20.26,24.46,0.98465,2.259,13.94,25.12,14,2
21.940,hall_frame_check,9x4.5,pi5,2.895,3.076,-1.990,0.272,-0.021,-0.055,0.278,4.31,3.27,89.76,0.4651,0.4643,0.4585,0.4795,8199,27.993,713.6,374.9,468.7,22.6,491.3,20.08,24.47,0.98461,2.265,14.07,25.12,14,2
21.992,hall_frame_check,9x4.5,pi5,2.909,3.078,-1.993,0.199,-0.066,-0.048,0.215,5.60,4.46,89.76,0.4662,0.4649,0.4589,0.4745,8189,27.918,711.7,373.4,466.7,22.6,489.3,20.00,24.47,0.98456,2.272,14.13,25.12,14,2
22.040,hall_frame_check,9x4.5,pi5,2.915,3.078,-1.994,0.150,-0.098,-0.042,0.184,6.18,5.01,89.74,0.4675,0.4666,0.4591,0.4710,8188,27.909,711.5,373.2,466.4,22.6,489.0,19.99,24.47,0.98452,2.279,14.13,25.12,14,2
22.092,hall_frame_check,9x4.5,pi5,2.920,3.076,-1.996,0.078,-0.146,-0.031,0.168,6.67,5.53,89.70,0.4693,0.4686,0.4586,0.4690,8192,27.943,712.3,373.8,467.3,22.6,489.9,20.02,24.47,0.98447,2.286,14.11,25.12,14,2
22.140,hall_frame_check,9x4.5,pi5,2.921,3.072,-1.997,0.027,-0.180,-0.024,0.184,6.81,5.71,89.67,0.4705,0.4706,0.4592,0.4675,8201,27.998,713.7,375.0,468.7,22.6,491.3,20.08,24.47,0.98442,2.293,14.06,25.12,14,2
22.192,hall_frame_check,9x4.5,pi5,2.917,3.063,-1.998,-0.052,-0.234,-0.014,0.240,6.80,5.79,89.61,0.4722,0.4717,0.4607,0.4656,8210,28.062,715.4,376.3,470.3,22.6,492.9,20.15,24.46,0.98438,2.300,14.02,25.12,14,2
22.240,hall_frame_check,9x4.5,pi5,2.912,3.056,-1.998,-0.099,-0.266,-0.009,0.284,6.69,5.75,89.58,0.4732,0.4725,0.4623,0.4648,8219,28.123,716.9,377.5,471.8,22.6,494.4,20.21,24.46,0.98433,2.306,13.97,25.12,14,2
22.292,hall_frame_check,9x4.5,pi5,2.901,3.043,-1.997,-0.160,-0.308,-0.003,0.347,6.43,5.61,89.53,0.4740,0.4729,0.4631,0.4654,8228,28.189,718.6,378.8,473.5,22.6,496.1,20.28,24.46,0.98428,2.313,13.92,25.12,14,2
22.340,hall_frame_check,9x4.5,pi5,2.891,3.032,-1.997,-0.200,-0.335,-0.000,0.391,6.21,5.48,89.50,0.4740,0.4729,0.4647,0.4653,8234,28.226,719.6,379.5,474.4,22.6,497.0,20.32,24.46,0.98424,2.320,13.89,25.12,14,2
22.392,hall_frame_check,9x4.5,pi5,2.871,3.013,-1.995,-0.259,-0.375,0.003,0.455,5.85,5.24,89.45,0.4731,0.4735,0.4662,0.4654,8238,28.255,720.3,380.1,475.1,22.6,497.7,20.35,24.46,0.98419,2.327,13.87,25.12,14,2
22.440,hall_frame_check,9x4.5,pi5,2.857,3.001,-1.995,-0.292,-0.396,0.003,0.492,5.60,5.08,89.43,0.4729,0.4728,0.4677,0.4653,8241,28.272,720.7,380.4,475.6,22.6,498.2,20.37,24.46,0.98414,2.334,13.86,25.12,14,2
22.492,hall_frame_check,9x4.5,pi5,2.835,2.982,-1.993,-0.334,-0.421,0.003,0.538,5.22,4.84,89.37,0.4733,0.4718,0.4680,0.4662,8242,28.282,721.0,380.7,475.8,22.6,498.4,20.38,24.46,0.98409,2.341,13.85,25.12,14,2
22.540,hall_frame_check,9x4.5,pi5,2.818,2.969,-1.992,-0.360,-0.437,0.003,0.566,4.98,4.68,89.33,0.4727,0.4719,0.4685,0.4666,8244,28.293,721.3,380.9,476.1,22.6,498.7,20.39,24.45,0.98405,2.348,13.84,25.12,14,2
22.592,hall_frame_check,9x4.5,pi5,2.789,2.946,-1.991,-0.397,-0.457,0.002,0.606,4.64,4.48,89.26,0.4724,0.4718,0.4692,0.4665,8245,28.298,721.4,381.0,476.2,22.6,498.8,20.40,24.45,0.98400,2.355,13.84,25.12,14,2
22.640,hall_frame_check,9x4.5,pi5,2.770,2.932,-1.990,-0.417,-0.468,0.001,0.627,4.42,4.37,89.21,0.4725,0.4715,0.4696,0.4662,8244,28.294,721.3,380.9,476.1,22.6,498.7,20.39,24.45,0.98395,2.362,13.84,25.12,14,2
22.692,hall_frame_check,9x4.5,pi5,2.742,2.912,-1.989,-0.441,-0.479,-0.001,0.652,4.13,4.22,89.13,0.4722,0.4715,0.4690,0.4665,8242,28.283,721.0,380.7,475.8,22.6,498.4,20.38,24.45,0.98390,2.369,13.85,25.12,14,2
22.740,hall_frame_check,9x4.5,pi5,2.722,2.898,-1.988,-0.456,-0.486,-0.002,0.666,3.95,4.15,89.08,0.4723,0.4712,0.4691,0.4662,8241,28.272,720.7,380.4,475.6,22.6,498.2,20.37,24.45,0.98386,2.375,13.85,25.12,14,2
22.788,hall_frame_check,9x4.5,pi5,2.689,2.876,-1.987,-0.476,-0.494,-0.003,0.686,3.72,4.06,89.00,0.4718,0.4718,0.4683,0.4664,8239,28.258,720.4,380.2,475.2,22.6,497.8,20.36,24.45,0.98381,2.382,13.86,25.12,14,2
22.840,hall_frame_check,9x4.5,pi5,2.668,2.861,-1.987,-0.486,-0.498,-0.005,0.696,3.58,4.03,88.96,0.4719,0.4715,0.4682,0.4660,8236,28.241,719.9,379.8,474.8,22.6,497.4,20.34,24.45,0.98377,2.389,13.87,25.12,14,2
22.892,hall_frame_check,9x4.5,pi5,2.639,2.841,-1.987,-0.498,-0.503,-0.006,0.708,3.40,3.99,88.92,0.4716,0.4713,0.4680,0.4657,8233,28.216,719.3,379.3,474.1,22.6,496.7,20.31,24.45,0.98372,2.396,13.89,25.12,14,2
22.940,hall_frame_check,9x4.5,pi5,2.618,2.827,-1.987,-0.504,-0.507,-0.007,0.715,3.30,3.99,88.91,0.4713,0.4710,0.4684,0.4652,8230,28.201,718.9,379.0,473.8,22.6,496.4,20.30,24.45,0.98367,2.403,13.90,25.12,14,2
22.992,hall_frame_check,9x4.5,pi5,2.585,2.804,-1.988,-0.513,-0.511,-0.008,0.724,3.17,3.99,88.90,0.4709,0.4706,0.4678,0.4660,8228,28.187,718.6,378.7,473.4,22.6,496.0,20.28,24.45,0.98362,2.410,13.91,25.12,14,2
23.040,hall_frame_check,9x4.5,pi5,2.565,2.790,-1.988,-0.517,-0.513,-0.008,0.728,3.10,3.99,88.90,0.4702,0.4706,0.4677,0.4666,8227,28.180,718.4,378.6,473.2,22.6,495.8,20.28,24.45,0.98358,2.417,13.91,25.12,14,2
23.092,hall_frame_check,9x4.5,pi5,2.536,2.770,-1.988,-0.521,-0.515,-0.009,0.733,3.02,4.01,88.92,0.4706,0.4697,0.4683,0.4666,8228,28.185,718.5,378.7,473.4,22.6,496.0,20.28,24.45,0.98353,2.424,13.91,25.12,14,2
23.140,hall_frame_check,9x4.5,pi5,2.516,2.756,-1.987,-0.523,-0.517,-0.009,0.736,2.98,4.03,88.94,0.4698,0.4699,0.4689,0.4670,8229,28.193,718.7,378.8,473.6,22.6,496.2,20.29,24.45,0.98348,2.431,13.90,25.12,14,2
23.192,hall_frame_check,9x4.5,pi5,2.484,2.733,-1.987,-0.525,-0.520,-0.009,0.739,2.93,4.07,88.98,0.4698,0.4693,0.4691,0.4677,8230,28.197,718.8,378.9,473.7,22.6,496.3,20.30,24.45,0.98343,2.438,13.90,25.12,14,2
23.240,hall_frame_check,9x4.5,pi5,2.465,2.719,-1.987,-0.526,-0.521,-0.009,0.741,2.92,4.09,89.01,0.4691,0.4694,0.4699,0.4678,8231,28.207,719.1,379.1,473.9,22.6,496.5,20.31,24.45,0.98339,2.444,13.89,25.12,14,2
23.292,hall_frame_check,9x4.5,pi5,2.438,2.698,-1.986,-0.527,-0.524,-0.009,0.743,2.90,4.13,89.06,0.4690,0.4687,0.4704,0.4681,8232,28.208,719.1,379.2,473.9,22.6,496.5,20.31,24.45,0.98334,2.452,13.89,25.12,14,2
23.340,hall_frame_check,9x4.5,pi5,2.418,2.683,-1.986,-0.528,-0.526,-0.010,0.745,2.90,4.16,89.11,0.4685,0.4686,0.4706,0.4685,8232,28.208,719.1,379.1,473.9,22.6,496.5,20.31,24.45,0.98330,2.458,13.89,25.12,14,2
23.392,hall_frame_check,9x4.5,pi5,2.388,2.659,-1.986,-0.528,-0.529,-0.010,0.748,2.90,4.20,89.17,0.4684,0.4681,0.4704,0.4694,8232,28.209,719.1,379.2,474.0,22.6,496.6,20.31,24.45,0.98325,2.465,13.88,25.12,14,2
23.440,hall_frame_check,9x4.5,pi5,2.369,2.644,-1.986,-0.528,-0.531,-0.011,0.749,2.90,4.23,89.21,0.4684,0.4676,0.4705,0.4698,8232,28.210,719.1,379.2,474.0,22.6,496.6,20.31,24.45,0.98320,2.472,13.88,25.12,14,2
23.492,hall_frame_check,9x4.5,pi5,2.342,2.622,-1.986,-0.528,-0.534,-0.011,0.751,2.92,4.26,89.27,0.4682,0.4674,0.4709,0.4698,8231,28.208,719.1,379.1,473.9,22.6,496.5,20.31,24.45,0.98315,2.479,13.88,25.11,14,2
23.540,hall_frame_check,9x4.5,pi5,2.323,2.606,-1.986,-0.528,-0.536,-0.011,0.752,2.93,4.29,89.31,0.4677,0.4676,0.4715,0.4692,8231,28.203,719.0,379.0,473.8,22.6,496.4,20.30,24.45,0.98311,2.486,13.89,25.11,14,2
23.592,hall_frame_check,9x4.5,pi5,2.293,2.580,-1.986,-0.527,-0.540,-0.011,0.755,2.95,4.32,89.36,0.4680,0.4672,0.4713,0.4695,8230,28.201,718.9,379.0,473.8,22.6,496.4,20.30,24.45,0.98306,2.493,13.89,25.11,14,2
23.640,hall_frame_check,9x4.5,pi5,2.274,2.564,-1.986,-0.527,-0.542,-0.011,0.756,2.97,4.34,89.39,0.4681,0.4671,0.4713,0.4695,8230,28.200,718.9,379.0,473.7,22.6,496.3,20.30,24.45,0.98301,2.500,13.89,25.11,14,2
23.692,hall_frame_check,9x4.5,pi5,2.247,2.540,-1.986,-0.528,-0.546,-0.011,0.759,3.00,4.38,89.43,0.4679,0.4674,0.4710,0.4698,8231,28.204,719.0,379.1,473.8,22.6,496.4,20.31,24.45,0.98296,2.507,13.88,25.11,14,2
23.740,hall_frame_check,9x4.5,pi5,2.227,2.523,-1.986,-0.528,-0.548,-0.011,0.761,3.01,4.40,89.45,0.4680,0.4677,0.4712,0.4694,8231,28.205,719.0,379.1,473.9,22.6,496.5,20.31,24.45,0.98292,2.513,13.88,25.11,14,2
23.792,hall_frame_check,9x4.5,pi5,2.196,2.495,-1.987,-0.529,-0.552,-0.011,0.765,3.03,4.43,89.47,0.4684,0.4674,0.4712,0.4690,8231,28.204,719.0,379.1,473.8,22.6,496.4,20.31,24.45,0.98287,2.521,13.88,25.11,14,2
23.840,hall_frame_check,9x4.5,pi5,2.176,2.477,-1.987,-0.530,-0.555,-0.011,0.767,3.05,4.44,89.49,0.4681,0.4681,0.4707,0.4692,8231,28.204,719.0,379.1,473.8,22.6,496.4,20.31,24.45,0.98283,2.527,13.88,25.11,14,2
23.892,hall_frame_check,9x4.5,pi5,2.149,2.451,-1.987,-0.531,-0.558,-0.011,0.770,3.07,4.47,89.51,0.4683,0.4683,0.4710,0.4686,8231,28.205,719.0,379.1,473.9,22.6,496.5,20.31,24.45,0.98278,2.534,13.88,25.11,14,2
23.940,hall_frame_check,9x4.5,pi5,2.129,2.432,-1.987,-0.531,-0.561,-0.011,0.773,3.08,4.49,89.52,0.4691,0.4679,0.4702,0.4690,8231,28.205,719.0,379.1,473.9,22.6,496.5,20.31,24.45,0.98273,2.541,13.88,25.11,14,2
23.992,hall_frame_check,9x4.5,pi5,2.097,2.401,-1.987,-0.532,-0.566,-0.011,0.777,3.09,4.51,89.53,0.4690,0.4683,0.4699,0.4690,8231,28.204,719.0,379.1,473.8,22.6,496.4,20.31,24.45,0.98268,2.548,13.87,25.11,14,2
24.040,hall_frame_check,9x4.5,pi5,2.077,2.382,-1.987,-0.533,-0.569,-0.011,0.779,3.11,4.52,89.54,0.4690,0.4683,0.4705,0.4682,8231,28.203,719.0,379.0,473.8,22.6,496.4,20.31,24.45,0.98264,2.555,13.87,25.11,14,2
24.092,hall_frame_check,9x4.5,pi5,2.049,2.353,-1.988,-0.534,-0.573,-0.011,0.783,3.12,4.54,89.55,0.4695,0.4680,0.4703,0.4681,8230,28.197,718.8,378.9,473.7,22.6,496.3,20.30,24.45,0.98259,2.562,13.88,25.11,14,2
24.140,hall_frame_check,9x4.5,pi5,2.028,2.333,-1.988,-0.535,-0.576,-0.011,0.786,3.13,4.55,89.56,0.4684,0.4689,0.4692,0.4689,8229,28.188,718.6,378.7,473.4,22.6,496.0,20.29,24.44,0.98254,2.569,13.88,25.11,14,2
24.192,hall_frame_check,9x4.5,pi5,1.995,2.300,-1.989,-0.537,-0.580,-0.011,0.790,3.15,4.57,89.57,0.4690,0.4683,0.4695,0.4684,8227,28.180,718.4,378.6,473.2,22.6,495.8,20.28,24.44,0.98249,2.576,13.89,25.11,14,2
24.240,hall_frame_check,9x4.5,pi5,1.974,2.279,-1.990,-0.538,-0.583,-0.011,0.793,3.16,4.58,89.58,0.4689,0.4683,0.4698,0.4680,8227,28.175,718.3,378.5,473.1,22.6,495.7,20.28,24.44,0.98245,2.582,13.89,25.11,14,2
25.554,hall_frame_check,9x4.5,pi5,1.944,2.248,-1.990,-0.540,-0.587,-0.010,0.797,3.17,4.59,89.59,0.4689,0.4684,0.4693,0.4683,8226,28.173,718.2,378.4,473.1,22.6,495.7,20.28,24.44,0.98122,2.763,13.87,25.11,14,2
25.602,hall_frame_check,9x4.5,pi5,1.923,2.227,-1.991,-0.541,-0.590,-0.010,0.800,3.17,4.60,89.59,0.4690,0.4683,0.4695,0.4680,8226,28.171,718.2,378.4,473.0,22.6,495.6,20.28,24.43,0.98117,2.770,13.86,25.11,14,2
25.654,hall_frame_check,9x4.5,pi5,1.888,2.191,-1.991,-0.543,-0.595,-0.009,0.805,3.18,4.62,89.60,0.4688,0.4686,0.4697,0.4678,8226,28.172,718.2,378.4,473.0,22.6,495.6,20.28,24.43,0.98112,2.777,13.86,25.11,14,2
25.702,hall_frame_check,9x4.5,pi5,1.867,2.168,-1.992,-0.544,-0.597,-0.009,0.808,3.19,4.62,89.60,0.4692,0.4681,0.4693,0.4680,8226,28.167,718.1,378.3,472.9,22.6,495.5,20.28,24.43,0.98108,2.784,13.87,25.11,14,2
25.754,hall_frame_check,9x4.5,pi5,1.836,2.137,-1.992,-0.546,-0.601,-0.009,0.812,3.19,4.64,89.61,0.4692,0.4680,0.4695,0.4677,8225,28.163,717.9,378.2,472.8,22.6,495.4,20.28,24.43,0.98103,2.791,13.87,25.11,14,2
25.802,hall_frame_check,9x4.5,pi5,1.814,2.114,-1.993,-0.547,-0.604,-0.008,0.815,3.20,4.64,89.62,0.4688,0.4685,0.4696,0.4676,8225,28.164,718.0,378.3,472.8,22.6,495.4,20.28,24.43,0.98098,2.797,13.87,25.11,14,2
25.854,hall_frame_check,9x4.5,pi5,1.780,2.077,-1.993,-0.549,-0.608,-0.008,0.819,3.21,4.65,89.62,0.4690,0.4684,0.4697,0.4675,8226,28.167,718.1,378.3,472.9,22.6,495.5,20.28,24.43,0.98093,2.805,13.86,25.11,14,2
25.902,hall_frame_check,9x4.5,pi5,1.758,2.053,-1.993,-0.550,-0.610,-0.007,0.821,3.21,4.66,89.63,0.4692,0.4683,0.4698,0.4675,8226,28.172,718.2,378.4,473.0,22.6,495.6,20.29,24.43,0.98089,2.811,13.86,25.11,14,2
25.954,hall_frame_check,9x4.5,pi5,1.727,2.020,-1.993,-0.551,-0.614,-0.007,0.825,3.22,4.67,89.63,0.4693,0.4686,0.4701,0.4674,8228,28.187,718.6,378.7,473.4,22.6,496.0,20.30,24.43,0.98084,2.818,13.85,25.11,14,2
26.002,hall_frame_check,9x4.5,pi5,1.705,1.996,-1.993,-0.552,-0.616,-0.006,0.827,3.22,4.68,89.63,0.4695,0.4686,0.4696,0.4684,8231,28.202,719.0,379.0,473.8,22.6,496.4,20.32,24.43,0.98079,2.825,13.83,25.11,14,2
26.054,hall_frame_check,9x4.5,pi5,1.669,1.957,-1.992,-0.553,-0.620,-0.006,0.831,3.23,4.69,89.64,0.4693,0.4692,0.4699,0.4684,8233,28.221,719.4,379.4,474.2,22.6,496.8,20.34,24.43,0.98075,2.832,13.82,25.11,14,2
26.102,hall_frame_check,9x4.5,pi5,1.647,1.932,-1.992,-0.553,-0.623,-0.006,0.833,3.24,4.70,89.64,0.4698,0.4689,0.4700,0.4685,8235,28.233,719.7,379.6,474.6,22.6,497.2,20.35,24.43,0.98070,2.839,13.81,25.11,14,2
26.154,hall_frame_check,9x4.5,pi5,1.617,1.898,-1.991,-0.554,-0.626,-0.006,0.836,3.25,4.71,89.65,0.4697,0.4694,0.4707,0.4681,8237,28.249,720.1,380.0,475.0,22.6,497.6,20.37,24.43,0.98065,2.846,13.80,25.11,14,2
26.202,hall_frame_check,9x4.5,pi5,1.595,1.873,-1.991,-0.555,-0.629,-0.006,0.838,3.26,4.71,89.65,0.4703,0.4690,0.4709,0.4680,8239,28.256,720.3,380.1,475.1,22.6,497.7,20.38,24.43,0.98061,2.853,13.79,25.11,14,2
26.254,hall_frame_check,9x4.5,pi5,1.560,1.832,-1.990,-0.555,-0.633,-0.007,0.842,3.28,4.72,89.65,0.4699,0.4695,0.4704,0.4686,8239,28.260,720.4,380.2,475.2,22.6,497.8,20.38,24.43,0.98056,2.860,13.79,25.11,14,2
26.302,hall_frame_check,9x4.5,pi5,1.538,1.807,-1.989,-0.555,-0.635,-0.008,0.843,3.29,4.73,89.65,0.4702,0.4692,0.4702,0.4689,8240,28.265,720.5,380.3,475.4,22.6,498.0,20.39,24.43,0.98051,2.866,13.78,25.11,14,2
26.354,hall_frame_check,9x4.5,pi5,1.507,1.772,-1.988,-0.556,-0.638,-0.008,0.846,3.31,4.73,89.65,0.4704,0.4694,0.4702,0.4690,8242,28.278,720.9,380.6,475.7,22.6,498.3,20.40,24.42,0.98046,2.874,13.77,25.11,14,2
26.402,hall_frame_check,9x4.5,pi5,1.485,1.746,-1.987,-0.557,-0.640,-0.008,0.848,3.32,4.74,89.65,0.4703,0.4699,0.4711,0.4684,8244,28.292,721.2,380.8,476.0,22.6,498.6,20.42,24.42,0.98042,2.880,13.76,25.11,14,2
26.454,hall_frame_check,9x4.5,pi5,1.450,1.705,-1.986,-0.557,-0.643,-0.009,0.851,3.34,4.75,89.65,0.4703,0.4701,0.4707,0.4690,8246,28.304,721.6,381.1,476.4,22.6,499.0,20.43,24.42,0.98037,2.887,13.75,25.11,14,2
26.502,hall_frame_check,9x4.5,pi5,1.428,1.679,-1.985,-0.558,-0.645,-0.010,0.853,3.36,4.75,89.65,0.4706,0.4700,0.4707,0.4691,8247,28.312,721.8,381.2,476.6,22.6,499.2,20.44,24.42,0.98032,2.894,13.74,25.11,14,2
26.554,hall_frame_check,9x4.5,pi5,1.397,1.643,-1.984,-0.559,-0.647,-0.011,0.855,3.38,4.76,89.66,0.4703,0.4703,0.4709,0.4689,8246,28.311,721.7,381.2,476.5,22.6,499.1,20.44,24.42,0.98027,2.901,13.74,25.11,14,2
26.602,hall_frame_check,9x4.5,pi5,1.375,1.617,-1.983,-0.560,-0.649,-0.012,0.857,3.39,4.77,89.65,0.4706,0.4700,0.4711,0.4686,8246,28.306,721.6,381.1,476.4,22.6,499.0,20.43,24.42,0.98023,2.908,13.75,25.11,14,2
26.654,hall_frame_check,9x4.5,pi5,1.340,1.575,-1.983,-0.561,-0.653,-0.013,0.861,3.41,4.78,89.66,0.4706,0.4698,0.4707,0.4688,8245,28.299,721.4,381.0,476.2,22.6,498.8,20.43,24.42,0.98018,2.915,13.75,25.11,14,2
26.702,hall_frame_check,9x4.5,pi5,1.318,1.548,-1.983,-0.561,-0.655,-0.014,0.862,3.42,4.78,89.66,0.4701,0.4701,0.4708,0.4685,8244,28.290,721.2,380.8,476.0,22.6,498.6,20.42,24.42,0.98013,2.922,13.76,25.11,14,2
26.754,hall_frame_check,9x4.5,pi5,1.287,1.511,-1.983,-0.563,-0.657,-0.015,0.865,3.45,4.79,89.66,0.4701,0.4698,0.4705,0.4687,8242,28.278,720.9,380.6,475.7,22.6,498.3,20.40,24.42,0.98008,2.929,13.76,25.10,14,2
26.802,hall_frame_check,9x4.5,pi5,1.264,1.485,-1.983,-0.564,-0.658,-0.015,0.867,3.46,4.80,89.66,0.4703,0.4693,0.4702,0.4686,8240,28.263,720.5,380.3,475.3,22.6,497.9,20.39,24.42,0.98004,2.936,13.77,25.10,14,2
26.854,hall_frame_check,9x4.5,pi5,1.228,1.443,-1.983,-0.565,-0.661,-0.016,0.870,3.48,4.81,89.66,0.4702,0.4691,0.4702,0.4686,8238,28.252,720.2,380.0,475.0,22.6,497.6,20.38,24.42,0.97999,2.943,13.78,25.10,14,2
26.902,hall_frame_check,9x4.5,pi5,1.205,1.416,-1.983,-0.567,-0.662,-0.016,0.872,3.49,4.81,89.66,0.4700,0.4692,0.4705,0.4682,8237,28.247,720.1,379.9,474.9,22.6,497.5,20.37,24.42,0.97994,2.949,13.78,25.10,14,2
26.954,hall_frame_check,9x4.5,pi5,1.173,1.380,-1.984,-0.568,-0.664,-0.016,0.874,3.51,4.83,89.67,0.4704,0.4687,0.4703,0.4684,8237,28.245,720.0,379.9,474.9,22.6,497.5,20.37,24.42,0.97990,2.957,13.78,25.10,14,2
27.002,hall_frame_check,9x4.5,pi5,1.150,1.353,-1.984,-0.569,-0.665,-0.016,0.875,3.51,4.83,89.67,0.4700,0.4691,0.4702,0.4684,8237,28.242,720.0,379.8,474.8,22.6,497.4,20.37,24.42,0.97985,2.963,13.78,25.10,14,2
27.054,hall_frame_check,9x4.5,pi5,1.113,1.311,-1.985,-0.571,-0.667,-0.016,0.878,3.53,4.85,89.67,0.4694,0.4695,0.4702,0.4681,8235,28.234,719.8,379.7,474.6,22.6,497.2,20.36,24.42,0.97980,2.970,13.79,25.10,14,2
27.102,hall_frame_check,9x4.5,pi5,1.090,1.285,-1.985,-0.572,-0.668,-0.016,0.880,3.54,4.86,89.67,0.4695,0.4693,0.4699,0.4684,8235,28.229,719.6,379.6,474.5,22.6,497.1,20.36,24.42,0.97976,2.977,13.79,25.10,14,2
27.154,hall_frame_check,9x4.5,pi5,1.057,1.248,-1.986,-0.574,-0.669,-0.015,0.882,3.54,4.88,89.67,0.4706,0.4683,0.4695,0.4687,8234,28.227,719.6,379.5,474.4,22.6,497.0,20.35,24.42,0.97971,2.984,13.79,25.10,14,2
27.202,hall_frame_check,9x4.5,pi5,1.033,1.222,-1.986,-0.575,-0.671,-0.015,0.883,3.55,4.89,89.68,0.4701,0.4688,0.4702,0.4680,8235,28.230,719.7,379.6,474.5,22.6,497.1,20.36,24.42,0.97966,2.991,13.79,25.10,14,2
27.254,hall_frame_check,9x4.5,pi5,0.996,1.179,-1.986,-0.576,-0.673,-0.015,0.886,3.56,4.91,89.68,0.4703,0.4686,0.4697,0.4686,8235,28.232,719.7,379.6,474.5,22.6,497.1,20.36,24.42,0.97961,2.998,13.79,25.10,14,2
27.302,hall_frame_check,9x4.5,pi5,0.972,1.152,-1.986,-0.577,-0.674,-0.014,0.888,3.56,4.92,89.68,0.4705,0.4686,0.4704,0.4679,8235,28.234,719.8,379.7,474.6,22.6,497.2,20.36,24.42,0.97957,3.005,13.78,25.10,14,2
27.354,hall_frame_check,9x4.5,pi5,0.939,1.115,-1.987,-0.578,-0.676,-0.014,0.890,3.57,4.94,89.67,0.4696,0.4696,0.4703,0.4679,8236,28.236,719.8,379.7,474.6,22.6,497.2,20.36,24.42,0.97952,3.012,13.78,25.10,14,2
27.402,hall_frame_check,9x4.5,pi5,0.915,1.088,-1.987,-0.579,-0.678,-0.014,0.892,3.57,4.96,89.67,0.4698,0.4694,0.4699,0.4684,8236,28.238,719.9,379.7,474.7,22.6,497.3,20.37,24.42,0.97947,3.019,13.78,25.10,14,2
27.454,hall_frame_check,9x4.5,pi5,0.877,1.044,-1.987,-0.580,-0.681,-0.013,0.895,3.58,4.97,89.67,0.4700,0.4692,0.4701,0.4683,8236,28.241,719.9,379.8,474.7,22.6,497.3,20.37,24.42,0.97942,3.026,13.78,25.10,14,2
27.502,hall_frame_check,9x4.5,pi5,0.853,1.017,-1.987,-0.581,-0.683,-0.013,0.896,3.59,4.98,89.67,0.4700,0.4693,0.4702,0.4683,8237,28.247,720.1,379.9,474.9,22.6,497.5,20.38,24.42,0.97938,3.032,13.77,25.10,14,2
27.554,hall_frame_check,9x4.5,pi5,0.819,0.978,-1.987,-0.582,-0.685,-0.013,0.899,3.59,5.00,89.67,0.4697,0.4695,0.4700,0.4683,8236,28.242,720.0,379.8,474.8,22.6,497.4,20.37,24.42,0.97933,3.040,13.77,25.10,14,2
27.602,hall_frame_check,9x4.5,pi5,0.795,0.950,-1.988,-0.582,-0.687,-0.013,0.901,3.60,5.01,89.67,0.4696,0.4690,0.4686,0.4688,8231,28.201,718.9,379.0,473.8,22.6,496.4,20.33,24.42,0.97929,3.046,13.80,25.10,14,2
27.654,hall_frame_check,9x4.5,pi5,0.757,0.905,-1.989,-0.583,-0.691,-0.012,0.904,3.60,5.01,89.66,0.4693,0.4686,0.4681,0.4683,8224,28.159,717.9,378.2,472.7,22.6,495.3,20.28,24.42,0.97924,3.053,13.83,25.10,14,2
27.702,hall_frame_check,9x4.5,pi5,0.733,0.876,-1.989,-0.583,-0.693,-0.012,0.905,3.57,4.98,89.65,0.4691,0.4687,0.4677,0.4679,8221,28.135,717.2,377.7,472.1,22.6,494.7,20.26,24.42,0.97919,3.060,13.85,25.10,14,2
27.754,hall_frame_check,9x4.5,pi5,0.700,0.836,-1.990,-0.582,-0.695,-0.010,0.906,3.47,4.85,89.64,0.4689,0.4689,0.4676,0.4674,8219,28.121,716.9,377.4,471.7,22.6,494.3,20.25,24.42,0.97914,3.067,13.85,25.10,14,2
27.802,hall_frame_check,9x4.5,pi5,0.676,0.807,-1.990,-0.581,-0.696,-0.009,0.906,3.37,4.72,89.62,0.4690,0.4690,0.4671,0.4675,8218,28.117,716.8,377.3,471.6,22.6,494.2,20.24,24.42,0.97910,3.074,13.86,25.10,14,2
27.854,hall_frame_check,9x4.5,pi5,0.639,0.760,-1.991,-0.577,-0.696,-0.007,0.904,3.19,4.48,89.61,0.4695,0.4687,0.4676,0.4670,8219,28.122,716.9,377.4,471.8,22.6,494.4,20.25,24.42,0.97905,3.081,13.85,25.10,14,2
27.902,hall_frame_check,9x4.5,pi5,0.616,0.731,-1.991,-0.574,-0.694,-0.006,0.900,3.05,4.29,89.60,0.4698,0.4686,0.4681,0.4663,8219,28.121,716.9,377.4,471.7,22.6,494.3,20.25,24.42,0.97900,3.087,13.85,25.10,14,2
27.954,hall_frame_check,9x4.5,pi5,0.583,0.690,-1.992,-0.568,-0.689,-0.004,0.893,2.83,3.98,89.59,0.4693,0.4688,0.4677,0.4666,8217,28.111,716.6,377.2,471.5,22.6,494.1,20.24,24.42,0.97895,3.095,13.86,25.10,14,2
28.002,hall_frame_check,9x4.5,pi5,0.560,0.662,-1.993,-0.562,-0.685,-0.004,0.886,2.67,3.77,89.58,0.4690,0.4686,0.4685,0.4656,8215,28.094,716.2,376.9,471.1,22.6,493.7,20.22,24.42,0.97891,3.101,13.87,25.10,14,2
28.054,hall_frame_check,9x4.5,pi5,0.524,0.617,-1.994,-0.551,-0.674,-0.003,0.871,2.44,3.44,89.58,0.4690,0.4680,0.4681,0.4658,8212,28.073,715.7,376.4,470.5,22.6,493.1,20.20,24.42,0.97886,3.108,13.88,25.10,14,2
28.102,hall_frame_check,9x4.5,pi5,0.502,0.589,-1.995,-0.544,-0.667,-0.003,0.860,2.29,3.23,89.59,0.4684,0.4678,0.4681,0.4659,8210,28.058,715.3,376.1,470.2,22.6,492.8,20.18,24.42,0.97882,3.115,13.89,25.10,14,2
28.154,hall_frame_check,9x4.5,pi5,0.471,0.551,-1.996,-0.531,-0.654,-0.002,0.842,2.06,2.92,89.61,0.4683,0.4671,0.4682,0.4659,8207,28.040,714.8,375.8,469.7,22.6,492.3,20.16,24.42,0.97877,3.122,13.90,25.10,14,2
28.202,hall_frame_check,9x4.5,pi5,0.450,0.525,-1.997,-0.522,-0.643,-0.001,0.828,1.92,2.72,89.62,0.4677,0.4672,0.4683,0.4659,8206,28.030,714.6,375.6,469.5,22.6,492.1,20.15,24.42,0.97872,3.128,13.91,25.10,14,2
28.254,hall_frame_check,9x4.5,pi5,0.417,0.484,-1.999,-0.505,-0.625,0.000,0.803,1.72,2.44,89.64,0.4676,0.4667,0.4687,0.4657,8204,28.021,714.3,375.4,469.2,22.6,491.8,20.14,24.42,0.97867,3.136,13.92,25.10,14,2
28.302,hall_frame_check,9x4.5,pi5,0.397,0.459,-2.000,-0.494,-0.612,0.001,0.786,1.60,2.26,89.66,0.4671,0.4669,0.4686,0.4662,8204,28.019,714.3,375.3,469.2,22.6,491.8,20.14,24.42,0.97863,3.142,13.92,25.10,14,2
28.354,hall_frame_check,9x4.5,pi5,0.370,0.425,-2.001,-0.478,-0.593,0.002,0.761,1.42,2.02,89.69,0.4672,0.4661,0.4689,0.4662,8203,28.015,714.2,375.3,469.1,22.6,491.7,20.14,24.42,0.97858,3.149,13.92,25.10,14,2
28.402,hall_frame_check,9x4.5,pi5,0.351,0.402,-2.002,-0.465,-0.579,0.003,0.743,1.31,1.87,89.71,0.4668,0.4662,0.4689,0.4666,8203,28.015,714.2,375.3,469.1,22.6,491.7,20.14,24.42,0.97854,3.156,13.92,25.10,14,2
28.454,hall_frame_check,9x4.5,pi5,0.322,0.366,-2.002,-0.446,-0.555,0.004,0.712,1.16,1.66,89.74,0.4670,0.4658,0.4691,0.4667,8204,28.017,714.2,375.3,469.1,22.6,491.7,20.14,24.42,0.97849,3.163,13.92,25.10,14,2
28.502,hall_frame_check,9x4.5,pi5,0.305,0.344,-2.003,-0.433,-0.540,0.004,0.692,1.07,1.53,89.77,0.4666,0.4659,0.4690,0.4670,8204,28.017,714.2,375.3,469.1,22.6,491.7,20.14,24.42,0.97844,3.169,13.91,25.10,14,2
28.554,hall_frame_check,9x4.5,pi5,0.281,0.314,-2.004,-0.415,-0.518,0.005,0.664,0.95,1.36,89.80,0.4663,0.4661,0.4693,0.4668,8203,28.014,714.2,375.2,469.1,22.6,491.7,20.14,24.41,0.97840,3.177,13.92,25.10,14,2
28.602,hall_frame_check,9x4.5,pi5,0.265,0.294,-2.004,-0.402,-0.503,0.006,0.644,0.88,1.26,89.81,0.4667,0.4657,0.4686,0.4674,8203,28.014,714.2,375.2,469.0,22.6,491.6,20.14,24.41,0.97835,3.183,13.91,25.10,14,2
28.654,hall_frame_check,9x4.5,pi5,0.240,0.262,-2.005,-0.381,-0.479,0.006,0.612,0.78,1.12,89.84,0.4662,0.4662,0.4692,0.4669,8203,28.015,714.2,375.3,469.1,22.6,491.7,20.14,24.41,0.97830,3.190,13.91,25.10,14,2
28.702,hall_frame_check,9x4.5,pi5,0.226,0.243,-2.005,-0.368,-0.463,0.007,0.592,0.72,1.03,89.85,0.4668,0.4659,0.4690,0.4670,8204,28.020,714.3,375.4,469.2,22.6,491.8,20.15,24.41,0.97826,3.197,13.91,25.10,14,2
28.754,hall_frame_check,9x4.5,pi5,0.207,0.218,-2.005,-0.350,-0.442,0.007,0.564,0.64,0.91,89.87,0.4669,0.4661,0.4686,0.4675,8205,28.029,714.5,375.5,469.4,22.6,492.0,20.15,24.41,0.97821,3.204,13.90,25.09,14,2
28.802,hall_frame_check,9x4.5,pi5,0.194,0.200,-2.005,-0.337,-0.427,0.007,0.544,0.59,0.84,89.88,0.4668,0.4665,0.4686,0.4673,8206,28.034,714.7,375.6,469.6,22.6,492.2,20.16,24.41,0.97816,3.210,13.90,25.09,14,2
28.854,hall_frame_check,9x4.5,pi5,0.174,0.174,-2.005,-0.316,-0.403,0.007,0.512,0.53,0.74,89.89,0.4671,0.4663,0.4686,0.4673,8206,28.036,714.7,375.7,469.6,22.6,492.2,20.16,24.41,0.97812,3.218,13.89,25.09,14,2
28.902,hall_frame_check,9x4.5,pi5,0.162,0.158,-2.005,-0.304,-0.388,0.008,0.492,0.50,0.68,89.90,0.4672,0.4666,0.4686,0.4671,8207,28.042,714.9,375.8,469.7,22.6,492.3,20.17,24.41,0.97807,3.224,13.89,25.09,14,2
28.954,hall_frame_check,9x4.5,pi5,0.146,0.137,-2.005,-0.287,-0.367,0.008,0.466,0.46,0.60,89.91,0.4674,0.4665,0.4685,0.4674,8208,28.046,715.0,375.9,469.9,22.6,492.5,20.17,24.41,0.97802,3.231,13.88,25.09,14,2
29.002,hall_frame_check,9x4.5,pi5,0.135,0.123,-2.005,-0.276,-0.353,0.007,0.448,0.44,0.55,89.92,0.3915,0.3907,0.3926,0.3915,7108,21.036,536.3,244.2,305.2,22.6,327.8,13.32,24.62,0.97799,3.236,21.03,25.09,14,2
29.054,hall_frame_check,9x4.5,pi5,0.118,0.102,-2.004,-0.258,-0.330,0.080,0.427,0.41,0.48,89.94,0.4036,0.4028,0.4055,0.4037,7287,22.106,563.6,263.0,328.8,22.6,351.4,14.29,24.59,0.97796,3.241,19.60,25.09,14,2
29.102,hall_frame_check,9x4.5,pi5,0.107,0.089,-1.999,-0.248,-0.316,0.158,0.432,0.39,0.45,89.95,0.4197,0.4200,0.4224,0.4208,7531,23.611,601.9,290.4,362.9,22.6,385.5,15.71,24.54,0.97792,3.246,17.83,25.09,14,2
29.154,hall_frame_check,9x4.5,pi5,0.093,0.072,-1.988,-0.233,-0.297,0.239,0.447,0.36,0.40,89.97,0.4357,0.4355,0.4379,0.4369,7759,25.065,639.0,317.6,397.0,22.6,419.6,17.12,24.50,0.97788,3.252,16.35,25.09,14,2
29.202,hall_frame_check,9x4.5,pi5,0.083,0.061,-1.977,-0.224,-0.284,0.277,0.456,0.34,0.37,89.99,0.4413,0.4416,0.4436,0.4427,7844,25.612,652.9,328.0,410.0,22.6,432.6,17.67,24.48,0.97784,3.258,15.85,25.09,14,2
29.254,hall_frame_check,9x4.5,pi5,0.067,0.044,-1.957,-0.210,-0.264,0.316,0.462,0.32,0.34,90.00,0.4498,0.4493,0.4513,0.4506,7959,26.368,672.2,342.7,428.3,22.6,450.9,18.43,24.46,0.97780,3.264,15.19,25.09,14,2
29.302,hall_frame_check,9x4.5,pi5,0.058,0.034,-1.943,-0.201,-0.252,0.330,0.461,0.30,0.32,90.01,0.4498,0.4497,0.4513,0.4504,7960,26.376,672.4,342.8,428.5,22.6,451.1,18.44,24.46,0.97776,3.270,15.18,25.09,14,2
29.354,hall_frame_check,9x4.5,pi5,0.045,0.021,-1.923,-0.190,-0.235,0.342,0.457,0.26,0.30,90.03,0.4562,0.4555,0.4568,0.4565,8046,26.949,687.0,354.1,442.6,22.6,465.2,19.03,24.44,0.97771,3.277,14.71,25.09,14,2
29.402,hall_frame_check,9x4.5,pi5,0.036,0.013,-1.908,-0.183,-0.224,0.347,0.452,0.24,0.28,90.04,0.4534,0.4525,0.4536,0.4532,8001,26.649,679.4,348.2,435.2,22.6,457.8,18.72,24.45,0.97767,3.283,14.95,25.09,14,2
29.454,hall_frame_check,9x4.5,pi5,0.022,-0.001,-1.884,-0.172,-0.208,0.353,0.444,0.20,0.27,90.05,0.4573,0.4573,0.4578,0.4573,8063,27.066,690.0,356.3,445.4,22.6,468.0,19.15,24.44,0.97762,3.290,14.62,25.09,14,2
29.502,hall_frame_check,9x4.5,pi5,0.013,-0.009,-1.869,-0.165,-0.198,0.355,0.438,0.17,0.26,90.06,0.4543,0.4542,0.4547,0.4540,8017,26.760,682.2,350.3,437.9,22.6,460.5,18.84,24.45,0.97758,3.296,14.86,25.09,14,2
29.554,hall_frame_check,9x4.5,pi5,0.002,-0.019,-1.848,-0.155,-0.185,0.356,0.430,0.12,0.25,90.07,0.4585,0.4586,0.4588,0.4582,8079,27.172,692.7,358.5,448.1,22.6,470.7,19.26,24.43,0.97754,3.303,14.53,25.09,14,2
29.602,hall_frame_check,9x4.5,pi5,-0.006,-0.027,-1.833,-0.148,-0.176,0.357,0.424,0.10,0.24,90.08,0.4540,0.4549,0.4547,0.4540,8019,26.769,682.4,350.5,438.1,22.6,460.7,18.85,24.45,0.97749,3.309,14.85,25.09,14,2
29.654,hall_frame_check,9x4.5,pi5,-0.017,-0.038,-1.809,-0.138,-0.162,0.358,0.417,0.05,0.23,90.09,0.4585,0.4580,0.4584,0.4578,8074,27.136,691.8,357.7,447.2,22.6,469.8,19.23,24.43,0.97745,3.316,14.56,25.09,14,2
29.702,hall_frame_check,9x4.5,pi5,-0.024,-0.044,-1.793,-0.131,-0.154,0.359,0.412,0.02,0.22,90.09,0.4548,0.4548,0.4549,0.4544,8023,26.798,683.2,351.1,438.8,22.6,461.4,18.88,24.44,0.97741,3.322,14.83,25.09,14,2
29.754,hall_frame_check,9x4.5,pi5,-0.034,-0.053,-1.772,-0.122,-0.143,0.359,0.405,-0.02,0.20,90.10,0.4590,0.4589,0.4591,0.4584,8083,27.202,693.5,359.0,448.8,22.6,471.4,19.29,24.43,0.97736,3.329,14.50,25.09,14,2
29.802,hall_frame_check,9x4.5,pi5,-0.040,-0.059,-1.757,-0.116,-0.136,0.359,0.401,-0.04,0.20,90.11,0.4549,0.4545,0.4549,0.4542,8022,26.789,682.9,350.9,438.6,22.6,461.2,18.87,24.44,0.97732,3.335,14.83,25.09,14,2
29.854,hall_frame_check,9x4.5,pi5,-0.049,-0.067,-1.732,-0.105,-0.124,0.360,0.395,-0.08,0.18,90.12,0.4587,0.4582,0.4587,0.4579,8076,27.154,692.2,358.1,447.6,22.6,470.2,19.25,24.43,0.97727,3.341,14.54,25.09,14,2
29.902,hall_frame_check,9x4.5,pi5,-0.055,-0.072,-1.717,-0.099,-0.117,0.361,0.392,-0.10,0.18,90.13,0.4547,0.4547,0.4550,0.4546,8024,26.802,683.3,351.1,438.9,22.6,461.5,18.88,24.44,0.97723,3.348,14.82,25.09,14,2
29.954,hall_frame_check,9x4.5,pi5,-0.062,-0.079,-1.696,-0.091,-0.107,0.360,0.387,-0.12,0.17,90.14,0.4588,0.4586,0.4588,0.4586,8081,27.188,693.1,358.8,448.5,22.6,471.1,19.28,24.43,0.97718,3.354,14.51,25.09,14,2
30.002,hall_frame_check,9x4.5,pi5,-0.067,-0.083,-1.681,-0.086,-0.101,0.361,0.384,-0.14,0.16,90.15,0.4546,0.4544,0.4543,0.4545,8020,26.775,682.6,350.6,438.3,22.6,460.9,18.85,24.44,0.97714,3.361,14.84,25.09,14,2
30.054,hall_frame_check,9x4.5,pi5,-0.074,-0.090,-1.657,-0.076,-0.092,0.362,0.381,-0.16,0.16,90.16,0.4582,0.4582,0.4589,0.4574,8073,27.133,691.7,357.7,447.1,22.6,469.7,19.23,24.43,0.97709,3.367,14.55,25.09,14,2
30.102,hall_frame_check,9x4.5,pi5,-0.077,-0.094,-1.643,-0.071,-0.086,0.362,0.379,-0.17,0.15,90.16,0.4548,0.4545,0.4548,0.4545,8023,26.795,683.1,351.0,438.8,22.6,461.4,18.88,24.44,0.97705,3.374,14.82,25.09,14,2
30.154,hall_frame_check,9x4.5,pi5,-0.083,-0.099,-1.622,-0.063,-0.079,0.362,0.376,-0.19,0.15,90.17,0.4586,0.4587,0.4592,0.4580,8080,27.180,692.9,358.6,448.3,22.6,470.9,19.27,24.43,0.97701,3.380,14.51,25.09,14,2
30.202,hall_frame_check,9x4.5,pi5,-0.086,-0.103,-1.607,-0.058,-0.074,0.362,0.374,-0.20,0.14,90.18,0.4545,0.4545,0.4549,0.4541,8020,26.777,682.6,350.7,438.3,22.6,460.9,18.86,24.44,0.97696,3.386,14.83,25.09,14,2
30.254,hall_frame_check,9x4.5,pi5,-0.091,-0.108,-1.584,-0.050,-0.066,0.363,0.373,-0.20,0.14,90.18,0.4578,0.4587,0.4583,0.4579,8073,27.135,691.7,357.7,447.1,22.6,469.7,19.23,24.43,0.97692,3.393,14.55,25.09,14,2
30.302,hall_frame_check,9x4.5,pi5,-0.093,-0.112,-1.569,-0.046,-0.062,0.364,0.372,-0.21,0.13,90.18,0.4547,0.4549,0.4549,0.4544,8024,26.801,683.2,351.1,438.9,22.6,461.5,18.88,24.44,0.97688,3.399,14.81,25.09,14,2
30.354,hall_frame_check,9x4.5,pi5,-0.097,-0.117,-1.548,-0.039,-0.057,0.363,0.370,-0.21,0.12,90.18,0.4589,0.4587,0.4586,0.4586,8081,27.187,693.1,358.7,448.4,22.6,471.0,19.28,24.43,0.97683,3.406,14.50,25.09,14,2
30.402,hall_frame_check,9x4.5,pi5,-0.099,-0.120,-1.533,-0.035,-0.053,0.364,0.369,-0.21,0.11,90.18,0.4549,0.4545,0.4547,0.4540,8021,26.782,682.7,350.8,438.4,22.6,461.0,18.86,24.44,0.97679,3.412,14.82,25.09,14,2
30.454,hall_frame_check,9x4.5,pi5,-0.103,-0.125,-1.509,-0.029,-0.047,0.365,0.369,-0.21,0.10,90.18,0.4583,0.4584,0.4584,0.4578,8074,27.140,691.9,357.8,447.3,22.6,469.9,19.23,24.43,0.97674,3.419,14.54,25.09,14,2
30.502,hall_frame_check,9x4.5,pi5,-0.105,-0.128,-1.494,-0.025,-0.044,0.365,0.368,-0.21,0.08,90.18,0.4545,0.4553,0.4548,0.4544,8024,26.805,683.3,351.2,439.0,22.6,461.6,18.89,24.44,0.97670,3.425,14.80,25.09,14,2
30.554,hall_frame_check,9x4.5,pi5,-0.107,-0.133,-1.473,-0.019,-0.040,0.365,0.367,-0.20,0.07,90.18,0.4591,0.4587,0.4591,0.4583,8083,27.197,693.3,358.9,448.7,22.6,471.3,19.29,24.43,0.97665,3.432,14.49,25.09,14,2
30.602,hall_frame_check,9x4.5,pi5,-0.108,-0.136,-1.458,-0.016,-0.037,0.365,0.367,-0.20,0.05,90.18,0.4548,0.4546,0.4545,0.4544,8021,26.786,682.9,350.8,438.6,22.6,461.2,18.87,24.44,0.97661,3.438,14.82,25.09,14,2
30.654,hall_frame_check,9x4.5,pi5,-0.111,-0.140,-1.434,-0.011,-0.032,0.366,0.367,-0.20,0.03,90.18,0.4591,0.4575,0.4583,0.4580,8075,27.142,691.9,357.9,447.3,22.6,469.9,19.24,24.43,0.97656,3.445,14.53,25.09,14,2
30.702,hall_frame_check,9x4.5,pi5,-0.112,-0.143,-1.419,-0.008,-0.030,0.366,0.367,-0.19,0.01,90.18,0.4552,0.4544,0.4549,0.4544,8024,26.801,683.2,351.1,438.9,22.6,461.5,18.89,24.44,0.97652,3.451,14.80,25.09,14,2
30.754,hall_frame_check,9x4.5,pi5,-0.114,-0.146,-1.398,-0.004,-0.025,0.365,0.366,-0.18,-0.01,90.19,0.4586,0.4587,0.4586,0.4587,8081,27.182,693.0,358.7,448.3,22.6,470.9,19.28,24.42,0.97648,3.458,14.50,25.08,14,2
30.802,hall_frame_check,9x4.5,pi5,-0.116,-0.148,-1.384,-0.001,-0.022,0.365,0.366,-0.18,-0.03,90.19,0.4542,0.4546,0.4545,0.4544,8019,26.769,682.4,350.5,438.1,22.6,460.7,18.85,24.44,0.97643,3.464,14.83,25.08,14,2
30.854,hall_frame_check,9x4.5,pi5,-0.118,-0.151,-1.361,0.002,-0.018,0.366,0.366,-0.18,-0.05,90.20,0.4580,0.4577,0.4581,0.4579,8070,27.112,691.2,357.3,446.6,22.6,469.2,19.21,24.43,0.97639,3.471,14.55,25.08,14,2
30.902,hall_frame_check,9x4.5,pi5,-0.119,-0.153,-1.346,0.004,-0.015,0.366,0.366,-0.18,-0.06,90.21,0.4548,0.4542,0.4543,0.4549,8021,26.783,682.8,350.8,438.5,22.6,461.1,18.87,24.44,0.97635,3.477,14.81,25.08,14,2
30.954,hall_frame_check,9x4.5,pi5,-0.120,-0.155,-1.326,0.007,-0.011,0.366,0.366,-0.18,-0.07,90.22,0.4585,0.4581,0.4585,0.4585,8077,27.159,692.4,358.2,447.7,22.6,470.3,19.26,24.42,0.97630,3.484,14.51,25.08,14,2
31.002,hall_frame_check,9x4.5,pi5,-0.121,-0.156,-1.312,0.009,-0.008,0.366,0.367,-0.18,-0.08,90.23,0.4543,0.4541,0.4547,0.4543,8018,26.766,682.3,350.4,438.1,22.6,460.7,18.85,24.44,0.97626,3.490,14.82,25.08,14,2
31.050,hall_frame_check,9x4.5,pi5,-0.122,-0.158,-1.289,0.013,-0.003,0.367,0.367,-0.18,-0.09,90.24,0.4577,0.4578,0.4578,0.4581,8069,27.106,691.0,357.1,446.4,22.6,469.0,19.20,24.42,0.97621,3.496,14.55,25.08,14,2
31.102,hall_frame_check,9x4.5,pi5,-0.123,-0.160,-1.275,0.014,-0.001,0.367,0.368,-0.18,-0.10,90.24,0.4544,0.4544,0.4547,0.4545,8020,26.780,682.7,350.7,438.4,22.6,461.0,18.87,24.43,0.97617,3.503,14.81,25.08,14,2
31.154,hall_frame_check,9x4.5,pi5,-0.123,-0.161,-1.255,0.017,0.002,0.367,0.367,-0.18,-0.11,90.25,0.4582,0.4582,0.4585,0.4582,8075,27.146,692.0,357.9,447.4,22.6,470.0,19.25,24.42,0.97612,3.510,14.52,25.08,14,2
31.202,hall_frame_check,9x4.5,pi5,-0.124,-0.162,-1.241,0.019,0.005,0.367,0.368,-0.18,-0.11,90.26,0.4547,0.4538,0.4547,0.4540,8017,26.760,682.2,350.3,437.9,22.6,460.5,18.85,24.43,0.97608,3.516,14.82,25.08,14,2
31.254,hall_frame_check,9x4.5,pi5,-0.124,-0.162,-1.219,0.021,0.009,0.368,0.369,-0.18,-0.12,90.27,0.4581,0.4574,0.4579,0.4577,8068,27.097,690.8,357.0,446.2,22.6,468.8,19.19,24.42,0.97603,3.523,14.55,25.08,14,2
31.302,hall_frame_check,9x4.5,pi5,-0.124,-0.163,-1.205,0.023,0.011,0.368,0.369,-0.18,-0.12,90.28,0.4550,0.4539,0.4544,0.4546,8020,26.777,682.6,350.7,438.3,22.6,460.9,18.86,24.43,0.97599,3.529,14.81,25.08,14,2
31.354,hall_frame_check,9x4.5,pi5,-0.123,-0.163,-1.185,0.025,0.014,0.368,0.369,-0.18,-0.12,90.29,0.4586,0.4579,0.4581,0.4582,8074,27.139,691.9,357.8,447.3,22.6,469.9,19.24,24.42,0.97595,3.536,14.52,25.08,14,2
31.402,hall_frame_check,9x4.5,pi5,-0.122,-0.163,-1.171,0.026,0.016,0.368,0.369,-0.17,-0.12,90.29,0.4544,0.4542,0.4540,0.4544,8017,26.757,682.1,350.3,437.8,22.6,460.4,18.84,24.43,0.97590,3.542,14.82,25.08,14,2
31.454,hall_frame_check,9x4.5,pi5,-0.122,-0.163,-1.148,0.029,0.019,0.369,0.370,-0.16,-0.11,90.30,0.4581,0.4576,0.4577,0.4578,8068,27.100,690.9,357.0,446.3,22.6,468.9,19.20,24.42,0.97586,3.548,14.55,25.08,14,2
31.502,hall_frame_check,9x4.5,pi5,-0.121,-0.163,-1.134,0.030,0.021,0.369,0.371,-0.16,-0.11,90.30,0.4547,0.4543,0.4544,0.4545,8020,26.778,682.7,350.7,438.4,22.6,461.0,18.87,24.43,0.97582,3.555,14.80,25.08,14,2
31.554,hall_frame_check,9x4.5,pi5,-0.120,-0.163,-1.113,0.031,0.023,0.368,0.370,-0.15,-0.10,90.31,0.4580,0.4589,0.4588,0.4577,8076,27.151,692.2,358.0,447.6,22.6,470.2,19.25,24.42,0.97577,3.561,14.51,25.08,14,2
31.602,hall_frame_check,9x4.5,pi5,-0.118,-0.163,-1.099,0.033,0.024,0.368,0.371,-0.14,-0.10,90.31,0.4545,0.4542,0.4544,0.4538,8016,26.753,682.0,350.2,437.7,22.6,460.3,18.84,24.43,0.97573,3.568,14.82,25.08,14,2
31.654,hall_frame_check,9x4.5,pi5,-0.117,-0.163,-1.076,0.034,0.025,0.369,0.371,-0.13,-0.10,90.32,0.4581,0.4577,0.4571,0.4581,8067,27.095,690.7,356.9,446.2,22.6,468.8,19.20,24.42,0.97568,3.574,14.55,25.08,14,2
31.702,hall_frame_check,9x4.5,pi5,-0.115,-0.163,-1.061,0.035,0.026,0.369,0.372,-0.12,-0.10,90.32,0.4546,0.4543,0.4539,0.4547,8019,26.770,682.4,350.5,438.1,22.6,460.7,18.86,24.43,0.97564,3.580,14.81,25.08,14,2
31.754,hall_frame_check,9x4.5,pi5,-0.114,-0.163,-1.041,0.036,0.027,0.369,0.372,-0.11,-0.10,90.33,0.4583,0.4584,0.4583,0.4581,8075,27.145,692.0,357.9,447.4,22.6,470.0,19.25,24.42,0.97559,3.587,14.51,25.08,14,2
31.802,hall_frame_check,9x4.5,pi5,-0.112,-0.163,-1.027,0.037,0.027,0.369,0.372,-0.09,-0.10,90.33,0.4541,0.4544,0.4547,0.4536,8016,26.749,681.9,350.1,437.6,22.6,460.2,18.84,24.43,0.97555,3.593,14.82,25.08,14,2
31.854,hall_frame_check,9x4.5,pi5,-0.111,-0.164,-1.004,0.038,0.028,0.370,0.373,-0.08,-0.11,90.33,0.4580,0.4576,0.4577,0.4577,8067,27.092,690.7,356.9,446.1,22.6,468.7,19.19,24.42,0.97551,3.600,14.55,25.08,14,2
31.902,hall_frame_check,9x4.5,pi5,-0.109,-0.164,-0.989,0.038,0.029,0.370,0.373,-0.07,-0.12,90.34,0.4549,0.4546,0.4544,0.4551,8024,26.802,683.3,351.2,438.9,22.6,461.5,18.89,24.43,0.97546,3.606,14.77,25.08,18,2
31.954,hall_frame_check,9x4.5,pi5,-0.108,-0.163,-0.969,0.038,0.030,0.368,0.371,-0.05,-0.13,90.35,0.4543,0.4517,0.4589,0.4472,7999,26.640,679.1,348.0,435.0,22.6,457.6,18.73,24.43,0.97542,3.613,14.90,25.08,18,2
32.002,hall_frame_check,9x4.5,pi5,-0.107,-0.163,-0.955,0.038,0.031,0.368,0.371,-0.01,-0.06,90.36,0.4466,0.4472,0.4445,0.4494,7911,26.054,664.2,336.6,420.7,22.6,443.3,18.13,24.45,0.97538,3.619,15.40,25.08,18,2
32.050,hall_frame_check,9x4.5,pi5,-0.106,-0.163,-0.931,0.036,0.030,0.379,0.382,0.14,0.16,90.36,0.4369,0.4367,0.4377,0.4360,7764,25.096,639.8,318.2,397.7,22.6,420.3,17.17,24.48,0.97534,3.624,16.26,25.08,18,2
32.102,hall_frame_check,9x4.5,pi5,-0.106,-0.163,-0.916,0.035,0.029,0.398,0.401,0.23,0.32,90.37,0.4319,0.4333,0.4315,0.4341,7705,24.712,630.0,310.9,388.6,22.6,411.2,16.79,24.49,0.97530,3.630,16.62,25.08,18,2
32.154,hall_frame_check,9x4.5,pi5,-0.105,-0.163,-0.893,0.032,0.025,0.437,0.439,0.37,0.54,90.38,0.4226,0.4234,0.4224,0.4242,7566,23.831,607.5,294.4,368.0,22.6,390.6,15.93,24.51,0.97526,3.636,17.52,25.08,18,2
32.202,hall_frame_check,9x4.5,pi5,-0.104,-0.163,-0.875,0.030,0.022,0.471,0.473,0.44,0.66,90.39,0.4191,0.4213,0.4179,0.4234,7527,23.584,601.2,289.9,362.3,22.6,384.9,15.70,24.52,0.97523,3.641,17.78,25.08,18,2
32.254,hall_frame_check,9x4.5,pi5,-0.104,-0.164,-0.843,0.026,0.015,0.510,0.511,0.51,0.77,90.40,0.4069,0.4063,0.4080,0.4061,7329,22.364,570.1,267.7,334.6,22.6,357.2,14.55,24.56,0.97519,3.646,19.19,25.08,18,2
32.302,hall_frame_check,9x4.5,pi5,-0.103,-0.164,-0.822,0.023,0.011,0.558,0.559,0.53,0.80,90.40,0.4157,0.4156,0.4158,0.4164,7461,23.174,590.8,282.3,352.9,22.6,375.5,15.31,24.53,0.97516,3.651,18.23,25.08,18,2
32.354,hall_frame_check,9x4.5,pi5,-0.103,-0.165,-0.788,0.020,0.006,0.624,0.624,0.58,0.85,90.40,0.4258,0.4274,0.4268,0.4273,7619,24.168,616.1,300.7,375.8,22.6,398.4,16.26,24.50,0.97512,3.657,17.16,25.08,18,2
32.402,hall_frame_check,9x4.5,pi5,-0.103,-0.166,-0.761,0.017,0.002,0.658,0.658,0.61,0.87,90.40,0.4351,0.4364,0.4335,0.4387,7751,25.012,637.6,316.6,395.7,22.6,418.3,17.09,24.48,0.97508,3.663,16.33,25.08,18,2
32.454,hall_frame_check,9x4.5,pi5,-0.103,-0.168,-0.718,0.012,-0.006,0.647,0.647,0.63,0.87,90.40,0.4347,0.4336,0.4357,0.4329,7727,24.855,633.6,313.6,392.0,22.6,414.6,16.93,24.48,0.97504,3.669,16.48,25.08,18,2
32.502,hall_frame_check,9x4.5,pi5,-0.103,-0.169,-0.690,0.009,-0.010,0.661,0.661,0.64,0.85,90.40,0.4415,0.4414,0.4419,0.4412,7832,25.535,651.0,326.6,408.2,22.6,430.8,17.61,24.46,0.97500,3.674,15.84,25.08,18,2
32.554,hall_frame_check,9x4.5,pi5,-0.104,-0.172,-0.652,0.005,-0.016,0.677,0.677,0.67,0.84,90.39,0.4490,0.4505,0.4498,0.4497,7951,26.321,671.0,341.7,427.2,22.6,449.8,18.40,24.44,0.97496,3.681,15.16,25.08,18,2
32.602,hall_frame_check,9x4.5,pi5,-0.105,-0.174,-0.624,0.002,-0.020,0.679,0.679,0.70,0.85,90.39,0.4548,0.4550,0.4498,0.4598,8026,26.815,683.6,351.4,439.3,22.6,461.9,18.91,24.42,0.97491,3.687,14.75,25.08,18,2
32.654,hall_frame_check,9x4.5,pi5,-0.106,-0.177,-0.581,-0.003,-0.027,0.620,0.621,0.71,0.83,90.38,0.4431,0.4424,0.4433,0.4419,7849,25.647,653.8,328.7,410.9,22.6,433.5,17.72,24.46,0.97487,3.693,15.74,25.08,18,2
32.702,hall_frame_check,9x4.5,pi5,-0.107,-0.180,-0.556,-0.006,-0.030,0.618,0.619,0.66,0.76,90.38,0.4428,0.4424,0.4421,0.4425,7846,25.628,653.3,328.3,410.4,22.6,433.0,17.70,24.46,0.97483,3.699,15.76,25.08,18,2
32.754,hall_frame_check,9x4.5,pi5,-0.109,-0.184,-0.521,-0.009,-0.034,0.629,0.630,0.57,0.65,90.37,0.4430,0.4423,0.4424,0.4421,7846,25.627,653.3,328.3,410.4,22.6,433.0,17.70,24.46,0.97479,3.705,15.76,25.08,18,2
32.802,hall_frame_check,9x4.5,pi5,-0.111,-0.186,-0.496,-0.011,-0.037,0.638,0.639,0.51,0.58,90.37,0.4446,0.4449,0.4420,0.4466,7876,25.823,658.3,332.1,415.1,22.6,437.7,17.90,24.45,0.97475,3.711,15.58,25.08,18,2
32.854,hall_frame_check,9x4.5,pi5,-0.114,-0.191,-0.457,-0.014,-0.040,0.590,0.592,0.42,0.46,90.36,0.4339,0.4328,0.4349,0.4308,7710,24.749,630.9,311.6,389.5,22.6,412.1,16.83,24.48,0.97471,3.717,16.57,25.08,18,2
32.902,hall_frame_check,9x4.5,pi5,-0.116,-0.194,-0.433,-0.015,-0.040,0.601,0.602,0.36,0.38,90.36,0.4355,0.4354,0.4347,0.4355,7742,24.952,636.1,315.4,394.3,22.6,416.9,17.03,24.48,0.97467,3.723,16.37,25.08,18,2
32.954,hall_frame_check,9x4.5,pi5,-0.118,-0.197,-0.399,-0.015,-0.041,0.627,0.628,0.29,0.30,90.36,0.4382,0.4375,0.4378,0.4374,7777,25.180,641.9,319.8,399.7,22.6,422.3,17.26,24.47,0.97463,3.729,16.16,25.08,18,2
33.002,hall_frame_check,9x4.5,pi5,-0.120,-0.200,-0.374,-0.015,-0.041,0.642,0.644,0.26,0.25,90.36,0.4411,0.4416,0.4396,0.4426,7828,25.511,650.3,326.1,407.6,22.6,430.2,17.59,24.46,0.97459,3.735,15.85,25.08,18,2
33.054,hall_frame_check,9x4.5,pi5,-0.122,-0.204,-0.335,-0.014,-0.040,0.592,0.594,0.21,0.17,90.36,0.4295,0.4287,0.4305,0.4274,7651,24.371,621.3,304.5,380.6,22.6,403.2,16.46,24.49,0.97455,3.740,16.94,25.08,18,2
33.102,hall_frame_check,9x4.5,pi5,-0.124,-0.207,-0.311,-0.013,-0.040,0.606,0.607,0.17,0.12,90.36,0.4319,0.4324,0.4324,0.4318,7696,24.657,628.6,309.9,387.3,22.6,409.9,16.74,24.48,0.97451,3.746,16.65,25.08,18,2
33.154,hall_frame_check,9x4.5,pi5,-0.126,-0.210,-0.277,-0.012,-0.038,0.638,0.639,0.14,0.07,90.37,0.4359,0.4356,0.4362,0.4354,7749,24.998,637.3,316.3,395.4,22.6,418.0,17.08,24.47,0.97447,3.752,16.33,25.08,18,2
33.202,hall_frame_check,9x4.5,pi5,-0.127,-0.213,-0.251,-0.011,-0.037,0.656,0.657,0.13,0.05,90.37,0.4396,0.4404,0.4388,0.4415,7811,25.402,647.6,324.0,405.0,22.6,427.6,17.48,24.46,0.97443,3.758,15.95,25.08,18,2
33.254,hall_frame_check,9x4.5,pi5,-0.130,-0.216,-0.211,-0.009,-0.035,0.598,0.599,0.10,-0.01,90.38,0.4268,0.4261,0.4279,0.4255,7615,24.142,615.4,300.2,375.2,22.6,397.8,16.24,24.50,0.97439,3.763,17.17,25.08,18,2
